collection_timestamp,collection_time_npt,data_source,record_id,market_open,collection_method,market_schedule,securityid,securityname,symbol,indexid,totaltradequantity,lasttradedprice,percentagechange,previousclose,closeprice,openprice,highprice,lowprice,totaltradevalue,lastupdateddatetime,lasttradedvolume,averagetradedprice,total_turnover_rs:,total_traded_shares,total_transactions,total_scrips_traded,ltp,cp,pointchange,sensitive_float_index,float_index,sensitive_index,nepse_index,supplylist,demandlist,total_endpoints_collected,endpoints_collected,github_run_number
2026-07-15T13:37:15.760668+05:45,2026-07-15 13:37:15,price_volume,price_volume_1,True,cloud_automated,Wednesday - Trading Hours: 11:00 AM - 3:00 PM NPT,2790,Aarambha Chautari Laghubitta Bittiya Sanstha Limited,ACLBSL,58.0,104.0,929.8,2.175824176,910.0,,,,,,,,,,,,,,,,,,,,,,7,"price_volume, live_market, summary, top_gainers, top_losers, nepse_index, supply_demand",5152
2026-07-15T13:37:15.760668+05:45,2026-07-15 13:37:15,price_volume,price_volume_2,True,cloud_automated,Wednesday - Trading Hours: 11:00 AM - 3:00 PM NPT,397,Agricultural Development Bank Limited,ADBL,58.0,11213.0,303.0,0.0,303.0,,,,,,,,,,,,,,,,,,,,,,7,"price_volume, live_market, summary, top_gainers, top_losers, nepse_index, supply_demand",5152
2026-07-15T13:37:15.760668+05:45,2026-07-15 13:37:15,price_volume,price_volume_3,True,cloud_automated,Wednesday - Trading Hours: 11:00 AM - 3:00 PM NPT,9150,Asian Hydropower Limited,AHL,58.0,1870.0,420.0,2.414045355,410.1,,,,,,,,,,,,,,,,,,,,,,7,"price_volume, live_market, summary, top_gainers, top_losers, nepse_index, supply_demand",5152
2026-07-15T13:37:15.760668+05:45,2026-07-15 13:37:15,price_volume,price_volume_4,True,cloud_automated,Wednesday - Trading Hours: 11:00 AM - 3:00 PM NPT,360,Arun Valley Hydropower Development Co. Ltd.,AHPC,58.0,30617.0,264.5,0.800304878,262.4,,,,,,,,,,,,,,,,,,,,,,7,"price_volume, live_market, summary, top_gainers, top_losers, nepse_index, supply_demand",5152
2026-07-15T13:37:15.760668+05:45,2026-07-15 13:37:15,price_volume,price_volume_5,True,cloud_automated,Wednesday - Trading Hours: 11:00 AM - 3:00 PM NPT,2788,Ankhu Khola Jalvidhyut Company Ltd,AKJCL,58.0,167813.0,348.1,2.382352941,340.0,,,,,,,,,,,,,,,,,,,,,,7,"price_volume, live_market, summary, top_gainers, top_losers, nepse_index, supply_demand",5152
2026-07-15T13:37:15.760668+05:45,2026-07-15 13:37:15,price_volume,price_volume_6,True,cloud_automated,Wednesday - Trading Hours: 11:00 AM - 3:00 PM NPT,2757,Arun Kabeli Power Ltd.,AKPL,58.0,17171.0,252.0,0.840336134,249.9,,,,,,,,,,,,,,,,,,,,,,7,"price_volume, live_market, summary, top_gainers, top_losers, nepse_index, supply_demand",5152
2026-07-15T13:37:15.760668+05:45,2026-07-15 13:37:15,price_volume,price_volume_7,True,cloud_automated,Wednesday - Trading Hours: 11:00 AM - 3:00 PM NPT,2807,Asha Laghubitta Bittiya Sanstha Ltd,ALBSL,58.0,296.0,1045.0,-0.381315539,1049.0,,,,,,,,,,,,,,,,,,,,,,7,"price_volume, live_market, summary, top_gainers, top_losers, nepse_index, supply_demand",5152
2026-07-15T13:37:15.760668+05:45,2026-07-15 13:37:15,price_volume,price_volume_8,True,cloud_automated,Wednesday - Trading Hours: 11:00 AM - 3:00 PM NPT,385,Asian Life Insurance Co. Limited,ALICL,58.0,1794.0,423.0,0.954653938,419.0,,,,,,,,,,,,,,,,,,,,,,7,"price_volume, live_market, summary, top_gainers, top_losers, nepse_index, supply_demand",5152
2026-07-15T13:37:15.760668+05:45,2026-07-15 13:37:15,price_volume,price_volume_9,True,cloud_automated,Wednesday - Trading Hours: 11:00 AM - 3:00 PM NPT,9161,Aatmanirbhar Laghubitta Bittiya Sanstha Limited,ANLB,58.0,20.0,6860.9,-2.998727555,7073.0,,,,,,,,,,,,,,,,,,,,,,7,"price_volume, live_market, summary, top_gainers, top_losers, nepse_index, supply_demand",5152
2026-07-15T13:37:15.760668+05:45,2026-07-15 13:37:15,price_volume,price_volume_10,True,cloud_automated,Wednesday - Trading Hours: 11:00 AM - 3:00 PM NPT,9337,Appolo Hydropower Limited,APHL,58.0,10006.0,835.0,0.0,835.0,,,,,,,,,,,,,,,,,,,,,,7,"price_volume, live_market, summary, top_gainers, top_losers, nepse_index, supply_demand",5152
2026-07-15T13:37:15.760668+05:45,2026-07-15 13:37:15,price_volume,price_volume_11,True,cloud_automated,Wednesday - Trading Hours: 11:00 AM - 3:00 PM NPT,697,Api Power Company Ltd.,API,58.0,77325.0,325.0,0.963031998,321.9,,,,,,,,,,,,,,,,,,,,,,7,"price_volume, live_market, summary, top_gainers, top_losers, nepse_index, supply_demand",5152
2026-07-15T13:37:15.760668+05:45,2026-07-15 13:37:15,price_volume,price_volume_12,True,cloud_automated,Wednesday - Trading Hours: 11:00 AM - 3:00 PM NPT,8117,Aviyan Laghubitta Bittiya Sanstha Limited,AVYAN,58.0,420.0,1030.0,-0.09699321,1031.0,,,,,,,,,,,,,,,,,,,,,,7,"price_volume, live_market, summary, top_gainers, top_losers, nepse_index, supply_demand",5152
2026-07-15T13:37:15.760668+05:45,2026-07-15 13:37:15,price_volume,price_volume_13,True,cloud_automated,Wednesday - Trading Hours: 11:00 AM - 3:00 PM NPT,9297,Bandipur Cablecar and Tourism Limited,BANDIPUR,58.0,21340.0,675.0,1.047904192,668.0,,,,,,,,,,,,,,,,,,,,,,7,"price_volume, live_market, summary, top_gainers, top_losers, nepse_index, supply_demand",5152
2026-07-15T13:37:15.760668+05:45,2026-07-15 13:37:15,price_volume,price_volume_14,True,cloud_automated,Wednesday - Trading Hours: 11:00 AM - 3:00 PM NPT,686,Barun Hydropower Co. Ltd.,BARUN,58.0,14589.0,317.0,1.602564103,312.0,,,,,,,,,,,,,,,,,,,,,,7,"price_volume, live_market, summary, top_gainers, top_losers, nepse_index, supply_demand",5152
2026-07-15T13:37:15.760668+05:45,2026-07-15 13:37:15,price_volume,price_volume_15,True,cloud_automated,Wednesday - Trading Hours: 11:00 AM - 3:00 PM NPT,156,Bishal Bazar Company Limited,BBC,58.0,130.0,4168.9,0.990794574,4128.0,,,,,,,,,,,,,,,,,,,,,,7,"price_volume, live_market, summary, top_gainers, top_losers, nepse_index, supply_demand",5152
2026-07-15T13:37:15.760668+05:45,2026-07-15 13:37:15,price_volume,price_volume_16,True,cloud_automated,Wednesday - Trading Hours: 11:00 AM - 3:00 PM NPT,9171,Bhugol Energy Development Company Limited,BEDC,58.0,7362.0,314.9,1.909385113,309.0,,,,,,,,,,,,,,,,,,,,,,7,"price_volume, live_market, summary, top_gainers, top_losers, nepse_index, supply_demand",5152
2026-07-15T13:37:15.760668+05:45,2026-07-15 13:37:15,price_volume,price_volume_17,True,cloud_automated,Wednesday - Trading Hours: 11:00 AM - 3:00 PM NPT,227,Best Finance Company Ltd.,BFC,58.0,2680.0,512.1,0.411764706,510.0,,,,,,,,,,,,,,,,,,,,,,7,"price_volume, live_market, summary, top_gainers, top_losers, nepse_index, supply_demand",5152
2026-07-15T13:37:15.760668+05:45,2026-07-15 13:37:15,price_volume,price_volume_18,True,cloud_automated,Wednesday - Trading Hours: 11:00 AM - 3:00 PM NPT,9214,Bhagawati Hydropower Development Company Limited,BGWT,58.0,1130.0,552.5,0.454545455,550.0,,,,,,,,,,,,,,,,,,,,,,7,"price_volume, live_market, summary, top_gainers, top_losers, nepse_index, supply_demand",5152
2026-07-15T13:37:15.760668+05:45,2026-07-15 13:37:15,price_volume,price_volume_19,True,cloud_automated,Wednesday - Trading Hours: 11:00 AM - 3:00 PM NPT,9267,Bikash Hydropower Company Limited,BHCL,58.0,4989.0,465.0,1.307189542,459.0,,,,,,,,,,,,,,,,,,,,,,7,"price_volume, live_market, summary, top_gainers, top_losers, nepse_index, supply_demand",5152
2026-07-15T13:37:15.760668+05:45,2026-07-15 13:37:15,price_volume,price_volume_20,True,cloud_automated,Wednesday - Trading Hours: 11:00 AM - 3:00 PM NPT,8075,Bindhyabasini Hydropower Development Company Limited,BHDC,58.0,637.0,424.1,-0.211764706,425.0,,,,,,,,,,,,,,,,,,,,,,7,"price_volume, live_market, summary, top_gainers, top_losers, nepse_index, supply_demand",5152
2026-07-15T13:37:15.760668+05:45,2026-07-15 13:37:15,price_volume,price_volume_21,True,cloud_automated,Wednesday - Trading Hours: 11:00 AM - 3:00 PM NPT,8055,Balephi Hydropower Limited,BHL,58.0,91357.0,209.0,1.703163017,205.5,,,,,,,,,,,,,,,,,,,,,,7,"price_volume, live_market, summary, top_gainers, top_losers, nepse_index, supply_demand",5152
2026-07-15T13:37:15.760668+05:45,2026-07-15 13:37:15,price_volume,price_volume_22,True,cloud_automated,Wednesday - Trading Hours: 11:00 AM - 3:00 PM NPT,9135,Barahi Hydropower Public Limited,BHPL,58.0,395.0,479.0,0.0,479.0,,,,,,,,,,,,,,,,,,,,,,7,"price_volume, live_market, summary, top_gainers, top_losers, nepse_index, supply_demand",5152
2026-07-15T13:37:15.760668+05:45,2026-07-15 13:37:15,price_volume,price_volume_23,True,cloud_automated,Wednesday - Trading Hours: 11:00 AM - 3:00 PM NPT,9322,Bhujung Hydropower Limited,BJHL,58.0,2091.0,677.2,-0.397117223,679.9,,,,,,,,,,,,,,,,,,,,,,7,"price_volume, live_market, summary, top_gainers, top_losers, nepse_index, supply_demand",5152
2026-07-15T13:37:15.760668+05:45,2026-07-15 13:37:15,price_volume,price_volume_24,True,cloud_automated,Wednesday - Trading Hours: 11:00 AM - 3:00 PM NPT,8032,Buddha Bhumi Nepal Hydropower Company Limited,BNHC,58.0,22221.0,279.0,0.722021661,277.0,,,,,,,,,,,,,,,,,,,,,,7,"price_volume, live_market, summary, top_gainers, top_losers, nepse_index, supply_demand",5152
2026-07-15T13:37:15.760668+05:45,2026-07-15 13:37:15,price_volume,price_volume_25,True,cloud_automated,Wednesday - Trading Hours: 11:00 AM - 3:00 PM NPT,153,Butwal Power Company Limited,BPCL,58.0,4835.0,648.0,1.567398119,638.0,,,,,,,,,,,,,,,,,,,,,,7,"price_volume, live_market, summary, top_gainers, top_losers, nepse_index, supply_demand",5152
2026-07-15T13:37:15.760668+05:45,2026-07-15 13:37:15,price_volume,price_volume_26,True,cloud_automated,Wednesday - Trading Hours: 11:00 AM - 3:00 PM NPT,9296,Bungal Hydro Limited,BUNGAL,58.0,27515.0,572.0,-0.52173913,575.0,,,,,,,,,,,,,,,,,,,,,,7,"price_volume, live_market, summary, top_gainers, top_losers, nepse_index, supply_demand",5152
2026-07-15T13:37:15.760668+05:45,2026-07-15 13:37:15,price_volume,price_volume_27,True,cloud_automated,Wednesday - Trading Hours: 11:00 AM - 3:00 PM NPT,164,Chhimek Laghubitta Bittiya Sanstha Limited,CBBL,58.0,11594.0,915.0,0.010930156,914.9,,,,,,,,,,,,,,,,,,,,,,7,"price_volume, live_market, summary, top_gainers, top_losers, nepse_index, supply_demand",5152
2026-07-15T13:37:15.760668+05:45,2026-07-15 13:37:15,price_volume,price_volume_28,True,cloud_automated,Wednesday - Trading Hours: 11:00 AM - 3:00 PM NPT,245,Central Finance Co. Ltd.,CFCL,58.0,17976.0,614.0,1.571546733,604.5,,,,,,,,,,,,,,,,,,,,,,7,"price_volume, live_market, summary, top_gainers, top_losers, nepse_index, supply_demand",5152
2026-07-15T13:37:15.760668+05:45,2026-07-15 13:37:15,price_volume,price_volume_29,True,cloud_automated,Wednesday - Trading Hours: 11:00 AM - 3:00 PM NPT,2917,Chandragiri Hills Limited,CGH,58.0,55411.0,768.0,0.66850177,762.9,,,,,,,,,,,,,,,,,,,,,,7,"price_volume, live_market, summary, top_gainers, top_losers, nepse_index, supply_demand",5152
2026-07-15T13:37:15.760668+05:45,2026-07-15 13:37:15,price_volume,price_volume_30,True,cloud_automated,Wednesday - Trading Hours: 11:00 AM - 3:00 PM NPT,154,Chilime Hydropower Company Limited,CHCL,58.0,11856.0,480.0,0.439422473,477.9,,,,,,,,,,,,,,,,,,,,,,7,"price_volume, live_market, summary, top_gainers, top_losers, nepse_index, supply_demand",5152
2026-07-15T13:37:15.760668+05:45,2026-07-15 13:37:15,price_volume,price_volume_31,True,cloud_automated,Wednesday - Trading Hours: 11:00 AM - 3:00 PM NPT,3946,CEDB Holdings Limited,CHDC,58.0,9235.0,2070.0,0.0,2070.0,,,,,,,,,,,,,,,,,,,,,,7,"price_volume, live_market, summary, top_gainers, top_losers, nepse_index, supply_demand",5152
2026-07-15T13:37:15.760668+05:45,2026-07-15 13:37:15,price_volume,price_volume_32,True,cloud_automated,Wednesday - Trading Hours: 11:00 AM - 3:00 PM NPT,2766,Chhyangdi Hydropower Ltd.,CHL,58.0,4832.0,258.0,1.295641932,254.7,,,,,,,,,,,,,,,,,,,,,,7,"price_volume, live_market, summary, top_gainers, top_losers, nepse_index, supply_demand",5152
2026-07-15T13:37:15.760668+05:45,2026-07-15 13:37:15,price_volume,price_volume_33,True,cloud_automated,Wednesday - Trading Hours: 11:00 AM - 3:00 PM NPT,210,Citizen Investment Trust,CIT,58.0,2058.0,1691.9,0.59456567,1681.9,,,,,,,,,,,,,,,,,,,,,,7,"price_volume, live_market, summary, top_gainers, top_losers, nepse_index, supply_demand",5152
2026-07-15T13:37:15.760668+05:45,2026-07-15 13:37:15,price_volume,price_volume_34,True,cloud_automated,Wednesday - Trading Hours: 11:00 AM - 3:00 PM NPT,9173,City Hotel Limited,CITY,58.0,50159.0,347.0,1.166180758,343.0,,,,,,,,,,,,,,,,,,,,,,7,"price_volume, live_market, summary, top_gainers, top_losers, nepse_index, supply_demand",5152
2026-07-15T13:37:15.760668+05:45,2026-07-15 13:37:15,price_volume,price_volume_35,True,cloud_automated,Wednesday - Trading Hours: 11:00 AM - 3:00 PM NPT,9232,Chirkhwa Hydropower Limited ,CKHL,58.0,214.0,532.0,-1.935483871,542.5,,,,,,,,,,,,,,,,,,,,,,7,"price_volume, live_market, summary, top_gainers, top_losers, nepse_index, supply_demand",5152
2026-07-15T13:37:15.760668+05:45,2026-07-15 13:37:15,price_volume,price_volume_36,True,cloud_automated,Wednesday - Trading Hours: 11:00 AM - 3:00 PM NPT,9209,Citizen Life Insurance Company Limited,CLI,58.0,5865.0,439.0,0.688073394,436.0,,,,,,,,,,,,,,,,,,,,,,7,"price_volume, live_market, summary, top_gainers, top_losers, nepse_index, supply_demand",5152
2026-07-15T13:37:15.760668+05:45,2026-07-15 13:37:15,price_volume,price_volume_37,True,cloud_automated,Wednesday - Trading Hours: 11:00 AM - 3:00 PM NPT,450,Corporate Development Bank Limited,CORBL,58.0,25739.0,1550.0,0.0,1550.0,,,,,,,,,,,,,,,,,,,,,,7,"price_volume, live_market, summary, top_gainers, top_losers, nepse_index, supply_demand",5152
2026-07-15T13:37:15.760668+05:45,2026-07-15 13:37:15,price_volume,price_volume_38,True,cloud_automated,Wednesday - Trading Hours: 11:00 AM - 3:00 PM NPT,9252,Crest Micro Life Insurance Limited,CREST,58.0,2333.0,1172.0,-0.246829517,1174.9,,,,,,,,,,,,,,,,,,,,,,7,"price_volume, live_market, summary, top_gainers, top_losers, nepse_index, supply_demand",5152
2026-07-15T13:37:15.760668+05:45,2026-07-15 13:37:15,price_volume,price_volume_39,True,cloud_automated,Wednesday - Trading Hours: 11:00 AM - 3:00 PM NPT,8065,CYC Nepal Laghubitta Bittiya Sanstha Limited,CYCL,58.0,140.0,1315.0,-2.157738095,1344.0,,,,,,,,,,,,,,,,,,,,,,7,"price_volume, live_market, summary, top_gainers, top_losers, nepse_index, supply_demand",5152
2026-07-15T13:37:15.760668+05:45,2026-07-15 13:37:15,price_volume,price_volume_40,True,cloud_automated,Wednesday - Trading Hours: 11:00 AM - 3:00 PM NPT,348,Citizens Bank International Limited,CZBIL,58.0,12176.0,195.7,0.358974359,195.0,,,,,,,,,,,,,,,,,,,,,,7,"price_volume, live_market, summary, top_gainers, top_losers, nepse_index, supply_demand",5152
2026-07-15T13:37:15.760668+05:45,2026-07-15 13:37:15,price_volume,price_volume_41,True,cloud_automated,Wednesday - Trading Hours: 11:00 AM - 3:00 PM NPT,166,Deprosc Laghubitta Bittiya Sanstha Limited,DDBL,58.0,2402.0,825.1,0.794038602,818.6,,,,,,,,,,,,,,,,,,,,,,7,"price_volume, live_market, summary, top_gainers, top_losers, nepse_index, supply_demand",5152
2026-07-15T13:37:15.760668+05:45,2026-07-15 13:37:15,price_volume,price_volume_42,True,cloud_automated,Wednesday - Trading Hours: 11:00 AM - 3:00 PM NPT,9293,Daramkhola Hydro Energy Limited,DHEL,58.0,5393.0,564.9,0.875,560.0,,,,,,,,,,,,,,,,,,,,,,7,"price_volume, live_market, summary, top_gainers, top_losers, nepse_index, supply_demand",5152
2026-07-15T13:37:15.760668+05:45,2026-07-15 13:37:15,price_volume,price_volume_43,True,cloud_automated,Wednesday - Trading Hours: 11:00 AM - 3:00 PM NPT,2754,Dibyashwori Hydropower Ltd.,DHPL,58.0,608.0,270.0,2.272727273,264.0,,,,,,,,,,,,,,,,,,,,,,7,"price_volume, live_market, summary, top_gainers, top_losers, nepse_index, supply_demand",5152
2026-07-15T13:37:15.760668+05:45,2026-07-15 13:37:15,price_volume,price_volume_44,True,cloud_automated,Wednesday - Trading Hours: 11:00 AM - 3:00 PM NPT,8123,Dhaulagiri Laghubitta Bittiya Sanstha Limited,DLBS,58.0,147.0,1200.0,0.0,1200.0,,,,,,,,,,,,,,,,,,,,,,7,"price_volume, live_market, summary, top_gainers, top_losers, nepse_index, supply_demand",5152
2026-07-15T13:37:15.760668+05:45,2026-07-15 13:37:15,price_volume,price_volume_45,True,cloud_automated,Wednesday - Trading Hours: 11:00 AM - 3:00 PM NPT,9170,Dolti Power Company Limited,DOLTI,58.0,10684.0,318.0,0.920342748,315.1,,,,,,,,,,,,,,,,,,,,,,7,"price_volume, live_market, summary, top_gainers, top_losers, nepse_index, supply_demand",5152
2026-07-15T13:37:15.760668+05:45,2026-07-15 13:37:15,price_volume,price_volume_46,True,cloud_automated,Wednesday - Trading Hours: 11:00 AM - 3:00 PM NPT,8070,Dordi Khola Jal Bidyut Company Limited,DORDI,58.0,6179.0,246.0,0.203665988,245.5,,,,,,,,,,,,,,,,,,,,,,7,"price_volume, live_market, summary, top_gainers, top_losers, nepse_index, supply_demand",5152
2026-07-15T13:37:15.760668+05:45,2026-07-15 13:37:15,price_volume,price_volume_47,True,cloud_automated,Wednesday - Trading Hours: 11:00 AM - 3:00 PM NPT,137,Everest Bank Limited,EBL,58.0,33405.0,694.0,0.202136876,692.6,,,,,,,,,,,,,,,,,,,,,,7,"price_volume, live_market, summary, top_gainers, top_losers, nepse_index, supply_demand",5152
2026-07-15T13:37:15.760668+05:45,2026-07-15 13:37:15,price_volume,price_volume_48,True,cloud_automated,Wednesday - Trading Hours: 11:00 AM - 3:00 PM NPT,274,Excel Development Bank Ltd.,EDBL,58.0,50.0,573.0,2.23015165,560.5,,,,,,,,,,,,,,,,,,,,,,7,"price_volume, live_market, summary, top_gainers, top_losers, nepse_index, supply_demand",5152
2026-07-15T13:37:15.760668+05:45,2026-07-15 13:37:15,price_volume,price_volume_49,True,cloud_automated,Wednesday - Trading Hours: 11:00 AM - 3:00 PM NPT,8131,Eastern Hydropower Limited,EHPL,58.0,6430.0,335.0,0.751879699,332.5,,,,,,,,,,,,,,,,,,,,,,7,"price_volume, live_market, summary, top_gainers, top_losers, nepse_index, supply_demand",5152
2026-07-15T13:37:15.760668+05:45,2026-07-15 13:37:15,price_volume,price_volume_50,True,cloud_automated,Wednesday - Trading Hours: 11:00 AM - 3:00 PM NPT,8034,Emerging Nepal Limited,ENL,58.0,90.0,790.0,3.674540682,762.0,,,,,,,,,,,,,,,,,,,,,,7,"price_volume, live_market, summary, top_gainers, top_losers, nepse_index, supply_demand",5152
2026-07-15T13:37:15.760668+05:45,2026-07-15 13:37:15,price_volume,price_volume_51,True,cloud_automated,Wednesday - Trading Hours: 11:00 AM - 3:00 PM NPT,490,First Micro Finance Laghubitta Bittiya Sanstha Limited,FMDBL,58.0,2022.0,746.0,0.134228188,745.0,,,,,,,,,,,,,,,,,,,,,,7,"price_volume, live_market, summary, top_gainers, top_losers, nepse_index, supply_demand",5152
2026-07-15T13:37:15.760668+05:45,2026-07-15 13:37:15,price_volume,price_volume_52,True,cloud_automated,Wednesday - Trading Hours: 11:00 AM - 3:00 PM NPT,2758,Forward Microfinance Laghubitta Bittiya Sanstha Limited,FOWAD,58.0,188.0,965.0,1.472134595,951.0,,,,,,,,,,,,,,,,,,,,,,7,"price_volume, live_market, summary, top_gainers, top_losers, nepse_index, supply_demand",5152
2026-07-15T13:37:15.760668+05:45,2026-07-15 13:37:15,price_volume,price_volume_53,True,cloud_automated,Wednesday - Trading Hours: 11:00 AM - 3:00 PM NPT,417,Garima Bikas Bank Limited,GBBL,58.0,24730.0,397.7,0.429292929,396.0,,,,,,,,,,,,,,,,,,,,,,7,"price_volume, live_market, summary, top_gainers, top_losers, nepse_index, supply_demand",5152
2026-07-15T13:37:15.760668+05:45,2026-07-15 13:37:15,price_volume,price_volume_54,True,cloud_automated,Wednesday - Trading Hours: 11:00 AM - 3:00 PM NPT,341,Global IME Bank Limited,GBIME,58.0,40551.0,240.0,1.180438449,237.2,,,,,,,,,,,,,,,,,,,,,,7,"price_volume, live_market, summary, top_gainers, top_losers, nepse_index, supply_demand",5152
2026-07-15T13:37:15.760668+05:45,2026-07-15 13:37:15,price_volume,price_volume_55,True,cloud_automated,Wednesday - Trading Hours: 11:00 AM - 3:00 PM NPT,583,Grameen Bikas Laghubitta Bittiya Sanstha Ltd.,GBLBS,58.0,65.0,727.8,-0.979591837,735.0,,,,,,,,,,,,,,,,,,,,,,7,"price_volume, live_market, summary, top_gainers, top_losers, nepse_index, supply_demand",5152
2026-07-15T13:37:15.760668+05:45,2026-07-15 13:37:15,price_volume,price_volume_56,True,cloud_automated,Wednesday - Trading Hours: 11:00 AM - 3:00 PM NPT,9193,Ghorahi Cement Industry Limited,GCIL,58.0,14975.0,328.0,1.705426357,322.5,,,,,,,,,,,,,,,,,,,,,,7,"price_volume, live_market, summary, top_gainers, top_losers, nepse_index, supply_demand",5152
2026-07-15T13:37:15.760668+05:45,2026-07-15 13:37:15,price_volume,price_volume_57,True,cloud_automated,Wednesday - Trading Hours: 11:00 AM - 3:00 PM NPT,232,Goodwill Finance Limited,GFCL,58.0,3455.0,602.2,0.366666667,600.0,,,,,,,,,,,,,,,,,,,,,,7,"price_volume, live_market, summary, top_gainers, top_losers, nepse_index, supply_demand",5152
2026-07-15T13:37:15.760668+05:45,2026-07-15 13:37:15,price_volume,price_volume_58,True,cloud_automated,Wednesday - Trading Hours: 11:00 AM - 3:00 PM NPT,2806,Ghalemdi Hydro Limited,GHL,58.0,7136.0,218.5,1.110596946,216.1,,,,,,,,,,,,,,,,,,,,,,7,"price_volume, live_market, summary, top_gainers, top_losers, nepse_index, supply_demand",5152
2026-07-15T13:37:15.760668+05:45,2026-07-15 13:37:15,price_volume,price_volume_59,True,cloud_automated,Wednesday - Trading Hours: 11:00 AM - 3:00 PM NPT,705,Global IME Laghubitta Bittiya Sanstha Ltd.,GILB,58.0,639.0,1060.0,-0.469483568,1065.0,,,,,,,,,,,,,,,,,,,,,,7,"price_volume, live_market, summary, top_gainers, top_losers, nepse_index, supply_demand",5152
2026-07-15T13:37:15.760668+05:45,2026-07-15 13:37:15,price_volume,price_volume_60,True,cloud_automated,Wednesday - Trading Hours: 11:00 AM - 3:00 PM NPT,2826,Gurans Laghubitta Bittiya Sanstha Limited,GLBSL,58.0,47.0,1770.0,-0.561797753,1780.0,,,,,,,,,,,,,,,,,,,,,,7,"price_volume, live_market, summary, top_gainers, top_losers, nepse_index, supply_demand",5152
2026-07-15T13:37:15.760668+05:45,2026-07-15 13:37:15,price_volume,price_volume_61,True,cloud_automated,Wednesday - Trading Hours: 11:00 AM - 3:00 PM NPT,2924,GreenLife Hydropower Limited,GLH,58.0,10144.0,247.2,0.93915884,244.9,,,,,,,,,,,,,,,,,,,,,,7,"price_volume, live_market, summary, top_gainers, top_losers, nepse_index, supply_demand",5152
2026-07-15T13:37:15.760668+05:45,2026-07-15 13:37:15,price_volume,price_volume_62,True,cloud_automated,Wednesday - Trading Hours: 11:00 AM - 3:00 PM NPT,2815,Ganapati Laghubitta Bittiya Sanstha Limited,GMFBS,58.0,40.0,1179.1,-1.413043478,1196.0,,,,,,,,,,,,,,,,,,,,,,7,"price_volume, live_market, summary, top_gainers, top_losers, nepse_index, supply_demand",5152
2026-07-15T13:37:15.760668+05:45,2026-07-15 13:37:15,price_volume,price_volume_63,True,cloud_automated,Wednesday - Trading Hours: 11:00 AM - 3:00 PM NPT,263,Guheshowori Merchant Bank & Finance Co. Ltd.,GMFIL,58.0,3509.0,455.0,1.336302895,449.0,,,,,,,,,,,,,,,,,,,,,,7,"price_volume, live_market, summary, top_gainers, top_losers, nepse_index, supply_demand",5152
2026-07-15T13:37:15.760668+05:45,2026-07-15 13:37:15,price_volume,price_volume_64,True,cloud_automated,Wednesday - Trading Hours: 11:00 AM - 3:00 PM NPT,9246,Guardian Micro Life Insurance Limited ,GMLI,58.0,197.0,1160.1,-0.846153846,1170.0,,,,,,,,,,,,,,,,,,,,,,7,"price_volume, live_market, summary, top_gainers, top_losers, nepse_index, supply_demand",5152
2026-07-15T13:37:15.760668+05:45,2026-07-15 13:37:15,price_volume,price_volume_65,True,cloud_automated,Wednesday - Trading Hours: 11:00 AM - 3:00 PM NPT,2744,Green Development Bank Ltd.,GRDBL,58.0,5028.0,1028.9,0.87254902,1020.0,,,,,,,,,,,,,,,,,,,,,,7,"price_volume, live_market, summary, top_gainers, top_losers, nepse_index, supply_demand",5152
2026-07-15T13:37:15.760668+05:45,2026-07-15 13:37:15,price_volume,price_volume_66,True,cloud_automated,Wednesday - Trading Hours: 11:00 AM - 3:00 PM NPT,204,Gurkhas Finance Ltd.,GUFL,58.0,1384.0,549.9,0.548546352,546.9,,,,,,,,,,,,,,,,,,,,,,7,"price_volume, live_market, summary, top_gainers, top_losers, nepse_index, supply_demand",5152
2026-07-15T13:37:15.760668+05:45,2026-07-15 13:37:15,price_volume,price_volume_67,True,cloud_automated,Wednesday - Trading Hours: 11:00 AM - 3:00 PM NPT,8045,Green Ventures Limited,GVL,58.0,2926.0,470.0,0.858369099,466.0,,,,,,,,,,,,,,,,,,,,,,7,"price_volume, live_market, summary, top_gainers, top_losers, nepse_index, supply_demand",5152
2026-07-15T13:37:15.760668+05:45,2026-07-15 13:37:15,price_volume,price_volume_68,True,cloud_automated,Wednesday - Trading Hours: 11:00 AM - 3:00 PM NPT,9213,Hathway Investment Nepal Limited,HATHY,58.0,3687.0,673.5,-2.391304348,690.0,,,,,,,,,,,,,,,,,,,,,,7,"price_volume, live_market, summary, top_gainers, top_losers, nepse_index, supply_demand",5152
2026-07-15T13:37:15.760668+05:45,2026-07-15 13:37:15,price_volume,price_volume_69,True,cloud_automated,Wednesday - Trading Hours: 11:00 AM - 3:00 PM NPT,134,Himalayan Bank Limited,HBL,58.0,15843.0,193.7,0.990615224,191.8,,,,,,,,,,,,,,,,,,,,,,7,"price_volume, live_market, summary, top_gainers, top_losers, nepse_index, supply_demand",5152
2026-07-15T13:37:15.760668+05:45,2026-07-15 13:37:15,price_volume,price_volume_70,True,cloud_automated,Wednesday - Trading Hours: 11:00 AM - 3:00 PM NPT,2880,Himal Dolakha Hydropower Company Limited,HDHPC,58.0,44309.0,206.4,0.194174757,206.0,,,,,,,,,,,,,,,,,,,,,,7,"price_volume, live_market, summary, top_gainers, top_losers, nepse_index, supply_demand",5152
2026-07-15T13:37:15.760668+05:45,2026-07-15 13:37:15,price_volume,price_volume_71,True,cloud_automated,Wednesday - Trading Hours: 11:00 AM - 3:00 PM NPT,235,Himalayan Distillery Limited,HDL,58.0,13556.0,1147.0,0.174672489,1145.0,,,,,,,,,,,,,,,,,,,,,,7,"price_volume, live_market, summary, top_gainers, top_losers, nepse_index, supply_demand",5152
2026-07-15T13:37:15.760668+05:45,2026-07-15 13:37:15,price_volume,price_volume_72,True,cloud_automated,Wednesday - Trading Hours: 11:00 AM - 3:00 PM NPT,179,Himalayan Everest Insurance Limited,HEI,58.0,3149.0,512.1,-0.155975824,512.9,,,,,,,,,,,,,,,,,,,,,,7,"price_volume, live_market, summary, top_gainers, top_losers, nepse_index, supply_demand",5152
2026-07-15T13:37:15.760668+05:45,2026-07-15 13:37:15,price_volume,price_volume_73,True,cloud_automated,Wednesday - Trading Hours: 11:00 AM - 3:00 PM NPT,9308,Hotel Forest Inn Limited,HFIN,58.0,7685.0,651.0,1.244167963,643.0,,,,,,,,,,,,,,,,,,,,,,7,"price_volume, live_market, summary, top_gainers, top_losers, nepse_index, supply_demand",5152
2026-07-15T13:37:15.760668+05:45,2026-07-15 13:37:15,price_volume,price_volume_74,True,cloud_automated,Wednesday - Trading Hours: 11:00 AM - 3:00 PM NPT,8076,Himalayan Hydropower Limited,HHL,58.0,16312.0,331.0,1.846153846,325.0,,,,,,,,,,,,,,,,,,,,,,7,"price_volume, live_market, summary, top_gainers, top_losers, nepse_index, supply_demand",5152
2026-07-15T13:37:15.760668+05:45,2026-07-15 13:37:15,price_volume,price_volume_75,True,cloud_automated,Wednesday - Trading Hours: 11:00 AM - 3:00 PM NPT,2742,Hydorelectricity Investment and Development Company Ltd,HIDCL,58.0,14672.0,252.0,0.8,250.0,,,,,,,,,,,,,,,,,,,,,,7,"price_volume, live_market, summary, top_gainers, top_losers, nepse_index, supply_demand",5152
2026-07-15T13:37:15.760668+05:45,2026-07-15 13:37:15,price_volume,price_volume_76,True,cloud_automated,Wednesday - Trading Hours: 11:00 AM - 3:00 PM NPT,9270,Him Star Urja Company Limited,HIMSTAR,58.0,2616.0,640.0,-0.621118012,644.0,,,,,,,,,,,,,,,,,,,,,,7,"price_volume, live_market, summary, top_gainers, top_losers, nepse_index, supply_demand",5152
2026-07-15T13:37:15.760668+05:45,2026-07-15 13:37:15,price_volume,price_volume_77,True,cloud_automated,Wednesday - Trading Hours: 11:00 AM - 3:00 PM NPT,693,Himalayan Laghubitta Bittiya Sanstha Limited,HLBSL,58.0,107.0,864.3,1.324736225,853.0,,,,,,,,,,,,,,,,,,,,,,7,"price_volume, live_market, summary, top_gainers, top_losers, nepse_index, supply_demand",5152
2026-07-15T13:37:15.760668+05:45,2026-07-15 13:37:15,price_volume,price_volume_78,True,cloud_automated,Wednesday - Trading Hours: 11:00 AM - 3:00 PM NPT,393,Himalayan Life Insurance Limited,HLI,58.0,5079.0,321.0,0.943396226,318.0,,,,,,,,,,,,,,,,,,,,,,7,"price_volume, live_market, summary, top_gainers, top_losers, nepse_index, supply_demand",5152
2026-07-15T13:37:15.760668+05:45,2026-07-15 13:37:15,price_volume,price_volume_79,True,cloud_automated,Wednesday - Trading Hours: 11:00 AM - 3:00 PM NPT,2767,Himalayan Power Partner Ltd.,HPPL,58.0,50074.0,348.9,-0.569962952,350.9,,,,,,,,,,,,,,,,,,,,,,7,"price_volume, live_market, summary, top_gainers, top_losers, nepse_index, supply_demand",5152
2026-07-15T13:37:15.760668+05:45,2026-07-15 13:37:15,price_volume,price_volume_80,True,cloud_automated,Wednesday - Trading Hours: 11:00 AM - 3:00 PM NPT,9234,Himalayan Reinsurance Limited,HRL,58.0,19292.0,560.0,1.083032491,554.0,,,,,,,,,,,,,,,,,,,,,,7,"price_volume, live_market, summary, top_gainers, top_losers, nepse_index, supply_demand",5152
2026-07-15T13:37:15.760668+05:45,2026-07-15 13:37:15,price_volume,price_volume_81,True,cloud_automated,Wednesday - Trading Hours: 11:00 AM - 3:00 PM NPT,2824,Himalaya Urja Bikas Company Limited,HURJA,58.0,9041.0,228.5,1.10619469,226.0,,,,,,,,,,,,,,,,,,,,,,7,"price_volume, live_market, summary, top_gainers, top_losers, nepse_index, supply_demand",5152
2026-07-15T13:37:15.760668+05:45,2026-07-15 13:37:15,price_volume,price_volume_82,True,cloud_automated,Wednesday - Trading Hours: 11:00 AM - 3:00 PM NPT,273,ICFC Finance Limited,ICFC,58.0,1341.0,604.0,1.240362052,596.6,,,,,,,,,,,,,,,,,,,,,,7,"price_volume, live_market, summary, top_gainers, top_losers, nepse_index, supply_demand",5152
2026-07-15T13:37:15.760668+05:45,2026-07-15 13:37:15,price_volume,price_volume_83,True,cloud_automated,Wednesday - Trading Hours: 11:00 AM - 3:00 PM NPT,186,IGI Prudential insurance Limited,IGI,58.0,1350.0,430.0,1.176470588,425.0,,,,,,,,,,,,,,,,,,,,,,7,"price_volume, live_market, summary, top_gainers, top_losers, nepse_index, supply_demand",5152
2026-07-15T13:37:15.760668+05:45,2026-07-15 13:37:15,price_volume,price_volume_84,True,cloud_automated,Wednesday - Trading Hours: 11:00 AM - 3:00 PM NPT,9176,Ingwa Hydropower Limited,IHL,58.0,2715.0,348.0,2.352941176,340.0,,,,,,,,,,,,,,,,,,,,,,7,"price_volume, live_market, summary, top_gainers, top_losers, nepse_index, supply_demand",5152
2026-07-15T13:37:15.760668+05:45,2026-07-15 13:37:15,price_volume,price_volume_85,True,cloud_automated,Wednesday - Trading Hours: 11:00 AM - 3:00 PM NPT,2832,Infinity Laghubitta Bittiya Sanstha Limited,ILBS,58.0,287.0,851.0,1.30952381,840.0,,,,,,,,,,,,,,,,,,,,,,7,"price_volume, live_market, summary, top_gainers, top_losers, nepse_index, supply_demand",5152
2026-07-15T13:37:15.760668+05:45,2026-07-15 13:37:15,price_volume,price_volume_86,True,cloud_automated,Wednesday - Trading Hours: 11:00 AM - 3:00 PM NPT,9184,IME Life Insurance Company Limited,ILI,58.0,2629.0,413.0,0.437743191,411.2,,,,,,,,,,,,,,,,,,,,,,7,"price_volume, live_market, summary, top_gainers, top_losers, nepse_index, supply_demand",5152
2026-07-15T13:37:15.760668+05:45,2026-07-15 13:37:15,price_volume,price_volume_87,True,cloud_automated,Wednesday - Trading Hours: 11:00 AM - 3:00 PM NPT,418,Jyoti Bikas Bank Limited,JBBL,58.0,24791.0,344.0,1.925925926,337.5,,,,,,,,,,,,,,,,,,,,,,7,"price_volume, live_market, summary, top_gainers, top_losers, nepse_index, supply_demand",5152
2026-07-15T13:37:15.760668+05:45,2026-07-15 13:37:15,price_volume,price_volume_88,True,cloud_automated,Wednesday - Trading Hours: 11:00 AM - 3:00 PM NPT,4951,Jeevan Bikas Laghubitta  Bittya Sanstha Ltd,JBLB,58.0,915.0,1251.0,0.481927711,1245.0,,,,,,,,,,,,,,,,,,,,,,7,"price_volume, live_market, summary, top_gainers, top_losers, nepse_index, supply_demand",5152
2026-07-15T13:37:15.760668+05:45,2026-07-15 13:37:15,price_volume,price_volume_89,True,cloud_automated,Wednesday - Trading Hours: 11:00 AM - 3:00 PM NPT,250,Janaki Finance Company Limited,JFL,58.0,2245.0,387.0,0.991649269,383.2,,,,,,,,,,,,,,,,,,,,,,7,"price_volume, live_market, summary, top_gainers, top_losers, nepse_index, supply_demand",5152
2026-07-15T13:37:15.760668+05:45,2026-07-15 13:37:15,price_volume,price_volume_90,True,cloud_automated,Wednesday - Trading Hours: 11:00 AM - 3:00 PM NPT,9300,Jhapa Energy Limited,JHAPA,58.0,3907.0,1066.8,4.588235294,1020.0,,,,,,,,,,,,,,,,,,,,,,7,"price_volume, live_market, summary, top_gainers, top_losers, nepse_index, supply_demand",5152
2026-07-15T13:37:15.760668+05:45,2026-07-15 13:37:15,price_volume,price_volume_91,True,cloud_automated,Wednesday - Trading Hours: 11:00 AM - 3:00 PM NPT,2789,Joshi Hydropower Development Company Ltd,JOSHI,58.0,698.0,253.0,0.237717908,252.4,,,,,,,,,,,,,,,,,,,,,,7,"price_volume, live_market, summary, top_gainers, top_losers, nepse_index, supply_demand",5152
2026-07-15T13:37:15.760668+05:45,2026-07-15 13:37:15,price_volume,price_volume_92,True,cloud_automated,Wednesday - Trading Hours: 11:00 AM - 3:00 PM NPT,695,Janautthan Samudayic Laghubitta Bittya Sanstha Limited,JSLBB,58.0,5336.0,985.6,-0.424328147,989.8,,,,,,,,,,,,,,,,,,,,,,7,"price_volume, live_market, summary, top_gainers, top_losers, nepse_index, supply_demand",5152
2026-07-15T13:37:15.760668+05:45,2026-07-15 13:37:15,price_volume,price_volume_93,True,cloud_automated,Wednesday - Trading Hours: 11:00 AM - 3:00 PM NPT,9346,Kalanga Hydro Limited,KAHL,58.0,12805.0,488.1,1.899791232,479.0,,,,,,,,,,,,,,,,,,,,,,7,"price_volume, live_market, summary, top_gainers, top_losers, nepse_index, supply_demand",5152
2026-07-15T13:37:15.760668+05:45,2026-07-15 13:37:15,price_volume,price_volume_94,True,cloud_automated,Wednesday - Trading Hours: 11:00 AM - 3:00 PM NPT,142,Kumari Bank Limited,KBL,58.0,79815.0,212.0,1.581217058,208.7,,,,,,,,,,,,,,,,,,,,,,7,"price_volume, live_market, summary, top_gainers, top_losers, nepse_index, supply_demand",5152
2026-07-15T13:37:15.760668+05:45,2026-07-15 13:37:15,price_volume,price_volume_95,True,cloud_automated,Wednesday - Trading Hours: 11:00 AM - 3:00 PM NPT,9196,Kutheli Bukhari Small Hydropower Limited,KBSH,58.0,167.0,1263.0,0.158604282,1261.0,,,,,,,,,,,,,,,,,,,,,,7,"price_volume, live_market, summary, top_gainers, top_losers, nepse_index, supply_demand",5152
2026-07-15T13:37:15.760668+05:45,2026-07-15 13:37:15,price_volume,price_volume_96,True,cloud_automated,Wednesday - Trading Hours: 11:00 AM - 3:00 PM NPT,9151,Kalinchowk Darshan Limited,KDL,58.0,369.0,775.0,2.108036891,759.0,,,,,,,,,,,,,,,,,,,,,,7,"price_volume, live_market, summary, top_gainers, top_losers, nepse_index, supply_demand",5152
2026-07-15T13:37:15.760668+05:45,2026-07-15 13:37:15,price_volume,price_volume_97,True,cloud_automated,Wednesday - Trading Hours: 11:00 AM - 3:00 PM NPT,9334,Kalinchock Hydropower Limited,KHPL,58.0,4154.0,916.2,1.574279379,902.0,,,,,,,,,,,,,,,,,,,,,,7,"price_volume, live_market, summary, top_gainers, top_losers, nepse_index, supply_demand",5152
2026-07-15T13:37:15.760668+05:45,2026-07-15 13:37:15,price_volume,price_volume_98,True,cloud_automated,Wednesday - Trading Hours: 11:00 AM - 3:00 PM NPT,2751,Khanikhola Hydropower Co. Ltd.,KKHC,58.0,6634.0,251.0,0.4,250.0,,,,,,,,,,,,,,,,,,,,,,7,"price_volume, live_market, summary, top_gainers, top_losers, nepse_index, supply_demand",5152
2026-07-15T13:37:15.760668+05:45,2026-07-15 13:37:15,price_volume,price_volume_99,True,cloud_automated,Wednesday - Trading Hours: 11:00 AM - 3:00 PM NPT,593,Kalika Laghubitta Bittiya Sanstha Ltd,KMCDB,58.0,619.0,752.3,-1.013157895,760.0,,,,,,,,,,,,,,,,,,,,,,7,"price_volume, live_market, summary, top_gainers, top_losers, nepse_index, supply_demand",5152
2026-07-15T13:37:15.760668+05:45,2026-07-15 13:37:15,price_volume,price_volume_100,True,cloud_automated,Wednesday - Trading Hours: 11:00 AM - 3:00 PM NPT,2787,Kalika power Company Ltd,KPCL,58.0,527.0,458.1,0.9030837,454.0,,,,,,,,,,,,,,,,,,,,,,7,"price_volume, live_market, summary, top_gainers, top_losers, nepse_index, supply_demand",5152
2026-07-15T13:37:15.760668+05:45,2026-07-15 13:37:15,price_volume,price_volume_101,True,cloud_automated,Wednesday - Trading Hours: 11:00 AM - 3:00 PM NPT,459,Kamana Sewa Bikas Bank Limited,KSBBL,58.0,1506.0,472.0,0.425531915,470.0,,,,,,,,,,,,,,,,,,,,,,7,"price_volume, live_market, summary, top_gainers, top_losers, nepse_index, supply_demand",5152
2026-07-15T13:37:15.760668+05:45,2026-07-15 13:37:15,price_volume,price_volume_102,True,cloud_automated,Wednesday - Trading Hours: 11:00 AM - 3:00 PM NPT,358,Lumbini Bikas Bank Ltd.,LBBL,58.0,15131.0,480.0,0.020837675,479.9,,,,,,,,,,,,,,,,,,,,,,7,"price_volume, live_market, summary, top_gainers, top_losers, nepse_index, supply_demand",5152
2026-07-15T13:37:15.760668+05:45,2026-07-15 13:37:15,price_volume,price_volume_103,True,cloud_automated,Wednesday - Trading Hours: 11:00 AM - 3:00 PM NPT,2903,Liberty Energy Company Limited,LEC,58.0,22006.0,207.5,1.071602533,205.3,,,,,,,,,,,,,,,,,,,,,,7,"price_volume, live_market, summary, top_gainers, top_losers, nepse_index, supply_demand",5152
2026-07-15T13:37:15.760668+05:45,2026-07-15 13:37:15,price_volume,price_volume_104,True,cloud_automated,Wednesday - Trading Hours: 11:00 AM - 3:00 PM NPT,188,Life Insurance Corporation (Nepal) Limited,LICN,58.0,1284.0,779.0,0.906735751,772.0,,,,,,,,,,,,,,,,,,,,,,7,"price_volume, live_market, summary, top_gainers, top_losers, nepse_index, supply_demand",5152
2026-07-15T13:37:15.760668+05:45,2026-07-15 13:37:15,price_volume,price_volume_105,True,cloud_automated,Wednesday - Trading Hours: 11:00 AM - 3:00 PM NPT,618,Laxmi Laghubitta Bittiya Sanstha Ltd.,LLBS,58.0,300.0,922.1,0.886214442,914.0,,,,,,,,,,,,,,,,,,,,,,7,"price_volume, live_market, summary, top_gainers, top_losers, nepse_index, supply_demand",5152
2026-07-15T13:37:15.760668+05:45,2026-07-15 13:37:15,price_volume,price_volume_106,True,cloud_automated,Wednesday - Trading Hours: 11:00 AM - 3:00 PM NPT,141,Laxmi Sunrise Bank Limited,LSL,58.0,27161.0,215.0,0.046533271,214.9,,,,,,,,,,,,,,,,,,,,,,7,"price_volume, live_market, summary, top_gainers, top_losers, nepse_index, supply_demand",5152
2026-07-15T13:37:15.760668+05:45,2026-07-15 13:37:15,price_volume,price_volume_107,True,cloud_automated,Wednesday - Trading Hours: 11:00 AM - 3:00 PM NPT,9287,Mabilung Energy Limited,MABEL,58.0,4750.0,557.0,0.723327306,553.0,,,,,,,,,,,,,,,,,,,,,,7,"price_volume, live_market, summary, top_gainers, top_losers, nepse_index, supply_demand",5152
2026-07-15T13:37:15.760668+05:45,2026-07-15 13:37:15,price_volume,price_volume_108,True,cloud_automated,Wednesday - Trading Hours: 11:00 AM - 3:00 PM NPT,9166,Makar Jitumaya Suri Hydropower Limited,MAKAR,58.0,3841.0,450.0,-2.173913043,460.0,,,,,,,,,,,,,,,,,,,,,,7,"price_volume, live_market, summary, top_gainers, top_losers, nepse_index, supply_demand",5152
2026-07-15T13:37:15.760668+05:45,2026-07-15 13:37:15,price_volume,price_volume_109,True,cloud_automated,Wednesday - Trading Hours: 11:00 AM - 3:00 PM NPT,9212,Mandu Hydropower Limited,MANDU,58.0,219.0,800.5,-0.435323383,804.0,,,,,,,,,,,,,,,,,,,,,,7,"price_volume, live_market, summary, top_gainers, top_losers, nepse_index, supply_demand",5152
2026-07-15T13:37:15.760668+05:45,2026-07-15 13:37:15,price_volume,price_volume_110,True,cloud_automated,Wednesday - Trading Hours: 11:00 AM - 3:00 PM NPT,8031,Madhya Bhotekoshi Jalavidyut Company Limited,MBJC,58.0,3968.0,270.0,0.222717149,269.4,,,,,,,,,,,,,,,,,,,,,,7,"price_volume, live_market, summary, top_gainers, top_losers, nepse_index, supply_demand",5152
2026-07-15T13:37:15.760668+05:45,2026-07-15 13:37:15,price_volume,price_volume_111,True,cloud_automated,Wednesday - Trading Hours: 11:00 AM - 3:00 PM NPT,140,Machhapuchhre Bank Limited,MBL,58.0,10262.0,246.6,0.735294118,244.8,,,,,,,,,,,,,,,,,,,,,,7,"price_volume, live_market, summary, top_gainers, top_losers, nepse_index, supply_demand",5152
2026-07-15T13:37:15.760668+05:45,2026-07-15 13:37:15,price_volume,price_volume_112,True,cloud_automated,Wednesday - Trading Hours: 11:00 AM - 3:00 PM NPT,9175,Menchhiyam Hydropower Limited,MCHL,58.0,1706.0,280.1,2.788990826,272.5,,,,,,,,,,,,,,,,,,,,,,7,"price_volume, live_market, summary, top_gainers, top_losers, nepse_index, supply_demand",5152
2026-07-15T13:37:15.760668+05:45,2026-07-15 13:37:15,price_volume,price_volume_113,True,cloud_automated,Wednesday - Trading Hours: 11:00 AM - 3:00 PM NPT,371,Miteri Development Bank Limited,MDB,58.0,2121.0,577.0,-1.113967438,583.5,,,,,,,,,,,,,,,,,,,,,,7,"price_volume, live_market, summary, top_gainers, top_losers, nepse_index, supply_demand",5152
2026-07-15T13:37:15.760668+05:45,2026-07-15 13:37:15,price_volume,price_volume_114,True,cloud_automated,Wednesday - Trading Hours: 11:00 AM - 3:00 PM NPT,9203,Manakamana Engineering Hydropower Limited,MEHL,58.0,1104.0,303.0,3.767123288,292.0,,,,,,,,,,,,,,,,,,,,,,7,"price_volume, live_market, summary, top_gainers, top_losers, nepse_index, supply_demand",5152
2026-07-15T13:37:15.760668+05:45,2026-07-15 13:37:15,price_volume,price_volume_115,True,cloud_automated,Wednesday - Trading Hours: 11:00 AM - 3:00 PM NPT,9179,Modi Energy Limited,MEL,58.0,2430.0,215.0,1.895734597,211.0,,,,,,,,,,,,,,,,,,,,,,7,"price_volume, live_market, summary, top_gainers, top_losers, nepse_index, supply_demand",5152
2026-07-15T13:37:15.760668+05:45,2026-07-15 13:37:15,price_volume,price_volume_116,True,cloud_automated,Wednesday - Trading Hours: 11:00 AM - 3:00 PM NPT,2913,Mountain Energy Nepal Limited,MEN,58.0,22851.0,567.0,0.353982301,565.0,,,,,,,,,,,,,,,,,,,,,,7,"price_volume, live_market, summary, top_gainers, top_losers, nepse_index, supply_demand",5152
2026-07-15T13:37:15.760668+05:45,2026-07-15 13:37:15,price_volume,price_volume_117,True,cloud_automated,Wednesday - Trading Hours: 11:00 AM - 3:00 PM NPT,1741,Mero Microfinance Bittiya Sanstha Ltd.,MERO,58.0,1042.0,680.0,1.918465228,667.2,,,,,,,,,,,,,,,,,,,,,,7,"price_volume, live_market, summary, top_gainers, top_losers, nepse_index, supply_demand",5152
2026-07-15T13:37:15.760668+05:45,2026-07-15 13:37:15,price_volume,price_volume_118,True,cloud_automated,Wednesday - Trading Hours: 11:00 AM - 3:00 PM NPT,516,Manjushree Finance Ltd.,MFIL,58.0,34585.0,775.0,0.937744204,767.8,,,,,,,,,,,,,,,,,,,,,,7,"price_volume, live_market, summary, top_gainers, top_losers, nepse_index, supply_demand",5152
2026-07-15T13:37:15.760668+05:45,2026-07-15 13:37:15,price_volume,price_volume_119,True,cloud_automated,Wednesday - Trading Hours: 11:00 AM - 3:00 PM NPT,9158,Molung Hydropower Company Limited,MHCL,58.0,810.0,307.1,0.622542595,305.2,,,,,,,,,,,,,,,,,,,,,,7,"price_volume, live_market, summary, top_gainers, top_losers, nepse_index, supply_demand",5152
2026-07-15T13:37:15.760668+05:45,2026-07-15 13:37:15,price_volume,price_volume_120,True,cloud_automated,Wednesday - Trading Hours: 11:00 AM - 3:00 PM NPT,8102,Mandakini Hydropower Limited,MHL,58.0,762.0,467.0,-0.638297872,470.0,,,,,,,,,,,,,,,,,,,,,,7,"price_volume, live_market, summary, top_gainers, top_losers, nepse_index, supply_demand",5152
2026-07-15T13:37:15.760668+05:45,2026-07-15 13:37:15,price_volume,price_volume_121,True,cloud_automated,Wednesday - Trading Hours: 11:00 AM - 3:00 PM NPT,2811,Mountain Hydro Nepal Limited,MHNL,58.0,5000.0,230.0,1.769911504,226.0,,,,,,,,,,,,,,,,,,,,,,7,"price_volume, live_market, summary, top_gainers, top_losers, nepse_index, supply_demand",5152
2026-07-15T13:37:15.760668+05:45,2026-07-15 13:37:15,price_volume,price_volume_122,True,cloud_automated,Wednesday - Trading Hours: 11:00 AM - 3:00 PM NPT,9230,Muktinath Krishi Company Limited,MKCL,58.0,516.0,1075.0,0.938967136,1065.0,,,,,,,,,,,,,,,,,,,,,,7,"price_volume, live_market, summary, top_gainers, top_losers, nepse_index, supply_demand",5152
2026-07-15T13:37:15.760668+05:45,2026-07-15 13:37:15,price_volume,price_volume_123,True,cloud_automated,Wednesday - Trading Hours: 11:00 AM - 3:00 PM NPT,9149,Maya Khola Hydropower Company Limited,MKHC,58.0,7299.0,287.3,0.94869993,284.6,,,,,,,,,,,,,,,,,,,,,,7,"price_volume, live_market, summary, top_gainers, top_losers, nepse_index, supply_demand",5152
2026-07-15T13:37:15.760668+05:45,2026-07-15 13:37:15,price_volume,price_volume_124,True,cloud_automated,Wednesday - Trading Hours: 11:00 AM - 3:00 PM NPT,9167,Mai Khola Hydropower Limited,MKHL,58.0,1150.0,469.1,0.665236052,466.0,,,,,,,,,,,,,,,,,,,,,,7,"price_volume, live_market, summary, top_gainers, top_losers, nepse_index, supply_demand",5152
2026-07-15T13:37:15.760668+05:45,2026-07-15 13:37:15,price_volume,price_volume_125,True,cloud_automated,Wednesday - Trading Hours: 11:00 AM - 3:00 PM NPT,8005,Mailung Khola Jal Vidhyut Company Limited,MKJC,58.0,620.0,450.2,0.289596792,448.9,,,,,,,,,,,,,,,,,,,,,,7,"price_volume, live_market, summary, top_gainers, top_losers, nepse_index, supply_demand",5152
2026-07-15T13:37:15.760668+05:45,2026-07-15 13:37:15,price_volume,price_volume_126,True,cloud_automated,Wednesday - Trading Hours: 11:00 AM - 3:00 PM NPT,601,Mithila LaghuBitta Bittiya Sanstha Limited,MLBBL,58.0,140.0,1120.0,0.538599641,1114.0,,,,,,,,,,,,,,,,,,,,,,7,"price_volume, live_market, summary, top_gainers, top_losers, nepse_index, supply_demand",5152
2026-07-15T13:37:15.760668+05:45,2026-07-15 13:37:15,price_volume,price_volume_127,True,cloud_automated,Wednesday - Trading Hours: 11:00 AM - 3:00 PM NPT,401,Mahalaxmi Bikas Bank Ltd.,MLBL,58.0,3190.0,347.0,0.725689405,344.5,,,,,,,,,,,,,,,,,,,,,,7,"price_volume, live_market, summary, top_gainers, top_losers, nepse_index, supply_demand",5152
2026-07-15T13:37:15.760668+05:45,2026-07-15 13:37:15,price_volume,price_volume_128,True,cloud_automated,Wednesday - Trading Hours: 11:00 AM - 3:00 PM NPT,8018,Manushi Laghubitta Bittiya Sanstha Limited,MLBS,58.0,20.0,1161.0,-1.967406907,1184.3,,,,,,,,,,,,,,,,,,,,,,7,"price_volume, live_market, summary, top_gainers, top_losers, nepse_index, supply_demand",5152
2026-07-15T13:37:15.760668+05:45,2026-07-15 13:37:15,price_volume,price_volume_129,True,cloud_automated,Wednesday - Trading Hours: 11:00 AM - 3:00 PM NPT,2925,Mahila Lagubitta Bittiya Sanstha Limited ,MLBSL,58.0,10.0,1740.8,2.171616387,1703.8,,,,,,,,,,,,,,,,,,,,,,7,"price_volume, live_market, summary, top_gainers, top_losers, nepse_index, supply_demand",5152
2026-07-15T13:37:15.760668+05:45,2026-07-15 13:37:15,price_volume,price_volume_130,True,cloud_automated,Wednesday - Trading Hours: 11:00 AM - 3:00 PM NPT,9217,Mathillo Mailun Khola Jalvidhyut Limited,MMKJL,58.0,487.0,441.0,0.684931507,438.0,,,,,,,,,,,,,,,,,,,,,,7,"price_volume, live_market, summary, top_gainers, top_losers, nepse_index, supply_demand",5152
2026-07-15T13:37:15.760668+05:45,2026-07-15 13:37:15,price_volume,price_volume_131,True,cloud_automated,Wednesday - Trading Hours: 11:00 AM - 3:00 PM NPT,474,Muktinath Bikas Bank Ltd.,MNBBL,58.0,5033.0,365.9,1.638888889,360.0,,,,,,,,,,,,,,,,,,,,,,7,"price_volume, live_market, summary, top_gainers, top_losers, nepse_index, supply_demand",5152
2026-07-15T13:37:15.760668+05:45,2026-07-15 13:37:15,price_volume,price_volume_132,True,cloud_automated,Wednesday - Trading Hours: 11:00 AM - 3:00 PM NPT,471,Multipurpose Finance Company  Limited,MPFL,58.0,1391.0,598.1,0.554808339,594.8,,,,,,,,,,,,,,,,,,,,,,7,"price_volume, live_market, summary, top_gainers, top_losers, nepse_index, supply_demand",5152
2026-07-15T13:37:15.760668+05:45,2026-07-15 13:37:15,price_volume,price_volume_133,True,cloud_automated,Wednesday - Trading Hours: 11:00 AM - 3:00 PM NPT,9215,Mid Solu Hydropower Limited,MSHL,58.0,576.0,599.0,-0.150025004,599.9,,,,,,,,,,,,,,,,,,,,,,7,"price_volume, live_market, summary, top_gainers, top_losers, nepse_index, supply_demand",5152
2026-07-15T13:37:15.760668+05:45,2026-07-15 13:37:15,price_volume,price_volume_134,True,cloud_automated,Wednesday - Trading Hours: 11:00 AM - 3:00 PM NPT,2768,Mahuli Laghubitta Bittiya Sanstha Limited,MSLB,58.0,208.0,1210.0,-0.73831009,1219.0,,,,,,,,,,,,,,,,,,,,,,7,"price_volume, live_market, summary, top_gainers, top_losers, nepse_index, supply_demand",5152
2026-07-15T13:37:15.760668+05:45,2026-07-15 13:37:15,price_volume,price_volume_135,True,cloud_automated,Wednesday - Trading Hours: 11:00 AM - 3:00 PM NPT,172,Narayani Development Bank Limited,NABBC,58.0,17518.0,810.0,9.770971676,737.9,,,,,,,,,,,,,,,,,,,,,,7,"price_volume, live_market, summary, top_gainers, top_losers, nepse_index, supply_demand",5152
2026-07-15T13:37:15.760668+05:45,2026-07-15 13:37:15,price_volume,price_volume_136,True,cloud_automated,Wednesday - Trading Hours: 11:00 AM - 3:00 PM NPT,131,Nabil Bank Limited,NABIL,58.0,46475.0,535.0,0.924353895,530.1,,,,,,,,,,,,,,,,,,,,,,7,"price_volume, live_market, summary, top_gainers, top_losers, nepse_index, supply_demand",5152
2026-07-15T13:37:15.760668+05:45,2026-07-15 13:37:15,price_volume,price_volume_137,True,cloud_automated,Wednesday - Trading Hours: 11:00 AM - 3:00 PM NPT,2784,Nadep Laghubittiya bittya Sanstha Ltd.,NADEP,58.0,91.0,722.0,3.113396173,700.2,,,,,,,,,,,,,,,,,,,,,,7,"price_volume, live_market, summary, top_gainers, top_losers, nepse_index, supply_demand",5152
2026-07-15T13:37:15.760668+05:45,2026-07-15 13:37:15,price_volume,price_volume_138,True,cloud_automated,Wednesday - Trading Hours: 11:00 AM - 3:00 PM NPT,517,Nepal Bank Limited,NBL,58.0,8276.0,262.0,0.769230769,260.0,,,,,,,,,,,,,,,,,,,,,,7,"price_volume, live_market, summary, top_gainers, top_losers, nepse_index, supply_demand",5152
2026-07-15T13:37:15.760668+05:45,2026-07-15 13:37:15,price_volume,price_volume_139,True,cloud_automated,Wednesday - Trading Hours: 11:00 AM - 3:00 PM NPT,8041,NESDO Sambridha Laghubitta Bittiya Sanstha Limited,NESDO,58.0,102.0,1500.0,0.334448161,1495.0,,,,,,,,,,,,,,,,,,,,,,7,"price_volume, live_market, summary, top_gainers, top_losers, nepse_index, supply_demand",5152
2026-07-15T13:37:15.760668+05:45,2026-07-15 13:37:15,price_volume,price_volume_140,True,cloud_automated,Wednesday - Trading Hours: 11:00 AM - 3:00 PM NPT,194,Nepal Finance Ltd.,NFS,58.0,5600.0,584.0,3.216684341,565.8,,,,,,,,,,,,,,,,,,,,,,7,"price_volume, live_market, summary, top_gainers, top_losers, nepse_index, supply_demand",5152
2026-07-15T13:37:15.760668+05:45,2026-07-15 13:37:15,price_volume,price_volume_141,True,cloud_automated,Wednesday - Trading Hours: 11:00 AM - 3:00 PM NPT,2743,Ngadi Group Power Ltd.,NGPL,58.0,58524.0,405.0,1.17411941,400.3,,,,,,,,,,,,,,,,,,,,,,7,"price_volume, live_market, summary, top_gainers, top_losers, nepse_index, supply_demand",5152
2026-07-15T13:37:15.760668+05:45,2026-07-15 13:37:15,price_volume,price_volume_142,True,cloud_automated,Wednesday - Trading Hours: 11:00 AM - 3:00 PM NPT,2769,Nepal Hydro Developers Ltd.,NHDL,58.0,1320.0,630.0,-0.158478605,631.0,,,,,,,,,,,,,,,,,,,,,,7,"price_volume, live_market, summary, top_gainers, top_losers, nepse_index, supply_demand",5152
2026-07-15T13:37:15.760668+05:45,2026-07-15 13:37:15,price_volume,price_volume_143,True,cloud_automated,Wednesday - Trading Hours: 11:00 AM - 3:00 PM NPT,152,National Hydro Power Company Limited,NHPC,58.0,68651.0,251.7,1.696969697,247.5,,,,,,,,,,,,,,,,,,,,,,7,"price_volume, live_market, summary, top_gainers, top_losers, nepse_index, supply_demand",5152
2026-07-15T13:37:15.760668+05:45,2026-07-15 13:37:15,price_volume,price_volume_144,True,cloud_automated,Wednesday - Trading Hours: 11:00 AM - 3:00 PM NPT,139,NIC Asia Bank Ltd.,NICA,58.0,7022.0,327.0,0.863664405,324.2,,,,,,,,,,,,,,,,,,,,,,7,"price_volume, live_market, summary, top_gainers, top_losers, nepse_index, supply_demand",5152
2026-07-15T13:37:15.760668+05:45,2026-07-15 13:37:15,price_volume,price_volume_145,True,cloud_automated,Wednesday - Trading Hours: 11:00 AM - 3:00 PM NPT,176,Nepal Insurance Co. Ltd.,NICL,58.0,4152.0,510.0,0.99009901,505.0,,,,,,,,,,,,,,,,,,,,,,7,"price_volume, live_market, summary, top_gainers, top_losers, nepse_index, supply_demand",5152
2026-07-15T13:37:15.760668+05:45,2026-07-15 13:37:15,price_volume,price_volume_146,True,cloud_automated,Wednesday - Trading Hours: 11:00 AM - 3:00 PM NPT,2887,NIC ASIA Laghubitta Bittiya Sanstha Limited,NICLBSL,58.0,688.0,545.0,0.739371534,541.0,,,,,,,,,,,,,,,,,,,,,,7,"price_volume, live_market, summary, top_gainers, top_losers, nepse_index, supply_demand",5152
2026-07-15T13:37:15.760668+05:45,2026-07-15 13:37:15,price_volume,price_volume_147,True,cloud_automated,Wednesday - Trading Hours: 11:00 AM - 3:00 PM NPT,2919,Nepal Infrastructure Bank Limited,NIFRA,58.0,17537.0,247.0,1.022494888,244.5,,,,,,,,,,,,,,,,,,,,,,7,"price_volume, live_market, summary, top_gainers, top_losers, nepse_index, supply_demand",5152
2026-07-15T13:37:15.760668+05:45,2026-07-15 13:37:15,price_volume,price_volume_148,True,cloud_automated,Wednesday - Trading Hours: 11:00 AM - 3:00 PM NPT,183,Neco Insurance Limited,NIL,58.0,1112.0,614.0,0.0,614.0,,,,,,,,,,,,,,,,,,,,,,7,"price_volume, live_market, summary, top_gainers, top_losers, nepse_index, supply_demand",5152
2026-07-15T13:37:15.760668+05:45,2026-07-15 13:37:15,price_volume,price_volume_149,True,cloud_automated,Wednesday - Trading Hours: 11:00 AM - 3:00 PM NPT,132,Nepal Investment Mega Bank Limited,NIMB,58.0,83450.0,191.5,1.269169751,189.1,,,,,,,,,,,,,,,,,,,,,,7,"price_volume, live_market, summary, top_gainers, top_losers, nepse_index, supply_demand",5152
2026-07-15T13:37:15.760668+05:45,2026-07-15 13:37:15,price_volume,price_volume_150,True,cloud_automated,Wednesday - Trading Hours: 11:00 AM - 3:00 PM NPT,559,NLG Insurance Company Ltd.,NLG,58.0,2067.0,583.0,1.391304348,575.0,,,,,,,,,,,,,,,,,,,,,,7,"price_volume, live_market, summary, top_gainers, top_losers, nepse_index, supply_demand",5152
2026-07-15T13:37:15.760668+05:45,2026-07-15 13:37:15,price_volume,price_volume_151,True,cloud_automated,Wednesday - Trading Hours: 11:00 AM - 3:00 PM NPT,187,Nepal Life Insurance Co. Ltd.,NLIC,58.0,28273.0,743.1,0.391786004,740.2,,,,,,,,,,,,,,,,,,,,,,7,"price_volume, live_market, summary, top_gainers, top_losers, nepse_index, supply_demand",5152
2026-07-15T13:37:15.760668+05:45,2026-07-15 13:37:15,price_volume,price_volume_152,True,cloud_automated,Wednesday - Trading Hours: 11:00 AM - 3:00 PM NPT,178,National Life Insurance Co. Ltd.,NLICL,58.0,1843.0,572.0,0.175131349,571.0,,,,,,,,,,,,,,,,,,,,,,7,"price_volume, live_market, summary, top_gainers, top_losers, nepse_index, supply_demand",5152
2026-07-15T13:37:15.760668+05:45,2026-07-15 13:37:15,price_volume,price_volume_153,True,cloud_automated,Wednesday - Trading Hours: 11:00 AM - 3:00 PM NPT,238,NMB Bank Limited,NMB,58.0,106029.0,237.9,1.234042553,235.0,,,,,,,,,,,,,,,,,,,,,,7,"price_volume, live_market, summary, top_gainers, top_losers, nepse_index, supply_demand",5152
2026-07-15T13:37:15.760668+05:45,2026-07-15 13:37:15,price_volume,price_volume_154,True,cloud_automated,Wednesday - Trading Hours: 11:00 AM - 3:00 PM NPT,704,NMB  Microfinance Bittiya Sanstha Ltd.,NMBMF,58.0,128.0,610.0,1.683613936,599.9,,,,,,,,,,,,,,,,,,,,,,7,"price_volume, live_market, summary, top_gainers, top_losers, nepse_index, supply_demand",5152
2026-07-15T13:37:15.760668+05:45,2026-07-15 13:37:15,price_volume,price_volume_155,True,cloud_automated,Wednesday - Trading Hours: 11:00 AM - 3:00 PM NPT,2746,National Laghubitta Bittiya Sanstha Limited,NMFBS,58.0,698.0,1103.1,-0.352303523,1107.0,,,,,,,,,,,,,,,,,,,,,,7,"price_volume, live_market, summary, top_gainers, top_losers, nepse_index, supply_demand",5152
2026-07-15T13:37:15.760668+05:45,2026-07-15 13:37:15,price_volume,price_volume_156,True,cloud_automated,Wednesday - Trading Hours: 11:00 AM - 3:00 PM NPT,9250,Nepal Micro Insurance Company Limited,NMIC,58.0,446.0,890.1,0.349492672,887.0,,,,,,,,,,,,,,,,,,,,,,7,"price_volume, live_market, summary, top_gainers, top_losers, nepse_index, supply_demand",5152
2026-07-15T13:37:15.760668+05:45,2026-07-15 13:37:15,price_volume,price_volume_157,True,cloud_automated,Wednesday - Trading Hours: 11:00 AM - 3:00 PM NPT,396,Nerude Mirmire Laghubitta Bittiya Sanstha Limited,NMLBBL,58.0,300.0,530.0,0.760456274,526.0,,,,,,,,,,,,,,,,,,,,,,7,"price_volume, live_market, summary, top_gainers, top_losers, nepse_index, supply_demand",5152
2026-07-15T13:37:15.760668+05:45,2026-07-15 13:37:15,price_volume,price_volume_158,True,cloud_automated,Wednesday - Trading Hours: 11:00 AM - 3:00 PM NPT,2881,Nepal Reinsurance Company Limited,NRIC,58.0,24857.0,935.0,1.19047619,924.0,,,,,,,,,,,,,,,,,,,,,,7,"price_volume, live_market, summary, top_gainers, top_losers, nepse_index, supply_demand",5152
2026-07-15T13:37:15.760668+05:45,2026-07-15 13:37:15,price_volume,price_volume_159,True,cloud_automated,Wednesday - Trading Hours: 11:00 AM - 3:00 PM NPT,9183,Nepal Republic Media Limited,NRM,58.0,6022.0,310.0,2.955828628,301.1,,,,,,,,,,,,,,,,,,,,,,7,"price_volume, live_market, summary, top_gainers, top_losers, nepse_index, supply_demand",5152
2026-07-15T13:37:15.760668+05:45,2026-07-15 13:37:15,price_volume,price_volume_160,True,cloud_automated,Wednesday - Trading Hours: 11:00 AM - 3:00 PM NPT,2898,NRN Infrastructure and Development Limited,NRN,58.0,8834.0,1364.0,1.329767476,1346.1,,,,,,,,,,,,,,,,,,,,,,7,"price_volume, live_market, summary, top_gainers, top_losers, nepse_index, supply_demand",5152
2026-07-15T13:37:15.760668+05:45,2026-07-15 13:37:15,price_volume,price_volume_161,True,cloud_automated,Wednesday - Trading Hours: 11:00 AM - 3:00 PM NPT,307,Nepal Doorsanchar Company Limited,NTC,58.0,2477.0,857.0,0.716888001,850.9,,,,,,,,,,,,,,,,,,,,,,7,"price_volume, live_market, summary, top_gainers, top_losers, nepse_index, supply_demand",5152
2026-07-15T13:37:15.760668+05:45,2026-07-15 13:37:15,price_volume,price_volume_162,True,cloud_automated,Wednesday - Trading Hours: 11:00 AM - 3:00 PM NPT,163,Nirdhan Utthan Laghubitta Bittiya Sanstha Limited,NUBL,58.0,4872.0,590.0,-0.840336134,595.0,,,,,,,,,,,,,,,,,,,,,,7,"price_volume, live_market, summary, top_gainers, top_losers, nepse_index, supply_demand",5152
2026-07-15T13:37:15.760668+05:45,2026-07-15 13:37:15,price_volume,price_volume_163,True,cloud_automated,Wednesday - Trading Hours: 11:00 AM - 3:00 PM NPT,9233,Nepal Warehousing Company Limited ,NWCL,58.0,1259.0,703.0,-0.283687943,705.0,,,,,,,,,,,,,,,,,,,,,,7,"price_volume, live_market, summary, top_gainers, top_losers, nepse_index, supply_demand",5152
2026-07-15T13:37:15.760668+05:45,2026-07-15 13:37:15,price_volume,price_volume_164,True,cloud_automated,Wednesday - Trading Hours: 11:00 AM - 3:00 PM NPT,8026,Nyadi Hydropower Limited,NYADI,58.0,3801.0,365.0,2.528089888,356.0,,,,,,,,,,,,,,,,,,,,,,7,"price_volume, live_market, summary, top_gainers, top_losers, nepse_index, supply_demand",5152
2026-07-15T13:37:15.760668+05:45,2026-07-15 13:37:15,price_volume,price_volume_165,True,cloud_automated,Wednesday - Trading Hours: 11:00 AM - 3:00 PM NPT,149,Oriental Hotels Limited,OHL,58.0,145.0,676.0,0.895522388,670.0,,,,,,,,,,,,,,,,,,,,,,7,"price_volume, live_market, summary, top_gainers, top_losers, nepse_index, supply_demand",5152
2026-07-15T13:37:15.760668+05:45,2026-07-15 13:37:15,price_volume,price_volume_166,True,cloud_automated,Wednesday - Trading Hours: 11:00 AM - 3:00 PM NPT,9256,Om Megashree Pharmaceuticals Limited,OMPL,58.0,3081.0,885.0,1.502465879,871.9,,,,,,,,,,,,,,,,,,,,,,7,"price_volume, live_market, summary, top_gainers, top_losers, nepse_index, supply_demand",5152
2026-07-15T13:37:15.760668+05:45,2026-07-15 13:37:15,price_volume,price_volume_167,True,cloud_automated,Wednesday - Trading Hours: 11:00 AM - 3:00 PM NPT,357,Prime Commercial Bank Ltd.,PCBL,58.0,16861.0,231.0,0.785340314,229.2,,,,,,,,,,,,,,,,,,,,,,7,"price_volume, live_market, summary, top_gainers, top_losers, nepse_index, supply_demand",5152
2026-07-15T13:37:15.760668+05:45,2026-07-15 13:37:15,price_volume,price_volume_168,True,cloud_automated,Wednesday - Trading Hours: 11:00 AM - 3:00 PM NPT,9330,Palpa Cement Industries Limited,PCIL,58.0,10848.0,590.0,0.050873325,589.7,,,,,,,,,,,,,,,,,,,,,,7,"price_volume, live_market, summary, top_gainers, top_losers, nepse_index, supply_demand",5152
2026-07-15T13:37:15.760668+05:45,2026-07-15 13:37:15,price_volume,price_volume_169,True,cloud_automated,Wednesday - Trading Hours: 11:00 AM - 3:00 PM NPT,8133,Peoples Hydropower Company Limited,PHCL,58.0,12121.0,293.0,1.069334253,289.9,,,,,,,,,,,,,,,,,,,,,,7,"price_volume, live_market, summary, top_gainers, top_losers, nepse_index, supply_demand",5152
2026-07-15T13:37:15.760668+05:45,2026-07-15 13:37:15,price_volume,price_volume_170,True,cloud_automated,Wednesday - Trading Hours: 11:00 AM - 3:00 PM NPT,2786,Panchakanya Mai Hydropower Ltd,PMHPL,58.0,1315.0,311.0,0.647249191,309.0,,,,,,,,,,,,,,,,,,,,,,7,"price_volume, live_market, summary, top_gainers, top_losers, nepse_index, supply_demand",5152
2026-07-15T13:37:15.760668+05:45,2026-07-15 13:37:15,price_volume,price_volume_171,True,cloud_automated,Wednesday - Trading Hours: 11:00 AM - 3:00 PM NPT,2915,Prabhu Mahalaxmi Life Insurance Limited,PMLI,58.0,1314.0,440.0,0.917431193,436.0,,,,,,,,,,,,,,,,,,,,,,7,"price_volume, live_market, summary, top_gainers, top_losers, nepse_index, supply_demand",5152
2026-07-15T13:37:15.760668+05:45,2026-07-15 13:37:15,price_volume,price_volume_172,True,cloud_automated,Wednesday - Trading Hours: 11:00 AM - 3:00 PM NPT,2813,Panchthar Power Compant Limited,PPCL,58.0,1132.0,328.5,1.076923077,325.0,,,,,,,,,,,,,,,,,,,,,,7,"price_volume, live_market, summary, top_gainers, top_losers, nepse_index, supply_demand",5152
2026-07-15T13:37:15.760668+05:45,2026-07-15 13:37:15,price_volume,price_volume_173,True,cloud_automated,Wednesday - Trading Hours: 11:00 AM - 3:00 PM NPT,8122,People's Power Limited,PPL,58.0,6985.0,323.1,0.37278658,321.9,,,,,,,,,,,,,,,,,,,,,,7,"price_volume, live_market, summary, top_gainers, top_losers, nepse_index, supply_demand",5152
2026-07-15T13:37:15.760668+05:45,2026-07-15 13:37:15,price_volume,price_volume_174,True,cloud_automated,Wednesday - Trading Hours: 11:00 AM - 3:00 PM NPT,184,Prabhu Insurance Ltd.,PRIN,58.0,611.0,680.0,0.294985251,678.0,,,,,,,,,,,,,,,,,,,,,,7,"price_volume, live_market, summary, top_gainers, top_losers, nepse_index, supply_demand",5152
2026-07-15T13:37:15.760668+05:45,2026-07-15 13:37:15,price_volume,price_volume_175,True,cloud_automated,Wednesday - Trading Hours: 11:00 AM - 3:00 PM NPT,338,Progressive Finance Limited,PROFL,58.0,7717.0,431.0,1.411764706,425.0,,,,,,,,,,,,,,,,,,,,,,7,"price_volume, live_market, summary, top_gainers, top_losers, nepse_index, supply_demand",5152
2026-07-15T13:37:15.760668+05:45,2026-07-15 13:37:15,price_volume,price_volume_176,True,cloud_automated,Wednesday - Trading Hours: 11:00 AM - 3:00 PM NPT,255,Prabhu  Bank Limited,PRVU,58.0,36603.0,190.1,1.117021277,188.0,,,,,,,,,,,,,,,,,,,,,,7,"price_volume, live_market, summary, top_gainers, top_losers, nepse_index, supply_demand",5152
2026-07-15T13:37:15.760668+05:45,2026-07-15 13:37:15,price_volume,price_volume_177,True,cloud_automated,Wednesday - Trading Hours: 11:00 AM - 3:00 PM NPT,9258,Pure Energy Limited,PURE,58.0,1553.0,735.1,-0.662162162,740.0,,,,,,,,,,,,,,,,,,,,,,7,"price_volume, live_market, summary, top_gainers, top_losers, nepse_index, supply_demand",5152
2026-07-15T13:37:15.760668+05:45,2026-07-15 13:37:15,price_volume,price_volume_178,True,cloud_automated,Wednesday - Trading Hours: 11:00 AM - 3:00 PM NPT,2776,Radhi Bidyut Company Ltd,RADHI,58.0,38835.0,708.0,1.870503597,695.0,,,,,,,,,,,,,,,,,,,,,,7,"price_volume, live_market, summary, top_gainers, top_losers, nepse_index, supply_demand",5152
2026-07-15T13:37:15.760668+05:45,2026-07-15 13:37:15,price_volume,price_volume_179,True,cloud_automated,Wednesday - Trading Hours: 11:00 AM - 3:00 PM NPT,9181,Rawa Energy Development Limited,RAWA,58.0,14564.0,418.0,1.480941976,411.9,,,,,,,,,,,,,,,,,,,,,,7,"price_volume, live_market, summary, top_gainers, top_losers, nepse_index, supply_demand",5152
2026-07-15T13:37:15.760668+05:45,2026-07-15 13:37:15,price_volume,price_volume_180,True,cloud_automated,Wednesday - Trading Hours: 11:00 AM - 3:00 PM NPT,8066,River Falls Power Limited,RFPL,58.0,3464.0,325.2,1.087970159,321.7,,,,,,,,,,,,,,,,,,,,,,7,"price_volume, live_market, summary, top_gainers, top_losers, nepse_index, supply_demand",5152
2026-07-15T13:37:15.760668+05:45,2026-07-15 13:37:15,price_volume,price_volume_181,True,cloud_automated,Wednesday - Trading Hours: 11:00 AM - 3:00 PM NPT,8108,Rapti Hydro And General Construction Limited,RHGCL,58.0,4818.0,251.4,0.963855422,249.0,,,,,,,,,,,,,,,,,,,,,,7,"price_volume, live_market, summary, top_gainers, top_losers, nepse_index, supply_demand",5152
2026-07-15T13:37:15.760668+05:45,2026-07-15 13:37:15,price_volume,price_volume_182,True,cloud_automated,Wednesday - Trading Hours: 11:00 AM - 3:00 PM NPT,2841,RASUWAGADHI HYDROPOWER COMPANY LIMITED,RHPL,58.0,2792.0,256.4,0.509604077,255.1,,,,,,,,,,,,,,,,,,,,,,7,"price_volume, live_market, summary, top_gainers, top_losers, nepse_index, supply_demand",5152
2026-07-15T13:37:15.760668+05:45,2026-07-15 13:37:15,price_volume,price_volume_183,True,cloud_automated,Wednesday - Trading Hours: 11:00 AM - 3:00 PM NPT,610,Ridi Power Company Limited,RIDI,58.0,92292.0,326.0,3.164556962,316.0,,,,,,,,,,,,,,,,,,,,,,7,"price_volume, live_market, summary, top_gainers, top_losers, nepse_index, supply_demand",5152
2026-07-15T13:37:15.760668+05:45,2026-07-15 13:37:15,price_volume,price_volume_184,True,cloud_automated,Wednesday - Trading Hours: 11:00 AM - 3:00 PM NPT,9324,Ridge Line Energy Limited,RLEL,58.0,2026.0,740.1,0.968622101,733.0,,,,,,,,,,,,,,,,,,,,,,7,"price_volume, live_market, summary, top_gainers, top_losers, nepse_index, supply_demand",5152
2026-07-15T13:37:15.760668+05:45,2026-07-15 13:37:15,price_volume,price_volume_185,True,cloud_automated,Wednesday - Trading Hours: 11:00 AM - 3:00 PM NPT,587,Reliance Finance Ltd.,RLFL,58.0,17240.0,455.9,1.086474501,451.0,,,,,,,,,,,,,,,,,,,,,,7,"price_volume, live_market, summary, top_gainers, top_losers, nepse_index, supply_demand",5152
2026-07-15T13:37:15.760668+05:45,2026-07-15 13:37:15,price_volume,price_volume_186,True,cloud_automated,Wednesday - Trading Hours: 11:00 AM - 3:00 PM NPT,9199,Reliable Nepal Life Insurance Limited,RNLI,58.0,2802.0,442.1,0.477272727,440.0,,,,,,,,,,,,,,,,,,,,,,7,"price_volume, live_market, summary, top_gainers, top_losers, nepse_index, supply_demand",5152
2026-07-15T13:37:15.760668+05:45,2026-07-15 13:37:15,price_volume,price_volume_187,True,cloud_automated,Wednesday - Trading Hours: 11:00 AM - 3:00 PM NPT,2748,RSDC Laghubitta Bittiya Sanstha Ltd.,RSDC,58.0,212.0,638.0,0.949367089,632.0,,,,,,,,,,,,,,,,,,,,,,7,"price_volume, live_market, summary, top_gainers, top_losers, nepse_index, supply_demand",5152
2026-07-15T13:37:15.760668+05:45,2026-07-15 13:37:15,price_volume,price_volume_188,True,cloud_automated,Wednesday - Trading Hours: 11:00 AM - 3:00 PM NPT,9306,Reliance Spinning Mills Limited,RSML,58.0,13102.0,3023.0,-0.066115702,3025.0,,,,,,,,,,,,,,,,,,,,,,7,"price_volume, live_market, summary, top_gainers, top_losers, nepse_index, supply_demand",5152
2026-07-15T13:37:15.760668+05:45,2026-07-15 13:37:15,price_volume,price_volume_189,True,cloud_automated,Wednesday - Trading Hours: 11:00 AM - 3:00 PM NPT,2935,Ru Ru Jalbidhyut Pariyojana Limited,RURU,58.0,1110.0,608.0,-1.138211382,615.0,,,,,,,,,,,,,,,,,,,,,,7,"price_volume, live_market, summary, top_gainers, top_losers, nepse_index, supply_demand",5152
2026-07-15T13:37:15.760668+05:45,2026-07-15 13:37:15,price_volume,price_volume_190,True,cloud_automated,Wednesday - Trading Hours: 11:00 AM - 3:00 PM NPT,9305,Salapa Bikas Bank Limited,SABBL,58.0,4410.0,849.9,0.998217469,841.5,,,,,,,,,,,,,,,,,,,,,,7,"price_volume, live_market, summary, top_gainers, top_losers, nepse_index, supply_demand",5152
2026-07-15T13:37:15.760668+05:45,2026-07-15 13:37:15,price_volume,price_volume_191,True,cloud_automated,Wednesday - Trading Hours: 11:00 AM - 3:00 PM NPT,472,Shangrila Development Bank Ltd.,SADBL,58.0,2999.0,400.0,0.984599849,396.1,,,,,,,,,,,,,,,,,,,,,,7,"price_volume, live_market, summary, top_gainers, top_losers, nepse_index, supply_demand",5152
2026-07-15T13:37:15.760668+05:45,2026-07-15 13:37:15,price_volume,price_volume_192,True,cloud_automated,Wednesday - Trading Hours: 11:00 AM - 3:00 PM NPT,9294,Sagar Distillery Limited,SAGAR,58.0,6291.0,1580.0,3.403141361,1528.0,,,,,,,,,,,,,,,,,,,,,,7,"price_volume, live_market, summary, top_gainers, top_losers, nepse_index, supply_demand",5152
2026-07-15T13:37:15.760668+05:45,2026-07-15 13:37:15,price_volume,price_volume_193,True,cloud_automated,Wednesday - Trading Hours: 11:00 AM - 3:00 PM NPT,8021,Sahas Urja Limited,SAHAS,58.0,45708.0,640.0,0.739807965,635.3,,,,,,,,,,,,,,,,,,,,,,7,"price_volume, live_market, summary, top_gainers, top_losers, nepse_index, supply_demand",5152
2026-07-15T13:37:15.760668+05:45,2026-07-15 13:37:15,price_volume,price_volume_194,True,cloud_automated,Wednesday - Trading Hours: 11:00 AM - 3:00 PM NPT,9301,Shreenagar Agritech Industries Limited,SAIL,58.0,8610.0,855.0,1.664684899,841.0,,,,,,,,,,,,,,,,,,,,,,7,"price_volume, live_market, summary, top_gainers, top_losers, nepse_index, supply_demand",5152
2026-07-15T13:37:15.760668+05:45,2026-07-15 13:37:15,price_volume,price_volume_195,True,cloud_automated,Wednesday - Trading Hours: 11:00 AM - 3:00 PM NPT,185,Sagarmatha Lumbini Insurance Co. Limited,SALICO,58.0,1079.0,585.2,0.896551724,580.0,,,,,,,,,,,,,,,,,,,,,,7,"price_volume, live_market, summary, top_gainers, top_losers, nepse_index, supply_demand",5152
2026-07-15T13:37:15.760668+05:45,2026-07-15 13:37:15,price_volume,price_volume_196,True,cloud_automated,Wednesday - Trading Hours: 11:00 AM - 3:00 PM NPT,171,Sanima Bank Limited,SANIMA,58.0,28875.0,351.0,1.739130435,345.0,,,,,,,,,,,,,,,,,,,,,,7,"price_volume, live_market, summary, top_gainers, top_losers, nepse_index, supply_demand",5152
2026-07-15T13:37:15.760668+05:45,2026-07-15 13:37:15,price_volume,price_volume_197,True,cloud_automated,Wednesday - Trading Hours: 11:00 AM - 3:00 PM NPT,9263,Sanvi Energy Limited,SANVI,58.0,1793.0,573.5,0.79086116,569.0,,,,,,,,,,,,,,,,,,,,,,7,"price_volume, live_market, summary, top_gainers, top_losers, nepse_index, supply_demand",5152
2026-07-15T13:37:15.760668+05:45,2026-07-15 13:37:15,price_volume,price_volume_198,True,cloud_automated,Wednesday - Trading Hours: 11:00 AM - 3:00 PM NPT,2860,Saptakoshi Development Bank Ltd,SAPDBL,58.0,4389.0,736.0,2.222222222,720.0,,,,,,,,,,,,,,,,,,,,,,7,"price_volume, live_market, summary, top_gainers, top_losers, nepse_index, supply_demand",5152
2026-07-15T13:37:15.760668+05:45,2026-07-15 13:37:15,price_volume,price_volume_199,True,cloud_automated,Wednesday - Trading Hours: 11:00 AM - 3:00 PM NPT,9242,Sarbottam Cement Limited,SARBTM,58.0,8390.0,775.0,0.012904891,774.9,,,,,,,,,,,,,,,,,,,,,,7,"price_volume, live_market, summary, top_gainers, top_losers, nepse_index, supply_demand",5152
2026-07-15T13:37:15.760668+05:45,2026-07-15 13:37:15,price_volume,price_volume_200,True,cloud_automated,Wednesday - Trading Hours: 11:00 AM - 3:00 PM NPT,135,Nepal SBI Bank Limited,SBI,58.0,7998.0,387.4,-0.385703266,388.9,,,,,,,,,,,,,,,,,,,,,,7,"price_volume, live_market, summary, top_gainers, top_losers, nepse_index, supply_demand",5152
2026-07-15T13:37:15.760668+05:45,2026-07-15 13:37:15,price_volume,price_volume_201,True,cloud_automated,Wednesday - Trading Hours: 11:00 AM - 3:00 PM NPT,145,Siddhartha Bank Limited,SBL,58.0,366568.0,386.1,0.025906736,386.0,,,,,,,,,,,,,,,,,,,,,,7,"price_volume, live_market, summary, top_gainers, top_losers, nepse_index, supply_demand",5152
2026-07-15T13:37:15.760668+05:45,2026-07-15 13:37:15,price_volume,price_volume_202,True,cloud_automated,Wednesday - Trading Hours: 11:00 AM - 3:00 PM NPT,133,Standard Chartered Bank Limited,SCB,58.0,1371.0,638.6,0.487804878,635.5,,,,,,,,,,,,,,,,,,,,,,7,"price_volume, live_market, summary, top_gainers, top_losers, nepse_index, supply_demand",5152
2026-07-15T13:37:15.760668+05:45,2026-07-15 13:37:15,price_volume,price_volume_203,True,cloud_automated,Wednesday - Trading Hours: 11:00 AM - 3:00 PM NPT,8100,Swet-Ganga Hydropower & Construction Limited ,SGHC,58.0,11336.0,330.0,0.609756098,328.0,,,,,,,,,,,,,,,,,,,,,,7,"price_volume, live_market, summary, top_gainers, top_losers, nepse_index, supply_demand",5152
2026-07-15T13:37:15.760668+05:45,2026-07-15 13:37:15,price_volume,price_volume_204,True,cloud_automated,Wednesday - Trading Hours: 11:00 AM - 3:00 PM NPT,9345,Sanigad Hydro Limited,SGHL,58.0,36051.0,474.9,2.903575298,461.5,,,,,,,,,,,,,,,,,,,,,,7,"price_volume, live_market, summary, top_gainers, top_losers, nepse_index, supply_demand",5152
2026-07-15T13:37:15.760668+05:45,2026-07-15 13:37:15,price_volume,price_volume_205,True,cloud_automated,Wednesday - Trading Hours: 11:00 AM - 3:00 PM NPT,2908,Sanima GIC Insurance Limited,SGIC,58.0,7274.0,456.3,0.197628458,455.4,,,,,,,,,,,,,,,,,,,,,,7,"price_volume, live_market, summary, top_gainers, top_losers, nepse_index, supply_demand",5152
2026-07-15T13:37:15.760668+05:45,2026-07-15 13:37:15,price_volume,price_volume_206,True,cloud_automated,Wednesday - Trading Hours: 11:00 AM - 3:00 PM NPT,2934,Singati Hydro Energy Limited,SHEL,58.0,168748.0,298.0,2.054794521,292.0,,,,,,,,,,,,,,,,,,,,,,7,"price_volume, live_market, summary, top_gainers, top_losers, nepse_index, supply_demand",5152
2026-07-15T13:37:15.760668+05:45,2026-07-15 13:37:15,price_volume,price_volume_207,True,cloud_automated,Wednesday - Trading Hours: 11:00 AM - 3:00 PM NPT,473,Shine Resunga Development Bank Ltd.,SHINE,58.0,10366.0,401.0,1.033005795,396.9,,,,,,,,,,,,,,,,,,,,,,7,"price_volume, live_market, summary, top_gainers, top_losers, nepse_index, supply_demand",5152
2026-07-15T13:37:15.760668+05:45,2026-07-15 13:37:15,price_volume,price_volume_208,True,cloud_automated,Wednesday - Trading Hours: 11:00 AM - 3:00 PM NPT,2809,SHIVAM CEMENTS LTD,SHIVM,58.0,49156.0,620.6,0.258481422,619.0,,,,,,,,,,,,,,,,,,,,,,7,"price_volume, live_market, summary, top_gainers, top_losers, nepse_index, supply_demand",5152
2026-07-15T13:37:15.760668+05:45,2026-07-15 13:37:15,price_volume,price_volume_209,True,cloud_automated,Wednesday - Trading Hours: 11:00 AM - 3:00 PM NPT,147,Soaltee Hotel Limited,SHL,58.0,15340.0,488.5,0.514403292,486.0,,,,,,,,,,,,,,,,,,,,,,7,"price_volume, live_market, summary, top_gainers, top_losers, nepse_index, supply_demand",5152
2026-07-15T13:37:15.760668+05:45,2026-07-15 13:37:15,price_volume,price_volume_210,True,cloud_automated,Wednesday - Trading Hours: 11:00 AM - 3:00 PM NPT,8132,Shrijanshil Laghubitta Bittiya Sanstha Limited,SHLB,58.0,110.0,1479.9,2.415224913,1445.0,,,,,,,,,,,,,,,,,,,,,,7,"price_volume, live_market, summary, top_gainers, top_losers, nepse_index, supply_demand",5152
2026-07-15T13:37:15.760668+05:45,2026-07-15 13:37:15,price_volume,price_volume_211,True,cloud_automated,Wednesday - Trading Hours: 11:00 AM - 3:00 PM NPT,591,Sanima Mai Hydropower Ltd.,SHPC,58.0,6901.0,491.0,1.341589267,484.5,,,,,,,,,,,,,,,,,,,,,,7,"price_volume, live_market, summary, top_gainers, top_losers, nepse_index, supply_demand",5152
2026-07-15T13:37:15.760668+05:45,2026-07-15 13:37:15,price_volume,price_volume_212,True,cloud_automated,Wednesday - Trading Hours: 11:00 AM - 3:00 PM NPT,192,Shikhar Insurance Co. Ltd.,SICL,58.0,5909.0,612.0,0.558659218,608.6,,,,,,,,,,,,,,,,,,,,,,7,"price_volume, live_market, summary, top_gainers, top_losers, nepse_index, supply_demand",5152
2026-07-15T13:37:15.760668+05:45,2026-07-15 13:37:15,price_volume,price_volume_213,True,cloud_automated,Wednesday - Trading Hours: 11:00 AM - 3:00 PM NPT,244,Shree Investment Finance Co. Ltd.,SIFC,58.0,1108.0,515.0,1.57790927,507.0,,,,,,,,,,,,,,,,,,,,,,7,"price_volume, live_market, summary, top_gainers, top_losers, nepse_index, supply_demand",5152
2026-07-15T13:37:15.760668+05:45,2026-07-15 13:37:15,price_volume,price_volume_214,True,cloud_automated,Wednesday - Trading Hours: 11:00 AM - 3:00 PM NPT,8126,Sikles Hydropower Limited,SIKLES,58.0,2058.0,550.1,1.121323529,544.0,,,,,,,,,,,,,,,,,,,,,,7,"price_volume, live_market, summary, top_gainers, top_losers, nepse_index, supply_demand",5152
2026-07-15T13:37:15.760668+05:45,2026-07-15 13:37:15,price_volume,price_volume_215,True,cloud_automated,Wednesday - Trading Hours: 11:00 AM - 3:00 PM NPT,561,Sindhu Bikash Bank Ltd,SINDU,58.0,3726.0,679.0,0.01472971,678.9,,,,,,,,,,,,,,,,,,,,,,7,"price_volume, live_market, summary, top_gainers, top_losers, nepse_index, supply_demand",5152
2026-07-15T13:37:15.760668+05:45,2026-07-15 13:37:15,price_volume,price_volume_216,True,cloud_automated,Wednesday - Trading Hours: 11:00 AM - 3:00 PM NPT,9329,Shikhar power Development Limited,SIPD,58.0,2915.0,568.2,-0.298297947,569.9,,,,,,,,,,,,,,,,,,,,,,7,"price_volume, live_market, summary, top_gainers, top_losers, nepse_index, supply_demand",5152
2026-07-15T13:37:15.760668+05:45,2026-07-15 13:37:15,price_volume,price_volume_217,True,cloud_automated,Wednesday - Trading Hours: 11:00 AM - 3:00 PM NPT,2842,SANJEN JALAVIDHYUT COMPANY LIMITED,SJCL,58.0,2891.0,269.3,1.240601504,266.0,,,,,,,,,,,,,,,,,,,,,,7,"price_volume, live_market, summary, top_gainers, top_losers, nepse_index, supply_demand",5152
2026-07-15T13:37:15.760668+05:45,2026-07-15 13:37:15,price_volume,price_volume_218,True,cloud_automated,Wednesday - Trading Hours: 11:00 AM - 3:00 PM NPT,403,SuryaJyoti Life Insurance Company Limited,SJLIC,58.0,4006.0,409.1,0.466601179,407.2,,,,,,,,,,,,,,,,,,,,,,7,"price_volume, live_market, summary, top_gainers, top_losers, nepse_index, supply_demand",5152
2026-07-15T13:37:15.760668+05:45,2026-07-15 13:37:15,price_volume,price_volume_219,True,cloud_automated,Wednesday - Trading Hours: 11:00 AM - 3:00 PM NPT,574,Sana Kisan Bikas Laghubitta Bittiya Sanstha Limited,SKBBL,58.0,12001.0,748.4,0.456375839,745.0,,,,,,,,,,,,,,,,,,,,,,7,"price_volume, live_market, summary, top_gainers, top_losers, nepse_index, supply_demand",5152
2026-07-15T13:37:15.760668+05:45,2026-07-15 13:37:15,price_volume,price_volume_220,True,cloud_automated,Wednesday - Trading Hours: 11:00 AM - 3:00 PM NPT,9325,Suryakunda Hydro Electric Limited,SKHEL,58.0,1407.0,875.4,0.171644353,873.9,,,,,,,,,,,,,,,,,,,,,,7,"price_volume, live_market, summary, top_gainers, top_losers, nepse_index, supply_demand",5152
2026-07-15T13:37:15.760668+05:45,2026-07-15 13:37:15,price_volume,price_volume_221,True,cloud_automated,Wednesday - Trading Hours: 11:00 AM - 3:00 PM NPT,9323,Super Khudi Hydropower Limited,SKHL,58.0,4127.0,809.0,0.247831475,807.0,,,,,,,,,,,,,,,,,,,,,,7,"price_volume, live_market, summary, top_gainers, top_losers, nepse_index, supply_demand",5152
2026-07-15T13:37:15.760668+05:45,2026-07-15 13:37:15,price_volume,price_volume_222,True,cloud_automated,Wednesday - Trading Hours: 11:00 AM - 3:00 PM NPT,545,Swarojgar Laghubitta Bittiya Sanstha Ltd.,SLBBL,58.0,460.0,790.0,0.868232891,783.2,,,,,,,,,,,,,,,,,,,,,,7,"price_volume, live_market, summary, top_gainers, top_losers, nepse_index, supply_demand",5152
2026-07-15T13:37:15.760668+05:45,2026-07-15 13:37:15,price_volume,price_volume_223,True,cloud_automated,Wednesday - Trading Hours: 11:00 AM - 3:00 PM NPT,2804,Samudayik Laghubitta Bittiya Sanstha Limited,SLBSL,58.0,240.0,1120.0,1.818181818,1100.0,,,,,,,,,,,,,,,,,,,,,,7,"price_volume, live_market, summary, top_gainers, top_losers, nepse_index, supply_demand",5152
2026-07-15T13:37:15.760668+05:45,2026-07-15 13:37:15,price_volume,price_volume_224,True,cloud_automated,Wednesday - Trading Hours: 11:00 AM - 3:00 PM NPT,2761,Samata Gharelu Laghubitta Bittiya Sanstha Limited,SMATA,58.0,592.0,738.0,1.095890411,730.0,,,,,,,,,,,,,,,,,,,,,,7,"price_volume, live_market, summary, top_gainers, top_losers, nepse_index, supply_demand",5152
2026-07-15T13:37:15.760668+05:45,2026-07-15 13:37:15,price_volume,price_volume_225,True,cloud_automated,Wednesday - Trading Hours: 11:00 AM - 3:00 PM NPT,2771,Support Microfinance Bittiya Sanstha Ltd.,SMB,58.0,322.0,1835.9,2.891890377,1784.3,,,,,,,,,,,,,,,,,,,,,,7,"price_volume, live_market, summary, top_gainers, top_losers, nepse_index, supply_demand",5152
2026-07-15T13:37:15.760668+05:45,2026-07-15 13:37:15,price_volume,price_volume_226,True,cloud_automated,Wednesday - Trading Hours: 11:00 AM - 3:00 PM NPT,2829,Swabhimaan Laghubitta Bittiya Sanstha Limited,SMFBS,58.0,232.0,1545.0,1.046435579,1529.0,,,,,,,,,,,,,,,,,,,,,,7,"price_volume, live_market, summary, top_gainers, top_losers, nepse_index, supply_demand",5152
2026-07-15T13:37:15.760668+05:45,2026-07-15 13:37:15,price_volume,price_volume_227,True,cloud_automated,Wednesday - Trading Hours: 11:00 AM - 3:00 PM NPT,9148,Super Mai Hydropower Limited,SMH,58.0,6530.0,496.6,-0.080482897,497.0,,,,,,,,,,,,,,,,,,,,,,7,"price_volume, live_market, summary, top_gainers, top_losers, nepse_index, supply_demand",5152
2026-07-15T13:37:15.760668+05:45,2026-07-15 13:37:15,price_volume,price_volume_228,True,cloud_automated,Wednesday - Trading Hours: 11:00 AM - 3:00 PM NPT,9146,Super Madi Hydropower Limited,SMHL,58.0,5274.0,470.0,0.815100815,466.2,,,,,,,,,,,,,,,,,,,,,,7,"price_volume, live_market, summary, top_gainers, top_losers, nepse_index, supply_demand",5152
2026-07-15T13:37:15.760668+05:45,2026-07-15 13:37:15,price_volume,price_volume_229,True,cloud_automated,Wednesday - Trading Hours: 11:00 AM - 3:00 PM NPT,9159,Sagarmatha Jalabidhyut Company Limited,SMJC,58.0,1613.0,436.1,0.02293578,436.0,,,,,,,,,,,,,,,,,,,,,,7,"price_volume, live_market, summary, top_gainers, top_losers, nepse_index, supply_demand",5152
2026-07-15T13:37:15.760668+05:45,2026-07-15 13:37:15,price_volume,price_volume_230,True,cloud_automated,Wednesday - Trading Hours: 11:00 AM - 3:00 PM NPT,2896,Sampada Laghubitta Bittiya Sanstha Limited,SMPDA,58.0,1221.0,740.0,-1.201602136,749.0,,,,,,,,,,,,,,,,,,,,,,7,"price_volume, live_market, summary, top_gainers, top_losers, nepse_index, supply_demand",5152
2026-07-15T13:37:15.760668+05:45,2026-07-15 13:37:15,price_volume,price_volume_231,True,cloud_automated,Wednesday - Trading Hours: 11:00 AM - 3:00 PM NPT,9201,Sun Nepal Life Insurance Company Limited,SNLI,58.0,1759.0,423.2,0.28436019,422.0,,,,,,,,,,,,,,,,,,,,,,7,"price_volume, live_market, summary, top_gainers, top_losers, nepse_index, supply_demand",5152
2026-07-15T13:37:15.760668+05:45,2026-07-15 13:37:15,price_volume,price_volume_232,True,cloud_automated,Wednesday - Trading Hours: 11:00 AM - 3:00 PM NPT,9344,Snow Rivers Limited,SNORL,58.0,6649.0,784.0,1.950585176,769.0,,,,,,,,,,,,,,,,,,,,,,7,"price_volume, live_market, summary, top_gainers, top_losers, nepse_index, supply_demand",5152
2026-07-15T13:37:15.760668+05:45,2026-07-15 13:37:15,price_volume,price_volume_233,True,cloud_automated,Wednesday - Trading Hours: 11:00 AM - 3:00 PM NPT,9311,Solu Hydropower Limited,SOHL,58.0,32258.0,525.1,-0.924528302,530.0,,,,,,,,,,,,,,,,,,,,,,7,"price_volume, live_market, summary, top_gainers, top_losers, nepse_index, supply_demand",5152
2026-07-15T13:37:15.760668+05:45,2026-07-15 13:37:15,price_volume,price_volume_234,True,cloud_automated,Wednesday - Trading Hours: 11:00 AM - 3:00 PM NPT,9216,Sonapur Minerals And Oil Limited,SONA,58.0,7706.0,406.2,1.55,400.0,,,,,,,,,,,,,,,,,,,,,,7,"price_volume, live_market, summary, top_gainers, top_losers, nepse_index, supply_demand",5152
2026-07-15T13:37:15.760668+05:45,2026-07-15 13:37:15,price_volume,price_volume_235,True,cloud_automated,Wednesday - Trading Hours: 11:00 AM - 3:00 PM NPT,9336,Sopan Pharmaceuticals Limited,SOPL,58.0,21082.0,781.0,2.091503268,765.0,,,,,,,,,,,,,,,,,,,,,,7,"price_volume, live_market, summary, top_gainers, top_losers, nepse_index, supply_demand",5152
2026-07-15T13:37:15.760668+05:45,2026-07-15 13:37:15,price_volume,price_volume_236,True,cloud_automated,Wednesday - Trading Hours: 11:00 AM - 3:00 PM NPT,8025,Samling Power Company Limited,SPC,58.0,835.0,416.7,-0.785714286,420.0,,,,,,,,,,,,,,,,,,,,,,7,"price_volume, live_market, summary, top_gainers, top_losers, nepse_index, supply_demand",5152
2026-07-15T13:37:15.760668+05:45,2026-07-15 13:37:15,price_volume,price_volume_237,True,cloud_automated,Wednesday - Trading Hours: 11:00 AM - 3:00 PM NPT,2759,Synergy Power Development Ltd.,SPDL,58.0,10275.0,363.0,1.057906459,359.2,,,,,,,,,,,,,,,,,,,,,,7,"price_volume, live_market, summary, top_gainers, top_losers, nepse_index, supply_demand",5152
2026-07-15T13:37:15.760668+05:45,2026-07-15 13:37:15,price_volume,price_volume_238,True,cloud_automated,Wednesday - Trading Hours: 11:00 AM - 3:00 PM NPT,8121,Sayapatri Hydropower Limited,SPHL,58.0,4371.0,537.0,0.561797753,534.0,,,,,,,,,,,,,,,,,,,,,,7,"price_volume, live_market, summary, top_gainers, top_losers, nepse_index, supply_demand",5152
2026-07-15T13:37:15.760668+05:45,2026-07-15 13:37:15,price_volume,price_volume_239,True,cloud_automated,Wednesday - Trading Hours: 11:00 AM - 3:00 PM NPT,182,Siddhartha Premier Insurance Limited,SPIL,58.0,9526.0,694.0,1.447156848,684.1,,,,,,,,,,,,,,,,,,,,,,7,"price_volume, live_market, summary, top_gainers, top_losers, nepse_index, supply_demand",5152
2026-07-15T13:37:15.760668+05:45,2026-07-15 13:37:15,price_volume,price_volume_240,True,cloud_automated,Wednesday - Trading Hours: 11:00 AM - 3:00 PM NPT,9147,Shuvam Power Limited,SPL,58.0,4590.0,650.0,1.388238964,641.1,,,,,,,,,,,,,,,,,,,,,,7,"price_volume, live_market, summary, top_gainers, top_losers, nepse_index, supply_demand",5152
2026-07-15T13:37:15.760668+05:45,2026-07-15 13:37:15,price_volume,price_volume_241,True,cloud_automated,Wednesday - Trading Hours: 11:00 AM - 3:00 PM NPT,5982,Sanima Reliance Life Insurance Limited,SRLI,58.0,10411.0,376.0,1.375033702,370.9,,,,,,,,,,,,,,,,,,,,,,7,"price_volume, live_market, summary, top_gainers, top_losers, nepse_index, supply_demand",5152
2026-07-15T13:37:15.760668+05:45,2026-07-15 13:37:15,price_volume,price_volume_242,True,cloud_automated,Wednesday - Trading Hours: 11:00 AM - 3:00 PM NPT,2907,Shiva Shree Hydropower Ltd,SSHL,58.0,45936.0,197.5,1.282051282,195.0,,,,,,,,,,,,,,,,,,,,,,7,"price_volume, live_market, summary, top_gainers, top_losers, nepse_index, supply_demand",5152
2026-07-15T13:37:15.760668+05:45,2026-07-15 13:37:15,price_volume,price_volume_243,True,cloud_automated,Wednesday - Trading Hours: 11:00 AM - 3:00 PM NPT,155,Salt Trading Corporation,STC,58.0,30.0,5155.0,0.097087379,5150.0,,,,,,,,,,,,,,,,,,,,,,7,"price_volume, live_market, summary, top_gainers, top_losers, nepse_index, supply_demand",5152
2026-07-15T13:37:15.760668+05:45,2026-07-15 13:37:15,price_volume,price_volume_244,True,cloud_automated,Wednesday - Trading Hours: 11:00 AM - 3:00 PM NPT,9295,Swastik Laghubitta Bittiya Sanstha Limited,SWASTIK,58.0,352.0,1999.0,0.95959596,1980.0,,,,,,,,,,,,,,,,,,,,,,7,"price_volume, live_market, summary, top_gainers, top_losers, nepse_index, supply_demand",5152
2026-07-15T13:37:15.760668+05:45,2026-07-15 13:37:15,price_volume,price_volume_245,True,cloud_automated,Wednesday - Trading Hours: 11:00 AM - 3:00 PM NPT,268,Swabalamban Laghubitta Bittiya Sanstha Limited,SWBBL,58.0,4762.0,657.0,4.203013481,630.5,,,,,,,,,,,,,,,,,,,,,,7,"price_volume, live_market, summary, top_gainers, top_losers, nepse_index, supply_demand",5152
2026-07-15T13:37:15.760668+05:45,2026-07-15 13:37:15,price_volume,price_volume_246,True,cloud_automated,Wednesday - Trading Hours: 11:00 AM - 3:00 PM NPT,706,Suryodaya Womi Laghubitta Bittiya Sanstha Limited,SWMF,58.0,2935.0,619.9,1.224689745,612.4,,,,,,,,,,,,,,,,,,,,,,7,"price_volume, live_market, summary, top_gainers, top_losers, nepse_index, supply_demand",5152
2026-07-15T13:37:15.760668+05:45,2026-07-15 13:37:15,price_volume,price_volume_247,True,cloud_automated,Wednesday - Trading Hours: 11:00 AM - 3:00 PM NPT,9303,SY Panel Nepal Limited,SYPNL,58.0,13247.0,1300.0,1.801096319,1277.0,,,,,,,,,,,,,,,,,,,,,,7,"price_volume, live_market, summary, top_gainers, top_losers, nepse_index, supply_demand",5152
2026-07-15T13:37:15.760668+05:45,2026-07-15 13:37:15,price_volume,price_volume_248,True,cloud_automated,Wednesday - Trading Hours: 11:00 AM - 3:00 PM NPT,9156,Sanima Middle Tamor Hydropower Limited,TAMOR,58.0,3358.0,437.0,0.436681223,435.1,,,,,,,,,,,,,,,,,,,,,,7,"price_volume, live_market, summary, top_gainers, top_losers, nepse_index, supply_demand",5152
2026-07-15T13:37:15.760668+05:45,2026-07-15 13:37:15,price_volume,price_volume_249,True,cloud_automated,Wednesday - Trading Hours: 11:00 AM - 3:00 PM NPT,8022,Terhathum Power Company Limited,TPC,58.0,1914.0,348.0,1.162790698,344.0,,,,,,,,,,,,,,,,,,,,,,7,"price_volume, live_market, summary, top_gainers, top_losers, nepse_index, supply_demand",5152
2026-07-15T13:37:15.760668+05:45,2026-07-15 13:37:15,price_volume,price_volume_250,True,cloud_automated,Wednesday - Trading Hours: 11:00 AM - 3:00 PM NPT,9343,Taksar Pikhuwa Khola Hydropower Limited,TPKHL,58.0,12253.0,496.7,0.141129032,496.0,,,,,,,,,,,,,,,,,,,,,,7,"price_volume, live_market, summary, top_gainers, top_losers, nepse_index, supply_demand",5152
2026-07-15T13:37:15.760668+05:45,2026-07-15 13:37:15,price_volume,price_volume_251,True,cloud_automated,Wednesday - Trading Hours: 11:00 AM - 3:00 PM NPT,9194,Three Star Hydropower Limited,TSHL,58.0,10974.0,348.0,5.454545455,330.0,,,,,,,,,,,,,,,,,,,,,,7,"price_volume, live_market, summary, top_gainers, top_losers, nepse_index, supply_demand",5152
2026-07-15T13:37:15.760668+05:45,2026-07-15 13:37:15,price_volume,price_volume_252,True,cloud_automated,Wednesday - Trading Hours: 11:00 AM - 3:00 PM NPT,9262,Trade Tower Limited,TTL,58.0,3512.0,709.0,1.285714286,700.0,,,,,,,,,,,,,,,,,,,,,,7,"price_volume, live_market, summary, top_gainers, top_losers, nepse_index, supply_demand",5152
2026-07-15T13:37:15.760668+05:45,2026-07-15 13:37:15,price_volume,price_volume_253,True,cloud_automated,Wednesday - Trading Hours: 11:00 AM - 3:00 PM NPT,9218,Trishuli Jal Vidhyut Company Limited ,TVCL,58.0,680.0,471.0,1.881894873,462.3,,,,,,,,,,,,,,,,,,,,,,7,"price_volume, live_market, summary, top_gainers, top_losers, nepse_index, supply_demand",5152
2026-07-15T13:37:15.760668+05:45,2026-07-15 13:37:15,price_volume,price_volume_254,True,cloud_automated,Wednesday - Trading Hours: 11:00 AM - 3:00 PM NPT,180,United Ajod Insurance Limited,UAIL,58.0,3166.0,430.0,-0.692840647,433.0,,,,,,,,,,,,,,,,,,,,,,7,"price_volume, live_market, summary, top_gainers, top_losers, nepse_index, supply_demand",5152
2026-07-15T13:37:15.760668+05:45,2026-07-15 13:37:15,price_volume,price_volume_255,True,cloud_automated,Wednesday - Trading Hours: 11:00 AM - 3:00 PM NPT,8099,Upper Hewakhola Hydropower Company Limited,UHEWA,58.0,83144.0,579.0,3.9497307,557.0,,,,,,,,,,,,,,,,,,,,,,7,"price_volume, live_market, summary, top_gainers, top_losers, nepse_index, supply_demand",5152
2026-07-15T13:37:15.760668+05:45,2026-07-15 13:37:15,price_volume,price_volume_256,True,cloud_automated,Wednesday - Trading Hours: 11:00 AM - 3:00 PM NPT,8063,Upakar Laghubitta Bittiya Sanstha Limited,ULBSL,58.0,120.0,2907.3,-6.216129032,3100.0,,,,,,,,,,,,,,,,,,,,,,7,"price_volume, live_market, summary, top_gainers, top_losers, nepse_index, supply_demand",5152
2026-07-15T13:37:15.760668+05:45,2026-07-15 13:37:15,price_volume,price_volume_257,True,cloud_automated,Wednesday - Trading Hours: 11:00 AM - 3:00 PM NPT,9208,Upper Lohore Khola Hydropower Company Limited,ULHC,58.0,4462.0,360.0,0.840336134,357.0,,,,,,,,,,,,,,,,,,,,,,7,"price_volume, live_market, summary, top_gainers, top_losers, nepse_index, supply_demand",5152
2026-07-15T13:37:15.760668+05:45,2026-07-15 13:37:15,price_volume,price_volume_258,True,cloud_automated,Wednesday - Trading Hours: 11:00 AM - 3:00 PM NPT,2760,United Modi Hydropower Ltd.,UMHL,58.0,9260.0,575.5,0.086956522,575.0,,,,,,,,,,,,,,,,,,,,,,7,"price_volume, live_market, summary, top_gainers, top_losers, nepse_index, supply_demand",5152
2026-07-15T13:37:15.760668+05:45,2026-07-15 13:37:15,price_volume,price_volume_259,True,cloud_automated,Wednesday - Trading Hours: 11:00 AM - 3:00 PM NPT,2914,United IDI Mardi RB Hydropower Limited.,UMRH,58.0,1933.0,522.0,0.403923832,519.9,,,,,,,,,,,,,,,,,,,,,,7,"price_volume, live_market, summary, top_gainers, top_losers, nepse_index, supply_demand",5152
2026-07-15T13:37:15.760668+05:45,2026-07-15 13:37:15,price_volume,price_volume_260,True,cloud_automated,Wednesday - Trading Hours: 11:00 AM - 3:00 PM NPT,2831,Union Hydropower Limited,UNHPL,58.0,3475.0,383.1,0.287958115,382.0,,,,,,,,,,,,,,,,,,,,,,7,"price_volume, live_market, summary, top_gainers, top_losers, nepse_index, supply_demand",5152
2026-07-15T13:37:15.760668+05:45,2026-07-15 13:37:15,price_volume,price_volume_261,True,cloud_automated,Wednesday - Trading Hours: 11:00 AM - 3:00 PM NPT,219,Unilever Nepal Limited,UNL,58.0,10.0,47899.9,2.999462423,46505.0,,,,,,,,,,,,,,,,,,,,,,7,"price_volume, live_market, summary, top_gainers, top_losers, nepse_index, supply_demand",5152
2026-07-15T13:37:15.760668+05:45,2026-07-15 13:37:15,price_volume,price_volume_262,True,cloud_automated,Wednesday - Trading Hours: 11:00 AM - 3:00 PM NPT,9140,Unique Nepal Laghubitta Bittiya Sanstha Limited,UNLB,58.0,85.0,1290.0,-0.578034682,1297.5,,,,,,,,,,,,,,,,,,,,,,7,"price_volume, live_market, summary, top_gainers, top_losers, nepse_index, supply_demand",5152
2026-07-15T13:37:15.760668+05:45,2026-07-15 13:37:15,price_volume,price_volume_263,True,cloud_automated,Wednesday - Trading Hours: 11:00 AM - 3:00 PM NPT,2810,UNIVERSAL POWER COMPANY LTD,UPCL,58.0,71063.0,354.6,-0.084530854,354.9,,,,,,,,,,,,,,,,,,,,,,7,"price_volume, live_market, summary, top_gainers, top_losers, nepse_index, supply_demand",5152
2026-07-15T13:37:15.760668+05:45,2026-07-15 13:37:15,price_volume,price_volume_264,True,cloud_automated,Wednesday - Trading Hours: 11:00 AM - 3:00 PM NPT,2792,Upper Tamakoshi Hydropower Ltd,UPPER,58.0,31529.0,192.5,0.627286984,191.3,,,,,,,,,,,,,,,,,,,,,,7,"price_volume, live_market, summary, top_gainers, top_losers, nepse_index, supply_demand",5152
2026-07-15T13:37:15.760668+05:45,2026-07-15 13:37:15,price_volume,price_volume_265,True,cloud_automated,Wednesday - Trading Hours: 11:00 AM - 3:00 PM NPT,8104,Upper Solu Hydro Electric Company Limited,USHEC,58.0,726.0,485.0,0.20661157,484.0,,,,,,,,,,,,,,,,,,,,,,7,"price_volume, live_market, summary, top_gainers, top_losers, nepse_index, supply_demand",5152
2026-07-15T13:37:15.760668+05:45,2026-07-15 13:37:15,price_volume,price_volume_266,True,cloud_automated,Wednesday - Trading Hours: 11:00 AM - 3:00 PM NPT,9192,Upper Syange Hydropower Limited,USHL,58.0,1131.0,490.0,0.595360296,487.1,,,,,,,,,,,,,,,,,,,,,,7,"price_volume, live_market, summary, top_gainers, top_losers, nepse_index, supply_demand",5152
2026-07-15T13:37:15.760668+05:45,2026-07-15 13:37:15,price_volume,price_volume_267,True,cloud_automated,Wednesday - Trading Hours: 11:00 AM - 3:00 PM NPT,2774,Unnati Sahakarya Laghubitta Bittiya Sanstha Limited,USLB,58.0,101.0,1150.0,0.73580939,1141.6,,,,,,,,,,,,,,,,,,,,,,7,"price_volume, live_market, summary, top_gainers, top_losers, nepse_index, supply_demand",5152
2026-07-15T13:37:15.760668+05:45,2026-07-15 13:37:15,price_volume,price_volume_268,True,cloud_automated,Wednesday - Trading Hours: 11:00 AM - 3:00 PM NPT,687,Vijaya laghubitta Bittiya Sanstha Ltd.,VLBS,58.0,278.0,655.8,1.674418605,645.0,,,,,,,,,,,,,,,,,,,,,,7,"price_volume, live_market, summary, top_gainers, top_losers, nepse_index, supply_demand",5152
2026-07-15T13:37:15.760668+05:45,2026-07-15 13:37:15,price_volume,price_volume_269,True,cloud_automated,Wednesday - Trading Hours: 11:00 AM - 3:00 PM NPT,9225,Vision Lumbini Urja Company Limited ,VLUCL,58.0,1422.0,423.0,-1.51338766,429.5,,,,,,,,,,,,,,,,,,,,,,7,"price_volume, live_market, summary, top_gainers, top_losers, nepse_index, supply_demand",5152
2026-07-15T13:37:15.760668+05:45,2026-07-15 13:37:15,price_volume,price_volume_270,True,cloud_automated,Wednesday - Trading Hours: 11:00 AM - 3:00 PM NPT,2781,Wean Nepal Laghubitta Bittiya Sanstha Limited,WNLB,58.0,104.0,1380.0,1.620029455,1358.0,,,,,,,,,,,,,,,,,,,,,,7,"price_volume, live_market, summary, top_gainers, top_losers, nepse_index, supply_demand",5152
2026-07-15T13:37:15.760668+05:45,2026-07-15 13:37:15,price_volume,price_volume_271,True,cloud_automated,Wednesday - Trading Hours: 11:00 AM - 3:00 PM NPT,9342,Yambaling Hydropower Limited,YMHL,58.0,8804.0,560.4,0.972972973,555.0,,,,,,,,,,,,,,,,,,,,,,7,"price_volume, live_market, summary, top_gainers, top_losers, nepse_index, supply_demand",5152
2026-07-15T13:37:15.760668+05:45,2026-07-15 13:37:15,live_market,live_market_1,True,cloud_automated,Wednesday - Trading Hours: 11:00 AM - 3:00 PM NPT,574,Sana Kisan Bikas Laghubitta Bittiya Sanstha Limited,SKBBL,58.0,12001.0,748.4,0.46,745.0,,755.0,756.0,745.0,9023438.5,2026-07-15 13:35:59.065502,66.0,751.89,,,,,,,,,,,,,,7,"price_volume, live_market, summary, top_gainers, top_losers, nepse_index, supply_demand",5152
2026-07-15T13:37:15.760668+05:45,2026-07-15 13:37:15,live_market,live_market_2,True,cloud_automated,Wednesday - Trading Hours: 11:00 AM - 3:00 PM NPT,2919,Nepal Infrastructure Bank Limited,NIFRA,58.0,14544.0,246.2,0.7,244.5,,248.9,248.9,245.0,3580338.7,2026-07-15 13:35:58.404559,398.0,246.17,,,,,,,,,,,,,,7,"price_volume, live_market, summary, top_gainers, top_losers, nepse_index, supply_demand",5152
2026-07-15T13:37:15.760668+05:45,2026-07-15 13:37:15,live_market,live_market_3,True,cloud_automated,Wednesday - Trading Hours: 11:00 AM - 3:00 PM NPT,9343,Taksar Pikhuwa Khola Hydropower Limited,TPKHL,58.0,12213.0,497.0,0.2,496.0,,494.0,506.0,492.0,6099194.4,2026-07-15 13:35:57.797936,10.0,499.4,,,,,,,,,,,,,,7,"price_volume, live_market, summary, top_gainers, top_losers, nepse_index, supply_demand",5152
2026-07-15T13:37:15.760668+05:45,2026-07-15 13:37:15,live_market,live_market_4,True,cloud_automated,Wednesday - Trading Hours: 11:00 AM - 3:00 PM NPT,171,Sanima Bank Limited,SANIMA,58.0,28875.0,351.0,1.74,345.0,,348.0,351.8,348.0,10082572.0,2026-07-15 13:35:56.408462,30.0,349.18,,,,,,,,,,,,,,7,"price_volume, live_market, summary, top_gainers, top_losers, nepse_index, supply_demand",5152
2026-07-15T13:37:15.760668+05:45,2026-07-15 13:37:15,live_market,live_market_5,True,cloud_automated,Wednesday - Trading Hours: 11:00 AM - 3:00 PM NPT,9342,Yambaling Hydropower Limited,YMHL,58.0,8794.0,560.4,0.97,555.0,,555.0,568.0,552.0,4927890.3,2026-07-15 13:35:55.425121,10.0,560.37,,,,,,,,,,,,,,7,"price_volume, live_market, summary, top_gainers, top_losers, nepse_index, supply_demand",5152
2026-07-15T13:37:15.760668+05:45,2026-07-15 13:37:15,live_market,live_market_6,True,cloud_automated,Wednesday - Trading Hours: 11:00 AM - 3:00 PM NPT,134,Himalayan Bank Limited,HBL,58.0,15843.0,193.7,0.99,191.8,,190.0,198.7,190.0,3063754.7,2026-07-15 13:35:51.37268,285.0,193.38,,,,,,,,,,,,,,7,"price_volume, live_market, summary, top_gainers, top_losers, nepse_index, supply_demand",5152
2026-07-15T13:37:15.760668+05:45,2026-07-15 13:37:15,live_market,live_market_7,True,cloud_automated,Wednesday - Trading Hours: 11:00 AM - 3:00 PM NPT,9336,Sopan Pharmaceuticals Limited,SOPL,58.0,21052.0,780.2,1.99,765.0,,765.0,790.0,765.0,16434405.7,2026-07-15 13:35:51.311907,10.0,780.66,,,,,,,,,,,,,,7,"price_volume, live_market, summary, top_gainers, top_losers, nepse_index, supply_demand",5152
2026-07-15T13:37:15.760668+05:45,2026-07-15 13:37:15,live_market,live_market_8,True,cloud_automated,Wednesday - Trading Hours: 11:00 AM - 3:00 PM NPT,9230,Muktinath Krishi Company Limited,MKCL,58.0,478.0,1075.0,0.94,1065.0,,1065.0,1080.0,1053.0,512680.0,2026-07-15 13:35:51.280342,150.0,1072.55,,,,,,,,,,,,,,7,"price_volume, live_market, summary, top_gainers, top_losers, nepse_index, supply_demand",5152
2026-07-15T13:37:15.760668+05:45,2026-07-15 13:37:15,live_market,live_market_9,True,cloud_automated,Wednesday - Trading Hours: 11:00 AM - 3:00 PM NPT,2792,Upper Tamakoshi Hydropower Ltd,UPPER,58.0,31529.0,192.5,0.63,191.3,,198.0,198.0,192.0,6071240.8,2026-07-15 13:35:50.122815,80.0,192.56,,,,,,,,,,,,,,7,"price_volume, live_market, summary, top_gainers, top_losers, nepse_index, supply_demand",5152
2026-07-15T13:37:15.760668+05:45,2026-07-15 13:37:15,live_market,live_market_10,True,cloud_automated,Wednesday - Trading Hours: 11:00 AM - 3:00 PM NPT,9170,Dolti Power Company Limited,DOLTI,58.0,10654.0,318.0,0.92,315.1,,320.0,327.0,316.0,3431822.9,2026-07-15 13:35:49.962941,50.0,322.12,,,,,,,,,,,,,,7,"price_volume, live_market, summary, top_gainers, top_losers, nepse_index, supply_demand",5152
2026-07-15T13:37:15.760668+05:45,2026-07-15 13:37:15,live_market,live_market_11,True,cloud_automated,Wednesday - Trading Hours: 11:00 AM - 3:00 PM NPT,9345,Sanigad Hydro Limited,SGHL,58.0,35801.0,475.0,2.93,461.5,,460.0,486.0,456.6,16916765.9,2026-07-15 13:35:49.625619,10.0,472.52,,,,,,,,,,,,,,7,"price_volume, live_market, summary, top_gainers, top_losers, nepse_index, supply_demand",5152
2026-07-15T13:37:15.760668+05:45,2026-07-15 13:37:15,live_market,live_market_12,True,cloud_automated,Wednesday - Trading Hours: 11:00 AM - 3:00 PM NPT,9346,Kalanga Hydro Limited,KAHL,58.0,12805.0,488.1,1.9,479.0,,479.0,495.2,475.0,6228173.5,2026-07-15 13:35:49.348054,10.0,486.39,,,,,,,,,,,,,,7,"price_volume, live_market, summary, top_gainers, top_losers, nepse_index, supply_demand",5152
2026-07-15T13:37:15.760668+05:45,2026-07-15 13:37:15,live_market,live_market_13,True,cloud_automated,Wednesday - Trading Hours: 11:00 AM - 3:00 PM NPT,9334,Kalinchock Hydropower Limited,KHPL,58.0,4154.0,916.2,1.57,902.0,,902.0,929.5,902.0,3809082.6,2026-07-15 13:35:49.113773,10.0,916.97,,,,,,,,,,,,,,7,"price_volume, live_market, summary, top_gainers, top_losers, nepse_index, supply_demand",5152
2026-07-15T13:37:15.760668+05:45,2026-07-15 13:37:15,live_market,live_market_14,True,cloud_automated,Wednesday - Trading Hours: 11:00 AM - 3:00 PM NPT,9337,Appolo Hydropower Limited,APHL,58.0,10006.0,835.0,0.0,835.0,,809.1,867.0,809.1,8409074.6,2026-07-15 13:35:46.918239,10.0,840.4,,,,,,,,,,,,,,7,"price_volume, live_market, summary, top_gainers, top_losers, nepse_index, supply_demand",5152
2026-07-15T13:37:15.760668+05:45,2026-07-15 13:37:15,live_market,live_market_15,True,cloud_automated,Wednesday - Trading Hours: 11:00 AM - 3:00 PM NPT,9311,Solu Hydropower Limited,SOHL,58.0,32248.0,525.1,-0.92,530.0,,530.0,540.0,521.0,17138181.0,2026-07-15 13:35:44.581377,50.0,531.45,,,,,,,,,,,,,,7,"price_volume, live_market, summary, top_gainers, top_losers, nepse_index, supply_demand",5152
2026-07-15T13:37:15.760668+05:45,2026-07-15 13:37:15,live_market,live_market_16,True,cloud_automated,Wednesday - Trading Hours: 11:00 AM - 3:00 PM NPT,2907,Shiva Shree Hydropower Ltd,SSHL,58.0,45936.0,197.5,1.28,195.0,,195.0,199.9,195.0,9032605.2,2026-07-15 13:35:42.519379,50.0,196.63,,,,,,,,,,,,,,7,"price_volume, live_market, summary, top_gainers, top_losers, nepse_index, supply_demand",5152
2026-07-15T13:37:15.760668+05:45,2026-07-15 13:37:15,live_market,live_market_17,True,cloud_automated,Wednesday - Trading Hours: 11:00 AM - 3:00 PM NPT,255,Prabhu  Bank Limited,PRVU,58.0,36603.0,190.1,1.12,188.0,,188.0,190.9,188.0,6958104.7,2026-07-15 13:35:42.311087,155.0,190.1,,,,,,,,,,,,,,7,"price_volume, live_market, summary, top_gainers, top_losers, nepse_index, supply_demand",5152
2026-07-15T13:37:15.760668+05:45,2026-07-15 13:37:15,live_market,live_market_18,True,cloud_automated,Wednesday - Trading Hours: 11:00 AM - 3:00 PM NPT,9156,Sanima Middle Tamor Hydropower Limited,TAMOR,58.0,3358.0,437.0,0.44,435.1,,431.3,444.0,431.3,1472963.0,2026-07-15 13:35:40.929891,10.0,438.64,,,,,,,,,,,,,,7,"price_volume, live_market, summary, top_gainers, top_losers, nepse_index, supply_demand",5152
2026-07-15T13:37:15.760668+05:45,2026-07-15 13:37:15,live_market,live_market_19,True,cloud_automated,Wednesday - Trading Hours: 11:00 AM - 3:00 PM NPT,2811,Mountain Hydro Nepal Limited,MHNL,58.0,5000.0,230.0,1.77,226.0,,227.5,235.9,227.0,1151995.7,2026-07-15 13:35:38.865604,40.0,230.4,,,,,,,,,,,,,,7,"price_volume, live_market, summary, top_gainers, top_losers, nepse_index, supply_demand",5152
2026-07-15T13:37:15.760668+05:45,2026-07-15 13:37:15,live_market,live_market_20,True,cloud_automated,Wednesday - Trading Hours: 11:00 AM - 3:00 PM NPT,8133,Peoples Hydropower Company Limited,PHCL,58.0,12121.0,293.0,1.07,289.9,,290.0,296.0,289.0,3552045.0,2026-07-15 13:35:37.486686,10.0,293.05,,,,,,,,,,,,,,7,"price_volume, live_market, summary, top_gainers, top_losers, nepse_index, supply_demand",5152
2026-07-15T13:37:15.760668+05:45,2026-07-15 13:37:15,live_market,live_market_21,True,cloud_automated,Wednesday - Trading Hours: 11:00 AM - 3:00 PM NPT,9308,Hotel Forest Inn Limited,HFIN,58.0,7685.0,651.0,1.24,643.0,,650.0,668.9,641.1,5008448.1,2026-07-15 13:35:33.648714,10.0,651.72,,,,,,,,,,,,,,7,"price_volume, live_market, summary, top_gainers, top_losers, nepse_index, supply_demand",5152
2026-07-15T13:37:15.760668+05:45,2026-07-15 13:37:15,live_market,live_market_22,True,cloud_automated,Wednesday - Trading Hours: 11:00 AM - 3:00 PM NPT,152,National Hydro Power Company Limited,NHPC,58.0,68651.0,251.7,1.7,247.5,,254.9,254.9,242.5,17220982.6,2026-07-15 13:35:31.960076,300.0,250.85,,,,,,,,,,,,,,7,"price_volume, live_market, summary, top_gainers, top_losers, nepse_index, supply_demand",5152
2026-07-15T13:37:15.760668+05:45,2026-07-15 13:37:15,live_market,live_market_23,True,cloud_automated,Wednesday - Trading Hours: 11:00 AM - 3:00 PM NPT,5982,Sanima Reliance Life Insurance Limited,SRLI,58.0,10401.0,375.2,1.16,370.9,,366.5,380.0,366.5,3902631.3,2026-07-15 13:35:31.322883,11.0,375.22,,,,,,,,,,,,,,7,"price_volume, live_market, summary, top_gainers, top_losers, nepse_index, supply_demand",5152
2026-07-15T13:37:15.760668+05:45,2026-07-15 13:37:15,live_market,live_market_24,True,cloud_automated,Wednesday - Trading Hours: 11:00 AM - 3:00 PM NPT,238,NMB Bank Limited,NMB,58.0,106029.0,237.9,1.23,235.0,,237.0,239.8,236.1,25182663.7,2026-07-15 13:35:30.825222,109.0,237.51,,,,,,,,,,,,,,7,"price_volume, live_market, summary, top_gainers, top_losers, nepse_index, supply_demand",5152
2026-07-15T13:37:15.760668+05:45,2026-07-15 13:37:15,live_market,live_market_25,True,cloud_automated,Wednesday - Trading Hours: 11:00 AM - 3:00 PM NPT,360,Arun Valley Hydropower Development Co. Ltd.,AHPC,58.0,30617.0,264.5,0.8,262.4,,264.8,265.0,262.5,8079683.4,2026-07-15 13:35:30.562749,70.0,263.9,,,,,,,,,,,,,,7,"price_volume, live_market, summary, top_gainers, top_losers, nepse_index, supply_demand",5152
2026-07-15T13:37:15.760668+05:45,2026-07-15 13:37:15,live_market,live_market_26,True,cloud_automated,Wednesday - Trading Hours: 11:00 AM - 3:00 PM NPT,183,Neco Insurance Limited,NIL,58.0,1112.0,614.0,0.0,614.0,,600.1,625.0,600.1,685522.1,2026-07-15 13:35:30.528742,14.0,616.48,,,,,,,,,,,,,,7,"price_volume, live_market, summary, top_gainers, top_losers, nepse_index, supply_demand",5152
2026-07-15T13:37:15.760668+05:45,2026-07-15 13:37:15,live_market,live_market_27,True,cloud_automated,Wednesday - Trading Hours: 11:00 AM - 3:00 PM NPT,2757,Arun Kabeli Power Ltd.,AKPL,58.0,17171.0,252.0,0.84,249.9,,250.0,253.9,250.0,4322067.9,2026-07-15 13:35:28.934788,230.0,251.71,,,,,,,,,,,,,,7,"price_volume, live_market, summary, top_gainers, top_losers, nepse_index, supply_demand",5152
2026-07-15T13:37:15.760668+05:45,2026-07-15 13:37:15,live_market,live_market_28,True,cloud_automated,Wednesday - Trading Hours: 11:00 AM - 3:00 PM NPT,2788,Ankhu Khola Jalvidhyut Company Ltd,AKJCL,58.0,162813.0,348.2,2.41,340.0,,336.0,351.8,336.0,56606302.1,2026-07-15 13:35:27.121117,122.0,347.68,,,,,,,,,,,,,,7,"price_volume, live_market, summary, top_gainers, top_losers, nepse_index, supply_demand",5152
2026-07-15T13:37:15.760668+05:45,2026-07-15 13:37:15,live_market,live_market_29,True,cloud_automated,Wednesday - Trading Hours: 11:00 AM - 3:00 PM NPT,172,Narayani Development Bank Limited,NABBC,58.0,17518.0,810.0,9.77,737.9,,740.0,832.0,740.0,13691809.2,2026-07-15 13:35:25.91815,50.0,781.59,,,,,,,,,,,,,,7,"price_volume, live_market, summary, top_gainers, top_losers, nepse_index, supply_demand",5152
2026-07-15T13:37:15.760668+05:45,2026-07-15 13:37:15,live_market,live_market_30,True,cloud_automated,Wednesday - Trading Hours: 11:00 AM - 3:00 PM NPT,9216,Sonapur Minerals And Oil Limited,SONA,58.0,7706.0,406.2,1.55,400.0,,404.0,412.0,401.0,3121537.0,2026-07-15 13:35:21.748106,10.0,405.08,,,,,,,,,,,,,,7,"price_volume, live_market, summary, top_gainers, top_losers, nepse_index, supply_demand",5152
2026-07-15T13:37:15.760668+05:45,2026-07-15 13:37:15,live_market,live_market_31,True,cloud_automated,Wednesday - Trading Hours: 11:00 AM - 3:00 PM NPT,9323,Super Khudi Hydropower Limited,SKHL,58.0,4127.0,809.0,0.25,807.0,,847.3,847.3,802.1,3384843.8,2026-07-15 13:35:19.025592,10.0,820.17,,,,,,,,,,,,,,7,"price_volume, live_market, summary, top_gainers, top_losers, nepse_index, supply_demand",5152
2026-07-15T13:37:15.760668+05:45,2026-07-15 13:37:15,live_market,live_market_32,True,cloud_automated,Wednesday - Trading Hours: 11:00 AM - 3:00 PM NPT,245,Central Finance Co. Ltd.,CFCL,58.0,17976.0,614.0,1.57,604.5,,634.7,634.7,592.0,11023925.6,2026-07-15 13:35:13.823017,100.0,613.26,,,,,,,,,,,,,,7,"price_volume, live_market, summary, top_gainers, top_losers, nepse_index, supply_demand",5152
2026-07-15T13:37:15.760668+05:45,2026-07-15 13:37:15,live_market,live_market_33,True,cloud_automated,Wednesday - Trading Hours: 11:00 AM - 3:00 PM NPT,2934,Singati Hydro Energy Limited,SHEL,58.0,168698.0,298.0,2.05,292.0,,293.0,300.0,293.0,49515390.6,2026-07-15 13:35:13.625867,23.0,293.51,,,,,,,,,,,,,,7,"price_volume, live_market, summary, top_gainers, top_losers, nepse_index, supply_demand",5152
2026-07-15T13:37:15.760668+05:45,2026-07-15 13:37:15,live_market,live_market_34,True,cloud_automated,Wednesday - Trading Hours: 11:00 AM - 3:00 PM NPT,2807,Asha Laghubitta Bittiya Sanstha Ltd,ALBSL,58.0,296.0,1045.0,-0.38,1049.0,,1015.0,1068.0,1015.0,310223.4,2026-07-15 13:35:10.695135,2.0,1048.05,,,,,,,,,,,,,,7,"price_volume, live_market, summary, top_gainers, top_losers, nepse_index, supply_demand",5152
2026-07-15T13:37:15.760668+05:45,2026-07-15 13:37:15,live_market,live_market_35,True,cloud_automated,Wednesday - Trading Hours: 11:00 AM - 3:00 PM NPT,8126,Sikles Hydropower Limited,SIKLES,58.0,2058.0,550.1,1.12,544.0,,559.0,560.0,547.2,1143123.7,2026-07-15 13:35:09.74347,11.0,555.45,,,,,,,,,,,,,,7,"price_volume, live_market, summary, top_gainers, top_losers, nepse_index, supply_demand",5152
2026-07-15T13:37:15.760668+05:45,2026-07-15 13:37:15,live_market,live_market_36,True,cloud_automated,Wednesday - Trading Hours: 11:00 AM - 3:00 PM NPT,9199,Reliable Nepal Life Insurance Limited,RNLI,58.0,2790.0,442.1,0.48,440.0,,440.0,444.7,437.0,1229930.6,2026-07-15 13:35:09.510169,12.0,440.84,,,,,,,,,,,,,,7,"price_volume, live_market, summary, top_gainers, top_losers, nepse_index, supply_demand",5152
2026-07-15T13:37:15.760668+05:45,2026-07-15 13:37:15,live_market,live_market_37,True,cloud_automated,Wednesday - Trading Hours: 11:00 AM - 3:00 PM NPT,9344,Snow Rivers Limited,SNORL,58.0,6609.0,783.2,1.85,769.0,,769.0,790.0,763.0,5154875.7,2026-07-15 13:35:06.193012,10.0,779.98,,,,,,,,,,,,,,7,"price_volume, live_market, summary, top_gainers, top_losers, nepse_index, supply_demand",5152
2026-07-15T13:37:15.760668+05:45,2026-07-15 13:37:15,live_market,live_market_38,True,cloud_automated,Wednesday - Trading Hours: 11:00 AM - 3:00 PM NPT,9330,Palpa Cement Industries Limited,PCIL,58.0,10848.0,590.0,0.05,589.7,,580.0,599.0,573.0,6430284.3,2026-07-15 13:35:05.364418,10.0,592.76,,,,,,,,,,,,,,7,"price_volume, live_market, summary, top_gainers, top_losers, nepse_index, supply_demand",5152
2026-07-15T13:37:15.760668+05:45,2026-07-15 13:37:15,live_market,live_market_39,True,cloud_automated,Wednesday - Trading Hours: 11:00 AM - 3:00 PM NPT,9262,Trade Tower Limited,TTL,58.0,3512.0,709.0,1.29,700.0,,695.0,715.0,695.0,2486323.1,2026-07-15 13:35:04.919709,10.0,707.95,,,,,,,,,,,,,,7,"price_volume, live_market, summary, top_gainers, top_losers, nepse_index, supply_demand",5152
2026-07-15T13:37:15.760668+05:45,2026-07-15 13:37:15,live_market,live_market_40,True,cloud_automated,Wednesday - Trading Hours: 11:00 AM - 3:00 PM NPT,9293,Daramkhola Hydro Energy Limited,DHEL,58.0,5243.0,563.4,0.61,560.0,,569.9,569.9,556.0,2947618.0,2026-07-15 13:35:04.398317,10.0,562.2,,,,,,,,,,,,,,7,"price_volume, live_market, summary, top_gainers, top_losers, nepse_index, supply_demand",5152
2026-07-15T13:37:15.760668+05:45,2026-07-15 13:37:15,live_market,live_market_41,True,cloud_automated,Wednesday - Trading Hours: 11:00 AM - 3:00 PM NPT,2887,NIC ASIA Laghubitta Bittiya Sanstha Limited,NICLBSL,58.0,688.0,545.0,0.74,541.0,,552.0,552.0,537.0,376632.5,2026-07-15 13:35:03.356214,26.0,547.43,,,,,,,,,,,,,,7,"price_volume, live_market, summary, top_gainers, top_losers, nepse_index, supply_demand",5152
2026-07-15T13:37:15.760668+05:45,2026-07-15 13:37:15,live_market,live_market_42,True,cloud_automated,Wednesday - Trading Hours: 11:00 AM - 3:00 PM NPT,2824,Himalaya Urja Bikas Company Limited,HURJA,58.0,9041.0,228.5,1.11,226.0,,229.9,230.0,227.1,2070885.6,2026-07-15 13:35:00.994581,59.0,229.05,,,,,,,,,,,,,,7,"price_volume, live_market, summary, top_gainers, top_losers, nepse_index, supply_demand",5152
2026-07-15T13:37:15.760668+05:45,2026-07-15 13:37:15,live_market,live_market_43,True,cloud_automated,Wednesday - Trading Hours: 11:00 AM - 3:00 PM NPT,9306,Reliance Spinning Mills Limited,RSML,58.0,13042.0,3023.0,-0.07,3025.0,,2981.0,3070.0,2981.0,39220514.2,2026-07-15 13:35:00.30584,10.0,3007.25,,,,,,,,,,,,,,7,"price_volume, live_market, summary, top_gainers, top_losers, nepse_index, supply_demand",5152
2026-07-15T13:37:15.760668+05:45,2026-07-15 13:37:15,live_market,live_market_44,True,cloud_automated,Wednesday - Trading Hours: 11:00 AM - 3:00 PM NPT,517,Nepal Bank Limited,NBL,58.0,8256.0,261.1,0.42,260.0,,265.0,265.0,260.0,2168363.7,2026-07-15 13:34:58.906161,39.0,262.64,,,,,,,,,,,,,,7,"price_volume, live_market, summary, top_gainers, top_losers, nepse_index, supply_demand",5152
2026-07-15T13:37:15.760668+05:45,2026-07-15 13:37:15,live_market,live_market_45,True,cloud_automated,Wednesday - Trading Hours: 11:00 AM - 3:00 PM NPT,180,United Ajod Insurance Limited,UAIL,58.0,3066.0,431.5,-0.35,433.0,,422.0,433.0,422.0,1319865.1,2026-07-15 13:34:58.791549,10.0,430.48,,,,,,,,,,,,,,7,"price_volume, live_market, summary, top_gainers, top_losers, nepse_index, supply_demand",5152
2026-07-15T13:37:15.760668+05:45,2026-07-15 13:37:15,live_market,live_market_46,True,cloud_automated,Wednesday - Trading Hours: 11:00 AM - 3:00 PM NPT,2933,Kumari Equity Fund,KEF,58.0,2350.0,10.32,-1.71,10.5,,10.2,10.5,10.2,24161.0,2026-07-15 13:34:57.007885,200.0,10.28,,,,,,,,,,,,,,7,"price_volume, live_market, summary, top_gainers, top_losers, nepse_index, supply_demand",5152
2026-07-15T13:37:15.760668+05:45,2026-07-15 13:37:15,live_market,live_market_47,True,cloud_automated,Wednesday - Trading Hours: 11:00 AM - 3:00 PM NPT,473,Shine Resunga Development Bank Ltd.,SHINE,58.0,10336.0,400.0,0.78,396.9,,397.5,402.3,397.0,4115726.6,2026-07-15 13:34:56.533646,48.0,398.19,,,,,,,,,,,,,,7,"price_volume, live_market, summary, top_gainers, top_losers, nepse_index, supply_demand",5152
2026-07-15T13:37:15.760668+05:45,2026-07-15 13:37:15,live_market,live_market_48,True,cloud_automated,Wednesday - Trading Hours: 11:00 AM - 3:00 PM NPT,593,Kalika Laghubitta Bittiya Sanstha Ltd,KMCDB,58.0,619.0,752.3,-1.01,760.0,,739.2,782.5,739.2,473637.1,2026-07-15 13:34:56.433578,28.0,765.16,,,,,,,,,,,,,,7,"price_volume, live_market, summary, top_gainers, top_losers, nepse_index, supply_demand",5152
2026-07-15T13:37:15.760668+05:45,2026-07-15 13:37:15,live_market,live_market_49,True,cloud_automated,Wednesday - Trading Hours: 11:00 AM - 3:00 PM NPT,9296,Bungal Hydro Limited,BUNGAL,58.0,27515.0,572.0,-0.52,575.0,,562.0,580.0,562.0,15821336.6,2026-07-15 13:34:51.16085,250.0,575.01,,,,,,,,,,,,,,7,"price_volume, live_market, summary, top_gainers, top_losers, nepse_index, supply_demand",5152
2026-07-15T13:37:15.760668+05:45,2026-07-15 13:37:15,live_market,live_market_50,True,cloud_automated,Wednesday - Trading Hours: 11:00 AM - 3:00 PM NPT,9159,Sagarmatha Jalabidhyut Company Limited,SMJC,58.0,1613.0,436.1,0.02,436.0,,425.0,439.9,425.0,702985.0,2026-07-15 13:34:49.172804,10.0,435.82,,,,,,,,,,,,,,7,"price_volume, live_market, summary, top_gainers, top_losers, nepse_index, supply_demand",5152
2026-07-15T13:37:15.760668+05:45,2026-07-15 13:37:15,live_market,live_market_51,True,cloud_automated,Wednesday - Trading Hours: 11:00 AM - 3:00 PM NPT,164,Chhimek Laghubitta Bittiya Sanstha Limited,CBBL,58.0,11594.0,915.0,0.01,914.9,,918.0,918.0,911.2,10613854.9,2026-07-15 13:34:49.126193,839.0,915.46,,,,,,,,,,,,,,7,"price_volume, live_market, summary, top_gainers, top_losers, nepse_index, supply_demand",5152
2026-07-15T13:37:15.760668+05:45,2026-07-15 13:37:15,live_market,live_market_52,True,cloud_automated,Wednesday - Trading Hours: 11:00 AM - 3:00 PM NPT,9183,Nepal Republic Media Limited,NRM,58.0,6022.0,310.0,2.96,301.1,,296.0,311.0,296.0,1831359.4,2026-07-15 13:34:44.759664,50.0,304.11,,,,,,,,,,,,,,7,"price_volume, live_market, summary, top_gainers, top_losers, nepse_index, supply_demand",5152
2026-07-15T13:37:15.760668+05:45,2026-07-15 13:37:15,live_market,live_market_53,True,cloud_automated,Wednesday - Trading Hours: 11:00 AM - 3:00 PM NPT,9300,Jhapa Energy Limited,JHAPA,58.0,3889.0,1065.0,4.41,1020.0,,1040.0,1071.0,1009.0,4105026.2,2026-07-15 13:34:43.654089,25.0,1055.55,,,,,,,,,,,,,,7,"price_volume, live_market, summary, top_gainers, top_losers, nepse_index, supply_demand",5152
2026-07-15T13:37:15.760668+05:45,2026-07-15 13:37:15,live_market,live_market_54,True,cloud_automated,Wednesday - Trading Hours: 11:00 AM - 3:00 PM NPT,348,Citizens Bank International Limited,CZBIL,58.0,12176.0,195.7,0.36,195.0,,199.0,199.0,195.0,2385828.5,2026-07-15 13:34:42.855496,500.0,195.95,,,,,,,,,,,,,,7,"price_volume, live_market, summary, top_gainers, top_losers, nepse_index, supply_demand",5152
2026-07-15T13:37:15.760668+05:45,2026-07-15 13:37:15,live_market,live_market_55,True,cloud_automated,Wednesday - Trading Hours: 11:00 AM - 3:00 PM NPT,2742,Hydorelectricity Investment and Development Company Ltd,HIDCL,58.0,14672.0,252.0,0.8,250.0,,253.0,253.0,249.0,3688827.5,2026-07-15 13:34:41.678297,262.0,251.42,,,,,,,,,,,,,,7,"price_volume, live_market, summary, top_gainers, top_losers, nepse_index, supply_demand",5152
2026-07-15T13:37:15.760668+05:45,2026-07-15 13:37:15,live_market,live_market_56,True,cloud_automated,Wednesday - Trading Hours: 11:00 AM - 3:00 PM NPT,2806,Ghalemdi Hydro Limited,GHL,58.0,7136.0,218.5,1.11,216.1,,219.9,220.9,217.0,1558291.6,2026-07-15 13:34:41.603393,10.0,218.37,,,,,,,,,,,,,,7,"price_volume, live_market, summary, top_gainers, top_losers, nepse_index, supply_demand",5152
2026-07-15T13:37:15.760668+05:45,2026-07-15 13:37:15,live_market,live_market_57,True,cloud_automated,Wednesday - Trading Hours: 11:00 AM - 3:00 PM NPT,9217,Mathillo Mailun Khola Jalvidhyut Limited,MMKJL,58.0,487.0,441.0,0.68,438.0,,438.0,450.0,437.0,214295.6,2026-07-15 13:34:41.456675,100.0,440.03,,,,,,,,,,,,,,7,"price_volume, live_market, summary, top_gainers, top_losers, nepse_index, supply_demand",5152
2026-07-15T13:37:15.760668+05:45,2026-07-15 13:37:15,live_market,live_market_58,True,cloud_automated,Wednesday - Trading Hours: 11:00 AM - 3:00 PM NPT,9256,Om Megashree Pharmaceuticals Limited,OMPL,58.0,3081.0,885.0,1.5,871.9,,878.1,902.0,878.1,2751512.7,2026-07-15 13:34:40.492365,20.0,893.06,,,,,,,,,,,,,,7,"price_volume, live_market, summary, top_gainers, top_losers, nepse_index, supply_demand",5152
2026-07-15T13:37:15.760668+05:45,2026-07-15 13:37:15,live_market,live_market_59,True,cloud_automated,Wednesday - Trading Hours: 11:00 AM - 3:00 PM NPT,403,SuryaJyoti Life Insurance Company Limited,SJLIC,58.0,4006.0,409.1,0.47,407.2,,410.0,413.0,408.0,1642259.6,2026-07-15 13:34:38.572802,10.0,409.95,,,,,,,,,,,,,,7,"price_volume, live_market, summary, top_gainers, top_losers, nepse_index, supply_demand",5152
2026-07-15T13:37:15.760668+05:45,2026-07-15 13:37:15,live_market,live_market_60,True,cloud_automated,Wednesday - Trading Hours: 11:00 AM - 3:00 PM NPT,9234,Himalayan Reinsurance Limited,HRL,58.0,19292.0,560.0,1.08,554.0,,560.0,564.0,555.0,10827055.4,2026-07-15 13:34:32.894516,10.0,561.22,,,,,,,,,,,,,,7,"price_volume, live_market, summary, top_gainers, top_losers, nepse_index, supply_demand",5152
2026-07-15T13:37:15.760668+05:45,2026-07-15 13:37:15,live_market,live_market_61,True,cloud_automated,Wednesday - Trading Hours: 11:00 AM - 3:00 PM NPT,2776,Radhi Bidyut Company Ltd,RADHI,58.0,38535.0,708.2,1.9,695.0,,695.0,759.3,695.0,28653030.8,2026-07-15 13:34:32.852109,10.0,743.56,,,,,,,,,,,,,,7,"price_volume, live_market, summary, top_gainers, top_losers, nepse_index, supply_demand",5152
2026-07-15T13:37:15.760668+05:45,2026-07-15 13:37:15,live_market,live_market_62,True,cloud_automated,Wednesday - Trading Hours: 11:00 AM - 3:00 PM NPT,154,Chilime Hydropower Company Limited,CHCL,58.0,11856.0,480.0,0.44,477.9,,482.0,482.0,478.0,5694104.4,2026-07-15 13:34:30.162282,212.0,480.27,,,,,,,,,,,,,,7,"price_volume, live_market, summary, top_gainers, top_losers, nepse_index, supply_demand",5152
2026-07-15T13:37:15.760668+05:45,2026-07-15 13:37:15,live_market,live_market_63,True,cloud_automated,Wednesday - Trading Hours: 11:00 AM - 3:00 PM NPT,2842,SANJEN JALAVIDHYUT COMPANY LIMITED,SJCL,58.0,2891.0,269.3,1.24,266.0,,264.0,270.9,264.0,778649.8,2026-07-15 13:34:28.188165,10.0,269.34,,,,,,,,,,,,,,7,"price_volume, live_market, summary, top_gainers, top_losers, nepse_index, supply_demand",5152
2026-07-15T13:37:15.760668+05:45,2026-07-15 13:37:15,live_market,live_market_64,True,cloud_automated,Wednesday - Trading Hours: 11:00 AM - 3:00 PM NPT,2743,Ngadi Group Power Ltd.,NGPL,58.0,58524.0,405.0,1.17,400.3,,403.1,408.8,400.0,23622697.0,2026-07-15 13:34:27.295565,100.0,403.64,,,,,,,,,,,,,,7,"price_volume, live_market, summary, top_gainers, top_losers, nepse_index, supply_demand",5152
2026-07-15T13:37:15.760668+05:45,2026-07-15 13:37:15,live_market,live_market_65,True,cloud_automated,Wednesday - Trading Hours: 11:00 AM - 3:00 PM NPT,142,Kumari Bank Limited,KBL,58.0,77635.0,211.9,1.53,208.7,,209.7,213.0,209.7,16413952.0,2026-07-15 13:34:26.369425,20.0,211.42,,,,,,,,,,,,,,7,"price_volume, live_market, summary, top_gainers, top_losers, nepse_index, supply_demand",5152
2026-07-15T13:37:15.760668+05:45,2026-07-15 13:37:15,live_market,live_market_66,True,cloud_automated,Wednesday - Trading Hours: 11:00 AM - 3:00 PM NPT,133,Standard Chartered Bank Limited,SCB,58.0,1371.0,638.6,0.49,635.5,,649.0,649.0,636.2,875055.6,2026-07-15 13:34:23.196054,75.0,638.26,,,,,,,,,,,,,,7,"price_volume, live_market, summary, top_gainers, top_losers, nepse_index, supply_demand",5152
2026-07-15T13:37:15.760668+05:45,2026-07-15 13:37:15,live_market,live_market_67,True,cloud_automated,Wednesday - Trading Hours: 11:00 AM - 3:00 PM NPT,9201,Sun Nepal Life Insurance Company Limited,SNLI,58.0,1759.0,423.2,0.28,422.0,,416.0,430.0,416.0,745984.1,2026-07-15 13:34:21.712397,6.0,424.1,,,,,,,,,,,,,,7,"price_volume, live_market, summary, top_gainers, top_losers, nepse_index, supply_demand",5152
2026-07-15T13:37:15.760668+05:45,2026-07-15 13:37:15,live_market,live_market_68,True,cloud_automated,Wednesday - Trading Hours: 11:00 AM - 3:00 PM NPT,474,Muktinath Bikas Bank Ltd.,MNBBL,58.0,5033.0,365.9,1.64,360.0,,361.1,366.0,361.1,1835081.4,2026-07-15 13:34:20.067207,160.0,364.61,,,,,,,,,,,,,,7,"price_volume, live_market, summary, top_gainers, top_losers, nepse_index, supply_demand",5152
2026-07-15T13:37:15.760668+05:45,2026-07-15 13:37:15,live_market,live_market_69,True,cloud_automated,Wednesday - Trading Hours: 11:00 AM - 3:00 PM NPT,9329,Shikhar power Development Limited,SIPD,58.0,2905.0,568.2,-0.3,569.9,,597.0,597.0,561.3,1650916.0,2026-07-15 13:34:15.864861,10.0,568.3,,,,,,,,,,,,,,7,"price_volume, live_market, summary, top_gainers, top_losers, nepse_index, supply_demand",5152
2026-07-15T13:37:15.760668+05:45,2026-07-15 13:37:15,live_market,live_market_70,True,cloud_automated,Wednesday - Trading Hours: 11:00 AM - 3:00 PM NPT,8100,Swet-Ganga Hydropower & Construction Limited ,SGHC,58.0,11336.0,330.0,0.61,328.0,,320.3,337.0,320.3,3742716.9,2026-07-15 13:34:14.331355,10.0,330.16,,,,,,,,,,,,,,7,"price_volume, live_market, summary, top_gainers, top_losers, nepse_index, supply_demand",5152
2026-07-15T13:37:15.760668+05:45,2026-07-15 13:37:15,live_market,live_market_71,True,cloud_automated,Wednesday - Trading Hours: 11:00 AM - 3:00 PM NPT,9267,Bikash Hydropower Company Limited,BHCL,58.0,4989.0,465.0,1.31,459.0,,447.0,470.0,447.0,2313061.5,2026-07-15 13:34:13.673667,10.0,463.63,,,,,,,,,,,,,,7,"price_volume, live_market, summary, top_gainers, top_losers, nepse_index, supply_demand",5152
2026-07-15T13:37:15.760668+05:45,2026-07-15 13:37:15,live_market,live_market_72,True,cloud_automated,Wednesday - Trading Hours: 11:00 AM - 3:00 PM NPT,610,Ridi Power Company Limited,RIDI,58.0,92292.0,326.0,3.16,316.0,,301.0,326.5,301.0,29924303.5,2026-07-15 13:34:13.330807,927.0,324.24,,,,,,,,,,,,,,7,"price_volume, live_market, summary, top_gainers, top_losers, nepse_index, supply_demand",5152
2026-07-15T13:37:15.760668+05:45,2026-07-15 13:37:15,live_market,live_market_73,True,cloud_automated,Wednesday - Trading Hours: 11:00 AM - 3:00 PM NPT,8131,Eastern Hydropower Limited,EHPL,58.0,6420.0,335.0,0.75,332.5,,342.4,351.9,333.6,2159388.0,2026-07-15 13:34:12.531124,55.0,336.35,,,,,,,,,,,,,,7,"price_volume, live_market, summary, top_gainers, top_losers, nepse_index, supply_demand",5152
2026-07-15T13:37:15.760668+05:45,2026-07-15 13:37:15,live_market,live_market_74,True,cloud_automated,Wednesday - Trading Hours: 11:00 AM - 3:00 PM NPT,9263,Sanvi Energy Limited,SANVI,58.0,1793.0,573.5,0.79,569.0,,552.0,590.0,552.0,1030140.5,2026-07-15 13:34:08.598221,190.0,574.53,,,,,,,,,,,,,,7,"price_volume, live_market, summary, top_gainers, top_losers, nepse_index, supply_demand",5152
2026-07-15T13:37:15.760668+05:45,2026-07-15 13:37:15,live_market,live_market_75,True,cloud_automated,Wednesday - Trading Hours: 11:00 AM - 3:00 PM NPT,8021,Sahas Urja Limited,SAHAS,58.0,45708.0,640.0,0.74,635.3,,648.0,648.0,638.0,29292398.3,2026-07-15 13:34:08.325399,99.0,640.86,,,,,,,,,,,,,,7,"price_volume, live_market, summary, top_gainers, top_losers, nepse_index, supply_demand",5152
2026-07-15T13:37:15.760668+05:45,2026-07-15 13:37:15,live_market,live_market_76,True,cloud_automated,Wednesday - Trading Hours: 11:00 AM - 3:00 PM NPT,145,Siddhartha Bank Limited,SBL,58.0,366568.0,386.1,0.03,386.0,,386.0,389.0,382.0,140371717.3,2026-07-15 13:34:07.666065,274.0,382.94,,,,,,,,,,,,,,7,"price_volume, live_market, summary, top_gainers, top_losers, nepse_index, supply_demand",5152
2026-07-15T13:37:15.760668+05:45,2026-07-15 13:37:15,live_market,live_market_77,True,cloud_automated,Wednesday - Trading Hours: 11:00 AM - 3:00 PM NPT,8122,People's Power Limited,PPL,58.0,6985.0,323.1,0.37,321.9,,306.0,328.0,306.0,2261565.0,2026-07-15 13:34:01.945908,100.0,323.77,,,,,,,,,,,,,,7,"price_volume, live_market, summary, top_gainers, top_losers, nepse_index, supply_demand",5152
2026-07-15T13:37:15.760668+05:45,2026-07-15 13:37:15,live_market,live_market_78,True,cloud_automated,Wednesday - Trading Hours: 11:00 AM - 3:00 PM NPT,9192,Upper Syange Hydropower Limited,USHL,58.0,1131.0,490.0,0.6,487.1,,511.4,511.4,468.3,556545.4,2026-07-15 13:34:01.061729,10.0,492.08,,,,,,,,,,,,,,7,"price_volume, live_market, summary, top_gainers, top_losers, nepse_index, supply_demand",5152
2026-07-15T13:37:15.760668+05:45,2026-07-15 13:37:15,live_market,live_market_79,True,cloud_automated,Wednesday - Trading Hours: 11:00 AM - 3:00 PM NPT,9231,10% Citizens Bank Debenture 2090,CIZBD90,58.0,150.0,1230.0,1.65,1210.0,,1224.0,1230.0,1224.0,183899.0,2026-07-15 13:33:59.846507,25.0,1225.99,,,,,,,,,,,,,,7,"price_volume, live_market, summary, top_gainers, top_losers, nepse_index, supply_demand",5152
2026-07-15T13:37:15.760668+05:45,2026-07-15 13:37:15,live_market,live_market_80,True,cloud_automated,Wednesday - Trading Hours: 11:00 AM - 3:00 PM NPT,2809,SHIVAM CEMENTS LTD,SHIVM,58.0,48156.0,623.0,0.65,619.0,,630.0,630.0,618.2,29929727.5,2026-07-15 13:33:49.800747,20.0,621.52,,,,,,,,,,,,,,7,"price_volume, live_market, summary, top_gainers, top_losers, nepse_index, supply_demand",5152
2026-07-15T13:37:15.760668+05:45,2026-07-15 13:37:15,live_market,live_market_81,True,cloud_automated,Wednesday - Trading Hours: 11:00 AM - 3:00 PM NPT,131,Nabil Bank Limited,NABIL,58.0,46475.0,535.0,0.92,530.1,,515.0,536.0,515.0,24774201.6,2026-07-15 13:33:49.755697,40.0,533.07,,,,,,,,,,,,,,7,"price_volume, live_market, summary, top_gainers, top_losers, nepse_index, supply_demand",5152
2026-07-15T13:37:15.760668+05:45,2026-07-15 13:37:15,live_market,live_market_82,True,cloud_automated,Wednesday - Trading Hours: 11:00 AM - 3:00 PM NPT,2921,Forward Microfinance Laghubitta Bittiya Sanstha Limited Promoter,FOWADP,58.0,6428.0,550.0,0.0,550.0,,550.0,550.0,550.0,3535400.0,2026-07-15 13:33:47.941901,6428.0,550.0,,,,,,,,,,,,,,7,"price_volume, live_market, summary, top_gainers, top_losers, nepse_index, supply_demand",5152
2026-07-15T13:37:15.760668+05:45,2026-07-15 13:37:15,live_market,live_market_83,True,cloud_automated,Wednesday - Trading Hours: 11:00 AM - 3:00 PM NPT,9184,IME Life Insurance Company Limited,ILI,58.0,2629.0,413.0,0.44,411.2,,410.0,415.0,409.1,1084891.7,2026-07-15 13:33:39.341843,176.0,412.66,,,,,,,,,,,,,,7,"price_volume, live_market, summary, top_gainers, top_losers, nepse_index, supply_demand",5152
2026-07-15T13:37:15.760668+05:45,2026-07-15 13:37:15,live_market,live_market_84,True,cloud_automated,Wednesday - Trading Hours: 11:00 AM - 3:00 PM NPT,9250,Nepal Micro Insurance Company Limited,NMIC,58.0,446.0,890.1,0.35,887.0,,872.0,910.0,872.0,398406.0,2026-07-15 13:33:38.244726,10.0,893.29,,,,,,,,,,,,,,7,"price_volume, live_market, summary, top_gainers, top_losers, nepse_index, supply_demand",5152
2026-07-15T13:37:15.760668+05:45,2026-07-15 13:37:15,live_market,live_market_85,True,cloud_automated,Wednesday - Trading Hours: 11:00 AM - 3:00 PM NPT,8111,Hydorelectricity Investment and Development Company Limited Promoter,HIDCLP,58.0,76617.0,188.2,1.51,185.4,,186.0,190.0,186.0,14461642.6,2026-07-15 13:33:37.665838,10.0,188.75,,,,,,,,,,,,,,7,"price_volume, live_market, summary, top_gainers, top_losers, nepse_index, supply_demand",5152
2026-07-15T13:37:15.760668+05:45,2026-07-15 13:37:15,live_market,live_market_86,True,cloud_automated,Wednesday - Trading Hours: 11:00 AM - 3:00 PM NPT,417,Garima Bikas Bank Limited,GBBL,58.0,24730.0,397.7,0.43,396.0,,402.0,403.9,397.7,9873437.1,2026-07-15 13:33:34.919865,1.0,399.25,,,,,,,,,,,,,,7,"price_volume, live_market, summary, top_gainers, top_losers, nepse_index, supply_demand",5152
2026-07-15T13:37:15.760668+05:45,2026-07-15 13:37:15,live_market,live_market_87,True,cloud_automated,Wednesday - Trading Hours: 11:00 AM - 3:00 PM NPT,9173,City Hotel Limited,CITY,58.0,49859.0,347.0,1.17,343.0,,349.8,354.0,343.0,17403829.3,2026-07-15 13:33:34.693144,125.0,349.06,,,,,,,,,,,,,,7,"price_volume, live_market, summary, top_gainers, top_losers, nepse_index, supply_demand",5152
2026-07-15T13:37:15.760668+05:45,2026-07-15 13:37:15,live_market,live_market_88,True,cloud_automated,Wednesday - Trading Hours: 11:00 AM - 3:00 PM NPT,9176,Ingwa Hydropower Limited,IHL,58.0,2715.0,348.0,2.35,340.0,,345.0,353.0,340.1,944688.5,2026-07-15 13:33:29.69765,10.0,347.95,,,,,,,,,,,,,,7,"price_volume, live_market, summary, top_gainers, top_losers, nepse_index, supply_demand",5152
2026-07-15T13:37:15.760668+05:45,2026-07-15 13:37:15,live_market,live_market_89,True,cloud_automated,Wednesday - Trading Hours: 11:00 AM - 3:00 PM NPT,9312,Nepal Life Samriddhi Lagani Yojana,NSY,58.0,24240.0,9.49,3.15,9.2,,9.2,9.49,9.14,228886.0,2026-07-15 13:33:21.972805,20000.0,9.44,,,,,,,,,,,,,,7,"price_volume, live_market, summary, top_gainers, top_losers, nepse_index, supply_demand",5152
2026-07-15T13:37:15.760668+05:45,2026-07-15 13:37:15,live_market,live_market_90,True,cloud_automated,Wednesday - Trading Hours: 11:00 AM - 3:00 PM NPT,139,NIC Asia Bank Ltd.,NICA,58.0,6872.0,327.0,0.86,324.2,,330.0,330.0,325.0,2242598.7,2026-07-15 13:33:21.104336,10.0,326.34,,,,,,,,,,,,,,7,"price_volume, live_market, summary, top_gainers, top_losers, nepse_index, supply_demand",5152
2026-07-15T13:37:15.760668+05:45,2026-07-15 13:37:15,live_market,live_market_91,True,cloud_automated,Wednesday - Trading Hours: 11:00 AM - 3:00 PM NPT,9225,Vision Lumbini Urja Company Limited ,VLUCL,58.0,1422.0,423.0,-1.51,429.5,,422.1,440.0,420.1,603869.7,2026-07-15 13:33:19.831799,10.0,424.66,,,,,,,,,,,,,,7,"price_volume, live_market, summary, top_gainers, top_losers, nepse_index, supply_demand",5152
2026-07-15T13:37:15.760668+05:45,2026-07-15 13:37:15,live_market,live_market_92,True,cloud_automated,Wednesday - Trading Hours: 11:00 AM - 3:00 PM NPT,9146,Super Madi Hydropower Limited,SMHL,58.0,5274.0,470.0,0.82,466.2,,474.9,474.9,466.0,2479209.0,2026-07-15 13:33:14.772972,25.0,470.08,,,,,,,,,,,,,,7,"price_volume, live_market, summary, top_gainers, top_losers, nepse_index, supply_demand",5152
2026-07-15T13:37:15.760668+05:45,2026-07-15 13:37:15,live_market,live_market_93,True,cloud_automated,Wednesday - Trading Hours: 11:00 AM - 3:00 PM NPT,450,Corporate Development Bank Limited,CORBL,58.0,25658.0,1550.0,0.0,1550.0,,1627.5,1700.0,1549.0,40322852.5,2026-07-15 13:33:13.404165,10.0,1571.55,,,,,,,,,,,,,,7,"price_volume, live_market, summary, top_gainers, top_losers, nepse_index, supply_demand",5152
2026-07-15T13:37:15.760668+05:45,2026-07-15 13:37:15,live_market,live_market_94,True,cloud_automated,Wednesday - Trading Hours: 11:00 AM - 3:00 PM NPT,2881,Nepal Reinsurance Company Limited,NRIC,58.0,24857.0,935.0,1.19,924.0,,965.0,965.0,927.5,23488489.1,2026-07-15 13:33:13.231214,109.0,944.94,,,,,,,,,,,,,,7,"price_volume, live_market, summary, top_gainers, top_losers, nepse_index, supply_demand",5152
2026-07-15T13:37:15.760668+05:45,2026-07-15 13:37:15,live_market,live_market_95,True,cloud_automated,Wednesday - Trading Hours: 11:00 AM - 3:00 PM NPT,9232,Chirkhwa Hydropower Limited ,CKHL,58.0,214.0,532.0,-1.94,542.5,,542.5,542.5,532.0,113928.0,2026-07-15 13:33:09.551524,150.0,532.37,,,,,,,,,,,,,,7,"price_volume, live_market, summary, top_gainers, top_losers, nepse_index, supply_demand",5152
2026-07-15T13:37:15.760668+05:45,2026-07-15 13:37:15,live_market,live_market_96,True,cloud_automated,Wednesday - Trading Hours: 11:00 AM - 3:00 PM NPT,2767,Himalayan Power Partner Ltd.,HPPL,58.0,49824.0,348.9,-0.57,350.9,,346.3,355.0,345.0,17384278.6,2026-07-15 13:33:08.602646,139.0,348.91,,,,,,,,,,,,,,7,"price_volume, live_market, summary, top_gainers, top_losers, nepse_index, supply_demand",5152
2026-07-15T13:37:15.760668+05:45,2026-07-15 13:37:15,live_market,live_market_97,True,cloud_automated,Wednesday - Trading Hours: 11:00 AM - 3:00 PM NPT,9174,Prabhu Smart Fund,PRSF,58.0,13050.0,12.7,0.79,12.6,,12.61,12.7,12.61,165726.0,2026-07-15 13:33:08.484014,7850.0,12.7,,,,,,,,,,,,,,7,"price_volume, live_market, summary, top_gainers, top_losers, nepse_index, supply_demand",5152
2026-07-15T13:37:15.760668+05:45,2026-07-15 13:37:15,live_market,live_market_98,True,cloud_automated,Wednesday - Trading Hours: 11:00 AM - 3:00 PM NPT,9324,Ridge Line Energy Limited,RLEL,58.0,2016.0,740.1,0.97,733.0,,733.0,752.9,725.0,1493369.0,2026-07-15 13:33:08.439098,10.0,740.76,,,,,,,,,,,,,,7,"price_volume, live_market, summary, top_gainers, top_losers, nepse_index, supply_demand",5152
2026-07-15T13:37:15.760668+05:45,2026-07-15 13:37:15,live_market,live_market_99,True,cloud_automated,Wednesday - Trading Hours: 11:00 AM - 3:00 PM NPT,307,Nepal Doorsanchar Company Limited,NTC,58.0,2477.0,857.0,0.72,850.9,,859.9,859.9,854.0,2122369.1,2026-07-15 13:33:05.845929,10.0,856.83,,,,,,,,,,,,,,7,"price_volume, live_market, summary, top_gainers, top_losers, nepse_index, supply_demand",5152
2026-07-15T13:37:15.760668+05:45,2026-07-15 13:37:15,live_market,live_market_100,True,cloud_automated,Wednesday - Trading Hours: 11:00 AM - 3:00 PM NPT,235,Himalayan Distillery Limited,HDL,58.0,13356.0,1148.0,0.26,1145.0,,1145.0,1152.0,1143.0,15325398.0,2026-07-15 13:32:57.238558,10.0,1147.45,,,,,,,,,,,,,,7,"price_volume, live_market, summary, top_gainers, top_losers, nepse_index, supply_demand",5152
2026-07-15T13:37:15.760668+05:45,2026-07-15 13:37:15,live_market,live_market_101,True,cloud_automated,Wednesday - Trading Hours: 11:00 AM - 3:00 PM NPT,8076,Himalayan Hydropower Limited,HHL,58.0,16312.0,331.0,1.85,325.0,,309.0,336.0,309.0,5389473.9,2026-07-15 13:32:54.840253,1000.0,330.4,,,,,,,,,,,,,,7,"price_volume, live_market, summary, top_gainers, top_losers, nepse_index, supply_demand",5152
2026-07-15T13:37:15.760668+05:45,2026-07-15 13:37:15,live_market,live_market_102,True,cloud_automated,Wednesday - Trading Hours: 11:00 AM - 3:00 PM NPT,385,Asian Life Insurance Co. Limited,ALICL,58.0,1794.0,423.0,0.95,419.0,,420.0,429.8,420.0,757813.2,2026-07-15 13:32:53.578459,34.0,422.42,,,,,,,,,,,,,,7,"price_volume, live_market, summary, top_gainers, top_losers, nepse_index, supply_demand",5152
2026-07-15T13:37:15.760668+05:45,2026-07-15 13:37:15,live_market,live_market_103,True,cloud_automated,Wednesday - Trading Hours: 11:00 AM - 3:00 PM NPT,9194,Three Star Hydropower Limited,TSHL,58.0,10974.0,348.0,5.45,330.0,,339.8,352.0,339.0,3817603.5,2026-07-15 13:32:47.311736,50.0,347.88,,,,,,,,,,,,,,7,"price_volume, live_market, summary, top_gainers, top_losers, nepse_index, supply_demand",5152
2026-07-15T13:37:15.760668+05:45,2026-07-15 13:37:15,live_market,live_market_104,True,cloud_automated,Wednesday - Trading Hours: 11:00 AM - 3:00 PM NPT,357,Prime Commercial Bank Ltd.,PCBL,58.0,16861.0,231.0,0.79,229.2,,231.0,235.0,230.5,3907873.7,2026-07-15 13:32:45.07161,13.0,231.77,,,,,,,,,,,,,,7,"price_volume, live_market, summary, top_gainers, top_losers, nepse_index, supply_demand",5152
2026-07-15T13:37:15.760668+05:45,2026-07-15 13:37:15,live_market,live_market_105,True,cloud_automated,Wednesday - Trading Hours: 11:00 AM - 3:00 PM NPT,8074,Kumari Dhanabriddhi Yojana,KDBY,58.0,22400.0,10.76,-0.65,10.83,,10.7,10.83,10.7,240593.0,2026-07-15 13:32:44.833658,100.0,10.74,,,,,,,,,,,,,,7,"price_volume, live_market, summary, top_gainers, top_losers, nepse_index, supply_demand",5152
2026-07-15T13:37:15.760668+05:45,2026-07-15 13:37:15,live_market,live_market_106,True,cloud_automated,Wednesday - Trading Hours: 11:00 AM - 3:00 PM NPT,2903,Liberty Energy Company Limited,LEC,58.0,22006.0,207.5,1.07,205.3,,211.0,211.0,205.0,4548572.0,2026-07-15 13:32:43.579624,1370.0,206.7,,,,,,,,,,,,,,7,"price_volume, live_market, summary, top_gainers, top_losers, nepse_index, supply_demand",5152
2026-07-15T13:37:15.760668+05:45,2026-07-15 13:37:15,live_market,live_market_107,True,cloud_automated,Wednesday - Trading Hours: 11:00 AM - 3:00 PM NPT,2841,RASUWAGADHI HYDROPOWER COMPANY LIMITED,RHPL,58.0,2792.0,256.4,0.51,255.1,,253.1,260.0,253.1,718127.0,2026-07-15 13:32:37.406991,10.0,257.21,,,,,,,,,,,,,,7,"price_volume, live_market, summary, top_gainers, top_losers, nepse_index, supply_demand",5152
2026-07-15T13:37:15.760668+05:45,2026-07-15 13:37:15,live_market,live_market_108,True,cloud_automated,Wednesday - Trading Hours: 11:00 AM - 3:00 PM NPT,141,Laxmi Sunrise Bank Limited,LSL,58.0,27161.0,215.0,0.05,214.9,,217.0,220.0,215.0,5868553.1,2026-07-15 13:32:36.488942,31.0,216.07,,,,,,,,,,,,,,7,"price_volume, live_market, summary, top_gainers, top_losers, nepse_index, supply_demand",5152
2026-07-15T13:37:15.760668+05:45,2026-07-15 13:37:15,live_market,live_market_109,True,cloud_automated,Wednesday - Trading Hours: 11:00 AM - 3:00 PM NPT,2832,Infinity Laghubitta Bittiya Sanstha Limited,ILBS,58.0,287.0,851.0,1.31,840.0,,815.0,888.0,815.0,248221.1,2026-07-15 13:32:34.117834,10.0,864.88,,,,,,,,,,,,,,7,"price_volume, live_market, summary, top_gainers, top_losers, nepse_index, supply_demand",5152
2026-07-15T13:37:15.760668+05:45,2026-07-15 13:37:15,live_market,live_market_110,True,cloud_automated,Wednesday - Trading Hours: 11:00 AM - 3:00 PM NPT,4949,NIBL Samriddhi Fund -2,NIBSF2,58.0,1750.0,8.8,1.15,8.7,,8.9,8.96,8.74,15366.0,2026-07-15 13:32:31.50194,350.0,8.78,,,,,,,,,,,,,,7,"price_volume, live_market, summary, top_gainers, top_losers, nepse_index, supply_demand",5152
2026-07-15T13:37:15.760668+05:45,2026-07-15 13:37:15,live_market,live_market_111,True,cloud_automated,Wednesday - Trading Hours: 11:00 AM - 3:00 PM NPT,9297,Bandipur Cablecar and Tourism Limited,BANDIPUR,58.0,21330.0,673.1,0.76,668.0,,655.0,680.0,655.0,14372790.2,2026-07-15 13:32:31.250531,10.0,673.83,,,,,,,,,,,,,,7,"price_volume, live_market, summary, top_gainers, top_losers, nepse_index, supply_demand",5152
2026-07-15T13:37:15.760668+05:45,2026-07-15 13:37:15,live_market,live_market_112,True,cloud_automated,Wednesday - Trading Hours: 11:00 AM - 3:00 PM NPT,697,Api Power Company Ltd.,API,58.0,76825.0,324.5,0.81,321.9,,322.1,328.0,322.0,24981269.4,2026-07-15 13:32:25.919483,43.0,325.17,,,,,,,,,,,,,,7,"price_volume, live_market, summary, top_gainers, top_losers, nepse_index, supply_demand",5152
2026-07-15T13:37:15.760668+05:45,2026-07-15 13:37:15,live_market,live_market_113,True,cloud_automated,Wednesday - Trading Hours: 11:00 AM - 3:00 PM NPT,401,Mahalaxmi Bikas Bank Ltd.,MLBL,58.0,3190.0,347.0,0.73,344.5,,350.0,351.0,347.0,1115102.4,2026-07-15 13:32:25.378667,87.0,349.56,,,,,,,,,,,,,,7,"price_volume, live_market, summary, top_gainers, top_losers, nepse_index, supply_demand",5152
2026-07-15T13:37:15.760668+05:45,2026-07-15 13:37:15,live_market,live_market_114,True,cloud_automated,Wednesday - Trading Hours: 11:00 AM - 3:00 PM NPT,9301,Shreenagar Agritech Industries Limited,SAIL,58.0,8600.0,850.0,1.07,841.0,,833.0,860.0,833.0,7339887.2,2026-07-15 13:32:24.621949,33.0,853.48,,,,,,,,,,,,,,7,"price_volume, live_market, summary, top_gainers, top_losers, nepse_index, supply_demand",5152
2026-07-15T13:37:15.760668+05:45,2026-07-15 13:37:15,live_market,live_market_115,True,cloud_automated,Wednesday - Trading Hours: 11:00 AM - 3:00 PM NPT,188,Life Insurance Corporation (Nepal) Limited,LICN,58.0,1284.0,779.0,0.91,772.0,,765.0,787.8,765.0,993316.5,2026-07-15 13:32:22.785529,10.0,773.61,,,,,,,,,,,,,,7,"price_volume, live_market, summary, top_gainers, top_losers, nepse_index, supply_demand",5152
2026-07-15T13:37:15.760668+05:45,2026-07-15 13:37:15,live_market,live_market_116,True,cloud_automated,Wednesday - Trading Hours: 11:00 AM - 3:00 PM NPT,9203,Manakamana Engineering Hydropower Limited,MEHL,58.0,1104.0,303.0,3.77,292.0,,292.0,303.0,292.0,331181.0,2026-07-15 13:32:14.298796,147.0,299.98,,,,,,,,,,,,,,7,"price_volume, live_market, summary, top_gainers, top_losers, nepse_index, supply_demand",5152
2026-07-15T13:37:15.760668+05:45,2026-07-15 13:37:15,live_market,live_market_117,True,cloud_automated,Wednesday - Trading Hours: 11:00 AM - 3:00 PM NPT,341,Global IME Bank Limited,GBIME,58.0,40551.0,240.0,1.18,237.2,,240.0,240.9,238.0,9695937.8,2026-07-15 13:32:12.622778,248.0,239.1,,,,,,,,,,,,,,7,"price_volume, live_market, summary, top_gainers, top_losers, nepse_index, supply_demand",5152
2026-07-15T13:37:15.760668+05:45,2026-07-15 13:37:15,live_market,live_market_118,True,cloud_automated,Wednesday - Trading Hours: 11:00 AM - 3:00 PM NPT,9158,Molung Hydropower Company Limited,MHCL,58.0,810.0,307.1,0.62,305.2,,305.1,310.0,305.0,249467.0,2026-07-15 13:32:11.584451,10.0,307.98,,,,,,,,,,,,,,7,"price_volume, live_market, summary, top_gainers, top_losers, nepse_index, supply_demand",5152
2026-07-15T13:37:15.760668+05:45,2026-07-15 13:37:15,live_market,live_market_119,True,cloud_automated,Wednesday - Trading Hours: 11:00 AM - 3:00 PM NPT,471,Multipurpose Finance Company  Limited,MPFL,58.0,1391.0,598.1,0.55,594.8,,606.2,606.2,598.1,836830.5,2026-07-15 13:32:10.796488,10.0,601.6,,,,,,,,,,,,,,7,"price_volume, live_market, summary, top_gainers, top_losers, nepse_index, supply_demand",5152
2026-07-15T13:37:15.760668+05:45,2026-07-15 13:37:15,live_market,live_market_120,True,cloud_automated,Wednesday - Trading Hours: 11:00 AM - 3:00 PM NPT,9258,Pure Energy Limited,PURE,58.0,1553.0,735.1,-0.66,740.0,,732.2,754.0,732.2,1155266.2,2026-07-15 13:32:09.648669,10.0,743.89,,,,,,,,,,,,,,7,"price_volume, live_market, summary, top_gainers, top_losers, nepse_index, supply_demand",5152
2026-07-15T13:37:15.760668+05:45,2026-07-15 13:37:15,live_market,live_market_121,True,cloud_automated,Wednesday - Trading Hours: 11:00 AM - 3:00 PM NPT,9252,Crest Micro Life Insurance Limited,CREST,58.0,2333.0,1172.0,-0.25,1174.9,,1150.0,1205.0,1140.0,2735565.2,2026-07-15 13:31:57.213489,10.0,1172.55,,,,,,,,,,,,,,7,"price_volume, live_market, summary, top_gainers, top_losers, nepse_index, supply_demand",5152
2026-07-15T13:37:15.760668+05:45,2026-07-15 13:37:15,live_market,live_market_122,True,cloud_automated,Wednesday - Trading Hours: 11:00 AM - 3:00 PM NPT,137,Everest Bank Limited,EBL,58.0,33405.0,694.0,0.2,692.6,,700.0,700.0,694.0,23215192.4,2026-07-15 13:31:56.195733,82.0,694.96,,,,,,,,,,,,,,7,"price_volume, live_market, summary, top_gainers, top_losers, nepse_index, supply_demand",5152
2026-07-15T13:37:15.760668+05:45,2026-07-15 13:37:15,live_market,live_market_123,True,cloud_automated,Wednesday - Trading Hours: 11:00 AM - 3:00 PM NPT,561,Sindhu Bikash Bank Ltd,SINDU,58.0,3726.0,679.0,0.01,678.9,,670.1,694.0,666.0,2536816.4,2026-07-15 13:31:55.627608,35.0,680.84,,,,,,,,,,,,,,7,"price_volume, live_market, summary, top_gainers, top_losers, nepse_index, supply_demand",5152
2026-07-15T13:37:15.760668+05:45,2026-07-15 13:37:15,live_market,live_market_124,True,cloud_automated,Wednesday - Trading Hours: 11:00 AM - 3:00 PM NPT,8070,Dordi Khola Jal Bidyut Company Limited,DORDI,58.0,6179.0,246.0,0.2,245.5,,245.0,252.0,245.0,1534983.9,2026-07-15 13:31:47.95888,40.0,248.42,,,,,,,,,,,,,,7,"price_volume, live_market, summary, top_gainers, top_losers, nepse_index, supply_demand",5152
2026-07-15T13:37:15.760668+05:45,2026-07-15 13:37:15,live_market,live_market_125,True,cloud_automated,Wednesday - Trading Hours: 11:00 AM - 3:00 PM NPT,9287,Mabilung Energy Limited,MABEL,58.0,4750.0,557.0,0.72,553.0,,553.0,568.0,547.1,2638645.4,2026-07-15 13:31:46.742259,700.0,555.5,,,,,,,,,,,,,,7,"price_volume, live_market, summary, top_gainers, top_losers, nepse_index, supply_demand",5152
2026-07-15T13:37:15.760668+05:45,2026-07-15 13:37:15,live_market,live_market_126,True,cloud_automated,Wednesday - Trading Hours: 11:00 AM - 3:00 PM NPT,9244,NIBL Stable Fund,NIBLSTF,58.0,55225.0,8.55,-5.73,9.07,,8.9,8.9,8.53,480802.5,2026-07-15 13:31:36.233894,10000.0,8.71,,,,,,,,,,,,,,7,"price_volume, live_market, summary, top_gainers, top_losers, nepse_index, supply_demand",5152
2026-07-15T13:37:15.760668+05:45,2026-07-15 13:37:15,live_market,live_market_127,True,cloud_automated,Wednesday - Trading Hours: 11:00 AM - 3:00 PM NPT,9208,Upper Lohore Khola Hydropower Company Limited,ULHC,58.0,4462.0,360.0,0.84,357.0,,358.0,367.0,350.3,1601506.5,2026-07-15 13:31:34.373699,24.0,358.92,,,,,,,,,,,,,,7,"price_volume, live_market, summary, top_gainers, top_losers, nepse_index, supply_demand",5152
2026-07-15T13:37:15.760668+05:45,2026-07-15 13:37:15,live_market,live_market_128,True,cloud_automated,Wednesday - Trading Hours: 11:00 AM - 3:00 PM NPT,9259,Reliable Samriddhi Yojana,RSY,58.0,1200.0,10.04,0.4,10.0,,9.74,10.04,9.74,11937.0,2026-07-15 13:31:32.894673,100.0,9.95,,,,,,,,,,,,,,7,"price_volume, live_market, summary, top_gainers, top_losers, nepse_index, supply_demand",5152
2026-07-15T13:37:15.760668+05:45,2026-07-15 13:37:15,live_market,live_market_129,True,cloud_automated,Wednesday - Trading Hours: 11:00 AM - 3:00 PM NPT,2913,Mountain Energy Nepal Limited,MEN,58.0,22851.0,567.0,0.35,565.0,,560.0,573.8,560.0,12985994.5,2026-07-15 13:31:26.23407,15.0,568.29,,,,,,,,,,,,,,7,"price_volume, live_market, summary, top_gainers, top_losers, nepse_index, supply_demand",5152
2026-07-15T13:37:15.760668+05:45,2026-07-15 13:37:15,live_market,live_market_130,True,cloud_automated,Wednesday - Trading Hours: 11:00 AM - 3:00 PM NPT,9179,Modi Energy Limited,MEL,58.0,2430.0,215.0,1.9,211.0,,216.0,216.5,211.6,521896.0,2026-07-15 13:31:12.59426,10.0,214.77,,,,,,,,,,,,,,7,"price_volume, live_market, summary, top_gainers, top_losers, nepse_index, supply_demand",5152
2026-07-15T13:37:15.760668+05:45,2026-07-15 13:37:15,live_market,live_market_131,True,cloud_automated,Wednesday - Trading Hours: 11:00 AM - 3:00 PM NPT,210,Citizen Investment Trust,CIT,58.0,2058.0,1691.9,0.59,1681.9,,1680.0,1695.0,1679.0,3461568.8,2026-07-15 13:31:01.467969,30.0,1682.01,,,,,,,,,,,,,,7,"price_volume, live_market, summary, top_gainers, top_losers, nepse_index, supply_demand",5152
2026-07-15T13:37:15.760668+05:45,2026-07-15 13:37:15,live_market,live_market_132,True,cloud_automated,Wednesday - Trading Hours: 11:00 AM - 3:00 PM NPT,2789,Joshi Hydropower Development Company Ltd,JOSHI,58.0,698.0,253.0,0.24,252.4,,250.1,257.6,250.1,176742.7,2026-07-15 13:30:50.229343,13.0,253.21,,,,,,,,,,,,,,7,"price_volume, live_market, summary, top_gainers, top_losers, nepse_index, supply_demand",5152
2026-07-15T13:37:15.760668+05:45,2026-07-15 13:37:15,live_market,live_market_133,True,cloud_automated,Wednesday - Trading Hours: 11:00 AM - 3:00 PM NPT,187,Nepal Life Insurance Co. Ltd.,NLIC,58.0,28273.0,743.1,0.39,740.2,,740.1,759.9,740.1,21092595.8,2026-07-15 13:30:50.115735,154.0,746.03,,,,,,,,,,,,,,7,"price_volume, live_market, summary, top_gainers, top_losers, nepse_index, supply_demand",5152
2026-07-15T13:37:15.760668+05:45,2026-07-15 13:37:15,live_market,live_market_134,True,cloud_automated,Wednesday - Trading Hours: 11:00 AM - 3:00 PM NPT,9193,Ghorahi Cement Industry Limited,GCIL,58.0,14956.0,326.6,1.27,322.5,,322.5,329.0,315.5,4841279.8,2026-07-15 13:30:45.793203,10.0,323.7,,,,,,,,,,,,,,7,"price_volume, live_market, summary, top_gainers, top_losers, nepse_index, supply_demand",5152
2026-07-15T13:37:15.760668+05:45,2026-07-15 13:37:15,live_market,live_market_135,True,cloud_automated,Wednesday - Trading Hours: 11:00 AM - 3:00 PM NPT,9242,Sarbottam Cement Limited,SARBTM,58.0,8390.0,775.0,0.01,774.9,,775.0,777.0,774.0,6503640.6,2026-07-15 13:30:35.987511,10.0,775.17,,,,,,,,,,,,,,7,"price_volume, live_market, summary, top_gainers, top_losers, nepse_index, supply_demand",5152
2026-07-15T13:37:15.760668+05:45,2026-07-15 13:37:15,live_market,live_market_136,True,cloud_automated,Wednesday - Trading Hours: 11:00 AM - 3:00 PM NPT,9303,SY Panel Nepal Limited,SYPNL,58.0,13247.0,1300.0,1.8,1277.0,,1301.0,1310.0,1262.0,17171177.0,2026-07-15 13:30:26.074167,90.0,1296.23,,,,,,,,,,,,,,7,"price_volume, live_market, summary, top_gainers, top_losers, nepse_index, supply_demand",5152
2026-07-15T13:37:15.760668+05:45,2026-07-15 13:37:15,live_market,live_market_137,True,cloud_automated,Wednesday - Trading Hours: 11:00 AM - 3:00 PM NPT,9322,Bhujung Hydropower Limited,BJHL,58.0,2091.0,677.2,-0.4,679.9,,679.0,696.0,663.0,1417907.0,2026-07-15 13:30:19.895829,10.0,678.1,,,,,,,,,,,,,,7,"price_volume, live_market, summary, top_gainers, top_losers, nepse_index, supply_demand",5152
2026-07-15T13:37:15.760668+05:45,2026-07-15 13:37:15,live_market,live_market_138,True,cloud_automated,Wednesday - Trading Hours: 11:00 AM - 3:00 PM NPT,9325,Suryakunda Hydro Electric Limited,SKHEL,58.0,1397.0,875.5,0.18,873.9,,898.5,900.0,866.3,1222697.8,2026-07-15 13:30:17.883012,49.0,875.23,,,,,,,,,,,,,,7,"price_volume, live_market, summary, top_gainers, top_losers, nepse_index, supply_demand",5152
2026-07-15T13:37:15.760668+05:45,2026-07-15 13:37:15,live_market,live_market_139,True,cloud_automated,Wednesday - Trading Hours: 11:00 AM - 3:00 PM NPT,8055,Balephi Hydropower Limited,BHL,58.0,91357.0,209.0,1.7,205.5,,205.5,210.0,205.5,19121440.5,2026-07-15 13:30:14.578569,45.0,209.3,,,,,,,,,,,,,,7,"price_volume, live_market, summary, top_gainers, top_losers, nepse_index, supply_demand",5152
2026-07-15T13:37:15.760668+05:45,2026-07-15 13:37:15,live_market,live_market_140,True,cloud_automated,Wednesday - Trading Hours: 11:00 AM - 3:00 PM NPT,2864,10.25% SBL Debenture 2083,SBLD83,58.0,200.0,1070.0,2.1,1048.0,,1070.0,1070.0,1070.0,214000.0,2026-07-15 13:30:12.586088,200.0,1070.0,,,,,,,,,,,,,,7,"price_volume, live_market, summary, top_gainers, top_losers, nepse_index, supply_demand",5152
2026-07-15T13:37:15.760668+05:45,2026-07-15 13:37:15,live_market,live_market_141,True,cloud_automated,Wednesday - Trading Hours: 11:00 AM - 3:00 PM NPT,8123,Dhaulagiri Laghubitta Bittiya Sanstha Limited,DLBS,58.0,147.0,1200.0,0.0,1200.0,,1200.0,1210.0,1200.0,176548.0,2026-07-15 13:30:03.660428,7.0,1201.01,,,,,,,,,,,,,,7,"price_volume, live_market, summary, top_gainers, top_losers, nepse_index, supply_demand",5152
2026-07-15T13:37:15.760668+05:45,2026-07-15 13:37:15,live_market,live_market_142,True,cloud_automated,Wednesday - Trading Hours: 11:00 AM - 3:00 PM NPT,393,Himalayan Life Insurance Limited,HLI,58.0,5069.0,320.5,0.79,318.0,,321.0,323.0,320.0,1630419.4,2026-07-15 13:29:58.242855,12.0,321.65,,,,,,,,,,,,,,7,"price_volume, live_market, summary, top_gainers, top_losers, nepse_index, supply_demand",5152
2026-07-15T13:37:15.760668+05:45,2026-07-15 13:37:15,live_market,live_market_143,True,cloud_automated,Wednesday - Trading Hours: 11:00 AM - 3:00 PM NPT,687,Vijaya laghubitta Bittiya Sanstha Ltd.,VLBS,58.0,278.0,655.8,1.67,645.0,,651.2,662.0,647.0,182915.6,2026-07-15 13:29:55.044298,12.0,657.97,,,,,,,,,,,,,,7,"price_volume, live_market, summary, top_gainers, top_losers, nepse_index, supply_demand",5152
2026-07-15T13:37:15.760668+05:45,2026-07-15 13:37:15,live_market,live_market_144,True,cloud_automated,Wednesday - Trading Hours: 11:00 AM - 3:00 PM NPT,9213,Hathway Investment Nepal Limited,HATHY,58.0,3680.0,673.5,-2.39,690.0,,699.0,699.0,673.5,2506176.8,2026-07-15 13:29:54.136288,18.0,681.03,,,,,,,,,,,,,,7,"price_volume, live_market, summary, top_gainers, top_losers, nepse_index, supply_demand",5152
2026-07-15T13:37:15.760668+05:45,2026-07-15 13:37:15,live_market,live_market_145,True,cloud_automated,Wednesday - Trading Hours: 11:00 AM - 3:00 PM NPT,8099,Upper Hewakhola Hydropower Company Limited,UHEWA,58.0,83134.0,573.2,2.91,557.0,,560.0,580.0,556.0,47990895.7,2026-07-15 13:29:43.224364,161.0,577.27,,,,,,,,,,,,,,7,"price_volume, live_market, summary, top_gainers, top_losers, nepse_index, supply_demand",5152
2026-07-15T13:37:15.760668+05:45,2026-07-15 13:37:15,live_market,live_market_146,True,cloud_automated,Wednesday - Trading Hours: 11:00 AM - 3:00 PM NPT,132,Nepal Investment Mega Bank Limited,NIMB,58.0,81450.0,191.0,1.0,189.1,,193.0,193.0,189.3,15552434.2,2026-07-15 13:29:41.391274,20.0,190.94,,,,,,,,,,,,,,7,"price_volume, live_market, summary, top_gainers, top_losers, nepse_index, supply_demand",5152
2026-07-15T13:37:15.760668+05:45,2026-07-15 13:37:15,live_market,live_market_147,True,cloud_automated,Wednesday - Trading Hours: 11:00 AM - 3:00 PM NPT,2924,GreenLife Hydropower Limited,GLH,58.0,10144.0,247.2,0.94,244.9,,245.0,250.0,245.0,2514128.1,2026-07-15 13:29:38.58539,10.0,247.84,,,,,,,,,,,,,,7,"price_volume, live_market, summary, top_gainers, top_losers, nepse_index, supply_demand",5152
2026-07-15T13:37:15.760668+05:45,2026-07-15 13:37:15,live_market,live_market_148,True,cloud_automated,Wednesday - Trading Hours: 11:00 AM - 3:00 PM NPT,418,Jyoti Bikas Bank Limited,JBBL,58.0,24791.0,344.0,1.93,337.5,,339.0,345.1,339.0,8496387.4,2026-07-15 13:29:33.899083,2.0,342.72,,,,,,,,,,,,,,7,"price_volume, live_market, summary, top_gainers, top_losers, nepse_index, supply_demand",5152
2026-07-15T13:37:15.760668+05:45,2026-07-15 13:37:15,live_market,live_market_149,True,cloud_automated,Wednesday - Trading Hours: 11:00 AM - 3:00 PM NPT,8031,Madhya Bhotekoshi Jalavidyut Company Limited,MBJC,58.0,3968.0,270.0,0.22,269.4,,267.0,273.0,266.0,1071253.6,2026-07-15 13:29:31.796016,10.0,269.97,,,,,,,,,,,,,,7,"price_volume, live_market, summary, top_gainers, top_losers, nepse_index, supply_demand",5152
2026-07-15T13:37:15.760668+05:45,2026-07-15 13:37:15,live_market,live_market_150,True,cloud_automated,Wednesday - Trading Hours: 11:00 AM - 3:00 PM NPT,583,Grameen Bikas Laghubitta Bittiya Sanstha Ltd.,GBLBS,58.0,65.0,727.8,-0.98,735.0,,734.0,742.5,727.8,47544.5,2026-07-15 13:29:26.014257,10.0,731.45,,,,,,,,,,,,,,7,"price_volume, live_market, summary, top_gainers, top_losers, nepse_index, supply_demand",5152
2026-07-15T13:37:15.760668+05:45,2026-07-15 13:37:15,live_market,live_market_151,True,cloud_automated,Wednesday - Trading Hours: 11:00 AM - 3:00 PM NPT,591,Sanima Mai Hydropower Ltd.,SHPC,58.0,6901.0,491.0,1.34,484.5,,495.0,495.0,486.2,3404130.1,2026-07-15 13:29:20.96761,370.0,493.28,,,,,,,,,,,,,,7,"price_volume, live_market, summary, top_gainers, top_losers, nepse_index, supply_demand",5152
2026-07-15T13:37:15.760668+05:45,2026-07-15 13:37:15,live_market,live_market_152,True,cloud_automated,Wednesday - Trading Hours: 11:00 AM - 3:00 PM NPT,9295,Swastik Laghubitta Bittiya Sanstha Limited,SWASTIK,58.0,352.0,1999.0,0.96,1980.0,,1934.1,2000.0,1934.1,701560.0,2026-07-15 13:29:19.590694,10.0,1993.07,,,,,,,,,,,,,,7,"price_volume, live_market, summary, top_gainers, top_losers, nepse_index, supply_demand",5152
2026-07-15T13:37:15.760668+05:45,2026-07-15 13:37:15,live_market,live_market_153,True,cloud_automated,Wednesday - Trading Hours: 11:00 AM - 3:00 PM NPT,194,Nepal Finance Ltd.,NFS,58.0,5600.0,584.0,3.22,565.8,,574.0,590.9,570.0,3263280.9,2026-07-15 13:29:11.648817,100.0,582.73,,,,,,,,,,,,,,7,"price_volume, live_market, summary, top_gainers, top_losers, nepse_index, supply_demand",5152
2026-07-15T13:37:15.760668+05:45,2026-07-15 13:37:15,live_market,live_market_154,True,cloud_automated,Wednesday - Trading Hours: 11:00 AM - 3:00 PM NPT,8065,CYC Nepal Laghubitta Bittiya Sanstha Limited,CYCL,58.0,140.0,1315.0,-2.16,1344.0,,1335.0,1340.0,1315.0,186558.0,2026-07-15 13:29:06.183356,10.0,1332.56,,,,,,,,,,,,,,7,"price_volume, live_market, summary, top_gainers, top_losers, nepse_index, supply_demand",5152
2026-07-15T13:37:15.760668+05:45,2026-07-15 13:37:15,live_market,live_market_155,True,cloud_automated,Wednesday - Trading Hours: 11:00 AM - 3:00 PM NPT,9212,Mandu Hydropower Limited,MANDU,58.0,219.0,800.5,-0.44,804.0,,799.0,817.0,799.0,176691.0,2026-07-15 13:29:02.269441,44.0,806.81,,,,,,,,,,,,,,7,"price_volume, live_market, summary, top_gainers, top_losers, nepse_index, supply_demand",5152
2026-07-15T13:37:15.760668+05:45,2026-07-15 13:37:15,live_market,live_market_156,True,cloud_automated,Wednesday - Trading Hours: 11:00 AM - 3:00 PM NPT,9209,Citizen Life Insurance Company Limited,CLI,58.0,5865.0,439.0,0.69,436.0,,434.1,442.0,434.1,2581846.4,2026-07-15 13:28:56.708025,13.0,440.21,,,,,,,,,,,,,,7,"price_volume, live_market, summary, top_gainers, top_losers, nepse_index, supply_demand",5152
2026-07-15T13:37:15.760668+05:45,2026-07-15 13:37:15,live_market,live_market_157,True,cloud_automated,Wednesday - Trading Hours: 11:00 AM - 3:00 PM NPT,2813,Panchthar Power Compant Limited,PPCL,58.0,1132.0,328.5,1.08,325.0,,334.7,341.2,326.9,376674.0,2026-07-15 13:28:52.29146,12.0,332.75,,,,,,,,,,,,,,7,"price_volume, live_market, summary, top_gainers, top_losers, nepse_index, supply_demand",5152
2026-07-15T13:37:15.760668+05:45,2026-07-15 13:37:15,live_market,live_market_158,True,cloud_automated,Wednesday - Trading Hours: 11:00 AM - 3:00 PM NPT,9305,Salapa Bikas Bank Limited,SABBL,58.0,4410.0,849.9,1.0,841.5,,866.0,879.9,835.0,3737222.0,2026-07-15 13:28:49.375612,10.0,847.44,,,,,,,,,,,,,,7,"price_volume, live_market, summary, top_gainers, top_losers, nepse_index, supply_demand",5152
2026-07-15T13:37:15.760668+05:45,2026-07-15 13:37:15,live_market,live_market_159,True,cloud_automated,Wednesday - Trading Hours: 11:00 AM - 3:00 PM NPT,9171,Bhugol Energy Development Company Limited,BEDC,58.0,7362.0,314.9,1.91,309.0,,315.0,315.0,310.0,2309165.1,2026-07-15 13:28:48.210892,50.0,313.66,,,,,,,,,,,,,,7,"price_volume, live_market, summary, top_gainers, top_losers, nepse_index, supply_demand",5152
2026-07-15T13:37:15.760668+05:45,2026-07-15 13:37:15,live_market,live_market_160,True,cloud_automated,Wednesday - Trading Hours: 11:00 AM - 3:00 PM NPT,9215,Mid Solu Hydropower Limited,MSHL,58.0,576.0,599.0,-0.15,599.9,,617.0,617.0,599.0,345214.0,2026-07-15 13:28:47.715566,15.0,599.33,,,,,,,,,,,,,,7,"price_volume, live_market, summary, top_gainers, top_losers, nepse_index, supply_demand",5152
2026-07-15T13:37:15.760668+05:45,2026-07-15 13:37:15,live_market,live_market_161,True,cloud_automated,Wednesday - Trading Hours: 11:00 AM - 3:00 PM NPT,9181,Rawa Energy Development Limited,RAWA,58.0,14544.0,420.0,1.97,411.9,,404.0,422.3,404.0,6037562.4,2026-07-15 13:28:44.855785,10.0,415.12,,,,,,,,,,,,,,7,"price_volume, live_market, summary, top_gainers, top_losers, nepse_index, supply_demand",5152
2026-07-15T13:37:15.760668+05:45,2026-07-15 13:37:15,live_market,live_market_162,True,cloud_automated,Wednesday - Trading Hours: 11:00 AM - 3:00 PM NPT,2751,Khanikhola Hydropower Co. Ltd.,KKHC,58.0,6364.0,252.0,0.8,250.0,,250.0,256.8,250.0,1595533.1,2026-07-15 13:28:42.548718,50.0,250.71,,,,,,,,,,,,,,7,"price_volume, live_market, summary, top_gainers, top_losers, nepse_index, supply_demand",5152
2026-07-15T13:37:15.760668+05:45,2026-07-15 13:37:15,live_market,live_market_163,True,cloud_automated,Wednesday - Trading Hours: 11:00 AM - 3:00 PM NPT,8066,River Falls Power Limited,RFPL,58.0,3464.0,325.2,1.09,321.7,,330.0,330.0,320.2,1128189.0,2026-07-15 13:28:40.794465,10.0,325.69,,,,,,,,,,,,,,7,"price_volume, live_market, summary, top_gainers, top_losers, nepse_index, supply_demand",5152
2026-07-15T13:37:15.760668+05:45,2026-07-15 13:37:15,live_market,live_market_164,True,cloud_automated,Wednesday - Trading Hours: 11:00 AM - 3:00 PM NPT,8041,NESDO Sambridha Laghubitta Bittiya Sanstha Limited,NESDO,58.0,102.0,1500.0,0.33,1495.0,,1520.0,1520.0,1475.1,151721.1,2026-07-15 13:28:29.583087,20.0,1487.46,,,,,,,,,,,,,,7,"price_volume, live_market, summary, top_gainers, top_losers, nepse_index, supply_demand",5152
2026-07-15T13:37:15.760668+05:45,2026-07-15 13:37:15,live_market,live_market_165,True,cloud_automated,Wednesday - Trading Hours: 11:00 AM - 3:00 PM NPT,2766,Chhyangdi Hydropower Ltd.,CHL,58.0,4832.0,258.0,1.3,254.7,,256.0,260.0,255.0,1242887.5,2026-07-15 13:28:23.844881,40.0,257.22,,,,,,,,,,,,,,7,"price_volume, live_market, summary, top_gainers, top_losers, nepse_index, supply_demand",5152
2026-07-15T13:37:15.760668+05:45,2026-07-15 13:37:15,live_market,live_market_166,True,cloud_automated,Wednesday - Trading Hours: 11:00 AM - 3:00 PM NPT,9304,Citizens Santulit Yojana,CSY,58.0,3600.0,9.09,-0.33,9.12,,9.0,9.15,9.0,32779.0,2026-07-15 13:28:20.67112,100.0,9.11,,,,,,,,,,,,,,7,"price_volume, live_market, summary, top_gainers, top_losers, nepse_index, supply_demand",5152
2026-07-15T13:37:15.760668+05:45,2026-07-15 13:37:15,live_market,live_market_167,True,cloud_automated,Wednesday - Trading Hours: 11:00 AM - 3:00 PM NPT,686,Barun Hydropower Co. Ltd.,BARUN,58.0,14589.0,317.0,1.6,312.0,,318.9,318.9,313.3,4609594.9,2026-07-15 13:28:18.492429,1000.0,315.96,,,,,,,,,,,,,,7,"price_volume, live_market, summary, top_gainers, top_losers, nepse_index, supply_demand",5152
2026-07-15T13:37:15.760668+05:45,2026-07-15 13:37:15,live_market,live_market_168,True,cloud_automated,Wednesday - Trading Hours: 11:00 AM - 3:00 PM NPT,244,Shree Investment Finance Co. Ltd.,SIFC,58.0,1108.0,515.0,1.58,507.0,,520.0,520.0,511.5,568893.3,2026-07-15 13:28:17.403844,50.0,513.44,,,,,,,,,,,,,,7,"price_volume, live_market, summary, top_gainers, top_losers, nepse_index, supply_demand",5152
2026-07-15T13:37:15.760668+05:45,2026-07-15 13:37:15,live_market,live_market_169,True,cloud_automated,Wednesday - Trading Hours: 11:00 AM - 3:00 PM NPT,9248,Garima Samriddhi Yojana,GSY,58.0,6150.0,10.0,-0.99,10.1,,10.0,10.1,10.0,61600.0,2026-07-15 13:28:14.881065,100.0,10.02,,,,,,,,,,,,,,7,"price_volume, live_market, summary, top_gainers, top_losers, nepse_index, supply_demand",5152
2026-07-15T13:37:15.760668+05:45,2026-07-15 13:37:15,live_market,live_market_170,True,cloud_automated,Wednesday - Trading Hours: 11:00 AM - 3:00 PM NPT,2744,Green Development Bank Ltd.,GRDBL,58.0,5028.0,1028.9,0.87,1020.0,,1010.1,1032.0,1010.1,5168030.2,2026-07-15 13:28:14.372214,10.0,1027.85,,,,,,,,,,,,,,7,"price_volume, live_market, summary, top_gainers, top_losers, nepse_index, supply_demand",5152
2026-07-15T13:37:15.760668+05:45,2026-07-15 13:37:15,live_market,live_market_171,True,cloud_automated,Wednesday - Trading Hours: 11:00 AM - 3:00 PM NPT,397,Agricultural Development Bank Limited,ADBL,58.0,11037.0,303.0,0.0,303.0,,306.0,306.4,302.0,3351992.0,2026-07-15 13:28:12.319628,177.0,303.7,,,,,,,,,,,,,,7,"price_volume, live_market, summary, top_gainers, top_losers, nepse_index, supply_demand",5152
2026-07-15T13:37:15.760668+05:45,2026-07-15 13:37:15,live_market,live_market_172,True,cloud_automated,Wednesday - Trading Hours: 11:00 AM - 3:00 PM NPT,9214,Bhagawati Hydropower Development Company Limited,BGWT,58.0,1130.0,552.5,0.45,550.0,,555.0,565.0,550.0,629311.0,2026-07-15 13:28:04.935184,80.0,556.91,,,,,,,,,,,,,,7,"price_volume, live_market, summary, top_gainers, top_losers, nepse_index, supply_demand",5152
2026-07-15T13:37:15.760668+05:45,2026-07-15 13:37:15,live_market,live_market_173,True,cloud_automated,Wednesday - Trading Hours: 11:00 AM - 3:00 PM NPT,2860,Saptakoshi Development Bank Ltd,SAPDBL,58.0,4389.0,736.0,2.22,720.0,,708.0,741.0,708.0,3199669.5,2026-07-15 13:28:04.130347,10.0,729.02,,,,,,,,,,,,,,7,"price_volume, live_market, summary, top_gainers, top_losers, nepse_index, supply_demand",5152
2026-07-15T13:37:15.760668+05:45,2026-07-15 13:37:15,live_market,live_market_174,True,cloud_automated,Wednesday - Trading Hours: 11:00 AM - 3:00 PM NPT,179,Himalayan Everest Insurance Limited,HEI,58.0,3149.0,512.1,-0.16,512.9,,512.0,522.0,512.0,1626456.4,2026-07-15 13:27:58.144888,500.0,516.5,,,,,,,,,,,,,,7,"price_volume, live_market, summary, top_gainers, top_losers, nepse_index, supply_demand",5152
2026-07-15T13:37:15.760668+05:45,2026-07-15 13:37:15,live_market,live_market_175,True,cloud_automated,Wednesday - Trading Hours: 11:00 AM - 3:00 PM NPT,9148,Super Mai Hydropower Limited,SMH,58.0,6530.0,496.6,-0.08,497.0,,490.5,510.0,490.2,3289416.2,2026-07-15 13:27:52.03221,64.0,503.74,,,,,,,,,,,,,,7,"price_volume, live_market, summary, top_gainers, top_losers, nepse_index, supply_demand",5152
2026-07-15T13:37:15.760668+05:45,2026-07-15 13:37:15,live_market,live_market_176,True,cloud_automated,Wednesday - Trading Hours: 11:00 AM - 3:00 PM NPT,268,Swabalamban Laghubitta Bittiya Sanstha Limited,SWBBL,58.0,4762.0,657.0,4.2,630.5,,643.0,658.0,642.0,3106431.3,2026-07-15 13:27:35.677479,20.0,652.34,,,,,,,,,,,,,,7,"price_volume, live_market, summary, top_gainers, top_losers, nepse_index, supply_demand",5152
2026-07-15T13:37:15.760668+05:45,2026-07-15 13:37:15,live_market,live_market_177,True,cloud_automated,Wednesday - Trading Hours: 11:00 AM - 3:00 PM NPT,4968,RBB Mutual Fund 1,RMF1,58.0,475.0,9.67,-0.21,9.69,,9.66,9.67,9.66,4591.0,2026-07-15 13:27:24.906376,150.0,9.67,,,,,,,,,,,,,,7,"price_volume, live_market, summary, top_gainers, top_losers, nepse_index, supply_demand",5152
2026-07-15T13:37:15.760668+05:45,2026-07-15 13:37:15,live_market,live_market_178,True,cloud_automated,Wednesday - Trading Hours: 11:00 AM - 3:00 PM NPT,8073,NIC Asia Flexi CAP Fund,NICFC,58.0,11500.0,9.4,2.51,9.17,,9.17,9.4,9.17,107988.0,2026-07-15 13:27:18.227412,6000.0,9.39,,,,,,,,,,,,,,7,"price_volume, live_market, summary, top_gainers, top_losers, nepse_index, supply_demand",5152
2026-07-15T13:37:15.760668+05:45,2026-07-15 13:37:15,live_market,live_market_179,True,cloud_automated,Wednesday - Trading Hours: 11:00 AM - 3:00 PM NPT,8005,Mailung Khola Jal Vidhyut Company Limited,MKJC,58.0,620.0,450.2,0.29,448.9,,442.2,450.2,442.2,275067.0,2026-07-15 13:27:14.866034,45.0,443.66,,,,,,,,,,,,,,7,"price_volume, live_market, summary, top_gainers, top_losers, nepse_index, supply_demand",5152
2026-07-15T13:37:15.760668+05:45,2026-07-15 13:37:15,live_market,live_market_180,True,cloud_automated,Wednesday - Trading Hours: 11:00 AM - 3:00 PM NPT,2898,NRN Infrastructure and Development Limited,NRN,58.0,8834.0,1364.0,1.33,1346.1,,1300.0,1372.0,1300.0,12043797.8,2026-07-15 13:27:03.530017,10.0,1363.35,,,,,,,,,,,,,,7,"price_volume, live_market, summary, top_gainers, top_losers, nepse_index, supply_demand",5152
2026-07-15T13:37:15.760668+05:45,2026-07-15 13:37:15,live_market,live_market_181,True,cloud_automated,Wednesday - Trading Hours: 11:00 AM - 3:00 PM NPT,8075,Bindhyabasini Hydropower Development Company Limited,BHDC,58.0,637.0,424.1,-0.21,425.0,,427.0,433.7,424.1,273783.1,2026-07-15 13:26:51.565555,11.0,429.8,,,,,,,,,,,,,,7,"price_volume, live_market, summary, top_gainers, top_losers, nepse_index, supply_demand",5152
2026-07-15T13:37:15.760668+05:45,2026-07-15 13:37:15,live_market,live_market_182,True,cloud_automated,Wednesday - Trading Hours: 11:00 AM - 3:00 PM NPT,4951,Jeevan Bikas Laghubitta  Bittya Sanstha Ltd,JBLB,58.0,915.0,1251.0,0.48,1245.0,,1245.0,1261.0,1245.0,1144794.4,2026-07-15 13:26:51.041599,10.0,1251.14,,,,,,,,,,,,,,7,"price_volume, live_market, summary, top_gainers, top_losers, nepse_index, supply_demand",5152
2026-07-15T13:37:15.760668+05:45,2026-07-15 13:37:15,live_market,live_market_183,True,cloud_automated,Wednesday - Trading Hours: 11:00 AM - 3:00 PM NPT,706,Suryodaya Womi Laghubitta Bittiya Sanstha Limited,SWMF,58.0,2923.0,619.9,1.22,612.4,,612.0,630.0,612.0,1806948.3,2026-07-15 13:26:37.116204,18.0,618.18,,,,,,,,,,,,,,7,"price_volume, live_market, summary, top_gainers, top_losers, nepse_index, supply_demand",5152
2026-07-15T13:37:15.760668+05:45,2026-07-15 13:37:15,live_market,live_market_184,True,cloud_automated,Wednesday - Trading Hours: 11:00 AM - 3:00 PM NPT,9149,Maya Khola Hydropower Company Limited,MKHC,58.0,7299.0,287.3,0.95,284.6,,279.1,290.0,279.1,2115306.0,2026-07-15 13:26:18.82165,10.0,289.81,,,,,,,,,,,,,,7,"price_volume, live_market, summary, top_gainers, top_losers, nepse_index, supply_demand",5152
2026-07-15T13:37:15.760668+05:45,2026-07-15 13:37:15,live_market,live_market_185,True,cloud_automated,Wednesday - Trading Hours: 11:00 AM - 3:00 PM NPT,204,Gurkhas Finance Ltd.,GUFL,58.0,1384.0,549.9,0.55,546.9,,550.0,550.0,540.1,755864.8,2026-07-15 13:26:15.626059,100.0,546.15,,,,,,,,,,,,,,7,"price_volume, live_market, summary, top_gainers, top_losers, nepse_index, supply_demand",5152
2026-07-15T13:37:15.760668+05:45,2026-07-15 13:37:15,live_market,live_market_186,True,cloud_automated,Wednesday - Trading Hours: 11:00 AM - 3:00 PM NPT,2877,Sunrise First Mutual Fund,SFMF,58.0,5000.0,10.3,0.0,10.3,,10.1,10.3,10.1,50520.0,2026-07-15 13:26:02.895707,100.0,10.1,,,,,,,,,,,,,,7,"price_volume, live_market, summary, top_gainers, top_losers, nepse_index, supply_demand",5152
2026-07-15T13:37:15.760668+05:45,2026-07-15 13:37:15,live_market,live_market_187,True,cloud_automated,Wednesday - Trading Hours: 11:00 AM - 3:00 PM NPT,135,Nepal SBI Bank Limited,SBI,58.0,7998.0,387.4,-0.39,388.9,,390.0,393.0,385.0,3135530.6,2026-07-15 13:26:00.974387,41.0,392.04,,,,,,,,,,,,,,7,"price_volume, live_market, summary, top_gainers, top_losers, nepse_index, supply_demand",5152
2026-07-15T13:37:15.760668+05:45,2026-07-15 13:37:15,live_market,live_market_188,True,cloud_automated,Wednesday - Trading Hours: 11:00 AM - 3:00 PM NPT,2937,Sunrise Bluechip Fund,SBCF,58.0,71800.0,9.65,0.0,9.65,,9.65,9.7,9.65,692929.0,2026-07-15 13:25:58.528868,500.0,9.65,,,,,,,,,,,,,,7,"price_volume, live_market, summary, top_gainers, top_losers, nepse_index, supply_demand",5152
2026-07-15T13:37:15.760668+05:45,2026-07-15 13:37:15,live_market,live_market_189,True,cloud_automated,Wednesday - Trading Hours: 11:00 AM - 3:00 PM NPT,8032,Buddha Bhumi Nepal Hydropower Company Limited,BNHC,58.0,22221.0,279.0,0.72,277.0,,271.3,279.9,270.0,6073466.2,2026-07-15 13:25:57.153232,55.0,273.32,,,,,,,,,,,,,,7,"price_volume, live_market, summary, top_gainers, top_losers, nepse_index, supply_demand",5152
2026-07-15T13:37:15.760668+05:45,2026-07-15 13:37:15,live_market,live_market_190,True,cloud_automated,Wednesday - Trading Hours: 11:00 AM - 3:00 PM NPT,4967,NIC Asia Select Fund 30,NICSF,58.0,1600.0,9.0,-3.74,9.35,,9.07,9.07,8.91,14452.0,2026-07-15 13:25:50.709546,200.0,9.03,,,,,,,,,,,,,,7,"price_volume, live_market, summary, top_gainers, top_losers, nepse_index, supply_demand",5152
2026-07-15T13:37:15.760668+05:45,2026-07-15 13:37:15,live_market,live_market_191,True,cloud_automated,Wednesday - Trading Hours: 11:00 AM - 3:00 PM NPT,147,Soaltee Hotel Limited,SHL,58.0,15340.0,488.5,0.51,486.0,,496.0,496.0,487.2,7507615.0,2026-07-15 13:25:41.758436,105.0,489.41,,,,,,,,,,,,,,7,"price_volume, live_market, summary, top_gainers, top_losers, nepse_index, supply_demand",5152
2026-07-15T13:37:15.760668+05:45,2026-07-15 13:37:15,live_market,live_market_192,True,cloud_automated,Wednesday - Trading Hours: 11:00 AM - 3:00 PM NPT,2908,Sanima GIC Insurance Limited,SGIC,58.0,7274.0,456.3,0.2,455.4,,457.1,460.0,455.0,3323566.6,2026-07-15 13:25:39.43747,115.0,456.91,,,,,,,,,,,,,,7,"price_volume, live_market, summary, top_gainers, top_losers, nepse_index, supply_demand",5152
2026-07-15T13:37:15.760668+05:45,2026-07-15 13:37:15,live_market,live_market_193,True,cloud_automated,Wednesday - Trading Hours: 11:00 AM - 3:00 PM NPT,338,Progressive Finance Limited,PROFL,58.0,7717.0,431.0,1.41,425.0,,426.0,433.5,426.0,3331923.2,2026-07-15 13:25:36.63053,50.0,431.76,,,,,,,,,,,,,,7,"price_volume, live_market, summary, top_gainers, top_losers, nepse_index, supply_demand",5152
2026-07-15T13:37:15.760668+05:45,2026-07-15 13:37:15,live_market,live_market_194,True,cloud_automated,Wednesday - Trading Hours: 11:00 AM - 3:00 PM NPT,9294,Sagar Distillery Limited,SAGAR,58.0,6271.0,1580.0,3.4,1528.0,,1505.0,1590.0,1505.0,9752448.0,2026-07-15 13:25:34.292309,564.0,1555.17,,,,,,,,,,,,,,7,"price_volume, live_market, summary, top_gainers, top_losers, nepse_index, supply_demand",5152
2026-07-15T13:37:15.760668+05:45,2026-07-15 13:37:15,live_market,live_market_195,True,cloud_automated,Wednesday - Trading Hours: 11:00 AM - 3:00 PM NPT,2768,Mahuli Laghubitta Bittiya Sanstha Limited,MSLB,58.0,208.0,1210.0,-0.74,1219.0,,1185.0,1239.0,1184.0,251428.0,2026-07-15 13:25:06.994615,10.0,1208.79,,,,,,,,,,,,,,7,"price_volume, live_market, summary, top_gainers, top_losers, nepse_index, supply_demand",5152
2026-07-15T13:37:15.760668+05:45,2026-07-15 13:37:15,live_market,live_market_196,True,cloud_automated,Wednesday - Trading Hours: 11:00 AM - 3:00 PM NPT,704,NMB  Microfinance Bittiya Sanstha Ltd.,NMBMF,58.0,128.0,610.0,1.68,599.9,,582.0,610.0,582.0,77427.0,2026-07-15 13:25:01.352373,100.0,604.9,,,,,,,,,,,,,,7,"price_volume, live_market, summary, top_gainers, top_losers, nepse_index, supply_demand",5152
2026-07-15T13:37:15.760668+05:45,2026-07-15 13:37:15,live_market,live_market_197,True,cloud_automated,Wednesday - Trading Hours: 11:00 AM - 3:00 PM NPT,273,ICFC Finance Limited,ICFC,58.0,1341.0,604.0,1.24,596.6,,600.0,605.0,595.0,801591.0,2026-07-15 13:24:53.420428,38.0,597.76,,,,,,,,,,,,,,7,"price_volume, live_market, summary, top_gainers, top_losers, nepse_index, supply_demand",5152
2026-07-15T13:37:15.760668+05:45,2026-07-15 13:37:15,live_market,live_market_198,True,cloud_automated,Wednesday - Trading Hours: 11:00 AM - 3:00 PM NPT,472,Shangrila Development Bank Ltd.,SADBL,58.0,2999.0,400.0,0.98,396.1,,397.0,405.0,397.0,1199228.7,2026-07-15 13:24:42.398511,15.0,399.88,,,,,,,,,,,,,,7,"price_volume, live_market, summary, top_gainers, top_losers, nepse_index, supply_demand",5152
2026-07-15T13:37:15.760668+05:45,2026-07-15 13:37:15,live_market,live_market_199,True,cloud_automated,Wednesday - Trading Hours: 11:00 AM - 3:00 PM NPT,153,Butwal Power Company Limited,BPCL,58.0,4835.0,648.0,1.57,638.0,,649.0,649.0,640.5,3115437.7,2026-07-15 13:24:39.179738,14.0,644.35,,,,,,,,,,,,,,7,"price_volume, live_market, summary, top_gainers, top_losers, nepse_index, supply_demand",5152
2026-07-15T13:37:15.760668+05:45,2026-07-15 13:37:15,live_market,live_market_200,True,cloud_automated,Wednesday - Trading Hours: 11:00 AM - 3:00 PM NPT,2787,Kalika power Company Ltd,KPCL,58.0,527.0,458.1,0.9,454.0,,458.0,461.0,458.0,241504.5,2026-07-15 13:24:34.553753,2.0,458.26,,,,,,,,,,,,,,7,"price_volume, live_market, summary, top_gainers, top_losers, nepse_index, supply_demand",5152
2026-07-15T13:37:15.760668+05:45,2026-07-15 13:37:15,live_market,live_market_201,True,cloud_automated,Wednesday - Trading Hours: 11:00 AM - 3:00 PM NPT,695,Janautthan Samudayic Laghubitta Bittya Sanstha Limited,JSLBB,58.0,5336.0,985.6,-0.42,989.8,,980.0,1016.0,970.0,5402408.1,2026-07-15 13:24:34.289273,10.0,1012.45,,,,,,,,,,,,,,7,"price_volume, live_market, summary, top_gainers, top_losers, nepse_index, supply_demand",5152
2026-07-15T13:37:15.760668+05:45,2026-07-15 13:37:15,live_market,live_market_202,True,cloud_automated,Wednesday - Trading Hours: 11:00 AM - 3:00 PM NPT,705,Global IME Laghubitta Bittiya Sanstha Ltd.,GILB,58.0,639.0,1060.0,-0.47,1065.0,,1045.7,1077.0,1045.7,677997.2,2026-07-15 13:24:30.445679,2.0,1061.03,,,,,,,,,,,,,,7,"price_volume, live_market, summary, top_gainers, top_losers, nepse_index, supply_demand",5152
2026-07-15T13:37:15.760668+05:45,2026-07-15 13:37:15,live_market,live_market_203,True,cloud_automated,Wednesday - Trading Hours: 11:00 AM - 3:00 PM NPT,8024,Nabil Balanced Fund-3,NBF3,58.0,28200.0,9.96,0.1,9.95,,9.95,9.98,9.95,281005.0,2026-07-15 13:24:30.042183,1000.0,9.96,,,,,,,,,,,,,,7,"price_volume, live_market, summary, top_gainers, top_losers, nepse_index, supply_demand",5152
2026-07-15T13:37:15.760668+05:45,2026-07-15 13:37:15,live_market,live_market_204,True,cloud_automated,Wednesday - Trading Hours: 11:00 AM - 3:00 PM NPT,182,Siddhartha Premier Insurance Limited,SPIL,58.0,9526.0,694.0,1.45,684.1,,684.0,696.0,677.1,6494812.9,2026-07-15 13:24:17.050197,10.0,681.8,,,,,,,,,,,,,,7,"price_volume, live_market, summary, top_gainers, top_losers, nepse_index, supply_demand",5152
2026-07-15T13:37:15.760668+05:45,2026-07-15 13:37:15,live_market,live_market_205,True,cloud_automated,Wednesday - Trading Hours: 11:00 AM - 3:00 PM NPT,8104,Upper Solu Hydro Electric Company Limited,USHEC,58.0,726.0,485.0,0.21,484.0,,483.0,488.0,480.0,350596.0,2026-07-15 13:24:06.246974,10.0,482.91,,,,,,,,,,,,,,7,"price_volume, live_market, summary, top_gainers, top_losers, nepse_index, supply_demand",5152
2026-07-15T13:37:15.760668+05:45,2026-07-15 13:37:15,live_market,live_market_206,True,cloud_automated,Wednesday - Trading Hours: 11:00 AM - 3:00 PM NPT,2810,UNIVERSAL POWER COMPANY LTD,UPCL,58.0,71063.0,354.6,-0.08,354.9,,345.0,359.5,345.0,25126492.7,2026-07-15 13:23:56.626852,530.0,353.58,,,,,,,,,,,,,,7,"price_volume, live_market, summary, top_gainers, top_losers, nepse_index, supply_demand",5152
2026-07-15T13:37:15.760668+05:45,2026-07-15 13:37:15,live_market,live_market_207,True,cloud_automated,Wednesday - Trading Hours: 11:00 AM - 3:00 PM NPT,2761,Samata Gharelu Laghubitta Bittiya Sanstha Limited,SMATA,58.0,592.0,738.0,1.1,730.0,,716.1,743.9,716.1,432482.6,2026-07-15 13:23:51.990142,10.0,730.54,,,,,,,,,,,,,,7,"price_volume, live_market, summary, top_gainers, top_losers, nepse_index, supply_demand",5152
2026-07-15T13:37:15.760668+05:45,2026-07-15 13:37:15,live_market,live_market_208,True,cloud_automated,Wednesday - Trading Hours: 11:00 AM - 3:00 PM NPT,2915,Prabhu Mahalaxmi Life Insurance Limited,PMLI,58.0,1314.0,440.0,0.92,436.0,,424.2,453.0,424.2,579740.6,2026-07-15 13:23:35.219168,13.0,441.2,,,,,,,,,,,,,,7,"price_volume, live_market, summary, top_gainers, top_losers, nepse_index, supply_demand",5152
2026-07-15T13:37:15.760668+05:45,2026-07-15 13:37:15,live_market,live_market_209,True,cloud_automated,Wednesday - Trading Hours: 11:00 AM - 3:00 PM NPT,8022,Terhathum Power Company Limited,TPC,58.0,1914.0,348.0,1.16,344.0,,344.2,351.0,344.2,669121.0,2026-07-15 13:23:27.473568,29.0,349.59,,,,,,,,,,,,,,7,"price_volume, live_market, summary, top_gainers, top_losers, nepse_index, supply_demand",5152
2026-07-15T13:37:15.760668+05:45,2026-07-15 13:37:15,live_market,live_market_210,True,cloud_automated,Wednesday - Trading Hours: 11:00 AM - 3:00 PM NPT,8121,Sayapatri Hydropower Limited,SPHL,58.0,4371.0,537.0,0.56,534.0,,526.0,544.0,513.0,2332604.9,2026-07-15 13:23:21.044241,1500.0,533.65,,,,,,,,,,,,,,7,"price_volume, live_market, summary, top_gainers, top_losers, nepse_index, supply_demand",5152
2026-07-15T13:37:15.760668+05:45,2026-07-15 13:37:15,live_market,live_market_211,True,cloud_automated,Wednesday - Trading Hours: 11:00 AM - 3:00 PM NPT,156,Bishal Bazar Company Limited,BBC,58.0,120.0,4054.2,-1.79,4128.0,,4126.9,4175.0,4051.0,489871.0,2026-07-15 13:23:15.142132,60.0,4082.26,,,,,,,,,,,,,,7,"price_volume, live_market, summary, top_gainers, top_losers, nepse_index, supply_demand",5152
2026-07-15T13:37:15.760668+05:45,2026-07-15 13:37:15,live_market,live_market_212,True,cloud_automated,Wednesday - Trading Hours: 11:00 AM - 3:00 PM NPT,2880,Himal Dolakha Hydropower Company Limited,HDHPC,58.0,44220.0,207.0,0.49,206.0,,195.7,209.9,195.7,9166204.0,2026-07-15 13:23:13.666349,11.0,207.29,,,,,,,,,,,,,,7,"price_volume, live_market, summary, top_gainers, top_losers, nepse_index, supply_demand",5152
2026-07-15T13:37:15.760668+05:45,2026-07-15 13:37:15,live_market,live_market_213,True,cloud_automated,Wednesday - Trading Hours: 11:00 AM - 3:00 PM NPT,8018,Manushi Laghubitta Bittiya Sanstha Limited,MLBS,58.0,20.0,1161.0,-1.97,1184.3,,1161.0,1161.0,1161.0,23220.0,2026-07-15 13:23:05.249794,10.0,1161.0,,,,,,,,,,,,,,7,"price_volume, live_market, summary, top_gainers, top_losers, nepse_index, supply_demand",5152
2026-07-15T13:37:15.760668+05:45,2026-07-15 13:37:15,live_market,live_market_214,True,cloud_automated,Wednesday - Trading Hours: 11:00 AM - 3:00 PM NPT,2935,Ru Ru Jalbidhyut Pariyojana Limited,RURU,58.0,1110.0,608.0,-1.14,615.0,,623.0,623.0,605.0,679234.4,2026-07-15 13:22:58.730106,22.0,611.92,,,,,,,,,,,,,,7,"price_volume, live_market, summary, top_gainers, top_losers, nepse_index, supply_demand",5152
2026-07-15T13:37:15.760668+05:45,2026-07-15 13:37:15,live_market,live_market_215,True,cloud_automated,Wednesday - Trading Hours: 11:00 AM - 3:00 PM NPT,176,Nepal Insurance Co. Ltd.,NICL,58.0,4152.0,510.0,0.99,505.0,,515.0,515.0,505.6,2121329.7,2026-07-15 13:22:41.93929,20.0,510.92,,,,,,,,,,,,,,7,"price_volume, live_market, summary, top_gainers, top_losers, nepse_index, supply_demand",5152
2026-07-15T13:37:15.760668+05:45,2026-07-15 13:37:15,live_market,live_market_216,True,cloud_automated,Wednesday - Trading Hours: 11:00 AM - 3:00 PM NPT,2759,Synergy Power Development Ltd.,SPDL,58.0,10275.0,363.0,1.06,359.2,,369.0,369.0,362.0,3747543.0,2026-07-15 13:22:34.543967,95.0,364.72,,,,,,,,,,,,,,7,"price_volume, live_market, summary, top_gainers, top_losers, nepse_index, supply_demand",5152
2026-07-15T13:37:15.760668+05:45,2026-07-15 13:37:15,live_market,live_market_217,True,cloud_automated,Wednesday - Trading Hours: 11:00 AM - 3:00 PM NPT,2790,Aarambha Chautari Laghubitta Bittiya Sanstha Limited,ACLBSL,58.0,104.0,929.8,2.18,910.0,,905.0,929.8,905.0,96170.3,2026-07-15 13:22:14.897669,3.0,924.71,,,,,,,,,,,,,,7,"price_volume, live_market, summary, top_gainers, top_losers, nepse_index, supply_demand",5152
2026-07-15T13:37:15.760668+05:45,2026-07-15 13:37:15,live_market,live_market_218,True,cloud_automated,Wednesday - Trading Hours: 11:00 AM - 3:00 PM NPT,9270,Him Star Urja Company Limited,HIMSTAR,58.0,2616.0,640.0,-0.62,644.0,,650.0,655.0,627.0,1662220.0,2026-07-15 13:22:01.334484,50.0,635.41,,,,,,,,,,,,,,7,"price_volume, live_market, summary, top_gainers, top_losers, nepse_index, supply_demand",5152
2026-07-15T13:37:15.760668+05:45,2026-07-15 13:37:15,live_market,live_market_219,True,cloud_automated,Wednesday - Trading Hours: 11:00 AM - 3:00 PM NPT,2786,Panchakanya Mai Hydropower Ltd,PMHPL,58.0,1315.0,311.0,0.65,309.0,,310.1,314.9,310.1,408678.0,2026-07-15 13:21:39.897159,41.0,310.78,,,,,,,,,,,,,,7,"price_volume, live_market, summary, top_gainers, top_losers, nepse_index, supply_demand",5152
2026-07-15T13:37:15.760668+05:45,2026-07-15 13:37:15,live_market,live_market_220,True,cloud_automated,Wednesday - Trading Hours: 11:00 AM - 3:00 PM NPT,178,National Life Insurance Co. Ltd.,NLICL,58.0,1843.0,572.0,0.18,571.0,,579.0,580.0,571.1,1057015.2,2026-07-15 13:21:22.090918,19.0,573.53,,,,,,,,,,,,,,7,"price_volume, live_market, summary, top_gainers, top_losers, nepse_index, supply_demand",5152
2026-07-15T13:37:15.760668+05:45,2026-07-15 13:37:15,live_market,live_market_221,True,cloud_automated,Wednesday - Trading Hours: 11:00 AM - 3:00 PM NPT,587,Reliance Finance Ltd.,RLFL,58.0,17240.0,455.9,1.09,451.0,,440.0,460.0,440.0,7880046.3,2026-07-15 13:21:05.407664,5.0,457.08,,,,,,,,,,,,,,7,"price_volume, live_market, summary, top_gainers, top_losers, nepse_index, supply_demand",5152
2026-07-15T13:37:15.760668+05:45,2026-07-15 13:37:15,live_market,live_market_222,True,cloud_automated,Wednesday - Trading Hours: 11:00 AM - 3:00 PM NPT,9246,Guardian Micro Life Insurance Limited ,GMLI,58.0,197.0,1160.1,-0.85,1170.0,,1145.5,1179.0,1145.5,228777.0,2026-07-15 13:20:59.010895,10.0,1161.3,,,,,,,,,,,,,,7,"price_volume, live_market, summary, top_gainers, top_losers, nepse_index, supply_demand",5152
2026-07-15T13:37:15.760668+05:45,2026-07-15 13:37:15,live_market,live_market_223,True,cloud_automated,Wednesday - Trading Hours: 11:00 AM - 3:00 PM NPT,2831,Union Hydropower Limited,UNHPL,58.0,3475.0,383.1,0.29,382.0,,383.0,385.0,382.1,1331131.5,2026-07-15 13:20:53.304388,10.0,383.06,,,,,,,,,,,,,,7,"price_volume, live_market, summary, top_gainers, top_losers, nepse_index, supply_demand",5152
2026-07-15T13:37:15.760668+05:45,2026-07-15 13:37:15,live_market,live_market_224,True,cloud_automated,Wednesday - Trading Hours: 11:00 AM - 3:00 PM NPT,227,Best Finance Company Ltd.,BFC,58.0,2680.0,512.1,0.41,510.0,,535.5,535.5,496.8,1375997.6,2026-07-15 13:20:44.480441,500.0,513.43,,,,,,,,,,,,,,7,"price_volume, live_market, summary, top_gainers, top_losers, nepse_index, supply_demand",5152
2026-07-15T13:37:15.760668+05:45,2026-07-15 13:37:15,live_market,live_market_225,True,cloud_automated,Wednesday - Trading Hours: 11:00 AM - 3:00 PM NPT,2917,Chandragiri Hills Limited,CGH,58.0,55411.0,768.0,0.67,762.9,,770.0,773.8,768.0,42665480.9,2026-07-15 13:20:43.650935,46.0,769.98,,,,,,,,,,,,,,7,"price_volume, live_market, summary, top_gainers, top_losers, nepse_index, supply_demand",5152
2026-07-15T13:37:15.760668+05:45,2026-07-15 13:37:15,live_market,live_market_226,True,cloud_automated,Wednesday - Trading Hours: 11:00 AM - 3:00 PM NPT,8108,Rapti Hydro And General Construction Limited,RHGCL,58.0,4818.0,251.4,0.96,249.0,,256.0,260.0,250.0,1217878.1,2026-07-15 13:20:24.840128,120.0,252.78,,,,,,,,,,,,,,7,"price_volume, live_market, summary, top_gainers, top_losers, nepse_index, supply_demand",5152
2026-07-15T13:37:15.760668+05:45,2026-07-15 13:37:15,live_market,live_market_227,True,cloud_automated,Wednesday - Trading Hours: 11:00 AM - 3:00 PM NPT,9154,Sunrise Focused Equity Fund,SFEF,58.0,500.0,10.0,0.0,10.0,,10.0,10.0,10.0,5000.0,2026-07-15 13:20:19.899578,100.0,10.0,,,,,,,,,,,,,,7,"price_volume, live_market, summary, top_gainers, top_losers, nepse_index, supply_demand",5152
2026-07-15T13:37:15.760668+05:45,2026-07-15 13:37:15,live_market,live_market_228,True,cloud_automated,Wednesday - Trading Hours: 11:00 AM - 3:00 PM NPT,9167,Mai Khola Hydropower Limited,MKHL,58.0,1050.0,469.0,0.64,466.0,,466.0,478.0,466.0,493936.0,2026-07-15 13:20:11.921548,10.0,470.42,,,,,,,,,,,,,,7,"price_volume, live_market, summary, top_gainers, top_losers, nepse_index, supply_demand",5152
2026-07-15T13:37:15.760668+05:45,2026-07-15 13:37:15,live_market,live_market_229,True,cloud_automated,Wednesday - Trading Hours: 11:00 AM - 3:00 PM NPT,9269,Global IME Sammunat Yojana -2,GBIMESY2,58.0,5300.0,9.5,0.0,9.5,,9.97,9.97,9.5,50415.0,2026-07-15 13:19:54.368347,3600.0,9.51,,,,,,,,,,,,,,7,"price_volume, live_market, summary, top_gainers, top_losers, nepse_index, supply_demand",5152
2026-07-15T13:37:15.760668+05:45,2026-07-15 13:37:15,live_market,live_market_230,True,cloud_automated,Wednesday - Trading Hours: 11:00 AM - 3:00 PM NPT,155,Salt Trading Corporation,STC,58.0,30.0,5155.0,0.1,5150.0,,5155.0,5155.0,5155.0,154650.0,2026-07-15 13:19:42.197026,2.0,5155.0,,,,,,,,,,,,,,7,"price_volume, live_market, summary, top_gainers, top_losers, nepse_index, supply_demand",5152
2026-07-15T13:37:15.760668+05:45,2026-07-15 13:37:15,live_market,live_market_231,True,cloud_automated,Wednesday - Trading Hours: 11:00 AM - 3:00 PM NPT,2760,United Modi Hydropower Ltd.,UMHL,58.0,9260.0,575.5,0.09,575.0,,555.0,578.0,555.0,5288702.3,2026-07-15 13:19:26.724649,42.0,571.13,,,,,,,,,,,,,,7,"price_volume, live_market, summary, top_gainers, top_losers, nepse_index, supply_demand",5152
2026-07-15T13:37:15.760668+05:45,2026-07-15 13:37:15,live_market,live_market_232,True,cloud_automated,Wednesday - Trading Hours: 11:00 AM - 3:00 PM NPT,1741,Mero Microfinance Bittiya Sanstha Ltd.,MERO,58.0,1042.0,680.0,1.92,667.2,,684.9,707.0,668.0,711118.4,2026-07-15 13:19:23.846915,134.0,682.46,,,,,,,,,,,,,,7,"price_volume, live_market, summary, top_gainers, top_losers, nepse_index, supply_demand",5152
2026-07-15T13:37:15.760668+05:45,2026-07-15 13:37:15,live_market,live_market_233,True,cloud_automated,Wednesday - Trading Hours: 11:00 AM - 3:00 PM NPT,140,Machhapuchhre Bank Limited,MBL,58.0,10262.0,246.6,0.74,244.8,,244.8,247.5,244.8,2526843.4,2026-07-15 13:19:21.434154,140.0,246.23,,,,,,,,,,,,,,7,"price_volume, live_market, summary, top_gainers, top_losers, nepse_index, supply_demand",5152
2026-07-15T13:37:15.760668+05:45,2026-07-15 13:37:15,live_market,live_market_234,True,cloud_automated,Wednesday - Trading Hours: 11:00 AM - 3:00 PM NPT,8025,Samling Power Company Limited,SPC,58.0,835.0,416.7,-0.79,420.0,,408.0,419.9,408.0,349908.9,2026-07-15 13:18:59.782212,10.0,419.05,,,,,,,,,,,,,,7,"price_volume, live_market, summary, top_gainers, top_losers, nepse_index, supply_demand",5152
2026-07-15T13:37:15.760668+05:45,2026-07-15 13:37:15,live_market,live_market_235,True,cloud_automated,Wednesday - Trading Hours: 11:00 AM - 3:00 PM NPT,2754,Dibyashwori Hydropower Ltd.,DHPL,58.0,608.0,270.0,2.27,264.0,,271.9,278.0,265.0,164783.0,2026-07-15 13:18:48.875287,28.0,271.02,,,,,,,,,,,,,,7,"price_volume, live_market, summary, top_gainers, top_losers, nepse_index, supply_demand",5152
2026-07-15T13:37:15.760668+05:45,2026-07-15 13:37:15,live_market,live_market_236,True,cloud_automated,Wednesday - Trading Hours: 11:00 AM - 3:00 PM NPT,2746,National Laghubitta Bittiya Sanstha Limited,NMFBS,58.0,698.0,1103.1,-0.35,1107.0,,1145.0,1153.0,1101.1,775225.9,2026-07-15 13:18:41.071679,25.0,1110.64,,,,,,,,,,,,,,7,"price_volume, live_market, summary, top_gainers, top_losers, nepse_index, supply_demand",5152
2026-07-15T13:37:15.760668+05:45,2026-07-15 13:37:15,live_market,live_market_237,True,cloud_automated,Wednesday - Trading Hours: 11:00 AM - 3:00 PM NPT,192,Shikhar Insurance Co. Ltd.,SICL,58.0,5909.0,612.0,0.56,608.6,,608.6,614.7,608.1,3615419.7,2026-07-15 13:18:25.920206,30.0,611.85,,,,,,,,,,,,,,7,"price_volume, live_market, summary, top_gainers, top_losers, nepse_index, supply_demand",5152
2026-07-15T13:37:15.760668+05:45,2026-07-15 13:37:15,live_market,live_market_238,True,cloud_automated,Wednesday - Trading Hours: 11:00 AM - 3:00 PM NPT,9254,NMB Hybrid Fund L- II,NMBHF2,58.0,1500.0,9.55,0.0,9.55,,9.5,9.55,9.5,14270.0,2026-07-15 13:17:24.708292,100.0,9.51,,,,,,,,,,,,,,7,"price_volume, live_market, summary, top_gainers, top_losers, nepse_index, supply_demand",5152
2026-07-15T13:37:15.760668+05:45,2026-07-15 13:37:15,live_market,live_market_239,True,cloud_automated,Wednesday - Trading Hours: 11:00 AM - 3:00 PM NPT,250,Janaki Finance Company Limited,JFL,58.0,2245.0,387.0,0.99,383.2,,388.0,388.0,386.1,868529.1,2026-07-15 13:16:57.693018,25.0,386.87,,,,,,,,,,,,,,7,"price_volume, live_market, summary, top_gainers, top_losers, nepse_index, supply_demand",5152
2026-07-15T13:37:15.760668+05:45,2026-07-15 13:37:15,live_market,live_market_240,True,cloud_automated,Wednesday - Trading Hours: 11:00 AM - 3:00 PM NPT,9140,Unique Nepal Laghubitta Bittiya Sanstha Limited,UNLB,58.0,85.0,1290.0,-0.58,1297.5,,1359.8,1359.8,1290.0,111853.0,2026-07-15 13:16:24.490959,5.0,1315.92,,,,,,,,,,,,,,7,"price_volume, live_market, summary, top_gainers, top_losers, nepse_index, supply_demand",5152
2026-07-15T13:37:15.760668+05:45,2026-07-15 13:37:15,live_market,live_market_241,True,cloud_automated,Wednesday - Trading Hours: 11:00 AM - 3:00 PM NPT,3946,CEDB Holdings Limited,CHDC,58.0,9235.0,2070.0,0.0,2070.0,,2118.0,2118.0,2056.0,19147107.1,2026-07-15 13:16:13.773287,12.0,2073.32,,,,,,,,,,,,,,7,"price_volume, live_market, summary, top_gainers, top_losers, nepse_index, supply_demand",5152
2026-07-15T13:37:15.760668+05:45,2026-07-15 13:37:15,live_market,live_market_242,True,cloud_automated,Wednesday - Trading Hours: 11:00 AM - 3:00 PM NPT,2896,Sampada Laghubitta Bittiya Sanstha Limited,SMPDA,58.0,1221.0,740.0,-1.2,749.0,,770.0,770.0,740.0,910248.9,2026-07-15 13:15:55.24244,5.0,745.49,,,,,,,,,,,,,,7,"price_volume, live_market, summary, top_gainers, top_losers, nepse_index, supply_demand",5152
2026-07-15T13:37:15.760668+05:45,2026-07-15 13:37:15,live_market,live_market_243,True,cloud_automated,Wednesday - Trading Hours: 11:00 AM - 3:00 PM NPT,9245,Muktinath Mutual Fund 1,MNMF1,58.0,4900.0,9.9,3.13,9.6,,9.6,9.9,9.6,48140.0,2026-07-15 13:15:46.627663,100.0,9.82,,,,,,,,,,,,,,7,"price_volume, live_market, summary, top_gainers, top_losers, nepse_index, supply_demand",5152
2026-07-15T13:37:15.760668+05:45,2026-07-15 13:37:15,live_market,live_market_244,True,cloud_automated,Wednesday - Trading Hours: 11:00 AM - 3:00 PM NPT,9218,Trishuli Jal Vidhyut Company Limited ,TVCL,58.0,680.0,471.0,1.88,462.3,,476.1,476.1,463.0,321936.0,2026-07-15 13:15:36.39,170.0,473.44,,,,,,,,,,,,,,7,"price_volume, live_market, summary, top_gainers, top_losers, nepse_index, supply_demand",5152
2026-07-15T13:37:15.760668+05:45,2026-07-15 13:37:15,live_market,live_market_245,True,cloud_automated,Wednesday - Trading Hours: 11:00 AM - 3:00 PM NPT,8045,Green Ventures Limited,GVL,58.0,2926.0,470.0,0.86,466.0,,466.0,479.9,466.0,1383062.6,2026-07-15 13:15:34.498329,10.0,472.68,,,,,,,,,,,,,,7,"price_volume, live_market, summary, top_gainers, top_losers, nepse_index, supply_demand",5152
2026-07-15T13:37:15.760668+05:45,2026-07-15 13:37:15,live_market,live_market_246,True,cloud_automated,Wednesday - Trading Hours: 11:00 AM - 3:00 PM NPT,516,Manjushree Finance Ltd.,MFIL,58.0,34585.0,775.0,0.94,767.8,,730.0,779.9,730.0,26822779.4,2026-07-15 13:15:21.826697,10.0,775.56,,,,,,,,,,,,,,7,"price_volume, live_market, summary, top_gainers, top_losers, nepse_index, supply_demand",5152
2026-07-15T13:37:15.760668+05:45,2026-07-15 13:37:15,live_market,live_market_247,True,cloud_automated,Wednesday - Trading Hours: 11:00 AM - 3:00 PM NPT,2758,Forward Microfinance Laghubitta Bittiya Sanstha Limited,FOWAD,58.0,188.0,965.0,1.47,951.0,,979.0,979.0,951.0,181322.0,2026-07-15 13:15:12.785581,1.0,964.48,,,,,,,,,,,,,,7,"price_volume, live_market, summary, top_gainers, top_losers, nepse_index, supply_demand",5152
2026-07-15T13:37:15.760668+05:45,2026-07-15 13:37:15,live_market,live_market_248,True,cloud_automated,Wednesday - Trading Hours: 11:00 AM - 3:00 PM NPT,232,Goodwill Finance Limited,GFCL,58.0,3455.0,602.2,0.37,600.0,,610.0,610.0,601.1,2094926.5,2026-07-15 13:13:52.43867,25.0,606.35,,,,,,,,,,,,,,7,"price_volume, live_market, summary, top_gainers, top_losers, nepse_index, supply_demand",5152
2026-07-15T13:37:15.760668+05:45,2026-07-15 13:37:15,live_market,live_market_249,True,cloud_automated,Wednesday - Trading Hours: 11:00 AM - 3:00 PM NPT,358,Lumbini Bikas Bank Ltd.,LBBL,58.0,14881.0,480.0,0.02,479.9,,482.0,485.0,477.2,7163344.7,2026-07-15 13:13:38.201727,79.0,481.38,,,,,,,,,,,,,,7,"price_volume, live_market, summary, top_gainers, top_losers, nepse_index, supply_demand",5152
2026-07-15T13:37:15.760668+05:45,2026-07-15 13:37:15,live_market,live_market_250,True,cloud_automated,Wednesday - Trading Hours: 11:00 AM - 3:00 PM NPT,700,Himalayan Everest Insurance Limited Promoter,HEIP,58.0,34.0,311.1,-2.78,320.0,,311.0,311.1,311.0,10575.7,2026-07-15 13:13:25.58775,17.0,311.05,,,,,,,,,,,,,,7,"price_volume, live_market, summary, top_gainers, top_losers, nepse_index, supply_demand",5152
2026-07-15T13:37:15.760668+05:45,2026-07-15 13:37:15,live_market,live_market_251,True,cloud_automated,Wednesday - Trading Hours: 11:00 AM - 3:00 PM NPT,9166,Makar Jitumaya Suri Hydropower Limited,MAKAR,58.0,3841.0,450.0,-2.17,460.0,,460.1,470.0,448.2,1734135.1,2026-07-15 13:13:18.188333,100.0,451.48,,,,,,,,,,,,,,7,"price_volume, live_market, summary, top_gainers, top_losers, nepse_index, supply_demand",5152
2026-07-15T13:37:15.760668+05:45,2026-07-15 13:37:15,live_market,live_market_252,True,cloud_automated,Wednesday - Trading Hours: 11:00 AM - 3:00 PM NPT,8033,"Garima Debenture, 2085",GBBD85,58.0,25.0,1085.0,-2.69,1115.0,,1085.0,1085.0,1085.0,27125.0,2026-07-15 13:13:01.754488,25.0,1085.0,,,,,,,,,,,,,,7,"price_volume, live_market, summary, top_gainers, top_losers, nepse_index, supply_demand",5152
2026-07-15T13:37:15.760668+05:45,2026-07-15 13:37:15,live_market,live_market_253,True,cloud_automated,Wednesday - Trading Hours: 11:00 AM - 3:00 PM NPT,8102,Mandakini Hydropower Limited,MHL,58.0,762.0,467.0,-0.64,470.0,,466.4,473.0,466.2,356452.0,2026-07-15 13:11:34.118971,100.0,467.78,,,,,,,,,,,,,,7,"price_volume, live_market, summary, top_gainers, top_losers, nepse_index, supply_demand",5152
2026-07-15T13:37:15.760668+05:45,2026-07-15 13:37:15,live_market,live_market_254,True,cloud_automated,Wednesday - Trading Hours: 11:00 AM - 3:00 PM NPT,9175,Menchhiyam Hydropower Limited,MCHL,58.0,1706.0,280.1,2.79,272.5,,273.0,284.8,270.0,477129.4,2026-07-15 13:10:38.407699,90.0,279.68,,,,,,,,,,,,,,7,"price_volume, live_market, summary, top_gainers, top_losers, nepse_index, supply_demand",5152
2026-07-15T13:37:15.760668+05:45,2026-07-15 13:37:15,live_market,live_market_255,True,cloud_automated,Wednesday - Trading Hours: 11:00 AM - 3:00 PM NPT,2774,Unnati Sahakarya Laghubitta Bittiya Sanstha Limited,USLB,58.0,101.0,1150.0,0.74,1141.6,,1169.0,1169.0,1150.0,116850.5,2026-07-15 13:10:30.960686,40.0,1156.94,,,,,,,,,,,,,,7,"price_volume, live_market, summary, top_gainers, top_losers, nepse_index, supply_demand",5152
2026-07-15T13:37:15.760668+05:45,2026-07-15 13:37:15,live_market,live_market_256,True,cloud_automated,Wednesday - Trading Hours: 11:00 AM - 3:00 PM NPT,371,Miteri Development Bank Limited,MDB,58.0,2121.0,577.0,-1.11,583.5,,578.3,578.4,572.7,1222929.2,2026-07-15 13:10:22.56788,500.0,576.58,,,,,,,,,,,,,,7,"price_volume, live_market, summary, top_gainers, top_losers, nepse_index, supply_demand",5152
2026-07-15T13:37:15.760668+05:45,2026-07-15 13:37:15,live_market,live_market_257,True,cloud_automated,Wednesday - Trading Hours: 11:00 AM - 3:00 PM NPT,396,Nerude Mirmire Laghubitta Bittiya Sanstha Limited,NMLBBL,58.0,300.0,530.0,0.76,526.0,,533.0,535.0,530.0,160090.0,2026-07-15 13:10:13.261825,10.0,533.63,,,,,,,,,,,,,,7,"price_volume, live_market, summary, top_gainers, top_losers, nepse_index, supply_demand",5152
2026-07-15T13:37:15.760668+05:45,2026-07-15 13:37:15,live_market,live_market_258,True,cloud_automated,Wednesday - Trading Hours: 11:00 AM - 3:00 PM NPT,184,Prabhu Insurance Ltd.,PRIN,58.0,611.0,680.0,0.29,678.0,,680.0,689.0,675.0,417810.1,2026-07-15 13:10:07.12052,180.0,683.81,,,,,,,,,,,,,,7,"price_volume, live_market, summary, top_gainers, top_losers, nepse_index, supply_demand",5152
2026-07-15T13:37:15.760668+05:45,2026-07-15 13:37:15,live_market,live_market_259,True,cloud_automated,Wednesday - Trading Hours: 11:00 AM - 3:00 PM NPT,2829,Swabhimaan Laghubitta Bittiya Sanstha Limited,SMFBS,58.0,232.0,1545.0,1.05,1529.0,,1529.0,1549.0,1529.0,357541.0,2026-07-15 13:09:49.249111,2.0,1541.13,,,,,,,,,,,,,,7,"price_volume, live_market, summary, top_gainers, top_losers, nepse_index, supply_demand",5152
2026-07-15T13:37:15.760668+05:45,2026-07-15 13:37:15,live_market,live_market_260,True,cloud_automated,Wednesday - Trading Hours: 11:00 AM - 3:00 PM NPT,263,Guheshowori Merchant Bank & Finance Co. Ltd.,GMFIL,58.0,3509.0,455.0,1.34,449.0,,459.0,463.0,455.0,1619127.5,2026-07-15 13:09:42.432565,100.0,461.42,,,,,,,,,,,,,,7,"price_volume, live_market, summary, top_gainers, top_losers, nepse_index, supply_demand",5152
2026-07-15T13:37:15.760668+05:45,2026-07-15 13:37:15,live_market,live_market_261,True,cloud_automated,Wednesday - Trading Hours: 11:00 AM - 3:00 PM NPT,9264,7% RBBL Debenture 2088,RBBD2088,58.0,312699.0,1061.0,-0.38,1065.0,,1065.0,1128.9,1061.0,331776733.4,2026-07-15 13:08:52.59532,10.0,1061.01,,,,,,,,,,,,,,7,"price_volume, live_market, summary, top_gainers, top_losers, nepse_index, supply_demand",5152
2026-07-15T13:37:15.760668+05:45,2026-07-15 13:37:15,live_market,live_market_262,True,cloud_automated,Wednesday - Trading Hours: 11:00 AM - 3:00 PM NPT,8117,Aviyan Laghubitta Bittiya Sanstha Limited,AVYAN,58.0,420.0,1030.0,-0.1,1031.0,,1030.0,1032.0,1028.0,432690.0,2026-07-15 13:08:23.823578,90.0,1030.21,,,,,,,,,,,,,,7,"price_volume, live_market, summary, top_gainers, top_losers, nepse_index, supply_demand",5152
2026-07-15T13:37:15.760668+05:45,2026-07-15 13:37:15,live_market,live_market_263,True,cloud_automated,Wednesday - Trading Hours: 11:00 AM - 3:00 PM NPT,9233,Nepal Warehousing Company Limited ,NWCL,58.0,1249.0,702.5,-0.35,705.0,,724.9,724.9,700.0,883347.0,2026-07-15 13:07:47.337537,10.0,707.24,,,,,,,,,,,,,,7,"price_volume, live_market, summary, top_gainers, top_losers, nepse_index, supply_demand",5152
2026-07-15T13:37:15.760668+05:45,2026-07-15 13:37:15,live_market,live_market_264,True,cloud_automated,Wednesday - Trading Hours: 11:00 AM - 3:00 PM NPT,9221,Himalayan 80-20,H8020,58.0,2660.0,11.8,2.16,11.55,,11.55,11.8,11.55,30793.0,2026-07-15 13:07:40.967142,100.0,11.58,,,,,,,,,,,,,,7,"price_volume, live_market, summary, top_gainers, top_losers, nepse_index, supply_demand",5152
2026-07-15T13:37:15.760668+05:45,2026-07-15 13:37:15,live_market,live_market_265,True,cloud_automated,Wednesday - Trading Hours: 11:00 AM - 3:00 PM NPT,2875,10.25% Prabhu Bank  Debenture 2086,PBLD86,58.0,18.0,1305.0,1.24,1289.0,,1289.0,1305.0,1289.0,23544.0,2026-07-15 13:07:24.450895,3.0,1308.0,,,,,,,,,,,,,,7,"price_volume, live_market, summary, top_gainers, top_losers, nepse_index, supply_demand",5152
2026-07-15T13:37:15.760668+05:45,2026-07-15 13:37:15,live_market,live_market_266,True,cloud_automated,Wednesday - Trading Hours: 11:00 AM - 3:00 PM NPT,601,Mithila LaghuBitta Bittiya Sanstha Limited,MLBBL,58.0,140.0,1120.0,0.54,1114.0,,1120.0,1120.0,1100.1,156601.0,2026-07-15 13:06:43.533893,100.0,1118.58,,,,,,,,,,,,,,7,"price_volume, live_market, summary, top_gainers, top_losers, nepse_index, supply_demand",5152
2026-07-15T13:37:15.760668+05:45,2026-07-15 13:37:15,live_market,live_market_267,True,cloud_automated,Wednesday - Trading Hours: 11:00 AM - 3:00 PM NPT,2879,10% Laxmi Bank Debenture 2086,LBLD86,58.0,10.0,1180.0,0.0,1180.0,,1180.0,1180.0,1180.0,12204.0,2026-07-15 13:06:25.18182,5.0,1220.4,,,,,,,,,,,,,,7,"price_volume, live_market, summary, top_gainers, top_losers, nepse_index, supply_demand",5152
2026-07-15T13:37:15.760668+05:45,2026-07-15 13:37:15,live_market,live_market_268,True,cloud_automated,Wednesday - Trading Hours: 11:00 AM - 3:00 PM NPT,9241,Kumari Sabal Yojana,KSY,58.0,700.0,9.75,-0.51,9.8,,9.75,9.75,9.75,6825.0,2026-07-15 13:05:58.460956,100.0,9.75,,,,,,,,,,,,,,7,"price_volume, live_market, summary, top_gainers, top_losers, nepse_index, supply_demand",5152
2026-07-15T13:37:15.760668+05:45,2026-07-15 13:37:15,live_market,live_market_269,True,cloud_automated,Wednesday - Trading Hours: 11:00 AM - 3:00 PM NPT,9151,Kalinchowk Darshan Limited,KDL,58.0,369.0,775.0,2.11,759.0,,760.0,795.0,760.0,285412.0,2026-07-15 13:05:49.761833,10.0,773.47,,,,,,,,,,,,,,7,"price_volume, live_market, summary, top_gainers, top_losers, nepse_index, supply_demand",5152
2026-07-15T13:37:15.760668+05:45,2026-07-15 13:37:15,live_market,live_market_270,True,cloud_automated,Wednesday - Trading Hours: 11:00 AM - 3:00 PM NPT,2914,United IDI Mardi RB Hydropower Limited.,UMRH,58.0,1933.0,522.0,0.4,519.9,,520.0,523.0,520.0,1007767.1,2026-07-15 13:05:48.90706,567.0,521.35,,,,,,,,,,,,,,7,"price_volume, live_market, summary, top_gainers, top_losers, nepse_index, supply_demand",5152
2026-07-15T13:37:15.760668+05:45,2026-07-15 13:37:15,live_market,live_market_271,True,cloud_automated,Wednesday - Trading Hours: 11:00 AM - 3:00 PM NPT,9327,8% ICFC Finance Limited Debenture 2089,ICFCD89,58.0,83.0,1109.0,-0.98,1120.0,,1120.0,1120.0,1109.0,92677.0,2026-07-15 13:05:32.19847,25.0,1116.59,,,,,,,,,,,,,,7,"price_volume, live_market, summary, top_gainers, top_losers, nepse_index, supply_demand",5152
2026-07-15T13:37:15.760668+05:45,2026-07-15 13:37:15,live_market,live_market_272,True,cloud_automated,Wednesday - Trading Hours: 11:00 AM - 3:00 PM NPT,8063,Upakar Laghubitta Bittiya Sanstha Limited,ULBSL,58.0,120.0,2907.3,-6.22,3100.0,,3100.0,3100.0,2740.1,346504.0,2026-07-15 13:05:06.742229,10.0,2887.53,,,,,,,,,,,,,,7,"price_volume, live_market, summary, top_gainers, top_losers, nepse_index, supply_demand",5152
2026-07-15T13:37:15.760668+05:45,2026-07-15 13:37:15,live_market,live_market_273,True,cloud_automated,Wednesday - Trading Hours: 11:00 AM - 3:00 PM NPT,2815,Ganapati Laghubitta Bittiya Sanstha Limited,GMFBS,58.0,40.0,1179.1,-1.41,1196.0,,1253.0,1253.0,1179.1,48267.0,2026-07-15 13:03:58.222125,20.0,1206.68,,,,,,,,,,,,,,7,"price_volume, live_market, summary, top_gainers, top_losers, nepse_index, supply_demand",5152
2026-07-15T13:37:15.760668+05:45,2026-07-15 13:37:15,live_market,live_market_274,True,cloud_automated,Wednesday - Trading Hours: 11:00 AM - 3:00 PM NPT,8106,Global IME Balanced Fund-1,GIBF1,58.0,12500.0,10.33,0.29,10.3,,10.27,10.33,10.27,128975.0,2026-07-15 13:03:40.888187,10000.0,10.32,,,,,,,,,,,,,,7,"price_volume, live_market, summary, top_gainers, top_losers, nepse_index, supply_demand",5152
2026-07-15T13:37:15.760668+05:45,2026-07-15 13:37:15,live_market,live_market_275,True,cloud_automated,Wednesday - Trading Hours: 11:00 AM - 3:00 PM NPT,2804,Samudayik Laghubitta Bittiya Sanstha Limited,SLBSL,58.0,240.0,1120.0,1.82,1100.0,,1110.0,1133.0,1100.0,267160.0,2026-07-15 13:03:22.790134,10.0,1113.17,,,,,,,,,,,,,,7,"price_volume, live_market, summary, top_gainers, top_losers, nepse_index, supply_demand",5152
2026-07-15T13:37:15.760668+05:45,2026-07-15 13:37:15,live_market,live_market_276,True,cloud_automated,Wednesday - Trading Hours: 11:00 AM - 3:00 PM NPT,8026,Nyadi Hydropower Limited,NYADI,58.0,3801.0,365.0,2.53,356.0,,356.0,370.0,356.0,1389429.8,2026-07-15 13:02:56.677354,10.0,365.54,,,,,,,,,,,,,,7,"price_volume, live_market, summary, top_gainers, top_losers, nepse_index, supply_demand",5152
2026-07-15T13:37:15.760668+05:45,2026-07-15 13:37:15,live_market,live_market_277,True,cloud_automated,Wednesday - Trading Hours: 11:00 AM - 3:00 PM NPT,490,First Micro Finance Laghubitta Bittiya Sanstha Limited,FMDBL,58.0,2022.0,746.0,0.13,745.0,,766.0,766.0,745.0,1510670.0,2026-07-15 13:02:06.871512,50.0,747.12,,,,,,,,,,,,,,7,"price_volume, live_market, summary, top_gainers, top_losers, nepse_index, supply_demand",5152
2026-07-15T13:37:15.760668+05:45,2026-07-15 13:37:15,live_market,live_market_278,True,cloud_automated,Wednesday - Trading Hours: 11:00 AM - 3:00 PM NPT,2769,Nepal Hydro Developers Ltd.,NHDL,58.0,1320.0,630.0,-0.16,631.0,,645.0,645.0,630.0,832769.0,2026-07-15 13:01:43.098044,681.0,630.89,,,,,,,,,,,,,,7,"price_volume, live_market, summary, top_gainers, top_losers, nepse_index, supply_demand",5152
2026-07-15T13:37:15.760668+05:45,2026-07-15 13:37:15,live_market,live_market_279,True,cloud_automated,Wednesday - Trading Hours: 11:00 AM - 3:00 PM NPT,8110,10.25% Nepal SBI Bank Debenture 2083,SBID83,58.0,26.0,1088.4,-2.99,1122.0,,1088.4,1088.4,1088.4,28298.4,2026-07-15 13:00:45.183412,26.0,1088.4,,,,,,,,,,,,,,7,"price_volume, live_market, summary, top_gainers, top_losers, nepse_index, supply_demand",5152
2026-07-15T13:37:15.760668+05:45,2026-07-15 13:37:15,live_market,live_market_280,True,cloud_automated,Wednesday - Trading Hours: 11:00 AM - 3:00 PM NPT,2826,Gurans Laghubitta Bittiya Sanstha Limited,GLBSL,58.0,30.0,1783.9,0.22,1780.0,,1732.0,1783.9,1732.0,52347.0,2026-07-15 13:00:34.011897,10.0,1744.9,,,,,,,,,,,,,,7,"price_volume, live_market, summary, top_gainers, top_losers, nepse_index, supply_demand",5152
2026-07-15T13:37:15.760668+05:45,2026-07-15 13:37:15,live_market,live_market_281,True,cloud_automated,Wednesday - Trading Hours: 11:00 AM - 3:00 PM NPT,9139,Sanima Growth Fund,SAGF,58.0,200.0,10.05,0.0,10.05,,10.0,10.05,10.0,2005.0,2026-07-15 12:58:41.204857,100.0,10.03,,,,,,,,,,,,,,7,"price_volume, live_market, summary, top_gainers, top_losers, nepse_index, supply_demand",5152
2026-07-15T13:37:15.760668+05:45,2026-07-15 13:37:15,live_market,live_market_282,True,cloud_automated,Wednesday - Trading Hours: 11:00 AM - 3:00 PM NPT,2863,NIC Asia Balanced Fund,NICBF,58.0,800.0,9.24,2.9,8.98,,9.24,9.24,9.24,7392.0,2026-07-15 12:57:24.894558,100.0,9.24,,,,,,,,,,,,,,7,"price_volume, live_market, summary, top_gainers, top_losers, nepse_index, supply_demand",5152
2026-07-15T13:37:15.760668+05:45,2026-07-15 13:37:15,live_market,live_market_283,True,cloud_automated,Wednesday - Trading Hours: 11:00 AM - 3:00 PM NPT,185,Sagarmatha Lumbini Insurance Co. Limited,SALICO,58.0,1079.0,585.2,0.9,580.0,,580.0,597.0,580.0,631791.0,2026-07-15 12:57:06.828954,680.0,585.53,,,,,,,,,,,,,,7,"price_volume, live_market, summary, top_gainers, top_losers, nepse_index, supply_demand",5152
2026-07-15T13:37:15.760668+05:45,2026-07-15 13:37:15,live_market,live_market_284,True,cloud_automated,Wednesday - Trading Hours: 11:00 AM - 3:00 PM NPT,9257,MBL Equity Fund,MBLEF,58.0,1300.0,10.0,-0.7,10.07,,9.88,10.09,9.88,12999.0,2026-07-15 12:56:55.397073,100.0,10.0,,,,,,,,,,,,,,7,"price_volume, live_market, summary, top_gainers, top_losers, nepse_index, supply_demand",5152
2026-07-15T13:37:15.760668+05:45,2026-07-15 13:37:15,live_market,live_market_285,True,cloud_automated,Wednesday - Trading Hours: 11:00 AM - 3:00 PM NPT,8027,Nabil Debenture 2085,NBLD85,58.0,100050.0,1088.0,0.83,1079.0,,1050.4,1088.0,1050.4,108852465.2,2026-07-15 12:56:40.943945,19990.0,1087.98,,,,,,,,,,,,,,7,"price_volume, live_market, summary, top_gainers, top_losers, nepse_index, supply_demand",5152
2026-07-15T13:37:15.760668+05:45,2026-07-15 13:37:15,live_market,live_market_286,True,cloud_automated,Wednesday - Trading Hours: 11:00 AM - 3:00 PM NPT,8132,Shrijanshil Laghubitta Bittiya Sanstha Limited,SHLB,58.0,110.0,1479.9,2.42,1445.0,,1445.0,1479.9,1410.0,159019.0,2026-07-15 12:55:18.703917,10.0,1445.63,,,,,,,,,,,,,,7,"price_volume, live_market, summary, top_gainers, top_losers, nepse_index, supply_demand",5152
2026-07-15T13:37:15.760668+05:45,2026-07-15 13:37:15,live_market,live_market_287,True,cloud_automated,Wednesday - Trading Hours: 11:00 AM - 3:00 PM NPT,459,Kamana Sewa Bikas Bank Limited,KSBBL,58.0,1496.0,470.1,0.02,470.0,,480.0,482.0,469.0,709313.4,2026-07-15 12:54:28.406266,44.0,474.14,,,,,,,,,,,,,,7,"price_volume, live_market, summary, top_gainers, top_losers, nepse_index, supply_demand",5152
2026-07-15T13:37:15.760668+05:45,2026-07-15 13:37:15,live_market,live_market_288,True,cloud_automated,Wednesday - Trading Hours: 11:00 AM - 3:00 PM NPT,2923,Sanima Large Cap Fund,SLCF,58.0,63484.0,10.0,0.0,10.0,,10.0,10.0,10.0,634840.0,2026-07-15 12:53:45.143998,100.0,10.0,,,,,,,,,,,,,,7,"price_volume, live_market, summary, top_gainers, top_losers, nepse_index, supply_demand",5152
2026-07-15T13:37:15.760668+05:45,2026-07-15 13:37:15,live_market,live_market_289,True,cloud_automated,Wednesday - Trading Hours: 11:00 AM - 3:00 PM NPT,163,Nirdhan Utthan Laghubitta Bittiya Sanstha Limited,NUBL,58.0,4872.0,590.0,-0.84,595.0,,596.0,598.0,590.0,2882440.6,2026-07-15 12:53:36.02664,153.0,591.63,,,,,,,,,,,,,,7,"price_volume, live_market, summary, top_gainers, top_losers, nepse_index, supply_demand",5152
2026-07-15T13:37:15.760668+05:45,2026-07-15 13:37:15,live_market,live_market_290,True,cloud_automated,Wednesday - Trading Hours: 11:00 AM - 3:00 PM NPT,559,NLG Insurance Company Ltd.,NLG,58.0,2067.0,583.0,1.39,575.0,,575.0,583.0,575.0,1202288.8,2026-07-15 12:53:24.599384,1205.0,581.66,,,,,,,,,,,,,,7,"price_volume, live_market, summary, top_gainers, top_losers, nepse_index, supply_demand",5152
2026-07-15T13:37:15.760668+05:45,2026-07-15 13:37:15,live_market,live_market_291,True,cloud_automated,Wednesday - Trading Hours: 11:00 AM - 3:00 PM NPT,545,Swarojgar Laghubitta Bittiya Sanstha Ltd.,SLBBL,58.0,460.0,790.0,0.87,783.2,,786.0,799.0,786.0,364306.0,2026-07-15 12:52:12.983621,61.0,791.97,,,,,,,,,,,,,,7,"price_volume, live_market, summary, top_gainers, top_losers, nepse_index, supply_demand",5152
2026-07-15T13:37:15.760668+05:45,2026-07-15 13:37:15,live_market,live_market_292,True,cloud_automated,Wednesday - Trading Hours: 11:00 AM - 3:00 PM NPT,4947,Prabhu Select Fund,PSF,58.0,10430.0,11.82,0.17,11.8,,11.51,11.82,11.5,121585.5,2026-07-15 12:51:30.714739,4900.0,11.66,,,,,,,,,,,,,,7,"price_volume, live_market, summary, top_gainers, top_losers, nepse_index, supply_demand",5152
2026-07-15T13:37:15.760668+05:45,2026-07-15 13:37:15,live_market,live_market_293,True,cloud_automated,Wednesday - Trading Hours: 11:00 AM - 3:00 PM NPT,2784,Nadep Laghubittiya bittya Sanstha Ltd.,NADEP,58.0,91.0,722.0,3.11,700.2,,701.0,722.0,701.0,65064.2,2026-07-15 12:50:53.241624,3.0,714.99,,,,,,,,,,,,,,7,"price_volume, live_market, summary, top_gainers, top_losers, nepse_index, supply_demand",5152
2026-07-15T13:37:15.760668+05:45,2026-07-15 13:37:15,live_market,live_market_294,True,cloud_automated,Wednesday - Trading Hours: 11:00 AM - 3:00 PM NPT,166,Deprosc Laghubitta Bittiya Sanstha Limited,DDBL,58.0,2402.0,825.1,0.79,818.6,,825.0,838.0,819.2,1982449.4,2026-07-15 12:50:09.653313,350.0,825.33,,,,,,,,,,,,,,7,"price_volume, live_market, summary, top_gainers, top_losers, nepse_index, supply_demand",5152
2026-07-15T13:37:15.760668+05:45,2026-07-15 13:37:15,live_market,live_market_295,True,cloud_automated,Wednesday - Trading Hours: 11:00 AM - 3:00 PM NPT,623,Garima Bikas Bank Limited Promoter Share,GBBLPO,58.0,7300.0,238.0,0.0,238.0,,238.0,238.0,238.0,1737400.0,2026-07-15 12:49:31.043301,2500.0,238.0,,,,,,,,,,,,,,7,"price_volume, live_market, summary, top_gainers, top_losers, nepse_index, supply_demand",5152
2026-07-15T13:37:15.760668+05:45,2026-07-15 13:37:15,live_market,live_market_296,True,cloud_automated,Wednesday - Trading Hours: 11:00 AM - 3:00 PM NPT,9150,Asian Hydropower Limited,AHL,58.0,1870.0,420.0,2.41,410.1,,413.0,423.0,410.8,783503.0,2026-07-15 12:49:13.911544,460.0,418.99,,,,,,,,,,,,,,7,"price_volume, live_market, summary, top_gainers, top_losers, nepse_index, supply_demand",5152
2026-07-15T13:37:15.760668+05:45,2026-07-15 13:37:15,live_market,live_market_297,True,cloud_automated,Wednesday - Trading Hours: 11:00 AM - 3:00 PM NPT,149,Oriental Hotels Limited,OHL,58.0,145.0,676.0,0.9,670.0,,676.0,676.0,676.0,98020.0,2026-07-15 12:49:05.423824,145.0,676.0,,,,,,,,,,,,,,7,"price_volume, live_market, summary, top_gainers, top_losers, nepse_index, supply_demand",5152
2026-07-15T13:37:15.760668+05:45,2026-07-15 13:37:15,live_market,live_market_298,True,cloud_automated,Wednesday - Trading Hours: 11:00 AM - 3:00 PM NPT,9196,Kutheli Bukhari Small Hydropower Limited,KBSH,58.0,167.0,1263.0,0.16,1261.0,,1280.0,1280.0,1227.0,207539.7,2026-07-15 12:46:23.45157,10.0,1242.75,,,,,,,,,,,,,,7,"price_volume, live_market, summary, top_gainers, top_losers, nepse_index, supply_demand",5152
2026-07-15T13:37:15.760668+05:45,2026-07-15 13:37:15,live_market,live_market_299,True,cloud_automated,Wednesday - Trading Hours: 11:00 AM - 3:00 PM NPT,9255,Everest Bank Limited Debenture 2091,EBLD91,58.0,4260.0,1100.0,1.66,1082.0,,1083.0,1123.0,1083.0,4776360.0,2026-07-15 12:45:17.501171,100.0,1121.21,,,,,,,,,,,,,,7,"price_volume, live_market, summary, top_gainers, top_losers, nepse_index, supply_demand",5152
2026-07-15T13:37:15.760668+05:45,2026-07-15 13:37:15,live_market,live_market_300,True,cloud_automated,Wednesday - Trading Hours: 11:00 AM - 3:00 PM NPT,9135,Barahi Hydropower Public Limited,BHPL,58.0,395.0,479.0,0.0,479.0,,471.0,479.0,470.0,186833.0,2026-07-15 12:45:12.27696,10.0,472.99,,,,,,,,,,,,,,7,"price_volume, live_market, summary, top_gainers, top_losers, nepse_index, supply_demand",5152
2026-07-15T13:37:15.760668+05:45,2026-07-15 13:37:15,live_market,live_market_301,True,cloud_automated,Wednesday - Trading Hours: 11:00 AM - 3:00 PM NPT,2936,9.5% NCC Debenture 2086,NCCD86,58.0,10.0,1190.0,0.0,1190.0,,1190.0,1190.0,1190.0,12177.5,2026-07-15 12:43:46.8486,5.0,1217.75,,,,,,,,,,,,,,7,"price_volume, live_market, summary, top_gainers, top_losers, nepse_index, supply_demand",5152
2026-07-15T13:37:15.760668+05:45,2026-07-15 13:37:15,live_market,live_market_302,True,cloud_automated,Wednesday - Trading Hours: 11:00 AM - 3:00 PM NPT,9236,NIC ASIA Growth Fund-2,NICGF2,58.0,300.0,9.47,0.96,9.38,,9.1,9.47,9.1,2794.0,2026-07-15 12:42:47.041688,100.0,9.31,,,,,,,,,,,,,,7,"price_volume, live_market, summary, top_gainers, top_losers, nepse_index, supply_demand",5152
2026-07-15T13:37:15.760668+05:45,2026-07-15 13:37:15,live_market,live_market_303,True,cloud_automated,Wednesday - Trading Hours: 11:00 AM - 3:00 PM NPT,2885,10.25% KBL Debenture 2086,KBLD86,58.0,14.0,1341.0,3.0,1302.0,,1302.0,1341.0,1302.0,18754.0,2026-07-15 12:42:17.361613,10.0,1339.57,,,,,,,,,,,,,,7,"price_volume, live_market, summary, top_gainers, top_losers, nepse_index, supply_demand",5152
2026-07-15T13:37:15.760668+05:45,2026-07-15 13:37:15,live_market,live_market_304,True,cloud_automated,Wednesday - Trading Hours: 11:00 AM - 3:00 PM NPT,9237,Prabhu Mahalaxmi Life Insurance Limited promotor,PMLIP,58.0,20349.0,255.0,0.0,255.0,,255.0,255.0,255.0,5188995.0,2026-07-15 12:40:36.64948,20349.0,255.0,,,,,,,,,,,,,,7,"price_volume, live_market, summary, top_gainers, top_losers, nepse_index, supply_demand",5152
2026-07-15T13:37:15.760668+05:45,2026-07-15 13:37:15,live_market,live_market_305,True,cloud_automated,Wednesday - Trading Hours: 11:00 AM - 3:00 PM NPT,8125,NMB Sulav Investment Fund - 2,NSIF2,58.0,12600.0,10.4,0.0,10.4,,10.21,10.4,10.21,129991.0,2026-07-15 12:40:32.300794,2000.0,10.32,,,,,,,,,,,,,,7,"price_volume, live_market, summary, top_gainers, top_losers, nepse_index, supply_demand",5152
2026-07-15T13:37:15.760668+05:45,2026-07-15 13:37:15,live_market,live_market_306,True,cloud_automated,Wednesday - Trading Hours: 11:00 AM - 3:00 PM NPT,2781,Wean Nepal Laghubitta Bittiya Sanstha Limited,WNLB,58.0,104.0,1380.0,1.62,1358.0,,1321.0,1380.0,1321.0,139415.1,2026-07-15 12:39:22.287973,10.0,1340.53,,,,,,,,,,,,,,7,"price_volume, live_market, summary, top_gainers, top_losers, nepse_index, supply_demand",5152
2026-07-15T13:37:15.760668+05:45,2026-07-15 13:37:15,live_market,live_market_307,True,cloud_automated,Wednesday - Trading Hours: 11:00 AM - 3:00 PM NPT,2748,RSDC Laghubitta Bittiya Sanstha Ltd.,RSDC,58.0,212.0,638.0,0.95,632.0,,638.0,639.0,638.0,135311.0,2026-07-15 12:39:08.437264,65.0,638.26,,,,,,,,,,,,,,7,"price_volume, live_market, summary, top_gainers, top_losers, nepse_index, supply_demand",5152
2026-07-15T13:37:15.760668+05:45,2026-07-15 13:37:15,live_market,live_market_308,True,cloud_automated,Wednesday - Trading Hours: 11:00 AM - 3:00 PM NPT,2866,10.25% Machhapuchhre Bank Debenture 2085,MBLD2085,58.0,25.0,1132.7,-2.61,1163.0,,1132.7,1132.7,1132.7,28317.5,2026-07-15 12:37:00.202762,25.0,1132.7,,,,,,,,,,,,,,7,"price_volume, live_market, summary, top_gainers, top_losers, nepse_index, supply_demand",5152
2026-07-15T13:37:15.760668+05:45,2026-07-15 13:37:15,live_market,live_market_309,True,cloud_automated,Wednesday - Trading Hours: 11:00 AM - 3:00 PM NPT,634,Rastriya Beema Company Limited Promoter Share,RBCLPO,58.0,10.0,11380.0,-2.98,11729.0,,11380.0,11380.0,11380.0,113800.0,2026-07-15 12:36:50.963482,10.0,11380.0,,,,,,,,,,,,,,7,"price_volume, live_market, summary, top_gainers, top_losers, nepse_index, supply_demand",5152
2026-07-15T13:37:15.760668+05:45,2026-07-15 13:37:15,live_market,live_market_310,True,cloud_automated,Wednesday - Trading Hours: 11:00 AM - 3:00 PM NPT,9302,RBB Focus 40,RBBF40,58.0,28501.0,9.29,-0.11,9.3,,9.3,9.3,9.03,264998.8,2026-07-15 12:36:01.083507,750.0,9.3,,,,,,,,,,,,,,7,"price_volume, live_market, summary, top_gainers, top_losers, nepse_index, supply_demand",5152
2026-07-15T13:37:15.760668+05:45,2026-07-15 13:37:15,live_market,live_market_311,True,cloud_automated,Wednesday - Trading Hours: 11:00 AM - 3:00 PM NPT,186,IGI Prudential insurance Limited,IGI,58.0,1350.0,430.0,1.18,425.0,,429.9,430.0,429.8,580471.0,2026-07-15 12:34:42.003253,400.0,429.98,,,,,,,,,,,,,,7,"price_volume, live_market, summary, top_gainers, top_losers, nepse_index, supply_demand",5152
2026-07-15T13:37:15.760668+05:45,2026-07-15 13:37:15,live_market,live_market_312,True,cloud_automated,Wednesday - Trading Hours: 11:00 AM - 3:00 PM NPT,2859,Siddhartha Investment Growth Scheme - 2,SIGS2,58.0,1000.0,10.1,-0.98,10.2,,10.2,10.2,10.1,10170.0,2026-07-15 12:34:17.291961,300.0,10.17,,,,,,,,,,,,,,7,"price_volume, live_market, summary, top_gainers, top_losers, nepse_index, supply_demand",5152
2026-07-15T13:37:15.760668+05:45,2026-07-15 13:37:15,live_market,live_market_313,True,cloud_automated,Wednesday - Trading Hours: 11:00 AM - 3:00 PM NPT,9286,Shine Resunga Debenture,SHINED,58.0,185.0,1145.0,3.62,1105.0,,1138.0,1145.0,1138.0,211630.0,2026-07-15 12:34:12.241803,50.0,1143.95,,,,,,,,,,,,,,7,"price_volume, live_market, summary, top_gainers, top_losers, nepse_index, supply_demand",5152
2026-07-15T13:37:15.760668+05:45,2026-07-15 13:37:15,live_market,live_market_314,True,cloud_automated,Wednesday - Trading Hours: 11:00 AM - 3:00 PM NPT,2835,NABIL BALANCED FUND-2,NBF2,58.0,1500.0,9.91,-0.9,10.0,,9.91,9.91,9.91,14865.0,2026-07-15 12:33:55.061154,500.0,9.91,,,,,,,,,,,,,,7,"price_volume, live_market, summary, top_gainers, top_losers, nepse_index, supply_demand",5152
2026-07-15T13:37:15.760668+05:45,2026-07-15 13:37:15,live_market,live_market_315,True,cloud_automated,Wednesday - Trading Hours: 11:00 AM - 3:00 PM NPT,693,Himalayan Laghubitta Bittiya Sanstha Limited,HLBSL,58.0,107.0,864.3,1.32,853.0,,868.9,868.9,843.1,91667.7,2026-07-15 12:31:30.196715,20.0,856.71,,,,,,,,,,,,,,7,"price_volume, live_market, summary, top_gainers, top_losers, nepse_index, supply_demand",5152
2026-07-15T13:37:15.760668+05:45,2026-07-15 13:37:15,live_market,live_market_316,True,cloud_automated,Wednesday - Trading Hours: 11:00 AM - 3:00 PM NPT,8119,10.50% Everest Bank Limited Debenture 2085,EBLD85,58.0,81.0,1169.0,1.65,1150.0,,1169.0,1169.0,1169.0,94689.0,2026-07-15 12:29:13.2236,81.0,1169.0,,,,,,,,,,,,,,7,"price_volume, live_market, summary, top_gainers, top_losers, nepse_index, supply_demand",5152
2026-07-15T13:37:15.760668+05:45,2026-07-15 13:37:15,live_market,live_market_317,True,cloud_automated,Wednesday - Trading Hours: 11:00 AM - 3:00 PM NPT,8023,Mega Mutual Fund -1,MMF1,58.0,6497.0,9.8,0.0,9.8,,9.51,9.8,9.14,60683.7,2026-07-15 12:28:03.155527,100.0,9.34,,,,,,,,,,,,,,7,"price_volume, live_market, summary, top_gainers, top_losers, nepse_index, supply_demand",5152
2026-07-15T13:37:15.760668+05:45,2026-07-15 13:37:15,live_market,live_market_318,True,cloud_automated,Wednesday - Trading Hours: 11:00 AM - 3:00 PM NPT,2771,Support Microfinance Bittiya Sanstha Ltd.,SMB,58.0,322.0,1835.9,2.89,1784.3,,1837.7,1837.8,1800.0,582681.6,2026-07-15 12:26:44.418513,10.0,1809.57,,,,,,,,,,,,,,7,"price_volume, live_market, summary, top_gainers, top_losers, nepse_index, supply_demand",5152
2026-07-15T13:37:15.760668+05:45,2026-07-15 13:37:15,live_market,live_market_319,True,cloud_automated,Wednesday - Trading Hours: 11:00 AM - 3:00 PM NPT,7986,NIC ASIA Rinpatra 2088,NICD88,58.0,20010.0,1133.0,3.0,1100.0,,1133.0,1133.0,1133.0,22671330.0,2026-07-15 12:24:11.140801,20000.0,1133.0,,,,,,,,,,,,,,7,"price_volume, live_market, summary, top_gainers, top_losers, nepse_index, supply_demand",5152
2026-07-15T13:37:15.760668+05:45,2026-07-15 13:37:15,live_market,live_market_320,True,cloud_automated,Wednesday - Trading Hours: 11:00 AM - 3:00 PM NPT,9289,7% Nepal SBI Bank Debenture 2090,SBID2090,58.0,1500.0,1100.0,1.48,1084.0,,1100.0,1100.0,1100.0,1650000.0,2026-07-15 12:22:54.327443,1500.0,1100.0,,,,,,,,,,,,,,7,"price_volume, live_market, summary, top_gainers, top_losers, nepse_index, supply_demand",5152
2026-07-15T13:37:15.760668+05:45,2026-07-15 13:37:15,live_market,live_market_321,True,cloud_automated,Wednesday - Trading Hours: 11:00 AM - 3:00 PM NPT,2878,10.25% Sunrise Bank Debenture 2083,SRBLD83,58.0,5.0,1099.7,0.0,1099.7,,1099.7,1099.7,1099.7,5510.0,2026-07-15 12:15:49.979475,5.0,1102.0,,,,,,,,,,,,,,7,"price_volume, live_market, summary, top_gainers, top_losers, nepse_index, supply_demand",5152
2026-07-15T13:37:15.760668+05:45,2026-07-15 13:37:15,live_market,live_market_322,True,cloud_automated,Wednesday - Trading Hours: 11:00 AM - 3:00 PM NPT,618,Laxmi Laghubitta Bittiya Sanstha Ltd.,LLBS,58.0,300.0,922.1,0.89,914.0,,919.0,922.1,919.0,276564.0,2026-07-15 12:15:32.843612,140.0,921.88,,,,,,,,,,,,,,7,"price_volume, live_market, summary, top_gainers, top_losers, nepse_index, supply_demand",5152
2026-07-15T13:37:15.760668+05:45,2026-07-15 13:37:15,live_market,live_market_323,True,cloud_automated,Wednesday - Trading Hours: 11:00 AM - 3:00 PM NPT,219,Unilever Nepal Limited,UNL,58.0,10.0,47899.9,3.0,46505.0,,47899.9,47899.9,47899.9,478999.0,2026-07-15 12:15:23.021586,10.0,47899.9,,,,,,,,,,,,,,7,"price_volume, live_market, summary, top_gainers, top_losers, nepse_index, supply_demand",5152
2026-07-15T13:37:15.760668+05:45,2026-07-15 13:37:15,live_market,live_market_324,True,cloud_automated,Wednesday - Trading Hours: 11:00 AM - 3:00 PM NPT,2828,10% Sanima Bank Limited Debenture,SAND2085,58.0,5.0,1170.0,0.0,1170.0,,1170.0,1170.0,1170.0,5949.5,2026-07-15 12:15:14.601807,5.0,1189.9,,,,,,,,,,,,,,7,"price_volume, live_market, summary, top_gainers, top_losers, nepse_index, supply_demand",5152
2026-07-15T13:37:15.760668+05:45,2026-07-15 13:37:15,live_market,live_market_325,True,cloud_automated,Wednesday - Trading Hours: 11:00 AM - 3:00 PM NPT,2886,10.35% Agricultural Bank Debenture 2083,ADBLD83,58.0,5.0,1085.0,0.0,1085.0,,1085.0,1085.0,1085.0,5500.0,2026-07-15 12:14:51.114355,5.0,1100.0,,,,,,,,,,,,,,7,"price_volume, live_market, summary, top_gainers, top_losers, nepse_index, supply_demand",5152
2026-07-15T13:37:15.760668+05:45,2026-07-15 13:37:15,live_market,live_market_326,True,cloud_automated,Wednesday - Trading Hours: 11:00 AM - 3:00 PM NPT,2882,12% ICFC Finance Limited Debenture 2083,ICFCD83,58.0,51.0,1140.0,3.64,1100.0,,1100.0,1140.0,1100.0,58007.0,2026-07-15 12:14:06.881768,25.0,1137.39,,,,,,,,,,,,,,7,"price_volume, live_market, summary, top_gainers, top_losers, nepse_index, supply_demand",5152
2026-07-15T13:37:15.760668+05:45,2026-07-15 13:37:15,live_market,live_market_327,True,cloud_automated,Wednesday - Trading Hours: 11:00 AM - 3:00 PM NPT,9147,Shuvam Power Limited,SPL,58.0,4590.0,650.0,1.39,641.1,,637.3,660.0,637.2,2983405.0,2026-07-15 12:03:23.641919,4500.0,649.98,,,,,,,,,,,,,,7,"price_volume, live_market, summary, top_gainers, top_losers, nepse_index, supply_demand",5152
2026-07-15T13:37:15.760668+05:45,2026-07-15 13:37:15,live_market,live_market_328,True,cloud_automated,Wednesday - Trading Hours: 11:00 AM - 3:00 PM NPT,9261,Nifra Green Energy Debenture 6% - 2088/89,NIFRAGED,58.0,25.0,1041.1,0.06,1040.5,,1041.1,1041.1,1041.1,26027.5,2026-07-15 11:58:59.955378,25.0,1041.1,,,,,,,,,,,,,,7,"price_volume, live_market, summary, top_gainers, top_losers, nepse_index, supply_demand",5152
2026-07-15T13:37:15.760668+05:45,2026-07-15 13:37:15,live_market,live_market_329,True,cloud_automated,Wednesday - Trading Hours: 11:00 AM - 3:00 PM NPT,2854,10.25% NBBL Debenture 2085,NBBD2085,58.0,20.0,1170.0,2.81,1138.0,,1170.0,1170.0,1170.0,23400.0,2026-07-15 11:56:23.347151,20.0,1170.0,,,,,,,,,,,,,,7,"price_volume, live_market, summary, top_gainers, top_losers, nepse_index, supply_demand",5152
2026-07-15T13:37:15.760668+05:45,2026-07-15 13:37:15,live_market,live_market_330,True,cloud_automated,Wednesday - Trading Hours: 11:00 AM - 3:00 PM NPT,9290,HLI Large Cap Fund,HLICF,58.0,100.0,8.75,0.0,8.75,,8.75,8.75,8.75,875.0,2026-07-15 11:56:08.170034,100.0,8.75,,,,,,,,,,,,,,7,"price_volume, live_market, summary, top_gainers, top_losers, nepse_index, supply_demand",5152
2026-07-15T13:37:15.760668+05:45,2026-07-15 13:37:15,live_market,live_market_331,True,cloud_automated,Wednesday - Trading Hours: 11:00 AM - 3:00 PM NPT,8034,Emerging Nepal Limited,ENL,58.0,90.0,790.0,3.67,762.0,,784.6,799.6,784.6,71681.0,2026-07-15 11:53:11.139352,10.0,796.46,,,,,,,,,,,,,,7,"price_volume, live_market, summary, top_gainers, top_losers, nepse_index, supply_demand",5152
2026-07-15T13:37:15.760668+05:45,2026-07-15 13:37:15,live_market,live_market_332,True,cloud_automated,Wednesday - Trading Hours: 11:00 AM - 3:00 PM NPT,544,Prime Commercial Bank Promoter Share,PCBLP,58.0,12603.0,105.0,0.0,105.0,,105.0,105.0,105.0,1323315.0,2026-07-15 11:52:35.940754,12603.0,105.0,,,,,,,,,,,,,,7,"price_volume, live_market, summary, top_gainers, top_losers, nepse_index, supply_demand",5152
2026-07-15T13:37:15.760668+05:45,2026-07-15 13:37:15,live_market,live_market_333,True,cloud_automated,Wednesday - Trading Hours: 11:00 AM - 3:00 PM NPT,9198,Laxmi Value Fund 2,LVF2,58.0,100.0,10.0,0.0,10.0,,10.0,10.0,10.0,1000.0,2026-07-15 11:50:01.938015,100.0,10.0,,,,,,,,,,,,,,7,"price_volume, live_market, summary, top_gainers, top_losers, nepse_index, supply_demand",5152
2026-07-15T13:37:15.760668+05:45,2026-07-15 13:37:15,live_market,live_market_334,True,cloud_automated,Wednesday - Trading Hours: 11:00 AM - 3:00 PM NPT,2883,12 % Goodwill Finance Limited Debenture 2083,GWFD83,58.0,11.0,1140.8,1.86,1120.0,,1120.0,1140.8,1120.0,12584.0,2026-07-15 11:45:49.004898,10.0,1144.0,,,,,,,,,,,,,,7,"price_volume, live_market, summary, top_gainers, top_losers, nepse_index, supply_demand",5152
2026-07-15T13:37:15.760668+05:45,2026-07-15 13:37:15,live_market,live_market_335,True,cloud_automated,Wednesday - Trading Hours: 11:00 AM - 3:00 PM NPT,9141,NIFRA Uraj Rinpatra7%-2085/86,NIFRAUR85/86,58.0,25.0,1065.0,0.0,1065.0,,1065.0,1065.0,1065.0,26625.0,2026-07-15 11:41:55.981606,25.0,1065.0,,,,,,,,,,,,,,7,"price_volume, live_market, summary, top_gainers, top_losers, nepse_index, supply_demand",5152
2026-07-15T13:37:15.760668+05:45,2026-07-15 13:37:15,live_market,live_market_336,True,cloud_automated,Wednesday - Trading Hours: 11:00 AM - 3:00 PM NPT,9178,RBB Mutual Fund 2,RMF2,58.0,100.0,9.64,-0.62,9.7,,9.64,9.64,9.64,964.0,2026-07-15 11:41:54.754324,100.0,9.64,,,,,,,,,,,,,,7,"price_volume, live_market, summary, top_gainers, top_losers, nepse_index, supply_demand",5152
2026-07-15T13:37:15.760668+05:45,2026-07-15 13:37:15,live_market,live_market_337,True,cloud_automated,Wednesday - Trading Hours: 11:00 AM - 3:00 PM NPT,9191,Citizens Super 30 Mutual Fund,C30MF,58.0,100.0,9.73,-2.89,10.02,,9.73,9.73,9.73,973.0,2026-07-15 11:41:03.892747,100.0,9.73,,,,,,,,,,,,,,7,"price_volume, live_market, summary, top_gainers, top_losers, nepse_index, supply_demand",5152
2026-07-15T13:37:15.760668+05:45,2026-07-15 13:37:15,live_market,live_market_338,True,cloud_automated,Wednesday - Trading Hours: 11:00 AM - 3:00 PM NPT,2912,8.5% SBL Debenture 2084,SBLD84,58.0,1.0,1079.0,0.0,1079.0,,1079.0,1079.0,1079.0,1110.0,2026-07-15 11:36:06.900487,1.0,1110.0,,,,,,,,,,,,,,7,"price_volume, live_market, summary, top_gainers, top_losers, nepse_index, supply_demand",5152
2026-07-15T13:37:15.760668+05:45,2026-07-15 13:37:15,live_market,live_market_339,True,cloud_automated,Wednesday - Trading Hours: 11:00 AM - 3:00 PM NPT,2770,Siddhartha Equity Fund,SEF,58.0,2500.0,10.0,0.0,10.0,,10.0,10.0,10.0,25000.0,2026-07-15 11:31:46.879558,2500.0,10.0,,,,,,,,,,,,,,7,"price_volume, live_market, summary, top_gainers, top_losers, nepse_index, supply_demand",5152
2026-07-15T13:37:15.760668+05:45,2026-07-15 13:37:15,live_market,live_market_340,True,cloud_automated,Wednesday - Trading Hours: 11:00 AM - 3:00 PM NPT,2925,Mahila Lagubitta Bittiya Sanstha Limited ,MLBSL,58.0,10.0,1740.8,2.17,1703.8,,1740.8,1740.8,1740.8,17408.0,2026-07-15 11:18:18.307339,10.0,1740.8,,,,,,,,,,,,,,7,"price_volume, live_market, summary, top_gainers, top_losers, nepse_index, supply_demand",5152
2026-07-15T13:37:15.760668+05:45,2026-07-15 13:37:15,live_market,live_market_341,True,cloud_automated,Wednesday - Trading Hours: 11:00 AM - 3:00 PM NPT,469,Nepal Investment Mega Bank Ltd. Promoter Share,NIMBPO,58.0,3513.0,143.0,1.42,141.0,,143.0,143.0,143.0,502359.0,2026-07-15 11:16:43.782635,1513.0,143.0,,,,,,,,,,,,,,7,"price_volume, live_market, summary, top_gainers, top_losers, nepse_index, supply_demand",5152
2026-07-15T13:37:15.760668+05:45,2026-07-15 13:37:15,live_market,live_market_342,True,cloud_automated,Wednesday - Trading Hours: 11:00 AM - 3:00 PM NPT,9161,Aatmanirbhar Laghubitta Bittiya Sanstha Limited,ANLB,58.0,20.0,6860.9,-3.0,7073.0,,7425.0,7425.0,6860.9,142859.0,2026-07-15 11:15:16.199027,10.0,7142.95,,,,,,,,,,,,,,7,"price_volume, live_market, summary, top_gainers, top_losers, nepse_index, supply_demand",5152
2026-07-15T13:37:15.760668+05:45,2026-07-15 13:37:15,live_market,live_market_343,True,cloud_automated,Wednesday - Trading Hours: 11:00 AM - 3:00 PM NPT,274,Excel Development Bank Ltd.,EDBL,58.0,50.0,573.0,2.23,560.5,,573.0,573.0,573.0,28650.0,2026-07-15 11:02:33.458575,50.0,573.0,,,,,,,,,,,,,,7,"price_volume, live_market, summary, top_gainers, top_losers, nepse_index, supply_demand",5152
2026-07-15T13:37:15.760668+05:45,2026-07-15 13:37:15,live_market,live_market_344,True,cloud_automated,Wednesday - Trading Hours: 11:00 AM - 3:00 PM NPT,2747,National Laghubitta Bittiya Sanstha Limited Promoter,NMFBSP,58.0,3400.0,610.0,0.0,610.0,,610.0,610.0,610.0,2074000.0,2026-07-15 11:01:49.780739,3400.0,610.0,,,,,,,,,,,,,,7,"price_volume, live_market, summary, top_gainers, top_losers, nepse_index, supply_demand",5152
2026-07-15T13:37:15.760668+05:45,2026-07-15 13:37:15,summary,summary_summary,True,cloud_automated,Wednesday - Trading Hours: 11:00 AM - 3:00 PM NPT,,,,,,,,,,,,,,,,,2074026021.7,4514937.0,21256.0,344.0,,,,,,,,,,7,"price_volume, live_market, summary, top_gainers, top_losers, nepse_index, supply_demand",5152
2026-07-15T13:37:15.760668+05:45,2026-07-15 13:37:15,top_gainers,top_gainers_1,True,cloud_automated,Wednesday - Trading Hours: 11:00 AM - 3:00 PM NPT,172,Narayani Development Bank Limited,NABBC,,,,9.77,,,,,,,,,,,,,,810.0,,72.1,,,,,,,7,"price_volume, live_market, summary, top_gainers, top_losers, nepse_index, supply_demand",5152
2026-07-15T13:37:15.760668+05:45,2026-07-15 13:37:15,top_gainers,top_gainers_2,True,cloud_automated,Wednesday - Trading Hours: 11:00 AM - 3:00 PM NPT,9194,Three Star Hydropower Limited,TSHL,,,,5.45,,,,,,,,,,,,,,348.0,,18.0,,,,,,,7,"price_volume, live_market, summary, top_gainers, top_losers, nepse_index, supply_demand",5152
2026-07-15T13:37:15.760668+05:45,2026-07-15 13:37:15,top_gainers,top_gainers_3,True,cloud_automated,Wednesday - Trading Hours: 11:00 AM - 3:00 PM NPT,9300,Jhapa Energy Limited,JHAPA,,,,4.41,,,,,,,,,,,,,,1065.0,,45.0,,,,,,,7,"price_volume, live_market, summary, top_gainers, top_losers, nepse_index, supply_demand",5152
2026-07-15T13:37:15.760668+05:45,2026-07-15 13:37:15,top_gainers,top_gainers_4,True,cloud_automated,Wednesday - Trading Hours: 11:00 AM - 3:00 PM NPT,268,Swabalamban Laghubitta Bittiya Sanstha Limited,SWBBL,,,,4.2,,,,,,,,,,,,,,657.0,,26.5,,,,,,,7,"price_volume, live_market, summary, top_gainers, top_losers, nepse_index, supply_demand",5152
2026-07-15T13:37:15.760668+05:45,2026-07-15 13:37:15,top_gainers,top_gainers_5,True,cloud_automated,Wednesday - Trading Hours: 11:00 AM - 3:00 PM NPT,9203,Manakamana Engineering Hydropower Limited,MEHL,,,,3.77,,,,,,,,,,,,,,303.0,,11.0,,,,,,,7,"price_volume, live_market, summary, top_gainers, top_losers, nepse_index, supply_demand",5152
2026-07-15T13:37:15.760668+05:45,2026-07-15 13:37:15,top_gainers,top_gainers_6,True,cloud_automated,Wednesday - Trading Hours: 11:00 AM - 3:00 PM NPT,8034,Emerging Nepal Limited,ENL,,,,3.67,,,,,,,,,,,,,,790.0,,28.0,,,,,,,7,"price_volume, live_market, summary, top_gainers, top_losers, nepse_index, supply_demand",5152
2026-07-15T13:37:15.760668+05:45,2026-07-15 13:37:15,top_gainers,top_gainers_7,True,cloud_automated,Wednesday - Trading Hours: 11:00 AM - 3:00 PM NPT,2882,12% ICFC Finance Limited Debenture 2083,ICFCD83,,,,3.64,,,,,,,,,,,,,,1140.0,,40.0,,,,,,,7,"price_volume, live_market, summary, top_gainers, top_losers, nepse_index, supply_demand",5152
2026-07-15T13:37:15.760668+05:45,2026-07-15 13:37:15,top_gainers,top_gainers_8,True,cloud_automated,Wednesday - Trading Hours: 11:00 AM - 3:00 PM NPT,9286,Shine Resunga Debenture,SHINED,,,,3.62,,,,,,,,,,,,,,1145.0,,40.0,,,,,,,7,"price_volume, live_market, summary, top_gainers, top_losers, nepse_index, supply_demand",5152
2026-07-15T13:37:15.760668+05:45,2026-07-15 13:37:15,top_gainers,top_gainers_9,True,cloud_automated,Wednesday - Trading Hours: 11:00 AM - 3:00 PM NPT,9294,Sagar Distillery Limited,SAGAR,,,,3.4,,,,,,,,,,,,,,1580.0,,52.0,,,,,,,7,"price_volume, live_market, summary, top_gainers, top_losers, nepse_index, supply_demand",5152
2026-07-15T13:37:15.760668+05:45,2026-07-15 13:37:15,top_gainers,top_gainers_10,True,cloud_automated,Wednesday - Trading Hours: 11:00 AM - 3:00 PM NPT,194,Nepal Finance Ltd.,NFS,,,,3.22,,,,,,,,,,,,,,584.0,,18.2,,,,,,,7,"price_volume, live_market, summary, top_gainers, top_losers, nepse_index, supply_demand",5152
2026-07-15T13:37:15.760668+05:45,2026-07-15 13:37:15,top_gainers,top_gainers_11,True,cloud_automated,Wednesday - Trading Hours: 11:00 AM - 3:00 PM NPT,610,Ridi Power Company Limited,RIDI,,,,3.16,,,,,,,,,,,,,,326.0,,10.0,,,,,,,7,"price_volume, live_market, summary, top_gainers, top_losers, nepse_index, supply_demand",5152
2026-07-15T13:37:15.760668+05:45,2026-07-15 13:37:15,top_gainers,top_gainers_12,True,cloud_automated,Wednesday - Trading Hours: 11:00 AM - 3:00 PM NPT,9312,Nepal Life Samriddhi Lagani Yojana,NSY,,,,3.15,,,,,,,,,,,,,,9.49,,0.29,,,,,,,7,"price_volume, live_market, summary, top_gainers, top_losers, nepse_index, supply_demand",5152
2026-07-15T13:37:15.760668+05:45,2026-07-15 13:37:15,top_gainers,top_gainers_13,True,cloud_automated,Wednesday - Trading Hours: 11:00 AM - 3:00 PM NPT,9245,Muktinath Mutual Fund 1,MNMF1,,,,3.13,,,,,,,,,,,,,,9.9,,0.3,,,,,,,7,"price_volume, live_market, summary, top_gainers, top_losers, nepse_index, supply_demand",5152
2026-07-15T13:37:15.760668+05:45,2026-07-15 13:37:15,top_gainers,top_gainers_14,True,cloud_automated,Wednesday - Trading Hours: 11:00 AM - 3:00 PM NPT,2784,Nadep Laghubittiya bittya Sanstha Ltd.,NADEP,,,,3.11,,,,,,,,,,,,,,722.0,,21.8,,,,,,,7,"price_volume, live_market, summary, top_gainers, top_losers, nepse_index, supply_demand",5152
2026-07-15T13:37:15.760668+05:45,2026-07-15 13:37:15,top_gainers,top_gainers_15,True,cloud_automated,Wednesday - Trading Hours: 11:00 AM - 3:00 PM NPT,219,Unilever Nepal Limited,UNL,,,,3.0,,,,,,,,,,,,,,47899.9,,1394.9,,,,,,,7,"price_volume, live_market, summary, top_gainers, top_losers, nepse_index, supply_demand",5152
2026-07-15T13:37:15.760668+05:45,2026-07-15 13:37:15,top_gainers,top_gainers_16,True,cloud_automated,Wednesday - Trading Hours: 11:00 AM - 3:00 PM NPT,2885,10.25% KBL Debenture 2086,KBLD86,,,,3.0,,,,,,,,,,,,,,1341.0,,39.0,,,,,,,7,"price_volume, live_market, summary, top_gainers, top_losers, nepse_index, supply_demand",5152
2026-07-15T13:37:15.760668+05:45,2026-07-15 13:37:15,top_gainers,top_gainers_17,True,cloud_automated,Wednesday - Trading Hours: 11:00 AM - 3:00 PM NPT,7986,NIC ASIA Rinpatra 2088,NICD88,,,,3.0,,,,,,,,,,,,,,1133.0,,33.0,,,,,,,7,"price_volume, live_market, summary, top_gainers, top_losers, nepse_index, supply_demand",5152
2026-07-15T13:37:15.760668+05:45,2026-07-15 13:37:15,top_gainers,top_gainers_18,True,cloud_automated,Wednesday - Trading Hours: 11:00 AM - 3:00 PM NPT,9183,Nepal Republic Media Limited,NRM,,,,2.96,,,,,,,,,,,,,,310.0,,8.9,,,,,,,7,"price_volume, live_market, summary, top_gainers, top_losers, nepse_index, supply_demand",5152
2026-07-15T13:37:15.760668+05:45,2026-07-15 13:37:15,top_gainers,top_gainers_19,True,cloud_automated,Wednesday - Trading Hours: 11:00 AM - 3:00 PM NPT,9345,Sanigad Hydro Limited,SGHL,,,,2.93,,,,,,,,,,,,,,475.0,,13.5,,,,,,,7,"price_volume, live_market, summary, top_gainers, top_losers, nepse_index, supply_demand",5152
2026-07-15T13:37:15.760668+05:45,2026-07-15 13:37:15,top_gainers,top_gainers_20,True,cloud_automated,Wednesday - Trading Hours: 11:00 AM - 3:00 PM NPT,8099,Upper Hewakhola Hydropower Company Limited,UHEWA,,,,2.91,,,,,,,,,,,,,,573.2,,16.2,,,,,,,7,"price_volume, live_market, summary, top_gainers, top_losers, nepse_index, supply_demand",5152
2026-07-15T13:37:15.760668+05:45,2026-07-15 13:37:15,top_gainers,top_gainers_21,True,cloud_automated,Wednesday - Trading Hours: 11:00 AM - 3:00 PM NPT,2863,NIC Asia Balanced Fund,NICBF,,,,2.9,,,,,,,,,,,,,,9.24,,0.26,,,,,,,7,"price_volume, live_market, summary, top_gainers, top_losers, nepse_index, supply_demand",5152
2026-07-15T13:37:15.760668+05:45,2026-07-15 13:37:15,top_gainers,top_gainers_22,True,cloud_automated,Wednesday - Trading Hours: 11:00 AM - 3:00 PM NPT,2771,Support Microfinance Bittiya Sanstha Ltd.,SMB,,,,2.89,,,,,,,,,,,,,,1835.9,,51.6,,,,,,,7,"price_volume, live_market, summary, top_gainers, top_losers, nepse_index, supply_demand",5152
2026-07-15T13:37:15.760668+05:45,2026-07-15 13:37:15,top_gainers,top_gainers_23,True,cloud_automated,Wednesday - Trading Hours: 11:00 AM - 3:00 PM NPT,2854,10.25% NBBL Debenture 2085,NBBD2085,,,,2.81,,,,,,,,,,,,,,1170.0,,32.0,,,,,,,7,"price_volume, live_market, summary, top_gainers, top_losers, nepse_index, supply_demand",5152
2026-07-15T13:37:15.760668+05:45,2026-07-15 13:37:15,top_gainers,top_gainers_24,True,cloud_automated,Wednesday - Trading Hours: 11:00 AM - 3:00 PM NPT,9175,Menchhiyam Hydropower Limited,MCHL,,,,2.79,,,,,,,,,,,,,,280.1,,7.6,,,,,,,7,"price_volume, live_market, summary, top_gainers, top_losers, nepse_index, supply_demand",5152
2026-07-15T13:37:15.760668+05:45,2026-07-15 13:37:15,top_gainers,top_gainers_25,True,cloud_automated,Wednesday - Trading Hours: 11:00 AM - 3:00 PM NPT,8026,Nyadi Hydropower Limited,NYADI,,,,2.53,,,,,,,,,,,,,,365.0,,9.0,,,,,,,7,"price_volume, live_market, summary, top_gainers, top_losers, nepse_index, supply_demand",5152
2026-07-15T13:37:15.760668+05:45,2026-07-15 13:37:15,top_gainers,top_gainers_26,True,cloud_automated,Wednesday - Trading Hours: 11:00 AM - 3:00 PM NPT,8073,NIC Asia Flexi CAP Fund,NICFC,,,,2.51,,,,,,,,,,,,,,9.4,,0.23,,,,,,,7,"price_volume, live_market, summary, top_gainers, top_losers, nepse_index, supply_demand",5152
2026-07-15T13:37:15.760668+05:45,2026-07-15 13:37:15,top_gainers,top_gainers_27,True,cloud_automated,Wednesday - Trading Hours: 11:00 AM - 3:00 PM NPT,8132,Shrijanshil Laghubitta Bittiya Sanstha Limited,SHLB,,,,2.42,,,,,,,,,,,,,,1479.9,,34.9,,,,,,,7,"price_volume, live_market, summary, top_gainers, top_losers, nepse_index, supply_demand",5152
2026-07-15T13:37:15.760668+05:45,2026-07-15 13:37:15,top_gainers,top_gainers_28,True,cloud_automated,Wednesday - Trading Hours: 11:00 AM - 3:00 PM NPT,9150,Asian Hydropower Limited,AHL,,,,2.41,,,,,,,,,,,,,,420.0,,9.9,,,,,,,7,"price_volume, live_market, summary, top_gainers, top_losers, nepse_index, supply_demand",5152
2026-07-15T13:37:15.760668+05:45,2026-07-15 13:37:15,top_gainers,top_gainers_29,True,cloud_automated,Wednesday - Trading Hours: 11:00 AM - 3:00 PM NPT,2788,Ankhu Khola Jalvidhyut Company Ltd,AKJCL,,,,2.41,,,,,,,,,,,,,,348.2,,8.2,,,,,,,7,"price_volume, live_market, summary, top_gainers, top_losers, nepse_index, supply_demand",5152
2026-07-15T13:37:15.760668+05:45,2026-07-15 13:37:15,top_gainers,top_gainers_30,True,cloud_automated,Wednesday - Trading Hours: 11:00 AM - 3:00 PM NPT,9176,Ingwa Hydropower Limited,IHL,,,,2.35,,,,,,,,,,,,,,348.0,,8.0,,,,,,,7,"price_volume, live_market, summary, top_gainers, top_losers, nepse_index, supply_demand",5152
2026-07-15T13:37:15.760668+05:45,2026-07-15 13:37:15,top_gainers,top_gainers_31,True,cloud_automated,Wednesday - Trading Hours: 11:00 AM - 3:00 PM NPT,2754,Dibyashwori Hydropower Ltd.,DHPL,,,,2.27,,,,,,,,,,,,,,270.0,,6.0,,,,,,,7,"price_volume, live_market, summary, top_gainers, top_losers, nepse_index, supply_demand",5152
2026-07-15T13:37:15.760668+05:45,2026-07-15 13:37:15,top_gainers,top_gainers_32,True,cloud_automated,Wednesday - Trading Hours: 11:00 AM - 3:00 PM NPT,274,Excel Development Bank Ltd.,EDBL,,,,2.23,,,,,,,,,,,,,,573.0,,12.5,,,,,,,7,"price_volume, live_market, summary, top_gainers, top_losers, nepse_index, supply_demand",5152
2026-07-15T13:37:15.760668+05:45,2026-07-15 13:37:15,top_gainers,top_gainers_33,True,cloud_automated,Wednesday - Trading Hours: 11:00 AM - 3:00 PM NPT,2860,Saptakoshi Development Bank Ltd,SAPDBL,,,,2.22,,,,,,,,,,,,,,736.0,,16.0,,,,,,,7,"price_volume, live_market, summary, top_gainers, top_losers, nepse_index, supply_demand",5152
2026-07-15T13:37:15.760668+05:45,2026-07-15 13:37:15,top_gainers,top_gainers_34,True,cloud_automated,Wednesday - Trading Hours: 11:00 AM - 3:00 PM NPT,2790,Aarambha Chautari Laghubitta Bittiya Sanstha Limited,ACLBSL,,,,2.18,,,,,,,,,,,,,,929.8,,19.8,,,,,,,7,"price_volume, live_market, summary, top_gainers, top_losers, nepse_index, supply_demand",5152
2026-07-15T13:37:15.760668+05:45,2026-07-15 13:37:15,top_gainers,top_gainers_35,True,cloud_automated,Wednesday - Trading Hours: 11:00 AM - 3:00 PM NPT,2925,Mahila Lagubitta Bittiya Sanstha Limited ,MLBSL,,,,2.17,,,,,,,,,,,,,,1740.8,,37.0,,,,,,,7,"price_volume, live_market, summary, top_gainers, top_losers, nepse_index, supply_demand",5152
2026-07-15T13:37:15.760668+05:45,2026-07-15 13:37:15,top_gainers,top_gainers_36,True,cloud_automated,Wednesday - Trading Hours: 11:00 AM - 3:00 PM NPT,9221,Himalayan 80-20,H8020,,,,2.16,,,,,,,,,,,,,,11.8,,0.25,,,,,,,7,"price_volume, live_market, summary, top_gainers, top_losers, nepse_index, supply_demand",5152
2026-07-15T13:37:15.760668+05:45,2026-07-15 13:37:15,top_gainers,top_gainers_37,True,cloud_automated,Wednesday - Trading Hours: 11:00 AM - 3:00 PM NPT,9151,Kalinchowk Darshan Limited,KDL,,,,2.11,,,,,,,,,,,,,,775.0,,16.0,,,,,,,7,"price_volume, live_market, summary, top_gainers, top_losers, nepse_index, supply_demand",5152
2026-07-15T13:37:15.760668+05:45,2026-07-15 13:37:15,top_gainers,top_gainers_38,True,cloud_automated,Wednesday - Trading Hours: 11:00 AM - 3:00 PM NPT,2864,10.25% SBL Debenture 2083,SBLD83,,,,2.1,,,,,,,,,,,,,,1070.0,,22.0,,,,,,,7,"price_volume, live_market, summary, top_gainers, top_losers, nepse_index, supply_demand",5152
2026-07-15T13:37:15.760668+05:45,2026-07-15 13:37:15,top_gainers,top_gainers_39,True,cloud_automated,Wednesday - Trading Hours: 11:00 AM - 3:00 PM NPT,2934,Singati Hydro Energy Limited,SHEL,,,,2.05,,,,,,,,,,,,,,298.0,,6.0,,,,,,,7,"price_volume, live_market, summary, top_gainers, top_losers, nepse_index, supply_demand",5152
2026-07-15T13:37:15.760668+05:45,2026-07-15 13:37:15,top_gainers,top_gainers_40,True,cloud_automated,Wednesday - Trading Hours: 11:00 AM - 3:00 PM NPT,9336,Sopan Pharmaceuticals Limited,SOPL,,,,1.99,,,,,,,,,,,,,,780.2,,15.2,,,,,,,7,"price_volume, live_market, summary, top_gainers, top_losers, nepse_index, supply_demand",5152
2026-07-15T13:37:15.760668+05:45,2026-07-15 13:37:15,top_gainers,top_gainers_41,True,cloud_automated,Wednesday - Trading Hours: 11:00 AM - 3:00 PM NPT,9181,Rawa Energy Development Limited,RAWA,,,,1.97,,,,,,,,,,,,,,420.0,,8.1,,,,,,,7,"price_volume, live_market, summary, top_gainers, top_losers, nepse_index, supply_demand",5152
2026-07-15T13:37:15.760668+05:45,2026-07-15 13:37:15,top_gainers,top_gainers_42,True,cloud_automated,Wednesday - Trading Hours: 11:00 AM - 3:00 PM NPT,418,Jyoti Bikas Bank Limited,JBBL,,,,1.93,,,,,,,,,,,,,,344.0,,6.5,,,,,,,7,"price_volume, live_market, summary, top_gainers, top_losers, nepse_index, supply_demand",5152
2026-07-15T13:37:15.760668+05:45,2026-07-15 13:37:15,top_gainers,top_gainers_43,True,cloud_automated,Wednesday - Trading Hours: 11:00 AM - 3:00 PM NPT,1741,Mero Microfinance Bittiya Sanstha Ltd.,MERO,,,,1.92,,,,,,,,,,,,,,680.0,,12.8,,,,,,,7,"price_volume, live_market, summary, top_gainers, top_losers, nepse_index, supply_demand",5152
2026-07-15T13:37:15.760668+05:45,2026-07-15 13:37:15,top_gainers,top_gainers_44,True,cloud_automated,Wednesday - Trading Hours: 11:00 AM - 3:00 PM NPT,9171,Bhugol Energy Development Company Limited,BEDC,,,,1.91,,,,,,,,,,,,,,314.9,,5.9,,,,,,,7,"price_volume, live_market, summary, top_gainers, top_losers, nepse_index, supply_demand",5152
2026-07-15T13:37:15.760668+05:45,2026-07-15 13:37:15,top_gainers,top_gainers_45,True,cloud_automated,Wednesday - Trading Hours: 11:00 AM - 3:00 PM NPT,2776,Radhi Bidyut Company Ltd,RADHI,,,,1.9,,,,,,,,,,,,,,708.2,,13.2,,,,,,,7,"price_volume, live_market, summary, top_gainers, top_losers, nepse_index, supply_demand",5152
2026-07-15T13:37:15.760668+05:45,2026-07-15 13:37:15,top_gainers,top_gainers_46,True,cloud_automated,Wednesday - Trading Hours: 11:00 AM - 3:00 PM NPT,9346,Kalanga Hydro Limited,KAHL,,,,1.9,,,,,,,,,,,,,,488.1,,9.1,,,,,,,7,"price_volume, live_market, summary, top_gainers, top_losers, nepse_index, supply_demand",5152
2026-07-15T13:37:15.760668+05:45,2026-07-15 13:37:15,top_gainers,top_gainers_47,True,cloud_automated,Wednesday - Trading Hours: 11:00 AM - 3:00 PM NPT,9179,Modi Energy Limited,MEL,,,,1.9,,,,,,,,,,,,,,215.0,,4.0,,,,,,,7,"price_volume, live_market, summary, top_gainers, top_losers, nepse_index, supply_demand",5152
2026-07-15T13:37:15.760668+05:45,2026-07-15 13:37:15,top_gainers,top_gainers_48,True,cloud_automated,Wednesday - Trading Hours: 11:00 AM - 3:00 PM NPT,9218,Trishuli Jal Vidhyut Company Limited ,TVCL,,,,1.88,,,,,,,,,,,,,,471.0,,8.7,,,,,,,7,"price_volume, live_market, summary, top_gainers, top_losers, nepse_index, supply_demand",5152
2026-07-15T13:37:15.760668+05:45,2026-07-15 13:37:15,top_gainers,top_gainers_49,True,cloud_automated,Wednesday - Trading Hours: 11:00 AM - 3:00 PM NPT,2883,12 % Goodwill Finance Limited Debenture 2083,GWFD83,,,,1.86,,,,,,,,,,,,,,1140.8,,20.8,,,,,,,7,"price_volume, live_market, summary, top_gainers, top_losers, nepse_index, supply_demand",5152
2026-07-15T13:37:15.760668+05:45,2026-07-15 13:37:15,top_gainers,top_gainers_50,True,cloud_automated,Wednesday - Trading Hours: 11:00 AM - 3:00 PM NPT,9344,Snow Rivers Limited,SNORL,,,,1.85,,,,,,,,,,,,,,783.2,,14.2,,,,,,,7,"price_volume, live_market, summary, top_gainers, top_losers, nepse_index, supply_demand",5152
2026-07-15T13:37:15.760668+05:45,2026-07-15 13:37:15,top_gainers,top_gainers_51,True,cloud_automated,Wednesday - Trading Hours: 11:00 AM - 3:00 PM NPT,8076,Himalayan Hydropower Limited,HHL,,,,1.85,,,,,,,,,,,,,,331.0,,6.0,,,,,,,7,"price_volume, live_market, summary, top_gainers, top_losers, nepse_index, supply_demand",5152
2026-07-15T13:37:15.760668+05:45,2026-07-15 13:37:15,top_gainers,top_gainers_52,True,cloud_automated,Wednesday - Trading Hours: 11:00 AM - 3:00 PM NPT,2804,Samudayik Laghubitta Bittiya Sanstha Limited,SLBSL,,,,1.82,,,,,,,,,,,,,,1120.0,,20.0,,,,,,,7,"price_volume, live_market, summary, top_gainers, top_losers, nepse_index, supply_demand",5152
2026-07-15T13:37:15.760668+05:45,2026-07-15 13:37:15,top_gainers,top_gainers_53,True,cloud_automated,Wednesday - Trading Hours: 11:00 AM - 3:00 PM NPT,9303,SY Panel Nepal Limited,SYPNL,,,,1.8,,,,,,,,,,,,,,1300.0,,23.0,,,,,,,7,"price_volume, live_market, summary, top_gainers, top_losers, nepse_index, supply_demand",5152
2026-07-15T13:37:15.760668+05:45,2026-07-15 13:37:15,top_gainers,top_gainers_54,True,cloud_automated,Wednesday - Trading Hours: 11:00 AM - 3:00 PM NPT,2811,Mountain Hydro Nepal Limited,MHNL,,,,1.77,,,,,,,,,,,,,,230.0,,4.0,,,,,,,7,"price_volume, live_market, summary, top_gainers, top_losers, nepse_index, supply_demand",5152
2026-07-15T13:37:15.760668+05:45,2026-07-15 13:37:15,top_gainers,top_gainers_55,True,cloud_automated,Wednesday - Trading Hours: 11:00 AM - 3:00 PM NPT,171,Sanima Bank Limited,SANIMA,,,,1.74,,,,,,,,,,,,,,351.0,,6.0,,,,,,,7,"price_volume, live_market, summary, top_gainers, top_losers, nepse_index, supply_demand",5152
2026-07-15T13:37:15.760668+05:45,2026-07-15 13:37:15,top_gainers,top_gainers_56,True,cloud_automated,Wednesday - Trading Hours: 11:00 AM - 3:00 PM NPT,152,National Hydro Power Company Limited,NHPC,,,,1.7,,,,,,,,,,,,,,251.7,,4.2,,,,,,,7,"price_volume, live_market, summary, top_gainers, top_losers, nepse_index, supply_demand",5152
2026-07-15T13:37:15.760668+05:45,2026-07-15 13:37:15,top_gainers,top_gainers_57,True,cloud_automated,Wednesday - Trading Hours: 11:00 AM - 3:00 PM NPT,8055,Balephi Hydropower Limited,BHL,,,,1.7,,,,,,,,,,,,,,209.0,,3.5,,,,,,,7,"price_volume, live_market, summary, top_gainers, top_losers, nepse_index, supply_demand",5152
2026-07-15T13:37:15.760668+05:45,2026-07-15 13:37:15,top_gainers,top_gainers_58,True,cloud_automated,Wednesday - Trading Hours: 11:00 AM - 3:00 PM NPT,704,NMB  Microfinance Bittiya Sanstha Ltd.,NMBMF,,,,1.68,,,,,,,,,,,,,,610.0,,10.1,,,,,,,7,"price_volume, live_market, summary, top_gainers, top_losers, nepse_index, supply_demand",5152
2026-07-15T13:37:15.760668+05:45,2026-07-15 13:37:15,top_gainers,top_gainers_59,True,cloud_automated,Wednesday - Trading Hours: 11:00 AM - 3:00 PM NPT,687,Vijaya laghubitta Bittiya Sanstha Ltd.,VLBS,,,,1.67,,,,,,,,,,,,,,655.8,,10.8,,,,,,,7,"price_volume, live_market, summary, top_gainers, top_losers, nepse_index, supply_demand",5152
2026-07-15T13:37:15.760668+05:45,2026-07-15 13:37:15,top_gainers,top_gainers_60,True,cloud_automated,Wednesday - Trading Hours: 11:00 AM - 3:00 PM NPT,9255,Everest Bank Limited Debenture 2091,EBLD91,,,,1.66,,,,,,,,,,,,,,1100.0,,18.0,,,,,,,7,"price_volume, live_market, summary, top_gainers, top_losers, nepse_index, supply_demand",5152
2026-07-15T13:37:15.760668+05:45,2026-07-15 13:37:15,top_gainers,top_gainers_61,True,cloud_automated,Wednesday - Trading Hours: 11:00 AM - 3:00 PM NPT,9231,10% Citizens Bank Debenture 2090,CIZBD90,,,,1.65,,,,,,,,,,,,,,1230.0,,20.0,,,,,,,7,"price_volume, live_market, summary, top_gainers, top_losers, nepse_index, supply_demand",5152
2026-07-15T13:37:15.760668+05:45,2026-07-15 13:37:15,top_gainers,top_gainers_62,True,cloud_automated,Wednesday - Trading Hours: 11:00 AM - 3:00 PM NPT,8119,10.50% Everest Bank Limited Debenture 2085,EBLD85,,,,1.65,,,,,,,,,,,,,,1169.0,,19.0,,,,,,,7,"price_volume, live_market, summary, top_gainers, top_losers, nepse_index, supply_demand",5152
2026-07-15T13:37:15.760668+05:45,2026-07-15 13:37:15,top_gainers,top_gainers_63,True,cloud_automated,Wednesday - Trading Hours: 11:00 AM - 3:00 PM NPT,474,Muktinath Bikas Bank Ltd.,MNBBL,,,,1.64,,,,,,,,,,,,,,365.9,,5.9,,,,,,,7,"price_volume, live_market, summary, top_gainers, top_losers, nepse_index, supply_demand",5152
2026-07-15T13:37:15.760668+05:45,2026-07-15 13:37:15,top_gainers,top_gainers_64,True,cloud_automated,Wednesday - Trading Hours: 11:00 AM - 3:00 PM NPT,2781,Wean Nepal Laghubitta Bittiya Sanstha Limited,WNLB,,,,1.62,,,,,,,,,,,,,,1380.0,,22.0,,,,,,,7,"price_volume, live_market, summary, top_gainers, top_losers, nepse_index, supply_demand",5152
2026-07-15T13:37:15.760668+05:45,2026-07-15 13:37:15,top_gainers,top_gainers_65,True,cloud_automated,Wednesday - Trading Hours: 11:00 AM - 3:00 PM NPT,686,Barun Hydropower Co. Ltd.,BARUN,,,,1.6,,,,,,,,,,,,,,317.0,,5.0,,,,,,,7,"price_volume, live_market, summary, top_gainers, top_losers, nepse_index, supply_demand",5152
2026-07-15T13:37:15.760668+05:45,2026-07-15 13:37:15,top_gainers,top_gainers_66,True,cloud_automated,Wednesday - Trading Hours: 11:00 AM - 3:00 PM NPT,244,Shree Investment Finance Co. Ltd.,SIFC,,,,1.58,,,,,,,,,,,,,,515.0,,8.0,,,,,,,7,"price_volume, live_market, summary, top_gainers, top_losers, nepse_index, supply_demand",5152
2026-07-15T13:37:15.760668+05:45,2026-07-15 13:37:15,top_gainers,top_gainers_67,True,cloud_automated,Wednesday - Trading Hours: 11:00 AM - 3:00 PM NPT,9334,Kalinchock Hydropower Limited,KHPL,,,,1.57,,,,,,,,,,,,,,916.2,,14.2,,,,,,,7,"price_volume, live_market, summary, top_gainers, top_losers, nepse_index, supply_demand",5152
2026-07-15T13:37:15.760668+05:45,2026-07-15 13:37:15,top_gainers,top_gainers_68,True,cloud_automated,Wednesday - Trading Hours: 11:00 AM - 3:00 PM NPT,153,Butwal Power Company Limited,BPCL,,,,1.57,,,,,,,,,,,,,,648.0,,10.0,,,,,,,7,"price_volume, live_market, summary, top_gainers, top_losers, nepse_index, supply_demand",5152
2026-07-15T13:37:15.760668+05:45,2026-07-15 13:37:15,top_gainers,top_gainers_69,True,cloud_automated,Wednesday - Trading Hours: 11:00 AM - 3:00 PM NPT,245,Central Finance Co. Ltd.,CFCL,,,,1.57,,,,,,,,,,,,,,614.0,,9.5,,,,,,,7,"price_volume, live_market, summary, top_gainers, top_losers, nepse_index, supply_demand",5152
2026-07-15T13:37:15.760668+05:45,2026-07-15 13:37:15,top_gainers,top_gainers_70,True,cloud_automated,Wednesday - Trading Hours: 11:00 AM - 3:00 PM NPT,9216,Sonapur Minerals And Oil Limited,SONA,,,,1.55,,,,,,,,,,,,,,406.2,,6.2,,,,,,,7,"price_volume, live_market, summary, top_gainers, top_losers, nepse_index, supply_demand",5152
2026-07-15T13:37:15.760668+05:45,2026-07-15 13:37:15,top_gainers,top_gainers_71,True,cloud_automated,Wednesday - Trading Hours: 11:00 AM - 3:00 PM NPT,142,Kumari Bank Limited,KBL,,,,1.53,,,,,,,,,,,,,,211.9,,3.2,,,,,,,7,"price_volume, live_market, summary, top_gainers, top_losers, nepse_index, supply_demand",5152
2026-07-15T13:37:15.760668+05:45,2026-07-15 13:37:15,top_gainers,top_gainers_72,True,cloud_automated,Wednesday - Trading Hours: 11:00 AM - 3:00 PM NPT,9256,Om Megashree Pharmaceuticals Limited,OMPL,,,,1.5,,,,,,,,,,,,,,885.0,,13.1,,,,,,,7,"price_volume, live_market, summary, top_gainers, top_losers, nepse_index, supply_demand",5152
2026-07-15T13:37:15.760668+05:45,2026-07-15 13:37:15,top_gainers,top_gainers_73,True,cloud_automated,Wednesday - Trading Hours: 11:00 AM - 3:00 PM NPT,9289,7% Nepal SBI Bank Debenture 2090,SBID2090,,,,1.48,,,,,,,,,,,,,,1100.0,,16.0,,,,,,,7,"price_volume, live_market, summary, top_gainers, top_losers, nepse_index, supply_demand",5152
2026-07-15T13:37:15.760668+05:45,2026-07-15 13:37:15,top_gainers,top_gainers_74,True,cloud_automated,Wednesday - Trading Hours: 11:00 AM - 3:00 PM NPT,2758,Forward Microfinance Laghubitta Bittiya Sanstha Limited,FOWAD,,,,1.47,,,,,,,,,,,,,,965.0,,14.0,,,,,,,7,"price_volume, live_market, summary, top_gainers, top_losers, nepse_index, supply_demand",5152
2026-07-15T13:37:15.760668+05:45,2026-07-15 13:37:15,top_gainers,top_gainers_75,True,cloud_automated,Wednesday - Trading Hours: 11:00 AM - 3:00 PM NPT,182,Siddhartha Premier Insurance Limited,SPIL,,,,1.45,,,,,,,,,,,,,,694.0,,9.9,,,,,,,7,"price_volume, live_market, summary, top_gainers, top_losers, nepse_index, supply_demand",5152
2026-07-15T13:37:15.760668+05:45,2026-07-15 13:37:15,top_gainers,top_gainers_76,True,cloud_automated,Wednesday - Trading Hours: 11:00 AM - 3:00 PM NPT,338,Progressive Finance Limited,PROFL,,,,1.41,,,,,,,,,,,,,,431.0,,6.0,,,,,,,7,"price_volume, live_market, summary, top_gainers, top_losers, nepse_index, supply_demand",5152
2026-07-15T13:37:15.760668+05:45,2026-07-15 13:37:15,top_gainers,top_gainers_77,True,cloud_automated,Wednesday - Trading Hours: 11:00 AM - 3:00 PM NPT,9147,Shuvam Power Limited,SPL,,,,1.39,,,,,,,,,,,,,,650.0,,8.9,,,,,,,7,"price_volume, live_market, summary, top_gainers, top_losers, nepse_index, supply_demand",5152
2026-07-15T13:37:15.760668+05:45,2026-07-15 13:37:15,top_gainers,top_gainers_78,True,cloud_automated,Wednesday - Trading Hours: 11:00 AM - 3:00 PM NPT,559,NLG Insurance Company Ltd.,NLG,,,,1.39,,,,,,,,,,,,,,583.0,,8.0,,,,,,,7,"price_volume, live_market, summary, top_gainers, top_losers, nepse_index, supply_demand",5152
2026-07-15T13:37:15.760668+05:45,2026-07-15 13:37:15,top_gainers,top_gainers_79,True,cloud_automated,Wednesday - Trading Hours: 11:00 AM - 3:00 PM NPT,591,Sanima Mai Hydropower Ltd.,SHPC,,,,1.34,,,,,,,,,,,,,,491.0,,6.5,,,,,,,7,"price_volume, live_market, summary, top_gainers, top_losers, nepse_index, supply_demand",5152
2026-07-15T13:37:15.760668+05:45,2026-07-15 13:37:15,top_gainers,top_gainers_80,True,cloud_automated,Wednesday - Trading Hours: 11:00 AM - 3:00 PM NPT,263,Guheshowori Merchant Bank & Finance Co. Ltd.,GMFIL,,,,1.34,,,,,,,,,,,,,,455.0,,6.0,,,,,,,7,"price_volume, live_market, summary, top_gainers, top_losers, nepse_index, supply_demand",5152
2026-07-15T13:37:15.760668+05:45,2026-07-15 13:37:15,top_gainers,top_gainers_81,True,cloud_automated,Wednesday - Trading Hours: 11:00 AM - 3:00 PM NPT,2898,NRN Infrastructure and Development Limited,NRN,,,,1.33,,,,,,,,,,,,,,1364.0,,17.9,,,,,,,7,"price_volume, live_market, summary, top_gainers, top_losers, nepse_index, supply_demand",5152
2026-07-15T13:37:15.760668+05:45,2026-07-15 13:37:15,top_gainers,top_gainers_82,True,cloud_automated,Wednesday - Trading Hours: 11:00 AM - 3:00 PM NPT,693,Himalayan Laghubitta Bittiya Sanstha Limited,HLBSL,,,,1.32,,,,,,,,,,,,,,864.3,,11.3,,,,,,,7,"price_volume, live_market, summary, top_gainers, top_losers, nepse_index, supply_demand",5152
2026-07-15T13:37:15.760668+05:45,2026-07-15 13:37:15,top_gainers,top_gainers_83,True,cloud_automated,Wednesday - Trading Hours: 11:00 AM - 3:00 PM NPT,2832,Infinity Laghubitta Bittiya Sanstha Limited,ILBS,,,,1.31,,,,,,,,,,,,,,851.0,,11.0,,,,,,,7,"price_volume, live_market, summary, top_gainers, top_losers, nepse_index, supply_demand",5152
2026-07-15T13:37:15.760668+05:45,2026-07-15 13:37:15,top_gainers,top_gainers_84,True,cloud_automated,Wednesday - Trading Hours: 11:00 AM - 3:00 PM NPT,9267,Bikash Hydropower Company Limited,BHCL,,,,1.31,,,,,,,,,,,,,,465.0,,6.0,,,,,,,7,"price_volume, live_market, summary, top_gainers, top_losers, nepse_index, supply_demand",5152
2026-07-15T13:37:15.760668+05:45,2026-07-15 13:37:15,top_gainers,top_gainers_85,True,cloud_automated,Wednesday - Trading Hours: 11:00 AM - 3:00 PM NPT,2766,Chhyangdi Hydropower Ltd.,CHL,,,,1.3,,,,,,,,,,,,,,258.0,,3.3,,,,,,,7,"price_volume, live_market, summary, top_gainers, top_losers, nepse_index, supply_demand",5152
2026-07-15T13:37:15.760668+05:45,2026-07-15 13:37:15,top_gainers,top_gainers_86,True,cloud_automated,Wednesday - Trading Hours: 11:00 AM - 3:00 PM NPT,9262,Trade Tower Limited,TTL,,,,1.29,,,,,,,,,,,,,,709.0,,9.0,,,,,,,7,"price_volume, live_market, summary, top_gainers, top_losers, nepse_index, supply_demand",5152
2026-07-15T13:37:15.760668+05:45,2026-07-15 13:37:15,top_gainers,top_gainers_87,True,cloud_automated,Wednesday - Trading Hours: 11:00 AM - 3:00 PM NPT,2907,Shiva Shree Hydropower Ltd,SSHL,,,,1.28,,,,,,,,,,,,,,197.5,,2.5,,,,,,,7,"price_volume, live_market, summary, top_gainers, top_losers, nepse_index, supply_demand",5152
2026-07-15T13:37:15.760668+05:45,2026-07-15 13:37:15,top_gainers,top_gainers_88,True,cloud_automated,Wednesday - Trading Hours: 11:00 AM - 3:00 PM NPT,9193,Ghorahi Cement Industry Limited,GCIL,,,,1.27,,,,,,,,,,,,,,326.6,,4.1,,,,,,,7,"price_volume, live_market, summary, top_gainers, top_losers, nepse_index, supply_demand",5152
2026-07-15T13:37:15.760668+05:45,2026-07-15 13:37:15,top_gainers,top_gainers_89,True,cloud_automated,Wednesday - Trading Hours: 11:00 AM - 3:00 PM NPT,2875,10.25% Prabhu Bank  Debenture 2086,PBLD86,,,,1.24,,,,,,,,,,,,,,1305.0,,16.0,,,,,,,7,"price_volume, live_market, summary, top_gainers, top_losers, nepse_index, supply_demand",5152
2026-07-15T13:37:15.760668+05:45,2026-07-15 13:37:15,top_gainers,top_gainers_90,True,cloud_automated,Wednesday - Trading Hours: 11:00 AM - 3:00 PM NPT,9308,Hotel Forest Inn Limited,HFIN,,,,1.24,,,,,,,,,,,,,,651.0,,8.0,,,,,,,7,"price_volume, live_market, summary, top_gainers, top_losers, nepse_index, supply_demand",5152
2026-07-15T13:37:15.760668+05:45,2026-07-15 13:37:15,top_gainers,top_gainers_91,True,cloud_automated,Wednesday - Trading Hours: 11:00 AM - 3:00 PM NPT,273,ICFC Finance Limited,ICFC,,,,1.24,,,,,,,,,,,,,,604.0,,7.4,,,,,,,7,"price_volume, live_market, summary, top_gainers, top_losers, nepse_index, supply_demand",5152
2026-07-15T13:37:15.760668+05:45,2026-07-15 13:37:15,top_gainers,top_gainers_92,True,cloud_automated,Wednesday - Trading Hours: 11:00 AM - 3:00 PM NPT,2842,SANJEN JALAVIDHYUT COMPANY LIMITED,SJCL,,,,1.24,,,,,,,,,,,,,,269.3,,3.3,,,,,,,7,"price_volume, live_market, summary, top_gainers, top_losers, nepse_index, supply_demand",5152
2026-07-15T13:37:15.760668+05:45,2026-07-15 13:37:15,top_gainers,top_gainers_93,True,cloud_automated,Wednesday - Trading Hours: 11:00 AM - 3:00 PM NPT,238,NMB Bank Limited,NMB,,,,1.23,,,,,,,,,,,,,,237.9,,2.9,,,,,,,7,"price_volume, live_market, summary, top_gainers, top_losers, nepse_index, supply_demand",5152
2026-07-15T13:37:15.760668+05:45,2026-07-15 13:37:15,top_gainers,top_gainers_94,True,cloud_automated,Wednesday - Trading Hours: 11:00 AM - 3:00 PM NPT,706,Suryodaya Womi Laghubitta Bittiya Sanstha Limited,SWMF,,,,1.22,,,,,,,,,,,,,,619.9,,7.5,,,,,,,7,"price_volume, live_market, summary, top_gainers, top_losers, nepse_index, supply_demand",5152
2026-07-15T13:37:15.760668+05:45,2026-07-15 13:37:15,top_gainers,top_gainers_95,True,cloud_automated,Wednesday - Trading Hours: 11:00 AM - 3:00 PM NPT,2881,Nepal Reinsurance Company Limited,NRIC,,,,1.19,,,,,,,,,,,,,,935.0,,11.0,,,,,,,7,"price_volume, live_market, summary, top_gainers, top_losers, nepse_index, supply_demand",5152
2026-07-15T13:37:15.760668+05:45,2026-07-15 13:37:15,top_gainers,top_gainers_96,True,cloud_automated,Wednesday - Trading Hours: 11:00 AM - 3:00 PM NPT,186,IGI Prudential insurance Limited,IGI,,,,1.18,,,,,,,,,,,,,,430.0,,5.0,,,,,,,7,"price_volume, live_market, summary, top_gainers, top_losers, nepse_index, supply_demand",5152
2026-07-15T13:37:15.760668+05:45,2026-07-15 13:37:15,top_gainers,top_gainers_97,True,cloud_automated,Wednesday - Trading Hours: 11:00 AM - 3:00 PM NPT,341,Global IME Bank Limited,GBIME,,,,1.18,,,,,,,,,,,,,,240.0,,2.8,,,,,,,7,"price_volume, live_market, summary, top_gainers, top_losers, nepse_index, supply_demand",5152
2026-07-15T13:37:15.760668+05:45,2026-07-15 13:37:15,top_gainers,top_gainers_98,True,cloud_automated,Wednesday - Trading Hours: 11:00 AM - 3:00 PM NPT,2743,Ngadi Group Power Ltd.,NGPL,,,,1.17,,,,,,,,,,,,,,405.0,,4.7,,,,,,,7,"price_volume, live_market, summary, top_gainers, top_losers, nepse_index, supply_demand",5152
2026-07-15T13:37:15.760668+05:45,2026-07-15 13:37:15,top_gainers,top_gainers_99,True,cloud_automated,Wednesday - Trading Hours: 11:00 AM - 3:00 PM NPT,9173,City Hotel Limited,CITY,,,,1.17,,,,,,,,,,,,,,347.0,,4.0,,,,,,,7,"price_volume, live_market, summary, top_gainers, top_losers, nepse_index, supply_demand",5152
2026-07-15T13:37:15.760668+05:45,2026-07-15 13:37:15,top_gainers,top_gainers_100,True,cloud_automated,Wednesday - Trading Hours: 11:00 AM - 3:00 PM NPT,5982,Sanima Reliance Life Insurance Limited,SRLI,,,,1.16,,,,,,,,,,,,,,375.2,,4.3,,,,,,,7,"price_volume, live_market, summary, top_gainers, top_losers, nepse_index, supply_demand",5152
2026-07-15T13:37:15.760668+05:45,2026-07-15 13:37:15,top_gainers,top_gainers_101,True,cloud_automated,Wednesday - Trading Hours: 11:00 AM - 3:00 PM NPT,8022,Terhathum Power Company Limited,TPC,,,,1.16,,,,,,,,,,,,,,348.0,,4.0,,,,,,,7,"price_volume, live_market, summary, top_gainers, top_losers, nepse_index, supply_demand",5152
2026-07-15T13:37:15.760668+05:45,2026-07-15 13:37:15,top_gainers,top_gainers_102,True,cloud_automated,Wednesday - Trading Hours: 11:00 AM - 3:00 PM NPT,4949,NIBL Samriddhi Fund -2,NIBSF2,,,,1.15,,,,,,,,,,,,,,8.8,,0.1,,,,,,,7,"price_volume, live_market, summary, top_gainers, top_losers, nepse_index, supply_demand",5152
2026-07-15T13:37:15.760668+05:45,2026-07-15 13:37:15,top_gainers,top_gainers_103,True,cloud_automated,Wednesday - Trading Hours: 11:00 AM - 3:00 PM NPT,8126,Sikles Hydropower Limited,SIKLES,,,,1.12,,,,,,,,,,,,,,550.1,,6.1,,,,,,,7,"price_volume, live_market, summary, top_gainers, top_losers, nepse_index, supply_demand",5152
2026-07-15T13:37:15.760668+05:45,2026-07-15 13:37:15,top_gainers,top_gainers_104,True,cloud_automated,Wednesday - Trading Hours: 11:00 AM - 3:00 PM NPT,255,Prabhu  Bank Limited,PRVU,,,,1.12,,,,,,,,,,,,,,190.1,,2.1,,,,,,,7,"price_volume, live_market, summary, top_gainers, top_losers, nepse_index, supply_demand",5152
2026-07-15T13:37:15.760668+05:45,2026-07-15 13:37:15,top_gainers,top_gainers_105,True,cloud_automated,Wednesday - Trading Hours: 11:00 AM - 3:00 PM NPT,2824,Himalaya Urja Bikas Company Limited,HURJA,,,,1.11,,,,,,,,,,,,,,228.5,,2.5,,,,,,,7,"price_volume, live_market, summary, top_gainers, top_losers, nepse_index, supply_demand",5152
2026-07-15T13:37:15.760668+05:45,2026-07-15 13:37:15,top_gainers,top_gainers_106,True,cloud_automated,Wednesday - Trading Hours: 11:00 AM - 3:00 PM NPT,2806,Ghalemdi Hydro Limited,GHL,,,,1.11,,,,,,,,,,,,,,218.5,,2.4,,,,,,,7,"price_volume, live_market, summary, top_gainers, top_losers, nepse_index, supply_demand",5152
2026-07-15T13:37:15.760668+05:45,2026-07-15 13:37:15,top_gainers,top_gainers_107,True,cloud_automated,Wednesday - Trading Hours: 11:00 AM - 3:00 PM NPT,2761,Samata Gharelu Laghubitta Bittiya Sanstha Limited,SMATA,,,,1.1,,,,,,,,,,,,,,738.0,,8.0,,,,,,,7,"price_volume, live_market, summary, top_gainers, top_losers, nepse_index, supply_demand",5152
2026-07-15T13:37:15.760668+05:45,2026-07-15 13:37:15,top_gainers,top_gainers_108,True,cloud_automated,Wednesday - Trading Hours: 11:00 AM - 3:00 PM NPT,587,Reliance Finance Ltd.,RLFL,,,,1.09,,,,,,,,,,,,,,455.9,,4.9,,,,,,,7,"price_volume, live_market, summary, top_gainers, top_losers, nepse_index, supply_demand",5152
2026-07-15T13:37:15.760668+05:45,2026-07-15 13:37:15,top_gainers,top_gainers_109,True,cloud_automated,Wednesday - Trading Hours: 11:00 AM - 3:00 PM NPT,8066,River Falls Power Limited,RFPL,,,,1.09,,,,,,,,,,,,,,325.2,,3.5,,,,,,,7,"price_volume, live_market, summary, top_gainers, top_losers, nepse_index, supply_demand",5152
2026-07-15T13:37:15.760668+05:45,2026-07-15 13:37:15,top_gainers,top_gainers_110,True,cloud_automated,Wednesday - Trading Hours: 11:00 AM - 3:00 PM NPT,9234,Himalayan Reinsurance Limited,HRL,,,,1.08,,,,,,,,,,,,,,560.0,,6.0,,,,,,,7,"price_volume, live_market, summary, top_gainers, top_losers, nepse_index, supply_demand",5152
2026-07-15T13:37:15.760668+05:45,2026-07-15 13:37:15,top_gainers,top_gainers_111,True,cloud_automated,Wednesday - Trading Hours: 11:00 AM - 3:00 PM NPT,2813,Panchthar Power Compant Limited,PPCL,,,,1.08,,,,,,,,,,,,,,328.5,,3.5,,,,,,,7,"price_volume, live_market, summary, top_gainers, top_losers, nepse_index, supply_demand",5152
2026-07-15T13:37:15.760668+05:45,2026-07-15 13:37:15,top_gainers,top_gainers_112,True,cloud_automated,Wednesday - Trading Hours: 11:00 AM - 3:00 PM NPT,9301,Shreenagar Agritech Industries Limited,SAIL,,,,1.07,,,,,,,,,,,,,,850.0,,9.0,,,,,,,7,"price_volume, live_market, summary, top_gainers, top_losers, nepse_index, supply_demand",5152
2026-07-15T13:37:15.760668+05:45,2026-07-15 13:37:15,top_gainers,top_gainers_113,True,cloud_automated,Wednesday - Trading Hours: 11:00 AM - 3:00 PM NPT,8133,Peoples Hydropower Company Limited,PHCL,,,,1.07,,,,,,,,,,,,,,293.0,,3.1,,,,,,,7,"price_volume, live_market, summary, top_gainers, top_losers, nepse_index, supply_demand",5152
2026-07-15T13:37:15.760668+05:45,2026-07-15 13:37:15,top_gainers,top_gainers_114,True,cloud_automated,Wednesday - Trading Hours: 11:00 AM - 3:00 PM NPT,2903,Liberty Energy Company Limited,LEC,,,,1.07,,,,,,,,,,,,,,207.5,,2.2,,,,,,,7,"price_volume, live_market, summary, top_gainers, top_losers, nepse_index, supply_demand",5152
2026-07-15T13:37:15.760668+05:45,2026-07-15 13:37:15,top_gainers,top_gainers_115,True,cloud_automated,Wednesday - Trading Hours: 11:00 AM - 3:00 PM NPT,2759,Synergy Power Development Ltd.,SPDL,,,,1.06,,,,,,,,,,,,,,363.0,,3.8,,,,,,,7,"price_volume, live_market, summary, top_gainers, top_losers, nepse_index, supply_demand",5152
2026-07-15T13:37:15.760668+05:45,2026-07-15 13:37:15,top_gainers,top_gainers_116,True,cloud_automated,Wednesday - Trading Hours: 11:00 AM - 3:00 PM NPT,2829,Swabhimaan Laghubitta Bittiya Sanstha Limited,SMFBS,,,,1.05,,,,,,,,,,,,,,1545.0,,16.0,,,,,,,7,"price_volume, live_market, summary, top_gainers, top_losers, nepse_index, supply_demand",5152
2026-07-15T13:37:15.760668+05:45,2026-07-15 13:37:15,top_gainers,top_gainers_117,True,cloud_automated,Wednesday - Trading Hours: 11:00 AM - 3:00 PM NPT,9305,Salapa Bikas Bank Limited,SABBL,,,,1.0,,,,,,,,,,,,,,849.9,,8.4,,,,,,,7,"price_volume, live_market, summary, top_gainers, top_losers, nepse_index, supply_demand",5152
2026-07-15T13:37:15.760668+05:45,2026-07-15 13:37:15,top_gainers,top_gainers_118,True,cloud_automated,Wednesday - Trading Hours: 11:00 AM - 3:00 PM NPT,132,Nepal Investment Mega Bank Limited,NIMB,,,,1.0,,,,,,,,,,,,,,191.0,,1.9,,,,,,,7,"price_volume, live_market, summary, top_gainers, top_losers, nepse_index, supply_demand",5152
2026-07-15T13:37:15.760668+05:45,2026-07-15 13:37:15,top_gainers,top_gainers_119,True,cloud_automated,Wednesday - Trading Hours: 11:00 AM - 3:00 PM NPT,176,Nepal Insurance Co. Ltd.,NICL,,,,0.99,,,,,,,,,,,,,,510.0,,5.0,,,,,,,7,"price_volume, live_market, summary, top_gainers, top_losers, nepse_index, supply_demand",5152
2026-07-15T13:37:15.760668+05:45,2026-07-15 13:37:15,top_gainers,top_gainers_120,True,cloud_automated,Wednesday - Trading Hours: 11:00 AM - 3:00 PM NPT,250,Janaki Finance Company Limited,JFL,,,,0.99,,,,,,,,,,,,,,387.0,,3.8,,,,,,,7,"price_volume, live_market, summary, top_gainers, top_losers, nepse_index, supply_demand",5152
2026-07-15T13:37:15.760668+05:45,2026-07-15 13:37:15,top_gainers,top_gainers_121,True,cloud_automated,Wednesday - Trading Hours: 11:00 AM - 3:00 PM NPT,134,Himalayan Bank Limited,HBL,,,,0.99,,,,,,,,,,,,,,193.7,,1.9,,,,,,,7,"price_volume, live_market, summary, top_gainers, top_losers, nepse_index, supply_demand",5152
2026-07-15T13:37:15.760668+05:45,2026-07-15 13:37:15,top_gainers,top_gainers_122,True,cloud_automated,Wednesday - Trading Hours: 11:00 AM - 3:00 PM NPT,472,Shangrila Development Bank Ltd.,SADBL,,,,0.98,,,,,,,,,,,,,,400.0,,3.9,,,,,,,7,"price_volume, live_market, summary, top_gainers, top_losers, nepse_index, supply_demand",5152
2026-07-15T13:37:15.760668+05:45,2026-07-15 13:37:15,top_gainers,top_gainers_123,True,cloud_automated,Wednesday - Trading Hours: 11:00 AM - 3:00 PM NPT,9324,Ridge Line Energy Limited,RLEL,,,,0.97,,,,,,,,,,,,,,740.1,,7.1,,,,,,,7,"price_volume, live_market, summary, top_gainers, top_losers, nepse_index, supply_demand",5152
2026-07-15T13:37:15.760668+05:45,2026-07-15 13:37:15,top_gainers,top_gainers_124,True,cloud_automated,Wednesday - Trading Hours: 11:00 AM - 3:00 PM NPT,9342,Yambaling Hydropower Limited,YMHL,,,,0.97,,,,,,,,,,,,,,560.4,,5.4,,,,,,,7,"price_volume, live_market, summary, top_gainers, top_losers, nepse_index, supply_demand",5152
2026-07-15T13:37:15.760668+05:45,2026-07-15 13:37:15,top_gainers,top_gainers_125,True,cloud_automated,Wednesday - Trading Hours: 11:00 AM - 3:00 PM NPT,9295,Swastik Laghubitta Bittiya Sanstha Limited,SWASTIK,,,,0.96,,,,,,,,,,,,,,1999.0,,19.0,,,,,,,7,"price_volume, live_market, summary, top_gainers, top_losers, nepse_index, supply_demand",5152
2026-07-15T13:37:15.760668+05:45,2026-07-15 13:37:15,top_gainers,top_gainers_126,True,cloud_automated,Wednesday - Trading Hours: 11:00 AM - 3:00 PM NPT,8108,Rapti Hydro And General Construction Limited,RHGCL,,,,0.96,,,,,,,,,,,,,,251.4,,2.4,,,,,,,7,"price_volume, live_market, summary, top_gainers, top_losers, nepse_index, supply_demand",5152
2026-07-15T13:37:15.760668+05:45,2026-07-15 13:37:15,top_gainers,top_gainers_127,True,cloud_automated,Wednesday - Trading Hours: 11:00 AM - 3:00 PM NPT,9236,NIC ASIA Growth Fund-2,NICGF2,,,,0.96,,,,,,,,,,,,,,9.47,,0.09,,,,,,,7,"price_volume, live_market, summary, top_gainers, top_losers, nepse_index, supply_demand",5152
2026-07-15T13:37:15.760668+05:45,2026-07-15 13:37:15,top_gainers,top_gainers_128,True,cloud_automated,Wednesday - Trading Hours: 11:00 AM - 3:00 PM NPT,2748,RSDC Laghubitta Bittiya Sanstha Ltd.,RSDC,,,,0.95,,,,,,,,,,,,,,638.0,,6.0,,,,,,,7,"price_volume, live_market, summary, top_gainers, top_losers, nepse_index, supply_demand",5152
2026-07-15T13:37:15.760668+05:45,2026-07-15 13:37:15,top_gainers,top_gainers_129,True,cloud_automated,Wednesday - Trading Hours: 11:00 AM - 3:00 PM NPT,385,Asian Life Insurance Co. Limited,ALICL,,,,0.95,,,,,,,,,,,,,,423.0,,4.0,,,,,,,7,"price_volume, live_market, summary, top_gainers, top_losers, nepse_index, supply_demand",5152
2026-07-15T13:37:15.760668+05:45,2026-07-15 13:37:15,top_gainers,top_gainers_130,True,cloud_automated,Wednesday - Trading Hours: 11:00 AM - 3:00 PM NPT,9149,Maya Khola Hydropower Company Limited,MKHC,,,,0.95,,,,,,,,,,,,,,287.3,,2.7,,,,,,,7,"price_volume, live_market, summary, top_gainers, top_losers, nepse_index, supply_demand",5152
2026-07-15T13:37:15.760668+05:45,2026-07-15 13:37:15,top_gainers,top_gainers_131,True,cloud_automated,Wednesday - Trading Hours: 11:00 AM - 3:00 PM NPT,9230,Muktinath Krishi Company Limited,MKCL,,,,0.94,,,,,,,,,,,,,,1075.0,,10.0,,,,,,,7,"price_volume, live_market, summary, top_gainers, top_losers, nepse_index, supply_demand",5152
2026-07-15T13:37:15.760668+05:45,2026-07-15 13:37:15,top_gainers,top_gainers_132,True,cloud_automated,Wednesday - Trading Hours: 11:00 AM - 3:00 PM NPT,516,Manjushree Finance Ltd.,MFIL,,,,0.94,,,,,,,,,,,,,,775.0,,7.2,,,,,,,7,"price_volume, live_market, summary, top_gainers, top_losers, nepse_index, supply_demand",5152
2026-07-15T13:37:15.760668+05:45,2026-07-15 13:37:15,top_gainers,top_gainers_133,True,cloud_automated,Wednesday - Trading Hours: 11:00 AM - 3:00 PM NPT,2924,GreenLife Hydropower Limited,GLH,,,,0.94,,,,,,,,,,,,,,247.2,,2.3,,,,,,,7,"price_volume, live_market, summary, top_gainers, top_losers, nepse_index, supply_demand",5152
2026-07-15T13:37:15.760668+05:45,2026-07-15 13:37:15,top_gainers,top_gainers_134,True,cloud_automated,Wednesday - Trading Hours: 11:00 AM - 3:00 PM NPT,131,Nabil Bank Limited,NABIL,,,,0.92,,,,,,,,,,,,,,535.0,,4.9,,,,,,,7,"price_volume, live_market, summary, top_gainers, top_losers, nepse_index, supply_demand",5152
2026-07-15T13:37:15.760668+05:45,2026-07-15 13:37:15,top_gainers,top_gainers_135,True,cloud_automated,Wednesday - Trading Hours: 11:00 AM - 3:00 PM NPT,2915,Prabhu Mahalaxmi Life Insurance Limited,PMLI,,,,0.92,,,,,,,,,,,,,,440.0,,4.0,,,,,,,7,"price_volume, live_market, summary, top_gainers, top_losers, nepse_index, supply_demand",5152
2026-07-15T13:37:15.760668+05:45,2026-07-15 13:37:15,top_gainers,top_gainers_136,True,cloud_automated,Wednesday - Trading Hours: 11:00 AM - 3:00 PM NPT,9170,Dolti Power Company Limited,DOLTI,,,,0.92,,,,,,,,,,,,,,318.0,,2.9,,,,,,,7,"price_volume, live_market, summary, top_gainers, top_losers, nepse_index, supply_demand",5152
2026-07-15T13:37:15.760668+05:45,2026-07-15 13:37:15,top_gainers,top_gainers_137,True,cloud_automated,Wednesday - Trading Hours: 11:00 AM - 3:00 PM NPT,188,Life Insurance Corporation (Nepal) Limited,LICN,,,,0.91,,,,,,,,,,,,,,779.0,,7.0,,,,,,,7,"price_volume, live_market, summary, top_gainers, top_losers, nepse_index, supply_demand",5152
2026-07-15T13:37:15.760668+05:45,2026-07-15 13:37:15,top_gainers,top_gainers_138,True,cloud_automated,Wednesday - Trading Hours: 11:00 AM - 3:00 PM NPT,149,Oriental Hotels Limited,OHL,,,,0.9,,,,,,,,,,,,,,676.0,,6.0,,,,,,,7,"price_volume, live_market, summary, top_gainers, top_losers, nepse_index, supply_demand",5152
2026-07-15T13:37:15.760668+05:45,2026-07-15 13:37:15,top_gainers,top_gainers_139,True,cloud_automated,Wednesday - Trading Hours: 11:00 AM - 3:00 PM NPT,185,Sagarmatha Lumbini Insurance Co. Limited,SALICO,,,,0.9,,,,,,,,,,,,,,585.2,,5.2,,,,,,,7,"price_volume, live_market, summary, top_gainers, top_losers, nepse_index, supply_demand",5152
2026-07-15T13:37:15.760668+05:45,2026-07-15 13:37:15,top_gainers,top_gainers_140,True,cloud_automated,Wednesday - Trading Hours: 11:00 AM - 3:00 PM NPT,2787,Kalika power Company Ltd,KPCL,,,,0.9,,,,,,,,,,,,,,458.1,,4.1,,,,,,,7,"price_volume, live_market, summary, top_gainers, top_losers, nepse_index, supply_demand",5152
2026-07-15T13:37:15.760668+05:45,2026-07-15 13:37:15,top_gainers,top_gainers_141,True,cloud_automated,Wednesday - Trading Hours: 11:00 AM - 3:00 PM NPT,618,Laxmi Laghubitta Bittiya Sanstha Ltd.,LLBS,,,,0.89,,,,,,,,,,,,,,922.1,,8.1,,,,,,,7,"price_volume, live_market, summary, top_gainers, top_losers, nepse_index, supply_demand",5152
2026-07-15T13:37:15.760668+05:45,2026-07-15 13:37:15,top_gainers,top_gainers_142,True,cloud_automated,Wednesday - Trading Hours: 11:00 AM - 3:00 PM NPT,2744,Green Development Bank Ltd.,GRDBL,,,,0.87,,,,,,,,,,,,,,1028.9,,8.9,,,,,,,7,"price_volume, live_market, summary, top_gainers, top_losers, nepse_index, supply_demand",5152
2026-07-15T13:37:15.760668+05:45,2026-07-15 13:37:15,top_gainers,top_gainers_143,True,cloud_automated,Wednesday - Trading Hours: 11:00 AM - 3:00 PM NPT,545,Swarojgar Laghubitta Bittiya Sanstha Ltd.,SLBBL,,,,0.87,,,,,,,,,,,,,,790.0,,6.8,,,,,,,7,"price_volume, live_market, summary, top_gainers, top_losers, nepse_index, supply_demand",5152
2026-07-15T13:37:15.760668+05:45,2026-07-15 13:37:15,top_gainers,top_gainers_144,True,cloud_automated,Wednesday - Trading Hours: 11:00 AM - 3:00 PM NPT,8045,Green Ventures Limited,GVL,,,,0.86,,,,,,,,,,,,,,470.0,,4.0,,,,,,,7,"price_volume, live_market, summary, top_gainers, top_losers, nepse_index, supply_demand",5152
2026-07-15T13:37:15.760668+05:45,2026-07-15 13:37:15,top_gainers,top_gainers_145,True,cloud_automated,Wednesday - Trading Hours: 11:00 AM - 3:00 PM NPT,139,NIC Asia Bank Ltd.,NICA,,,,0.86,,,,,,,,,,,,,,327.0,,2.8,,,,,,,7,"price_volume, live_market, summary, top_gainers, top_losers, nepse_index, supply_demand",5152
2026-07-15T13:37:15.760668+05:45,2026-07-15 13:37:15,top_gainers,top_gainers_146,True,cloud_automated,Wednesday - Trading Hours: 11:00 AM - 3:00 PM NPT,9208,Upper Lohore Khola Hydropower Company Limited,ULHC,,,,0.84,,,,,,,,,,,,,,360.0,,3.0,,,,,,,7,"price_volume, live_market, summary, top_gainers, top_losers, nepse_index, supply_demand",5152
2026-07-15T13:37:15.760668+05:45,2026-07-15 13:37:15,top_gainers,top_gainers_147,True,cloud_automated,Wednesday - Trading Hours: 11:00 AM - 3:00 PM NPT,2757,Arun Kabeli Power Ltd.,AKPL,,,,0.84,,,,,,,,,,,,,,252.0,,2.1,,,,,,,7,"price_volume, live_market, summary, top_gainers, top_losers, nepse_index, supply_demand",5152
2026-07-15T13:37:15.760668+05:45,2026-07-15 13:37:15,top_gainers,top_gainers_148,True,cloud_automated,Wednesday - Trading Hours: 11:00 AM - 3:00 PM NPT,8027,Nabil Debenture 2085,NBLD85,,,,0.83,,,,,,,,,,,,,,1088.0,,9.0,,,,,,,7,"price_volume, live_market, summary, top_gainers, top_losers, nepse_index, supply_demand",5152
2026-07-15T13:37:15.760668+05:45,2026-07-15 13:37:15,top_gainers,top_gainers_149,True,cloud_automated,Wednesday - Trading Hours: 11:00 AM - 3:00 PM NPT,9146,Super Madi Hydropower Limited,SMHL,,,,0.82,,,,,,,,,,,,,,470.0,,3.8,,,,,,,7,"price_volume, live_market, summary, top_gainers, top_losers, nepse_index, supply_demand",5152
2026-07-15T13:37:15.760668+05:45,2026-07-15 13:37:15,top_gainers,top_gainers_150,True,cloud_automated,Wednesday - Trading Hours: 11:00 AM - 3:00 PM NPT,697,Api Power Company Ltd.,API,,,,0.81,,,,,,,,,,,,,,324.5,,2.6,,,,,,,7,"price_volume, live_market, summary, top_gainers, top_losers, nepse_index, supply_demand",5152
2026-07-15T13:37:15.760668+05:45,2026-07-15 13:37:15,top_gainers,top_gainers_151,True,cloud_automated,Wednesday - Trading Hours: 11:00 AM - 3:00 PM NPT,360,Arun Valley Hydropower Development Co. Ltd.,AHPC,,,,0.8,,,,,,,,,,,,,,264.5,,2.1,,,,,,,7,"price_volume, live_market, summary, top_gainers, top_losers, nepse_index, supply_demand",5152
2026-07-15T13:37:15.760668+05:45,2026-07-15 13:37:15,top_gainers,top_gainers_152,True,cloud_automated,Wednesday - Trading Hours: 11:00 AM - 3:00 PM NPT,2742,Hydorelectricity Investment and Development Company Ltd,HIDCL,,,,0.8,,,,,,,,,,,,,,252.0,,2.0,,,,,,,7,"price_volume, live_market, summary, top_gainers, top_losers, nepse_index, supply_demand",5152
2026-07-15T13:37:15.760668+05:45,2026-07-15 13:37:15,top_gainers,top_gainers_153,True,cloud_automated,Wednesday - Trading Hours: 11:00 AM - 3:00 PM NPT,2751,Khanikhola Hydropower Co. Ltd.,KKHC,,,,0.8,,,,,,,,,,,,,,252.0,,2.0,,,,,,,7,"price_volume, live_market, summary, top_gainers, top_losers, nepse_index, supply_demand",5152
2026-07-15T13:37:15.760668+05:45,2026-07-15 13:37:15,top_gainers,top_gainers_154,True,cloud_automated,Wednesday - Trading Hours: 11:00 AM - 3:00 PM NPT,166,Deprosc Laghubitta Bittiya Sanstha Limited,DDBL,,,,0.79,,,,,,,,,,,,,,825.1,,6.5,,,,,,,7,"price_volume, live_market, summary, top_gainers, top_losers, nepse_index, supply_demand",5152
2026-07-15T13:37:15.760668+05:45,2026-07-15 13:37:15,top_gainers,top_gainers_155,True,cloud_automated,Wednesday - Trading Hours: 11:00 AM - 3:00 PM NPT,9263,Sanvi Energy Limited,SANVI,,,,0.79,,,,,,,,,,,,,,573.5,,4.5,,,,,,,7,"price_volume, live_market, summary, top_gainers, top_losers, nepse_index, supply_demand",5152
2026-07-15T13:37:15.760668+05:45,2026-07-15 13:37:15,top_gainers,top_gainers_156,True,cloud_automated,Wednesday - Trading Hours: 11:00 AM - 3:00 PM NPT,393,Himalayan Life Insurance Limited,HLI,,,,0.79,,,,,,,,,,,,,,320.5,,2.5,,,,,,,7,"price_volume, live_market, summary, top_gainers, top_losers, nepse_index, supply_demand",5152
2026-07-15T13:37:15.760668+05:45,2026-07-15 13:37:15,top_gainers,top_gainers_157,True,cloud_automated,Wednesday - Trading Hours: 11:00 AM - 3:00 PM NPT,357,Prime Commercial Bank Ltd.,PCBL,,,,0.79,,,,,,,,,,,,,,231.0,,1.8,,,,,,,7,"price_volume, live_market, summary, top_gainers, top_losers, nepse_index, supply_demand",5152
2026-07-15T13:37:15.760668+05:45,2026-07-15 13:37:15,top_gainers,top_gainers_158,True,cloud_automated,Wednesday - Trading Hours: 11:00 AM - 3:00 PM NPT,9174,Prabhu Smart Fund,PRSF,,,,0.79,,,,,,,,,,,,,,12.7,,0.1,,,,,,,7,"price_volume, live_market, summary, top_gainers, top_losers, nepse_index, supply_demand",5152
2026-07-15T13:37:15.760668+05:45,2026-07-15 13:37:15,top_gainers,top_gainers_159,True,cloud_automated,Wednesday - Trading Hours: 11:00 AM - 3:00 PM NPT,473,Shine Resunga Development Bank Ltd.,SHINE,,,,0.78,,,,,,,,,,,,,,400.0,,3.1,,,,,,,7,"price_volume, live_market, summary, top_gainers, top_losers, nepse_index, supply_demand",5152
2026-07-15T13:37:15.760668+05:45,2026-07-15 13:37:15,top_gainers,top_gainers_160,True,cloud_automated,Wednesday - Trading Hours: 11:00 AM - 3:00 PM NPT,9297,Bandipur Cablecar and Tourism Limited,BANDIPUR,,,,0.76,,,,,,,,,,,,,,673.1,,5.1,,,,,,,7,"price_volume, live_market, summary, top_gainers, top_losers, nepse_index, supply_demand",5152
2026-07-15T13:37:15.760668+05:45,2026-07-15 13:37:15,top_gainers,top_gainers_161,True,cloud_automated,Wednesday - Trading Hours: 11:00 AM - 3:00 PM NPT,396,Nerude Mirmire Laghubitta Bittiya Sanstha Limited,NMLBBL,,,,0.76,,,,,,,,,,,,,,530.0,,4.0,,,,,,,7,"price_volume, live_market, summary, top_gainers, top_losers, nepse_index, supply_demand",5152
2026-07-15T13:37:15.760668+05:45,2026-07-15 13:37:15,top_gainers,top_gainers_162,True,cloud_automated,Wednesday - Trading Hours: 11:00 AM - 3:00 PM NPT,8131,Eastern Hydropower Limited,EHPL,,,,0.75,,,,,,,,,,,,,,335.0,,2.5,,,,,,,7,"price_volume, live_market, summary, top_gainers, top_losers, nepse_index, supply_demand",5152
2026-07-15T13:37:15.760668+05:45,2026-07-15 13:37:15,top_gainers,top_gainers_163,True,cloud_automated,Wednesday - Trading Hours: 11:00 AM - 3:00 PM NPT,2774,Unnati Sahakarya Laghubitta Bittiya Sanstha Limited,USLB,,,,0.74,,,,,,,,,,,,,,1150.0,,8.4,,,,,,,7,"price_volume, live_market, summary, top_gainers, top_losers, nepse_index, supply_demand",5152
2026-07-15T13:37:15.760668+05:45,2026-07-15 13:37:15,top_gainers,top_gainers_164,True,cloud_automated,Wednesday - Trading Hours: 11:00 AM - 3:00 PM NPT,8021,Sahas Urja Limited,SAHAS,,,,0.74,,,,,,,,,,,,,,640.0,,4.7,,,,,,,7,"price_volume, live_market, summary, top_gainers, top_losers, nepse_index, supply_demand",5152
2026-07-15T13:37:15.760668+05:45,2026-07-15 13:37:15,top_gainers,top_gainers_165,True,cloud_automated,Wednesday - Trading Hours: 11:00 AM - 3:00 PM NPT,2887,NIC ASIA Laghubitta Bittiya Sanstha Limited,NICLBSL,,,,0.74,,,,,,,,,,,,,,545.0,,4.0,,,,,,,7,"price_volume, live_market, summary, top_gainers, top_losers, nepse_index, supply_demand",5152
2026-07-15T13:37:15.760668+05:45,2026-07-15 13:37:15,top_gainers,top_gainers_166,True,cloud_automated,Wednesday - Trading Hours: 11:00 AM - 3:00 PM NPT,140,Machhapuchhre Bank Limited,MBL,,,,0.74,,,,,,,,,,,,,,246.6,,1.8,,,,,,,7,"price_volume, live_market, summary, top_gainers, top_losers, nepse_index, supply_demand",5152
2026-07-15T13:37:15.760668+05:45,2026-07-15 13:37:15,top_gainers,top_gainers_167,True,cloud_automated,Wednesday - Trading Hours: 11:00 AM - 3:00 PM NPT,401,Mahalaxmi Bikas Bank Ltd.,MLBL,,,,0.73,,,,,,,,,,,,,,347.0,,2.5,,,,,,,7,"price_volume, live_market, summary, top_gainers, top_losers, nepse_index, supply_demand",5152
2026-07-15T13:37:15.760668+05:45,2026-07-15 13:37:15,top_gainers,top_gainers_168,True,cloud_automated,Wednesday - Trading Hours: 11:00 AM - 3:00 PM NPT,307,Nepal Doorsanchar Company Limited,NTC,,,,0.72,,,,,,,,,,,,,,857.0,,6.1,,,,,,,7,"price_volume, live_market, summary, top_gainers, top_losers, nepse_index, supply_demand",5152
2026-07-15T13:37:15.760668+05:45,2026-07-15 13:37:15,top_gainers,top_gainers_169,True,cloud_automated,Wednesday - Trading Hours: 11:00 AM - 3:00 PM NPT,9287,Mabilung Energy Limited,MABEL,,,,0.72,,,,,,,,,,,,,,557.0,,4.0,,,,,,,7,"price_volume, live_market, summary, top_gainers, top_losers, nepse_index, supply_demand",5152
2026-07-15T13:37:15.760668+05:45,2026-07-15 13:37:15,top_gainers,top_gainers_170,True,cloud_automated,Wednesday - Trading Hours: 11:00 AM - 3:00 PM NPT,8032,Buddha Bhumi Nepal Hydropower Company Limited,BNHC,,,,0.72,,,,,,,,,,,,,,279.0,,2.0,,,,,,,7,"price_volume, live_market, summary, top_gainers, top_losers, nepse_index, supply_demand",5152
2026-07-15T13:37:15.760668+05:45,2026-07-15 13:37:15,top_gainers,top_gainers_171,True,cloud_automated,Wednesday - Trading Hours: 11:00 AM - 3:00 PM NPT,2919,Nepal Infrastructure Bank Limited,NIFRA,,,,0.7,,,,,,,,,,,,,,246.2,,1.7,,,,,,,7,"price_volume, live_market, summary, top_gainers, top_losers, nepse_index, supply_demand",5152
2026-07-15T13:37:15.760668+05:45,2026-07-15 13:37:15,top_gainers,top_gainers_172,True,cloud_automated,Wednesday - Trading Hours: 11:00 AM - 3:00 PM NPT,9209,Citizen Life Insurance Company Limited,CLI,,,,0.69,,,,,,,,,,,,,,439.0,,3.0,,,,,,,7,"price_volume, live_market, summary, top_gainers, top_losers, nepse_index, supply_demand",5152
2026-07-15T13:37:15.760668+05:45,2026-07-15 13:37:15,top_gainers,top_gainers_173,True,cloud_automated,Wednesday - Trading Hours: 11:00 AM - 3:00 PM NPT,9217,Mathillo Mailun Khola Jalvidhyut Limited,MMKJL,,,,0.68,,,,,,,,,,,,,,441.0,,3.0,,,,,,,7,"price_volume, live_market, summary, top_gainers, top_losers, nepse_index, supply_demand",5152
2026-07-15T13:37:15.760668+05:45,2026-07-15 13:37:15,top_gainers,top_gainers_174,True,cloud_automated,Wednesday - Trading Hours: 11:00 AM - 3:00 PM NPT,2917,Chandragiri Hills Limited,CGH,,,,0.67,,,,,,,,,,,,,,768.0,,5.1,,,,,,,7,"price_volume, live_market, summary, top_gainers, top_losers, nepse_index, supply_demand",5152
2026-07-15T13:37:15.760668+05:45,2026-07-15 13:37:15,top_gainers,top_gainers_175,True,cloud_automated,Wednesday - Trading Hours: 11:00 AM - 3:00 PM NPT,2809,SHIVAM CEMENTS LTD,SHIVM,,,,0.65,,,,,,,,,,,,,,623.0,,4.0,,,,,,,7,"price_volume, live_market, summary, top_gainers, top_losers, nepse_index, supply_demand",5152
2026-07-15T13:37:15.760668+05:45,2026-07-15 13:37:15,top_gainers,top_gainers_176,True,cloud_automated,Wednesday - Trading Hours: 11:00 AM - 3:00 PM NPT,2786,Panchakanya Mai Hydropower Ltd,PMHPL,,,,0.65,,,,,,,,,,,,,,311.0,,2.0,,,,,,,7,"price_volume, live_market, summary, top_gainers, top_losers, nepse_index, supply_demand",5152
2026-07-15T13:37:15.760668+05:45,2026-07-15 13:37:15,top_gainers,top_gainers_177,True,cloud_automated,Wednesday - Trading Hours: 11:00 AM - 3:00 PM NPT,9167,Mai Khola Hydropower Limited,MKHL,,,,0.64,,,,,,,,,,,,,,469.0,,3.0,,,,,,,7,"price_volume, live_market, summary, top_gainers, top_losers, nepse_index, supply_demand",5152
2026-07-15T13:37:15.760668+05:45,2026-07-15 13:37:15,top_gainers,top_gainers_178,True,cloud_automated,Wednesday - Trading Hours: 11:00 AM - 3:00 PM NPT,2792,Upper Tamakoshi Hydropower Ltd,UPPER,,,,0.63,,,,,,,,,,,,,,192.5,,1.2,,,,,,,7,"price_volume, live_market, summary, top_gainers, top_losers, nepse_index, supply_demand",5152
2026-07-15T13:37:15.760668+05:45,2026-07-15 13:37:15,top_gainers,top_gainers_179,True,cloud_automated,Wednesday - Trading Hours: 11:00 AM - 3:00 PM NPT,9158,Molung Hydropower Company Limited,MHCL,,,,0.62,,,,,,,,,,,,,,307.1,,1.9,,,,,,,7,"price_volume, live_market, summary, top_gainers, top_losers, nepse_index, supply_demand",5152
2026-07-15T13:37:15.760668+05:45,2026-07-15 13:37:15,top_gainers,top_gainers_180,True,cloud_automated,Wednesday - Trading Hours: 11:00 AM - 3:00 PM NPT,9293,Daramkhola Hydro Energy Limited,DHEL,,,,0.61,,,,,,,,,,,,,,563.4,,3.4,,,,,,,7,"price_volume, live_market, summary, top_gainers, top_losers, nepse_index, supply_demand",5152
2026-07-15T13:37:15.760668+05:45,2026-07-15 13:37:15,top_gainers,top_gainers_181,True,cloud_automated,Wednesday - Trading Hours: 11:00 AM - 3:00 PM NPT,8100,Swet-Ganga Hydropower & Construction Limited ,SGHC,,,,0.61,,,,,,,,,,,,,,330.0,,2.0,,,,,,,7,"price_volume, live_market, summary, top_gainers, top_losers, nepse_index, supply_demand",5152
2026-07-15T13:37:15.760668+05:45,2026-07-15 13:37:15,top_gainers,top_gainers_182,True,cloud_automated,Wednesday - Trading Hours: 11:00 AM - 3:00 PM NPT,9192,Upper Syange Hydropower Limited,USHL,,,,0.6,,,,,,,,,,,,,,490.0,,2.9,,,,,,,7,"price_volume, live_market, summary, top_gainers, top_losers, nepse_index, supply_demand",5152
2026-07-15T13:37:15.760668+05:45,2026-07-15 13:37:15,top_gainers,top_gainers_183,True,cloud_automated,Wednesday - Trading Hours: 11:00 AM - 3:00 PM NPT,210,Citizen Investment Trust,CIT,,,,0.59,,,,,,,,,,,,,,1691.9,,10.0,,,,,,,7,"price_volume, live_market, summary, top_gainers, top_losers, nepse_index, supply_demand",5152
2026-07-15T13:37:15.760668+05:45,2026-07-15 13:37:15,top_gainers,top_gainers_184,True,cloud_automated,Wednesday - Trading Hours: 11:00 AM - 3:00 PM NPT,192,Shikhar Insurance Co. Ltd.,SICL,,,,0.56,,,,,,,,,,,,,,612.0,,3.4,,,,,,,7,"price_volume, live_market, summary, top_gainers, top_losers, nepse_index, supply_demand",5152
2026-07-15T13:37:15.760668+05:45,2026-07-15 13:37:15,top_gainers,top_gainers_185,True,cloud_automated,Wednesday - Trading Hours: 11:00 AM - 3:00 PM NPT,8121,Sayapatri Hydropower Limited,SPHL,,,,0.56,,,,,,,,,,,,,,537.0,,3.0,,,,,,,7,"price_volume, live_market, summary, top_gainers, top_losers, nepse_index, supply_demand",5152
2026-07-15T13:37:15.760668+05:45,2026-07-15 13:37:15,top_gainers,top_gainers_186,True,cloud_automated,Wednesday - Trading Hours: 11:00 AM - 3:00 PM NPT,471,Multipurpose Finance Company  Limited,MPFL,,,,0.55,,,,,,,,,,,,,,598.1,,3.3,,,,,,,7,"price_volume, live_market, summary, top_gainers, top_losers, nepse_index, supply_demand",5152
2026-07-15T13:37:15.760668+05:45,2026-07-15 13:37:15,top_gainers,top_gainers_187,True,cloud_automated,Wednesday - Trading Hours: 11:00 AM - 3:00 PM NPT,204,Gurkhas Finance Ltd.,GUFL,,,,0.55,,,,,,,,,,,,,,549.9,,3.0,,,,,,,7,"price_volume, live_market, summary, top_gainers, top_losers, nepse_index, supply_demand",5152
2026-07-15T13:37:15.760668+05:45,2026-07-15 13:37:15,top_gainers,top_gainers_188,True,cloud_automated,Wednesday - Trading Hours: 11:00 AM - 3:00 PM NPT,601,Mithila LaghuBitta Bittiya Sanstha Limited,MLBBL,,,,0.54,,,,,,,,,,,,,,1120.0,,6.0,,,,,,,7,"price_volume, live_market, summary, top_gainers, top_losers, nepse_index, supply_demand",5152
2026-07-15T13:37:15.760668+05:45,2026-07-15 13:37:15,top_gainers,top_gainers_189,True,cloud_automated,Wednesday - Trading Hours: 11:00 AM - 3:00 PM NPT,147,Soaltee Hotel Limited,SHL,,,,0.51,,,,,,,,,,,,,,488.5,,2.5,,,,,,,7,"price_volume, live_market, summary, top_gainers, top_losers, nepse_index, supply_demand",5152
2026-07-15T13:37:15.760668+05:45,2026-07-15 13:37:15,top_gainers,top_gainers_190,True,cloud_automated,Wednesday - Trading Hours: 11:00 AM - 3:00 PM NPT,2841,RASUWAGADHI HYDROPOWER COMPANY LIMITED,RHPL,,,,0.51,,,,,,,,,,,,,,256.4,,1.3,,,,,,,7,"price_volume, live_market, summary, top_gainers, top_losers, nepse_index, supply_demand",5152
2026-07-15T13:37:15.760668+05:45,2026-07-15 13:37:15,top_gainers,top_gainers_191,True,cloud_automated,Wednesday - Trading Hours: 11:00 AM - 3:00 PM NPT,133,Standard Chartered Bank Limited,SCB,,,,0.49,,,,,,,,,,,,,,638.6,,3.1,,,,,,,7,"price_volume, live_market, summary, top_gainers, top_losers, nepse_index, supply_demand",5152
2026-07-15T13:37:15.760668+05:45,2026-07-15 13:37:15,top_gainers,top_gainers_192,True,cloud_automated,Wednesday - Trading Hours: 11:00 AM - 3:00 PM NPT,2880,Himal Dolakha Hydropower Company Limited,HDHPC,,,,0.49,,,,,,,,,,,,,,207.0,,1.0,,,,,,,7,"price_volume, live_market, summary, top_gainers, top_losers, nepse_index, supply_demand",5152
2026-07-15T13:37:15.760668+05:45,2026-07-15 13:37:15,top_gainers,top_gainers_193,True,cloud_automated,Wednesday - Trading Hours: 11:00 AM - 3:00 PM NPT,4951,Jeevan Bikas Laghubitta  Bittya Sanstha Ltd,JBLB,,,,0.48,,,,,,,,,,,,,,1251.0,,6.0,,,,,,,7,"price_volume, live_market, summary, top_gainers, top_losers, nepse_index, supply_demand",5152
2026-07-15T13:37:15.760668+05:45,2026-07-15 13:37:15,top_gainers,top_gainers_194,True,cloud_automated,Wednesday - Trading Hours: 11:00 AM - 3:00 PM NPT,9199,Reliable Nepal Life Insurance Limited,RNLI,,,,0.48,,,,,,,,,,,,,,442.1,,2.1,,,,,,,7,"price_volume, live_market, summary, top_gainers, top_losers, nepse_index, supply_demand",5152
2026-07-15T13:37:15.760668+05:45,2026-07-15 13:37:15,top_gainers,top_gainers_195,True,cloud_automated,Wednesday - Trading Hours: 11:00 AM - 3:00 PM NPT,403,SuryaJyoti Life Insurance Company Limited,SJLIC,,,,0.47,,,,,,,,,,,,,,409.1,,1.9,,,,,,,7,"price_volume, live_market, summary, top_gainers, top_losers, nepse_index, supply_demand",5152
2026-07-15T13:37:15.760668+05:45,2026-07-15 13:37:15,top_gainers,top_gainers_196,True,cloud_automated,Wednesday - Trading Hours: 11:00 AM - 3:00 PM NPT,574,Sana Kisan Bikas Laghubitta Bittiya Sanstha Limited,SKBBL,,,,0.46,,,,,,,,,,,,,,748.4,,3.4,,,,,,,7,"price_volume, live_market, summary, top_gainers, top_losers, nepse_index, supply_demand",5152
2026-07-15T13:37:15.760668+05:45,2026-07-15 13:37:15,top_gainers,top_gainers_197,True,cloud_automated,Wednesday - Trading Hours: 11:00 AM - 3:00 PM NPT,9214,Bhagawati Hydropower Development Company Limited,BGWT,,,,0.45,,,,,,,,,,,,,,552.5,,2.5,,,,,,,7,"price_volume, live_market, summary, top_gainers, top_losers, nepse_index, supply_demand",5152
2026-07-15T13:37:15.760668+05:45,2026-07-15 13:37:15,top_gainers,top_gainers_198,True,cloud_automated,Wednesday - Trading Hours: 11:00 AM - 3:00 PM NPT,154,Chilime Hydropower Company Limited,CHCL,,,,0.44,,,,,,,,,,,,,,480.0,,2.1,,,,,,,7,"price_volume, live_market, summary, top_gainers, top_losers, nepse_index, supply_demand",5152
2026-07-15T13:37:15.760668+05:45,2026-07-15 13:37:15,top_gainers,top_gainers_199,True,cloud_automated,Wednesday - Trading Hours: 11:00 AM - 3:00 PM NPT,9156,Sanima Middle Tamor Hydropower Limited,TAMOR,,,,0.44,,,,,,,,,,,,,,437.0,,1.9,,,,,,,7,"price_volume, live_market, summary, top_gainers, top_losers, nepse_index, supply_demand",5152
2026-07-15T13:37:15.760668+05:45,2026-07-15 13:37:15,top_gainers,top_gainers_200,True,cloud_automated,Wednesday - Trading Hours: 11:00 AM - 3:00 PM NPT,9184,IME Life Insurance Company Limited,ILI,,,,0.44,,,,,,,,,,,,,,413.0,,1.8,,,,,,,7,"price_volume, live_market, summary, top_gainers, top_losers, nepse_index, supply_demand",5152
2026-07-15T13:37:15.760668+05:45,2026-07-15 13:37:15,top_gainers,top_gainers_201,True,cloud_automated,Wednesday - Trading Hours: 11:00 AM - 3:00 PM NPT,417,Garima Bikas Bank Limited,GBBL,,,,0.43,,,,,,,,,,,,,,397.7,,1.7,,,,,,,7,"price_volume, live_market, summary, top_gainers, top_losers, nepse_index, supply_demand",5152
2026-07-15T13:37:15.760668+05:45,2026-07-15 13:37:15,top_gainers,top_gainers_202,True,cloud_automated,Wednesday - Trading Hours: 11:00 AM - 3:00 PM NPT,517,Nepal Bank Limited,NBL,,,,0.42,,,,,,,,,,,,,,261.1,,1.1,,,,,,,7,"price_volume, live_market, summary, top_gainers, top_losers, nepse_index, supply_demand",5152
2026-07-15T13:37:15.760668+05:45,2026-07-15 13:37:15,top_gainers,top_gainers_203,True,cloud_automated,Wednesday - Trading Hours: 11:00 AM - 3:00 PM NPT,227,Best Finance Company Ltd.,BFC,,,,0.41,,,,,,,,,,,,,,512.1,,2.1,,,,,,,7,"price_volume, live_market, summary, top_gainers, top_losers, nepse_index, supply_demand",5152
2026-07-15T13:37:15.760668+05:45,2026-07-15 13:37:15,top_gainers,top_gainers_204,True,cloud_automated,Wednesday - Trading Hours: 11:00 AM - 3:00 PM NPT,2914,United IDI Mardi RB Hydropower Limited.,UMRH,,,,0.4,,,,,,,,,,,,,,522.0,,2.1,,,,,,,7,"price_volume, live_market, summary, top_gainers, top_losers, nepse_index, supply_demand",5152
2026-07-15T13:37:15.760668+05:45,2026-07-15 13:37:15,top_gainers,top_gainers_205,True,cloud_automated,Wednesday - Trading Hours: 11:00 AM - 3:00 PM NPT,9259,Reliable Samriddhi Yojana,RSY,,,,0.4,,,,,,,,,,,,,,10.04,,0.04,,,,,,,7,"price_volume, live_market, summary, top_gainers, top_losers, nepse_index, supply_demand",5152
2026-07-15T13:37:15.760668+05:45,2026-07-15 13:37:15,top_gainers,top_gainers_206,True,cloud_automated,Wednesday - Trading Hours: 11:00 AM - 3:00 PM NPT,187,Nepal Life Insurance Co. Ltd.,NLIC,,,,0.39,,,,,,,,,,,,,,743.1,,2.9,,,,,,,7,"price_volume, live_market, summary, top_gainers, top_losers, nepse_index, supply_demand",5152
2026-07-15T13:37:15.760668+05:45,2026-07-15 13:37:15,top_gainers,top_gainers_207,True,cloud_automated,Wednesday - Trading Hours: 11:00 AM - 3:00 PM NPT,232,Goodwill Finance Limited,GFCL,,,,0.37,,,,,,,,,,,,,,602.2,,2.2,,,,,,,7,"price_volume, live_market, summary, top_gainers, top_losers, nepse_index, supply_demand",5152
2026-07-15T13:37:15.760668+05:45,2026-07-15 13:37:15,top_gainers,top_gainers_208,True,cloud_automated,Wednesday - Trading Hours: 11:00 AM - 3:00 PM NPT,8122,People's Power Limited,PPL,,,,0.37,,,,,,,,,,,,,,323.1,,1.2,,,,,,,7,"price_volume, live_market, summary, top_gainers, top_losers, nepse_index, supply_demand",5152
2026-07-15T13:37:15.760668+05:45,2026-07-15 13:37:15,top_gainers,top_gainers_209,True,cloud_automated,Wednesday - Trading Hours: 11:00 AM - 3:00 PM NPT,348,Citizens Bank International Limited,CZBIL,,,,0.36,,,,,,,,,,,,,,195.7,,0.7,,,,,,,7,"price_volume, live_market, summary, top_gainers, top_losers, nepse_index, supply_demand",5152
2026-07-15T13:37:15.760668+05:45,2026-07-15 13:37:15,top_gainers,top_gainers_210,True,cloud_automated,Wednesday - Trading Hours: 11:00 AM - 3:00 PM NPT,9250,Nepal Micro Insurance Company Limited,NMIC,,,,0.35,,,,,,,,,,,,,,890.1,,3.1,,,,,,,7,"price_volume, live_market, summary, top_gainers, top_losers, nepse_index, supply_demand",5152
2026-07-15T13:37:15.760668+05:45,2026-07-15 13:37:15,top_gainers,top_gainers_211,True,cloud_automated,Wednesday - Trading Hours: 11:00 AM - 3:00 PM NPT,2913,Mountain Energy Nepal Limited,MEN,,,,0.35,,,,,,,,,,,,,,567.0,,2.0,,,,,,,7,"price_volume, live_market, summary, top_gainers, top_losers, nepse_index, supply_demand",5152
2026-07-15T13:37:15.760668+05:45,2026-07-15 13:37:15,top_gainers,top_gainers_212,True,cloud_automated,Wednesday - Trading Hours: 11:00 AM - 3:00 PM NPT,8041,NESDO Sambridha Laghubitta Bittiya Sanstha Limited,NESDO,,,,0.33,,,,,,,,,,,,,,1500.0,,5.0,,,,,,,7,"price_volume, live_market, summary, top_gainers, top_losers, nepse_index, supply_demand",5152
2026-07-15T13:37:15.760668+05:45,2026-07-15 13:37:15,top_gainers,top_gainers_213,True,cloud_automated,Wednesday - Trading Hours: 11:00 AM - 3:00 PM NPT,184,Prabhu Insurance Ltd.,PRIN,,,,0.29,,,,,,,,,,,,,,680.0,,2.0,,,,,,,7,"price_volume, live_market, summary, top_gainers, top_losers, nepse_index, supply_demand",5152
2026-07-15T13:37:15.760668+05:45,2026-07-15 13:37:15,top_gainers,top_gainers_214,True,cloud_automated,Wednesday - Trading Hours: 11:00 AM - 3:00 PM NPT,8005,Mailung Khola Jal Vidhyut Company Limited,MKJC,,,,0.29,,,,,,,,,,,,,,450.2,,1.3,,,,,,,7,"price_volume, live_market, summary, top_gainers, top_losers, nepse_index, supply_demand",5152
2026-07-15T13:37:15.760668+05:45,2026-07-15 13:37:15,top_gainers,top_gainers_215,True,cloud_automated,Wednesday - Trading Hours: 11:00 AM - 3:00 PM NPT,2831,Union Hydropower Limited,UNHPL,,,,0.29,,,,,,,,,,,,,,383.1,,1.1,,,,,,,7,"price_volume, live_market, summary, top_gainers, top_losers, nepse_index, supply_demand",5152
2026-07-15T13:37:15.760668+05:45,2026-07-15 13:37:15,top_gainers,top_gainers_216,True,cloud_automated,Wednesday - Trading Hours: 11:00 AM - 3:00 PM NPT,8106,Global IME Balanced Fund-1,GIBF1,,,,0.29,,,,,,,,,,,,,,10.33,,0.03,,,,,,,7,"price_volume, live_market, summary, top_gainers, top_losers, nepse_index, supply_demand",5152
2026-07-15T13:37:15.760668+05:45,2026-07-15 13:37:15,top_gainers,top_gainers_217,True,cloud_automated,Wednesday - Trading Hours: 11:00 AM - 3:00 PM NPT,9201,Sun Nepal Life Insurance Company Limited,SNLI,,,,0.28,,,,,,,,,,,,,,423.2,,1.2,,,,,,,7,"price_volume, live_market, summary, top_gainers, top_losers, nepse_index, supply_demand",5152
2026-07-15T13:37:15.760668+05:45,2026-07-15 13:37:15,top_gainers,top_gainers_218,True,cloud_automated,Wednesday - Trading Hours: 11:00 AM - 3:00 PM NPT,235,Himalayan Distillery Limited,HDL,,,,0.26,,,,,,,,,,,,,,1148.0,,3.0,,,,,,,7,"price_volume, live_market, summary, top_gainers, top_losers, nepse_index, supply_demand",5152
2026-07-15T13:37:15.760668+05:45,2026-07-15 13:37:15,top_gainers,top_gainers_219,True,cloud_automated,Wednesday - Trading Hours: 11:00 AM - 3:00 PM NPT,9323,Super Khudi Hydropower Limited,SKHL,,,,0.25,,,,,,,,,,,,,,809.0,,2.0,,,,,,,7,"price_volume, live_market, summary, top_gainers, top_losers, nepse_index, supply_demand",5152
2026-07-15T13:37:15.760668+05:45,2026-07-15 13:37:15,top_gainers,top_gainers_220,True,cloud_automated,Wednesday - Trading Hours: 11:00 AM - 3:00 PM NPT,2789,Joshi Hydropower Development Company Ltd,JOSHI,,,,0.24,,,,,,,,,,,,,,253.0,,0.6,,,,,,,7,"price_volume, live_market, summary, top_gainers, top_losers, nepse_index, supply_demand",5152
2026-07-15T13:37:15.760668+05:45,2026-07-15 13:37:15,top_gainers,top_gainers_221,True,cloud_automated,Wednesday - Trading Hours: 11:00 AM - 3:00 PM NPT,2826,Gurans Laghubitta Bittiya Sanstha Limited,GLBSL,,,,0.22,,,,,,,,,,,,,,1783.9,,3.9,,,,,,,7,"price_volume, live_market, summary, top_gainers, top_losers, nepse_index, supply_demand",5152
2026-07-15T13:37:15.760668+05:45,2026-07-15 13:37:15,top_gainers,top_gainers_222,True,cloud_automated,Wednesday - Trading Hours: 11:00 AM - 3:00 PM NPT,8031,Madhya Bhotekoshi Jalavidyut Company Limited,MBJC,,,,0.22,,,,,,,,,,,,,,270.0,,0.6,,,,,,,7,"price_volume, live_market, summary, top_gainers, top_losers, nepse_index, supply_demand",5152
2026-07-15T13:37:15.760668+05:45,2026-07-15 13:37:15,top_gainers,top_gainers_223,True,cloud_automated,Wednesday - Trading Hours: 11:00 AM - 3:00 PM NPT,8104,Upper Solu Hydro Electric Company Limited,USHEC,,,,0.21,,,,,,,,,,,,,,485.0,,1.0,,,,,,,7,"price_volume, live_market, summary, top_gainers, top_losers, nepse_index, supply_demand",5152
2026-07-15T13:37:15.760668+05:45,2026-07-15 13:37:15,top_gainers,top_gainers_224,True,cloud_automated,Wednesday - Trading Hours: 11:00 AM - 3:00 PM NPT,137,Everest Bank Limited,EBL,,,,0.2,,,,,,,,,,,,,,694.0,,1.4,,,,,,,7,"price_volume, live_market, summary, top_gainers, top_losers, nepse_index, supply_demand",5152
2026-07-15T13:37:15.760668+05:45,2026-07-15 13:37:15,top_gainers,top_gainers_225,True,cloud_automated,Wednesday - Trading Hours: 11:00 AM - 3:00 PM NPT,9343,Taksar Pikhuwa Khola Hydropower Limited,TPKHL,,,,0.2,,,,,,,,,,,,,,497.0,,1.0,,,,,,,7,"price_volume, live_market, summary, top_gainers, top_losers, nepse_index, supply_demand",5152
2026-07-15T13:37:15.760668+05:45,2026-07-15 13:37:15,top_gainers,top_gainers_226,True,cloud_automated,Wednesday - Trading Hours: 11:00 AM - 3:00 PM NPT,2908,Sanima GIC Insurance Limited,SGIC,,,,0.2,,,,,,,,,,,,,,456.3,,0.9,,,,,,,7,"price_volume, live_market, summary, top_gainers, top_losers, nepse_index, supply_demand",5152
2026-07-15T13:37:15.760668+05:45,2026-07-15 13:37:15,top_gainers,top_gainers_227,True,cloud_automated,Wednesday - Trading Hours: 11:00 AM - 3:00 PM NPT,8070,Dordi Khola Jal Bidyut Company Limited,DORDI,,,,0.2,,,,,,,,,,,,,,246.0,,0.5,,,,,,,7,"price_volume, live_market, summary, top_gainers, top_losers, nepse_index, supply_demand",5152
2026-07-15T13:37:15.760668+05:45,2026-07-15 13:37:15,top_gainers,top_gainers_228,True,cloud_automated,Wednesday - Trading Hours: 11:00 AM - 3:00 PM NPT,9325,Suryakunda Hydro Electric Limited,SKHEL,,,,0.18,,,,,,,,,,,,,,875.5,,1.6,,,,,,,7,"price_volume, live_market, summary, top_gainers, top_losers, nepse_index, supply_demand",5152
2026-07-15T13:37:15.760668+05:45,2026-07-15 13:37:15,top_gainers,top_gainers_229,True,cloud_automated,Wednesday - Trading Hours: 11:00 AM - 3:00 PM NPT,178,National Life Insurance Co. Ltd.,NLICL,,,,0.18,,,,,,,,,,,,,,572.0,,1.0,,,,,,,7,"price_volume, live_market, summary, top_gainers, top_losers, nepse_index, supply_demand",5152
2026-07-15T13:37:15.760668+05:45,2026-07-15 13:37:15,top_gainers,top_gainers_230,True,cloud_automated,Wednesday - Trading Hours: 11:00 AM - 3:00 PM NPT,4947,Prabhu Select Fund,PSF,,,,0.17,,,,,,,,,,,,,,11.82,,0.02,,,,,,,7,"price_volume, live_market, summary, top_gainers, top_losers, nepse_index, supply_demand",5152
2026-07-15T13:37:15.760668+05:45,2026-07-15 13:37:15,top_gainers,top_gainers_231,True,cloud_automated,Wednesday - Trading Hours: 11:00 AM - 3:00 PM NPT,9196,Kutheli Bukhari Small Hydropower Limited,KBSH,,,,0.16,,,,,,,,,,,,,,1263.0,,2.0,,,,,,,7,"price_volume, live_market, summary, top_gainers, top_losers, nepse_index, supply_demand",5152
2026-07-15T13:37:15.760668+05:45,2026-07-15 13:37:15,top_gainers,top_gainers_232,True,cloud_automated,Wednesday - Trading Hours: 11:00 AM - 3:00 PM NPT,490,First Micro Finance Laghubitta Bittiya Sanstha Limited,FMDBL,,,,0.13,,,,,,,,,,,,,,746.0,,1.0,,,,,,,7,"price_volume, live_market, summary, top_gainers, top_losers, nepse_index, supply_demand",5152
2026-07-15T13:37:15.760668+05:45,2026-07-15 13:37:15,top_gainers,top_gainers_233,True,cloud_automated,Wednesday - Trading Hours: 11:00 AM - 3:00 PM NPT,155,Salt Trading Corporation,STC,,,,0.1,,,,,,,,,,,,,,5155.0,,5.0,,,,,,,7,"price_volume, live_market, summary, top_gainers, top_losers, nepse_index, supply_demand",5152
2026-07-15T13:37:15.760668+05:45,2026-07-15 13:37:15,top_gainers,top_gainers_234,True,cloud_automated,Wednesday - Trading Hours: 11:00 AM - 3:00 PM NPT,8024,Nabil Balanced Fund-3,NBF3,,,,0.1,,,,,,,,,,,,,,9.96,,0.01,,,,,,,7,"price_volume, live_market, summary, top_gainers, top_losers, nepse_index, supply_demand",5152
2026-07-15T13:37:15.760668+05:45,2026-07-15 13:37:15,top_gainers,top_gainers_235,True,cloud_automated,Wednesday - Trading Hours: 11:00 AM - 3:00 PM NPT,2760,United Modi Hydropower Ltd.,UMHL,,,,0.09,,,,,,,,,,,,,,575.5,,0.5,,,,,,,7,"price_volume, live_market, summary, top_gainers, top_losers, nepse_index, supply_demand",5152
2026-07-15T13:37:15.760668+05:45,2026-07-15 13:37:15,top_gainers,top_gainers_236,True,cloud_automated,Wednesday - Trading Hours: 11:00 AM - 3:00 PM NPT,9261,Nifra Green Energy Debenture 6% - 2088/89,NIFRAGED,,,,0.06,,,,,,,,,,,,,,1041.1,,0.6,,,,,,,7,"price_volume, live_market, summary, top_gainers, top_losers, nepse_index, supply_demand",5152
2026-07-15T13:37:15.760668+05:45,2026-07-15 13:37:15,top_gainers,top_gainers_237,True,cloud_automated,Wednesday - Trading Hours: 11:00 AM - 3:00 PM NPT,9330,Palpa Cement Industries Limited,PCIL,,,,0.05,,,,,,,,,,,,,,590.0,,0.3,,,,,,,7,"price_volume, live_market, summary, top_gainers, top_losers, nepse_index, supply_demand",5152
2026-07-15T13:37:15.760668+05:45,2026-07-15 13:37:15,top_gainers,top_gainers_238,True,cloud_automated,Wednesday - Trading Hours: 11:00 AM - 3:00 PM NPT,141,Laxmi Sunrise Bank Limited,LSL,,,,0.05,,,,,,,,,,,,,,215.0,,0.1,,,,,,,7,"price_volume, live_market, summary, top_gainers, top_losers, nepse_index, supply_demand",5152
2026-07-15T13:37:15.760668+05:45,2026-07-15 13:37:15,top_gainers,top_gainers_239,True,cloud_automated,Wednesday - Trading Hours: 11:00 AM - 3:00 PM NPT,145,Siddhartha Bank Limited,SBL,,,,0.03,,,,,,,,,,,,,,386.1,,0.1,,,,,,,7,"price_volume, live_market, summary, top_gainers, top_losers, nepse_index, supply_demand",5152
2026-07-15T13:37:15.760668+05:45,2026-07-15 13:37:15,top_gainers,top_gainers_240,True,cloud_automated,Wednesday - Trading Hours: 11:00 AM - 3:00 PM NPT,459,Kamana Sewa Bikas Bank Limited,KSBBL,,,,0.02,,,,,,,,,,,,,,470.1,,0.1,,,,,,,7,"price_volume, live_market, summary, top_gainers, top_losers, nepse_index, supply_demand",5152
2026-07-15T13:37:15.760668+05:45,2026-07-15 13:37:15,top_gainers,top_gainers_241,True,cloud_automated,Wednesday - Trading Hours: 11:00 AM - 3:00 PM NPT,358,Lumbini Bikas Bank Ltd.,LBBL,,,,0.02,,,,,,,,,,,,,,480.0,,0.1,,,,,,,7,"price_volume, live_market, summary, top_gainers, top_losers, nepse_index, supply_demand",5152
2026-07-15T13:37:15.760668+05:45,2026-07-15 13:37:15,top_gainers,top_gainers_242,True,cloud_automated,Wednesday - Trading Hours: 11:00 AM - 3:00 PM NPT,9159,Sagarmatha Jalabidhyut Company Limited,SMJC,,,,0.02,,,,,,,,,,,,,,436.1,,0.1,,,,,,,7,"price_volume, live_market, summary, top_gainers, top_losers, nepse_index, supply_demand",5152
2026-07-15T13:37:15.760668+05:45,2026-07-15 13:37:15,top_gainers,top_gainers_243,True,cloud_automated,Wednesday - Trading Hours: 11:00 AM - 3:00 PM NPT,164,Chhimek Laghubitta Bittiya Sanstha Limited,CBBL,,,,0.01,,,,,,,,,,,,,,915.0,,0.1,,,,,,,7,"price_volume, live_market, summary, top_gainers, top_losers, nepse_index, supply_demand",5152
2026-07-15T13:37:15.760668+05:45,2026-07-15 13:37:15,top_gainers,top_gainers_244,True,cloud_automated,Wednesday - Trading Hours: 11:00 AM - 3:00 PM NPT,9242,Sarbottam Cement Limited,SARBTM,,,,0.01,,,,,,,,,,,,,,775.0,,0.1,,,,,,,7,"price_volume, live_market, summary, top_gainers, top_losers, nepse_index, supply_demand",5152
2026-07-15T13:37:15.760668+05:45,2026-07-15 13:37:15,top_gainers,top_gainers_245,True,cloud_automated,Wednesday - Trading Hours: 11:00 AM - 3:00 PM NPT,561,Sindhu Bikash Bank Ltd,SINDU,,,,0.01,,,,,,,,,,,,,,679.0,,0.1,,,,,,,7,"price_volume, live_market, summary, top_gainers, top_losers, nepse_index, supply_demand",5152
2026-07-15T13:37:15.760668+05:45,2026-07-15 13:37:15,top_losers,top_losers_1,True,cloud_automated,Wednesday - Trading Hours: 11:00 AM - 3:00 PM NPT,8063,Upakar Laghubitta Bittiya Sanstha Limited,ULBSL,,,,-6.22,,,,,,,,,,,,,,2907.3,,-192.7,,,,,,,7,"price_volume, live_market, summary, top_gainers, top_losers, nepse_index, supply_demand",5152
2026-07-15T13:37:15.760668+05:45,2026-07-15 13:37:15,top_losers,top_losers_2,True,cloud_automated,Wednesday - Trading Hours: 11:00 AM - 3:00 PM NPT,9244,NIBL Stable Fund,NIBLSTF,,,,-5.73,,,,,,,,,,,,,,8.55,,-0.52,,,,,,,7,"price_volume, live_market, summary, top_gainers, top_losers, nepse_index, supply_demand",5152
2026-07-15T13:37:15.760668+05:45,2026-07-15 13:37:15,top_losers,top_losers_3,True,cloud_automated,Wednesday - Trading Hours: 11:00 AM - 3:00 PM NPT,4967,NIC Asia Select Fund 30,NICSF,,,,-3.74,,,,,,,,,,,,,,9.0,,-0.35,,,,,,,7,"price_volume, live_market, summary, top_gainers, top_losers, nepse_index, supply_demand",5152
2026-07-15T13:37:15.760668+05:45,2026-07-15 13:37:15,top_losers,top_losers_4,True,cloud_automated,Wednesday - Trading Hours: 11:00 AM - 3:00 PM NPT,9161,Aatmanirbhar Laghubitta Bittiya Sanstha Limited,ANLB,,,,-3.0,,,,,,,,,,,,,,6860.9,,-212.1,,,,,,,7,"price_volume, live_market, summary, top_gainers, top_losers, nepse_index, supply_demand",5152
2026-07-15T13:37:15.760668+05:45,2026-07-15 13:37:15,top_losers,top_losers_5,True,cloud_automated,Wednesday - Trading Hours: 11:00 AM - 3:00 PM NPT,8110,10.25% Nepal SBI Bank Debenture 2083,SBID83,,,,-2.99,,,,,,,,,,,,,,1088.4,,-33.6,,,,,,,7,"price_volume, live_market, summary, top_gainers, top_losers, nepse_index, supply_demand",5152
2026-07-15T13:37:15.760668+05:45,2026-07-15 13:37:15,top_losers,top_losers_6,True,cloud_automated,Wednesday - Trading Hours: 11:00 AM - 3:00 PM NPT,9191,Citizens Super 30 Mutual Fund,C30MF,,,,-2.89,,,,,,,,,,,,,,9.73,,-0.29,,,,,,,7,"price_volume, live_market, summary, top_gainers, top_losers, nepse_index, supply_demand",5152
2026-07-15T13:37:15.760668+05:45,2026-07-15 13:37:15,top_losers,top_losers_7,True,cloud_automated,Wednesday - Trading Hours: 11:00 AM - 3:00 PM NPT,8033,"Garima Debenture, 2085",GBBD85,,,,-2.69,,,,,,,,,,,,,,1085.0,,-30.0,,,,,,,7,"price_volume, live_market, summary, top_gainers, top_losers, nepse_index, supply_demand",5152
2026-07-15T13:37:15.760668+05:45,2026-07-15 13:37:15,top_losers,top_losers_8,True,cloud_automated,Wednesday - Trading Hours: 11:00 AM - 3:00 PM NPT,2866,10.25% Machhapuchhre Bank Debenture 2085,MBLD2085,,,,-2.61,,,,,,,,,,,,,,1132.7,,-30.3,,,,,,,7,"price_volume, live_market, summary, top_gainers, top_losers, nepse_index, supply_demand",5152
2026-07-15T13:37:15.760668+05:45,2026-07-15 13:37:15,top_losers,top_losers_9,True,cloud_automated,Wednesday - Trading Hours: 11:00 AM - 3:00 PM NPT,9213,Hathway Investment Nepal Limited,HATHY,,,,-2.39,,,,,,,,,,,,,,673.5,,-16.5,,,,,,,7,"price_volume, live_market, summary, top_gainers, top_losers, nepse_index, supply_demand",5152
2026-07-15T13:37:15.760668+05:45,2026-07-15 13:37:15,top_losers,top_losers_10,True,cloud_automated,Wednesday - Trading Hours: 11:00 AM - 3:00 PM NPT,9166,Makar Jitumaya Suri Hydropower Limited,MAKAR,,,,-2.17,,,,,,,,,,,,,,450.0,,-10.0,,,,,,,7,"price_volume, live_market, summary, top_gainers, top_losers, nepse_index, supply_demand",5152
2026-07-15T13:37:15.760668+05:45,2026-07-15 13:37:15,top_losers,top_losers_11,True,cloud_automated,Wednesday - Trading Hours: 11:00 AM - 3:00 PM NPT,8065,CYC Nepal Laghubitta Bittiya Sanstha Limited,CYCL,,,,-2.16,,,,,,,,,,,,,,1315.0,,-29.0,,,,,,,7,"price_volume, live_market, summary, top_gainers, top_losers, nepse_index, supply_demand",5152
2026-07-15T13:37:15.760668+05:45,2026-07-15 13:37:15,top_losers,top_losers_12,True,cloud_automated,Wednesday - Trading Hours: 11:00 AM - 3:00 PM NPT,8018,Manushi Laghubitta Bittiya Sanstha Limited,MLBS,,,,-1.97,,,,,,,,,,,,,,1161.0,,-23.3,,,,,,,7,"price_volume, live_market, summary, top_gainers, top_losers, nepse_index, supply_demand",5152
2026-07-15T13:37:15.760668+05:45,2026-07-15 13:37:15,top_losers,top_losers_13,True,cloud_automated,Wednesday - Trading Hours: 11:00 AM - 3:00 PM NPT,9232,Chirkhwa Hydropower Limited ,CKHL,,,,-1.94,,,,,,,,,,,,,,532.0,,-10.5,,,,,,,7,"price_volume, live_market, summary, top_gainers, top_losers, nepse_index, supply_demand",5152
2026-07-15T13:37:15.760668+05:45,2026-07-15 13:37:15,top_losers,top_losers_14,True,cloud_automated,Wednesday - Trading Hours: 11:00 AM - 3:00 PM NPT,156,Bishal Bazar Company Limited,BBC,,,,-1.79,,,,,,,,,,,,,,4054.2,,-73.8,,,,,,,7,"price_volume, live_market, summary, top_gainers, top_losers, nepse_index, supply_demand",5152
2026-07-15T13:37:15.760668+05:45,2026-07-15 13:37:15,top_losers,top_losers_15,True,cloud_automated,Wednesday - Trading Hours: 11:00 AM - 3:00 PM NPT,2933,Kumari Equity Fund,KEF,,,,-1.71,,,,,,,,,,,,,,10.32,,-0.18,,,,,,,7,"price_volume, live_market, summary, top_gainers, top_losers, nepse_index, supply_demand",5152
2026-07-15T13:37:15.760668+05:45,2026-07-15 13:37:15,top_losers,top_losers_16,True,cloud_automated,Wednesday - Trading Hours: 11:00 AM - 3:00 PM NPT,9225,Vision Lumbini Urja Company Limited ,VLUCL,,,,-1.51,,,,,,,,,,,,,,423.0,,-6.5,,,,,,,7,"price_volume, live_market, summary, top_gainers, top_losers, nepse_index, supply_demand",5152
2026-07-15T13:37:15.760668+05:45,2026-07-15 13:37:15,top_losers,top_losers_17,True,cloud_automated,Wednesday - Trading Hours: 11:00 AM - 3:00 PM NPT,2815,Ganapati Laghubitta Bittiya Sanstha Limited,GMFBS,,,,-1.41,,,,,,,,,,,,,,1179.1,,-16.9,,,,,,,7,"price_volume, live_market, summary, top_gainers, top_losers, nepse_index, supply_demand",5152
2026-07-15T13:37:15.760668+05:45,2026-07-15 13:37:15,top_losers,top_losers_18,True,cloud_automated,Wednesday - Trading Hours: 11:00 AM - 3:00 PM NPT,2896,Sampada Laghubitta Bittiya Sanstha Limited,SMPDA,,,,-1.2,,,,,,,,,,,,,,740.0,,-9.0,,,,,,,7,"price_volume, live_market, summary, top_gainers, top_losers, nepse_index, supply_demand",5152
2026-07-15T13:37:15.760668+05:45,2026-07-15 13:37:15,top_losers,top_losers_19,True,cloud_automated,Wednesday - Trading Hours: 11:00 AM - 3:00 PM NPT,2935,Ru Ru Jalbidhyut Pariyojana Limited,RURU,,,,-1.14,,,,,,,,,,,,,,608.0,,-7.0,,,,,,,7,"price_volume, live_market, summary, top_gainers, top_losers, nepse_index, supply_demand",5152
2026-07-15T13:37:15.760668+05:45,2026-07-15 13:37:15,top_losers,top_losers_20,True,cloud_automated,Wednesday - Trading Hours: 11:00 AM - 3:00 PM NPT,371,Miteri Development Bank Limited,MDB,,,,-1.11,,,,,,,,,,,,,,577.0,,-6.5,,,,,,,7,"price_volume, live_market, summary, top_gainers, top_losers, nepse_index, supply_demand",5152
2026-07-15T13:37:15.760668+05:45,2026-07-15 13:37:15,top_losers,top_losers_21,True,cloud_automated,Wednesday - Trading Hours: 11:00 AM - 3:00 PM NPT,593,Kalika Laghubitta Bittiya Sanstha Ltd,KMCDB,,,,-1.01,,,,,,,,,,,,,,752.3,,-7.7,,,,,,,7,"price_volume, live_market, summary, top_gainers, top_losers, nepse_index, supply_demand",5152
2026-07-15T13:37:15.760668+05:45,2026-07-15 13:37:15,top_losers,top_losers_22,True,cloud_automated,Wednesday - Trading Hours: 11:00 AM - 3:00 PM NPT,9248,Garima Samriddhi Yojana,GSY,,,,-0.99,,,,,,,,,,,,,,10.0,,-0.1,,,,,,,7,"price_volume, live_market, summary, top_gainers, top_losers, nepse_index, supply_demand",5152
2026-07-15T13:37:15.760668+05:45,2026-07-15 13:37:15,top_losers,top_losers_23,True,cloud_automated,Wednesday - Trading Hours: 11:00 AM - 3:00 PM NPT,9327,8% ICFC Finance Limited Debenture 2089,ICFCD89,,,,-0.98,,,,,,,,,,,,,,1109.0,,-11.0,,,,,,,7,"price_volume, live_market, summary, top_gainers, top_losers, nepse_index, supply_demand",5152
2026-07-15T13:37:15.760668+05:45,2026-07-15 13:37:15,top_losers,top_losers_24,True,cloud_automated,Wednesday - Trading Hours: 11:00 AM - 3:00 PM NPT,583,Grameen Bikas Laghubitta Bittiya Sanstha Ltd.,GBLBS,,,,-0.98,,,,,,,,,,,,,,727.8,,-7.2,,,,,,,7,"price_volume, live_market, summary, top_gainers, top_losers, nepse_index, supply_demand",5152
2026-07-15T13:37:15.760668+05:45,2026-07-15 13:37:15,top_losers,top_losers_25,True,cloud_automated,Wednesday - Trading Hours: 11:00 AM - 3:00 PM NPT,2859,Siddhartha Investment Growth Scheme - 2,SIGS2,,,,-0.98,,,,,,,,,,,,,,10.1,,-0.1,,,,,,,7,"price_volume, live_market, summary, top_gainers, top_losers, nepse_index, supply_demand",5152
2026-07-15T13:37:15.760668+05:45,2026-07-15 13:37:15,top_losers,top_losers_26,True,cloud_automated,Wednesday - Trading Hours: 11:00 AM - 3:00 PM NPT,9311,Solu Hydropower Limited,SOHL,,,,-0.92,,,,,,,,,,,,,,525.1,,-4.9,,,,,,,7,"price_volume, live_market, summary, top_gainers, top_losers, nepse_index, supply_demand",5152
2026-07-15T13:37:15.760668+05:45,2026-07-15 13:37:15,top_losers,top_losers_27,True,cloud_automated,Wednesday - Trading Hours: 11:00 AM - 3:00 PM NPT,2835,NABIL BALANCED FUND-2,NBF2,,,,-0.9,,,,,,,,,,,,,,9.91,,-0.09,,,,,,,7,"price_volume, live_market, summary, top_gainers, top_losers, nepse_index, supply_demand",5152
2026-07-15T13:37:15.760668+05:45,2026-07-15 13:37:15,top_losers,top_losers_28,True,cloud_automated,Wednesday - Trading Hours: 11:00 AM - 3:00 PM NPT,9246,Guardian Micro Life Insurance Limited ,GMLI,,,,-0.85,,,,,,,,,,,,,,1160.1,,-9.9,,,,,,,7,"price_volume, live_market, summary, top_gainers, top_losers, nepse_index, supply_demand",5152
2026-07-15T13:37:15.760668+05:45,2026-07-15 13:37:15,top_losers,top_losers_29,True,cloud_automated,Wednesday - Trading Hours: 11:00 AM - 3:00 PM NPT,163,Nirdhan Utthan Laghubitta Bittiya Sanstha Limited,NUBL,,,,-0.84,,,,,,,,,,,,,,590.0,,-5.0,,,,,,,7,"price_volume, live_market, summary, top_gainers, top_losers, nepse_index, supply_demand",5152
2026-07-15T13:37:15.760668+05:45,2026-07-15 13:37:15,top_losers,top_losers_30,True,cloud_automated,Wednesday - Trading Hours: 11:00 AM - 3:00 PM NPT,8025,Samling Power Company Limited,SPC,,,,-0.79,,,,,,,,,,,,,,416.7,,-3.3,,,,,,,7,"price_volume, live_market, summary, top_gainers, top_losers, nepse_index, supply_demand",5152
2026-07-15T13:37:15.760668+05:45,2026-07-15 13:37:15,top_losers,top_losers_31,True,cloud_automated,Wednesday - Trading Hours: 11:00 AM - 3:00 PM NPT,2768,Mahuli Laghubitta Bittiya Sanstha Limited,MSLB,,,,-0.74,,,,,,,,,,,,,,1210.0,,-9.0,,,,,,,7,"price_volume, live_market, summary, top_gainers, top_losers, nepse_index, supply_demand",5152
2026-07-15T13:37:15.760668+05:45,2026-07-15 13:37:15,top_losers,top_losers_32,True,cloud_automated,Wednesday - Trading Hours: 11:00 AM - 3:00 PM NPT,9257,MBL Equity Fund,MBLEF,,,,-0.7,,,,,,,,,,,,,,10.0,,-0.07,,,,,,,7,"price_volume, live_market, summary, top_gainers, top_losers, nepse_index, supply_demand",5152
2026-07-15T13:37:15.760668+05:45,2026-07-15 13:37:15,top_losers,top_losers_33,True,cloud_automated,Wednesday - Trading Hours: 11:00 AM - 3:00 PM NPT,9258,Pure Energy Limited,PURE,,,,-0.66,,,,,,,,,,,,,,735.1,,-4.9,,,,,,,7,"price_volume, live_market, summary, top_gainers, top_losers, nepse_index, supply_demand",5152
2026-07-15T13:37:15.760668+05:45,2026-07-15 13:37:15,top_losers,top_losers_34,True,cloud_automated,Wednesday - Trading Hours: 11:00 AM - 3:00 PM NPT,8074,Kumari Dhanabriddhi Yojana,KDBY,,,,-0.65,,,,,,,,,,,,,,10.76,,-0.07,,,,,,,7,"price_volume, live_market, summary, top_gainers, top_losers, nepse_index, supply_demand",5152
2026-07-15T13:37:15.760668+05:45,2026-07-15 13:37:15,top_losers,top_losers_35,True,cloud_automated,Wednesday - Trading Hours: 11:00 AM - 3:00 PM NPT,8102,Mandakini Hydropower Limited,MHL,,,,-0.64,,,,,,,,,,,,,,467.0,,-3.0,,,,,,,7,"price_volume, live_market, summary, top_gainers, top_losers, nepse_index, supply_demand",5152
2026-07-15T13:37:15.760668+05:45,2026-07-15 13:37:15,top_losers,top_losers_36,True,cloud_automated,Wednesday - Trading Hours: 11:00 AM - 3:00 PM NPT,9270,Him Star Urja Company Limited,HIMSTAR,,,,-0.62,,,,,,,,,,,,,,640.0,,-4.0,,,,,,,7,"price_volume, live_market, summary, top_gainers, top_losers, nepse_index, supply_demand",5152
2026-07-15T13:37:15.760668+05:45,2026-07-15 13:37:15,top_losers,top_losers_37,True,cloud_automated,Wednesday - Trading Hours: 11:00 AM - 3:00 PM NPT,9178,RBB Mutual Fund 2,RMF2,,,,-0.62,,,,,,,,,,,,,,9.64,,-0.06,,,,,,,7,"price_volume, live_market, summary, top_gainers, top_losers, nepse_index, supply_demand",5152
2026-07-15T13:37:15.760668+05:45,2026-07-15 13:37:15,top_losers,top_losers_38,True,cloud_automated,Wednesday - Trading Hours: 11:00 AM - 3:00 PM NPT,9140,Unique Nepal Laghubitta Bittiya Sanstha Limited,UNLB,,,,-0.58,,,,,,,,,,,,,,1290.0,,-7.5,,,,,,,7,"price_volume, live_market, summary, top_gainers, top_losers, nepse_index, supply_demand",5152
2026-07-15T13:37:15.760668+05:45,2026-07-15 13:37:15,top_losers,top_losers_39,True,cloud_automated,Wednesday - Trading Hours: 11:00 AM - 3:00 PM NPT,2767,Himalayan Power Partner Ltd.,HPPL,,,,-0.57,,,,,,,,,,,,,,348.9,,-2.0,,,,,,,7,"price_volume, live_market, summary, top_gainers, top_losers, nepse_index, supply_demand",5152
2026-07-15T13:37:15.760668+05:45,2026-07-15 13:37:15,top_losers,top_losers_40,True,cloud_automated,Wednesday - Trading Hours: 11:00 AM - 3:00 PM NPT,9296,Bungal Hydro Limited,BUNGAL,,,,-0.52,,,,,,,,,,,,,,572.0,,-3.0,,,,,,,7,"price_volume, live_market, summary, top_gainers, top_losers, nepse_index, supply_demand",5152
2026-07-15T13:37:15.760668+05:45,2026-07-15 13:37:15,top_losers,top_losers_41,True,cloud_automated,Wednesday - Trading Hours: 11:00 AM - 3:00 PM NPT,9241,Kumari Sabal Yojana,KSY,,,,-0.51,,,,,,,,,,,,,,9.75,,-0.05,,,,,,,7,"price_volume, live_market, summary, top_gainers, top_losers, nepse_index, supply_demand",5152
2026-07-15T13:37:15.760668+05:45,2026-07-15 13:37:15,top_losers,top_losers_42,True,cloud_automated,Wednesday - Trading Hours: 11:00 AM - 3:00 PM NPT,705,Global IME Laghubitta Bittiya Sanstha Ltd.,GILB,,,,-0.47,,,,,,,,,,,,,,1060.0,,-5.0,,,,,,,7,"price_volume, live_market, summary, top_gainers, top_losers, nepse_index, supply_demand",5152
2026-07-15T13:37:15.760668+05:45,2026-07-15 13:37:15,top_losers,top_losers_43,True,cloud_automated,Wednesday - Trading Hours: 11:00 AM - 3:00 PM NPT,9212,Mandu Hydropower Limited,MANDU,,,,-0.44,,,,,,,,,,,,,,800.5,,-3.5,,,,,,,7,"price_volume, live_market, summary, top_gainers, top_losers, nepse_index, supply_demand",5152
2026-07-15T13:37:15.760668+05:45,2026-07-15 13:37:15,top_losers,top_losers_44,True,cloud_automated,Wednesday - Trading Hours: 11:00 AM - 3:00 PM NPT,695,Janautthan Samudayic Laghubitta Bittya Sanstha Limited,JSLBB,,,,-0.42,,,,,,,,,,,,,,985.6,,-4.2,,,,,,,7,"price_volume, live_market, summary, top_gainers, top_losers, nepse_index, supply_demand",5152
2026-07-15T13:37:15.760668+05:45,2026-07-15 13:37:15,top_losers,top_losers_45,True,cloud_automated,Wednesday - Trading Hours: 11:00 AM - 3:00 PM NPT,9322,Bhujung Hydropower Limited,BJHL,,,,-0.4,,,,,,,,,,,,,,677.2,,-2.7,,,,,,,7,"price_volume, live_market, summary, top_gainers, top_losers, nepse_index, supply_demand",5152
2026-07-15T13:37:15.760668+05:45,2026-07-15 13:37:15,top_losers,top_losers_46,True,cloud_automated,Wednesday - Trading Hours: 11:00 AM - 3:00 PM NPT,135,Nepal SBI Bank Limited,SBI,,,,-0.39,,,,,,,,,,,,,,387.4,,-1.5,,,,,,,7,"price_volume, live_market, summary, top_gainers, top_losers, nepse_index, supply_demand",5152
2026-07-15T13:37:15.760668+05:45,2026-07-15 13:37:15,top_losers,top_losers_47,True,cloud_automated,Wednesday - Trading Hours: 11:00 AM - 3:00 PM NPT,2807,Asha Laghubitta Bittiya Sanstha Ltd,ALBSL,,,,-0.38,,,,,,,,,,,,,,1045.0,,-4.0,,,,,,,7,"price_volume, live_market, summary, top_gainers, top_losers, nepse_index, supply_demand",5152
2026-07-15T13:37:15.760668+05:45,2026-07-15 13:37:15,top_losers,top_losers_48,True,cloud_automated,Wednesday - Trading Hours: 11:00 AM - 3:00 PM NPT,9264,7% RBBL Debenture 2088,RBBD2088,,,,-0.38,,,,,,,,,,,,,,1061.0,,-4.0,,,,,,,7,"price_volume, live_market, summary, top_gainers, top_losers, nepse_index, supply_demand",5152
2026-07-15T13:37:15.760668+05:45,2026-07-15 13:37:15,top_losers,top_losers_49,True,cloud_automated,Wednesday - Trading Hours: 11:00 AM - 3:00 PM NPT,2746,National Laghubitta Bittiya Sanstha Limited,NMFBS,,,,-0.35,,,,,,,,,,,,,,1103.1,,-3.9,,,,,,,7,"price_volume, live_market, summary, top_gainers, top_losers, nepse_index, supply_demand",5152
2026-07-15T13:37:15.760668+05:45,2026-07-15 13:37:15,top_losers,top_losers_50,True,cloud_automated,Wednesday - Trading Hours: 11:00 AM - 3:00 PM NPT,9233,Nepal Warehousing Company Limited ,NWCL,,,,-0.35,,,,,,,,,,,,,,702.5,,-2.5,,,,,,,7,"price_volume, live_market, summary, top_gainers, top_losers, nepse_index, supply_demand",5152
2026-07-15T13:37:15.760668+05:45,2026-07-15 13:37:15,top_losers,top_losers_51,True,cloud_automated,Wednesday - Trading Hours: 11:00 AM - 3:00 PM NPT,180,United Ajod Insurance Limited,UAIL,,,,-0.35,,,,,,,,,,,,,,431.5,,-1.5,,,,,,,7,"price_volume, live_market, summary, top_gainers, top_losers, nepse_index, supply_demand",5152
2026-07-15T13:37:15.760668+05:45,2026-07-15 13:37:15,top_losers,top_losers_52,True,cloud_automated,Wednesday - Trading Hours: 11:00 AM - 3:00 PM NPT,9304,Citizens Santulit Yojana,CSY,,,,-0.33,,,,,,,,,,,,,,9.09,,-0.03,,,,,,,7,"price_volume, live_market, summary, top_gainers, top_losers, nepse_index, supply_demand",5152
2026-07-15T13:37:15.760668+05:45,2026-07-15 13:37:15,top_losers,top_losers_53,True,cloud_automated,Wednesday - Trading Hours: 11:00 AM - 3:00 PM NPT,9329,Shikhar power Development Limited,SIPD,,,,-0.3,,,,,,,,,,,,,,568.2,,-1.7,,,,,,,7,"price_volume, live_market, summary, top_gainers, top_losers, nepse_index, supply_demand",5152
2026-07-15T13:37:15.760668+05:45,2026-07-15 13:37:15,top_losers,top_losers_54,True,cloud_automated,Wednesday - Trading Hours: 11:00 AM - 3:00 PM NPT,9252,Crest Micro Life Insurance Limited,CREST,,,,-0.25,,,,,,,,,,,,,,1172.0,,-2.9,,,,,,,7,"price_volume, live_market, summary, top_gainers, top_losers, nepse_index, supply_demand",5152
2026-07-15T13:37:15.760668+05:45,2026-07-15 13:37:15,top_losers,top_losers_55,True,cloud_automated,Wednesday - Trading Hours: 11:00 AM - 3:00 PM NPT,8075,Bindhyabasini Hydropower Development Company Limited,BHDC,,,,-0.21,,,,,,,,,,,,,,424.1,,-0.9,,,,,,,7,"price_volume, live_market, summary, top_gainers, top_losers, nepse_index, supply_demand",5152
2026-07-15T13:37:15.760668+05:45,2026-07-15 13:37:15,top_losers,top_losers_56,True,cloud_automated,Wednesday - Trading Hours: 11:00 AM - 3:00 PM NPT,4968,RBB Mutual Fund 1,RMF1,,,,-0.21,,,,,,,,,,,,,,9.67,,-0.02,,,,,,,7,"price_volume, live_market, summary, top_gainers, top_losers, nepse_index, supply_demand",5152
2026-07-15T13:37:15.760668+05:45,2026-07-15 13:37:15,top_losers,top_losers_57,True,cloud_automated,Wednesday - Trading Hours: 11:00 AM - 3:00 PM NPT,2769,Nepal Hydro Developers Ltd.,NHDL,,,,-0.16,,,,,,,,,,,,,,630.0,,-1.0,,,,,,,7,"price_volume, live_market, summary, top_gainers, top_losers, nepse_index, supply_demand",5152
2026-07-15T13:37:15.760668+05:45,2026-07-15 13:37:15,top_losers,top_losers_58,True,cloud_automated,Wednesday - Trading Hours: 11:00 AM - 3:00 PM NPT,179,Himalayan Everest Insurance Limited,HEI,,,,-0.16,,,,,,,,,,,,,,512.1,,-0.8,,,,,,,7,"price_volume, live_market, summary, top_gainers, top_losers, nepse_index, supply_demand",5152
2026-07-15T13:37:15.760668+05:45,2026-07-15 13:37:15,top_losers,top_losers_59,True,cloud_automated,Wednesday - Trading Hours: 11:00 AM - 3:00 PM NPT,9215,Mid Solu Hydropower Limited,MSHL,,,,-0.15,,,,,,,,,,,,,,599.0,,-0.9,,,,,,,7,"price_volume, live_market, summary, top_gainers, top_losers, nepse_index, supply_demand",5152
2026-07-15T13:37:15.760668+05:45,2026-07-15 13:37:15,top_losers,top_losers_60,True,cloud_automated,Wednesday - Trading Hours: 11:00 AM - 3:00 PM NPT,9302,RBB Focus 40,RBBF40,,,,-0.11,,,,,,,,,,,,,,9.29,,-0.01,,,,,,,7,"price_volume, live_market, summary, top_gainers, top_losers, nepse_index, supply_demand",5152
2026-07-15T13:37:15.760668+05:45,2026-07-15 13:37:15,top_losers,top_losers_61,True,cloud_automated,Wednesday - Trading Hours: 11:00 AM - 3:00 PM NPT,8117,Aviyan Laghubitta Bittiya Sanstha Limited,AVYAN,,,,-0.1,,,,,,,,,,,,,,1030.0,,-1.0,,,,,,,7,"price_volume, live_market, summary, top_gainers, top_losers, nepse_index, supply_demand",5152
2026-07-15T13:37:15.760668+05:45,2026-07-15 13:37:15,top_losers,top_losers_62,True,cloud_automated,Wednesday - Trading Hours: 11:00 AM - 3:00 PM NPT,9148,Super Mai Hydropower Limited,SMH,,,,-0.08,,,,,,,,,,,,,,496.6,,-0.4,,,,,,,7,"price_volume, live_market, summary, top_gainers, top_losers, nepse_index, supply_demand",5152
2026-07-15T13:37:15.760668+05:45,2026-07-15 13:37:15,top_losers,top_losers_63,True,cloud_automated,Wednesday - Trading Hours: 11:00 AM - 3:00 PM NPT,2810,UNIVERSAL POWER COMPANY LTD,UPCL,,,,-0.08,,,,,,,,,,,,,,354.6,,-0.3,,,,,,,7,"price_volume, live_market, summary, top_gainers, top_losers, nepse_index, supply_demand",5152
2026-07-15T13:37:15.760668+05:45,2026-07-15 13:37:15,top_losers,top_losers_64,True,cloud_automated,Wednesday - Trading Hours: 11:00 AM - 3:00 PM NPT,9306,Reliance Spinning Mills Limited,RSML,,,,-0.07,,,,,,,,,,,,,,3023.0,,-2.0,,,,,,,7,"price_volume, live_market, summary, top_gainers, top_losers, nepse_index, supply_demand",5152
2026-07-15T13:37:15.760668+05:45,2026-07-15 13:37:15,nepse_index,nepse_index_summary,True,cloud_automated,Wednesday - Trading Hours: 11:00 AM - 3:00 PM NPT,,,,,,,,,,,,,,,,,,,,,,,,"{'id': 63, 'auditId': None, 'exchangeIndexId': None, 'generatedTime': '2026-07-15T13:36:56.677', 'index': 'Sensitive Float Index', 'close': 152.51, 'high': 154.3403, 'low': 151.9315, 'previousClose': 152.5053, 'change': 1.19, 'perChange': 0.78, 'fiftyTwoWeekHigh': 177.31, 'fiftyTwoWeekLow': 147.61, 'currentValue': 153.7}","{'id': 62, 'auditId': None, 'exchangeIndexId': None, 'generatedTime': '2026-07-15T13:37:00.533', 'index': 'Float Index', 'close': 176.89, 'high': 178.6884, 'low': 176.7407, 'previousClose': 176.8891, 'change': 1.32, 'perChange': 0.74, 'fiftyTwoWeekHigh': 206.26, 'fiftyTwoWeekLow': 170.58, 'currentValue': 178.21}","{'id': 57, 'auditId': None, 'exchangeIndexId': None, 'generatedTime': '2026-07-15T13:36:56.677', 'index': 'Sensitive Index', 'close': 451.35, 'high': 456.5095, 'low': 449.9832, 'previousClose': 451.3488, 'change': 3.34, 'perChange': 0.74, 'fiftyTwoWeekHigh': 518.6, 'fiftyTwoWeekLow': 435.29, 'currentValue': 454.69}","{'id': 58, 'auditId': None, 'exchangeIndexId': None, 'generatedTime': '2026-07-15T13:37:00.53', 'index': 'NEPSE Index', 'close': 2576.29, 'high': 2601.9913, 'low': 2576.6109, 'previousClose': 2576.2936, 'change': 18.74, 'perChange': 0.72, 'fiftyTwoWeekHigh': 3002.08, 'fiftyTwoWeekLow': 2487.18, 'currentValue': 2595.03}",,,7,"price_volume, live_market, summary, top_gainers, top_losers, nepse_index, supply_demand",5152
2026-07-15T13:37:15.760668+05:45,2026-07-15 13:37:15,supply_demand,supply_demand_summary,True,cloud_automated,Wednesday - Trading Hours: 11:00 AM - 3:00 PM NPT,,,,,,,,,,,,,,,,,,,,,,,,,,,,"[{'totalQuantity': 1107888, 'totalOrder': 8, 'securityId': 9174, 'symbol': 'PRSF', 'securityName': 'Prabhu Smart Fund'}, {'totalQuantity': 717340, 'totalOrder': 5, 'securityId': 9257, 'symbol': 'MBLEF', 'securityName': 'MBL Equity Fund'}, {'totalQuantity': 495250, 'totalOrder': 4, 'securityId': 9182, 'symbol': 'SIGS3', 'securityName': 'Siddhartha Investment Growth Scheme 3'}, {'totalQuantity': 222650, 'totalOrder': 6, 'securityId': 9269, 'symbol': 'GBIMESY2', 'securityName': 'Global IME Sammunat Yojana -2'}, {'totalQuantity': 170715, 'totalOrder': 4, 'securityId': 2867, 'symbol': 'NMB50', 'securityName': 'NMB 50'}, {'totalQuantity': 163700, 'totalOrder': 6, 'securityId': 9245, 'symbol': 'MNMF1', 'securityName': 'Muktinath Mutual Fund 1'}, {'totalQuantity': 139946, 'totalOrder': 6, 'securityId': 2788, 'symbol': 'AKJCL', 'securityName': 'Ankhu Khola Jalvidhyut Company Ltd'}, {'totalQuantity': 117460, 'totalOrder': 5, 'securityId': 4947, 'symbol': 'PSF', 'securityName': 'Prabhu Select Fund'}, {'totalQuantity': 114900, 'totalOrder': 3, 'securityId': 4968, 'symbol': 'RMF1', 'securityName': 'RBB Mutual Fund 1'}, {'totalQuantity': 112173, 'totalOrder': 18, 'securityId': 132, 'symbol': 'NIMB', 'securityName': 'Nepal Investment Mega Bank Limited'}, {'totalQuantity': 101100, 'totalOrder': 5, 'securityId': 2835, 'symbol': 'NBF2', 'securityName': 'NABIL BALANCED FUND-2'}, {'totalQuantity': 101019, 'totalOrder': 3, 'securityId': 9302, 'symbol': 'RBBF40', 'securityName': 'RBB Focus 40'}, {'totalQuantity': 100474, 'totalOrder': 11, 'securityId': 2880, 'symbol': 'HDHPC', 'securityName': 'Himal Dolakha Hydropower Company Limited'}, {'totalQuantity': 100170, 'totalOrder': 5, 'securityId': 2922, 'symbol': 'SBD87', 'securityName': '8.5% Sanima Debenture 2087'}, {'totalQuantity': 100000, 'totalOrder': 1, 'securityId': 9178, 'symbol': 'RMF2', 'securityName': 'RBB Mutual Fund 2'}, {'totalQuantity': 96471, 'totalOrder': 13, 'securityId': 141, 'symbol': 'LSL', 'securityName': 'Laxmi Sunrise Bank Limited'}, {'totalQuantity': 95144, 'totalOrder': 18, 'securityId': 341, 'symbol': 'GBIME', 'securityName': 'Global IME Bank Limited'}, {'totalQuantity': 89412, 'totalOrder': 9, 'securityId': 610, 'symbol': 'RIDI', 'securityName': 'Ridi Power Company Limited'}, {'totalQuantity': 87400, 'totalOrder': 16, 'securityId': 142, 'symbol': 'KBL', 'securityName': 'Kumari Bank Limited'}, {'totalQuantity': 83075, 'totalOrder': 5, 'securityId': 2770, 'symbol': 'SEF', 'securityName': 'Siddhartha Equity Fund'}, {'totalQuantity': 80700, 'totalOrder': 5, 'securityId': 2877, 'symbol': 'SFMF', 'securityName': 'Sunrise First Mutual Fund'}, {'totalQuantity': 75173, 'totalOrder': 9, 'securityId': 152, 'symbol': 'NHPC', 'securityName': 'National Hydro Power Company Limited'}, {'totalQuantity': 73061, 'totalOrder': 10, 'securityId': 697, 'symbol': 'API', 'securityName': 'Api Power Company Ltd.'}, {'totalQuantity': 70779, 'totalOrder': 6, 'securityId': 8111, 'symbol': 'HIDCLP', 'securityName': 'Hydorelectricity Investment and Development Company Limited Promoter'}, {'totalQuantity': 69618, 'totalOrder': 12, 'securityId': 2792, 'symbol': 'UPPER', 'securityName': 'Upper Tamakoshi Hydropower Ltd'}, {'totalQuantity': 69565, 'totalOrder': 6, 'securityId': 9244, 'symbol': 'NIBLSTF', 'securityName': 'NIBL Stable Fund'}, {'totalQuantity': 66575, 'totalOrder': 2, 'securityId': 8125, 'symbol': 'NSIF2', 'securityName': 'NMB Sulav Investment Fund - 2'}, {'totalQuantity': 65764, 'totalOrder': 15, 'securityId': 8021, 'symbol': 'SAHAS', 'securityName': 'Sahas Urja Limited'}, {'totalQuantity': 64994, 'totalOrder': 15, 'securityId': 2907, 'symbol': 'SSHL', 'securityName': 'Shiva Shree Hydropower Ltd'}, {'totalQuantity': 63676, 'totalOrder': 11, 'securityId': 2776, 'symbol': 'RADHI', 'securityName': 'Radhi Bidyut Company Ltd'}, {'totalQuantity': 63607, 'totalOrder': 6, 'securityId': 2767, 'symbol': 'HPPL', 'securityName': 'Himalayan Power Partner Ltd.'}, {'totalQuantity': 60126, 'totalOrder': 10, 'securityId': 245, 'symbol': 'CFCL', 'securityName': 'Central Finance Co. Ltd.'}, {'totalQuantity': 56764, 'totalOrder': 9, 'securityId': 517, 'symbol': 'NBL', 'securityName': 'Nepal Bank Limited'}, {'totalQuantity': 56453, 'totalOrder': 9, 'securityId': 2810, 'symbol': 'UPCL', 'securityName': 'UNIVERSAL POWER COMPANY LTD'}, {'totalQuantity': 51900, 'totalOrder': 14, 'securityId': 8023, 'symbol': 'MMF1', 'securityName': 'Mega Mutual Fund -1'}, {'totalQuantity': 51242, 'totalOrder': 12, 'securityId': 2934, 'symbol': 'SHEL', 'securityName': 'Singati Hydro Energy Limited'}, {'totalQuantity': 49965, 'totalOrder': 13, 'securityId': 134, 'symbol': 'HBL', 'securityName': 'Himalayan Bank Limited'}, {'totalQuantity': 49841, 'totalOrder': 21, 'securityId': 255, 'symbol': 'PRVU', 'securityName': 'Prabhu  Bank Limited'}, {'totalQuantity': 49502, 'totalOrder': 5, 'securityId': 9266, 'symbol': 'NICAD2091', 'securityName': '7% NIC ASIA Debenture 2091'}, {'totalQuantity': 48995, 'totalOrder': 6, 'securityId': 2912, 'symbol': 'SBLD84', 'securityName': '8.5% SBL Debenture 2084'}, {'totalQuantity': 48108, 'totalOrder': 8, 'securityId': 2743, 'symbol': 'NGPL', 'securityName': 'Ngadi Group Power Ltd.'}, {'totalQuantity': 47802, 'totalOrder': 5, 'securityId': 2889, 'symbol': 'CIZBD86', 'securityName': '10.25% Citizens Bank Debenture 2086'}, {'totalQuantity': 46834, 'totalOrder': 10, 'securityId': 2809, 'symbol': 'SHIVM', 'securityName': 'SHIVAM CEMENTS LTD'}, {'totalQuantity': 46465, 'totalOrder': 10, 'securityId': 171, 'symbol': 'SANIMA', 'securityName': 'Sanima Bank Limited'}, {'totalQuantity': 46396, 'totalOrder': 8, 'securityId': 2742, 'symbol': 'HIDCL', 'securityName': 'Hydorelectricity Investment and Development Company Ltd'}, {'totalQuantity': 45587, 'totalOrder': 8, 'securityId': 2933, 'symbol': 'KEF', 'securityName': 'Kumari Equity Fund'}, {'totalQuantity': 44862, 'totalOrder': 11, 'securityId': 2903, 'symbol': 'LEC', 'securityName': 'Liberty Energy Company Limited'}, {'totalQuantity': 43233, 'totalOrder': 12, 'securityId': 360, 'symbol': 'AHPC', 'securityName': 'Arun Valley Hydropower Development Co. Ltd.'}, {'totalQuantity': 43210, 'totalOrder': 20, 'securityId': 140, 'symbol': 'MBL', 'securityName': 'Machhapuchhre Bank Limited'}, {'totalQuantity': 42837, 'totalOrder': 3, 'securityId': 9154, 'symbol': 'SFEF', 'securityName': 'Sunrise Focused Equity Fund'}, {'totalQuantity': 41857, 'totalOrder': 5, 'securityId': 2881, 'symbol': 'NRIC', 'securityName': 'Nepal Reinsurance Company Limited'}, {'totalQuantity': 41208, 'totalOrder': 9, 'securityId': 145, 'symbol': 'SBL', 'securityName': 'Siddhartha Bank Limited'}, {'totalQuantity': 39112, 'totalOrder': 5, 'securityId': 2760, 'symbol': 'UMHL', 'securityName': 'United Modi Hydropower Ltd.'}, {'totalQuantity': 37304, 'totalOrder': 12, 'securityId': 8055, 'symbol': 'BHL', 'securityName': 'Balephi Hydropower Limited'}, {'totalQuantity': 36647, 'totalOrder': 10, 'securityId': 2919, 'symbol': 'NIFRA', 'securityName': 'Nepal Infrastructure Bank Limited'}, {'totalQuantity': 35967, 'totalOrder': 11, 'securityId': 2913, 'symbol': 'MEN', 'securityName': 'Mountain Energy Nepal Limited'}, {'totalQuantity': 35675, 'totalOrder': 15, 'securityId': 2757, 'symbol': 'AKPL', 'securityName': 'Arun Kabeli Power Ltd.'}, {'totalQuantity': 34800, 'totalOrder': 20, 'securityId': 131, 'symbol': 'NABIL', 'securityName': 'Nabil Bank Limited'}, {'totalQuantity': 33406, 'totalOrder': 6, 'securityId': 2898, 'symbol': 'NRN', 'securityName': 'NRN Infrastructure and Development Limited'}, {'totalQuantity': 33311, 'totalOrder': 9, 'securityId': 348, 'symbol': 'CZBIL', 'securityName': 'Citizens Bank International Limited'}, {'totalQuantity': 32671, 'totalOrder': 7, 'securityId': 227, 'symbol': 'BFC', 'securityName': 'Best Finance Company Ltd.'}, {'totalQuantity': 31865, 'totalOrder': 6, 'securityId': 2759, 'symbol': 'SPDL', 'securityName': 'Synergy Power Development Ltd.'}, {'totalQuantity': 31830, 'totalOrder': 11, 'securityId': 9159, 'symbol': 'SMJC', 'securityName': 'Sagarmatha Jalabidhyut Company Limited'}, {'totalQuantity': 30978, 'totalOrder': 6, 'securityId': 9177, 'symbol': 'SCBD', 'securityName': '10.30% Standard Chartered Bank Limited Debenture'}, {'totalQuantity': 30941, 'totalOrder': 8, 'securityId': 2824, 'symbol': 'HURJA', 'securityName': 'Himalaya Urja Bikas Company Limited'}, {'totalQuantity': 30411, 'totalOrder': 7, 'securityId': 2806, 'symbol': 'GHL', 'securityName': 'Ghalemdi Hydro Limited'}, {'totalQuantity': 29371, 'totalOrder': 9, 'securityId': 8099, 'symbol': 'UHEWA', 'securityName': 'Upper Hewakhola Hydropower Company Limited'}, {'totalQuantity': 29278, 'totalOrder': 6, 'securityId': 9168, 'symbol': 'GBILD84/85', 'securityName': 'Global IME Bank Debenture, 2084/85'}, {'totalQuantity': 28898, 'totalOrder': 9, 'securityId': 135, 'symbol': 'SBI', 'securityName': 'Nepal SBI Bank Limited'}, {'totalQuantity': 28258, 'totalOrder': 5, 'securityId': 9146, 'symbol': 'SMHL', 'securityName': 'Super Madi Hydropower Limited'}, {'totalQuantity': 27601, 'totalOrder': 8, 'securityId': 9173, 'symbol': 'CITY', 'securityName': 'City Hotel Limited'}, {'totalQuantity': 27500, 'totalOrder': 6, 'securityId': 9259, 'symbol': 'RSY', 'securityName': 'Reliable Samriddhi Yojana'}, {'totalQuantity': 27100, 'totalOrder': 5, 'securityId': 8024, 'symbol': 'NBF3', 'securityName': 'Nabil Balanced Fund-3'}, {'totalQuantity': 27043, 'totalOrder': 7, 'securityId': 2751, 'symbol': 'KKHC', 'securityName': 'Khanikhola Hydropower Co. Ltd.'}, {'totalQuantity': 26845, 'totalOrder': 7, 'securityId': 9264, 'symbol': 'RBBD2088', 'securityName': '7% RBBL Debenture 2088'}, {'totalQuantity': 26550, 'totalOrder': 8, 'securityId': 8074, 'symbol': 'KDBY', 'securityName': 'Kumari Dhanabriddhi Yojana'}, {'totalQuantity': 25970, 'totalOrder': 9, 'securityId': 9236, 'symbol': 'NICGF2', 'securityName': 'NIC ASIA Growth Fund-2'}, {'totalQuantity': 25771, 'totalOrder': 7, 'securityId': 357, 'symbol': 'PCBL', 'securityName': 'Prime Commercial Bank Ltd.'}, {'totalQuantity': 25716, 'totalOrder': 9, 'securityId': 194, 'symbol': 'NFS', 'securityName': 'Nepal Finance Ltd.'}, {'totalQuantity': 25604, 'totalOrder': 8, 'securityId': 139, 'symbol': 'NICA', 'securityName': 'NIC Asia Bank Ltd.'}, {'totalQuantity': 25000, 'totalOrder': 9, 'securityId': 9198, 'symbol': 'LVF2', 'securityName': 'Laxmi Value Fund 2'}, {'totalQuantity': 24890, 'totalOrder': 8, 'securityId': 4949, 'symbol': 'NIBSF2', 'securityName': 'NIBL Samriddhi Fund -2'}, {'totalQuantity': 24535, 'totalOrder': 5, 'securityId': 393, 'symbol': 'HLI', 'securityName': 'Himalayan Life Insurance Limited'}, {'totalQuantity': 23971, 'totalOrder': 9, 'securityId': 9306, 'symbol': 'RSML', 'securityName': 'Reliance Spinning Mills Limited'}, {'totalQuantity': 23902, 'totalOrder': 10, 'securityId': 133, 'symbol': 'SCB', 'securityName': 'Standard Chartered Bank Limited'}, {'totalQuantity': 23686, 'totalOrder': 12, 'securityId': 516, 'symbol': 'MFIL', 'securityName': 'Manjushree Finance Ltd.'}, {'totalQuantity': 23126, 'totalOrder': 7, 'securityId': 472, 'symbol': 'SADBL', 'securityName': 'Shangrila Development Bank Ltd.'}, {'totalQuantity': 22979, 'totalOrder': 14, 'securityId': 418, 'symbol': 'JBBL', 'securityName': 'Jyoti Bikas Bank Limited'}, {'totalQuantity': 22356, 'totalOrder': 6, 'securityId': 2878, 'symbol': 'SRBLD83', 'securityName': '10.25% Sunrise Bank Debenture 2083'}, {'totalQuantity': 22230, 'totalOrder': 3, 'securityId': 9254, 'symbol': 'NMBHF2', 'securityName': 'NMB Hybrid Fund L- II'}, {'totalQuantity': 22092, 'totalOrder': 5, 'securityId': 9252, 'symbol': 'CREST', 'securityName': 'Crest Micro Life Insurance Limited'}, {'totalQuantity': 22035, 'totalOrder': 12, 'securityId': 9234, 'symbol': 'HRL', 'securityName': 'Himalayan Reinsurance Limited'}, {'totalQuantity': 21889, 'totalOrder': 10, 'securityId': 8133, 'symbol': 'PHCL', 'securityName': 'Peoples Hydropower Company Limited'}, {'totalQuantity': 21633, 'totalOrder': 1, 'securityId': 9289, 'symbol': 'SBID2090', 'securityName': '7% Nepal SBI Bank Debenture 2090'}, {'totalQuantity': 21376, 'totalOrder': 6, 'securityId': 238, 'symbol': 'NMB', 'securityName': 'NMB Bank Limited'}, {'totalQuantity': 21087, 'totalOrder': 10, 'securityId': 459, 'symbol': 'KSBBL', 'securityName': 'Kamana Sewa Bikas Bank Limited'}, {'totalQuantity': 20625, 'totalOrder': 16, 'securityId': 397, 'symbol': 'ADBL', 'securityName': 'Agricultural Development Bank Limited'}, {'totalQuantity': 20425, 'totalOrder': 16, 'securityId': 9311, 'symbol': 'SOHL', 'securityName': 'Solu Hydropower Limited'}, {'totalQuantity': 20100, 'totalOrder': 3, 'securityId': 8106, 'symbol': 'GIBF1', 'securityName': 'Global IME Balanced Fund-1'}, {'totalQuantity': 20000, 'totalOrder': 1, 'securityId': 9191, 'symbol': 'C30MF', 'securityName': 'Citizens Super 30 Mutual Fund'}, {'totalQuantity': 19738, 'totalOrder': 9, 'securityId': 401, 'symbol': 'MLBL', 'securityName': 'Mahalaxmi Bikas Bank Ltd.'}, {'totalQuantity': 19555, 'totalOrder': 6, 'securityId': 8076, 'symbol': 'HHL', 'securityName': 'Himalayan Hydropower Limited'}, {'totalQuantity': 19450, 'totalOrder': 13, 'securityId': 9248, 'symbol': 'GSY', 'securityName': 'Garima Samriddhi Yojana'}, {'totalQuantity': 19318, 'totalOrder': 8, 'securityId': 1741, 'symbol': 'MERO', 'securityName': 'Mero Microfinance Bittiya Sanstha Ltd.'}, {'totalQuantity': 19288, 'totalOrder': 8, 'securityId': 469, 'symbol': 'NIMBPO', 'securityName': 'Nepal Investment Mega Bank Ltd. Promoter Share'}, {'totalQuantity': 19062, 'totalOrder': 8, 'securityId': 2924, 'symbol': 'GLH', 'securityName': 'GreenLife Hydropower Limited'}, {'totalQuantity': 18755, 'totalOrder': 6, 'securityId': 2860, 'symbol': 'SAPDBL', 'securityName': 'Saptakoshi Development Bank Ltd'}, {'totalQuantity': 18603, 'totalOrder': 7, 'securityId': 9303, 'symbol': 'SYPNL', 'securityName': 'SY Panel Nepal Limited'}, {'totalQuantity': 18408, 'totalOrder': 7, 'securityId': 154, 'symbol': 'CHCL', 'securityName': 'Chilime Hydropower Company Limited'}, {'totalQuantity': 18276, 'totalOrder': 9, 'securityId': 8066, 'symbol': 'RFPL', 'securityName': 'River Falls Power Limited'}, {'totalQuantity': 18192, 'totalOrder': 12, 'securityId': 8045, 'symbol': 'GVL', 'securityName': 'Green Ventures Limited'}, {'totalQuantity': 18169, 'totalOrder': 5, 'securityId': 8070, 'symbol': 'DORDI', 'securityName': 'Dordi Khola Jal Bidyut Company Limited'}, {'totalQuantity': 17594, 'totalOrder': 8, 'securityId': 9301, 'symbol': 'SAIL', 'securityName': 'Shreenagar Agritech Industries Limited'}, {'totalQuantity': 17537, 'totalOrder': 23, 'securityId': 8031, 'symbol': 'MBJC', 'securityName': 'Madhya Bhotekoshi Jalavidyut Company Limited'}, {'totalQuantity': 16745, 'totalOrder': 7, 'securityId': 9156, 'symbol': 'TAMOR', 'securityName': 'Sanima Middle Tamor Hydropower Limited'}, {'totalQuantity': 16632, 'totalOrder': 7, 'securityId': 2937, 'symbol': 'SBCF', 'securityName': 'Sunrise Bluechip Fund'}, {'totalQuantity': 16571, 'totalOrder': 7, 'securityId': 137, 'symbol': 'EBL', 'securityName': 'Everest Bank Limited'}, {'totalQuantity': 16250, 'totalOrder': 6, 'securityId': 2831, 'symbol': 'UNHPL', 'securityName': 'Union Hydropower Limited'}, {'totalQuantity': 15793, 'totalOrder': 6, 'securityId': 9271, 'symbol': 'SBLD2091', 'securityName': '7.25% SBL Debenture 2091'}, {'totalQuantity': 15749, 'totalOrder': 11, 'securityId': 358, 'symbol': 'LBBL', 'securityName': 'Lumbini Bikas Bank Ltd.'}, {'totalQuantity': 15620, 'totalOrder': 5, 'securityId': 9299, 'symbol': 'NABILD2089', 'securityName': '7% Nabil Debenture 2089'}, {'totalQuantity': 15450, 'totalOrder': 11, 'securityId': 686, 'symbol': 'BARUN', 'securityName': 'Barun Hydropower Co. Ltd.'}, {'totalQuantity': 15193, 'totalOrder': 6, 'securityId': 2766, 'symbol': 'CHL', 'securityName': 'Chhyangdi Hydropower Ltd.'}, {'totalQuantity': 15159, 'totalOrder': 22, 'securityId': 235, 'symbol': 'HDL', 'securityName': 'Himalayan Distillery Limited'}, {'totalQuantity': 15135, 'totalOrder': 6, 'securityId': 147, 'symbol': 'SHL', 'securityName': 'Soaltee Hotel Limited'}, {'totalQuantity': 15078, 'totalOrder': 5, 'securityId': 263, 'symbol': 'GMFIL', 'securityName': 'Guheshowori Merchant Bank & Finance Co. Ltd.'}, {'totalQuantity': 15006, 'totalOrder': 10, 'securityId': 187, 'symbol': 'NLIC', 'securityName': 'Nepal Life Insurance Co. Ltd.'}, {'totalQuantity': 14750, 'totalOrder': 7, 'securityId': 9296, 'symbol': 'BUNGAL', 'securityName': 'Bungal Hydro Limited'}, {'totalQuantity': 14723, 'totalOrder': 9, 'securityId': 591, 'symbol': 'SHPC', 'securityName': 'Sanima Mai Hydropower Ltd.'}, {'totalQuantity': 14693, 'totalOrder': 7, 'securityId': 273, 'symbol': 'ICFC', 'securityName': 'ICFC Finance Limited'}, {'totalQuantity': 14596, 'totalOrder': 5, 'securityId': 9255, 'symbol': 'EBLD91', 'securityName': 'Everest Bank Limited Debenture 2091'}, {'totalQuantity': 14384, 'totalOrder': 7, 'securityId': 9336, 'symbol': 'SOPL', 'securityName': 'Sopan Pharmaceuticals Limited'}, {'totalQuantity': 14198, 'totalOrder': 5, 'securityId': 574, 'symbol': 'SKBBL', 'securityName': 'Sana Kisan Bikas Laghubitta Bittiya Sanstha Limited'}, {'totalQuantity': 13486, 'totalOrder': 7, 'securityId': 9216, 'symbol': 'SONA', 'securityName': 'Sonapur Minerals And Oil Limited'}, {'totalQuantity': 13323, 'totalOrder': 6, 'securityId': 587, 'symbol': 'RLFL', 'securityName': 'Reliance Finance Ltd.'}, {'totalQuantity': 13311, 'totalOrder': 6, 'securityId': 274, 'symbol': 'EDBL', 'securityName': 'Excel Development Bank Ltd.'}, {'totalQuantity': 13150, 'totalOrder': 5, 'securityId': 9304, 'symbol': 'CSY', 'securityName': 'Citizens Santulit Yojana'}, {'totalQuantity': 12992, 'totalOrder': 8, 'securityId': 417, 'symbol': 'GBBL', 'securityName': 'Garima Bikas Bank Limited'}, {'totalQuantity': 12967, 'totalOrder': 41, 'securityId': 9343, 'symbol': 'TPKHL', 'securityName': 'Taksar Pikhuwa Khola Hydropower Limited'}, {'totalQuantity': 12600, 'totalOrder': 5, 'securityId': 4967, 'symbol': 'NICSF', 'securityName': 'NIC Asia Select Fund 30'}, {'totalQuantity': 12165, 'totalOrder': 7, 'securityId': 9171, 'symbol': 'BEDC', 'securityName': 'Bhugol Energy Development Company Limited'}, {'totalQuantity': 11993, 'totalOrder': 10, 'securityId': 9170, 'symbol': 'DOLTI', 'securityName': 'Dolti Power Company Limited'}, {'totalQuantity': 11885, 'totalOrder': 8, 'securityId': 8108, 'symbol': 'RHGCL', 'securityName': 'Rapti Hydro And General Construction Limited'}, {'totalQuantity': 11836, 'totalOrder': 6, 'securityId': 9308, 'symbol': 'HFIN', 'securityName': 'Hotel Forest Inn Limited'}, {'totalQuantity': 11780, 'totalOrder': 6, 'securityId': 2892, 'symbol': 'NBLD82', 'securityName': '10% Nabil Debenture 2082'}, {'totalQuantity': 11712, 'totalOrder': 5, 'securityId': 8063, 'symbol': 'ULBSL', 'securityName': 'Upakar Laghubitta Bittiya Sanstha Limited'}, {'totalQuantity': 11419, 'totalOrder': 7, 'securityId': 3946, 'symbol': 'CHDC', 'securityName': 'CEDB Holdings Limited'}, {'totalQuantity': 11264, 'totalOrder': 8, 'securityId': 9241, 'symbol': 'KSY', 'securityName': 'Kumari Sabal Yojana'}, {'totalQuantity': 11204, 'totalOrder': 10, 'securityId': 2915, 'symbol': 'PMLI', 'securityName': 'Prabhu Mahalaxmi Life Insurance Limited'}, {'totalQuantity': 11190, 'totalOrder': 9, 'securityId': 176, 'symbol': 'NICL', 'securityName': 'Nepal Insurance Co. Ltd.'}, {'totalQuantity': 11043, 'totalOrder': 6, 'securityId': 268, 'symbol': 'SWBBL', 'securityName': 'Swabalamban Laghubitta Bittiya Sanstha Limited'}, {'totalQuantity': 11000, 'totalOrder': 2, 'securityId': 2859, 'symbol': 'SIGS2', 'securityName': 'Siddhartha Investment Growth Scheme - 2'}, {'totalQuantity': 10900, 'totalOrder': 4, 'securityId': 2923, 'symbol': 'SLCF', 'securityName': 'Sanima Large Cap Fund'}, {'totalQuantity': 10894, 'totalOrder': 6, 'securityId': 8122, 'symbol': 'PPL', 'securityName': ""People's Power Limited""}, {'totalQuantity': 10757, 'totalOrder': 7, 'securityId': 178, 'symbol': 'NLICL', 'securityName': 'National Life Insurance Co. Ltd.'}, {'totalQuantity': 10630, 'totalOrder': 8, 'securityId': 8121, 'symbol': 'SPHL', 'securityName': 'Sayapatri Hydropower Limited'}, {'totalQuantity': 10593, 'totalOrder': 10, 'securityId': 9267, 'symbol': 'BHCL', 'securityName': 'Bikash Hydropower Company Limited'}, {'totalQuantity': 10556, 'totalOrder': 7, 'securityId': 2917, 'symbol': 'CGH', 'securityName': 'Chandragiri Hills Limited'}, {'totalQuantity': 10414, 'totalOrder': 8, 'securityId': 9193, 'symbol': 'GCIL', 'securityName': 'Ghorahi Cement Industry Limited'}, {'totalQuantity': 10347, 'totalOrder': 5, 'securityId': 2854, 'symbol': 'NBBD2085', 'securityName': '10.25% NBBL Debenture 2085'}, {'totalQuantity': 10250, 'totalOrder': 3, 'securityId': 9138, 'symbol': 'NIBLGF', 'securityName': 'NIBL Growth Fund'}, {'totalQuantity': 10137, 'totalOrder': 7, 'securityId': 8126, 'symbol': 'SIKLES', 'securityName': 'Sikles Hydropower Limited'}, {'totalQuantity': 10113, 'totalOrder': 8, 'securityId': 8026, 'symbol': 'NYADI', 'securityName': 'Nyadi Hydropower Limited'}, {'totalQuantity': 10031, 'totalOrder': 11, 'securityId': 9330, 'symbol': 'PCIL', 'securityName': 'Palpa Cement Industries Limited'}, {'totalQuantity': 9885, 'totalOrder': 18, 'securityId': 9345, 'symbol': 'SGHL', 'securityName': 'Sanigad Hydro Limited'}, {'totalQuantity': 9872, 'totalOrder': 5, 'securityId': 9323, 'symbol': 'SKHL', 'securityName': 'Super Khudi Hydropower Limited'}, {'totalQuantity': 9865, 'totalOrder': 6, 'securityId': 385, 'symbol': 'ALICL', 'securityName': 'Asian Life Insurance Co. Limited'}, {'totalQuantity': 9826, 'totalOrder': 10, 'securityId': 164, 'symbol': 'CBBL', 'securityName': 'Chhimek Laghubitta Bittiya Sanstha Limited'}, {'totalQuantity': 9809, 'totalOrder': 7, 'securityId': 2813, 'symbol': 'PPCL', 'securityName': 'Panchthar Power Compant Limited'}, {'totalQuantity': 9786, 'totalOrder': 22, 'securityId': 2841, 'symbol': 'RHPL', 'securityName': 'RASUWAGADHI HYDROPOWER COMPANY LIMITED'}, {'totalQuantity': 9757, 'totalOrder': 5, 'securityId': 2811, 'symbol': 'MHNL', 'securityName': 'Mountain Hydro Nepal Limited'}, {'totalQuantity': 9673, 'totalOrder': 8, 'securityId': 8131, 'symbol': 'EHPL', 'securityName': 'Eastern Hydropower Limited'}, {'totalQuantity': 9500, 'totalOrder': 9, 'securityId': 8102, 'symbol': 'MHL', 'securityName': 'Mandakini Hydropower Limited'}, {'totalQuantity': 9476, 'totalOrder': 5, 'securityId': 9181, 'symbol': 'RAWA', 'securityName': 'Rawa Energy Development Limited'}, {'totalQuantity': 9447, 'totalOrder': 5, 'securityId': 9148, 'symbol': 'SMH', 'securityName': 'Super Mai Hydropower Limited'}, {'totalQuantity': 9372, 'totalOrder': 9, 'securityId': 188, 'symbol': 'LICN', 'securityName': 'Life Insurance Corporation (Nepal) Limited'}, {'totalQuantity': 9279, 'totalOrder': 5, 'securityId': 9194, 'symbol': 'TSHL', 'securityName': 'Three Star Hydropower Limited'}, {'totalQuantity': 9100, 'totalOrder': 5, 'securityId': 8073, 'symbol': 'NICFC', 'securityName': 'NIC Asia Flexi CAP Fund'}, {'totalQuantity': 9070, 'totalOrder': 5, 'securityId': 561, 'symbol': 'SINDU', 'securityName': 'Sindhu Bikash Bank Ltd'}, {'totalQuantity': 8950, 'totalOrder': 10, 'securityId': 232, 'symbol': 'GFCL', 'securityName': 'Goodwill Finance Limited'}, {'totalQuantity': 8926, 'totalOrder': 7, 'securityId': 186, 'symbol': 'IGI', 'securityName': 'IGI Prudential insurance Limited'}, {'totalQuantity': 8817, 'totalOrder': 12, 'securityId': 153, 'symbol': 'BPCL', 'securityName': 'Butwal Power Company Limited'}, {'totalQuantity': 8663, 'totalOrder': 8, 'securityId': 474, 'symbol': 'MNBBL', 'securityName': 'Muktinath Bikas Bank Ltd.'}, {'totalQuantity': 8662, 'totalOrder': 9, 'securityId': 9293, 'symbol': 'DHEL', 'securityName': 'Daramkhola Hydro Energy Limited'}, {'totalQuantity': 8165, 'totalOrder': 8, 'securityId': 166, 'symbol': 'DDBL', 'securityName': 'Deprosc Laghubitta Bittiya Sanstha Limited'}, {'totalQuantity': 8144, 'totalOrder': 8, 'securityId': 172, 'symbol': 'NABBC', 'securityName': 'Narayani Development Bank Limited'}, {'totalQuantity': 8003, 'totalOrder': 13, 'securityId': 9262, 'symbol': 'TTL', 'securityName': 'Trade Tower Limited'}, {'totalQuantity': 7984, 'totalOrder': 5, 'securityId': 2769, 'symbol': 'NHDL', 'securityName': 'Nepal Hydro Developers Ltd.'}, {'totalQuantity': 7930, 'totalOrder': 26, 'securityId': 9346, 'symbol': 'KAHL', 'securityName': 'Kalanga Hydro Limited'}, {'totalQuantity': 7891, 'totalOrder': 7, 'securityId': 8005, 'symbol': 'MKJC', 'securityName': 'Mailung Khola Jal Vidhyut Company Limited'}, {'totalQuantity': 7803, 'totalOrder': 6, 'securityId': 2935, 'symbol': 'RURU', 'securityName': 'Ru Ru Jalbidhyut Pariyojana Limited'}, {'totalQuantity': 7777, 'totalOrder': 10, 'securityId': 2842, 'symbol': 'SJCL', 'securityName': 'SANJEN JALAVIDHYUT COMPANY LIMITED'}, {'totalQuantity': 7765, 'totalOrder': 8, 'securityId': 2789, 'symbol': 'JOSHI', 'securityName': 'Joshi Hydropower Development Company Ltd'}, {'totalQuantity': 7726, 'totalOrder': 7, 'securityId': 471, 'symbol': 'MPFL', 'securityName': 'Multipurpose Finance Company  Limited'}, {'totalQuantity': 7697, 'totalOrder': 5, 'securityId': 5982, 'symbol': 'SRLI', 'securityName': 'Sanima Reliance Life Insurance Limited'}, {'totalQuantity': 7628, 'totalOrder': 11, 'securityId': 8100, 'symbol': 'SGHC', 'securityName': 'Swet-Ganga Hydropower & Construction Limited '}, {'totalQuantity': 7621, 'totalOrder': 7, 'securityId': 403, 'symbol': 'SJLIC', 'securityName': 'SuryaJyoti Life Insurance Company Limited'}, {'totalQuantity': 7594, 'totalOrder': 8, 'securityId': 9337, 'symbol': 'APHL', 'securityName': 'Appolo Hydropower Limited'}, {'totalQuantity': 7585, 'totalOrder': 5, 'securityId': 204, 'symbol': 'GUFL', 'securityName': 'Gurkhas Finance Ltd.'}, {'totalQuantity': 7541, 'totalOrder': 8, 'securityId': 9300, 'symbol': 'JHAPA', 'securityName': 'Jhapa Energy Limited'}, {'totalQuantity': 7343, 'totalOrder': 7, 'securityId': 490, 'symbol': 'FMDBL', 'securityName': 'First Micro Finance Laghubitta Bittiya Sanstha Limited'}, {'totalQuantity': 7213, 'totalOrder': 8, 'securityId': 559, 'symbol': 'NLG', 'securityName': 'NLG Insurance Company Ltd.'}, {'totalQuantity': 7200, 'totalOrder': 8, 'securityId': 9175, 'symbol': 'MCHL', 'securityName': 'Menchhiyam Hydropower Limited'}, {'totalQuantity': 7180, 'totalOrder': 6, 'securityId': 9242, 'symbol': 'SARBTM', 'securityName': 'Sarbottam Cement Limited'}, {'totalQuantity': 7168, 'totalOrder': 5, 'securityId': 244, 'symbol': 'SIFC', 'securityName': 'Shree Investment Finance Co. Ltd.'}, {'totalQuantity': 7050, 'totalOrder': 10, 'securityId': 8032, 'symbol': 'BNHC', 'securityName': 'Buddha Bhumi Nepal Hydropower Company Limited'}, {'totalQuantity': 7000, 'totalOrder': 1, 'securityId': 9312, 'symbol': 'NSY', 'securityName': 'Nepal Life Samriddhi Lagani Yojana'}, {'totalQuantity': 6973, 'totalOrder': 6, 'securityId': 185, 'symbol': 'SALICO', 'securityName': 'Sagarmatha Lumbini Insurance Co. Limited'}, {'totalQuantity': 6898, 'totalOrder': 11, 'securityId': 2744, 'symbol': 'GRDBL', 'securityName': 'Green Development Bank Ltd.'}, {'totalQuantity': 6855, 'totalOrder': 10, 'securityId': 9329, 'symbol': 'SIPD', 'securityName': 'Shikhar power Development Limited'}, {'totalQuantity': 6842, 'totalOrder': 9, 'securityId': 2914, 'symbol': 'UMRH', 'securityName': 'United IDI Mardi RB Hydropower Limited.'}, {'totalQuantity': 6791, 'totalOrder': 7, 'securityId': 9199, 'symbol': 'RNLI', 'securityName': 'Reliable Nepal Life Insurance Limited'}, {'totalQuantity': 6768, 'totalOrder': 5, 'securityId': 179, 'symbol': 'HEI', 'securityName': 'Himalayan Everest Insurance Limited'}, {'totalQuantity': 6691, 'totalOrder': 10, 'securityId': 9212, 'symbol': 'MANDU', 'securityName': 'Mandu Hydropower Limited'}, {'totalQuantity': 6663, 'totalOrder': 6, 'securityId': 473, 'symbol': 'SHINE', 'securityName': 'Shine Resunga Development Bank Ltd.'}, {'totalQuantity': 6365, 'totalOrder': 8, 'securityId': 8022, 'symbol': 'TPC', 'securityName': 'Terhathum Power Company Limited'}, {'totalQuantity': 6331, 'totalOrder': 6, 'securityId': 8068, 'symbol': 'CCBD88', 'securityName': 'Century Debenture 2088'}, {'totalQuantity': 6224, 'totalOrder': 24, 'securityId': 9184, 'symbol': 'ILI', 'securityName': 'IME Life Insurance Company Limited'}, {'totalQuantity': 6181, 'totalOrder': 14, 'securityId': 9334, 'symbol': 'KHPL', 'securityName': 'Kalinchock Hydropower Limited'}, {'totalQuantity': 6145, 'totalOrder': 8, 'securityId': 9192, 'symbol': 'USHL', 'securityName': 'Upper Syange Hydropower Limited'}, {'totalQuantity': 6124, 'totalOrder': 5, 'securityId': 8075, 'symbol': 'BHDC', 'securityName': 'Bindhyabasini Hydropower Development Company Limited'}, {'totalQuantity': 6094, 'totalOrder': 12, 'securityId': 396, 'symbol': 'NMLBBL', 'securityName': 'Nerude Mirmire Laghubitta Bittiya Sanstha Limited'}, {'totalQuantity': 6088, 'totalOrder': 13, 'securityId': 9297, 'symbol': 'BANDIPUR', 'securityName': 'Bandipur Cablecar and Tourism Limited'}, {'totalQuantity': 5990, 'totalOrder': 9, 'securityId': 9294, 'symbol': 'SAGAR', 'securityName': 'Sagar Distillery Limited'}, {'totalQuantity': 5912, 'totalOrder': 7, 'securityId': 9213, 'symbol': 'HATHY', 'securityName': 'Hathway Investment Nepal Limited'}, {'totalQuantity': 5625, 'totalOrder': 9, 'securityId': 2807, 'symbol': 'ALBSL', 'securityName': 'Asha Laghubitta Bittiya Sanstha Ltd'}, {'totalQuantity': 5506, 'totalOrder': 10, 'securityId': 9183, 'symbol': 'NRM', 'securityName': 'Nepal Republic Media Limited'}, {'totalQuantity': 5334, 'totalOrder': 12, 'securityId': 9209, 'symbol': 'CLI', 'securityName': 'Citizen Life Insurance Company Limited'}, {'totalQuantity': 5266, 'totalOrder': 8, 'securityId': 9208, 'symbol': 'ULHC', 'securityName': 'Upper Lohore Khola Hydropower Company Limited'}, {'totalQuantity': 5252, 'totalOrder': 14, 'securityId': 9263, 'symbol': 'SANVI', 'securityName': 'Sanvi Energy Limited'}, {'totalQuantity': 5177, 'totalOrder': 9, 'securityId': 9135, 'symbol': 'BHPL', 'securityName': 'Barahi Hydropower Public Limited'}, {'totalQuantity': 5090, 'totalOrder': 7, 'securityId': 545, 'symbol': 'SLBBL', 'securityName': 'Swarojgar Laghubitta Bittiya Sanstha Ltd.'}, {'totalQuantity': 5030, 'totalOrder': 5, 'securityId': 8110, 'symbol': 'SBID83', 'securityName': '10.25% Nepal SBI Bank Debenture 2083'}, {'totalQuantity': 5019, 'totalOrder': 5, 'securityId': 2746, 'symbol': 'NMFBS', 'securityName': 'National Laghubitta Bittiya Sanstha Limited'}, {'totalQuantity': 5011, 'totalOrder': 5, 'securityId': 450, 'symbol': 'CORBL', 'securityName': 'Corporate Development Bank Limited'}, {'totalQuantity': 4966, 'totalOrder': 68, 'securityId': 9161, 'symbol': 'ANLB', 'securityName': 'Aatmanirbhar Laghubitta Bittiya Sanstha Limited'}, {'totalQuantity': 4905, 'totalOrder': 5, 'securityId': 338, 'symbol': 'PROFL', 'securityName': 'Progressive Finance Limited'}, {'totalQuantity': 4869, 'totalOrder': 7, 'securityId': 2754, 'symbol': 'DHPL', 'securityName': 'Dibyashwori Hydropower Ltd.'}, {'totalQuantity': 4866, 'totalOrder': 5, 'securityId': 371, 'symbol': 'MDB', 'securityName': 'Miteri Development Bank Limited'}, {'totalQuantity': 4801, 'totalOrder': 7, 'securityId': 183, 'symbol': 'NIL', 'securityName': 'Neco Insurance Limited'}, {'totalQuantity': 4796, 'totalOrder': 7, 'securityId': 180, 'symbol': 'UAIL', 'securityName': 'United Ajod Insurance Limited'}, {'totalQuantity': 4690, 'totalOrder': 6, 'securityId': 192, 'symbol': 'SICL', 'securityName': 'Shikhar Insurance Co. Ltd.'}, {'totalQuantity': 4669, 'totalOrder': 9, 'securityId': 9179, 'symbol': 'MEL', 'securityName': 'Modi Energy Limited'}, {'totalQuantity': 4652, 'totalOrder': 8, 'securityId': 9149, 'symbol': 'MKHC', 'securityName': 'Maya Khola Hydropower Company Limited'}, {'totalQuantity': 4583, 'totalOrder': 9, 'securityId': 182, 'symbol': 'SPIL', 'securityName': 'Siddhartha Premier Insurance Limited'}, {'totalQuantity': 4516, 'totalOrder': 6, 'securityId': 9322, 'symbol': 'BJHL', 'securityName': 'Bhujung Hydropower Limited'}, {'totalQuantity': 4513, 'totalOrder': 12, 'securityId': 9201, 'symbol': 'SNLI', 'securityName': 'Sun Nepal Life Insurance Company Limited'}, {'totalQuantity': 4430, 'totalOrder': 12, 'securityId': 9325, 'symbol': 'SKHEL', 'securityName': 'Suryakunda Hydro Electric Limited'}, {'totalQuantity': 4418, 'totalOrder': 9, 'securityId': 210, 'symbol': 'CIT', 'securityName': 'Citizen Investment Trust'}, {'totalQuantity': 4388, 'totalOrder': 8, 'securityId': 307, 'symbol': 'NTC', 'securityName': 'Nepal Doorsanchar Company Limited'}, {'totalQuantity': 4365, 'totalOrder': 12, 'securityId': 9342, 'symbol': 'YMHL', 'securityName': 'Yambaling Hydropower Limited'}, {'totalQuantity': 4351, 'totalOrder': 2, 'securityId': 9290, 'symbol': 'HLICF', 'securityName': 'HLI Large Cap Fund'}, {'totalQuantity': 4339, 'totalOrder': 9, 'securityId': 8025, 'symbol': 'SPC', 'securityName': 'Samling Power Company Limited'}, {'totalQuantity': 4335, 'totalOrder': 8, 'securityId': 9167, 'symbol': 'MKHL', 'securityName': 'Mai Khola Hydropower Limited'}, {'totalQuantity': 4329, 'totalOrder': 11, 'securityId': 2832, 'symbol': 'ILBS', 'securityName': 'Infinity Laghubitta Bittiya Sanstha Limited'}, {'totalQuantity': 4228, 'totalOrder': 8, 'securityId': 2908, 'symbol': 'SGIC', 'securityName': 'Sanima GIC Insurance Limited'}, {'totalQuantity': 4211, 'totalOrder': 6, 'securityId': 2786, 'symbol': 'PMHPL', 'securityName': 'Panchakanya Mai Hydropower Ltd'}, {'totalQuantity': 4150, 'totalOrder': 8, 'securityId': 583, 'symbol': 'GBLBS', 'securityName': 'Grameen Bikas Laghubitta Bittiya Sanstha Ltd.'}, {'totalQuantity': 4053, 'totalOrder': 6, 'securityId': 593, 'symbol': 'KMCDB', 'securityName': 'Kalika Laghubitta Bittiya Sanstha Ltd'}, {'totalQuantity': 4045, 'totalOrder': 7, 'securityId': 2748, 'symbol': 'RSDC', 'securityName': 'RSDC Laghubitta Bittiya Sanstha Ltd.'}, {'totalQuantity': 3987, 'totalOrder': 6, 'securityId': 184, 'symbol': 'PRIN', 'securityName': 'Prabhu Insurance Ltd.'}, {'totalQuantity': 3985, 'totalOrder': 5, 'securityId': 706, 'symbol': 'SWMF', 'securityName': 'Suryodaya Womi Laghubitta Bittiya Sanstha Limited'}, {'totalQuantity': 3976, 'totalOrder': 8, 'securityId': 2787, 'symbol': 'KPCL', 'securityName': 'Kalika power Company Ltd'}, {'totalQuantity': 3857, 'totalOrder': 5, 'securityId': 9287, 'symbol': 'MABEL', 'securityName': 'Mabilung Energy Limited'}, {'totalQuantity': 3793, 'totalOrder': 8, 'securityId': 8041, 'symbol': 'NESDO', 'securityName': 'NESDO Sambridha Laghubitta Bittiya Sanstha Limited'}, {'totalQuantity': 3760, 'totalOrder': 6, 'securityId': 9140, 'symbol': 'UNLB', 'securityName': 'Unique Nepal Laghubitta Bittiya Sanstha Limited'}, {'totalQuantity': 3522, 'totalOrder': 7, 'securityId': 693, 'symbol': 'HLBSL', 'securityName': 'Himalayan Laghubitta Bittiya Sanstha Limited'}, {'totalQuantity': 3430, 'totalOrder': 7, 'securityId': 705, 'symbol': 'GILB', 'securityName': 'Global IME Laghubitta Bittiya Sanstha Ltd.'}, {'totalQuantity': 3318, 'totalOrder': 6, 'securityId': 2815, 'symbol': 'GMFBS', 'securityName': 'Ganapati Laghubitta Bittiya Sanstha Limited'}, {'totalQuantity': 3189, 'totalOrder': 10, 'securityId': 2804, 'symbol': 'SLBSL', 'securityName': 'Samudayik Laghubitta Bittiya Sanstha Limited'}, {'totalQuantity': 3115, 'totalOrder': 8, 'securityId': 9258, 'symbol': 'PURE', 'securityName': 'Pure Energy Limited'}, {'totalQuantity': 3065, 'totalOrder': 5, 'securityId': 9218, 'symbol': 'TVCL', 'securityName': 'Trishuli Jal Vidhyut Company Limited '}, {'totalQuantity': 3062, 'totalOrder': 5, 'securityId': 2771, 'symbol': 'SMB', 'securityName': 'Support Microfinance Bittiya Sanstha Ltd.'}, {'totalQuantity': 2990, 'totalOrder': 4, 'securityId': 2864, 'symbol': 'SBLD83', 'securityName': '10.25% SBL Debenture 2083'}, {'totalQuantity': 2941, 'totalOrder': 5, 'securityId': 9225, 'symbol': 'VLUCL', 'securityName': 'Vision Lumbini Urja Company Limited '}, {'totalQuantity': 2925, 'totalOrder': 6, 'securityId': 9305, 'symbol': 'SABBL', 'securityName': 'Salapa Bikas Bank Limited'}, {'totalQuantity': 2885, 'totalOrder': 6, 'securityId': 2784, 'symbol': 'NADEP', 'securityName': 'Nadep Laghubittiya bittya Sanstha Ltd.'}, {'totalQuantity': 2875, 'totalOrder': 15, 'securityId': 9344, 'symbol': 'SNORL', 'securityName': 'Snow Rivers Limited'}, {'totalQuantity': 2775, 'totalOrder': 5, 'securityId': 9233, 'symbol': 'NWCL', 'securityName': 'Nepal Warehousing Company Limited '}, {'totalQuantity': 2721, 'totalOrder': 7, 'securityId': 9176, 'symbol': 'IHL', 'securityName': 'Ingwa Hydropower Limited'}, {'totalQuantity': 2684, 'totalOrder': 5, 'securityId': 2768, 'symbol': 'MSLB', 'securityName': 'Mahuli Laghubitta Bittiya Sanstha Limited'}, {'totalQuantity': 2594, 'totalOrder': 6, 'securityId': 163, 'symbol': 'NUBL', 'securityName': 'Nirdhan Utthan Laghubitta Bittiya Sanstha Limited'}, {'totalQuantity': 2432, 'totalOrder': 5, 'securityId': 8104, 'symbol': 'USHEC', 'securityName': 'Upper Solu Hydro Electric Company Limited'}, {'totalQuantity': 2357, 'totalOrder': 6, 'securityId': 2886, 'symbol': 'ADBLD83', 'securityName': '10.35% Agricultural Bank Debenture 2083'}, {'totalQuantity': 2342, 'totalOrder': 8, 'securityId': 9324, 'symbol': 'RLEL', 'securityName': 'Ridge Line Energy Limited'}, {'totalQuantity': 2299, 'totalOrder': 6, 'securityId': 8034, 'symbol': 'ENL', 'securityName': 'Emerging Nepal Limited'}, {'totalQuantity': 2254, 'totalOrder': 7, 'securityId': 9256, 'symbol': 'OMPL', 'securityName': 'Om Megashree Pharmaceuticals Limited'}, {'totalQuantity': 2243, 'totalOrder': 5, 'securityId': 9270, 'symbol': 'HIMSTAR', 'securityName': 'Him Star Urja Company Limited'}, {'totalQuantity': 2240, 'totalOrder': 10, 'securityId': 9250, 'symbol': 'NMIC', 'securityName': 'Nepal Micro Insurance Company Limited'}, {'totalQuantity': 2206, 'totalOrder': 10, 'securityId': 4951, 'symbol': 'JBLB', 'securityName': 'Jeevan Bikas Laghubitta  Bittya Sanstha Ltd'}, {'totalQuantity': 2150, 'totalOrder': 9, 'securityId': 9150, 'symbol': 'AHL', 'securityName': 'Asian Hydropower Limited'}, {'totalQuantity': 2118, 'totalOrder': 5, 'securityId': 9147, 'symbol': 'SPL', 'securityName': 'Shuvam Power Limited'}, {'totalQuantity': 2104, 'totalOrder': 6, 'securityId': 9217, 'symbol': 'MMKJL', 'securityName': 'Mathillo Mailun Khola Jalvidhyut Limited'}, {'totalQuantity': 2074, 'totalOrder': 10, 'securityId': 9158, 'symbol': 'MHCL', 'securityName': 'Molung Hydropower Company Limited'}, {'totalQuantity': 2059, 'totalOrder': 11, 'securityId': 687, 'symbol': 'VLBS', 'securityName': 'Vijaya laghubitta Bittiya Sanstha Ltd.'}, {'totalQuantity': 2051, 'totalOrder': 8, 'securityId': 2758, 'symbol': 'FOWAD', 'securityName': 'Forward Microfinance Laghubitta Bittiya Sanstha Limited'}, {'totalQuantity': 2003, 'totalOrder': 5, 'securityId': 8127, 'symbol': 'KBLD89', 'securityName': '11% KBL Debenture 2089'}, {'totalQuantity': 1990, 'totalOrder': 6, 'securityId': 9139, 'symbol': 'SAGF', 'securityName': 'Sanima Growth Fund'}, {'totalQuantity': 1935, 'totalOrder': 5, 'securityId': 2761, 'symbol': 'SMATA', 'securityName': 'Samata Gharelu Laghubitta Bittiya Sanstha Limited'}, {'totalQuantity': 1871, 'totalOrder': 6, 'securityId': 704, 'symbol': 'NMBMF', 'securityName': 'NMB  Microfinance Bittiya Sanstha Ltd.'}, {'totalQuantity': 1824, 'totalOrder': 8, 'securityId': 9214, 'symbol': 'BGWT', 'securityName': 'Bhagawati Hydropower Development Company Limited'}, {'totalQuantity': 1811, 'totalOrder': 5, 'securityId': 618, 'symbol': 'LLBS', 'securityName': 'Laxmi Laghubitta Bittiya Sanstha Ltd.'}, {'totalQuantity': 1771, 'totalOrder': 7, 'securityId': 2829, 'symbol': 'SMFBS', 'securityName': 'Swabhimaan Laghubitta Bittiya Sanstha Limited'}, {'totalQuantity': 1720, 'totalOrder': 9, 'securityId': 9246, 'symbol': 'GMLI', 'securityName': 'Guardian Micro Life Insurance Limited '}, {'totalQuantity': 1715, 'totalOrder': 7, 'securityId': 2790, 'symbol': 'ACLBSL', 'securityName': 'Aarambha Chautari Laghubitta Bittiya Sanstha Limited'}, {'totalQuantity': 1674, 'totalOrder': 7, 'securityId': 250, 'symbol': 'JFL', 'securityName': 'Janaki Finance Company Limited'}, {'totalQuantity': 1648, 'totalOrder': 6, 'securityId': 2896, 'symbol': 'SMPDA', 'securityName': 'Sampada Laghubitta Bittiya Sanstha Limited'}, {'totalQuantity': 1614, 'totalOrder': 8, 'securityId': 9151, 'symbol': 'KDL', 'securityName': 'Kalinchowk Darshan Limited'}, {'totalQuantity': 1565, 'totalOrder': 6, 'securityId': 601, 'symbol': 'MLBBL', 'securityName': 'Mithila LaghuBitta Bittiya Sanstha Limited'}, {'totalQuantity': 1556, 'totalOrder': 3, 'securityId': 2868, 'symbol': 'NICD83/84', 'securityName': '10.25% NIC Asia Debenture 2083/84'}, {'totalQuantity': 1527, 'totalOrder': 9, 'securityId': 9230, 'symbol': 'MKCL', 'securityName': 'Muktinath Krishi Company Limited'}, {'totalQuantity': 1475, 'totalOrder': 6, 'securityId': 148, 'symbol': 'TRH', 'securityName': 'Taragaon Regency Hotel Limited'}, {'totalQuantity': 1436, 'totalOrder': 9, 'securityId': 9203, 'symbol': 'MEHL', 'securityName': 'Manakamana Engineering Hydropower Limited'}, {'totalQuantity': 1382, 'totalOrder': 6, 'securityId': 2774, 'symbol': 'USLB', 'securityName': 'Unnati Sahakarya Laghubitta Bittiya Sanstha Limited'}, {'totalQuantity': 1370, 'totalOrder': 10, 'securityId': 149, 'symbol': 'OHL', 'securityName': 'Oriental Hotels Limited'}, {'totalQuantity': 1354, 'totalOrder': 7, 'securityId': 2887, 'symbol': 'NICLBSL', 'securityName': 'NIC ASIA Laghubitta Bittiya Sanstha Limited'}, {'totalQuantity': 1290, 'totalOrder': 3, 'securityId': 700, 'symbol': 'HEIP', 'securityName': 'Himalayan Everest Insurance Limited Promoter'}, {'totalQuantity': 1260, 'totalOrder': 14, 'securityId': 8117, 'symbol': 'AVYAN', 'securityName': 'Aviyan Laghubitta Bittiya Sanstha Limited'}, {'totalQuantity': 1213, 'totalOrder': 5, 'securityId': 695, 'symbol': 'JSLBB', 'securityName': 'Janautthan Samudayic Laghubitta Bittya Sanstha Limited'}, {'totalQuantity': 1194, 'totalOrder': 5, 'securityId': 2883, 'symbol': 'GWFD83', 'securityName': '12 % Goodwill Finance Limited Debenture 2083'}, {'totalQuantity': 1142, 'totalOrder': 10, 'securityId': 9232, 'symbol': 'CKHL', 'securityName': 'Chirkhwa Hydropower Limited '}, {'totalQuantity': 1126, 'totalOrder': 5, 'securityId': 9261, 'symbol': 'NIFRAGED', 'securityName': 'Nifra Green Energy Debenture 6% - 2088/89'}, {'totalQuantity': 1090, 'totalOrder': 7, 'securityId': 9327, 'symbol': 'ICFCD89', 'securityName': '8% ICFC Finance Limited Debenture 2089'}, {'totalQuantity': 1016, 'totalOrder': 4, 'securityId': 2885, 'symbol': 'KBLD86', 'securityName': '10.25% KBL Debenture 2086'}, {'totalQuantity': 1005, 'totalOrder': 7, 'securityId': 4963, 'symbol': 'NMBD87/88', 'securityName': 'NMB Debenture 8.50% - 2087/88'}, {'totalQuantity': 1000, 'totalOrder': 6, 'securityId': 8132, 'symbol': 'SHLB', 'securityName': 'Shrijanshil Laghubitta Bittiya Sanstha Limited'}, {'totalQuantity': 969, 'totalOrder': 5, 'securityId': 8065, 'symbol': 'CYCL', 'securityName': 'CYC Nepal Laghubitta Bittiya Sanstha Limited'}, {'totalQuantity': 925, 'totalOrder': 5, 'securityId': 8119, 'symbol': 'EBLD85', 'securityName': '10.50% Everest Bank Limited Debenture 2085'}, {'totalQuantity': 904, 'totalOrder': 6, 'securityId': 2904, 'symbol': 'PBLD84', 'securityName': '10% Prabhu Bank Debenture 2084 '}, {'totalQuantity': 898, 'totalOrder': 7, 'securityId': 8097, 'symbol': 'PBD88', 'securityName': '10% Prime Debenture 2088'}, {'totalQuantity': 856, 'totalOrder': 5, 'securityId': 9166, 'symbol': 'MAKAR', 'securityName': 'Makar Jitumaya Suri Hydropower Limited'}, {'totalQuantity': 831, 'totalOrder': 5, 'securityId': 2925, 'symbol': 'MLBSL', 'securityName': 'Mahila Lagubitta Bittiya Sanstha Limited '}, {'totalQuantity': 810, 'totalOrder': 5, 'securityId': 9231, 'symbol': 'CIZBD90', 'securityName': '10% Citizens Bank Debenture 2090'}, {'totalQuantity': 764, 'totalOrder': 6, 'securityId': 8043, 'symbol': 'CBLD88', 'securityName': 'Civil Bank Debenture 2088'}, {'totalQuantity': 677, 'totalOrder': 7, 'securityId': 2882, 'symbol': 'ICFCD83', 'securityName': '12% ICFC Finance Limited Debenture 2083'}, {'totalQuantity': 675, 'totalOrder': 5, 'securityId': 155, 'symbol': 'STC', 'securityName': 'Salt Trading Corporation'}, {'totalQuantity': 584, 'totalOrder': 6, 'securityId': 4948, 'symbol': 'KSBBLD87', 'securityName': '9% Kamana Sewa Bikas Bank Limited Debenture 2087'}, {'totalQuantity': 579, 'totalOrder': 5, 'securityId': 6985, 'symbol': 'SDBD87', 'securityName': 'Shangri-la Development Bank Debenture 2087'}, {'totalQuantity': 579, 'totalOrder': 10, 'securityId': 2781, 'symbol': 'WNLB', 'securityName': 'Wean Nepal Laghubitta Bittiya Sanstha Limited'}, {'totalQuantity': 570, 'totalOrder': 5, 'securityId': 9286, 'symbol': 'SHINED', 'securityName': 'Shine Resunga Debenture'}, {'totalQuantity': 569, 'totalOrder': 6, 'securityId': 2826, 'symbol': 'GLBSL', 'securityName': 'Gurans Laghubitta Bittiya Sanstha Limited'}, {'totalQuantity': 556, 'totalOrder': 5, 'securityId': 9295, 'symbol': 'SWASTIK', 'securityName': 'Swastik Laghubitta Bittiya Sanstha Limited'}, {'totalQuantity': 500, 'totalOrder': 7, 'securityId': 213, 'symbol': 'BNT', 'securityName': 'Bottlers Nepal (Terai) Limited'}, {'totalQuantity': 475, 'totalOrder': 5, 'securityId': 156, 'symbol': 'BBC', 'securityName': 'Bishal Bazar Company Limited'}, {'totalQuantity': 470, 'totalOrder': 6, 'securityId': 8004, 'symbol': 'GBILD86/87', 'securityName': 'Global IME Bank Limited Debenture 2086/87'}, {'totalQuantity': 465, 'totalOrder': 5, 'securityId': 2828, 'symbol': 'SAND2085', 'securityName': '10% Sanima Bank Limited Debenture'}, {'totalQuantity': 435, 'totalOrder': 9, 'securityId': 8018, 'symbol': 'MLBS', 'securityName': 'Manushi Laghubitta Bittiya Sanstha Limited'}, {'totalQuantity': 428, 'totalOrder': 10, 'securityId': 9215, 'symbol': 'MSHL', 'securityName': 'Mid Solu Hydropower Limited'}, {'totalQuantity': 424, 'totalOrder': 6, 'securityId': 9249, 'symbol': 'ICFCD88', 'securityName': '9% ICFC Finance Limited Debenture 2088'}, {'totalQuantity': 375, 'totalOrder': 7, 'securityId': 8020, 'symbol': 'JBBD87', 'securityName': 'Jyoti Bikash Bank Bond 2087'}, {'totalQuantity': 365, 'totalOrder': 3, 'securityId': 8044, 'symbol': 'EBLD86', 'securityName': 'Everest Bank Limited'}, {'totalQuantity': 310, 'totalOrder': 5, 'securityId': 2873, 'symbol': 'HBLD83', 'securityName': '10% Himalayan Bank Debenture 2083'}, {'totalQuantity': 296, 'totalOrder': 5, 'securityId': 4969, 'symbol': 'MND84/85', 'securityName': 'Muktinath Debenture 2084/85'}, {'totalQuantity': 275, 'totalOrder': 6, 'securityId': 2936, 'symbol': 'NCCD86', 'securityName': '9.5% NCC Debenture 2086'}, {'totalQuantity': 270, 'totalOrder': 10, 'securityId': 634, 'symbol': 'RBCLPO', 'securityName': 'Rastriya Beema Company Limited Promoter Share'}, {'totalQuantity': 260, 'totalOrder': 4, 'securityId': 9243, 'symbol': 'NIMBD90', 'securityName': '10% NIMB Debenture 2090'}, {'totalQuantity': 211, 'totalOrder': 5, 'securityId': 2850, 'symbol': 'NMBD2085', 'securityName': '10 % NMB DEBENTURE 2085'}, {'totalQuantity': 209, 'totalOrder': 5, 'securityId': 8033, 'symbol': 'GBBD85', 'securityName': 'Garima Debenture, 2085'}, {'totalQuantity': 200, 'totalOrder': 1, 'securityId': 9136, 'symbol': 'BOKD86KA', 'securityName': 'BOK Debenture 2086 ""KA""'}, {'totalQuantity': 200, 'totalOrder': 5, 'securityId': 9137, 'symbol': 'HBLD86', 'securityName': 'Himalayan Bank Limited Bond, 2086'}, {'totalQuantity': 200, 'totalOrder': 1, 'securityId': 2825, 'symbol': 'NICAD85/86', 'securityName': '10% NIC Asia Debenture 2085/86'}, {'totalQuantity': 185, 'totalOrder': 5, 'securityId': 9197, 'symbol': 'LBBLD89', 'securityName': '11% L.B.B.L. Debenture 2089'}, {'totalQuantity': 169, 'totalOrder': 8, 'securityId': 177, 'symbol': 'RBCL', 'securityName': 'Rastriya Beema Company Limited'}, {'totalQuantity': 160, 'totalOrder': 5, 'securityId': 219, 'symbol': 'UNL', 'securityName': 'Unilever Nepal Limited'}, {'totalQuantity': 160, 'totalOrder': 6, 'securityId': 7986, 'symbol': 'NICD88', 'securityName': 'NIC ASIA Rinpatra 2088'}, {'totalQuantity': 158, 'totalOrder': 3, 'securityId': 7985, 'symbol': 'MBLD87', 'securityName': '8.5% Machhapuchchhre Debenture 2087'}, {'totalQuantity': 156, 'totalOrder': 5, 'securityId': 694, 'symbol': 'MATRI', 'securityName': 'Matribhumi Lagubitta Bittiya Sanstha Limited'}, {'totalQuantity': 153, 'totalOrder': 5, 'securityId': 9196, 'symbol': 'KBSH', 'securityName': 'Kutheli Bukhari Small Hydropower Limited'}, {'totalQuantity': 145, 'totalOrder': 5, 'securityId': 8027, 'symbol': 'NBLD85', 'securityName': 'Nabil Debenture 2085'}, {'totalQuantity': 144, 'totalOrder': 6, 'securityId': 8123, 'symbol': 'DLBS', 'securityName': 'Dhaulagiri Laghubitta Bittiya Sanstha Limited'}, {'totalQuantity': 110, 'totalOrder': 4, 'securityId': 9152, 'symbol': 'EBLEB89', 'securityName': 'Everest Bank Limited Energy Bond, 2089'}, {'totalQuantity': 110, 'totalOrder': 2, 'securityId': 5984, 'symbol': 'LBLD88', 'securityName': '8.5% Laxmi Bank Debenture 2088'}, {'totalQuantity': 106, 'totalOrder': 2, 'securityId': 6984, 'symbol': 'PBD85', 'securityName': '8.75 % Prime Debenture 2085'}, {'totalQuantity': 89, 'totalOrder': 5, 'securityId': 2879, 'symbol': 'LBLD86', 'securityName': '10% Laxmi Bank Debenture 2086'}, {'totalQuantity': 85, 'totalOrder': 4, 'securityId': 9195, 'symbol': 'MLBLD89', 'securityName': '11% Mahalaxmi Debenture 2089'}, {'totalQuantity': 80, 'totalOrder': 4, 'securityId': 4962, 'symbol': 'PBLD87', 'securityName': '8.5% Prabhu Bank Debenture 2087'}, {'totalQuantity': 70, 'totalOrder': 4, 'securityId': 2890, 'symbol': 'SBIBD86', 'securityName': '10% Nepal SBI Bank Debenture 2086'}, {'totalQuantity': 45, 'totalOrder': 2, 'securityId': 9211, 'symbol': 'SBID89', 'securityName': '9% Nepal SBI Bank Rinpatra 2089'}, {'totalQuantity': 41, 'totalOrder': 5, 'securityId': 2875, 'symbol': 'PBLD86', 'securityName': '10.25% Prabhu Bank  Debenture 2086'}, {'totalQuantity': 35, 'totalOrder': 2, 'securityId': 9238, 'symbol': 'NABILD87', 'securityName': '9% Nabil Debenture 2087'}, {'totalQuantity': 30, 'totalOrder': 1, 'securityId': 8109, 'symbol': 'SBD89', 'securityName': '10.25% Sanima Debenture 2089'}, {'totalQuantity': 25, 'totalOrder': 1, 'securityId': 8098, 'symbol': 'SBLD89', 'securityName': '10.75% SBL Debenture 2089'}, {'totalQuantity': 25, 'totalOrder': 1, 'securityId': 9220, 'symbol': 'KBLD90', 'securityName': '10% KBL Debenture 2090'}, {'totalQuantity': 20, 'totalOrder': 1, 'securityId': 8116, 'symbol': 'PBD84', 'securityName': '10.15% Prime Debenture 2084'}, {'totalQuantity': 20, 'totalOrder': 1, 'securityId': 4961, 'symbol': 'BOKD86', 'securityName': '8.5% BOK Debenture 2086'}, {'totalQuantity': 15, 'totalOrder': 1, 'securityId': 8003, 'symbol': 'RBBD83', 'securityName': '8.5% RBBL Debenture 2083'}, {'totalQuantity': 10, 'totalOrder': 1, 'securityId': 2932, 'symbol': 'MFLD85', 'securityName': '9.5% Manjushree Finance Limited Debenture 2085'}, {'totalQuantity': 10, 'totalOrder': 1, 'securityId': 195, 'symbol': 'BNL', 'securityName': 'Bottlers Nepal (Balaju) Limited'}, {'totalQuantity': 3, 'totalOrder': 1, 'securityId': 2866, 'symbol': 'MBLD2085', 'securityName': '10.25% Machhapuchhre Bank Debenture 2085'}]","[{'totalQuantity': 931950, 'totalOrder': 8, 'securityId': 8106, 'symbol': 'GIBF1', 'securityName': 'Global IME Balanced Fund-1'}, {'totalQuantity': 785300, 'totalOrder': 6, 'securityId': 8125, 'symbol': 'NSIF2', 'securityName': 'NMB Sulav Investment Fund - 2'}, {'totalQuantity': 724600, 'totalOrder': 9, 'securityId': 9178, 'symbol': 'RMF2', 'securityName': 'RBB Mutual Fund 2'}, {'totalQuantity': 494900, 'totalOrder': 1, 'securityId': 9269, 'symbol': 'GBIMESY2', 'securityName': 'Global IME Sammunat Yojana -2'}, {'totalQuantity': 394700, 'totalOrder': 3, 'securityId': 9257, 'symbol': 'MBLEF', 'securityName': 'MBL Equity Fund'}, {'totalQuantity': 388409, 'totalOrder': 9, 'securityId': 2788, 'symbol': 'AKJCL', 'securityName': 'Ankhu Khola Jalvidhyut Company Ltd'}, {'totalQuantity': 366558, 'totalOrder': 8, 'securityId': 145, 'symbol': 'SBL', 'securityName': 'Siddhartha Bank Limited'}, {'totalQuantity': 299090, 'totalOrder': 7, 'securityId': 8074, 'symbol': 'KDBY', 'securityName': 'Kumari Dhanabriddhi Yojana'}, {'totalQuantity': 245978, 'totalOrder': 21, 'securityId': 697, 'symbol': 'API', 'securityName': 'Api Power Company Ltd.'}, {'totalQuantity': 223000, 'totalOrder': 11, 'securityId': 9244, 'symbol': 'NIBLSTF', 'securityName': 'NIBL Stable Fund'}, {'totalQuantity': 216535, 'totalOrder': 7, 'securityId': 360, 'symbol': 'AHPC', 'securityName': 'Arun Valley Hydropower Development Co. Ltd.'}, {'totalQuantity': 208171, 'totalOrder': 7, 'securityId': 9259, 'symbol': 'RSY', 'securityName': 'Reliable Samriddhi Yojana'}, {'totalQuantity': 199290, 'totalOrder': 6, 'securityId': 9174, 'symbol': 'PRSF', 'securityName': 'Prabhu Smart Fund'}, {'totalQuantity': 173800, 'totalOrder': 6, 'securityId': 4947, 'symbol': 'PSF', 'securityName': 'Prabhu Select Fund'}, {'totalQuantity': 173673, 'totalOrder': 12, 'securityId': 341, 'symbol': 'GBIME', 'securityName': 'Global IME Bank Limited'}, {'totalQuantity': 169768, 'totalOrder': 6, 'securityId': 2776, 'symbol': 'RADHI', 'securityName': 'Radhi Bidyut Company Ltd'}, {'totalQuantity': 164681, 'totalOrder': 9, 'securityId': 8111, 'symbol': 'HIDCLP', 'securityName': 'Hydorelectricity Investment and Development Company Limited Promoter'}, {'totalQuantity': 159264, 'totalOrder': 8, 'securityId': 2880, 'symbol': 'HDHPC', 'securityName': 'Himal Dolakha Hydropower Company Limited'}, {'totalQuantity': 145123, 'totalOrder': 7, 'securityId': 2760, 'symbol': 'UMHL', 'securityName': 'United Modi Hydropower Ltd.'}, {'totalQuantity': 136935, 'totalOrder': 10, 'securityId': 9208, 'symbol': 'ULHC', 'securityName': 'Upper Lohore Khola Hydropower Company Limited'}, {'totalQuantity': 134846, 'totalOrder': 7, 'securityId': 610, 'symbol': 'RIDI', 'securityName': 'Ridi Power Company Limited'}, {'totalQuantity': 130700, 'totalOrder': 6, 'securityId': 2933, 'symbol': 'KEF', 'securityName': 'Kumari Equity Fund'}, {'totalQuantity': 129351, 'totalOrder': 13, 'securityId': 171, 'symbol': 'SANIMA', 'securityName': 'Sanima Bank Limited'}, {'totalQuantity': 127044, 'totalOrder': 13, 'securityId': 268, 'symbol': 'SWBBL', 'securityName': 'Swabalamban Laghubitta Bittiya Sanstha Limited'}, {'totalQuantity': 122648, 'totalOrder': 10, 'securityId': 450, 'symbol': 'CORBL', 'securityName': 'Corporate Development Bank Limited'}, {'totalQuantity': 122002, 'totalOrder': 5, 'securityId': 2743, 'symbol': 'NGPL', 'securityName': 'Ngadi Group Power Ltd.'}, {'totalQuantity': 115020, 'totalOrder': 6, 'securityId': 2877, 'symbol': 'SFMF', 'securityName': 'Sunrise First Mutual Fund'}, {'totalQuantity': 103097, 'totalOrder': 15, 'securityId': 141, 'symbol': 'LSL', 'securityName': 'Laxmi Sunrise Bank Limited'}, {'totalQuantity': 102313, 'totalOrder': 15, 'securityId': 142, 'symbol': 'KBL', 'securityName': 'Kumari Bank Limited'}, {'totalQuantity': 101885, 'totalOrder': 12, 'securityId': 255, 'symbol': 'PRVU', 'securityName': 'Prabhu  Bank Limited'}, {'totalQuantity': 99806, 'totalOrder': 7, 'securityId': 9311, 'symbol': 'SOHL', 'securityName': 'Solu Hydropower Limited'}, {'totalQuantity': 97590, 'totalOrder': 6, 'securityId': 245, 'symbol': 'CFCL', 'securityName': 'Central Finance Co. Ltd.'}, {'totalQuantity': 96049, 'totalOrder': 11, 'securityId': 135, 'symbol': 'SBI', 'securityName': 'Nepal SBI Bank Limited'}, {'totalQuantity': 95300, 'totalOrder': 8, 'securityId': 9191, 'symbol': 'C30MF', 'securityName': 'Citizens Super 30 Mutual Fund'}, {'totalQuantity': 93790, 'totalOrder': 6, 'securityId': 469, 'symbol': 'NIMBPO', 'securityName': 'Nepal Investment Mega Bank Ltd. Promoter Share'}, {'totalQuantity': 92032, 'totalOrder': 10, 'securityId': 152, 'symbol': 'NHPC', 'securityName': 'National Hydro Power Company Limited'}, {'totalQuantity': 91887, 'totalOrder': 9, 'securityId': 516, 'symbol': 'MFIL', 'securityName': 'Manjushree Finance Ltd.'}, {'totalQuantity': 89199, 'totalOrder': 8, 'securityId': 9330, 'symbol': 'PCIL', 'securityName': 'Palpa Cement Industries Limited'}, {'totalQuantity': 88485, 'totalOrder': 8, 'securityId': 358, 'symbol': 'LBBL', 'securityName': 'Lumbini Bikas Bank Ltd.'}, {'totalQuantity': 86909, 'totalOrder': 13, 'securityId': 2934, 'symbol': 'SHEL', 'securityName': 'Singati Hydro Energy Limited'}, {'totalQuantity': 73871, 'totalOrder': 10, 'securityId': 9252, 'symbol': 'CREST', 'securityName': 'Crest Micro Life Insurance Limited'}, {'totalQuantity': 72492, 'totalOrder': 8, 'securityId': 2757, 'symbol': 'AKPL', 'securityName': 'Arun Kabeli Power Ltd.'}, {'totalQuantity': 71016, 'totalOrder': 7, 'securityId': 2923, 'symbol': 'SLCF', 'securityName': 'Sanima Large Cap Fund'}, {'totalQuantity': 68985, 'totalOrder': 10, 'securityId': 131, 'symbol': 'NABIL', 'securityName': 'Nabil Bank Limited'}, {'totalQuantity': 65834, 'totalOrder': 8, 'securityId': 418, 'symbol': 'JBBL', 'securityName': 'Jyoti Bikas Bank Limited'}, {'totalQuantity': 65315, 'totalOrder': 5, 'securityId': 9306, 'symbol': 'RSML', 'securityName': 'Reliance Spinning Mills Limited'}, {'totalQuantity': 65301, 'totalOrder': 7, 'securityId': 472, 'symbol': 'SADBL', 'securityName': 'Shangrila Development Bank Ltd.'}, {'totalQuantity': 63000, 'totalOrder': 4, 'securityId': 2937, 'symbol': 'SBCF', 'securityName': 'Sunrise Bluechip Fund'}, {'totalQuantity': 62702, 'totalOrder': 18, 'securityId': 2919, 'symbol': 'NIFRA', 'securityName': 'Nepal Infrastructure Bank Limited'}, {'totalQuantity': 61914, 'totalOrder': 13, 'securityId': 2907, 'symbol': 'SSHL', 'securityName': 'Shiva Shree Hydropower Ltd'}, {'totalQuantity': 60883, 'totalOrder': 28, 'securityId': 132, 'symbol': 'NIMB', 'securityName': 'Nepal Investment Mega Bank Limited'}, {'totalQuantity': 60540, 'totalOrder': 8, 'securityId': 8133, 'symbol': 'PHCL', 'securityName': 'Peoples Hydropower Company Limited'}, {'totalQuantity': 60289, 'totalOrder': 7, 'securityId': 2898, 'symbol': 'NRN', 'securityName': 'NRN Infrastructure and Development Limited'}, {'totalQuantity': 59240, 'totalOrder': 13, 'securityId': 357, 'symbol': 'PCBL', 'securityName': 'Prime Commercial Bank Ltd.'}, {'totalQuantity': 57674, 'totalOrder': 9, 'securityId': 9296, 'symbol': 'BUNGAL', 'securityName': 'Bungal Hydro Limited'}, {'totalQuantity': 56700, 'totalOrder': 5, 'securityId': 9245, 'symbol': 'MNMF1', 'securityName': 'Muktinath Mutual Fund 1'}, {'totalQuantity': 53624, 'totalOrder': 12, 'securityId': 8055, 'symbol': 'BHL', 'securityName': 'Balephi Hydropower Limited'}, {'totalQuantity': 51947, 'totalOrder': 7, 'securityId': 2767, 'symbol': 'HPPL', 'securityName': 'Himalayan Power Partner Ltd.'}, {'totalQuantity': 51157, 'totalOrder': 12, 'securityId': 8021, 'symbol': 'SAHAS', 'securityName': 'Sahas Urja Limited'}, {'totalQuantity': 51137, 'totalOrder': 5, 'securityId': 227, 'symbol': 'BFC', 'securityName': 'Best Finance Company Ltd.'}, {'totalQuantity': 50893, 'totalOrder': 7, 'securityId': 9334, 'symbol': 'KHPL', 'securityName': 'Kalinchock Hydropower Limited'}, {'totalQuantity': 50637, 'totalOrder': 16, 'securityId': 140, 'symbol': 'MBL', 'securityName': 'Machhapuchhre Bank Limited'}, {'totalQuantity': 50098, 'totalOrder': 6, 'securityId': 2903, 'symbol': 'LEC', 'securityName': 'Liberty Energy Company Limited'}, {'totalQuantity': 49575, 'totalOrder': 9, 'securityId': 2913, 'symbol': 'MEN', 'securityName': 'Mountain Energy Nepal Limited'}, {'totalQuantity': 48892, 'totalOrder': 8, 'securityId': 9181, 'symbol': 'RAWA', 'securityName': 'Rawa Energy Development Limited'}, {'totalQuantity': 45252, 'totalOrder': 8, 'securityId': 2809, 'symbol': 'SHIVM', 'securityName': 'SHIVAM CEMENTS LTD'}, {'totalQuantity': 44880, 'totalOrder': 10, 'securityId': 2770, 'symbol': 'SEF', 'securityName': 'Siddhartha Equity Fund'}, {'totalQuantity': 44800, 'totalOrder': 6, 'securityId': 2831, 'symbol': 'UNHPL', 'securityName': 'Union Hydropower Limited'}, {'totalQuantity': 44511, 'totalOrder': 8, 'securityId': 238, 'symbol': 'NMB', 'securityName': 'NMB Bank Limited'}, {'totalQuantity': 43965, 'totalOrder': 16, 'securityId': 2792, 'symbol': 'UPPER', 'securityName': 'Upper Tamakoshi Hydropower Ltd'}, {'totalQuantity': 43640, 'totalOrder': 25, 'securityId': 2806, 'symbol': 'GHL', 'securityName': 'Ghalemdi Hydro Limited'}, {'totalQuantity': 42743, 'totalOrder': 8, 'securityId': 9193, 'symbol': 'GCIL', 'securityName': 'Ghorahi Cement Industry Limited'}, {'totalQuantity': 41881, 'totalOrder': 11, 'securityId': 8076, 'symbol': 'HHL', 'securityName': 'Himalayan Hydropower Limited'}, {'totalQuantity': 41826, 'totalOrder': 8, 'securityId': 232, 'symbol': 'GFCL', 'securityName': 'Goodwill Finance Limited'}, {'totalQuantity': 41821, 'totalOrder': 8, 'securityId': 348, 'symbol': 'CZBIL', 'securityName': 'Citizens Bank International Limited'}, {'totalQuantity': 41741, 'totalOrder': 9, 'securityId': 8099, 'symbol': 'UHEWA', 'securityName': 'Upper Hewakhola Hydropower Company Limited'}, {'totalQuantity': 41496, 'totalOrder': 6, 'securityId': 8122, 'symbol': 'PPL', 'securityName': ""People's Power Limited""}, {'totalQuantity': 41250, 'totalOrder': 8, 'securityId': 153, 'symbol': 'BPCL', 'securityName': 'Butwal Power Company Limited'}, {'totalQuantity': 41010, 'totalOrder': 32, 'securityId': 2742, 'symbol': 'HIDCL', 'securityName': 'Hydorelectricity Investment and Development Company Ltd'}, {'totalQuantity': 40871, 'totalOrder': 6, 'securityId': 2810, 'symbol': 'UPCL', 'securityName': 'UNIVERSAL POWER COMPANY LTD'}, {'totalQuantity': 40285, 'totalOrder': 7, 'securityId': 9345, 'symbol': 'SGHL', 'securityName': 'Sanigad Hydro Limited'}, {'totalQuantity': 39685, 'totalOrder': 5, 'securityId': 9312, 'symbol': 'NSY', 'securityName': 'Nepal Life Samriddhi Lagani Yojana'}, {'totalQuantity': 38921, 'totalOrder': 9, 'securityId': 517, 'symbol': 'NBL', 'securityName': 'Nepal Bank Limited'}, {'totalQuantity': 38780, 'totalOrder': 5, 'securityId': 2759, 'symbol': 'SPDL', 'securityName': 'Synergy Power Development Ltd.'}, {'totalQuantity': 38206, 'totalOrder': 6, 'securityId': 8032, 'symbol': 'BNHC', 'securityName': 'Buddha Bhumi Nepal Hydropower Company Limited'}, {'totalQuantity': 37057, 'totalOrder': 29, 'securityId': 9173, 'symbol': 'CITY', 'securityName': 'City Hotel Limited'}, {'totalQuantity': 36885, 'totalOrder': 9, 'securityId': 2811, 'symbol': 'MHNL', 'securityName': 'Mountain Hydro Nepal Limited'}, {'totalQuantity': 36876, 'totalOrder': 12, 'securityId': 591, 'symbol': 'SHPC', 'securityName': 'Sanima Mai Hydropower Ltd.'}, {'totalQuantity': 36823, 'totalOrder': 5, 'securityId': 4949, 'symbol': 'NIBSF2', 'securityName': 'NIBL Samriddhi Fund -2'}, {'totalQuantity': 36700, 'totalOrder': 7, 'securityId': 686, 'symbol': 'BARUN', 'securityName': 'Barun Hydropower Co. Ltd.'}, {'totalQuantity': 36670, 'totalOrder': 15, 'securityId': 134, 'symbol': 'HBL', 'securityName': 'Himalayan Bank Limited'}, {'totalQuantity': 36628, 'totalOrder': 5, 'securityId': 2824, 'symbol': 'HURJA', 'securityName': 'Himalaya Urja Bikas Company Limited'}, {'totalQuantity': 36108, 'totalOrder': 10, 'securityId': 2751, 'symbol': 'KKHC', 'securityName': 'Khanikhola Hydropower Co. Ltd.'}, {'totalQuantity': 35551, 'totalOrder': 8, 'securityId': 9336, 'symbol': 'SOPL', 'securityName': 'Sopan Pharmaceuticals Limited'}, {'totalQuantity': 35486, 'totalOrder': 5, 'securityId': 147, 'symbol': 'SHL', 'securityName': 'Soaltee Hotel Limited'}, {'totalQuantity': 35125, 'totalOrder': 7, 'securityId': 4968, 'symbol': 'RMF1', 'securityName': 'RBB Mutual Fund 1'}, {'totalQuantity': 34500, 'totalOrder': 5, 'securityId': 9254, 'symbol': 'NMBHF2', 'securityName': 'NMB Hybrid Fund L- II'}, {'totalQuantity': 34343, 'totalOrder': 5, 'securityId': 8023, 'symbol': 'MMF1', 'securityName': 'Mega Mutual Fund -1'}, {'totalQuantity': 33064, 'totalOrder': 6, 'securityId': 9303, 'symbol': 'SYPNL', 'securityName': 'SY Panel Nepal Limited'}, {'totalQuantity': 32959, 'totalOrder': 6, 'securityId': 176, 'symbol': 'NICL', 'securityName': 'Nepal Insurance Co. Ltd.'}, {'totalQuantity': 32912, 'totalOrder': 7, 'securityId': 9301, 'symbol': 'SAIL', 'securityName': 'Shreenagar Agritech Industries Limited'}, {'totalQuantity': 32693, 'totalOrder': 11, 'securityId': 474, 'symbol': 'MNBBL', 'securityName': 'Muktinath Bikas Bank Ltd.'}, {'totalQuantity': 32478, 'totalOrder': 12, 'securityId': 9146, 'symbol': 'SMHL', 'securityName': 'Super Madi Hydropower Limited'}, {'totalQuantity': 32260, 'totalOrder': 7, 'securityId': 8098, 'symbol': 'SBLD89', 'securityName': '10.75% SBL Debenture 2089'}, {'totalQuantity': 32228, 'totalOrder': 7, 'securityId': 2914, 'symbol': 'UMRH', 'securityName': 'United IDI Mardi RB Hydropower Limited.'}, {'totalQuantity': 30748, 'totalOrder': 5, 'securityId': 9323, 'symbol': 'SKHL', 'securityName': 'Super Khudi Hydropower Limited'}, {'totalQuantity': 30734, 'totalOrder': 12, 'securityId': 397, 'symbol': 'ADBL', 'securityName': 'Agricultural Development Bank Limited'}, {'totalQuantity': 30315, 'totalOrder': 8, 'securityId': 7986, 'symbol': 'NICD88', 'securityName': 'NIC ASIA Rinpatra 2088'}, {'totalQuantity': 30229, 'totalOrder': 19, 'securityId': 9234, 'symbol': 'HRL', 'securityName': 'Himalayan Reinsurance Limited'}, {'totalQuantity': 30222, 'totalOrder': 5, 'securityId': 587, 'symbol': 'RLFL', 'securityName': 'Reliance Finance Ltd.'}, {'totalQuantity': 29922, 'totalOrder': 95, 'securityId': 198, 'symbol': 'NLO', 'securityName': 'Nepal Lube Oil Limited'}, {'totalQuantity': 29780, 'totalOrder': 8, 'securityId': 263, 'symbol': 'GMFIL', 'securityName': 'Guheshowori Merchant Bank & Finance Co. Ltd.'}, {'totalQuantity': 29412, 'totalOrder': 6, 'securityId': 9171, 'symbol': 'BEDC', 'securityName': 'Bhugol Energy Development Company Limited'}, {'totalQuantity': 29058, 'totalOrder': 6, 'securityId': 2924, 'symbol': 'GLH', 'securityName': 'GreenLife Hydropower Limited'}, {'totalQuantity': 28486, 'totalOrder': 6, 'securityId': 417, 'symbol': 'GBBL', 'securityName': 'Garima Bikas Bank Limited'}, {'totalQuantity': 28431, 'totalOrder': 5, 'securityId': 9322, 'symbol': 'BJHL', 'securityName': 'Bhujung Hydropower Limited'}, {'totalQuantity': 28385, 'totalOrder': 5, 'securityId': 593, 'symbol': 'KMCDB', 'securityName': 'Kalika Laghubitta Bittiya Sanstha Ltd'}, {'totalQuantity': 28220, 'totalOrder': 3, 'securityId': 9177, 'symbol': 'SCBD', 'securityName': '10.30% Standard Chartered Bank Limited Debenture'}, {'totalQuantity': 28038, 'totalOrder': 7, 'securityId': 2915, 'symbol': 'PMLI', 'securityName': 'Prabhu Mahalaxmi Life Insurance Limited'}, {'totalQuantity': 27609, 'totalOrder': 6, 'securityId': 8022, 'symbol': 'TPC', 'securityName': 'Terhathum Power Company Limited'}, {'totalQuantity': 27550, 'totalOrder': 7, 'securityId': 137, 'symbol': 'EBL', 'securityName': 'Everest Bank Limited'}, {'totalQuantity': 26800, 'totalOrder': 6, 'securityId': 2835, 'symbol': 'NBF2', 'securityName': 'NABIL BALANCED FUND-2'}, {'totalQuantity': 26428, 'totalOrder': 7, 'securityId': 471, 'symbol': 'MPFL', 'securityName': 'Multipurpose Finance Company  Limited'}, {'totalQuantity': 26154, 'totalOrder': 9, 'securityId': 5982, 'symbol': 'SRLI', 'securityName': 'Sanima Reliance Life Insurance Limited'}, {'totalQuantity': 25957, 'totalOrder': 8, 'securityId': 9264, 'symbol': 'RBBD2088', 'securityName': '7% RBBL Debenture 2088'}, {'totalQuantity': 25500, 'totalOrder': 5, 'securityId': 2863, 'symbol': 'NICBF', 'securityName': 'NIC Asia Balanced Fund'}, {'totalQuantity': 25306, 'totalOrder': 8, 'securityId': 1741, 'symbol': 'MERO', 'securityName': 'Mero Microfinance Bittiya Sanstha Ltd.'}, {'totalQuantity': 24208, 'totalOrder': 10, 'securityId': 9216, 'symbol': 'SONA', 'securityName': 'Sonapur Minerals And Oil Limited'}, {'totalQuantity': 23890, 'totalOrder': 10, 'securityId': 2748, 'symbol': 'RSDC', 'securityName': 'RSDC Laghubitta Bittiya Sanstha Ltd.'}, {'totalQuantity': 23700, 'totalOrder': 5, 'securityId': 9139, 'symbol': 'SAGF', 'securityName': 'Sanima Growth Fund'}, {'totalQuantity': 23029, 'totalOrder': 6, 'securityId': 9156, 'symbol': 'TAMOR', 'securityName': 'Sanima Middle Tamor Hydropower Limited'}, {'totalQuantity': 22743, 'totalOrder': 7, 'securityId': 139, 'symbol': 'NICA', 'securityName': 'NIC Asia Bank Ltd.'}, {'totalQuantity': 22677, 'totalOrder': 5, 'securityId': 9198, 'symbol': 'LVF2', 'securityName': 'Laxmi Value Fund 2'}, {'totalQuantity': 21650, 'totalOrder': 4, 'securityId': 2902, 'symbol': 'LUK', 'securityName': 'Laxmi Unnati Kosh'}, {'totalQuantity': 21608, 'totalOrder': 8, 'securityId': 9344, 'symbol': 'SNORL', 'securityName': 'Snow Rivers Limited'}, {'totalQuantity': 21199, 'totalOrder': 5, 'securityId': 8031, 'symbol': 'MBJC', 'securityName': 'Madhya Bhotekoshi Jalavidyut Company Limited'}, {'totalQuantity': 21061, 'totalOrder': 9, 'securityId': 9199, 'symbol': 'RNLI', 'securityName': 'Reliable Nepal Life Insurance Limited'}, {'totalQuantity': 20967, 'totalOrder': 7, 'securityId': 3946, 'symbol': 'CHDC', 'securityName': 'CEDB Holdings Limited'}, {'totalQuantity': 20872, 'totalOrder': 11, 'securityId': 8070, 'symbol': 'DORDI', 'securityName': 'Dordi Khola Jal Bidyut Company Limited'}, {'totalQuantity': 20805, 'totalOrder': 5, 'securityId': 2864, 'symbol': 'SBLD83', 'securityName': '10.25% SBL Debenture 2083'}, {'totalQuantity': 20705, 'totalOrder': 5, 'securityId': 9136, 'symbol': 'BOKD86KA', 'securityName': 'BOK Debenture 2086 ""KA""'}, {'totalQuantity': 20700, 'totalOrder': 4, 'securityId': 9154, 'symbol': 'SFEF', 'securityName': 'Sunrise Focused Equity Fund'}, {'totalQuantity': 20600, 'totalOrder': 6, 'securityId': 2873, 'symbol': 'HBLD83', 'securityName': '10% Himalayan Bank Debenture 2083'}, {'totalQuantity': 20349, 'totalOrder': 10, 'securityId': 2881, 'symbol': 'NRIC', 'securityName': 'Nepal Reinsurance Company Limited'}, {'totalQuantity': 20173, 'totalOrder': 5, 'securityId': 2854, 'symbol': 'NBBD2085', 'securityName': '10.25% NBBL Debenture 2085'}, {'totalQuantity': 20170, 'totalOrder': 10, 'securityId': 393, 'symbol': 'HLI', 'securityName': 'Himalayan Life Insurance Limited'}, {'totalQuantity': 19936, 'totalOrder': 8, 'securityId': 574, 'symbol': 'SKBBL', 'securityName': 'Sana Kisan Bikas Laghubitta Bittiya Sanstha Limited'}, {'totalQuantity': 19900, 'totalOrder': 6, 'securityId': 9302, 'symbol': 'RBBF40', 'securityName': 'RBB Focus 40'}, {'totalQuantity': 19655, 'totalOrder': 4, 'securityId': 9182, 'symbol': 'SIGS3', 'securityName': 'Siddhartha Investment Growth Scheme 3'}, {'totalQuantity': 19200, 'totalOrder': 7, 'securityId': 4967, 'symbol': 'NICSF', 'securityName': 'NIC Asia Select Fund 30'}, {'totalQuantity': 19103, 'totalOrder': 5, 'securityId': 2842, 'symbol': 'SJCL', 'securityName': 'SANJEN JALAVIDHYUT COMPANY LIMITED'}, {'totalQuantity': 18875, 'totalOrder': 6, 'securityId': 166, 'symbol': 'DDBL', 'securityName': 'Deprosc Laghubitta Bittiya Sanstha Limited'}, {'totalQuantity': 18781, 'totalOrder': 14, 'securityId': 473, 'symbol': 'SHINE', 'securityName': 'Shine Resunga Development Bank Ltd.'}, {'totalQuantity': 18172, 'totalOrder': 8, 'securityId': 8026, 'symbol': 'NYADI', 'securityName': 'Nyadi Hydropower Limited'}, {'totalQuantity': 18100, 'totalOrder': 4, 'securityId': 8024, 'symbol': 'NBF3', 'securityName': 'Nabil Balanced Fund-3'}, {'totalQuantity': 17939, 'totalOrder': 10, 'securityId': 9183, 'symbol': 'NRM', 'securityName': 'Nepal Republic Media Limited'}, {'totalQuantity': 17813, 'totalOrder': 10, 'securityId': 459, 'symbol': 'KSBBL', 'securityName': 'Kamana Sewa Bikas Bank Limited'}, {'totalQuantity': 17678, 'totalOrder': 14, 'securityId': 2789, 'symbol': 'JOSHI', 'securityName': 'Joshi Hydropower Development Company Ltd'}, {'totalQuantity': 17295, 'totalOrder': 11, 'securityId': 8108, 'symbol': 'RHGCL', 'securityName': 'Rapti Hydro And General Construction Limited'}, {'totalQuantity': 17204, 'totalOrder': 7, 'securityId': 8104, 'symbol': 'USHEC', 'securityName': 'Upper Solu Hydro Electric Company Limited'}, {'totalQuantity': 17077, 'totalOrder': 7, 'securityId': 2807, 'symbol': 'ALBSL', 'securityName': 'Asha Laghubitta Bittiya Sanstha Ltd'}, {'totalQuantity': 16022, 'totalOrder': 9, 'securityId': 9201, 'symbol': 'SNLI', 'securityName': 'Sun Nepal Life Insurance Company Limited'}, {'totalQuantity': 15943, 'totalOrder': 8, 'securityId': 2860, 'symbol': 'SAPDBL', 'securityName': 'Saptakoshi Development Bank Ltd'}, {'totalQuantity': 15725, 'totalOrder': 7, 'securityId': 183, 'symbol': 'NIL', 'securityName': 'Neco Insurance Limited'}, {'totalQuantity': 15548, 'totalOrder': 9, 'securityId': 9297, 'symbol': 'BANDIPUR', 'securityName': 'Bandipur Cablecar and Tourism Limited'}, {'totalQuantity': 15492, 'totalOrder': 11, 'securityId': 9179, 'symbol': 'MEL', 'securityName': 'Modi Energy Limited'}, {'totalQuantity': 15478, 'totalOrder': 14, 'securityId': 8131, 'symbol': 'EHPL', 'securityName': 'Eastern Hydropower Limited'}, {'totalQuantity': 15267, 'totalOrder': 13, 'securityId': 192, 'symbol': 'SICL', 'securityName': 'Shikhar Insurance Co. Ltd.'}, {'totalQuantity': 14984, 'totalOrder': 5, 'securityId': 9337, 'symbol': 'APHL', 'securityName': 'Appolo Hydropower Limited'}, {'totalQuantity': 14972, 'totalOrder': 8, 'securityId': 8025, 'symbol': 'SPC', 'securityName': 'Samling Power Company Limited'}, {'totalQuantity': 14713, 'totalOrder': 9, 'securityId': 2769, 'symbol': 'NHDL', 'securityName': 'Nepal Hydro Developers Ltd.'}, {'totalQuantity': 14630, 'totalOrder': 7, 'securityId': 179, 'symbol': 'HEI', 'securityName': 'Himalayan Everest Insurance Limited'}, {'totalQuantity': 14540, 'totalOrder': 5, 'securityId': 180, 'symbol': 'UAIL', 'securityName': 'United Ajod Insurance Limited'}, {'totalQuantity': 14486, 'totalOrder': 8, 'securityId': 133, 'symbol': 'SCB', 'securityName': 'Standard Chartered Bank Limited'}, {'totalQuantity': 14392, 'totalOrder': 7, 'securityId': 371, 'symbol': 'MDB', 'securityName': 'Miteri Development Bank Limited'}, {'totalQuantity': 14327, 'totalOrder': 10, 'securityId': 9149, 'symbol': 'MKHC', 'securityName': 'Maya Khola Hydropower Company Limited'}, {'totalQuantity': 14271, 'totalOrder': 6, 'securityId': 194, 'symbol': 'NFS', 'securityName': 'Nepal Finance Ltd.'}, {'totalQuantity': 13917, 'totalOrder': 13, 'securityId': 235, 'symbol': 'HDL', 'securityName': 'Himalayan Distillery Limited'}, {'totalQuantity': 13900, 'totalOrder': 4, 'securityId': 9236, 'symbol': 'NICGF2', 'securityName': 'NIC ASIA Growth Fund-2'}, {'totalQuantity': 13895, 'totalOrder': 8, 'securityId': 9300, 'symbol': 'JHAPA', 'securityName': 'Jhapa Energy Limited'}, {'totalQuantity': 13895, 'totalOrder': 8, 'securityId': 2787, 'symbol': 'KPCL', 'securityName': 'Kalika power Company Ltd'}, {'totalQuantity': 13895, 'totalOrder': 6, 'securityId': 9170, 'symbol': 'DOLTI', 'securityName': 'Dolti Power Company Limited'}, {'totalQuantity': 13850, 'totalOrder': 5, 'securityId': 8005, 'symbol': 'MKJC', 'securityName': 'Mailung Khola Jal Vidhyut Company Limited'}, {'totalQuantity': 13720, 'totalOrder': 6, 'securityId': 244, 'symbol': 'SIFC', 'securityName': 'Shree Investment Finance Co. Ltd.'}, {'totalQuantity': 13679, 'totalOrder': 14, 'securityId': 154, 'symbol': 'CHCL', 'securityName': 'Chilime Hydropower Company Limited'}, {'totalQuantity': 13523, 'totalOrder': 7, 'securityId': 204, 'symbol': 'GUFL', 'securityName': 'Gurkhas Finance Ltd.'}, {'totalQuantity': 13516, 'totalOrder': 8, 'securityId': 9175, 'symbol': 'MCHL', 'securityName': 'Menchhiyam Hydropower Limited'}, {'totalQuantity': 13404, 'totalOrder': 10, 'securityId': 8126, 'symbol': 'SIKLES', 'securityName': 'Sikles Hydropower Limited'}, {'totalQuantity': 13376, 'totalOrder': 5, 'securityId': 2813, 'symbol': 'PPCL', 'securityName': 'Panchthar Power Compant Limited'}, {'totalQuantity': 13299, 'totalOrder': 9, 'securityId': 164, 'symbol': 'CBBL', 'securityName': 'Chhimek Laghubitta Bittiya Sanstha Limited'}, {'totalQuantity': 12988, 'totalOrder': 6, 'securityId': 9267, 'symbol': 'BHCL', 'securityName': 'Bikash Hydropower Company Limited'}, {'totalQuantity': 12910, 'totalOrder': 7, 'securityId': 2908, 'symbol': 'SGIC', 'securityName': 'Sanima GIC Insurance Limited'}, {'totalQuantity': 12681, 'totalOrder': 6, 'securityId': 184, 'symbol': 'PRIN', 'securityName': 'Prabhu Insurance Ltd.'}, {'totalQuantity': 12629, 'totalOrder': 6, 'securityId': 172, 'symbol': 'NABBC', 'securityName': 'Narayani Development Bank Limited'}, {'totalQuantity': 12578, 'totalOrder': 9, 'securityId': 9346, 'symbol': 'KAHL', 'securityName': 'Kalanga Hydro Limited'}, {'totalQuantity': 12368, 'totalOrder': 5, 'securityId': 9308, 'symbol': 'HFIN', 'securityName': 'Hotel Forest Inn Limited'}, {'totalQuantity': 12150, 'totalOrder': 10, 'securityId': 8066, 'symbol': 'RFPL', 'securityName': 'River Falls Power Limited'}, {'totalQuantity': 12134, 'totalOrder': 7, 'securityId': 2841, 'symbol': 'RHPL', 'securityName': 'RASUWAGADHI HYDROPOWER COMPANY LIMITED'}, {'totalQuantity': 12132, 'totalOrder': 13, 'securityId': 187, 'symbol': 'NLIC', 'securityName': 'Nepal Life Insurance Co. Ltd.'}, {'totalQuantity': 11965, 'totalOrder': 11, 'securityId': 403, 'symbol': 'SJLIC', 'securityName': 'SuryaJyoti Life Insurance Company Limited'}, {'totalQuantity': 11949, 'totalOrder': 5, 'securityId': 2766, 'symbol': 'CHL', 'securityName': 'Chhyangdi Hydropower Ltd.'}, {'totalQuantity': 11848, 'totalOrder': 8, 'securityId': 178, 'symbol': 'NLICL', 'securityName': 'National Life Insurance Co. Ltd.'}, {'totalQuantity': 11832, 'totalOrder': 5, 'securityId': 401, 'symbol': 'MLBL', 'securityName': 'Mahalaxmi Bikas Bank Ltd.'}, {'totalQuantity': 11664, 'totalOrder': 7, 'securityId': 385, 'symbol': 'ALICL', 'securityName': 'Asian Life Insurance Co. Limited'}, {'totalQuantity': 11494, 'totalOrder': 14, 'securityId': 9184, 'symbol': 'ILI', 'securityName': 'IME Life Insurance Company Limited'}, {'totalQuantity': 11486, 'totalOrder': 7, 'securityId': 9242, 'symbol': 'SARBTM', 'securityName': 'Sarbottam Cement Limited'}, {'totalQuantity': 10762, 'totalOrder': 6, 'securityId': 8045, 'symbol': 'GVL', 'securityName': 'Green Ventures Limited'}, {'totalQuantity': 10635, 'totalOrder': 7, 'securityId': 8073, 'symbol': 'NICFC', 'securityName': 'NIC Asia Flexi CAP Fund'}, {'totalQuantity': 10255, 'totalOrder': 5, 'securityId': 9286, 'symbol': 'SHINED', 'securityName': 'Shine Resunga Debenture'}, {'totalQuantity': 10193, 'totalOrder': 5, 'securityId': 8075, 'symbol': 'BHDC', 'securityName': 'Bindhyabasini Hydropower Development Company Limited'}, {'totalQuantity': 10016, 'totalOrder': 5, 'securityId': 9294, 'symbol': 'SAGAR', 'securityName': 'Sagar Distillery Limited'}, {'totalQuantity': 10000, 'totalOrder': 3, 'securityId': 2867, 'symbol': 'NMB50', 'securityName': 'NMB 50'}, {'totalQuantity': 9994, 'totalOrder': 5, 'securityId': 9221, 'symbol': 'H8020', 'securityName': 'Himalayan 80-20'}, {'totalQuantity': 9691, 'totalOrder': 12, 'securityId': 8100, 'symbol': 'SGHC', 'securityName': 'Swet-Ganga Hydropower & Construction Limited '}, {'totalQuantity': 9574, 'totalOrder': 6, 'securityId': 490, 'symbol': 'FMDBL', 'securityName': 'First Micro Finance Laghubitta Bittiya Sanstha Limited'}, {'totalQuantity': 9525, 'totalOrder': 5, 'securityId': 188, 'symbol': 'LICN', 'securityName': 'Life Insurance Corporation (Nepal) Limited'}, {'totalQuantity': 9485, 'totalOrder': 2, 'securityId': 9241, 'symbol': 'KSY', 'securityName': 'Kumari Sabal Yojana'}, {'totalQuantity': 9420, 'totalOrder': 10, 'securityId': 307, 'symbol': 'NTC', 'securityName': 'Nepal Doorsanchar Company Limited'}, {'totalQuantity': 9358, 'totalOrder': 6, 'securityId': 9147, 'symbol': 'SPL', 'securityName': 'Shuvam Power Limited'}, {'totalQuantity': 9349, 'totalOrder': 12, 'securityId': 9203, 'symbol': 'MEHL', 'securityName': 'Manakamana Engineering Hydropower Limited'}, {'totalQuantity': 9227, 'totalOrder': 10, 'securityId': 4951, 'symbol': 'JBLB', 'securityName': 'Jeevan Bikas Laghubitta  Bittya Sanstha Ltd'}, {'totalQuantity': 9056, 'totalOrder': 5, 'securityId': 2832, 'symbol': 'ILBS', 'securityName': 'Infinity Laghubitta Bittiya Sanstha Limited'}, {'totalQuantity': 8918, 'totalOrder': 5, 'securityId': 9304, 'symbol': 'CSY', 'securityName': 'Citizens Santulit Yojana'}, {'totalQuantity': 8901, 'totalOrder': 5, 'securityId': 9293, 'symbol': 'DHEL', 'securityName': 'Daramkhola Hydro Energy Limited'}, {'totalQuantity': 8504, 'totalOrder': 6, 'securityId': 338, 'symbol': 'PROFL', 'securityName': 'Progressive Finance Limited'}, {'totalQuantity': 8503, 'totalOrder': 6, 'securityId': 561, 'symbol': 'SINDU', 'securityName': 'Sindhu Bikash Bank Ltd'}, {'totalQuantity': 7822, 'totalOrder': 6, 'securityId': 273, 'symbol': 'ICFC', 'securityName': 'ICFC Finance Limited'}, {'totalQuantity': 7784, 'totalOrder': 6, 'securityId': 9148, 'symbol': 'SMH', 'securityName': 'Super Mai Hydropower Limited'}, {'totalQuantity': 7771, 'totalOrder': 6, 'securityId': 2754, 'symbol': 'DHPL', 'securityName': 'Dibyashwori Hydropower Ltd.'}, {'totalQuantity': 7551, 'totalOrder': 10, 'securityId': 9159, 'symbol': 'SMJC', 'securityName': 'Sagarmatha Jalabidhyut Company Limited'}, {'totalQuantity': 7522, 'totalOrder': 7, 'securityId': 9263, 'symbol': 'SANVI', 'securityName': 'Sanvi Energy Limited'}, {'totalQuantity': 7467, 'totalOrder': 5, 'securityId': 9166, 'symbol': 'MAKAR', 'securityName': 'Makar Jitumaya Suri Hydropower Limited'}, {'totalQuantity': 7294, 'totalOrder': 7, 'securityId': 2786, 'symbol': 'PMHPL', 'securityName': 'Panchakanya Mai Hydropower Ltd'}, {'totalQuantity': 7167, 'totalOrder': 10, 'securityId': 9342, 'symbol': 'YMHL', 'securityName': 'Yambaling Hydropower Limited'}, {'totalQuantity': 7068, 'totalOrder': 7, 'securityId': 9287, 'symbol': 'MABEL', 'securityName': 'Mabilung Energy Limited'}, {'totalQuantity': 7044, 'totalOrder': 6, 'securityId': 545, 'symbol': 'SLBBL', 'securityName': 'Swarojgar Laghubitta Bittiya Sanstha Ltd.'}, {'totalQuantity': 6988, 'totalOrder': 13, 'securityId': 9209, 'symbol': 'CLI', 'securityName': 'Citizen Life Insurance Company Limited'}, {'totalQuantity': 6962, 'totalOrder': 11, 'securityId': 2887, 'symbol': 'NICLBSL', 'securityName': 'NIC ASIA Laghubitta Bittiya Sanstha Limited'}, {'totalQuantity': 6459, 'totalOrder': 6, 'securityId': 2761, 'symbol': 'SMATA', 'securityName': 'Samata Gharelu Laghubitta Bittiya Sanstha Limited'}, {'totalQuantity': 6453, 'totalOrder': 11, 'securityId': 163, 'symbol': 'NUBL', 'securityName': 'Nirdhan Utthan Laghubitta Bittiya Sanstha Limited'}, {'totalQuantity': 6385, 'totalOrder': 6, 'securityId': 9343, 'symbol': 'TPKHL', 'securityName': 'Taksar Pikhuwa Khola Hydropower Limited'}, {'totalQuantity': 6370, 'totalOrder': 6, 'securityId': 274, 'symbol': 'EDBL', 'securityName': 'Excel Development Bank Ltd.'}, {'totalQuantity': 6258, 'totalOrder': 5, 'securityId': 700, 'symbol': 'HEIP', 'securityName': 'Himalayan Everest Insurance Limited Promoter'}, {'totalQuantity': 6225, 'totalOrder': 16, 'securityId': 210, 'symbol': 'CIT', 'securityName': 'Citizen Investment Trust'}, {'totalQuantity': 6198, 'totalOrder': 6, 'securityId': 186, 'symbol': 'IGI', 'securityName': 'IGI Prudential insurance Limited'}, {'totalQuantity': 6102, 'totalOrder': 6, 'securityId': 9194, 'symbol': 'TSHL', 'securityName': 'Three Star Hydropower Limited'}, {'totalQuantity': 6050, 'totalOrder': 3, 'securityId': 9248, 'symbol': 'GSY', 'securityName': 'Garima Samriddhi Yojana'}, {'totalQuantity': 5934, 'totalOrder': 6, 'securityId': 704, 'symbol': 'NMBMF', 'securityName': 'NMB  Microfinance Bittiya Sanstha Ltd.'}, {'totalQuantity': 5842, 'totalOrder': 8, 'securityId': 185, 'symbol': 'SALICO', 'securityName': 'Sagarmatha Lumbini Insurance Co. Limited'}, {'totalQuantity': 5757, 'totalOrder': 8, 'securityId': 8102, 'symbol': 'MHL', 'securityName': 'Mandakini Hydropower Limited'}, {'totalQuantity': 5680, 'totalOrder': 5, 'securityId': 693, 'symbol': 'HLBSL', 'securityName': 'Himalayan Laghubitta Bittiya Sanstha Limited'}, {'totalQuantity': 5450, 'totalOrder': 5, 'securityId': 2825, 'symbol': 'NICAD85/86', 'securityName': '10% NIC Asia Debenture 2085/86'}, {'totalQuantity': 5330, 'totalOrder': 8, 'securityId': 9176, 'symbol': 'IHL', 'securityName': 'Ingwa Hydropower Limited'}, {'totalQuantity': 5220, 'totalOrder': 5, 'securityId': 149, 'symbol': 'OHL', 'securityName': 'Oriental Hotels Limited'}, {'totalQuantity': 5101, 'totalOrder': 5, 'securityId': 687, 'symbol': 'VLBS', 'securityName': 'Vijaya laghubitta Bittiya Sanstha Ltd.'}, {'totalQuantity': 5003, 'totalOrder': 5, 'securityId': 2746, 'symbol': 'NMFBS', 'securityName': 'National Laghubitta Bittiya Sanstha Limited'}, {'totalQuantity': 4903, 'totalOrder': 11, 'securityId': 9262, 'symbol': 'TTL', 'securityName': 'Trade Tower Limited'}, {'totalQuantity': 4841, 'totalOrder': 6, 'securityId': 601, 'symbol': 'MLBBL', 'securityName': 'Mithila LaghuBitta Bittiya Sanstha Limited'}, {'totalQuantity': 4700, 'totalOrder': 1, 'securityId': 2859, 'symbol': 'SIGS2', 'securityName': 'Siddhartha Investment Growth Scheme - 2'}, {'totalQuantity': 4656, 'totalOrder': 9, 'securityId': 396, 'symbol': 'NMLBBL', 'securityName': 'Nerude Mirmire Laghubitta Bittiya Sanstha Limited'}, {'totalQuantity': 4518, 'totalOrder': 8, 'securityId': 250, 'symbol': 'JFL', 'securityName': 'Janaki Finance Company Limited'}, {'totalQuantity': 4379, 'totalOrder': 5, 'securityId': 9167, 'symbol': 'MKHL', 'securityName': 'Mai Khola Hydropower Limited'}, {'totalQuantity': 4311, 'totalOrder': 5, 'securityId': 8063, 'symbol': 'ULBSL', 'securityName': 'Upakar Laghubitta Bittiya Sanstha Limited'}, {'totalQuantity': 4218, 'totalOrder': 7, 'securityId': 2935, 'symbol': 'RURU', 'securityName': 'Ru Ru Jalbidhyut Pariyojana Limited'}, {'totalQuantity': 4144, 'totalOrder': 8, 'securityId': 706, 'symbol': 'SWMF', 'securityName': 'Suryodaya Womi Laghubitta Bittiya Sanstha Limited'}, {'totalQuantity': 4107, 'totalOrder': 8, 'securityId': 8121, 'symbol': 'SPHL', 'securityName': 'Sayapatri Hydropower Limited'}, {'totalQuantity': 4051, 'totalOrder': 7, 'securityId': 9329, 'symbol': 'SIPD', 'securityName': 'Shikhar power Development Limited'}, {'totalQuantity': 4029, 'totalOrder': 7, 'securityId': 9250, 'symbol': 'NMIC', 'securityName': 'Nepal Micro Insurance Company Limited'}, {'totalQuantity': 3973, 'totalOrder': 5, 'securityId': 182, 'symbol': 'SPIL', 'securityName': 'Siddhartha Premier Insurance Limited'}, {'totalQuantity': 3956, 'totalOrder': 9, 'securityId': 9305, 'symbol': 'SABBL', 'securityName': 'Salapa Bikas Bank Limited'}, {'totalQuantity': 3900, 'totalOrder': 3, 'securityId': 9290, 'symbol': 'HLICF', 'securityName': 'HLI Large Cap Fund'}, {'totalQuantity': 3845, 'totalOrder': 8, 'securityId': 9324, 'symbol': 'RLEL', 'securityName': 'Ridge Line Energy Limited'}, {'totalQuantity': 3790, 'totalOrder': 8, 'securityId': 9213, 'symbol': 'HATHY', 'securityName': 'Hathway Investment Nepal Limited'}, {'totalQuantity': 3720, 'totalOrder': 8, 'securityId': 2917, 'symbol': 'CGH', 'securityName': 'Chandragiri Hills Limited'}, {'totalQuantity': 3461, 'totalOrder': 7, 'securityId': 9270, 'symbol': 'HIMSTAR', 'securityName': 'Him Star Urja Company Limited'}, {'totalQuantity': 3430, 'totalOrder': 6, 'securityId': 9258, 'symbol': 'PURE', 'securityName': 'Pure Energy Limited'}, {'totalQuantity': 3427, 'totalOrder': 7, 'securityId': 9158, 'symbol': 'MHCL', 'securityName': 'Molung Hydropower Company Limited'}, {'totalQuantity': 3423, 'totalOrder': 8, 'securityId': 2771, 'symbol': 'SMB', 'securityName': 'Support Microfinance Bittiya Sanstha Ltd.'}, {'totalQuantity': 3406, 'totalOrder': 7, 'securityId': 9192, 'symbol': 'USHL', 'securityName': 'Upper Syange Hydropower Limited'}, {'totalQuantity': 3315, 'totalOrder': 6, 'securityId': 9289, 'symbol': 'SBID2090', 'securityName': '7% Nepal SBI Bank Debenture 2090'}, {'totalQuantity': 3305, 'totalOrder': 5, 'securityId': 9150, 'symbol': 'AHL', 'securityName': 'Asian Hydropower Limited'}, {'totalQuantity': 3255, 'totalOrder': 5, 'securityId': 583, 'symbol': 'GBLBS', 'securityName': 'Grameen Bikas Laghubitta Bittiya Sanstha Ltd.'}, {'totalQuantity': 3248, 'totalOrder': 7, 'securityId': 705, 'symbol': 'GILB', 'securityName': 'Global IME Laghubitta Bittiya Sanstha Ltd.'}, {'totalQuantity': 3240, 'totalOrder': 5, 'securityId': 9325, 'symbol': 'SKHEL', 'securityName': 'Suryakunda Hydro Electric Limited'}, {'totalQuantity': 3149, 'totalOrder': 6, 'securityId': 2758, 'symbol': 'FOWAD', 'securityName': 'Forward Microfinance Laghubitta Bittiya Sanstha Limited'}, {'totalQuantity': 2913, 'totalOrder': 5, 'securityId': 2804, 'symbol': 'SLBSL', 'securityName': 'Samudayik Laghubitta Bittiya Sanstha Limited'}, {'totalQuantity': 2786, 'totalOrder': 8, 'securityId': 9218, 'symbol': 'TVCL', 'securityName': 'Trishuli Jal Vidhyut Company Limited '}, {'totalQuantity': 2778, 'totalOrder': 9, 'securityId': 9135, 'symbol': 'BHPL', 'securityName': 'Barahi Hydropower Public Limited'}, {'totalQuantity': 2760, 'totalOrder': 7, 'securityId': 9246, 'symbol': 'GMLI', 'securityName': 'Guardian Micro Life Insurance Limited '}, {'totalQuantity': 2595, 'totalOrder': 6, 'securityId': 9233, 'symbol': 'NWCL', 'securityName': 'Nepal Warehousing Company Limited '}, {'totalQuantity': 2372, 'totalOrder': 6, 'securityId': 2744, 'symbol': 'GRDBL', 'securityName': 'Green Development Bank Ltd.'}, {'totalQuantity': 2355, 'totalOrder': 7, 'securityId': 9232, 'symbol': 'CKHL', 'securityName': 'Chirkhwa Hydropower Limited '}, {'totalQuantity': 2345, 'totalOrder': 8, 'securityId': 9225, 'symbol': 'VLUCL', 'securityName': 'Vision Lumbini Urja Company Limited '}, {'totalQuantity': 2309, 'totalOrder': 5, 'securityId': 9151, 'symbol': 'KDL', 'securityName': 'Kalinchowk Darshan Limited'}, {'totalQuantity': 2233, 'totalOrder': 8, 'securityId': 9230, 'symbol': 'MKCL', 'securityName': 'Muktinath Krishi Company Limited'}, {'totalQuantity': 2230, 'totalOrder': 5, 'securityId': 148, 'symbol': 'TRH', 'securityName': 'Taragaon Regency Hotel Limited'}, {'totalQuantity': 2200, 'totalOrder': 6, 'securityId': 559, 'symbol': 'NLG', 'securityName': 'NLG Insurance Company Ltd.'}, {'totalQuantity': 1982, 'totalOrder': 5, 'securityId': 2768, 'symbol': 'MSLB', 'securityName': 'Mahuli Laghubitta Bittiya Sanstha Limited'}, {'totalQuantity': 1802, 'totalOrder': 6, 'securityId': 9256, 'symbol': 'OMPL', 'securityName': 'Om Megashree Pharmaceuticals Limited'}, {'totalQuantity': 1785, 'totalOrder': 7, 'securityId': 8117, 'symbol': 'AVYAN', 'securityName': 'Aviyan Laghubitta Bittiya Sanstha Limited'}, {'totalQuantity': 1760, 'totalOrder': 10, 'securityId': 2896, 'symbol': 'SMPDA', 'securityName': 'Sampada Laghubitta Bittiya Sanstha Limited'}, {'totalQuantity': 1725, 'totalOrder': 6, 'securityId': 2774, 'symbol': 'USLB', 'securityName': 'Unnati Sahakarya Laghubitta Bittiya Sanstha Limited'}, {'totalQuantity': 1702, 'totalOrder': 6, 'securityId': 2826, 'symbol': 'GLBSL', 'securityName': 'Gurans Laghubitta Bittiya Sanstha Limited'}, {'totalQuantity': 1518, 'totalOrder': 7, 'securityId': 9214, 'symbol': 'BGWT', 'securityName': 'Bhagawati Hydropower Development Company Limited'}, {'totalQuantity': 1383, 'totalOrder': 6, 'securityId': 2784, 'symbol': 'NADEP', 'securityName': 'Nadep Laghubittiya bittya Sanstha Ltd.'}, {'totalQuantity': 1323, 'totalOrder': 5, 'securityId': 9217, 'symbol': 'MMKJL', 'securityName': 'Mathillo Mailun Khola Jalvidhyut Limited'}, {'totalQuantity': 1239, 'totalOrder': 5, 'securityId': 9261, 'symbol': 'NIFRAGED', 'securityName': 'Nifra Green Energy Debenture 6% - 2088/89'}, {'totalQuantity': 1231, 'totalOrder': 6, 'securityId': 9215, 'symbol': 'MSHL', 'securityName': 'Mid Solu Hydropower Limited'}, {'totalQuantity': 1230, 'totalOrder': 5, 'securityId': 9212, 'symbol': 'MANDU', 'securityName': 'Mandu Hydropower Limited'}, {'totalQuantity': 1174, 'totalOrder': 6, 'securityId': 8065, 'symbol': 'CYCL', 'securityName': 'CYC Nepal Laghubitta Bittiya Sanstha Limited'}, {'totalQuantity': 1125, 'totalOrder': 6, 'securityId': 2781, 'symbol': 'WNLB', 'securityName': 'Wean Nepal Laghubitta Bittiya Sanstha Limited'}, {'totalQuantity': 1099, 'totalOrder': 10, 'securityId': 2790, 'symbol': 'ACLBSL', 'securityName': 'Aarambha Chautari Laghubitta Bittiya Sanstha Limited'}, {'totalQuantity': 1084, 'totalOrder': 6, 'securityId': 694, 'symbol': 'MATRI', 'securityName': 'Matribhumi Lagubitta Bittiya Sanstha Limited'}, {'totalQuantity': 1035, 'totalOrder': 6, 'securityId': 2868, 'symbol': 'NICD83/84', 'securityName': '10.25% NIC Asia Debenture 2083/84'}, {'totalQuantity': 1020, 'totalOrder': 8, 'securityId': 9295, 'symbol': 'SWASTIK', 'securityName': 'Swastik Laghubitta Bittiya Sanstha Limited'}, {'totalQuantity': 970, 'totalOrder': 5, 'securityId': 8027, 'symbol': 'NBLD85', 'securityName': 'Nabil Debenture 2085'}, {'totalQuantity': 920, 'totalOrder': 8, 'securityId': 8034, 'symbol': 'ENL', 'securityName': 'Emerging Nepal Limited'}, {'totalQuantity': 865, 'totalOrder': 5, 'securityId': 8123, 'symbol': 'DLBS', 'securityName': 'Dhaulagiri Laghubitta Bittiya Sanstha Limited'}, {'totalQuantity': 861, 'totalOrder': 6, 'securityId': 155, 'symbol': 'STC', 'securityName': 'Salt Trading Corporation'}, {'totalQuantity': 841, 'totalOrder': 5, 'securityId': 8110, 'symbol': 'SBID83', 'securityName': '10.25% Nepal SBI Bank Debenture 2083'}, {'totalQuantity': 801, 'totalOrder': 5, 'securityId': 8003, 'symbol': 'RBBD83', 'securityName': '8.5% RBBL Debenture 2083'}, {'totalQuantity': 780, 'totalOrder': 10, 'securityId': 156, 'symbol': 'BBC', 'securityName': 'Bishal Bazar Company Limited'}, {'totalQuantity': 767, 'totalOrder': 5, 'securityId': 8132, 'symbol': 'SHLB', 'securityName': 'Shrijanshil Laghubitta Bittiya Sanstha Limited'}, {'totalQuantity': 700, 'totalOrder': 5, 'securityId': 9327, 'symbol': 'ICFCD89', 'securityName': '8% ICFC Finance Limited Debenture 2089'}, {'totalQuantity': 598, 'totalOrder': 5, 'securityId': 695, 'symbol': 'JSLBB', 'securityName': 'Janautthan Samudayic Laghubitta Bittya Sanstha Limited'}, {'totalQuantity': 590, 'totalOrder': 5, 'securityId': 9141, 'symbol': 'NIFRAUR85/86', 'securityName': 'NIFRA Uraj Rinpatra7%-2085/86'}, {'totalQuantity': 550, 'totalOrder': 3, 'securityId': 8119, 'symbol': 'EBLD85', 'securityName': '10.50% Everest Bank Limited Debenture 2085'}, {'totalQuantity': 477, 'totalOrder': 6, 'securityId': 8041, 'symbol': 'NESDO', 'securityName': 'NESDO Sambridha Laghubitta Bittiya Sanstha Limited'}, {'totalQuantity': 446, 'totalOrder': 5, 'securityId': 8116, 'symbol': 'PBD84', 'securityName': '10.15% Prime Debenture 2084'}, {'totalQuantity': 405, 'totalOrder': 5, 'securityId': 9271, 'symbol': 'SBLD2091', 'securityName': '7.25% SBL Debenture 2091'}, {'totalQuantity': 401, 'totalOrder': 7, 'securityId': 618, 'symbol': 'LLBS', 'securityName': 'Laxmi Laghubitta Bittiya Sanstha Ltd.'}, {'totalQuantity': 375, 'totalOrder': 4, 'securityId': 8127, 'symbol': 'KBLD89', 'securityName': '11% KBL Debenture 2089'}, {'totalQuantity': 355, 'totalOrder': 6, 'securityId': 2829, 'symbol': 'SMFBS', 'securityName': 'Swabhimaan Laghubitta Bittiya Sanstha Limited'}, {'totalQuantity': 333, 'totalOrder': 5, 'securityId': 9196, 'symbol': 'KBSH', 'securityName': 'Kutheli Bukhari Small Hydropower Limited'}, {'totalQuantity': 326, 'totalOrder': 5, 'securityId': 2866, 'symbol': 'MBLD2085', 'securityName': '10.25% Machhapuchhre Bank Debenture 2085'}, {'totalQuantity': 307, 'totalOrder': 5, 'securityId': 8033, 'symbol': 'GBBD85', 'securityName': 'Garima Debenture, 2085'}, {'totalQuantity': 282, 'totalOrder': 5, 'securityId': 2931, 'symbol': 'NIBD84', 'securityName': '8.5% Nepal Investment Bank Debenture 2084'}, {'totalQuantity': 282, 'totalOrder': 5, 'securityId': 2932, 'symbol': 'MFLD85', 'securityName': '9.5% Manjushree Finance Limited Debenture 2085'}, {'totalQuantity': 275, 'totalOrder': 3, 'securityId': 9238, 'symbol': 'NABILD87', 'securityName': '9% Nabil Debenture 2087'}, {'totalQuantity': 270, 'totalOrder': 5, 'securityId': 9255, 'symbol': 'EBLD91', 'securityName': 'Everest Bank Limited Debenture 2091'}, {'totalQuantity': 260, 'totalOrder': 9, 'securityId': 2925, 'symbol': 'MLBSL', 'securityName': 'Mahila Lagubitta Bittiya Sanstha Limited '}, {'totalQuantity': 250, 'totalOrder': 5, 'securityId': 9231, 'symbol': 'CIZBD90', 'securityName': '10% Citizens Bank Debenture 2090'}, {'totalQuantity': 241, 'totalOrder': 5, 'securityId': 2815, 'symbol': 'GMFBS', 'securityName': 'Ganapati Laghubitta Bittiya Sanstha Limited'}, {'totalQuantity': 221, 'totalOrder': 5, 'securityId': 8044, 'symbol': 'EBLD86', 'securityName': 'Everest Bank Limited'}, {'totalQuantity': 220, 'totalOrder': 6, 'securityId': 213, 'symbol': 'BNT', 'securityName': 'Bottlers Nepal (Terai) Limited'}, {'totalQuantity': 201, 'totalOrder': 3, 'securityId': 2886, 'symbol': 'ADBLD83', 'securityName': '10.35% Agricultural Bank Debenture 2083'}, {'totalQuantity': 200, 'totalOrder': 1, 'securityId': 2878, 'symbol': 'SRBLD83', 'securityName': '10.25% Sunrise Bank Debenture 2083'}, {'totalQuantity': 180, 'totalOrder': 6, 'securityId': 8018, 'symbol': 'MLBS', 'securityName': 'Manushi Laghubitta Bittiya Sanstha Limited'}, {'totalQuantity': 180, 'totalOrder': 5, 'securityId': 177, 'symbol': 'RBCL', 'securityName': 'Rastriya Beema Company Limited'}, {'totalQuantity': 175, 'totalOrder': 3, 'securityId': 9220, 'symbol': 'KBLD90', 'securityName': '10% KBL Debenture 2090'}, {'totalQuantity': 170, 'totalOrder': 8, 'securityId': 634, 'symbol': 'RBCLPO', 'securityName': 'Rastriya Beema Company Limited Promoter Share'}, {'totalQuantity': 150, 'totalOrder': 3, 'securityId': 2882, 'symbol': 'ICFCD83', 'securityName': '12% ICFC Finance Limited Debenture 2083'}, {'totalQuantity': 131, 'totalOrder': 5, 'securityId': 4969, 'symbol': 'MND84/85', 'securityName': 'Muktinath Debenture 2084/85'}, {'totalQuantity': 125, 'totalOrder': 2, 'securityId': 9180, 'symbol': 'NMBD89/90', 'securityName': 'NMB Debenture 10.75%-2089/90'}, {'totalQuantity': 100, 'totalOrder': 1, 'securityId': 9168, 'symbol': 'GBILD84/85', 'securityName': 'Global IME Bank Debenture, 2084/85'}, {'totalQuantity': 90, 'totalOrder': 2, 'securityId': 2912, 'symbol': 'SBLD84', 'securityName': '8.5% SBL Debenture 2084'}, {'totalQuantity': 79, 'totalOrder': 4, 'securityId': 8109, 'symbol': 'SBD89', 'securityName': '10.25% Sanima Debenture 2089'}, {'totalQuantity': 75, 'totalOrder': 1, 'securityId': 4961, 'symbol': 'BOKD86', 'securityName': '8.5% BOK Debenture 2086'}, {'totalQuantity': 72, 'totalOrder': 5, 'securityId': 219, 'symbol': 'UNL', 'securityName': 'Unilever Nepal Limited'}, {'totalQuantity': 50, 'totalOrder': 1, 'securityId': 9243, 'symbol': 'NIMBD90', 'securityName': '10% NIMB Debenture 2090'}, {'totalQuantity': 30, 'totalOrder': 3, 'securityId': 195, 'symbol': 'BNL', 'securityName': 'Bottlers Nepal (Balaju) Limited'}, {'totalQuantity': 25, 'totalOrder': 1, 'securityId': 9197, 'symbol': 'LBBLD89', 'securityName': '11% L.B.B.L. Debenture 2089'}, {'totalQuantity': 25, 'totalOrder': 1, 'securityId': 9211, 'symbol': 'SBID89', 'securityName': '9% Nepal SBI Bank Rinpatra 2089'}, {'totalQuantity': 25, 'totalOrder': 1, 'securityId': 9249, 'symbol': 'ICFCD88', 'securityName': '9% ICFC Finance Limited Debenture 2088'}]",7,"price_volume, live_market, summary, top_gainers, top_losers, nepse_index, supply_demand",5152
