collection_timestamp,collection_time_npt,data_source,record_id,market_open,collection_method,market_schedule,securityid,securityname,symbol,indexid,totaltradequantity,lasttradedprice,percentagechange,previousclose,closeprice,openprice,highprice,lowprice,totaltradevalue,lastupdateddatetime,lasttradedvolume,averagetradedprice,total_turnover_rs:,total_traded_shares,total_transactions,total_scrips_traded,ltp,cp,pointchange,sensitive_float_index,float_index,sensitive_index,nepse_index,supplylist,demandlist,total_endpoints_collected,endpoints_collected,github_run_number
2026-08-19T14:39:52.340992+05:45,2026-08-19 14:39:52,price_volume,price_volume_1,True,cloud_automated,Wednesday - Trading Hours: 11:00 AM - 3:00 PM NPT,2790,Aarambha Chautari Laghubitta Bittiya Sanstha Limited,ACLBSL,58.0,799.0,896.0,-0.577008433,901.2,,,,,,,,,,,,,,,,,,,,,,7,"price_volume, live_market, summary, top_gainers, top_losers, nepse_index, supply_demand",5631
2026-08-19T14:39:52.340992+05:45,2026-08-19 14:39:52,price_volume,price_volume_2,True,cloud_automated,Wednesday - Trading Hours: 11:00 AM - 3:00 PM NPT,397,Agricultural Development Bank Limited,ADBL,58.0,22012.0,300.5,0.166666667,300.0,,,,,,,,,,,,,,,,,,,,,,7,"price_volume, live_market, summary, top_gainers, top_losers, nepse_index, supply_demand",5631
2026-08-19T14:39:52.340992+05:45,2026-08-19 14:39:52,price_volume,price_volume_3,True,cloud_automated,Wednesday - Trading Hours: 11:00 AM - 3:00 PM NPT,9150,Asian Hydropower Limited,AHL,58.0,2046.0,401.0,-1.715686275,408.0,,,,,,,,,,,,,,,,,,,,,,7,"price_volume, live_market, summary, top_gainers, top_losers, nepse_index, supply_demand",5631
2026-08-19T14:39:52.340992+05:45,2026-08-19 14:39:52,price_volume,price_volume_4,True,cloud_automated,Wednesday - Trading Hours: 11:00 AM - 3:00 PM NPT,360,Arun Valley Hydropower Development Co. Ltd.,AHPC,58.0,51074.0,260.7,0.269230769,260.0,,,,,,,,,,,,,,,,,,,,,,7,"price_volume, live_market, summary, top_gainers, top_losers, nepse_index, supply_demand",5631
2026-08-19T14:39:52.340992+05:45,2026-08-19 14:39:52,price_volume,price_volume_5,True,cloud_automated,Wednesday - Trading Hours: 11:00 AM - 3:00 PM NPT,2788,Ankhu Khola Jalvidhyut Company Ltd,AKJCL,58.0,128703.0,353.0,1.117158407,349.1,,,,,,,,,,,,,,,,,,,,,,7,"price_volume, live_market, summary, top_gainers, top_losers, nepse_index, supply_demand",5631
2026-08-19T14:39:52.340992+05:45,2026-08-19 14:39:52,price_volume,price_volume_6,True,cloud_automated,Wednesday - Trading Hours: 11:00 AM - 3:00 PM NPT,2757,Arun Kabeli Power Ltd.,AKPL,58.0,25621.0,250.0,0.401606426,249.0,,,,,,,,,,,,,,,,,,,,,,7,"price_volume, live_market, summary, top_gainers, top_losers, nepse_index, supply_demand",5631
2026-08-19T14:39:52.340992+05:45,2026-08-19 14:39:52,price_volume,price_volume_7,True,cloud_automated,Wednesday - Trading Hours: 11:00 AM - 3:00 PM NPT,2807,Asha Laghubitta Bittiya Sanstha Ltd,ALBSL,58.0,9235.0,1099.8,-0.190579907,1101.9,,,,,,,,,,,,,,,,,,,,,,7,"price_volume, live_market, summary, top_gainers, top_losers, nepse_index, supply_demand",5631
2026-08-19T14:39:52.340992+05:45,2026-08-19 14:39:52,price_volume,price_volume_8,True,cloud_automated,Wednesday - Trading Hours: 11:00 AM - 3:00 PM NPT,385,Asian Life Insurance Co. Limited,ALICL,58.0,3072.0,417.0,0.481927711,415.0,,,,,,,,,,,,,,,,,,,,,,7,"price_volume, live_market, summary, top_gainers, top_losers, nepse_index, supply_demand",5631
2026-08-19T14:39:52.340992+05:45,2026-08-19 14:39:52,price_volume,price_volume_9,True,cloud_automated,Wednesday - Trading Hours: 11:00 AM - 3:00 PM NPT,9161,Aatmanirbhar Laghubitta Bittiya Sanstha Limited,ANLB,58.0,837.0,5061.0,-3.138755981,5225.0,,,,,,,,,,,,,,,,,,,,,,7,"price_volume, live_market, summary, top_gainers, top_losers, nepse_index, supply_demand",5631
2026-08-19T14:39:52.340992+05:45,2026-08-19 14:39:52,price_volume,price_volume_10,True,cloud_automated,Wednesday - Trading Hours: 11:00 AM - 3:00 PM NPT,9337,Appolo Hydropower Limited,APHL,58.0,5085.0,747.8,-0.346481876,750.4,,,,,,,,,,,,,,,,,,,,,,7,"price_volume, live_market, summary, top_gainers, top_losers, nepse_index, supply_demand",5631
2026-08-19T14:39:52.340992+05:45,2026-08-19 14:39:52,price_volume,price_volume_11,True,cloud_automated,Wednesday - Trading Hours: 11:00 AM - 3:00 PM NPT,697,Api Power Company Ltd.,API,58.0,91861.0,327.8,-0.666666667,330.0,,,,,,,,,,,,,,,,,,,,,,7,"price_volume, live_market, summary, top_gainers, top_losers, nepse_index, supply_demand",5631
2026-08-19T14:39:52.340992+05:45,2026-08-19 14:39:52,price_volume,price_volume_12,True,cloud_automated,Wednesday - Trading Hours: 11:00 AM - 3:00 PM NPT,8117,Aviyan Laghubitta Bittiya Sanstha Limited,AVYAN,58.0,311.0,1039.0,1.514411334,1023.5,,,,,,,,,,,,,,,,,,,,,,7,"price_volume, live_market, summary, top_gainers, top_losers, nepse_index, supply_demand",5631
2026-08-19T14:39:52.340992+05:45,2026-08-19 14:39:52,price_volume,price_volume_13,True,cloud_automated,Wednesday - Trading Hours: 11:00 AM - 3:00 PM NPT,9297,Bandipur Cablecar and Tourism Limited,BANDIPUR,58.0,11788.0,684.2,-0.262390671,686.0,,,,,,,,,,,,,,,,,,,,,,7,"price_volume, live_market, summary, top_gainers, top_losers, nepse_index, supply_demand",5631
2026-08-19T14:39:52.340992+05:45,2026-08-19 14:39:52,price_volume,price_volume_14,True,cloud_automated,Wednesday - Trading Hours: 11:00 AM - 3:00 PM NPT,686,Barun Hydropower Co. Ltd.,BARUN,58.0,11725.0,315.0,-0.630914826,317.0,,,,,,,,,,,,,,,,,,,,,,7,"price_volume, live_market, summary, top_gainers, top_losers, nepse_index, supply_demand",5631
2026-08-19T14:39:52.340992+05:45,2026-08-19 14:39:52,price_volume,price_volume_15,True,cloud_automated,Wednesday - Trading Hours: 11:00 AM - 3:00 PM NPT,156,Bishal Bazar Company Limited,BBC,58.0,49.0,4169.0,1.484907498,4108.0,,,,,,,,,,,,,,,,,,,,,,7,"price_volume, live_market, summary, top_gainers, top_losers, nepse_index, supply_demand",5631
2026-08-19T14:39:52.340992+05:45,2026-08-19 14:39:52,price_volume,price_volume_16,True,cloud_automated,Wednesday - Trading Hours: 11:00 AM - 3:00 PM NPT,9171,Bhugol Energy Development Company Limited,BEDC,58.0,7830.0,309.8,-1.180223285,313.5,,,,,,,,,,,,,,,,,,,,,,7,"price_volume, live_market, summary, top_gainers, top_losers, nepse_index, supply_demand",5631
2026-08-19T14:39:52.340992+05:45,2026-08-19 14:39:52,price_volume,price_volume_17,True,cloud_automated,Wednesday - Trading Hours: 11:00 AM - 3:00 PM NPT,227,Best Finance Company Ltd.,BFC,58.0,16438.0,480.0,-1.030927835,485.0,,,,,,,,,,,,,,,,,,,,,,7,"price_volume, live_market, summary, top_gainers, top_losers, nepse_index, supply_demand",5631
2026-08-19T14:39:52.340992+05:45,2026-08-19 14:39:52,price_volume,price_volume_18,True,cloud_automated,Wednesday - Trading Hours: 11:00 AM - 3:00 PM NPT,9214,Bhagawati Hydropower Development Company Limited,BGWT,58.0,2319.0,510.0,2.0,500.0,,,,,,,,,,,,,,,,,,,,,,7,"price_volume, live_market, summary, top_gainers, top_losers, nepse_index, supply_demand",5631
2026-08-19T14:39:52.340992+05:45,2026-08-19 14:39:52,price_volume,price_volume_19,True,cloud_automated,Wednesday - Trading Hours: 11:00 AM - 3:00 PM NPT,9267,Bikash Hydropower Company Limited,BHCL,58.0,111523.0,556.1,0.742753623,552.0,,,,,,,,,,,,,,,,,,,,,,7,"price_volume, live_market, summary, top_gainers, top_losers, nepse_index, supply_demand",5631
2026-08-19T14:39:52.340992+05:45,2026-08-19 14:39:52,price_volume,price_volume_20,True,cloud_automated,Wednesday - Trading Hours: 11:00 AM - 3:00 PM NPT,8075,Bindhyabasini Hydropower Development Company Limited,BHDC,58.0,15572.0,425.0,0.188590288,424.2,,,,,,,,,,,,,,,,,,,,,,7,"price_volume, live_market, summary, top_gainers, top_losers, nepse_index, supply_demand",5631
2026-08-19T14:39:52.340992+05:45,2026-08-19 14:39:52,price_volume,price_volume_21,True,cloud_automated,Wednesday - Trading Hours: 11:00 AM - 3:00 PM NPT,8055,Balephi Hydropower Limited,BHL,58.0,27655.0,208.7,0.529865125,207.6,,,,,,,,,,,,,,,,,,,,,,7,"price_volume, live_market, summary, top_gainers, top_losers, nepse_index, supply_demand",5631
2026-08-19T14:39:52.340992+05:45,2026-08-19 14:39:52,price_volume,price_volume_22,True,cloud_automated,Wednesday - Trading Hours: 11:00 AM - 3:00 PM NPT,9135,Barahi Hydropower Public Limited,BHPL,58.0,7547.0,474.4,-0.960334029,479.0,,,,,,,,,,,,,,,,,,,,,,7,"price_volume, live_market, summary, top_gainers, top_losers, nepse_index, supply_demand",5631
2026-08-19T14:39:52.340992+05:45,2026-08-19 14:39:52,price_volume,price_volume_23,True,cloud_automated,Wednesday - Trading Hours: 11:00 AM - 3:00 PM NPT,9322,Bhujung Hydropower Limited,BJHL,58.0,10385.0,715.8,0.25210084,714.0,,,,,,,,,,,,,,,,,,,,,,7,"price_volume, live_market, summary, top_gainers, top_losers, nepse_index, supply_demand",5631
2026-08-19T14:39:52.340992+05:45,2026-08-19 14:39:52,price_volume,price_volume_24,True,cloud_automated,Wednesday - Trading Hours: 11:00 AM - 3:00 PM NPT,8032,Buddha Bhumi Nepal Hydropower Company Limited,BNHC,58.0,4613.0,278.5,-0.535714286,280.0,,,,,,,,,,,,,,,,,,,,,,7,"price_volume, live_market, summary, top_gainers, top_losers, nepse_index, supply_demand",5631
2026-08-19T14:39:52.340992+05:45,2026-08-19 14:39:52,price_volume,price_volume_25,True,cloud_automated,Wednesday - Trading Hours: 11:00 AM - 3:00 PM NPT,213,Bottlers Nepal (Terai) Limited,BNT,58.0,61.0,11620.0,0.172413793,11600.0,,,,,,,,,,,,,,,,,,,,,,7,"price_volume, live_market, summary, top_gainers, top_losers, nepse_index, supply_demand",5631
2026-08-19T14:39:52.340992+05:45,2026-08-19 14:39:52,price_volume,price_volume_26,True,cloud_automated,Wednesday - Trading Hours: 11:00 AM - 3:00 PM NPT,153,Butwal Power Company Limited,BPCL,58.0,3363.0,635.1,-0.454545455,638.0,,,,,,,,,,,,,,,,,,,,,,7,"price_volume, live_market, summary, top_gainers, top_losers, nepse_index, supply_demand",5631
2026-08-19T14:39:52.340992+05:45,2026-08-19 14:39:52,price_volume,price_volume_27,True,cloud_automated,Wednesday - Trading Hours: 11:00 AM - 3:00 PM NPT,9296,Bungal Hydro Limited,BUNGAL,58.0,17778.0,600.0,0.857286939,594.9,,,,,,,,,,,,,,,,,,,,,,7,"price_volume, live_market, summary, top_gainers, top_losers, nepse_index, supply_demand",5631
2026-08-19T14:39:52.340992+05:45,2026-08-19 14:39:52,price_volume,price_volume_28,True,cloud_automated,Wednesday - Trading Hours: 11:00 AM - 3:00 PM NPT,164,Chhimek Laghubitta Bittiya Sanstha Limited,CBBL,58.0,11689.0,939.8,0.405982906,936.0,,,,,,,,,,,,,,,,,,,,,,7,"price_volume, live_market, summary, top_gainers, top_losers, nepse_index, supply_demand",5631
2026-08-19T14:39:52.340992+05:45,2026-08-19 14:39:52,price_volume,price_volume_29,True,cloud_automated,Wednesday - Trading Hours: 11:00 AM - 3:00 PM NPT,245,Central Finance Co. Ltd.,CFCL,58.0,32456.0,599.0,0.672268908,595.0,,,,,,,,,,,,,,,,,,,,,,7,"price_volume, live_market, summary, top_gainers, top_losers, nepse_index, supply_demand",5631
2026-08-19T14:39:52.340992+05:45,2026-08-19 14:39:52,price_volume,price_volume_30,True,cloud_automated,Wednesday - Trading Hours: 11:00 AM - 3:00 PM NPT,2917,Chandragiri Hills Limited,CGH,58.0,5524.0,770.0,-0.388098318,773.0,,,,,,,,,,,,,,,,,,,,,,7,"price_volume, live_market, summary, top_gainers, top_losers, nepse_index, supply_demand",5631
2026-08-19T14:39:52.340992+05:45,2026-08-19 14:39:52,price_volume,price_volume_31,True,cloud_automated,Wednesday - Trading Hours: 11:00 AM - 3:00 PM NPT,154,Chilime Hydropower Company Limited,CHCL,58.0,6655.0,479.8,-0.041666667,480.0,,,,,,,,,,,,,,,,,,,,,,7,"price_volume, live_market, summary, top_gainers, top_losers, nepse_index, supply_demand",5631
2026-08-19T14:39:52.340992+05:45,2026-08-19 14:39:52,price_volume,price_volume_32,True,cloud_automated,Wednesday - Trading Hours: 11:00 AM - 3:00 PM NPT,3946,CEDB Holdings Limited,CHDC,58.0,6919.0,2189.0,-0.318761384,2196.0,,,,,,,,,,,,,,,,,,,,,,7,"price_volume, live_market, summary, top_gainers, top_losers, nepse_index, supply_demand",5631
2026-08-19T14:39:52.340992+05:45,2026-08-19 14:39:52,price_volume,price_volume_33,True,cloud_automated,Wednesday - Trading Hours: 11:00 AM - 3:00 PM NPT,2766,Chhyangdi Hydropower Ltd.,CHL,58.0,5145.0,263.0,0.038037277,262.9,,,,,,,,,,,,,,,,,,,,,,7,"price_volume, live_market, summary, top_gainers, top_losers, nepse_index, supply_demand",5631
2026-08-19T14:39:52.340992+05:45,2026-08-19 14:39:52,price_volume,price_volume_34,True,cloud_automated,Wednesday - Trading Hours: 11:00 AM - 3:00 PM NPT,210,Citizen Investment Trust,CIT,58.0,3548.0,1696.0,-0.411039342,1703.0,,,,,,,,,,,,,,,,,,,,,,7,"price_volume, live_market, summary, top_gainers, top_losers, nepse_index, supply_demand",5631
2026-08-19T14:39:52.340992+05:45,2026-08-19 14:39:52,price_volume,price_volume_35,True,cloud_automated,Wednesday - Trading Hours: 11:00 AM - 3:00 PM NPT,9173,City Hotel Limited,CITY,58.0,43120.0,361.8,1.005025126,358.2,,,,,,,,,,,,,,,,,,,,,,7,"price_volume, live_market, summary, top_gainers, top_losers, nepse_index, supply_demand",5631
2026-08-19T14:39:52.340992+05:45,2026-08-19 14:39:52,price_volume,price_volume_36,True,cloud_automated,Wednesday - Trading Hours: 11:00 AM - 3:00 PM NPT,9232,Chirkhwa Hydropower Limited ,CKHL,58.0,100.0,584.0,-2.504173623,599.0,,,,,,,,,,,,,,,,,,,,,,7,"price_volume, live_market, summary, top_gainers, top_losers, nepse_index, supply_demand",5631
2026-08-19T14:39:52.340992+05:45,2026-08-19 14:39:52,price_volume,price_volume_37,True,cloud_automated,Wednesday - Trading Hours: 11:00 AM - 3:00 PM NPT,9209,Citizen Life Insurance Company Limited,CLI,58.0,10766.0,434.0,-1.093892434,438.8,,,,,,,,,,,,,,,,,,,,,,7,"price_volume, live_market, summary, top_gainers, top_losers, nepse_index, supply_demand",5631
2026-08-19T14:39:52.340992+05:45,2026-08-19 14:39:52,price_volume,price_volume_38,True,cloud_automated,Wednesday - Trading Hours: 11:00 AM - 3:00 PM NPT,450,Corporate Development Bank Limited,CORBL,58.0,7975.0,1016.2,-0.333464104,1019.6,,,,,,,,,,,,,,,,,,,,,,7,"price_volume, live_market, summary, top_gainers, top_losers, nepse_index, supply_demand",5631
2026-08-19T14:39:52.340992+05:45,2026-08-19 14:39:52,price_volume,price_volume_39,True,cloud_automated,Wednesday - Trading Hours: 11:00 AM - 3:00 PM NPT,9252,Crest Micro Life Insurance Limited,CREST,58.0,7044.0,1140.0,-1.715665144,1159.9,,,,,,,,,,,,,,,,,,,,,,7,"price_volume, live_market, summary, top_gainers, top_losers, nepse_index, supply_demand",5631
2026-08-19T14:39:52.340992+05:45,2026-08-19 14:39:52,price_volume,price_volume_40,True,cloud_automated,Wednesday - Trading Hours: 11:00 AM - 3:00 PM NPT,8065,CYC Nepal Laghubitta Bittiya Sanstha Limited,CYCL,58.0,8547.0,1496.7,0.44966443,1490.0,,,,,,,,,,,,,,,,,,,,,,7,"price_volume, live_market, summary, top_gainers, top_losers, nepse_index, supply_demand",5631
2026-08-19T14:39:52.340992+05:45,2026-08-19 14:39:52,price_volume,price_volume_41,True,cloud_automated,Wednesday - Trading Hours: 11:00 AM - 3:00 PM NPT,348,Citizens Bank International Limited,CZBIL,58.0,37231.0,199.0,-0.300601202,199.6,,,,,,,,,,,,,,,,,,,,,,7,"price_volume, live_market, summary, top_gainers, top_losers, nepse_index, supply_demand",5631
2026-08-19T14:39:52.340992+05:45,2026-08-19 14:39:52,price_volume,price_volume_42,True,cloud_automated,Wednesday - Trading Hours: 11:00 AM - 3:00 PM NPT,166,Deprosc Laghubitta Bittiya Sanstha Limited,DDBL,58.0,6358.0,840.4,-0.071343639,841.0,,,,,,,,,,,,,,,,,,,,,,7,"price_volume, live_market, summary, top_gainers, top_losers, nepse_index, supply_demand",5631
2026-08-19T14:39:52.340992+05:45,2026-08-19 14:39:52,price_volume,price_volume_43,True,cloud_automated,Wednesday - Trading Hours: 11:00 AM - 3:00 PM NPT,9293,Daramkhola Hydro Energy Limited,DHEL,58.0,9643.0,587.0,-1.344537815,595.0,,,,,,,,,,,,,,,,,,,,,,7,"price_volume, live_market, summary, top_gainers, top_losers, nepse_index, supply_demand",5631
2026-08-19T14:39:52.340992+05:45,2026-08-19 14:39:52,price_volume,price_volume_44,True,cloud_automated,Wednesday - Trading Hours: 11:00 AM - 3:00 PM NPT,2754,Dibyashwori Hydropower Ltd.,DHPL,58.0,1206.0,279.0,-1.413427562,283.0,,,,,,,,,,,,,,,,,,,,,,7,"price_volume, live_market, summary, top_gainers, top_losers, nepse_index, supply_demand",5631
2026-08-19T14:39:52.340992+05:45,2026-08-19 14:39:52,price_volume,price_volume_45,True,cloud_automated,Wednesday - Trading Hours: 11:00 AM - 3:00 PM NPT,8123,Dhaulagiri Laghubitta Bittiya Sanstha Limited,DLBS,58.0,614.0,1099.0,-2.311111111,1125.0,,,,,,,,,,,,,,,,,,,,,,7,"price_volume, live_market, summary, top_gainers, top_losers, nepse_index, supply_demand",5631
2026-08-19T14:39:52.340992+05:45,2026-08-19 14:39:52,price_volume,price_volume_46,True,cloud_automated,Wednesday - Trading Hours: 11:00 AM - 3:00 PM NPT,9170,Dolti Power Company Limited,DOLTI,58.0,16753.0,311.3,-0.54313099,313.0,,,,,,,,,,,,,,,,,,,,,,7,"price_volume, live_market, summary, top_gainers, top_losers, nepse_index, supply_demand",5631
2026-08-19T14:39:52.340992+05:45,2026-08-19 14:39:52,price_volume,price_volume_47,True,cloud_automated,Wednesday - Trading Hours: 11:00 AM - 3:00 PM NPT,8070,Dordi Khola Jal Bidyut Company Limited,DORDI,58.0,8268.0,247.6,0.202347228,247.1,,,,,,,,,,,,,,,,,,,,,,7,"price_volume, live_market, summary, top_gainers, top_losers, nepse_index, supply_demand",5631
2026-08-19T14:39:52.340992+05:45,2026-08-19 14:39:52,price_volume,price_volume_48,True,cloud_automated,Wednesday - Trading Hours: 11:00 AM - 3:00 PM NPT,137,Everest Bank Limited,EBL,58.0,20511.0,730.0,0.137174211,729.0,,,,,,,,,,,,,,,,,,,,,,7,"price_volume, live_market, summary, top_gainers, top_losers, nepse_index, supply_demand",5631
2026-08-19T14:39:52.340992+05:45,2026-08-19 14:39:52,price_volume,price_volume_49,True,cloud_automated,Wednesday - Trading Hours: 11:00 AM - 3:00 PM NPT,9347,Everest Colour Limited,ECL,58.0,9898.0,1433.0,-2.517006803,1470.0,,,,,,,,,,,,,,,,,,,,,,7,"price_volume, live_market, summary, top_gainers, top_losers, nepse_index, supply_demand",5631
2026-08-19T14:39:52.340992+05:45,2026-08-19 14:39:52,price_volume,price_volume_50,True,cloud_automated,Wednesday - Trading Hours: 11:00 AM - 3:00 PM NPT,274,Excel Development Bank Ltd.,EDBL,58.0,9428.0,575.7,-1.26907906,583.1,,,,,,,,,,,,,,,,,,,,,,7,"price_volume, live_market, summary, top_gainers, top_losers, nepse_index, supply_demand",5631
2026-08-19T14:39:52.340992+05:45,2026-08-19 14:39:52,price_volume,price_volume_51,True,cloud_automated,Wednesday - Trading Hours: 11:00 AM - 3:00 PM NPT,8131,Eastern Hydropower Limited,EHPL,58.0,18362.0,329.5,-1.612421618,334.9,,,,,,,,,,,,,,,,,,,,,,7,"price_volume, live_market, summary, top_gainers, top_losers, nepse_index, supply_demand",5631
2026-08-19T14:39:52.340992+05:45,2026-08-19 14:39:52,price_volume,price_volume_52,True,cloud_automated,Wednesday - Trading Hours: 11:00 AM - 3:00 PM NPT,8034,Emerging Nepal Limited,ENL,58.0,200.0,787.6,-1.426783479,799.0,,,,,,,,,,,,,,,,,,,,,,7,"price_volume, live_market, summary, top_gainers, top_losers, nepse_index, supply_demand",5631
2026-08-19T14:39:52.340992+05:45,2026-08-19 14:39:52,price_volume,price_volume_53,True,cloud_automated,Wednesday - Trading Hours: 11:00 AM - 3:00 PM NPT,490,First Micro Finance Laghubitta Bittiya Sanstha Limited,FMDBL,58.0,9795.0,769.9,1.169513798,761.0,,,,,,,,,,,,,,,,,,,,,,7,"price_volume, live_market, summary, top_gainers, top_losers, nepse_index, supply_demand",5631
2026-08-19T14:39:52.340992+05:45,2026-08-19 14:39:52,price_volume,price_volume_54,True,cloud_automated,Wednesday - Trading Hours: 11:00 AM - 3:00 PM NPT,2758,Forward Microfinance Laghubitta Bittiya Sanstha Limited,FOWAD,58.0,705.0,931.0,-0.321199143,934.0,,,,,,,,,,,,,,,,,,,,,,7,"price_volume, live_market, summary, top_gainers, top_losers, nepse_index, supply_demand",5631
2026-08-19T14:39:52.340992+05:45,2026-08-19 14:39:52,price_volume,price_volume_55,True,cloud_automated,Wednesday - Trading Hours: 11:00 AM - 3:00 PM NPT,417,Garima Bikas Bank Limited,GBBL,58.0,27305.0,422.0,-0.588928151,424.5,,,,,,,,,,,,,,,,,,,,,,7,"price_volume, live_market, summary, top_gainers, top_losers, nepse_index, supply_demand",5631
2026-08-19T14:39:52.340992+05:45,2026-08-19 14:39:52,price_volume,price_volume_56,True,cloud_automated,Wednesday - Trading Hours: 11:00 AM - 3:00 PM NPT,341,Global IME Bank Limited,GBIME,58.0,77233.0,247.9,1.183673469,245.0,,,,,,,,,,,,,,,,,,,,,,7,"price_volume, live_market, summary, top_gainers, top_losers, nepse_index, supply_demand",5631
2026-08-19T14:39:52.340992+05:45,2026-08-19 14:39:52,price_volume,price_volume_57,True,cloud_automated,Wednesday - Trading Hours: 11:00 AM - 3:00 PM NPT,583,Grameen Bikas Laghubitta Bittiya Sanstha Ltd.,GBLBS,58.0,1795.0,696.1,-0.272206304,698.0,,,,,,,,,,,,,,,,,,,,,,7,"price_volume, live_market, summary, top_gainers, top_losers, nepse_index, supply_demand",5631
2026-08-19T14:39:52.340992+05:45,2026-08-19 14:39:52,price_volume,price_volume_58,True,cloud_automated,Wednesday - Trading Hours: 11:00 AM - 3:00 PM NPT,9193,Ghorahi Cement Industry Limited,GCIL,58.0,1903.0,342.0,0.588235294,340.0,,,,,,,,,,,,,,,,,,,,,,7,"price_volume, live_market, summary, top_gainers, top_losers, nepse_index, supply_demand",5631
2026-08-19T14:39:52.340992+05:45,2026-08-19 14:39:52,price_volume,price_volume_59,True,cloud_automated,Wednesday - Trading Hours: 11:00 AM - 3:00 PM NPT,232,Goodwill Finance Limited,GFCL,58.0,2409.0,591.0,-0.505050505,594.0,,,,,,,,,,,,,,,,,,,,,,7,"price_volume, live_market, summary, top_gainers, top_losers, nepse_index, supply_demand",5631
2026-08-19T14:39:52.340992+05:45,2026-08-19 14:39:52,price_volume,price_volume_60,True,cloud_automated,Wednesday - Trading Hours: 11:00 AM - 3:00 PM NPT,2806,Ghalemdi Hydro Limited,GHL,58.0,181455.0,236.0,0.169779287,235.6,,,,,,,,,,,,,,,,,,,,,,7,"price_volume, live_market, summary, top_gainers, top_losers, nepse_index, supply_demand",5631
2026-08-19T14:39:52.340992+05:45,2026-08-19 14:39:52,price_volume,price_volume_61,True,cloud_automated,Wednesday - Trading Hours: 11:00 AM - 3:00 PM NPT,705,Global IME Laghubitta Bittiya Sanstha Ltd.,GILB,58.0,2659.0,1096.4,-0.850063303,1105.8,,,,,,,,,,,,,,,,,,,,,,7,"price_volume, live_market, summary, top_gainers, top_losers, nepse_index, supply_demand",5631
2026-08-19T14:39:52.340992+05:45,2026-08-19 14:39:52,price_volume,price_volume_62,True,cloud_automated,Wednesday - Trading Hours: 11:00 AM - 3:00 PM NPT,2826,Gurans Laghubitta Bittiya Sanstha Limited,GLBSL,58.0,896.0,1701.0,0.0,1701.0,,,,,,,,,,,,,,,,,,,,,,7,"price_volume, live_market, summary, top_gainers, top_losers, nepse_index, supply_demand",5631
2026-08-19T14:39:52.340992+05:45,2026-08-19 14:39:52,price_volume,price_volume_63,True,cloud_automated,Wednesday - Trading Hours: 11:00 AM - 3:00 PM NPT,2924,GreenLife Hydropower Limited,GLH,58.0,15731.0,255.0,-0.390625,256.0,,,,,,,,,,,,,,,,,,,,,,7,"price_volume, live_market, summary, top_gainers, top_losers, nepse_index, supply_demand",5631
2026-08-19T14:39:52.340992+05:45,2026-08-19 14:39:52,price_volume,price_volume_64,True,cloud_automated,Wednesday - Trading Hours: 11:00 AM - 3:00 PM NPT,2815,Ganapati Laghubitta Bittiya Sanstha Limited,GMFBS,58.0,298.0,1170.0,1.211072664,1156.0,,,,,,,,,,,,,,,,,,,,,,7,"price_volume, live_market, summary, top_gainers, top_losers, nepse_index, supply_demand",5631
2026-08-19T14:39:52.340992+05:45,2026-08-19 14:39:52,price_volume,price_volume_65,True,cloud_automated,Wednesday - Trading Hours: 11:00 AM - 3:00 PM NPT,263,Guheshowori Merchant Bank & Finance Co. Ltd.,GMFIL,58.0,4837.0,444.0,-0.224719101,445.0,,,,,,,,,,,,,,,,,,,,,,7,"price_volume, live_market, summary, top_gainers, top_losers, nepse_index, supply_demand",5631
2026-08-19T14:39:52.340992+05:45,2026-08-19 14:39:52,price_volume,price_volume_66,True,cloud_automated,Wednesday - Trading Hours: 11:00 AM - 3:00 PM NPT,9246,Guardian Micro Life Insurance Limited ,GMLI,58.0,1280.0,1042.2,-2.598130841,1070.0,,,,,,,,,,,,,,,,,,,,,,7,"price_volume, live_market, summary, top_gainers, top_losers, nepse_index, supply_demand",5631
2026-08-19T14:39:52.340992+05:45,2026-08-19 14:39:52,price_volume,price_volume_67,True,cloud_automated,Wednesday - Trading Hours: 11:00 AM - 3:00 PM NPT,2744,Green Development Bank Ltd.,GRDBL,58.0,5901.0,1015.5,-2.925150559,1046.1,,,,,,,,,,,,,,,,,,,,,,7,"price_volume, live_market, summary, top_gainers, top_losers, nepse_index, supply_demand",5631
2026-08-19T14:39:52.340992+05:45,2026-08-19 14:39:52,price_volume,price_volume_68,True,cloud_automated,Wednesday - Trading Hours: 11:00 AM - 3:00 PM NPT,204,Gurkhas Finance Ltd.,GUFL,58.0,7175.0,533.6,-0.503449562,536.3,,,,,,,,,,,,,,,,,,,,,,7,"price_volume, live_market, summary, top_gainers, top_losers, nepse_index, supply_demand",5631
2026-08-19T14:39:52.340992+05:45,2026-08-19 14:39:52,price_volume,price_volume_69,True,cloud_automated,Wednesday - Trading Hours: 11:00 AM - 3:00 PM NPT,8045,Green Ventures Limited,GVL,58.0,5158.0,476.0,1.233517652,470.2,,,,,,,,,,,,,,,,,,,,,,7,"price_volume, live_market, summary, top_gainers, top_losers, nepse_index, supply_demand",5631
2026-08-19T14:39:52.340992+05:45,2026-08-19 14:39:52,price_volume,price_volume_70,True,cloud_automated,Wednesday - Trading Hours: 11:00 AM - 3:00 PM NPT,9213,Hathway Investment Nepal Limited,HATHY,58.0,18324.0,603.4,-2.504443367,618.9,,,,,,,,,,,,,,,,,,,,,,7,"price_volume, live_market, summary, top_gainers, top_losers, nepse_index, supply_demand",5631
2026-08-19T14:39:52.340992+05:45,2026-08-19 14:39:52,price_volume,price_volume_71,True,cloud_automated,Wednesday - Trading Hours: 11:00 AM - 3:00 PM NPT,134,Himalayan Bank Limited,HBL,58.0,22365.0,191.1,-0.933125972,192.9,,,,,,,,,,,,,,,,,,,,,,7,"price_volume, live_market, summary, top_gainers, top_losers, nepse_index, supply_demand",5631
2026-08-19T14:39:52.340992+05:45,2026-08-19 14:39:52,price_volume,price_volume_72,True,cloud_automated,Wednesday - Trading Hours: 11:00 AM - 3:00 PM NPT,2880,Himal Dolakha Hydropower Company Limited,HDHPC,58.0,48550.0,207.7,0.096385542,207.5,,,,,,,,,,,,,,,,,,,,,,7,"price_volume, live_market, summary, top_gainers, top_losers, nepse_index, supply_demand",5631
2026-08-19T14:39:52.340992+05:45,2026-08-19 14:39:52,price_volume,price_volume_73,True,cloud_automated,Wednesday - Trading Hours: 11:00 AM - 3:00 PM NPT,235,Himalayan Distillery Limited,HDL,58.0,11412.0,1180.0,-0.076213058,1180.9,,,,,,,,,,,,,,,,,,,,,,7,"price_volume, live_market, summary, top_gainers, top_losers, nepse_index, supply_demand",5631
2026-08-19T14:39:52.340992+05:45,2026-08-19 14:39:52,price_volume,price_volume_74,True,cloud_automated,Wednesday - Trading Hours: 11:00 AM - 3:00 PM NPT,179,Himalayan Everest Insurance Limited,HEI,58.0,42.0,524.2,0.038167939,524.0,,,,,,,,,,,,,,,,,,,,,,7,"price_volume, live_market, summary, top_gainers, top_losers, nepse_index, supply_demand",5631
2026-08-19T14:39:52.340992+05:45,2026-08-19 14:39:52,price_volume,price_volume_75,True,cloud_automated,Wednesday - Trading Hours: 11:00 AM - 3:00 PM NPT,9308,Hotel Forest Inn Limited,HFIN,58.0,10597.0,685.0,0.764930862,679.8,,,,,,,,,,,,,,,,,,,,,,7,"price_volume, live_market, summary, top_gainers, top_losers, nepse_index, supply_demand",5631
2026-08-19T14:39:52.340992+05:45,2026-08-19 14:39:52,price_volume,price_volume_76,True,cloud_automated,Wednesday - Trading Hours: 11:00 AM - 3:00 PM NPT,8076,Himalayan Hydropower Limited,HHL,58.0,12893.0,330.9,-0.600781015,332.9,,,,,,,,,,,,,,,,,,,,,,7,"price_volume, live_market, summary, top_gainers, top_losers, nepse_index, supply_demand",5631
2026-08-19T14:39:52.340992+05:45,2026-08-19 14:39:52,price_volume,price_volume_77,True,cloud_automated,Wednesday - Trading Hours: 11:00 AM - 3:00 PM NPT,2742,Hydorelectricity Investment and Development Company Ltd,HIDCL,58.0,20923.0,250.4,-0.239043825,251.0,,,,,,,,,,,,,,,,,,,,,,7,"price_volume, live_market, summary, top_gainers, top_losers, nepse_index, supply_demand",5631
2026-08-19T14:39:52.340992+05:45,2026-08-19 14:39:52,price_volume,price_volume_78,True,cloud_automated,Wednesday - Trading Hours: 11:00 AM - 3:00 PM NPT,9270,Him Star Urja Company Limited,HIMSTAR,58.0,2400.0,687.0,-1.575931232,698.0,,,,,,,,,,,,,,,,,,,,,,7,"price_volume, live_market, summary, top_gainers, top_losers, nepse_index, supply_demand",5631
2026-08-19T14:39:52.340992+05:45,2026-08-19 14:39:52,price_volume,price_volume_79,True,cloud_automated,Wednesday - Trading Hours: 11:00 AM - 3:00 PM NPT,693,Himalayan Laghubitta Bittiya Sanstha Limited,HLBSL,58.0,82.0,875.0,0.0,875.0,,,,,,,,,,,,,,,,,,,,,,7,"price_volume, live_market, summary, top_gainers, top_losers, nepse_index, supply_demand",5631
2026-08-19T14:39:52.340992+05:45,2026-08-19 14:39:52,price_volume,price_volume_80,True,cloud_automated,Wednesday - Trading Hours: 11:00 AM - 3:00 PM NPT,393,Himalayan Life Insurance Limited,HLI,58.0,10855.0,315.0,-0.158478605,315.5,,,,,,,,,,,,,,,,,,,,,,7,"price_volume, live_market, summary, top_gainers, top_losers, nepse_index, supply_demand",5631
2026-08-19T14:39:52.340992+05:45,2026-08-19 14:39:52,price_volume,price_volume_81,True,cloud_automated,Wednesday - Trading Hours: 11:00 AM - 3:00 PM NPT,2767,Himalayan Power Partner Ltd.,HPPL,58.0,20421.0,379.2,-0.210526316,380.0,,,,,,,,,,,,,,,,,,,,,,7,"price_volume, live_market, summary, top_gainers, top_losers, nepse_index, supply_demand",5631
2026-08-19T14:39:52.340992+05:45,2026-08-19 14:39:52,price_volume,price_volume_82,True,cloud_automated,Wednesday - Trading Hours: 11:00 AM - 3:00 PM NPT,9234,Himalayan Reinsurance Limited,HRL,58.0,17442.0,575.0,-0.690846287,579.0,,,,,,,,,,,,,,,,,,,,,,7,"price_volume, live_market, summary, top_gainers, top_losers, nepse_index, supply_demand",5631
2026-08-19T14:39:52.340992+05:45,2026-08-19 14:39:52,price_volume,price_volume_83,True,cloud_automated,Wednesday - Trading Hours: 11:00 AM - 3:00 PM NPT,2824,Himalaya Urja Bikas Company Limited,HURJA,58.0,34984.0,236.6,0.424448217,235.6,,,,,,,,,,,,,,,,,,,,,,7,"price_volume, live_market, summary, top_gainers, top_losers, nepse_index, supply_demand",5631
2026-08-19T14:39:52.340992+05:45,2026-08-19 14:39:52,price_volume,price_volume_84,True,cloud_automated,Wednesday - Trading Hours: 11:00 AM - 3:00 PM NPT,273,ICFC Finance Limited,ICFC,58.0,3994.0,591.7,-0.353654429,593.8,,,,,,,,,,,,,,,,,,,,,,7,"price_volume, live_market, summary, top_gainers, top_losers, nepse_index, supply_demand",5631
2026-08-19T14:39:52.340992+05:45,2026-08-19 14:39:52,price_volume,price_volume_85,True,cloud_automated,Wednesday - Trading Hours: 11:00 AM - 3:00 PM NPT,186,IGI Prudential insurance Limited,IGI,58.0,4706.0,422.1,-1.378504673,428.0,,,,,,,,,,,,,,,,,,,,,,7,"price_volume, live_market, summary, top_gainers, top_losers, nepse_index, supply_demand",5631
2026-08-19T14:39:52.340992+05:45,2026-08-19 14:39:52,price_volume,price_volume_86,True,cloud_automated,Wednesday - Trading Hours: 11:00 AM - 3:00 PM NPT,9176,Ingwa Hydropower Limited,IHL,58.0,8708.0,323.0,-1.524390244,328.0,,,,,,,,,,,,,,,,,,,,,,7,"price_volume, live_market, summary, top_gainers, top_losers, nepse_index, supply_demand",5631
2026-08-19T14:39:52.340992+05:45,2026-08-19 14:39:52,price_volume,price_volume_87,True,cloud_automated,Wednesday - Trading Hours: 11:00 AM - 3:00 PM NPT,2832,Infinity Laghubitta Bittiya Sanstha Limited,ILBS,58.0,961.0,853.0,-0.871586287,860.5,,,,,,,,,,,,,,,,,,,,,,7,"price_volume, live_market, summary, top_gainers, top_losers, nepse_index, supply_demand",5631
2026-08-19T14:39:52.340992+05:45,2026-08-19 14:39:52,price_volume,price_volume_88,True,cloud_automated,Wednesday - Trading Hours: 11:00 AM - 3:00 PM NPT,9184,IME Life Insurance Company Limited,ILI,58.0,2490.0,411.0,-0.484261501,413.0,,,,,,,,,,,,,,,,,,,,,,7,"price_volume, live_market, summary, top_gainers, top_losers, nepse_index, supply_demand",5631
2026-08-19T14:39:52.340992+05:45,2026-08-19 14:39:52,price_volume,price_volume_89,True,cloud_automated,Wednesday - Trading Hours: 11:00 AM - 3:00 PM NPT,418,Jyoti Bikas Bank Limited,JBBL,58.0,5816.0,335.1,0.179372197,334.5,,,,,,,,,,,,,,,,,,,,,,7,"price_volume, live_market, summary, top_gainers, top_losers, nepse_index, supply_demand",5631
2026-08-19T14:39:52.340992+05:45,2026-08-19 14:39:52,price_volume,price_volume_90,True,cloud_automated,Wednesday - Trading Hours: 11:00 AM - 3:00 PM NPT,4951,Jeevan Bikas Laghubitta  Bittya Sanstha Ltd,JBLB,58.0,2164.0,1272.3,-0.211764706,1275.0,,,,,,,,,,,,,,,,,,,,,,7,"price_volume, live_market, summary, top_gainers, top_losers, nepse_index, supply_demand",5631
2026-08-19T14:39:52.340992+05:45,2026-08-19 14:39:52,price_volume,price_volume_91,True,cloud_automated,Wednesday - Trading Hours: 11:00 AM - 3:00 PM NPT,250,Janaki Finance Company Limited,JFL,58.0,1801.0,381.0,-0.755405053,383.9,,,,,,,,,,,,,,,,,,,,,,7,"price_volume, live_market, summary, top_gainers, top_losers, nepse_index, supply_demand",5631
2026-08-19T14:39:52.340992+05:45,2026-08-19 14:39:52,price_volume,price_volume_92,True,cloud_automated,Wednesday - Trading Hours: 11:00 AM - 3:00 PM NPT,9300,Jhapa Energy Limited,JHAPA,58.0,1791.0,1049.0,-1.037735849,1060.0,,,,,,,,,,,,,,,,,,,,,,7,"price_volume, live_market, summary, top_gainers, top_losers, nepse_index, supply_demand",5631
2026-08-19T14:39:52.340992+05:45,2026-08-19 14:39:52,price_volume,price_volume_93,True,cloud_automated,Wednesday - Trading Hours: 11:00 AM - 3:00 PM NPT,2789,Joshi Hydropower Development Company Ltd,JOSHI,58.0,9680.0,270.0,-1.098901099,273.0,,,,,,,,,,,,,,,,,,,,,,7,"price_volume, live_market, summary, top_gainers, top_losers, nepse_index, supply_demand",5631
2026-08-19T14:39:52.340992+05:45,2026-08-19 14:39:52,price_volume,price_volume_94,True,cloud_automated,Wednesday - Trading Hours: 11:00 AM - 3:00 PM NPT,695,Janautthan Samudayic Laghubitta Bittya Sanstha Limited,JSLBB,58.0,61.0,960.0,-1.030927835,970.0,,,,,,,,,,,,,,,,,,,,,,7,"price_volume, live_market, summary, top_gainers, top_losers, nepse_index, supply_demand",5631
2026-08-19T14:39:52.340992+05:45,2026-08-19 14:39:52,price_volume,price_volume_95,True,cloud_automated,Wednesday - Trading Hours: 11:00 AM - 3:00 PM NPT,9346,Kalanga Hydro Limited,KAHL,58.0,22732.0,547.4,-0.27327382,548.9,,,,,,,,,,,,,,,,,,,,,,7,"price_volume, live_market, summary, top_gainers, top_losers, nepse_index, supply_demand",5631
2026-08-19T14:39:52.340992+05:45,2026-08-19 14:39:52,price_volume,price_volume_96,True,cloud_automated,Wednesday - Trading Hours: 11:00 AM - 3:00 PM NPT,142,Kumari Bank Limited,KBL,58.0,116004.0,214.0,0.895803866,212.1,,,,,,,,,,,,,,,,,,,,,,7,"price_volume, live_market, summary, top_gainers, top_losers, nepse_index, supply_demand",5631
2026-08-19T14:39:52.340992+05:45,2026-08-19 14:39:52,price_volume,price_volume_97,True,cloud_automated,Wednesday - Trading Hours: 11:00 AM - 3:00 PM NPT,9196,Kutheli Bukhari Small Hydropower Limited,KBSH,58.0,7175.0,940.0,-0.296987696,942.8,,,,,,,,,,,,,,,,,,,,,,7,"price_volume, live_market, summary, top_gainers, top_losers, nepse_index, supply_demand",5631
2026-08-19T14:39:52.340992+05:45,2026-08-19 14:39:52,price_volume,price_volume_98,True,cloud_automated,Wednesday - Trading Hours: 11:00 AM - 3:00 PM NPT,9151,Kalinchowk Darshan Limited,KDL,58.0,235.0,770.0,0.260416667,768.0,,,,,,,,,,,,,,,,,,,,,,7,"price_volume, live_market, summary, top_gainers, top_losers, nepse_index, supply_demand",5631
2026-08-19T14:39:52.340992+05:45,2026-08-19 14:39:52,price_volume,price_volume_99,True,cloud_automated,Wednesday - Trading Hours: 11:00 AM - 3:00 PM NPT,9334,Kalinchock Hydropower Limited,KHPL,58.0,5320.0,788.0,0.241699529,786.1,,,,,,,,,,,,,,,,,,,,,,7,"price_volume, live_market, summary, top_gainers, top_losers, nepse_index, supply_demand",5631
2026-08-19T14:39:52.340992+05:45,2026-08-19 14:39:52,price_volume,price_volume_100,True,cloud_automated,Wednesday - Trading Hours: 11:00 AM - 3:00 PM NPT,2751,Khanikhola Hydropower Co. Ltd.,KKHC,58.0,279278.0,292.9,-2.040133779,299.0,,,,,,,,,,,,,,,,,,,,,,7,"price_volume, live_market, summary, top_gainers, top_losers, nepse_index, supply_demand",5631
2026-08-19T14:39:52.340992+05:45,2026-08-19 14:39:52,price_volume,price_volume_101,True,cloud_automated,Wednesday - Trading Hours: 11:00 AM - 3:00 PM NPT,593,Kalika Laghubitta Bittiya Sanstha Ltd,KMCDB,58.0,2623.0,788.9,0.753512133,783.0,,,,,,,,,,,,,,,,,,,,,,7,"price_volume, live_market, summary, top_gainers, top_losers, nepse_index, supply_demand",5631
2026-08-19T14:39:52.340992+05:45,2026-08-19 14:39:52,price_volume,price_volume_102,True,cloud_automated,Wednesday - Trading Hours: 11:00 AM - 3:00 PM NPT,2787,Kalika power Company Ltd,KPCL,58.0,2623.0,461.1,0.239130435,460.0,,,,,,,,,,,,,,,,,,,,,,7,"price_volume, live_market, summary, top_gainers, top_losers, nepse_index, supply_demand",5631
2026-08-19T14:39:52.340992+05:45,2026-08-19 14:39:52,price_volume,price_volume_103,True,cloud_automated,Wednesday - Trading Hours: 11:00 AM - 3:00 PM NPT,459,Kamana Sewa Bikas Bank Limited,KSBBL,58.0,8455.0,476.0,0.210526316,475.0,,,,,,,,,,,,,,,,,,,,,,7,"price_volume, live_market, summary, top_gainers, top_losers, nepse_index, supply_demand",5631
2026-08-19T14:39:52.340992+05:45,2026-08-19 14:39:52,price_volume,price_volume_104,True,cloud_automated,Wednesday - Trading Hours: 11:00 AM - 3:00 PM NPT,358,Lumbini Bikas Bank Ltd.,LBBL,58.0,11413.0,480.9,-0.228215768,482.0,,,,,,,,,,,,,,,,,,,,,,7,"price_volume, live_market, summary, top_gainers, top_losers, nepse_index, supply_demand",5631
2026-08-19T14:39:52.340992+05:45,2026-08-19 14:39:52,price_volume,price_volume_105,True,cloud_automated,Wednesday - Trading Hours: 11:00 AM - 3:00 PM NPT,2903,Liberty Energy Company Limited,LEC,58.0,220703.0,219.7,-1.479820628,223.0,,,,,,,,,,,,,,,,,,,,,,7,"price_volume, live_market, summary, top_gainers, top_losers, nepse_index, supply_demand",5631
2026-08-19T14:39:52.340992+05:45,2026-08-19 14:39:52,price_volume,price_volume_106,True,cloud_automated,Wednesday - Trading Hours: 11:00 AM - 3:00 PM NPT,188,Life Insurance Corporation (Nepal) Limited,LICN,58.0,2032.0,775.0,0.78023407,769.0,,,,,,,,,,,,,,,,,,,,,,7,"price_volume, live_market, summary, top_gainers, top_losers, nepse_index, supply_demand",5631
2026-08-19T14:39:52.340992+05:45,2026-08-19 14:39:52,price_volume,price_volume_107,True,cloud_automated,Wednesday - Trading Hours: 11:00 AM - 3:00 PM NPT,618,Laxmi Laghubitta Bittiya Sanstha Ltd.,LLBS,58.0,2180.0,870.0,0.0,870.0,,,,,,,,,,,,,,,,,,,,,,7,"price_volume, live_market, summary, top_gainers, top_losers, nepse_index, supply_demand",5631
2026-08-19T14:39:52.340992+05:45,2026-08-19 14:39:52,price_volume,price_volume_108,True,cloud_automated,Wednesday - Trading Hours: 11:00 AM - 3:00 PM NPT,141,Laxmi Sunrise Bank Limited,LSL,58.0,34061.0,218.5,-0.228310502,219.0,,,,,,,,,,,,,,,,,,,,,,7,"price_volume, live_market, summary, top_gainers, top_losers, nepse_index, supply_demand",5631
2026-08-19T14:39:52.340992+05:45,2026-08-19 14:39:52,price_volume,price_volume_109,True,cloud_automated,Wednesday - Trading Hours: 11:00 AM - 3:00 PM NPT,9287,Mabilung Energy Limited,MABEL,58.0,3970.0,606.7,-0.377668309,609.0,,,,,,,,,,,,,,,,,,,,,,7,"price_volume, live_market, summary, top_gainers, top_losers, nepse_index, supply_demand",5631
2026-08-19T14:39:52.340992+05:45,2026-08-19 14:39:52,price_volume,price_volume_110,True,cloud_automated,Wednesday - Trading Hours: 11:00 AM - 3:00 PM NPT,9166,Makar Jitumaya Suri Hydropower Limited,MAKAR,58.0,18713.0,405.0,-0.515843773,407.1,,,,,,,,,,,,,,,,,,,,,,7,"price_volume, live_market, summary, top_gainers, top_losers, nepse_index, supply_demand",5631
2026-08-19T14:39:52.340992+05:45,2026-08-19 14:39:52,price_volume,price_volume_111,True,cloud_automated,Wednesday - Trading Hours: 11:00 AM - 3:00 PM NPT,9212,Mandu Hydropower Limited,MANDU,58.0,2688.0,798.0,-2.373379007,817.4,,,,,,,,,,,,,,,,,,,,,,7,"price_volume, live_market, summary, top_gainers, top_losers, nepse_index, supply_demand",5631
2026-08-19T14:39:52.340992+05:45,2026-08-19 14:39:52,price_volume,price_volume_112,True,cloud_automated,Wednesday - Trading Hours: 11:00 AM - 3:00 PM NPT,694,Matribhumi Lagubitta Bittiya Sanstha Limited,MATRI,58.0,215.0,800.0,0.489888205,796.1,,,,,,,,,,,,,,,,,,,,,,7,"price_volume, live_market, summary, top_gainers, top_losers, nepse_index, supply_demand",5631
2026-08-19T14:39:52.340992+05:45,2026-08-19 14:39:52,price_volume,price_volume_113,True,cloud_automated,Wednesday - Trading Hours: 11:00 AM - 3:00 PM NPT,8031,Madhya Bhotekoshi Jalavidyut Company Limited,MBJC,58.0,7582.0,263.2,-0.151745068,263.6,,,,,,,,,,,,,,,,,,,,,,7,"price_volume, live_market, summary, top_gainers, top_losers, nepse_index, supply_demand",5631
2026-08-19T14:39:52.340992+05:45,2026-08-19 14:39:52,price_volume,price_volume_114,True,cloud_automated,Wednesday - Trading Hours: 11:00 AM - 3:00 PM NPT,140,Machhapuchhre Bank Limited,MBL,58.0,20387.0,247.9,0.121163166,247.6,,,,,,,,,,,,,,,,,,,,,,7,"price_volume, live_market, summary, top_gainers, top_losers, nepse_index, supply_demand",5631
2026-08-19T14:39:52.340992+05:45,2026-08-19 14:39:52,price_volume,price_volume_115,True,cloud_automated,Wednesday - Trading Hours: 11:00 AM - 3:00 PM NPT,9175,Menchhiyam Hydropower Limited,MCHL,58.0,3625.0,280.0,0.035727045,279.9,,,,,,,,,,,,,,,,,,,,,,7,"price_volume, live_market, summary, top_gainers, top_losers, nepse_index, supply_demand",5631
2026-08-19T14:39:52.340992+05:45,2026-08-19 14:39:52,price_volume,price_volume_116,True,cloud_automated,Wednesday - Trading Hours: 11:00 AM - 3:00 PM NPT,371,Miteri Development Bank Limited,MDB,58.0,3305.0,570.0,-1.554404145,579.0,,,,,,,,,,,,,,,,,,,,,,7,"price_volume, live_market, summary, top_gainers, top_losers, nepse_index, supply_demand",5631
2026-08-19T14:39:52.340992+05:45,2026-08-19 14:39:52,price_volume,price_volume_117,True,cloud_automated,Wednesday - Trading Hours: 11:00 AM - 3:00 PM NPT,9203,Manakamana Engineering Hydropower Limited,MEHL,58.0,447495.0,260.0,-8.094733121,282.9,,,,,,,,,,,,,,,,,,,,,,7,"price_volume, live_market, summary, top_gainers, top_losers, nepse_index, supply_demand",5631
2026-08-19T14:39:52.340992+05:45,2026-08-19 14:39:52,price_volume,price_volume_118,True,cloud_automated,Wednesday - Trading Hours: 11:00 AM - 3:00 PM NPT,9179,Modi Energy Limited,MEL,58.0,10462.0,205.0,-0.485436893,206.0,,,,,,,,,,,,,,,,,,,,,,7,"price_volume, live_market, summary, top_gainers, top_losers, nepse_index, supply_demand",5631
2026-08-19T14:39:52.340992+05:45,2026-08-19 14:39:52,price_volume,price_volume_119,True,cloud_automated,Wednesday - Trading Hours: 11:00 AM - 3:00 PM NPT,2913,Mountain Energy Nepal Limited,MEN,58.0,63539.0,622.0,0.387346675,619.6,,,,,,,,,,,,,,,,,,,,,,7,"price_volume, live_market, summary, top_gainers, top_losers, nepse_index, supply_demand",5631
2026-08-19T14:39:52.340992+05:45,2026-08-19 14:39:52,price_volume,price_volume_120,True,cloud_automated,Wednesday - Trading Hours: 11:00 AM - 3:00 PM NPT,9352,Mount Everest Power Development Limited,MEPDL,58.0,2760.0,693.6,14.986737401,603.2,,,,,,,,,,,,,,,,,,,,,,7,"price_volume, live_market, summary, top_gainers, top_losers, nepse_index, supply_demand",5631
2026-08-19T14:39:52.340992+05:45,2026-08-19 14:39:52,price_volume,price_volume_121,True,cloud_automated,Wednesday - Trading Hours: 11:00 AM - 3:00 PM NPT,1741,Mero Microfinance Bittiya Sanstha Ltd.,MERO,58.0,417.0,652.0,-0.761035008,657.0,,,,,,,,,,,,,,,,,,,,,,7,"price_volume, live_market, summary, top_gainers, top_losers, nepse_index, supply_demand",5631
2026-08-19T14:39:52.340992+05:45,2026-08-19 14:39:52,price_volume,price_volume_122,True,cloud_automated,Wednesday - Trading Hours: 11:00 AM - 3:00 PM NPT,516,Manjushree Finance Ltd.,MFIL,58.0,17591.0,748.0,0.0,748.0,,,,,,,,,,,,,,,,,,,,,,7,"price_volume, live_market, summary, top_gainers, top_losers, nepse_index, supply_demand",5631
2026-08-19T14:39:52.340992+05:45,2026-08-19 14:39:52,price_volume,price_volume_123,True,cloud_automated,Wednesday - Trading Hours: 11:00 AM - 3:00 PM NPT,9158,Molung Hydropower Company Limited,MHCL,58.0,4712.0,301.3,-1.213114754,305.0,,,,,,,,,,,,,,,,,,,,,,7,"price_volume, live_market, summary, top_gainers, top_losers, nepse_index, supply_demand",5631
2026-08-19T14:39:52.340992+05:45,2026-08-19 14:39:52,price_volume,price_volume_124,True,cloud_automated,Wednesday - Trading Hours: 11:00 AM - 3:00 PM NPT,8102,Mandakini Hydropower Limited,MHL,58.0,2354.0,461.0,-1.072961373,466.0,,,,,,,,,,,,,,,,,,,,,,7,"price_volume, live_market, summary, top_gainers, top_losers, nepse_index, supply_demand",5631
2026-08-19T14:39:52.340992+05:45,2026-08-19 14:39:52,price_volume,price_volume_125,True,cloud_automated,Wednesday - Trading Hours: 11:00 AM - 3:00 PM NPT,2811,Mountain Hydro Nepal Limited,MHNL,58.0,9845.0,240.0,-0.785448532,241.9,,,,,,,,,,,,,,,,,,,,,,7,"price_volume, live_market, summary, top_gainers, top_losers, nepse_index, supply_demand",5631
2026-08-19T14:39:52.340992+05:45,2026-08-19 14:39:52,price_volume,price_volume_126,True,cloud_automated,Wednesday - Trading Hours: 11:00 AM - 3:00 PM NPT,9230,Muktinath Krishi Company Limited,MKCL,58.0,2327.0,977.0,-0.812182741,985.0,,,,,,,,,,,,,,,,,,,,,,7,"price_volume, live_market, summary, top_gainers, top_losers, nepse_index, supply_demand",5631
2026-08-19T14:39:52.340992+05:45,2026-08-19 14:39:52,price_volume,price_volume_127,True,cloud_automated,Wednesday - Trading Hours: 11:00 AM - 3:00 PM NPT,9149,Maya Khola Hydropower Company Limited,MKHC,58.0,7443.0,262.3,-1.018867925,265.0,,,,,,,,,,,,,,,,,,,,,,7,"price_volume, live_market, summary, top_gainers, top_losers, nepse_index, supply_demand",5631
2026-08-19T14:39:52.340992+05:45,2026-08-19 14:39:52,price_volume,price_volume_128,True,cloud_automated,Wednesday - Trading Hours: 11:00 AM - 3:00 PM NPT,9167,Mai Khola Hydropower Limited,MKHL,58.0,756.0,496.1,-0.501403931,498.6,,,,,,,,,,,,,,,,,,,,,,7,"price_volume, live_market, summary, top_gainers, top_losers, nepse_index, supply_demand",5631
2026-08-19T14:39:52.340992+05:45,2026-08-19 14:39:52,price_volume,price_volume_129,True,cloud_automated,Wednesday - Trading Hours: 11:00 AM - 3:00 PM NPT,8005,Mailung Khola Jal Vidhyut Company Limited,MKJC,58.0,669.0,440.0,-0.42996153,441.9,,,,,,,,,,,,,,,,,,,,,,7,"price_volume, live_market, summary, top_gainers, top_losers, nepse_index, supply_demand",5631
2026-08-19T14:39:52.340992+05:45,2026-08-19 14:39:52,price_volume,price_volume_130,True,cloud_automated,Wednesday - Trading Hours: 11:00 AM - 3:00 PM NPT,601,Mithila LaghuBitta Bittiya Sanstha Limited,MLBBL,58.0,965.0,1013.0,-2.22007722,1036.0,,,,,,,,,,,,,,,,,,,,,,7,"price_volume, live_market, summary, top_gainers, top_losers, nepse_index, supply_demand",5631
2026-08-19T14:39:52.340992+05:45,2026-08-19 14:39:52,price_volume,price_volume_131,True,cloud_automated,Wednesday - Trading Hours: 11:00 AM - 3:00 PM NPT,401,Mahalaxmi Bikas Bank Ltd.,MLBL,58.0,6128.0,345.0,-0.115807759,345.4,,,,,,,,,,,,,,,,,,,,,,7,"price_volume, live_market, summary, top_gainers, top_losers, nepse_index, supply_demand",5631
2026-08-19T14:39:52.340992+05:45,2026-08-19 14:39:52,price_volume,price_volume_132,True,cloud_automated,Wednesday - Trading Hours: 11:00 AM - 3:00 PM NPT,8018,Manushi Laghubitta Bittiya Sanstha Limited,MLBS,58.0,611.0,1066.0,-1.296296296,1080.0,,,,,,,,,,,,,,,,,,,,,,7,"price_volume, live_market, summary, top_gainers, top_losers, nepse_index, supply_demand",5631
2026-08-19T14:39:52.340992+05:45,2026-08-19 14:39:52,price_volume,price_volume_133,True,cloud_automated,Wednesday - Trading Hours: 11:00 AM - 3:00 PM NPT,2925,Mahila Lagubitta Bittiya Sanstha Limited ,MLBSL,58.0,2301.0,1218.0,1.669449082,1198.0,,,,,,,,,,,,,,,,,,,,,,7,"price_volume, live_market, summary, top_gainers, top_losers, nepse_index, supply_demand",5631
2026-08-19T14:39:52.340992+05:45,2026-08-19 14:39:52,price_volume,price_volume_134,True,cloud_automated,Wednesday - Trading Hours: 11:00 AM - 3:00 PM NPT,9217,Mathillo Mailun Khola Jalvidhyut Limited,MMKJL,58.0,2635.0,440.2,-3.252747253,455.0,,,,,,,,,,,,,,,,,,,,,,7,"price_volume, live_market, summary, top_gainers, top_losers, nepse_index, supply_demand",5631
2026-08-19T14:39:52.340992+05:45,2026-08-19 14:39:52,price_volume,price_volume_135,True,cloud_automated,Wednesday - Trading Hours: 11:00 AM - 3:00 PM NPT,474,Muktinath Bikas Bank Ltd.,MNBBL,58.0,30193.0,361.0,0.0,361.0,,,,,,,,,,,,,,,,,,,,,,7,"price_volume, live_market, summary, top_gainers, top_losers, nepse_index, supply_demand",5631
2026-08-19T14:39:52.340992+05:45,2026-08-19 14:39:52,price_volume,price_volume_136,True,cloud_automated,Wednesday - Trading Hours: 11:00 AM - 3:00 PM NPT,471,Multipurpose Finance Company  Limited,MPFL,58.0,10067.0,615.0,-1.125401929,622.0,,,,,,,,,,,,,,,,,,,,,,7,"price_volume, live_market, summary, top_gainers, top_losers, nepse_index, supply_demand",5631
2026-08-19T14:39:52.340992+05:45,2026-08-19 14:39:52,price_volume,price_volume_137,True,cloud_automated,Wednesday - Trading Hours: 11:00 AM - 3:00 PM NPT,9215,Mid Solu Hydropower Limited,MSHL,58.0,34.0,582.2,-0.648464164,586.0,,,,,,,,,,,,,,,,,,,,,,7,"price_volume, live_market, summary, top_gainers, top_losers, nepse_index, supply_demand",5631
2026-08-19T14:39:52.340992+05:45,2026-08-19 14:39:52,price_volume,price_volume_138,True,cloud_automated,Wednesday - Trading Hours: 11:00 AM - 3:00 PM NPT,2768,Mahuli Laghubitta Bittiya Sanstha Limited,MSLB,58.0,411.0,1220.1,-1.19847761,1234.9,,,,,,,,,,,,,,,,,,,,,,7,"price_volume, live_market, summary, top_gainers, top_losers, nepse_index, supply_demand",5631
2026-08-19T14:39:52.340992+05:45,2026-08-19 14:39:52,price_volume,price_volume_139,True,cloud_automated,Wednesday - Trading Hours: 11:00 AM - 3:00 PM NPT,172,Narayani Development Bank Limited,NABBC,58.0,3662.0,811.5,1.1719237,802.1,,,,,,,,,,,,,,,,,,,,,,7,"price_volume, live_market, summary, top_gainers, top_losers, nepse_index, supply_demand",5631
2026-08-19T14:39:52.340992+05:45,2026-08-19 14:39:52,price_volume,price_volume_140,True,cloud_automated,Wednesday - Trading Hours: 11:00 AM - 3:00 PM NPT,131,Nabil Bank Limited,NABIL,58.0,91812.0,549.9,-0.018181818,550.0,,,,,,,,,,,,,,,,,,,,,,7,"price_volume, live_market, summary, top_gainers, top_losers, nepse_index, supply_demand",5631
2026-08-19T14:39:52.340992+05:45,2026-08-19 14:39:52,price_volume,price_volume_141,True,cloud_automated,Wednesday - Trading Hours: 11:00 AM - 3:00 PM NPT,2784,Nadep Laghubittiya bittya Sanstha Ltd.,NADEP,58.0,869.0,704.0,-1.400560224,714.0,,,,,,,,,,,,,,,,,,,,,,7,"price_volume, live_market, summary, top_gainers, top_losers, nepse_index, supply_demand",5631
2026-08-19T14:39:52.340992+05:45,2026-08-19 14:39:52,price_volume,price_volume_142,True,cloud_automated,Wednesday - Trading Hours: 11:00 AM - 3:00 PM NPT,517,Nepal Bank Limited,NBL,58.0,151911.0,275.0,0.145666424,274.6,,,,,,,,,,,,,,,,,,,,,,7,"price_volume, live_market, summary, top_gainers, top_losers, nepse_index, supply_demand",5631
2026-08-19T14:39:52.340992+05:45,2026-08-19 14:39:52,price_volume,price_volume_143,True,cloud_automated,Wednesday - Trading Hours: 11:00 AM - 3:00 PM NPT,8041,NESDO Sambridha Laghubitta Bittiya Sanstha Limited,NESDO,58.0,450.0,1391.5,-1.45184136,1412.0,,,,,,,,,,,,,,,,,,,,,,7,"price_volume, live_market, summary, top_gainers, top_losers, nepse_index, supply_demand",5631
2026-08-19T14:39:52.340992+05:45,2026-08-19 14:39:52,price_volume,price_volume_144,True,cloud_automated,Wednesday - Trading Hours: 11:00 AM - 3:00 PM NPT,194,Nepal Finance Ltd.,NFS,58.0,2465.0,555.4,-0.821428571,560.0,,,,,,,,,,,,,,,,,,,,,,7,"price_volume, live_market, summary, top_gainers, top_losers, nepse_index, supply_demand",5631
2026-08-19T14:39:52.340992+05:45,2026-08-19 14:39:52,price_volume,price_volume_145,True,cloud_automated,Wednesday - Trading Hours: 11:00 AM - 3:00 PM NPT,2743,Ngadi Group Power Ltd.,NGPL,58.0,112069.0,408.0,-0.46352769,409.9,,,,,,,,,,,,,,,,,,,,,,7,"price_volume, live_market, summary, top_gainers, top_losers, nepse_index, supply_demand",5631
2026-08-19T14:39:52.340992+05:45,2026-08-19 14:39:52,price_volume,price_volume_146,True,cloud_automated,Wednesday - Trading Hours: 11:00 AM - 3:00 PM NPT,2769,Nepal Hydro Developers Ltd.,NHDL,58.0,1218.0,624.2,-2.132329884,637.8,,,,,,,,,,,,,,,,,,,,,,7,"price_volume, live_market, summary, top_gainers, top_losers, nepse_index, supply_demand",5631
2026-08-19T14:39:52.340992+05:45,2026-08-19 14:39:52,price_volume,price_volume_147,True,cloud_automated,Wednesday - Trading Hours: 11:00 AM - 3:00 PM NPT,152,National Hydro Power Company Limited,NHPC,58.0,146289.0,263.0,0.420007637,261.9,,,,,,,,,,,,,,,,,,,,,,7,"price_volume, live_market, summary, top_gainers, top_losers, nepse_index, supply_demand",5631
2026-08-19T14:39:52.340992+05:45,2026-08-19 14:39:52,price_volume,price_volume_148,True,cloud_automated,Wednesday - Trading Hours: 11:00 AM - 3:00 PM NPT,139,NIC Asia Bank Ltd.,NICA,58.0,44975.0,315.8,0.253968254,315.0,,,,,,,,,,,,,,,,,,,,,,7,"price_volume, live_market, summary, top_gainers, top_losers, nepse_index, supply_demand",5631
2026-08-19T14:39:52.340992+05:45,2026-08-19 14:39:52,price_volume,price_volume_149,True,cloud_automated,Wednesday - Trading Hours: 11:00 AM - 3:00 PM NPT,176,Nepal Insurance Co. Ltd.,NICL,58.0,1173.0,493.8,-0.823458526,497.9,,,,,,,,,,,,,,,,,,,,,,7,"price_volume, live_market, summary, top_gainers, top_losers, nepse_index, supply_demand",5631
2026-08-19T14:39:52.340992+05:45,2026-08-19 14:39:52,price_volume,price_volume_150,True,cloud_automated,Wednesday - Trading Hours: 11:00 AM - 3:00 PM NPT,2887,NIC ASIA Laghubitta Bittiya Sanstha Limited,NICLBSL,58.0,5227.0,540.5,-1.007326007,546.0,,,,,,,,,,,,,,,,,,,,,,7,"price_volume, live_market, summary, top_gainers, top_losers, nepse_index, supply_demand",5631
2026-08-19T14:39:52.340992+05:45,2026-08-19 14:39:52,price_volume,price_volume_151,True,cloud_automated,Wednesday - Trading Hours: 11:00 AM - 3:00 PM NPT,2919,Nepal Infrastructure Bank Limited,NIFRA,58.0,21734.0,244.1,-0.285947712,244.8,,,,,,,,,,,,,,,,,,,,,,7,"price_volume, live_market, summary, top_gainers, top_losers, nepse_index, supply_demand",5631
2026-08-19T14:39:52.340992+05:45,2026-08-19 14:39:52,price_volume,price_volume_152,True,cloud_automated,Wednesday - Trading Hours: 11:00 AM - 3:00 PM NPT,183,Neco Insurance Limited,NIL,58.0,3335.0,600.0,0.250626566,598.5,,,,,,,,,,,,,,,,,,,,,,7,"price_volume, live_market, summary, top_gainers, top_losers, nepse_index, supply_demand",5631
2026-08-19T14:39:52.340992+05:45,2026-08-19 14:39:52,price_volume,price_volume_153,True,cloud_automated,Wednesday - Trading Hours: 11:00 AM - 3:00 PM NPT,132,Nepal Investment Mega Bank Limited,NIMB,58.0,69857.0,187.5,0.267379679,187.0,,,,,,,,,,,,,,,,,,,,,,7,"price_volume, live_market, summary, top_gainers, top_losers, nepse_index, supply_demand",5631
2026-08-19T14:39:52.340992+05:45,2026-08-19 14:39:52,price_volume,price_volume_154,True,cloud_automated,Wednesday - Trading Hours: 11:00 AM - 3:00 PM NPT,559,NLG Insurance Company Ltd.,NLG,58.0,3607.0,555.1,-0.857295946,559.9,,,,,,,,,,,,,,,,,,,,,,7,"price_volume, live_market, summary, top_gainers, top_losers, nepse_index, supply_demand",5631
2026-08-19T14:39:52.340992+05:45,2026-08-19 14:39:52,price_volume,price_volume_155,True,cloud_automated,Wednesday - Trading Hours: 11:00 AM - 3:00 PM NPT,187,Nepal Life Insurance Co. Ltd.,NLIC,58.0,26807.0,718.0,-0.55401662,722.0,,,,,,,,,,,,,,,,,,,,,,7,"price_volume, live_market, summary, top_gainers, top_losers, nepse_index, supply_demand",5631
2026-08-19T14:39:52.340992+05:45,2026-08-19 14:39:52,price_volume,price_volume_156,True,cloud_automated,Wednesday - Trading Hours: 11:00 AM - 3:00 PM NPT,178,National Life Insurance Co. Ltd.,NLICL,58.0,4359.0,570.0,0.352112676,568.0,,,,,,,,,,,,,,,,,,,,,,7,"price_volume, live_market, summary, top_gainers, top_losers, nepse_index, supply_demand",5631
2026-08-19T14:39:52.340992+05:45,2026-08-19 14:39:52,price_volume,price_volume_157,True,cloud_automated,Wednesday - Trading Hours: 11:00 AM - 3:00 PM NPT,238,NMB Bank Limited,NMB,58.0,38773.0,238.0,-0.418410042,239.0,,,,,,,,,,,,,,,,,,,,,,7,"price_volume, live_market, summary, top_gainers, top_losers, nepse_index, supply_demand",5631
2026-08-19T14:39:52.340992+05:45,2026-08-19 14:39:52,price_volume,price_volume_158,True,cloud_automated,Wednesday - Trading Hours: 11:00 AM - 3:00 PM NPT,704,NMB  Microfinance Bittiya Sanstha Ltd.,NMBMF,58.0,251.0,601.9,1.07472712,595.5,,,,,,,,,,,,,,,,,,,,,,7,"price_volume, live_market, summary, top_gainers, top_losers, nepse_index, supply_demand",5631
2026-08-19T14:39:52.340992+05:45,2026-08-19 14:39:52,price_volume,price_volume_159,True,cloud_automated,Wednesday - Trading Hours: 11:00 AM - 3:00 PM NPT,2746,National Laghubitta Bittiya Sanstha Limited,NMFBS,58.0,268.0,1125.0,-0.310146212,1128.5,,,,,,,,,,,,,,,,,,,,,,7,"price_volume, live_market, summary, top_gainers, top_losers, nepse_index, supply_demand",5631
2026-08-19T14:39:52.340992+05:45,2026-08-19 14:39:52,price_volume,price_volume_160,True,cloud_automated,Wednesday - Trading Hours: 11:00 AM - 3:00 PM NPT,9250,Nepal Micro Insurance Company Limited,NMIC,58.0,740.0,879.0,-0.901916573,887.0,,,,,,,,,,,,,,,,,,,,,,7,"price_volume, live_market, summary, top_gainers, top_losers, nepse_index, supply_demand",5631
2026-08-19T14:39:52.340992+05:45,2026-08-19 14:39:52,price_volume,price_volume_161,True,cloud_automated,Wednesday - Trading Hours: 11:00 AM - 3:00 PM NPT,396,Nerude Mirmire Laghubitta Bittiya Sanstha Limited,NMLBBL,58.0,3956.0,500.0,0.0,500.0,,,,,,,,,,,,,,,,,,,,,,7,"price_volume, live_market, summary, top_gainers, top_losers, nepse_index, supply_demand",5631
2026-08-19T14:39:52.340992+05:45,2026-08-19 14:39:52,price_volume,price_volume_162,True,cloud_automated,Wednesday - Trading Hours: 11:00 AM - 3:00 PM NPT,2881,Nepal Reinsurance Company Limited,NRIC,58.0,12537.0,908.0,0.331491713,905.0,,,,,,,,,,,,,,,,,,,,,,7,"price_volume, live_market, summary, top_gainers, top_losers, nepse_index, supply_demand",5631
2026-08-19T14:39:52.340992+05:45,2026-08-19 14:39:52,price_volume,price_volume_163,True,cloud_automated,Wednesday - Trading Hours: 11:00 AM - 3:00 PM NPT,9183,Nepal Republic Media Limited,NRM,58.0,5389.0,301.1,-0.627062706,303.0,,,,,,,,,,,,,,,,,,,,,,7,"price_volume, live_market, summary, top_gainers, top_losers, nepse_index, supply_demand",5631
2026-08-19T14:39:52.340992+05:45,2026-08-19 14:39:52,price_volume,price_volume_164,True,cloud_automated,Wednesday - Trading Hours: 11:00 AM - 3:00 PM NPT,2898,NRN Infrastructure and Development Limited,NRN,58.0,21917.0,1379.0,0.436999272,1373.0,,,,,,,,,,,,,,,,,,,,,,7,"price_volume, live_market, summary, top_gainers, top_losers, nepse_index, supply_demand",5631
2026-08-19T14:39:52.340992+05:45,2026-08-19 14:39:52,price_volume,price_volume_165,True,cloud_automated,Wednesday - Trading Hours: 11:00 AM - 3:00 PM NPT,307,Nepal Doorsanchar Company Limited,NTC,58.0,3013.0,883.5,-0.282167043,886.0,,,,,,,,,,,,,,,,,,,,,,7,"price_volume, live_market, summary, top_gainers, top_losers, nepse_index, supply_demand",5631
2026-08-19T14:39:52.340992+05:45,2026-08-19 14:39:52,price_volume,price_volume_166,True,cloud_automated,Wednesday - Trading Hours: 11:00 AM - 3:00 PM NPT,163,Nirdhan Utthan Laghubitta Bittiya Sanstha Limited,NUBL,58.0,1823.0,604.0,0.683447241,599.9,,,,,,,,,,,,,,,,,,,,,,7,"price_volume, live_market, summary, top_gainers, top_losers, nepse_index, supply_demand",5631
2026-08-19T14:39:52.340992+05:45,2026-08-19 14:39:52,price_volume,price_volume_167,True,cloud_automated,Wednesday - Trading Hours: 11:00 AM - 3:00 PM NPT,9233,Nepal Warehousing Company Limited ,NWCL,58.0,1120.0,665.2,-0.938198064,671.5,,,,,,,,,,,,,,,,,,,,,,7,"price_volume, live_market, summary, top_gainers, top_losers, nepse_index, supply_demand",5631
2026-08-19T14:39:52.340992+05:45,2026-08-19 14:39:52,price_volume,price_volume_168,True,cloud_automated,Wednesday - Trading Hours: 11:00 AM - 3:00 PM NPT,8026,Nyadi Hydropower Limited,NYADI,58.0,1299.0,360.2,-0.387168142,361.6,,,,,,,,,,,,,,,,,,,,,,7,"price_volume, live_market, summary, top_gainers, top_losers, nepse_index, supply_demand",5631
2026-08-19T14:39:52.340992+05:45,2026-08-19 14:39:52,price_volume,price_volume_169,True,cloud_automated,Wednesday - Trading Hours: 11:00 AM - 3:00 PM NPT,149,Oriental Hotels Limited,OHL,58.0,432.0,650.0,-0.306748466,652.0,,,,,,,,,,,,,,,,,,,,,,7,"price_volume, live_market, summary, top_gainers, top_losers, nepse_index, supply_demand",5631
2026-08-19T14:39:52.340992+05:45,2026-08-19 14:39:52,price_volume,price_volume_170,True,cloud_automated,Wednesday - Trading Hours: 11:00 AM - 3:00 PM NPT,9256,Om Megashree Pharmaceuticals Limited,OMPL,58.0,856.0,888.0,-1.333333333,900.0,,,,,,,,,,,,,,,,,,,,,,7,"price_volume, live_market, summary, top_gainers, top_losers, nepse_index, supply_demand",5631
2026-08-19T14:39:52.340992+05:45,2026-08-19 14:39:52,price_volume,price_volume_171,True,cloud_automated,Wednesday - Trading Hours: 11:00 AM - 3:00 PM NPT,357,Prime Commercial Bank Ltd.,PCBL,58.0,29309.0,241.0,0.291302538,240.3,,,,,,,,,,,,,,,,,,,,,,7,"price_volume, live_market, summary, top_gainers, top_losers, nepse_index, supply_demand",5631
2026-08-19T14:39:52.340992+05:45,2026-08-19 14:39:52,price_volume,price_volume_172,True,cloud_automated,Wednesday - Trading Hours: 11:00 AM - 3:00 PM NPT,9330,Palpa Cement Industries Limited,PCIL,58.0,10742.0,625.0,0.482315113,622.0,,,,,,,,,,,,,,,,,,,,,,7,"price_volume, live_market, summary, top_gainers, top_losers, nepse_index, supply_demand",5631
2026-08-19T14:39:52.340992+05:45,2026-08-19 14:39:52,price_volume,price_volume_173,True,cloud_automated,Wednesday - Trading Hours: 11:00 AM - 3:00 PM NPT,8133,Peoples Hydropower Company Limited,PHCL,58.0,59640.0,299.5,0.503355705,298.0,,,,,,,,,,,,,,,,,,,,,,7,"price_volume, live_market, summary, top_gainers, top_losers, nepse_index, supply_demand",5631
2026-08-19T14:39:52.340992+05:45,2026-08-19 14:39:52,price_volume,price_volume_174,True,cloud_automated,Wednesday - Trading Hours: 11:00 AM - 3:00 PM NPT,2786,Panchakanya Mai Hydropower Ltd,PMHPL,58.0,7696.0,307.0,-0.903808909,309.8,,,,,,,,,,,,,,,,,,,,,,7,"price_volume, live_market, summary, top_gainers, top_losers, nepse_index, supply_demand",5631
2026-08-19T14:39:52.340992+05:45,2026-08-19 14:39:52,price_volume,price_volume_175,True,cloud_automated,Wednesday - Trading Hours: 11:00 AM - 3:00 PM NPT,2915,Prabhu Mahalaxmi Life Insurance Limited,PMLI,58.0,4122.0,423.0,-1.467505241,429.3,,,,,,,,,,,,,,,,,,,,,,7,"price_volume, live_market, summary, top_gainers, top_losers, nepse_index, supply_demand",5631
2026-08-19T14:39:52.340992+05:45,2026-08-19 14:39:52,price_volume,price_volume_176,True,cloud_automated,Wednesday - Trading Hours: 11:00 AM - 3:00 PM NPT,2813,Panchthar Power Compant Limited,PPCL,58.0,118709.0,333.0,-0.269541779,333.9,,,,,,,,,,,,,,,,,,,,,,7,"price_volume, live_market, summary, top_gainers, top_losers, nepse_index, supply_demand",5631
2026-08-19T14:39:52.340992+05:45,2026-08-19 14:39:52,price_volume,price_volume_177,True,cloud_automated,Wednesday - Trading Hours: 11:00 AM - 3:00 PM NPT,8122,People's Power Limited,PPL,58.0,11739.0,313.0,-1.261829653,317.0,,,,,,,,,,,,,,,,,,,,,,7,"price_volume, live_market, summary, top_gainers, top_losers, nepse_index, supply_demand",5631
2026-08-19T14:39:52.340992+05:45,2026-08-19 14:39:52,price_volume,price_volume_178,True,cloud_automated,Wednesday - Trading Hours: 11:00 AM - 3:00 PM NPT,184,Prabhu Insurance Ltd.,PRIN,58.0,1766.0,657.0,-0.454545455,660.0,,,,,,,,,,,,,,,,,,,,,,7,"price_volume, live_market, summary, top_gainers, top_losers, nepse_index, supply_demand",5631
2026-08-19T14:39:52.340992+05:45,2026-08-19 14:39:52,price_volume,price_volume_179,True,cloud_automated,Wednesday - Trading Hours: 11:00 AM - 3:00 PM NPT,338,Progressive Finance Limited,PROFL,58.0,8509.0,405.0,-0.95377843,408.9,,,,,,,,,,,,,,,,,,,,,,7,"price_volume, live_market, summary, top_gainers, top_losers, nepse_index, supply_demand",5631
2026-08-19T14:39:52.340992+05:45,2026-08-19 14:39:52,price_volume,price_volume_180,True,cloud_automated,Wednesday - Trading Hours: 11:00 AM - 3:00 PM NPT,255,Prabhu  Bank Limited,PRVU,58.0,171927.0,181.8,0.0,181.8,,,,,,,,,,,,,,,,,,,,,,7,"price_volume, live_market, summary, top_gainers, top_losers, nepse_index, supply_demand",5631
2026-08-19T14:39:52.340992+05:45,2026-08-19 14:39:52,price_volume,price_volume_181,True,cloud_automated,Wednesday - Trading Hours: 11:00 AM - 3:00 PM NPT,9258,Pure Energy Limited,PURE,58.0,783.0,812.5,-1.515151515,825.0,,,,,,,,,,,,,,,,,,,,,,7,"price_volume, live_market, summary, top_gainers, top_losers, nepse_index, supply_demand",5631
2026-08-19T14:39:52.340992+05:45,2026-08-19 14:39:52,price_volume,price_volume_182,True,cloud_automated,Wednesday - Trading Hours: 11:00 AM - 3:00 PM NPT,2776,Radhi Bidyut Company Ltd,RADHI,58.0,42058.0,704.1,-1.109550562,712.0,,,,,,,,,,,,,,,,,,,,,,7,"price_volume, live_market, summary, top_gainers, top_losers, nepse_index, supply_demand",5631
2026-08-19T14:39:52.340992+05:45,2026-08-19 14:39:52,price_volume,price_volume_183,True,cloud_automated,Wednesday - Trading Hours: 11:00 AM - 3:00 PM NPT,9181,Rawa Energy Development Limited,RAWA,58.0,3494.0,422.8,-0.188857413,423.6,,,,,,,,,,,,,,,,,,,,,,7,"price_volume, live_market, summary, top_gainers, top_losers, nepse_index, supply_demand",5631
2026-08-19T14:39:52.340992+05:45,2026-08-19 14:39:52,price_volume,price_volume_184,True,cloud_automated,Wednesday - Trading Hours: 11:00 AM - 3:00 PM NPT,177,Rastriya Beema Company Limited,RBCL,58.0,160.0,14000.0,0.0,14000.0,,,,,,,,,,,,,,,,,,,,,,7,"price_volume, live_market, summary, top_gainers, top_losers, nepse_index, supply_demand",5631
2026-08-19T14:39:52.340992+05:45,2026-08-19 14:39:52,price_volume,price_volume_185,True,cloud_automated,Wednesday - Trading Hours: 11:00 AM - 3:00 PM NPT,8066,River Falls Power Limited,RFPL,58.0,7758.0,331.1,-0.660066007,333.3,,,,,,,,,,,,,,,,,,,,,,7,"price_volume, live_market, summary, top_gainers, top_losers, nepse_index, supply_demand",5631
2026-08-19T14:39:52.340992+05:45,2026-08-19 14:39:52,price_volume,price_volume_186,True,cloud_automated,Wednesday - Trading Hours: 11:00 AM - 3:00 PM NPT,8108,Rapti Hydro And General Construction Limited,RHGCL,58.0,5437.0,252.5,-0.863761288,254.7,,,,,,,,,,,,,,,,,,,,,,7,"price_volume, live_market, summary, top_gainers, top_losers, nepse_index, supply_demand",5631
2026-08-19T14:39:52.340992+05:45,2026-08-19 14:39:52,price_volume,price_volume_187,True,cloud_automated,Wednesday - Trading Hours: 11:00 AM - 3:00 PM NPT,2841,RASUWAGADHI HYDROPOWER COMPANY LIMITED,RHPL,58.0,7503.0,251.2,-0.35700119,252.1,,,,,,,,,,,,,,,,,,,,,,7,"price_volume, live_market, summary, top_gainers, top_losers, nepse_index, supply_demand",5631
2026-08-19T14:39:52.340992+05:45,2026-08-19 14:39:52,price_volume,price_volume_188,True,cloud_automated,Wednesday - Trading Hours: 11:00 AM - 3:00 PM NPT,610,Ridi Power Company Limited,RIDI,58.0,200592.0,361.0,0.389321468,359.6,,,,,,,,,,,,,,,,,,,,,,7,"price_volume, live_market, summary, top_gainers, top_losers, nepse_index, supply_demand",5631
2026-08-19T14:39:52.340992+05:45,2026-08-19 14:39:52,price_volume,price_volume_189,True,cloud_automated,Wednesday - Trading Hours: 11:00 AM - 3:00 PM NPT,9324,Ridge Line Energy Limited,RLEL,58.0,6068.0,886.4,-3.652173913,920.0,,,,,,,,,,,,,,,,,,,,,,7,"price_volume, live_market, summary, top_gainers, top_losers, nepse_index, supply_demand",5631
2026-08-19T14:39:52.340992+05:45,2026-08-19 14:39:52,price_volume,price_volume_190,True,cloud_automated,Wednesday - Trading Hours: 11:00 AM - 3:00 PM NPT,587,Reliance Finance Ltd.,RLFL,58.0,5826.0,440.0,-0.42996153,441.9,,,,,,,,,,,,,,,,,,,,,,7,"price_volume, live_market, summary, top_gainers, top_losers, nepse_index, supply_demand",5631
2026-08-19T14:39:52.340992+05:45,2026-08-19 14:39:52,price_volume,price_volume_191,True,cloud_automated,Wednesday - Trading Hours: 11:00 AM - 3:00 PM NPT,9199,Reliable Nepal Life Insurance Limited,RNLI,58.0,11437.0,422.9,-0.727699531,426.0,,,,,,,,,,,,,,,,,,,,,,7,"price_volume, live_market, summary, top_gainers, top_losers, nepse_index, supply_demand",5631
2026-08-19T14:39:52.340992+05:45,2026-08-19 14:39:52,price_volume,price_volume_192,True,cloud_automated,Wednesday - Trading Hours: 11:00 AM - 3:00 PM NPT,2748,RSDC Laghubitta Bittiya Sanstha Ltd.,RSDC,58.0,1978.0,628.3,-0.742496051,633.0,,,,,,,,,,,,,,,,,,,,,,7,"price_volume, live_market, summary, top_gainers, top_losers, nepse_index, supply_demand",5631
2026-08-19T14:39:52.340992+05:45,2026-08-19 14:39:52,price_volume,price_volume_193,True,cloud_automated,Wednesday - Trading Hours: 11:00 AM - 3:00 PM NPT,9306,Reliance Spinning Mills Limited,RSML,58.0,50339.0,2693.9,-1.141284404,2725.0,,,,,,,,,,,,,,,,,,,,,,7,"price_volume, live_market, summary, top_gainers, top_losers, nepse_index, supply_demand",5631
2026-08-19T14:39:52.340992+05:45,2026-08-19 14:39:52,price_volume,price_volume_194,True,cloud_automated,Wednesday - Trading Hours: 11:00 AM - 3:00 PM NPT,2935,Ru Ru Jalbidhyut Pariyojana Limited,RURU,58.0,8476.0,609.9,0.809917355,605.0,,,,,,,,,,,,,,,,,,,,,,7,"price_volume, live_market, summary, top_gainers, top_losers, nepse_index, supply_demand",5631
2026-08-19T14:39:52.340992+05:45,2026-08-19 14:39:52,price_volume,price_volume_195,True,cloud_automated,Wednesday - Trading Hours: 11:00 AM - 3:00 PM NPT,9305,Salapa Bikas Bank Limited,SABBL,58.0,9877.0,946.9,0.095137421,946.0,,,,,,,,,,,,,,,,,,,,,,7,"price_volume, live_market, summary, top_gainers, top_losers, nepse_index, supply_demand",5631
2026-08-19T14:39:52.340992+05:45,2026-08-19 14:39:52,price_volume,price_volume_196,True,cloud_automated,Wednesday - Trading Hours: 11:00 AM - 3:00 PM NPT,472,Shangrila Development Bank Ltd.,SADBL,58.0,7412.0,406.0,0.495049505,404.0,,,,,,,,,,,,,,,,,,,,,,7,"price_volume, live_market, summary, top_gainers, top_losers, nepse_index, supply_demand",5631
2026-08-19T14:39:52.340992+05:45,2026-08-19 14:39:52,price_volume,price_volume_197,True,cloud_automated,Wednesday - Trading Hours: 11:00 AM - 3:00 PM NPT,9294,Sagar Distillery Limited,SAGAR,58.0,3552.0,1568.0,-0.127388535,1570.0,,,,,,,,,,,,,,,,,,,,,,7,"price_volume, live_market, summary, top_gainers, top_losers, nepse_index, supply_demand",5631
2026-08-19T14:39:52.340992+05:45,2026-08-19 14:39:52,price_volume,price_volume_198,True,cloud_automated,Wednesday - Trading Hours: 11:00 AM - 3:00 PM NPT,8021,Sahas Urja Limited,SAHAS,58.0,152337.0,688.0,0.496640374,684.6,,,,,,,,,,,,,,,,,,,,,,7,"price_volume, live_market, summary, top_gainers, top_losers, nepse_index, supply_demand",5631
2026-08-19T14:39:52.340992+05:45,2026-08-19 14:39:52,price_volume,price_volume_199,True,cloud_automated,Wednesday - Trading Hours: 11:00 AM - 3:00 PM NPT,9301,Shreenagar Agritech Industries Limited,SAIL,58.0,28272.0,1018.0,-0.682926829,1025.0,,,,,,,,,,,,,,,,,,,,,,7,"price_volume, live_market, summary, top_gainers, top_losers, nepse_index, supply_demand",5631
2026-08-19T14:39:52.340992+05:45,2026-08-19 14:39:52,price_volume,price_volume_200,True,cloud_automated,Wednesday - Trading Hours: 11:00 AM - 3:00 PM NPT,185,Sagarmatha Lumbini Insurance Co. Limited,SALICO,58.0,4281.0,585.0,0.188388423,583.9,,,,,,,,,,,,,,,,,,,,,,7,"price_volume, live_market, summary, top_gainers, top_losers, nepse_index, supply_demand",5631
2026-08-19T14:39:52.340992+05:45,2026-08-19 14:39:52,price_volume,price_volume_201,True,cloud_automated,Wednesday - Trading Hours: 11:00 AM - 3:00 PM NPT,171,Sanima Bank Limited,SANIMA,58.0,58162.0,369.0,0.0,369.0,,,,,,,,,,,,,,,,,,,,,,7,"price_volume, live_market, summary, top_gainers, top_losers, nepse_index, supply_demand",5631
2026-08-19T14:39:52.340992+05:45,2026-08-19 14:39:52,price_volume,price_volume_202,True,cloud_automated,Wednesday - Trading Hours: 11:00 AM - 3:00 PM NPT,9263,Sanvi Energy Limited,SANVI,58.0,2119.0,594.0,-0.966988996,599.8,,,,,,,,,,,,,,,,,,,,,,7,"price_volume, live_market, summary, top_gainers, top_losers, nepse_index, supply_demand",5631
2026-08-19T14:39:52.340992+05:45,2026-08-19 14:39:52,price_volume,price_volume_203,True,cloud_automated,Wednesday - Trading Hours: 11:00 AM - 3:00 PM NPT,2860,Saptakoshi Development Bank Ltd,SAPDBL,58.0,30756.0,737.0,0.95890411,730.0,,,,,,,,,,,,,,,,,,,,,,7,"price_volume, live_market, summary, top_gainers, top_losers, nepse_index, supply_demand",5631
2026-08-19T14:39:52.340992+05:45,2026-08-19 14:39:52,price_volume,price_volume_204,True,cloud_automated,Wednesday - Trading Hours: 11:00 AM - 3:00 PM NPT,9353,Sarvottam Paints Industries Limited,SAPIL,58.0,190.0,603.2,14.982844072,524.6,,,,,,,,,,,,,,,,,,,,,,7,"price_volume, live_market, summary, top_gainers, top_losers, nepse_index, supply_demand",5631
2026-08-19T14:39:52.340992+05:45,2026-08-19 14:39:52,price_volume,price_volume_205,True,cloud_automated,Wednesday - Trading Hours: 11:00 AM - 3:00 PM NPT,9242,Sarbottam Cement Limited,SARBTM,58.0,5787.0,780.1,-0.255721775,782.1,,,,,,,,,,,,,,,,,,,,,,7,"price_volume, live_market, summary, top_gainers, top_losers, nepse_index, supply_demand",5631
2026-08-19T14:39:52.340992+05:45,2026-08-19 14:39:52,price_volume,price_volume_206,True,cloud_automated,Wednesday - Trading Hours: 11:00 AM - 3:00 PM NPT,135,Nepal SBI Bank Limited,SBI,58.0,12210.0,399.0,-1.965601966,407.0,,,,,,,,,,,,,,,,,,,,,,7,"price_volume, live_market, summary, top_gainers, top_losers, nepse_index, supply_demand",5631
2026-08-19T14:39:52.340992+05:45,2026-08-19 14:39:52,price_volume,price_volume_207,True,cloud_automated,Wednesday - Trading Hours: 11:00 AM - 3:00 PM NPT,145,Siddhartha Bank Limited,SBL,58.0,41543.0,409.0,0.122399021,408.5,,,,,,,,,,,,,,,,,,,,,,7,"price_volume, live_market, summary, top_gainers, top_losers, nepse_index, supply_demand",5631
2026-08-19T14:39:52.340992+05:45,2026-08-19 14:39:52,price_volume,price_volume_208,True,cloud_automated,Wednesday - Trading Hours: 11:00 AM - 3:00 PM NPT,133,Standard Chartered Bank Limited,SCB,58.0,6069.0,648.9,-0.169230769,650.0,,,,,,,,,,,,,,,,,,,,,,7,"price_volume, live_market, summary, top_gainers, top_losers, nepse_index, supply_demand",5631
2026-08-19T14:39:52.340992+05:45,2026-08-19 14:39:52,price_volume,price_volume_209,True,cloud_automated,Wednesday - Trading Hours: 11:00 AM - 3:00 PM NPT,8100,Swet-Ganga Hydropower & Construction Limited ,SGHC,58.0,14489.0,300.0,-0.662251656,302.0,,,,,,,,,,,,,,,,,,,,,,7,"price_volume, live_market, summary, top_gainers, top_losers, nepse_index, supply_demand",5631
2026-08-19T14:39:52.340992+05:45,2026-08-19 14:39:52,price_volume,price_volume_210,True,cloud_automated,Wednesday - Trading Hours: 11:00 AM - 3:00 PM NPT,9345,Sanigad Hydro Limited,SGHL,58.0,66014.0,538.0,1.127819549,532.0,,,,,,,,,,,,,,,,,,,,,,7,"price_volume, live_market, summary, top_gainers, top_losers, nepse_index, supply_demand",5631
2026-08-19T14:39:52.340992+05:45,2026-08-19 14:39:52,price_volume,price_volume_211,True,cloud_automated,Wednesday - Trading Hours: 11:00 AM - 3:00 PM NPT,2908,Sanima GIC Insurance Limited,SGIC,58.0,2356.0,448.0,0.291023058,446.7,,,,,,,,,,,,,,,,,,,,,,7,"price_volume, live_market, summary, top_gainers, top_losers, nepse_index, supply_demand",5631
2026-08-19T14:39:52.340992+05:45,2026-08-19 14:39:52,price_volume,price_volume_212,True,cloud_automated,Wednesday - Trading Hours: 11:00 AM - 3:00 PM NPT,2934,Singati Hydro Energy Limited,SHEL,58.0,99020.0,295.0,-1.073105298,298.2,,,,,,,,,,,,,,,,,,,,,,7,"price_volume, live_market, summary, top_gainers, top_losers, nepse_index, supply_demand",5631
2026-08-19T14:39:52.340992+05:45,2026-08-19 14:39:52,price_volume,price_volume_213,True,cloud_automated,Wednesday - Trading Hours: 11:00 AM - 3:00 PM NPT,473,Shine Resunga Development Bank Ltd.,SHINE,58.0,12155.0,414.9,0.826245443,411.5,,,,,,,,,,,,,,,,,,,,,,7,"price_volume, live_market, summary, top_gainers, top_losers, nepse_index, supply_demand",5631
2026-08-19T14:39:52.340992+05:45,2026-08-19 14:39:52,price_volume,price_volume_214,True,cloud_automated,Wednesday - Trading Hours: 11:00 AM - 3:00 PM NPT,2809,SHIVAM CEMENTS LTD,SHIVM,58.0,60804.0,627.1,0.416333066,624.5,,,,,,,,,,,,,,,,,,,,,,7,"price_volume, live_market, summary, top_gainers, top_losers, nepse_index, supply_demand",5631
2026-08-19T14:39:52.340992+05:45,2026-08-19 14:39:52,price_volume,price_volume_215,True,cloud_automated,Wednesday - Trading Hours: 11:00 AM - 3:00 PM NPT,147,Soaltee Hotel Limited,SHL,58.0,18962.0,499.9,-0.596540068,502.9,,,,,,,,,,,,,,,,,,,,,,7,"price_volume, live_market, summary, top_gainers, top_losers, nepse_index, supply_demand",5631
2026-08-19T14:39:52.340992+05:45,2026-08-19 14:39:52,price_volume,price_volume_216,True,cloud_automated,Wednesday - Trading Hours: 11:00 AM - 3:00 PM NPT,8132,Shrijanshil Laghubitta Bittiya Sanstha Limited,SHLB,58.0,100.0,1381.0,-1.357142857,1400.0,,,,,,,,,,,,,,,,,,,,,,7,"price_volume, live_market, summary, top_gainers, top_losers, nepse_index, supply_demand",5631
2026-08-19T14:39:52.340992+05:45,2026-08-19 14:39:52,price_volume,price_volume_217,True,cloud_automated,Wednesday - Trading Hours: 11:00 AM - 3:00 PM NPT,591,Sanima Mai Hydropower Ltd.,SHPC,58.0,45326.0,493.0,0.020288091,492.9,,,,,,,,,,,,,,,,,,,,,,7,"price_volume, live_market, summary, top_gainers, top_losers, nepse_index, supply_demand",5631
2026-08-19T14:39:52.340992+05:45,2026-08-19 14:39:52,price_volume,price_volume_218,True,cloud_automated,Wednesday - Trading Hours: 11:00 AM - 3:00 PM NPT,192,Shikhar Insurance Co. Ltd.,SICL,58.0,6828.0,610.0,0.328947368,608.0,,,,,,,,,,,,,,,,,,,,,,7,"price_volume, live_market, summary, top_gainers, top_losers, nepse_index, supply_demand",5631
2026-08-19T14:39:52.340992+05:45,2026-08-19 14:39:52,price_volume,price_volume_219,True,cloud_automated,Wednesday - Trading Hours: 11:00 AM - 3:00 PM NPT,244,Shree Investment Finance Co. Ltd.,SIFC,58.0,7489.0,493.1,-2.143282397,503.9,,,,,,,,,,,,,,,,,,,,,,7,"price_volume, live_market, summary, top_gainers, top_losers, nepse_index, supply_demand",5631
2026-08-19T14:39:52.340992+05:45,2026-08-19 14:39:52,price_volume,price_volume_220,True,cloud_automated,Wednesday - Trading Hours: 11:00 AM - 3:00 PM NPT,8126,Sikles Hydropower Limited,SIKLES,58.0,4030.0,553.1,-0.090317919,553.6,,,,,,,,,,,,,,,,,,,,,,7,"price_volume, live_market, summary, top_gainers, top_losers, nepse_index, supply_demand",5631
2026-08-19T14:39:52.340992+05:45,2026-08-19 14:39:52,price_volume,price_volume_221,True,cloud_automated,Wednesday - Trading Hours: 11:00 AM - 3:00 PM NPT,561,Sindhu Bikash Bank Ltd,SINDU,58.0,7601.0,672.1,-0.42962963,675.0,,,,,,,,,,,,,,,,,,,,,,7,"price_volume, live_market, summary, top_gainers, top_losers, nepse_index, supply_demand",5631
2026-08-19T14:39:52.340992+05:45,2026-08-19 14:39:52,price_volume,price_volume_222,True,cloud_automated,Wednesday - Trading Hours: 11:00 AM - 3:00 PM NPT,9329,Shikhar power Development Limited,SIPD,58.0,27063.0,655.0,1.597642314,644.7,,,,,,,,,,,,,,,,,,,,,,7,"price_volume, live_market, summary, top_gainers, top_losers, nepse_index, supply_demand",5631
2026-08-19T14:39:52.340992+05:45,2026-08-19 14:39:52,price_volume,price_volume_223,True,cloud_automated,Wednesday - Trading Hours: 11:00 AM - 3:00 PM NPT,2842,SANJEN JALAVIDHYUT COMPANY LIMITED,SJCL,58.0,5230.0,263.7,-1.124859393,266.7,,,,,,,,,,,,,,,,,,,,,,7,"price_volume, live_market, summary, top_gainers, top_losers, nepse_index, supply_demand",5631
2026-08-19T14:39:52.340992+05:45,2026-08-19 14:39:52,price_volume,price_volume_224,True,cloud_automated,Wednesday - Trading Hours: 11:00 AM - 3:00 PM NPT,403,SuryaJyoti Life Insurance Company Limited,SJLIC,58.0,5891.0,406.0,-0.245700246,407.0,,,,,,,,,,,,,,,,,,,,,,7,"price_volume, live_market, summary, top_gainers, top_losers, nepse_index, supply_demand",5631
2026-08-19T14:39:52.340992+05:45,2026-08-19 14:39:52,price_volume,price_volume_225,True,cloud_automated,Wednesday - Trading Hours: 11:00 AM - 3:00 PM NPT,574,Sana Kisan Bikas Laghubitta Bittiya Sanstha Limited,SKBBL,58.0,15519.0,750.0,-0.398406375,753.0,,,,,,,,,,,,,,,,,,,,,,7,"price_volume, live_market, summary, top_gainers, top_losers, nepse_index, supply_demand",5631
2026-08-19T14:39:52.340992+05:45,2026-08-19 14:39:52,price_volume,price_volume_226,True,cloud_automated,Wednesday - Trading Hours: 11:00 AM - 3:00 PM NPT,9325,Suryakunda Hydro Electric Limited,SKHEL,58.0,2407.0,939.0,-1.665095822,954.9,,,,,,,,,,,,,,,,,,,,,,7,"price_volume, live_market, summary, top_gainers, top_losers, nepse_index, supply_demand",5631
2026-08-19T14:39:52.340992+05:45,2026-08-19 14:39:52,price_volume,price_volume_227,True,cloud_automated,Wednesday - Trading Hours: 11:00 AM - 3:00 PM NPT,9323,Super Khudi Hydropower Limited,SKHL,58.0,14669.0,810.0,-2.409638554,830.0,,,,,,,,,,,,,,,,,,,,,,7,"price_volume, live_market, summary, top_gainers, top_losers, nepse_index, supply_demand",5631
2026-08-19T14:39:52.340992+05:45,2026-08-19 14:39:52,price_volume,price_volume_228,True,cloud_automated,Wednesday - Trading Hours: 11:00 AM - 3:00 PM NPT,545,Swarojgar Laghubitta Bittiya Sanstha Ltd.,SLBBL,58.0,541.0,800.0,-0.99009901,808.0,,,,,,,,,,,,,,,,,,,,,,7,"price_volume, live_market, summary, top_gainers, top_losers, nepse_index, supply_demand",5631
2026-08-19T14:39:52.340992+05:45,2026-08-19 14:39:52,price_volume,price_volume_229,True,cloud_automated,Wednesday - Trading Hours: 11:00 AM - 3:00 PM NPT,2804,Samudayik Laghubitta Bittiya Sanstha Limited,SLBSL,58.0,78.0,927.0,0.980392157,918.0,,,,,,,,,,,,,,,,,,,,,,7,"price_volume, live_market, summary, top_gainers, top_losers, nepse_index, supply_demand",5631
2026-08-19T14:39:52.340992+05:45,2026-08-19 14:39:52,price_volume,price_volume_230,True,cloud_automated,Wednesday - Trading Hours: 11:00 AM - 3:00 PM NPT,2761,Samata Gharelu Laghubitta Bittiya Sanstha Limited,SMATA,58.0,2841.0,707.0,-0.422535211,710.0,,,,,,,,,,,,,,,,,,,,,,7,"price_volume, live_market, summary, top_gainers, top_losers, nepse_index, supply_demand",5631
2026-08-19T14:39:52.340992+05:45,2026-08-19 14:39:52,price_volume,price_volume_231,True,cloud_automated,Wednesday - Trading Hours: 11:00 AM - 3:00 PM NPT,2771,Support Microfinance Bittiya Sanstha Ltd.,SMB,58.0,802.0,1751.0,1.630971037,1722.9,,,,,,,,,,,,,,,,,,,,,,7,"price_volume, live_market, summary, top_gainers, top_losers, nepse_index, supply_demand",5631
2026-08-19T14:39:52.340992+05:45,2026-08-19 14:39:52,price_volume,price_volume_232,True,cloud_automated,Wednesday - Trading Hours: 11:00 AM - 3:00 PM NPT,2829,Swabhimaan Laghubitta Bittiya Sanstha Limited,SMFBS,58.0,149.0,1421.1,-2.463967056,1457.0,,,,,,,,,,,,,,,,,,,,,,7,"price_volume, live_market, summary, top_gainers, top_losers, nepse_index, supply_demand",5631
2026-08-19T14:39:52.340992+05:45,2026-08-19 14:39:52,price_volume,price_volume_233,True,cloud_automated,Wednesday - Trading Hours: 11:00 AM - 3:00 PM NPT,9148,Super Mai Hydropower Limited,SMH,58.0,2447.0,504.1,-0.178217822,505.0,,,,,,,,,,,,,,,,,,,,,,7,"price_volume, live_market, summary, top_gainers, top_losers, nepse_index, supply_demand",5631
2026-08-19T14:39:52.340992+05:45,2026-08-19 14:39:52,price_volume,price_volume_234,True,cloud_automated,Wednesday - Trading Hours: 11:00 AM - 3:00 PM NPT,9146,Super Madi Hydropower Limited,SMHL,58.0,31274.0,500.0,0.948919847,495.3,,,,,,,,,,,,,,,,,,,,,,7,"price_volume, live_market, summary, top_gainers, top_losers, nepse_index, supply_demand",5631
2026-08-19T14:39:52.340992+05:45,2026-08-19 14:39:52,price_volume,price_volume_235,True,cloud_automated,Wednesday - Trading Hours: 11:00 AM - 3:00 PM NPT,9159,Sagarmatha Jalabidhyut Company Limited,SMJC,58.0,5624.0,430.0,0.233100233,429.0,,,,,,,,,,,,,,,,,,,,,,7,"price_volume, live_market, summary, top_gainers, top_losers, nepse_index, supply_demand",5631
2026-08-19T14:39:52.340992+05:45,2026-08-19 14:39:52,price_volume,price_volume_236,True,cloud_automated,Wednesday - Trading Hours: 11:00 AM - 3:00 PM NPT,2896,Sampada Laghubitta Bittiya Sanstha Limited,SMPDA,58.0,628.0,741.0,0.816326531,735.0,,,,,,,,,,,,,,,,,,,,,,7,"price_volume, live_market, summary, top_gainers, top_losers, nepse_index, supply_demand",5631
2026-08-19T14:39:52.340992+05:45,2026-08-19 14:39:52,price_volume,price_volume_237,True,cloud_automated,Wednesday - Trading Hours: 11:00 AM - 3:00 PM NPT,9201,Sun Nepal Life Insurance Company Limited,SNLI,58.0,6754.0,405.1,-0.686442756,407.9,,,,,,,,,,,,,,,,,,,,,,7,"price_volume, live_market, summary, top_gainers, top_losers, nepse_index, supply_demand",5631
2026-08-19T14:39:52.340992+05:45,2026-08-19 14:39:52,price_volume,price_volume_238,True,cloud_automated,Wednesday - Trading Hours: 11:00 AM - 3:00 PM NPT,9344,Snow Rivers Limited,SNORL,58.0,16419.0,910.0,-0.437636761,914.0,,,,,,,,,,,,,,,,,,,,,,7,"price_volume, live_market, summary, top_gainers, top_losers, nepse_index, supply_demand",5631
2026-08-19T14:39:52.340992+05:45,2026-08-19 14:39:52,price_volume,price_volume_239,True,cloud_automated,Wednesday - Trading Hours: 11:00 AM - 3:00 PM NPT,9311,Solu Hydropower Limited,SOHL,58.0,231587.0,678.3,-1.38121547,687.8,,,,,,,,,,,,,,,,,,,,,,7,"price_volume, live_market, summary, top_gainers, top_losers, nepse_index, supply_demand",5631
2026-08-19T14:39:52.340992+05:45,2026-08-19 14:39:52,price_volume,price_volume_240,True,cloud_automated,Wednesday - Trading Hours: 11:00 AM - 3:00 PM NPT,9216,Sonapur Minerals And Oil Limited,SONA,58.0,17107.0,400.0,-0.274245824,401.1,,,,,,,,,,,,,,,,,,,,,,7,"price_volume, live_market, summary, top_gainers, top_losers, nepse_index, supply_demand",5631
2026-08-19T14:39:52.340992+05:45,2026-08-19 14:39:52,price_volume,price_volume_241,True,cloud_automated,Wednesday - Trading Hours: 11:00 AM - 3:00 PM NPT,9336,Sopan Pharmaceuticals Limited,SOPL,58.0,16604.0,779.0,-0.510855683,783.0,,,,,,,,,,,,,,,,,,,,,,7,"price_volume, live_market, summary, top_gainers, top_losers, nepse_index, supply_demand",5631
2026-08-19T14:39:52.340992+05:45,2026-08-19 14:39:52,price_volume,price_volume_242,True,cloud_automated,Wednesday - Trading Hours: 11:00 AM - 3:00 PM NPT,8025,Samling Power Company Limited,SPC,58.0,3375.0,412.0,0.684261975,409.2,,,,,,,,,,,,,,,,,,,,,,7,"price_volume, live_market, summary, top_gainers, top_losers, nepse_index, supply_demand",5631
2026-08-19T14:39:52.340992+05:45,2026-08-19 14:39:52,price_volume,price_volume_243,True,cloud_automated,Wednesday - Trading Hours: 11:00 AM - 3:00 PM NPT,2759,Synergy Power Development Ltd.,SPDL,58.0,7815.0,363.0,-0.411522634,364.5,,,,,,,,,,,,,,,,,,,,,,7,"price_volume, live_market, summary, top_gainers, top_losers, nepse_index, supply_demand",5631
2026-08-19T14:39:52.340992+05:45,2026-08-19 14:39:52,price_volume,price_volume_244,True,cloud_automated,Wednesday - Trading Hours: 11:00 AM - 3:00 PM NPT,8121,Sayapatri Hydropower Limited,SPHL,58.0,3173.0,510.0,-2.671755725,524.0,,,,,,,,,,,,,,,,,,,,,,7,"price_volume, live_market, summary, top_gainers, top_losers, nepse_index, supply_demand",5631
2026-08-19T14:39:52.340992+05:45,2026-08-19 14:39:52,price_volume,price_volume_245,True,cloud_automated,Wednesday - Trading Hours: 11:00 AM - 3:00 PM NPT,182,Siddhartha Premier Insurance Limited,SPIL,58.0,2435.0,679.0,-0.293685756,681.0,,,,,,,,,,,,,,,,,,,,,,7,"price_volume, live_market, summary, top_gainers, top_losers, nepse_index, supply_demand",5631
2026-08-19T14:39:52.340992+05:45,2026-08-19 14:39:52,price_volume,price_volume_246,True,cloud_automated,Wednesday - Trading Hours: 11:00 AM - 3:00 PM NPT,9147,Shuvam Power Limited,SPL,58.0,1230.0,646.0,-0.615384615,650.0,,,,,,,,,,,,,,,,,,,,,,7,"price_volume, live_market, summary, top_gainers, top_losers, nepse_index, supply_demand",5631
2026-08-19T14:39:52.340992+05:45,2026-08-19 14:39:52,price_volume,price_volume_247,True,cloud_automated,Wednesday - Trading Hours: 11:00 AM - 3:00 PM NPT,5982,Sanima Reliance Life Insurance Limited,SRLI,58.0,8714.0,366.4,-0.02728513,366.5,,,,,,,,,,,,,,,,,,,,,,7,"price_volume, live_market, summary, top_gainers, top_losers, nepse_index, supply_demand",5631
2026-08-19T14:39:52.340992+05:45,2026-08-19 14:39:52,price_volume,price_volume_248,True,cloud_automated,Wednesday - Trading Hours: 11:00 AM - 3:00 PM NPT,2907,Shiva Shree Hydropower Ltd,SSHL,58.0,32551.0,201.6,0.8,200.0,,,,,,,,,,,,,,,,,,,,,,7,"price_volume, live_market, summary, top_gainers, top_losers, nepse_index, supply_demand",5631
2026-08-19T14:39:52.340992+05:45,2026-08-19 14:39:52,price_volume,price_volume_249,True,cloud_automated,Wednesday - Trading Hours: 11:00 AM - 3:00 PM NPT,155,Salt Trading Corporation,STC,58.0,98.0,5172.3,0.083204334,5168.0,,,,,,,,,,,,,,,,,,,,,,7,"price_volume, live_market, summary, top_gainers, top_losers, nepse_index, supply_demand",5631
2026-08-19T14:39:52.340992+05:45,2026-08-19 14:39:52,price_volume,price_volume_250,True,cloud_automated,Wednesday - Trading Hours: 11:00 AM - 3:00 PM NPT,9295,Swastik Laghubitta Bittiya Sanstha Limited,SWASTIK,58.0,590.0,1989.0,-0.055273604,1990.1,,,,,,,,,,,,,,,,,,,,,,7,"price_volume, live_market, summary, top_gainers, top_losers, nepse_index, supply_demand",5631
2026-08-19T14:39:52.340992+05:45,2026-08-19 14:39:52,price_volume,price_volume_251,True,cloud_automated,Wednesday - Trading Hours: 11:00 AM - 3:00 PM NPT,268,Swabalamban Laghubitta Bittiya Sanstha Limited,SWBBL,58.0,13738.0,670.0,-0.711321873,674.8,,,,,,,,,,,,,,,,,,,,,,7,"price_volume, live_market, summary, top_gainers, top_losers, nepse_index, supply_demand",5631
2026-08-19T14:39:52.340992+05:45,2026-08-19 14:39:52,price_volume,price_volume_252,True,cloud_automated,Wednesday - Trading Hours: 11:00 AM - 3:00 PM NPT,706,Suryodaya Womi Laghubitta Bittiya Sanstha Limited,SWMF,58.0,5702.0,599.0,-1.155115512,606.0,,,,,,,,,,,,,,,,,,,,,,7,"price_volume, live_market, summary, top_gainers, top_losers, nepse_index, supply_demand",5631
2026-08-19T14:39:52.340992+05:45,2026-08-19 14:39:52,price_volume,price_volume_253,True,cloud_automated,Wednesday - Trading Hours: 11:00 AM - 3:00 PM NPT,9303,SY Panel Nepal Limited,SYPNL,58.0,18115.0,1284.0,-0.465116279,1290.0,,,,,,,,,,,,,,,,,,,,,,7,"price_volume, live_market, summary, top_gainers, top_losers, nepse_index, supply_demand",5631
2026-08-19T14:39:52.340992+05:45,2026-08-19 14:39:52,price_volume,price_volume_254,True,cloud_automated,Wednesday - Trading Hours: 11:00 AM - 3:00 PM NPT,9156,Sanima Middle Tamor Hydropower Limited,TAMOR,58.0,54838.0,461.2,1.362637363,455.0,,,,,,,,,,,,,,,,,,,,,,7,"price_volume, live_market, summary, top_gainers, top_losers, nepse_index, supply_demand",5631
2026-08-19T14:39:52.340992+05:45,2026-08-19 14:39:52,price_volume,price_volume_255,True,cloud_automated,Wednesday - Trading Hours: 11:00 AM - 3:00 PM NPT,8022,Terhathum Power Company Limited,TPC,58.0,5705.0,358.2,-0.250626566,359.1,,,,,,,,,,,,,,,,,,,,,,7,"price_volume, live_market, summary, top_gainers, top_losers, nepse_index, supply_demand",5631
2026-08-19T14:39:52.340992+05:45,2026-08-19 14:39:52,price_volume,price_volume_256,True,cloud_automated,Wednesday - Trading Hours: 11:00 AM - 3:00 PM NPT,9343,Taksar Pikhuwa Khola Hydropower Limited,TPKHL,58.0,20061.0,556.6,-0.607142857,560.0,,,,,,,,,,,,,,,,,,,,,,7,"price_volume, live_market, summary, top_gainers, top_losers, nepse_index, supply_demand",5631
2026-08-19T14:39:52.340992+05:45,2026-08-19 14:39:52,price_volume,price_volume_257,True,cloud_automated,Wednesday - Trading Hours: 11:00 AM - 3:00 PM NPT,148,Taragaon Regency Hotel Limited,TRH,58.0,620.0,810.0,1.376720901,799.0,,,,,,,,,,,,,,,,,,,,,,7,"price_volume, live_market, summary, top_gainers, top_losers, nepse_index, supply_demand",5631
2026-08-19T14:39:52.340992+05:45,2026-08-19 14:39:52,price_volume,price_volume_258,True,cloud_automated,Wednesday - Trading Hours: 11:00 AM - 3:00 PM NPT,9194,Three Star Hydropower Limited,TSHL,58.0,3429.0,361.0,0.0,361.0,,,,,,,,,,,,,,,,,,,,,,7,"price_volume, live_market, summary, top_gainers, top_losers, nepse_index, supply_demand",5631
2026-08-19T14:39:52.340992+05:45,2026-08-19 14:39:52,price_volume,price_volume_259,True,cloud_automated,Wednesday - Trading Hours: 11:00 AM - 3:00 PM NPT,9262,Trade Tower Limited,TTL,58.0,2306.0,707.2,0.312056738,705.0,,,,,,,,,,,,,,,,,,,,,,7,"price_volume, live_market, summary, top_gainers, top_losers, nepse_index, supply_demand",5631
2026-08-19T14:39:52.340992+05:45,2026-08-19 14:39:52,price_volume,price_volume_260,True,cloud_automated,Wednesday - Trading Hours: 11:00 AM - 3:00 PM NPT,9218,Trishuli Jal Vidhyut Company Limited ,TVCL,58.0,498.0,467.0,1.279548905,461.1,,,,,,,,,,,,,,,,,,,,,,7,"price_volume, live_market, summary, top_gainers, top_losers, nepse_index, supply_demand",5631
2026-08-19T14:39:52.340992+05:45,2026-08-19 14:39:52,price_volume,price_volume_261,True,cloud_automated,Wednesday - Trading Hours: 11:00 AM - 3:00 PM NPT,180,United Ajod Insurance Limited,UAIL,58.0,4939.0,425.5,-0.327945655,426.9,,,,,,,,,,,,,,,,,,,,,,7,"price_volume, live_market, summary, top_gainers, top_losers, nepse_index, supply_demand",5631
2026-08-19T14:39:52.340992+05:45,2026-08-19 14:39:52,price_volume,price_volume_262,True,cloud_automated,Wednesday - Trading Hours: 11:00 AM - 3:00 PM NPT,8099,Upper Hewakhola Hydropower Company Limited,UHEWA,58.0,30391.0,604.3,-0.592202665,607.9,,,,,,,,,,,,,,,,,,,,,,7,"price_volume, live_market, summary, top_gainers, top_losers, nepse_index, supply_demand",5631
2026-08-19T14:39:52.340992+05:45,2026-08-19 14:39:52,price_volume,price_volume_263,True,cloud_automated,Wednesday - Trading Hours: 11:00 AM - 3:00 PM NPT,8063,Upakar Laghubitta Bittiya Sanstha Limited,ULBSL,58.0,619.0,2642.0,0.647619048,2625.0,,,,,,,,,,,,,,,,,,,,,,7,"price_volume, live_market, summary, top_gainers, top_losers, nepse_index, supply_demand",5631
2026-08-19T14:39:52.340992+05:45,2026-08-19 14:39:52,price_volume,price_volume_264,True,cloud_automated,Wednesday - Trading Hours: 11:00 AM - 3:00 PM NPT,9208,Upper Lohore Khola Hydropower Company Limited,ULHC,58.0,13917.0,335.0,-1.759530792,341.0,,,,,,,,,,,,,,,,,,,,,,7,"price_volume, live_market, summary, top_gainers, top_losers, nepse_index, supply_demand",5631
2026-08-19T14:39:52.340992+05:45,2026-08-19 14:39:52,price_volume,price_volume_265,True,cloud_automated,Wednesday - Trading Hours: 11:00 AM - 3:00 PM NPT,2760,United Modi Hydropower Ltd.,UMHL,58.0,89109.0,595.5,-1.161825726,602.5,,,,,,,,,,,,,,,,,,,,,,7,"price_volume, live_market, summary, top_gainers, top_losers, nepse_index, supply_demand",5631
2026-08-19T14:39:52.340992+05:45,2026-08-19 14:39:52,price_volume,price_volume_266,True,cloud_automated,Wednesday - Trading Hours: 11:00 AM - 3:00 PM NPT,2914,United IDI Mardi RB Hydropower Limited.,UMRH,58.0,1486.0,521.3,0.25,520.0,,,,,,,,,,,,,,,,,,,,,,7,"price_volume, live_market, summary, top_gainers, top_losers, nepse_index, supply_demand",5631
2026-08-19T14:39:52.340992+05:45,2026-08-19 14:39:52,price_volume,price_volume_267,True,cloud_automated,Wednesday - Trading Hours: 11:00 AM - 3:00 PM NPT,2831,Union Hydropower Limited,UNHPL,58.0,33248.0,365.0,-0.164113786,365.6,,,,,,,,,,,,,,,,,,,,,,7,"price_volume, live_market, summary, top_gainers, top_losers, nepse_index, supply_demand",5631
2026-08-19T14:39:52.340992+05:45,2026-08-19 14:39:52,price_volume,price_volume_268,True,cloud_automated,Wednesday - Trading Hours: 11:00 AM - 3:00 PM NPT,219,Unilever Nepal Limited,UNL,58.0,10.0,46600.0,0.215053763,46500.0,,,,,,,,,,,,,,,,,,,,,,7,"price_volume, live_market, summary, top_gainers, top_losers, nepse_index, supply_demand",5631
2026-08-19T14:39:52.340992+05:45,2026-08-19 14:39:52,price_volume,price_volume_269,True,cloud_automated,Wednesday - Trading Hours: 11:00 AM - 3:00 PM NPT,9140,Unique Nepal Laghubitta Bittiya Sanstha Limited,UNLB,58.0,174.0,1241.0,-1.656232665,1261.9,,,,,,,,,,,,,,,,,,,,,,7,"price_volume, live_market, summary, top_gainers, top_losers, nepse_index, supply_demand",5631
2026-08-19T14:39:52.340992+05:45,2026-08-19 14:39:52,price_volume,price_volume_270,True,cloud_automated,Wednesday - Trading Hours: 11:00 AM - 3:00 PM NPT,2810,UNIVERSAL POWER COMPANY LTD,UPCL,58.0,14457.0,341.7,-0.783972125,344.4,,,,,,,,,,,,,,,,,,,,,,7,"price_volume, live_market, summary, top_gainers, top_losers, nepse_index, supply_demand",5631
2026-08-19T14:39:52.340992+05:45,2026-08-19 14:39:52,price_volume,price_volume_271,True,cloud_automated,Wednesday - Trading Hours: 11:00 AM - 3:00 PM NPT,2792,Upper Tamakoshi Hydropower Ltd,UPPER,58.0,53004.0,191.0,0.262467192,190.5,,,,,,,,,,,,,,,,,,,,,,7,"price_volume, live_market, summary, top_gainers, top_losers, nepse_index, supply_demand",5631
2026-08-19T14:39:52.340992+05:45,2026-08-19 14:39:52,price_volume,price_volume_272,True,cloud_automated,Wednesday - Trading Hours: 11:00 AM - 3:00 PM NPT,8104,Upper Solu Hydro Electric Company Limited,USHEC,58.0,2770.0,498.8,-0.24,500.0,,,,,,,,,,,,,,,,,,,,,,7,"price_volume, live_market, summary, top_gainers, top_losers, nepse_index, supply_demand",5631
2026-08-19T14:39:52.340992+05:45,2026-08-19 14:39:52,price_volume,price_volume_273,True,cloud_automated,Wednesday - Trading Hours: 11:00 AM - 3:00 PM NPT,9192,Upper Syange Hydropower Limited,USHL,58.0,773.0,535.9,-0.759259259,540.0,,,,,,,,,,,,,,,,,,,,,,7,"price_volume, live_market, summary, top_gainers, top_losers, nepse_index, supply_demand",5631
2026-08-19T14:39:52.340992+05:45,2026-08-19 14:39:52,price_volume,price_volume_274,True,cloud_automated,Wednesday - Trading Hours: 11:00 AM - 3:00 PM NPT,2774,Unnati Sahakarya Laghubitta Bittiya Sanstha Limited,USLB,58.0,408.0,1093.0,-1.085972851,1105.0,,,,,,,,,,,,,,,,,,,,,,7,"price_volume, live_market, summary, top_gainers, top_losers, nepse_index, supply_demand",5631
2026-08-19T14:39:52.340992+05:45,2026-08-19 14:39:52,price_volume,price_volume_275,True,cloud_automated,Wednesday - Trading Hours: 11:00 AM - 3:00 PM NPT,687,Vijaya laghubitta Bittiya Sanstha Ltd.,VLBS,58.0,824.0,660.0,-0.452488688,663.0,,,,,,,,,,,,,,,,,,,,,,7,"price_volume, live_market, summary, top_gainers, top_losers, nepse_index, supply_demand",5631
2026-08-19T14:39:52.340992+05:45,2026-08-19 14:39:52,price_volume,price_volume_276,True,cloud_automated,Wednesday - Trading Hours: 11:00 AM - 3:00 PM NPT,9225,Vision Lumbini Urja Company Limited ,VLUCL,58.0,4368.0,400.0,0.755667506,397.0,,,,,,,,,,,,,,,,,,,,,,7,"price_volume, live_market, summary, top_gainers, top_losers, nepse_index, supply_demand",5631
2026-08-19T14:39:52.340992+05:45,2026-08-19 14:39:52,price_volume,price_volume_277,True,cloud_automated,Wednesday - Trading Hours: 11:00 AM - 3:00 PM NPT,2781,Wean Nepal Laghubitta Bittiya Sanstha Limited,WNLB,58.0,30.0,1295.0,-0.766283525,1305.0,,,,,,,,,,,,,,,,,,,,,,7,"price_volume, live_market, summary, top_gainers, top_losers, nepse_index, supply_demand",5631
2026-08-19T14:39:52.340992+05:45,2026-08-19 14:39:52,price_volume,price_volume_278,True,cloud_automated,Wednesday - Trading Hours: 11:00 AM - 3:00 PM NPT,9342,Yambaling Hydropower Limited,YMHL,58.0,9196.0,631.5,-0.863422292,637.0,,,,,,,,,,,,,,,,,,,,,,7,"price_volume, live_market, summary, top_gainers, top_losers, nepse_index, supply_demand",5631
2026-08-19T14:39:52.340992+05:45,2026-08-19 14:39:52,live_market,live_market_1,True,cloud_automated,Wednesday - Trading Hours: 11:00 AM - 3:00 PM NPT,204,Gurkhas Finance Ltd.,GUFL,58.0,7175.0,533.6,-0.5,536.3,,534.0,537.9,530.1,3828701.7,2026-08-19 14:39:00.394039,10.0,533.62,,,,,,,,,,,,,,7,"price_volume, live_market, summary, top_gainers, top_losers, nepse_index, supply_demand",5631
2026-08-19T14:39:52.340992+05:45,2026-08-19 14:39:52,live_market,live_market_2,True,cloud_automated,Wednesday - Trading Hours: 11:00 AM - 3:00 PM NPT,2769,Nepal Hydro Developers Ltd.,NHDL,58.0,1218.0,624.2,-2.13,637.8,,625.5,635.9,621.1,762011.8,2026-08-19 14:39:00.224437,1.0,625.63,,,,,,,,,,,,,,7,"price_volume, live_market, summary, top_gainers, top_losers, nepse_index, supply_demand",5631
2026-08-19T14:39:52.340992+05:45,2026-08-19 14:39:52,live_market,live_market_3,True,cloud_automated,Wednesday - Trading Hours: 11:00 AM - 3:00 PM NPT,9171,Bhugol Energy Development Company Limited,BEDC,58.0,7830.0,309.8,-1.18,313.5,,329.0,329.0,308.0,2448163.0,2026-08-19 14:38:59.240802,10.0,312.66,,,,,,,,,,,,,,7,"price_volume, live_market, summary, top_gainers, top_losers, nepse_index, supply_demand",5631
2026-08-19T14:39:52.340992+05:45,2026-08-19 14:39:52,live_market,live_market_4,True,cloud_automated,Wednesday - Trading Hours: 11:00 AM - 3:00 PM NPT,9311,Solu Hydropower Limited,SOHL,58.0,231587.0,678.3,-1.38,687.8,,687.8,689.0,674.0,157914584.0,2026-08-19 14:38:59.192571,10.0,681.88,,,,,,,,,,,,,,7,"price_volume, live_market, summary, top_gainers, top_losers, nepse_index, supply_demand",5631
2026-08-19T14:39:52.340992+05:45,2026-08-19 14:39:52,live_market,live_market_5,True,cloud_automated,Wednesday - Trading Hours: 11:00 AM - 3:00 PM NPT,9166,Makar Jitumaya Suri Hydropower Limited,MAKAR,58.0,18713.0,405.0,-0.52,407.1,,406.0,408.0,401.0,7549072.1,2026-08-19 14:38:58.86369,400.0,403.41,,,,,,,,,,,,,,7,"price_volume, live_market, summary, top_gainers, top_losers, nepse_index, supply_demand",5631
2026-08-19T14:39:52.340992+05:45,2026-08-19 14:39:52,live_market,live_market_6,True,cloud_automated,Wednesday - Trading Hours: 11:00 AM - 3:00 PM NPT,2919,Nepal Infrastructure Bank Limited,NIFRA,58.0,21734.0,244.1,-0.29,244.8,,240.0,245.0,240.0,5297968.5,2026-08-19 14:38:57.947605,54.0,243.76,,,,,,,,,,,,,,7,"price_volume, live_market, summary, top_gainers, top_losers, nepse_index, supply_demand",5631
2026-08-19T14:39:52.340992+05:45,2026-08-19 14:39:52,live_market,live_market_7,True,cloud_automated,Wednesday - Trading Hours: 11:00 AM - 3:00 PM NPT,194,Nepal Finance Ltd.,NFS,58.0,2465.0,555.4,-0.82,560.0,,560.0,560.0,555.0,1370604.8,2026-08-19 14:38:57.351428,65.0,556.03,,,,,,,,,,,,,,7,"price_volume, live_market, summary, top_gainers, top_losers, nepse_index, supply_demand",5631
2026-08-19T14:39:52.340992+05:45,2026-08-19 14:39:52,live_market,live_market_8,True,cloud_automated,Wednesday - Trading Hours: 11:00 AM - 3:00 PM NPT,9345,Sanigad Hydro Limited,SGHL,58.0,66014.0,538.0,1.13,532.0,,530.0,547.0,530.0,35510571.9,2026-08-19 14:38:57.039021,10.0,537.92,,,,,,,,,,,,,,7,"price_volume, live_market, summary, top_gainers, top_losers, nepse_index, supply_demand",5631
2026-08-19T14:39:52.340992+05:45,2026-08-19 14:39:52,live_market,live_market_9,True,cloud_automated,Wednesday - Trading Hours: 11:00 AM - 3:00 PM NPT,9135,Barahi Hydropower Public Limited,BHPL,58.0,7547.0,474.4,-0.96,479.0,,456.0,479.4,456.0,3575891.3,2026-08-19 14:38:56.740745,417.0,473.82,,,,,,,,,,,,,,7,"price_volume, live_market, summary, top_gainers, top_losers, nepse_index, supply_demand",5631
2026-08-19T14:39:52.340992+05:45,2026-08-19 14:39:52,live_market,live_market_10,True,cloud_automated,Wednesday - Trading Hours: 11:00 AM - 3:00 PM NPT,142,Kumari Bank Limited,KBL,58.0,116004.0,214.0,0.9,212.1,,213.0,215.0,211.2,24824477.0,2026-08-19 14:38:56.599395,46.0,214.0,,,,,,,,,,,,,,7,"price_volume, live_market, summary, top_gainers, top_losers, nepse_index, supply_demand",5631
2026-08-19T14:39:52.340992+05:45,2026-08-19 14:39:52,live_market,live_market_11,True,cloud_automated,Wednesday - Trading Hours: 11:00 AM - 3:00 PM NPT,2744,Green Development Bank Ltd.,GRDBL,58.0,5901.0,1015.5,-2.93,1046.1,,1030.0,1031.0,1000.0,5984937.9,2026-08-19 14:38:55.719264,1.0,1014.22,,,,,,,,,,,,,,7,"price_volume, live_market, summary, top_gainers, top_losers, nepse_index, supply_demand",5631
2026-08-19T14:39:52.340992+05:45,2026-08-19 14:39:52,live_market,live_market_12,True,cloud_automated,Wednesday - Trading Hours: 11:00 AM - 3:00 PM NPT,697,Api Power Company Ltd.,API,58.0,91861.0,327.8,-0.67,330.0,,329.0,331.5,327.4,30210193.3,2026-08-19 14:38:55.676436,320.0,328.87,,,,,,,,,,,,,,7,"price_volume, live_market, summary, top_gainers, top_losers, nepse_index, supply_demand",5631
2026-08-19T14:39:52.340992+05:45,2026-08-19 14:39:52,live_market,live_market_13,True,cloud_automated,Wednesday - Trading Hours: 11:00 AM - 3:00 PM NPT,9267,Bikash Hydropower Company Limited,BHCL,58.0,111523.0,556.1,0.74,552.0,,560.0,595.0,546.0,62640059.4,2026-08-19 14:38:54.053629,80.0,561.68,,,,,,,,,,,,,,7,"price_volume, live_market, summary, top_gainers, top_losers, nepse_index, supply_demand",5631
2026-08-19T14:39:52.340992+05:45,2026-08-19 14:39:52,live_market,live_market_14,True,cloud_automated,Wednesday - Trading Hours: 11:00 AM - 3:00 PM NPT,9325,Suryakunda Hydro Electric Limited,SKHEL,58.0,2407.0,939.0,-1.67,954.9,,950.0,955.0,930.1,2274424.2,2026-08-19 14:38:53.195632,10.0,944.92,,,,,,,,,,,,,,7,"price_volume, live_market, summary, top_gainers, top_losers, nepse_index, supply_demand",5631
2026-08-19T14:39:52.340992+05:45,2026-08-19 14:39:52,live_market,live_market_15,True,cloud_automated,Wednesday - Trading Hours: 11:00 AM - 3:00 PM NPT,134,Himalayan Bank Limited,HBL,58.0,22365.0,191.1,-0.93,192.9,,196.0,196.0,189.2,4258216.2,2026-08-19 14:38:52.665945,10.0,190.4,,,,,,,,,,,,,,7,"price_volume, live_market, summary, top_gainers, top_losers, nepse_index, supply_demand",5631
2026-08-19T14:39:52.340992+05:45,2026-08-19 14:39:52,live_market,live_market_16,True,cloud_automated,Wednesday - Trading Hours: 11:00 AM - 3:00 PM NPT,210,Citizen Investment Trust,CIT,58.0,3548.0,1696.0,-0.41,1703.0,,1705.0,1705.0,1695.1,6023866.9,2026-08-19 14:38:52.515468,35.0,1697.82,,,,,,,,,,,,,,7,"price_volume, live_market, summary, top_gainers, top_losers, nepse_index, supply_demand",5631
2026-08-19T14:39:52.340992+05:45,2026-08-19 14:39:52,live_market,live_market_17,True,cloud_automated,Wednesday - Trading Hours: 11:00 AM - 3:00 PM NPT,9193,Ghorahi Cement Industry Limited,GCIL,58.0,1903.0,342.0,0.59,340.0,,339.8,344.9,339.8,649988.3,2026-08-19 14:38:52.164161,27.0,341.56,,,,,,,,,,,,,,7,"price_volume, live_market, summary, top_gainers, top_losers, nepse_index, supply_demand",5631
2026-08-19T14:39:52.340992+05:45,2026-08-19 14:39:52,live_market,live_market_18,True,cloud_automated,Wednesday - Trading Hours: 11:00 AM - 3:00 PM NPT,706,Suryodaya Womi Laghubitta Bittiya Sanstha Limited,SWMF,58.0,5702.0,599.0,-1.16,606.0,,600.1,602.0,593.1,3399798.0,2026-08-19 14:38:52.018453,57.0,596.25,,,,,,,,,,,,,,7,"price_volume, live_market, summary, top_gainers, top_losers, nepse_index, supply_demand",5631
2026-08-19T14:39:52.340992+05:45,2026-08-19 14:39:52,live_market,live_market_19,True,cloud_automated,Wednesday - Trading Hours: 11:00 AM - 3:00 PM NPT,9199,Reliable Nepal Life Insurance Limited,RNLI,58.0,11437.0,422.9,-0.73,426.0,,426.0,426.0,420.0,4819329.5,2026-08-19 14:38:51.51,12.0,421.38,,,,,,,,,,,,,,7,"price_volume, live_market, summary, top_gainers, top_losers, nepse_index, supply_demand",5631
2026-08-19T14:39:52.340992+05:45,2026-08-19 14:39:52,live_market,live_market_20,True,cloud_automated,Wednesday - Trading Hours: 11:00 AM - 3:00 PM NPT,8108,Rapti Hydro And General Construction Limited,RHGCL,58.0,5437.0,252.5,-0.86,254.7,,250.1,255.0,250.0,1371581.2,2026-08-19 14:38:51.389067,30.0,252.27,,,,,,,,,,,,,,7,"price_volume, live_market, summary, top_gainers, top_losers, nepse_index, supply_demand",5631
2026-08-19T14:39:52.340992+05:45,2026-08-19 14:39:52,live_market,live_market_21,True,cloud_automated,Wednesday - Trading Hours: 11:00 AM - 3:00 PM NPT,268,Swabalamban Laghubitta Bittiya Sanstha Limited,SWBBL,58.0,13738.0,670.0,-0.71,674.8,,675.0,675.0,667.0,9186258.8,2026-08-19 14:38:50.984601,254.0,668.68,,,,,,,,,,,,,,7,"price_volume, live_market, summary, top_gainers, top_losers, nepse_index, supply_demand",5631
2026-08-19T14:39:52.340992+05:45,2026-08-19 14:39:52,live_market,live_market_22,True,cloud_automated,Wednesday - Trading Hours: 11:00 AM - 3:00 PM NPT,9209,Citizen Life Insurance Company Limited,CLI,58.0,10766.0,434.0,-1.09,438.8,,438.0,438.0,433.0,4675317.8,2026-08-19 14:38:50.332706,100.0,434.27,,,,,,,,,,,,,,7,"price_volume, live_market, summary, top_gainers, top_losers, nepse_index, supply_demand",5631
2026-08-19T14:39:52.340992+05:45,2026-08-19 14:39:52,live_market,live_market_23,True,cloud_automated,Wednesday - Trading Hours: 11:00 AM - 3:00 PM NPT,9167,Mai Khola Hydropower Limited,MKHL,58.0,756.0,496.1,-0.5,498.6,,489.0,497.0,489.0,373313.0,2026-08-19 14:38:49.328409,10.0,493.8,,,,,,,,,,,,,,7,"price_volume, live_market, summary, top_gainers, top_losers, nepse_index, supply_demand",5631
2026-08-19T14:39:52.340992+05:45,2026-08-19 14:39:52,live_market,live_market_24,True,cloud_automated,Wednesday - Trading Hours: 11:00 AM - 3:00 PM NPT,2809,SHIVAM CEMENTS LTD,SHIVM,58.0,60804.0,627.1,0.42,624.5,,623.5,629.0,620.2,38128392.4,2026-08-19 14:38:49.208299,11.0,627.07,,,,,,,,,,,,,,7,"price_volume, live_market, summary, top_gainers, top_losers, nepse_index, supply_demand",5631
2026-08-19T14:39:52.340992+05:45,2026-08-19 14:39:52,live_market,live_market_25,True,cloud_automated,Wednesday - Trading Hours: 11:00 AM - 3:00 PM NPT,180,United Ajod Insurance Limited,UAIL,58.0,4939.0,425.5,-0.33,426.9,,421.2,429.6,421.2,2108367.7,2026-08-19 14:38:48.897664,155.0,426.88,,,,,,,,,,,,,,7,"price_volume, live_market, summary, top_gainers, top_losers, nepse_index, supply_demand",5631
2026-08-19T14:39:52.340992+05:45,2026-08-19 14:39:52,live_market,live_market_26,True,cloud_automated,Wednesday - Trading Hours: 11:00 AM - 3:00 PM NPT,9250,Nepal Micro Insurance Company Limited,NMIC,58.0,740.0,879.0,-0.9,887.0,,872.3,890.0,872.1,651416.5,2026-08-19 14:38:48.646036,10.0,880.29,,,,,,,,,,,,,,7,"price_volume, live_market, summary, top_gainers, top_losers, nepse_index, supply_demand",5631
2026-08-19T14:39:52.340992+05:45,2026-08-19 14:39:52,live_market,live_market_27,True,cloud_automated,Wednesday - Trading Hours: 11:00 AM - 3:00 PM NPT,263,Guheshowori Merchant Bank & Finance Co. Ltd.,GMFIL,58.0,4837.0,444.0,-0.22,445.0,,446.1,450.0,443.0,2156761.5,2026-08-19 14:38:48.434197,150.0,445.89,,,,,,,,,,,,,,7,"price_volume, live_market, summary, top_gainers, top_losers, nepse_index, supply_demand",5631
2026-08-19T14:39:52.340992+05:45,2026-08-19 14:39:52,live_market,live_market_28,True,cloud_automated,Wednesday - Trading Hours: 11:00 AM - 3:00 PM NPT,9308,Hotel Forest Inn Limited,HFIN,58.0,10597.0,685.0,0.76,679.8,,680.0,700.0,670.1,7253718.2,2026-08-19 14:38:47.907593,10.0,684.51,,,,,,,,,,,,,,7,"price_volume, live_market, summary, top_gainers, top_losers, nepse_index, supply_demand",5631
2026-08-19T14:39:52.340992+05:45,2026-08-19 14:39:52,live_market,live_market_29,True,cloud_automated,Wednesday - Trading Hours: 11:00 AM - 3:00 PM NPT,9306,Reliance Spinning Mills Limited,RSML,58.0,50339.0,2693.9,-1.14,2725.0,,2705.0,2720.0,2655.0,135597051.1,2026-08-19 14:38:47.576487,140.0,2693.68,,,,,,,,,,,,,,7,"price_volume, live_market, summary, top_gainers, top_losers, nepse_index, supply_demand",5631
2026-08-19T14:39:52.340992+05:45,2026-08-19 14:39:52,live_market,live_market_30,True,cloud_automated,Wednesday - Trading Hours: 11:00 AM - 3:00 PM NPT,235,Himalayan Distillery Limited,HDL,58.0,11412.0,1180.0,-0.08,1180.9,,1185.0,1185.0,1175.0,13450587.0,2026-08-19 14:38:46.409521,130.0,1178.64,,,,,,,,,,,,,,7,"price_volume, live_market, summary, top_gainers, top_losers, nepse_index, supply_demand",5631
2026-08-19T14:39:52.340992+05:45,2026-08-19 14:39:52,live_market,live_market_31,True,cloud_automated,Wednesday - Trading Hours: 11:00 AM - 3:00 PM NPT,397,Agricultural Development Bank Limited,ADBL,58.0,22012.0,300.5,0.17,300.0,,302.0,302.0,299.5,6617979.5,2026-08-19 14:38:44.483789,940.0,300.65,,,,,,,,,,,,,,7,"price_volume, live_market, summary, top_gainers, top_losers, nepse_index, supply_demand",5631
2026-08-19T14:39:52.340992+05:45,2026-08-19 14:39:52,live_market,live_market_32,True,cloud_automated,Wednesday - Trading Hours: 11:00 AM - 3:00 PM NPT,152,National Hydro Power Company Limited,NHPC,58.0,146289.0,263.0,0.42,261.9,,248.9,265.0,248.9,38290857.3,2026-08-19 14:38:43.208955,21.0,261.75,,,,,,,,,,,,,,7,"price_volume, live_market, summary, top_gainers, top_losers, nepse_index, supply_demand",5631
2026-08-19T14:39:52.340992+05:45,2026-08-19 14:39:52,live_market,live_market_33,True,cloud_automated,Wednesday - Trading Hours: 11:00 AM - 3:00 PM NPT,9346,Kalanga Hydro Limited,KAHL,58.0,22732.0,547.4,-0.27,548.9,,544.0,556.0,533.0,12443067.1,2026-08-19 14:38:40.432209,10.0,547.38,,,,,,,,,,,,,,7,"price_volume, live_market, summary, top_gainers, top_losers, nepse_index, supply_demand",5631
2026-08-19T14:39:52.340992+05:45,2026-08-19 14:39:52,live_market,live_market_34,True,cloud_automated,Wednesday - Trading Hours: 11:00 AM - 3:00 PM NPT,9234,Himalayan Reinsurance Limited,HRL,58.0,17442.0,575.0,-0.69,579.0,,575.0,580.0,571.0,10033573.2,2026-08-19 14:38:39.550538,30.0,575.25,,,,,,,,,,,,,,7,"price_volume, live_market, summary, top_gainers, top_losers, nepse_index, supply_demand",5631
2026-08-19T14:39:52.340992+05:45,2026-08-19 14:39:52,live_market,live_market_35,True,cloud_automated,Wednesday - Trading Hours: 11:00 AM - 3:00 PM NPT,9179,Modi Energy Limited,MEL,58.0,10462.0,205.0,-0.49,206.0,,203.0,208.5,203.0,2152536.0,2026-08-19 14:38:39.082963,250.0,205.75,,,,,,,,,,,,,,7,"price_volume, live_market, summary, top_gainers, top_losers, nepse_index, supply_demand",5631
2026-08-19T14:39:52.340992+05:45,2026-08-19 14:39:52,live_market,live_market_36,True,cloud_automated,Wednesday - Trading Hours: 11:00 AM - 3:00 PM NPT,9151,Kalinchowk Darshan Limited,KDL,58.0,235.0,770.0,0.26,768.0,,770.0,778.0,767.0,181200.0,2026-08-19 14:38:39.026915,10.0,771.06,,,,,,,,,,,,,,7,"price_volume, live_market, summary, top_gainers, top_losers, nepse_index, supply_demand",5631
2026-08-19T14:39:52.340992+05:45,2026-08-19 14:39:52,live_market,live_market_37,True,cloud_automated,Wednesday - Trading Hours: 11:00 AM - 3:00 PM NPT,2811,Mountain Hydro Nepal Limited,MHNL,58.0,9845.0,240.0,-0.79,241.9,,236.6,243.0,236.5,2365113.0,2026-08-19 14:38:38.990266,200.0,240.23,,,,,,,,,,,,,,7,"price_volume, live_market, summary, top_gainers, top_losers, nepse_index, supply_demand",5631
2026-08-19T14:39:52.340992+05:45,2026-08-19 14:39:52,live_market,live_market_38,True,cloud_automated,Wednesday - Trading Hours: 11:00 AM - 3:00 PM NPT,2904,10% Prabhu Bank Debenture 2084 ,PBLD84,58.0,255.0,1070.0,0.0,1070.0,,1070.0,1071.0,1065.0,272650.0,2026-08-19 14:38:38.601392,100.0,1069.22,,,,,,,,,,,,,,7,"price_volume, live_market, summary, top_gainers, top_losers, nepse_index, supply_demand",5631
2026-08-19T14:39:52.340992+05:45,2026-08-19 14:39:52,live_market,live_market_39,True,cloud_automated,Wednesday - Trading Hours: 11:00 AM - 3:00 PM NPT,2788,Ankhu Khola Jalvidhyut Company Ltd,AKJCL,58.0,128703.0,353.0,1.12,349.1,,350.0,357.9,348.3,45351825.8,2026-08-19 14:38:34.85294,300.0,352.38,,,,,,,,,,,,,,7,"price_volume, live_market, summary, top_gainers, top_losers, nepse_index, supply_demand",5631
2026-08-19T14:39:52.340992+05:45,2026-08-19 14:39:52,live_market,live_market_40,True,cloud_automated,Wednesday - Trading Hours: 11:00 AM - 3:00 PM NPT,2761,Samata Gharelu Laghubitta Bittiya Sanstha Limited,SMATA,58.0,2841.0,707.0,-0.42,710.0,,711.0,711.0,707.0,2011672.9,2026-08-19 14:38:34.578608,34.0,708.09,,,,,,,,,,,,,,7,"price_volume, live_market, summary, top_gainers, top_losers, nepse_index, supply_demand",5631
2026-08-19T14:39:52.340992+05:45,2026-08-19 14:39:52,live_market,live_market_41,True,cloud_automated,Wednesday - Trading Hours: 11:00 AM - 3:00 PM NPT,9348,Siddhartha Equity Fund 2,SEF2,58.0,7650.0,9.02,-0.11,9.03,,9.01,9.29,8.8,69400.5,2026-08-19 14:38:34.07167,100.0,9.07,,,,,,,,,,,,,,7,"price_volume, live_market, summary, top_gainers, top_losers, nepse_index, supply_demand",5631
2026-08-19T14:39:52.340992+05:45,2026-08-19 14:39:52,live_market,live_market_42,True,cloud_automated,Wednesday - Trading Hours: 11:00 AM - 3:00 PM NPT,9351,Reliable Samriddhi Yojana -2,RSY2,58.0,10950.0,9.15,2.58,8.92,,8.9,9.27,8.8,99825.5,2026-08-19 14:38:33.250972,100.0,9.12,,,,,,,,,,,,,,7,"price_volume, live_market, summary, top_gainers, top_losers, nepse_index, supply_demand",5631
2026-08-19T14:39:52.340992+05:45,2026-08-19 14:39:52,live_market,live_market_43,True,cloud_automated,Wednesday - Trading Hours: 11:00 AM - 3:00 PM NPT,348,Citizens Bank International Limited,CZBIL,58.0,37231.0,199.0,-0.3,199.6,,198.1,203.0,198.1,7405738.7,2026-08-19 14:38:33.197039,29.0,198.91,,,,,,,,,,,,,,7,"price_volume, live_market, summary, top_gainers, top_losers, nepse_index, supply_demand",5631
2026-08-19T14:39:52.340992+05:45,2026-08-19 14:39:52,live_market,live_market_44,True,cloud_automated,Wednesday - Trading Hours: 11:00 AM - 3:00 PM NPT,2880,Himal Dolakha Hydropower Company Limited,HDHPC,58.0,48550.0,207.7,0.1,207.5,,207.5,209.0,205.1,10094864.3,2026-08-19 14:38:33.144207,120.0,207.93,,,,,,,,,,,,,,7,"price_volume, live_market, summary, top_gainers, top_losers, nepse_index, supply_demand",5631
2026-08-19T14:39:52.340992+05:45,2026-08-19 14:39:52,live_market,live_market_45,True,cloud_automated,Wednesday - Trading Hours: 11:00 AM - 3:00 PM NPT,9170,Dolti Power Company Limited,DOLTI,58.0,16753.0,311.3,-0.54,313.0,,314.0,314.0,308.0,5193170.1,2026-08-19 14:38:32.273599,10.0,309.98,,,,,,,,,,,,,,7,"price_volume, live_market, summary, top_gainers, top_losers, nepse_index, supply_demand",5631
2026-08-19T14:39:52.340992+05:45,2026-08-19 14:39:52,live_market,live_market_46,True,cloud_automated,Wednesday - Trading Hours: 11:00 AM - 3:00 PM NPT,610,Ridi Power Company Limited,RIDI,58.0,200592.0,361.0,0.39,359.6,,357.0,366.0,356.0,72330718.8,2026-08-19 14:38:31.907109,460.0,360.59,,,,,,,,,,,,,,7,"price_volume, live_market, summary, top_gainers, top_losers, nepse_index, supply_demand",5631
2026-08-19T14:39:52.340992+05:45,2026-08-19 14:39:52,live_market,live_market_47,True,cloud_automated,Wednesday - Trading Hours: 11:00 AM - 3:00 PM NPT,393,Himalayan Life Insurance Limited,HLI,58.0,10855.0,315.0,-0.16,315.5,,315.0,317.0,313.2,3422259.0,2026-08-19 14:38:31.217526,74.0,315.27,,,,,,,,,,,,,,7,"price_volume, live_market, summary, top_gainers, top_losers, nepse_index, supply_demand",5631
2026-08-19T14:39:52.340992+05:45,2026-08-19 14:39:52,live_market,live_market_48,True,cloud_automated,Wednesday - Trading Hours: 11:00 AM - 3:00 PM NPT,2751,Khanikhola Hydropower Co. Ltd.,KKHC,58.0,279278.0,292.9,-2.04,299.0,,284.1,296.8,284.1,80672090.9,2026-08-19 14:38:30.84592,70.0,288.86,,,,,,,,,,,,,,7,"price_volume, live_market, summary, top_gainers, top_losers, nepse_index, supply_demand",5631
2026-08-19T14:39:52.340992+05:45,2026-08-19 14:39:52,live_market,live_market_49,True,cloud_automated,Wednesday - Trading Hours: 11:00 AM - 3:00 PM NPT,9290,HLI Large Cap Fund,HLICF,58.0,2300.0,8.61,-1.03,8.7,,8.44,8.61,8.25,19481.0,2026-08-19 14:38:30.71808,500.0,8.47,,,,,,,,,,,,,,7,"price_volume, live_market, summary, top_gainers, top_losers, nepse_index, supply_demand",5631
2026-08-19T14:39:52.340992+05:45,2026-08-19 14:39:52,live_market,live_market_50,True,cloud_automated,Wednesday - Trading Hours: 11:00 AM - 3:00 PM NPT,9263,Sanvi Energy Limited,SANVI,58.0,2119.0,594.0,-0.97,599.8,,592.0,597.0,582.0,1247055.8,2026-08-19 14:38:29.777622,10.0,588.51,,,,,,,,,,,,,,7,"price_volume, live_market, summary, top_gainers, top_losers, nepse_index, supply_demand",5631
2026-08-19T14:39:52.340992+05:45,2026-08-19 14:39:52,live_market,live_market_51,True,cloud_automated,Wednesday - Trading Hours: 11:00 AM - 3:00 PM NPT,2908,Sanima GIC Insurance Limited,SGIC,58.0,2356.0,448.0,0.29,446.7,,444.1,448.0,444.1,1052204.4,2026-08-19 14:38:29.191474,200.0,446.61,,,,,,,,,,,,,,7,"price_volume, live_market, summary, top_gainers, top_losers, nepse_index, supply_demand",5631
2026-08-19T14:39:52.340992+05:45,2026-08-19 14:39:52,live_market,live_market_52,True,cloud_automated,Wednesday - Trading Hours: 11:00 AM - 3:00 PM NPT,8104,Upper Solu Hydro Electric Company Limited,USHEC,58.0,2770.0,498.8,-0.24,500.0,,495.2,500.0,495.2,1381252.0,2026-08-19 14:38:29.047174,410.0,498.65,,,,,,,,,,,,,,7,"price_volume, live_market, summary, top_gainers, top_losers, nepse_index, supply_demand",5631
2026-08-19T14:39:52.340992+05:45,2026-08-19 14:39:52,live_market,live_market_53,True,cloud_automated,Wednesday - Trading Hours: 11:00 AM - 3:00 PM NPT,9343,Taksar Pikhuwa Khola Hydropower Limited,TPKHL,58.0,20061.0,556.6,-0.61,560.0,,533.5,564.0,533.5,11190222.5,2026-08-19 14:38:28.84484,10.0,557.81,,,,,,,,,,,,,,7,"price_volume, live_market, summary, top_gainers, top_losers, nepse_index, supply_demand",5631
2026-08-19T14:39:52.340992+05:45,2026-08-19 14:39:52,live_market,live_market_54,True,cloud_automated,Wednesday - Trading Hours: 11:00 AM - 3:00 PM NPT,450,Corporate Development Bank Limited,CORBL,58.0,7975.0,1016.2,-0.33,1019.6,,1027.0,1027.0,1010.0,8123371.8,2026-08-19 14:38:28.46487,17.0,1018.6,,,,,,,,,,,,,,7,"price_volume, live_market, summary, top_gainers, top_losers, nepse_index, supply_demand",5631
2026-08-19T14:39:52.340992+05:45,2026-08-19 14:39:52,live_market,live_market_55,True,cloud_automated,Wednesday - Trading Hours: 11:00 AM - 3:00 PM NPT,8055,Balephi Hydropower Limited,BHL,58.0,27655.0,208.7,0.53,207.6,,208.0,209.9,206.4,5755549.6,2026-08-19 14:38:27.529199,250.0,208.12,,,,,,,,,,,,,,7,"price_volume, live_market, summary, top_gainers, top_losers, nepse_index, supply_demand",5631
2026-08-19T14:39:52.340992+05:45,2026-08-19 14:39:52,live_market,live_market_56,True,cloud_automated,Wednesday - Trading Hours: 11:00 AM - 3:00 PM NPT,187,Nepal Life Insurance Co. Ltd.,NLIC,58.0,26807.0,718.0,-0.55,722.0,,722.0,727.0,715.0,19236241.4,2026-08-19 14:38:26.906708,105.0,717.58,,,,,,,,,,,,,,7,"price_volume, live_market, summary, top_gainers, top_losers, nepse_index, supply_demand",5631
2026-08-19T14:39:52.340992+05:45,2026-08-19 14:39:52,live_market,live_market_57,True,cloud_automated,Wednesday - Trading Hours: 11:00 AM - 3:00 PM NPT,9323,Super Khudi Hydropower Limited,SKHL,58.0,14669.0,810.0,-2.41,830.0,,871.5,871.5,807.0,11903155.4,2026-08-19 14:38:26.010596,16.0,811.45,,,,,,,,,,,,,,7,"price_volume, live_market, summary, top_gainers, top_losers, nepse_index, supply_demand",5631
2026-08-19T14:39:52.340992+05:45,2026-08-19 14:39:52,live_market,live_market_58,True,cloud_automated,Wednesday - Trading Hours: 11:00 AM - 3:00 PM NPT,9303,SY Panel Nepal Limited,SYPNL,58.0,18115.0,1284.0,-0.47,1290.0,,1225.5,1300.0,1225.5,23225370.5,2026-08-19 14:38:25.377798,20.0,1282.11,,,,,,,,,,,,,,7,"price_volume, live_market, summary, top_gainers, top_losers, nepse_index, supply_demand",5631
2026-08-19T14:39:52.340992+05:45,2026-08-19 14:39:52,live_market,live_market_59,True,cloud_automated,Wednesday - Trading Hours: 11:00 AM - 3:00 PM NPT,2898,NRN Infrastructure and Development Limited,NRN,58.0,21917.0,1379.0,0.44,1373.0,,1371.0,1384.9,1369.0,30175981.2,2026-08-19 14:38:24.851098,281.0,1376.83,,,,,,,,,,,,,,7,"price_volume, live_market, summary, top_gainers, top_losers, nepse_index, supply_demand",5631
2026-08-19T14:39:52.340992+05:45,2026-08-19 14:39:52,live_market,live_market_60,True,cloud_automated,Wednesday - Trading Hours: 11:00 AM - 3:00 PM NPT,8076,Himalayan Hydropower Limited,HHL,58.0,12893.0,330.9,-0.6,332.9,,329.2,333.9,327.1,4250757.6,2026-08-19 14:38:22.814936,30.0,329.69,,,,,,,,,,,,,,7,"price_volume, live_market, summary, top_gainers, top_losers, nepse_index, supply_demand",5631
2026-08-19T14:39:52.340992+05:45,2026-08-19 14:39:52,live_market,live_market_61,True,cloud_automated,Wednesday - Trading Hours: 11:00 AM - 3:00 PM NPT,273,ICFC Finance Limited,ICFC,58.0,3994.0,591.7,-0.35,593.8,,591.0,597.0,590.1,2365986.4,2026-08-19 14:38:22.229152,100.0,592.39,,,,,,,,,,,,,,7,"price_volume, live_market, summary, top_gainers, top_losers, nepse_index, supply_demand",5631
2026-08-19T14:39:52.340992+05:45,2026-08-19 14:39:52,live_market,live_market_62,True,cloud_automated,Wednesday - Trading Hours: 11:00 AM - 3:00 PM NPT,341,Global IME Bank Limited,GBIME,58.0,77233.0,247.9,1.18,245.0,,252.0,252.0,244.0,18979052.8,2026-08-19 14:38:21.40109,10.0,245.74,,,,,,,,,,,,,,7,"price_volume, live_market, summary, top_gainers, top_losers, nepse_index, supply_demand",5631
2026-08-19T14:39:52.340992+05:45,2026-08-19 14:39:52,live_market,live_market_63,True,cloud_automated,Wednesday - Trading Hours: 11:00 AM - 3:00 PM NPT,2934,Singati Hydro Energy Limited,SHEL,58.0,99020.0,295.0,-1.07,298.2,,298.2,300.0,295.0,29301212.3,2026-08-19 14:38:21.276527,5047.0,295.91,,,,,,,,,,,,,,7,"price_volume, live_market, summary, top_gainers, top_losers, nepse_index, supply_demand",5631
2026-08-19T14:39:52.340992+05:45,2026-08-19 14:39:52,live_market,live_market_64,True,cloud_automated,Wednesday - Trading Hours: 11:00 AM - 3:00 PM NPT,9336,Sopan Pharmaceuticals Limited,SOPL,58.0,16604.0,779.0,-0.51,783.0,,780.0,785.0,775.2,12953142.3,2026-08-19 14:38:19.193563,10.0,780.12,,,,,,,,,,,,,,7,"price_volume, live_market, summary, top_gainers, top_losers, nepse_index, supply_demand",5631
2026-08-19T14:39:52.340992+05:45,2026-08-19 14:39:52,live_market,live_market_65,True,cloud_automated,Wednesday - Trading Hours: 11:00 AM - 3:00 PM NPT,8031,Madhya Bhotekoshi Jalavidyut Company Limited,MBJC,58.0,7582.0,263.2,-0.15,263.6,,260.0,267.7,260.0,2001385.0,2026-08-19 14:38:18.493814,10.0,263.97,,,,,,,,,,,,,,7,"price_volume, live_market, summary, top_gainers, top_losers, nepse_index, supply_demand",5631
2026-08-19T14:39:52.340992+05:45,2026-08-19 14:39:52,live_market,live_market_66,True,cloud_automated,Wednesday - Trading Hours: 11:00 AM - 3:00 PM NPT,2792,Upper Tamakoshi Hydropower Ltd,UPPER,58.0,53004.0,191.0,0.26,190.5,,190.1,193.0,189.6,10090636.1,2026-08-19 14:38:17.013906,300.0,190.37,,,,,,,,,,,,,,7,"price_volume, live_market, summary, top_gainers, top_losers, nepse_index, supply_demand",5631
2026-08-19T14:39:52.340992+05:45,2026-08-19 14:39:52,live_market,live_market_67,True,cloud_automated,Wednesday - Trading Hours: 11:00 AM - 3:00 PM NPT,139,NIC Asia Bank Ltd.,NICA,58.0,44975.0,315.8,0.25,315.0,,316.0,317.3,315.0,14197005.4,2026-08-19 14:38:17.00907,186.0,315.66,,,,,,,,,,,,,,7,"price_volume, live_market, summary, top_gainers, top_losers, nepse_index, supply_demand",5631
2026-08-19T14:39:52.340992+05:45,2026-08-19 14:39:52,live_market,live_market_68,True,cloud_automated,Wednesday - Trading Hours: 11:00 AM - 3:00 PM NPT,8119,10.50% Everest Bank Limited Debenture 2085,EBLD85,58.0,7.0,1100.1,0.0,1100.1,,1100.1,1100.1,1100.1,7881.5,2026-08-19 14:38:16.596753,2.0,1125.93,,,,,,,,,,,,,,7,"price_volume, live_market, summary, top_gainers, top_losers, nepse_index, supply_demand",5631
2026-08-19T14:39:52.340992+05:45,2026-08-19 14:39:52,live_market,live_market_69,True,cloud_automated,Wednesday - Trading Hours: 11:00 AM - 3:00 PM NPT,8074,Kumari Dhanabriddhi Yojana,KDBY,58.0,69610.0,11.07,0.18,11.05,,11.1,11.15,11.01,772066.4,2026-08-19 14:38:15.627655,100.0,11.09,,,,,,,,,,,,,,7,"price_volume, live_market, summary, top_gainers, top_losers, nepse_index, supply_demand",5631
2026-08-19T14:39:52.340992+05:45,2026-08-19 14:39:52,live_market,live_market_70,True,cloud_automated,Wednesday - Trading Hours: 11:00 AM - 3:00 PM NPT,9181,Rawa Energy Development Limited,RAWA,58.0,3494.0,422.8,-0.19,423.6,,420.0,425.0,420.0,1473455.1,2026-08-19 14:38:15.421478,100.0,421.71,,,,,,,,,,,,,,7,"price_volume, live_market, summary, top_gainers, top_losers, nepse_index, supply_demand",5631
2026-08-19T14:39:52.340992+05:45,2026-08-19 14:39:52,live_market,live_market_71,True,cloud_automated,Wednesday - Trading Hours: 11:00 AM - 3:00 PM NPT,9300,Jhapa Energy Limited,JHAPA,58.0,1791.0,1049.0,-1.04,1060.0,,1065.0,1065.0,1037.0,1879317.7,2026-08-19 14:38:14.31433,10.0,1049.31,,,,,,,,,,,,,,7,"price_volume, live_market, summary, top_gainers, top_losers, nepse_index, supply_demand",5631
2026-08-19T14:39:52.340992+05:45,2026-08-19 14:39:52,live_market,live_market_72,True,cloud_automated,Wednesday - Trading Hours: 11:00 AM - 3:00 PM NPT,9347,Everest Colour Limited,ECL,58.0,9898.0,1433.0,-2.52,1470.0,,1397.0,1470.0,1397.0,14266390.6,2026-08-19 14:38:12.603627,10.0,1441.34,,,,,,,,,,,,,,7,"price_volume, live_market, summary, top_gainers, top_losers, nepse_index, supply_demand",5631
2026-08-19T14:39:52.340992+05:45,2026-08-19 14:39:52,live_market,live_market_73,True,cloud_automated,Wednesday - Trading Hours: 11:00 AM - 3:00 PM NPT,9334,Kalinchock Hydropower Limited,KHPL,58.0,5320.0,788.0,0.24,786.1,,788.0,800.0,776.1,4192165.0,2026-08-19 14:38:11.884274,70.0,788.0,,,,,,,,,,,,,,7,"price_volume, live_market, summary, top_gainers, top_losers, nepse_index, supply_demand",5631
2026-08-19T14:39:52.340992+05:45,2026-08-19 14:39:52,live_market,live_market_74,True,cloud_automated,Wednesday - Trading Hours: 11:00 AM - 3:00 PM NPT,8021,Sahas Urja Limited,SAHAS,58.0,152337.0,688.0,0.5,684.6,,684.6,691.0,681.0,104485160.7,2026-08-19 14:38:11.814165,218.0,685.88,,,,,,,,,,,,,,7,"price_volume, live_market, summary, top_gainers, top_losers, nepse_index, supply_demand",5631
2026-08-19T14:39:52.340992+05:45,2026-08-19 14:39:52,live_market,live_market_75,True,cloud_automated,Wednesday - Trading Hours: 11:00 AM - 3:00 PM NPT,132,Nepal Investment Mega Bank Limited,NIMB,58.0,69857.0,187.5,0.27,187.0,,187.0,188.1,185.2,13039014.1,2026-08-19 14:38:08.99892,30.0,186.65,,,,,,,,,,,,,,7,"price_volume, live_market, summary, top_gainers, top_losers, nepse_index, supply_demand",5631
2026-08-19T14:39:52.340992+05:45,2026-08-19 14:39:52,live_market,live_market_76,True,cloud_automated,Wednesday - Trading Hours: 11:00 AM - 3:00 PM NPT,9156,Sanima Middle Tamor Hydropower Limited,TAMOR,58.0,54838.0,461.2,1.36,455.0,,455.0,465.9,454.1,25376673.5,2026-08-19 14:38:07.100523,55.0,462.76,,,,,,,,,,,,,,7,"price_volume, live_market, summary, top_gainers, top_losers, nepse_index, supply_demand",5631
2026-08-19T14:39:52.340992+05:45,2026-08-19 14:39:52,live_market,live_market_77,True,cloud_automated,Wednesday - Trading Hours: 11:00 AM - 3:00 PM NPT,9270,Him Star Urja Company Limited,HIMSTAR,58.0,2400.0,687.0,-1.58,698.0,,680.1,698.9,680.1,1652352.0,2026-08-19 14:38:06.114926,20.0,688.48,,,,,,,,,,,,,,7,"price_volume, live_market, summary, top_gainers, top_losers, nepse_index, supply_demand",5631
2026-08-19T14:39:52.340992+05:45,2026-08-19 14:39:52,live_market,live_market_78,True,cloud_automated,Wednesday - Trading Hours: 11:00 AM - 3:00 PM NPT,9184,IME Life Insurance Company Limited,ILI,58.0,2490.0,411.0,-0.48,413.0,,415.0,415.0,408.1,1024261.0,2026-08-19 14:38:05.153598,10.0,411.35,,,,,,,,,,,,,,7,"price_volume, live_market, summary, top_gainers, top_losers, nepse_index, supply_demand",5631
2026-08-19T14:39:52.340992+05:45,2026-08-19 14:39:52,live_market,live_market_79,True,cloud_automated,Wednesday - Trading Hours: 11:00 AM - 3:00 PM NPT,686,Barun Hydropower Co. Ltd.,BARUN,58.0,11725.0,315.0,-0.63,317.0,,323.9,323.9,315.0,3720884.7,2026-08-19 14:38:04.785552,10.0,317.35,,,,,,,,,,,,,,7,"price_volume, live_market, summary, top_gainers, top_losers, nepse_index, supply_demand",5631
2026-08-19T14:39:52.340992+05:45,2026-08-19 14:39:52,live_market,live_market_80,True,cloud_automated,Wednesday - Trading Hours: 11:00 AM - 3:00 PM NPT,8122,People's Power Limited,PPL,58.0,11739.0,313.0,-1.26,317.0,,301.2,316.0,301.2,3662078.3,2026-08-19 14:38:03.486101,250.0,311.96,,,,,,,,,,,,,,7,"price_volume, live_market, summary, top_gainers, top_losers, nepse_index, supply_demand",5631
2026-08-19T14:39:52.340992+05:45,2026-08-19 14:39:52,live_market,live_market_81,True,cloud_automated,Wednesday - Trading Hours: 11:00 AM - 3:00 PM NPT,9342,Yambaling Hydropower Limited,YMHL,58.0,9196.0,631.5,-0.86,637.0,,620.0,659.0,620.0,5822440.0,2026-08-19 14:38:03.383565,10.0,633.15,,,,,,,,,,,,,,7,"price_volume, live_market, summary, top_gainers, top_losers, nepse_index, supply_demand",5631
2026-08-19T14:39:52.340992+05:45,2026-08-19 14:39:52,live_market,live_market_82,True,cloud_automated,Wednesday - Trading Hours: 11:00 AM - 3:00 PM NPT,2748,RSDC Laghubitta Bittiya Sanstha Ltd.,RSDC,58.0,1978.0,628.3,-0.74,633.0,,630.0,639.9,620.0,1238328.5,2026-08-19 14:38:02.903942,10.0,626.05,,,,,,,,,,,,,,7,"price_volume, live_market, summary, top_gainers, top_losers, nepse_index, supply_demand",5631
2026-08-19T14:39:52.340992+05:45,2026-08-19 14:39:52,live_market,live_market_83,True,cloud_automated,Wednesday - Trading Hours: 11:00 AM - 3:00 PM NPT,2786,Panchakanya Mai Hydropower Ltd,PMHPL,58.0,7696.0,307.0,-0.9,309.8,,305.0,311.9,300.0,2320762.9,2026-08-19 14:37:59.99266,10.0,301.55,,,,,,,,,,,,,,7,"price_volume, live_market, summary, top_gainers, top_losers, nepse_index, supply_demand",5631
2026-08-19T14:39:52.340992+05:45,2026-08-19 14:39:52,live_market,live_market_84,True,cloud_automated,Wednesday - Trading Hours: 11:00 AM - 3:00 PM NPT,9352,Mount Everest Power Development Limited,MEPDL,58.0,2760.0,693.6,14.99,603.2,,633.0,693.6,633.0,1913070.0,2026-08-19 14:37:56.167953,10.0,693.14,,,,,,,,,,,,,,7,"price_volume, live_market, summary, top_gainers, top_losers, nepse_index, supply_demand",5631
2026-08-19T14:39:52.340992+05:45,2026-08-19 14:39:52,live_market,live_market_85,True,cloud_automated,Wednesday - Trading Hours: 11:00 AM - 3:00 PM NPT,131,Nabil Bank Limited,NABIL,58.0,91812.0,549.9,-0.02,550.0,,556.0,556.0,545.0,50370821.9,2026-08-19 14:37:54.971342,10.0,548.63,,,,,,,,,,,,,,7,"price_volume, live_market, summary, top_gainers, top_losers, nepse_index, supply_demand",5631
2026-08-19T14:39:52.340992+05:45,2026-08-19 14:39:52,live_market,live_market_86,True,cloud_automated,Wednesday - Trading Hours: 11:00 AM - 3:00 PM NPT,255,Prabhu  Bank Limited,PRVU,58.0,171927.0,181.8,0.0,181.8,,181.0,183.2,180.0,31096824.4,2026-08-19 14:37:54.096595,125.0,180.87,,,,,,,,,,,,,,7,"price_volume, live_market, summary, top_gainers, top_losers, nepse_index, supply_demand",5631
2026-08-19T14:39:52.340992+05:45,2026-08-19 14:39:52,live_market,live_market_87,True,cloud_automated,Wednesday - Trading Hours: 11:00 AM - 3:00 PM NPT,574,Sana Kisan Bikas Laghubitta Bittiya Sanstha Limited,SKBBL,58.0,15519.0,750.0,-0.4,753.0,,760.0,760.0,741.3,11611098.5,2026-08-19 14:37:52.638253,12.0,748.19,,,,,,,,,,,,,,7,"price_volume, live_market, summary, top_gainers, top_losers, nepse_index, supply_demand",5631
2026-08-19T14:39:52.340992+05:45,2026-08-19 14:39:52,live_market,live_market_88,True,cloud_automated,Wednesday - Trading Hours: 11:00 AM - 3:00 PM NPT,371,Miteri Development Bank Limited,MDB,58.0,3305.0,570.0,-1.55,579.0,,568.0,572.9,568.0,1882476.6,2026-08-19 14:37:50.861379,35.0,569.58,,,,,,,,,,,,,,7,"price_volume, live_market, summary, top_gainers, top_losers, nepse_index, supply_demand",5631
2026-08-19T14:39:52.340992+05:45,2026-08-19 14:39:52,live_market,live_market_89,True,cloud_automated,Wednesday - Trading Hours: 11:00 AM - 3:00 PM NPT,9337,Appolo Hydropower Limited,APHL,58.0,5085.0,747.8,-0.35,750.4,,750.4,755.0,734.0,3790745.3,2026-08-19 14:37:48.124424,10.0,745.48,,,,,,,,,,,,,,7,"price_volume, live_market, summary, top_gainers, top_losers, nepse_index, supply_demand",5631
2026-08-19T14:39:52.340992+05:45,2026-08-19 14:39:52,live_market,live_market_90,True,cloud_automated,Wednesday - Trading Hours: 11:00 AM - 3:00 PM NPT,238,NMB Bank Limited,NMB,58.0,38773.0,238.0,-0.42,239.0,,239.0,239.8,236.0,9211168.5,2026-08-19 14:37:47.783399,1505.0,237.57,,,,,,,,,,,,,,7,"price_volume, live_market, summary, top_gainers, top_losers, nepse_index, supply_demand",5631
2026-08-19T14:39:52.340992+05:45,2026-08-19 14:39:52,live_market,live_market_91,True,cloud_automated,Wednesday - Trading Hours: 11:00 AM - 3:00 PM NPT,2896,Sampada Laghubitta Bittiya Sanstha Limited,SMPDA,58.0,628.0,741.0,0.82,735.0,,740.0,741.0,733.0,464463.0,2026-08-19 14:37:46.133501,80.0,739.59,,,,,,,,,,,,,,7,"price_volume, live_market, summary, top_gainers, top_losers, nepse_index, supply_demand",5631
2026-08-19T14:39:52.340992+05:45,2026-08-19 14:39:52,live_market,live_market_92,True,cloud_automated,Wednesday - Trading Hours: 11:00 AM - 3:00 PM NPT,9297,Bandipur Cablecar and Tourism Limited,BANDIPUR,58.0,11788.0,684.2,-0.26,686.0,,686.0,689.0,675.0,8052108.4,2026-08-19 14:37:46.090389,10.0,683.08,,,,,,,,,,,,,,7,"price_volume, live_market, summary, top_gainers, top_losers, nepse_index, supply_demand",5631
2026-08-19T14:39:52.340992+05:45,2026-08-19 14:39:52,live_market,live_market_93,True,cloud_automated,Wednesday - Trading Hours: 11:00 AM - 3:00 PM NPT,9173,City Hotel Limited,CITY,58.0,43120.0,361.8,1.01,358.2,,361.0,363.0,357.2,15534427.2,2026-08-19 14:37:44.825104,930.0,360.26,,,,,,,,,,,,,,7,"price_volume, live_market, summary, top_gainers, top_losers, nepse_index, supply_demand",5631
2026-08-19T14:39:52.340992+05:45,2026-08-19 14:39:52,live_market,live_market_94,True,cloud_automated,Wednesday - Trading Hours: 11:00 AM - 3:00 PM NPT,9296,Bungal Hydro Limited,BUNGAL,58.0,17778.0,600.0,0.86,594.9,,581.0,605.0,581.0,10600958.8,2026-08-19 14:37:44.092351,300.0,596.3,,,,,,,,,,,,,,7,"price_volume, live_market, summary, top_gainers, top_losers, nepse_index, supply_demand",5631
2026-08-19T14:39:52.340992+05:45,2026-08-19 14:39:52,live_market,live_market_95,True,cloud_automated,Wednesday - Trading Hours: 11:00 AM - 3:00 PM NPT,9161,Aatmanirbhar Laghubitta Bittiya Sanstha Limited,ANLB,58.0,837.0,5061.0,-3.14,5225.0,,5100.0,5237.0,5061.0,4281607.5,2026-08-19 14:37:43.895068,15.0,5115.42,,,,,,,,,,,,,,7,"price_volume, live_market, summary, top_gainers, top_losers, nepse_index, supply_demand",5631
2026-08-19T14:39:52.340992+05:45,2026-08-19 14:39:52,live_market,live_market_96,True,cloud_automated,Wednesday - Trading Hours: 11:00 AM - 3:00 PM NPT,3946,CEDB Holdings Limited,CHDC,58.0,6919.0,2189.0,-0.32,2196.0,,2179.3,2200.0,2179.3,15154687.3,2026-08-19 14:37:42.795265,579.0,2190.3,,,,,,,,,,,,,,7,"price_volume, live_market, summary, top_gainers, top_losers, nepse_index, supply_demand",5631
2026-08-19T14:39:52.340992+05:45,2026-08-19 14:39:52,live_market,live_market_97,True,cloud_automated,Wednesday - Trading Hours: 11:00 AM - 3:00 PM NPT,8133,Peoples Hydropower Company Limited,PHCL,58.0,59640.0,299.5,0.5,298.0,,296.1,302.9,295.0,17857007.2,2026-08-19 14:37:41.540672,320.0,299.41,,,,,,,,,,,,,,7,"price_volume, live_market, summary, top_gainers, top_losers, nepse_index, supply_demand",5631
2026-08-19T14:39:52.340992+05:45,2026-08-19 14:39:52,live_market,live_market_98,True,cloud_automated,Wednesday - Trading Hours: 11:00 AM - 3:00 PM NPT,9203,Manakamana Engineering Hydropower Limited,MEHL,58.0,447495.0,260.0,-8.09,282.9,,269.0,275.0,240.5,111864549.3,2026-08-19 14:37:40.983232,13.0,249.98,,,,,,,,,,,,,,7,"price_volume, live_market, summary, top_gainers, top_losers, nepse_index, supply_demand",5631
2026-08-19T14:39:52.340992+05:45,2026-08-19 14:39:52,live_market,live_market_99,True,cloud_automated,Wednesday - Trading Hours: 11:00 AM - 3:00 PM NPT,2907,Shiva Shree Hydropower Ltd,SSHL,58.0,32551.0,201.6,0.8,200.0,,200.1,203.0,198.1,6513548.2,2026-08-19 14:37:40.981293,10.0,200.1,,,,,,,,,,,,,,7,"price_volume, live_market, summary, top_gainers, top_losers, nepse_index, supply_demand",5631
2026-08-19T14:39:52.340992+05:45,2026-08-19 14:39:52,live_market,live_market_100,True,cloud_automated,Wednesday - Trading Hours: 11:00 AM - 3:00 PM NPT,9217,Mathillo Mailun Khola Jalvidhyut Limited,MMKJL,58.0,2635.0,440.2,-3.25,455.0,,455.0,468.0,440.2,1185815.0,2026-08-19 14:37:40.69682,10.0,450.02,,,,,,,,,,,,,,7,"price_volume, live_market, summary, top_gainers, top_losers, nepse_index, supply_demand",5631
2026-08-19T14:39:52.340992+05:45,2026-08-19 14:39:52,live_market,live_market_101,True,cloud_automated,Wednesday - Trading Hours: 11:00 AM - 3:00 PM NPT,385,Asian Life Insurance Co. Limited,ALICL,58.0,3072.0,417.0,0.48,415.0,,419.9,419.9,416.0,1281458.0,2026-08-19 14:37:38.776532,200.0,417.14,,,,,,,,,,,,,,7,"price_volume, live_market, summary, top_gainers, top_losers, nepse_index, supply_demand",5631
2026-08-19T14:39:52.340992+05:45,2026-08-19 14:39:52,live_market,live_market_102,True,cloud_automated,Wednesday - Trading Hours: 11:00 AM - 3:00 PM NPT,8041,NESDO Sambridha Laghubitta Bittiya Sanstha Limited,NESDO,58.0,450.0,1391.5,-1.45,1412.0,,1407.0,1407.0,1390.1,627499.5,2026-08-19 14:37:37.093764,1.0,1394.44,,,,,,,,,,,,,,7,"price_volume, live_market, summary, top_gainers, top_losers, nepse_index, supply_demand",5631
2026-08-19T14:39:52.340992+05:45,2026-08-19 14:39:52,live_market,live_market_103,True,cloud_automated,Wednesday - Trading Hours: 11:00 AM - 3:00 PM NPT,2767,Himalayan Power Partner Ltd.,HPPL,58.0,20421.0,379.2,-0.21,380.0,,373.0,379.7,373.0,7690632.0,2026-08-19 14:37:36.29856,29.0,376.6,,,,,,,,,,,,,,7,"price_volume, live_market, summary, top_gainers, top_losers, nepse_index, supply_demand",5631
2026-08-19T14:39:52.340992+05:45,2026-08-19 14:39:52,live_market,live_market_104,True,cloud_automated,Wednesday - Trading Hours: 11:00 AM - 3:00 PM NPT,9213,Hathway Investment Nepal Limited,HATHY,58.0,18324.0,603.4,-2.5,618.9,,618.5,618.5,595.0,11043284.0,2026-08-19 14:37:36.253112,27.0,602.67,,,,,,,,,,,,,,7,"price_volume, live_market, summary, top_gainers, top_losers, nepse_index, supply_demand",5631
2026-08-19T14:39:52.340992+05:45,2026-08-19 14:39:52,live_market,live_market_105,True,cloud_automated,Wednesday - Trading Hours: 11:00 AM - 3:00 PM NPT,2915,Prabhu Mahalaxmi Life Insurance Limited,PMLI,58.0,4122.0,423.0,-1.47,429.3,,407.9,428.0,407.9,1743611.9,2026-08-19 14:37:36.161183,3.0,423.0,,,,,,,,,,,,,,7,"price_volume, live_market, summary, top_gainers, top_losers, nepse_index, supply_demand",5631
2026-08-19T14:39:52.340992+05:45,2026-08-19 14:39:52,live_market,live_market_106,True,cloud_automated,Wednesday - Trading Hours: 11:00 AM - 3:00 PM NPT,9262,Trade Tower Limited,TTL,58.0,2306.0,707.2,0.31,705.0,,697.0,718.0,697.0,1632344.9,2026-08-19 14:37:35.284246,25.0,707.87,,,,,,,,,,,,,,7,"price_volume, live_market, summary, top_gainers, top_losers, nepse_index, supply_demand",5631
2026-08-19T14:39:52.340992+05:45,2026-08-19 14:39:52,live_market,live_market_107,True,cloud_automated,Wednesday - Trading Hours: 11:00 AM - 3:00 PM NPT,459,Kamana Sewa Bikas Bank Limited,KSBBL,58.0,8455.0,476.0,0.21,475.0,,476.9,477.0,469.4,3986664.2,2026-08-19 14:37:31.630613,150.0,471.52,,,,,,,,,,,,,,7,"price_volume, live_market, summary, top_gainers, top_losers, nepse_index, supply_demand",5631
2026-08-19T14:39:52.340992+05:45,2026-08-19 14:39:52,live_market,live_market_108,True,cloud_automated,Wednesday - Trading Hours: 11:00 AM - 3:00 PM NPT,2766,Chhyangdi Hydropower Ltd.,CHL,58.0,5145.0,263.0,0.04,262.9,,260.1,264.0,260.0,1345841.6,2026-08-19 14:37:30.96083,187.0,261.58,,,,,,,,,,,,,,7,"price_volume, live_market, summary, top_gainers, top_losers, nepse_index, supply_demand",5631
2026-08-19T14:39:52.340992+05:45,2026-08-19 14:39:52,live_market,live_market_109,True,cloud_automated,Wednesday - Trading Hours: 11:00 AM - 3:00 PM NPT,403,SuryaJyoti Life Insurance Company Limited,SJLIC,58.0,5891.0,406.0,-0.25,407.0,,407.0,408.0,404.0,2388356.0,2026-08-19 14:37:28.818343,20.0,405.42,,,,,,,,,,,,,,7,"price_volume, live_market, summary, top_gainers, top_losers, nepse_index, supply_demand",5631
2026-08-19T14:39:52.340992+05:45,2026-08-19 14:39:52,live_market,live_market_110,True,cloud_automated,Wednesday - Trading Hours: 11:00 AM - 3:00 PM NPT,473,Shine Resunga Development Bank Ltd.,SHINE,58.0,12155.0,414.9,0.83,411.5,,410.5,415.0,409.0,5003862.4,2026-08-19 14:37:28.074949,100.0,411.67,,,,,,,,,,,,,,7,"price_volume, live_market, summary, top_gainers, top_losers, nepse_index, supply_demand",5631
2026-08-19T14:39:52.340992+05:45,2026-08-19 14:39:52,live_market,live_market_111,True,cloud_automated,Wednesday - Trading Hours: 11:00 AM - 3:00 PM NPT,2841,RASUWAGADHI HYDROPOWER COMPANY LIMITED,RHPL,58.0,7503.0,251.2,-0.36,252.1,,251.0,253.1,250.0,1883299.7,2026-08-19 14:37:28.026288,40.0,251.01,,,,,,,,,,,,,,7,"price_volume, live_market, summary, top_gainers, top_losers, nepse_index, supply_demand",5631
2026-08-19T14:39:52.340992+05:45,2026-08-19 14:39:52,live_market,live_market_112,True,cloud_automated,Wednesday - Trading Hours: 11:00 AM - 3:00 PM NPT,9350,LS Horizon 12,LSH12,58.0,2500.0,9.2,1.1,9.1,,9.1,9.3,8.76,22454.0,2026-08-19 14:37:24.109947,100.0,8.98,,,,,,,,,,,,,,7,"price_volume, live_market, summary, top_gainers, top_losers, nepse_index, supply_demand",5631
2026-08-19T14:39:52.340992+05:45,2026-08-19 14:39:52,live_market,live_market_113,True,cloud_automated,Wednesday - Trading Hours: 11:00 AM - 3:00 PM NPT,244,Shree Investment Finance Co. Ltd.,SIFC,58.0,7489.0,493.1,-2.14,503.9,,497.0,504.7,490.0,3718769.0,2026-08-19 14:37:23.939255,27.0,496.56,,,,,,,,,,,,,,7,"price_volume, live_market, summary, top_gainers, top_losers, nepse_index, supply_demand",5631
2026-08-19T14:39:52.340992+05:45,2026-08-19 14:39:52,live_market,live_market_114,True,cloud_automated,Wednesday - Trading Hours: 11:00 AM - 3:00 PM NPT,9324,Ridge Line Energy Limited,RLEL,58.0,6068.0,886.4,-3.65,920.0,,920.0,920.0,853.5,5429468.0,2026-08-19 14:37:22.059681,40.0,894.77,,,,,,,,,,,,,,7,"price_volume, live_market, summary, top_gainers, top_losers, nepse_index, supply_demand",5631
2026-08-19T14:39:52.340992+05:45,2026-08-19 14:39:52,live_market,live_market_115,True,cloud_automated,Wednesday - Trading Hours: 11:00 AM - 3:00 PM NPT,8099,Upper Hewakhola Hydropower Company Limited,UHEWA,58.0,30391.0,604.3,-0.59,607.9,,577.6,667.0,577.6,18590252.7,2026-08-19 14:37:19.773051,10.0,611.7,,,,,,,,,,,,,,7,"price_volume, live_market, summary, top_gainers, top_losers, nepse_index, supply_demand",5631
2026-08-19T14:39:52.340992+05:45,2026-08-19 14:39:52,live_market,live_market_116,True,cloud_automated,Wednesday - Trading Hours: 11:00 AM - 3:00 PM NPT,9201,Sun Nepal Life Insurance Company Limited,SNLI,58.0,6754.0,405.1,-0.69,407.9,,387.6,406.8,387.6,2732561.0,2026-08-19 14:37:18.108499,17.0,404.58,,,,,,,,,,,,,,7,"price_volume, live_market, summary, top_gainers, top_losers, nepse_index, supply_demand",5631
2026-08-19T14:39:52.340992+05:45,2026-08-19 14:39:52,live_market,live_market_117,True,cloud_automated,Wednesday - Trading Hours: 11:00 AM - 3:00 PM NPT,8066,River Falls Power Limited,RFPL,58.0,7758.0,331.1,-0.66,333.3,,323.4,338.0,323.4,2586445.5,2026-08-19 14:37:14.667536,20.0,333.39,,,,,,,,,,,,,,7,"price_volume, live_market, summary, top_gainers, top_losers, nepse_index, supply_demand",5631
2026-08-19T14:39:52.340992+05:45,2026-08-19 14:39:52,live_market,live_market_118,True,cloud_automated,Wednesday - Trading Hours: 11:00 AM - 3:00 PM NPT,2743,Ngadi Group Power Ltd.,NGPL,58.0,112069.0,408.0,-0.46,409.9,,412.0,412.0,406.4,45842410.8,2026-08-19 14:37:13.196689,100.0,409.06,,,,,,,,,,,,,,7,"price_volume, live_market, summary, top_gainers, top_losers, nepse_index, supply_demand",5631
2026-08-19T14:39:52.340992+05:45,2026-08-19 14:39:52,live_market,live_market_119,True,cloud_automated,Wednesday - Trading Hours: 11:00 AM - 3:00 PM NPT,9212,Mandu Hydropower Limited,MANDU,58.0,2688.0,798.0,-2.37,817.4,,817.4,817.4,795.2,2151376.4,2026-08-19 14:37:12.647159,10.0,800.36,,,,,,,,,,,,,,7,"price_volume, live_market, summary, top_gainers, top_losers, nepse_index, supply_demand",5631
2026-08-19T14:39:52.340992+05:45,2026-08-19 14:39:52,live_market,live_market_120,True,cloud_automated,Wednesday - Trading Hours: 11:00 AM - 3:00 PM NPT,9344,Snow Rivers Limited,SNORL,58.0,16419.0,910.0,-0.44,914.0,,903.0,929.5,903.0,15114622.0,2026-08-19 14:37:12.326365,10.0,920.56,,,,,,,,,,,,,,7,"price_volume, live_market, summary, top_gainers, top_losers, nepse_index, supply_demand",5631
2026-08-19T14:39:52.340992+05:45,2026-08-19 14:39:52,live_market,live_market_121,True,cloud_automated,Wednesday - Trading Hours: 11:00 AM - 3:00 PM NPT,8100,Swet-Ganga Hydropower & Construction Limited ,SGHC,58.0,14489.0,300.0,-0.66,302.0,,304.5,304.5,299.2,4348833.8,2026-08-19 14:37:12.241938,50.0,300.15,,,,,,,,,,,,,,7,"price_volume, live_market, summary, top_gainers, top_losers, nepse_index, supply_demand",5631
2026-08-19T14:39:52.340992+05:45,2026-08-19 14:39:52,live_market,live_market_122,True,cloud_automated,Wednesday - Trading Hours: 11:00 AM - 3:00 PM NPT,2903,Liberty Energy Company Limited,LEC,58.0,220703.0,219.7,-1.48,223.0,,211.9,224.0,211.9,48522652.0,2026-08-19 14:37:11.663748,68.0,219.85,,,,,,,,,,,,,,7,"price_volume, live_market, summary, top_gainers, top_losers, nepse_index, supply_demand",5631
2026-08-19T14:39:52.340992+05:45,2026-08-19 14:39:52,live_market,live_market_123,True,cloud_automated,Wednesday - Trading Hours: 11:00 AM - 3:00 PM NPT,2813,Panchthar Power Compant Limited,PPCL,58.0,118709.0,333.0,-0.27,333.9,,330.1,335.0,323.0,38659656.5,2026-08-19 14:37:09.909965,400.0,325.67,,,,,,,,,,,,,,7,"price_volume, live_market, summary, top_gainers, top_losers, nepse_index, supply_demand",5631
2026-08-19T14:39:52.340992+05:45,2026-08-19 14:39:52,live_market,live_market_124,True,cloud_automated,Wednesday - Trading Hours: 11:00 AM - 3:00 PM NPT,2757,Arun Kabeli Power Ltd.,AKPL,58.0,25621.0,250.0,0.4,249.0,,246.0,251.0,246.0,6383200.7,2026-08-19 14:37:04.687484,248.0,249.14,,,,,,,,,,,,,,7,"price_volume, live_market, summary, top_gainers, top_losers, nepse_index, supply_demand",5631
2026-08-19T14:39:52.340992+05:45,2026-08-19 14:39:52,live_market,live_market_125,True,cloud_automated,Wednesday - Trading Hours: 11:00 AM - 3:00 PM NPT,517,Nepal Bank Limited,NBL,58.0,151911.0,275.0,0.15,274.6,,275.0,276.8,272.0,41614620.6,2026-08-19 14:37:02.890957,100.0,273.94,,,,,,,,,,,,,,7,"price_volume, live_market, summary, top_gainers, top_losers, nepse_index, supply_demand",5631
2026-08-19T14:39:52.340992+05:45,2026-08-19 14:39:52,live_market,live_market_126,True,cloud_automated,Wednesday - Trading Hours: 11:00 AM - 3:00 PM NPT,9301,Shreenagar Agritech Industries Limited,SAIL,58.0,28272.0,1018.0,-0.68,1025.0,,1040.5,1049.0,1000.0,29044359.0,2026-08-19 14:36:59.070391,50.0,1027.32,,,,,,,,,,,,,,7,"price_volume, live_market, summary, top_gainers, top_losers, nepse_index, supply_demand",5631
2026-08-19T14:39:52.340992+05:45,2026-08-19 14:39:52,live_market,live_market_127,True,cloud_automated,Wednesday - Trading Hours: 11:00 AM - 3:00 PM NPT,9246,Guardian Micro Life Insurance Limited ,GMLI,58.0,1280.0,1042.2,-2.6,1070.0,,1050.0,1060.0,1026.0,1336771.5,2026-08-19 14:36:57.06255,20.0,1044.35,,,,,,,,,,,,,,7,"price_volume, live_market, summary, top_gainers, top_losers, nepse_index, supply_demand",5631
2026-08-19T14:39:52.340992+05:45,2026-08-19 14:39:52,live_market,live_market_128,True,cloud_automated,Wednesday - Trading Hours: 11:00 AM - 3:00 PM NPT,9287,Mabilung Energy Limited,MABEL,58.0,3970.0,606.7,-0.38,609.0,,638.0,638.0,600.5,2427535.3,2026-08-19 14:36:55.63793,10.0,611.47,,,,,,,,,,,,,,7,"price_volume, live_market, summary, top_gainers, top_losers, nepse_index, supply_demand",5631
2026-08-19T14:39:52.340992+05:45,2026-08-19 14:39:52,live_market,live_market_129,True,cloud_automated,Wednesday - Trading Hours: 11:00 AM - 3:00 PM NPT,474,Muktinath Bikas Bank Ltd.,MNBBL,58.0,30193.0,361.0,0.0,361.0,,361.9,365.0,359.5,10881683.5,2026-08-19 14:36:52.98691,200.0,360.4,,,,,,,,,,,,,,7,"price_volume, live_market, summary, top_gainers, top_losers, nepse_index, supply_demand",5631
2026-08-19T14:39:52.340992+05:45,2026-08-19 14:39:52,live_market,live_market_130,True,cloud_automated,Wednesday - Trading Hours: 11:00 AM - 3:00 PM NPT,2774,Unnati Sahakarya Laghubitta Bittiya Sanstha Limited,USLB,58.0,408.0,1093.0,-1.09,1105.0,,1097.0,1099.9,1090.0,445905.3,2026-08-19 14:36:51.194056,87.0,1092.91,,,,,,,,,,,,,,7,"price_volume, live_market, summary, top_gainers, top_losers, nepse_index, supply_demand",5631
2026-08-19T14:39:52.340992+05:45,2026-08-19 14:39:52,live_market,live_market_131,True,cloud_automated,Wednesday - Trading Hours: 11:00 AM - 3:00 PM NPT,2860,Saptakoshi Development Bank Ltd,SAPDBL,58.0,30756.0,737.0,0.96,730.0,,700.0,750.0,700.0,22507917.1,2026-08-19 14:36:51.16576,41.0,731.82,,,,,,,,,,,,,,7,"price_volume, live_market, summary, top_gainers, top_losers, nepse_index, supply_demand",5631
2026-08-19T14:39:52.340992+05:45,2026-08-19 14:39:52,live_market,live_market_132,True,cloud_automated,Wednesday - Trading Hours: 11:00 AM - 3:00 PM NPT,9322,Bhujung Hydropower Limited,BJHL,58.0,10385.0,715.8,0.25,714.0,,697.1,729.7,695.0,7387628.7,2026-08-19 14:36:50.243667,10.0,711.37,,,,,,,,,,,,,,7,"price_volume, live_market, summary, top_gainers, top_losers, nepse_index, supply_demand",5631
2026-08-19T14:39:52.340992+05:45,2026-08-19 14:39:52,live_market,live_market_133,True,cloud_automated,Wednesday - Trading Hours: 11:00 AM - 3:00 PM NPT,9146,Super Madi Hydropower Limited,SMHL,58.0,31274.0,500.0,0.95,495.3,,498.0,503.9,491.0,15610089.2,2026-08-19 14:36:50.064512,140.0,499.14,,,,,,,,,,,,,,7,"price_volume, live_market, summary, top_gainers, top_losers, nepse_index, supply_demand",5631
2026-08-19T14:39:52.340992+05:45,2026-08-19 14:39:52,live_market,live_market_134,True,cloud_automated,Wednesday - Trading Hours: 11:00 AM - 3:00 PM NPT,166,Deprosc Laghubitta Bittiya Sanstha Limited,DDBL,58.0,6358.0,840.4,-0.07,841.0,,840.0,846.0,840.0,5361179.9,2026-08-19 14:36:48.071276,26.0,843.22,,,,,,,,,,,,,,7,"price_volume, live_market, summary, top_gainers, top_losers, nepse_index, supply_demand",5631
2026-08-19T14:39:52.340992+05:45,2026-08-19 14:39:52,live_market,live_market_135,True,cloud_automated,Wednesday - Trading Hours: 11:00 AM - 3:00 PM NPT,137,Everest Bank Limited,EBL,58.0,20511.0,730.0,0.14,729.0,,730.0,733.0,727.0,14979080.6,2026-08-19 14:36:45.209593,22.0,730.29,,,,,,,,,,,,,,7,"price_volume, live_market, summary, top_gainers, top_losers, nepse_index, supply_demand",5631
2026-08-19T14:39:52.340992+05:45,2026-08-19 14:39:52,live_market,live_market_136,True,cloud_automated,Wednesday - Trading Hours: 11:00 AM - 3:00 PM NPT,177,Rastriya Beema Company Limited,RBCL,58.0,160.0,14000.0,0.0,14000.0,,14010.0,14010.0,13803.0,2217955.0,2026-08-19 14:36:39.726021,10.0,13862.22,,,,,,,,,,,,,,7,"price_volume, live_market, summary, top_gainers, top_losers, nepse_index, supply_demand",5631
2026-08-19T14:39:52.340992+05:45,2026-08-19 14:39:52,live_market,live_market_137,True,cloud_automated,Wednesday - Trading Hours: 11:00 AM - 3:00 PM NPT,2754,Dibyashwori Hydropower Ltd.,DHPL,58.0,1206.0,279.0,-1.41,283.0,,285.0,285.0,279.0,337746.0,2026-08-19 14:36:38.624036,399.0,280.05,,,,,,,,,,,,,,7,"price_volume, live_market, summary, top_gainers, top_losers, nepse_index, supply_demand",5631
2026-08-19T14:39:52.340992+05:45,2026-08-19 14:39:52,live_market,live_market_138,True,cloud_automated,Wednesday - Trading Hours: 11:00 AM - 3:00 PM NPT,9252,Crest Micro Life Insurance Limited,CREST,58.0,7044.0,1140.0,-1.72,1159.9,,1155.0,1160.0,1139.9,8068592.2,2026-08-19 14:36:37.764354,10.0,1145.46,,,,,,,,,,,,,,7,"price_volume, live_market, summary, top_gainers, top_losers, nepse_index, supply_demand",5631
2026-08-19T14:39:52.340992+05:45,2026-08-19 14:39:52,live_market,live_market_139,True,cloud_automated,Wednesday - Trading Hours: 11:00 AM - 3:00 PM NPT,9329,Shikhar power Development Limited,SIPD,58.0,27063.0,655.0,1.6,644.7,,612.5,679.8,612.5,17947395.0,2026-08-19 14:36:37.275897,10.0,663.17,,,,,,,,,,,,,,7,"price_volume, live_market, summary, top_gainers, top_losers, nepse_index, supply_demand",5631
2026-08-19T14:39:52.340992+05:45,2026-08-19 14:39:52,live_market,live_market_140,True,cloud_automated,Wednesday - Trading Hours: 11:00 AM - 3:00 PM NPT,219,Unilever Nepal Limited,UNL,58.0,10.0,46600.0,0.22,46500.0,,46600.0,46600.0,46600.0,466000.0,2026-08-19 14:36:36.965743,10.0,46600.0,,,,,,,,,,,,,,7,"price_volume, live_market, summary, top_gainers, top_losers, nepse_index, supply_demand",5631
2026-08-19T14:39:52.340992+05:45,2026-08-19 14:39:52,live_market,live_market_141,True,cloud_automated,Wednesday - Trading Hours: 11:00 AM - 3:00 PM NPT,9192,Upper Syange Hydropower Limited,USHL,58.0,773.0,535.9,-0.76,540.0,,535.0,539.9,525.0,410115.9,2026-08-19 14:36:36.712925,10.0,530.55,,,,,,,,,,,,,,7,"price_volume, live_market, summary, top_gainers, top_losers, nepse_index, supply_demand",5631
2026-08-19T14:39:52.340992+05:45,2026-08-19 14:39:52,live_market,live_market_142,True,cloud_automated,Wednesday - Trading Hours: 11:00 AM - 3:00 PM NPT,8123,Dhaulagiri Laghubitta Bittiya Sanstha Limited,DLBS,58.0,614.0,1099.0,-2.31,1125.0,,1154.0,1154.0,1095.0,676386.5,2026-08-19 14:36:36.411937,20.0,1101.61,,,,,,,,,,,,,,7,"price_volume, live_market, summary, top_gainers, top_losers, nepse_index, supply_demand",5631
2026-08-19T14:39:52.340992+05:45,2026-08-19 14:39:52,live_market,live_market_143,True,cloud_automated,Wednesday - Trading Hours: 11:00 AM - 3:00 PM NPT,417,Garima Bikas Bank Limited,GBBL,58.0,27305.0,422.0,-0.59,424.5,,420.0,425.7,420.0,11520862.5,2026-08-19 14:36:35.249902,70.0,421.93,,,,,,,,,,,,,,7,"price_volume, live_market, summary, top_gainers, top_losers, nepse_index, supply_demand",5631
2026-08-19T14:39:52.340992+05:45,2026-08-19 14:39:52,live_market,live_market_144,True,cloud_automated,Wednesday - Trading Hours: 11:00 AM - 3:00 PM NPT,4951,Jeevan Bikas Laghubitta  Bittya Sanstha Ltd,JBLB,58.0,2164.0,1272.3,-0.21,1275.0,,1275.0,1280.0,1265.3,2747048.3,2026-08-19 14:36:34.579715,10.0,1269.43,,,,,,,,,,,,,,7,"price_volume, live_market, summary, top_gainers, top_losers, nepse_index, supply_demand",5631
2026-08-19T14:39:52.340992+05:45,2026-08-19 14:39:52,live_market,live_market_145,True,cloud_automated,Wednesday - Trading Hours: 11:00 AM - 3:00 PM NPT,2913,Mountain Energy Nepal Limited,MEN,58.0,63539.0,622.0,0.39,619.6,,650.5,650.5,615.2,39414464.2,2026-08-19 14:36:34.519594,13.0,620.32,,,,,,,,,,,,,,7,"price_volume, live_market, summary, top_gainers, top_losers, nepse_index, supply_demand",5631
2026-08-19T14:39:52.340992+05:45,2026-08-19 14:39:52,live_market,live_market_146,True,cloud_automated,Wednesday - Trading Hours: 11:00 AM - 3:00 PM NPT,2784,Nadep Laghubittiya bittya Sanstha Ltd.,NADEP,58.0,869.0,704.0,-1.4,714.0,,705.0,714.0,700.1,614219.0,2026-08-19 14:36:33.916849,20.0,706.81,,,,,,,,,,,,,,7,"price_volume, live_market, summary, top_gainers, top_losers, nepse_index, supply_demand",5631
2026-08-19T14:39:52.340992+05:45,2026-08-19 14:39:52,live_market,live_market_147,True,cloud_automated,Wednesday - Trading Hours: 11:00 AM - 3:00 PM NPT,4947,Prabhu Select Fund,PSF,58.0,1654.0,11.84,-1.33,12.0,,11.82,11.98,11.82,19603.92,2026-08-19 14:36:29.080542,500.0,11.85,,,,,,,,,,,,,,7,"price_volume, live_market, summary, top_gainers, top_losers, nepse_index, supply_demand",5631
2026-08-19T14:39:52.340992+05:45,2026-08-19 14:39:52,live_market,live_market_148,True,cloud_automated,Wednesday - Trading Hours: 11:00 AM - 3:00 PM NPT,2842,SANJEN JALAVIDHYUT COMPANY LIMITED,SJCL,58.0,5230.0,263.7,-1.12,266.7,,263.1,265.0,262.0,1376695.0,2026-08-19 14:36:25.977834,130.0,263.23,,,,,,,,,,,,,,7,"price_volume, live_market, summary, top_gainers, top_losers, nepse_index, supply_demand",5631
2026-08-19T14:39:52.340992+05:45,2026-08-19 14:39:52,live_market,live_market_149,True,cloud_automated,Wednesday - Trading Hours: 11:00 AM - 3:00 PM NPT,8121,Sayapatri Hydropower Limited,SPHL,58.0,3173.0,510.0,-2.67,524.0,,535.0,535.0,505.0,1610455.0,2026-08-19 14:36:25.570396,10.0,507.55,,,,,,,,,,,,,,7,"price_volume, live_market, summary, top_gainers, top_losers, nepse_index, supply_demand",5631
2026-08-19T14:39:52.340992+05:45,2026-08-19 14:39:52,live_market,live_market_150,True,cloud_automated,Wednesday - Trading Hours: 11:00 AM - 3:00 PM NPT,593,Kalika Laghubitta Bittiya Sanstha Ltd,KMCDB,58.0,2623.0,788.9,0.75,783.0,,788.7,788.9,765.0,2064173.2,2026-08-19 14:36:23.704099,10.0,786.95,,,,,,,,,,,,,,7,"price_volume, live_market, summary, top_gainers, top_losers, nepse_index, supply_demand",5631
2026-08-19T14:39:52.340992+05:45,2026-08-19 14:39:52,live_market,live_market_151,True,cloud_automated,Wednesday - Trading Hours: 11:00 AM - 3:00 PM NPT,171,Sanima Bank Limited,SANIMA,58.0,58162.0,369.0,0.0,369.0,,369.0,370.1,366.1,21454324.8,2026-08-19 14:36:22.929978,25.0,368.87,,,,,,,,,,,,,,7,"price_volume, live_market, summary, top_gainers, top_losers, nepse_index, supply_demand",5631
2026-08-19T14:39:52.340992+05:45,2026-08-19 14:39:52,live_market,live_market_152,True,cloud_automated,Wednesday - Trading Hours: 11:00 AM - 3:00 PM NPT,2924,GreenLife Hydropower Limited,GLH,58.0,15731.0,255.0,-0.39,256.0,,245.0,257.8,245.0,3998328.5,2026-08-19 14:36:22.573489,10.0,254.17,,,,,,,,,,,,,,7,"price_volume, live_market, summary, top_gainers, top_losers, nepse_index, supply_demand",5631
2026-08-19T14:39:52.340992+05:45,2026-08-19 14:39:52,live_market,live_market_153,True,cloud_automated,Wednesday - Trading Hours: 11:00 AM - 3:00 PM NPT,2806,Ghalemdi Hydro Limited,GHL,58.0,181455.0,236.0,0.17,235.6,,247.3,247.3,230.0,42252077.3,2026-08-19 14:36:20.453446,10.0,232.85,,,,,,,,,,,,,,7,"price_volume, live_market, summary, top_gainers, top_losers, nepse_index, supply_demand",5631
2026-08-19T14:39:52.340992+05:45,2026-08-19 14:39:52,live_market,live_market_154,True,cloud_automated,Wednesday - Trading Hours: 11:00 AM - 3:00 PM NPT,2881,Nepal Reinsurance Company Limited,NRIC,58.0,12537.0,908.0,0.33,905.0,,905.0,912.0,899.0,11386363.0,2026-08-19 14:36:19.532627,190.0,908.22,,,,,,,,,,,,,,7,"price_volume, live_market, summary, top_gainers, top_losers, nepse_index, supply_demand",5631
2026-08-19T14:39:52.340992+05:45,2026-08-19 14:39:52,live_market,live_market_155,True,cloud_automated,Wednesday - Trading Hours: 11:00 AM - 3:00 PM NPT,2937,Sunrise Bluechip Fund,SBCF,58.0,2900.0,9.63,-3.7,10.0,,9.7,9.7,9.6,27952.0,2026-08-19 14:36:16.008399,1900.0,9.64,,,,,,,,,,,,,,7,"price_volume, live_market, summary, top_gainers, top_losers, nepse_index, supply_demand",5631
2026-08-19T14:39:52.340992+05:45,2026-08-19 14:39:52,live_market,live_market_156,True,cloud_automated,Wednesday - Trading Hours: 11:00 AM - 3:00 PM NPT,9194,Three Star Hydropower Limited,TSHL,58.0,3429.0,361.0,0.0,361.0,,360.0,361.0,360.0,1237235.3,2026-08-19 14:36:15.488044,50.0,360.82,,,,,,,,,,,,,,7,"price_volume, live_market, summary, top_gainers, top_losers, nepse_index, supply_demand",5631
2026-08-19T14:39:52.340992+05:45,2026-08-19 14:39:52,live_market,live_market_157,True,cloud_automated,Wednesday - Trading Hours: 11:00 AM - 3:00 PM NPT,2824,Himalaya Urja Bikas Company Limited,HURJA,58.0,34984.0,236.6,0.42,235.6,,235.6,238.0,232.7,8226186.3,2026-08-19 14:36:14.554573,1485.0,235.14,,,,,,,,,,,,,,7,"price_volume, live_market, summary, top_gainers, top_losers, nepse_index, supply_demand",5631
2026-08-19T14:39:52.340992+05:45,2026-08-19 14:39:52,live_market,live_market_158,True,cloud_automated,Wednesday - Trading Hours: 11:00 AM - 3:00 PM NPT,2776,Radhi Bidyut Company Ltd,RADHI,58.0,42058.0,704.1,-1.11,712.0,,712.0,712.0,702.0,29666807.2,2026-08-19 14:36:11.934866,17.0,705.38,,,,,,,,,,,,,,7,"price_volume, live_market, summary, top_gainers, top_losers, nepse_index, supply_demand",5631
2026-08-19T14:39:52.340992+05:45,2026-08-19 14:39:52,live_market,live_market_159,True,cloud_automated,Wednesday - Trading Hours: 11:00 AM - 3:00 PM NPT,396,Nerude Mirmire Laghubitta Bittiya Sanstha Limited,NMLBBL,58.0,3956.0,500.0,0.0,500.0,,500.0,505.0,500.0,1983693.3,2026-08-19 14:36:11.483771,34.0,501.44,,,,,,,,,,,,,,7,"price_volume, live_market, summary, top_gainers, top_losers, nepse_index, supply_demand",5631
2026-08-19T14:39:52.340992+05:45,2026-08-19 14:39:52,live_market,live_market_160,True,cloud_automated,Wednesday - Trading Hours: 11:00 AM - 3:00 PM NPT,232,Goodwill Finance Limited,GFCL,58.0,2409.0,591.0,-0.51,594.0,,590.0,599.9,590.0,1432387.3,2026-08-19 14:36:09.066201,215.0,594.6,,,,,,,,,,,,,,7,"price_volume, live_market, summary, top_gainers, top_losers, nepse_index, supply_demand",5631
2026-08-19T14:39:52.340992+05:45,2026-08-19 14:39:52,live_market,live_market_161,True,cloud_automated,Wednesday - Trading Hours: 11:00 AM - 3:00 PM NPT,8125,NMB Sulav Investment Fund - 2,NSIF2,58.0,3470.0,11.0,0.0,11.0,,10.97,11.13,10.97,38547.1,2026-08-19 14:36:07.936699,100.0,11.11,,,,,,,,,,,,,,7,"price_volume, live_market, summary, top_gainers, top_losers, nepse_index, supply_demand",5631
2026-08-19T14:39:52.340992+05:45,2026-08-19 14:39:52,live_market,live_market_162,True,cloud_automated,Wednesday - Trading Hours: 11:00 AM - 3:00 PM NPT,5984,8.5% Laxmi Bank Debenture 2088,LBLD88,58.0,49.0,1122.7,3.0,1090.0,,1122.7,1122.7,1122.7,55012.3,2026-08-19 14:36:05.823555,49.0,1122.7,,,,,,,,,,,,,,7,"price_volume, live_market, summary, top_gainers, top_losers, nepse_index, supply_demand",5631
2026-08-19T14:39:52.340992+05:45,2026-08-19 14:39:52,live_market,live_market_163,True,cloud_automated,Wednesday - Trading Hours: 11:00 AM - 3:00 PM NPT,8022,Terhathum Power Company Limited,TPC,58.0,5705.0,358.2,-0.25,359.1,,359.0,362.8,355.0,2043775.4,2026-08-19 14:36:01.063453,340.0,358.24,,,,,,,,,,,,,,7,"price_volume, live_market, summary, top_gainers, top_losers, nepse_index, supply_demand",5631
2026-08-19T14:39:52.340992+05:45,2026-08-19 14:39:52,live_market,live_market_164,True,cloud_automated,Wednesday - Trading Hours: 11:00 AM - 3:00 PM NPT,9293,Daramkhola Hydro Energy Limited,DHEL,58.0,9643.0,587.0,-1.34,595.0,,592.0,592.0,580.0,5640551.0,2026-08-19 14:36:00.536404,10.0,584.94,,,,,,,,,,,,,,7,"price_volume, live_market, summary, top_gainers, top_losers, nepse_index, supply_demand",5631
2026-08-19T14:39:52.340992+05:45,2026-08-19 14:39:52,live_market,live_market_165,True,cloud_automated,Wednesday - Trading Hours: 11:00 AM - 3:00 PM NPT,9305,Salapa Bikas Bank Limited,SABBL,58.0,9877.0,946.9,0.1,946.0,,900.0,954.0,900.0,9297153.0,2026-08-19 14:36:00.076254,10.0,941.29,,,,,,,,,,,,,,7,"price_volume, live_market, summary, top_gainers, top_losers, nepse_index, supply_demand",5631
2026-08-19T14:39:52.340992+05:45,2026-08-19 14:39:52,live_market,live_market_166,True,cloud_automated,Wednesday - Trading Hours: 11:00 AM - 3:00 PM NPT,2742,Hydorelectricity Investment and Development Company Ltd,HIDCL,58.0,20923.0,250.4,-0.24,251.0,,263.1,263.1,248.2,5224791.8,2026-08-19 14:35:58.752204,101.0,249.72,,,,,,,,,,,,,,7,"price_volume, live_market, summary, top_gainers, top_losers, nepse_index, supply_demand",5631
2026-08-19T14:39:52.340992+05:45,2026-08-19 14:39:52,live_market,live_market_167,True,cloud_automated,Wednesday - Trading Hours: 11:00 AM - 3:00 PM NPT,8070,Dordi Khola Jal Bidyut Company Limited,DORDI,58.0,8268.0,247.6,0.2,247.1,,245.6,250.0,245.5,2043219.5,2026-08-19 14:35:56.551736,10.0,247.12,,,,,,,,,,,,,,7,"price_volume, live_market, summary, top_gainers, top_losers, nepse_index, supply_demand",5631
2026-08-19T14:39:52.340992+05:45,2026-08-19 14:39:52,live_market,live_market_168,True,cloud_automated,Wednesday - Trading Hours: 11:00 AM - 3:00 PM NPT,9215,Mid Solu Hydropower Limited,MSHL,58.0,34.0,582.2,-0.65,586.0,,587.0,600.0,582.2,20006.2,2026-08-19 14:35:56.00923,1.0,588.42,,,,,,,,,,,,,,7,"price_volume, live_market, summary, top_gainers, top_losers, nepse_index, supply_demand",5631
2026-08-19T14:39:52.340992+05:45,2026-08-19 14:39:52,live_market,live_market_169,True,cloud_automated,Wednesday - Trading Hours: 11:00 AM - 3:00 PM NPT,561,Sindhu Bikash Bank Ltd,SINDU,58.0,7601.0,672.1,-0.43,675.0,,706.8,706.8,670.8,5116188.5,2026-08-19 14:35:52.338891,130.0,673.09,,,,,,,,,,,,,,7,"price_volume, live_market, summary, top_gainers, top_losers, nepse_index, supply_demand",5631
2026-08-19T14:39:52.340992+05:45,2026-08-19 14:39:52,live_market,live_market_170,True,cloud_automated,Wednesday - Trading Hours: 11:00 AM - 3:00 PM NPT,2810,UNIVERSAL POWER COMPANY LTD,UPCL,58.0,14457.0,341.7,-0.78,344.4,,349.9,349.9,341.2,4955416.2,2026-08-19 14:35:50.769346,105.0,342.77,,,,,,,,,,,,,,7,"price_volume, live_market, summary, top_gainers, top_losers, nepse_index, supply_demand",5631
2026-08-19T14:39:52.340992+05:45,2026-08-19 14:39:52,live_market,live_market_171,True,cloud_automated,Wednesday - Trading Hours: 11:00 AM - 3:00 PM NPT,2771,Support Microfinance Bittiya Sanstha Ltd.,SMB,58.0,802.0,1751.0,1.63,1722.9,,1721.0,1770.0,1721.0,1402042.7,2026-08-19 14:35:48.531461,1.0,1748.18,,,,,,,,,,,,,,7,"price_volume, live_market, summary, top_gainers, top_losers, nepse_index, supply_demand",5631
2026-08-19T14:39:52.340992+05:45,2026-08-19 14:39:52,live_market,live_market_172,True,cloud_automated,Wednesday - Trading Hours: 11:00 AM - 3:00 PM NPT,601,Mithila LaghuBitta Bittiya Sanstha Limited,MLBBL,58.0,965.0,1013.0,-2.22,1036.0,,1030.0,1030.0,1009.0,980365.0,2026-08-19 14:35:45.456056,10.0,1015.92,,,,,,,,,,,,,,7,"price_volume, live_market, summary, top_gainers, top_losers, nepse_index, supply_demand",5631
2026-08-19T14:39:52.340992+05:45,2026-08-19 14:39:52,live_market,live_market_173,True,cloud_automated,Wednesday - Trading Hours: 11:00 AM - 3:00 PM NPT,490,First Micro Finance Laghubitta Bittiya Sanstha Limited,FMDBL,58.0,9795.0,769.9,1.17,761.0,,723.0,771.9,723.0,7411491.0,2026-08-19 14:35:40.221413,10.0,756.66,,,,,,,,,,,,,,7,"price_volume, live_market, summary, top_gainers, top_losers, nepse_index, supply_demand",5631
2026-08-19T14:39:52.340992+05:45,2026-08-19 14:39:52,live_market,live_market_174,True,cloud_automated,Wednesday - Trading Hours: 11:00 AM - 3:00 PM NPT,9330,Palpa Cement Industries Limited,PCIL,58.0,10742.0,625.0,0.48,622.0,,616.0,630.0,615.3,6686074.7,2026-08-19 14:35:38.112784,10.0,622.42,,,,,,,,,,,,,,7,"price_volume, live_market, summary, top_gainers, top_losers, nepse_index, supply_demand",5631
2026-08-19T14:39:52.340992+05:45,2026-08-19 14:39:52,live_market,live_market_175,True,cloud_automated,Wednesday - Trading Hours: 11:00 AM - 3:00 PM NPT,2831,Union Hydropower Limited,UNHPL,58.0,33248.0,365.0,-0.16,365.6,,373.0,373.0,358.0,12079509.1,2026-08-19 14:35:34.970959,260.0,363.32,,,,,,,,,,,,,,7,"price_volume, live_market, summary, top_gainers, top_losers, nepse_index, supply_demand",5631
2026-08-19T14:39:52.340992+05:45,2026-08-19 14:39:52,live_market,live_market_176,True,cloud_automated,Wednesday - Trading Hours: 11:00 AM - 3:00 PM NPT,135,Nepal SBI Bank Limited,SBI,58.0,12210.0,399.0,-1.97,407.0,,386.7,404.5,386.7,4915755.5,2026-08-19 14:35:25.732177,13.0,402.6,,,,,,,,,,,,,,7,"price_volume, live_market, summary, top_gainers, top_losers, nepse_index, supply_demand",5631
2026-08-19T14:39:52.340992+05:45,2026-08-19 14:39:52,live_market,live_market_177,True,cloud_automated,Wednesday - Trading Hours: 11:00 AM - 3:00 PM NPT,140,Machhapuchhre Bank Limited,MBL,58.0,20387.0,247.9,0.12,247.6,,249.0,249.8,246.1,5062837.2,2026-08-19 14:35:24.914334,42.0,248.34,,,,,,,,,,,,,,7,"price_volume, live_market, summary, top_gainers, top_losers, nepse_index, supply_demand",5631
2026-08-19T14:39:52.340992+05:45,2026-08-19 14:39:52,live_market,live_market_178,True,cloud_automated,Wednesday - Trading Hours: 11:00 AM - 3:00 PM NPT,9233,Nepal Warehousing Company Limited ,NWCL,58.0,1120.0,665.2,-0.94,671.5,,670.0,673.0,650.0,739630.0,2026-08-19 14:35:21.673785,10.0,660.38,,,,,,,,,,,,,,7,"price_volume, live_market, summary, top_gainers, top_losers, nepse_index, supply_demand",5631
2026-08-19T14:39:52.340992+05:45,2026-08-19 14:39:52,live_market,live_market_179,True,cloud_automated,Wednesday - Trading Hours: 11:00 AM - 3:00 PM NPT,5982,Sanima Reliance Life Insurance Limited,SRLI,58.0,8714.0,366.4,-0.03,366.5,,366.0,371.4,365.0,3188644.1,2026-08-19 14:35:20.796653,100.0,365.92,,,,,,,,,,,,,,7,"price_volume, live_market, summary, top_gainers, top_losers, nepse_index, supply_demand",5631
2026-08-19T14:39:52.340992+05:45,2026-08-19 14:39:52,live_market,live_market_180,True,cloud_automated,Wednesday - Trading Hours: 11:00 AM - 3:00 PM NPT,705,Global IME Laghubitta Bittiya Sanstha Ltd.,GILB,58.0,2659.0,1096.4,-0.85,1105.8,,1100.0,1110.0,1095.1,2920451.3,2026-08-19 14:35:12.051595,52.0,1098.33,,,,,,,,,,,,,,7,"price_volume, live_market, summary, top_gainers, top_losers, nepse_index, supply_demand",5631
2026-08-19T14:39:52.340992+05:45,2026-08-19 14:39:52,live_market,live_market_181,True,cloud_automated,Wednesday - Trading Hours: 11:00 AM - 3:00 PM NPT,183,Neco Insurance Limited,NIL,58.0,3335.0,600.0,0.25,598.5,,599.0,608.0,595.0,1999453.6,2026-08-19 14:35:10.480037,34.0,599.54,,,,,,,,,,,,,,7,"price_volume, live_market, summary, top_gainers, top_losers, nepse_index, supply_demand",5631
2026-08-19T14:39:52.340992+05:45,2026-08-19 14:39:52,live_market,live_market_182,True,cloud_automated,Wednesday - Trading Hours: 11:00 AM - 3:00 PM NPT,9256,Om Megashree Pharmaceuticals Limited,OMPL,58.0,856.0,888.0,-1.33,900.0,,880.0,890.0,880.0,759431.9,2026-08-19 14:35:09.906698,10.0,887.19,,,,,,,,,,,,,,7,"price_volume, live_market, summary, top_gainers, top_losers, nepse_index, supply_demand",5631
2026-08-19T14:39:52.340992+05:45,2026-08-19 14:39:52,live_market,live_market_183,True,cloud_automated,Wednesday - Trading Hours: 11:00 AM - 3:00 PM NPT,2826,Gurans Laghubitta Bittiya Sanstha Limited,GLBSL,58.0,896.0,1701.0,0.0,1701.0,,1710.0,1750.0,1700.0,1537775.7,2026-08-19 14:35:09.85023,1.0,1716.27,,,,,,,,,,,,,,7,"price_volume, live_market, summary, top_gainers, top_losers, nepse_index, supply_demand",5631
2026-08-19T14:39:52.340992+05:45,2026-08-19 14:39:52,live_market,live_market_184,True,cloud_automated,Wednesday - Trading Hours: 11:00 AM - 3:00 PM NPT,9150,Asian Hydropower Limited,AHL,58.0,2046.0,401.0,-1.72,408.0,,387.6,405.1,387.6,819255.0,2026-08-19 14:35:04.422301,10.0,400.42,,,,,,,,,,,,,,7,"price_volume, live_market, summary, top_gainers, top_losers, nepse_index, supply_demand",5631
2026-08-19T14:39:52.340992+05:45,2026-08-19 14:39:52,live_market,live_market_185,True,cloud_automated,Wednesday - Trading Hours: 11:00 AM - 3:00 PM NPT,360,Arun Valley Hydropower Development Co. Ltd.,AHPC,58.0,51074.0,260.7,0.27,260.0,,258.2,263.0,257.7,13231633.1,2026-08-19 14:35:03.817447,51.0,259.07,,,,,,,,,,,,,,7,"price_volume, live_market, summary, top_gainers, top_losers, nepse_index, supply_demand",5631
2026-08-19T14:39:52.340992+05:45,2026-08-19 14:39:52,live_market,live_market_186,True,cloud_automated,Wednesday - Trading Hours: 11:00 AM - 3:00 PM NPT,2787,Kalika power Company Ltd,KPCL,58.0,2623.0,461.1,0.24,460.0,,460.0,462.1,460.0,1208545.7,2026-08-19 14:35:03.071833,10.0,460.75,,,,,,,,,,,,,,7,"price_volume, live_market, summary, top_gainers, top_losers, nepse_index, supply_demand",5631
2026-08-19T14:39:52.340992+05:45,2026-08-19 14:39:52,live_market,live_market_187,True,cloud_automated,Wednesday - Trading Hours: 11:00 AM - 3:00 PM NPT,687,Vijaya laghubitta Bittiya Sanstha Ltd.,VLBS,58.0,824.0,660.0,-0.45,663.0,,644.1,665.0,644.1,543555.0,2026-08-19 14:35:02.662721,55.0,659.65,,,,,,,,,,,,,,7,"price_volume, live_market, summary, top_gainers, top_losers, nepse_index, supply_demand",5631
2026-08-19T14:39:52.340992+05:45,2026-08-19 14:39:52,live_market,live_market_188,True,cloud_automated,Wednesday - Trading Hours: 11:00 AM - 3:00 PM NPT,9302,RBB Focus 40,RBBF40,58.0,12250.0,8.9,-1.66,9.05,,8.97,9.06,8.8,109286.5,2026-08-19 14:34:56.91383,100.0,8.92,,,,,,,,,,,,,,7,"price_volume, live_market, summary, top_gainers, top_losers, nepse_index, supply_demand",5631
2026-08-19T14:39:52.340992+05:45,2026-08-19 14:39:52,live_market,live_market_189,True,cloud_automated,Wednesday - Trading Hours: 11:00 AM - 3:00 PM NPT,591,Sanima Mai Hydropower Ltd.,SHPC,58.0,45326.0,493.0,0.02,492.9,,517.5,517.5,489.3,22245500.5,2026-08-19 14:34:56.637901,200.0,490.79,,,,,,,,,,,,,,7,"price_volume, live_market, summary, top_gainers, top_losers, nepse_index, supply_demand",5631
2026-08-19T14:39:52.340992+05:45,2026-08-19 14:39:52,live_market,live_market_190,True,cloud_automated,Wednesday - Trading Hours: 11:00 AM - 3:00 PM NPT,545,Swarojgar Laghubitta Bittiya Sanstha Ltd.,SLBBL,58.0,541.0,800.0,-0.99,808.0,,790.1,804.0,790.1,432241.2,2026-08-19 14:34:55.860226,115.0,798.97,,,,,,,,,,,,,,7,"price_volume, live_market, summary, top_gainers, top_losers, nepse_index, supply_demand",5631
2026-08-19T14:39:52.340992+05:45,2026-08-19 14:39:52,live_market,live_market_191,True,cloud_automated,Wednesday - Trading Hours: 11:00 AM - 3:00 PM NPT,186,IGI Prudential insurance Limited,IGI,58.0,4706.0,422.1,-1.38,428.0,,420.0,425.0,420.0,1979670.3,2026-08-19 14:34:53.599131,18.0,420.67,,,,,,,,,,,,,,7,"price_volume, live_market, summary, top_gainers, top_losers, nepse_index, supply_demand",5631
2026-08-19T14:39:52.340992+05:45,2026-08-19 14:39:52,live_market,live_market_192,True,cloud_automated,Wednesday - Trading Hours: 11:00 AM - 3:00 PM NPT,9259,Reliable Samriddhi Yojana,RSY,58.0,224150.0,10.53,0.29,10.5,,10.42,10.53,10.42,2349315.0,2026-08-19 14:34:47.987206,100.0,10.48,,,,,,,,,,,,,,7,"price_volume, live_market, summary, top_gainers, top_losers, nepse_index, supply_demand",5631
2026-08-19T14:39:52.340992+05:45,2026-08-19 14:39:52,live_market,live_market_193,True,cloud_automated,Wednesday - Trading Hours: 11:00 AM - 3:00 PM NPT,2759,Synergy Power Development Ltd.,SPDL,58.0,7815.0,363.0,-0.41,364.5,,360.5,367.0,360.1,2835424.1,2026-08-19 14:34:45.953677,362.0,362.82,,,,,,,,,,,,,,7,"price_volume, live_market, summary, top_gainers, top_losers, nepse_index, supply_demand",5631
2026-08-19T14:39:52.340992+05:45,2026-08-19 14:39:52,live_market,live_market_194,True,cloud_automated,Wednesday - Trading Hours: 11:00 AM - 3:00 PM NPT,8075,Bindhyabasini Hydropower Development Company Limited,BHDC,58.0,15572.0,425.0,0.19,424.2,,425.0,428.2,421.7,6603792.4,2026-08-19 14:34:43.03604,10.0,424.08,,,,,,,,,,,,,,7,"price_volume, live_market, summary, top_gainers, top_losers, nepse_index, supply_demand",5631
2026-08-19T14:39:52.340992+05:45,2026-08-19 14:39:52,live_market,live_market_195,True,cloud_automated,Wednesday - Trading Hours: 11:00 AM - 3:00 PM NPT,2935,Ru Ru Jalbidhyut Pariyojana Limited,RURU,58.0,8476.0,609.9,0.81,605.0,,603.0,630.0,590.0,5229919.9,2026-08-19 14:34:42.342834,10.0,617.03,,,,,,,,,,,,,,7,"price_volume, live_market, summary, top_gainers, top_losers, nepse_index, supply_demand",5631
2026-08-19T14:39:52.340992+05:45,2026-08-19 14:39:52,live_market,live_market_196,True,cloud_automated,Wednesday - Trading Hours: 11:00 AM - 3:00 PM NPT,8032,Buddha Bhumi Nepal Hydropower Company Limited,BNHC,58.0,4613.0,278.5,-0.54,280.0,,266.0,285.0,266.0,1290194.1,2026-08-19 14:34:31.324188,10.0,279.69,,,,,,,,,,,,,,7,"price_volume, live_market, summary, top_gainers, top_losers, nepse_index, supply_demand",5631
2026-08-19T14:39:52.340992+05:45,2026-08-19 14:39:52,live_market,live_market_197,True,cloud_automated,Wednesday - Trading Hours: 11:00 AM - 3:00 PM NPT,2925,Mahila Lagubitta Bittiya Sanstha Limited ,MLBSL,58.0,2301.0,1218.0,1.67,1198.0,,1220.0,1220.0,1175.0,2764460.0,2026-08-19 14:34:30.281873,10.0,1201.42,,,,,,,,,,,,,,7,"price_volume, live_market, summary, top_gainers, top_losers, nepse_index, supply_demand",5631
2026-08-19T14:39:52.340992+05:45,2026-08-19 14:39:52,live_market,live_market_198,True,cloud_automated,Wednesday - Trading Hours: 11:00 AM - 3:00 PM NPT,156,Bishal Bazar Company Limited,BBC,58.0,49.0,4169.0,1.48,4108.0,,4103.0,4177.0,4103.0,202941.0,2026-08-19 14:34:29.669554,3.0,4141.65,,,,,,,,,,,,,,7,"price_volume, live_market, summary, top_gainers, top_losers, nepse_index, supply_demand",5631
2026-08-19T14:39:52.340992+05:45,2026-08-19 14:39:52,live_market,live_market_199,True,cloud_automated,Wednesday - Trading Hours: 11:00 AM - 3:00 PM NPT,8102,Mandakini Hydropower Limited,MHL,58.0,2354.0,461.0,-1.07,466.0,,462.0,464.0,455.1,1087102.0,2026-08-19 14:34:25.120288,30.0,461.81,,,,,,,,,,,,,,7,"price_volume, live_market, summary, top_gainers, top_losers, nepse_index, supply_demand",5631
2026-08-19T14:39:52.340992+05:45,2026-08-19 14:39:52,live_market,live_market_200,True,cloud_automated,Wednesday - Trading Hours: 11:00 AM - 3:00 PM NPT,8045,Green Ventures Limited,GVL,58.0,5158.0,476.0,1.23,470.2,,470.0,480.0,469.0,2427201.7,2026-08-19 14:34:15.898564,10.0,470.57,,,,,,,,,,,,,,7,"price_volume, live_market, summary, top_gainers, top_losers, nepse_index, supply_demand",5631
2026-08-19T14:39:52.340992+05:45,2026-08-19 14:39:52,live_market,live_market_201,True,cloud_automated,Wednesday - Trading Hours: 11:00 AM - 3:00 PM NPT,9216,Sonapur Minerals And Oil Limited,SONA,58.0,17107.0,400.0,-0.27,401.1,,402.0,403.0,399.0,6857040.1,2026-08-19 14:34:15.252544,100.0,400.83,,,,,,,,,,,,,,7,"price_volume, live_market, summary, top_gainers, top_losers, nepse_index, supply_demand",5631
2026-08-19T14:39:52.340992+05:45,2026-08-19 14:39:52,live_market,live_market_202,True,cloud_automated,Wednesday - Trading Hours: 11:00 AM - 3:00 PM NPT,9148,Super Mai Hydropower Limited,SMH,58.0,2447.0,504.1,-0.18,505.0,,505.0,509.9,502.2,1233464.0,2026-08-19 14:34:07.407362,36.0,504.07,,,,,,,,,,,,,,7,"price_volume, live_market, summary, top_gainers, top_losers, nepse_index, supply_demand",5631
2026-08-19T14:39:52.340992+05:45,2026-08-19 14:39:52,live_market,live_market_203,True,cloud_automated,Wednesday - Trading Hours: 11:00 AM - 3:00 PM NPT,154,Chilime Hydropower Company Limited,CHCL,58.0,6655.0,479.8,-0.04,480.0,,480.0,480.0,475.0,3186150.9,2026-08-19 14:34:05.748572,33.0,478.76,,,,,,,,,,,,,,7,"price_volume, live_market, summary, top_gainers, top_losers, nepse_index, supply_demand",5631
2026-08-19T14:39:52.340992+05:45,2026-08-19 14:39:52,live_market,live_market_204,True,cloud_automated,Wednesday - Trading Hours: 11:00 AM - 3:00 PM NPT,153,Butwal Power Company Limited,BPCL,58.0,3363.0,635.1,-0.45,638.0,,640.0,643.6,635.1,2142718.6,2026-08-19 14:34:02.316088,270.0,637.14,,,,,,,,,,,,,,7,"price_volume, live_market, summary, top_gainers, top_losers, nepse_index, supply_demand",5631
2026-08-19T14:39:52.340992+05:45,2026-08-19 14:39:52,live_market,live_market_205,True,cloud_automated,Wednesday - Trading Hours: 11:00 AM - 3:00 PM NPT,2789,Joshi Hydropower Development Company Ltd,JOSHI,58.0,9680.0,270.0,-1.1,273.0,,259.4,283.0,259.4,2610428.7,2026-08-19 14:34:00.642034,100.0,269.67,,,,,,,,,,,,,,7,"price_volume, live_market, summary, top_gainers, top_losers, nepse_index, supply_demand",5631
2026-08-19T14:39:52.340992+05:45,2026-08-19 14:39:52,live_market,live_market_206,True,cloud_automated,Wednesday - Trading Hours: 11:00 AM - 3:00 PM NPT,9183,Nepal Republic Media Limited,NRM,58.0,5389.0,301.1,-0.63,303.0,,296.0,303.0,296.0,1623157.9,2026-08-19 14:34:00.403959,10.0,301.2,,,,,,,,,,,,,,7,"price_volume, live_market, summary, top_gainers, top_losers, nepse_index, supply_demand",5631
2026-08-19T14:39:52.340992+05:45,2026-08-19 14:39:52,live_market,live_market_207,True,cloud_automated,Wednesday - Trading Hours: 11:00 AM - 3:00 PM NPT,8111,Hydorelectricity Investment and Development Company Limited Promoter,HIDCLP,58.0,38599.0,186.0,0.54,185.0,,185.0,186.5,184.7,7168664.1,2026-08-19 14:33:52.473904,392.0,185.72,,,,,,,,,,,,,,7,"price_volume, live_market, summary, top_gainers, top_losers, nepse_index, supply_demand",5631
2026-08-19T14:39:52.340992+05:45,2026-08-19 14:39:52,live_market,live_market_208,True,cloud_automated,Wednesday - Trading Hours: 11:00 AM - 3:00 PM NPT,9159,Sagarmatha Jalabidhyut Company Limited,SMJC,58.0,5624.0,430.0,0.23,429.0,,435.0,435.0,425.5,2420320.2,2026-08-19 14:33:43.024637,41.0,430.36,,,,,,,,,,,,,,7,"price_volume, live_market, summary, top_gainers, top_losers, nepse_index, supply_demand",5631
2026-08-19T14:39:52.340992+05:45,2026-08-19 14:39:52,live_market,live_market_209,True,cloud_automated,Wednesday - Trading Hours: 11:00 AM - 3:00 PM NPT,9225,Vision Lumbini Urja Company Limited ,VLUCL,58.0,4368.0,400.0,0.76,397.0,,399.0,403.0,389.0,1719726.9,2026-08-19 14:33:29.36091,20.0,393.71,,,,,,,,,,,,,,7,"price_volume, live_market, summary, top_gainers, top_losers, nepse_index, supply_demand",5631
2026-08-19T14:39:52.340992+05:45,2026-08-19 14:39:52,live_market,live_market_210,True,cloud_automated,Wednesday - Trading Hours: 11:00 AM - 3:00 PM NPT,9230,Muktinath Krishi Company Limited,MKCL,58.0,2327.0,977.0,-0.81,985.0,,962.0,983.9,959.0,2244202.0,2026-08-19 14:33:26.971741,10.0,964.42,,,,,,,,,,,,,,7,"price_volume, live_market, summary, top_gainers, top_losers, nepse_index, supply_demand",5631
2026-08-19T14:39:52.340992+05:45,2026-08-19 14:39:52,live_market,live_market_211,True,cloud_automated,Wednesday - Trading Hours: 11:00 AM - 3:00 PM NPT,516,Manjushree Finance Ltd.,MFIL,58.0,17591.0,748.0,0.0,748.0,,760.0,760.0,740.0,13114872.5,2026-08-19 14:33:26.877928,40.0,745.54,,,,,,,,,,,,,,7,"price_volume, live_market, summary, top_gainers, top_losers, nepse_index, supply_demand",5631
2026-08-19T14:39:52.340992+05:45,2026-08-19 14:39:52,live_market,live_market_212,True,cloud_automated,Wednesday - Trading Hours: 11:00 AM - 3:00 PM NPT,141,Laxmi Sunrise Bank Limited,LSL,58.0,34061.0,218.5,-0.23,219.0,,216.5,220.0,216.5,7432600.5,2026-08-19 14:33:24.172646,41.0,218.21,,,,,,,,,,,,,,7,"price_volume, live_market, summary, top_gainers, top_losers, nepse_index, supply_demand",5631
2026-08-19T14:39:52.340992+05:45,2026-08-19 14:39:52,live_market,live_market_213,True,cloud_automated,Wednesday - Trading Hours: 11:00 AM - 3:00 PM NPT,9349,Sanima Equity Fund-2,SAEF2,58.0,6170.0,9.04,-0.33,9.07,,9.0,9.27,9.0,55834.8,2026-08-19 14:33:19.374643,150.0,9.05,,,,,,,,,,,,,,7,"price_volume, live_market, summary, top_gainers, top_losers, nepse_index, supply_demand",5631
2026-08-19T14:39:52.340992+05:45,2026-08-19 14:39:52,live_market,live_market_214,True,cloud_automated,Wednesday - Trading Hours: 11:00 AM - 3:00 PM NPT,307,Nepal Doorsanchar Company Limited,NTC,58.0,3013.0,883.5,-0.28,886.0,,871.0,884.0,871.0,2648091.1,2026-08-19 14:32:55.108852,68.0,878.89,,,,,,,,,,,,,,7,"price_volume, live_market, summary, top_gainers, top_losers, nepse_index, supply_demand",5631
2026-08-19T14:39:52.340992+05:45,2026-08-19 14:39:52,live_market,live_market_215,True,cloud_automated,Wednesday - Trading Hours: 11:00 AM - 3:00 PM NPT,8065,CYC Nepal Laghubitta Bittiya Sanstha Limited,CYCL,58.0,8547.0,1496.7,0.45,1490.0,,1415.5,1545.0,1415.5,12917518.9,2026-08-19 14:32:52.781278,10.0,1511.35,,,,,,,,,,,,,,7,"price_volume, live_market, summary, top_gainers, top_losers, nepse_index, supply_demand",5631
2026-08-19T14:39:52.340992+05:45,2026-08-19 14:39:52,live_market,live_market_216,True,cloud_automated,Wednesday - Trading Hours: 11:00 AM - 3:00 PM NPT,401,Mahalaxmi Bikas Bank Ltd.,MLBL,58.0,6128.0,345.0,-0.12,345.4,,345.4,347.9,343.7,2119624.7,2026-08-19 14:32:50.889511,90.0,345.89,,,,,,,,,,,,,,7,"price_volume, live_market, summary, top_gainers, top_losers, nepse_index, supply_demand",5631
2026-08-19T14:39:52.340992+05:45,2026-08-19 14:39:52,live_market,live_market_217,True,cloud_automated,Wednesday - Trading Hours: 11:00 AM - 3:00 PM NPT,8131,Eastern Hydropower Limited,EHPL,58.0,18362.0,329.5,-1.61,334.9,,351.6,351.6,325.2,6121016.3,2026-08-19 14:32:48.351866,15.0,333.35,,,,,,,,,,,,,,7,"price_volume, live_market, summary, top_gainers, top_losers, nepse_index, supply_demand",5631
2026-08-19T14:39:52.340992+05:45,2026-08-19 14:39:52,live_market,live_market_218,True,cloud_automated,Wednesday - Trading Hours: 11:00 AM - 3:00 PM NPT,8126,Sikles Hydropower Limited,SIKLES,58.0,4030.0,553.1,-0.09,553.6,,553.1,554.0,551.1,2229903.0,2026-08-19 14:32:44.811408,11.0,553.33,,,,,,,,,,,,,,7,"price_volume, live_market, summary, top_gainers, top_losers, nepse_index, supply_demand",5631
2026-08-19T14:39:52.340992+05:45,2026-08-19 14:39:52,live_market,live_market_219,True,cloud_automated,Wednesday - Trading Hours: 11:00 AM - 3:00 PM NPT,9242,Sarbottam Cement Limited,SARBTM,58.0,5787.0,780.1,-0.26,782.1,,802.9,802.9,780.0,4523133.2,2026-08-19 14:32:43.330175,85.0,781.6,,,,,,,,,,,,,,7,"price_volume, live_market, summary, top_gainers, top_losers, nepse_index, supply_demand",5631
2026-08-19T14:39:52.340992+05:45,2026-08-19 14:39:52,live_market,live_market_220,True,cloud_automated,Wednesday - Trading Hours: 11:00 AM - 3:00 PM NPT,2807,Asha Laghubitta Bittiya Sanstha Ltd,ALBSL,58.0,9235.0,1099.8,-0.19,1101.9,,1065.0,1115.0,1065.0,10135727.2,2026-08-19 14:32:43.230416,10.0,1097.53,,,,,,,,,,,,,,7,"price_volume, live_market, summary, top_gainers, top_losers, nepse_index, supply_demand",5631
2026-08-19T14:39:52.340992+05:45,2026-08-19 14:39:52,live_market,live_market_221,True,cloud_automated,Wednesday - Trading Hours: 11:00 AM - 3:00 PM NPT,9254,NMB Hybrid Fund L- II,NMBHF2,58.0,606500.0,9.85,-0.51,9.9,,9.61,10.0,9.61,6014239.0,2026-08-19 14:32:36.857724,200.0,9.92,,,,,,,,,,,,,,7,"price_volume, live_market, summary, top_gainers, top_losers, nepse_index, supply_demand",5631
2026-08-19T14:39:52.340992+05:45,2026-08-19 14:39:52,live_market,live_market_222,True,cloud_automated,Wednesday - Trading Hours: 11:00 AM - 3:00 PM NPT,9258,Pure Energy Limited,PURE,58.0,783.0,812.5,-1.52,825.0,,805.2,816.0,805.2,634689.5,2026-08-19 14:32:35.44265,10.0,810.59,,,,,,,,,,,,,,7,"price_volume, live_market, summary, top_gainers, top_losers, nepse_index, supply_demand",5631
2026-08-19T14:39:52.340992+05:45,2026-08-19 14:39:52,live_market,live_market_223,True,cloud_automated,Wednesday - Trading Hours: 11:00 AM - 3:00 PM NPT,192,Shikhar Insurance Co. Ltd.,SICL,58.0,6828.0,610.0,0.33,608.0,,605.1,612.0,605.1,4161950.9,2026-08-19 14:32:32.500869,10.0,609.54,,,,,,,,,,,,,,7,"price_volume, live_market, summary, top_gainers, top_losers, nepse_index, supply_demand",5631
2026-08-19T14:39:52.340992+05:45,2026-08-19 14:39:52,live_market,live_market_224,True,cloud_automated,Wednesday - Trading Hours: 11:00 AM - 3:00 PM NPT,2760,United Modi Hydropower Ltd.,UMHL,58.0,89109.0,595.5,-1.16,602.5,,590.0,605.0,589.0,52813167.6,2026-08-19 14:32:29.008769,78.0,592.68,,,,,,,,,,,,,,7,"price_volume, live_market, summary, top_gainers, top_losers, nepse_index, supply_demand",5631
2026-08-19T14:39:52.340992+05:45,2026-08-19 14:39:52,live_market,live_market_225,True,cloud_automated,Wednesday - Trading Hours: 11:00 AM - 3:00 PM NPT,8073,NIC Asia Flexi CAP Fund,NICFC,58.0,1100.0,8.96,-1.21,9.07,,8.83,8.96,8.83,9827.0,2026-08-19 14:32:22.338832,100.0,8.93,,,,,,,,,,,,,,7,"price_volume, live_market, summary, top_gainers, top_losers, nepse_index, supply_demand",5631
2026-08-19T14:39:52.340992+05:45,2026-08-19 14:39:52,live_market,live_market_226,True,cloud_automated,Wednesday - Trading Hours: 11:00 AM - 3:00 PM NPT,164,Chhimek Laghubitta Bittiya Sanstha Limited,CBBL,58.0,11689.0,939.8,0.41,936.0,,934.0,940.0,934.0,10960333.3,2026-08-19 14:32:07.428476,41.0,937.66,,,,,,,,,,,,,,7,"price_volume, live_market, summary, top_gainers, top_losers, nepse_index, supply_demand",5631
2026-08-19T14:39:52.340992+05:45,2026-08-19 14:39:52,live_market,live_market_227,True,cloud_automated,Wednesday - Trading Hours: 11:00 AM - 3:00 PM NPT,155,Salt Trading Corporation,STC,58.0,98.0,5172.3,0.08,5168.0,,5250.0,5250.0,5171.0,509027.5,2026-08-19 14:32:06.615617,3.0,5194.16,,,,,,,,,,,,,,7,"price_volume, live_market, summary, top_gainers, top_losers, nepse_index, supply_demand",5631
2026-08-19T14:39:52.340992+05:45,2026-08-19 14:39:52,live_market,live_market_228,True,cloud_automated,Wednesday - Trading Hours: 11:00 AM - 3:00 PM NPT,559,NLG Insurance Company Ltd.,NLG,58.0,3607.0,555.1,-0.86,559.9,,560.0,560.0,555.0,2005543.1,2026-08-19 14:31:57.485809,12.0,556.01,,,,,,,,,,,,,,7,"price_volume, live_market, summary, top_gainers, top_losers, nepse_index, supply_demand",5631
2026-08-19T14:39:52.340992+05:45,2026-08-19 14:39:52,live_market,live_market_229,True,cloud_automated,Wednesday - Trading Hours: 11:00 AM - 3:00 PM NPT,145,Siddhartha Bank Limited,SBL,58.0,41543.0,409.0,0.12,408.5,,407.0,411.0,407.0,17007522.5,2026-08-19 14:31:56.421608,400.0,409.4,,,,,,,,,,,,,,7,"price_volume, live_market, summary, top_gainers, top_losers, nepse_index, supply_demand",5631
2026-08-19T14:39:52.340992+05:45,2026-08-19 14:39:52,live_market,live_market_230,True,cloud_automated,Wednesday - Trading Hours: 11:00 AM - 3:00 PM NPT,2877,Sunrise First Mutual Fund,SFMF,58.0,12600.0,10.25,1.49,10.1,,10.1,10.3,10.1,127775.0,2026-08-19 14:31:37.62749,100.0,10.14,,,,,,,,,,,,,,7,"price_volume, live_market, summary, top_gainers, top_losers, nepse_index, supply_demand",5631
2026-08-19T14:39:52.340992+05:45,2026-08-19 14:39:52,live_market,live_market_231,True,cloud_automated,Wednesday - Trading Hours: 11:00 AM - 3:00 PM NPT,418,Jyoti Bikas Bank Limited,JBBL,58.0,5816.0,335.1,0.18,334.5,,334.0,336.0,333.3,1949568.5,2026-08-19 14:31:36.091772,300.0,335.21,,,,,,,,,,,,,,7,"price_volume, live_market, summary, top_gainers, top_losers, nepse_index, supply_demand",5631
2026-08-19T14:39:52.340992+05:45,2026-08-19 14:39:52,live_market,live_market_232,True,cloud_automated,Wednesday - Trading Hours: 11:00 AM - 3:00 PM NPT,176,Nepal Insurance Co. Ltd.,NICL,58.0,1173.0,493.8,-0.82,497.9,,509.9,509.9,492.0,581236.4,2026-08-19 14:31:18.232032,18.0,495.51,,,,,,,,,,,,,,7,"price_volume, live_market, summary, top_gainers, top_losers, nepse_index, supply_demand",5631
2026-08-19T14:39:52.340992+05:45,2026-08-19 14:39:52,live_market,live_market_233,True,cloud_automated,Wednesday - Trading Hours: 11:00 AM - 3:00 PM NPT,587,Reliance Finance Ltd.,RLFL,58.0,5826.0,440.0,-0.43,441.9,,419.9,452.8,419.9,2561770.0,2026-08-19 14:30:59.211702,190.0,439.71,,,,,,,,,,,,,,7,"price_volume, live_market, summary, top_gainers, top_losers, nepse_index, supply_demand",5631
2026-08-19T14:39:52.340992+05:45,2026-08-19 14:39:52,live_market,live_market_234,True,cloud_automated,Wednesday - Trading Hours: 11:00 AM - 3:00 PM NPT,133,Standard Chartered Bank Limited,SCB,58.0,6069.0,648.9,-0.17,650.0,,661.0,661.0,645.1,3962794.7,2026-08-19 14:30:58.364333,85.0,652.96,,,,,,,,,,,,,,7,"price_volume, live_market, summary, top_gainers, top_losers, nepse_index, supply_demand",5631
2026-08-19T14:39:52.340992+05:45,2026-08-19 14:39:52,live_market,live_market_235,True,cloud_automated,Wednesday - Trading Hours: 11:00 AM - 3:00 PM NPT,8034,Emerging Nepal Limited,ENL,58.0,200.0,787.6,-1.43,799.0,,822.0,822.0,781.0,158646.0,2026-08-19 14:30:54.756553,10.0,793.23,,,,,,,,,,,,,,7,"price_volume, live_market, summary, top_gainers, top_losers, nepse_index, supply_demand",5631
2026-08-19T14:39:52.340992+05:45,2026-08-19 14:39:52,live_market,live_market_236,True,cloud_automated,Wednesday - Trading Hours: 11:00 AM - 3:00 PM NPT,2917,Chandragiri Hills Limited,CGH,58.0,5524.0,770.0,-0.39,773.0,,773.0,786.0,766.0,4272010.0,2026-08-19 14:30:53.651988,90.0,773.35,,,,,,,,,,,,,,7,"price_volume, live_market, summary, top_gainers, top_losers, nepse_index, supply_demand",5631
2026-08-19T14:39:52.340992+05:45,2026-08-19 14:39:52,live_market,live_market_237,True,cloud_automated,Wednesday - Trading Hours: 11:00 AM - 3:00 PM NPT,9257,MBL Equity Fund,MBLEF,58.0,1050.0,9.7,-2.22,9.92,,9.7,9.7,9.7,10185.0,2026-08-19 14:30:53.58072,500.0,9.7,,,,,,,,,,,,,,7,"price_volume, live_market, summary, top_gainers, top_losers, nepse_index, supply_demand",5631
2026-08-19T14:39:52.340992+05:45,2026-08-19 14:39:52,live_market,live_market_238,True,cloud_automated,Wednesday - Trading Hours: 11:00 AM - 3:00 PM NPT,8026,Nyadi Hydropower Limited,NYADI,58.0,1299.0,360.2,-0.39,361.6,,360.1,361.0,358.0,467092.0,2026-08-19 14:30:49.865697,10.0,359.58,,,,,,,,,,,,,,7,"price_volume, live_market, summary, top_gainers, top_losers, nepse_index, supply_demand",5631
2026-08-19T14:39:52.340992+05:45,2026-08-19 14:39:52,live_market,live_market_239,True,cloud_automated,Wednesday - Trading Hours: 11:00 AM - 3:00 PM NPT,179,Himalayan Everest Insurance Limited,HEI,58.0,42.0,524.2,0.04,524.0,,529.0,529.0,524.0,21979.0,2026-08-19 14:30:48.641557,8.0,523.31,,,,,,,,,,,,,,7,"price_volume, live_market, summary, top_gainers, top_losers, nepse_index, supply_demand",5631
2026-08-19T14:39:52.340992+05:45,2026-08-19 14:39:52,live_market,live_market_240,True,cloud_automated,Wednesday - Trading Hours: 11:00 AM - 3:00 PM NPT,357,Prime Commercial Bank Ltd.,PCBL,58.0,29309.0,241.0,0.29,240.3,,240.0,242.0,237.0,7037442.6,2026-08-19 14:30:47.980344,30.0,240.11,,,,,,,,,,,,,,7,"price_volume, live_market, summary, top_gainers, top_losers, nepse_index, supply_demand",5631
2026-08-19T14:39:52.340992+05:45,2026-08-19 14:39:52,live_market,live_market_241,True,cloud_automated,Wednesday - Trading Hours: 11:00 AM - 3:00 PM NPT,227,Best Finance Company Ltd.,BFC,58.0,16438.0,480.0,-1.03,485.0,,485.0,489.0,478.0,7915505.8,2026-08-19 14:30:47.034299,165.0,481.54,,,,,,,,,,,,,,7,"price_volume, live_market, summary, top_gainers, top_losers, nepse_index, supply_demand",5631
2026-08-19T14:39:52.340992+05:45,2026-08-19 14:39:52,live_market,live_market_242,True,cloud_automated,Wednesday - Trading Hours: 11:00 AM - 3:00 PM NPT,147,Soaltee Hotel Limited,SHL,58.0,18962.0,499.9,-0.6,502.9,,498.0,500.0,490.0,9448946.5,2026-08-19 14:30:41.40855,200.0,498.31,,,,,,,,,,,,,,7,"price_volume, live_market, summary, top_gainers, top_losers, nepse_index, supply_demand",5631
2026-08-19T14:39:52.340992+05:45,2026-08-19 14:39:52,live_market,live_market_243,True,cloud_automated,Wednesday - Trading Hours: 11:00 AM - 3:00 PM NPT,9214,Bhagawati Hydropower Development Company Limited,BGWT,58.0,2319.0,510.0,2.0,500.0,,503.0,517.9,503.0,1181763.3,2026-08-19 14:30:16.844414,120.0,509.6,,,,,,,,,,,,,,7,"price_volume, live_market, summary, top_gainers, top_losers, nepse_index, supply_demand",5631
2026-08-19T14:39:52.340992+05:45,2026-08-19 14:39:52,live_market,live_market_244,True,cloud_automated,Wednesday - Trading Hours: 11:00 AM - 3:00 PM NPT,2933,Kumari Equity Fund,KEF,58.0,103395.0,11.08,0.91,10.98,,11.23,11.23,10.87,1138783.0,2026-08-19 14:30:14.44829,11600.0,11.01,,,,,,,,,,,,,,7,"price_volume, live_market, summary, top_gainers, top_losers, nepse_index, supply_demand",5631
2026-08-19T14:39:52.340992+05:45,2026-08-19 14:39:52,live_market,live_market_245,True,cloud_automated,Wednesday - Trading Hours: 11:00 AM - 3:00 PM NPT,250,Janaki Finance Company Limited,JFL,58.0,1801.0,381.0,-0.76,383.9,,381.0,387.1,380.0,685875.7,2026-08-19 14:30:05.25783,20.0,380.83,,,,,,,,,,,,,,7,"price_volume, live_market, summary, top_gainers, top_losers, nepse_index, supply_demand",5631
2026-08-19T14:39:52.340992+05:45,2026-08-19 14:39:52,live_market,live_market_246,True,cloud_automated,Wednesday - Trading Hours: 11:00 AM - 3:00 PM NPT,358,Lumbini Bikas Bank Ltd.,LBBL,58.0,11413.0,480.9,-0.23,482.0,,477.0,482.0,477.0,5464674.4,2026-08-19 14:30:04.65859,200.0,478.81,,,,,,,,,,,,,,7,"price_volume, live_market, summary, top_gainers, top_losers, nepse_index, supply_demand",5631
2026-08-19T14:39:52.340992+05:45,2026-08-19 14:39:52,live_market,live_market_247,True,cloud_automated,Wednesday - Trading Hours: 11:00 AM - 3:00 PM NPT,8117,Aviyan Laghubitta Bittiya Sanstha Limited,AVYAN,58.0,311.0,1039.0,1.51,1023.5,,1016.0,1039.0,1016.0,320519.2,2026-08-19 14:29:59.994502,50.0,1030.61,,,,,,,,,,,,,,7,"price_volume, live_market, summary, top_gainers, top_losers, nepse_index, supply_demand",5631
2026-08-19T14:39:52.340992+05:45,2026-08-19 14:39:52,live_market,live_market_248,True,cloud_automated,Wednesday - Trading Hours: 11:00 AM - 3:00 PM NPT,182,Siddhartha Premier Insurance Limited,SPIL,58.0,2435.0,679.0,-0.29,681.0,,681.0,681.0,675.4,1653837.9,2026-08-19 14:29:54.894662,90.0,679.19,,,,,,,,,,,,,,7,"price_volume, live_market, summary, top_gainers, top_losers, nepse_index, supply_demand",5631
2026-08-19T14:39:52.340992+05:45,2026-08-19 14:39:52,live_market,live_market_249,True,cloud_automated,Wednesday - Trading Hours: 11:00 AM - 3:00 PM NPT,9232,Chirkhwa Hydropower Limited ,CKHL,58.0,100.0,584.0,-2.5,599.0,,582.0,585.5,582.0,58408.0,2026-08-19 14:29:47.956335,10.0,584.08,,,,,,,,,,,,,,7,"price_volume, live_market, summary, top_gainers, top_losers, nepse_index, supply_demand",5631
2026-08-19T14:39:52.340992+05:45,2026-08-19 14:39:52,live_market,live_market_250,True,cloud_automated,Wednesday - Trading Hours: 11:00 AM - 3:00 PM NPT,9294,Sagar Distillery Limited,SAGAR,58.0,3552.0,1568.0,-0.13,1570.0,,1491.5,1599.5,1491.5,5537914.3,2026-08-19 14:29:45.16635,10.0,1559.1,,,,,,,,,,,,,,7,"price_volume, live_market, summary, top_gainers, top_losers, nepse_index, supply_demand",5631
2026-08-19T14:39:52.340992+05:45,2026-08-19 14:39:52,live_market,live_market_251,True,cloud_automated,Wednesday - Trading Hours: 11:00 AM - 3:00 PM NPT,338,Progressive Finance Limited,PROFL,58.0,8509.0,405.0,-0.95,408.9,,405.0,405.0,396.7,3416300.8,2026-08-19 14:29:42.749138,121.0,401.49,,,,,,,,,,,,,,7,"price_volume, live_market, summary, top_gainers, top_losers, nepse_index, supply_demand",5631
2026-08-19T14:39:52.340992+05:45,2026-08-19 14:39:52,live_market,live_market_252,True,cloud_automated,Wednesday - Trading Hours: 11:00 AM - 3:00 PM NPT,9255,Everest Bank Limited Debenture 2091,EBLD91,58.0,73.0,1100.0,0.0,1100.0,,1133.0,1133.0,1100.0,80787.8,2026-08-19 14:29:41.555045,25.0,1106.68,,,,,,,,,,,,,,7,"price_volume, live_market, summary, top_gainers, top_losers, nepse_index, supply_demand",5631
2026-08-19T14:39:52.340992+05:45,2026-08-19 14:39:52,live_market,live_market_253,True,cloud_automated,Wednesday - Trading Hours: 11:00 AM - 3:00 PM NPT,2829,Swabhimaan Laghubitta Bittiya Sanstha Limited,SMFBS,58.0,149.0,1421.1,-2.46,1457.0,,1423.0,1423.0,1421.0,211960.4,2026-08-19 14:29:28.274179,1.0,1422.55,,,,,,,,,,,,,,7,"price_volume, live_market, summary, top_gainers, top_losers, nepse_index, supply_demand",5631
2026-08-19T14:39:52.340992+05:45,2026-08-19 14:39:52,live_market,live_market_254,True,cloud_automated,Wednesday - Trading Hours: 11:00 AM - 3:00 PM NPT,583,Grameen Bikas Laghubitta Bittiya Sanstha Ltd.,GBLBS,58.0,1795.0,696.1,-0.27,698.0,,690.0,705.0,690.0,1250859.6,2026-08-19 14:29:17.005357,681.0,696.86,,,,,,,,,,,,,,7,"price_volume, live_market, summary, top_gainers, top_losers, nepse_index, supply_demand",5631
2026-08-19T14:39:52.340992+05:45,2026-08-19 14:39:52,live_market,live_market_255,True,cloud_automated,Wednesday - Trading Hours: 11:00 AM - 3:00 PM NPT,2887,NIC ASIA Laghubitta Bittiya Sanstha Limited,NICLBSL,58.0,5227.0,540.5,-1.01,546.0,,540.1,547.0,540.0,2831085.9,2026-08-19 14:29:13.656565,157.0,541.63,,,,,,,,,,,,,,7,"price_volume, live_market, summary, top_gainers, top_losers, nepse_index, supply_demand",5631
2026-08-19T14:39:52.340992+05:45,2026-08-19 14:39:52,live_market,live_market_256,True,cloud_automated,Wednesday - Trading Hours: 11:00 AM - 3:00 PM NPT,172,Narayani Development Bank Limited,NABBC,58.0,3662.0,811.5,1.17,802.1,,805.0,813.9,802.0,2957498.9,2026-08-19 14:29:03.422039,32.0,807.62,,,,,,,,,,,,,,7,"price_volume, live_market, summary, top_gainers, top_losers, nepse_index, supply_demand",5631
2026-08-19T14:39:52.340992+05:45,2026-08-19 14:39:52,live_market,live_market_257,True,cloud_automated,Wednesday - Trading Hours: 11:00 AM - 3:00 PM NPT,9304,Citizens Santulit Yojana,CSY,58.0,1850.0,8.66,-1.03,8.75,,8.51,8.8,8.51,15963.0,2026-08-19 14:28:40.355898,100.0,8.63,,,,,,,,,,,,,,7,"price_volume, live_market, summary, top_gainers, top_losers, nepse_index, supply_demand",5631
2026-08-19T14:39:52.340992+05:45,2026-08-19 14:39:52,live_market,live_market_258,True,cloud_automated,Wednesday - Trading Hours: 11:00 AM - 3:00 PM NPT,149,Oriental Hotels Limited,OHL,58.0,432.0,650.0,-0.31,652.0,,647.2,654.0,647.2,280968.4,2026-08-19 14:28:39.787044,10.0,650.39,,,,,,,,,,,,,,7,"price_volume, live_market, summary, top_gainers, top_losers, nepse_index, supply_demand",5631
2026-08-19T14:39:52.340992+05:45,2026-08-19 14:39:52,live_market,live_market_259,True,cloud_automated,Wednesday - Trading Hours: 11:00 AM - 3:00 PM NPT,9245,Muktinath Mutual Fund 1,MNMF1,58.0,2750.0,9.55,0.95,9.46,,9.45,9.7,9.25,25987.0,2026-08-19 14:28:22.422618,100.0,9.45,,,,,,,,,,,,,,7,"price_volume, live_market, summary, top_gainers, top_losers, nepse_index, supply_demand",5631
2026-08-19T14:39:52.340992+05:45,2026-08-19 14:39:52,live_market,live_market_260,True,cloud_automated,Wednesday - Trading Hours: 11:00 AM - 3:00 PM NPT,9158,Molung Hydropower Company Limited,MHCL,58.0,4712.0,301.3,-1.21,305.0,,300.5,305.0,298.0,1415550.0,2026-08-19 14:28:10.539651,10.0,300.41,,,,,,,,,,,,,,7,"price_volume, live_market, summary, top_gainers, top_losers, nepse_index, supply_demand",5631
2026-08-19T14:39:52.340992+05:45,2026-08-19 14:39:52,live_market,live_market_261,True,cloud_automated,Wednesday - Trading Hours: 11:00 AM - 3:00 PM NPT,4962,8.5% Prabhu Bank Debenture 2087,PBLD87,58.0,50.0,1102.2,2.06,1080.0,,1070.1,1102.2,1070.1,54307.5,2026-08-19 14:27:34.474343,25.0,1086.15,,,,,,,,,,,,,,7,"price_volume, live_market, summary, top_gainers, top_losers, nepse_index, supply_demand",5631
2026-08-19T14:39:52.340992+05:45,2026-08-19 14:39:52,live_market,live_market_262,True,cloud_automated,Wednesday - Trading Hours: 11:00 AM - 3:00 PM NPT,178,National Life Insurance Co. Ltd.,NLICL,58.0,4359.0,570.0,0.35,568.0,,565.0,572.8,562.0,2475001.5,2026-08-19 14:27:27.214666,10.0,567.79,,,,,,,,,,,,,,7,"price_volume, live_market, summary, top_gainers, top_losers, nepse_index, supply_demand",5631
2026-08-19T14:39:52.340992+05:45,2026-08-19 14:39:52,live_market,live_market_263,True,cloud_automated,Wednesday - Trading Hours: 11:00 AM - 3:00 PM NPT,8018,Manushi Laghubitta Bittiya Sanstha Limited,MLBS,58.0,611.0,1066.0,-1.3,1080.0,,1050.0,1080.0,1026.0,644764.0,2026-08-19 14:27:24.830912,10.0,1055.26,,,,,,,,,,,,,,7,"price_volume, live_market, summary, top_gainers, top_losers, nepse_index, supply_demand",5631
2026-08-19T14:39:52.340992+05:45,2026-08-19 14:39:52,live_market,live_market_264,True,cloud_automated,Wednesday - Trading Hours: 11:00 AM - 3:00 PM NPT,618,Laxmi Laghubitta Bittiya Sanstha Ltd.,LLBS,58.0,2180.0,870.0,0.0,870.0,,895.0,896.1,870.0,1913271.0,2026-08-19 14:27:16.517143,10.0,877.65,,,,,,,,,,,,,,7,"price_volume, live_market, summary, top_gainers, top_losers, nepse_index, supply_demand",5631
2026-08-19T14:39:52.340992+05:45,2026-08-19 14:39:52,live_market,live_market_265,True,cloud_automated,Wednesday - Trading Hours: 11:00 AM - 3:00 PM NPT,472,Shangrila Development Bank Ltd.,SADBL,58.0,7412.0,406.0,0.5,404.0,,400.3,407.0,400.0,2993426.8,2026-08-19 14:27:13.621746,100.0,403.86,,,,,,,,,,,,,,7,"price_volume, live_market, summary, top_gainers, top_losers, nepse_index, supply_demand",5631
2026-08-19T14:39:52.340992+05:45,2026-08-19 14:39:52,live_market,live_market_266,True,cloud_automated,Wednesday - Trading Hours: 11:00 AM - 3:00 PM NPT,9149,Maya Khola Hydropower Company Limited,MKHC,58.0,7443.0,262.3,-1.02,265.0,,252.0,265.0,252.0,1949803.7,2026-08-19 14:27:12.768032,139.0,261.96,,,,,,,,,,,,,,7,"price_volume, live_market, summary, top_gainers, top_losers, nepse_index, supply_demand",5631
2026-08-19T14:39:52.340992+05:45,2026-08-19 14:39:52,live_market,live_market_267,True,cloud_automated,Wednesday - Trading Hours: 11:00 AM - 3:00 PM NPT,9176,Ingwa Hydropower Limited,IHL,58.0,8708.0,323.0,-1.52,328.0,,328.0,328.0,320.1,2816886.9,2026-08-19 14:27:01.539851,20.0,323.48,,,,,,,,,,,,,,7,"price_volume, live_market, summary, top_gainers, top_losers, nepse_index, supply_demand",5631
2026-08-19T14:39:52.340992+05:45,2026-08-19 14:39:52,live_market,live_market_268,True,cloud_automated,Wednesday - Trading Hours: 11:00 AM - 3:00 PM NPT,471,Multipurpose Finance Company  Limited,MPFL,58.0,10067.0,615.0,-1.13,622.0,,614.0,620.0,613.0,6194794.4,2026-08-19 14:26:48.984261,60.0,615.36,,,,,,,,,,,,,,7,"price_volume, live_market, summary, top_gainers, top_losers, nepse_index, supply_demand",5631
2026-08-19T14:39:52.340992+05:45,2026-08-19 14:39:52,live_market,live_market_269,True,cloud_automated,Wednesday - Trading Hours: 11:00 AM - 3:00 PM NPT,188,Life Insurance Corporation (Nepal) Limited,LICN,58.0,2032.0,775.0,0.78,769.0,,764.5,778.0,764.5,1559372.4,2026-08-19 14:26:28.408888,21.0,767.41,,,,,,,,,,,,,,7,"price_volume, live_market, summary, top_gainers, top_losers, nepse_index, supply_demand",5631
2026-08-19T14:39:52.340992+05:45,2026-08-19 14:39:52,live_market,live_market_270,True,cloud_automated,Wednesday - Trading Hours: 11:00 AM - 3:00 PM NPT,245,Central Finance Co. Ltd.,CFCL,58.0,32456.0,599.0,0.67,595.0,,587.0,608.9,586.2,19440460.5,2026-08-19 14:26:03.962539,100.0,598.98,,,,,,,,,,,,,,7,"price_volume, live_market, summary, top_gainers, top_losers, nepse_index, supply_demand",5631
2026-08-19T14:39:52.340992+05:45,2026-08-19 14:39:52,live_market,live_market_271,True,cloud_automated,Wednesday - Trading Hours: 11:00 AM - 3:00 PM NPT,274,Excel Development Bank Ltd.,EDBL,58.0,9428.0,575.7,-1.27,583.1,,584.5,586.9,575.0,5523076.0,2026-08-19 14:25:59.111024,200.0,585.82,,,,,,,,,,,,,,7,"price_volume, live_market, summary, top_gainers, top_losers, nepse_index, supply_demand",5631
2026-08-19T14:39:52.340992+05:45,2026-08-19 14:39:52,live_market,live_market_272,True,cloud_automated,Wednesday - Trading Hours: 11:00 AM - 3:00 PM NPT,9140,Unique Nepal Laghubitta Bittiya Sanstha Limited,UNLB,58.0,174.0,1241.0,-1.66,1261.9,,1227.0,1250.0,1227.0,216410.0,2026-08-19 14:25:45.449253,10.0,1243.74,,,,,,,,,,,,,,7,"price_volume, live_market, summary, top_gainers, top_losers, nepse_index, supply_demand",5631
2026-08-19T14:39:52.340992+05:45,2026-08-19 14:39:52,live_market,live_market_273,True,cloud_automated,Wednesday - Trading Hours: 11:00 AM - 3:00 PM NPT,8025,Samling Power Company Limited,SPC,58.0,3375.0,412.0,0.68,409.2,,401.0,418.8,401.0,1380168.5,2026-08-19 14:25:28.371053,20.0,408.94,,,,,,,,,,,,,,7,"price_volume, live_market, summary, top_gainers, top_losers, nepse_index, supply_demand",5631
2026-08-19T14:39:52.340992+05:45,2026-08-19 14:39:52,live_market,live_market_274,True,cloud_automated,Wednesday - Trading Hours: 11:00 AM - 3:00 PM NPT,8106,Global IME Balanced Fund-1,GIBF1,58.0,15905.0,10.76,-0.37,10.8,,10.62,10.76,10.62,170752.05,2026-08-19 14:25:16.139776,100.0,10.74,,,,,,,,,,,,,,7,"price_volume, live_market, summary, top_gainers, top_losers, nepse_index, supply_demand",5631
2026-08-19T14:39:52.340992+05:45,2026-08-19 14:39:52,live_market,live_market_275,True,cloud_automated,Wednesday - Trading Hours: 11:00 AM - 3:00 PM NPT,9208,Upper Lohore Khola Hydropower Company Limited,ULHC,58.0,13917.0,335.0,-1.76,341.0,,341.0,348.0,332.1,4647957.4,2026-08-19 14:25:04.565776,10.0,333.98,,,,,,,,,,,,,,7,"price_volume, live_market, summary, top_gainers, top_losers, nepse_index, supply_demand",5631
2026-08-19T14:39:52.340992+05:45,2026-08-19 14:39:52,live_market,live_market_276,True,cloud_automated,Wednesday - Trading Hours: 11:00 AM - 3:00 PM NPT,700,Himalayan Everest Insurance Limited Promoter,HEIP,58.0,1160.0,320.1,-5.85,340.0,,340.0,340.0,320.1,381415.0,2026-08-19 14:24:47.419391,150.0,328.81,,,,,,,,,,,,,,7,"price_volume, live_market, summary, top_gainers, top_losers, nepse_index, supply_demand",5631
2026-08-19T14:39:52.340992+05:45,2026-08-19 14:39:52,live_market,live_market_277,True,cloud_automated,Wednesday - Trading Hours: 11:00 AM - 3:00 PM NPT,9147,Shuvam Power Limited,SPL,58.0,1230.0,646.0,-0.62,650.0,,633.2,663.0,621.2,781410.4,2026-08-19 14:24:38.313234,10.0,635.29,,,,,,,,,,,,,,7,"price_volume, live_market, summary, top_gainers, top_losers, nepse_index, supply_demand",5631
2026-08-19T14:39:52.340992+05:45,2026-08-19 14:39:52,live_market,live_market_278,True,cloud_automated,Wednesday - Trading Hours: 11:00 AM - 3:00 PM NPT,148,Taragaon Regency Hotel Limited,TRH,58.0,620.0,810.0,1.38,799.0,,808.0,810.0,808.0,501080.0,2026-08-19 14:23:08.942056,10.0,808.19,,,,,,,,,,,,,,7,"price_volume, live_market, summary, top_gainers, top_losers, nepse_index, supply_demand",5631
2026-08-19T14:39:52.340992+05:45,2026-08-19 14:39:52,live_market,live_market_279,True,cloud_automated,Wednesday - Trading Hours: 11:00 AM - 3:00 PM NPT,2863,NIC Asia Balanced Fund,NICBF,58.0,500.0,9.48,2.93,9.21,,9.21,9.48,9.21,4713.0,2026-08-19 14:23:04.242577,200.0,9.43,,,,,,,,,,,,,,7,"price_volume, live_market, summary, top_gainers, top_losers, nepse_index, supply_demand",5631
2026-08-19T14:39:52.340992+05:45,2026-08-19 14:39:52,live_market,live_market_280,True,cloud_automated,Wednesday - Trading Hours: 11:00 AM - 3:00 PM NPT,9196,Kutheli Bukhari Small Hydropower Limited,KBSH,58.0,7175.0,940.0,-0.3,942.8,,920.0,998.0,920.0,6648161.4,2026-08-19 14:22:54.706088,10.0,926.57,,,,,,,,,,,,,,7,"price_volume, live_market, summary, top_gainers, top_losers, nepse_index, supply_demand",5631
2026-08-19T14:39:52.340992+05:45,2026-08-19 14:39:52,live_market,live_market_281,True,cloud_automated,Wednesday - Trading Hours: 11:00 AM - 3:00 PM NPT,8063,Upakar Laghubitta Bittiya Sanstha Limited,ULBSL,58.0,619.0,2642.0,0.65,2625.0,,2546.6,2770.0,2546.6,1631032.7,2026-08-19 14:22:01.713756,10.0,2634.95,,,,,,,,,,,,,,7,"price_volume, live_market, summary, top_gainers, top_losers, nepse_index, supply_demand",5631
2026-08-19T14:39:52.340992+05:45,2026-08-19 14:39:52,live_market,live_market_282,True,cloud_automated,Wednesday - Trading Hours: 11:00 AM - 3:00 PM NPT,2886,10.35% Agricultural Bank Debenture 2083,ADBLD83,58.0,100.0,1039.0,0.87,1030.0,,1041.0,1041.0,1039.0,104000.0,2026-08-19 14:21:52.00024,50.0,1040.0,,,,,,,,,,,,,,7,"price_volume, live_market, summary, top_gainers, top_losers, nepse_index, supply_demand",5631
2026-08-19T14:39:52.340992+05:45,2026-08-19 14:39:52,live_market,live_market_283,True,cloud_automated,Wednesday - Trading Hours: 11:00 AM - 3:00 PM NPT,2768,Mahuli Laghubitta Bittiya Sanstha Limited,MSLB,58.0,411.0,1220.1,-1.2,1234.9,,1215.1,1235.0,1215.1,504798.0,2026-08-19 14:21:44.009183,10.0,1228.22,,,,,,,,,,,,,,7,"price_volume, live_market, summary, top_gainers, top_losers, nepse_index, supply_demand",5631
2026-08-19T14:39:52.340992+05:45,2026-08-19 14:39:52,live_market,live_market_284,True,cloud_automated,Wednesday - Trading Hours: 11:00 AM - 3:00 PM NPT,163,Nirdhan Utthan Laghubitta Bittiya Sanstha Limited,NUBL,58.0,1823.0,604.0,0.68,599.9,,595.9,604.0,595.0,1090297.9,2026-08-19 14:21:39.514425,10.0,598.08,,,,,,,,,,,,,,7,"price_volume, live_market, summary, top_gainers, top_losers, nepse_index, supply_demand",5631
2026-08-19T14:39:52.340992+05:45,2026-08-19 14:39:52,live_market,live_market_285,True,cloud_automated,Wednesday - Trading Hours: 11:00 AM - 3:00 PM NPT,185,Sagarmatha Lumbini Insurance Co. Limited,SALICO,58.0,4281.0,585.0,0.19,583.9,,582.5,591.0,582.5,2506131.5,2026-08-19 14:18:49.8966,10.0,585.41,,,,,,,,,,,,,,7,"price_volume, live_market, summary, top_gainers, top_losers, nepse_index, supply_demand",5631
2026-08-19T14:39:52.340992+05:45,2026-08-19 14:39:52,live_market,live_market_286,True,cloud_automated,Wednesday - Trading Hours: 11:00 AM - 3:00 PM NPT,2746,National Laghubitta Bittiya Sanstha Limited,NMFBS,58.0,268.0,1125.0,-0.31,1128.5,,1120.0,1125.0,1116.2,300890.0,2026-08-19 14:18:49.124339,60.0,1122.72,,,,,,,,,,,,,,7,"price_volume, live_market, summary, top_gainers, top_losers, nepse_index, supply_demand",5631
2026-08-19T14:39:52.340992+05:45,2026-08-19 14:39:52,live_market,live_market_287,True,cloud_automated,Wednesday - Trading Hours: 11:00 AM - 3:00 PM NPT,4968,RBB Mutual Fund 1,RMF1,58.0,1800.0,10.0,3.09,9.7,,9.52,10.0,9.51,17436.0,2026-08-19 14:17:47.746704,500.0,9.69,,,,,,,,,,,,,,7,"price_volume, live_market, summary, top_gainers, top_losers, nepse_index, supply_demand",5631
2026-08-19T14:39:52.340992+05:45,2026-08-19 14:39:52,live_market,live_market_288,True,cloud_automated,Wednesday - Trading Hours: 11:00 AM - 3:00 PM NPT,9175,Menchhiyam Hydropower Limited,MCHL,58.0,3625.0,280.0,0.04,279.9,,277.0,283.0,275.0,1002778.6,2026-08-19 14:17:43.686727,10.0,276.63,,,,,,,,,,,,,,7,"price_volume, live_market, summary, top_gainers, top_losers, nepse_index, supply_demand",5631
2026-08-19T14:39:52.340992+05:45,2026-08-19 14:39:52,live_market,live_market_289,True,cloud_automated,Wednesday - Trading Hours: 11:00 AM - 3:00 PM NPT,704,NMB  Microfinance Bittiya Sanstha Ltd.,NMBMF,58.0,251.0,601.9,1.07,595.5,,595.5,601.9,595.5,150393.5,2026-08-19 14:17:42.392333,130.0,599.18,,,,,,,,,,,,,,7,"price_volume, live_market, summary, top_gainers, top_losers, nepse_index, supply_demand",5631
2026-08-19T14:39:52.340992+05:45,2026-08-19 14:39:52,live_market,live_market_290,True,cloud_automated,Wednesday - Trading Hours: 11:00 AM - 3:00 PM NPT,8005,Mailung Khola Jal Vidhyut Company Limited,MKJC,58.0,669.0,440.0,-0.43,441.9,,419.9,443.0,419.9,294338.0,2026-08-19 14:16:16.69952,10.0,439.97,,,,,,,,,,,,,,7,"price_volume, live_market, summary, top_gainers, top_losers, nepse_index, supply_demand",5631
2026-08-19T14:39:52.340992+05:45,2026-08-19 14:39:52,live_market,live_market_291,True,cloud_automated,Wednesday - Trading Hours: 11:00 AM - 3:00 PM NPT,8024,Nabil Balanced Fund-3,NBF3,58.0,8950.0,9.6,0.21,9.58,,9.58,9.7,9.58,85919.0,2026-08-19 14:15:37.591167,100.0,9.6,,,,,,,,,,,,,,7,"price_volume, live_market, summary, top_gainers, top_losers, nepse_index, supply_demand",5631
2026-08-19T14:39:52.340992+05:45,2026-08-19 14:39:52,live_market,live_market_292,True,cloud_automated,Wednesday - Trading Hours: 11:00 AM - 3:00 PM NPT,9353,Sarvottam Paints Industries Limited,SAPIL,58.0,190.0,603.2,14.98,524.6,,537.7,603.2,537.7,112319.0,2026-08-19 14:14:24.225603,10.0,591.15,,,,,,,,,,,,,,7,"price_volume, live_market, summary, top_gainers, top_losers, nepse_index, supply_demand",5631
2026-08-19T14:39:52.340992+05:45,2026-08-19 14:39:52,live_market,live_market_293,True,cloud_automated,Wednesday - Trading Hours: 11:00 AM - 3:00 PM NPT,2758,Forward Microfinance Laghubitta Bittiya Sanstha Limited,FOWAD,58.0,705.0,931.0,-0.32,934.0,,921.0,931.0,920.0,653549.6,2026-08-19 14:12:35.177541,32.0,927.02,,,,,,,,,,,,,,7,"price_volume, live_market, summary, top_gainers, top_losers, nepse_index, supply_demand",5631
2026-08-19T14:39:52.340992+05:45,2026-08-19 14:39:52,live_market,live_market_294,True,cloud_automated,Wednesday - Trading Hours: 11:00 AM - 3:00 PM NPT,9198,Laxmi Value Fund 2,LVF2,58.0,3400.0,9.86,2.18,9.65,,9.38,9.86,9.38,32876.0,2026-08-19 14:11:42.608057,300.0,9.67,,,,,,,,,,,,,,7,"price_volume, live_market, summary, top_gainers, top_losers, nepse_index, supply_demand",5631
2026-08-19T14:39:52.340992+05:45,2026-08-19 14:39:52,live_market,live_market_295,True,cloud_automated,Wednesday - Trading Hours: 11:00 AM - 3:00 PM NPT,9218,Trishuli Jal Vidhyut Company Limited ,TVCL,58.0,498.0,467.0,1.28,461.1,,463.0,475.8,455.1,231235.0,2026-08-19 14:09:45.490304,8.0,464.33,,,,,,,,,,,,,,7,"price_volume, live_market, summary, top_gainers, top_losers, nepse_index, supply_demand",5631
2026-08-19T14:39:52.340992+05:45,2026-08-19 14:39:52,live_market,live_market_296,True,cloud_automated,Wednesday - Trading Hours: 11:00 AM - 3:00 PM NPT,9182,Siddhartha Investment Growth Scheme 3,SIGS3,58.0,197406.0,11.0,1.85,10.8,,10.99,11.04,10.9,2170905.24,2026-08-19 14:09:31.386332,80000.0,11.0,,,,,,,,,,,,,,7,"price_volume, live_market, summary, top_gainers, top_losers, nepse_index, supply_demand",5631
2026-08-19T14:39:52.340992+05:45,2026-08-19 14:39:52,live_market,live_market_297,True,cloud_automated,Wednesday - Trading Hours: 11:00 AM - 3:00 PM NPT,693,Himalayan Laghubitta Bittiya Sanstha Limited,HLBSL,58.0,82.0,875.0,0.0,875.0,,875.0,875.0,870.0,71419.6,2026-08-19 14:09:04.513064,10.0,870.97,,,,,,,,,,,,,,7,"price_volume, live_market, summary, top_gainers, top_losers, nepse_index, supply_demand",5631
2026-08-19T14:39:52.340992+05:45,2026-08-19 14:39:52,live_market,live_market_298,True,cloud_automated,Wednesday - Trading Hours: 11:00 AM - 3:00 PM NPT,2832,Infinity Laghubitta Bittiya Sanstha Limited,ILBS,58.0,961.0,853.0,-0.87,860.5,,850.0,874.9,850.0,819439.0,2026-08-19 14:09:03.898431,100.0,852.69,,,,,,,,,,,,,,7,"price_volume, live_market, summary, top_gainers, top_losers, nepse_index, supply_demand",5631
2026-08-19T14:39:52.340992+05:45,2026-08-19 14:39:52,live_market,live_market_299,True,cloud_automated,Wednesday - Trading Hours: 11:00 AM - 3:00 PM NPT,9271,7.25% SBL Debenture 2091,SBLD2091,58.0,100.0,1080.0,-0.23,1082.5,,1080.0,1080.0,1080.0,108000.0,2026-08-19 14:08:28.770354,100.0,1080.0,,,,,,,,,,,,,,7,"price_volume, live_market, summary, top_gainers, top_losers, nepse_index, supply_demand",5631
2026-08-19T14:39:52.340992+05:45,2026-08-19 14:39:52,live_market,live_market_300,True,cloud_automated,Wednesday - Trading Hours: 11:00 AM - 3:00 PM NPT,2790,Aarambha Chautari Laghubitta Bittiya Sanstha Limited,ACLBSL,58.0,799.0,896.0,-0.58,901.2,,898.0,921.6,894.4,716917.8,2026-08-19 14:08:15.14476,12.0,897.27,,,,,,,,,,,,,,7,"price_volume, live_market, summary, top_gainers, top_losers, nepse_index, supply_demand",5631
2026-08-19T14:39:52.340992+05:45,2026-08-19 14:39:52,live_market,live_market_301,True,cloud_automated,Wednesday - Trading Hours: 11:00 AM - 3:00 PM NPT,2914,United IDI Mardi RB Hydropower Limited.,UMRH,58.0,1486.0,521.3,0.25,520.0,,520.0,521.3,516.1,771599.3,2026-08-19 14:06:00.264803,11.0,519.25,,,,,,,,,,,,,,7,"price_volume, live_market, summary, top_gainers, top_losers, nepse_index, supply_demand",5631
2026-08-19T14:39:52.340992+05:45,2026-08-19 14:39:52,live_market,live_market_302,True,cloud_automated,Wednesday - Trading Hours: 11:00 AM - 3:00 PM NPT,9312,Nepal Life Samriddhi Lagani Yojana,NSY,58.0,3100.0,9.27,0.65,9.21,,9.0,9.27,8.9,28014.0,2026-08-19 14:05:47.120766,100.0,9.04,,,,,,,,,,,,,,7,"price_volume, live_market, summary, top_gainers, top_losers, nepse_index, supply_demand",5631
2026-08-19T14:39:52.340992+05:45,2026-08-19 14:39:52,live_market,live_market_303,True,cloud_automated,Wednesday - Trading Hours: 11:00 AM - 3:00 PM NPT,1741,Mero Microfinance Bittiya Sanstha Ltd.,MERO,58.0,417.0,652.0,-0.76,657.0,,645.2,652.0,645.2,270870.5,2026-08-19 14:02:45.000813,125.0,649.57,,,,,,,,,,,,,,7,"price_volume, live_market, summary, top_gainers, top_losers, nepse_index, supply_demand",5631
2026-08-19T14:39:52.340992+05:45,2026-08-19 14:39:52,live_market,live_market_304,True,cloud_automated,Wednesday - Trading Hours: 11:00 AM - 3:00 PM NPT,9236,NIC ASIA Growth Fund-2,NICGF2,58.0,900.0,9.0,0.0,9.0,,9.0,9.0,8.74,8048.0,2026-08-19 14:00:59.813673,200.0,8.94,,,,,,,,,,,,,,7,"price_volume, live_market, summary, top_gainers, top_losers, nepse_index, supply_demand",5631
2026-08-19T14:39:52.340992+05:45,2026-08-19 14:39:52,live_market,live_market_305,True,cloud_automated,Wednesday - Trading Hours: 11:00 AM - 3:00 PM NPT,469,Nepal Investment Mega Bank Ltd. Promoter Share,NIMBPO,58.0,3022.0,137.4,0.22,137.1,,141.0,141.1,137.4,420441.5,2026-08-19 14:00:02.076387,425.0,139.13,,,,,,,,,,,,,,7,"price_volume, live_market, summary, top_gainers, top_losers, nepse_index, supply_demand",5631
2026-08-19T14:39:52.340992+05:45,2026-08-19 14:39:52,live_market,live_market_306,True,cloud_automated,Wednesday - Trading Hours: 11:00 AM - 3:00 PM NPT,8023,Mega Mutual Fund -1,MMF1,58.0,8040.0,9.13,2.58,8.9,,8.64,9.13,8.6,71020.6,2026-08-19 13:59:08.005004,600.0,8.83,,,,,,,,,,,,,,7,"price_volume, live_market, summary, top_gainers, top_losers, nepse_index, supply_demand",5631
2026-08-19T14:39:52.340992+05:45,2026-08-19 14:39:52,live_market,live_market_307,True,cloud_automated,Wednesday - Trading Hours: 11:00 AM - 3:00 PM NPT,4949,NIBL Samriddhi Fund -2,NIBSF2,58.0,450.0,8.79,-0.11,8.8,,8.79,8.8,8.79,3957.5,2026-08-19 13:54:44.114662,100.0,8.79,,,,,,,,,,,,,,7,"price_volume, live_market, summary, top_gainers, top_losers, nepse_index, supply_demand",5631
2026-08-19T14:39:52.340992+05:45,2026-08-19 14:39:52,live_market,live_market_308,True,cloud_automated,Wednesday - Trading Hours: 11:00 AM - 3:00 PM NPT,695,Janautthan Samudayic Laghubitta Bittya Sanstha Limited,JSLBB,58.0,61.0,960.0,-1.03,970.0,,941.0,960.0,941.0,58351.0,2026-08-19 13:51:45.812111,40.0,956.57,,,,,,,,,,,,,,7,"price_volume, live_market, summary, top_gainers, top_losers, nepse_index, supply_demand",5631
2026-08-19T14:39:52.340992+05:45,2026-08-19 14:39:52,live_market,live_market_309,True,cloud_automated,Wednesday - Trading Hours: 11:00 AM - 3:00 PM NPT,2804,Samudayik Laghubitta Bittiya Sanstha Limited,SLBSL,58.0,78.0,927.0,0.98,918.0,,892.2,935.0,892.2,71833.8,2026-08-19 13:49:54.349975,40.0,920.95,,,,,,,,,,,,,,7,"price_volume, live_market, summary, top_gainers, top_losers, nepse_index, supply_demand",5631
2026-08-19T14:39:52.340992+05:45,2026-08-19 14:39:52,live_market,live_market_310,True,cloud_automated,Wednesday - Trading Hours: 11:00 AM - 3:00 PM NPT,9248,Garima Samriddhi Yojana,GSY,58.0,1600.0,9.3,0.0,9.3,,9.04,9.3,9.04,14546.0,2026-08-19 13:49:41.84345,100.0,9.09,,,,,,,,,,,,,,7,"price_volume, live_market, summary, top_gainers, top_losers, nepse_index, supply_demand",5631
2026-08-19T14:39:52.340992+05:45,2026-08-19 14:39:52,live_market,live_market_311,True,cloud_automated,Wednesday - Trading Hours: 11:00 AM - 3:00 PM NPT,8132,Shrijanshil Laghubitta Bittiya Sanstha Limited,SHLB,58.0,100.0,1381.0,-1.36,1400.0,,1360.0,1398.0,1358.0,138508.0,2026-08-19 13:49:24.554685,10.0,1385.08,,,,,,,,,,,,,,7,"price_volume, live_market, summary, top_gainers, top_losers, nepse_index, supply_demand",5631
2026-08-19T14:39:52.340992+05:45,2026-08-19 14:39:52,live_market,live_market_312,True,cloud_automated,Wednesday - Trading Hours: 11:00 AM - 3:00 PM NPT,9168,"Global IME Bank Debenture, 2084/85",GBILD84/85,58.0,123.0,1122.0,1.9,1101.1,,1120.0,1122.0,1120.0,137806.0,2026-08-19 13:41:40.763105,23.0,1120.37,,,,,,,,,,,,,,7,"price_volume, live_market, summary, top_gainers, top_losers, nepse_index, supply_demand",5631
2026-08-19T14:39:52.340992+05:45,2026-08-19 14:39:52,live_market,live_market_313,True,cloud_automated,Wednesday - Trading Hours: 11:00 AM - 3:00 PM NPT,2867,NMB 50,NMB50,58.0,344051.0,9.81,-0.91,9.9,,9.8,9.85,9.8,3373025.8,2026-08-19 13:40:19.747832,100.0,9.8,,,,,,,,,,,,,,7,"price_volume, live_market, summary, top_gainers, top_losers, nepse_index, supply_demand",5631
2026-08-19T14:39:52.340992+05:45,2026-08-19 14:39:52,live_market,live_market_314,True,cloud_automated,Wednesday - Trading Hours: 11:00 AM - 3:00 PM NPT,694,Matribhumi Lagubitta Bittiya Sanstha Limited,MATRI,58.0,215.0,800.0,0.49,796.1,,795.0,800.0,795.0,171776.9,2026-08-19 13:39:09.629517,50.0,798.96,,,,,,,,,,,,,,7,"price_volume, live_market, summary, top_gainers, top_losers, nepse_index, supply_demand",5631
2026-08-19T14:39:52.340992+05:45,2026-08-19 14:39:52,live_market,live_market_315,True,cloud_automated,Wednesday - Trading Hours: 11:00 AM - 3:00 PM NPT,9295,Swastik Laghubitta Bittiya Sanstha Limited,SWASTIK,58.0,590.0,1989.0,-0.06,1990.1,,1952.0,1989.9,1932.0,1154797.1,2026-08-19 13:34:07.111696,10.0,1957.28,,,,,,,,,,,,,,7,"price_volume, live_market, summary, top_gainers, top_losers, nepse_index, supply_demand",5631
2026-08-19T14:39:52.340992+05:45,2026-08-19 14:39:52,live_market,live_market_316,True,cloud_automated,Wednesday - Trading Hours: 11:00 AM - 3:00 PM NPT,2815,Ganapati Laghubitta Bittiya Sanstha Limited,GMFBS,58.0,298.0,1170.0,1.21,1156.0,,1160.0,1170.0,1160.0,347753.3,2026-08-19 13:32:21.872183,99.0,1166.96,,,,,,,,,,,,,,7,"price_volume, live_market, summary, top_gainers, top_losers, nepse_index, supply_demand",5631
2026-08-19T14:39:52.340992+05:45,2026-08-19 14:39:52,live_market,live_market_317,True,cloud_automated,Wednesday - Trading Hours: 11:00 AM - 3:00 PM NPT,9241,Kumari Sabal Yojana,KSY,58.0,300.0,9.17,-2.76,9.43,,9.16,9.17,9.16,2749.0,2026-08-19 13:29:25.502185,100.0,9.16,,,,,,,,,,,,,,7,"price_volume, live_market, summary, top_gainers, top_losers, nepse_index, supply_demand",5631
2026-08-19T14:39:52.340992+05:45,2026-08-19 14:39:52,live_market,live_market_318,True,cloud_automated,Wednesday - Trading Hours: 11:00 AM - 3:00 PM NPT,9264,7% RBBL Debenture 2088,RBBD2088,58.0,25.0,1050.0,-0.28,1053.0,,1050.0,1050.0,1050.0,26250.0,2026-08-19 13:28:51.349109,25.0,1050.0,,,,,,,,,,,,,,7,"price_volume, live_market, summary, top_gainers, top_losers, nepse_index, supply_demand",5631
2026-08-19T14:39:52.340992+05:45,2026-08-19 14:39:52,live_market,live_market_319,True,cloud_automated,Wednesday - Trading Hours: 11:00 AM - 3:00 PM NPT,9174,Prabhu Smart Fund,PRSF,58.0,1415.0,12.93,1.02,12.8,,12.9,12.93,12.9,18280.95,2026-08-19 13:27:08.712612,415.0,12.92,,,,,,,,,,,,,,7,"price_volume, live_market, summary, top_gainers, top_losers, nepse_index, supply_demand",5631
2026-08-19T14:39:52.340992+05:45,2026-08-19 14:39:52,live_market,live_market_320,True,cloud_automated,Wednesday - Trading Hours: 11:00 AM - 3:00 PM NPT,9139,Sanima Growth Fund,SAGF,58.0,10100.0,9.98,0.6,9.92,,10.0,10.0,9.98,100810.0,2026-08-19 13:24:35.023014,9500.0,9.98,,,,,,,,,,,,,,7,"price_volume, live_market, summary, top_gainers, top_losers, nepse_index, supply_demand",5631
2026-08-19T14:39:52.340992+05:45,2026-08-19 14:39:52,live_market,live_market_321,True,cloud_automated,Wednesday - Trading Hours: 11:00 AM - 3:00 PM NPT,184,Prabhu Insurance Ltd.,PRIN,58.0,1766.0,657.0,-0.45,660.0,,652.2,659.8,652.1,1156418.6,2026-08-19 13:18:56.149351,10.0,654.82,,,,,,,,,,,,,,7,"price_volume, live_market, summary, top_gainers, top_losers, nepse_index, supply_demand",5631
2026-08-19T14:39:52.340992+05:45,2026-08-19 14:39:52,live_market,live_market_322,True,cloud_automated,Wednesday - Trading Hours: 11:00 AM - 3:00 PM NPT,8033,"Garima Debenture, 2085",GBBD85,58.0,25.0,1064.0,-0.09,1065.0,,1064.0,1064.0,1064.0,26600.0,2026-08-19 13:04:48.539648,25.0,1064.0,,,,,,,,,,,,,,7,"price_volume, live_market, summary, top_gainers, top_losers, nepse_index, supply_demand",5631
2026-08-19T14:39:52.340992+05:45,2026-08-19 14:39:52,live_market,live_market_323,True,cloud_automated,Wednesday - Trading Hours: 11:00 AM - 3:00 PM NPT,9269,Global IME Sammunat Yojana -2,GBIMESY2,58.0,600.0,8.95,-1.21,9.06,,8.94,8.95,8.94,5369.0,2026-08-19 13:00:55.149107,100.0,8.95,,,,,,,,,,,,,,7,"price_volume, live_market, summary, top_gainers, top_losers, nepse_index, supply_demand",5631
2026-08-19T14:39:52.340992+05:45,2026-08-19 14:39:52,live_market,live_market_324,True,cloud_automated,Wednesday - Trading Hours: 11:00 AM - 3:00 PM NPT,9244,NIBL Stable Fund,NIBLSTF,58.0,1300.0,8.41,0.36,8.38,,8.38,8.64,8.38,11158.0,2026-08-19 12:59:50.407692,100.0,8.58,,,,,,,,,,,,,,7,"price_volume, live_market, summary, top_gainers, top_losers, nepse_index, supply_demand",5631
2026-08-19T14:39:52.340992+05:45,2026-08-19 14:39:52,live_market,live_market_325,True,cloud_automated,Wednesday - Trading Hours: 11:00 AM - 3:00 PM NPT,9138,NIBL Growth Fund,NIBLGF,58.0,7680.0,8.89,2.89,8.64,,8.63,8.89,8.63,67581.4,2026-08-19 12:59:36.933384,500.0,8.8,,,,,,,,,,,,,,7,"price_volume, live_market, summary, top_gainers, top_losers, nepse_index, supply_demand",5631
2026-08-19T14:39:52.340992+05:45,2026-08-19 14:39:52,live_market,live_market_326,True,cloud_automated,Wednesday - Trading Hours: 11:00 AM - 3:00 PM NPT,2770,Siddhartha Equity Fund,SEF,58.0,32500.0,9.34,-1.68,9.5,,9.75,9.75,9.34,310025.0,2026-08-19 12:54:44.702092,10000.0,9.54,,,,,,,,,,,,,,7,"price_volume, live_market, summary, top_gainers, top_losers, nepse_index, supply_demand",5631
2026-08-19T14:39:52.340992+05:45,2026-08-19 14:39:52,live_market,live_market_327,True,cloud_automated,Wednesday - Trading Hours: 11:00 AM - 3:00 PM NPT,544,Prime Commercial Bank Promoter Share,PCBLP,58.0,24779.0,103.0,0.0,103.0,,103.0,103.0,103.0,2552237.0,2026-08-19 12:53:22.24313,24779.0,103.0,,,,,,,,,,,,,,7,"price_volume, live_market, summary, top_gainers, top_losers, nepse_index, supply_demand",5631
2026-08-19T14:39:52.340992+05:45,2026-08-19 14:39:52,live_market,live_market_328,True,cloud_automated,Wednesday - Trading Hours: 11:00 AM - 3:00 PM NPT,9221,Himalayan 80-20,H8020,58.0,200.0,11.79,-1.75,12.0,,11.79,11.79,11.79,2358.0,2026-08-19 12:51:42.518661,100.0,11.79,,,,,,,,,,,,,,7,"price_volume, live_market, summary, top_gainers, top_losers, nepse_index, supply_demand",5631
2026-08-19T14:39:52.340992+05:45,2026-08-19 14:39:52,live_market,live_market_329,True,cloud_automated,Wednesday - Trading Hours: 11:00 AM - 3:00 PM NPT,2868,10.25% NIC Asia Debenture 2083/84,NICD83/84,58.0,855.0,1001.4,-0.95,1011.0,,1003.0,1003.0,1001.4,856443.0,2026-08-19 12:46:17.765877,20.0,1001.69,,,,,,,,,,,,,,7,"price_volume, live_market, summary, top_gainers, top_losers, nepse_index, supply_demand",5631
2026-08-19T14:39:52.340992+05:45,2026-08-19 14:39:52,live_market,live_market_330,True,cloud_automated,Wednesday - Trading Hours: 11:00 AM - 3:00 PM NPT,8068,Century Debenture 2088,CCBD88,58.0,25.0,1190.0,0.0,1190.0,,1190.0,1190.0,1190.0,29750.0,2026-08-19 12:38:06.499591,25.0,1190.0,,,,,,,,,,,,,,7,"price_volume, live_market, summary, top_gainers, top_losers, nepse_index, supply_demand",5631
2026-08-19T14:39:52.340992+05:45,2026-08-19 14:39:52,live_market,live_market_331,True,cloud_automated,Wednesday - Trading Hours: 11:00 AM - 3:00 PM NPT,2923,Sanima Large Cap Fund,SLCF,58.0,300.0,10.0,1.83,9.82,,10.0,10.0,10.0,3000.0,2026-08-19 12:28:22.440435,300.0,10.0,,,,,,,,,,,,,,7,"price_volume, live_market, summary, top_gainers, top_losers, nepse_index, supply_demand",5631
2026-08-19T14:39:52.340992+05:45,2026-08-19 14:39:52,live_market,live_market_332,True,cloud_automated,Wednesday - Trading Hours: 11:00 AM - 3:00 PM NPT,2902,Laxmi Unnati Kosh,LUK,58.0,400.0,9.99,0.0,9.99,,9.9,9.99,9.9,3978.0,2026-08-19 12:18:39.414971,200.0,9.95,,,,,,,,,,,,,,7,"price_volume, live_market, summary, top_gainers, top_losers, nepse_index, supply_demand",5631
2026-08-19T14:39:52.340992+05:45,2026-08-19 14:39:52,live_market,live_market_333,True,cloud_automated,Wednesday - Trading Hours: 11:00 AM - 3:00 PM NPT,4967,NIC Asia Select Fund 30,NICSF,58.0,1600.0,8.3,-2.47,8.51,,8.3,8.3,8.3,13280.0,2026-08-19 12:14:06.547252,100.0,8.3,,,,,,,,,,,,,,7,"price_volume, live_market, summary, top_gainers, top_losers, nepse_index, supply_demand",5631
2026-08-19T14:39:52.340992+05:45,2026-08-19 14:39:52,live_market,live_market_334,True,cloud_automated,Wednesday - Trading Hours: 11:00 AM - 3:00 PM NPT,9299,7% Nabil Debenture 2089,NABILD2089,58.0,100.0,1087.3,1.62,1070.0,,1087.3,1087.3,1087.3,108730.0,2026-08-19 12:11:04.399485,100.0,1087.3,,,,,,,,,,,,,,7,"price_volume, live_market, summary, top_gainers, top_losers, nepse_index, supply_demand",5631
2026-08-19T14:39:52.340992+05:45,2026-08-19 14:39:52,live_market,live_market_335,True,cloud_automated,Wednesday - Trading Hours: 11:00 AM - 3:00 PM NPT,9154,Sunrise Focused Equity Fund,SFEF,58.0,100.0,9.8,0.0,9.8,,9.8,9.8,9.8,980.0,2026-08-19 12:10:53.700199,100.0,9.8,,,,,,,,,,,,,,7,"price_volume, live_market, summary, top_gainers, top_losers, nepse_index, supply_demand",5631
2026-08-19T14:39:52.340992+05:45,2026-08-19 14:39:52,live_market,live_market_336,True,cloud_automated,Wednesday - Trading Hours: 11:00 AM - 3:00 PM NPT,2781,Wean Nepal Laghubitta Bittiya Sanstha Limited,WNLB,58.0,30.0,1295.0,-0.77,1305.0,,1300.0,1300.0,1295.0,38950.0,2026-08-19 12:06:40.413875,10.0,1298.33,,,,,,,,,,,,,,7,"price_volume, live_market, summary, top_gainers, top_losers, nepse_index, supply_demand",5631
2026-08-19T14:39:52.340992+05:45,2026-08-19 14:39:52,live_market,live_market_337,True,cloud_automated,Wednesday - Trading Hours: 11:00 AM - 3:00 PM NPT,9327,8% ICFC Finance Limited Debenture 2089,ICFCD89,58.0,20.0,1085.0,0.18,1083.0,,1085.0,1085.0,1085.0,21700.0,2026-08-19 12:01:53.665221,20.0,1085.0,,,,,,,,,,,,,,7,"price_volume, live_market, summary, top_gainers, top_losers, nepse_index, supply_demand",5631
2026-08-19T14:39:52.340992+05:45,2026-08-19 14:39:52,live_market,live_market_338,True,cloud_automated,Wednesday - Trading Hours: 11:00 AM - 3:00 PM NPT,213,Bottlers Nepal (Terai) Limited,BNT,58.0,61.0,11620.0,0.17,11600.0,,11880.0,11884.0,11605.0,719204.0,2026-08-19 11:54:23.489894,10.0,11790.23,,,,,,,,,,,,,,7,"price_volume, live_market, summary, top_gainers, top_losers, nepse_index, supply_demand",5631
2026-08-19T14:39:52.340992+05:45,2026-08-19 14:39:52,live_market,live_market_339,True,cloud_automated,Wednesday - Trading Hours: 11:00 AM - 3:00 PM NPT,8020,Jyoti Bikash Bank Bond 2087,JBBD87,58.0,25.0,1100.1,-0.54,1106.1,,1100.1,1100.1,1100.1,27502.5,2026-08-19 11:36:41.465644,25.0,1100.1,,,,,,,,,,,,,,7,"price_volume, live_market, summary, top_gainers, top_losers, nepse_index, supply_demand",5631
2026-08-19T14:39:52.340992+05:45,2026-08-19 14:39:52,live_market,live_market_340,True,cloud_automated,Wednesday - Trading Hours: 11:00 AM - 3:00 PM NPT,2882,12% ICFC Finance Limited Debenture 2083,ICFCD83,58.0,1.0,1035.0,0.0,1035.0,,1035.0,1035.0,1035.0,983.3,2026-08-19 10:46:00.085707,1.0,983.3,,,,,,,,,,,,,,7,"price_volume, live_market, summary, top_gainers, top_losers, nepse_index, supply_demand",5631
2026-08-19T14:39:52.340992+05:45,2026-08-19 14:39:52,summary,summary_summary,True,cloud_automated,Wednesday - Trading Hours: 11:00 AM - 3:00 PM NPT,,,,,,,,,,,,,,,,,2637867428.56,7757169.0,34898.0,340.0,,,,,,,,,,7,"price_volume, live_market, summary, top_gainers, top_losers, nepse_index, supply_demand",5631
2026-08-19T14:39:52.340992+05:45,2026-08-19 14:39:52,top_gainers,top_gainers_1,True,cloud_automated,Wednesday - Trading Hours: 11:00 AM - 3:00 PM NPT,9352,Mount Everest Power Development Limited,MEPDL,,,,14.99,,,,,,,,,,,,,,693.6,,90.4,,,,,,,7,"price_volume, live_market, summary, top_gainers, top_losers, nepse_index, supply_demand",5631
2026-08-19T14:39:52.340992+05:45,2026-08-19 14:39:52,top_gainers,top_gainers_2,True,cloud_automated,Wednesday - Trading Hours: 11:00 AM - 3:00 PM NPT,9353,Sarvottam Paints Industries Limited,SAPIL,,,,14.98,,,,,,,,,,,,,,603.2,,78.6,,,,,,,7,"price_volume, live_market, summary, top_gainers, top_losers, nepse_index, supply_demand",5631
2026-08-19T14:39:52.340992+05:45,2026-08-19 14:39:52,top_gainers,top_gainers_3,True,cloud_automated,Wednesday - Trading Hours: 11:00 AM - 3:00 PM NPT,4968,RBB Mutual Fund 1,RMF1,,,,3.09,,,,,,,,,,,,,,10.0,,0.3,,,,,,,7,"price_volume, live_market, summary, top_gainers, top_losers, nepse_index, supply_demand",5631
2026-08-19T14:39:52.340992+05:45,2026-08-19 14:39:52,top_gainers,top_gainers_4,True,cloud_automated,Wednesday - Trading Hours: 11:00 AM - 3:00 PM NPT,5984,8.5% Laxmi Bank Debenture 2088,LBLD88,,,,3.0,,,,,,,,,,,,,,1122.7,,32.7,,,,,,,7,"price_volume, live_market, summary, top_gainers, top_losers, nepse_index, supply_demand",5631
2026-08-19T14:39:52.340992+05:45,2026-08-19 14:39:52,top_gainers,top_gainers_5,True,cloud_automated,Wednesday - Trading Hours: 11:00 AM - 3:00 PM NPT,2863,NIC Asia Balanced Fund,NICBF,,,,2.93,,,,,,,,,,,,,,9.48,,0.27,,,,,,,7,"price_volume, live_market, summary, top_gainers, top_losers, nepse_index, supply_demand",5631
2026-08-19T14:39:52.340992+05:45,2026-08-19 14:39:52,top_gainers,top_gainers_6,True,cloud_automated,Wednesday - Trading Hours: 11:00 AM - 3:00 PM NPT,9138,NIBL Growth Fund,NIBLGF,,,,2.89,,,,,,,,,,,,,,8.89,,0.25,,,,,,,7,"price_volume, live_market, summary, top_gainers, top_losers, nepse_index, supply_demand",5631
2026-08-19T14:39:52.340992+05:45,2026-08-19 14:39:52,top_gainers,top_gainers_7,True,cloud_automated,Wednesday - Trading Hours: 11:00 AM - 3:00 PM NPT,8023,Mega Mutual Fund -1,MMF1,,,,2.58,,,,,,,,,,,,,,9.13,,0.23,,,,,,,7,"price_volume, live_market, summary, top_gainers, top_losers, nepse_index, supply_demand",5631
2026-08-19T14:39:52.340992+05:45,2026-08-19 14:39:52,top_gainers,top_gainers_8,True,cloud_automated,Wednesday - Trading Hours: 11:00 AM - 3:00 PM NPT,9351,Reliable Samriddhi Yojana -2,RSY2,,,,2.58,,,,,,,,,,,,,,9.15,,0.23,,,,,,,7,"price_volume, live_market, summary, top_gainers, top_losers, nepse_index, supply_demand",5631
2026-08-19T14:39:52.340992+05:45,2026-08-19 14:39:52,top_gainers,top_gainers_9,True,cloud_automated,Wednesday - Trading Hours: 11:00 AM - 3:00 PM NPT,9198,Laxmi Value Fund 2,LVF2,,,,2.18,,,,,,,,,,,,,,9.86,,0.21,,,,,,,7,"price_volume, live_market, summary, top_gainers, top_losers, nepse_index, supply_demand",5631
2026-08-19T14:39:52.340992+05:45,2026-08-19 14:39:52,top_gainers,top_gainers_10,True,cloud_automated,Wednesday - Trading Hours: 11:00 AM - 3:00 PM NPT,4962,8.5% Prabhu Bank Debenture 2087,PBLD87,,,,2.06,,,,,,,,,,,,,,1102.2,,22.2,,,,,,,7,"price_volume, live_market, summary, top_gainers, top_losers, nepse_index, supply_demand",5631
2026-08-19T14:39:52.340992+05:45,2026-08-19 14:39:52,top_gainers,top_gainers_11,True,cloud_automated,Wednesday - Trading Hours: 11:00 AM - 3:00 PM NPT,9214,Bhagawati Hydropower Development Company Limited,BGWT,,,,2.0,,,,,,,,,,,,,,510.0,,10.0,,,,,,,7,"price_volume, live_market, summary, top_gainers, top_losers, nepse_index, supply_demand",5631
2026-08-19T14:39:52.340992+05:45,2026-08-19 14:39:52,top_gainers,top_gainers_12,True,cloud_automated,Wednesday - Trading Hours: 11:00 AM - 3:00 PM NPT,9168,"Global IME Bank Debenture, 2084/85",GBILD84/85,,,,1.9,,,,,,,,,,,,,,1122.0,,20.9,,,,,,,7,"price_volume, live_market, summary, top_gainers, top_losers, nepse_index, supply_demand",5631
2026-08-19T14:39:52.340992+05:45,2026-08-19 14:39:52,top_gainers,top_gainers_13,True,cloud_automated,Wednesday - Trading Hours: 11:00 AM - 3:00 PM NPT,9182,Siddhartha Investment Growth Scheme 3,SIGS3,,,,1.85,,,,,,,,,,,,,,11.0,,0.2,,,,,,,7,"price_volume, live_market, summary, top_gainers, top_losers, nepse_index, supply_demand",5631
2026-08-19T14:39:52.340992+05:45,2026-08-19 14:39:52,top_gainers,top_gainers_14,True,cloud_automated,Wednesday - Trading Hours: 11:00 AM - 3:00 PM NPT,2923,Sanima Large Cap Fund,SLCF,,,,1.83,,,,,,,,,,,,,,10.0,,0.18,,,,,,,7,"price_volume, live_market, summary, top_gainers, top_losers, nepse_index, supply_demand",5631
2026-08-19T14:39:52.340992+05:45,2026-08-19 14:39:52,top_gainers,top_gainers_15,True,cloud_automated,Wednesday - Trading Hours: 11:00 AM - 3:00 PM NPT,2925,Mahila Lagubitta Bittiya Sanstha Limited ,MLBSL,,,,1.67,,,,,,,,,,,,,,1218.0,,20.0,,,,,,,7,"price_volume, live_market, summary, top_gainers, top_losers, nepse_index, supply_demand",5631
2026-08-19T14:39:52.340992+05:45,2026-08-19 14:39:52,top_gainers,top_gainers_16,True,cloud_automated,Wednesday - Trading Hours: 11:00 AM - 3:00 PM NPT,2771,Support Microfinance Bittiya Sanstha Ltd.,SMB,,,,1.63,,,,,,,,,,,,,,1751.0,,28.1,,,,,,,7,"price_volume, live_market, summary, top_gainers, top_losers, nepse_index, supply_demand",5631
2026-08-19T14:39:52.340992+05:45,2026-08-19 14:39:52,top_gainers,top_gainers_17,True,cloud_automated,Wednesday - Trading Hours: 11:00 AM - 3:00 PM NPT,9299,7% Nabil Debenture 2089,NABILD2089,,,,1.62,,,,,,,,,,,,,,1087.3,,17.3,,,,,,,7,"price_volume, live_market, summary, top_gainers, top_losers, nepse_index, supply_demand",5631
2026-08-19T14:39:52.340992+05:45,2026-08-19 14:39:52,top_gainers,top_gainers_18,True,cloud_automated,Wednesday - Trading Hours: 11:00 AM - 3:00 PM NPT,9329,Shikhar power Development Limited,SIPD,,,,1.6,,,,,,,,,,,,,,655.0,,10.3,,,,,,,7,"price_volume, live_market, summary, top_gainers, top_losers, nepse_index, supply_demand",5631
2026-08-19T14:39:52.340992+05:45,2026-08-19 14:39:52,top_gainers,top_gainers_19,True,cloud_automated,Wednesday - Trading Hours: 11:00 AM - 3:00 PM NPT,8117,Aviyan Laghubitta Bittiya Sanstha Limited,AVYAN,,,,1.51,,,,,,,,,,,,,,1039.0,,15.5,,,,,,,7,"price_volume, live_market, summary, top_gainers, top_losers, nepse_index, supply_demand",5631
2026-08-19T14:39:52.340992+05:45,2026-08-19 14:39:52,top_gainers,top_gainers_20,True,cloud_automated,Wednesday - Trading Hours: 11:00 AM - 3:00 PM NPT,2877,Sunrise First Mutual Fund,SFMF,,,,1.49,,,,,,,,,,,,,,10.25,,0.15,,,,,,,7,"price_volume, live_market, summary, top_gainers, top_losers, nepse_index, supply_demand",5631
2026-08-19T14:39:52.340992+05:45,2026-08-19 14:39:52,top_gainers,top_gainers_21,True,cloud_automated,Wednesday - Trading Hours: 11:00 AM - 3:00 PM NPT,156,Bishal Bazar Company Limited,BBC,,,,1.48,,,,,,,,,,,,,,4169.0,,61.0,,,,,,,7,"price_volume, live_market, summary, top_gainers, top_losers, nepse_index, supply_demand",5631
2026-08-19T14:39:52.340992+05:45,2026-08-19 14:39:52,top_gainers,top_gainers_22,True,cloud_automated,Wednesday - Trading Hours: 11:00 AM - 3:00 PM NPT,148,Taragaon Regency Hotel Limited,TRH,,,,1.38,,,,,,,,,,,,,,810.0,,11.0,,,,,,,7,"price_volume, live_market, summary, top_gainers, top_losers, nepse_index, supply_demand",5631
2026-08-19T14:39:52.340992+05:45,2026-08-19 14:39:52,top_gainers,top_gainers_23,True,cloud_automated,Wednesday - Trading Hours: 11:00 AM - 3:00 PM NPT,9156,Sanima Middle Tamor Hydropower Limited,TAMOR,,,,1.36,,,,,,,,,,,,,,461.2,,6.2,,,,,,,7,"price_volume, live_market, summary, top_gainers, top_losers, nepse_index, supply_demand",5631
2026-08-19T14:39:52.340992+05:45,2026-08-19 14:39:52,top_gainers,top_gainers_24,True,cloud_automated,Wednesday - Trading Hours: 11:00 AM - 3:00 PM NPT,9218,Trishuli Jal Vidhyut Company Limited ,TVCL,,,,1.28,,,,,,,,,,,,,,467.0,,5.9,,,,,,,7,"price_volume, live_market, summary, top_gainers, top_losers, nepse_index, supply_demand",5631
2026-08-19T14:39:52.340992+05:45,2026-08-19 14:39:52,top_gainers,top_gainers_25,True,cloud_automated,Wednesday - Trading Hours: 11:00 AM - 3:00 PM NPT,8045,Green Ventures Limited,GVL,,,,1.23,,,,,,,,,,,,,,476.0,,5.8,,,,,,,7,"price_volume, live_market, summary, top_gainers, top_losers, nepse_index, supply_demand",5631
2026-08-19T14:39:52.340992+05:45,2026-08-19 14:39:52,top_gainers,top_gainers_26,True,cloud_automated,Wednesday - Trading Hours: 11:00 AM - 3:00 PM NPT,2815,Ganapati Laghubitta Bittiya Sanstha Limited,GMFBS,,,,1.21,,,,,,,,,,,,,,1170.0,,14.0,,,,,,,7,"price_volume, live_market, summary, top_gainers, top_losers, nepse_index, supply_demand",5631
2026-08-19T14:39:52.340992+05:45,2026-08-19 14:39:52,top_gainers,top_gainers_27,True,cloud_automated,Wednesday - Trading Hours: 11:00 AM - 3:00 PM NPT,341,Global IME Bank Limited,GBIME,,,,1.18,,,,,,,,,,,,,,247.9,,2.9,,,,,,,7,"price_volume, live_market, summary, top_gainers, top_losers, nepse_index, supply_demand",5631
2026-08-19T14:39:52.340992+05:45,2026-08-19 14:39:52,top_gainers,top_gainers_28,True,cloud_automated,Wednesday - Trading Hours: 11:00 AM - 3:00 PM NPT,172,Narayani Development Bank Limited,NABBC,,,,1.17,,,,,,,,,,,,,,811.5,,9.4,,,,,,,7,"price_volume, live_market, summary, top_gainers, top_losers, nepse_index, supply_demand",5631
2026-08-19T14:39:52.340992+05:45,2026-08-19 14:39:52,top_gainers,top_gainers_29,True,cloud_automated,Wednesday - Trading Hours: 11:00 AM - 3:00 PM NPT,490,First Micro Finance Laghubitta Bittiya Sanstha Limited,FMDBL,,,,1.17,,,,,,,,,,,,,,769.9,,8.9,,,,,,,7,"price_volume, live_market, summary, top_gainers, top_losers, nepse_index, supply_demand",5631
2026-08-19T14:39:52.340992+05:45,2026-08-19 14:39:52,top_gainers,top_gainers_30,True,cloud_automated,Wednesday - Trading Hours: 11:00 AM - 3:00 PM NPT,9345,Sanigad Hydro Limited,SGHL,,,,1.13,,,,,,,,,,,,,,538.0,,6.0,,,,,,,7,"price_volume, live_market, summary, top_gainers, top_losers, nepse_index, supply_demand",5631
2026-08-19T14:39:52.340992+05:45,2026-08-19 14:39:52,top_gainers,top_gainers_31,True,cloud_automated,Wednesday - Trading Hours: 11:00 AM - 3:00 PM NPT,2788,Ankhu Khola Jalvidhyut Company Ltd,AKJCL,,,,1.12,,,,,,,,,,,,,,353.0,,3.9,,,,,,,7,"price_volume, live_market, summary, top_gainers, top_losers, nepse_index, supply_demand",5631
2026-08-19T14:39:52.340992+05:45,2026-08-19 14:39:52,top_gainers,top_gainers_32,True,cloud_automated,Wednesday - Trading Hours: 11:00 AM - 3:00 PM NPT,9350,LS Horizon 12,LSH12,,,,1.1,,,,,,,,,,,,,,9.2,,0.1,,,,,,,7,"price_volume, live_market, summary, top_gainers, top_losers, nepse_index, supply_demand",5631
2026-08-19T14:39:52.340992+05:45,2026-08-19 14:39:52,top_gainers,top_gainers_33,True,cloud_automated,Wednesday - Trading Hours: 11:00 AM - 3:00 PM NPT,704,NMB  Microfinance Bittiya Sanstha Ltd.,NMBMF,,,,1.07,,,,,,,,,,,,,,601.9,,6.4,,,,,,,7,"price_volume, live_market, summary, top_gainers, top_losers, nepse_index, supply_demand",5631
2026-08-19T14:39:52.340992+05:45,2026-08-19 14:39:52,top_gainers,top_gainers_34,True,cloud_automated,Wednesday - Trading Hours: 11:00 AM - 3:00 PM NPT,9174,Prabhu Smart Fund,PRSF,,,,1.02,,,,,,,,,,,,,,12.93,,0.13,,,,,,,7,"price_volume, live_market, summary, top_gainers, top_losers, nepse_index, supply_demand",5631
2026-08-19T14:39:52.340992+05:45,2026-08-19 14:39:52,top_gainers,top_gainers_35,True,cloud_automated,Wednesday - Trading Hours: 11:00 AM - 3:00 PM NPT,9173,City Hotel Limited,CITY,,,,1.01,,,,,,,,,,,,,,361.8,,3.6,,,,,,,7,"price_volume, live_market, summary, top_gainers, top_losers, nepse_index, supply_demand",5631
2026-08-19T14:39:52.340992+05:45,2026-08-19 14:39:52,top_gainers,top_gainers_36,True,cloud_automated,Wednesday - Trading Hours: 11:00 AM - 3:00 PM NPT,2804,Samudayik Laghubitta Bittiya Sanstha Limited,SLBSL,,,,0.98,,,,,,,,,,,,,,927.0,,9.0,,,,,,,7,"price_volume, live_market, summary, top_gainers, top_losers, nepse_index, supply_demand",5631
2026-08-19T14:39:52.340992+05:45,2026-08-19 14:39:52,top_gainers,top_gainers_37,True,cloud_automated,Wednesday - Trading Hours: 11:00 AM - 3:00 PM NPT,2860,Saptakoshi Development Bank Ltd,SAPDBL,,,,0.96,,,,,,,,,,,,,,737.0,,7.0,,,,,,,7,"price_volume, live_market, summary, top_gainers, top_losers, nepse_index, supply_demand",5631
2026-08-19T14:39:52.340992+05:45,2026-08-19 14:39:52,top_gainers,top_gainers_38,True,cloud_automated,Wednesday - Trading Hours: 11:00 AM - 3:00 PM NPT,9146,Super Madi Hydropower Limited,SMHL,,,,0.95,,,,,,,,,,,,,,500.0,,4.7,,,,,,,7,"price_volume, live_market, summary, top_gainers, top_losers, nepse_index, supply_demand",5631
2026-08-19T14:39:52.340992+05:45,2026-08-19 14:39:52,top_gainers,top_gainers_39,True,cloud_automated,Wednesday - Trading Hours: 11:00 AM - 3:00 PM NPT,9245,Muktinath Mutual Fund 1,MNMF1,,,,0.95,,,,,,,,,,,,,,9.55,,0.09,,,,,,,7,"price_volume, live_market, summary, top_gainers, top_losers, nepse_index, supply_demand",5631
2026-08-19T14:39:52.340992+05:45,2026-08-19 14:39:52,top_gainers,top_gainers_40,True,cloud_automated,Wednesday - Trading Hours: 11:00 AM - 3:00 PM NPT,2933,Kumari Equity Fund,KEF,,,,0.91,,,,,,,,,,,,,,11.08,,0.1,,,,,,,7,"price_volume, live_market, summary, top_gainers, top_losers, nepse_index, supply_demand",5631
2026-08-19T14:39:52.340992+05:45,2026-08-19 14:39:52,top_gainers,top_gainers_41,True,cloud_automated,Wednesday - Trading Hours: 11:00 AM - 3:00 PM NPT,142,Kumari Bank Limited,KBL,,,,0.9,,,,,,,,,,,,,,214.0,,1.9,,,,,,,7,"price_volume, live_market, summary, top_gainers, top_losers, nepse_index, supply_demand",5631
2026-08-19T14:39:52.340992+05:45,2026-08-19 14:39:52,top_gainers,top_gainers_42,True,cloud_automated,Wednesday - Trading Hours: 11:00 AM - 3:00 PM NPT,2886,10.35% Agricultural Bank Debenture 2083,ADBLD83,,,,0.87,,,,,,,,,,,,,,1039.0,,9.0,,,,,,,7,"price_volume, live_market, summary, top_gainers, top_losers, nepse_index, supply_demand",5631
2026-08-19T14:39:52.340992+05:45,2026-08-19 14:39:52,top_gainers,top_gainers_43,True,cloud_automated,Wednesday - Trading Hours: 11:00 AM - 3:00 PM NPT,9296,Bungal Hydro Limited,BUNGAL,,,,0.86,,,,,,,,,,,,,,600.0,,5.1,,,,,,,7,"price_volume, live_market, summary, top_gainers, top_losers, nepse_index, supply_demand",5631
2026-08-19T14:39:52.340992+05:45,2026-08-19 14:39:52,top_gainers,top_gainers_44,True,cloud_automated,Wednesday - Trading Hours: 11:00 AM - 3:00 PM NPT,473,Shine Resunga Development Bank Ltd.,SHINE,,,,0.83,,,,,,,,,,,,,,414.9,,3.4,,,,,,,7,"price_volume, live_market, summary, top_gainers, top_losers, nepse_index, supply_demand",5631
2026-08-19T14:39:52.340992+05:45,2026-08-19 14:39:52,top_gainers,top_gainers_45,True,cloud_automated,Wednesday - Trading Hours: 11:00 AM - 3:00 PM NPT,2896,Sampada Laghubitta Bittiya Sanstha Limited,SMPDA,,,,0.82,,,,,,,,,,,,,,741.0,,6.0,,,,,,,7,"price_volume, live_market, summary, top_gainers, top_losers, nepse_index, supply_demand",5631
2026-08-19T14:39:52.340992+05:45,2026-08-19 14:39:52,top_gainers,top_gainers_46,True,cloud_automated,Wednesday - Trading Hours: 11:00 AM - 3:00 PM NPT,2935,Ru Ru Jalbidhyut Pariyojana Limited,RURU,,,,0.81,,,,,,,,,,,,,,609.9,,4.9,,,,,,,7,"price_volume, live_market, summary, top_gainers, top_losers, nepse_index, supply_demand",5631
2026-08-19T14:39:52.340992+05:45,2026-08-19 14:39:52,top_gainers,top_gainers_47,True,cloud_automated,Wednesday - Trading Hours: 11:00 AM - 3:00 PM NPT,2907,Shiva Shree Hydropower Ltd,SSHL,,,,0.8,,,,,,,,,,,,,,201.6,,1.6,,,,,,,7,"price_volume, live_market, summary, top_gainers, top_losers, nepse_index, supply_demand",5631
2026-08-19T14:39:52.340992+05:45,2026-08-19 14:39:52,top_gainers,top_gainers_48,True,cloud_automated,Wednesday - Trading Hours: 11:00 AM - 3:00 PM NPT,188,Life Insurance Corporation (Nepal) Limited,LICN,,,,0.78,,,,,,,,,,,,,,775.0,,6.0,,,,,,,7,"price_volume, live_market, summary, top_gainers, top_losers, nepse_index, supply_demand",5631
2026-08-19T14:39:52.340992+05:45,2026-08-19 14:39:52,top_gainers,top_gainers_49,True,cloud_automated,Wednesday - Trading Hours: 11:00 AM - 3:00 PM NPT,9308,Hotel Forest Inn Limited,HFIN,,,,0.76,,,,,,,,,,,,,,685.0,,5.2,,,,,,,7,"price_volume, live_market, summary, top_gainers, top_losers, nepse_index, supply_demand",5631
2026-08-19T14:39:52.340992+05:45,2026-08-19 14:39:52,top_gainers,top_gainers_50,True,cloud_automated,Wednesday - Trading Hours: 11:00 AM - 3:00 PM NPT,9225,Vision Lumbini Urja Company Limited ,VLUCL,,,,0.76,,,,,,,,,,,,,,400.0,,3.0,,,,,,,7,"price_volume, live_market, summary, top_gainers, top_losers, nepse_index, supply_demand",5631
2026-08-19T14:39:52.340992+05:45,2026-08-19 14:39:52,top_gainers,top_gainers_51,True,cloud_automated,Wednesday - Trading Hours: 11:00 AM - 3:00 PM NPT,593,Kalika Laghubitta Bittiya Sanstha Ltd,KMCDB,,,,0.75,,,,,,,,,,,,,,788.9,,5.9,,,,,,,7,"price_volume, live_market, summary, top_gainers, top_losers, nepse_index, supply_demand",5631
2026-08-19T14:39:52.340992+05:45,2026-08-19 14:39:52,top_gainers,top_gainers_52,True,cloud_automated,Wednesday - Trading Hours: 11:00 AM - 3:00 PM NPT,9267,Bikash Hydropower Company Limited,BHCL,,,,0.74,,,,,,,,,,,,,,556.1,,4.1,,,,,,,7,"price_volume, live_market, summary, top_gainers, top_losers, nepse_index, supply_demand",5631
2026-08-19T14:39:52.340992+05:45,2026-08-19 14:39:52,top_gainers,top_gainers_53,True,cloud_automated,Wednesday - Trading Hours: 11:00 AM - 3:00 PM NPT,163,Nirdhan Utthan Laghubitta Bittiya Sanstha Limited,NUBL,,,,0.68,,,,,,,,,,,,,,604.0,,4.1,,,,,,,7,"price_volume, live_market, summary, top_gainers, top_losers, nepse_index, supply_demand",5631
2026-08-19T14:39:52.340992+05:45,2026-08-19 14:39:52,top_gainers,top_gainers_54,True,cloud_automated,Wednesday - Trading Hours: 11:00 AM - 3:00 PM NPT,8025,Samling Power Company Limited,SPC,,,,0.68,,,,,,,,,,,,,,412.0,,2.8,,,,,,,7,"price_volume, live_market, summary, top_gainers, top_losers, nepse_index, supply_demand",5631
2026-08-19T14:39:52.340992+05:45,2026-08-19 14:39:52,top_gainers,top_gainers_55,True,cloud_automated,Wednesday - Trading Hours: 11:00 AM - 3:00 PM NPT,245,Central Finance Co. Ltd.,CFCL,,,,0.67,,,,,,,,,,,,,,599.0,,4.0,,,,,,,7,"price_volume, live_market, summary, top_gainers, top_losers, nepse_index, supply_demand",5631
2026-08-19T14:39:52.340992+05:45,2026-08-19 14:39:52,top_gainers,top_gainers_56,True,cloud_automated,Wednesday - Trading Hours: 11:00 AM - 3:00 PM NPT,8063,Upakar Laghubitta Bittiya Sanstha Limited,ULBSL,,,,0.65,,,,,,,,,,,,,,2642.0,,17.0,,,,,,,7,"price_volume, live_market, summary, top_gainers, top_losers, nepse_index, supply_demand",5631
2026-08-19T14:39:52.340992+05:45,2026-08-19 14:39:52,top_gainers,top_gainers_57,True,cloud_automated,Wednesday - Trading Hours: 11:00 AM - 3:00 PM NPT,9312,Nepal Life Samriddhi Lagani Yojana,NSY,,,,0.65,,,,,,,,,,,,,,9.27,,0.06,,,,,,,7,"price_volume, live_market, summary, top_gainers, top_losers, nepse_index, supply_demand",5631
2026-08-19T14:39:52.340992+05:45,2026-08-19 14:39:52,top_gainers,top_gainers_58,True,cloud_automated,Wednesday - Trading Hours: 11:00 AM - 3:00 PM NPT,9139,Sanima Growth Fund,SAGF,,,,0.6,,,,,,,,,,,,,,9.98,,0.06,,,,,,,7,"price_volume, live_market, summary, top_gainers, top_losers, nepse_index, supply_demand",5631
2026-08-19T14:39:52.340992+05:45,2026-08-19 14:39:52,top_gainers,top_gainers_59,True,cloud_automated,Wednesday - Trading Hours: 11:00 AM - 3:00 PM NPT,9193,Ghorahi Cement Industry Limited,GCIL,,,,0.59,,,,,,,,,,,,,,342.0,,2.0,,,,,,,7,"price_volume, live_market, summary, top_gainers, top_losers, nepse_index, supply_demand",5631
2026-08-19T14:39:52.340992+05:45,2026-08-19 14:39:52,top_gainers,top_gainers_60,True,cloud_automated,Wednesday - Trading Hours: 11:00 AM - 3:00 PM NPT,8055,Balephi Hydropower Limited,BHL,,,,0.53,,,,,,,,,,,,,,208.7,,1.1,,,,,,,7,"price_volume, live_market, summary, top_gainers, top_losers, nepse_index, supply_demand",5631
2026-08-19T14:39:52.340992+05:45,2026-08-19 14:39:52,top_gainers,top_gainers_61,True,cloud_automated,Wednesday - Trading Hours: 11:00 AM - 3:00 PM NPT,8021,Sahas Urja Limited,SAHAS,,,,0.5,,,,,,,,,,,,,,688.0,,3.4,,,,,,,7,"price_volume, live_market, summary, top_gainers, top_losers, nepse_index, supply_demand",5631
2026-08-19T14:39:52.340992+05:45,2026-08-19 14:39:52,top_gainers,top_gainers_62,True,cloud_automated,Wednesday - Trading Hours: 11:00 AM - 3:00 PM NPT,472,Shangrila Development Bank Ltd.,SADBL,,,,0.5,,,,,,,,,,,,,,406.0,,2.0,,,,,,,7,"price_volume, live_market, summary, top_gainers, top_losers, nepse_index, supply_demand",5631
2026-08-19T14:39:52.340992+05:45,2026-08-19 14:39:52,top_gainers,top_gainers_63,True,cloud_automated,Wednesday - Trading Hours: 11:00 AM - 3:00 PM NPT,8133,Peoples Hydropower Company Limited,PHCL,,,,0.5,,,,,,,,,,,,,,299.5,,1.5,,,,,,,7,"price_volume, live_market, summary, top_gainers, top_losers, nepse_index, supply_demand",5631
2026-08-19T14:39:52.340992+05:45,2026-08-19 14:39:52,top_gainers,top_gainers_64,True,cloud_automated,Wednesday - Trading Hours: 11:00 AM - 3:00 PM NPT,694,Matribhumi Lagubitta Bittiya Sanstha Limited,MATRI,,,,0.49,,,,,,,,,,,,,,800.0,,3.9,,,,,,,7,"price_volume, live_market, summary, top_gainers, top_losers, nepse_index, supply_demand",5631
2026-08-19T14:39:52.340992+05:45,2026-08-19 14:39:52,top_gainers,top_gainers_65,True,cloud_automated,Wednesday - Trading Hours: 11:00 AM - 3:00 PM NPT,9330,Palpa Cement Industries Limited,PCIL,,,,0.48,,,,,,,,,,,,,,625.0,,3.0,,,,,,,7,"price_volume, live_market, summary, top_gainers, top_losers, nepse_index, supply_demand",5631
2026-08-19T14:39:52.340992+05:45,2026-08-19 14:39:52,top_gainers,top_gainers_66,True,cloud_automated,Wednesday - Trading Hours: 11:00 AM - 3:00 PM NPT,385,Asian Life Insurance Co. Limited,ALICL,,,,0.48,,,,,,,,,,,,,,417.0,,2.0,,,,,,,7,"price_volume, live_market, summary, top_gainers, top_losers, nepse_index, supply_demand",5631
2026-08-19T14:39:52.340992+05:45,2026-08-19 14:39:52,top_gainers,top_gainers_67,True,cloud_automated,Wednesday - Trading Hours: 11:00 AM - 3:00 PM NPT,8065,CYC Nepal Laghubitta Bittiya Sanstha Limited,CYCL,,,,0.45,,,,,,,,,,,,,,1496.7,,6.7,,,,,,,7,"price_volume, live_market, summary, top_gainers, top_losers, nepse_index, supply_demand",5631
2026-08-19T14:39:52.340992+05:45,2026-08-19 14:39:52,top_gainers,top_gainers_68,True,cloud_automated,Wednesday - Trading Hours: 11:00 AM - 3:00 PM NPT,2898,NRN Infrastructure and Development Limited,NRN,,,,0.44,,,,,,,,,,,,,,1379.0,,6.0,,,,,,,7,"price_volume, live_market, summary, top_gainers, top_losers, nepse_index, supply_demand",5631
2026-08-19T14:39:52.340992+05:45,2026-08-19 14:39:52,top_gainers,top_gainers_69,True,cloud_automated,Wednesday - Trading Hours: 11:00 AM - 3:00 PM NPT,2809,SHIVAM CEMENTS LTD,SHIVM,,,,0.42,,,,,,,,,,,,,,627.1,,2.6,,,,,,,7,"price_volume, live_market, summary, top_gainers, top_losers, nepse_index, supply_demand",5631
2026-08-19T14:39:52.340992+05:45,2026-08-19 14:39:52,top_gainers,top_gainers_70,True,cloud_automated,Wednesday - Trading Hours: 11:00 AM - 3:00 PM NPT,152,National Hydro Power Company Limited,NHPC,,,,0.42,,,,,,,,,,,,,,263.0,,1.1,,,,,,,7,"price_volume, live_market, summary, top_gainers, top_losers, nepse_index, supply_demand",5631
2026-08-19T14:39:52.340992+05:45,2026-08-19 14:39:52,top_gainers,top_gainers_71,True,cloud_automated,Wednesday - Trading Hours: 11:00 AM - 3:00 PM NPT,2824,Himalaya Urja Bikas Company Limited,HURJA,,,,0.42,,,,,,,,,,,,,,236.6,,1.0,,,,,,,7,"price_volume, live_market, summary, top_gainers, top_losers, nepse_index, supply_demand",5631
2026-08-19T14:39:52.340992+05:45,2026-08-19 14:39:52,top_gainers,top_gainers_72,True,cloud_automated,Wednesday - Trading Hours: 11:00 AM - 3:00 PM NPT,164,Chhimek Laghubitta Bittiya Sanstha Limited,CBBL,,,,0.41,,,,,,,,,,,,,,939.8,,3.8,,,,,,,7,"price_volume, live_market, summary, top_gainers, top_losers, nepse_index, supply_demand",5631
2026-08-19T14:39:52.340992+05:45,2026-08-19 14:39:52,top_gainers,top_gainers_73,True,cloud_automated,Wednesday - Trading Hours: 11:00 AM - 3:00 PM NPT,2757,Arun Kabeli Power Ltd.,AKPL,,,,0.4,,,,,,,,,,,,,,250.0,,1.0,,,,,,,7,"price_volume, live_market, summary, top_gainers, top_losers, nepse_index, supply_demand",5631
2026-08-19T14:39:52.340992+05:45,2026-08-19 14:39:52,top_gainers,top_gainers_74,True,cloud_automated,Wednesday - Trading Hours: 11:00 AM - 3:00 PM NPT,2913,Mountain Energy Nepal Limited,MEN,,,,0.39,,,,,,,,,,,,,,622.0,,2.4,,,,,,,7,"price_volume, live_market, summary, top_gainers, top_losers, nepse_index, supply_demand",5631
2026-08-19T14:39:52.340992+05:45,2026-08-19 14:39:52,top_gainers,top_gainers_75,True,cloud_automated,Wednesday - Trading Hours: 11:00 AM - 3:00 PM NPT,610,Ridi Power Company Limited,RIDI,,,,0.39,,,,,,,,,,,,,,361.0,,1.4,,,,,,,7,"price_volume, live_market, summary, top_gainers, top_losers, nepse_index, supply_demand",5631
2026-08-19T14:39:52.340992+05:45,2026-08-19 14:39:52,top_gainers,top_gainers_76,True,cloud_automated,Wednesday - Trading Hours: 11:00 AM - 3:00 PM NPT,9244,NIBL Stable Fund,NIBLSTF,,,,0.36,,,,,,,,,,,,,,8.41,,0.03,,,,,,,7,"price_volume, live_market, summary, top_gainers, top_losers, nepse_index, supply_demand",5631
2026-08-19T14:39:52.340992+05:45,2026-08-19 14:39:52,top_gainers,top_gainers_77,True,cloud_automated,Wednesday - Trading Hours: 11:00 AM - 3:00 PM NPT,178,National Life Insurance Co. Ltd.,NLICL,,,,0.35,,,,,,,,,,,,,,570.0,,2.0,,,,,,,7,"price_volume, live_market, summary, top_gainers, top_losers, nepse_index, supply_demand",5631
2026-08-19T14:39:52.340992+05:45,2026-08-19 14:39:52,top_gainers,top_gainers_78,True,cloud_automated,Wednesday - Trading Hours: 11:00 AM - 3:00 PM NPT,2881,Nepal Reinsurance Company Limited,NRIC,,,,0.33,,,,,,,,,,,,,,908.0,,3.0,,,,,,,7,"price_volume, live_market, summary, top_gainers, top_losers, nepse_index, supply_demand",5631
2026-08-19T14:39:52.340992+05:45,2026-08-19 14:39:52,top_gainers,top_gainers_79,True,cloud_automated,Wednesday - Trading Hours: 11:00 AM - 3:00 PM NPT,192,Shikhar Insurance Co. Ltd.,SICL,,,,0.33,,,,,,,,,,,,,,610.0,,2.0,,,,,,,7,"price_volume, live_market, summary, top_gainers, top_losers, nepse_index, supply_demand",5631
2026-08-19T14:39:52.340992+05:45,2026-08-19 14:39:52,top_gainers,top_gainers_80,True,cloud_automated,Wednesday - Trading Hours: 11:00 AM - 3:00 PM NPT,9262,Trade Tower Limited,TTL,,,,0.31,,,,,,,,,,,,,,707.2,,2.2,,,,,,,7,"price_volume, live_market, summary, top_gainers, top_losers, nepse_index, supply_demand",5631
2026-08-19T14:39:52.340992+05:45,2026-08-19 14:39:52,top_gainers,top_gainers_81,True,cloud_automated,Wednesday - Trading Hours: 11:00 AM - 3:00 PM NPT,2908,Sanima GIC Insurance Limited,SGIC,,,,0.29,,,,,,,,,,,,,,448.0,,1.3,,,,,,,7,"price_volume, live_market, summary, top_gainers, top_losers, nepse_index, supply_demand",5631
2026-08-19T14:39:52.340992+05:45,2026-08-19 14:39:52,top_gainers,top_gainers_82,True,cloud_automated,Wednesday - Trading Hours: 11:00 AM - 3:00 PM NPT,357,Prime Commercial Bank Ltd.,PCBL,,,,0.29,,,,,,,,,,,,,,241.0,,0.7,,,,,,,7,"price_volume, live_market, summary, top_gainers, top_losers, nepse_index, supply_demand",5631
2026-08-19T14:39:52.340992+05:45,2026-08-19 14:39:52,top_gainers,top_gainers_83,True,cloud_automated,Wednesday - Trading Hours: 11:00 AM - 3:00 PM NPT,9259,Reliable Samriddhi Yojana,RSY,,,,0.29,,,,,,,,,,,,,,10.53,,0.03,,,,,,,7,"price_volume, live_market, summary, top_gainers, top_losers, nepse_index, supply_demand",5631
2026-08-19T14:39:52.340992+05:45,2026-08-19 14:39:52,top_gainers,top_gainers_84,True,cloud_automated,Wednesday - Trading Hours: 11:00 AM - 3:00 PM NPT,360,Arun Valley Hydropower Development Co. Ltd.,AHPC,,,,0.27,,,,,,,,,,,,,,260.7,,0.7,,,,,,,7,"price_volume, live_market, summary, top_gainers, top_losers, nepse_index, supply_demand",5631
2026-08-19T14:39:52.340992+05:45,2026-08-19 14:39:52,top_gainers,top_gainers_85,True,cloud_automated,Wednesday - Trading Hours: 11:00 AM - 3:00 PM NPT,132,Nepal Investment Mega Bank Limited,NIMB,,,,0.27,,,,,,,,,,,,,,187.5,,0.5,,,,,,,7,"price_volume, live_market, summary, top_gainers, top_losers, nepse_index, supply_demand",5631
2026-08-19T14:39:52.340992+05:45,2026-08-19 14:39:52,top_gainers,top_gainers_86,True,cloud_automated,Wednesday - Trading Hours: 11:00 AM - 3:00 PM NPT,9151,Kalinchowk Darshan Limited,KDL,,,,0.26,,,,,,,,,,,,,,770.0,,2.0,,,,,,,7,"price_volume, live_market, summary, top_gainers, top_losers, nepse_index, supply_demand",5631
2026-08-19T14:39:52.340992+05:45,2026-08-19 14:39:52,top_gainers,top_gainers_87,True,cloud_automated,Wednesday - Trading Hours: 11:00 AM - 3:00 PM NPT,2792,Upper Tamakoshi Hydropower Ltd,UPPER,,,,0.26,,,,,,,,,,,,,,191.0,,0.5,,,,,,,7,"price_volume, live_market, summary, top_gainers, top_losers, nepse_index, supply_demand",5631
2026-08-19T14:39:52.340992+05:45,2026-08-19 14:39:52,top_gainers,top_gainers_88,True,cloud_automated,Wednesday - Trading Hours: 11:00 AM - 3:00 PM NPT,9322,Bhujung Hydropower Limited,BJHL,,,,0.25,,,,,,,,,,,,,,715.8,,1.8,,,,,,,7,"price_volume, live_market, summary, top_gainers, top_losers, nepse_index, supply_demand",5631
2026-08-19T14:39:52.340992+05:45,2026-08-19 14:39:52,top_gainers,top_gainers_89,True,cloud_automated,Wednesday - Trading Hours: 11:00 AM - 3:00 PM NPT,183,Neco Insurance Limited,NIL,,,,0.25,,,,,,,,,,,,,,600.0,,1.5,,,,,,,7,"price_volume, live_market, summary, top_gainers, top_losers, nepse_index, supply_demand",5631
2026-08-19T14:39:52.340992+05:45,2026-08-19 14:39:52,top_gainers,top_gainers_90,True,cloud_automated,Wednesday - Trading Hours: 11:00 AM - 3:00 PM NPT,2914,United IDI Mardi RB Hydropower Limited.,UMRH,,,,0.25,,,,,,,,,,,,,,521.3,,1.3,,,,,,,7,"price_volume, live_market, summary, top_gainers, top_losers, nepse_index, supply_demand",5631
2026-08-19T14:39:52.340992+05:45,2026-08-19 14:39:52,top_gainers,top_gainers_91,True,cloud_automated,Wednesday - Trading Hours: 11:00 AM - 3:00 PM NPT,139,NIC Asia Bank Ltd.,NICA,,,,0.25,,,,,,,,,,,,,,315.8,,0.8,,,,,,,7,"price_volume, live_market, summary, top_gainers, top_losers, nepse_index, supply_demand",5631
2026-08-19T14:39:52.340992+05:45,2026-08-19 14:39:52,top_gainers,top_gainers_92,True,cloud_automated,Wednesday - Trading Hours: 11:00 AM - 3:00 PM NPT,9334,Kalinchock Hydropower Limited,KHPL,,,,0.24,,,,,,,,,,,,,,788.0,,1.9,,,,,,,7,"price_volume, live_market, summary, top_gainers, top_losers, nepse_index, supply_demand",5631
2026-08-19T14:39:52.340992+05:45,2026-08-19 14:39:52,top_gainers,top_gainers_93,True,cloud_automated,Wednesday - Trading Hours: 11:00 AM - 3:00 PM NPT,2787,Kalika power Company Ltd,KPCL,,,,0.24,,,,,,,,,,,,,,461.1,,1.1,,,,,,,7,"price_volume, live_market, summary, top_gainers, top_losers, nepse_index, supply_demand",5631
2026-08-19T14:39:52.340992+05:45,2026-08-19 14:39:52,top_gainers,top_gainers_94,True,cloud_automated,Wednesday - Trading Hours: 11:00 AM - 3:00 PM NPT,9159,Sagarmatha Jalabidhyut Company Limited,SMJC,,,,0.23,,,,,,,,,,,,,,430.0,,1.0,,,,,,,7,"price_volume, live_market, summary, top_gainers, top_losers, nepse_index, supply_demand",5631
2026-08-19T14:39:52.340992+05:45,2026-08-19 14:39:52,top_gainers,top_gainers_95,True,cloud_automated,Wednesday - Trading Hours: 11:00 AM - 3:00 PM NPT,219,Unilever Nepal Limited,UNL,,,,0.22,,,,,,,,,,,,,,46600.0,,100.0,,,,,,,7,"price_volume, live_market, summary, top_gainers, top_losers, nepse_index, supply_demand",5631
2026-08-19T14:39:52.340992+05:45,2026-08-19 14:39:52,top_gainers,top_gainers_96,True,cloud_automated,Wednesday - Trading Hours: 11:00 AM - 3:00 PM NPT,459,Kamana Sewa Bikas Bank Limited,KSBBL,,,,0.21,,,,,,,,,,,,,,476.0,,1.0,,,,,,,7,"price_volume, live_market, summary, top_gainers, top_losers, nepse_index, supply_demand",5631
2026-08-19T14:39:52.340992+05:45,2026-08-19 14:39:52,top_gainers,top_gainers_97,True,cloud_automated,Wednesday - Trading Hours: 11:00 AM - 3:00 PM NPT,8024,Nabil Balanced Fund-3,NBF3,,,,0.21,,,,,,,,,,,,,,9.6,,0.02,,,,,,,7,"price_volume, live_market, summary, top_gainers, top_losers, nepse_index, supply_demand",5631
2026-08-19T14:39:52.340992+05:45,2026-08-19 14:39:52,top_gainers,top_gainers_98,True,cloud_automated,Wednesday - Trading Hours: 11:00 AM - 3:00 PM NPT,8070,Dordi Khola Jal Bidyut Company Limited,DORDI,,,,0.2,,,,,,,,,,,,,,247.6,,0.5,,,,,,,7,"price_volume, live_market, summary, top_gainers, top_losers, nepse_index, supply_demand",5631
2026-08-19T14:39:52.340992+05:45,2026-08-19 14:39:52,top_gainers,top_gainers_99,True,cloud_automated,Wednesday - Trading Hours: 11:00 AM - 3:00 PM NPT,185,Sagarmatha Lumbini Insurance Co. Limited,SALICO,,,,0.19,,,,,,,,,,,,,,585.0,,1.1,,,,,,,7,"price_volume, live_market, summary, top_gainers, top_losers, nepse_index, supply_demand",5631
2026-08-19T14:39:52.340992+05:45,2026-08-19 14:39:52,top_gainers,top_gainers_100,True,cloud_automated,Wednesday - Trading Hours: 11:00 AM - 3:00 PM NPT,8075,Bindhyabasini Hydropower Development Company Limited,BHDC,,,,0.19,,,,,,,,,,,,,,425.0,,0.8,,,,,,,7,"price_volume, live_market, summary, top_gainers, top_losers, nepse_index, supply_demand",5631
2026-08-19T14:39:52.340992+05:45,2026-08-19 14:39:52,top_gainers,top_gainers_101,True,cloud_automated,Wednesday - Trading Hours: 11:00 AM - 3:00 PM NPT,9327,8% ICFC Finance Limited Debenture 2089,ICFCD89,,,,0.18,,,,,,,,,,,,,,1085.0,,2.0,,,,,,,7,"price_volume, live_market, summary, top_gainers, top_losers, nepse_index, supply_demand",5631
2026-08-19T14:39:52.340992+05:45,2026-08-19 14:39:52,top_gainers,top_gainers_102,True,cloud_automated,Wednesday - Trading Hours: 11:00 AM - 3:00 PM NPT,418,Jyoti Bikas Bank Limited,JBBL,,,,0.18,,,,,,,,,,,,,,335.1,,0.6,,,,,,,7,"price_volume, live_market, summary, top_gainers, top_losers, nepse_index, supply_demand",5631
2026-08-19T14:39:52.340992+05:45,2026-08-19 14:39:52,top_gainers,top_gainers_103,True,cloud_automated,Wednesday - Trading Hours: 11:00 AM - 3:00 PM NPT,8074,Kumari Dhanabriddhi Yojana,KDBY,,,,0.18,,,,,,,,,,,,,,11.07,,0.02,,,,,,,7,"price_volume, live_market, summary, top_gainers, top_losers, nepse_index, supply_demand",5631
2026-08-19T14:39:52.340992+05:45,2026-08-19 14:39:52,top_gainers,top_gainers_104,True,cloud_automated,Wednesday - Trading Hours: 11:00 AM - 3:00 PM NPT,213,Bottlers Nepal (Terai) Limited,BNT,,,,0.17,,,,,,,,,,,,,,11620.0,,20.0,,,,,,,7,"price_volume, live_market, summary, top_gainers, top_losers, nepse_index, supply_demand",5631
2026-08-19T14:39:52.340992+05:45,2026-08-19 14:39:52,top_gainers,top_gainers_105,True,cloud_automated,Wednesday - Trading Hours: 11:00 AM - 3:00 PM NPT,397,Agricultural Development Bank Limited,ADBL,,,,0.17,,,,,,,,,,,,,,300.5,,0.5,,,,,,,7,"price_volume, live_market, summary, top_gainers, top_losers, nepse_index, supply_demand",5631
2026-08-19T14:39:52.340992+05:45,2026-08-19 14:39:52,top_gainers,top_gainers_106,True,cloud_automated,Wednesday - Trading Hours: 11:00 AM - 3:00 PM NPT,2806,Ghalemdi Hydro Limited,GHL,,,,0.17,,,,,,,,,,,,,,236.0,,0.4,,,,,,,7,"price_volume, live_market, summary, top_gainers, top_losers, nepse_index, supply_demand",5631
2026-08-19T14:39:52.340992+05:45,2026-08-19 14:39:52,top_gainers,top_gainers_107,True,cloud_automated,Wednesday - Trading Hours: 11:00 AM - 3:00 PM NPT,517,Nepal Bank Limited,NBL,,,,0.15,,,,,,,,,,,,,,275.0,,0.4,,,,,,,7,"price_volume, live_market, summary, top_gainers, top_losers, nepse_index, supply_demand",5631
2026-08-19T14:39:52.340992+05:45,2026-08-19 14:39:52,top_gainers,top_gainers_108,True,cloud_automated,Wednesday - Trading Hours: 11:00 AM - 3:00 PM NPT,137,Everest Bank Limited,EBL,,,,0.14,,,,,,,,,,,,,,730.0,,1.0,,,,,,,7,"price_volume, live_market, summary, top_gainers, top_losers, nepse_index, supply_demand",5631
2026-08-19T14:39:52.340992+05:45,2026-08-19 14:39:52,top_gainers,top_gainers_109,True,cloud_automated,Wednesday - Trading Hours: 11:00 AM - 3:00 PM NPT,145,Siddhartha Bank Limited,SBL,,,,0.12,,,,,,,,,,,,,,409.0,,0.5,,,,,,,7,"price_volume, live_market, summary, top_gainers, top_losers, nepse_index, supply_demand",5631
2026-08-19T14:39:52.340992+05:45,2026-08-19 14:39:52,top_gainers,top_gainers_110,True,cloud_automated,Wednesday - Trading Hours: 11:00 AM - 3:00 PM NPT,140,Machhapuchhre Bank Limited,MBL,,,,0.12,,,,,,,,,,,,,,247.9,,0.3,,,,,,,7,"price_volume, live_market, summary, top_gainers, top_losers, nepse_index, supply_demand",5631
2026-08-19T14:39:52.340992+05:45,2026-08-19 14:39:52,top_gainers,top_gainers_111,True,cloud_automated,Wednesday - Trading Hours: 11:00 AM - 3:00 PM NPT,9305,Salapa Bikas Bank Limited,SABBL,,,,0.1,,,,,,,,,,,,,,946.9,,0.9,,,,,,,7,"price_volume, live_market, summary, top_gainers, top_losers, nepse_index, supply_demand",5631
2026-08-19T14:39:52.340992+05:45,2026-08-19 14:39:52,top_gainers,top_gainers_112,True,cloud_automated,Wednesday - Trading Hours: 11:00 AM - 3:00 PM NPT,2880,Himal Dolakha Hydropower Company Limited,HDHPC,,,,0.1,,,,,,,,,,,,,,207.7,,0.2,,,,,,,7,"price_volume, live_market, summary, top_gainers, top_losers, nepse_index, supply_demand",5631
2026-08-19T14:39:52.340992+05:45,2026-08-19 14:39:52,top_gainers,top_gainers_113,True,cloud_automated,Wednesday - Trading Hours: 11:00 AM - 3:00 PM NPT,155,Salt Trading Corporation,STC,,,,0.08,,,,,,,,,,,,,,5172.3,,4.3,,,,,,,7,"price_volume, live_market, summary, top_gainers, top_losers, nepse_index, supply_demand",5631
2026-08-19T14:39:52.340992+05:45,2026-08-19 14:39:52,top_gainers,top_gainers_114,True,cloud_automated,Wednesday - Trading Hours: 11:00 AM - 3:00 PM NPT,179,Himalayan Everest Insurance Limited,HEI,,,,0.04,,,,,,,,,,,,,,524.2,,0.2,,,,,,,7,"price_volume, live_market, summary, top_gainers, top_losers, nepse_index, supply_demand",5631
2026-08-19T14:39:52.340992+05:45,2026-08-19 14:39:52,top_gainers,top_gainers_115,True,cloud_automated,Wednesday - Trading Hours: 11:00 AM - 3:00 PM NPT,2766,Chhyangdi Hydropower Ltd.,CHL,,,,0.04,,,,,,,,,,,,,,263.0,,0.1,,,,,,,7,"price_volume, live_market, summary, top_gainers, top_losers, nepse_index, supply_demand",5631
2026-08-19T14:39:52.340992+05:45,2026-08-19 14:39:52,top_gainers,top_gainers_116,True,cloud_automated,Wednesday - Trading Hours: 11:00 AM - 3:00 PM NPT,9175,Menchhiyam Hydropower Limited,MCHL,,,,0.04,,,,,,,,,,,,,,280.0,,0.1,,,,,,,7,"price_volume, live_market, summary, top_gainers, top_losers, nepse_index, supply_demand",5631
2026-08-19T14:39:52.340992+05:45,2026-08-19 14:39:52,top_gainers,top_gainers_117,True,cloud_automated,Wednesday - Trading Hours: 11:00 AM - 3:00 PM NPT,591,Sanima Mai Hydropower Ltd.,SHPC,,,,0.02,,,,,,,,,,,,,,493.0,,0.1,,,,,,,7,"price_volume, live_market, summary, top_gainers, top_losers, nepse_index, supply_demand",5631
2026-08-19T14:39:52.340992+05:45,2026-08-19 14:39:52,top_losers,top_losers_1,True,cloud_automated,Wednesday - Trading Hours: 11:00 AM - 3:00 PM NPT,9203,Manakamana Engineering Hydropower Limited,MEHL,,,,-8.09,,,,,,,,,,,,,,260.0,,-22.9,,,,,,,7,"price_volume, live_market, summary, top_gainers, top_losers, nepse_index, supply_demand",5631
2026-08-19T14:39:52.340992+05:45,2026-08-19 14:39:52,top_losers,top_losers_2,True,cloud_automated,Wednesday - Trading Hours: 11:00 AM - 3:00 PM NPT,2937,Sunrise Bluechip Fund,SBCF,,,,-3.7,,,,,,,,,,,,,,9.63,,-0.37,,,,,,,7,"price_volume, live_market, summary, top_gainers, top_losers, nepse_index, supply_demand",5631
2026-08-19T14:39:52.340992+05:45,2026-08-19 14:39:52,top_losers,top_losers_3,True,cloud_automated,Wednesday - Trading Hours: 11:00 AM - 3:00 PM NPT,9324,Ridge Line Energy Limited,RLEL,,,,-3.65,,,,,,,,,,,,,,886.4,,-33.6,,,,,,,7,"price_volume, live_market, summary, top_gainers, top_losers, nepse_index, supply_demand",5631
2026-08-19T14:39:52.340992+05:45,2026-08-19 14:39:52,top_losers,top_losers_4,True,cloud_automated,Wednesday - Trading Hours: 11:00 AM - 3:00 PM NPT,9217,Mathillo Mailun Khola Jalvidhyut Limited,MMKJL,,,,-3.25,,,,,,,,,,,,,,440.2,,-14.8,,,,,,,7,"price_volume, live_market, summary, top_gainers, top_losers, nepse_index, supply_demand",5631
2026-08-19T14:39:52.340992+05:45,2026-08-19 14:39:52,top_losers,top_losers_5,True,cloud_automated,Wednesday - Trading Hours: 11:00 AM - 3:00 PM NPT,9161,Aatmanirbhar Laghubitta Bittiya Sanstha Limited,ANLB,,,,-3.14,,,,,,,,,,,,,,5061.0,,-164.0,,,,,,,7,"price_volume, live_market, summary, top_gainers, top_losers, nepse_index, supply_demand",5631
2026-08-19T14:39:52.340992+05:45,2026-08-19 14:39:52,top_losers,top_losers_6,True,cloud_automated,Wednesday - Trading Hours: 11:00 AM - 3:00 PM NPT,2744,Green Development Bank Ltd.,GRDBL,,,,-2.93,,,,,,,,,,,,,,1015.5,,-30.6,,,,,,,7,"price_volume, live_market, summary, top_gainers, top_losers, nepse_index, supply_demand",5631
2026-08-19T14:39:52.340992+05:45,2026-08-19 14:39:52,top_losers,top_losers_7,True,cloud_automated,Wednesday - Trading Hours: 11:00 AM - 3:00 PM NPT,9241,Kumari Sabal Yojana,KSY,,,,-2.76,,,,,,,,,,,,,,9.17,,-0.26,,,,,,,7,"price_volume, live_market, summary, top_gainers, top_losers, nepse_index, supply_demand",5631
2026-08-19T14:39:52.340992+05:45,2026-08-19 14:39:52,top_losers,top_losers_8,True,cloud_automated,Wednesday - Trading Hours: 11:00 AM - 3:00 PM NPT,8121,Sayapatri Hydropower Limited,SPHL,,,,-2.67,,,,,,,,,,,,,,510.0,,-14.0,,,,,,,7,"price_volume, live_market, summary, top_gainers, top_losers, nepse_index, supply_demand",5631
2026-08-19T14:39:52.340992+05:45,2026-08-19 14:39:52,top_losers,top_losers_9,True,cloud_automated,Wednesday - Trading Hours: 11:00 AM - 3:00 PM NPT,9246,Guardian Micro Life Insurance Limited ,GMLI,,,,-2.6,,,,,,,,,,,,,,1042.2,,-27.8,,,,,,,7,"price_volume, live_market, summary, top_gainers, top_losers, nepse_index, supply_demand",5631
2026-08-19T14:39:52.340992+05:45,2026-08-19 14:39:52,top_losers,top_losers_10,True,cloud_automated,Wednesday - Trading Hours: 11:00 AM - 3:00 PM NPT,9347,Everest Colour Limited,ECL,,,,-2.52,,,,,,,,,,,,,,1433.0,,-37.0,,,,,,,7,"price_volume, live_market, summary, top_gainers, top_losers, nepse_index, supply_demand",5631
2026-08-19T14:39:52.340992+05:45,2026-08-19 14:39:52,top_losers,top_losers_11,True,cloud_automated,Wednesday - Trading Hours: 11:00 AM - 3:00 PM NPT,9213,Hathway Investment Nepal Limited,HATHY,,,,-2.5,,,,,,,,,,,,,,603.4,,-15.5,,,,,,,7,"price_volume, live_market, summary, top_gainers, top_losers, nepse_index, supply_demand",5631
2026-08-19T14:39:52.340992+05:45,2026-08-19 14:39:52,top_losers,top_losers_12,True,cloud_automated,Wednesday - Trading Hours: 11:00 AM - 3:00 PM NPT,9232,Chirkhwa Hydropower Limited ,CKHL,,,,-2.5,,,,,,,,,,,,,,584.0,,-15.0,,,,,,,7,"price_volume, live_market, summary, top_gainers, top_losers, nepse_index, supply_demand",5631
2026-08-19T14:39:52.340992+05:45,2026-08-19 14:39:52,top_losers,top_losers_13,True,cloud_automated,Wednesday - Trading Hours: 11:00 AM - 3:00 PM NPT,4967,NIC Asia Select Fund 30,NICSF,,,,-2.47,,,,,,,,,,,,,,8.3,,-0.21,,,,,,,7,"price_volume, live_market, summary, top_gainers, top_losers, nepse_index, supply_demand",5631
2026-08-19T14:39:52.340992+05:45,2026-08-19 14:39:52,top_losers,top_losers_14,True,cloud_automated,Wednesday - Trading Hours: 11:00 AM - 3:00 PM NPT,2829,Swabhimaan Laghubitta Bittiya Sanstha Limited,SMFBS,,,,-2.46,,,,,,,,,,,,,,1421.1,,-35.9,,,,,,,7,"price_volume, live_market, summary, top_gainers, top_losers, nepse_index, supply_demand",5631
2026-08-19T14:39:52.340992+05:45,2026-08-19 14:39:52,top_losers,top_losers_15,True,cloud_automated,Wednesday - Trading Hours: 11:00 AM - 3:00 PM NPT,9323,Super Khudi Hydropower Limited,SKHL,,,,-2.41,,,,,,,,,,,,,,810.0,,-20.0,,,,,,,7,"price_volume, live_market, summary, top_gainers, top_losers, nepse_index, supply_demand",5631
2026-08-19T14:39:52.340992+05:45,2026-08-19 14:39:52,top_losers,top_losers_16,True,cloud_automated,Wednesday - Trading Hours: 11:00 AM - 3:00 PM NPT,9212,Mandu Hydropower Limited,MANDU,,,,-2.37,,,,,,,,,,,,,,798.0,,-19.4,,,,,,,7,"price_volume, live_market, summary, top_gainers, top_losers, nepse_index, supply_demand",5631
2026-08-19T14:39:52.340992+05:45,2026-08-19 14:39:52,top_losers,top_losers_17,True,cloud_automated,Wednesday - Trading Hours: 11:00 AM - 3:00 PM NPT,8123,Dhaulagiri Laghubitta Bittiya Sanstha Limited,DLBS,,,,-2.31,,,,,,,,,,,,,,1099.0,,-26.0,,,,,,,7,"price_volume, live_market, summary, top_gainers, top_losers, nepse_index, supply_demand",5631
2026-08-19T14:39:52.340992+05:45,2026-08-19 14:39:52,top_losers,top_losers_18,True,cloud_automated,Wednesday - Trading Hours: 11:00 AM - 3:00 PM NPT,601,Mithila LaghuBitta Bittiya Sanstha Limited,MLBBL,,,,-2.22,,,,,,,,,,,,,,1013.0,,-23.0,,,,,,,7,"price_volume, live_market, summary, top_gainers, top_losers, nepse_index, supply_demand",5631
2026-08-19T14:39:52.340992+05:45,2026-08-19 14:39:52,top_losers,top_losers_19,True,cloud_automated,Wednesday - Trading Hours: 11:00 AM - 3:00 PM NPT,9257,MBL Equity Fund,MBLEF,,,,-2.22,,,,,,,,,,,,,,9.7,,-0.22,,,,,,,7,"price_volume, live_market, summary, top_gainers, top_losers, nepse_index, supply_demand",5631
2026-08-19T14:39:52.340992+05:45,2026-08-19 14:39:52,top_losers,top_losers_20,True,cloud_automated,Wednesday - Trading Hours: 11:00 AM - 3:00 PM NPT,244,Shree Investment Finance Co. Ltd.,SIFC,,,,-2.14,,,,,,,,,,,,,,493.1,,-10.8,,,,,,,7,"price_volume, live_market, summary, top_gainers, top_losers, nepse_index, supply_demand",5631
2026-08-19T14:39:52.340992+05:45,2026-08-19 14:39:52,top_losers,top_losers_21,True,cloud_automated,Wednesday - Trading Hours: 11:00 AM - 3:00 PM NPT,2769,Nepal Hydro Developers Ltd.,NHDL,,,,-2.13,,,,,,,,,,,,,,624.2,,-13.6,,,,,,,7,"price_volume, live_market, summary, top_gainers, top_losers, nepse_index, supply_demand",5631
2026-08-19T14:39:52.340992+05:45,2026-08-19 14:39:52,top_losers,top_losers_22,True,cloud_automated,Wednesday - Trading Hours: 11:00 AM - 3:00 PM NPT,2751,Khanikhola Hydropower Co. Ltd.,KKHC,,,,-2.04,,,,,,,,,,,,,,292.9,,-6.1,,,,,,,7,"price_volume, live_market, summary, top_gainers, top_losers, nepse_index, supply_demand",5631
2026-08-19T14:39:52.340992+05:45,2026-08-19 14:39:52,top_losers,top_losers_23,True,cloud_automated,Wednesday - Trading Hours: 11:00 AM - 3:00 PM NPT,135,Nepal SBI Bank Limited,SBI,,,,-1.97,,,,,,,,,,,,,,399.0,,-8.0,,,,,,,7,"price_volume, live_market, summary, top_gainers, top_losers, nepse_index, supply_demand",5631
2026-08-19T14:39:52.340992+05:45,2026-08-19 14:39:52,top_losers,top_losers_24,True,cloud_automated,Wednesday - Trading Hours: 11:00 AM - 3:00 PM NPT,9208,Upper Lohore Khola Hydropower Company Limited,ULHC,,,,-1.76,,,,,,,,,,,,,,335.0,,-6.0,,,,,,,7,"price_volume, live_market, summary, top_gainers, top_losers, nepse_index, supply_demand",5631
2026-08-19T14:39:52.340992+05:45,2026-08-19 14:39:52,top_losers,top_losers_25,True,cloud_automated,Wednesday - Trading Hours: 11:00 AM - 3:00 PM NPT,9221,Himalayan 80-20,H8020,,,,-1.75,,,,,,,,,,,,,,11.79,,-0.21,,,,,,,7,"price_volume, live_market, summary, top_gainers, top_losers, nepse_index, supply_demand",5631
2026-08-19T14:39:52.340992+05:45,2026-08-19 14:39:52,top_losers,top_losers_26,True,cloud_automated,Wednesday - Trading Hours: 11:00 AM - 3:00 PM NPT,9252,Crest Micro Life Insurance Limited,CREST,,,,-1.72,,,,,,,,,,,,,,1140.0,,-19.9,,,,,,,7,"price_volume, live_market, summary, top_gainers, top_losers, nepse_index, supply_demand",5631
2026-08-19T14:39:52.340992+05:45,2026-08-19 14:39:52,top_losers,top_losers_27,True,cloud_automated,Wednesday - Trading Hours: 11:00 AM - 3:00 PM NPT,9150,Asian Hydropower Limited,AHL,,,,-1.72,,,,,,,,,,,,,,401.0,,-7.0,,,,,,,7,"price_volume, live_market, summary, top_gainers, top_losers, nepse_index, supply_demand",5631
2026-08-19T14:39:52.340992+05:45,2026-08-19 14:39:52,top_losers,top_losers_28,True,cloud_automated,Wednesday - Trading Hours: 11:00 AM - 3:00 PM NPT,2770,Siddhartha Equity Fund,SEF,,,,-1.68,,,,,,,,,,,,,,9.34,,-0.16,,,,,,,7,"price_volume, live_market, summary, top_gainers, top_losers, nepse_index, supply_demand",5631
2026-08-19T14:39:52.340992+05:45,2026-08-19 14:39:52,top_losers,top_losers_29,True,cloud_automated,Wednesday - Trading Hours: 11:00 AM - 3:00 PM NPT,9325,Suryakunda Hydro Electric Limited,SKHEL,,,,-1.67,,,,,,,,,,,,,,939.0,,-15.9,,,,,,,7,"price_volume, live_market, summary, top_gainers, top_losers, nepse_index, supply_demand",5631
2026-08-19T14:39:52.340992+05:45,2026-08-19 14:39:52,top_losers,top_losers_30,True,cloud_automated,Wednesday - Trading Hours: 11:00 AM - 3:00 PM NPT,9140,Unique Nepal Laghubitta Bittiya Sanstha Limited,UNLB,,,,-1.66,,,,,,,,,,,,,,1241.0,,-20.9,,,,,,,7,"price_volume, live_market, summary, top_gainers, top_losers, nepse_index, supply_demand",5631
2026-08-19T14:39:52.340992+05:45,2026-08-19 14:39:52,top_losers,top_losers_31,True,cloud_automated,Wednesday - Trading Hours: 11:00 AM - 3:00 PM NPT,9302,RBB Focus 40,RBBF40,,,,-1.66,,,,,,,,,,,,,,8.9,,-0.15,,,,,,,7,"price_volume, live_market, summary, top_gainers, top_losers, nepse_index, supply_demand",5631
2026-08-19T14:39:52.340992+05:45,2026-08-19 14:39:52,top_losers,top_losers_32,True,cloud_automated,Wednesday - Trading Hours: 11:00 AM - 3:00 PM NPT,8131,Eastern Hydropower Limited,EHPL,,,,-1.61,,,,,,,,,,,,,,329.5,,-5.4,,,,,,,7,"price_volume, live_market, summary, top_gainers, top_losers, nepse_index, supply_demand",5631
2026-08-19T14:39:52.340992+05:45,2026-08-19 14:39:52,top_losers,top_losers_33,True,cloud_automated,Wednesday - Trading Hours: 11:00 AM - 3:00 PM NPT,9270,Him Star Urja Company Limited,HIMSTAR,,,,-1.58,,,,,,,,,,,,,,687.0,,-11.0,,,,,,,7,"price_volume, live_market, summary, top_gainers, top_losers, nepse_index, supply_demand",5631
2026-08-19T14:39:52.340992+05:45,2026-08-19 14:39:52,top_losers,top_losers_34,True,cloud_automated,Wednesday - Trading Hours: 11:00 AM - 3:00 PM NPT,371,Miteri Development Bank Limited,MDB,,,,-1.55,,,,,,,,,,,,,,570.0,,-9.0,,,,,,,7,"price_volume, live_market, summary, top_gainers, top_losers, nepse_index, supply_demand",5631
2026-08-19T14:39:52.340992+05:45,2026-08-19 14:39:52,top_losers,top_losers_35,True,cloud_automated,Wednesday - Trading Hours: 11:00 AM - 3:00 PM NPT,9258,Pure Energy Limited,PURE,,,,-1.52,,,,,,,,,,,,,,812.5,,-12.5,,,,,,,7,"price_volume, live_market, summary, top_gainers, top_losers, nepse_index, supply_demand",5631
2026-08-19T14:39:52.340992+05:45,2026-08-19 14:39:52,top_losers,top_losers_36,True,cloud_automated,Wednesday - Trading Hours: 11:00 AM - 3:00 PM NPT,9176,Ingwa Hydropower Limited,IHL,,,,-1.52,,,,,,,,,,,,,,323.0,,-5.0,,,,,,,7,"price_volume, live_market, summary, top_gainers, top_losers, nepse_index, supply_demand",5631
2026-08-19T14:39:52.340992+05:45,2026-08-19 14:39:52,top_losers,top_losers_37,True,cloud_automated,Wednesday - Trading Hours: 11:00 AM - 3:00 PM NPT,2903,Liberty Energy Company Limited,LEC,,,,-1.48,,,,,,,,,,,,,,219.7,,-3.3,,,,,,,7,"price_volume, live_market, summary, top_gainers, top_losers, nepse_index, supply_demand",5631
2026-08-19T14:39:52.340992+05:45,2026-08-19 14:39:52,top_losers,top_losers_38,True,cloud_automated,Wednesday - Trading Hours: 11:00 AM - 3:00 PM NPT,2915,Prabhu Mahalaxmi Life Insurance Limited,PMLI,,,,-1.47,,,,,,,,,,,,,,423.0,,-6.3,,,,,,,7,"price_volume, live_market, summary, top_gainers, top_losers, nepse_index, supply_demand",5631
2026-08-19T14:39:52.340992+05:45,2026-08-19 14:39:52,top_losers,top_losers_39,True,cloud_automated,Wednesday - Trading Hours: 11:00 AM - 3:00 PM NPT,8041,NESDO Sambridha Laghubitta Bittiya Sanstha Limited,NESDO,,,,-1.45,,,,,,,,,,,,,,1391.5,,-20.5,,,,,,,7,"price_volume, live_market, summary, top_gainers, top_losers, nepse_index, supply_demand",5631
2026-08-19T14:39:52.340992+05:45,2026-08-19 14:39:52,top_losers,top_losers_40,True,cloud_automated,Wednesday - Trading Hours: 11:00 AM - 3:00 PM NPT,8034,Emerging Nepal Limited,ENL,,,,-1.43,,,,,,,,,,,,,,787.6,,-11.4,,,,,,,7,"price_volume, live_market, summary, top_gainers, top_losers, nepse_index, supply_demand",5631
2026-08-19T14:39:52.340992+05:45,2026-08-19 14:39:52,top_losers,top_losers_41,True,cloud_automated,Wednesday - Trading Hours: 11:00 AM - 3:00 PM NPT,2754,Dibyashwori Hydropower Ltd.,DHPL,,,,-1.41,,,,,,,,,,,,,,279.0,,-4.0,,,,,,,7,"price_volume, live_market, summary, top_gainers, top_losers, nepse_index, supply_demand",5631
2026-08-19T14:39:52.340992+05:45,2026-08-19 14:39:52,top_losers,top_losers_42,True,cloud_automated,Wednesday - Trading Hours: 11:00 AM - 3:00 PM NPT,2784,Nadep Laghubittiya bittya Sanstha Ltd.,NADEP,,,,-1.4,,,,,,,,,,,,,,704.0,,-10.0,,,,,,,7,"price_volume, live_market, summary, top_gainers, top_losers, nepse_index, supply_demand",5631
2026-08-19T14:39:52.340992+05:45,2026-08-19 14:39:52,top_losers,top_losers_43,True,cloud_automated,Wednesday - Trading Hours: 11:00 AM - 3:00 PM NPT,9311,Solu Hydropower Limited,SOHL,,,,-1.38,,,,,,,,,,,,,,678.3,,-9.5,,,,,,,7,"price_volume, live_market, summary, top_gainers, top_losers, nepse_index, supply_demand",5631
2026-08-19T14:39:52.340992+05:45,2026-08-19 14:39:52,top_losers,top_losers_44,True,cloud_automated,Wednesday - Trading Hours: 11:00 AM - 3:00 PM NPT,186,IGI Prudential insurance Limited,IGI,,,,-1.38,,,,,,,,,,,,,,422.1,,-5.9,,,,,,,7,"price_volume, live_market, summary, top_gainers, top_losers, nepse_index, supply_demand",5631
2026-08-19T14:39:52.340992+05:45,2026-08-19 14:39:52,top_losers,top_losers_45,True,cloud_automated,Wednesday - Trading Hours: 11:00 AM - 3:00 PM NPT,8132,Shrijanshil Laghubitta Bittiya Sanstha Limited,SHLB,,,,-1.36,,,,,,,,,,,,,,1381.0,,-19.0,,,,,,,7,"price_volume, live_market, summary, top_gainers, top_losers, nepse_index, supply_demand",5631
2026-08-19T14:39:52.340992+05:45,2026-08-19 14:39:52,top_losers,top_losers_46,True,cloud_automated,Wednesday - Trading Hours: 11:00 AM - 3:00 PM NPT,9293,Daramkhola Hydro Energy Limited,DHEL,,,,-1.34,,,,,,,,,,,,,,587.0,,-8.0,,,,,,,7,"price_volume, live_market, summary, top_gainers, top_losers, nepse_index, supply_demand",5631
2026-08-19T14:39:52.340992+05:45,2026-08-19 14:39:52,top_losers,top_losers_47,True,cloud_automated,Wednesday - Trading Hours: 11:00 AM - 3:00 PM NPT,9256,Om Megashree Pharmaceuticals Limited,OMPL,,,,-1.33,,,,,,,,,,,,,,888.0,,-12.0,,,,,,,7,"price_volume, live_market, summary, top_gainers, top_losers, nepse_index, supply_demand",5631
2026-08-19T14:39:52.340992+05:45,2026-08-19 14:39:52,top_losers,top_losers_48,True,cloud_automated,Wednesday - Trading Hours: 11:00 AM - 3:00 PM NPT,4947,Prabhu Select Fund,PSF,,,,-1.33,,,,,,,,,,,,,,11.84,,-0.16,,,,,,,7,"price_volume, live_market, summary, top_gainers, top_losers, nepse_index, supply_demand",5631
2026-08-19T14:39:52.340992+05:45,2026-08-19 14:39:52,top_losers,top_losers_49,True,cloud_automated,Wednesday - Trading Hours: 11:00 AM - 3:00 PM NPT,8018,Manushi Laghubitta Bittiya Sanstha Limited,MLBS,,,,-1.3,,,,,,,,,,,,,,1066.0,,-14.0,,,,,,,7,"price_volume, live_market, summary, top_gainers, top_losers, nepse_index, supply_demand",5631
2026-08-19T14:39:52.340992+05:45,2026-08-19 14:39:52,top_losers,top_losers_50,True,cloud_automated,Wednesday - Trading Hours: 11:00 AM - 3:00 PM NPT,274,Excel Development Bank Ltd.,EDBL,,,,-1.27,,,,,,,,,,,,,,575.7,,-7.4,,,,,,,7,"price_volume, live_market, summary, top_gainers, top_losers, nepse_index, supply_demand",5631
2026-08-19T14:39:52.340992+05:45,2026-08-19 14:39:52,top_losers,top_losers_51,True,cloud_automated,Wednesday - Trading Hours: 11:00 AM - 3:00 PM NPT,8122,People's Power Limited,PPL,,,,-1.26,,,,,,,,,,,,,,313.0,,-4.0,,,,,,,7,"price_volume, live_market, summary, top_gainers, top_losers, nepse_index, supply_demand",5631
2026-08-19T14:39:52.340992+05:45,2026-08-19 14:39:52,top_losers,top_losers_52,True,cloud_automated,Wednesday - Trading Hours: 11:00 AM - 3:00 PM NPT,9158,Molung Hydropower Company Limited,MHCL,,,,-1.21,,,,,,,,,,,,,,301.3,,-3.7,,,,,,,7,"price_volume, live_market, summary, top_gainers, top_losers, nepse_index, supply_demand",5631
2026-08-19T14:39:52.340992+05:45,2026-08-19 14:39:52,top_losers,top_losers_53,True,cloud_automated,Wednesday - Trading Hours: 11:00 AM - 3:00 PM NPT,9269,Global IME Sammunat Yojana -2,GBIMESY2,,,,-1.21,,,,,,,,,,,,,,8.95,,-0.11,,,,,,,7,"price_volume, live_market, summary, top_gainers, top_losers, nepse_index, supply_demand",5631
2026-08-19T14:39:52.340992+05:45,2026-08-19 14:39:52,top_losers,top_losers_54,True,cloud_automated,Wednesday - Trading Hours: 11:00 AM - 3:00 PM NPT,8073,NIC Asia Flexi CAP Fund,NICFC,,,,-1.21,,,,,,,,,,,,,,8.96,,-0.11,,,,,,,7,"price_volume, live_market, summary, top_gainers, top_losers, nepse_index, supply_demand",5631
2026-08-19T14:39:52.340992+05:45,2026-08-19 14:39:52,top_losers,top_losers_55,True,cloud_automated,Wednesday - Trading Hours: 11:00 AM - 3:00 PM NPT,2768,Mahuli Laghubitta Bittiya Sanstha Limited,MSLB,,,,-1.2,,,,,,,,,,,,,,1220.1,,-14.8,,,,,,,7,"price_volume, live_market, summary, top_gainers, top_losers, nepse_index, supply_demand",5631
2026-08-19T14:39:52.340992+05:45,2026-08-19 14:39:52,top_losers,top_losers_56,True,cloud_automated,Wednesday - Trading Hours: 11:00 AM - 3:00 PM NPT,9171,Bhugol Energy Development Company Limited,BEDC,,,,-1.18,,,,,,,,,,,,,,309.8,,-3.7,,,,,,,7,"price_volume, live_market, summary, top_gainers, top_losers, nepse_index, supply_demand",5631
2026-08-19T14:39:52.340992+05:45,2026-08-19 14:39:52,top_losers,top_losers_57,True,cloud_automated,Wednesday - Trading Hours: 11:00 AM - 3:00 PM NPT,706,Suryodaya Womi Laghubitta Bittiya Sanstha Limited,SWMF,,,,-1.16,,,,,,,,,,,,,,599.0,,-7.0,,,,,,,7,"price_volume, live_market, summary, top_gainers, top_losers, nepse_index, supply_demand",5631
2026-08-19T14:39:52.340992+05:45,2026-08-19 14:39:52,top_losers,top_losers_58,True,cloud_automated,Wednesday - Trading Hours: 11:00 AM - 3:00 PM NPT,2760,United Modi Hydropower Ltd.,UMHL,,,,-1.16,,,,,,,,,,,,,,595.5,,-7.0,,,,,,,7,"price_volume, live_market, summary, top_gainers, top_losers, nepse_index, supply_demand",5631
2026-08-19T14:39:52.340992+05:45,2026-08-19 14:39:52,top_losers,top_losers_59,True,cloud_automated,Wednesday - Trading Hours: 11:00 AM - 3:00 PM NPT,9306,Reliance Spinning Mills Limited,RSML,,,,-1.14,,,,,,,,,,,,,,2693.9,,-31.1,,,,,,,7,"price_volume, live_market, summary, top_gainers, top_losers, nepse_index, supply_demand",5631
2026-08-19T14:39:52.340992+05:45,2026-08-19 14:39:52,top_losers,top_losers_60,True,cloud_automated,Wednesday - Trading Hours: 11:00 AM - 3:00 PM NPT,471,Multipurpose Finance Company  Limited,MPFL,,,,-1.13,,,,,,,,,,,,,,615.0,,-7.0,,,,,,,7,"price_volume, live_market, summary, top_gainers, top_losers, nepse_index, supply_demand",5631
2026-08-19T14:39:52.340992+05:45,2026-08-19 14:39:52,top_losers,top_losers_61,True,cloud_automated,Wednesday - Trading Hours: 11:00 AM - 3:00 PM NPT,2842,SANJEN JALAVIDHYUT COMPANY LIMITED,SJCL,,,,-1.12,,,,,,,,,,,,,,263.7,,-3.0,,,,,,,7,"price_volume, live_market, summary, top_gainers, top_losers, nepse_index, supply_demand",5631
2026-08-19T14:39:52.340992+05:45,2026-08-19 14:39:52,top_losers,top_losers_62,True,cloud_automated,Wednesday - Trading Hours: 11:00 AM - 3:00 PM NPT,2776,Radhi Bidyut Company Ltd,RADHI,,,,-1.11,,,,,,,,,,,,,,704.1,,-7.9,,,,,,,7,"price_volume, live_market, summary, top_gainers, top_losers, nepse_index, supply_demand",5631
2026-08-19T14:39:52.340992+05:45,2026-08-19 14:39:52,top_losers,top_losers_63,True,cloud_automated,Wednesday - Trading Hours: 11:00 AM - 3:00 PM NPT,2789,Joshi Hydropower Development Company Ltd,JOSHI,,,,-1.1,,,,,,,,,,,,,,270.0,,-3.0,,,,,,,7,"price_volume, live_market, summary, top_gainers, top_losers, nepse_index, supply_demand",5631
2026-08-19T14:39:52.340992+05:45,2026-08-19 14:39:52,top_losers,top_losers_64,True,cloud_automated,Wednesday - Trading Hours: 11:00 AM - 3:00 PM NPT,2774,Unnati Sahakarya Laghubitta Bittiya Sanstha Limited,USLB,,,,-1.09,,,,,,,,,,,,,,1093.0,,-12.0,,,,,,,7,"price_volume, live_market, summary, top_gainers, top_losers, nepse_index, supply_demand",5631
2026-08-19T14:39:52.340992+05:45,2026-08-19 14:39:52,top_losers,top_losers_65,True,cloud_automated,Wednesday - Trading Hours: 11:00 AM - 3:00 PM NPT,9209,Citizen Life Insurance Company Limited,CLI,,,,-1.09,,,,,,,,,,,,,,434.0,,-4.8,,,,,,,7,"price_volume, live_market, summary, top_gainers, top_losers, nepse_index, supply_demand",5631
2026-08-19T14:39:52.340992+05:45,2026-08-19 14:39:52,top_losers,top_losers_66,True,cloud_automated,Wednesday - Trading Hours: 11:00 AM - 3:00 PM NPT,8102,Mandakini Hydropower Limited,MHL,,,,-1.07,,,,,,,,,,,,,,461.0,,-5.0,,,,,,,7,"price_volume, live_market, summary, top_gainers, top_losers, nepse_index, supply_demand",5631
2026-08-19T14:39:52.340992+05:45,2026-08-19 14:39:52,top_losers,top_losers_67,True,cloud_automated,Wednesday - Trading Hours: 11:00 AM - 3:00 PM NPT,2934,Singati Hydro Energy Limited,SHEL,,,,-1.07,,,,,,,,,,,,,,295.0,,-3.2,,,,,,,7,"price_volume, live_market, summary, top_gainers, top_losers, nepse_index, supply_demand",5631
2026-08-19T14:39:52.340992+05:45,2026-08-19 14:39:52,top_losers,top_losers_68,True,cloud_automated,Wednesday - Trading Hours: 11:00 AM - 3:00 PM NPT,9300,Jhapa Energy Limited,JHAPA,,,,-1.04,,,,,,,,,,,,,,1049.0,,-11.0,,,,,,,7,"price_volume, live_market, summary, top_gainers, top_losers, nepse_index, supply_demand",5631
2026-08-19T14:39:52.340992+05:45,2026-08-19 14:39:52,top_losers,top_losers_69,True,cloud_automated,Wednesday - Trading Hours: 11:00 AM - 3:00 PM NPT,695,Janautthan Samudayic Laghubitta Bittya Sanstha Limited,JSLBB,,,,-1.03,,,,,,,,,,,,,,960.0,,-10.0,,,,,,,7,"price_volume, live_market, summary, top_gainers, top_losers, nepse_index, supply_demand",5631
2026-08-19T14:39:52.340992+05:45,2026-08-19 14:39:52,top_losers,top_losers_70,True,cloud_automated,Wednesday - Trading Hours: 11:00 AM - 3:00 PM NPT,227,Best Finance Company Ltd.,BFC,,,,-1.03,,,,,,,,,,,,,,480.0,,-5.0,,,,,,,7,"price_volume, live_market, summary, top_gainers, top_losers, nepse_index, supply_demand",5631
2026-08-19T14:39:52.340992+05:45,2026-08-19 14:39:52,top_losers,top_losers_71,True,cloud_automated,Wednesday - Trading Hours: 11:00 AM - 3:00 PM NPT,9304,Citizens Santulit Yojana,CSY,,,,-1.03,,,,,,,,,,,,,,8.66,,-0.09,,,,,,,7,"price_volume, live_market, summary, top_gainers, top_losers, nepse_index, supply_demand",5631
2026-08-19T14:39:52.340992+05:45,2026-08-19 14:39:52,top_losers,top_losers_72,True,cloud_automated,Wednesday - Trading Hours: 11:00 AM - 3:00 PM NPT,9290,HLI Large Cap Fund,HLICF,,,,-1.03,,,,,,,,,,,,,,8.61,,-0.09,,,,,,,7,"price_volume, live_market, summary, top_gainers, top_losers, nepse_index, supply_demand",5631
2026-08-19T14:39:52.340992+05:45,2026-08-19 14:39:52,top_losers,top_losers_73,True,cloud_automated,Wednesday - Trading Hours: 11:00 AM - 3:00 PM NPT,9149,Maya Khola Hydropower Company Limited,MKHC,,,,-1.02,,,,,,,,,,,,,,262.3,,-2.7,,,,,,,7,"price_volume, live_market, summary, top_gainers, top_losers, nepse_index, supply_demand",5631
2026-08-19T14:39:52.340992+05:45,2026-08-19 14:39:52,top_losers,top_losers_74,True,cloud_automated,Wednesday - Trading Hours: 11:00 AM - 3:00 PM NPT,2887,NIC ASIA Laghubitta Bittiya Sanstha Limited,NICLBSL,,,,-1.01,,,,,,,,,,,,,,540.5,,-5.5,,,,,,,7,"price_volume, live_market, summary, top_gainers, top_losers, nepse_index, supply_demand",5631
2026-08-19T14:39:52.340992+05:45,2026-08-19 14:39:52,top_losers,top_losers_75,True,cloud_automated,Wednesday - Trading Hours: 11:00 AM - 3:00 PM NPT,545,Swarojgar Laghubitta Bittiya Sanstha Ltd.,SLBBL,,,,-0.99,,,,,,,,,,,,,,800.0,,-8.0,,,,,,,7,"price_volume, live_market, summary, top_gainers, top_losers, nepse_index, supply_demand",5631
2026-08-19T14:39:52.340992+05:45,2026-08-19 14:39:52,top_losers,top_losers_76,True,cloud_automated,Wednesday - Trading Hours: 11:00 AM - 3:00 PM NPT,9263,Sanvi Energy Limited,SANVI,,,,-0.97,,,,,,,,,,,,,,594.0,,-5.8,,,,,,,7,"price_volume, live_market, summary, top_gainers, top_losers, nepse_index, supply_demand",5631
2026-08-19T14:39:52.340992+05:45,2026-08-19 14:39:52,top_losers,top_losers_77,True,cloud_automated,Wednesday - Trading Hours: 11:00 AM - 3:00 PM NPT,9135,Barahi Hydropower Public Limited,BHPL,,,,-0.96,,,,,,,,,,,,,,474.4,,-4.6,,,,,,,7,"price_volume, live_market, summary, top_gainers, top_losers, nepse_index, supply_demand",5631
2026-08-19T14:39:52.340992+05:45,2026-08-19 14:39:52,top_losers,top_losers_78,True,cloud_automated,Wednesday - Trading Hours: 11:00 AM - 3:00 PM NPT,2868,10.25% NIC Asia Debenture 2083/84,NICD83/84,,,,-0.95,,,,,,,,,,,,,,1001.4,,-9.6,,,,,,,7,"price_volume, live_market, summary, top_gainers, top_losers, nepse_index, supply_demand",5631
2026-08-19T14:39:52.340992+05:45,2026-08-19 14:39:52,top_losers,top_losers_79,True,cloud_automated,Wednesday - Trading Hours: 11:00 AM - 3:00 PM NPT,338,Progressive Finance Limited,PROFL,,,,-0.95,,,,,,,,,,,,,,405.0,,-3.9,,,,,,,7,"price_volume, live_market, summary, top_gainers, top_losers, nepse_index, supply_demand",5631
2026-08-19T14:39:52.340992+05:45,2026-08-19 14:39:52,top_losers,top_losers_80,True,cloud_automated,Wednesday - Trading Hours: 11:00 AM - 3:00 PM NPT,9233,Nepal Warehousing Company Limited ,NWCL,,,,-0.94,,,,,,,,,,,,,,665.2,,-6.3,,,,,,,7,"price_volume, live_market, summary, top_gainers, top_losers, nepse_index, supply_demand",5631
2026-08-19T14:39:52.340992+05:45,2026-08-19 14:39:52,top_losers,top_losers_81,True,cloud_automated,Wednesday - Trading Hours: 11:00 AM - 3:00 PM NPT,134,Himalayan Bank Limited,HBL,,,,-0.93,,,,,,,,,,,,,,191.1,,-1.8,,,,,,,7,"price_volume, live_market, summary, top_gainers, top_losers, nepse_index, supply_demand",5631
2026-08-19T14:39:52.340992+05:45,2026-08-19 14:39:52,top_losers,top_losers_82,True,cloud_automated,Wednesday - Trading Hours: 11:00 AM - 3:00 PM NPT,2867,NMB 50,NMB50,,,,-0.91,,,,,,,,,,,,,,9.81,,-0.09,,,,,,,7,"price_volume, live_market, summary, top_gainers, top_losers, nepse_index, supply_demand",5631
2026-08-19T14:39:52.340992+05:45,2026-08-19 14:39:52,top_losers,top_losers_83,True,cloud_automated,Wednesday - Trading Hours: 11:00 AM - 3:00 PM NPT,9250,Nepal Micro Insurance Company Limited,NMIC,,,,-0.9,,,,,,,,,,,,,,879.0,,-8.0,,,,,,,7,"price_volume, live_market, summary, top_gainers, top_losers, nepse_index, supply_demand",5631
2026-08-19T14:39:52.340992+05:45,2026-08-19 14:39:52,top_losers,top_losers_84,True,cloud_automated,Wednesday - Trading Hours: 11:00 AM - 3:00 PM NPT,2786,Panchakanya Mai Hydropower Ltd,PMHPL,,,,-0.9,,,,,,,,,,,,,,307.0,,-2.8,,,,,,,7,"price_volume, live_market, summary, top_gainers, top_losers, nepse_index, supply_demand",5631
2026-08-19T14:39:52.340992+05:45,2026-08-19 14:39:52,top_losers,top_losers_85,True,cloud_automated,Wednesday - Trading Hours: 11:00 AM - 3:00 PM NPT,2832,Infinity Laghubitta Bittiya Sanstha Limited,ILBS,,,,-0.87,,,,,,,,,,,,,,853.0,,-7.5,,,,,,,7,"price_volume, live_market, summary, top_gainers, top_losers, nepse_index, supply_demand",5631
2026-08-19T14:39:52.340992+05:45,2026-08-19 14:39:52,top_losers,top_losers_86,True,cloud_automated,Wednesday - Trading Hours: 11:00 AM - 3:00 PM NPT,9342,Yambaling Hydropower Limited,YMHL,,,,-0.86,,,,,,,,,,,,,,631.5,,-5.5,,,,,,,7,"price_volume, live_market, summary, top_gainers, top_losers, nepse_index, supply_demand",5631
2026-08-19T14:39:52.340992+05:45,2026-08-19 14:39:52,top_losers,top_losers_87,True,cloud_automated,Wednesday - Trading Hours: 11:00 AM - 3:00 PM NPT,559,NLG Insurance Company Ltd.,NLG,,,,-0.86,,,,,,,,,,,,,,555.1,,-4.8,,,,,,,7,"price_volume, live_market, summary, top_gainers, top_losers, nepse_index, supply_demand",5631
2026-08-19T14:39:52.340992+05:45,2026-08-19 14:39:52,top_losers,top_losers_88,True,cloud_automated,Wednesday - Trading Hours: 11:00 AM - 3:00 PM NPT,8108,Rapti Hydro And General Construction Limited,RHGCL,,,,-0.86,,,,,,,,,,,,,,252.5,,-2.2,,,,,,,7,"price_volume, live_market, summary, top_gainers, top_losers, nepse_index, supply_demand",5631
2026-08-19T14:39:52.340992+05:45,2026-08-19 14:39:52,top_losers,top_losers_89,True,cloud_automated,Wednesday - Trading Hours: 11:00 AM - 3:00 PM NPT,705,Global IME Laghubitta Bittiya Sanstha Ltd.,GILB,,,,-0.85,,,,,,,,,,,,,,1096.4,,-9.4,,,,,,,7,"price_volume, live_market, summary, top_gainers, top_losers, nepse_index, supply_demand",5631
2026-08-19T14:39:52.340992+05:45,2026-08-19 14:39:52,top_losers,top_losers_90,True,cloud_automated,Wednesday - Trading Hours: 11:00 AM - 3:00 PM NPT,194,Nepal Finance Ltd.,NFS,,,,-0.82,,,,,,,,,,,,,,555.4,,-4.6,,,,,,,7,"price_volume, live_market, summary, top_gainers, top_losers, nepse_index, supply_demand",5631
2026-08-19T14:39:52.340992+05:45,2026-08-19 14:39:52,top_losers,top_losers_91,True,cloud_automated,Wednesday - Trading Hours: 11:00 AM - 3:00 PM NPT,176,Nepal Insurance Co. Ltd.,NICL,,,,-0.82,,,,,,,,,,,,,,493.8,,-4.1,,,,,,,7,"price_volume, live_market, summary, top_gainers, top_losers, nepse_index, supply_demand",5631
2026-08-19T14:39:52.340992+05:45,2026-08-19 14:39:52,top_losers,top_losers_92,True,cloud_automated,Wednesday - Trading Hours: 11:00 AM - 3:00 PM NPT,9230,Muktinath Krishi Company Limited,MKCL,,,,-0.81,,,,,,,,,,,,,,977.0,,-8.0,,,,,,,7,"price_volume, live_market, summary, top_gainers, top_losers, nepse_index, supply_demand",5631
2026-08-19T14:39:52.340992+05:45,2026-08-19 14:39:52,top_losers,top_losers_93,True,cloud_automated,Wednesday - Trading Hours: 11:00 AM - 3:00 PM NPT,2811,Mountain Hydro Nepal Limited,MHNL,,,,-0.79,,,,,,,,,,,,,,240.0,,-1.9,,,,,,,7,"price_volume, live_market, summary, top_gainers, top_losers, nepse_index, supply_demand",5631
2026-08-19T14:39:52.340992+05:45,2026-08-19 14:39:52,top_losers,top_losers_94,True,cloud_automated,Wednesday - Trading Hours: 11:00 AM - 3:00 PM NPT,2810,UNIVERSAL POWER COMPANY LTD,UPCL,,,,-0.78,,,,,,,,,,,,,,341.7,,-2.7,,,,,,,7,"price_volume, live_market, summary, top_gainers, top_losers, nepse_index, supply_demand",5631
2026-08-19T14:39:52.340992+05:45,2026-08-19 14:39:52,top_losers,top_losers_95,True,cloud_automated,Wednesday - Trading Hours: 11:00 AM - 3:00 PM NPT,2781,Wean Nepal Laghubitta Bittiya Sanstha Limited,WNLB,,,,-0.77,,,,,,,,,,,,,,1295.0,,-10.0,,,,,,,7,"price_volume, live_market, summary, top_gainers, top_losers, nepse_index, supply_demand",5631
2026-08-19T14:39:52.340992+05:45,2026-08-19 14:39:52,top_losers,top_losers_96,True,cloud_automated,Wednesday - Trading Hours: 11:00 AM - 3:00 PM NPT,1741,Mero Microfinance Bittiya Sanstha Ltd.,MERO,,,,-0.76,,,,,,,,,,,,,,652.0,,-5.0,,,,,,,7,"price_volume, live_market, summary, top_gainers, top_losers, nepse_index, supply_demand",5631
2026-08-19T14:39:52.340992+05:45,2026-08-19 14:39:52,top_losers,top_losers_97,True,cloud_automated,Wednesday - Trading Hours: 11:00 AM - 3:00 PM NPT,9192,Upper Syange Hydropower Limited,USHL,,,,-0.76,,,,,,,,,,,,,,535.9,,-4.1,,,,,,,7,"price_volume, live_market, summary, top_gainers, top_losers, nepse_index, supply_demand",5631
2026-08-19T14:39:52.340992+05:45,2026-08-19 14:39:52,top_losers,top_losers_98,True,cloud_automated,Wednesday - Trading Hours: 11:00 AM - 3:00 PM NPT,250,Janaki Finance Company Limited,JFL,,,,-0.76,,,,,,,,,,,,,,381.0,,-2.9,,,,,,,7,"price_volume, live_market, summary, top_gainers, top_losers, nepse_index, supply_demand",5631
2026-08-19T14:39:52.340992+05:45,2026-08-19 14:39:52,top_losers,top_losers_99,True,cloud_automated,Wednesday - Trading Hours: 11:00 AM - 3:00 PM NPT,2748,RSDC Laghubitta Bittiya Sanstha Ltd.,RSDC,,,,-0.74,,,,,,,,,,,,,,628.3,,-4.7,,,,,,,7,"price_volume, live_market, summary, top_gainers, top_losers, nepse_index, supply_demand",5631
2026-08-19T14:39:52.340992+05:45,2026-08-19 14:39:52,top_losers,top_losers_100,True,cloud_automated,Wednesday - Trading Hours: 11:00 AM - 3:00 PM NPT,9199,Reliable Nepal Life Insurance Limited,RNLI,,,,-0.73,,,,,,,,,,,,,,422.9,,-3.1,,,,,,,7,"price_volume, live_market, summary, top_gainers, top_losers, nepse_index, supply_demand",5631
2026-08-19T14:39:52.340992+05:45,2026-08-19 14:39:52,top_losers,top_losers_101,True,cloud_automated,Wednesday - Trading Hours: 11:00 AM - 3:00 PM NPT,268,Swabalamban Laghubitta Bittiya Sanstha Limited,SWBBL,,,,-0.71,,,,,,,,,,,,,,670.0,,-4.8,,,,,,,7,"price_volume, live_market, summary, top_gainers, top_losers, nepse_index, supply_demand",5631
2026-08-19T14:39:52.340992+05:45,2026-08-19 14:39:52,top_losers,top_losers_102,True,cloud_automated,Wednesday - Trading Hours: 11:00 AM - 3:00 PM NPT,9234,Himalayan Reinsurance Limited,HRL,,,,-0.69,,,,,,,,,,,,,,575.0,,-4.0,,,,,,,7,"price_volume, live_market, summary, top_gainers, top_losers, nepse_index, supply_demand",5631
2026-08-19T14:39:52.340992+05:45,2026-08-19 14:39:52,top_losers,top_losers_103,True,cloud_automated,Wednesday - Trading Hours: 11:00 AM - 3:00 PM NPT,9201,Sun Nepal Life Insurance Company Limited,SNLI,,,,-0.69,,,,,,,,,,,,,,405.1,,-2.8,,,,,,,7,"price_volume, live_market, summary, top_gainers, top_losers, nepse_index, supply_demand",5631
2026-08-19T14:39:52.340992+05:45,2026-08-19 14:39:52,top_losers,top_losers_104,True,cloud_automated,Wednesday - Trading Hours: 11:00 AM - 3:00 PM NPT,9301,Shreenagar Agritech Industries Limited,SAIL,,,,-0.68,,,,,,,,,,,,,,1018.0,,-7.0,,,,,,,7,"price_volume, live_market, summary, top_gainers, top_losers, nepse_index, supply_demand",5631
2026-08-19T14:39:52.340992+05:45,2026-08-19 14:39:52,top_losers,top_losers_105,True,cloud_automated,Wednesday - Trading Hours: 11:00 AM - 3:00 PM NPT,697,Api Power Company Ltd.,API,,,,-0.67,,,,,,,,,,,,,,327.8,,-2.2,,,,,,,7,"price_volume, live_market, summary, top_gainers, top_losers, nepse_index, supply_demand",5631
2026-08-19T14:39:52.340992+05:45,2026-08-19 14:39:52,top_losers,top_losers_106,True,cloud_automated,Wednesday - Trading Hours: 11:00 AM - 3:00 PM NPT,8066,River Falls Power Limited,RFPL,,,,-0.66,,,,,,,,,,,,,,331.1,,-2.2,,,,,,,7,"price_volume, live_market, summary, top_gainers, top_losers, nepse_index, supply_demand",5631
2026-08-19T14:39:52.340992+05:45,2026-08-19 14:39:52,top_losers,top_losers_107,True,cloud_automated,Wednesday - Trading Hours: 11:00 AM - 3:00 PM NPT,8100,Swet-Ganga Hydropower & Construction Limited ,SGHC,,,,-0.66,,,,,,,,,,,,,,300.0,,-2.0,,,,,,,7,"price_volume, live_market, summary, top_gainers, top_losers, nepse_index, supply_demand",5631
2026-08-19T14:39:52.340992+05:45,2026-08-19 14:39:52,top_losers,top_losers_108,True,cloud_automated,Wednesday - Trading Hours: 11:00 AM - 3:00 PM NPT,9215,Mid Solu Hydropower Limited,MSHL,,,,-0.65,,,,,,,,,,,,,,582.2,,-3.8,,,,,,,7,"price_volume, live_market, summary, top_gainers, top_losers, nepse_index, supply_demand",5631
2026-08-19T14:39:52.340992+05:45,2026-08-19 14:39:52,top_losers,top_losers_109,True,cloud_automated,Wednesday - Trading Hours: 11:00 AM - 3:00 PM NPT,686,Barun Hydropower Co. Ltd.,BARUN,,,,-0.63,,,,,,,,,,,,,,315.0,,-2.0,,,,,,,7,"price_volume, live_market, summary, top_gainers, top_losers, nepse_index, supply_demand",5631
2026-08-19T14:39:52.340992+05:45,2026-08-19 14:39:52,top_losers,top_losers_110,True,cloud_automated,Wednesday - Trading Hours: 11:00 AM - 3:00 PM NPT,9183,Nepal Republic Media Limited,NRM,,,,-0.63,,,,,,,,,,,,,,301.1,,-1.9,,,,,,,7,"price_volume, live_market, summary, top_gainers, top_losers, nepse_index, supply_demand",5631
2026-08-19T14:39:52.340992+05:45,2026-08-19 14:39:52,top_losers,top_losers_111,True,cloud_automated,Wednesday - Trading Hours: 11:00 AM - 3:00 PM NPT,9147,Shuvam Power Limited,SPL,,,,-0.62,,,,,,,,,,,,,,646.0,,-4.0,,,,,,,7,"price_volume, live_market, summary, top_gainers, top_losers, nepse_index, supply_demand",5631
2026-08-19T14:39:52.340992+05:45,2026-08-19 14:39:52,top_losers,top_losers_112,True,cloud_automated,Wednesday - Trading Hours: 11:00 AM - 3:00 PM NPT,9343,Taksar Pikhuwa Khola Hydropower Limited,TPKHL,,,,-0.61,,,,,,,,,,,,,,556.6,,-3.4,,,,,,,7,"price_volume, live_market, summary, top_gainers, top_losers, nepse_index, supply_demand",5631
2026-08-19T14:39:52.340992+05:45,2026-08-19 14:39:52,top_losers,top_losers_113,True,cloud_automated,Wednesday - Trading Hours: 11:00 AM - 3:00 PM NPT,147,Soaltee Hotel Limited,SHL,,,,-0.6,,,,,,,,,,,,,,499.9,,-3.0,,,,,,,7,"price_volume, live_market, summary, top_gainers, top_losers, nepse_index, supply_demand",5631
2026-08-19T14:39:52.340992+05:45,2026-08-19 14:39:52,top_losers,top_losers_114,True,cloud_automated,Wednesday - Trading Hours: 11:00 AM - 3:00 PM NPT,8076,Himalayan Hydropower Limited,HHL,,,,-0.6,,,,,,,,,,,,,,330.9,,-2.0,,,,,,,7,"price_volume, live_market, summary, top_gainers, top_losers, nepse_index, supply_demand",5631
2026-08-19T14:39:52.340992+05:45,2026-08-19 14:39:52,top_losers,top_losers_115,True,cloud_automated,Wednesday - Trading Hours: 11:00 AM - 3:00 PM NPT,8099,Upper Hewakhola Hydropower Company Limited,UHEWA,,,,-0.59,,,,,,,,,,,,,,604.3,,-3.6,,,,,,,7,"price_volume, live_market, summary, top_gainers, top_losers, nepse_index, supply_demand",5631
2026-08-19T14:39:52.340992+05:45,2026-08-19 14:39:52,top_losers,top_losers_116,True,cloud_automated,Wednesday - Trading Hours: 11:00 AM - 3:00 PM NPT,417,Garima Bikas Bank Limited,GBBL,,,,-0.59,,,,,,,,,,,,,,422.0,,-2.5,,,,,,,7,"price_volume, live_market, summary, top_gainers, top_losers, nepse_index, supply_demand",5631
2026-08-19T14:39:52.340992+05:45,2026-08-19 14:39:52,top_losers,top_losers_117,True,cloud_automated,Wednesday - Trading Hours: 11:00 AM - 3:00 PM NPT,2790,Aarambha Chautari Laghubitta Bittiya Sanstha Limited,ACLBSL,,,,-0.58,,,,,,,,,,,,,,896.0,,-5.2,,,,,,,7,"price_volume, live_market, summary, top_gainers, top_losers, nepse_index, supply_demand",5631
2026-08-19T14:39:52.340992+05:45,2026-08-19 14:39:52,top_losers,top_losers_118,True,cloud_automated,Wednesday - Trading Hours: 11:00 AM - 3:00 PM NPT,187,Nepal Life Insurance Co. Ltd.,NLIC,,,,-0.55,,,,,,,,,,,,,,718.0,,-4.0,,,,,,,7,"price_volume, live_market, summary, top_gainers, top_losers, nepse_index, supply_demand",5631
2026-08-19T14:39:52.340992+05:45,2026-08-19 14:39:52,top_losers,top_losers_119,True,cloud_automated,Wednesday - Trading Hours: 11:00 AM - 3:00 PM NPT,8020,Jyoti Bikash Bank Bond 2087,JBBD87,,,,-0.54,,,,,,,,,,,,,,1100.1,,-6.0,,,,,,,7,"price_volume, live_market, summary, top_gainers, top_losers, nepse_index, supply_demand",5631
2026-08-19T14:39:52.340992+05:45,2026-08-19 14:39:52,top_losers,top_losers_120,True,cloud_automated,Wednesday - Trading Hours: 11:00 AM - 3:00 PM NPT,9170,Dolti Power Company Limited,DOLTI,,,,-0.54,,,,,,,,,,,,,,311.3,,-1.7,,,,,,,7,"price_volume, live_market, summary, top_gainers, top_losers, nepse_index, supply_demand",5631
2026-08-19T14:39:52.340992+05:45,2026-08-19 14:39:52,top_losers,top_losers_121,True,cloud_automated,Wednesday - Trading Hours: 11:00 AM - 3:00 PM NPT,8032,Buddha Bhumi Nepal Hydropower Company Limited,BNHC,,,,-0.54,,,,,,,,,,,,,,278.5,,-1.5,,,,,,,7,"price_volume, live_market, summary, top_gainers, top_losers, nepse_index, supply_demand",5631
2026-08-19T14:39:52.340992+05:45,2026-08-19 14:39:52,top_losers,top_losers_122,True,cloud_automated,Wednesday - Trading Hours: 11:00 AM - 3:00 PM NPT,9166,Makar Jitumaya Suri Hydropower Limited,MAKAR,,,,-0.52,,,,,,,,,,,,,,405.0,,-2.1,,,,,,,7,"price_volume, live_market, summary, top_gainers, top_losers, nepse_index, supply_demand",5631
2026-08-19T14:39:52.340992+05:45,2026-08-19 14:39:52,top_losers,top_losers_123,True,cloud_automated,Wednesday - Trading Hours: 11:00 AM - 3:00 PM NPT,9336,Sopan Pharmaceuticals Limited,SOPL,,,,-0.51,,,,,,,,,,,,,,779.0,,-4.0,,,,,,,7,"price_volume, live_market, summary, top_gainers, top_losers, nepse_index, supply_demand",5631
2026-08-19T14:39:52.340992+05:45,2026-08-19 14:39:52,top_losers,top_losers_124,True,cloud_automated,Wednesday - Trading Hours: 11:00 AM - 3:00 PM NPT,232,Goodwill Finance Limited,GFCL,,,,-0.51,,,,,,,,,,,,,,591.0,,-3.0,,,,,,,7,"price_volume, live_market, summary, top_gainers, top_losers, nepse_index, supply_demand",5631
2026-08-19T14:39:52.340992+05:45,2026-08-19 14:39:52,top_losers,top_losers_125,True,cloud_automated,Wednesday - Trading Hours: 11:00 AM - 3:00 PM NPT,9254,NMB Hybrid Fund L- II,NMBHF2,,,,-0.51,,,,,,,,,,,,,,9.85,,-0.05,,,,,,,7,"price_volume, live_market, summary, top_gainers, top_losers, nepse_index, supply_demand",5631
2026-08-19T14:39:52.340992+05:45,2026-08-19 14:39:52,top_losers,top_losers_126,True,cloud_automated,Wednesday - Trading Hours: 11:00 AM - 3:00 PM NPT,204,Gurkhas Finance Ltd.,GUFL,,,,-0.5,,,,,,,,,,,,,,533.6,,-2.7,,,,,,,7,"price_volume, live_market, summary, top_gainers, top_losers, nepse_index, supply_demand",5631
2026-08-19T14:39:52.340992+05:45,2026-08-19 14:39:52,top_losers,top_losers_127,True,cloud_automated,Wednesday - Trading Hours: 11:00 AM - 3:00 PM NPT,9167,Mai Khola Hydropower Limited,MKHL,,,,-0.5,,,,,,,,,,,,,,496.1,,-2.5,,,,,,,7,"price_volume, live_market, summary, top_gainers, top_losers, nepse_index, supply_demand",5631
2026-08-19T14:39:52.340992+05:45,2026-08-19 14:39:52,top_losers,top_losers_128,True,cloud_automated,Wednesday - Trading Hours: 11:00 AM - 3:00 PM NPT,9179,Modi Energy Limited,MEL,,,,-0.49,,,,,,,,,,,,,,205.0,,-1.0,,,,,,,7,"price_volume, live_market, summary, top_gainers, top_losers, nepse_index, supply_demand",5631
2026-08-19T14:39:52.340992+05:45,2026-08-19 14:39:52,top_losers,top_losers_129,True,cloud_automated,Wednesday - Trading Hours: 11:00 AM - 3:00 PM NPT,9184,IME Life Insurance Company Limited,ILI,,,,-0.48,,,,,,,,,,,,,,411.0,,-2.0,,,,,,,7,"price_volume, live_market, summary, top_gainers, top_losers, nepse_index, supply_demand",5631
2026-08-19T14:39:52.340992+05:45,2026-08-19 14:39:52,top_losers,top_losers_130,True,cloud_automated,Wednesday - Trading Hours: 11:00 AM - 3:00 PM NPT,9303,SY Panel Nepal Limited,SYPNL,,,,-0.47,,,,,,,,,,,,,,1284.0,,-6.0,,,,,,,7,"price_volume, live_market, summary, top_gainers, top_losers, nepse_index, supply_demand",5631
2026-08-19T14:39:52.340992+05:45,2026-08-19 14:39:52,top_losers,top_losers_131,True,cloud_automated,Wednesday - Trading Hours: 11:00 AM - 3:00 PM NPT,2743,Ngadi Group Power Ltd.,NGPL,,,,-0.46,,,,,,,,,,,,,,408.0,,-1.9,,,,,,,7,"price_volume, live_market, summary, top_gainers, top_losers, nepse_index, supply_demand",5631
2026-08-19T14:39:52.340992+05:45,2026-08-19 14:39:52,top_losers,top_losers_132,True,cloud_automated,Wednesday - Trading Hours: 11:00 AM - 3:00 PM NPT,184,Prabhu Insurance Ltd.,PRIN,,,,-0.45,,,,,,,,,,,,,,657.0,,-3.0,,,,,,,7,"price_volume, live_market, summary, top_gainers, top_losers, nepse_index, supply_demand",5631
2026-08-19T14:39:52.340992+05:45,2026-08-19 14:39:52,top_losers,top_losers_133,True,cloud_automated,Wednesday - Trading Hours: 11:00 AM - 3:00 PM NPT,687,Vijaya laghubitta Bittiya Sanstha Ltd.,VLBS,,,,-0.45,,,,,,,,,,,,,,660.0,,-3.0,,,,,,,7,"price_volume, live_market, summary, top_gainers, top_losers, nepse_index, supply_demand",5631
2026-08-19T14:39:52.340992+05:45,2026-08-19 14:39:52,top_losers,top_losers_134,True,cloud_automated,Wednesday - Trading Hours: 11:00 AM - 3:00 PM NPT,153,Butwal Power Company Limited,BPCL,,,,-0.45,,,,,,,,,,,,,,635.1,,-2.9,,,,,,,7,"price_volume, live_market, summary, top_gainers, top_losers, nepse_index, supply_demand",5631
2026-08-19T14:39:52.340992+05:45,2026-08-19 14:39:52,top_losers,top_losers_135,True,cloud_automated,Wednesday - Trading Hours: 11:00 AM - 3:00 PM NPT,9344,Snow Rivers Limited,SNORL,,,,-0.44,,,,,,,,,,,,,,910.0,,-4.0,,,,,,,7,"price_volume, live_market, summary, top_gainers, top_losers, nepse_index, supply_demand",5631
2026-08-19T14:39:52.340992+05:45,2026-08-19 14:39:52,top_losers,top_losers_136,True,cloud_automated,Wednesday - Trading Hours: 11:00 AM - 3:00 PM NPT,561,Sindhu Bikash Bank Ltd,SINDU,,,,-0.43,,,,,,,,,,,,,,672.1,,-2.9,,,,,,,7,"price_volume, live_market, summary, top_gainers, top_losers, nepse_index, supply_demand",5631
2026-08-19T14:39:52.340992+05:45,2026-08-19 14:39:52,top_losers,top_losers_137,True,cloud_automated,Wednesday - Trading Hours: 11:00 AM - 3:00 PM NPT,8005,Mailung Khola Jal Vidhyut Company Limited,MKJC,,,,-0.43,,,,,,,,,,,,,,440.0,,-1.9,,,,,,,7,"price_volume, live_market, summary, top_gainers, top_losers, nepse_index, supply_demand",5631
2026-08-19T14:39:52.340992+05:45,2026-08-19 14:39:52,top_losers,top_losers_138,True,cloud_automated,Wednesday - Trading Hours: 11:00 AM - 3:00 PM NPT,587,Reliance Finance Ltd.,RLFL,,,,-0.43,,,,,,,,,,,,,,440.0,,-1.9,,,,,,,7,"price_volume, live_market, summary, top_gainers, top_losers, nepse_index, supply_demand",5631
2026-08-19T14:39:52.340992+05:45,2026-08-19 14:39:52,top_losers,top_losers_139,True,cloud_automated,Wednesday - Trading Hours: 11:00 AM - 3:00 PM NPT,2761,Samata Gharelu Laghubitta Bittiya Sanstha Limited,SMATA,,,,-0.42,,,,,,,,,,,,,,707.0,,-3.0,,,,,,,7,"price_volume, live_market, summary, top_gainers, top_losers, nepse_index, supply_demand",5631
2026-08-19T14:39:52.340992+05:45,2026-08-19 14:39:52,top_losers,top_losers_140,True,cloud_automated,Wednesday - Trading Hours: 11:00 AM - 3:00 PM NPT,238,NMB Bank Limited,NMB,,,,-0.42,,,,,,,,,,,,,,238.0,,-1.0,,,,,,,7,"price_volume, live_market, summary, top_gainers, top_losers, nepse_index, supply_demand",5631
2026-08-19T14:39:52.340992+05:45,2026-08-19 14:39:52,top_losers,top_losers_141,True,cloud_automated,Wednesday - Trading Hours: 11:00 AM - 3:00 PM NPT,210,Citizen Investment Trust,CIT,,,,-0.41,,,,,,,,,,,,,,1696.0,,-7.0,,,,,,,7,"price_volume, live_market, summary, top_gainers, top_losers, nepse_index, supply_demand",5631
2026-08-19T14:39:52.340992+05:45,2026-08-19 14:39:52,top_losers,top_losers_142,True,cloud_automated,Wednesday - Trading Hours: 11:00 AM - 3:00 PM NPT,2759,Synergy Power Development Ltd.,SPDL,,,,-0.41,,,,,,,,,,,,,,363.0,,-1.5,,,,,,,7,"price_volume, live_market, summary, top_gainers, top_losers, nepse_index, supply_demand",5631
2026-08-19T14:39:52.340992+05:45,2026-08-19 14:39:52,top_losers,top_losers_143,True,cloud_automated,Wednesday - Trading Hours: 11:00 AM - 3:00 PM NPT,574,Sana Kisan Bikas Laghubitta Bittiya Sanstha Limited,SKBBL,,,,-0.4,,,,,,,,,,,,,,750.0,,-3.0,,,,,,,7,"price_volume, live_market, summary, top_gainers, top_losers, nepse_index, supply_demand",5631
2026-08-19T14:39:52.340992+05:45,2026-08-19 14:39:52,top_losers,top_losers_144,True,cloud_automated,Wednesday - Trading Hours: 11:00 AM - 3:00 PM NPT,2917,Chandragiri Hills Limited,CGH,,,,-0.39,,,,,,,,,,,,,,770.0,,-3.0,,,,,,,7,"price_volume, live_market, summary, top_gainers, top_losers, nepse_index, supply_demand",5631
2026-08-19T14:39:52.340992+05:45,2026-08-19 14:39:52,top_losers,top_losers_145,True,cloud_automated,Wednesday - Trading Hours: 11:00 AM - 3:00 PM NPT,8026,Nyadi Hydropower Limited,NYADI,,,,-0.39,,,,,,,,,,,,,,360.2,,-1.4,,,,,,,7,"price_volume, live_market, summary, top_gainers, top_losers, nepse_index, supply_demand",5631
2026-08-19T14:39:52.340992+05:45,2026-08-19 14:39:52,top_losers,top_losers_146,True,cloud_automated,Wednesday - Trading Hours: 11:00 AM - 3:00 PM NPT,2924,GreenLife Hydropower Limited,GLH,,,,-0.39,,,,,,,,,,,,,,255.0,,-1.0,,,,,,,7,"price_volume, live_market, summary, top_gainers, top_losers, nepse_index, supply_demand",5631
2026-08-19T14:39:52.340992+05:45,2026-08-19 14:39:52,top_losers,top_losers_147,True,cloud_automated,Wednesday - Trading Hours: 11:00 AM - 3:00 PM NPT,9287,Mabilung Energy Limited,MABEL,,,,-0.38,,,,,,,,,,,,,,606.7,,-2.3,,,,,,,7,"price_volume, live_market, summary, top_gainers, top_losers, nepse_index, supply_demand",5631
2026-08-19T14:39:52.340992+05:45,2026-08-19 14:39:52,top_losers,top_losers_148,True,cloud_automated,Wednesday - Trading Hours: 11:00 AM - 3:00 PM NPT,8106,Global IME Balanced Fund-1,GIBF1,,,,-0.37,,,,,,,,,,,,,,10.76,,-0.04,,,,,,,7,"price_volume, live_market, summary, top_gainers, top_losers, nepse_index, supply_demand",5631
2026-08-19T14:39:52.340992+05:45,2026-08-19 14:39:52,top_losers,top_losers_149,True,cloud_automated,Wednesday - Trading Hours: 11:00 AM - 3:00 PM NPT,2841,RASUWAGADHI HYDROPOWER COMPANY LIMITED,RHPL,,,,-0.36,,,,,,,,,,,,,,251.2,,-0.9,,,,,,,7,"price_volume, live_market, summary, top_gainers, top_losers, nepse_index, supply_demand",5631
2026-08-19T14:39:52.340992+05:45,2026-08-19 14:39:52,top_losers,top_losers_150,True,cloud_automated,Wednesday - Trading Hours: 11:00 AM - 3:00 PM NPT,9337,Appolo Hydropower Limited,APHL,,,,-0.35,,,,,,,,,,,,,,747.8,,-2.6,,,,,,,7,"price_volume, live_market, summary, top_gainers, top_losers, nepse_index, supply_demand",5631
2026-08-19T14:39:52.340992+05:45,2026-08-19 14:39:52,top_losers,top_losers_151,True,cloud_automated,Wednesday - Trading Hours: 11:00 AM - 3:00 PM NPT,273,ICFC Finance Limited,ICFC,,,,-0.35,,,,,,,,,,,,,,591.7,,-2.1,,,,,,,7,"price_volume, live_market, summary, top_gainers, top_losers, nepse_index, supply_demand",5631
2026-08-19T14:39:52.340992+05:45,2026-08-19 14:39:52,top_losers,top_losers_152,True,cloud_automated,Wednesday - Trading Hours: 11:00 AM - 3:00 PM NPT,450,Corporate Development Bank Limited,CORBL,,,,-0.33,,,,,,,,,,,,,,1016.2,,-3.4,,,,,,,7,"price_volume, live_market, summary, top_gainers, top_losers, nepse_index, supply_demand",5631
2026-08-19T14:39:52.340992+05:45,2026-08-19 14:39:52,top_losers,top_losers_153,True,cloud_automated,Wednesday - Trading Hours: 11:00 AM - 3:00 PM NPT,180,United Ajod Insurance Limited,UAIL,,,,-0.33,,,,,,,,,,,,,,425.5,,-1.4,,,,,,,7,"price_volume, live_market, summary, top_gainers, top_losers, nepse_index, supply_demand",5631
2026-08-19T14:39:52.340992+05:45,2026-08-19 14:39:52,top_losers,top_losers_154,True,cloud_automated,Wednesday - Trading Hours: 11:00 AM - 3:00 PM NPT,9349,Sanima Equity Fund-2,SAEF2,,,,-0.33,,,,,,,,,,,,,,9.04,,-0.03,,,,,,,7,"price_volume, live_market, summary, top_gainers, top_losers, nepse_index, supply_demand",5631
2026-08-19T14:39:52.340992+05:45,2026-08-19 14:39:52,top_losers,top_losers_155,True,cloud_automated,Wednesday - Trading Hours: 11:00 AM - 3:00 PM NPT,3946,CEDB Holdings Limited,CHDC,,,,-0.32,,,,,,,,,,,,,,2189.0,,-7.0,,,,,,,7,"price_volume, live_market, summary, top_gainers, top_losers, nepse_index, supply_demand",5631
2026-08-19T14:39:52.340992+05:45,2026-08-19 14:39:52,top_losers,top_losers_156,True,cloud_automated,Wednesday - Trading Hours: 11:00 AM - 3:00 PM NPT,2758,Forward Microfinance Laghubitta Bittiya Sanstha Limited,FOWAD,,,,-0.32,,,,,,,,,,,,,,931.0,,-3.0,,,,,,,7,"price_volume, live_market, summary, top_gainers, top_losers, nepse_index, supply_demand",5631
2026-08-19T14:39:52.340992+05:45,2026-08-19 14:39:52,top_losers,top_losers_157,True,cloud_automated,Wednesday - Trading Hours: 11:00 AM - 3:00 PM NPT,2746,National Laghubitta Bittiya Sanstha Limited,NMFBS,,,,-0.31,,,,,,,,,,,,,,1125.0,,-3.5,,,,,,,7,"price_volume, live_market, summary, top_gainers, top_losers, nepse_index, supply_demand",5631
2026-08-19T14:39:52.340992+05:45,2026-08-19 14:39:52,top_losers,top_losers_158,True,cloud_automated,Wednesday - Trading Hours: 11:00 AM - 3:00 PM NPT,149,Oriental Hotels Limited,OHL,,,,-0.31,,,,,,,,,,,,,,650.0,,-2.0,,,,,,,7,"price_volume, live_market, summary, top_gainers, top_losers, nepse_index, supply_demand",5631
2026-08-19T14:39:52.340992+05:45,2026-08-19 14:39:52,top_losers,top_losers_159,True,cloud_automated,Wednesday - Trading Hours: 11:00 AM - 3:00 PM NPT,9196,Kutheli Bukhari Small Hydropower Limited,KBSH,,,,-0.3,,,,,,,,,,,,,,940.0,,-2.8,,,,,,,7,"price_volume, live_market, summary, top_gainers, top_losers, nepse_index, supply_demand",5631
2026-08-19T14:39:52.340992+05:45,2026-08-19 14:39:52,top_losers,top_losers_160,True,cloud_automated,Wednesday - Trading Hours: 11:00 AM - 3:00 PM NPT,348,Citizens Bank International Limited,CZBIL,,,,-0.3,,,,,,,,,,,,,,199.0,,-0.6,,,,,,,7,"price_volume, live_market, summary, top_gainers, top_losers, nepse_index, supply_demand",5631
2026-08-19T14:39:52.340992+05:45,2026-08-19 14:39:52,top_losers,top_losers_161,True,cloud_automated,Wednesday - Trading Hours: 11:00 AM - 3:00 PM NPT,182,Siddhartha Premier Insurance Limited,SPIL,,,,-0.29,,,,,,,,,,,,,,679.0,,-2.0,,,,,,,7,"price_volume, live_market, summary, top_gainers, top_losers, nepse_index, supply_demand",5631
2026-08-19T14:39:52.340992+05:45,2026-08-19 14:39:52,top_losers,top_losers_162,True,cloud_automated,Wednesday - Trading Hours: 11:00 AM - 3:00 PM NPT,2919,Nepal Infrastructure Bank Limited,NIFRA,,,,-0.29,,,,,,,,,,,,,,244.1,,-0.7,,,,,,,7,"price_volume, live_market, summary, top_gainers, top_losers, nepse_index, supply_demand",5631
2026-08-19T14:39:52.340992+05:45,2026-08-19 14:39:52,top_losers,top_losers_163,True,cloud_automated,Wednesday - Trading Hours: 11:00 AM - 3:00 PM NPT,9264,7% RBBL Debenture 2088,RBBD2088,,,,-0.28,,,,,,,,,,,,,,1050.0,,-3.0,,,,,,,7,"price_volume, live_market, summary, top_gainers, top_losers, nepse_index, supply_demand",5631
2026-08-19T14:39:52.340992+05:45,2026-08-19 14:39:52,top_losers,top_losers_164,True,cloud_automated,Wednesday - Trading Hours: 11:00 AM - 3:00 PM NPT,307,Nepal Doorsanchar Company Limited,NTC,,,,-0.28,,,,,,,,,,,,,,883.5,,-2.5,,,,,,,7,"price_volume, live_market, summary, top_gainers, top_losers, nepse_index, supply_demand",5631
2026-08-19T14:39:52.340992+05:45,2026-08-19 14:39:52,top_losers,top_losers_165,True,cloud_automated,Wednesday - Trading Hours: 11:00 AM - 3:00 PM NPT,583,Grameen Bikas Laghubitta Bittiya Sanstha Ltd.,GBLBS,,,,-0.27,,,,,,,,,,,,,,696.1,,-1.9,,,,,,,7,"price_volume, live_market, summary, top_gainers, top_losers, nepse_index, supply_demand",5631
2026-08-19T14:39:52.340992+05:45,2026-08-19 14:39:52,top_losers,top_losers_166,True,cloud_automated,Wednesday - Trading Hours: 11:00 AM - 3:00 PM NPT,9346,Kalanga Hydro Limited,KAHL,,,,-0.27,,,,,,,,,,,,,,547.4,,-1.5,,,,,,,7,"price_volume, live_market, summary, top_gainers, top_losers, nepse_index, supply_demand",5631
2026-08-19T14:39:52.340992+05:45,2026-08-19 14:39:52,top_losers,top_losers_167,True,cloud_automated,Wednesday - Trading Hours: 11:00 AM - 3:00 PM NPT,9216,Sonapur Minerals And Oil Limited,SONA,,,,-0.27,,,,,,,,,,,,,,400.0,,-1.1,,,,,,,7,"price_volume, live_market, summary, top_gainers, top_losers, nepse_index, supply_demand",5631
2026-08-19T14:39:52.340992+05:45,2026-08-19 14:39:52,top_losers,top_losers_168,True,cloud_automated,Wednesday - Trading Hours: 11:00 AM - 3:00 PM NPT,2813,Panchthar Power Compant Limited,PPCL,,,,-0.27,,,,,,,,,,,,,,333.0,,-0.9,,,,,,,7,"price_volume, live_market, summary, top_gainers, top_losers, nepse_index, supply_demand",5631
2026-08-19T14:39:52.340992+05:45,2026-08-19 14:39:52,top_losers,top_losers_169,True,cloud_automated,Wednesday - Trading Hours: 11:00 AM - 3:00 PM NPT,9242,Sarbottam Cement Limited,SARBTM,,,,-0.26,,,,,,,,,,,,,,780.1,,-2.0,,,,,,,7,"price_volume, live_market, summary, top_gainers, top_losers, nepse_index, supply_demand",5631
2026-08-19T14:39:52.340992+05:45,2026-08-19 14:39:52,top_losers,top_losers_170,True,cloud_automated,Wednesday - Trading Hours: 11:00 AM - 3:00 PM NPT,9297,Bandipur Cablecar and Tourism Limited,BANDIPUR,,,,-0.26,,,,,,,,,,,,,,684.2,,-1.8,,,,,,,7,"price_volume, live_market, summary, top_gainers, top_losers, nepse_index, supply_demand",5631
2026-08-19T14:39:52.340992+05:45,2026-08-19 14:39:52,top_losers,top_losers_171,True,cloud_automated,Wednesday - Trading Hours: 11:00 AM - 3:00 PM NPT,403,SuryaJyoti Life Insurance Company Limited,SJLIC,,,,-0.25,,,,,,,,,,,,,,406.0,,-1.0,,,,,,,7,"price_volume, live_market, summary, top_gainers, top_losers, nepse_index, supply_demand",5631
2026-08-19T14:39:52.340992+05:45,2026-08-19 14:39:52,top_losers,top_losers_172,True,cloud_automated,Wednesday - Trading Hours: 11:00 AM - 3:00 PM NPT,8022,Terhathum Power Company Limited,TPC,,,,-0.25,,,,,,,,,,,,,,358.2,,-0.9,,,,,,,7,"price_volume, live_market, summary, top_gainers, top_losers, nepse_index, supply_demand",5631
2026-08-19T14:39:52.340992+05:45,2026-08-19 14:39:52,top_losers,top_losers_173,True,cloud_automated,Wednesday - Trading Hours: 11:00 AM - 3:00 PM NPT,8104,Upper Solu Hydro Electric Company Limited,USHEC,,,,-0.24,,,,,,,,,,,,,,498.8,,-1.2,,,,,,,7,"price_volume, live_market, summary, top_gainers, top_losers, nepse_index, supply_demand",5631
2026-08-19T14:39:52.340992+05:45,2026-08-19 14:39:52,top_losers,top_losers_174,True,cloud_automated,Wednesday - Trading Hours: 11:00 AM - 3:00 PM NPT,2742,Hydorelectricity Investment and Development Company Ltd,HIDCL,,,,-0.24,,,,,,,,,,,,,,250.4,,-0.6,,,,,,,7,"price_volume, live_market, summary, top_gainers, top_losers, nepse_index, supply_demand",5631
2026-08-19T14:39:52.340992+05:45,2026-08-19 14:39:52,top_losers,top_losers_175,True,cloud_automated,Wednesday - Trading Hours: 11:00 AM - 3:00 PM NPT,9271,7.25% SBL Debenture 2091,SBLD2091,,,,-0.23,,,,,,,,,,,,,,1080.0,,-2.5,,,,,,,7,"price_volume, live_market, summary, top_gainers, top_losers, nepse_index, supply_demand",5631
2026-08-19T14:39:52.340992+05:45,2026-08-19 14:39:52,top_losers,top_losers_176,True,cloud_automated,Wednesday - Trading Hours: 11:00 AM - 3:00 PM NPT,358,Lumbini Bikas Bank Ltd.,LBBL,,,,-0.23,,,,,,,,,,,,,,480.9,,-1.1,,,,,,,7,"price_volume, live_market, summary, top_gainers, top_losers, nepse_index, supply_demand",5631
2026-08-19T14:39:52.340992+05:45,2026-08-19 14:39:52,top_losers,top_losers_177,True,cloud_automated,Wednesday - Trading Hours: 11:00 AM - 3:00 PM NPT,141,Laxmi Sunrise Bank Limited,LSL,,,,-0.23,,,,,,,,,,,,,,218.5,,-0.5,,,,,,,7,"price_volume, live_market, summary, top_gainers, top_losers, nepse_index, supply_demand",5631
2026-08-19T14:39:52.340992+05:45,2026-08-19 14:39:52,top_losers,top_losers_178,True,cloud_automated,Wednesday - Trading Hours: 11:00 AM - 3:00 PM NPT,263,Guheshowori Merchant Bank & Finance Co. Ltd.,GMFIL,,,,-0.22,,,,,,,,,,,,,,444.0,,-1.0,,,,,,,7,"price_volume, live_market, summary, top_gainers, top_losers, nepse_index, supply_demand",5631
2026-08-19T14:39:52.340992+05:45,2026-08-19 14:39:52,top_losers,top_losers_179,True,cloud_automated,Wednesday - Trading Hours: 11:00 AM - 3:00 PM NPT,4951,Jeevan Bikas Laghubitta  Bittya Sanstha Ltd,JBLB,,,,-0.21,,,,,,,,,,,,,,1272.3,,-2.7,,,,,,,7,"price_volume, live_market, summary, top_gainers, top_losers, nepse_index, supply_demand",5631
2026-08-19T14:39:52.340992+05:45,2026-08-19 14:39:52,top_losers,top_losers_180,True,cloud_automated,Wednesday - Trading Hours: 11:00 AM - 3:00 PM NPT,2767,Himalayan Power Partner Ltd.,HPPL,,,,-0.21,,,,,,,,,,,,,,379.2,,-0.8,,,,,,,7,"price_volume, live_market, summary, top_gainers, top_losers, nepse_index, supply_demand",5631
2026-08-19T14:39:52.340992+05:45,2026-08-19 14:39:52,top_losers,top_losers_181,True,cloud_automated,Wednesday - Trading Hours: 11:00 AM - 3:00 PM NPT,2807,Asha Laghubitta Bittiya Sanstha Ltd,ALBSL,,,,-0.19,,,,,,,,,,,,,,1099.8,,-2.1,,,,,,,7,"price_volume, live_market, summary, top_gainers, top_losers, nepse_index, supply_demand",5631
2026-08-19T14:39:52.340992+05:45,2026-08-19 14:39:52,top_losers,top_losers_182,True,cloud_automated,Wednesday - Trading Hours: 11:00 AM - 3:00 PM NPT,9181,Rawa Energy Development Limited,RAWA,,,,-0.19,,,,,,,,,,,,,,422.8,,-0.8,,,,,,,7,"price_volume, live_market, summary, top_gainers, top_losers, nepse_index, supply_demand",5631
2026-08-19T14:39:52.340992+05:45,2026-08-19 14:39:52,top_losers,top_losers_183,True,cloud_automated,Wednesday - Trading Hours: 11:00 AM - 3:00 PM NPT,9148,Super Mai Hydropower Limited,SMH,,,,-0.18,,,,,,,,,,,,,,504.1,,-0.9,,,,,,,7,"price_volume, live_market, summary, top_gainers, top_losers, nepse_index, supply_demand",5631
2026-08-19T14:39:52.340992+05:45,2026-08-19 14:39:52,top_losers,top_losers_184,True,cloud_automated,Wednesday - Trading Hours: 11:00 AM - 3:00 PM NPT,133,Standard Chartered Bank Limited,SCB,,,,-0.17,,,,,,,,,,,,,,648.9,,-1.1,,,,,,,7,"price_volume, live_market, summary, top_gainers, top_losers, nepse_index, supply_demand",5631
2026-08-19T14:39:52.340992+05:45,2026-08-19 14:39:52,top_losers,top_losers_185,True,cloud_automated,Wednesday - Trading Hours: 11:00 AM - 3:00 PM NPT,2831,Union Hydropower Limited,UNHPL,,,,-0.16,,,,,,,,,,,,,,365.0,,-0.6,,,,,,,7,"price_volume, live_market, summary, top_gainers, top_losers, nepse_index, supply_demand",5631
2026-08-19T14:39:52.340992+05:45,2026-08-19 14:39:52,top_losers,top_losers_186,True,cloud_automated,Wednesday - Trading Hours: 11:00 AM - 3:00 PM NPT,393,Himalayan Life Insurance Limited,HLI,,,,-0.16,,,,,,,,,,,,,,315.0,,-0.5,,,,,,,7,"price_volume, live_market, summary, top_gainers, top_losers, nepse_index, supply_demand",5631
2026-08-19T14:39:52.340992+05:45,2026-08-19 14:39:52,top_losers,top_losers_187,True,cloud_automated,Wednesday - Trading Hours: 11:00 AM - 3:00 PM NPT,8031,Madhya Bhotekoshi Jalavidyut Company Limited,MBJC,,,,-0.15,,,,,,,,,,,,,,263.2,,-0.4,,,,,,,7,"price_volume, live_market, summary, top_gainers, top_losers, nepse_index, supply_demand",5631
2026-08-19T14:39:52.340992+05:45,2026-08-19 14:39:52,top_losers,top_losers_188,True,cloud_automated,Wednesday - Trading Hours: 11:00 AM - 3:00 PM NPT,9294,Sagar Distillery Limited,SAGAR,,,,-0.13,,,,,,,,,,,,,,1568.0,,-2.0,,,,,,,7,"price_volume, live_market, summary, top_gainers, top_losers, nepse_index, supply_demand",5631
2026-08-19T14:39:52.340992+05:45,2026-08-19 14:39:52,top_losers,top_losers_189,True,cloud_automated,Wednesday - Trading Hours: 11:00 AM - 3:00 PM NPT,401,Mahalaxmi Bikas Bank Ltd.,MLBL,,,,-0.12,,,,,,,,,,,,,,345.0,,-0.4,,,,,,,7,"price_volume, live_market, summary, top_gainers, top_losers, nepse_index, supply_demand",5631
2026-08-19T14:39:52.340992+05:45,2026-08-19 14:39:52,top_losers,top_losers_190,True,cloud_automated,Wednesday - Trading Hours: 11:00 AM - 3:00 PM NPT,4949,NIBL Samriddhi Fund -2,NIBSF2,,,,-0.11,,,,,,,,,,,,,,8.79,,-0.01,,,,,,,7,"price_volume, live_market, summary, top_gainers, top_losers, nepse_index, supply_demand",5631
2026-08-19T14:39:52.340992+05:45,2026-08-19 14:39:52,top_losers,top_losers_191,True,cloud_automated,Wednesday - Trading Hours: 11:00 AM - 3:00 PM NPT,9348,Siddhartha Equity Fund 2,SEF2,,,,-0.11,,,,,,,,,,,,,,9.02,,-0.01,,,,,,,7,"price_volume, live_market, summary, top_gainers, top_losers, nepse_index, supply_demand",5631
2026-08-19T14:39:52.340992+05:45,2026-08-19 14:39:52,top_losers,top_losers_192,True,cloud_automated,Wednesday - Trading Hours: 11:00 AM - 3:00 PM NPT,8033,"Garima Debenture, 2085",GBBD85,,,,-0.09,,,,,,,,,,,,,,1064.0,,-1.0,,,,,,,7,"price_volume, live_market, summary, top_gainers, top_losers, nepse_index, supply_demand",5631
2026-08-19T14:39:52.340992+05:45,2026-08-19 14:39:52,top_losers,top_losers_193,True,cloud_automated,Wednesday - Trading Hours: 11:00 AM - 3:00 PM NPT,8126,Sikles Hydropower Limited,SIKLES,,,,-0.09,,,,,,,,,,,,,,553.1,,-0.5,,,,,,,7,"price_volume, live_market, summary, top_gainers, top_losers, nepse_index, supply_demand",5631
2026-08-19T14:39:52.340992+05:45,2026-08-19 14:39:52,top_losers,top_losers_194,True,cloud_automated,Wednesday - Trading Hours: 11:00 AM - 3:00 PM NPT,235,Himalayan Distillery Limited,HDL,,,,-0.08,,,,,,,,,,,,,,1180.0,,-0.9,,,,,,,7,"price_volume, live_market, summary, top_gainers, top_losers, nepse_index, supply_demand",5631
2026-08-19T14:39:52.340992+05:45,2026-08-19 14:39:52,top_losers,top_losers_195,True,cloud_automated,Wednesday - Trading Hours: 11:00 AM - 3:00 PM NPT,166,Deprosc Laghubitta Bittiya Sanstha Limited,DDBL,,,,-0.07,,,,,,,,,,,,,,840.4,,-0.6,,,,,,,7,"price_volume, live_market, summary, top_gainers, top_losers, nepse_index, supply_demand",5631
2026-08-19T14:39:52.340992+05:45,2026-08-19 14:39:52,top_losers,top_losers_196,True,cloud_automated,Wednesday - Trading Hours: 11:00 AM - 3:00 PM NPT,9295,Swastik Laghubitta Bittiya Sanstha Limited,SWASTIK,,,,-0.06,,,,,,,,,,,,,,1989.0,,-1.1,,,,,,,7,"price_volume, live_market, summary, top_gainers, top_losers, nepse_index, supply_demand",5631
2026-08-19T14:39:52.340992+05:45,2026-08-19 14:39:52,top_losers,top_losers_197,True,cloud_automated,Wednesday - Trading Hours: 11:00 AM - 3:00 PM NPT,154,Chilime Hydropower Company Limited,CHCL,,,,-0.04,,,,,,,,,,,,,,479.8,,-0.2,,,,,,,7,"price_volume, live_market, summary, top_gainers, top_losers, nepse_index, supply_demand",5631
2026-08-19T14:39:52.340992+05:45,2026-08-19 14:39:52,top_losers,top_losers_198,True,cloud_automated,Wednesday - Trading Hours: 11:00 AM - 3:00 PM NPT,5982,Sanima Reliance Life Insurance Limited,SRLI,,,,-0.03,,,,,,,,,,,,,,366.4,,-0.1,,,,,,,7,"price_volume, live_market, summary, top_gainers, top_losers, nepse_index, supply_demand",5631
2026-08-19T14:39:52.340992+05:45,2026-08-19 14:39:52,top_losers,top_losers_199,True,cloud_automated,Wednesday - Trading Hours: 11:00 AM - 3:00 PM NPT,131,Nabil Bank Limited,NABIL,,,,-0.02,,,,,,,,,,,,,,549.9,,-0.1,,,,,,,7,"price_volume, live_market, summary, top_gainers, top_losers, nepse_index, supply_demand",5631
2026-08-19T14:39:52.340992+05:45,2026-08-19 14:39:52,nepse_index,nepse_index_summary,True,cloud_automated,Wednesday - Trading Hours: 11:00 AM - 3:00 PM NPT,,,,,,,,,,,,,,,,,,,,,,,,"{'id': 63, 'auditId': None, 'exchangeIndexId': None, 'generatedTime': '2026-08-19T14:39:58.473', 'index': 'Sensitive Float Index', 'close': 155.76, 'high': 156.1742, 'low': 155.0121, 'previousClose': 155.7623, 'change': -0.08, 'perChange': -0.05, 'fiftyTwoWeekHigh': 173.41, 'fiftyTwoWeekLow': 147.61, 'currentValue': 155.67}","{'id': 62, 'auditId': None, 'exchangeIndexId': None, 'generatedTime': '2026-08-19T14:40:01.047', 'index': 'Float Index', 'close': 179.98, 'high': 180.3272, 'low': 179.166, 'previousClose': 179.9785, 'change': -0.18, 'perChange': -0.1, 'fiftyTwoWeekHigh': 204.21, 'fiftyTwoWeekLow': 170.58, 'currentValue': 179.79}","{'id': 57, 'auditId': None, 'exchangeIndexId': None, 'generatedTime': '2026-08-19T14:39:58.47', 'index': 'Sensitive Index', 'close': 461.09, 'high': 462.3079, 'low': 458.4997, 'previousClose': 461.0905, 'change': -0.46, 'perChange': -0.1, 'fiftyTwoWeekHigh': 507.0, 'fiftyTwoWeekLow': 435.29, 'currentValue': 460.62}","{'id': 58, 'auditId': None, 'exchangeIndexId': None, 'generatedTime': '2026-08-19T14:40:01.047', 'index': 'NEPSE Index', 'close': 2622.49, 'high': 2627.1113, 'low': 2609.8457, 'previousClose': 2622.4865, 'change': -2.77, 'perChange': -0.1, 'fiftyTwoWeekHigh': 2960.4, 'fiftyTwoWeekLow': 2487.18, 'currentValue': 2619.7}",,,7,"price_volume, live_market, summary, top_gainers, top_losers, nepse_index, supply_demand",5631
2026-08-19T14:39:52.340992+05:45,2026-08-19 14:39:52,supply_demand,supply_demand_summary,True,cloud_automated,Wednesday - Trading Hours: 11:00 AM - 3:00 PM NPT,,,,,,,,,,,,,,,,,,,,,,,,,,,,"[{'totalQuantity': 676450, 'totalOrder': 10, 'securityId': 9174, 'symbol': 'PRSF', 'securityName': 'Prabhu Smart Fund'}, {'totalQuantity': 543300, 'totalOrder': 8, 'securityId': 9182, 'symbol': 'SIGS3', 'securityName': 'Siddhartha Investment Growth Scheme 3'}, {'totalQuantity': 475288, 'totalOrder': 5, 'securityId': 8074, 'symbol': 'KDBY', 'securityName': 'Kumari Dhanabriddhi Yojana'}, {'totalQuantity': 403562, 'totalOrder': 11, 'securityId': 8125, 'symbol': 'NSIF2', 'securityName': 'NMB Sulav Investment Fund - 2'}, {'totalQuantity': 307755, 'totalOrder': 6, 'securityId': 9302, 'symbol': 'RBBF40', 'securityName': 'RBB Focus 40'}, {'totalQuantity': 295207, 'totalOrder': 6, 'securityId': 2933, 'symbol': 'KEF', 'securityName': 'Kumari Equity Fund'}, {'totalQuantity': 262430, 'totalOrder': 16, 'securityId': 610, 'symbol': 'RIDI', 'securityName': 'Ridi Power Company Limited'}, {'totalQuantity': 224163, 'totalOrder': 6, 'securityId': 9254, 'symbol': 'NMBHF2', 'securityName': 'NMB Hybrid Fund L- II'}, {'totalQuantity': 141352, 'totalOrder': 5, 'securityId': 2760, 'symbol': 'UMHL', 'securityName': 'United Modi Hydropower Ltd.'}, {'totalQuantity': 140807, 'totalOrder': 8, 'securityId': 2767, 'symbol': 'HPPL', 'securityName': 'Himalayan Power Partner Ltd.'}, {'totalQuantity': 122015, 'totalOrder': 5, 'securityId': 8106, 'symbol': 'GIBF1', 'securityName': 'Global IME Balanced Fund-1'}, {'totalQuantity': 113337, 'totalOrder': 9, 'securityId': 341, 'symbol': 'GBIME', 'securityName': 'Global IME Bank Limited'}, {'totalQuantity': 112589, 'totalOrder': 8, 'securityId': 4947, 'symbol': 'PSF', 'securityName': 'Prabhu Select Fund'}, {'totalQuantity': 108633, 'totalOrder': 8, 'securityId': 2913, 'symbol': 'MEN', 'securityName': 'Mountain Energy Nepal Limited'}, {'totalQuantity': 103343, 'totalOrder': 9, 'securityId': 8021, 'symbol': 'SAHAS', 'securityName': 'Sahas Urja Limited'}, {'totalQuantity': 103038, 'totalOrder': 7, 'securityId': 9156, 'symbol': 'TAMOR', 'securityName': 'Sanima Middle Tamor Hydropower Limited'}, {'totalQuantity': 102184, 'totalOrder': 15, 'securityId': 142, 'symbol': 'KBL', 'securityName': 'Kumari Bank Limited'}, {'totalQuantity': 94100, 'totalOrder': 5, 'securityId': 9257, 'symbol': 'MBLEF', 'securityName': 'MBL Equity Fund'}, {'totalQuantity': 93888, 'totalOrder': 5, 'securityId': 152, 'symbol': 'NHPC', 'securityName': 'National Hydro Power Company Limited'}, {'totalQuantity': 93300, 'totalOrder': 7, 'securityId': 9154, 'symbol': 'SFEF', 'securityName': 'Sunrise Focused Equity Fund'}, {'totalQuantity': 92038, 'totalOrder': 8, 'securityId': 2788, 'symbol': 'AKJCL', 'securityName': 'Ankhu Khola Jalvidhyut Company Ltd'}, {'totalQuantity': 91794, 'totalOrder': 6, 'securityId': 9311, 'symbol': 'SOHL', 'securityName': 'Solu Hydropower Limited'}, {'totalQuantity': 91585, 'totalOrder': 7, 'securityId': 8023, 'symbol': 'MMF1', 'securityName': 'Mega Mutual Fund -1'}, {'totalQuantity': 90765, 'totalOrder': 8, 'securityId': 2806, 'symbol': 'GHL', 'securityName': 'Ghalemdi Hydro Limited'}, {'totalQuantity': 87114, 'totalOrder': 21, 'securityId': 697, 'symbol': 'API', 'securityName': 'Api Power Company Ltd.'}, {'totalQuantity': 85438, 'totalOrder': 8, 'securityId': 517, 'symbol': 'NBL', 'securityName': 'Nepal Bank Limited'}, {'totalQuantity': 84471, 'totalOrder': 7, 'securityId': 2743, 'symbol': 'NGPL', 'securityName': 'Ngadi Group Power Ltd.'}, {'totalQuantity': 82242, 'totalOrder': 11, 'securityId': 9208, 'symbol': 'ULHC', 'securityName': 'Upper Lohore Khola Hydropower Company Limited'}, {'totalQuantity': 80441, 'totalOrder': 5, 'securityId': 2903, 'symbol': 'LEC', 'securityName': 'Liberty Energy Company Limited'}, {'totalQuantity': 78400, 'totalOrder': 7, 'securityId': 9259, 'symbol': 'RSY', 'securityName': 'Reliable Samriddhi Yojana'}, {'totalQuantity': 77498, 'totalOrder': 8, 'securityId': 9245, 'symbol': 'MNMF1', 'securityName': 'Muktinath Mutual Fund 1'}, {'totalQuantity': 76435, 'totalOrder': 16, 'securityId': 132, 'symbol': 'NIMB', 'securityName': 'Nepal Investment Mega Bank Limited'}, {'totalQuantity': 71748, 'totalOrder': 9, 'securityId': 145, 'symbol': 'SBL', 'securityName': 'Siddhartha Bank Limited'}, {'totalQuantity': 70209, 'totalOrder': 9, 'securityId': 255, 'symbol': 'PRVU', 'securityName': 'Prabhu  Bank Limited'}, {'totalQuantity': 69059, 'totalOrder': 8, 'securityId': 8111, 'symbol': 'HIDCLP', 'securityName': 'Hydorelectricity Investment and Development Company Limited Promoter'}, {'totalQuantity': 69030, 'totalOrder': 10, 'securityId': 4968, 'symbol': 'RMF1', 'securityName': 'RBB Mutual Fund 1'}, {'totalQuantity': 68004, 'totalOrder': 8, 'securityId': 9267, 'symbol': 'BHCL', 'securityName': 'Bikash Hydropower Company Limited'}, {'totalQuantity': 66720, 'totalOrder': 16, 'securityId': 2907, 'symbol': 'SSHL', 'securityName': 'Shiva Shree Hydropower Ltd'}, {'totalQuantity': 66009, 'totalOrder': 10, 'securityId': 141, 'symbol': 'LSL', 'securityName': 'Laxmi Sunrise Bank Limited'}, {'totalQuantity': 63248, 'totalOrder': 6, 'securityId': 357, 'symbol': 'PCBL', 'securityName': 'Prime Commercial Bank Ltd.'}, {'totalQuantity': 62767, 'totalOrder': 12, 'securityId': 2742, 'symbol': 'HIDCL', 'securityName': 'Hydorelectricity Investment and Development Company Ltd'}, {'totalQuantity': 59500, 'totalOrder': 8, 'securityId': 2937, 'symbol': 'SBCF', 'securityName': 'Sunrise Bluechip Fund'}, {'totalQuantity': 55812, 'totalOrder': 9, 'securityId': 188, 'symbol': 'LICN', 'securityName': 'Life Insurance Corporation (Nepal) Limited'}, {'totalQuantity': 55634, 'totalOrder': 10, 'securityId': 2880, 'symbol': 'HDHPC', 'securityName': 'Himal Dolakha Hydropower Company Limited'}, {'totalQuantity': 53641, 'totalOrder': 12, 'securityId': 9146, 'symbol': 'SMHL', 'securityName': 'Super Madi Hydropower Limited'}, {'totalQuantity': 53391, 'totalOrder': 6, 'securityId': 171, 'symbol': 'SANIMA', 'securityName': 'Sanima Bank Limited'}, {'totalQuantity': 53126, 'totalOrder': 13, 'securityId': 238, 'symbol': 'NMB', 'securityName': 'NMB Bank Limited'}, {'totalQuantity': 52921, 'totalOrder': 23, 'securityId': 2934, 'symbol': 'SHEL', 'securityName': 'Singati Hydro Energy Limited'}, {'totalQuantity': 50218, 'totalOrder': 11, 'securityId': 360, 'symbol': 'AHPC', 'securityName': 'Arun Valley Hydropower Development Co. Ltd.'}, {'totalQuantity': 48809, 'totalOrder': 5, 'securityId': 245, 'symbol': 'CFCL', 'securityName': 'Central Finance Co. Ltd.'}, {'totalQuantity': 47443, 'totalOrder': 22, 'securityId': 2792, 'symbol': 'UPPER', 'securityName': 'Upper Tamakoshi Hydropower Ltd'}, {'totalQuantity': 46687, 'totalOrder': 10, 'securityId': 8099, 'symbol': 'UHEWA', 'securityName': 'Upper Hewakhola Hydropower Company Limited'}, {'totalQuantity': 46520, 'totalOrder': 10, 'securityId': 2776, 'symbol': 'RADHI', 'securityName': 'Radhi Bidyut Company Ltd'}, {'totalQuantity': 44515, 'totalOrder': 10, 'securityId': 9308, 'symbol': 'HFIN', 'securityName': 'Hotel Forest Inn Limited'}, {'totalQuantity': 43610, 'totalOrder': 7, 'securityId': 348, 'symbol': 'CZBIL', 'securityName': 'Citizens Bank International Limited'}, {'totalQuantity': 43444, 'totalOrder': 12, 'securityId': 134, 'symbol': 'HBL', 'securityName': 'Himalayan Bank Limited'}, {'totalQuantity': 42757, 'totalOrder': 23, 'securityId': 131, 'symbol': 'NABIL', 'securityName': 'Nabil Bank Limited'}, {'totalQuantity': 42295, 'totalOrder': 10, 'securityId': 2810, 'symbol': 'UPCL', 'securityName': 'UNIVERSAL POWER COMPANY LTD'}, {'totalQuantity': 41935, 'totalOrder': 12, 'securityId': 9201, 'symbol': 'SNLI', 'securityName': 'Sun Nepal Life Insurance Company Limited'}, {'totalQuantity': 40917, 'totalOrder': 7, 'securityId': 591, 'symbol': 'SHPC', 'securityName': 'Sanima Mai Hydropower Ltd.'}, {'totalQuantity': 40804, 'totalOrder': 7, 'securityId': 2757, 'symbol': 'AKPL', 'securityName': 'Arun Kabeli Power Ltd.'}, {'totalQuantity': 40604, 'totalOrder': 7, 'securityId': 417, 'symbol': 'GBBL', 'securityName': 'Garima Bikas Bank Limited'}, {'totalQuantity': 39633, 'totalOrder': 8, 'securityId': 9329, 'symbol': 'SIPD', 'securityName': 'Shikhar power Development Limited'}, {'totalQuantity': 39363, 'totalOrder': 6, 'securityId': 140, 'symbol': 'MBL', 'securityName': 'Machhapuchhre Bank Limited'}, {'totalQuantity': 38408, 'totalOrder': 13, 'securityId': 2809, 'symbol': 'SHIVM', 'securityName': 'SHIVAM CEMENTS LTD'}, {'totalQuantity': 38229, 'totalOrder': 10, 'securityId': 9323, 'symbol': 'SKHL', 'securityName': 'Super Khudi Hydropower Limited'}, {'totalQuantity': 38200, 'totalOrder': 6, 'securityId': 2770, 'symbol': 'SEF', 'securityName': 'Siddhartha Equity Fund'}, {'totalQuantity': 37089, 'totalOrder': 10, 'securityId': 9345, 'symbol': 'SGHL', 'securityName': 'Sanigad Hydro Limited'}, {'totalQuantity': 36903, 'totalOrder': 8, 'securityId': 516, 'symbol': 'MFIL', 'securityName': 'Manjushree Finance Ltd.'}, {'totalQuantity': 36422, 'totalOrder': 17, 'securityId': 9199, 'symbol': 'RNLI', 'securityName': 'Reliable Nepal Life Insurance Limited'}, {'totalQuantity': 35802, 'totalOrder': 8, 'securityId': 8133, 'symbol': 'PHCL', 'securityName': 'Peoples Hydropower Company Limited'}, {'totalQuantity': 35543, 'totalOrder': 13, 'securityId': 8055, 'symbol': 'BHL', 'securityName': 'Balephi Hydropower Limited'}, {'totalQuantity': 35188, 'totalOrder': 6, 'securityId': 274, 'symbol': 'EDBL', 'securityName': 'Excel Development Bank Ltd.'}, {'totalQuantity': 34630, 'totalOrder': 9, 'securityId': 686, 'symbol': 'BARUN', 'securityName': 'Barun Hydropower Co. Ltd.'}, {'totalQuantity': 34256, 'totalOrder': 7, 'securityId': 178, 'symbol': 'NLICL', 'securityName': 'National Life Insurance Co. Ltd.'}, {'totalQuantity': 33779, 'totalOrder': 21, 'securityId': 137, 'symbol': 'EBL', 'securityName': 'Everest Bank Limited'}, {'totalQuantity': 33470, 'totalOrder': 7, 'securityId': 397, 'symbol': 'ADBL', 'securityName': 'Agricultural Development Bank Limited'}, {'totalQuantity': 33266, 'totalOrder': 6, 'securityId': 9342, 'symbol': 'YMHL', 'securityName': 'Yambaling Hydropower Limited'}, {'totalQuantity': 32369, 'totalOrder': 8, 'securityId': 9173, 'symbol': 'CITY', 'securityName': 'City Hotel Limited'}, {'totalQuantity': 32200, 'totalOrder': 5, 'securityId': 9191, 'symbol': 'C30MF', 'securityName': 'Citizens Super 30 Mutual Fund'}, {'totalQuantity': 31526, 'totalOrder': 5, 'securityId': 561, 'symbol': 'SINDU', 'securityName': 'Sindhu Bikash Bank Ltd'}, {'totalQuantity': 31478, 'totalOrder': 6, 'securityId': 469, 'symbol': 'NIMBPO', 'securityName': 'Nepal Investment Mega Bank Ltd. Promoter Share'}, {'totalQuantity': 31105, 'totalOrder': 8, 'securityId': 135, 'symbol': 'SBI', 'securityName': 'Nepal SBI Bank Limited'}, {'totalQuantity': 31053, 'totalOrder': 5, 'securityId': 9203, 'symbol': 'MEHL', 'securityName': 'Manakamana Engineering Hydropower Limited'}, {'totalQuantity': 30107, 'totalOrder': 5, 'securityId': 2789, 'symbol': 'JOSHI', 'securityName': 'Joshi Hydropower Development Company Ltd'}, {'totalQuantity': 30000, 'totalOrder': 2, 'securityId': 2867, 'symbol': 'NMB50', 'securityName': 'NMB 50'}, {'totalQuantity': 28959, 'totalOrder': 6, 'securityId': 2898, 'symbol': 'NRN', 'securityName': 'NRN Infrastructure and Development Limited'}, {'totalQuantity': 28416, 'totalOrder': 6, 'securityId': 2908, 'symbol': 'SGIC', 'securityName': 'Sanima GIC Insurance Limited'}, {'totalQuantity': 27941, 'totalOrder': 19, 'securityId': 235, 'symbol': 'HDL', 'securityName': 'Himalayan Distillery Limited'}, {'totalQuantity': 27926, 'totalOrder': 11, 'securityId': 8070, 'symbol': 'DORDI', 'securityName': 'Dordi Khola Jal Bidyut Company Limited'}, {'totalQuantity': 27657, 'totalOrder': 7, 'securityId': 139, 'symbol': 'NICA', 'securityName': 'NIC Asia Bank Ltd.'}, {'totalQuantity': 27595, 'totalOrder': 11, 'securityId': 9234, 'symbol': 'HRL', 'securityName': 'Himalayan Reinsurance Limited'}, {'totalQuantity': 27241, 'totalOrder': 7, 'securityId': 2859, 'symbol': 'SIGS2', 'securityName': 'Siddhartha Investment Growth Scheme - 2'}, {'totalQuantity': 27042, 'totalOrder': 13, 'securityId': 9171, 'symbol': 'BEDC', 'securityName': 'Bhugol Energy Development Company Limited'}, {'totalQuantity': 26940, 'totalOrder': 11, 'securityId': 9218, 'symbol': 'TVCL', 'securityName': 'Trishuli Jal Vidhyut Company Limited '}, {'totalQuantity': 26912, 'totalOrder': 8, 'securityId': 8100, 'symbol': 'SGHC', 'securityName': 'Swet-Ganga Hydropower & Construction Limited '}, {'totalQuantity': 26473, 'totalOrder': 11, 'securityId': 2924, 'symbol': 'GLH', 'securityName': 'GreenLife Hydropower Limited'}, {'totalQuantity': 25914, 'totalOrder': 8, 'securityId': 9287, 'symbol': 'MABEL', 'securityName': 'Mabilung Energy Limited'}, {'totalQuantity': 25868, 'totalOrder': 11, 'securityId': 8104, 'symbol': 'USHEC', 'securityName': 'Upper Solu Hydro Electric Company Limited'}, {'totalQuantity': 25421, 'totalOrder': 8, 'securityId': 9303, 'symbol': 'SYPNL', 'securityName': 'SY Panel Nepal Limited'}, {'totalQuantity': 24918, 'totalOrder': 11, 'securityId': 401, 'symbol': 'MLBL', 'securityName': 'Mahalaxmi Bikas Bank Ltd.'}, {'totalQuantity': 24476, 'totalOrder': 7, 'securityId': 8024, 'symbol': 'NBF3', 'securityName': 'Nabil Balanced Fund-3'}, {'totalQuantity': 24462, 'totalOrder': 8, 'securityId': 9343, 'symbol': 'TPKHL', 'securityName': 'Taksar Pikhuwa Khola Hydropower Limited'}, {'totalQuantity': 24373, 'totalOrder': 12, 'securityId': 9170, 'symbol': 'DOLTI', 'securityName': 'Dolti Power Company Limited'}, {'totalQuantity': 24318, 'totalOrder': 11, 'securityId': 9296, 'symbol': 'BUNGAL', 'securityName': 'Bungal Hydro Limited'}, {'totalQuantity': 24183, 'totalOrder': 5, 'securityId': 8066, 'symbol': 'RFPL', 'securityName': 'River Falls Power Limited'}, {'totalQuantity': 23101, 'totalOrder': 24, 'securityId': 2919, 'symbol': 'NIFRA', 'securityName': 'Nepal Infrastructure Bank Limited'}, {'totalQuantity': 22873, 'totalOrder': 9, 'securityId': 2824, 'symbol': 'HURJA', 'securityName': 'Himalaya Urja Bikas Company Limited'}, {'totalQuantity': 22407, 'totalOrder': 7, 'securityId': 474, 'symbol': 'MNBBL', 'securityName': 'Muktinath Bikas Bank Ltd.'}, {'totalQuantity': 21685, 'totalOrder': 9, 'securityId': 147, 'symbol': 'SHL', 'securityName': 'Soaltee Hotel Limited'}, {'totalQuantity': 21180, 'totalOrder': 7, 'securityId': 5982, 'symbol': 'SRLI', 'securityName': 'Sanima Reliance Life Insurance Limited'}, {'totalQuantity': 21014, 'totalOrder': 15, 'securityId': 418, 'symbol': 'JBBL', 'securityName': 'Jyoti Bikas Bank Limited'}, {'totalQuantity': 20577, 'totalOrder': 10, 'securityId': 9179, 'symbol': 'MEL', 'securityName': 'Modi Energy Limited'}, {'totalQuantity': 20507, 'totalOrder': 8, 'securityId': 153, 'symbol': 'BPCL', 'securityName': 'Butwal Power Company Limited'}, {'totalQuantity': 20189, 'totalOrder': 26, 'securityId': 9346, 'symbol': 'KAHL', 'securityName': 'Kalanga Hydro Limited'}, {'totalQuantity': 20173, 'totalOrder': 11, 'securityId': 490, 'symbol': 'FMDBL', 'securityName': 'First Micro Finance Laghubitta Bittiya Sanstha Limited'}, {'totalQuantity': 19608, 'totalOrder': 6, 'securityId': 587, 'symbol': 'RLFL', 'securityName': 'Reliance Finance Ltd.'}, {'totalQuantity': 19436, 'totalOrder': 13, 'securityId': 133, 'symbol': 'SCB', 'securityName': 'Standard Chartered Bank Limited'}, {'totalQuantity': 19044, 'totalOrder': 7, 'securityId': 8022, 'symbol': 'TPC', 'securityName': 'Terhathum Power Company Limited'}, {'totalQuantity': 18910, 'totalOrder': 6, 'securityId': 4949, 'symbol': 'NIBSF2', 'securityName': 'NIBL Samriddhi Fund -2'}, {'totalQuantity': 18909, 'totalOrder': 11, 'securityId': 2841, 'symbol': 'RHPL', 'securityName': 'RASUWAGADHI HYDROPOWER COMPANY LIMITED'}, {'totalQuantity': 18510, 'totalOrder': 13, 'securityId': 9348, 'symbol': 'SEF2', 'securityName': 'Siddhartha Equity Fund 2'}, {'totalQuantity': 17949, 'totalOrder': 18, 'securityId': 385, 'symbol': 'ALICL', 'securityName': 'Asian Life Insurance Co. Limited'}, {'totalQuantity': 17833, 'totalOrder': 12, 'securityId': 9148, 'symbol': 'SMH', 'securityName': 'Super Mai Hydropower Limited'}, {'totalQuantity': 17527, 'totalOrder': 8, 'securityId': 8032, 'symbol': 'BNHC', 'securityName': 'Buddha Bhumi Nepal Hydropower Company Limited'}, {'totalQuantity': 17362, 'totalOrder': 9, 'securityId': 2751, 'symbol': 'KKHC', 'securityName': 'Khanikhola Hydropower Co. Ltd.'}, {'totalQuantity': 17088, 'totalOrder': 5, 'securityId': 2860, 'symbol': 'SAPDBL', 'securityName': 'Saptakoshi Development Bank Ltd'}, {'totalQuantity': 17037, 'totalOrder': 6, 'securityId': 2759, 'symbol': 'SPDL', 'securityName': 'Synergy Power Development Ltd.'}, {'totalQuantity': 16959, 'totalOrder': 9, 'securityId': 9242, 'symbol': 'SARBTM', 'securityName': 'Sarbottam Cement Limited'}, {'totalQuantity': 16922, 'totalOrder': 7, 'securityId': 8045, 'symbol': 'GVL', 'securityName': 'Green Ventures Limited'}, {'totalQuantity': 16773, 'totalOrder': 10, 'securityId': 227, 'symbol': 'BFC', 'securityName': 'Best Finance Company Ltd.'}, {'totalQuantity': 16768, 'totalOrder': 8, 'securityId': 8121, 'symbol': 'SPHL', 'securityName': 'Sayapatri Hydropower Limited'}, {'totalQuantity': 16460, 'totalOrder': 11, 'securityId': 307, 'symbol': 'NTC', 'securityName': 'Nepal Doorsanchar Company Limited'}, {'totalQuantity': 16450, 'totalOrder': 5, 'securityId': 8131, 'symbol': 'EHPL', 'securityName': 'Eastern Hydropower Limited'}, {'totalQuantity': 16383, 'totalOrder': 9, 'securityId': 9166, 'symbol': 'MAKAR', 'securityName': 'Makar Jitumaya Suri Hydropower Limited'}, {'totalQuantity': 16358, 'totalOrder': 10, 'securityId': 473, 'symbol': 'SHINE', 'securityName': 'Shine Resunga Development Bank Ltd.'}, {'totalQuantity': 16316, 'totalOrder': 6, 'securityId': 9149, 'symbol': 'MKHC', 'securityName': 'Maya Khola Hydropower Company Limited'}, {'totalQuantity': 16109, 'totalOrder': 5, 'securityId': 9178, 'symbol': 'RMF2', 'securityName': 'RBB Mutual Fund 2'}, {'totalQuantity': 15835, 'totalOrder': 5, 'securityId': 2902, 'symbol': 'LUK', 'securityName': 'Laxmi Unnati Kosh'}, {'totalQuantity': 15295, 'totalOrder': 9, 'securityId': 8076, 'symbol': 'HHL', 'securityName': 'Himalayan Hydropower Limited'}, {'totalQuantity': 15062, 'totalOrder': 8, 'securityId': 574, 'symbol': 'SKBBL', 'securityName': 'Sana Kisan Bikas Laghubitta Bittiya Sanstha Limited'}, {'totalQuantity': 15033, 'totalOrder': 6, 'securityId': 2881, 'symbol': 'NRIC', 'securityName': 'Nepal Reinsurance Company Limited'}, {'totalQuantity': 14996, 'totalOrder': 12, 'securityId': 187, 'symbol': 'NLIC', 'securityName': 'Nepal Life Insurance Co. Ltd.'}, {'totalQuantity': 14968, 'totalOrder': 9, 'securityId': 393, 'symbol': 'HLI', 'securityName': 'Himalayan Life Insurance Limited'}, {'totalQuantity': 14865, 'totalOrder': 5, 'securityId': 263, 'symbol': 'GMFIL', 'securityName': 'Guheshowori Merchant Bank & Finance Co. Ltd.'}, {'totalQuantity': 14805, 'totalOrder': 7, 'securityId': 9301, 'symbol': 'SAIL', 'securityName': 'Shreenagar Agritech Industries Limited'}, {'totalQuantity': 14743, 'totalOrder': 11, 'securityId': 9159, 'symbol': 'SMJC', 'securityName': 'Sagarmatha Jalabidhyut Company Limited'}, {'totalQuantity': 14528, 'totalOrder': 14, 'securityId': 8031, 'symbol': 'MBJC', 'securityName': 'Madhya Bhotekoshi Jalavidyut Company Limited'}, {'totalQuantity': 14465, 'totalOrder': 3, 'securityId': 2863, 'symbol': 'NICBF', 'securityName': 'NIC Asia Balanced Fund'}, {'totalQuantity': 14409, 'totalOrder': 11, 'securityId': 9305, 'symbol': 'SABBL', 'securityName': 'Salapa Bikas Bank Limited'}, {'totalQuantity': 13868, 'totalOrder': 24, 'securityId': 9336, 'symbol': 'SOPL', 'securityName': 'Sopan Pharmaceuticals Limited'}, {'totalQuantity': 13587, 'totalOrder': 10, 'securityId': 9263, 'symbol': 'SANVI', 'securityName': 'Sanvi Energy Limited'}, {'totalQuantity': 13334, 'totalOrder': 3, 'securityId': 9244, 'symbol': 'NIBLSTF', 'securityName': 'NIBL Stable Fund'}, {'totalQuantity': 13164, 'totalOrder': 7, 'securityId': 9297, 'symbol': 'BANDIPUR', 'securityName': 'Bandipur Cablecar and Tourism Limited'}, {'totalQuantity': 13097, 'totalOrder': 13, 'securityId': 9330, 'symbol': 'PCIL', 'securityName': 'Palpa Cement Industries Limited'}, {'totalQuantity': 13076, 'totalOrder': 6, 'securityId': 2917, 'symbol': 'CGH', 'securityName': 'Chandragiri Hills Limited'}, {'totalQuantity': 12840, 'totalOrder': 4, 'securityId': 9198, 'symbol': 'LVF2', 'securityName': 'Laxmi Value Fund 2'}, {'totalQuantity': 12498, 'totalOrder': 5, 'securityId': 9193, 'symbol': 'GCIL', 'securityName': 'Ghorahi Cement Industry Limited'}, {'totalQuantity': 12435, 'totalOrder': 6, 'securityId': 9344, 'symbol': 'SNORL', 'securityName': 'Snow Rivers Limited'}, {'totalQuantity': 12389, 'totalOrder': 10, 'securityId': 8122, 'symbol': 'PPL', 'securityName': ""People's Power Limited""}, {'totalQuantity': 12361, 'totalOrder': 6, 'securityId': 176, 'symbol': 'NICL', 'securityName': 'Nepal Insurance Co. Ltd.'}, {'totalQuantity': 12261, 'totalOrder': 7, 'securityId': 204, 'symbol': 'GUFL', 'securityName': 'Gurkhas Finance Ltd.'}, {'totalQuantity': 11586, 'totalOrder': 9, 'securityId': 9216, 'symbol': 'SONA', 'securityName': 'Sonapur Minerals And Oil Limited'}, {'totalQuantity': 11580, 'totalOrder': 12, 'securityId': 9351, 'symbol': 'RSY2', 'securityName': 'Reliable Samriddhi Yojana -2'}, {'totalQuantity': 11407, 'totalOrder': 5, 'securityId': 9322, 'symbol': 'BJHL', 'securityName': 'Bhujung Hydropower Limited'}, {'totalQuantity': 11354, 'totalOrder': 7, 'securityId': 371, 'symbol': 'MDB', 'securityName': 'Miteri Development Bank Limited'}, {'totalQuantity': 11282, 'totalOrder': 9, 'securityId': 179, 'symbol': 'HEI', 'securityName': 'Himalayan Everest Insurance Limited'}, {'totalQuantity': 11236, 'totalOrder': 9, 'securityId': 471, 'symbol': 'MPFL', 'securityName': 'Multipurpose Finance Company  Limited'}, {'totalQuantity': 11193, 'totalOrder': 12, 'securityId': 9293, 'symbol': 'DHEL', 'securityName': 'Daramkhola Hydro Energy Limited'}, {'totalQuantity': 10949, 'totalOrder': 6, 'securityId': 9196, 'symbol': 'KBSH', 'securityName': 'Kutheli Bukhari Small Hydropower Limited'}, {'totalQuantity': 10881, 'totalOrder': 8, 'securityId': 9252, 'symbol': 'CREST', 'securityName': 'Crest Micro Life Insurance Limited'}, {'totalQuantity': 10809, 'totalOrder': 8, 'securityId': 700, 'symbol': 'HEIP', 'securityName': 'Himalayan Everest Insurance Limited Promoter'}, {'totalQuantity': 10671, 'totalOrder': 5, 'securityId': 9181, 'symbol': 'RAWA', 'securityName': 'Rawa Energy Development Limited'}, {'totalQuantity': 10664, 'totalOrder': 21, 'securityId': 164, 'symbol': 'CBBL', 'securityName': 'Chhimek Laghubitta Bittiya Sanstha Limited'}, {'totalQuantity': 10329, 'totalOrder': 19, 'securityId': 2842, 'symbol': 'SJCL', 'securityName': 'SANJEN JALAVIDHYUT COMPANY LIMITED'}, {'totalQuantity': 10163, 'totalOrder': 10, 'securityId': 2766, 'symbol': 'CHL', 'securityName': 'Chhyangdi Hydropower Ltd.'}, {'totalQuantity': 10100, 'totalOrder': 2, 'securityId': 9138, 'symbol': 'NIBLGF', 'securityName': 'NIBL Growth Fund'}, {'totalQuantity': 10015, 'totalOrder': 7, 'securityId': 358, 'symbol': 'LBBL', 'securityName': 'Lumbini Bikas Bank Ltd.'}, {'totalQuantity': 9999, 'totalOrder': 6, 'securityId': 9324, 'symbol': 'RLEL', 'securityName': 'Ridge Line Energy Limited'}, {'totalQuantity': 9965, 'totalOrder': 6, 'securityId': 2831, 'symbol': 'UNHPL', 'securityName': 'Union Hydropower Limited'}, {'totalQuantity': 9825, 'totalOrder': 5, 'securityId': 2786, 'symbol': 'PMHPL', 'securityName': 'Panchakanya Mai Hydropower Ltd'}, {'totalQuantity': 9799, 'totalOrder': 7, 'securityId': 2811, 'symbol': 'MHNL', 'securityName': 'Mountain Hydro Nepal Limited'}, {'totalQuantity': 9750, 'totalOrder': 7, 'securityId': 9312, 'symbol': 'NSY', 'securityName': 'Nepal Life Samriddhi Lagani Yojana'}, {'totalQuantity': 9750, 'totalOrder': 5, 'securityId': 9306, 'symbol': 'RSML', 'securityName': 'Reliance Spinning Mills Limited'}, {'totalQuantity': 9417, 'totalOrder': 5, 'securityId': 450, 'symbol': 'CORBL', 'securityName': 'Corporate Development Bank Limited'}, {'totalQuantity': 9406, 'totalOrder': 8, 'securityId': 8026, 'symbol': 'NYADI', 'securityName': 'Nyadi Hydropower Limited'}, {'totalQuantity': 9241, 'totalOrder': 6, 'securityId': 2754, 'symbol': 'DHPL', 'securityName': 'Dibyashwori Hydropower Ltd.'}, {'totalQuantity': 9141, 'totalOrder': 9, 'securityId': 154, 'symbol': 'CHCL', 'securityName': 'Chilime Hydropower Company Limited'}, {'totalQuantity': 9052, 'totalOrder': 7, 'securityId': 9217, 'symbol': 'MMKJL', 'securityName': 'Mathillo Mailun Khola Jalvidhyut Limited'}, {'totalQuantity': 9043, 'totalOrder': 5, 'securityId': 472, 'symbol': 'SADBL', 'securityName': 'Shangrila Development Bank Ltd.'}, {'totalQuantity': 8971, 'totalOrder': 8, 'securityId': 8025, 'symbol': 'SPC', 'securityName': 'Samling Power Company Limited'}, {'totalQuantity': 8653, 'totalOrder': 1, 'securityId': 8073, 'symbol': 'NICFC', 'securityName': 'NIC Asia Flexi CAP Fund'}, {'totalQuantity': 8369, 'totalOrder': 9, 'securityId': 559, 'symbol': 'NLG', 'securityName': 'NLG Insurance Company Ltd.'}, {'totalQuantity': 8364, 'totalOrder': 9, 'securityId': 8065, 'symbol': 'CYCL', 'securityName': 'CYC Nepal Laghubitta Bittiya Sanstha Limited'}, {'totalQuantity': 8349, 'totalOrder': 7, 'securityId': 232, 'symbol': 'GFCL', 'securityName': 'Goodwill Finance Limited'}, {'totalQuantity': 8277, 'totalOrder': 9, 'securityId': 8108, 'symbol': 'RHGCL', 'securityName': 'Rapti Hydro And General Construction Limited'}, {'totalQuantity': 8264, 'totalOrder': 7, 'securityId': 2744, 'symbol': 'GRDBL', 'securityName': 'Green Development Bank Ltd.'}, {'totalQuantity': 8166, 'totalOrder': 6, 'securityId': 601, 'symbol': 'MLBBL', 'securityName': 'Mithila LaghuBitta Bittiya Sanstha Limited'}, {'totalQuantity': 8102, 'totalOrder': 5, 'securityId': 2935, 'symbol': 'RURU', 'securityName': 'Ru Ru Jalbidhyut Pariyojana Limited'}, {'totalQuantity': 7951, 'totalOrder': 5, 'securityId': 180, 'symbol': 'UAIL', 'securityName': 'United Ajod Insurance Limited'}, {'totalQuantity': 7854, 'totalOrder': 11, 'securityId': 2813, 'symbol': 'PPCL', 'securityName': 'Panchthar Power Compant Limited'}, {'totalQuantity': 7819, 'totalOrder': 12, 'securityId': 9262, 'symbol': 'TTL', 'securityName': 'Trade Tower Limited'}, {'totalQuantity': 7530, 'totalOrder': 12, 'securityId': 9183, 'symbol': 'NRM', 'securityName': 'Nepal Republic Media Limited'}, {'totalQuantity': 7464, 'totalOrder': 7, 'securityId': 3946, 'symbol': 'CHDC', 'securityName': 'CEDB Holdings Limited'}, {'totalQuantity': 7422, 'totalOrder': 12, 'securityId': 403, 'symbol': 'SJLIC', 'securityName': 'SuryaJyoti Life Insurance Company Limited'}, {'totalQuantity': 7374, 'totalOrder': 9, 'securityId': 9225, 'symbol': 'VLUCL', 'securityName': 'Vision Lumbini Urja Company Limited '}, {'totalQuantity': 6910, 'totalOrder': 7, 'securityId': 2915, 'symbol': 'PMLI', 'securityName': 'Prabhu Mahalaxmi Life Insurance Limited'}, {'totalQuantity': 6838, 'totalOrder': 7, 'securityId': 194, 'symbol': 'NFS', 'securityName': 'Nepal Finance Ltd.'}, {'totalQuantity': 6737, 'totalOrder': 5, 'securityId': 166, 'symbol': 'DDBL', 'securityName': 'Deprosc Laghubitta Bittiya Sanstha Limited'}, {'totalQuantity': 6730, 'totalOrder': 5, 'securityId': 8102, 'symbol': 'MHL', 'securityName': 'Mandakini Hydropower Limited'}, {'totalQuantity': 6675, 'totalOrder': 5, 'securityId': 8063, 'symbol': 'ULBSL', 'securityName': 'Upakar Laghubitta Bittiya Sanstha Limited'}, {'totalQuantity': 6667, 'totalOrder': 9, 'securityId': 2807, 'symbol': 'ALBSL', 'securityName': 'Asha Laghubitta Bittiya Sanstha Ltd'}, {'totalQuantity': 6505, 'totalOrder': 7, 'securityId': 9258, 'symbol': 'PURE', 'securityName': 'Pure Energy Limited'}, {'totalQuantity': 6500, 'totalOrder': 1, 'securityId': 9304, 'symbol': 'CSY', 'securityName': 'Citizens Santulit Yojana'}, {'totalQuantity': 6451, 'totalOrder': 9, 'securityId': 244, 'symbol': 'SIFC', 'securityName': 'Shree Investment Finance Co. Ltd.'}, {'totalQuantity': 6377, 'totalOrder': 9, 'securityId': 172, 'symbol': 'NABBC', 'securityName': 'Narayani Development Bank Limited'}, {'totalQuantity': 6300, 'totalOrder': 11, 'securityId': 9349, 'symbol': 'SAEF2', 'securityName': 'Sanima Equity Fund-2'}, {'totalQuantity': 6238, 'totalOrder': 6, 'securityId': 2887, 'symbol': 'NICLBSL', 'securityName': 'NIC ASIA Laghubitta Bittiya Sanstha Limited'}, {'totalQuantity': 6180, 'totalOrder': 6, 'securityId': 9334, 'symbol': 'KHPL', 'securityName': 'Kalinchock Hydropower Limited'}, {'totalQuantity': 6124, 'totalOrder': 7, 'securityId': 182, 'symbol': 'SPIL', 'securityName': 'Siddhartha Premier Insurance Limited'}, {'totalQuantity': 6074, 'totalOrder': 8, 'securityId': 8075, 'symbol': 'BHDC', 'securityName': 'Bindhyabasini Hydropower Development Company Limited'}, {'totalQuantity': 5963, 'totalOrder': 10, 'securityId': 183, 'symbol': 'NIL', 'securityName': 'Neco Insurance Limited'}, {'totalQuantity': 5915, 'totalOrder': 6, 'securityId': 459, 'symbol': 'KSBBL', 'securityName': 'Kamana Sewa Bikas Bank Limited'}, {'totalQuantity': 5883, 'totalOrder': 8, 'securityId': 396, 'symbol': 'NMLBBL', 'securityName': 'Nerude Mirmire Laghubitta Bittiya Sanstha Limited'}, {'totalQuantity': 5780, 'totalOrder': 5, 'securityId': 2748, 'symbol': 'RSDC', 'securityName': 'RSDC Laghubitta Bittiya Sanstha Ltd.'}, {'totalQuantity': 5750, 'totalOrder': 5, 'securityId': 9290, 'symbol': 'HLICF', 'securityName': 'HLI Large Cap Fund'}, {'totalQuantity': 5740, 'totalOrder': 6, 'securityId': 545, 'symbol': 'SLBBL', 'securityName': 'Swarojgar Laghubitta Bittiya Sanstha Ltd.'}, {'totalQuantity': 5688, 'totalOrder': 7, 'securityId': 268, 'symbol': 'SWBBL', 'securityName': 'Swabalamban Laghubitta Bittiya Sanstha Limited'}, {'totalQuantity': 5677, 'totalOrder': 11, 'securityId': 9337, 'symbol': 'APHL', 'securityName': 'Appolo Hydropower Limited'}, {'totalQuantity': 5648, 'totalOrder': 9, 'securityId': 210, 'symbol': 'CIT', 'securityName': 'Citizen Investment Trust'}, {'totalQuantity': 5600, 'totalOrder': 7, 'securityId': 9350, 'symbol': 'LSH12', 'securityName': 'LS Horizon 12'}, {'totalQuantity': 5518, 'totalOrder': 5, 'securityId': 8005, 'symbol': 'MKJC', 'securityName': 'Mailung Khola Jal Vidhyut Company Limited'}, {'totalQuantity': 5489, 'totalOrder': 6, 'securityId': 9176, 'symbol': 'IHL', 'securityName': 'Ingwa Hydropower Limited'}, {'totalQuantity': 5423, 'totalOrder': 8, 'securityId': 2746, 'symbol': 'NMFBS', 'securityName': 'National Laghubitta Bittiya Sanstha Limited'}, {'totalQuantity': 5374, 'totalOrder': 11, 'securityId': 9294, 'symbol': 'SAGAR', 'securityName': 'Sagar Distillery Limited'}, {'totalQuantity': 5328, 'totalOrder': 6, 'securityId': 8098, 'symbol': 'SBLD89', 'securityName': '10.75% SBL Debenture 2089'}, {'totalQuantity': 5278, 'totalOrder': 7, 'securityId': 186, 'symbol': 'IGI', 'securityName': 'IGI Prudential insurance Limited'}, {'totalQuantity': 5245, 'totalOrder': 7, 'securityId': 9213, 'symbol': 'HATHY', 'securityName': 'Hathway Investment Nepal Limited'}, {'totalQuantity': 5243, 'totalOrder': 8, 'securityId': 250, 'symbol': 'JFL', 'securityName': 'Janaki Finance Company Limited'}, {'totalQuantity': 5218, 'totalOrder': 5, 'securityId': 8041, 'symbol': 'NESDO', 'securityName': 'NESDO Sambridha Laghubitta Bittiya Sanstha Limited'}, {'totalQuantity': 5202, 'totalOrder': 6, 'securityId': 338, 'symbol': 'PROFL', 'securityName': 'Progressive Finance Limited'}, {'totalQuantity': 5193, 'totalOrder': 7, 'securityId': 2769, 'symbol': 'NHDL', 'securityName': 'Nepal Hydro Developers Ltd.'}, {'totalQuantity': 5152, 'totalOrder': 12, 'securityId': 9175, 'symbol': 'MCHL', 'securityName': 'Menchhiyam Hydropower Limited'}, {'totalQuantity': 5087, 'totalOrder': 7, 'securityId': 9135, 'symbol': 'BHPL', 'securityName': 'Barahi Hydropower Public Limited'}, {'totalQuantity': 5010, 'totalOrder': 6, 'securityId': 4951, 'symbol': 'JBLB', 'securityName': 'Jeevan Bikas Laghubitta  Bittya Sanstha Ltd'}, {'totalQuantity': 4993, 'totalOrder': 14, 'securityId': 9347, 'symbol': 'ECL', 'securityName': 'Everest Colour Limited'}, {'totalQuantity': 4910, 'totalOrder': 8, 'securityId': 2768, 'symbol': 'MSLB', 'securityName': 'Mahuli Laghubitta Bittiya Sanstha Limited'}, {'totalQuantity': 4850, 'totalOrder': 3, 'securityId': 2877, 'symbol': 'SFMF', 'securityName': 'Sunrise First Mutual Fund'}, {'totalQuantity': 4700, 'totalOrder': 7, 'securityId': 9221, 'symbol': 'H8020', 'securityName': 'Himalayan 80-20'}, {'totalQuantity': 4672, 'totalOrder': 7, 'securityId': 2832, 'symbol': 'ILBS', 'securityName': 'Infinity Laghubitta Bittiya Sanstha Limited'}, {'totalQuantity': 4607, 'totalOrder': 10, 'securityId': 192, 'symbol': 'SICL', 'securityName': 'Shikhar Insurance Co. Ltd.'}, {'totalQuantity': 4600, 'totalOrder': 6, 'securityId': 2923, 'symbol': 'SLCF', 'securityName': 'Sanima Large Cap Fund'}, {'totalQuantity': 4591, 'totalOrder': 7, 'securityId': 9270, 'symbol': 'HIMSTAR', 'securityName': 'Him Star Urja Company Limited'}, {'totalQuantity': 4541, 'totalOrder': 6, 'securityId': 8126, 'symbol': 'SIKLES', 'securityName': 'Sikles Hydropower Limited'}, {'totalQuantity': 4357, 'totalOrder': 7, 'securityId': 9158, 'symbol': 'MHCL', 'securityName': 'Molung Hydropower Company Limited'}, {'totalQuantity': 4250, 'totalOrder': 9, 'securityId': 9212, 'symbol': 'MANDU', 'securityName': 'Mandu Hydropower Limited'}, {'totalQuantity': 4186, 'totalOrder': 6, 'securityId': 9214, 'symbol': 'BGWT', 'securityName': 'Bhagawati Hydropower Development Company Limited'}, {'totalQuantity': 4091, 'totalOrder': 7, 'securityId': 2787, 'symbol': 'KPCL', 'securityName': 'Kalika power Company Ltd'}, {'totalQuantity': 4067, 'totalOrder': 8, 'securityId': 2758, 'symbol': 'FOWAD', 'securityName': 'Forward Microfinance Laghubitta Bittiya Sanstha Limited'}, {'totalQuantity': 4002, 'totalOrder': 6, 'securityId': 9209, 'symbol': 'CLI', 'securityName': 'Citizen Life Insurance Company Limited'}, {'totalQuantity': 3989, 'totalOrder': 6, 'securityId': 593, 'symbol': 'KMCDB', 'securityName': 'Kalika Laghubitta Bittiya Sanstha Ltd'}, {'totalQuantity': 3931, 'totalOrder': 8, 'securityId': 9194, 'symbol': 'TSHL', 'securityName': 'Three Star Hydropower Limited'}, {'totalQuantity': 3881, 'totalOrder': 7, 'securityId': 9147, 'symbol': 'SPL', 'securityName': 'Shuvam Power Limited'}, {'totalQuantity': 3673, 'totalOrder': 6, 'securityId': 185, 'symbol': 'SALICO', 'securityName': 'Sagarmatha Lumbini Insurance Co. Limited'}, {'totalQuantity': 3603, 'totalOrder': 6, 'securityId': 705, 'symbol': 'GILB', 'securityName': 'Global IME Laghubitta Bittiya Sanstha Ltd.'}, {'totalQuantity': 3365, 'totalOrder': 6, 'securityId': 9300, 'symbol': 'JHAPA', 'securityName': 'Jhapa Energy Limited'}, {'totalQuantity': 3302, 'totalOrder': 8, 'securityId': 693, 'symbol': 'HLBSL', 'securityName': 'Himalayan Laghubitta Bittiya Sanstha Limited'}, {'totalQuantity': 3243, 'totalOrder': 6, 'securityId': 1741, 'symbol': 'MERO', 'securityName': 'Mero Microfinance Bittiya Sanstha Ltd.'}, {'totalQuantity': 3205, 'totalOrder': 25, 'securityId': 9184, 'symbol': 'ILI', 'securityName': 'IME Life Insurance Company Limited'}, {'totalQuantity': 3123, 'totalOrder': 6, 'securityId': 163, 'symbol': 'NUBL', 'securityName': 'Nirdhan Utthan Laghubitta Bittiya Sanstha Limited'}, {'totalQuantity': 3101, 'totalOrder': 6, 'securityId': 184, 'symbol': 'PRIN', 'securityName': 'Prabhu Insurance Ltd.'}, {'totalQuantity': 3096, 'totalOrder': 6, 'securityId': 583, 'symbol': 'GBLBS', 'securityName': 'Grameen Bikas Laghubitta Bittiya Sanstha Ltd.'}, {'totalQuantity': 3060, 'totalOrder': 5, 'securityId': 2815, 'symbol': 'GMFBS', 'securityName': 'Ganapati Laghubitta Bittiya Sanstha Limited'}, {'totalQuantity': 2950, 'totalOrder': 6, 'securityId': 9232, 'symbol': 'CKHL', 'securityName': 'Chirkhwa Hydropower Limited '}, {'totalQuantity': 2900, 'totalOrder': 1, 'securityId': 2835, 'symbol': 'NBF2', 'securityName': 'NABIL BALANCED FUND-2'}, {'totalQuantity': 2834, 'totalOrder': 10, 'securityId': 273, 'symbol': 'ICFC', 'securityName': 'ICFC Finance Limited'}, {'totalQuantity': 2764, 'totalOrder': 5, 'securityId': 706, 'symbol': 'SWMF', 'securityName': 'Suryodaya Womi Laghubitta Bittiya Sanstha Limited'}, {'totalQuantity': 2650, 'totalOrder': 6, 'securityId': 9299, 'symbol': 'NABILD2089', 'securityName': '7% Nabil Debenture 2089'}, {'totalQuantity': 2648, 'totalOrder': 12, 'securityId': 2761, 'symbol': 'SMATA', 'securityName': 'Samata Gharelu Laghubitta Bittiya Sanstha Limited'}, {'totalQuantity': 2561, 'totalOrder': 10, 'securityId': 9192, 'symbol': 'USHL', 'securityName': 'Upper Syange Hydropower Limited'}, {'totalQuantity': 2533, 'totalOrder': 6, 'securityId': 2804, 'symbol': 'SLBSL', 'securityName': 'Samudayik Laghubitta Bittiya Sanstha Limited'}, {'totalQuantity': 2483, 'totalOrder': 7, 'securityId': 9250, 'symbol': 'NMIC', 'securityName': 'Nepal Micro Insurance Company Limited'}, {'totalQuantity': 2463, 'totalOrder': 8, 'securityId': 2774, 'symbol': 'USLB', 'securityName': 'Unnati Sahakarya Laghubitta Bittiya Sanstha Limited'}, {'totalQuantity': 2400, 'totalOrder': 4, 'securityId': 9139, 'symbol': 'SAGF', 'securityName': 'Sanima Growth Fund'}, {'totalQuantity': 2280, 'totalOrder': 7, 'securityId': 9167, 'symbol': 'MKHL', 'securityName': 'Mai Khola Hydropower Limited'}, {'totalQuantity': 2213, 'totalOrder': 5, 'securityId': 2914, 'symbol': 'UMRH', 'securityName': 'United IDI Mardi RB Hydropower Limited.'}, {'totalQuantity': 2161, 'totalOrder': 9, 'securityId': 8034, 'symbol': 'ENL', 'securityName': 'Emerging Nepal Limited'}, {'totalQuantity': 2113, 'totalOrder': 6, 'securityId': 618, 'symbol': 'LLBS', 'securityName': 'Laxmi Laghubitta Bittiya Sanstha Ltd.'}, {'totalQuantity': 1930, 'totalOrder': 8, 'securityId': 9150, 'symbol': 'AHL', 'securityName': 'Asian Hydropower Limited'}, {'totalQuantity': 1905, 'totalOrder': 7, 'securityId': 9161, 'symbol': 'ANLB', 'securityName': 'Aatmanirbhar Laghubitta Bittiya Sanstha Limited'}, {'totalQuantity': 1892, 'totalOrder': 6, 'securityId': 704, 'symbol': 'NMBMF', 'securityName': 'NMB  Microfinance Bittiya Sanstha Ltd.'}, {'totalQuantity': 1889, 'totalOrder': 5, 'securityId': 687, 'symbol': 'VLBS', 'securityName': 'Vijaya laghubitta Bittiya Sanstha Ltd.'}, {'totalQuantity': 1780, 'totalOrder': 8, 'securityId': 149, 'symbol': 'OHL', 'securityName': 'Oriental Hotels Limited'}, {'totalQuantity': 1767, 'totalOrder': 5, 'securityId': 8123, 'symbol': 'DLBS', 'securityName': 'Dhaulagiri Laghubitta Bittiya Sanstha Limited'}, {'totalQuantity': 1720, 'totalOrder': 5, 'securityId': 2790, 'symbol': 'ACLBSL', 'securityName': 'Aarambha Chautari Laghubitta Bittiya Sanstha Limited'}, {'totalQuantity': 1651, 'totalOrder': 5, 'securityId': 2771, 'symbol': 'SMB', 'securityName': 'Support Microfinance Bittiya Sanstha Ltd.'}, {'totalQuantity': 1590, 'totalOrder': 9, 'securityId': 9151, 'symbol': 'KDL', 'securityName': 'Kalinchowk Darshan Limited'}, {'totalQuantity': 1555, 'totalOrder': 5, 'securityId': 9233, 'symbol': 'NWCL', 'securityName': 'Nepal Warehousing Company Limited '}, {'totalQuantity': 1550, 'totalOrder': 3, 'securityId': 9248, 'symbol': 'GSY', 'securityName': 'Garima Samriddhi Yojana'}, {'totalQuantity': 1546, 'totalOrder': 6, 'securityId': 8117, 'symbol': 'AVYAN', 'securityName': 'Aviyan Laghubitta Bittiya Sanstha Limited'}, {'totalQuantity': 1543, 'totalOrder': 8, 'securityId': 9325, 'symbol': 'SKHEL', 'securityName': 'Suryakunda Hydro Electric Limited'}, {'totalQuantity': 1423, 'totalOrder': 11, 'securityId': 9256, 'symbol': 'OMPL', 'securityName': 'Om Megashree Pharmaceuticals Limited'}, {'totalQuantity': 1376, 'totalOrder': 6, 'securityId': 9230, 'symbol': 'MKCL', 'securityName': 'Muktinath Krishi Company Limited'}, {'totalQuantity': 1356, 'totalOrder': 9, 'securityId': 2925, 'symbol': 'MLBSL', 'securityName': 'Mahila Lagubitta Bittiya Sanstha Limited '}, {'totalQuantity': 1320, 'totalOrder': 7, 'securityId': 2896, 'symbol': 'SMPDA', 'securityName': 'Sampada Laghubitta Bittiya Sanstha Limited'}, {'totalQuantity': 1213, 'totalOrder': 5, 'securityId': 156, 'symbol': 'BBC', 'securityName': 'Bishal Bazar Company Limited'}, {'totalQuantity': 1211, 'totalOrder': 5, 'securityId': 9246, 'symbol': 'GMLI', 'securityName': 'Guardian Micro Life Insurance Limited '}, {'totalQuantity': 1185, 'totalOrder': 5, 'securityId': 155, 'symbol': 'STC', 'securityName': 'Salt Trading Corporation'}, {'totalQuantity': 1174, 'totalOrder': 6, 'securityId': 2886, 'symbol': 'ADBLD83', 'securityName': '10.35% Agricultural Bank Debenture 2083'}, {'totalQuantity': 1105, 'totalOrder': 4, 'securityId': 2868, 'symbol': 'NICD83/84', 'securityName': '10.25% NIC Asia Debenture 2083/84'}, {'totalQuantity': 1105, 'totalOrder': 10, 'securityId': 148, 'symbol': 'TRH', 'securityName': 'Taragaon Regency Hotel Limited'}, {'totalQuantity': 1056, 'totalOrder': 5, 'securityId': 2829, 'symbol': 'SMFBS', 'securityName': 'Swabhimaan Laghubitta Bittiya Sanstha Limited'}, {'totalQuantity': 1010, 'totalOrder': 5, 'securityId': 9266, 'symbol': 'NICAD2091', 'securityName': '7% NIC ASIA Debenture 2091'}, {'totalQuantity': 1000, 'totalOrder': 1, 'securityId': 9269, 'symbol': 'GBIMESY2', 'securityName': 'Global IME Sammunat Yojana -2'}, {'totalQuantity': 934, 'totalOrder': 5, 'securityId': 2931, 'symbol': 'NIBD84', 'securityName': '8.5% Nepal Investment Bank Debenture 2084'}, {'totalQuantity': 900, 'totalOrder': 1, 'securityId': 2864, 'symbol': 'SBLD83', 'securityName': '10.25% SBL Debenture 2083'}, {'totalQuantity': 900, 'totalOrder': 6, 'securityId': 213, 'symbol': 'BNT', 'securityName': 'Bottlers Nepal (Terai) Limited'}, {'totalQuantity': 870, 'totalOrder': 5, 'securityId': 9231, 'symbol': 'CIZBD90', 'securityName': '10% Citizens Bank Debenture 2090'}, {'totalQuantity': 817, 'totalOrder': 11, 'securityId': 694, 'symbol': 'MATRI', 'securityName': 'Matribhumi Lagubitta Bittiya Sanstha Limited'}, {'totalQuantity': 799, 'totalOrder': 7, 'securityId': 695, 'symbol': 'JSLBB', 'securityName': 'Janautthan Samudayic Laghubitta Bittya Sanstha Limited'}, {'totalQuantity': 792, 'totalOrder': 5, 'securityId': 9255, 'symbol': 'EBLD91', 'securityName': 'Everest Bank Limited Debenture 2091'}, {'totalQuantity': 790, 'totalOrder': 6, 'securityId': 9295, 'symbol': 'SWASTIK', 'securityName': 'Swastik Laghubitta Bittiya Sanstha Limited'}, {'totalQuantity': 730, 'totalOrder': 6, 'securityId': 2883, 'symbol': 'GWFD83', 'securityName': '12 % Goodwill Finance Limited Debenture 2083'}, {'totalQuantity': 684, 'totalOrder': 5, 'securityId': 8043, 'symbol': 'CBLD88', 'securityName': 'Civil Bank Debenture 2088'}, {'totalQuantity': 634, 'totalOrder': 5, 'securityId': 2873, 'symbol': 'HBLD83', 'securityName': '10% Himalayan Bank Debenture 2083'}, {'totalQuantity': 578, 'totalOrder': 6, 'securityId': 2826, 'symbol': 'GLBSL', 'securityName': 'Gurans Laghubitta Bittiya Sanstha Limited'}, {'totalQuantity': 505, 'totalOrder': 8, 'securityId': 9140, 'symbol': 'UNLB', 'securityName': 'Unique Nepal Laghubitta Bittiya Sanstha Limited'}, {'totalQuantity': 490, 'totalOrder': 5, 'securityId': 8132, 'symbol': 'SHLB', 'securityName': 'Shrijanshil Laghubitta Bittiya Sanstha Limited'}, {'totalQuantity': 482, 'totalOrder': 6, 'securityId': 8119, 'symbol': 'EBLD85', 'securityName': '10.50% Everest Bank Limited Debenture 2085'}, {'totalQuantity': 475, 'totalOrder': 5, 'securityId': 9271, 'symbol': 'SBLD2091', 'securityName': '7.25% SBL Debenture 2091'}, {'totalQuantity': 427, 'totalOrder': 5, 'securityId': 2889, 'symbol': 'CIZBD86', 'securityName': '10.25% Citizens Bank Debenture 2086'}, {'totalQuantity': 395, 'totalOrder': 5, 'securityId': 2784, 'symbol': 'NADEP', 'securityName': 'Nadep Laghubittiya bittya Sanstha Ltd.'}, {'totalQuantity': 384, 'totalOrder': 9, 'securityId': 9215, 'symbol': 'MSHL', 'securityName': 'Mid Solu Hydropower Limited'}, {'totalQuantity': 380, 'totalOrder': 3, 'securityId': 8033, 'symbol': 'GBBD85', 'securityName': 'Garima Debenture, 2085'}, {'totalQuantity': 375, 'totalOrder': 5, 'securityId': 8003, 'symbol': 'RBBD83', 'securityName': '8.5% RBBL Debenture 2083'}, {'totalQuantity': 322, 'totalOrder': 7, 'securityId': 8018, 'symbol': 'MLBS', 'securityName': 'Manushi Laghubitta Bittiya Sanstha Limited'}, {'totalQuantity': 310, 'totalOrder': 5, 'securityId': 9211, 'symbol': 'SBID89', 'securityName': '9% Nepal SBI Bank Rinpatra 2089'}, {'totalQuantity': 250, 'totalOrder': 5, 'securityId': 9327, 'symbol': 'ICFCD89', 'securityName': '8% ICFC Finance Limited Debenture 2089'}, {'totalQuantity': 239, 'totalOrder': 6, 'securityId': 9137, 'symbol': 'HBLD86', 'securityName': 'Himalayan Bank Limited Bond, 2086'}, {'totalQuantity': 225, 'totalOrder': 5, 'securityId': 2854, 'symbol': 'NBBD2085', 'securityName': '10.25% NBBL Debenture 2085'}, {'totalQuantity': 220, 'totalOrder': 5, 'securityId': 9286, 'symbol': 'SHINED', 'securityName': 'Shine Resunga Debenture'}, {'totalQuantity': 167, 'totalOrder': 6, 'securityId': 2781, 'symbol': 'WNLB', 'securityName': 'Wean Nepal Laghubitta Bittiya Sanstha Limited'}, {'totalQuantity': 166, 'totalOrder': 5, 'securityId': 6984, 'symbol': 'PBD85', 'securityName': '8.75 % Prime Debenture 2085'}, {'totalQuantity': 163, 'totalOrder': 4, 'securityId': 634, 'symbol': 'RBCLPO', 'securityName': 'Rastriya Beema Company Limited Promoter Share'}, {'totalQuantity': 146, 'totalOrder': 5, 'securityId': 8097, 'symbol': 'PBD88', 'securityName': '10% Prime Debenture 2088'}, {'totalQuantity': 130, 'totalOrder': 5, 'securityId': 177, 'symbol': 'RBCL', 'securityName': 'Rastriya Beema Company Limited'}, {'totalQuantity': 126, 'totalOrder': 6, 'securityId': 9264, 'symbol': 'RBBD2088', 'securityName': '7% RBBL Debenture 2088'}, {'totalQuantity': 119, 'totalOrder': 1, 'securityId': 2892, 'symbol': 'NBLD82', 'securityName': '10% Nabil Debenture 2082'}, {'totalQuantity': 115, 'totalOrder': 2, 'securityId': 4962, 'symbol': 'PBLD87', 'securityName': '8.5% Prabhu Bank Debenture 2087'}, {'totalQuantity': 110, 'totalOrder': 2, 'securityId': 2904, 'symbol': 'PBLD84', 'securityName': '10% Prabhu Bank Debenture 2084 '}, {'totalQuantity': 110, 'totalOrder': 5, 'securityId': 2825, 'symbol': 'NICAD85/86', 'securityName': '10% NIC Asia Debenture 2085/86'}, {'totalQuantity': 100, 'totalOrder': 2, 'securityId': 9168, 'symbol': 'GBILD84/85', 'securityName': 'Global IME Bank Debenture, 2084/85'}, {'totalQuantity': 100, 'totalOrder': 1, 'securityId': 9236, 'symbol': 'NICGF2', 'securityName': 'NIC ASIA Growth Fund-2'}, {'totalQuantity': 95, 'totalOrder': 4, 'securityId': 2828, 'symbol': 'SAND2085', 'securityName': '10% Sanima Bank Limited Debenture'}, {'totalQuantity': 94, 'totalOrder': 4, 'securityId': 8027, 'symbol': 'NBLD85', 'securityName': 'Nabil Debenture 2085'}, {'totalQuantity': 91, 'totalOrder': 2, 'securityId': 2878, 'symbol': 'SRBLD83', 'securityName': '10.25% Sunrise Bank Debenture 2083'}, {'totalQuantity': 90, 'totalOrder': 4, 'securityId': 9152, 'symbol': 'EBLEB89', 'securityName': 'Everest Bank Limited Energy Bond, 2089'}, {'totalQuantity': 80, 'totalOrder': 4, 'securityId': 2932, 'symbol': 'MFLD85', 'securityName': '9.5% Manjushree Finance Limited Debenture 2085'}, {'totalQuantity': 75, 'totalOrder': 2, 'securityId': 9261, 'symbol': 'NIFRAGED', 'securityName': 'Nifra Green Energy Debenture 6% - 2088/89'}, {'totalQuantity': 70, 'totalOrder': 3, 'securityId': 7986, 'symbol': 'NICD88', 'securityName': 'NIC ASIA Rinpatra 2088'}, {'totalQuantity': 66, 'totalOrder': 2, 'securityId': 9220, 'symbol': 'KBLD90', 'securityName': '10% KBL Debenture 2090'}, {'totalQuantity': 40, 'totalOrder': 2, 'securityId': 8116, 'symbol': 'PBD84', 'securityName': '10.15% Prime Debenture 2084'}, {'totalQuantity': 40, 'totalOrder': 2, 'securityId': 195, 'symbol': 'BNL', 'securityName': 'Bottlers Nepal (Balaju) Limited'}, {'totalQuantity': 37, 'totalOrder': 2, 'securityId': 2912, 'symbol': 'SBLD84', 'securityName': '8.5% SBL Debenture 2084'}, {'totalQuantity': 35, 'totalOrder': 2, 'securityId': 2850, 'symbol': 'NMBD2085', 'securityName': '10 % NMB DEBENTURE 2085'}, {'totalQuantity': 34, 'totalOrder': 2, 'securityId': 6985, 'symbol': 'SDBD87', 'securityName': 'Shangri-la Development Bank Debenture 2087'}, {'totalQuantity': 30, 'totalOrder': 1, 'securityId': 7985, 'symbol': 'MBLD87', 'securityName': '8.5% Machhapuchchhre Debenture 2087'}, {'totalQuantity': 30, 'totalOrder': 1, 'securityId': 4969, 'symbol': 'MND84/85', 'securityName': 'Muktinath Debenture 2084/85'}, {'totalQuantity': 25, 'totalOrder': 1, 'securityId': 8110, 'symbol': 'SBID83', 'securityName': '10.25% Nepal SBI Bank Debenture 2083'}, {'totalQuantity': 14, 'totalOrder': 1, 'securityId': 4961, 'symbol': 'BOKD86', 'securityName': '8.5% BOK Debenture 2086'}, {'totalQuantity': 10, 'totalOrder': 1, 'securityId': 8044, 'symbol': 'EBLD86', 'securityName': 'Everest Bank Limited'}, {'totalQuantity': 10, 'totalOrder': 1, 'securityId': 219, 'symbol': 'UNL', 'securityName': 'Unilever Nepal Limited'}, {'totalQuantity': 8, 'totalOrder': 1, 'securityId': 8068, 'symbol': 'CCBD88', 'securityName': 'Century Debenture 2088'}]","[{'totalQuantity': 715350, 'totalOrder': 9, 'securityId': 9302, 'symbol': 'RBBF40', 'securityName': 'RBB Focus 40'}, {'totalQuantity': 611700, 'totalOrder': 5, 'securityId': 9269, 'symbol': 'GBIMESY2', 'securityName': 'Global IME Sammunat Yojana -2'}, {'totalQuantity': 529540, 'totalOrder': 5, 'securityId': 9248, 'symbol': 'GSY', 'securityName': 'Garima Samriddhi Yojana'}, {'totalQuantity': 480938, 'totalOrder': 15, 'securityId': 152, 'symbol': 'NHPC', 'securityName': 'National Hydro Power Company Limited'}, {'totalQuantity': 452287, 'totalOrder': 9, 'securityId': 9182, 'symbol': 'SIGS3', 'securityName': 'Siddhartha Investment Growth Scheme 3'}, {'totalQuantity': 408265, 'totalOrder': 7, 'securityId': 142, 'symbol': 'KBL', 'securityName': 'Kumari Bank Limited'}, {'totalQuantity': 365178, 'totalOrder': 6, 'securityId': 2903, 'symbol': 'LEC', 'securityName': 'Liberty Energy Company Limited'}, {'totalQuantity': 359143, 'totalOrder': 16, 'securityId': 255, 'symbol': 'PRVU', 'securityName': 'Prabhu  Bank Limited'}, {'totalQuantity': 355840, 'totalOrder': 10, 'securityId': 145, 'symbol': 'SBL', 'securityName': 'Siddhartha Bank Limited'}, {'totalQuantity': 348675, 'totalOrder': 9, 'securityId': 8106, 'symbol': 'GIBF1', 'securityName': 'Global IME Balanced Fund-1'}, {'totalQuantity': 329441, 'totalOrder': 6, 'securityId': 610, 'symbol': 'RIDI', 'securityName': 'Ridi Power Company Limited'}, {'totalQuantity': 312705, 'totalOrder': 5, 'securityId': 2933, 'symbol': 'KEF', 'securityName': 'Kumari Equity Fund'}, {'totalQuantity': 303072, 'totalOrder': 10, 'securityId': 2788, 'symbol': 'AKJCL', 'securityName': 'Ankhu Khola Jalvidhyut Company Ltd'}, {'totalQuantity': 284969, 'totalOrder': 17, 'securityId': 697, 'symbol': 'API', 'securityName': 'Api Power Company Ltd.'}, {'totalQuantity': 284218, 'totalOrder': 9, 'securityId': 2867, 'symbol': 'NMB50', 'securityName': 'NMB 50'}, {'totalQuantity': 247785, 'totalOrder': 16, 'securityId': 9311, 'symbol': 'SOHL', 'securityName': 'Solu Hydropower Limited'}, {'totalQuantity': 229736, 'totalOrder': 6, 'securityId': 8021, 'symbol': 'SAHAS', 'securityName': 'Sahas Urja Limited'}, {'totalQuantity': 229373, 'totalOrder': 6, 'securityId': 9259, 'symbol': 'RSY', 'securityName': 'Reliable Samriddhi Yojana'}, {'totalQuantity': 227184, 'totalOrder': 10, 'securityId': 2913, 'symbol': 'MEN', 'securityName': 'Mountain Energy Nepal Limited'}, {'totalQuantity': 218230, 'totalOrder': 12, 'securityId': 517, 'symbol': 'NBL', 'securityName': 'Nepal Bank Limited'}, {'totalQuantity': 200510, 'totalOrder': 13, 'securityId': 132, 'symbol': 'NIMB', 'securityName': 'Nepal Investment Mega Bank Limited'}, {'totalQuantity': 198302, 'totalOrder': 57, 'securityId': 2934, 'symbol': 'SHEL', 'securityName': 'Singati Hydro Energy Limited'}, {'totalQuantity': 196471, 'totalOrder': 10, 'securityId': 171, 'symbol': 'SANIMA', 'securityName': 'Sanima Bank Limited'}, {'totalQuantity': 190850, 'totalOrder': 8, 'securityId': 140, 'symbol': 'MBL', 'securityName': 'Machhapuchhre Bank Limited'}, {'totalQuantity': 186876, 'totalOrder': 5, 'securityId': 8125, 'symbol': 'NSIF2', 'securityName': 'NMB Sulav Investment Fund - 2'}, {'totalQuantity': 185398, 'totalOrder': 14, 'securityId': 341, 'symbol': 'GBIME', 'securityName': 'Global IME Bank Limited'}, {'totalQuantity': 181359, 'totalOrder': 9, 'securityId': 360, 'symbol': 'AHPC', 'securityName': 'Arun Valley Hydropower Development Co. Ltd.'}, {'totalQuantity': 177707, 'totalOrder': 8, 'securityId': 9254, 'symbol': 'NMBHF2', 'securityName': 'NMB Hybrid Fund L- II'}, {'totalQuantity': 173046, 'totalOrder': 11, 'securityId': 141, 'symbol': 'LSL', 'securityName': 'Laxmi Sunrise Bank Limited'}, {'totalQuantity': 173011, 'totalOrder': 23, 'securityId': 357, 'symbol': 'PCBL', 'securityName': 'Prime Commercial Bank Ltd.'}, {'totalQuantity': 167430, 'totalOrder': 6, 'securityId': 9138, 'symbol': 'NIBLGF', 'securityName': 'NIBL Growth Fund'}, {'totalQuantity': 165431, 'totalOrder': 5, 'securityId': 2760, 'symbol': 'UMHL', 'securityName': 'United Modi Hydropower Ltd.'}, {'totalQuantity': 151664, 'totalOrder': 8, 'securityId': 8099, 'symbol': 'UHEWA', 'securityName': 'Upper Hewakhola Hydropower Company Limited'}, {'totalQuantity': 150668, 'totalOrder': 5, 'securityId': 2751, 'symbol': 'KKHC', 'securityName': 'Khanikhola Hydropower Co. Ltd.'}, {'totalQuantity': 149268, 'totalOrder': 17, 'securityId': 348, 'symbol': 'CZBIL', 'securityName': 'Citizens Bank International Limited'}, {'totalQuantity': 149008, 'totalOrder': 22, 'securityId': 2743, 'symbol': 'NGPL', 'securityName': 'Ngadi Group Power Ltd.'}, {'totalQuantity': 144340, 'totalOrder': 5, 'securityId': 9236, 'symbol': 'NICGF2', 'securityName': 'NIC ASIA Growth Fund-2'}, {'totalQuantity': 144333, 'totalOrder': 7, 'securityId': 2806, 'symbol': 'GHL', 'securityName': 'Ghalemdi Hydro Limited'}, {'totalQuantity': 143868, 'totalOrder': 9, 'securityId': 8055, 'symbol': 'BHL', 'securityName': 'Balephi Hydropower Limited'}, {'totalQuantity': 137833, 'totalOrder': 11, 'securityId': 2907, 'symbol': 'SSHL', 'securityName': 'Shiva Shree Hydropower Ltd'}, {'totalQuantity': 136214, 'totalOrder': 6, 'securityId': 9203, 'symbol': 'MEHL', 'securityName': 'Manakamana Engineering Hydropower Limited'}, {'totalQuantity': 134112, 'totalOrder': 15, 'securityId': 8111, 'symbol': 'HIDCLP', 'securityName': 'Hydorelectricity Investment and Development Company Limited Promoter'}, {'totalQuantity': 132855, 'totalOrder': 8, 'securityId': 2759, 'symbol': 'SPDL', 'securityName': 'Synergy Power Development Ltd.'}, {'totalQuantity': 130695, 'totalOrder': 5, 'securityId': 4967, 'symbol': 'NICSF', 'securityName': 'NIC Asia Select Fund 30'}, {'totalQuantity': 129936, 'totalOrder': 6, 'securityId': 135, 'symbol': 'SBI', 'securityName': 'Nepal SBI Bank Limited'}, {'totalQuantity': 125207, 'totalOrder': 8, 'securityId': 2880, 'symbol': 'HDHPC', 'securityName': 'Himal Dolakha Hydropower Company Limited'}, {'totalQuantity': 123345, 'totalOrder': 17, 'securityId': 2757, 'symbol': 'AKPL', 'securityName': 'Arun Kabeli Power Ltd.'}, {'totalQuantity': 123277, 'totalOrder': 9, 'securityId': 2767, 'symbol': 'HPPL', 'securityName': 'Himalayan Power Partner Ltd.'}, {'totalQuantity': 122486, 'totalOrder': 9, 'securityId': 238, 'symbol': 'NMB', 'securityName': 'NMB Bank Limited'}, {'totalQuantity': 119563, 'totalOrder': 10, 'securityId': 2792, 'symbol': 'UPPER', 'securityName': 'Upper Tamakoshi Hydropower Ltd'}, {'totalQuantity': 116942, 'totalOrder': 8, 'securityId': 9252, 'symbol': 'CREST', 'securityName': 'Crest Micro Life Insurance Limited'}, {'totalQuantity': 115052, 'totalOrder': 9, 'securityId': 591, 'symbol': 'SHPC', 'securityName': 'Sanima Mai Hydropower Ltd.'}, {'totalQuantity': 114200, 'totalOrder': 8, 'securityId': 9241, 'symbol': 'KSY', 'securityName': 'Kumari Sabal Yojana'}, {'totalQuantity': 113373, 'totalOrder': 19, 'securityId': 2742, 'symbol': 'HIDCL', 'securityName': 'Hydorelectricity Investment and Development Company Ltd'}, {'totalQuantity': 113220, 'totalOrder': 6, 'securityId': 9351, 'symbol': 'RSY2', 'securityName': 'Reliable Samriddhi Yojana -2'}, {'totalQuantity': 112730, 'totalOrder': 9, 'securityId': 134, 'symbol': 'HBL', 'securityName': 'Himalayan Bank Limited'}, {'totalQuantity': 110987, 'totalOrder': 698, 'securityId': 9353, 'symbol': 'SAPIL', 'securityName': 'Sarvottam Paints Industries Limited'}, {'totalQuantity': 109100, 'totalOrder': 5, 'securityId': 9154, 'symbol': 'SFEF', 'securityName': 'Sunrise Focused Equity Fund'}, {'totalQuantity': 107650, 'totalOrder': 7, 'securityId': 8073, 'symbol': 'NICFC', 'securityName': 'NIC Asia Flexi CAP Fund'}, {'totalQuantity': 107339, 'totalOrder': 6, 'securityId': 9146, 'symbol': 'SMHL', 'securityName': 'Super Madi Hydropower Limited'}, {'totalQuantity': 107275, 'totalOrder': 8, 'securityId': 2770, 'symbol': 'SEF', 'securityName': 'Siddhartha Equity Fund'}, {'totalQuantity': 106116, 'totalOrder': 9, 'securityId': 2776, 'symbol': 'RADHI', 'securityName': 'Radhi Bidyut Company Ltd'}, {'totalQuantity': 102594, 'totalOrder': 7, 'securityId': 9343, 'symbol': 'TPKHL', 'securityName': 'Taksar Pikhuwa Khola Hydropower Limited'}, {'totalQuantity': 102000, 'totalOrder': 5, 'securityId': 9244, 'symbol': 'NIBLSTF', 'securityName': 'NIBL Stable Fund'}, {'totalQuantity': 98549, 'totalOrder': 18, 'securityId': 9156, 'symbol': 'TAMOR', 'securityName': 'Sanima Middle Tamor Hydropower Limited'}, {'totalQuantity': 94450, 'totalOrder': 9, 'securityId': 4949, 'symbol': 'NIBSF2', 'securityName': 'NIBL Samriddhi Fund -2'}, {'totalQuantity': 94025, 'totalOrder': 20, 'securityId': 2919, 'symbol': 'NIFRA', 'securityName': 'Nepal Infrastructure Bank Limited'}, {'totalQuantity': 88150, 'totalOrder': 5, 'securityId': 9348, 'symbol': 'SEF2', 'securityName': 'Siddhartha Equity Fund 2'}, {'totalQuantity': 87602, 'totalOrder': 7, 'securityId': 516, 'symbol': 'MFIL', 'securityName': 'Manjushree Finance Ltd.'}, {'totalQuantity': 86448, 'totalOrder': 9, 'securityId': 2824, 'symbol': 'HURJA', 'securityName': 'Himalaya Urja Bikas Company Limited'}, {'totalQuantity': 84600, 'totalOrder': 8, 'securityId': 9174, 'symbol': 'PRSF', 'securityName': 'Prabhu Smart Fund'}, {'totalQuantity': 84300, 'totalOrder': 5, 'securityId': 2859, 'symbol': 'SIGS2', 'securityName': 'Siddhartha Investment Growth Scheme - 2'}, {'totalQuantity': 82316, 'totalOrder': 18, 'securityId': 2809, 'symbol': 'SHIVM', 'securityName': 'SHIVAM CEMENTS LTD'}, {'totalQuantity': 81400, 'totalOrder': 5, 'securityId': 4947, 'symbol': 'PSF', 'securityName': 'Prabhu Select Fund'}, {'totalQuantity': 73600, 'totalOrder': 7, 'securityId': 9349, 'symbol': 'SAEF2', 'securityName': 'Sanima Equity Fund-2'}, {'totalQuantity': 72500, 'totalOrder': 6, 'securityId': 9350, 'symbol': 'LSH12', 'securityName': 'LS Horizon 12'}, {'totalQuantity': 71986, 'totalOrder': 9, 'securityId': 9330, 'symbol': 'PCIL', 'securityName': 'Palpa Cement Industries Limited'}, {'totalQuantity': 71633, 'totalOrder': 24, 'securityId': 397, 'symbol': 'ADBL', 'securityName': 'Agricultural Development Bank Limited'}, {'totalQuantity': 71100, 'totalOrder': 6, 'securityId': 2863, 'symbol': 'NICBF', 'securityName': 'NIC Asia Balanced Fund'}, {'totalQuantity': 71050, 'totalOrder': 5, 'securityId': 9245, 'symbol': 'MNMF1', 'securityName': 'Muktinath Mutual Fund 1'}, {'totalQuantity': 71011, 'totalOrder': 58, 'securityId': 139, 'symbol': 'NICA', 'securityName': 'NIC Asia Bank Ltd.'}, {'totalQuantity': 70531, 'totalOrder': 6, 'securityId': 9173, 'symbol': 'CITY', 'securityName': 'City Hotel Limited'}, {'totalQuantity': 68364, 'totalOrder': 13, 'securityId': 358, 'symbol': 'LBBL', 'securityName': 'Lumbini Bikas Bank Ltd.'}, {'totalQuantity': 66080, 'totalOrder': 6, 'securityId': 8074, 'symbol': 'KDBY', 'securityName': 'Kumari Dhanabriddhi Yojana'}, {'totalQuantity': 65297, 'totalOrder': 6, 'securityId': 9306, 'symbol': 'RSML', 'securityName': 'Reliance Spinning Mills Limited'}, {'totalQuantity': 65059, 'totalOrder': 10, 'securityId': 2924, 'symbol': 'GLH', 'securityName': 'GreenLife Hydropower Limited'}, {'totalQuantity': 64226, 'totalOrder': 9, 'securityId': 9323, 'symbol': 'SKHL', 'securityName': 'Super Khudi Hydropower Limited'}, {'totalQuantity': 62953, 'totalOrder': 7, 'securityId': 8066, 'symbol': 'RFPL', 'securityName': 'River Falls Power Limited'}, {'totalQuantity': 62380, 'totalOrder': 15, 'securityId': 8070, 'symbol': 'DORDI', 'securityName': 'Dordi Khola Jal Bidyut Company Limited'}, {'totalQuantity': 62343, 'totalOrder': 5, 'securityId': 9345, 'symbol': 'SGHL', 'securityName': 'Sanigad Hydro Limited'}, {'totalQuantity': 61280, 'totalOrder': 9, 'securityId': 8133, 'symbol': 'PHCL', 'securityName': 'Peoples Hydropower Company Limited'}, {'totalQuantity': 58050, 'totalOrder': 5, 'securityId': 9221, 'symbol': 'H8020', 'securityName': 'Himalayan 80-20'}, {'totalQuantity': 57887, 'totalOrder': 7, 'securityId': 2789, 'symbol': 'JOSHI', 'securityName': 'Joshi Hydropower Development Company Ltd'}, {'totalQuantity': 57540, 'totalOrder': 8, 'securityId': 9267, 'symbol': 'BHCL', 'securityName': 'Bikash Hydropower Company Limited'}, {'totalQuantity': 57358, 'totalOrder': 9, 'securityId': 393, 'symbol': 'HLI', 'securityName': 'Himalayan Life Insurance Limited'}, {'totalQuantity': 56600, 'totalOrder': 7, 'securityId': 9178, 'symbol': 'RMF2', 'securityName': 'RBB Mutual Fund 2'}, {'totalQuantity': 55276, 'totalOrder': 6, 'securityId': 245, 'symbol': 'CFCL', 'securityName': 'Central Finance Co. Ltd.'}, {'totalQuantity': 55039, 'totalOrder': 199, 'securityId': 198, 'symbol': 'NLO', 'securityName': 'Nepal Lube Oil Limited'}, {'totalQuantity': 54500, 'totalOrder': 7, 'securityId': 4968, 'symbol': 'RMF1', 'securityName': 'RBB Mutual Fund 1'}, {'totalQuantity': 53615, 'totalOrder': 6, 'securityId': 9342, 'symbol': 'YMHL', 'securityName': 'Yambaling Hydropower Limited'}, {'totalQuantity': 53196, 'totalOrder': 11, 'securityId': 5982, 'symbol': 'SRLI', 'securityName': 'Sanima Reliance Life Insurance Limited'}, {'totalQuantity': 52993, 'totalOrder': 8, 'securityId': 9296, 'symbol': 'BUNGAL', 'securityName': 'Bungal Hydro Limited'}, {'totalQuantity': 52520, 'totalOrder': 5, 'securityId': 474, 'symbol': 'MNBBL', 'securityName': 'Muktinath Bikas Bank Ltd.'}, {'totalQuantity': 51941, 'totalOrder': 8, 'securityId': 472, 'symbol': 'SADBL', 'securityName': 'Shangrila Development Bank Ltd.'}, {'totalQuantity': 51941, 'totalOrder': 8, 'securityId': 9166, 'symbol': 'MAKAR', 'securityName': 'Makar Jitumaya Suri Hydropower Limited'}, {'totalQuantity': 49344, 'totalOrder': 10, 'securityId': 2898, 'symbol': 'NRN', 'securityName': 'NRN Infrastructure and Development Limited'}, {'totalQuantity': 48331, 'totalOrder': 8, 'securityId': 9179, 'symbol': 'MEL', 'securityName': 'Modi Energy Limited'}, {'totalQuantity': 47715, 'totalOrder': 6, 'securityId': 2811, 'symbol': 'MHNL', 'securityName': 'Mountain Hydro Nepal Limited'}, {'totalQuantity': 45388, 'totalOrder': 8, 'securityId': 459, 'symbol': 'KSBBL', 'securityName': 'Kamana Sewa Bikas Bank Limited'}, {'totalQuantity': 42643, 'totalOrder': 588, 'securityId': 9352, 'symbol': 'MEPDL', 'securityName': 'Mount Everest Power Development Limited'}, {'totalQuantity': 42342, 'totalOrder': 20, 'securityId': 131, 'symbol': 'NABIL', 'securityName': 'Nabil Bank Limited'}, {'totalQuantity': 41897, 'totalOrder': 6, 'securityId': 2813, 'symbol': 'PPCL', 'securityName': 'Panchthar Power Compant Limited'}, {'totalQuantity': 41110, 'totalOrder': 7, 'securityId': 469, 'symbol': 'NIMBPO', 'securityName': 'Nepal Investment Mega Bank Ltd. Promoter Share'}, {'totalQuantity': 40875, 'totalOrder': 8, 'securityId': 9303, 'symbol': 'SYPNL', 'securityName': 'SY Panel Nepal Limited'}, {'totalQuantity': 40851, 'totalOrder': 9, 'securityId': 9234, 'symbol': 'HRL', 'securityName': 'Himalayan Reinsurance Limited'}, {'totalQuantity': 40726, 'totalOrder': 10, 'securityId': 154, 'symbol': 'CHCL', 'securityName': 'Chilime Hydropower Company Limited'}, {'totalQuantity': 40583, 'totalOrder': 8, 'securityId': 2807, 'symbol': 'ALBSL', 'securityName': 'Asha Laghubitta Bittiya Sanstha Ltd'}, {'totalQuantity': 39963, 'totalOrder': 7, 'securityId': 2860, 'symbol': 'SAPDBL', 'securityName': 'Saptakoshi Development Bank Ltd'}, {'totalQuantity': 39544, 'totalOrder': 24, 'securityId': 153, 'symbol': 'BPCL', 'securityName': 'Butwal Power Company Limited'}, {'totalQuantity': 39101, 'totalOrder': 5, 'securityId': 8122, 'symbol': 'PPL', 'securityName': ""People's Power Limited""}, {'totalQuantity': 38420, 'totalOrder': 13, 'securityId': 418, 'symbol': 'JBBL', 'securityName': 'Jyoti Bikas Bank Limited'}, {'totalQuantity': 38397, 'totalOrder': 8, 'securityId': 471, 'symbol': 'MPFL', 'securityName': 'Multipurpose Finance Company  Limited'}, {'totalQuantity': 38235, 'totalOrder': 5, 'securityId': 8104, 'symbol': 'USHEC', 'securityName': 'Upper Solu Hydro Electric Company Limited'}, {'totalQuantity': 37816, 'totalOrder': 7, 'securityId': 9347, 'symbol': 'ECL', 'securityName': 'Everest Colour Limited'}, {'totalQuantity': 36915, 'totalOrder': 6, 'securityId': 9329, 'symbol': 'SIPD', 'securityName': 'Shikhar power Development Limited'}, {'totalQuantity': 36850, 'totalOrder': 7, 'securityId': 9199, 'symbol': 'RNLI', 'securityName': 'Reliable Nepal Life Insurance Limited'}, {'totalQuantity': 35206, 'totalOrder': 9, 'securityId': 417, 'symbol': 'GBBL', 'securityName': 'Garima Bikas Bank Limited'}, {'totalQuantity': 35079, 'totalOrder': 7, 'securityId': 2810, 'symbol': 'UPCL', 'securityName': 'UNIVERSAL POWER COMPANY LTD'}, {'totalQuantity': 34200, 'totalOrder': 7, 'securityId': 9216, 'symbol': 'SONA', 'securityName': 'Sonapur Minerals And Oil Limited'}, {'totalQuantity': 34152, 'totalOrder': 5, 'securityId': 587, 'symbol': 'RLFL', 'securityName': 'Reliance Finance Ltd.'}, {'totalQuantity': 32494, 'totalOrder': 5, 'securityId': 2831, 'symbol': 'UNHPL', 'securityName': 'Union Hydropower Limited'}, {'totalQuantity': 32139, 'totalOrder': 7, 'securityId': 490, 'symbol': 'FMDBL', 'securityName': 'First Micro Finance Laghubitta Bittiya Sanstha Limited'}, {'totalQuantity': 31945, 'totalOrder': 12, 'securityId': 403, 'symbol': 'SJLIC', 'securityName': 'SuryaJyoti Life Insurance Company Limited'}, {'totalQuantity': 31425, 'totalOrder': 8, 'securityId': 8022, 'symbol': 'TPC', 'securityName': 'Terhathum Power Company Limited'}, {'totalQuantity': 31400, 'totalOrder': 5, 'securityId': 9312, 'symbol': 'NSY', 'securityName': 'Nepal Life Samriddhi Lagani Yojana'}, {'totalQuantity': 31361, 'totalOrder': 11, 'securityId': 473, 'symbol': 'SHINE', 'securityName': 'Shine Resunga Development Bank Ltd.'}, {'totalQuantity': 31330, 'totalOrder': 6, 'securityId': 8032, 'symbol': 'BNHC', 'securityName': 'Buddha Bhumi Nepal Hydropower Company Limited'}, {'totalQuantity': 31166, 'totalOrder': 7, 'securityId': 2766, 'symbol': 'CHL', 'securityName': 'Chhyangdi Hydropower Ltd.'}, {'totalQuantity': 30841, 'totalOrder': 9, 'securityId': 401, 'symbol': 'MLBL', 'securityName': 'Mahalaxmi Bikas Bank Ltd.'}, {'totalQuantity': 29671, 'totalOrder': 13, 'securityId': 137, 'symbol': 'EBL', 'securityName': 'Everest Bank Limited'}, {'totalQuantity': 29657, 'totalOrder': 9, 'securityId': 9170, 'symbol': 'DOLTI', 'securityName': 'Dolti Power Company Limited'}, {'totalQuantity': 29346, 'totalOrder': 10, 'securityId': 8108, 'symbol': 'RHGCL', 'securityName': 'Rapti Hydro And General Construction Limited'}, {'totalQuantity': 29172, 'totalOrder': 10, 'securityId': 187, 'symbol': 'NLIC', 'securityName': 'Nepal Life Insurance Co. Ltd.'}, {'totalQuantity': 29124, 'totalOrder': 6, 'securityId': 9193, 'symbol': 'GCIL', 'securityName': 'Ghorahi Cement Industry Limited'}, {'totalQuantity': 29064, 'totalOrder': 10, 'securityId': 133, 'symbol': 'SCB', 'securityName': 'Standard Chartered Bank Limited'}, {'totalQuantity': 29044, 'totalOrder': 5, 'securityId': 9181, 'symbol': 'RAWA', 'securityName': 'Rawa Energy Development Limited'}, {'totalQuantity': 28780, 'totalOrder': 8, 'securityId': 179, 'symbol': 'HEI', 'securityName': 'Himalayan Everest Insurance Limited'}, {'totalQuantity': 28545, 'totalOrder': 12, 'securityId': 192, 'symbol': 'SICL', 'securityName': 'Shikhar Insurance Co. Ltd.'}, {'totalQuantity': 28233, 'totalOrder': 6, 'securityId': 9346, 'symbol': 'KAHL', 'securityName': 'Kalanga Hydro Limited'}, {'totalQuantity': 28144, 'totalOrder': 15, 'securityId': 307, 'symbol': 'NTC', 'securityName': 'Nepal Doorsanchar Company Limited'}, {'totalQuantity': 27432, 'totalOrder': 8, 'securityId': 9149, 'symbol': 'MKHC', 'securityName': 'Maya Khola Hydropower Company Limited'}, {'totalQuantity': 27420, 'totalOrder': 6, 'securityId': 2917, 'symbol': 'CGH', 'securityName': 'Chandragiri Hills Limited'}, {'totalQuantity': 27130, 'totalOrder': 10, 'securityId': 9336, 'symbol': 'SOPL', 'securityName': 'Sopan Pharmaceuticals Limited'}, {'totalQuantity': 27000, 'totalOrder': 6, 'securityId': 2835, 'symbol': 'NBF2', 'securityName': 'NABIL BALANCED FUND-2'}, {'totalQuantity': 26598, 'totalOrder': 5, 'securityId': 9305, 'symbol': 'SABBL', 'securityName': 'Salapa Bikas Bank Limited'}, {'totalQuantity': 26210, 'totalOrder': 8, 'securityId': 2908, 'symbol': 'SGIC', 'securityName': 'Sanima GIC Insurance Limited'}, {'totalQuantity': 25280, 'totalOrder': 10, 'securityId': 166, 'symbol': 'DDBL', 'securityName': 'Deprosc Laghubitta Bittiya Sanstha Limited'}, {'totalQuantity': 25177, 'totalOrder': 11, 'securityId': 9242, 'symbol': 'SARBTM', 'securityName': 'Sarbottam Cement Limited'}, {'totalQuantity': 24853, 'totalOrder': 8, 'securityId': 8075, 'symbol': 'BHDC', 'securityName': 'Bindhyabasini Hydropower Development Company Limited'}, {'totalQuantity': 24824, 'totalOrder': 11, 'securityId': 2842, 'symbol': 'SJCL', 'securityName': 'SANJEN JALAVIDHYUT COMPANY LIMITED'}, {'totalQuantity': 24600, 'totalOrder': 5, 'securityId': 9191, 'symbol': 'C30MF', 'securityName': 'Citizens Super 30 Mutual Fund'}, {'totalQuantity': 24542, 'totalOrder': 7, 'securityId': 2841, 'symbol': 'RHPL', 'securityName': 'RASUWAGADHI HYDROPOWER COMPANY LIMITED'}, {'totalQuantity': 24076, 'totalOrder': 7, 'securityId': 9344, 'symbol': 'SNORL', 'securityName': 'Snow Rivers Limited'}, {'totalQuantity': 23479, 'totalOrder': 5, 'securityId': 8131, 'symbol': 'EHPL', 'securityName': 'Eastern Hydropower Limited'}, {'totalQuantity': 23436, 'totalOrder': 7, 'securityId': 274, 'symbol': 'EDBL', 'securityName': 'Excel Development Bank Ltd.'}, {'totalQuantity': 23362, 'totalOrder': 9, 'securityId': 8100, 'symbol': 'SGHC', 'securityName': 'Swet-Ganga Hydropower & Construction Limited '}, {'totalQuantity': 23361, 'totalOrder': 8, 'securityId': 8076, 'symbol': 'HHL', 'securityName': 'Himalayan Hydropower Limited'}, {'totalQuantity': 23349, 'totalOrder': 6, 'securityId': 9209, 'symbol': 'CLI', 'securityName': 'Citizen Life Insurance Company Limited'}, {'totalQuantity': 23347, 'totalOrder': 5, 'securityId': 8024, 'symbol': 'NBF3', 'securityName': 'Nabil Balanced Fund-3'}, {'totalQuantity': 22980, 'totalOrder': 14, 'securityId': 9201, 'symbol': 'SNLI', 'securityName': 'Sun Nepal Life Insurance Company Limited'}, {'totalQuantity': 22337, 'totalOrder': 6, 'securityId': 2881, 'symbol': 'NRIC', 'securityName': 'Nepal Reinsurance Company Limited'}, {'totalQuantity': 22216, 'totalOrder': 8, 'securityId': 2914, 'symbol': 'UMRH', 'securityName': 'United IDI Mardi RB Hydropower Limited.'}, {'totalQuantity': 21962, 'totalOrder': 7, 'securityId': 396, 'symbol': 'NMLBBL', 'securityName': 'Nerude Mirmire Laghubitta Bittiya Sanstha Limited'}, {'totalQuantity': 21835, 'totalOrder': 15, 'securityId': 235, 'symbol': 'HDL', 'securityName': 'Himalayan Distillery Limited'}, {'totalQuantity': 21673, 'totalOrder': 11, 'securityId': 8045, 'symbol': 'GVL', 'securityName': 'Green Ventures Limited'}, {'totalQuantity': 21232, 'totalOrder': 7, 'securityId': 8126, 'symbol': 'SIKLES', 'securityName': 'Sikles Hydropower Limited'}, {'totalQuantity': 20950, 'totalOrder': 3, 'securityId': 9257, 'symbol': 'MBLEF', 'securityName': 'MBL Equity Fund'}, {'totalQuantity': 20898, 'totalOrder': 7, 'securityId': 9175, 'symbol': 'MCHL', 'securityName': 'Menchhiyam Hydropower Limited'}, {'totalQuantity': 20572, 'totalOrder': 6, 'securityId': 164, 'symbol': 'CBBL', 'securityName': 'Chhimek Laghubitta Bittiya Sanstha Limited'}, {'totalQuantity': 20323, 'totalOrder': 6, 'securityId': 176, 'symbol': 'NICL', 'securityName': 'Nepal Insurance Co. Ltd.'}, {'totalQuantity': 20036, 'totalOrder': 7, 'securityId': 9159, 'symbol': 'SMJC', 'securityName': 'Sagarmatha Jalabidhyut Company Limited'}, {'totalQuantity': 19462, 'totalOrder': 7, 'securityId': 185, 'symbol': 'SALICO', 'securityName': 'Sagarmatha Lumbini Insurance Co. Limited'}, {'totalQuantity': 19408, 'totalOrder': 22, 'securityId': 385, 'symbol': 'ALICL', 'securityName': 'Asian Life Insurance Co. Limited'}, {'totalQuantity': 19373, 'totalOrder': 8, 'securityId': 186, 'symbol': 'IGI', 'securityName': 'IGI Prudential insurance Limited'}, {'totalQuantity': 19201, 'totalOrder': 10, 'securityId': 263, 'symbol': 'GMFIL', 'securityName': 'Guheshowori Merchant Bank & Finance Co. Ltd.'}, {'totalQuantity': 19200, 'totalOrder': 5, 'securityId': 9290, 'symbol': 'HLICF', 'securityName': 'HLI Large Cap Fund'}, {'totalQuantity': 19189, 'totalOrder': 8, 'securityId': 8031, 'symbol': 'MBJC', 'securityName': 'Madhya Bhotekoshi Jalavidyut Company Limited'}, {'totalQuantity': 19134, 'totalOrder': 5, 'securityId': 8005, 'symbol': 'MKJC', 'securityName': 'Mailung Khola Jal Vidhyut Company Limited'}, {'totalQuantity': 18982, 'totalOrder': 18, 'securityId': 2887, 'symbol': 'NICLBSL', 'securityName': 'NIC ASIA Laghubitta Bittiya Sanstha Limited'}, {'totalQuantity': 18944, 'totalOrder': 5, 'securityId': 9184, 'symbol': 'ILI', 'securityName': 'IME Life Insurance Company Limited'}, {'totalQuantity': 18904, 'totalOrder': 5, 'securityId': 574, 'symbol': 'SKBBL', 'securityName': 'Sana Kisan Bikas Laghubitta Bittiya Sanstha Limited'}, {'totalQuantity': 18500, 'totalOrder': 13, 'securityId': 450, 'symbol': 'CORBL', 'securityName': 'Corporate Development Bank Limited'}, {'totalQuantity': 18453, 'totalOrder': 6, 'securityId': 2744, 'symbol': 'GRDBL', 'securityName': 'Green Development Bank Ltd.'}, {'totalQuantity': 18244, 'totalOrder': 5, 'securityId': 9183, 'symbol': 'NRM', 'securityName': 'Nepal Republic Media Limited'}, {'totalQuantity': 17931, 'totalOrder': 10, 'securityId': 180, 'symbol': 'UAIL', 'securityName': 'United Ajod Insurance Limited'}, {'totalQuantity': 17656, 'totalOrder': 6, 'securityId': 147, 'symbol': 'SHL', 'securityName': 'Soaltee Hotel Limited'}, {'totalQuantity': 17597, 'totalOrder': 12, 'securityId': 9297, 'symbol': 'BANDIPUR', 'securityName': 'Bandipur Cablecar and Tourism Limited'}, {'totalQuantity': 17574, 'totalOrder': 14, 'securityId': 686, 'symbol': 'BARUN', 'securityName': 'Barun Hydropower Co. Ltd.'}, {'totalQuantity': 17467, 'totalOrder': 5, 'securityId': 9324, 'symbol': 'RLEL', 'securityName': 'Ridge Line Energy Limited'}, {'totalQuantity': 17379, 'totalOrder': 5, 'securityId': 9337, 'symbol': 'APHL', 'securityName': 'Appolo Hydropower Limited'}, {'totalQuantity': 17329, 'totalOrder': 7, 'securityId': 9135, 'symbol': 'BHPL', 'securityName': 'Barahi Hydropower Public Limited'}, {'totalQuantity': 17133, 'totalOrder': 15, 'securityId': 9334, 'symbol': 'KHPL', 'securityName': 'Kalinchock Hydropower Limited'}, {'totalQuantity': 17067, 'totalOrder': 6, 'securityId': 9301, 'symbol': 'SAIL', 'securityName': 'Shreenagar Agritech Industries Limited'}, {'totalQuantity': 16939, 'totalOrder': 9, 'securityId': 188, 'symbol': 'LICN', 'securityName': 'Life Insurance Corporation (Nepal) Limited'}, {'totalQuantity': 16813, 'totalOrder': 5, 'securityId': 178, 'symbol': 'NLICL', 'securityName': 'National Life Insurance Co. Ltd.'}, {'totalQuantity': 16621, 'totalOrder': 6, 'securityId': 9308, 'symbol': 'HFIN', 'securityName': 'Hotel Forest Inn Limited'}, {'totalQuantity': 16590, 'totalOrder': 6, 'securityId': 9147, 'symbol': 'SPL', 'securityName': 'Shuvam Power Limited'}, {'totalQuantity': 15779, 'totalOrder': 6, 'securityId': 9322, 'symbol': 'BJHL', 'securityName': 'Bhujung Hydropower Limited'}, {'totalQuantity': 15650, 'totalOrder': 6, 'securityId': 9304, 'symbol': 'CSY', 'securityName': 'Citizens Santulit Yojana'}, {'totalQuantity': 15600, 'totalOrder': 6, 'securityId': 2877, 'symbol': 'SFMF', 'securityName': 'Sunrise First Mutual Fund'}, {'totalQuantity': 15268, 'totalOrder': 6, 'securityId': 2832, 'symbol': 'ILBS', 'securityName': 'Infinity Laghubitta Bittiya Sanstha Limited'}, {'totalQuantity': 15189, 'totalOrder': 5, 'securityId': 9293, 'symbol': 'DHEL', 'securityName': 'Daramkhola Hydro Energy Limited'}, {'totalQuantity': 15008, 'totalOrder': 5, 'securityId': 227, 'symbol': 'BFC', 'securityName': 'Best Finance Company Ltd.'}, {'totalQuantity': 14925, 'totalOrder': 9, 'securityId': 148, 'symbol': 'TRH', 'securityName': 'Taragaon Regency Hotel Limited'}, {'totalQuantity': 14712, 'totalOrder': 6, 'securityId': 8023, 'symbol': 'MMF1', 'securityName': 'Mega Mutual Fund -1'}, {'totalQuantity': 14495, 'totalOrder': 11, 'securityId': 9148, 'symbol': 'SMH', 'securityName': 'Super Mai Hydropower Limited'}, {'totalQuantity': 14489, 'totalOrder': 9, 'securityId': 9262, 'symbol': 'TTL', 'securityName': 'Trade Tower Limited'}, {'totalQuantity': 14340, 'totalOrder': 9, 'securityId': 8025, 'symbol': 'SPC', 'securityName': 'Samling Power Company Limited'}, {'totalQuantity': 14260, 'totalOrder': 6, 'securityId': 204, 'symbol': 'GUFL', 'securityName': 'Gurkhas Finance Ltd.'}, {'totalQuantity': 14207, 'totalOrder': 8, 'securityId': 9213, 'symbol': 'HATHY', 'securityName': 'Hathway Investment Nepal Limited'}, {'totalQuantity': 14185, 'totalOrder': 7, 'securityId': 8102, 'symbol': 'MHL', 'securityName': 'Mandakini Hydropower Limited'}, {'totalQuantity': 14119, 'totalOrder': 9, 'securityId': 2769, 'symbol': 'NHDL', 'securityName': 'Nepal Hydro Developers Ltd.'}, {'totalQuantity': 13620, 'totalOrder': 7, 'securityId': 338, 'symbol': 'PROFL', 'securityName': 'Progressive Finance Limited'}, {'totalQuantity': 13607, 'totalOrder': 6, 'securityId': 3946, 'symbol': 'CHDC', 'securityName': 'CEDB Holdings Limited'}, {'totalQuantity': 13061, 'totalOrder': 5, 'securityId': 2787, 'symbol': 'KPCL', 'securityName': 'Kalika power Company Ltd'}, {'totalQuantity': 12667, 'totalOrder': 11, 'securityId': 268, 'symbol': 'SWBBL', 'securityName': 'Swabalamban Laghubitta Bittiya Sanstha Limited'}, {'totalQuantity': 12625, 'totalOrder': 7, 'securityId': 9171, 'symbol': 'BEDC', 'securityName': 'Bhugol Energy Development Company Limited'}, {'totalQuantity': 12606, 'totalOrder': 8, 'securityId': 9208, 'symbol': 'ULHC', 'securityName': 'Upper Lohore Khola Hydropower Company Limited'}, {'totalQuantity': 12450, 'totalOrder': 6, 'securityId': 2902, 'symbol': 'LUK', 'securityName': 'Laxmi Unnati Kosh'}, {'totalQuantity': 12381, 'totalOrder': 9, 'securityId': 9225, 'symbol': 'VLUCL', 'securityName': 'Vision Lumbini Urja Company Limited '}, {'totalQuantity': 12299, 'totalOrder': 5, 'securityId': 9294, 'symbol': 'SAGAR', 'securityName': 'Sagar Distillery Limited'}, {'totalQuantity': 12222, 'totalOrder': 6, 'securityId': 184, 'symbol': 'PRIN', 'securityName': 'Prabhu Insurance Ltd.'}, {'totalQuantity': 11997, 'totalOrder': 12, 'securityId': 706, 'symbol': 'SWMF', 'securityName': 'Suryodaya Womi Laghubitta Bittiya Sanstha Limited'}, {'totalQuantity': 11709, 'totalOrder': 14, 'securityId': 194, 'symbol': 'NFS', 'securityName': 'Nepal Finance Ltd.'}, {'totalQuantity': 11590, 'totalOrder': 6, 'securityId': 2915, 'symbol': 'PMLI', 'securityName': 'Prabhu Mahalaxmi Life Insurance Limited'}, {'totalQuantity': 11278, 'totalOrder': 7, 'securityId': 9325, 'symbol': 'SKHEL', 'securityName': 'Suryakunda Hydro Electric Limited'}, {'totalQuantity': 11074, 'totalOrder': 7, 'securityId': 9150, 'symbol': 'AHL', 'securityName': 'Asian Hydropower Limited'}, {'totalQuantity': 10943, 'totalOrder': 8, 'securityId': 559, 'symbol': 'NLG', 'securityName': 'NLG Insurance Company Ltd.'}, {'totalQuantity': 10758, 'totalOrder': 5, 'securityId': 9176, 'symbol': 'IHL', 'securityName': 'Ingwa Hydropower Limited'}, {'totalQuantity': 10622, 'totalOrder': 7, 'securityId': 9218, 'symbol': 'TVCL', 'securityName': 'Trishuli Jal Vidhyut Company Limited '}, {'totalQuantity': 10614, 'totalOrder': 6, 'securityId': 9167, 'symbol': 'MKHL', 'securityName': 'Mai Khola Hydropower Limited'}, {'totalQuantity': 10600, 'totalOrder': 4, 'securityId': 9139, 'symbol': 'SAGF', 'securityName': 'Sanima Growth Fund'}, {'totalQuantity': 10356, 'totalOrder': 7, 'securityId': 1741, 'symbol': 'MERO', 'securityName': 'Mero Microfinance Bittiya Sanstha Ltd.'}, {'totalQuantity': 10213, 'totalOrder': 10, 'securityId': 8026, 'symbol': 'NYADI', 'securityName': 'Nyadi Hydropower Limited'}, {'totalQuantity': 10212, 'totalOrder': 8, 'securityId': 9196, 'symbol': 'KBSH', 'securityName': 'Kutheli Bukhari Small Hydropower Limited'}, {'totalQuantity': 9941, 'totalOrder': 9, 'securityId': 371, 'symbol': 'MDB', 'securityName': 'Miteri Development Bank Limited'}, {'totalQuantity': 9850, 'totalOrder': 6, 'securityId': 9263, 'symbol': 'SANVI', 'securityName': 'Sanvi Energy Limited'}, {'totalQuantity': 9791, 'totalOrder': 11, 'securityId': 687, 'symbol': 'VLBS', 'securityName': 'Vijaya laghubitta Bittiya Sanstha Ltd.'}, {'totalQuantity': 9457, 'totalOrder': 6, 'securityId': 8065, 'symbol': 'CYCL', 'securityName': 'CYC Nepal Laghubitta Bittiya Sanstha Limited'}, {'totalQuantity': 9290, 'totalOrder': 6, 'securityId': 9270, 'symbol': 'HIMSTAR', 'securityName': 'Him Star Urja Company Limited'}, {'totalQuantity': 9178, 'totalOrder': 6, 'securityId': 2786, 'symbol': 'PMHPL', 'securityName': 'Panchakanya Mai Hydropower Ltd'}, {'totalQuantity': 9042, 'totalOrder': 11, 'securityId': 273, 'symbol': 'ICFC', 'securityName': 'ICFC Finance Limited'}, {'totalQuantity': 8664, 'totalOrder': 7, 'securityId': 183, 'symbol': 'NIL', 'securityName': 'Neco Insurance Limited'}, {'totalQuantity': 8616, 'totalOrder': 6, 'securityId': 705, 'symbol': 'GILB', 'securityName': 'Global IME Laghubitta Bittiya Sanstha Ltd.'}, {'totalQuantity': 8523, 'totalOrder': 5, 'securityId': 593, 'symbol': 'KMCDB', 'securityName': 'Kalika Laghubitta Bittiya Sanstha Ltd'}, {'totalQuantity': 8293, 'totalOrder': 6, 'securityId': 232, 'symbol': 'GFCL', 'securityName': 'Goodwill Finance Limited'}, {'totalQuantity': 8220, 'totalOrder': 7, 'securityId': 583, 'symbol': 'GBLBS', 'securityName': 'Grameen Bikas Laghubitta Bittiya Sanstha Ltd.'}, {'totalQuantity': 8124, 'totalOrder': 7, 'securityId': 8121, 'symbol': 'SPHL', 'securityName': 'Sayapatri Hydropower Limited'}, {'totalQuantity': 7826, 'totalOrder': 5, 'securityId': 2768, 'symbol': 'MSLB', 'securityName': 'Mahuli Laghubitta Bittiya Sanstha Limited'}, {'totalQuantity': 7754, 'totalOrder': 7, 'securityId': 182, 'symbol': 'SPIL', 'securityName': 'Siddhartha Premier Insurance Limited'}, {'totalQuantity': 7675, 'totalOrder': 7, 'securityId': 4951, 'symbol': 'JBLB', 'securityName': 'Jeevan Bikas Laghubitta  Bittya Sanstha Ltd'}, {'totalQuantity': 7600, 'totalOrder': 4, 'securityId': 2923, 'symbol': 'SLCF', 'securityName': 'Sanima Large Cap Fund'}, {'totalQuantity': 7500, 'totalOrder': 3, 'securityId': 9198, 'symbol': 'LVF2', 'securityName': 'Laxmi Value Fund 2'}, {'totalQuantity': 7315, 'totalOrder': 7, 'securityId': 561, 'symbol': 'SINDU', 'securityName': 'Sindhu Bikash Bank Ltd'}, {'totalQuantity': 7234, 'totalOrder': 9, 'securityId': 545, 'symbol': 'SLBBL', 'securityName': 'Swarojgar Laghubitta Bittiya Sanstha Ltd.'}, {'totalQuantity': 7096, 'totalOrder': 5, 'securityId': 2935, 'symbol': 'RURU', 'securityName': 'Ru Ru Jalbidhyut Pariyojana Limited'}, {'totalQuantity': 6832, 'totalOrder': 5, 'securityId': 9158, 'symbol': 'MHCL', 'securityName': 'Molung Hydropower Company Limited'}, {'totalQuantity': 6722, 'totalOrder': 11, 'securityId': 9192, 'symbol': 'USHL', 'securityName': 'Upper Syange Hydropower Limited'}, {'totalQuantity': 6570, 'totalOrder': 7, 'securityId': 9250, 'symbol': 'NMIC', 'securityName': 'Nepal Micro Insurance Company Limited'}, {'totalQuantity': 6546, 'totalOrder': 8, 'securityId': 250, 'symbol': 'JFL', 'securityName': 'Janaki Finance Company Limited'}, {'totalQuantity': 6506, 'totalOrder': 6, 'securityId': 172, 'symbol': 'NABBC', 'securityName': 'Narayani Development Bank Limited'}, {'totalQuantity': 5624, 'totalOrder': 6, 'securityId': 2748, 'symbol': 'RSDC', 'securityName': 'RSDC Laghubitta Bittiya Sanstha Ltd.'}, {'totalQuantity': 5376, 'totalOrder': 5, 'securityId': 4959, 'symbol': 'NBLD87', 'securityName': '8.5% Nepal Bank Debenture 2087'}, {'totalQuantity': 5334, 'totalOrder': 5, 'securityId': 244, 'symbol': 'SIFC', 'securityName': 'Shree Investment Finance Co. Ltd.'}, {'totalQuantity': 5276, 'totalOrder': 7, 'securityId': 163, 'symbol': 'NUBL', 'securityName': 'Nirdhan Utthan Laghubitta Bittiya Sanstha Limited'}, {'totalQuantity': 5167, 'totalOrder': 7, 'securityId': 2896, 'symbol': 'SMPDA', 'securityName': 'Sampada Laghubitta Bittiya Sanstha Limited'}, {'totalQuantity': 5100, 'totalOrder': 5, 'securityId': 9246, 'symbol': 'GMLI', 'securityName': 'Guardian Micro Life Insurance Limited '}, {'totalQuantity': 5099, 'totalOrder': 5, 'securityId': 8063, 'symbol': 'ULBSL', 'securityName': 'Upakar Laghubitta Bittiya Sanstha Limited'}, {'totalQuantity': 5088, 'totalOrder': 9, 'securityId': 8117, 'symbol': 'AVYAN', 'securityName': 'Aviyan Laghubitta Bittiya Sanstha Limited'}, {'totalQuantity': 5013, 'totalOrder': 9, 'securityId': 9230, 'symbol': 'MKCL', 'securityName': 'Muktinath Krishi Company Limited'}, {'totalQuantity': 4999, 'totalOrder': 9, 'securityId': 2746, 'symbol': 'NMFBS', 'securityName': 'National Laghubitta Bittiya Sanstha Limited'}, {'totalQuantity': 4905, 'totalOrder': 6, 'securityId': 9300, 'symbol': 'JHAPA', 'securityName': 'Jhapa Energy Limited'}, {'totalQuantity': 4896, 'totalOrder': 5, 'securityId': 9258, 'symbol': 'PURE', 'securityName': 'Pure Energy Limited'}, {'totalQuantity': 4890, 'totalOrder': 5, 'securityId': 9287, 'symbol': 'MABEL', 'securityName': 'Mabilung Energy Limited'}, {'totalQuantity': 4847, 'totalOrder': 7, 'securityId': 704, 'symbol': 'NMBMF', 'securityName': 'NMB  Microfinance Bittiya Sanstha Ltd.'}, {'totalQuantity': 4767, 'totalOrder': 7, 'securityId': 9194, 'symbol': 'TSHL', 'securityName': 'Three Star Hydropower Limited'}, {'totalQuantity': 4618, 'totalOrder': 5, 'securityId': 2758, 'symbol': 'FOWAD', 'securityName': 'Forward Microfinance Laghubitta Bittiya Sanstha Limited'}, {'totalQuantity': 4614, 'totalOrder': 18, 'securityId': 210, 'symbol': 'CIT', 'securityName': 'Citizen Investment Trust'}, {'totalQuantity': 4371, 'totalOrder': 9, 'securityId': 9140, 'symbol': 'UNLB', 'securityName': 'Unique Nepal Laghubitta Bittiya Sanstha Limited'}, {'totalQuantity': 4310, 'totalOrder': 5, 'securityId': 9233, 'symbol': 'NWCL', 'securityName': 'Nepal Warehousing Company Limited '}, {'totalQuantity': 4190, 'totalOrder': 7, 'securityId': 618, 'symbol': 'LLBS', 'securityName': 'Laxmi Laghubitta Bittiya Sanstha Ltd.'}, {'totalQuantity': 4189, 'totalOrder': 7, 'securityId': 2804, 'symbol': 'SLBSL', 'securityName': 'Samudayik Laghubitta Bittiya Sanstha Limited'}, {'totalQuantity': 4162, 'totalOrder': 7, 'securityId': 2761, 'symbol': 'SMATA', 'securityName': 'Samata Gharelu Laghubitta Bittiya Sanstha Limited'}, {'totalQuantity': 4040, 'totalOrder': 8, 'securityId': 8018, 'symbol': 'MLBS', 'securityName': 'Manushi Laghubitta Bittiya Sanstha Limited'}, {'totalQuantity': 4039, 'totalOrder': 6, 'securityId': 9214, 'symbol': 'BGWT', 'securityName': 'Bhagawati Hydropower Development Company Limited'}, {'totalQuantity': 3450, 'totalOrder': 3, 'securityId': 2937, 'symbol': 'SBCF', 'securityName': 'Sunrise Bluechip Fund'}, {'totalQuantity': 3212, 'totalOrder': 5, 'securityId': 2925, 'symbol': 'MLBSL', 'securityName': 'Mahila Lagubitta Bittiya Sanstha Limited '}, {'totalQuantity': 3208, 'totalOrder': 5, 'securityId': 2771, 'symbol': 'SMB', 'securityName': 'Support Microfinance Bittiya Sanstha Ltd.'}, {'totalQuantity': 3203, 'totalOrder': 5, 'securityId': 9151, 'symbol': 'KDL', 'securityName': 'Kalinchowk Darshan Limited'}, {'totalQuantity': 3184, 'totalOrder': 11, 'securityId': 2784, 'symbol': 'NADEP', 'securityName': 'Nadep Laghubittiya bittya Sanstha Ltd.'}, {'totalQuantity': 3022, 'totalOrder': 7, 'securityId': 2774, 'symbol': 'USLB', 'securityName': 'Unnati Sahakarya Laghubitta Bittiya Sanstha Limited'}, {'totalQuantity': 2891, 'totalOrder': 6, 'securityId': 9161, 'symbol': 'ANLB', 'securityName': 'Aatmanirbhar Laghubitta Bittiya Sanstha Limited'}, {'totalQuantity': 2870, 'totalOrder': 6, 'securityId': 149, 'symbol': 'OHL', 'securityName': 'Oriental Hotels Limited'}, {'totalQuantity': 2775, 'totalOrder': 5, 'securityId': 9299, 'symbol': 'NABILD2089', 'securityName': '7% Nabil Debenture 2089'}, {'totalQuantity': 2653, 'totalOrder': 8, 'securityId': 2790, 'symbol': 'ACLBSL', 'securityName': 'Aarambha Chautari Laghubitta Bittiya Sanstha Limited'}, {'totalQuantity': 2610, 'totalOrder': 6, 'securityId': 694, 'symbol': 'MATRI', 'securityName': 'Matribhumi Lagubitta Bittiya Sanstha Limited'}, {'totalQuantity': 2434, 'totalOrder': 8, 'securityId': 9256, 'symbol': 'OMPL', 'securityName': 'Om Megashree Pharmaceuticals Limited'}, {'totalQuantity': 2409, 'totalOrder': 5, 'securityId': 9217, 'symbol': 'MMKJL', 'securityName': 'Mathillo Mailun Khola Jalvidhyut Limited'}, {'totalQuantity': 2393, 'totalOrder': 6, 'securityId': 2868, 'symbol': 'NICD83/84', 'securityName': '10.25% NIC Asia Debenture 2083/84'}, {'totalQuantity': 2337, 'totalOrder': 8, 'securityId': 8123, 'symbol': 'DLBS', 'securityName': 'Dhaulagiri Laghubitta Bittiya Sanstha Limited'}, {'totalQuantity': 2315, 'totalOrder': 5, 'securityId': 2864, 'symbol': 'SBLD83', 'securityName': '10.25% SBL Debenture 2083'}, {'totalQuantity': 2200, 'totalOrder': 11, 'securityId': 8041, 'symbol': 'NESDO', 'securityName': 'NESDO Sambridha Laghubitta Bittiya Sanstha Limited'}, {'totalQuantity': 2130, 'totalOrder': 6, 'securityId': 9232, 'symbol': 'CKHL', 'securityName': 'Chirkhwa Hydropower Limited '}, {'totalQuantity': 2020, 'totalOrder': 6, 'securityId': 601, 'symbol': 'MLBBL', 'securityName': 'Mithila LaghuBitta Bittiya Sanstha Limited'}, {'totalQuantity': 1858, 'totalOrder': 5, 'securityId': 2886, 'symbol': 'ADBLD83', 'securityName': '10.35% Agricultural Bank Debenture 2083'}, {'totalQuantity': 1789, 'totalOrder': 5, 'securityId': 9212, 'symbol': 'MANDU', 'securityName': 'Mandu Hydropower Limited'}, {'totalQuantity': 1778, 'totalOrder': 5, 'securityId': 693, 'symbol': 'HLBSL', 'securityName': 'Himalayan Laghubitta Bittiya Sanstha Limited'}, {'totalQuantity': 1687, 'totalOrder': 5, 'securityId': 155, 'symbol': 'STC', 'securityName': 'Salt Trading Corporation'}, {'totalQuantity': 1600, 'totalOrder': 12, 'securityId': 2754, 'symbol': 'DHPL', 'securityName': 'Dibyashwori Hydropower Ltd.'}, {'totalQuantity': 1545, 'totalOrder': 5, 'securityId': 8034, 'symbol': 'ENL', 'securityName': 'Emerging Nepal Limited'}, {'totalQuantity': 1487, 'totalOrder': 7, 'securityId': 695, 'symbol': 'JSLBB', 'securityName': 'Janautthan Samudayic Laghubitta Bittya Sanstha Limited'}, {'totalQuantity': 1400, 'totalOrder': 5, 'securityId': 700, 'symbol': 'HEIP', 'securityName': 'Himalayan Everest Insurance Limited Promoter'}, {'totalQuantity': 1325, 'totalOrder': 5, 'securityId': 2781, 'symbol': 'WNLB', 'securityName': 'Wean Nepal Laghubitta Bittiya Sanstha Limited'}, {'totalQuantity': 1226, 'totalOrder': 5, 'securityId': 2922, 'symbol': 'SBD87', 'securityName': '8.5% Sanima Debenture 2087'}, {'totalQuantity': 1201, 'totalOrder': 6, 'securityId': 8004, 'symbol': 'GBILD86/87', 'securityName': 'Global IME Bank Limited Debenture 2086/87'}, {'totalQuantity': 1200, 'totalOrder': 2, 'securityId': 2873, 'symbol': 'HBLD83', 'securityName': '10% Himalayan Bank Debenture 2083'}, {'totalQuantity': 1165, 'totalOrder': 5, 'securityId': 8068, 'symbol': 'CCBD88', 'securityName': 'Century Debenture 2088'}, {'totalQuantity': 1119, 'totalOrder': 7, 'securityId': 9215, 'symbol': 'MSHL', 'securityName': 'Mid Solu Hydropower Limited'}, {'totalQuantity': 1113, 'totalOrder': 5, 'securityId': 2829, 'symbol': 'SMFBS', 'securityName': 'Swabhimaan Laghubitta Bittiya Sanstha Limited'}, {'totalQuantity': 1025, 'totalOrder': 2, 'securityId': 9231, 'symbol': 'CIZBD90', 'securityName': '10% Citizens Bank Debenture 2090'}, {'totalQuantity': 979, 'totalOrder': 8, 'securityId': 2826, 'symbol': 'GLBSL', 'securityName': 'Gurans Laghubitta Bittiya Sanstha Limited'}, {'totalQuantity': 950, 'totalOrder': 4, 'securityId': 9261, 'symbol': 'NIFRAGED', 'securityName': 'Nifra Green Energy Debenture 6% - 2088/89'}, {'totalQuantity': 901, 'totalOrder': 5, 'securityId': 8132, 'symbol': 'SHLB', 'securityName': 'Shrijanshil Laghubitta Bittiya Sanstha Limited'}, {'totalQuantity': 742, 'totalOrder': 1, 'securityId': 9255, 'symbol': 'EBLD91', 'securityName': 'Everest Bank Limited Debenture 2091'}, {'totalQuantity': 726, 'totalOrder': 5, 'securityId': 8033, 'symbol': 'GBBD85', 'securityName': 'Garima Debenture, 2085'}, {'totalQuantity': 660, 'totalOrder': 7, 'securityId': 9295, 'symbol': 'SWASTIK', 'securityName': 'Swastik Laghubitta Bittiya Sanstha Limited'}, {'totalQuantity': 622, 'totalOrder': 6, 'securityId': 9168, 'symbol': 'GBILD84/85', 'securityName': 'Global IME Bank Debenture, 2084/85'}, {'totalQuantity': 601, 'totalOrder': 6, 'securityId': 8110, 'symbol': 'SBID83', 'securityName': '10.25% Nepal SBI Bank Debenture 2083'}, {'totalQuantity': 600, 'totalOrder': 5, 'securityId': 8003, 'symbol': 'RBBD83', 'securityName': '8.5% RBBL Debenture 2083'}, {'totalQuantity': 595, 'totalOrder': 9, 'securityId': 2882, 'symbol': 'ICFCD83', 'securityName': '12% ICFC Finance Limited Debenture 2083'}, {'totalQuantity': 550, 'totalOrder': 3, 'securityId': 9264, 'symbol': 'RBBD2088', 'securityName': '7% RBBL Debenture 2088'}, {'totalQuantity': 475, 'totalOrder': 5, 'securityId': 2878, 'symbol': 'SRBLD83', 'securityName': '10.25% Sunrise Bank Debenture 2083'}, {'totalQuantity': 475, 'totalOrder': 4, 'securityId': 6985, 'symbol': 'SDBD87', 'securityName': 'Shangri-la Development Bank Debenture 2087'}, {'totalQuantity': 456, 'totalOrder': 3, 'securityId': 9266, 'symbol': 'NICAD2091', 'securityName': '7% NIC ASIA Debenture 2091'}, {'totalQuantity': 423, 'totalOrder': 5, 'securityId': 156, 'symbol': 'BBC', 'securityName': 'Bishal Bazar Company Limited'}, {'totalQuantity': 417, 'totalOrder': 5, 'securityId': 9136, 'symbol': 'BOKD86KA', 'securityName': 'BOK Debenture 2086 ""KA""'}, {'totalQuantity': 415, 'totalOrder': 5, 'securityId': 2892, 'symbol': 'NBLD82', 'securityName': '10% Nabil Debenture 2082'}, {'totalQuantity': 386, 'totalOrder': 5, 'securityId': 2931, 'symbol': 'NIBD84', 'securityName': '8.5% Nepal Investment Bank Debenture 2084'}, {'totalQuantity': 365, 'totalOrder': 6, 'securityId': 2879, 'symbol': 'LBLD86', 'securityName': '10% Laxmi Bank Debenture 2086'}, {'totalQuantity': 350, 'totalOrder': 2, 'securityId': 2932, 'symbol': 'MFLD85', 'securityName': '9.5% Manjushree Finance Limited Debenture 2085'}, {'totalQuantity': 345, 'totalOrder': 5, 'securityId': 9177, 'symbol': 'SCBD', 'securityName': '10.30% Standard Chartered Bank Limited Debenture'}, {'totalQuantity': 341, 'totalOrder': 4, 'securityId': 4948, 'symbol': 'KSBBLD87', 'securityName': '9% Kamana Sewa Bikas Bank Limited Debenture 2087'}, {'totalQuantity': 305, 'totalOrder': 5, 'securityId': 9327, 'symbol': 'ICFCD89', 'securityName': '8% ICFC Finance Limited Debenture 2089'}, {'totalQuantity': 301, 'totalOrder': 5, 'securityId': 5984, 'symbol': 'LBLD88', 'securityName': '8.5% Laxmi Bank Debenture 2088'}, {'totalQuantity': 289, 'totalOrder': 6, 'securityId': 8119, 'symbol': 'EBLD85', 'securityName': '10.50% Everest Bank Limited Debenture 2085'}, {'totalQuantity': 276, 'totalOrder': 2, 'securityId': 7986, 'symbol': 'NICD88', 'securityName': 'NIC ASIA Rinpatra 2088'}, {'totalQuantity': 275, 'totalOrder': 2, 'securityId': 4961, 'symbol': 'BOKD86', 'securityName': '8.5% BOK Debenture 2086'}, {'totalQuantity': 265, 'totalOrder': 5, 'securityId': 2904, 'symbol': 'PBLD84', 'securityName': '10% Prabhu Bank Debenture 2084 '}, {'totalQuantity': 265, 'totalOrder': 3, 'securityId': 8109, 'symbol': 'SBD89', 'securityName': '10.25% Sanima Debenture 2089'}, {'totalQuantity': 261, 'totalOrder': 7, 'securityId': 213, 'symbol': 'BNT', 'securityName': 'Bottlers Nepal (Terai) Limited'}, {'totalQuantity': 252, 'totalOrder': 4, 'securityId': 9289, 'symbol': 'SBID2090', 'securityName': '7% Nepal SBI Bank Debenture 2090'}, {'totalQuantity': 250, 'totalOrder': 1, 'securityId': 9180, 'symbol': 'NMBD89/90', 'securityName': 'NMB Debenture 10.75%-2089/90'}, {'totalQuantity': 250, 'totalOrder': 2, 'securityId': 8097, 'symbol': 'PBD88', 'securityName': '10% Prime Debenture 2088'}, {'totalQuantity': 235, 'totalOrder': 5, 'securityId': 4962, 'symbol': 'PBLD87', 'securityName': '8.5% Prabhu Bank Debenture 2087'}, {'totalQuantity': 230, 'totalOrder': 5, 'securityId': 177, 'symbol': 'RBCL', 'securityName': 'Rastriya Beema Company Limited'}, {'totalQuantity': 225, 'totalOrder': 2, 'securityId': 9195, 'symbol': 'MLBLD89', 'securityName': '11% Mahalaxmi Debenture 2089'}, {'totalQuantity': 225, 'totalOrder': 2, 'securityId': 9197, 'symbol': 'LBBLD89', 'securityName': '11% L.B.B.L. Debenture 2089'}, {'totalQuantity': 210, 'totalOrder': 8, 'securityId': 2815, 'symbol': 'GMFBS', 'securityName': 'Ganapati Laghubitta Bittiya Sanstha Limited'}, {'totalQuantity': 206, 'totalOrder': 7, 'securityId': 2885, 'symbol': 'KBLD86', 'securityName': '10.25% KBL Debenture 2086'}, {'totalQuantity': 200, 'totalOrder': 4, 'securityId': 9271, 'symbol': 'SBLD2091', 'securityName': '7.25% SBL Debenture 2091'}, {'totalQuantity': 156, 'totalOrder': 5, 'securityId': 9286, 'symbol': 'SHINED', 'securityName': 'Shine Resunga Debenture'}, {'totalQuantity': 156, 'totalOrder': 7, 'securityId': 2936, 'symbol': 'NCCD86', 'securityName': '9.5% NCC Debenture 2086'}, {'totalQuantity': 156, 'totalOrder': 4, 'securityId': 8044, 'symbol': 'EBLD86', 'securityName': 'Everest Bank Limited'}, {'totalQuantity': 156, 'totalOrder': 4, 'securityId': 8020, 'symbol': 'JBBD87', 'securityName': 'Jyoti Bikash Bank Bond 2087'}, {'totalQuantity': 152, 'totalOrder': 5, 'securityId': 634, 'symbol': 'RBCLPO', 'securityName': 'Rastriya Beema Company Limited Promoter Share'}, {'totalQuantity': 145, 'totalOrder': 5, 'securityId': 2875, 'symbol': 'PBLD86', 'securityName': '10.25% Prabhu Bank  Debenture 2086'}, {'totalQuantity': 141, 'totalOrder': 3, 'securityId': 9249, 'symbol': 'ICFCD88', 'securityName': '9% ICFC Finance Limited Debenture 2088'}, {'totalQuantity': 131, 'totalOrder': 5, 'securityId': 9141, 'symbol': 'NIFRAUR85/86', 'securityName': 'NIFRA Uraj Rinpatra7%-2085/86'}, {'totalQuantity': 125, 'totalOrder': 2, 'securityId': 8127, 'symbol': 'KBLD89', 'securityName': '11% KBL Debenture 2089'}, {'totalQuantity': 125, 'totalOrder': 2, 'securityId': 2889, 'symbol': 'CIZBD86', 'securityName': '10.25% Citizens Bank Debenture 2086'}, {'totalQuantity': 125, 'totalOrder': 2, 'securityId': 9238, 'symbol': 'NABILD87', 'securityName': '9% Nabil Debenture 2087'}, {'totalQuantity': 115, 'totalOrder': 5, 'securityId': 4969, 'symbol': 'MND84/85', 'securityName': 'Muktinath Debenture 2084/85'}, {'totalQuantity': 107, 'totalOrder': 4, 'securityId': 8027, 'symbol': 'NBLD85', 'securityName': 'Nabil Debenture 2085'}, {'totalQuantity': 100, 'totalOrder': 1, 'securityId': 2825, 'symbol': 'NICAD85/86', 'securityName': '10% NIC Asia Debenture 2085/86'}, {'totalQuantity': 91, 'totalOrder': 5, 'securityId': 9243, 'symbol': 'NIMBD90', 'securityName': '10% NIMB Debenture 2090'}, {'totalQuantity': 70, 'totalOrder': 6, 'securityId': 219, 'symbol': 'UNL', 'securityName': 'Unilever Nepal Limited'}, {'totalQuantity': 58, 'totalOrder': 3, 'securityId': 8098, 'symbol': 'SBLD89', 'securityName': '10.75% SBL Debenture 2089'}, {'totalQuantity': 51, 'totalOrder': 3, 'securityId': 8116, 'symbol': 'PBD84', 'securityName': '10.15% Prime Debenture 2084'}, {'totalQuantity': 30, 'totalOrder': 1, 'securityId': 7985, 'symbol': 'MBLD87', 'securityName': '8.5% Machhapuchchhre Debenture 2087'}, {'totalQuantity': 26, 'totalOrder': 1, 'securityId': 2912, 'symbol': 'SBLD84', 'securityName': '8.5% SBL Debenture 2084'}, {'totalQuantity': 25, 'totalOrder': 1, 'securityId': 2850, 'symbol': 'NMBD2085', 'securityName': '10 % NMB DEBENTURE 2085'}, {'totalQuantity': 25, 'totalOrder': 1, 'securityId': 8043, 'symbol': 'CBLD88', 'securityName': 'Civil Bank Debenture 2088'}, {'totalQuantity': 10, 'totalOrder': 1, 'securityId': 195, 'symbol': 'BNL', 'securityName': 'Bottlers Nepal (Balaju) Limited'}]",7,"price_volume, live_market, summary, top_gainers, top_losers, nepse_index, supply_demand",5631
