collection_timestamp,collection_time_npt,data_source,record_id,market_open,collection_method,market_schedule,securityid,securityname,symbol,indexid,totaltradequantity,lasttradedprice,percentagechange,previousclose,closeprice,openprice,highprice,lowprice,totaltradevalue,lastupdateddatetime,lasttradedvolume,averagetradedprice,total_turnover_rs:,total_traded_shares,total_transactions,total_scrips_traded,ltp,cp,pointchange,sensitive_index,sensitive_float_index,float_index,nepse_index,supplylist,demandlist,total_endpoints_collected,endpoints_collected,github_run_number
2026-08-25T14:28:44.441805+05:45,2026-08-25 14:28:44,price_volume,price_volume_1,True,cloud_automated,Tuesday - Trading Hours: 11:00 AM - 3:00 PM NPT,2790,Aarambha Chautari Laghubitta Bittiya Sanstha Limited,ACLBSL,58.0,67.0,890.1,-2.079207921,909.0,,,,,,,,,,,,,,,,,,,,,,7,"price_volume, live_market, summary, top_gainers, top_losers, nepse_index, supply_demand",5707
2026-08-25T14:28:44.441805+05:45,2026-08-25 14:28:44,price_volume,price_volume_2,True,cloud_automated,Tuesday - Trading Hours: 11:00 AM - 3:00 PM NPT,397,Agricultural Development Bank Limited,ADBL,58.0,10201.0,298.8,-0.233722871,299.5,,,,,,,,,,,,,,,,,,,,,,7,"price_volume, live_market, summary, top_gainers, top_losers, nepse_index, supply_demand",5707
2026-08-25T14:28:44.441805+05:45,2026-08-25 14:28:44,price_volume,price_volume_3,True,cloud_automated,Tuesday - Trading Hours: 11:00 AM - 3:00 PM NPT,9150,Asian Hydropower Limited,AHL,58.0,1420.0,388.2,-2.437798442,397.9,,,,,,,,,,,,,,,,,,,,,,7,"price_volume, live_market, summary, top_gainers, top_losers, nepse_index, supply_demand",5707
2026-08-25T14:28:44.441805+05:45,2026-08-25 14:28:44,price_volume,price_volume_4,True,cloud_automated,Tuesday - Trading Hours: 11:00 AM - 3:00 PM NPT,360,Arun Valley Hydropower Development Co. Ltd.,AHPC,58.0,56505.0,258.0,-0.654601463,259.7,,,,,,,,,,,,,,,,,,,,,,7,"price_volume, live_market, summary, top_gainers, top_losers, nepse_index, supply_demand",5707
2026-08-25T14:28:44.441805+05:45,2026-08-25 14:28:44,price_volume,price_volume_5,True,cloud_automated,Tuesday - Trading Hours: 11:00 AM - 3:00 PM NPT,2788,Ankhu Khola Jalvidhyut Company Ltd,AKJCL,58.0,171749.0,349.1,0.895953757,346.0,,,,,,,,,,,,,,,,,,,,,,7,"price_volume, live_market, summary, top_gainers, top_losers, nepse_index, supply_demand",5707
2026-08-25T14:28:44.441805+05:45,2026-08-25 14:28:44,price_volume,price_volume_6,True,cloud_automated,Tuesday - Trading Hours: 11:00 AM - 3:00 PM NPT,2757,Arun Kabeli Power Ltd.,AKPL,58.0,22393.0,247.8,0.32388664,247.0,,,,,,,,,,,,,,,,,,,,,,7,"price_volume, live_market, summary, top_gainers, top_losers, nepse_index, supply_demand",5707
2026-08-25T14:28:44.441805+05:45,2026-08-25 14:28:44,price_volume,price_volume_7,True,cloud_automated,Tuesday - Trading Hours: 11:00 AM - 3:00 PM NPT,2807,Asha Laghubitta Bittiya Sanstha Ltd,ALBSL,58.0,9703.0,1095.0,-0.454545455,1100.0,,,,,,,,,,,,,,,,,,,,,,7,"price_volume, live_market, summary, top_gainers, top_losers, nepse_index, supply_demand",5707
2026-08-25T14:28:44.441805+05:45,2026-08-25 14:28:44,price_volume,price_volume_8,True,cloud_automated,Tuesday - Trading Hours: 11:00 AM - 3:00 PM NPT,385,Asian Life Insurance Co. Limited,ALICL,58.0,17416.0,410.0,-0.726392252,413.0,,,,,,,,,,,,,,,,,,,,,,7,"price_volume, live_market, summary, top_gainers, top_losers, nepse_index, supply_demand",5707
2026-08-25T14:28:44.441805+05:45,2026-08-25 14:28:44,price_volume,price_volume_9,True,cloud_automated,Tuesday - Trading Hours: 11:00 AM - 3:00 PM NPT,9161,Aatmanirbhar Laghubitta Bittiya Sanstha Limited,ANLB,58.0,234.0,5025.4,-1.828482125,5119.0,,,,,,,,,,,,,,,,,,,,,,7,"price_volume, live_market, summary, top_gainers, top_losers, nepse_index, supply_demand",5707
2026-08-25T14:28:44.441805+05:45,2026-08-25 14:28:44,price_volume,price_volume_10,True,cloud_automated,Tuesday - Trading Hours: 11:00 AM - 3:00 PM NPT,9337,Appolo Hydropower Limited,APHL,58.0,4776.0,696.7,-1.12120352,704.6,,,,,,,,,,,,,,,,,,,,,,7,"price_volume, live_market, summary, top_gainers, top_losers, nepse_index, supply_demand",5707
2026-08-25T14:28:44.441805+05:45,2026-08-25 14:28:44,price_volume,price_volume_11,True,cloud_automated,Tuesday - Trading Hours: 11:00 AM - 3:00 PM NPT,697,Api Power Company Ltd.,API,58.0,56845.0,330.5,-0.151057402,331.0,,,,,,,,,,,,,,,,,,,,,,7,"price_volume, live_market, summary, top_gainers, top_losers, nepse_index, supply_demand",5707
2026-08-25T14:28:44.441805+05:45,2026-08-25 14:28:44,price_volume,price_volume_12,True,cloud_automated,Tuesday - Trading Hours: 11:00 AM - 3:00 PM NPT,8117,Aviyan Laghubitta Bittiya Sanstha Limited,AVYAN,58.0,709.0,1022.0,-0.872938894,1031.0,,,,,,,,,,,,,,,,,,,,,,7,"price_volume, live_market, summary, top_gainers, top_losers, nepse_index, supply_demand",5707
2026-08-25T14:28:44.441805+05:45,2026-08-25 14:28:44,price_volume,price_volume_13,True,cloud_automated,Tuesday - Trading Hours: 11:00 AM - 3:00 PM NPT,9297,Bandipur Cablecar and Tourism Limited,BANDIPUR,58.0,15768.0,659.0,-1.03619162,665.9,,,,,,,,,,,,,,,,,,,,,,7,"price_volume, live_market, summary, top_gainers, top_losers, nepse_index, supply_demand",5707
2026-08-25T14:28:44.441805+05:45,2026-08-25 14:28:44,price_volume,price_volume_14,True,cloud_automated,Tuesday - Trading Hours: 11:00 AM - 3:00 PM NPT,686,Barun Hydropower Co. Ltd.,BARUN,58.0,18347.0,320.0,1.201771031,316.2,,,,,,,,,,,,,,,,,,,,,,7,"price_volume, live_market, summary, top_gainers, top_losers, nepse_index, supply_demand",5707
2026-08-25T14:28:44.441805+05:45,2026-08-25 14:28:44,price_volume,price_volume_15,True,cloud_automated,Tuesday - Trading Hours: 11:00 AM - 3:00 PM NPT,156,Bishal Bazar Company Limited,BBC,58.0,143.0,4100.0,0.588812561,4076.0,,,,,,,,,,,,,,,,,,,,,,7,"price_volume, live_market, summary, top_gainers, top_losers, nepse_index, supply_demand",5707
2026-08-25T14:28:44.441805+05:45,2026-08-25 14:28:44,price_volume,price_volume_16,True,cloud_automated,Tuesday - Trading Hours: 11:00 AM - 3:00 PM NPT,9171,Bhugol Energy Development Company Limited,BEDC,58.0,7878.0,301.0,-0.331125828,302.0,,,,,,,,,,,,,,,,,,,,,,7,"price_volume, live_market, summary, top_gainers, top_losers, nepse_index, supply_demand",5707
2026-08-25T14:28:44.441805+05:45,2026-08-25 14:28:44,price_volume,price_volume_17,True,cloud_automated,Tuesday - Trading Hours: 11:00 AM - 3:00 PM NPT,227,Best Finance Company Ltd.,BFC,58.0,5042.0,461.0,-0.539374326,463.5,,,,,,,,,,,,,,,,,,,,,,7,"price_volume, live_market, summary, top_gainers, top_losers, nepse_index, supply_demand",5707
2026-08-25T14:28:44.441805+05:45,2026-08-25 14:28:44,price_volume,price_volume_18,True,cloud_automated,Tuesday - Trading Hours: 11:00 AM - 3:00 PM NPT,9214,Bhagawati Hydropower Development Company Limited,BGWT,58.0,1700.0,503.0,-1.7578125,512.0,,,,,,,,,,,,,,,,,,,,,,7,"price_volume, live_market, summary, top_gainers, top_losers, nepse_index, supply_demand",5707
2026-08-25T14:28:44.441805+05:45,2026-08-25 14:28:44,price_volume,price_volume_19,True,cloud_automated,Tuesday - Trading Hours: 11:00 AM - 3:00 PM NPT,9267,Bikash Hydropower Company Limited,BHCL,58.0,68437.0,553.0,1.991884913,542.2,,,,,,,,,,,,,,,,,,,,,,7,"price_volume, live_market, summary, top_gainers, top_losers, nepse_index, supply_demand",5707
2026-08-25T14:28:44.441805+05:45,2026-08-25 14:28:44,price_volume,price_volume_20,True,cloud_automated,Tuesday - Trading Hours: 11:00 AM - 3:00 PM NPT,8075,Bindhyabasini Hydropower Development Company Limited,BHDC,58.0,3396.0,428.0,0.046750818,427.8,,,,,,,,,,,,,,,,,,,,,,7,"price_volume, live_market, summary, top_gainers, top_losers, nepse_index, supply_demand",5707
2026-08-25T14:28:44.441805+05:45,2026-08-25 14:28:44,price_volume,price_volume_21,True,cloud_automated,Tuesday - Trading Hours: 11:00 AM - 3:00 PM NPT,8055,Balephi Hydropower Limited,BHL,58.0,138438.0,202.9,-1.024390244,205.0,,,,,,,,,,,,,,,,,,,,,,7,"price_volume, live_market, summary, top_gainers, top_losers, nepse_index, supply_demand",5707
2026-08-25T14:28:44.441805+05:45,2026-08-25 14:28:44,price_volume,price_volume_22,True,cloud_automated,Tuesday - Trading Hours: 11:00 AM - 3:00 PM NPT,9135,Barahi Hydropower Public Limited,BHPL,58.0,3298.0,465.0,-1.063829787,470.0,,,,,,,,,,,,,,,,,,,,,,7,"price_volume, live_market, summary, top_gainers, top_losers, nepse_index, supply_demand",5707
2026-08-25T14:28:44.441805+05:45,2026-08-25 14:28:44,price_volume,price_volume_23,True,cloud_automated,Tuesday - Trading Hours: 11:00 AM - 3:00 PM NPT,9322,Bhujung Hydropower Limited,BJHL,58.0,4810.0,705.0,-2.083333333,720.0,,,,,,,,,,,,,,,,,,,,,,7,"price_volume, live_market, summary, top_gainers, top_losers, nepse_index, supply_demand",5707
2026-08-25T14:28:44.441805+05:45,2026-08-25 14:28:44,price_volume,price_volume_24,True,cloud_automated,Tuesday - Trading Hours: 11:00 AM - 3:00 PM NPT,8032,Buddha Bhumi Nepal Hydropower Company Limited,BNHC,58.0,5708.0,272.0,-1.698590531,276.7,,,,,,,,,,,,,,,,,,,,,,7,"price_volume, live_market, summary, top_gainers, top_losers, nepse_index, supply_demand",5707
2026-08-25T14:28:44.441805+05:45,2026-08-25 14:28:44,price_volume,price_volume_25,True,cloud_automated,Tuesday - Trading Hours: 11:00 AM - 3:00 PM NPT,213,Bottlers Nepal (Terai) Limited,BNT,58.0,30.0,11700.0,-1.680672269,11900.0,,,,,,,,,,,,,,,,,,,,,,7,"price_volume, live_market, summary, top_gainers, top_losers, nepse_index, supply_demand",5707
2026-08-25T14:28:44.441805+05:45,2026-08-25 14:28:44,price_volume,price_volume_26,True,cloud_automated,Tuesday - Trading Hours: 11:00 AM - 3:00 PM NPT,153,Butwal Power Company Limited,BPCL,58.0,14293.0,650.0,-1.485298575,659.8,,,,,,,,,,,,,,,,,,,,,,7,"price_volume, live_market, summary, top_gainers, top_losers, nepse_index, supply_demand",5707
2026-08-25T14:28:44.441805+05:45,2026-08-25 14:28:44,price_volume,price_volume_27,True,cloud_automated,Tuesday - Trading Hours: 11:00 AM - 3:00 PM NPT,9296,Bungal Hydro Limited,BUNGAL,58.0,10614.0,562.0,-1.748251748,572.0,,,,,,,,,,,,,,,,,,,,,,7,"price_volume, live_market, summary, top_gainers, top_losers, nepse_index, supply_demand",5707
2026-08-25T14:28:44.441805+05:45,2026-08-25 14:28:44,price_volume,price_volume_28,True,cloud_automated,Tuesday - Trading Hours: 11:00 AM - 3:00 PM NPT,164,Chhimek Laghubitta Bittiya Sanstha Limited,CBBL,58.0,7582.0,937.0,0.203186825,935.1,,,,,,,,,,,,,,,,,,,,,,7,"price_volume, live_market, summary, top_gainers, top_losers, nepse_index, supply_demand",5707
2026-08-25T14:28:44.441805+05:45,2026-08-25 14:28:44,price_volume,price_volume_29,True,cloud_automated,Tuesday - Trading Hours: 11:00 AM - 3:00 PM NPT,245,Central Finance Co. Ltd.,CFCL,58.0,24849.0,590.0,-1.601067378,599.6,,,,,,,,,,,,,,,,,,,,,,7,"price_volume, live_market, summary, top_gainers, top_losers, nepse_index, supply_demand",5707
2026-08-25T14:28:44.441805+05:45,2026-08-25 14:28:44,price_volume,price_volume_30,True,cloud_automated,Tuesday - Trading Hours: 11:00 AM - 3:00 PM NPT,2917,Chandragiri Hills Limited,CGH,58.0,99536.0,770.0,-0.64516129,775.0,,,,,,,,,,,,,,,,,,,,,,7,"price_volume, live_market, summary, top_gainers, top_losers, nepse_index, supply_demand",5707
2026-08-25T14:28:44.441805+05:45,2026-08-25 14:28:44,price_volume,price_volume_31,True,cloud_automated,Tuesday - Trading Hours: 11:00 AM - 3:00 PM NPT,154,Chilime Hydropower Company Limited,CHCL,58.0,9241.0,477.0,-0.209205021,478.0,,,,,,,,,,,,,,,,,,,,,,7,"price_volume, live_market, summary, top_gainers, top_losers, nepse_index, supply_demand",5707
2026-08-25T14:28:44.441805+05:45,2026-08-25 14:28:44,price_volume,price_volume_32,True,cloud_automated,Tuesday - Trading Hours: 11:00 AM - 3:00 PM NPT,3946,CEDB Holdings Limited,CHDC,58.0,13503.0,2193.0,-1.127141569,2218.0,,,,,,,,,,,,,,,,,,,,,,7,"price_volume, live_market, summary, top_gainers, top_losers, nepse_index, supply_demand",5707
2026-08-25T14:28:44.441805+05:45,2026-08-25 14:28:44,price_volume,price_volume_33,True,cloud_automated,Tuesday - Trading Hours: 11:00 AM - 3:00 PM NPT,2766,Chhyangdi Hydropower Ltd.,CHL,58.0,8463.0,264.0,-0.751879699,266.0,,,,,,,,,,,,,,,,,,,,,,7,"price_volume, live_market, summary, top_gainers, top_losers, nepse_index, supply_demand",5707
2026-08-25T14:28:44.441805+05:45,2026-08-25 14:28:44,price_volume,price_volume_34,True,cloud_automated,Tuesday - Trading Hours: 11:00 AM - 3:00 PM NPT,210,Citizen Investment Trust,CIT,58.0,4585.0,1680.0,-0.0594884,1681.0,,,,,,,,,,,,,,,,,,,,,,7,"price_volume, live_market, summary, top_gainers, top_losers, nepse_index, supply_demand",5707
2026-08-25T14:28:44.441805+05:45,2026-08-25 14:28:44,price_volume,price_volume_35,True,cloud_automated,Tuesday - Trading Hours: 11:00 AM - 3:00 PM NPT,9173,City Hotel Limited,CITY,58.0,57868.0,350.5,-0.988700565,354.0,,,,,,,,,,,,,,,,,,,,,,7,"price_volume, live_market, summary, top_gainers, top_losers, nepse_index, supply_demand",5707
2026-08-25T14:28:44.441805+05:45,2026-08-25 14:28:44,price_volume,price_volume_36,True,cloud_automated,Tuesday - Trading Hours: 11:00 AM - 3:00 PM NPT,9232,Chirkhwa Hydropower Limited ,CKHL,58.0,494.0,580.0,-1.778154107,590.5,,,,,,,,,,,,,,,,,,,,,,7,"price_volume, live_market, summary, top_gainers, top_losers, nepse_index, supply_demand",5707
2026-08-25T14:28:44.441805+05:45,2026-08-25 14:28:44,price_volume,price_volume_37,True,cloud_automated,Tuesday - Trading Hours: 11:00 AM - 3:00 PM NPT,9209,Citizen Life Insurance Company Limited,CLI,58.0,5533.0,424.3,-0.515826495,426.5,,,,,,,,,,,,,,,,,,,,,,7,"price_volume, live_market, summary, top_gainers, top_losers, nepse_index, supply_demand",5707
2026-08-25T14:28:44.441805+05:45,2026-08-25 14:28:44,price_volume,price_volume_38,True,cloud_automated,Tuesday - Trading Hours: 11:00 AM - 3:00 PM NPT,450,Corporate Development Bank Limited,CORBL,58.0,35564.0,920.0,-2.335456476,942.0,,,,,,,,,,,,,,,,,,,,,,7,"price_volume, live_market, summary, top_gainers, top_losers, nepse_index, supply_demand",5707
2026-08-25T14:28:44.441805+05:45,2026-08-25 14:28:44,price_volume,price_volume_39,True,cloud_automated,Tuesday - Trading Hours: 11:00 AM - 3:00 PM NPT,9252,Crest Micro Life Insurance Limited,CREST,58.0,3713.0,1072.1,-1.642201835,1090.0,,,,,,,,,,,,,,,,,,,,,,7,"price_volume, live_market, summary, top_gainers, top_losers, nepse_index, supply_demand",5707
2026-08-25T14:28:44.441805+05:45,2026-08-25 14:28:44,price_volume,price_volume_40,True,cloud_automated,Tuesday - Trading Hours: 11:00 AM - 3:00 PM NPT,8065,CYC Nepal Laghubitta Bittiya Sanstha Limited,CYCL,58.0,26436.0,1583.2,-1.05,1600.0,,,,,,,,,,,,,,,,,,,,,,7,"price_volume, live_market, summary, top_gainers, top_losers, nepse_index, supply_demand",5707
2026-08-25T14:28:44.441805+05:45,2026-08-25 14:28:44,price_volume,price_volume_41,True,cloud_automated,Tuesday - Trading Hours: 11:00 AM - 3:00 PM NPT,348,Citizens Bank International Limited,CZBIL,58.0,20599.0,197.0,0.0,197.0,,,,,,,,,,,,,,,,,,,,,,7,"price_volume, live_market, summary, top_gainers, top_losers, nepse_index, supply_demand",5707
2026-08-25T14:28:44.441805+05:45,2026-08-25 14:28:44,price_volume,price_volume_42,True,cloud_automated,Tuesday - Trading Hours: 11:00 AM - 3:00 PM NPT,166,Deprosc Laghubitta Bittiya Sanstha Limited,DDBL,58.0,9060.0,832.0,0.0,832.0,,,,,,,,,,,,,,,,,,,,,,7,"price_volume, live_market, summary, top_gainers, top_losers, nepse_index, supply_demand",5707
2026-08-25T14:28:44.441805+05:45,2026-08-25 14:28:44,price_volume,price_volume_43,True,cloud_automated,Tuesday - Trading Hours: 11:00 AM - 3:00 PM NPT,9293,Daramkhola Hydro Energy Limited,DHEL,58.0,4142.0,571.0,0.175438596,570.0,,,,,,,,,,,,,,,,,,,,,,7,"price_volume, live_market, summary, top_gainers, top_losers, nepse_index, supply_demand",5707
2026-08-25T14:28:44.441805+05:45,2026-08-25 14:28:44,price_volume,price_volume_44,True,cloud_automated,Tuesday - Trading Hours: 11:00 AM - 3:00 PM NPT,2754,Dibyashwori Hydropower Ltd.,DHPL,58.0,3629.0,279.0,2.573529412,272.0,,,,,,,,,,,,,,,,,,,,,,7,"price_volume, live_market, summary, top_gainers, top_losers, nepse_index, supply_demand",5707
2026-08-25T14:28:44.441805+05:45,2026-08-25 14:28:44,price_volume,price_volume_45,True,cloud_automated,Tuesday - Trading Hours: 11:00 AM - 3:00 PM NPT,8123,Dhaulagiri Laghubitta Bittiya Sanstha Limited,DLBS,58.0,73.0,1040.0,-9.565217391,1150.0,,,,,,,,,,,,,,,,,,,,,,7,"price_volume, live_market, summary, top_gainers, top_losers, nepse_index, supply_demand",5707
2026-08-25T14:28:44.441805+05:45,2026-08-25 14:28:44,price_volume,price_volume_46,True,cloud_automated,Tuesday - Trading Hours: 11:00 AM - 3:00 PM NPT,9170,Dolti Power Company Limited,DOLTI,58.0,27298.0,301.2,-1.213512627,304.9,,,,,,,,,,,,,,,,,,,,,,7,"price_volume, live_market, summary, top_gainers, top_losers, nepse_index, supply_demand",5707
2026-08-25T14:28:44.441805+05:45,2026-08-25 14:28:44,price_volume,price_volume_47,True,cloud_automated,Tuesday - Trading Hours: 11:00 AM - 3:00 PM NPT,8070,Dordi Khola Jal Bidyut Company Limited,DORDI,58.0,11969.0,245.5,-0.687702265,247.2,,,,,,,,,,,,,,,,,,,,,,7,"price_volume, live_market, summary, top_gainers, top_losers, nepse_index, supply_demand",5707
2026-08-25T14:28:44.441805+05:45,2026-08-25 14:28:44,price_volume,price_volume_48,True,cloud_automated,Tuesday - Trading Hours: 11:00 AM - 3:00 PM NPT,137,Everest Bank Limited,EBL,58.0,11546.0,727.7,0.220355323,726.1,,,,,,,,,,,,,,,,,,,,,,7,"price_volume, live_market, summary, top_gainers, top_losers, nepse_index, supply_demand",5707
2026-08-25T14:28:44.441805+05:45,2026-08-25 14:28:44,price_volume,price_volume_49,True,cloud_automated,Tuesday - Trading Hours: 11:00 AM - 3:00 PM NPT,9347,Everest Colour Limited,ECL,58.0,9365.0,1355.1,1.887218045,1330.0,,,,,,,,,,,,,,,,,,,,,,7,"price_volume, live_market, summary, top_gainers, top_losers, nepse_index, supply_demand",5707
2026-08-25T14:28:44.441805+05:45,2026-08-25 14:28:44,price_volume,price_volume_50,True,cloud_automated,Tuesday - Trading Hours: 11:00 AM - 3:00 PM NPT,274,Excel Development Bank Ltd.,EDBL,58.0,15665.0,580.8,-0.377358491,583.0,,,,,,,,,,,,,,,,,,,,,,7,"price_volume, live_market, summary, top_gainers, top_losers, nepse_index, supply_demand",5707
2026-08-25T14:28:44.441805+05:45,2026-08-25 14:28:44,price_volume,price_volume_51,True,cloud_automated,Tuesday - Trading Hours: 11:00 AM - 3:00 PM NPT,8131,Eastern Hydropower Limited,EHPL,58.0,4618.0,319.0,-1.238390093,323.0,,,,,,,,,,,,,,,,,,,,,,7,"price_volume, live_market, summary, top_gainers, top_losers, nepse_index, supply_demand",5707
2026-08-25T14:28:44.441805+05:45,2026-08-25 14:28:44,price_volume,price_volume_52,True,cloud_automated,Tuesday - Trading Hours: 11:00 AM - 3:00 PM NPT,8034,Emerging Nepal Limited,ENL,58.0,10.0,833.9,1.956229368,817.9,,,,,,,,,,,,,,,,,,,,,,7,"price_volume, live_market, summary, top_gainers, top_losers, nepse_index, supply_demand",5707
2026-08-25T14:28:44.441805+05:45,2026-08-25 14:28:44,price_volume,price_volume_53,True,cloud_automated,Tuesday - Trading Hours: 11:00 AM - 3:00 PM NPT,490,First Micro Finance Laghubitta Bittiya Sanstha Limited,FMDBL,58.0,10994.0,741.1,-1.186666667,750.0,,,,,,,,,,,,,,,,,,,,,,7,"price_volume, live_market, summary, top_gainers, top_losers, nepse_index, supply_demand",5707
2026-08-25T14:28:44.441805+05:45,2026-08-25 14:28:44,price_volume,price_volume_54,True,cloud_automated,Tuesday - Trading Hours: 11:00 AM - 3:00 PM NPT,2758,Forward Microfinance Laghubitta Bittiya Sanstha Limited,FOWAD,58.0,2913.0,896.2,-0.972375691,905.0,,,,,,,,,,,,,,,,,,,,,,7,"price_volume, live_market, summary, top_gainers, top_losers, nepse_index, supply_demand",5707
2026-08-25T14:28:44.441805+05:45,2026-08-25 14:28:44,price_volume,price_volume_55,True,cloud_automated,Tuesday - Trading Hours: 11:00 AM - 3:00 PM NPT,417,Garima Bikas Bank Limited,GBBL,58.0,22373.0,422.9,0.666507974,420.1,,,,,,,,,,,,,,,,,,,,,,7,"price_volume, live_market, summary, top_gainers, top_losers, nepse_index, supply_demand",5707
2026-08-25T14:28:44.441805+05:45,2026-08-25 14:28:44,price_volume,price_volume_56,True,cloud_automated,Tuesday - Trading Hours: 11:00 AM - 3:00 PM NPT,341,Global IME Bank Limited,GBIME,58.0,109603.0,245.0,0.204498978,244.5,,,,,,,,,,,,,,,,,,,,,,7,"price_volume, live_market, summary, top_gainers, top_losers, nepse_index, supply_demand",5707
2026-08-25T14:28:44.441805+05:45,2026-08-25 14:28:44,price_volume,price_volume_57,True,cloud_automated,Tuesday - Trading Hours: 11:00 AM - 3:00 PM NPT,583,Grameen Bikas Laghubitta Bittiya Sanstha Ltd.,GBLBS,58.0,852.0,670.0,-1.398086829,679.5,,,,,,,,,,,,,,,,,,,,,,7,"price_volume, live_market, summary, top_gainers, top_losers, nepse_index, supply_demand",5707
2026-08-25T14:28:44.441805+05:45,2026-08-25 14:28:44,price_volume,price_volume_58,True,cloud_automated,Tuesday - Trading Hours: 11:00 AM - 3:00 PM NPT,9193,Ghorahi Cement Industry Limited,GCIL,58.0,6334.0,335.4,-1.642228739,341.0,,,,,,,,,,,,,,,,,,,,,,7,"price_volume, live_market, summary, top_gainers, top_losers, nepse_index, supply_demand",5707
2026-08-25T14:28:44.441805+05:45,2026-08-25 14:28:44,price_volume,price_volume_59,True,cloud_automated,Tuesday - Trading Hours: 11:00 AM - 3:00 PM NPT,232,Goodwill Finance Limited,GFCL,58.0,3117.0,575.0,-0.844973271,579.9,,,,,,,,,,,,,,,,,,,,,,7,"price_volume, live_market, summary, top_gainers, top_losers, nepse_index, supply_demand",5707
2026-08-25T14:28:44.441805+05:45,2026-08-25 14:28:44,price_volume,price_volume_60,True,cloud_automated,Tuesday - Trading Hours: 11:00 AM - 3:00 PM NPT,2806,Ghalemdi Hydro Limited,GHL,58.0,42684.0,230.2,0.964912281,228.0,,,,,,,,,,,,,,,,,,,,,,7,"price_volume, live_market, summary, top_gainers, top_losers, nepse_index, supply_demand",5707
2026-08-25T14:28:44.441805+05:45,2026-08-25 14:28:44,price_volume,price_volume_61,True,cloud_automated,Tuesday - Trading Hours: 11:00 AM - 3:00 PM NPT,705,Global IME Laghubitta Bittiya Sanstha Ltd.,GILB,58.0,507.0,1090.0,0.386811568,1085.8,,,,,,,,,,,,,,,,,,,,,,7,"price_volume, live_market, summary, top_gainers, top_losers, nepse_index, supply_demand",5707
2026-08-25T14:28:44.441805+05:45,2026-08-25 14:28:44,price_volume,price_volume_62,True,cloud_automated,Tuesday - Trading Hours: 11:00 AM - 3:00 PM NPT,2826,Gurans Laghubitta Bittiya Sanstha Limited,GLBSL,58.0,295.0,1715.0,-0.290697674,1720.0,,,,,,,,,,,,,,,,,,,,,,7,"price_volume, live_market, summary, top_gainers, top_losers, nepse_index, supply_demand",5707
2026-08-25T14:28:44.441805+05:45,2026-08-25 14:28:44,price_volume,price_volume_63,True,cloud_automated,Tuesday - Trading Hours: 11:00 AM - 3:00 PM NPT,2924,GreenLife Hydropower Limited,GLH,58.0,16405.0,250.1,-0.358565737,251.0,,,,,,,,,,,,,,,,,,,,,,7,"price_volume, live_market, summary, top_gainers, top_losers, nepse_index, supply_demand",5707
2026-08-25T14:28:44.441805+05:45,2026-08-25 14:28:44,price_volume,price_volume_64,True,cloud_automated,Tuesday - Trading Hours: 11:00 AM - 3:00 PM NPT,2815,Ganapati Laghubitta Bittiya Sanstha Limited,GMFBS,58.0,1197.0,1133.0,-2.738432483,1164.9,,,,,,,,,,,,,,,,,,,,,,7,"price_volume, live_market, summary, top_gainers, top_losers, nepse_index, supply_demand",5707
2026-08-25T14:28:44.441805+05:45,2026-08-25 14:28:44,price_volume,price_volume_65,True,cloud_automated,Tuesday - Trading Hours: 11:00 AM - 3:00 PM NPT,263,Guheshowori Merchant Bank & Finance Co. Ltd.,GMFIL,58.0,12676.0,426.0,-2.068965517,435.0,,,,,,,,,,,,,,,,,,,,,,7,"price_volume, live_market, summary, top_gainers, top_losers, nepse_index, supply_demand",5707
2026-08-25T14:28:44.441805+05:45,2026-08-25 14:28:44,price_volume,price_volume_66,True,cloud_automated,Tuesday - Trading Hours: 11:00 AM - 3:00 PM NPT,9246,Guardian Micro Life Insurance Limited ,GMLI,58.0,332.0,985.1,-1.49,1000.0,,,,,,,,,,,,,,,,,,,,,,7,"price_volume, live_market, summary, top_gainers, top_losers, nepse_index, supply_demand",5707
2026-08-25T14:28:44.441805+05:45,2026-08-25 14:28:44,price_volume,price_volume_67,True,cloud_automated,Tuesday - Trading Hours: 11:00 AM - 3:00 PM NPT,2744,Green Development Bank Ltd.,GRDBL,58.0,1566.0,979.9,0.030624745,979.6,,,,,,,,,,,,,,,,,,,,,,7,"price_volume, live_market, summary, top_gainers, top_losers, nepse_index, supply_demand",5707
2026-08-25T14:28:44.441805+05:45,2026-08-25 14:28:44,price_volume,price_volume_68,True,cloud_automated,Tuesday - Trading Hours: 11:00 AM - 3:00 PM NPT,204,Gurkhas Finance Ltd.,GUFL,58.0,7724.0,509.0,-1.165048544,515.0,,,,,,,,,,,,,,,,,,,,,,7,"price_volume, live_market, summary, top_gainers, top_losers, nepse_index, supply_demand",5707
2026-08-25T14:28:44.441805+05:45,2026-08-25 14:28:44,price_volume,price_volume_69,True,cloud_automated,Tuesday - Trading Hours: 11:00 AM - 3:00 PM NPT,8045,Green Ventures Limited,GVL,58.0,3431.0,475.5,-0.523012552,478.0,,,,,,,,,,,,,,,,,,,,,,7,"price_volume, live_market, summary, top_gainers, top_losers, nepse_index, supply_demand",5707
2026-08-25T14:28:44.441805+05:45,2026-08-25 14:28:44,price_volume,price_volume_70,True,cloud_automated,Tuesday - Trading Hours: 11:00 AM - 3:00 PM NPT,9213,Hathway Investment Nepal Limited,HATHY,58.0,6506.0,605.0,-4.013961606,630.3,,,,,,,,,,,,,,,,,,,,,,7,"price_volume, live_market, summary, top_gainers, top_losers, nepse_index, supply_demand",5707
2026-08-25T14:28:44.441805+05:45,2026-08-25 14:28:44,price_volume,price_volume_71,True,cloud_automated,Tuesday - Trading Hours: 11:00 AM - 3:00 PM NPT,134,Himalayan Bank Limited,HBL,58.0,23064.0,189.5,-0.158061117,189.8,,,,,,,,,,,,,,,,,,,,,,7,"price_volume, live_market, summary, top_gainers, top_losers, nepse_index, supply_demand",5707
2026-08-25T14:28:44.441805+05:45,2026-08-25 14:28:44,price_volume,price_volume_72,True,cloud_automated,Tuesday - Trading Hours: 11:00 AM - 3:00 PM NPT,2880,Himal Dolakha Hydropower Company Limited,HDHPC,58.0,27523.0,204.5,-0.486618005,205.5,,,,,,,,,,,,,,,,,,,,,,7,"price_volume, live_market, summary, top_gainers, top_losers, nepse_index, supply_demand",5707
2026-08-25T14:28:44.441805+05:45,2026-08-25 14:28:44,price_volume,price_volume_73,True,cloud_automated,Tuesday - Trading Hours: 11:00 AM - 3:00 PM NPT,235,Himalayan Distillery Limited,HDL,58.0,9680.0,1170.0,-0.076863951,1170.9,,,,,,,,,,,,,,,,,,,,,,7,"price_volume, live_market, summary, top_gainers, top_losers, nepse_index, supply_demand",5707
2026-08-25T14:28:44.441805+05:45,2026-08-25 14:28:44,price_volume,price_volume_74,True,cloud_automated,Tuesday - Trading Hours: 11:00 AM - 3:00 PM NPT,179,Himalayan Everest Insurance Limited,HEI,58.0,2753.0,520.0,0.057725611,519.7,,,,,,,,,,,,,,,,,,,,,,7,"price_volume, live_market, summary, top_gainers, top_losers, nepse_index, supply_demand",5707
2026-08-25T14:28:44.441805+05:45,2026-08-25 14:28:44,price_volume,price_volume_75,True,cloud_automated,Tuesday - Trading Hours: 11:00 AM - 3:00 PM NPT,9308,Hotel Forest Inn Limited,HFIN,58.0,21666.0,635.9,-1.563467492,646.0,,,,,,,,,,,,,,,,,,,,,,7,"price_volume, live_market, summary, top_gainers, top_losers, nepse_index, supply_demand",5707
2026-08-25T14:28:44.441805+05:45,2026-08-25 14:28:44,price_volume,price_volume_76,True,cloud_automated,Tuesday - Trading Hours: 11:00 AM - 3:00 PM NPT,8076,Himalayan Hydropower Limited,HHL,58.0,16470.0,326.0,-1.807228916,332.0,,,,,,,,,,,,,,,,,,,,,,7,"price_volume, live_market, summary, top_gainers, top_losers, nepse_index, supply_demand",5707
2026-08-25T14:28:44.441805+05:45,2026-08-25 14:28:44,price_volume,price_volume_77,True,cloud_automated,Tuesday - Trading Hours: 11:00 AM - 3:00 PM NPT,2742,Hydorelectricity Investment and Development Company Ltd,HIDCL,58.0,49615.0,246.0,-0.806451613,248.0,,,,,,,,,,,,,,,,,,,,,,7,"price_volume, live_market, summary, top_gainers, top_losers, nepse_index, supply_demand",5707
2026-08-25T14:28:44.441805+05:45,2026-08-25 14:28:44,price_volume,price_volume_78,True,cloud_automated,Tuesday - Trading Hours: 11:00 AM - 3:00 PM NPT,9270,Him Star Urja Company Limited,HIMSTAR,58.0,3178.0,656.0,0.152671756,655.0,,,,,,,,,,,,,,,,,,,,,,7,"price_volume, live_market, summary, top_gainers, top_losers, nepse_index, supply_demand",5707
2026-08-25T14:28:44.441805+05:45,2026-08-25 14:28:44,price_volume,price_volume_79,True,cloud_automated,Tuesday - Trading Hours: 11:00 AM - 3:00 PM NPT,693,Himalayan Laghubitta Bittiya Sanstha Limited,HLBSL,58.0,463.0,858.0,-1.998857796,875.5,,,,,,,,,,,,,,,,,,,,,,7,"price_volume, live_market, summary, top_gainers, top_losers, nepse_index, supply_demand",5707
2026-08-25T14:28:44.441805+05:45,2026-08-25 14:28:44,price_volume,price_volume_80,True,cloud_automated,Tuesday - Trading Hours: 11:00 AM - 3:00 PM NPT,393,Himalayan Life Insurance Limited,HLI,58.0,16713.0,308.0,-0.964630225,311.0,,,,,,,,,,,,,,,,,,,,,,7,"price_volume, live_market, summary, top_gainers, top_losers, nepse_index, supply_demand",5707
2026-08-25T14:28:44.441805+05:45,2026-08-25 14:28:44,price_volume,price_volume_81,True,cloud_automated,Tuesday - Trading Hours: 11:00 AM - 3:00 PM NPT,2767,Himalayan Power Partner Ltd.,HPPL,58.0,51923.0,374.9,-1.316135825,379.9,,,,,,,,,,,,,,,,,,,,,,7,"price_volume, live_market, summary, top_gainers, top_losers, nepse_index, supply_demand",5707
2026-08-25T14:28:44.441805+05:45,2026-08-25 14:28:44,price_volume,price_volume_82,True,cloud_automated,Tuesday - Trading Hours: 11:00 AM - 3:00 PM NPT,9234,Himalayan Reinsurance Limited,HRL,58.0,22563.0,558.0,-0.534759358,561.0,,,,,,,,,,,,,,,,,,,,,,7,"price_volume, live_market, summary, top_gainers, top_losers, nepse_index, supply_demand",5707
2026-08-25T14:28:44.441805+05:45,2026-08-25 14:28:44,price_volume,price_volume_83,True,cloud_automated,Tuesday - Trading Hours: 11:00 AM - 3:00 PM NPT,2824,Himalaya Urja Bikas Company Limited,HURJA,58.0,23887.0,232.1,-0.599571734,233.5,,,,,,,,,,,,,,,,,,,,,,7,"price_volume, live_market, summary, top_gainers, top_losers, nepse_index, supply_demand",5707
2026-08-25T14:28:44.441805+05:45,2026-08-25 14:28:44,price_volume,price_volume_84,True,cloud_automated,Tuesday - Trading Hours: 11:00 AM - 3:00 PM NPT,273,ICFC Finance Limited,ICFC,58.0,3958.0,588.0,-0.507614213,591.0,,,,,,,,,,,,,,,,,,,,,,7,"price_volume, live_market, summary, top_gainers, top_losers, nepse_index, supply_demand",5707
2026-08-25T14:28:44.441805+05:45,2026-08-25 14:28:44,price_volume,price_volume_85,True,cloud_automated,Tuesday - Trading Hours: 11:00 AM - 3:00 PM NPT,186,IGI Prudential insurance Limited,IGI,58.0,7799.0,410.1,-1.58387329,416.7,,,,,,,,,,,,,,,,,,,,,,7,"price_volume, live_market, summary, top_gainers, top_losers, nepse_index, supply_demand",5707
2026-08-25T14:28:44.441805+05:45,2026-08-25 14:28:44,price_volume,price_volume_86,True,cloud_automated,Tuesday - Trading Hours: 11:00 AM - 3:00 PM NPT,9176,Ingwa Hydropower Limited,IHL,58.0,2440.0,312.0,-0.952380952,315.0,,,,,,,,,,,,,,,,,,,,,,7,"price_volume, live_market, summary, top_gainers, top_losers, nepse_index, supply_demand",5707
2026-08-25T14:28:44.441805+05:45,2026-08-25 14:28:44,price_volume,price_volume_87,True,cloud_automated,Tuesday - Trading Hours: 11:00 AM - 3:00 PM NPT,2832,Infinity Laghubitta Bittiya Sanstha Limited,ILBS,58.0,199.0,838.0,-2.444703143,859.0,,,,,,,,,,,,,,,,,,,,,,7,"price_volume, live_market, summary, top_gainers, top_losers, nepse_index, supply_demand",5707
2026-08-25T14:28:44.441805+05:45,2026-08-25 14:28:44,price_volume,price_volume_88,True,cloud_automated,Tuesday - Trading Hours: 11:00 AM - 3:00 PM NPT,9184,IME Life Insurance Company Limited,ILI,58.0,2751.0,411.0,0.0,411.0,,,,,,,,,,,,,,,,,,,,,,7,"price_volume, live_market, summary, top_gainers, top_losers, nepse_index, supply_demand",5707
2026-08-25T14:28:44.441805+05:45,2026-08-25 14:28:44,price_volume,price_volume_89,True,cloud_automated,Tuesday - Trading Hours: 11:00 AM - 3:00 PM NPT,418,Jyoti Bikas Bank Limited,JBBL,58.0,18793.0,331.0,-0.570741965,332.9,,,,,,,,,,,,,,,,,,,,,,7,"price_volume, live_market, summary, top_gainers, top_losers, nepse_index, supply_demand",5707
2026-08-25T14:28:44.441805+05:45,2026-08-25 14:28:44,price_volume,price_volume_90,True,cloud_automated,Tuesday - Trading Hours: 11:00 AM - 3:00 PM NPT,4951,Jeevan Bikas Laghubitta  Bittya Sanstha Ltd,JBLB,58.0,2493.0,1245.3,-0.29623699,1249.0,,,,,,,,,,,,,,,,,,,,,,7,"price_volume, live_market, summary, top_gainers, top_losers, nepse_index, supply_demand",5707
2026-08-25T14:28:44.441805+05:45,2026-08-25 14:28:44,price_volume,price_volume_91,True,cloud_automated,Tuesday - Trading Hours: 11:00 AM - 3:00 PM NPT,250,Janaki Finance Company Limited,JFL,58.0,2631.0,380.0,0.529100529,378.0,,,,,,,,,,,,,,,,,,,,,,7,"price_volume, live_market, summary, top_gainers, top_losers, nepse_index, supply_demand",5707
2026-08-25T14:28:44.441805+05:45,2026-08-25 14:28:44,price_volume,price_volume_92,True,cloud_automated,Tuesday - Trading Hours: 11:00 AM - 3:00 PM NPT,9300,Jhapa Energy Limited,JHAPA,58.0,1510.0,1035.0,0.514713023,1029.7,,,,,,,,,,,,,,,,,,,,,,7,"price_volume, live_market, summary, top_gainers, top_losers, nepse_index, supply_demand",5707
2026-08-25T14:28:44.441805+05:45,2026-08-25 14:28:44,price_volume,price_volume_93,True,cloud_automated,Tuesday - Trading Hours: 11:00 AM - 3:00 PM NPT,2789,Joshi Hydropower Development Company Ltd,JOSHI,58.0,15717.0,258.0,-0.386100386,259.0,,,,,,,,,,,,,,,,,,,,,,7,"price_volume, live_market, summary, top_gainers, top_losers, nepse_index, supply_demand",5707
2026-08-25T14:28:44.441805+05:45,2026-08-25 14:28:44,price_volume,price_volume_94,True,cloud_automated,Tuesday - Trading Hours: 11:00 AM - 3:00 PM NPT,695,Janautthan Samudayic Laghubitta Bittya Sanstha Limited,JSLBB,58.0,95.0,945.0,0.0,945.0,,,,,,,,,,,,,,,,,,,,,,7,"price_volume, live_market, summary, top_gainers, top_losers, nepse_index, supply_demand",5707
2026-08-25T14:28:44.441805+05:45,2026-08-25 14:28:44,price_volume,price_volume_95,True,cloud_automated,Tuesday - Trading Hours: 11:00 AM - 3:00 PM NPT,9346,Kalanga Hydro Limited,KAHL,58.0,26462.0,503.1,-0.57312253,506.0,,,,,,,,,,,,,,,,,,,,,,7,"price_volume, live_market, summary, top_gainers, top_losers, nepse_index, supply_demand",5707
2026-08-25T14:28:44.441805+05:45,2026-08-25 14:28:44,price_volume,price_volume_96,True,cloud_automated,Tuesday - Trading Hours: 11:00 AM - 3:00 PM NPT,142,Kumari Bank Limited,KBL,58.0,109752.0,214.0,0.046750818,213.9,,,,,,,,,,,,,,,,,,,,,,7,"price_volume, live_market, summary, top_gainers, top_losers, nepse_index, supply_demand",5707
2026-08-25T14:28:44.441805+05:45,2026-08-25 14:28:44,price_volume,price_volume_97,True,cloud_automated,Tuesday - Trading Hours: 11:00 AM - 3:00 PM NPT,9196,Kutheli Bukhari Small Hydropower Limited,KBSH,58.0,4060.0,884.2,-0.439139737,888.1,,,,,,,,,,,,,,,,,,,,,,7,"price_volume, live_market, summary, top_gainers, top_losers, nepse_index, supply_demand",5707
2026-08-25T14:28:44.441805+05:45,2026-08-25 14:28:44,price_volume,price_volume_98,True,cloud_automated,Tuesday - Trading Hours: 11:00 AM - 3:00 PM NPT,9151,Kalinchowk Darshan Limited,KDL,58.0,1316.0,751.3,-0.358090186,754.0,,,,,,,,,,,,,,,,,,,,,,7,"price_volume, live_market, summary, top_gainers, top_losers, nepse_index, supply_demand",5707
2026-08-25T14:28:44.441805+05:45,2026-08-25 14:28:44,price_volume,price_volume_99,True,cloud_automated,Tuesday - Trading Hours: 11:00 AM - 3:00 PM NPT,9334,Kalinchock Hydropower Limited,KHPL,58.0,5215.0,739.0,0.271370421,737.0,,,,,,,,,,,,,,,,,,,,,,7,"price_volume, live_market, summary, top_gainers, top_losers, nepse_index, supply_demand",5707
2026-08-25T14:28:44.441805+05:45,2026-08-25 14:28:44,price_volume,price_volume_100,True,cloud_automated,Tuesday - Trading Hours: 11:00 AM - 3:00 PM NPT,2751,Khanikhola Hydropower Co. Ltd.,KKHC,58.0,55036.0,273.0,-2.115453568,278.9,,,,,,,,,,,,,,,,,,,,,,7,"price_volume, live_market, summary, top_gainers, top_losers, nepse_index, supply_demand",5707
2026-08-25T14:28:44.441805+05:45,2026-08-25 14:28:44,price_volume,price_volume_101,True,cloud_automated,Tuesday - Trading Hours: 11:00 AM - 3:00 PM NPT,593,Kalika Laghubitta Bittiya Sanstha Ltd,KMCDB,58.0,680.0,774.9,0.636363636,770.0,,,,,,,,,,,,,,,,,,,,,,7,"price_volume, live_market, summary, top_gainers, top_losers, nepse_index, supply_demand",5707
2026-08-25T14:28:44.441805+05:45,2026-08-25 14:28:44,price_volume,price_volume_102,True,cloud_automated,Tuesday - Trading Hours: 11:00 AM - 3:00 PM NPT,2787,Kalika power Company Ltd,KPCL,58.0,2315.0,460.0,-0.647948164,463.0,,,,,,,,,,,,,,,,,,,,,,7,"price_volume, live_market, summary, top_gainers, top_losers, nepse_index, supply_demand",5707
2026-08-25T14:28:44.441805+05:45,2026-08-25 14:28:44,price_volume,price_volume_103,True,cloud_automated,Tuesday - Trading Hours: 11:00 AM - 3:00 PM NPT,459,Kamana Sewa Bikas Bank Limited,KSBBL,58.0,50884.0,469.5,-0.106382979,470.0,,,,,,,,,,,,,,,,,,,,,,7,"price_volume, live_market, summary, top_gainers, top_losers, nepse_index, supply_demand",5707
2026-08-25T14:28:44.441805+05:45,2026-08-25 14:28:44,price_volume,price_volume_104,True,cloud_automated,Tuesday - Trading Hours: 11:00 AM - 3:00 PM NPT,358,Lumbini Bikas Bank Ltd.,LBBL,58.0,6010.0,476.5,0.506222316,474.1,,,,,,,,,,,,,,,,,,,,,,7,"price_volume, live_market, summary, top_gainers, top_losers, nepse_index, supply_demand",5707
2026-08-25T14:28:44.441805+05:45,2026-08-25 14:28:44,price_volume,price_volume_105,True,cloud_automated,Tuesday - Trading Hours: 11:00 AM - 3:00 PM NPT,2903,Liberty Energy Company Limited,LEC,58.0,39628.0,213.2,-0.327255727,213.9,,,,,,,,,,,,,,,,,,,,,,7,"price_volume, live_market, summary, top_gainers, top_losers, nepse_index, supply_demand",5707
2026-08-25T14:28:44.441805+05:45,2026-08-25 14:28:44,price_volume,price_volume_106,True,cloud_automated,Tuesday - Trading Hours: 11:00 AM - 3:00 PM NPT,188,Life Insurance Corporation (Nepal) Limited,LICN,58.0,3574.0,770.0,0.785340314,764.0,,,,,,,,,,,,,,,,,,,,,,7,"price_volume, live_market, summary, top_gainers, top_losers, nepse_index, supply_demand",5707
2026-08-25T14:28:44.441805+05:45,2026-08-25 14:28:44,price_volume,price_volume_107,True,cloud_automated,Tuesday - Trading Hours: 11:00 AM - 3:00 PM NPT,141,Laxmi Sunrise Bank Limited,LSL,58.0,37444.0,217.3,-0.321100917,218.0,,,,,,,,,,,,,,,,,,,,,,7,"price_volume, live_market, summary, top_gainers, top_losers, nepse_index, supply_demand",5707
2026-08-25T14:28:44.441805+05:45,2026-08-25 14:28:44,price_volume,price_volume_108,True,cloud_automated,Tuesday - Trading Hours: 11:00 AM - 3:00 PM NPT,9287,Mabilung Energy Limited,MABEL,58.0,1977.0,583.2,-2.637729549,599.0,,,,,,,,,,,,,,,,,,,,,,7,"price_volume, live_market, summary, top_gainers, top_losers, nepse_index, supply_demand",5707
2026-08-25T14:28:44.441805+05:45,2026-08-25 14:28:44,price_volume,price_volume_109,True,cloud_automated,Tuesday - Trading Hours: 11:00 AM - 3:00 PM NPT,9166,Makar Jitumaya Suri Hydropower Limited,MAKAR,58.0,2195508.0,441.5,5.395082359,418.9,,,,,,,,,,,,,,,,,,,,,,7,"price_volume, live_market, summary, top_gainers, top_losers, nepse_index, supply_demand",5707
2026-08-25T14:28:44.441805+05:45,2026-08-25 14:28:44,price_volume,price_volume_110,True,cloud_automated,Tuesday - Trading Hours: 11:00 AM - 3:00 PM NPT,9212,Mandu Hydropower Limited,MANDU,58.0,2209.0,711.5,-3.590785908,738.0,,,,,,,,,,,,,,,,,,,,,,7,"price_volume, live_market, summary, top_gainers, top_losers, nepse_index, supply_demand",5707
2026-08-25T14:28:44.441805+05:45,2026-08-25 14:28:44,price_volume,price_volume_111,True,cloud_automated,Tuesday - Trading Hours: 11:00 AM - 3:00 PM NPT,694,Matribhumi Lagubitta Bittiya Sanstha Limited,MATRI,58.0,450.0,775.0,-0.641025641,780.0,,,,,,,,,,,,,,,,,,,,,,7,"price_volume, live_market, summary, top_gainers, top_losers, nepse_index, supply_demand",5707
2026-08-25T14:28:44.441805+05:45,2026-08-25 14:28:44,price_volume,price_volume_112,True,cloud_automated,Tuesday - Trading Hours: 11:00 AM - 3:00 PM NPT,8031,Madhya Bhotekoshi Jalavidyut Company Limited,MBJC,58.0,10610.0,270.0,0.334448161,269.1,,,,,,,,,,,,,,,,,,,,,,7,"price_volume, live_market, summary, top_gainers, top_losers, nepse_index, supply_demand",5707
2026-08-25T14:28:44.441805+05:45,2026-08-25 14:28:44,price_volume,price_volume_113,True,cloud_automated,Tuesday - Trading Hours: 11:00 AM - 3:00 PM NPT,140,Machhapuchhre Bank Limited,MBL,58.0,19748.0,250.0,0.040016006,249.9,,,,,,,,,,,,,,,,,,,,,,7,"price_volume, live_market, summary, top_gainers, top_losers, nepse_index, supply_demand",5707
2026-08-25T14:28:44.441805+05:45,2026-08-25 14:28:44,price_volume,price_volume_114,True,cloud_automated,Tuesday - Trading Hours: 11:00 AM - 3:00 PM NPT,9175,Menchhiyam Hydropower Limited,MCHL,58.0,690.0,276.0,0.729927007,274.0,,,,,,,,,,,,,,,,,,,,,,7,"price_volume, live_market, summary, top_gainers, top_losers, nepse_index, supply_demand",5707
2026-08-25T14:28:44.441805+05:45,2026-08-25 14:28:44,price_volume,price_volume_115,True,cloud_automated,Tuesday - Trading Hours: 11:00 AM - 3:00 PM NPT,371,Miteri Development Bank Limited,MDB,58.0,5710.0,559.0,-0.710479574,563.0,,,,,,,,,,,,,,,,,,,,,,7,"price_volume, live_market, summary, top_gainers, top_losers, nepse_index, supply_demand",5707
2026-08-25T14:28:44.441805+05:45,2026-08-25 14:28:44,price_volume,price_volume_116,True,cloud_automated,Tuesday - Trading Hours: 11:00 AM - 3:00 PM NPT,9203,Manakamana Engineering Hydropower Limited,MEHL,58.0,61097.0,237.9,-2.897959184,245.0,,,,,,,,,,,,,,,,,,,,,,7,"price_volume, live_market, summary, top_gainers, top_losers, nepse_index, supply_demand",5707
2026-08-25T14:28:44.441805+05:45,2026-08-25 14:28:44,price_volume,price_volume_117,True,cloud_automated,Tuesday - Trading Hours: 11:00 AM - 3:00 PM NPT,9179,Modi Energy Limited,MEL,58.0,6340.0,201.1,-0.8382643,202.8,,,,,,,,,,,,,,,,,,,,,,7,"price_volume, live_market, summary, top_gainers, top_losers, nepse_index, supply_demand",5707
2026-08-25T14:28:44.441805+05:45,2026-08-25 14:28:44,price_volume,price_volume_118,True,cloud_automated,Tuesday - Trading Hours: 11:00 AM - 3:00 PM NPT,2913,Mountain Energy Nepal Limited,MEN,58.0,33970.0,620.0,0.145372315,619.1,,,,,,,,,,,,,,,,,,,,,,7,"price_volume, live_market, summary, top_gainers, top_losers, nepse_index, supply_demand",5707
2026-08-25T14:28:44.441805+05:45,2026-08-25 14:28:44,price_volume,price_volume_119,True,cloud_automated,Tuesday - Trading Hours: 11:00 AM - 3:00 PM NPT,9352,Mount Everest Power Development Limited,MEPDL,58.0,35450.0,691.0,-3.207732175,713.9,,,,,,,,,,,,,,,,,,,,,,7,"price_volume, live_market, summary, top_gainers, top_losers, nepse_index, supply_demand",5707
2026-08-25T14:28:44.441805+05:45,2026-08-25 14:28:44,price_volume,price_volume_120,True,cloud_automated,Tuesday - Trading Hours: 11:00 AM - 3:00 PM NPT,1741,Mero Microfinance Bittiya Sanstha Ltd.,MERO,58.0,1296.0,625.1,-0.777777778,630.0,,,,,,,,,,,,,,,,,,,,,,7,"price_volume, live_market, summary, top_gainers, top_losers, nepse_index, supply_demand",5707
2026-08-25T14:28:44.441805+05:45,2026-08-25 14:28:44,price_volume,price_volume_121,True,cloud_automated,Tuesday - Trading Hours: 11:00 AM - 3:00 PM NPT,516,Manjushree Finance Ltd.,MFIL,58.0,6946.0,734.0,-0.810810811,740.0,,,,,,,,,,,,,,,,,,,,,,7,"price_volume, live_market, summary, top_gainers, top_losers, nepse_index, supply_demand",5707
2026-08-25T14:28:44.441805+05:45,2026-08-25 14:28:44,price_volume,price_volume_122,True,cloud_automated,Tuesday - Trading Hours: 11:00 AM - 3:00 PM NPT,9158,Molung Hydropower Company Limited,MHCL,58.0,1535.0,293.9,-0.876897133,296.5,,,,,,,,,,,,,,,,,,,,,,7,"price_volume, live_market, summary, top_gainers, top_losers, nepse_index, supply_demand",5707
2026-08-25T14:28:44.441805+05:45,2026-08-25 14:28:44,price_volume,price_volume_123,True,cloud_automated,Tuesday - Trading Hours: 11:00 AM - 3:00 PM NPT,8102,Mandakini Hydropower Limited,MHL,58.0,1298.0,462.9,0.021607606,462.8,,,,,,,,,,,,,,,,,,,,,,7,"price_volume, live_market, summary, top_gainers, top_losers, nepse_index, supply_demand",5707
2026-08-25T14:28:44.441805+05:45,2026-08-25 14:28:44,price_volume,price_volume_124,True,cloud_automated,Tuesday - Trading Hours: 11:00 AM - 3:00 PM NPT,2811,Mountain Hydro Nepal Limited,MHNL,58.0,3895.0,239.0,-1.157981803,241.8,,,,,,,,,,,,,,,,,,,,,,7,"price_volume, live_market, summary, top_gainers, top_losers, nepse_index, supply_demand",5707
2026-08-25T14:28:44.441805+05:45,2026-08-25 14:28:44,price_volume,price_volume_125,True,cloud_automated,Tuesday - Trading Hours: 11:00 AM - 3:00 PM NPT,9230,Muktinath Krishi Company Limited,MKCL,58.0,827.0,878.0,-1.899441341,895.0,,,,,,,,,,,,,,,,,,,,,,7,"price_volume, live_market, summary, top_gainers, top_losers, nepse_index, supply_demand",5707
2026-08-25T14:28:44.441805+05:45,2026-08-25 14:28:44,price_volume,price_volume_126,True,cloud_automated,Tuesday - Trading Hours: 11:00 AM - 3:00 PM NPT,9149,Maya Khola Hydropower Company Limited,MKHC,58.0,5270.0,252.2,-1.059238917,254.9,,,,,,,,,,,,,,,,,,,,,,7,"price_volume, live_market, summary, top_gainers, top_losers, nepse_index, supply_demand",5707
2026-08-25T14:28:44.441805+05:45,2026-08-25 14:28:44,price_volume,price_volume_127,True,cloud_automated,Tuesday - Trading Hours: 11:00 AM - 3:00 PM NPT,9167,Mai Khola Hydropower Limited,MKHL,58.0,386.0,495.0,-0.201612903,496.0,,,,,,,,,,,,,,,,,,,,,,7,"price_volume, live_market, summary, top_gainers, top_losers, nepse_index, supply_demand",5707
2026-08-25T14:28:44.441805+05:45,2026-08-25 14:28:44,price_volume,price_volume_128,True,cloud_automated,Tuesday - Trading Hours: 11:00 AM - 3:00 PM NPT,8005,Mailung Khola Jal Vidhyut Company Limited,MKJC,58.0,5254.0,405.6,-1.791767554,413.0,,,,,,,,,,,,,,,,,,,,,,7,"price_volume, live_market, summary, top_gainers, top_losers, nepse_index, supply_demand",5707
2026-08-25T14:28:44.441805+05:45,2026-08-25 14:28:44,price_volume,price_volume_129,True,cloud_automated,Tuesday - Trading Hours: 11:00 AM - 3:00 PM NPT,601,Mithila LaghuBitta Bittiya Sanstha Limited,MLBBL,58.0,1306.0,944.4,-0.579008317,949.9,,,,,,,,,,,,,,,,,,,,,,7,"price_volume, live_market, summary, top_gainers, top_losers, nepse_index, supply_demand",5707
2026-08-25T14:28:44.441805+05:45,2026-08-25 14:28:44,price_volume,price_volume_130,True,cloud_automated,Tuesday - Trading Hours: 11:00 AM - 3:00 PM NPT,401,Mahalaxmi Bikas Bank Ltd.,MLBL,58.0,8095.0,349.9,0.028587764,349.8,,,,,,,,,,,,,,,,,,,,,,7,"price_volume, live_market, summary, top_gainers, top_losers, nepse_index, supply_demand",5707
2026-08-25T14:28:44.441805+05:45,2026-08-25 14:28:44,price_volume,price_volume_131,True,cloud_automated,Tuesday - Trading Hours: 11:00 AM - 3:00 PM NPT,8018,Manushi Laghubitta Bittiya Sanstha Limited,MLBS,58.0,10.0,1090.0,1.774042951,1071.0,,,,,,,,,,,,,,,,,,,,,,7,"price_volume, live_market, summary, top_gainers, top_losers, nepse_index, supply_demand",5707
2026-08-25T14:28:44.441805+05:45,2026-08-25 14:28:44,price_volume,price_volume_132,True,cloud_automated,Tuesday - Trading Hours: 11:00 AM - 3:00 PM NPT,2925,Mahila Lagubitta Bittiya Sanstha Limited ,MLBSL,58.0,1611.0,1164.0,-1.355932203,1180.0,,,,,,,,,,,,,,,,,,,,,,7,"price_volume, live_market, summary, top_gainers, top_losers, nepse_index, supply_demand",5707
2026-08-25T14:28:44.441805+05:45,2026-08-25 14:28:44,price_volume,price_volume_133,True,cloud_automated,Tuesday - Trading Hours: 11:00 AM - 3:00 PM NPT,9217,Mathillo Mailun Khola Jalvidhyut Limited,MMKJL,58.0,367.0,424.0,-1.395348837,430.0,,,,,,,,,,,,,,,,,,,,,,7,"price_volume, live_market, summary, top_gainers, top_losers, nepse_index, supply_demand",5707
2026-08-25T14:28:44.441805+05:45,2026-08-25 14:28:44,price_volume,price_volume_134,True,cloud_automated,Tuesday - Trading Hours: 11:00 AM - 3:00 PM NPT,474,Muktinath Bikas Bank Ltd.,MNBBL,58.0,18720.0,359.0,0.111544897,358.6,,,,,,,,,,,,,,,,,,,,,,7,"price_volume, live_market, summary, top_gainers, top_losers, nepse_index, supply_demand",5707
2026-08-25T14:28:44.441805+05:45,2026-08-25 14:28:44,price_volume,price_volume_135,True,cloud_automated,Tuesday - Trading Hours: 11:00 AM - 3:00 PM NPT,471,Multipurpose Finance Company  Limited,MPFL,58.0,404.0,605.0,-0.493421053,608.0,,,,,,,,,,,,,,,,,,,,,,7,"price_volume, live_market, summary, top_gainers, top_losers, nepse_index, supply_demand",5707
2026-08-25T14:28:44.441805+05:45,2026-08-25 14:28:44,price_volume,price_volume_136,True,cloud_automated,Tuesday - Trading Hours: 11:00 AM - 3:00 PM NPT,9215,Mid Solu Hydropower Limited,MSHL,58.0,144.0,580.0,1.754385965,570.0,,,,,,,,,,,,,,,,,,,,,,7,"price_volume, live_market, summary, top_gainers, top_losers, nepse_index, supply_demand",5707
2026-08-25T14:28:44.441805+05:45,2026-08-25 14:28:44,price_volume,price_volume_137,True,cloud_automated,Tuesday - Trading Hours: 11:00 AM - 3:00 PM NPT,2768,Mahuli Laghubitta Bittiya Sanstha Limited,MSLB,58.0,386.0,1206.0,-0.740740741,1215.0,,,,,,,,,,,,,,,,,,,,,,7,"price_volume, live_market, summary, top_gainers, top_losers, nepse_index, supply_demand",5707
2026-08-25T14:28:44.441805+05:45,2026-08-25 14:28:44,price_volume,price_volume_138,True,cloud_automated,Tuesday - Trading Hours: 11:00 AM - 3:00 PM NPT,172,Narayani Development Bank Limited,NABBC,58.0,3365.0,762.0,-0.613016825,766.7,,,,,,,,,,,,,,,,,,,,,,7,"price_volume, live_market, summary, top_gainers, top_losers, nepse_index, supply_demand",5707
2026-08-25T14:28:44.441805+05:45,2026-08-25 14:28:44,price_volume,price_volume_139,True,cloud_automated,Tuesday - Trading Hours: 11:00 AM - 3:00 PM NPT,131,Nabil Bank Limited,NABIL,58.0,24369.0,541.5,0.0,541.5,,,,,,,,,,,,,,,,,,,,,,7,"price_volume, live_market, summary, top_gainers, top_losers, nepse_index, supply_demand",5707
2026-08-25T14:28:44.441805+05:45,2026-08-25 14:28:44,price_volume,price_volume_140,True,cloud_automated,Tuesday - Trading Hours: 11:00 AM - 3:00 PM NPT,2784,Nadep Laghubittiya bittya Sanstha Ltd.,NADEP,58.0,85.0,690.0,-1.428571429,700.0,,,,,,,,,,,,,,,,,,,,,,7,"price_volume, live_market, summary, top_gainers, top_losers, nepse_index, supply_demand",5707
2026-08-25T14:28:44.441805+05:45,2026-08-25 14:28:44,price_volume,price_volume_141,True,cloud_automated,Tuesday - Trading Hours: 11:00 AM - 3:00 PM NPT,517,Nepal Bank Limited,NBL,58.0,45821.0,275.0,0.0,275.0,,,,,,,,,,,,,,,,,,,,,,7,"price_volume, live_market, summary, top_gainers, top_losers, nepse_index, supply_demand",5707
2026-08-25T14:28:44.441805+05:45,2026-08-25 14:28:44,price_volume,price_volume_142,True,cloud_automated,Tuesday - Trading Hours: 11:00 AM - 3:00 PM NPT,8041,NESDO Sambridha Laghubitta Bittiya Sanstha Limited,NESDO,58.0,315.0,1340.0,-1.10701107,1355.0,,,,,,,,,,,,,,,,,,,,,,7,"price_volume, live_market, summary, top_gainers, top_losers, nepse_index, supply_demand",5707
2026-08-25T14:28:44.441805+05:45,2026-08-25 14:28:44,price_volume,price_volume_143,True,cloud_automated,Tuesday - Trading Hours: 11:00 AM - 3:00 PM NPT,194,Nepal Finance Ltd.,NFS,58.0,4270.0,541.0,-0.551470588,544.0,,,,,,,,,,,,,,,,,,,,,,7,"price_volume, live_market, summary, top_gainers, top_losers, nepse_index, supply_demand",5707
2026-08-25T14:28:44.441805+05:45,2026-08-25 14:28:44,price_volume,price_volume_144,True,cloud_automated,Tuesday - Trading Hours: 11:00 AM - 3:00 PM NPT,2743,Ngadi Group Power Ltd.,NGPL,58.0,86647.0,401.0,-0.545634921,403.2,,,,,,,,,,,,,,,,,,,,,,7,"price_volume, live_market, summary, top_gainers, top_losers, nepse_index, supply_demand",5707
2026-08-25T14:28:44.441805+05:45,2026-08-25 14:28:44,price_volume,price_volume_145,True,cloud_automated,Tuesday - Trading Hours: 11:00 AM - 3:00 PM NPT,2769,Nepal Hydro Developers Ltd.,NHDL,58.0,1898.0,625.0,0.096092249,624.4,,,,,,,,,,,,,,,,,,,,,,7,"price_volume, live_market, summary, top_gainers, top_losers, nepse_index, supply_demand",5707
2026-08-25T14:28:44.441805+05:45,2026-08-25 14:28:44,price_volume,price_volume_146,True,cloud_automated,Tuesday - Trading Hours: 11:00 AM - 3:00 PM NPT,152,National Hydro Power Company Limited,NHPC,58.0,86904.0,260.0,-0.611620795,261.6,,,,,,,,,,,,,,,,,,,,,,7,"price_volume, live_market, summary, top_gainers, top_losers, nepse_index, supply_demand",5707
2026-08-25T14:28:44.441805+05:45,2026-08-25 14:28:44,price_volume,price_volume_147,True,cloud_automated,Tuesday - Trading Hours: 11:00 AM - 3:00 PM NPT,139,NIC Asia Bank Ltd.,NICA,58.0,36386.0,309.9,-0.353697749,311.0,,,,,,,,,,,,,,,,,,,,,,7,"price_volume, live_market, summary, top_gainers, top_losers, nepse_index, supply_demand",5707
2026-08-25T14:28:44.441805+05:45,2026-08-25 14:28:44,price_volume,price_volume_148,True,cloud_automated,Tuesday - Trading Hours: 11:00 AM - 3:00 PM NPT,176,Nepal Insurance Co. Ltd.,NICL,58.0,8832.0,485.0,0.20661157,484.0,,,,,,,,,,,,,,,,,,,,,,7,"price_volume, live_market, summary, top_gainers, top_losers, nepse_index, supply_demand",5707
2026-08-25T14:28:44.441805+05:45,2026-08-25 14:28:44,price_volume,price_volume_149,True,cloud_automated,Tuesday - Trading Hours: 11:00 AM - 3:00 PM NPT,2887,NIC ASIA Laghubitta Bittiya Sanstha Limited,NICLBSL,58.0,5591.0,532.0,-1.298701299,539.0,,,,,,,,,,,,,,,,,,,,,,7,"price_volume, live_market, summary, top_gainers, top_losers, nepse_index, supply_demand",5707
2026-08-25T14:28:44.441805+05:45,2026-08-25 14:28:44,price_volume,price_volume_150,True,cloud_automated,Tuesday - Trading Hours: 11:00 AM - 3:00 PM NPT,2919,Nepal Infrastructure Bank Limited,NIFRA,58.0,30668.0,240.1,-0.373443983,241.0,,,,,,,,,,,,,,,,,,,,,,7,"price_volume, live_market, summary, top_gainers, top_losers, nepse_index, supply_demand",5707
2026-08-25T14:28:44.441805+05:45,2026-08-25 14:28:44,price_volume,price_volume_151,True,cloud_automated,Tuesday - Trading Hours: 11:00 AM - 3:00 PM NPT,183,Neco Insurance Limited,NIL,58.0,4491.0,586.1,-0.829103215,591.0,,,,,,,,,,,,,,,,,,,,,,7,"price_volume, live_market, summary, top_gainers, top_losers, nepse_index, supply_demand",5707
2026-08-25T14:28:44.441805+05:45,2026-08-25 14:28:44,price_volume,price_volume_152,True,cloud_automated,Tuesday - Trading Hours: 11:00 AM - 3:00 PM NPT,132,Nepal Investment Mega Bank Limited,NIMB,58.0,36958.0,185.9,-0.053763441,186.0,,,,,,,,,,,,,,,,,,,,,,7,"price_volume, live_market, summary, top_gainers, top_losers, nepse_index, supply_demand",5707
2026-08-25T14:28:44.441805+05:45,2026-08-25 14:28:44,price_volume,price_volume_153,True,cloud_automated,Tuesday - Trading Hours: 11:00 AM - 3:00 PM NPT,559,NLG Insurance Company Ltd.,NLG,58.0,1263.0,554.1,-0.144170121,554.9,,,,,,,,,,,,,,,,,,,,,,7,"price_volume, live_market, summary, top_gainers, top_losers, nepse_index, supply_demand",5707
2026-08-25T14:28:44.441805+05:45,2026-08-25 14:28:44,price_volume,price_volume_154,True,cloud_automated,Tuesday - Trading Hours: 11:00 AM - 3:00 PM NPT,187,Nepal Life Insurance Co. Ltd.,NLIC,58.0,25332.0,709.9,-0.546371533,713.8,,,,,,,,,,,,,,,,,,,,,,7,"price_volume, live_market, summary, top_gainers, top_losers, nepse_index, supply_demand",5707
2026-08-25T14:28:44.441805+05:45,2026-08-25 14:28:44,price_volume,price_volume_155,True,cloud_automated,Tuesday - Trading Hours: 11:00 AM - 3:00 PM NPT,178,National Life Insurance Co. Ltd.,NLICL,58.0,7230.0,565.9,0.550817342,562.8,,,,,,,,,,,,,,,,,,,,,,7,"price_volume, live_market, summary, top_gainers, top_losers, nepse_index, supply_demand",5707
2026-08-25T14:28:44.441805+05:45,2026-08-25 14:28:44,price_volume,price_volume_156,True,cloud_automated,Tuesday - Trading Hours: 11:00 AM - 3:00 PM NPT,238,NMB Bank Limited,NMB,58.0,35274.0,240.0,0.0,240.0,,,,,,,,,,,,,,,,,,,,,,7,"price_volume, live_market, summary, top_gainers, top_losers, nepse_index, supply_demand",5707
2026-08-25T14:28:44.441805+05:45,2026-08-25 14:28:44,price_volume,price_volume_157,True,cloud_automated,Tuesday - Trading Hours: 11:00 AM - 3:00 PM NPT,704,NMB  Microfinance Bittiya Sanstha Ltd.,NMBMF,58.0,359.0,585.2,-2.107728337,597.8,,,,,,,,,,,,,,,,,,,,,,7,"price_volume, live_market, summary, top_gainers, top_losers, nepse_index, supply_demand",5707
2026-08-25T14:28:44.441805+05:45,2026-08-25 14:28:44,price_volume,price_volume_158,True,cloud_automated,Tuesday - Trading Hours: 11:00 AM - 3:00 PM NPT,2746,National Laghubitta Bittiya Sanstha Limited,NMFBS,58.0,774.0,1107.0,-0.806451613,1116.0,,,,,,,,,,,,,,,,,,,,,,7,"price_volume, live_market, summary, top_gainers, top_losers, nepse_index, supply_demand",5707
2026-08-25T14:28:44.441805+05:45,2026-08-25 14:28:44,price_volume,price_volume_159,True,cloud_automated,Tuesday - Trading Hours: 11:00 AM - 3:00 PM NPT,9250,Nepal Micro Insurance Company Limited,NMIC,58.0,650.0,867.0,-0.115207373,868.0,,,,,,,,,,,,,,,,,,,,,,7,"price_volume, live_market, summary, top_gainers, top_losers, nepse_index, supply_demand",5707
2026-08-25T14:28:44.441805+05:45,2026-08-25 14:28:44,price_volume,price_volume_160,True,cloud_automated,Tuesday - Trading Hours: 11:00 AM - 3:00 PM NPT,396,Nerude Mirmire Laghubitta Bittiya Sanstha Limited,NMLBBL,58.0,5603.0,488.0,-0.81300813,492.0,,,,,,,,,,,,,,,,,,,,,,7,"price_volume, live_market, summary, top_gainers, top_losers, nepse_index, supply_demand",5707
2026-08-25T14:28:44.441805+05:45,2026-08-25 14:28:44,price_volume,price_volume_161,True,cloud_automated,Tuesday - Trading Hours: 11:00 AM - 3:00 PM NPT,2881,Nepal Reinsurance Company Limited,NRIC,58.0,5467.0,890.0,-0.425151041,893.8,,,,,,,,,,,,,,,,,,,,,,7,"price_volume, live_market, summary, top_gainers, top_losers, nepse_index, supply_demand",5707
2026-08-25T14:28:44.441805+05:45,2026-08-25 14:28:44,price_volume,price_volume_162,True,cloud_automated,Tuesday - Trading Hours: 11:00 AM - 3:00 PM NPT,9183,Nepal Republic Media Limited,NRM,58.0,1484.0,298.5,0.844594595,296.0,,,,,,,,,,,,,,,,,,,,,,7,"price_volume, live_market, summary, top_gainers, top_losers, nepse_index, supply_demand",5707
2026-08-25T14:28:44.441805+05:45,2026-08-25 14:28:44,price_volume,price_volume_163,True,cloud_automated,Tuesday - Trading Hours: 11:00 AM - 3:00 PM NPT,2898,NRN Infrastructure and Development Limited,NRN,58.0,22517.0,1359.0,-0.330033003,1363.5,,,,,,,,,,,,,,,,,,,,,,7,"price_volume, live_market, summary, top_gainers, top_losers, nepse_index, supply_demand",5707
2026-08-25T14:28:44.441805+05:45,2026-08-25 14:28:44,price_volume,price_volume_164,True,cloud_automated,Tuesday - Trading Hours: 11:00 AM - 3:00 PM NPT,307,Nepal Doorsanchar Company Limited,NTC,58.0,2212.0,884.0,0.454545455,880.0,,,,,,,,,,,,,,,,,,,,,,7,"price_volume, live_market, summary, top_gainers, top_losers, nepse_index, supply_demand",5707
2026-08-25T14:28:44.441805+05:45,2026-08-25 14:28:44,price_volume,price_volume_165,True,cloud_automated,Tuesday - Trading Hours: 11:00 AM - 3:00 PM NPT,163,Nirdhan Utthan Laghubitta Bittiya Sanstha Limited,NUBL,58.0,7614.0,576.0,-1.706484642,586.0,,,,,,,,,,,,,,,,,,,,,,7,"price_volume, live_market, summary, top_gainers, top_losers, nepse_index, supply_demand",5707
2026-08-25T14:28:44.441805+05:45,2026-08-25 14:28:44,price_volume,price_volume_166,True,cloud_automated,Tuesday - Trading Hours: 11:00 AM - 3:00 PM NPT,9233,Nepal Warehousing Company Limited ,NWCL,58.0,3764.0,623.0,-3.560371517,646.0,,,,,,,,,,,,,,,,,,,,,,7,"price_volume, live_market, summary, top_gainers, top_losers, nepse_index, supply_demand",5707
2026-08-25T14:28:44.441805+05:45,2026-08-25 14:28:44,price_volume,price_volume_167,True,cloud_automated,Tuesday - Trading Hours: 11:00 AM - 3:00 PM NPT,8026,Nyadi Hydropower Limited,NYADI,58.0,1293.0,353.6,-1.229050279,358.0,,,,,,,,,,,,,,,,,,,,,,7,"price_volume, live_market, summary, top_gainers, top_losers, nepse_index, supply_demand",5707
2026-08-25T14:28:44.441805+05:45,2026-08-25 14:28:44,price_volume,price_volume_168,True,cloud_automated,Tuesday - Trading Hours: 11:00 AM - 3:00 PM NPT,149,Oriental Hotels Limited,OHL,58.0,792.0,625.0,-0.840869427,630.3,,,,,,,,,,,,,,,,,,,,,,7,"price_volume, live_market, summary, top_gainers, top_losers, nepse_index, supply_demand",5707
2026-08-25T14:28:44.441805+05:45,2026-08-25 14:28:44,price_volume,price_volume_169,True,cloud_automated,Tuesday - Trading Hours: 11:00 AM - 3:00 PM NPT,9256,Om Megashree Pharmaceuticals Limited,OMPL,58.0,1826.0,892.9,-0.011198208,893.0,,,,,,,,,,,,,,,,,,,,,,7,"price_volume, live_market, summary, top_gainers, top_losers, nepse_index, supply_demand",5707
2026-08-25T14:28:44.441805+05:45,2026-08-25 14:28:44,price_volume,price_volume_170,True,cloud_automated,Tuesday - Trading Hours: 11:00 AM - 3:00 PM NPT,357,Prime Commercial Bank Ltd.,PCBL,58.0,20538.0,239.0,-0.292031706,239.7,,,,,,,,,,,,,,,,,,,,,,7,"price_volume, live_market, summary, top_gainers, top_losers, nepse_index, supply_demand",5707
2026-08-25T14:28:44.441805+05:45,2026-08-25 14:28:44,price_volume,price_volume_171,True,cloud_automated,Tuesday - Trading Hours: 11:00 AM - 3:00 PM NPT,9330,Palpa Cement Industries Limited,PCIL,58.0,15286.0,606.0,-0.312551406,607.9,,,,,,,,,,,,,,,,,,,,,,7,"price_volume, live_market, summary, top_gainers, top_losers, nepse_index, supply_demand",5707
2026-08-25T14:28:44.441805+05:45,2026-08-25 14:28:44,price_volume,price_volume_172,True,cloud_automated,Tuesday - Trading Hours: 11:00 AM - 3:00 PM NPT,8133,Peoples Hydropower Company Limited,PHCL,58.0,33752.0,300.0,-0.662251656,302.0,,,,,,,,,,,,,,,,,,,,,,7,"price_volume, live_market, summary, top_gainers, top_losers, nepse_index, supply_demand",5707
2026-08-25T14:28:44.441805+05:45,2026-08-25 14:28:44,price_volume,price_volume_173,True,cloud_automated,Tuesday - Trading Hours: 11:00 AM - 3:00 PM NPT,2786,Panchakanya Mai Hydropower Ltd,PMHPL,58.0,2374.0,304.0,-2.532863097,311.9,,,,,,,,,,,,,,,,,,,,,,7,"price_volume, live_market, summary, top_gainers, top_losers, nepse_index, supply_demand",5707
2026-08-25T14:28:44.441805+05:45,2026-08-25 14:28:44,price_volume,price_volume_174,True,cloud_automated,Tuesday - Trading Hours: 11:00 AM - 3:00 PM NPT,2915,Prabhu Mahalaxmi Life Insurance Limited,PMLI,58.0,3488.0,412.0,-0.722891566,415.0,,,,,,,,,,,,,,,,,,,,,,7,"price_volume, live_market, summary, top_gainers, top_losers, nepse_index, supply_demand",5707
2026-08-25T14:28:44.441805+05:45,2026-08-25 14:28:44,price_volume,price_volume_175,True,cloud_automated,Tuesday - Trading Hours: 11:00 AM - 3:00 PM NPT,2813,Panchthar Power Compant Limited,PPCL,58.0,2120.0,328.0,-0.906344411,331.0,,,,,,,,,,,,,,,,,,,,,,7,"price_volume, live_market, summary, top_gainers, top_losers, nepse_index, supply_demand",5707
2026-08-25T14:28:44.441805+05:45,2026-08-25 14:28:44,price_volume,price_volume_176,True,cloud_automated,Tuesday - Trading Hours: 11:00 AM - 3:00 PM NPT,8122,People's Power Limited,PPL,58.0,18347.0,301.9,-2.581477896,309.9,,,,,,,,,,,,,,,,,,,,,,7,"price_volume, live_market, summary, top_gainers, top_losers, nepse_index, supply_demand",5707
2026-08-25T14:28:44.441805+05:45,2026-08-25 14:28:44,price_volume,price_volume_177,True,cloud_automated,Tuesday - Trading Hours: 11:00 AM - 3:00 PM NPT,184,Prabhu Insurance Ltd.,PRIN,58.0,6291.0,638.0,-0.777604977,643.0,,,,,,,,,,,,,,,,,,,,,,7,"price_volume, live_market, summary, top_gainers, top_losers, nepse_index, supply_demand",5707
2026-08-25T14:28:44.441805+05:45,2026-08-25 14:28:44,price_volume,price_volume_178,True,cloud_automated,Tuesday - Trading Hours: 11:00 AM - 3:00 PM NPT,338,Progressive Finance Limited,PROFL,58.0,3985.0,389.0,-1.518987342,395.0,,,,,,,,,,,,,,,,,,,,,,7,"price_volume, live_market, summary, top_gainers, top_losers, nepse_index, supply_demand",5707
2026-08-25T14:28:44.441805+05:45,2026-08-25 14:28:44,price_volume,price_volume_179,True,cloud_automated,Tuesday - Trading Hours: 11:00 AM - 3:00 PM NPT,255,Prabhu  Bank Limited,PRVU,58.0,66497.0,181.0,-0.055218112,181.1,,,,,,,,,,,,,,,,,,,,,,7,"price_volume, live_market, summary, top_gainers, top_losers, nepse_index, supply_demand",5707
2026-08-25T14:28:44.441805+05:45,2026-08-25 14:28:44,price_volume,price_volume_180,True,cloud_automated,Tuesday - Trading Hours: 11:00 AM - 3:00 PM NPT,9258,Pure Energy Limited,PURE,58.0,2989.0,746.3,-2.989730924,769.3,,,,,,,,,,,,,,,,,,,,,,7,"price_volume, live_market, summary, top_gainers, top_losers, nepse_index, supply_demand",5707
2026-08-25T14:28:44.441805+05:45,2026-08-25 14:28:44,price_volume,price_volume_181,True,cloud_automated,Tuesday - Trading Hours: 11:00 AM - 3:00 PM NPT,2776,Radhi Bidyut Company Ltd,RADHI,58.0,21801.0,699.0,-0.696121608,703.9,,,,,,,,,,,,,,,,,,,,,,7,"price_volume, live_market, summary, top_gainers, top_losers, nepse_index, supply_demand",5707
2026-08-25T14:28:44.441805+05:45,2026-08-25 14:28:44,price_volume,price_volume_182,True,cloud_automated,Tuesday - Trading Hours: 11:00 AM - 3:00 PM NPT,9181,Rawa Energy Development Limited,RAWA,58.0,11731.0,414.0,0.0,414.0,,,,,,,,,,,,,,,,,,,,,,7,"price_volume, live_market, summary, top_gainers, top_losers, nepse_index, supply_demand",5707
2026-08-25T14:28:44.441805+05:45,2026-08-25 14:28:44,price_volume,price_volume_183,True,cloud_automated,Tuesday - Trading Hours: 11:00 AM - 3:00 PM NPT,177,Rastriya Beema Company Limited,RBCL,58.0,72.0,14000.0,1.427225965,13803.0,,,,,,,,,,,,,,,,,,,,,,7,"price_volume, live_market, summary, top_gainers, top_losers, nepse_index, supply_demand",5707
2026-08-25T14:28:44.441805+05:45,2026-08-25 14:28:44,price_volume,price_volume_184,True,cloud_automated,Tuesday - Trading Hours: 11:00 AM - 3:00 PM NPT,8066,River Falls Power Limited,RFPL,58.0,5851.0,331.0,-0.749625187,333.5,,,,,,,,,,,,,,,,,,,,,,7,"price_volume, live_market, summary, top_gainers, top_losers, nepse_index, supply_demand",5707
2026-08-25T14:28:44.441805+05:45,2026-08-25 14:28:44,price_volume,price_volume_185,True,cloud_automated,Tuesday - Trading Hours: 11:00 AM - 3:00 PM NPT,8108,Rapti Hydro And General Construction Limited,RHGCL,58.0,8191.0,250.8,-1.608473911,254.9,,,,,,,,,,,,,,,,,,,,,,7,"price_volume, live_market, summary, top_gainers, top_losers, nepse_index, supply_demand",5707
2026-08-25T14:28:44.441805+05:45,2026-08-25 14:28:44,price_volume,price_volume_186,True,cloud_automated,Tuesday - Trading Hours: 11:00 AM - 3:00 PM NPT,2841,RASUWAGADHI HYDROPOWER COMPANY LIMITED,RHPL,58.0,6180.0,243.7,0.288065844,243.0,,,,,,,,,,,,,,,,,,,,,,7,"price_volume, live_market, summary, top_gainers, top_losers, nepse_index, supply_demand",5707
2026-08-25T14:28:44.441805+05:45,2026-08-25 14:28:44,price_volume,price_volume_187,True,cloud_automated,Tuesday - Trading Hours: 11:00 AM - 3:00 PM NPT,610,Ridi Power Company Limited,RIDI,58.0,162663.0,356.0,-0.280112045,357.0,,,,,,,,,,,,,,,,,,,,,,7,"price_volume, live_market, summary, top_gainers, top_losers, nepse_index, supply_demand",5707
2026-08-25T14:28:44.441805+05:45,2026-08-25 14:28:44,price_volume,price_volume_188,True,cloud_automated,Tuesday - Trading Hours: 11:00 AM - 3:00 PM NPT,9324,Ridge Line Energy Limited,RLEL,58.0,17256.0,861.0,-5.384615385,910.0,,,,,,,,,,,,,,,,,,,,,,7,"price_volume, live_market, summary, top_gainers, top_losers, nepse_index, supply_demand",5707
2026-08-25T14:28:44.441805+05:45,2026-08-25 14:28:44,price_volume,price_volume_189,True,cloud_automated,Tuesday - Trading Hours: 11:00 AM - 3:00 PM NPT,587,Reliance Finance Ltd.,RLFL,58.0,2139.0,434.1,0.25404157,433.0,,,,,,,,,,,,,,,,,,,,,,7,"price_volume, live_market, summary, top_gainers, top_losers, nepse_index, supply_demand",5707
2026-08-25T14:28:44.441805+05:45,2026-08-25 14:28:44,price_volume,price_volume_190,True,cloud_automated,Tuesday - Trading Hours: 11:00 AM - 3:00 PM NPT,9199,Reliable Nepal Life Insurance Limited,RNLI,58.0,6951.0,420.7,-0.543735225,423.0,,,,,,,,,,,,,,,,,,,,,,7,"price_volume, live_market, summary, top_gainers, top_losers, nepse_index, supply_demand",5707
2026-08-25T14:28:44.441805+05:45,2026-08-25 14:28:44,price_volume,price_volume_191,True,cloud_automated,Tuesday - Trading Hours: 11:00 AM - 3:00 PM NPT,2748,RSDC Laghubitta Bittiya Sanstha Ltd.,RSDC,58.0,678.0,620.0,0.145372315,619.1,,,,,,,,,,,,,,,,,,,,,,7,"price_volume, live_market, summary, top_gainers, top_losers, nepse_index, supply_demand",5707
2026-08-25T14:28:44.441805+05:45,2026-08-25 14:28:44,price_volume,price_volume_192,True,cloud_automated,Tuesday - Trading Hours: 11:00 AM - 3:00 PM NPT,9306,Reliance Spinning Mills Limited,RSML,58.0,54139.0,2740.0,0.439882698,2728.0,,,,,,,,,,,,,,,,,,,,,,7,"price_volume, live_market, summary, top_gainers, top_losers, nepse_index, supply_demand",5707
2026-08-25T14:28:44.441805+05:45,2026-08-25 14:28:44,price_volume,price_volume_193,True,cloud_automated,Tuesday - Trading Hours: 11:00 AM - 3:00 PM NPT,2935,Ru Ru Jalbidhyut Pariyojana Limited,RURU,58.0,3593.0,594.0,-0.168067227,595.0,,,,,,,,,,,,,,,,,,,,,,7,"price_volume, live_market, summary, top_gainers, top_losers, nepse_index, supply_demand",5707
2026-08-25T14:28:44.441805+05:45,2026-08-25 14:28:44,price_volume,price_volume_194,True,cloud_automated,Tuesday - Trading Hours: 11:00 AM - 3:00 PM NPT,9305,Salapa Bikas Bank Limited,SABBL,58.0,9791.0,899.8,2.752084047,875.7,,,,,,,,,,,,,,,,,,,,,,7,"price_volume, live_market, summary, top_gainers, top_losers, nepse_index, supply_demand",5707
2026-08-25T14:28:44.441805+05:45,2026-08-25 14:28:44,price_volume,price_volume_195,True,cloud_automated,Tuesday - Trading Hours: 11:00 AM - 3:00 PM NPT,472,Shangrila Development Bank Ltd.,SADBL,58.0,8123.0,405.0,-0.97799511,409.0,,,,,,,,,,,,,,,,,,,,,,7,"price_volume, live_market, summary, top_gainers, top_losers, nepse_index, supply_demand",5707
2026-08-25T14:28:44.441805+05:45,2026-08-25 14:28:44,price_volume,price_volume_196,True,cloud_automated,Tuesday - Trading Hours: 11:00 AM - 3:00 PM NPT,9294,Sagar Distillery Limited,SAGAR,58.0,2197.0,1532.0,-0.519480519,1540.0,,,,,,,,,,,,,,,,,,,,,,7,"price_volume, live_market, summary, top_gainers, top_losers, nepse_index, supply_demand",5707
2026-08-25T14:28:44.441805+05:45,2026-08-25 14:28:44,price_volume,price_volume_197,True,cloud_automated,Tuesday - Trading Hours: 11:00 AM - 3:00 PM NPT,8021,Sahas Urja Limited,SAHAS,58.0,61127.0,683.0,-0.14619883,684.0,,,,,,,,,,,,,,,,,,,,,,7,"price_volume, live_market, summary, top_gainers, top_losers, nepse_index, supply_demand",5707
2026-08-25T14:28:44.441805+05:45,2026-08-25 14:28:44,price_volume,price_volume_198,True,cloud_automated,Tuesday - Trading Hours: 11:00 AM - 3:00 PM NPT,9301,Shreenagar Agritech Industries Limited,SAIL,58.0,9162.0,1004.0,-1.083743842,1015.0,,,,,,,,,,,,,,,,,,,,,,7,"price_volume, live_market, summary, top_gainers, top_losers, nepse_index, supply_demand",5707
2026-08-25T14:28:44.441805+05:45,2026-08-25 14:28:44,price_volume,price_volume_199,True,cloud_automated,Tuesday - Trading Hours: 11:00 AM - 3:00 PM NPT,185,Sagarmatha Lumbini Insurance Co. Limited,SALICO,58.0,8924.0,572.3,-1.666666667,582.0,,,,,,,,,,,,,,,,,,,,,,7,"price_volume, live_market, summary, top_gainers, top_losers, nepse_index, supply_demand",5707
2026-08-25T14:28:44.441805+05:45,2026-08-25 14:28:44,price_volume,price_volume_200,True,cloud_automated,Tuesday - Trading Hours: 11:00 AM - 3:00 PM NPT,171,Sanima Bank Limited,SANIMA,58.0,137486.0,365.3,-1.27027027,370.0,,,,,,,,,,,,,,,,,,,,,,7,"price_volume, live_market, summary, top_gainers, top_losers, nepse_index, supply_demand",5707
2026-08-25T14:28:44.441805+05:45,2026-08-25 14:28:44,price_volume,price_volume_201,True,cloud_automated,Tuesday - Trading Hours: 11:00 AM - 3:00 PM NPT,9263,Sanvi Energy Limited,SANVI,58.0,7145.0,573.0,-0.658807212,576.8,,,,,,,,,,,,,,,,,,,,,,7,"price_volume, live_market, summary, top_gainers, top_losers, nepse_index, supply_demand",5707
2026-08-25T14:28:44.441805+05:45,2026-08-25 14:28:44,price_volume,price_volume_202,True,cloud_automated,Tuesday - Trading Hours: 11:00 AM - 3:00 PM NPT,2860,Saptakoshi Development Bank Ltd,SAPDBL,58.0,7220.0,696.8,-0.442920417,699.9,,,,,,,,,,,,,,,,,,,,,,7,"price_volume, live_market, summary, top_gainers, top_losers, nepse_index, supply_demand",5707
2026-08-25T14:28:44.441805+05:45,2026-08-25 14:28:44,price_volume,price_volume_203,True,cloud_automated,Tuesday - Trading Hours: 11:00 AM - 3:00 PM NPT,9353,Sarvottam Paints Industries Limited,SAPIL,58.0,1260.0,1054.7,14.991277802,917.2,,,,,,,,,,,,,,,,,,,,,,7,"price_volume, live_market, summary, top_gainers, top_losers, nepse_index, supply_demand",5707
2026-08-25T14:28:44.441805+05:45,2026-08-25 14:28:44,price_volume,price_volume_204,True,cloud_automated,Tuesday - Trading Hours: 11:00 AM - 3:00 PM NPT,9242,Sarbottam Cement Limited,SARBTM,58.0,3435.0,772.5,-0.322580645,775.0,,,,,,,,,,,,,,,,,,,,,,7,"price_volume, live_market, summary, top_gainers, top_losers, nepse_index, supply_demand",5707
2026-08-25T14:28:44.441805+05:45,2026-08-25 14:28:44,price_volume,price_volume_205,True,cloud_automated,Tuesday - Trading Hours: 11:00 AM - 3:00 PM NPT,135,Nepal SBI Bank Limited,SBI,58.0,22562.0,400.0,-1.234567901,405.0,,,,,,,,,,,,,,,,,,,,,,7,"price_volume, live_market, summary, top_gainers, top_losers, nepse_index, supply_demand",5707
2026-08-25T14:28:44.441805+05:45,2026-08-25 14:28:44,price_volume,price_volume_206,True,cloud_automated,Tuesday - Trading Hours: 11:00 AM - 3:00 PM NPT,145,Siddhartha Bank Limited,SBL,58.0,59900.0,409.0,-0.920542636,412.8,,,,,,,,,,,,,,,,,,,,,,7,"price_volume, live_market, summary, top_gainers, top_losers, nepse_index, supply_demand",5707
2026-08-25T14:28:44.441805+05:45,2026-08-25 14:28:44,price_volume,price_volume_207,True,cloud_automated,Tuesday - Trading Hours: 11:00 AM - 3:00 PM NPT,133,Standard Chartered Bank Limited,SCB,58.0,5255.0,643.9,-0.709329221,648.5,,,,,,,,,,,,,,,,,,,,,,7,"price_volume, live_market, summary, top_gainers, top_losers, nepse_index, supply_demand",5707
2026-08-25T14:28:44.441805+05:45,2026-08-25 14:28:44,price_volume,price_volume_208,True,cloud_automated,Tuesday - Trading Hours: 11:00 AM - 3:00 PM NPT,8100,Swet-Ganga Hydropower & Construction Limited ,SGHC,58.0,18892.0,301.2,-1.051248357,304.4,,,,,,,,,,,,,,,,,,,,,,7,"price_volume, live_market, summary, top_gainers, top_losers, nepse_index, supply_demand",5707
2026-08-25T14:28:44.441805+05:45,2026-08-25 14:28:44,price_volume,price_volume_209,True,cloud_automated,Tuesday - Trading Hours: 11:00 AM - 3:00 PM NPT,9345,Sanigad Hydro Limited,SGHL,58.0,36188.0,507.4,-0.704500978,511.0,,,,,,,,,,,,,,,,,,,,,,7,"price_volume, live_market, summary, top_gainers, top_losers, nepse_index, supply_demand",5707
2026-08-25T14:28:44.441805+05:45,2026-08-25 14:28:44,price_volume,price_volume_210,True,cloud_automated,Tuesday - Trading Hours: 11:00 AM - 3:00 PM NPT,2908,Sanima GIC Insurance Limited,SGIC,58.0,4426.0,438.0,-0.680272109,441.0,,,,,,,,,,,,,,,,,,,,,,7,"price_volume, live_market, summary, top_gainers, top_losers, nepse_index, supply_demand",5707
2026-08-25T14:28:44.441805+05:45,2026-08-25 14:28:44,price_volume,price_volume_211,True,cloud_automated,Tuesday - Trading Hours: 11:00 AM - 3:00 PM NPT,2934,Singati Hydro Energy Limited,SHEL,58.0,39401.0,294.5,-1.008403361,297.5,,,,,,,,,,,,,,,,,,,,,,7,"price_volume, live_market, summary, top_gainers, top_losers, nepse_index, supply_demand",5707
2026-08-25T14:28:44.441805+05:45,2026-08-25 14:28:44,price_volume,price_volume_212,True,cloud_automated,Tuesday - Trading Hours: 11:00 AM - 3:00 PM NPT,473,Shine Resunga Development Bank Ltd.,SHINE,58.0,11386.0,408.0,0.0,408.0,,,,,,,,,,,,,,,,,,,,,,7,"price_volume, live_market, summary, top_gainers, top_losers, nepse_index, supply_demand",5707
2026-08-25T14:28:44.441805+05:45,2026-08-25 14:28:44,price_volume,price_volume_213,True,cloud_automated,Tuesday - Trading Hours: 11:00 AM - 3:00 PM NPT,2809,SHIVAM CEMENTS LTD,SHIVM,58.0,67535.0,621.5,-0.829743099,626.7,,,,,,,,,,,,,,,,,,,,,,7,"price_volume, live_market, summary, top_gainers, top_losers, nepse_index, supply_demand",5707
2026-08-25T14:28:44.441805+05:45,2026-08-25 14:28:44,price_volume,price_volume_214,True,cloud_automated,Tuesday - Trading Hours: 11:00 AM - 3:00 PM NPT,147,Soaltee Hotel Limited,SHL,58.0,21541.0,502.0,-1.549323397,509.9,,,,,,,,,,,,,,,,,,,,,,7,"price_volume, live_market, summary, top_gainers, top_losers, nepse_index, supply_demand",5707
2026-08-25T14:28:44.441805+05:45,2026-08-25 14:28:44,price_volume,price_volume_215,True,cloud_automated,Tuesday - Trading Hours: 11:00 AM - 3:00 PM NPT,8132,Shrijanshil Laghubitta Bittiya Sanstha Limited,SHLB,58.0,50.0,1351.0,-1.386861314,1370.0,,,,,,,,,,,,,,,,,,,,,,7,"price_volume, live_market, summary, top_gainers, top_losers, nepse_index, supply_demand",5707
2026-08-25T14:28:44.441805+05:45,2026-08-25 14:28:44,price_volume,price_volume_216,True,cloud_automated,Tuesday - Trading Hours: 11:00 AM - 3:00 PM NPT,591,Sanima Mai Hydropower Ltd.,SHPC,58.0,30801.0,514.5,0.058343057,514.2,,,,,,,,,,,,,,,,,,,,,,7,"price_volume, live_market, summary, top_gainers, top_losers, nepse_index, supply_demand",5707
2026-08-25T14:28:44.441805+05:45,2026-08-25 14:28:44,price_volume,price_volume_217,True,cloud_automated,Tuesday - Trading Hours: 11:00 AM - 3:00 PM NPT,192,Shikhar Insurance Co. Ltd.,SICL,58.0,7047.0,601.0,-0.825082508,606.0,,,,,,,,,,,,,,,,,,,,,,7,"price_volume, live_market, summary, top_gainers, top_losers, nepse_index, supply_demand",5707
2026-08-25T14:28:44.441805+05:45,2026-08-25 14:28:44,price_volume,price_volume_218,True,cloud_automated,Tuesday - Trading Hours: 11:00 AM - 3:00 PM NPT,244,Shree Investment Finance Co. Ltd.,SIFC,58.0,2651.0,491.1,-1.345922057,497.8,,,,,,,,,,,,,,,,,,,,,,7,"price_volume, live_market, summary, top_gainers, top_losers, nepse_index, supply_demand",5707
2026-08-25T14:28:44.441805+05:45,2026-08-25 14:28:44,price_volume,price_volume_219,True,cloud_automated,Tuesday - Trading Hours: 11:00 AM - 3:00 PM NPT,8126,Sikles Hydropower Limited,SIKLES,58.0,4680.0,562.0,-0.706713781,566.0,,,,,,,,,,,,,,,,,,,,,,7,"price_volume, live_market, summary, top_gainers, top_losers, nepse_index, supply_demand",5707
2026-08-25T14:28:44.441805+05:45,2026-08-25 14:28:44,price_volume,price_volume_220,True,cloud_automated,Tuesday - Trading Hours: 11:00 AM - 3:00 PM NPT,561,Sindhu Bikash Bank Ltd,SINDU,58.0,4815.0,624.9,0.466237942,622.0,,,,,,,,,,,,,,,,,,,,,,7,"price_volume, live_market, summary, top_gainers, top_losers, nepse_index, supply_demand",5707
2026-08-25T14:28:44.441805+05:45,2026-08-25 14:28:44,price_volume,price_volume_221,True,cloud_automated,Tuesday - Trading Hours: 11:00 AM - 3:00 PM NPT,9329,Shikhar power Development Limited,SIPD,58.0,4663.0,614.2,-1.095008052,621.0,,,,,,,,,,,,,,,,,,,,,,7,"price_volume, live_market, summary, top_gainers, top_losers, nepse_index, supply_demand",5707
2026-08-25T14:28:44.441805+05:45,2026-08-25 14:28:44,price_volume,price_volume_222,True,cloud_automated,Tuesday - Trading Hours: 11:00 AM - 3:00 PM NPT,2842,SANJEN JALAVIDHYUT COMPANY LIMITED,SJCL,58.0,6933.0,262.2,-0.606520091,263.8,,,,,,,,,,,,,,,,,,,,,,7,"price_volume, live_market, summary, top_gainers, top_losers, nepse_index, supply_demand",5707
2026-08-25T14:28:44.441805+05:45,2026-08-25 14:28:44,price_volume,price_volume_223,True,cloud_automated,Tuesday - Trading Hours: 11:00 AM - 3:00 PM NPT,403,SuryaJyoti Life Insurance Company Limited,SJLIC,58.0,7549.0,402.3,-0.666666667,405.0,,,,,,,,,,,,,,,,,,,,,,7,"price_volume, live_market, summary, top_gainers, top_losers, nepse_index, supply_demand",5707
2026-08-25T14:28:44.441805+05:45,2026-08-25 14:28:44,price_volume,price_volume_224,True,cloud_automated,Tuesday - Trading Hours: 11:00 AM - 3:00 PM NPT,574,Sana Kisan Bikas Laghubitta Bittiya Sanstha Limited,SKBBL,58.0,5211.0,746.0,0.0,746.0,,,,,,,,,,,,,,,,,,,,,,7,"price_volume, live_market, summary, top_gainers, top_losers, nepse_index, supply_demand",5707
2026-08-25T14:28:44.441805+05:45,2026-08-25 14:28:44,price_volume,price_volume_225,True,cloud_automated,Tuesday - Trading Hours: 11:00 AM - 3:00 PM NPT,9325,Suryakunda Hydro Electric Limited,SKHEL,58.0,1949.0,896.0,-0.455504944,900.1,,,,,,,,,,,,,,,,,,,,,,7,"price_volume, live_market, summary, top_gainers, top_losers, nepse_index, supply_demand",5707
2026-08-25T14:28:44.441805+05:45,2026-08-25 14:28:44,price_volume,price_volume_226,True,cloud_automated,Tuesday - Trading Hours: 11:00 AM - 3:00 PM NPT,9323,Super Khudi Hydropower Limited,SKHL,58.0,8539.0,777.1,-1.89370029,792.1,,,,,,,,,,,,,,,,,,,,,,7,"price_volume, live_market, summary, top_gainers, top_losers, nepse_index, supply_demand",5707
2026-08-25T14:28:44.441805+05:45,2026-08-25 14:28:44,price_volume,price_volume_227,True,cloud_automated,Tuesday - Trading Hours: 11:00 AM - 3:00 PM NPT,545,Swarojgar Laghubitta Bittiya Sanstha Ltd.,SLBBL,58.0,1975.0,796.0,0.746740919,790.1,,,,,,,,,,,,,,,,,,,,,,7,"price_volume, live_market, summary, top_gainers, top_losers, nepse_index, supply_demand",5707
2026-08-25T14:28:44.441805+05:45,2026-08-25 14:28:44,price_volume,price_volume_228,True,cloud_automated,Tuesday - Trading Hours: 11:00 AM - 3:00 PM NPT,2804,Samudayik Laghubitta Bittiya Sanstha Limited,SLBSL,58.0,712.0,885.0,-1.666666667,900.0,,,,,,,,,,,,,,,,,,,,,,7,"price_volume, live_market, summary, top_gainers, top_losers, nepse_index, supply_demand",5707
2026-08-25T14:28:44.441805+05:45,2026-08-25 14:28:44,price_volume,price_volume_229,True,cloud_automated,Tuesday - Trading Hours: 11:00 AM - 3:00 PM NPT,2761,Samata Gharelu Laghubitta Bittiya Sanstha Limited,SMATA,58.0,3523.0,690.0,-1.44265105,700.1,,,,,,,,,,,,,,,,,,,,,,7,"price_volume, live_market, summary, top_gainers, top_losers, nepse_index, supply_demand",5707
2026-08-25T14:28:44.441805+05:45,2026-08-25 14:28:44,price_volume,price_volume_230,True,cloud_automated,Tuesday - Trading Hours: 11:00 AM - 3:00 PM NPT,2771,Support Microfinance Bittiya Sanstha Ltd.,SMB,58.0,210.0,1750.0,-0.455062571,1758.0,,,,,,,,,,,,,,,,,,,,,,7,"price_volume, live_market, summary, top_gainers, top_losers, nepse_index, supply_demand",5707
2026-08-25T14:28:44.441805+05:45,2026-08-25 14:28:44,price_volume,price_volume_231,True,cloud_automated,Tuesday - Trading Hours: 11:00 AM - 3:00 PM NPT,2829,Swabhimaan Laghubitta Bittiya Sanstha Limited,SMFBS,58.0,1167.0,1406.5,2.053402989,1378.2,,,,,,,,,,,,,,,,,,,,,,7,"price_volume, live_market, summary, top_gainers, top_losers, nepse_index, supply_demand",5707
2026-08-25T14:28:44.441805+05:45,2026-08-25 14:28:44,price_volume,price_volume_232,True,cloud_automated,Tuesday - Trading Hours: 11:00 AM - 3:00 PM NPT,9148,Super Mai Hydropower Limited,SMH,58.0,5991.0,509.0,0.196850394,508.0,,,,,,,,,,,,,,,,,,,,,,7,"price_volume, live_market, summary, top_gainers, top_losers, nepse_index, supply_demand",5707
2026-08-25T14:28:44.441805+05:45,2026-08-25 14:28:44,price_volume,price_volume_233,True,cloud_automated,Tuesday - Trading Hours: 11:00 AM - 3:00 PM NPT,9146,Super Madi Hydropower Limited,SMHL,58.0,193449.0,527.0,2.729044834,513.0,,,,,,,,,,,,,,,,,,,,,,7,"price_volume, live_market, summary, top_gainers, top_losers, nepse_index, supply_demand",5707
2026-08-25T14:28:44.441805+05:45,2026-08-25 14:28:44,price_volume,price_volume_234,True,cloud_automated,Tuesday - Trading Hours: 11:00 AM - 3:00 PM NPT,9159,Sagarmatha Jalabidhyut Company Limited,SMJC,58.0,8730.0,427.0,-1.83908046,435.0,,,,,,,,,,,,,,,,,,,,,,7,"price_volume, live_market, summary, top_gainers, top_losers, nepse_index, supply_demand",5707
2026-08-25T14:28:44.441805+05:45,2026-08-25 14:28:44,price_volume,price_volume_235,True,cloud_automated,Tuesday - Trading Hours: 11:00 AM - 3:00 PM NPT,2896,Sampada Laghubitta Bittiya Sanstha Limited,SMPDA,58.0,1162.0,735.0,0.0,735.0,,,,,,,,,,,,,,,,,,,,,,7,"price_volume, live_market, summary, top_gainers, top_losers, nepse_index, supply_demand",5707
2026-08-25T14:28:44.441805+05:45,2026-08-25 14:28:44,price_volume,price_volume_236,True,cloud_automated,Tuesday - Trading Hours: 11:00 AM - 3:00 PM NPT,9201,Sun Nepal Life Insurance Company Limited,SNLI,58.0,10835.0,395.1,-0.728643216,398.0,,,,,,,,,,,,,,,,,,,,,,7,"price_volume, live_market, summary, top_gainers, top_losers, nepse_index, supply_demand",5707
2026-08-25T14:28:44.441805+05:45,2026-08-25 14:28:44,price_volume,price_volume_237,True,cloud_automated,Tuesday - Trading Hours: 11:00 AM - 3:00 PM NPT,9344,Snow Rivers Limited,SNORL,58.0,24660.0,904.0,2.494331066,882.0,,,,,,,,,,,,,,,,,,,,,,7,"price_volume, live_market, summary, top_gainers, top_losers, nepse_index, supply_demand",5707
2026-08-25T14:28:44.441805+05:45,2026-08-25 14:28:44,price_volume,price_volume_238,True,cloud_automated,Tuesday - Trading Hours: 11:00 AM - 3:00 PM NPT,9311,Solu Hydropower Limited,SOHL,58.0,160150.0,676.0,-0.427161585,678.9,,,,,,,,,,,,,,,,,,,,,,7,"price_volume, live_market, summary, top_gainers, top_losers, nepse_index, supply_demand",5707
2026-08-25T14:28:44.441805+05:45,2026-08-25 14:28:44,price_volume,price_volume_239,True,cloud_automated,Tuesday - Trading Hours: 11:00 AM - 3:00 PM NPT,9216,Sonapur Minerals And Oil Limited,SONA,58.0,28233.0,387.7,-1.122162714,392.1,,,,,,,,,,,,,,,,,,,,,,7,"price_volume, live_market, summary, top_gainers, top_losers, nepse_index, supply_demand",5707
2026-08-25T14:28:44.441805+05:45,2026-08-25 14:28:44,price_volume,price_volume_240,True,cloud_automated,Tuesday - Trading Hours: 11:00 AM - 3:00 PM NPT,9336,Sopan Pharmaceuticals Limited,SOPL,58.0,17806.0,747.0,-0.941519692,754.1,,,,,,,,,,,,,,,,,,,,,,7,"price_volume, live_market, summary, top_gainers, top_losers, nepse_index, supply_demand",5707
2026-08-25T14:28:44.441805+05:45,2026-08-25 14:28:44,price_volume,price_volume_241,True,cloud_automated,Tuesday - Trading Hours: 11:00 AM - 3:00 PM NPT,8025,Samling Power Company Limited,SPC,58.0,5280.0,400.0,-1.960784314,408.0,,,,,,,,,,,,,,,,,,,,,,7,"price_volume, live_market, summary, top_gainers, top_losers, nepse_index, supply_demand",5707
2026-08-25T14:28:44.441805+05:45,2026-08-25 14:28:44,price_volume,price_volume_242,True,cloud_automated,Tuesday - Trading Hours: 11:00 AM - 3:00 PM NPT,2759,Synergy Power Development Ltd.,SPDL,58.0,8213.0,356.1,-1.083333333,360.0,,,,,,,,,,,,,,,,,,,,,,7,"price_volume, live_market, summary, top_gainers, top_losers, nepse_index, supply_demand",5707
2026-08-25T14:28:44.441805+05:45,2026-08-25 14:28:44,price_volume,price_volume_243,True,cloud_automated,Tuesday - Trading Hours: 11:00 AM - 3:00 PM NPT,8121,Sayapatri Hydropower Limited,SPHL,58.0,6128.0,523.0,-6.773618538,561.0,,,,,,,,,,,,,,,,,,,,,,7,"price_volume, live_market, summary, top_gainers, top_losers, nepse_index, supply_demand",5707
2026-08-25T14:28:44.441805+05:45,2026-08-25 14:28:44,price_volume,price_volume_244,True,cloud_automated,Tuesday - Trading Hours: 11:00 AM - 3:00 PM NPT,182,Siddhartha Premier Insurance Limited,SPIL,58.0,7022.0,667.0,0.135114848,666.1,,,,,,,,,,,,,,,,,,,,,,7,"price_volume, live_market, summary, top_gainers, top_losers, nepse_index, supply_demand",5707
2026-08-25T14:28:44.441805+05:45,2026-08-25 14:28:44,price_volume,price_volume_245,True,cloud_automated,Tuesday - Trading Hours: 11:00 AM - 3:00 PM NPT,9147,Shuvam Power Limited,SPL,58.0,90.0,632.0,-0.940438871,638.0,,,,,,,,,,,,,,,,,,,,,,7,"price_volume, live_market, summary, top_gainers, top_losers, nepse_index, supply_demand",5707
2026-08-25T14:28:44.441805+05:45,2026-08-25 14:28:44,price_volume,price_volume_246,True,cloud_automated,Tuesday - Trading Hours: 11:00 AM - 3:00 PM NPT,5982,Sanima Reliance Life Insurance Limited,SRLI,58.0,5765.0,364.3,-0.027442371,364.4,,,,,,,,,,,,,,,,,,,,,,7,"price_volume, live_market, summary, top_gainers, top_losers, nepse_index, supply_demand",5707
2026-08-25T14:28:44.441805+05:45,2026-08-25 14:28:44,price_volume,price_volume_247,True,cloud_automated,Tuesday - Trading Hours: 11:00 AM - 3:00 PM NPT,2907,Shiva Shree Hydropower Ltd,SSHL,58.0,47349.0,196.7,-0.906801008,198.5,,,,,,,,,,,,,,,,,,,,,,7,"price_volume, live_market, summary, top_gainers, top_losers, nepse_index, supply_demand",5707
2026-08-25T14:28:44.441805+05:45,2026-08-25 14:28:44,price_volume,price_volume_248,True,cloud_automated,Tuesday - Trading Hours: 11:00 AM - 3:00 PM NPT,155,Salt Trading Corporation,STC,58.0,271.0,5170.0,-0.481231954,5195.0,,,,,,,,,,,,,,,,,,,,,,7,"price_volume, live_market, summary, top_gainers, top_losers, nepse_index, supply_demand",5707
2026-08-25T14:28:44.441805+05:45,2026-08-25 14:28:44,price_volume,price_volume_249,True,cloud_automated,Tuesday - Trading Hours: 11:00 AM - 3:00 PM NPT,9295,Swastik Laghubitta Bittiya Sanstha Limited,SWASTIK,58.0,385.0,1930.0,-2.8686462,1987.0,,,,,,,,,,,,,,,,,,,,,,7,"price_volume, live_market, summary, top_gainers, top_losers, nepse_index, supply_demand",5707
2026-08-25T14:28:44.441805+05:45,2026-08-25 14:28:44,price_volume,price_volume_250,True,cloud_automated,Tuesday - Trading Hours: 11:00 AM - 3:00 PM NPT,268,Swabalamban Laghubitta Bittiya Sanstha Limited,SWBBL,58.0,1353.0,669.0,0.224719101,667.5,,,,,,,,,,,,,,,,,,,,,,7,"price_volume, live_market, summary, top_gainers, top_losers, nepse_index, supply_demand",5707
2026-08-25T14:28:44.441805+05:45,2026-08-25 14:28:44,price_volume,price_volume_251,True,cloud_automated,Tuesday - Trading Hours: 11:00 AM - 3:00 PM NPT,706,Suryodaya Womi Laghubitta Bittiya Sanstha Limited,SWMF,58.0,1540.0,585.0,-0.847457627,590.0,,,,,,,,,,,,,,,,,,,,,,7,"price_volume, live_market, summary, top_gainers, top_losers, nepse_index, supply_demand",5707
2026-08-25T14:28:44.441805+05:45,2026-08-25 14:28:44,price_volume,price_volume_252,True,cloud_automated,Tuesday - Trading Hours: 11:00 AM - 3:00 PM NPT,9303,SY Panel Nepal Limited,SYPNL,58.0,20760.0,1234.0,-0.803858521,1244.0,,,,,,,,,,,,,,,,,,,,,,7,"price_volume, live_market, summary, top_gainers, top_losers, nepse_index, supply_demand",5707
2026-08-25T14:28:44.441805+05:45,2026-08-25 14:28:44,price_volume,price_volume_253,True,cloud_automated,Tuesday - Trading Hours: 11:00 AM - 3:00 PM NPT,9156,Sanima Middle Tamor Hydropower Limited,TAMOR,58.0,103550.0,479.1,0.230125523,478.0,,,,,,,,,,,,,,,,,,,,,,7,"price_volume, live_market, summary, top_gainers, top_losers, nepse_index, supply_demand",5707
2026-08-25T14:28:44.441805+05:45,2026-08-25 14:28:44,price_volume,price_volume_254,True,cloud_automated,Tuesday - Trading Hours: 11:00 AM - 3:00 PM NPT,8022,Terhathum Power Company Limited,TPC,58.0,7410.0,351.0,-1.404494382,356.0,,,,,,,,,,,,,,,,,,,,,,7,"price_volume, live_market, summary, top_gainers, top_losers, nepse_index, supply_demand",5707
2026-08-25T14:28:44.441805+05:45,2026-08-25 14:28:44,price_volume,price_volume_255,True,cloud_automated,Tuesday - Trading Hours: 11:00 AM - 3:00 PM NPT,9343,Taksar Pikhuwa Khola Hydropower Limited,TPKHL,58.0,16081.0,521.0,-1.698113208,530.0,,,,,,,,,,,,,,,,,,,,,,7,"price_volume, live_market, summary, top_gainers, top_losers, nepse_index, supply_demand",5707
2026-08-25T14:28:44.441805+05:45,2026-08-25 14:28:44,price_volume,price_volume_256,True,cloud_automated,Tuesday - Trading Hours: 11:00 AM - 3:00 PM NPT,148,Taragaon Regency Hotel Limited,TRH,58.0,14513.0,795.0,-0.872817955,802.0,,,,,,,,,,,,,,,,,,,,,,7,"price_volume, live_market, summary, top_gainers, top_losers, nepse_index, supply_demand",5707
2026-08-25T14:28:44.441805+05:45,2026-08-25 14:28:44,price_volume,price_volume_257,True,cloud_automated,Tuesday - Trading Hours: 11:00 AM - 3:00 PM NPT,9194,Three Star Hydropower Limited,TSHL,58.0,3722.0,340.0,-0.584795322,342.0,,,,,,,,,,,,,,,,,,,,,,7,"price_volume, live_market, summary, top_gainers, top_losers, nepse_index, supply_demand",5707
2026-08-25T14:28:44.441805+05:45,2026-08-25 14:28:44,price_volume,price_volume_258,True,cloud_automated,Tuesday - Trading Hours: 11:00 AM - 3:00 PM NPT,9262,Trade Tower Limited,TTL,58.0,3092.0,696.1,-0.129124821,697.0,,,,,,,,,,,,,,,,,,,,,,7,"price_volume, live_market, summary, top_gainers, top_losers, nepse_index, supply_demand",5707
2026-08-25T14:28:44.441805+05:45,2026-08-25 14:28:44,price_volume,price_volume_259,True,cloud_automated,Tuesday - Trading Hours: 11:00 AM - 3:00 PM NPT,9218,Trishuli Jal Vidhyut Company Limited ,TVCL,58.0,5500.0,448.0,-1.516816883,454.9,,,,,,,,,,,,,,,,,,,,,,7,"price_volume, live_market, summary, top_gainers, top_losers, nepse_index, supply_demand",5707
2026-08-25T14:28:44.441805+05:45,2026-08-25 14:28:44,price_volume,price_volume_260,True,cloud_automated,Tuesday - Trading Hours: 11:00 AM - 3:00 PM NPT,180,United Ajod Insurance Limited,UAIL,58.0,7165.0,416.3,-0.406698565,418.0,,,,,,,,,,,,,,,,,,,,,,7,"price_volume, live_market, summary, top_gainers, top_losers, nepse_index, supply_demand",5707
2026-08-25T14:28:44.441805+05:45,2026-08-25 14:28:44,price_volume,price_volume_261,True,cloud_automated,Tuesday - Trading Hours: 11:00 AM - 3:00 PM NPT,8099,Upper Hewakhola Hydropower Company Limited,UHEWA,58.0,38071.0,602.0,0.333333333,600.0,,,,,,,,,,,,,,,,,,,,,,7,"price_volume, live_market, summary, top_gainers, top_losers, nepse_index, supply_demand",5707
2026-08-25T14:28:44.441805+05:45,2026-08-25 14:28:44,price_volume,price_volume_262,True,cloud_automated,Tuesday - Trading Hours: 11:00 AM - 3:00 PM NPT,8063,Upakar Laghubitta Bittiya Sanstha Limited,ULBSL,58.0,4788.0,2432.0,-0.936863544,2455.0,,,,,,,,,,,,,,,,,,,,,,7,"price_volume, live_market, summary, top_gainers, top_losers, nepse_index, supply_demand",5707
2026-08-25T14:28:44.441805+05:45,2026-08-25 14:28:44,price_volume,price_volume_263,True,cloud_automated,Tuesday - Trading Hours: 11:00 AM - 3:00 PM NPT,9208,Upper Lohore Khola Hydropower Company Limited,ULHC,58.0,7956.0,321.2,-0.155424308,321.7,,,,,,,,,,,,,,,,,,,,,,7,"price_volume, live_market, summary, top_gainers, top_losers, nepse_index, supply_demand",5707
2026-08-25T14:28:44.441805+05:45,2026-08-25 14:28:44,price_volume,price_volume_264,True,cloud_automated,Tuesday - Trading Hours: 11:00 AM - 3:00 PM NPT,2760,United Modi Hydropower Ltd.,UMHL,58.0,27090.0,568.2,-0.820387502,572.9,,,,,,,,,,,,,,,,,,,,,,7,"price_volume, live_market, summary, top_gainers, top_losers, nepse_index, supply_demand",5707
2026-08-25T14:28:44.441805+05:45,2026-08-25 14:28:44,price_volume,price_volume_265,True,cloud_automated,Tuesday - Trading Hours: 11:00 AM - 3:00 PM NPT,2914,United IDI Mardi RB Hydropower Limited.,UMRH,58.0,1918.0,523.0,0.576923077,520.0,,,,,,,,,,,,,,,,,,,,,,7,"price_volume, live_market, summary, top_gainers, top_losers, nepse_index, supply_demand",5707
2026-08-25T14:28:44.441805+05:45,2026-08-25 14:28:44,price_volume,price_volume_266,True,cloud_automated,Tuesday - Trading Hours: 11:00 AM - 3:00 PM NPT,2831,Union Hydropower Limited,UNHPL,58.0,6290.0,360.4,-1.503142935,365.9,,,,,,,,,,,,,,,,,,,,,,7,"price_volume, live_market, summary, top_gainers, top_losers, nepse_index, supply_demand",5707
2026-08-25T14:28:44.441805+05:45,2026-08-25 14:28:44,price_volume,price_volume_267,True,cloud_automated,Tuesday - Trading Hours: 11:00 AM - 3:00 PM NPT,9140,Unique Nepal Laghubitta Bittiya Sanstha Limited,UNLB,58.0,435.0,1216.0,-3.099848594,1254.9,,,,,,,,,,,,,,,,,,,,,,7,"price_volume, live_market, summary, top_gainers, top_losers, nepse_index, supply_demand",5707
2026-08-25T14:28:44.441805+05:45,2026-08-25 14:28:44,price_volume,price_volume_268,True,cloud_automated,Tuesday - Trading Hours: 11:00 AM - 3:00 PM NPT,2810,UNIVERSAL POWER COMPANY LTD,UPCL,58.0,22698.0,340.0,-0.293255132,341.0,,,,,,,,,,,,,,,,,,,,,,7,"price_volume, live_market, summary, top_gainers, top_losers, nepse_index, supply_demand",5707
2026-08-25T14:28:44.441805+05:45,2026-08-25 14:28:44,price_volume,price_volume_269,True,cloud_automated,Tuesday - Trading Hours: 11:00 AM - 3:00 PM NPT,2792,Upper Tamakoshi Hydropower Ltd,UPPER,58.0,30611.0,189.0,-0.211193242,189.4,,,,,,,,,,,,,,,,,,,,,,7,"price_volume, live_market, summary, top_gainers, top_losers, nepse_index, supply_demand",5707
2026-08-25T14:28:44.441805+05:45,2026-08-25 14:28:44,price_volume,price_volume_270,True,cloud_automated,Tuesday - Trading Hours: 11:00 AM - 3:00 PM NPT,8104,Upper Solu Hydro Electric Company Limited,USHEC,58.0,1918.0,497.2,-0.56,500.0,,,,,,,,,,,,,,,,,,,,,,7,"price_volume, live_market, summary, top_gainers, top_losers, nepse_index, supply_demand",5707
2026-08-25T14:28:44.441805+05:45,2026-08-25 14:28:44,price_volume,price_volume_271,True,cloud_automated,Tuesday - Trading Hours: 11:00 AM - 3:00 PM NPT,9192,Upper Syange Hydropower Limited,USHL,58.0,875.0,520.0,-3.703703704,540.0,,,,,,,,,,,,,,,,,,,,,,7,"price_volume, live_market, summary, top_gainers, top_losers, nepse_index, supply_demand",5707
2026-08-25T14:28:44.441805+05:45,2026-08-25 14:28:44,price_volume,price_volume_272,True,cloud_automated,Tuesday - Trading Hours: 11:00 AM - 3:00 PM NPT,2774,Unnati Sahakarya Laghubitta Bittiya Sanstha Limited,USLB,58.0,2390.0,1025.0,-3.755868545,1065.0,,,,,,,,,,,,,,,,,,,,,,7,"price_volume, live_market, summary, top_gainers, top_losers, nepse_index, supply_demand",5707
2026-08-25T14:28:44.441805+05:45,2026-08-25 14:28:44,price_volume,price_volume_273,True,cloud_automated,Tuesday - Trading Hours: 11:00 AM - 3:00 PM NPT,687,Vijaya laghubitta Bittiya Sanstha Ltd.,VLBS,58.0,660.0,636.1,-1.379844961,645.0,,,,,,,,,,,,,,,,,,,,,,7,"price_volume, live_market, summary, top_gainers, top_losers, nepse_index, supply_demand",5707
2026-08-25T14:28:44.441805+05:45,2026-08-25 14:28:44,price_volume,price_volume_274,True,cloud_automated,Tuesday - Trading Hours: 11:00 AM - 3:00 PM NPT,9225,Vision Lumbini Urja Company Limited ,VLUCL,58.0,1605.0,386.5,-0.872018466,389.9,,,,,,,,,,,,,,,,,,,,,,7,"price_volume, live_market, summary, top_gainers, top_losers, nepse_index, supply_demand",5707
2026-08-25T14:28:44.441805+05:45,2026-08-25 14:28:44,price_volume,price_volume_275,True,cloud_automated,Tuesday - Trading Hours: 11:00 AM - 3:00 PM NPT,2781,Wean Nepal Laghubitta Bittiya Sanstha Limited,WNLB,58.0,1644.0,1122.0,-4.020530368,1169.0,,,,,,,,,,,,,,,,,,,,,,7,"price_volume, live_market, summary, top_gainers, top_losers, nepse_index, supply_demand",5707
2026-08-25T14:28:44.441805+05:45,2026-08-25 14:28:44,price_volume,price_volume_276,True,cloud_automated,Tuesday - Trading Hours: 11:00 AM - 3:00 PM NPT,9342,Yambaling Hydropower Limited,YMHL,58.0,7846.0,589.0,-1.833333333,600.0,,,,,,,,,,,,,,,,,,,,,,7,"price_volume, live_market, summary, top_gainers, top_losers, nepse_index, supply_demand",5707
2026-08-25T14:28:44.441805+05:45,2026-08-25 14:28:44,live_market,live_market_1,True,cloud_automated,Tuesday - Trading Hours: 11:00 AM - 3:00 PM NPT,385,Asian Life Insurance Co. Limited,ALICL,58.0,17416.0,410.0,-0.73,413.0,,418.5,418.5,409.1,7165822.5,2026-08-25 14:28:00.2684,16.0,411.45,,,,,,,,,,,,,,7,"price_volume, live_market, summary, top_gainers, top_losers, nepse_index, supply_demand",5707
2026-08-25T14:28:44.441805+05:45,2026-08-25 14:28:44,live_market,live_market_2,True,cloud_automated,Tuesday - Trading Hours: 11:00 AM - 3:00 PM NPT,9179,Modi Energy Limited,MEL,58.0,6340.0,201.1,-0.84,202.8,,203.0,204.0,200.9,1287733.0,2026-08-25 14:27:59.339095,10.0,203.11,,,,,,,,,,,,,,7,"price_volume, live_market, summary, top_gainers, top_losers, nepse_index, supply_demand",5707
2026-08-25T14:28:44.441805+05:45,2026-08-25 14:28:44,live_market,live_market_3,True,cloud_automated,Tuesday - Trading Hours: 11:00 AM - 3:00 PM NPT,245,Central Finance Co. Ltd.,CFCL,58.0,24849.0,590.0,-1.6,599.6,,580.0,604.0,580.0,14754276.1,2026-08-25 14:27:59.255866,100.0,593.76,,,,,,,,,,,,,,7,"price_volume, live_market, summary, top_gainers, top_losers, nepse_index, supply_demand",5707
2026-08-25T14:28:44.441805+05:45,2026-08-25 14:28:44,live_market,live_market_4,True,cloud_automated,Tuesday - Trading Hours: 11:00 AM - 3:00 PM NPT,2743,Ngadi Group Power Ltd.,NGPL,58.0,86647.0,401.0,-0.55,403.2,,407.9,407.9,400.2,34849533.0,2026-08-25 14:27:58.841475,5.0,402.2,,,,,,,,,,,,,,7,"price_volume, live_market, summary, top_gainers, top_losers, nepse_index, supply_demand",5707
2026-08-25T14:28:44.441805+05:45,2026-08-25 14:28:44,live_market,live_market_5,True,cloud_automated,Tuesday - Trading Hours: 11:00 AM - 3:00 PM NPT,9182,Siddhartha Investment Growth Scheme 3,SIGS3,58.0,73827.0,10.91,-0.82,11.0,,10.95,10.99,10.91,807234.25,2026-08-25 14:27:58.427289,11180.0,10.93,,,,,,,,,,,,,,7,"price_volume, live_market, summary, top_gainers, top_losers, nepse_index, supply_demand",5707
2026-08-25T14:28:44.441805+05:45,2026-08-25 14:28:44,live_market,live_market_6,True,cloud_automated,Tuesday - Trading Hours: 11:00 AM - 3:00 PM NPT,9303,SY Panel Nepal Limited,SYPNL,58.0,20760.0,1234.0,-0.8,1244.0,,1244.0,1260.0,1231.0,25916533.2,2026-08-25 14:27:57.507432,10.0,1248.39,,,,,,,,,,,,,,7,"price_volume, live_market, summary, top_gainers, top_losers, nepse_index, supply_demand",5707
2026-08-25T14:28:44.441805+05:45,2026-08-25 14:28:44,live_market,live_market_7,True,cloud_automated,Tuesday - Trading Hours: 11:00 AM - 3:00 PM NPT,9147,Shuvam Power Limited,SPL,58.0,90.0,632.0,-0.94,638.0,,640.0,640.0,631.0,56970.0,2026-08-25 14:27:57.507069,50.0,633.0,,,,,,,,,,,,,,7,"price_volume, live_market, summary, top_gainers, top_losers, nepse_index, supply_demand",5707
2026-08-25T14:28:44.441805+05:45,2026-08-25 14:28:44,live_market,live_market_8,True,cloud_automated,Tuesday - Trading Hours: 11:00 AM - 3:00 PM NPT,9297,Bandipur Cablecar and Tourism Limited,BANDIPUR,58.0,15768.0,659.0,-1.04,665.9,,660.0,670.0,659.0,10446019.0,2026-08-25 14:27:56.672301,500.0,662.48,,,,,,,,,,,,,,7,"price_volume, live_market, summary, top_gainers, top_losers, nepse_index, supply_demand",5707
2026-08-25T14:28:44.441805+05:45,2026-08-25 14:28:44,live_market,live_market_9,True,cloud_automated,Tuesday - Trading Hours: 11:00 AM - 3:00 PM NPT,9352,Mount Everest Power Development Limited,MEPDL,58.0,35450.0,691.0,-3.21,713.9,,700.1,731.0,681.5,24961744.6,2026-08-25 14:27:56.436278,10.0,704.14,,,,,,,,,,,,,,7,"price_volume, live_market, summary, top_gainers, top_losers, nepse_index, supply_demand",5707
2026-08-25T14:28:44.441805+05:45,2026-08-25 14:28:44,live_market,live_market_10,True,cloud_automated,Tuesday - Trading Hours: 11:00 AM - 3:00 PM NPT,348,Citizens Bank International Limited,CZBIL,58.0,20599.0,197.0,0.0,197.0,,198.1,198.1,195.1,4045058.2,2026-08-25 14:27:56.069826,101.0,196.37,,,,,,,,,,,,,,7,"price_volume, live_market, summary, top_gainers, top_losers, nepse_index, supply_demand",5707
2026-08-25T14:28:44.441805+05:45,2026-08-25 14:28:44,live_market,live_market_11,True,cloud_automated,Tuesday - Trading Hours: 11:00 AM - 3:00 PM NPT,9308,Hotel Forest Inn Limited,HFIN,58.0,21666.0,635.9,-1.56,646.0,,645.0,653.0,632.9,13886877.1,2026-08-25 14:27:55.880928,80.0,640.95,,,,,,,,,,,,,,7,"price_volume, live_market, summary, top_gainers, top_losers, nepse_index, supply_demand",5707
2026-08-25T14:28:44.441805+05:45,2026-08-25 14:28:44,live_market,live_market_12,True,cloud_automated,Tuesday - Trading Hours: 11:00 AM - 3:00 PM NPT,9348,Siddhartha Equity Fund 2,SEF2,58.0,7800.0,9.05,0.0,9.05,,8.8,9.16,8.8,69931.0,2026-08-25 14:27:55.258326,100.0,8.97,,,,,,,,,,,,,,7,"price_volume, live_market, summary, top_gainers, top_losers, nepse_index, supply_demand",5707
2026-08-25T14:28:44.441805+05:45,2026-08-25 14:28:44,live_market,live_market_13,True,cloud_automated,Tuesday - Trading Hours: 11:00 AM - 3:00 PM NPT,583,Grameen Bikas Laghubitta Bittiya Sanstha Ltd.,GBLBS,58.0,852.0,670.0,-1.4,679.5,,679.4,679.4,665.0,570146.2,2026-08-25 14:27:52.852713,50.0,669.19,,,,,,,,,,,,,,7,"price_volume, live_market, summary, top_gainers, top_losers, nepse_index, supply_demand",5707
2026-08-25T14:28:44.441805+05:45,2026-08-25 14:28:44,live_market,live_market_14,True,cloud_automated,Tuesday - Trading Hours: 11:00 AM - 3:00 PM NPT,9146,Super Madi Hydropower Limited,SMHL,58.0,193449.0,527.0,2.73,513.0,,520.0,528.0,514.0,100781164.7,2026-08-25 14:27:52.583856,98.0,520.97,,,,,,,,,,,,,,7,"price_volume, live_market, summary, top_gainers, top_losers, nepse_index, supply_demand",5707
2026-08-25T14:28:44.441805+05:45,2026-08-25 14:28:44,live_market,live_market_15,True,cloud_automated,Tuesday - Trading Hours: 11:00 AM - 3:00 PM NPT,9343,Taksar Pikhuwa Khola Hydropower Limited,TPKHL,58.0,16081.0,521.0,-1.7,530.0,,520.0,542.0,517.1,8429127.5,2026-08-25 14:27:51.280449,10.0,524.17,,,,,,,,,,,,,,7,"price_volume, live_market, summary, top_gainers, top_losers, nepse_index, supply_demand",5707
2026-08-25T14:28:44.441805+05:45,2026-08-25 14:28:44,live_market,live_market_16,True,cloud_automated,Tuesday - Trading Hours: 11:00 AM - 3:00 PM NPT,9330,Palpa Cement Industries Limited,PCIL,58.0,15286.0,606.0,-0.31,607.9,,606.0,610.0,599.0,9196151.7,2026-08-25 14:27:50.987618,10.0,601.61,,,,,,,,,,,,,,7,"price_volume, live_market, summary, top_gainers, top_losers, nepse_index, supply_demand",5707
2026-08-25T14:28:44.441805+05:45,2026-08-25 14:28:44,live_market,live_market_17,True,cloud_automated,Tuesday - Trading Hours: 11:00 AM - 3:00 PM NPT,9323,Super Khudi Hydropower Limited,SKHL,58.0,8539.0,777.1,-1.89,792.1,,792.0,797.0,775.1,6662699.0,2026-08-25 14:27:50.399369,10.0,780.27,,,,,,,,,,,,,,7,"price_volume, live_market, summary, top_gainers, top_losers, nepse_index, supply_demand",5707
2026-08-25T14:28:44.441805+05:45,2026-08-25 14:28:44,live_market,live_market_18,True,cloud_automated,Tuesday - Trading Hours: 11:00 AM - 3:00 PM NPT,8005,Mailung Khola Jal Vidhyut Company Limited,MKJC,58.0,5254.0,405.6,-1.79,413.0,,420.0,420.0,405.0,2138062.4,2026-08-25 14:27:49.308733,14.0,406.94,,,,,,,,,,,,,,7,"price_volume, live_market, summary, top_gainers, top_losers, nepse_index, supply_demand",5707
2026-08-25T14:28:44.441805+05:45,2026-08-25 14:28:44,live_market,live_market_19,True,cloud_automated,Tuesday - Trading Hours: 11:00 AM - 3:00 PM NPT,9158,Molung Hydropower Company Limited,MHCL,58.0,1535.0,293.9,-0.88,296.5,,295.0,295.0,290.2,452079.1,2026-08-25 14:27:46.494357,50.0,294.51,,,,,,,,,,,,,,7,"price_volume, live_market, summary, top_gainers, top_losers, nepse_index, supply_demand",5707
2026-08-25T14:28:44.441805+05:45,2026-08-25 14:28:44,live_market,live_market_20,True,cloud_automated,Tuesday - Trading Hours: 11:00 AM - 3:00 PM NPT,9214,Bhagawati Hydropower Development Company Limited,BGWT,58.0,1700.0,503.0,-1.76,512.0,,512.0,512.0,497.0,852993.4,2026-08-25 14:27:45.408122,197.0,501.76,,,,,,,,,,,,,,7,"price_volume, live_market, summary, top_gainers, top_losers, nepse_index, supply_demand",5707
2026-08-25T14:28:44.441805+05:45,2026-08-25 14:28:44,live_market,live_market_21,True,cloud_automated,Tuesday - Trading Hours: 11:00 AM - 3:00 PM NPT,2761,Samata Gharelu Laghubitta Bittiya Sanstha Limited,SMATA,58.0,3523.0,690.0,-1.44,700.1,,690.1,700.0,690.0,2438786.2,2026-08-25 14:27:45.368334,14.0,692.25,,,,,,,,,,,,,,7,"price_volume, live_market, summary, top_gainers, top_losers, nepse_index, supply_demand",5707
2026-08-25T14:28:44.441805+05:45,2026-08-25 14:28:44,live_market,live_market_22,True,cloud_automated,Tuesday - Trading Hours: 11:00 AM - 3:00 PM NPT,9346,Kalanga Hydro Limited,KAHL,58.0,26462.0,503.1,-0.57,506.0,,499.0,517.0,498.0,13368056.8,2026-08-25 14:27:44.716262,10.0,505.18,,,,,,,,,,,,,,7,"price_volume, live_market, summary, top_gainers, top_losers, nepse_index, supply_demand",5707
2026-08-25T14:28:44.441805+05:45,2026-08-25 14:28:44,live_market,live_market_23,True,cloud_automated,Tuesday - Trading Hours: 11:00 AM - 3:00 PM NPT,2842,SANJEN JALAVIDHYUT COMPANY LIMITED,SJCL,58.0,6933.0,262.2,-0.61,263.8,,262.0,263.1,262.0,1821054.8,2026-08-25 14:27:44.595541,10.0,262.66,,,,,,,,,,,,,,7,"price_volume, live_market, summary, top_gainers, top_losers, nepse_index, supply_demand",5707
2026-08-25T14:28:44.441805+05:45,2026-08-25 14:28:44,live_market,live_market_24,True,cloud_automated,Tuesday - Trading Hours: 11:00 AM - 3:00 PM NPT,2860,Saptakoshi Development Bank Ltd,SAPDBL,58.0,7220.0,696.8,-0.44,699.9,,691.0,700.0,691.0,5018011.0,2026-08-25 14:27:44.271913,290.0,695.02,,,,,,,,,,,,,,7,"price_volume, live_market, summary, top_gainers, top_losers, nepse_index, supply_demand",5707
2026-08-25T14:28:44.441805+05:45,2026-08-25 14:28:44,live_market,live_market_25,True,cloud_automated,Tuesday - Trading Hours: 11:00 AM - 3:00 PM NPT,2924,GreenLife Hydropower Limited,GLH,58.0,16405.0,250.1,-0.36,251.0,,250.0,252.9,250.0,4105575.8,2026-08-25 14:27:43.788443,25.0,250.26,,,,,,,,,,,,,,7,"price_volume, live_market, summary, top_gainers, top_losers, nepse_index, supply_demand",5707
2026-08-25T14:28:44.441805+05:45,2026-08-25 14:28:44,live_market,live_market_26,True,cloud_automated,Tuesday - Trading Hours: 11:00 AM - 3:00 PM NPT,192,Shikhar Insurance Co. Ltd.,SICL,58.0,7047.0,601.0,-0.83,606.0,,603.0,606.0,600.0,4241959.3,2026-08-25 14:27:40.360486,12.0,601.95,,,,,,,,,,,,,,7,"price_volume, live_market, summary, top_gainers, top_losers, nepse_index, supply_demand",5707
2026-08-25T14:28:44.441805+05:45,2026-08-25 14:28:44,live_market,live_market_27,True,cloud_automated,Tuesday - Trading Hours: 11:00 AM - 3:00 PM NPT,171,Sanima Bank Limited,SANIMA,58.0,137486.0,365.3,-1.27,370.0,,370.0,370.0,365.3,50497395.5,2026-08-25 14:27:38.241622,267.0,367.29,,,,,,,,,,,,,,7,"price_volume, live_market, summary, top_gainers, top_losers, nepse_index, supply_demand",5707
2026-08-25T14:28:44.441805+05:45,2026-08-25 14:28:44,live_market,live_market_28,True,cloud_automated,Tuesday - Trading Hours: 11:00 AM - 3:00 PM NPT,142,Kumari Bank Limited,KBL,58.0,109752.0,214.0,0.05,213.9,,213.9,216.0,213.5,23486574.2,2026-08-25 14:27:37.677288,500.0,214.0,,,,,,,,,,,,,,7,"price_volume, live_market, summary, top_gainers, top_losers, nepse_index, supply_demand",5707
2026-08-25T14:28:44.441805+05:45,2026-08-25 14:28:44,live_market,live_market_29,True,cloud_automated,Tuesday - Trading Hours: 11:00 AM - 3:00 PM NPT,9336,Sopan Pharmaceuticals Limited,SOPL,58.0,17806.0,747.0,-0.94,754.1,,750.0,767.2,745.5,13371083.2,2026-08-25 14:27:37.483949,44.0,750.93,,,,,,,,,,,,,,7,"price_volume, live_market, summary, top_gainers, top_losers, nepse_index, supply_demand",5707
2026-08-25T14:28:44.441805+05:45,2026-08-25 14:28:44,live_market,live_market_30,True,cloud_automated,Tuesday - Trading Hours: 11:00 AM - 3:00 PM NPT,8055,Balephi Hydropower Limited,BHL,58.0,138438.0,202.9,-1.02,205.0,,195.0,207.0,195.0,28096196.1,2026-08-25 14:27:36.876644,40.0,202.95,,,,,,,,,,,,,,7,"price_volume, live_market, summary, top_gainers, top_losers, nepse_index, supply_demand",5707
2026-08-25T14:28:44.441805+05:45,2026-08-25 14:28:44,live_market,live_market_31,True,cloud_automated,Tuesday - Trading Hours: 11:00 AM - 3:00 PM NPT,2898,NRN Infrastructure and Development Limited,NRN,58.0,22517.0,1359.0,-0.33,1363.5,,1352.0,1378.0,1352.0,30659968.1,2026-08-25 14:27:36.528415,15.0,1361.64,,,,,,,,,,,,,,7,"price_volume, live_market, summary, top_gainers, top_losers, nepse_index, supply_demand",5707
2026-08-25T14:28:44.441805+05:45,2026-08-25 14:28:44,live_market,live_market_32,True,cloud_automated,Tuesday - Trading Hours: 11:00 AM - 3:00 PM NPT,9311,Solu Hydropower Limited,SOHL,58.0,160150.0,676.0,-0.43,678.9,,680.0,690.0,675.0,109014233.0,2026-08-25 14:27:36.023693,645.0,680.7,,,,,,,,,,,,,,7,"price_volume, live_market, summary, top_gainers, top_losers, nepse_index, supply_demand",5707
2026-08-25T14:28:44.441805+05:45,2026-08-25 14:28:44,live_market,live_market_33,True,cloud_automated,Tuesday - Trading Hours: 11:00 AM - 3:00 PM NPT,5982,Sanima Reliance Life Insurance Limited,SRLI,58.0,5765.0,364.3,-0.03,364.4,,365.1,366.8,364.3,2103324.9,2026-08-25 14:27:35.340373,69.0,364.84,,,,,,,,,,,,,,7,"price_volume, live_market, summary, top_gainers, top_losers, nepse_index, supply_demand",5707
2026-08-25T14:28:44.441805+05:45,2026-08-25 14:28:44,live_market,live_market_34,True,cloud_automated,Tuesday - Trading Hours: 11:00 AM - 3:00 PM NPT,9234,Himalayan Reinsurance Limited,HRL,58.0,22563.0,558.0,-0.53,561.0,,561.0,566.0,557.4,12645450.1,2026-08-25 14:27:34.451806,10.0,560.45,,,,,,,,,,,,,,7,"price_volume, live_market, summary, top_gainers, top_losers, nepse_index, supply_demand",5707
2026-08-25T14:28:44.441805+05:45,2026-08-25 14:28:44,live_market,live_market_35,True,cloud_automated,Tuesday - Trading Hours: 11:00 AM - 3:00 PM NPT,9225,Vision Lumbini Urja Company Limited ,VLUCL,58.0,1605.0,386.5,-0.87,389.9,,389.9,395.0,385.0,619238.9,2026-08-25 14:27:34.317508,25.0,385.82,,,,,,,,,,,,,,7,"price_volume, live_market, summary, top_gainers, top_losers, nepse_index, supply_demand",5707
2026-08-25T14:28:44.441805+05:45,2026-08-25 14:28:44,live_market,live_market_36,True,cloud_automated,Tuesday - Trading Hours: 11:00 AM - 3:00 PM NPT,393,Himalayan Life Insurance Limited,HLI,58.0,16713.0,308.0,-0.96,311.0,,310.0,313.0,307.0,5172161.1,2026-08-25 14:27:34.0847,12.0,309.47,,,,,,,,,,,,,,7,"price_volume, live_market, summary, top_gainers, top_losers, nepse_index, supply_demand",5707
2026-08-25T14:28:44.441805+05:45,2026-08-25 14:28:44,live_market,live_market_37,True,cloud_automated,Tuesday - Trading Hours: 11:00 AM - 3:00 PM NPT,9262,Trade Tower Limited,TTL,58.0,3092.0,696.1,-0.13,697.0,,697.0,705.0,696.0,2161071.7,2026-08-25 14:27:33.175988,10.0,698.92,,,,,,,,,,,,,,7,"price_volume, live_market, summary, top_gainers, top_losers, nepse_index, supply_demand",5707
2026-08-25T14:28:44.441805+05:45,2026-08-25 14:28:44,live_market,live_market_38,True,cloud_automated,Tuesday - Trading Hours: 11:00 AM - 3:00 PM NPT,9345,Sanigad Hydro Limited,SGHL,58.0,36188.0,507.4,-0.7,511.0,,511.0,517.0,505.1,18425509.5,2026-08-25 14:27:33.132296,10.0,509.16,,,,,,,,,,,,,,7,"price_volume, live_market, summary, top_gainers, top_losers, nepse_index, supply_demand",5707
2026-08-25T14:28:44.441805+05:45,2026-08-25 14:28:44,live_market,live_market_39,True,cloud_automated,Tuesday - Trading Hours: 11:00 AM - 3:00 PM NPT,2880,Himal Dolakha Hydropower Company Limited,HDHPC,58.0,27523.0,204.5,-0.49,205.5,,204.8,207.5,204.1,5649970.3,2026-08-25 14:27:29.656628,88.0,205.28,,,,,,,,,,,,,,7,"price_volume, live_market, summary, top_gainers, top_losers, nepse_index, supply_demand",5707
2026-08-25T14:28:44.441805+05:45,2026-08-25 14:28:44,live_market,live_market_40,True,cloud_automated,Tuesday - Trading Hours: 11:00 AM - 3:00 PM NPT,9304,Citizens Santulit Yojana,CSY,58.0,9240.0,8.57,-4.88,9.01,,8.91,8.91,8.42,80211.2,2026-08-25 14:27:29.29585,100.0,8.68,,,,,,,,,,,,,,7,"price_volume, live_market, summary, top_gainers, top_losers, nepse_index, supply_demand",5707
2026-08-25T14:28:44.441805+05:45,2026-08-25 14:28:44,live_market,live_market_41,True,cloud_automated,Tuesday - Trading Hours: 11:00 AM - 3:00 PM NPT,9344,Snow Rivers Limited,SNORL,58.0,24660.0,904.0,2.49,882.0,,882.0,914.0,870.1,22247879.0,2026-08-25 14:27:27.97726,10.0,902.18,,,,,,,,,,,,,,7,"price_volume, live_market, summary, top_gainers, top_losers, nepse_index, supply_demand",5707
2026-08-25T14:28:44.441805+05:45,2026-08-25 14:28:44,live_market,live_market_42,True,cloud_automated,Tuesday - Trading Hours: 11:00 AM - 3:00 PM NPT,2792,Upper Tamakoshi Hydropower Ltd,UPPER,58.0,30611.0,189.0,-0.21,189.4,,190.0,192.0,188.0,5797021.7,2026-08-25 14:27:26.948763,19.0,189.38,,,,,,,,,,,,,,7,"price_volume, live_market, summary, top_gainers, top_losers, nepse_index, supply_demand",5707
2026-08-25T14:28:44.441805+05:45,2026-08-25 14:28:44,live_market,live_market_43,True,cloud_automated,Tuesday - Trading Hours: 11:00 AM - 3:00 PM NPT,2915,Prabhu Mahalaxmi Life Insurance Limited,PMLI,58.0,3488.0,412.0,-0.72,415.0,,421.9,421.9,412.0,1448956.2,2026-08-25 14:27:26.358396,100.0,415.41,,,,,,,,,,,,,,7,"price_volume, live_market, summary, top_gainers, top_losers, nepse_index, supply_demand",5707
2026-08-25T14:28:44.441805+05:45,2026-08-25 14:28:44,live_market,live_market_44,True,cloud_automated,Tuesday - Trading Hours: 11:00 AM - 3:00 PM NPT,9156,Sanima Middle Tamor Hydropower Limited,TAMOR,58.0,103550.0,479.1,0.23,478.0,,478.0,482.6,473.5,49416444.8,2026-08-25 14:27:26.257705,1000.0,477.22,,,,,,,,,,,,,,7,"price_volume, live_market, summary, top_gainers, top_losers, nepse_index, supply_demand",5707
2026-08-25T14:28:44.441805+05:45,2026-08-25 14:28:44,live_market,live_market_45,True,cloud_automated,Tuesday - Trading Hours: 11:00 AM - 3:00 PM NPT,188,Life Insurance Corporation (Nepal) Limited,LICN,58.0,3574.0,770.0,0.79,764.0,,770.0,778.0,760.0,2728409.9,2026-08-25 14:27:24.975403,10.0,763.41,,,,,,,,,,,,,,7,"price_volume, live_market, summary, top_gainers, top_losers, nepse_index, supply_demand",5707
2026-08-25T14:28:44.441805+05:45,2026-08-25 14:28:44,live_market,live_market_46,True,cloud_automated,Tuesday - Trading Hours: 11:00 AM - 3:00 PM NPT,8133,Peoples Hydropower Company Limited,PHCL,58.0,33752.0,300.0,-0.66,302.0,,300.0,303.0,299.0,10149472.7,2026-08-25 14:27:24.412811,910.0,300.71,,,,,,,,,,,,,,7,"price_volume, live_market, summary, top_gainers, top_losers, nepse_index, supply_demand",5707
2026-08-25T14:28:44.441805+05:45,2026-08-25 14:28:44,live_market,live_market_47,True,cloud_automated,Tuesday - Trading Hours: 11:00 AM - 3:00 PM NPT,8099,Upper Hewakhola Hydropower Company Limited,UHEWA,58.0,38071.0,602.0,0.33,600.0,,600.0,620.0,596.0,23005603.8,2026-08-25 14:27:24.21861,11.0,604.28,,,,,,,,,,,,,,7,"price_volume, live_market, summary, top_gainers, top_losers, nepse_index, supply_demand",5707
2026-08-25T14:28:44.441805+05:45,2026-08-25 14:28:44,live_market,live_market_48,True,cloud_automated,Tuesday - Trading Hours: 11:00 AM - 3:00 PM NPT,459,Kamana Sewa Bikas Bank Limited,KSBBL,58.0,50884.0,469.5,-0.11,470.0,,473.1,479.0,469.5,23968905.4,2026-08-25 14:27:23.156939,190.0,471.05,,,,,,,,,,,,,,7,"price_volume, live_market, summary, top_gainers, top_losers, nepse_index, supply_demand",5707
2026-08-25T14:28:44.441805+05:45,2026-08-25 14:28:44,live_market,live_market_49,True,cloud_automated,Tuesday - Trading Hours: 11:00 AM - 3:00 PM NPT,9322,Bhujung Hydropower Limited,BJHL,58.0,4810.0,705.0,-2.08,720.0,,685.0,757.0,685.0,3424291.6,2026-08-25 14:27:22.383533,10.0,711.91,,,,,,,,,,,,,,7,"price_volume, live_market, summary, top_gainers, top_losers, nepse_index, supply_demand",5707
2026-08-25T14:28:44.441805+05:45,2026-08-25 14:28:44,live_market,live_market_50,True,cloud_automated,Tuesday - Trading Hours: 11:00 AM - 3:00 PM NPT,2919,Nepal Infrastructure Bank Limited,NIFRA,58.0,30668.0,240.1,-0.37,241.0,,242.0,244.0,240.0,7376868.3,2026-08-25 14:27:22.272146,25.0,240.54,,,,,,,,,,,,,,7,"price_volume, live_market, summary, top_gainers, top_losers, nepse_index, supply_demand",5707
2026-08-25T14:28:44.441805+05:45,2026-08-25 14:28:44,live_market,live_market_51,True,cloud_automated,Tuesday - Trading Hours: 11:00 AM - 3:00 PM NPT,9173,City Hotel Limited,CITY,58.0,57868.0,350.5,-0.99,354.0,,354.0,358.0,349.5,20329083.8,2026-08-25 14:27:21.36974,87.0,351.3,,,,,,,,,,,,,,7,"price_volume, live_market, summary, top_gainers, top_losers, nepse_index, supply_demand",5707
2026-08-25T14:28:44.441805+05:45,2026-08-25 14:28:44,live_market,live_market_52,True,cloud_automated,Tuesday - Trading Hours: 11:00 AM - 3:00 PM NPT,154,Chilime Hydropower Company Limited,CHCL,58.0,9241.0,477.0,-0.21,478.0,,489.0,489.0,475.2,4412756.4,2026-08-25 14:27:20.501498,12.0,477.52,,,,,,,,,,,,,,7,"price_volume, live_market, summary, top_gainers, top_losers, nepse_index, supply_demand",5707
2026-08-25T14:28:44.441805+05:45,2026-08-25 14:28:44,live_market,live_market_53,True,cloud_automated,Tuesday - Trading Hours: 11:00 AM - 3:00 PM NPT,8074,Kumari Dhanabriddhi Yojana,KDBY,58.0,28791.0,9.98,-0.1,9.99,,9.97,10.0,9.97,287368.18,2026-08-25 14:27:17.859259,100.0,9.98,,,,,,,,,,,,,,7,"price_volume, live_market, summary, top_gainers, top_losers, nepse_index, supply_demand",5707
2026-08-25T14:28:44.441805+05:45,2026-08-25 14:28:44,live_market,live_market_54,True,cloud_automated,Tuesday - Trading Hours: 11:00 AM - 3:00 PM NPT,9267,Bikash Hydropower Company Limited,BHCL,58.0,68437.0,553.0,1.99,542.2,,515.1,560.0,515.1,38074272.1,2026-08-25 14:27:17.70586,10.0,556.34,,,,,,,,,,,,,,7,"price_volume, live_market, summary, top_gainers, top_losers, nepse_index, supply_demand",5707
2026-08-25T14:28:44.441805+05:45,2026-08-25 14:28:44,live_market,live_market_55,True,cloud_automated,Tuesday - Trading Hours: 11:00 AM - 3:00 PM NPT,152,National Hydro Power Company Limited,NHPC,58.0,86904.0,260.0,-0.61,261.6,,266.0,266.0,258.5,22672338.4,2026-08-25 14:27:16.912022,400.0,260.89,,,,,,,,,,,,,,7,"price_volume, live_market, summary, top_gainers, top_losers, nepse_index, supply_demand",5707
2026-08-25T14:28:44.441805+05:45,2026-08-25 14:28:44,live_market,live_market_56,True,cloud_automated,Tuesday - Trading Hours: 11:00 AM - 3:00 PM NPT,9181,Rawa Energy Development Limited,RAWA,58.0,11731.0,414.0,0.0,414.0,,421.0,421.0,408.9,4822047.1,2026-08-25 14:27:16.849842,10.0,411.05,,,,,,,,,,,,,,7,"price_volume, live_market, summary, top_gainers, top_losers, nepse_index, supply_demand",5707
2026-08-25T14:28:44.441805+05:45,2026-08-25 14:28:44,live_market,live_market_57,True,cloud_automated,Tuesday - Trading Hours: 11:00 AM - 3:00 PM NPT,2788,Ankhu Khola Jalvidhyut Company Ltd,AKJCL,58.0,171749.0,349.1,0.9,346.0,,349.0,355.0,347.0,60238838.6,2026-08-25 14:27:16.523798,100.0,350.74,,,,,,,,,,,,,,7,"price_volume, live_market, summary, top_gainers, top_losers, nepse_index, supply_demand",5707
2026-08-25T14:28:44.441805+05:45,2026-08-25 14:28:44,live_market,live_market_58,True,cloud_automated,Tuesday - Trading Hours: 11:00 AM - 3:00 PM NPT,2831,Union Hydropower Limited,UNHPL,58.0,6290.0,360.4,-1.5,365.9,,370.0,370.0,360.0,2270478.4,2026-08-25 14:27:16.216067,10.0,360.97,,,,,,,,,,,,,,7,"price_volume, live_market, summary, top_gainers, top_losers, nepse_index, supply_demand",5707
2026-08-25T14:28:44.441805+05:45,2026-08-25 14:28:44,live_market,live_market_59,True,cloud_automated,Tuesday - Trading Hours: 11:00 AM - 3:00 PM NPT,517,Nepal Bank Limited,NBL,58.0,45821.0,275.0,0.0,275.0,,275.0,277.0,273.2,12603072.9,2026-08-25 14:27:12.632121,850.0,275.05,,,,,,,,,,,,,,7,"price_volume, live_market, summary, top_gainers, top_losers, nepse_index, supply_demand",5707
2026-08-25T14:28:44.441805+05:45,2026-08-25 14:28:44,live_market,live_market_60,True,cloud_automated,Tuesday - Trading Hours: 11:00 AM - 3:00 PM NPT,255,Prabhu  Bank Limited,PRVU,58.0,66497.0,181.0,-0.06,181.1,,181.5,183.4,180.6,12047524.8,2026-08-25 14:27:12.559905,500.0,181.17,,,,,,,,,,,,,,7,"price_volume, live_market, summary, top_gainers, top_losers, nepse_index, supply_demand",5707
2026-08-25T14:28:44.441805+05:45,2026-08-25 14:28:44,live_market,live_market_61,True,cloud_automated,Tuesday - Trading Hours: 11:00 AM - 3:00 PM NPT,9231,10% Citizens Bank Debenture 2090,CIZBD90,58.0,150.0,1261.0,2.94,1225.0,,1250.0,1261.0,1250.0,188600.0,2026-08-25 14:27:11.035596,25.0,1257.33,,,,,,,,,,,,,,7,"price_volume, live_market, summary, top_gainers, top_losers, nepse_index, supply_demand",5707
2026-08-25T14:28:44.441805+05:45,2026-08-25 14:28:44,live_market,live_market_62,True,cloud_automated,Tuesday - Trading Hours: 11:00 AM - 3:00 PM NPT,184,Prabhu Insurance Ltd.,PRIN,58.0,6291.0,638.0,-0.78,643.0,,642.1,642.1,633.0,4020979.8,2026-08-25 14:27:09.458088,30.0,639.16,,,,,,,,,,,,,,7,"price_volume, live_market, summary, top_gainers, top_losers, nepse_index, supply_demand",5707
2026-08-25T14:28:44.441805+05:45,2026-08-25 14:28:44,live_market,live_market_63,True,cloud_automated,Tuesday - Trading Hours: 11:00 AM - 3:00 PM NPT,134,Himalayan Bank Limited,HBL,58.0,23064.0,189.5,-0.16,189.8,,189.8,191.0,188.6,4369860.7,2026-08-25 14:27:08.944763,10.0,189.47,,,,,,,,,,,,,,7,"price_volume, live_market, summary, top_gainers, top_losers, nepse_index, supply_demand",5707
2026-08-25T14:28:44.441805+05:45,2026-08-25 14:28:44,live_market,live_market_64,True,cloud_automated,Tuesday - Trading Hours: 11:00 AM - 3:00 PM NPT,341,Global IME Bank Limited,GBIME,58.0,109603.0,245.0,0.2,244.5,,244.5,247.9,244.5,26865093.2,2026-08-25 14:27:07.898627,479.0,245.11,,,,,,,,,,,,,,7,"price_volume, live_market, summary, top_gainers, top_losers, nepse_index, supply_demand",5707
2026-08-25T14:28:44.441805+05:45,2026-08-25 14:28:44,live_market,live_market_65,True,cloud_automated,Tuesday - Trading Hours: 11:00 AM - 3:00 PM NPT,9166,Makar Jitumaya Suri Hydropower Limited,MAKAR,58.0,2195508.0,441.5,5.4,418.9,,439.8,447.9,405.0,893396899.7,2026-08-25 14:27:07.120894,320.0,406.92,,,,,,,,,,,,,,7,"price_volume, live_market, summary, top_gainers, top_losers, nepse_index, supply_demand",5707
2026-08-25T14:28:44.441805+05:45,2026-08-25 14:28:44,live_market,live_market_66,True,cloud_automated,Tuesday - Trading Hours: 11:00 AM - 3:00 PM NPT,9216,Sonapur Minerals And Oil Limited,SONA,58.0,28233.0,387.7,-1.12,392.1,,389.0,395.0,387.5,11025434.3,2026-08-25 14:27:02.285348,40.0,390.52,,,,,,,,,,,,,,7,"price_volume, live_market, summary, top_gainers, top_losers, nepse_index, supply_demand",5707
2026-08-25T14:28:44.441805+05:45,2026-08-25 14:28:44,live_market,live_market_67,True,cloud_automated,Tuesday - Trading Hours: 11:00 AM - 3:00 PM NPT,9194,Three Star Hydropower Limited,TSHL,58.0,3722.0,340.0,-0.58,342.0,,345.0,346.0,335.0,1259579.5,2026-08-25 14:27:01.507774,100.0,338.41,,,,,,,,,,,,,,7,"price_volume, live_market, summary, top_gainers, top_losers, nepse_index, supply_demand",5707
2026-08-25T14:28:44.441805+05:45,2026-08-25 14:28:44,live_market,live_market_68,True,cloud_automated,Tuesday - Trading Hours: 11:00 AM - 3:00 PM NPT,9293,Daramkhola Hydro Energy Limited,DHEL,58.0,4142.0,571.0,0.18,570.0,,570.0,580.0,567.0,2369172.4,2026-08-25 14:27:00.289434,910.0,571.99,,,,,,,,,,,,,,7,"price_volume, live_market, summary, top_gainers, top_losers, nepse_index, supply_demand",5707
2026-08-25T14:28:44.441805+05:45,2026-08-25 14:28:44,live_market,live_market_69,True,cloud_automated,Tuesday - Trading Hours: 11:00 AM - 3:00 PM NPT,2908,Sanima GIC Insurance Limited,SGIC,58.0,4426.0,438.0,-0.68,441.0,,439.1,440.0,435.1,1932267.1,2026-08-25 14:26:58.456843,57.0,436.57,,,,,,,,,,,,,,7,"price_volume, live_market, summary, top_gainers, top_losers, nepse_index, supply_demand",5707
2026-08-25T14:28:44.441805+05:45,2026-08-25 14:28:44,live_market,live_market_70,True,cloud_automated,Tuesday - Trading Hours: 11:00 AM - 3:00 PM NPT,417,Garima Bikas Bank Limited,GBBL,58.0,22373.0,422.9,0.67,420.1,,421.0,422.9,420.0,9414759.5,2026-08-25 14:26:55.745188,940.0,420.81,,,,,,,,,,,,,,7,"price_volume, live_market, summary, top_gainers, top_losers, nepse_index, supply_demand",5707
2026-08-25T14:28:44.441805+05:45,2026-08-25 14:28:44,live_market,live_market_71,True,cloud_automated,Tuesday - Trading Hours: 11:00 AM - 3:00 PM NPT,9135,Barahi Hydropower Public Limited,BHPL,58.0,3298.0,465.0,-1.06,470.0,,470.0,479.0,463.1,1532519.3,2026-08-25 14:26:55.481601,140.0,464.68,,,,,,,,,,,,,,7,"price_volume, live_market, summary, top_gainers, top_losers, nepse_index, supply_demand",5707
2026-08-25T14:28:44.441805+05:45,2026-08-25 14:28:44,live_market,live_market_72,True,cloud_automated,Tuesday - Trading Hours: 11:00 AM - 3:00 PM NPT,8106,Global IME Balanced Fund-1,GIBF1,58.0,700.0,10.75,-0.46,10.8,,10.75,10.85,10.75,7555.0,2026-08-25 14:26:54.652603,100.0,10.79,,,,,,,,,,,,,,7,"price_volume, live_market, summary, top_gainers, top_losers, nepse_index, supply_demand",5707
2026-08-25T14:28:44.441805+05:45,2026-08-25 14:28:44,live_market,live_market_73,True,cloud_automated,Tuesday - Trading Hours: 11:00 AM - 3:00 PM NPT,8031,Madhya Bhotekoshi Jalavidyut Company Limited,MBJC,58.0,10610.0,270.0,0.33,269.1,,270.0,271.6,266.6,2857353.1,2026-08-25 14:26:52.9146,101.0,269.31,,,,,,,,,,,,,,7,"price_volume, live_market, summary, top_gainers, top_losers, nepse_index, supply_demand",5707
2026-08-25T14:28:44.441805+05:45,2026-08-25 14:28:44,live_market,live_market_74,True,cloud_automated,Tuesday - Trading Hours: 11:00 AM - 3:00 PM NPT,704,NMB  Microfinance Bittiya Sanstha Ltd.,NMBMF,58.0,359.0,585.2,-2.11,597.8,,590.0,595.0,585.0,210736.4,2026-08-25 14:26:51.148689,33.0,587.01,,,,,,,,,,,,,,7,"price_volume, live_market, summary, top_gainers, top_losers, nepse_index, supply_demand",5707
2026-08-25T14:28:44.441805+05:45,2026-08-25 14:28:44,live_market,live_market_75,True,cloud_automated,Tuesday - Trading Hours: 11:00 AM - 3:00 PM NPT,2881,Nepal Reinsurance Company Limited,NRIC,58.0,5467.0,890.0,-0.43,893.8,,893.0,899.0,888.0,4870404.5,2026-08-25 14:26:51.059515,33.0,890.87,,,,,,,,,,,,,,7,"price_volume, live_market, summary, top_gainers, top_losers, nepse_index, supply_demand",5707
2026-08-25T14:28:44.441805+05:45,2026-08-25 14:28:44,live_market,live_market_76,True,cloud_automated,Tuesday - Trading Hours: 11:00 AM - 3:00 PM NPT,140,Machhapuchhre Bank Limited,MBL,58.0,19748.0,250.0,0.04,249.9,,246.3,252.0,246.3,4926807.3,2026-08-25 14:26:50.180718,20.0,249.48,,,,,,,,,,,,,,7,"price_volume, live_market, summary, top_gainers, top_losers, nepse_index, supply_demand",5707
2026-08-25T14:28:44.441805+05:45,2026-08-25 14:28:44,live_market,live_market_77,True,cloud_automated,Tuesday - Trading Hours: 11:00 AM - 3:00 PM NPT,2742,Hydorelectricity Investment and Development Company Ltd,HIDCL,58.0,49615.0,246.0,-0.81,248.0,,248.0,249.0,244.6,12249599.7,2026-08-25 14:26:46.749475,150.0,246.89,,,,,,,,,,,,,,7,"price_volume, live_market, summary, top_gainers, top_losers, nepse_index, supply_demand",5707
2026-08-25T14:28:44.441805+05:45,2026-08-25 14:28:44,live_market,live_market_78,True,cloud_automated,Tuesday - Trading Hours: 11:00 AM - 3:00 PM NPT,145,Siddhartha Bank Limited,SBL,58.0,59900.0,409.0,-0.92,412.8,,412.0,413.8,408.0,24524121.6,2026-08-25 14:26:45.883977,15.0,409.42,,,,,,,,,,,,,,7,"price_volume, live_market, summary, top_gainers, top_losers, nepse_index, supply_demand",5707
2026-08-25T14:28:44.441805+05:45,2026-08-25 14:28:44,live_market,live_market_79,True,cloud_automated,Tuesday - Trading Hours: 11:00 AM - 3:00 PM NPT,357,Prime Commercial Bank Ltd.,PCBL,58.0,20538.0,239.0,-0.29,239.7,,238.0,241.7,238.0,4908353.7,2026-08-25 14:26:45.541886,100.0,238.99,,,,,,,,,,,,,,7,"price_volume, live_market, summary, top_gainers, top_losers, nepse_index, supply_demand",5707
2026-08-25T14:28:44.441805+05:45,2026-08-25 14:28:44,live_market,live_market_80,True,cloud_automated,Tuesday - Trading Hours: 11:00 AM - 3:00 PM NPT,9306,Reliance Spinning Mills Limited,RSML,58.0,54139.0,2740.0,0.44,2728.0,,2744.9,2750.0,2712.0,147540331.4,2026-08-25 14:26:43.618349,30.0,2725.21,,,,,,,,,,,,,,7,"price_volume, live_market, summary, top_gainers, top_losers, nepse_index, supply_demand",5707
2026-08-25T14:28:44.441805+05:45,2026-08-25 14:28:44,live_market,live_market_81,True,cloud_automated,Tuesday - Trading Hours: 11:00 AM - 3:00 PM NPT,9296,Bungal Hydro Limited,BUNGAL,58.0,10614.0,562.0,-1.75,572.0,,560.0,580.0,560.0,6020816.8,2026-08-25 14:26:41.76198,10.0,567.25,,,,,,,,,,,,,,7,"price_volume, live_market, summary, top_gainers, top_losers, nepse_index, supply_demand",5707
2026-08-25T14:28:44.441805+05:45,2026-08-25 14:28:44,live_market,live_market_82,True,cloud_automated,Tuesday - Trading Hours: 11:00 AM - 3:00 PM NPT,164,Chhimek Laghubitta Bittiya Sanstha Limited,CBBL,58.0,7582.0,937.0,0.2,935.1,,935.0,938.0,932.0,7086553.1,2026-08-25 14:26:36.605842,195.0,934.65,,,,,,,,,,,,,,7,"price_volume, live_market, summary, top_gainers, top_losers, nepse_index, supply_demand",5707
2026-08-25T14:28:44.441805+05:45,2026-08-25 14:28:44,live_market,live_market_83,True,cloud_automated,Tuesday - Trading Hours: 11:00 AM - 3:00 PM NPT,185,Sagarmatha Lumbini Insurance Co. Limited,SALICO,58.0,8924.0,572.3,-1.67,582.0,,580.1,582.0,566.1,5167045.4,2026-08-25 14:26:36.244781,1.0,579.01,,,,,,,,,,,,,,7,"price_volume, live_market, summary, top_gainers, top_losers, nepse_index, supply_demand",5707
2026-08-25T14:28:44.441805+05:45,2026-08-25 14:28:44,live_market,live_market_84,True,cloud_automated,Tuesday - Trading Hours: 11:00 AM - 3:00 PM NPT,561,Sindhu Bikash Bank Ltd,SINDU,58.0,4815.0,624.9,0.47,622.0,,650.0,650.0,616.0,3004932.8,2026-08-25 14:26:35.718369,10.0,624.08,,,,,,,,,,,,,,7,"price_volume, live_market, summary, top_gainers, top_losers, nepse_index, supply_demand",5707
2026-08-25T14:28:44.441805+05:45,2026-08-25 14:28:44,live_market,live_market_85,True,cloud_automated,Tuesday - Trading Hours: 11:00 AM - 3:00 PM NPT,9347,Everest Colour Limited,ECL,58.0,9365.0,1355.1,1.89,1330.0,,1330.0,1370.0,1313.0,12601268.9,2026-08-25 14:26:35.597696,10.0,1345.57,,,,,,,,,,,,,,7,"price_volume, live_market, summary, top_gainers, top_losers, nepse_index, supply_demand",5707
2026-08-25T14:28:44.441805+05:45,2026-08-25 14:28:44,live_market,live_market_86,True,cloud_automated,Tuesday - Trading Hours: 11:00 AM - 3:00 PM NPT,697,Api Power Company Ltd.,API,58.0,56845.0,330.5,-0.15,331.0,,331.0,332.0,328.0,18763056.2,2026-08-25 14:26:35.508049,50.0,330.07,,,,,,,,,,,,,,7,"price_volume, live_market, summary, top_gainers, top_losers, nepse_index, supply_demand",5707
2026-08-25T14:28:44.441805+05:45,2026-08-25 14:28:44,live_market,live_market_87,True,cloud_automated,Tuesday - Trading Hours: 11:00 AM - 3:00 PM NPT,9213,Hathway Investment Nepal Limited,HATHY,58.0,6506.0,605.0,-4.01,630.3,,630.0,630.0,600.0,3948631.1,2026-08-25 14:26:35.072886,98.0,606.92,,,,,,,,,,,,,,7,"price_volume, live_market, summary, top_gainers, top_losers, nepse_index, supply_demand",5707
2026-08-25T14:28:44.441805+05:45,2026-08-25 14:28:44,live_market,live_market_88,True,cloud_automated,Tuesday - Trading Hours: 11:00 AM - 3:00 PM NPT,8123,Dhaulagiri Laghubitta Bittiya Sanstha Limited,DLBS,58.0,73.0,1040.0,-9.57,1150.0,,1115.5,1115.5,1040.0,79473.0,2026-08-25 14:26:27.604378,10.0,1088.67,,,,,,,,,,,,,,7,"price_volume, live_market, summary, top_gainers, top_losers, nepse_index, supply_demand",5707
2026-08-25T14:28:44.441805+05:45,2026-08-25 14:28:44,live_market,live_market_89,True,cloud_automated,Tuesday - Trading Hours: 11:00 AM - 3:00 PM NPT,8021,Sahas Urja Limited,SAHAS,58.0,61127.0,683.0,-0.15,684.0,,685.0,691.0,680.1,41897795.3,2026-08-25 14:26:26.801526,10.0,685.42,,,,,,,,,,,,,,7,"price_volume, live_market, summary, top_gainers, top_losers, nepse_index, supply_demand",5707
2026-08-25T14:28:44.441805+05:45,2026-08-25 14:28:44,live_market,live_market_90,True,cloud_automated,Tuesday - Trading Hours: 11:00 AM - 3:00 PM NPT,263,Guheshowori Merchant Bank & Finance Co. Ltd.,GMFIL,58.0,12676.0,426.0,-2.07,435.0,,435.0,437.0,425.0,5406791.0,2026-08-25 14:26:21.852789,200.0,426.54,,,,,,,,,,,,,,7,"price_volume, live_market, summary, top_gainers, top_losers, nepse_index, supply_demand",5707
2026-08-25T14:28:44.441805+05:45,2026-08-25 14:28:44,live_market,live_market_91,True,cloud_automated,Tuesday - Trading Hours: 11:00 AM - 3:00 PM NPT,2925,Mahila Lagubitta Bittiya Sanstha Limited ,MLBSL,58.0,1611.0,1164.0,-1.36,1180.0,,1164.0,1165.0,1150.2,1870734.5,2026-08-25 14:26:21.758821,17.0,1161.23,,,,,,,,,,,,,,7,"price_volume, live_market, summary, top_gainers, top_losers, nepse_index, supply_demand",5707
2026-08-25T14:28:44.441805+05:45,2026-08-25 14:28:44,live_market,live_market_92,True,cloud_automated,Tuesday - Trading Hours: 11:00 AM - 3:00 PM NPT,8065,CYC Nepal Laghubitta Bittiya Sanstha Limited,CYCL,58.0,26436.0,1583.2,-1.05,1600.0,,1520.0,1633.0,1520.0,41317432.8,2026-08-25 14:26:21.196819,10.0,1562.92,,,,,,,,,,,,,,7,"price_volume, live_market, summary, top_gainers, top_losers, nepse_index, supply_demand",5707
2026-08-25T14:28:44.441805+05:45,2026-08-25 14:28:44,live_market,live_market_93,True,cloud_automated,Tuesday - Trading Hours: 11:00 AM - 3:00 PM NPT,141,Laxmi Sunrise Bank Limited,LSL,58.0,37444.0,217.3,-0.32,218.0,,218.0,219.0,216.7,8145950.9,2026-08-25 14:26:18.41004,27.0,217.55,,,,,,,,,,,,,,7,"price_volume, live_market, summary, top_gainers, top_losers, nepse_index, supply_demand",5707
2026-08-25T14:28:44.441805+05:45,2026-08-25 14:28:44,live_market,live_market_94,True,cloud_automated,Tuesday - Trading Hours: 11:00 AM - 3:00 PM NPT,396,Nerude Mirmire Laghubitta Bittiya Sanstha Limited,NMLBBL,58.0,5603.0,488.0,-0.81,492.0,,495.0,499.0,488.0,2747757.3,2026-08-25 14:26:17.500268,10.0,490.41,,,,,,,,,,,,,,7,"price_volume, live_market, summary, top_gainers, top_losers, nepse_index, supply_demand",5707
2026-08-25T14:28:44.441805+05:45,2026-08-25 14:28:44,live_market,live_market_95,True,cloud_automated,Tuesday - Trading Hours: 11:00 AM - 3:00 PM NPT,2887,NIC ASIA Laghubitta Bittiya Sanstha Limited,NICLBSL,58.0,5591.0,532.0,-1.3,539.0,,539.0,544.7,528.0,2984278.3,2026-08-25 14:26:16.963907,243.0,533.76,,,,,,,,,,,,,,7,"price_volume, live_market, summary, top_gainers, top_losers, nepse_index, supply_demand",5707
2026-08-25T14:28:44.441805+05:45,2026-08-25 14:28:44,live_market,live_market_96,True,cloud_automated,Tuesday - Trading Hours: 11:00 AM - 3:00 PM NPT,132,Nepal Investment Mega Bank Limited,NIMB,58.0,36958.0,185.9,-0.05,186.0,,186.0,187.5,185.1,6880770.5,2026-08-25 14:26:16.726892,47.0,186.18,,,,,,,,,,,,,,7,"price_volume, live_market, summary, top_gainers, top_losers, nepse_index, supply_demand",5707
2026-08-25T14:28:44.441805+05:45,2026-08-25 14:28:44,live_market,live_market_97,True,cloud_automated,Tuesday - Trading Hours: 11:00 AM - 3:00 PM NPT,2744,Green Development Bank Ltd.,GRDBL,58.0,1566.0,979.9,0.03,979.6,,950.3,994.9,950.3,1517644.4,2026-08-25 14:26:15.598131,10.0,969.12,,,,,,,,,,,,,,7,"price_volume, live_market, summary, top_gainers, top_losers, nepse_index, supply_demand",5707
2026-08-25T14:28:44.441805+05:45,2026-08-25 14:28:44,live_market,live_market_98,True,cloud_automated,Tuesday - Trading Hours: 11:00 AM - 3:00 PM NPT,9212,Mandu Hydropower Limited,MANDU,58.0,2209.0,711.5,-3.59,738.0,,734.0,734.0,711.1,1575794.3,2026-08-25 14:26:15.395435,10.0,713.35,,,,,,,,,,,,,,7,"price_volume, live_market, summary, top_gainers, top_losers, nepse_index, supply_demand",5707
2026-08-25T14:28:44.441805+05:45,2026-08-25 14:28:44,live_market,live_market_99,True,cloud_automated,Tuesday - Trading Hours: 11:00 AM - 3:00 PM NPT,9334,Kalinchock Hydropower Limited,KHPL,58.0,5215.0,739.0,0.27,737.0,,737.0,759.0,730.0,3856474.8,2026-08-25 14:26:13.586649,10.0,739.5,,,,,,,,,,,,,,7,"price_volume, live_market, summary, top_gainers, top_losers, nepse_index, supply_demand",5707
2026-08-25T14:28:44.441805+05:45,2026-08-25 14:28:44,live_market,live_market_100,True,cloud_automated,Tuesday - Trading Hours: 11:00 AM - 3:00 PM NPT,574,Sana Kisan Bikas Laghubitta Bittiya Sanstha Limited,SKBBL,58.0,5211.0,746.0,0.0,746.0,,754.9,755.5,746.0,3892508.0,2026-08-25 14:26:13.240134,29.0,746.98,,,,,,,,,,,,,,7,"price_volume, live_market, summary, top_gainers, top_losers, nepse_index, supply_demand",5707
2026-08-25T14:28:44.441805+05:45,2026-08-25 14:28:44,live_market,live_market_101,True,cloud_automated,Tuesday - Trading Hours: 11:00 AM - 3:00 PM NPT,9312,Nepal Life Samriddhi Lagani Yojana,NSY,58.0,5700.0,9.08,0.89,9.0,,9.01,9.28,9.01,51825.0,2026-08-25 14:26:13.210866,100.0,9.09,,,,,,,,,,,,,,7,"price_volume, live_market, summary, top_gainers, top_losers, nepse_index, supply_demand",5707
2026-08-25T14:28:44.441805+05:45,2026-08-25 14:28:44,live_market,live_market_102,True,cloud_automated,Tuesday - Trading Hours: 11:00 AM - 3:00 PM NPT,137,Everest Bank Limited,EBL,58.0,11546.0,727.7,0.22,726.1,,726.1,731.0,726.1,8414968.5,2026-08-25 14:26:12.056632,40.0,728.82,,,,,,,,,,,,,,7,"price_volume, live_market, summary, top_gainers, top_losers, nepse_index, supply_demand",5707
2026-08-25T14:28:44.441805+05:45,2026-08-25 14:28:44,live_market,live_market_103,True,cloud_automated,Tuesday - Trading Hours: 11:00 AM - 3:00 PM NPT,9183,Nepal Republic Media Limited,NRM,58.0,1484.0,298.5,0.84,296.0,,296.0,300.0,295.0,440874.5,2026-08-25 14:26:05.925173,20.0,297.09,,,,,,,,,,,,,,7,"price_volume, live_market, summary, top_gainers, top_losers, nepse_index, supply_demand",5707
2026-08-25T14:28:44.441805+05:45,2026-08-25 14:28:44,live_market,live_market_104,True,cloud_automated,Tuesday - Trading Hours: 11:00 AM - 3:00 PM NPT,9287,Mabilung Energy Limited,MABEL,58.0,1977.0,583.2,-2.64,599.0,,583.0,590.0,583.0,1156646.4,2026-08-25 14:26:02.407409,57.0,585.05,,,,,,,,,,,,,,7,"price_volume, live_market, summary, top_gainers, top_losers, nepse_index, supply_demand",5707
2026-08-25T14:28:44.441805+05:45,2026-08-25 14:28:44,live_market,live_market_105,True,cloud_automated,Tuesday - Trading Hours: 11:00 AM - 3:00 PM NPT,9233,Nepal Warehousing Company Limited ,NWCL,58.0,3764.0,623.0,-3.56,646.0,,635.1,635.1,622.0,2371188.1,2026-08-25 14:26:02.081546,246.0,629.96,,,,,,,,,,,,,,7,"price_volume, live_market, summary, top_gainers, top_losers, nepse_index, supply_demand",5707
2026-08-25T14:28:44.441805+05:45,2026-08-25 14:28:44,live_market,live_market_106,True,cloud_automated,Tuesday - Trading Hours: 11:00 AM - 3:00 PM NPT,474,Muktinath Bikas Bank Ltd.,MNBBL,58.0,18720.0,359.0,0.11,358.6,,365.0,365.0,356.0,6714821.0,2026-08-25 14:26:01.555672,100.0,358.7,,,,,,,,,,,,,,7,"price_volume, live_market, summary, top_gainers, top_losers, nepse_index, supply_demand",5707
2026-08-25T14:28:44.441805+05:45,2026-08-25 14:28:44,live_market,live_market_107,True,cloud_automated,Tuesday - Trading Hours: 11:00 AM - 3:00 PM NPT,133,Standard Chartered Bank Limited,SCB,58.0,5255.0,643.9,-0.71,648.5,,648.0,653.0,642.2,3393763.7,2026-08-25 14:26:00.806416,10.0,645.82,,,,,,,,,,,,,,7,"price_volume, live_market, summary, top_gainers, top_losers, nepse_index, supply_demand",5707
2026-08-25T14:28:44.441805+05:45,2026-08-25 14:28:44,live_market,live_market_108,True,cloud_automated,Tuesday - Trading Hours: 11:00 AM - 3:00 PM NPT,9201,Sun Nepal Life Insurance Company Limited,SNLI,58.0,10835.0,395.1,-0.73,398.0,,396.1,398.0,394.9,4286547.4,2026-08-25 14:25:58.602228,10.0,395.62,,,,,,,,,,,,,,7,"price_volume, live_market, summary, top_gainers, top_losers, nepse_index, supply_demand",5707
2026-08-25T14:28:44.441805+05:45,2026-08-25 14:28:44,live_market,live_market_109,True,cloud_automated,Tuesday - Trading Hours: 11:00 AM - 3:00 PM NPT,8026,Nyadi Hydropower Limited,NYADI,58.0,1293.0,353.6,-1.23,358.0,,350.4,364.0,350.4,460671.7,2026-08-25 14:25:58.203869,10.0,356.28,,,,,,,,,,,,,,7,"price_volume, live_market, summary, top_gainers, top_losers, nepse_index, supply_demand",5707
2026-08-25T14:28:44.441805+05:45,2026-08-25 14:28:44,live_market,live_market_110,True,cloud_automated,Tuesday - Trading Hours: 11:00 AM - 3:00 PM NPT,2767,Himalayan Power Partner Ltd.,HPPL,58.0,51923.0,374.9,-1.32,379.9,,375.0,378.0,372.0,19447063.9,2026-08-25 14:25:50.734242,200.0,374.54,,,,,,,,,,,,,,7,"price_volume, live_market, summary, top_gainers, top_losers, nepse_index, supply_demand",5707
2026-08-25T14:28:44.441805+05:45,2026-08-25 14:28:44,live_market,live_market_111,True,cloud_automated,Tuesday - Trading Hours: 11:00 AM - 3:00 PM NPT,2824,Himalaya Urja Bikas Company Limited,HURJA,58.0,23887.0,232.1,-0.6,233.5,,236.9,236.9,231.1,5563737.9,2026-08-25 14:25:49.983695,150.0,232.92,,,,,,,,,,,,,,7,"price_volume, live_market, summary, top_gainers, top_losers, nepse_index, supply_demand",5707
2026-08-25T14:28:44.441805+05:45,2026-08-25 14:28:44,live_market,live_market_112,True,cloud_automated,Tuesday - Trading Hours: 11:00 AM - 3:00 PM NPT,3946,CEDB Holdings Limited,CHDC,58.0,13503.0,2193.0,-1.13,2218.0,,2239.8,2239.8,2190.0,29663181.2,2026-08-25 14:25:47.617129,25.0,2196.78,,,,,,,,,,,,,,7,"price_volume, live_market, summary, top_gainers, top_losers, nepse_index, supply_demand",5707
2026-08-25T14:28:44.441805+05:45,2026-08-25 14:28:44,live_market,live_market_113,True,cloud_automated,Tuesday - Trading Hours: 11:00 AM - 3:00 PM NPT,2903,Liberty Energy Company Limited,LEC,58.0,39628.0,213.2,-0.33,213.9,,213.9,218.0,212.3,8477481.1,2026-08-25 14:25:46.572705,144.0,213.93,,,,,,,,,,,,,,7,"price_volume, live_market, summary, top_gainers, top_losers, nepse_index, supply_demand",5707
2026-08-25T14:28:44.441805+05:45,2026-08-25 14:28:44,live_market,live_market_114,True,cloud_automated,Tuesday - Trading Hours: 11:00 AM - 3:00 PM NPT,2789,Joshi Hydropower Development Company Ltd,JOSHI,58.0,15717.0,258.0,-0.39,259.0,,261.0,262.0,257.0,4057107.7,2026-08-25 14:25:45.610802,20.0,258.13,,,,,,,,,,,,,,7,"price_volume, live_market, summary, top_gainers, top_losers, nepse_index, supply_demand",5707
2026-08-25T14:28:44.441805+05:45,2026-08-25 14:28:44,live_market,live_market_115,True,cloud_automated,Tuesday - Trading Hours: 11:00 AM - 3:00 PM NPT,8100,Swet-Ganga Hydropower & Construction Limited ,SGHC,58.0,18892.0,301.2,-1.05,304.4,,305.0,306.2,300.0,5713773.6,2026-08-25 14:25:39.980187,200.0,302.44,,,,,,,,,,,,,,7,"price_volume, live_market, summary, top_gainers, top_losers, nepse_index, supply_demand",5707
2026-08-25T14:28:44.441805+05:45,2026-08-25 14:28:44,live_market,live_market_116,True,cloud_automated,Tuesday - Trading Hours: 11:00 AM - 3:00 PM NPT,9203,Manakamana Engineering Hydropower Limited,MEHL,58.0,61097.0,237.9,-2.9,245.0,,250.0,250.0,235.3,14635838.5,2026-08-25 14:25:37.638777,1000.0,239.55,,,,,,,,,,,,,,7,"price_volume, live_market, summary, top_gainers, top_losers, nepse_index, supply_demand",5707
2026-08-25T14:28:44.441805+05:45,2026-08-25 14:28:44,live_market,live_market_117,True,cloud_automated,Tuesday - Trading Hours: 11:00 AM - 3:00 PM NPT,401,Mahalaxmi Bikas Bank Ltd.,MLBL,58.0,8095.0,349.9,0.03,349.8,,350.0,351.0,345.2,2822346.4,2026-08-25 14:25:33.420144,10.0,348.65,,,,,,,,,,,,,,7,"price_volume, live_market, summary, top_gainers, top_losers, nepse_index, supply_demand",5707
2026-08-25T14:28:44.441805+05:45,2026-08-25 14:28:44,live_market,live_market_118,True,cloud_automated,Tuesday - Trading Hours: 11:00 AM - 3:00 PM NPT,8104,Upper Solu Hydro Electric Company Limited,USHEC,58.0,1918.0,497.2,-0.56,500.0,,500.2,505.0,497.2,957778.6,2026-08-25 14:25:31.900182,10.0,499.36,,,,,,,,,,,,,,7,"price_volume, live_market, summary, top_gainers, top_losers, nepse_index, supply_demand",5707
2026-08-25T14:28:44.441805+05:45,2026-08-25 14:28:44,live_market,live_market_119,True,cloud_automated,Tuesday - Trading Hours: 11:00 AM - 3:00 PM NPT,131,Nabil Bank Limited,NABIL,58.0,24369.0,541.5,0.0,541.5,,541.5,543.0,540.0,13189582.0,2026-08-25 14:25:29.775881,500.0,541.24,,,,,,,,,,,,,,7,"price_volume, live_market, summary, top_gainers, top_losers, nepse_index, supply_demand",5707
2026-08-25T14:28:44.441805+05:45,2026-08-25 14:28:44,live_market,live_market_120,True,cloud_automated,Tuesday - Trading Hours: 11:00 AM - 3:00 PM NPT,153,Butwal Power Company Limited,BPCL,58.0,14293.0,650.0,-1.49,659.8,,657.0,660.0,649.1,9325042.0,2026-08-25 14:25:28.77782,200.0,652.42,,,,,,,,,,,,,,7,"price_volume, live_market, summary, top_gainers, top_losers, nepse_index, supply_demand",5707
2026-08-25T14:28:44.441805+05:45,2026-08-25 14:28:44,live_market,live_market_121,True,cloud_automated,Tuesday - Trading Hours: 11:00 AM - 3:00 PM NPT,2913,Mountain Energy Nepal Limited,MEN,58.0,33970.0,620.0,0.15,619.1,,619.0,623.4,617.0,21026378.0,2026-08-25 14:25:27.018415,25.0,618.97,,,,,,,,,,,,,,7,"price_volume, live_market, summary, top_gainers, top_losers, nepse_index, supply_demand",5707
2026-08-25T14:28:44.441805+05:45,2026-08-25 14:28:44,live_market,live_market_122,True,cloud_automated,Tuesday - Trading Hours: 11:00 AM - 3:00 PM NPT,8076,Himalayan Hydropower Limited,HHL,58.0,16470.0,326.0,-1.81,332.0,,333.0,334.0,325.0,5397107.2,2026-08-25 14:25:25.820242,1150.0,327.69,,,,,,,,,,,,,,7,"price_volume, live_market, summary, top_gainers, top_losers, nepse_index, supply_demand",5707
2026-08-25T14:28:44.441805+05:45,2026-08-25 14:28:44,live_market,live_market_123,True,cloud_automated,Tuesday - Trading Hours: 11:00 AM - 3:00 PM NPT,490,First Micro Finance Laghubitta Bittiya Sanstha Limited,FMDBL,58.0,10994.0,741.1,-1.19,750.0,,745.0,750.0,740.0,8170734.7,2026-08-25 14:25:23.185548,103.0,743.2,,,,,,,,,,,,,,7,"price_volume, live_market, summary, top_gainers, top_losers, nepse_index, supply_demand",5707
2026-08-25T14:28:44.441805+05:45,2026-08-25 14:28:44,live_market,live_market_124,True,cloud_automated,Tuesday - Trading Hours: 11:00 AM - 3:00 PM NPT,235,Himalayan Distillery Limited,HDL,58.0,9680.0,1170.0,-0.08,1170.9,,1170.0,1177.9,1169.0,11343780.3,2026-08-25 14:25:22.831555,20.0,1171.88,,,,,,,,,,,,,,7,"price_volume, live_market, summary, top_gainers, top_losers, nepse_index, supply_demand",5707
2026-08-25T14:28:44.441805+05:45,2026-08-25 14:28:44,live_market,live_market_125,True,cloud_automated,Tuesday - Trading Hours: 11:00 AM - 3:00 PM NPT,591,Sanima Mai Hydropower Ltd.,SHPC,58.0,30801.0,514.5,0.06,514.2,,514.0,522.0,512.0,15916131.1,2026-08-25 14:25:22.422948,60.0,516.74,,,,,,,,,,,,,,7,"price_volume, live_market, summary, top_gainers, top_losers, nepse_index, supply_demand",5707
2026-08-25T14:28:44.441805+05:45,2026-08-25 14:28:44,live_market,live_market_126,True,cloud_automated,Tuesday - Trading Hours: 11:00 AM - 3:00 PM NPT,9342,Yambaling Hydropower Limited,YMHL,58.0,7846.0,589.0,-1.83,600.0,,570.0,606.0,570.0,4647313.0,2026-08-25 14:25:22.13396,10.0,592.32,,,,,,,,,,,,,,7,"price_volume, live_market, summary, top_gainers, top_losers, nepse_index, supply_demand",5707
2026-08-25T14:28:44.441805+05:45,2026-08-25 14:28:44,live_market,live_market_127,True,cloud_automated,Tuesday - Trading Hours: 11:00 AM - 3:00 PM NPT,8041,NESDO Sambridha Laghubitta Bittiya Sanstha Limited,NESDO,58.0,315.0,1340.0,-1.11,1355.0,,1330.3,1355.0,1330.0,421523.5,2026-08-25 14:25:18.841961,10.0,1338.17,,,,,,,,,,,,,,7,"price_volume, live_market, summary, top_gainers, top_losers, nepse_index, supply_demand",5707
2026-08-25T14:28:44.441805+05:45,2026-08-25 14:28:44,live_market,live_market_128,True,cloud_automated,Tuesday - Trading Hours: 11:00 AM - 3:00 PM NPT,610,Ridi Power Company Limited,RIDI,58.0,162663.0,356.0,-0.28,357.0,,356.5,360.0,355.1,58106926.0,2026-08-25 14:25:18.810597,335.0,357.22,,,,,,,,,,,,,,7,"price_volume, live_market, summary, top_gainers, top_losers, nepse_index, supply_demand",5707
2026-08-25T14:28:44.441805+05:45,2026-08-25 14:28:44,live_market,live_market_129,True,cloud_automated,Tuesday - Trading Hours: 11:00 AM - 3:00 PM NPT,9329,Shikhar power Development Limited,SIPD,58.0,4663.0,614.2,-1.1,621.0,,620.0,635.0,614.2,2894070.0,2026-08-25 14:25:15.849992,10.0,620.65,,,,,,,,,,,,,,7,"price_volume, live_market, summary, top_gainers, top_losers, nepse_index, supply_demand",5707
2026-08-25T14:28:44.441805+05:45,2026-08-25 14:28:44,live_market,live_market_130,True,cloud_automated,Tuesday - Trading Hours: 11:00 AM - 3:00 PM NPT,2751,Khanikhola Hydropower Co. Ltd.,KKHC,58.0,55036.0,273.0,-2.12,278.9,,280.0,282.5,272.7,15246677.0,2026-08-25 14:25:14.080605,110.0,277.03,,,,,,,,,,,,,,7,"price_volume, live_market, summary, top_gainers, top_losers, nepse_index, supply_demand",5707
2026-08-25T14:28:44.441805+05:45,2026-08-25 14:28:44,live_market,live_market_131,True,cloud_automated,Tuesday - Trading Hours: 11:00 AM - 3:00 PM NPT,9301,Shreenagar Agritech Industries Limited,SAIL,58.0,9162.0,1004.0,-1.08,1015.0,,990.0,1019.7,990.0,9188956.4,2026-08-25 14:25:09.483778,11.0,1002.94,,,,,,,,,,,,,,7,"price_volume, live_market, summary, top_gainers, top_losers, nepse_index, supply_demand",5707
2026-08-25T14:28:44.441805+05:45,2026-08-25 14:28:44,live_market,live_market_132,True,cloud_automated,Tuesday - Trading Hours: 11:00 AM - 3:00 PM NPT,147,Soaltee Hotel Limited,SHL,58.0,21541.0,502.0,-1.55,509.9,,509.0,510.0,500.0,10859494.8,2026-08-25 14:25:08.873713,100.0,504.13,,,,,,,,,,,,,,7,"price_volume, live_market, summary, top_gainers, top_losers, nepse_index, supply_demand",5707
2026-08-25T14:28:44.441805+05:45,2026-08-25 14:28:44,live_market,live_market_133,True,cloud_automated,Tuesday - Trading Hours: 11:00 AM - 3:00 PM NPT,9270,Him Star Urja Company Limited,HIMSTAR,58.0,3178.0,656.0,0.15,655.0,,665.0,665.0,656.0,2105187.5,2026-08-25 14:25:07.601673,29.0,662.43,,,,,,,,,,,,,,7,"price_volume, live_market, summary, top_gainers, top_losers, nepse_index, supply_demand",5707
2026-08-25T14:28:44.441805+05:45,2026-08-25 14:28:44,live_market,live_market_134,True,cloud_automated,Tuesday - Trading Hours: 11:00 AM - 3:00 PM NPT,8032,Buddha Bhumi Nepal Hydropower Company Limited,BNHC,58.0,5708.0,272.0,-1.7,276.7,,276.7,276.7,270.3,1558113.2,2026-08-25 14:25:07.488709,320.0,272.97,,,,,,,,,,,,,,7,"price_volume, live_market, summary, top_gainers, top_losers, nepse_index, supply_demand",5707
2026-08-25T14:28:44.441805+05:45,2026-08-25 14:28:44,live_market,live_market_135,True,cloud_automated,Tuesday - Trading Hours: 11:00 AM - 3:00 PM NPT,9353,Sarvottam Paints Industries Limited,SAPIL,58.0,1260.0,1054.7,14.99,917.2,,917.0,1054.7,917.0,1324868.0,2026-08-25 14:25:06.843065,10.0,1051.48,,,,,,,,,,,,,,7,"price_volume, live_market, summary, top_gainers, top_losers, nepse_index, supply_demand",5707
2026-08-25T14:28:44.441805+05:45,2026-08-25 14:28:44,live_market,live_market_136,True,cloud_automated,Tuesday - Trading Hours: 11:00 AM - 3:00 PM NPT,9324,Ridge Line Energy Limited,RLEL,58.0,17256.0,861.0,-5.38,910.0,,864.5,896.0,850.0,14960071.5,2026-08-25 14:25:04.672286,10.0,866.95,,,,,,,,,,,,,,7,"price_volume, live_market, summary, top_gainers, top_losers, nepse_index, supply_demand",5707
2026-08-25T14:28:44.441805+05:45,2026-08-25 14:28:44,live_market,live_market_137,True,cloud_automated,Tuesday - Trading Hours: 11:00 AM - 3:00 PM NPT,9170,Dolti Power Company Limited,DOLTI,58.0,27298.0,301.2,-1.21,304.9,,304.9,305.9,298.1,8202852.1,2026-08-25 14:25:02.646769,420.0,300.49,,,,,,,,,,,,,,7,"price_volume, live_market, summary, top_gainers, top_losers, nepse_index, supply_demand",5707
2026-08-25T14:28:44.441805+05:45,2026-08-25 14:28:44,live_market,live_market_138,True,cloud_automated,Tuesday - Trading Hours: 11:00 AM - 3:00 PM NPT,9230,Muktinath Krishi Company Limited,MKCL,58.0,827.0,878.0,-1.9,895.0,,872.5,917.9,872.5,733000.8,2026-08-25 14:25:01.684212,49.0,886.34,,,,,,,,,,,,,,7,"price_volume, live_market, summary, top_gainers, top_losers, nepse_index, supply_demand",5707
2026-08-25T14:28:44.441805+05:45,2026-08-25 14:28:44,live_market,live_market_139,True,cloud_automated,Tuesday - Trading Hours: 11:00 AM - 3:00 PM NPT,9209,Citizen Life Insurance Company Limited,CLI,58.0,5533.0,424.3,-0.52,426.5,,425.0,439.0,424.2,2373468.2,2026-08-25 14:24:58.543621,13.0,428.97,,,,,,,,,,,,,,7,"price_volume, live_market, summary, top_gainers, top_losers, nepse_index, supply_demand",5707
2026-08-25T14:28:44.441805+05:45,2026-08-25 14:28:44,live_market,live_market_140,True,cloud_automated,Tuesday - Trading Hours: 11:00 AM - 3:00 PM NPT,2914,United IDI Mardi RB Hydropower Limited.,UMRH,58.0,1918.0,523.0,0.58,520.0,,534.8,534.8,518.0,996824.5,2026-08-25 14:24:57.325458,90.0,519.72,,,,,,,,,,,,,,7,"price_volume, live_market, summary, top_gainers, top_losers, nepse_index, supply_demand",5707
2026-08-25T14:28:44.441805+05:45,2026-08-25 14:28:44,live_market,live_market_141,True,cloud_automated,Tuesday - Trading Hours: 11:00 AM - 3:00 PM NPT,9217,Mathillo Mailun Khola Jalvidhyut Limited,MMKJL,58.0,367.0,424.0,-1.4,430.0,,429.0,429.0,424.0,156398.5,2026-08-25 14:24:56.647883,15.0,426.15,,,,,,,,,,,,,,7,"price_volume, live_market, summary, top_gainers, top_losers, nepse_index, supply_demand",5707
2026-08-25T14:28:44.441805+05:45,2026-08-25 14:28:44,live_market,live_market_142,True,cloud_automated,Tuesday - Trading Hours: 11:00 AM - 3:00 PM NPT,9208,Upper Lohore Khola Hydropower Company Limited,ULHC,58.0,7956.0,321.2,-0.16,321.7,,321.7,331.3,320.1,2568677.1,2026-08-25 14:24:55.964973,162.0,322.86,,,,,,,,,,,,,,7,"price_volume, live_market, summary, top_gainers, top_losers, nepse_index, supply_demand",5707
2026-08-25T14:28:44.441805+05:45,2026-08-25 14:28:44,live_market,live_market_143,True,cloud_automated,Tuesday - Trading Hours: 11:00 AM - 3:00 PM NPT,9263,Sanvi Energy Limited,SANVI,58.0,7145.0,573.0,-0.66,576.8,,576.8,578.0,565.1,4075910.7,2026-08-25 14:24:54.388855,10.0,570.46,,,,,,,,,,,,,,7,"price_volume, live_market, summary, top_gainers, top_losers, nepse_index, supply_demand",5707
2026-08-25T14:28:44.441805+05:45,2026-08-25 14:28:44,live_market,live_market_144,True,cloud_automated,Tuesday - Trading Hours: 11:00 AM - 3:00 PM NPT,186,IGI Prudential insurance Limited,IGI,58.0,7799.0,410.1,-1.58,416.7,,418.0,420.0,410.1,3216307.1,2026-08-25 14:24:51.729625,35.0,412.4,,,,,,,,,,,,,,7,"price_volume, live_market, summary, top_gainers, top_losers, nepse_index, supply_demand",5707
2026-08-25T14:28:44.441805+05:45,2026-08-25 14:28:44,live_market,live_market_145,True,cloud_automated,Tuesday - Trading Hours: 11:00 AM - 3:00 PM NPT,403,SuryaJyoti Life Insurance Company Limited,SJLIC,58.0,7549.0,402.3,-0.67,405.0,,405.0,406.0,400.6,3038068.5,2026-08-25 14:24:51.458881,10.0,402.45,,,,,,,,,,,,,,7,"price_volume, live_market, summary, top_gainers, top_losers, nepse_index, supply_demand",5707
2026-08-25T14:28:44.441805+05:45,2026-08-25 14:28:44,live_market,live_market_146,True,cloud_automated,Tuesday - Trading Hours: 11:00 AM - 3:00 PM NPT,172,Narayani Development Bank Limited,NABBC,58.0,3365.0,762.0,-0.61,766.7,,785.0,785.0,760.0,2572993.0,2026-08-25 14:24:50.780238,300.0,764.63,,,,,,,,,,,,,,7,"price_volume, live_market, summary, top_gainers, top_losers, nepse_index, supply_demand",5707
2026-08-25T14:28:44.441805+05:45,2026-08-25 14:28:44,live_market,live_market_147,True,cloud_automated,Tuesday - Trading Hours: 11:00 AM - 3:00 PM NPT,8070,Dordi Khola Jal Bidyut Company Limited,DORDI,58.0,11969.0,245.5,-0.69,247.2,,249.9,250.0,245.2,2943837.7,2026-08-25 14:24:49.148349,294.0,245.96,,,,,,,,,,,,,,7,"price_volume, live_market, summary, top_gainers, top_losers, nepse_index, supply_demand",5707
2026-08-25T14:28:44.441805+05:45,2026-08-25 14:28:44,live_market,live_market_148,True,cloud_automated,Tuesday - Trading Hours: 11:00 AM - 3:00 PM NPT,9337,Appolo Hydropower Limited,APHL,58.0,4776.0,696.7,-1.12,704.6,,693.0,716.0,693.0,3347980.1,2026-08-25 14:24:48.913624,10.0,701.0,,,,,,,,,,,,,,7,"price_volume, live_market, summary, top_gainers, top_losers, nepse_index, supply_demand",5707
2026-08-25T14:28:44.441805+05:45,2026-08-25 14:28:44,live_market,live_market_149,True,cloud_automated,Tuesday - Trading Hours: 11:00 AM - 3:00 PM NPT,397,Agricultural Development Bank Limited,ADBL,58.0,10201.0,298.8,-0.23,299.5,,300.0,300.0,298.6,3051919.7,2026-08-25 14:24:46.331954,47.0,299.18,,,,,,,,,,,,,,7,"price_volume, live_market, summary, top_gainers, top_losers, nepse_index, supply_demand",5707
2026-08-25T14:28:44.441805+05:45,2026-08-25 14:28:44,live_market,live_market_150,True,cloud_automated,Tuesday - Trading Hours: 11:00 AM - 3:00 PM NPT,180,United Ajod Insurance Limited,UAIL,58.0,7165.0,416.3,-0.41,418.0,,418.0,428.0,416.1,3005384.5,2026-08-25 14:24:44.337409,3.0,419.45,,,,,,,,,,,,,,7,"price_volume, live_market, summary, top_gainers, top_losers, nepse_index, supply_demand",5707
2026-08-25T14:28:44.441805+05:45,2026-08-25 14:28:44,live_market,live_market_151,True,cloud_automated,Tuesday - Trading Hours: 11:00 AM - 3:00 PM NPT,9174,Prabhu Smart Fund,PRSF,58.0,98750.0,12.72,-0.08,12.73,,12.75,12.87,12.65,1249857.5,2026-08-25 14:24:42.361984,100.0,12.66,,,,,,,,,,,,,,7,"price_volume, live_market, summary, top_gainers, top_losers, nepse_index, supply_demand",5707
2026-08-25T14:28:44.441805+05:45,2026-08-25 14:28:44,live_market,live_market_152,True,cloud_automated,Tuesday - Trading Hours: 11:00 AM - 3:00 PM NPT,232,Goodwill Finance Limited,GFCL,58.0,3117.0,575.0,-0.84,579.9,,579.0,588.8,573.0,1795303.4,2026-08-25 14:24:42.183918,393.0,575.97,,,,,,,,,,,,,,7,"price_volume, live_market, summary, top_gainers, top_losers, nepse_index, supply_demand",5707
2026-08-25T14:28:44.441805+05:45,2026-08-25 14:28:44,live_market,live_market_153,True,cloud_automated,Tuesday - Trading Hours: 11:00 AM - 3:00 PM NPT,9171,Bhugol Energy Development Company Limited,BEDC,58.0,7878.0,301.0,-0.33,302.0,,304.0,305.0,300.1,2374986.4,2026-08-25 14:24:41.505698,40.0,301.47,,,,,,,,,,,,,,7,"price_volume, live_market, summary, top_gainers, top_losers, nepse_index, supply_demand",5707
2026-08-25T14:28:44.441805+05:45,2026-08-25 14:28:44,live_market,live_market_154,True,cloud_automated,Tuesday - Trading Hours: 11:00 AM - 3:00 PM NPT,8023,Mega Mutual Fund -1,MMF1,58.0,9100.0,8.94,-0.11,8.95,,9.19,9.19,8.8,80915.0,2026-08-25 14:24:40.299538,900.0,8.89,,,,,,,,,,,,,,7,"price_volume, live_market, summary, top_gainers, top_losers, nepse_index, supply_demand",5707
2026-08-25T14:28:44.441805+05:45,2026-08-25 14:28:44,live_market,live_market_155,True,cloud_automated,Tuesday - Trading Hours: 11:00 AM - 3:00 PM NPT,135,Nepal SBI Bank Limited,SBI,58.0,22562.0,400.0,-1.23,405.0,,404.0,404.0,399.0,9065976.9,2026-08-25 14:24:32.947087,500.0,401.83,,,,,,,,,,,,,,7,"price_volume, live_market, summary, top_gainers, top_losers, nepse_index, supply_demand",5707
2026-08-25T14:28:44.441805+05:45,2026-08-25 14:28:44,live_market,live_market_156,True,cloud_automated,Tuesday - Trading Hours: 11:00 AM - 3:00 PM NPT,694,Matribhumi Lagubitta Bittiya Sanstha Limited,MATRI,58.0,450.0,775.0,-0.64,780.0,,767.0,789.8,767.0,353335.1,2026-08-25 14:24:32.683209,2.0,785.19,,,,,,,,,,,,,,7,"price_volume, live_market, summary, top_gainers, top_losers, nepse_index, supply_demand",5707
2026-08-25T14:28:44.441805+05:45,2026-08-25 14:28:44,live_market,live_market_157,True,cloud_automated,Tuesday - Trading Hours: 11:00 AM - 3:00 PM NPT,2759,Synergy Power Development Ltd.,SPDL,58.0,8213.0,356.1,-1.08,360.0,,352.0,362.0,352.0,2942141.7,2026-08-25 14:24:30.978849,100.0,358.23,,,,,,,,,,,,,,7,"price_volume, live_market, summary, top_gainers, top_losers, nepse_index, supply_demand",5707
2026-08-25T14:28:44.441805+05:45,2026-08-25 14:28:44,live_market,live_market_158,True,cloud_automated,Tuesday - Trading Hours: 11:00 AM - 3:00 PM NPT,4951,Jeevan Bikas Laghubitta  Bittya Sanstha Ltd,JBLB,58.0,2493.0,1245.3,-0.3,1249.0,,1250.0,1257.0,1241.1,3104750.4,2026-08-25 14:24:29.844186,10.0,1245.39,,,,,,,,,,,,,,7,"price_volume, live_market, summary, top_gainers, top_losers, nepse_index, supply_demand",5707
2026-08-25T14:28:44.441805+05:45,2026-08-25 14:28:44,live_market,live_market_159,True,cloud_automated,Tuesday - Trading Hours: 11:00 AM - 3:00 PM NPT,8045,Green Ventures Limited,GVL,58.0,3431.0,475.5,-0.52,478.0,,480.0,483.0,474.3,1636547.7,2026-08-25 14:24:28.982291,10.0,476.99,,,,,,,,,,,,,,7,"price_volume, live_market, summary, top_gainers, top_losers, nepse_index, supply_demand",5707
2026-08-25T14:28:44.441805+05:45,2026-08-25 14:28:44,live_market,live_market_160,True,cloud_automated,Tuesday - Trading Hours: 11:00 AM - 3:00 PM NPT,250,Janaki Finance Company Limited,JFL,58.0,2631.0,380.0,0.53,378.0,,374.3,380.0,374.1,992657.6,2026-08-25 14:24:24.191443,41.0,377.29,,,,,,,,,,,,,,7,"price_volume, live_market, summary, top_gainers, top_losers, nepse_index, supply_demand",5707
2026-08-25T14:28:44.441805+05:45,2026-08-25 14:28:44,live_market,live_market_161,True,cloud_automated,Tuesday - Trading Hours: 11:00 AM - 3:00 PM NPT,8126,Sikles Hydropower Limited,SIKLES,58.0,4680.0,562.0,-0.71,566.0,,555.1,569.0,555.1,2621215.8,2026-08-25 14:24:20.42681,10.0,560.09,,,,,,,,,,,,,,7,"price_volume, live_market, summary, top_gainers, top_losers, nepse_index, supply_demand",5707
2026-08-25T14:28:44.441805+05:45,2026-08-25 14:28:44,live_market,live_market_162,True,cloud_automated,Tuesday - Trading Hours: 11:00 AM - 3:00 PM NPT,139,NIC Asia Bank Ltd.,NICA,58.0,36386.0,309.9,-0.35,311.0,,310.1,312.2,308.6,11286989.6,2026-08-25 14:24:20.017997,10.0,310.2,,,,,,,,,,,,,,7,"price_volume, live_market, summary, top_gainers, top_losers, nepse_index, supply_demand",5707
2026-08-25T14:28:44.441805+05:45,2026-08-25 14:28:44,live_market,live_market_163,True,cloud_automated,Tuesday - Trading Hours: 11:00 AM - 3:00 PM NPT,9305,Salapa Bikas Bank Limited,SABBL,58.0,9791.0,899.8,2.75,875.7,,919.0,919.0,875.1,8648858.8,2026-08-25 14:24:19.763897,10.0,883.35,,,,,,,,,,,,,,7,"price_volume, live_market, summary, top_gainers, top_losers, nepse_index, supply_demand",5707
2026-08-25T14:28:44.441805+05:45,2026-08-25 14:28:44,live_market,live_market_164,True,cloud_automated,Tuesday - Trading Hours: 11:00 AM - 3:00 PM NPT,8111,Hydorelectricity Investment and Development Company Limited Promoter,HIDCLP,58.0,25070.0,182.2,-0.92,183.9,,183.7,184.8,182.2,4596955.2,2026-08-25 14:24:18.615234,30.0,183.36,,,,,,,,,,,,,,7,"price_volume, live_market, summary, top_gainers, top_losers, nepse_index, supply_demand",5707
2026-08-25T14:28:44.441805+05:45,2026-08-25 14:28:44,live_market,live_market_165,True,cloud_automated,Tuesday - Trading Hours: 11:00 AM - 3:00 PM NPT,9159,Sagarmatha Jalabidhyut Company Limited,SMJC,58.0,8730.0,427.0,-1.84,435.0,,425.0,438.2,425.0,3740982.8,2026-08-25 14:24:18.065573,12.0,428.52,,,,,,,,,,,,,,7,"price_volume, live_market, summary, top_gainers, top_losers, nepse_index, supply_demand",5707
2026-08-25T14:28:44.441805+05:45,2026-08-25 14:28:44,live_market,live_market_166,True,cloud_automated,Tuesday - Trading Hours: 11:00 AM - 3:00 PM NPT,371,Miteri Development Bank Limited,MDB,58.0,5710.0,559.0,-0.71,563.0,,563.0,565.0,559.0,3201725.7,2026-08-25 14:24:08.27878,166.0,560.72,,,,,,,,,,,,,,7,"price_volume, live_market, summary, top_gainers, top_losers, nepse_index, supply_demand",5707
2026-08-25T14:28:44.441805+05:45,2026-08-25 14:28:44,live_market,live_market_167,True,cloud_automated,Tuesday - Trading Hours: 11:00 AM - 3:00 PM NPT,9192,Upper Syange Hydropower Limited,USHL,58.0,875.0,520.0,-3.7,540.0,,532.0,532.0,520.0,458197.0,2026-08-25 14:23:55.683868,84.0,523.65,,,,,,,,,,,,,,7,"price_volume, live_market, summary, top_gainers, top_losers, nepse_index, supply_demand",5707
2026-08-25T14:28:44.441805+05:45,2026-08-25 14:28:44,live_market,live_market_168,True,cloud_automated,Tuesday - Trading Hours: 11:00 AM - 3:00 PM NPT,8122,People's Power Limited,PPL,58.0,18347.0,301.9,-2.58,309.9,,306.0,313.9,300.1,5550993.1,2026-08-25 14:23:54.679119,10.0,302.56,,,,,,,,,,,,,,7,"price_volume, live_market, summary, top_gainers, top_losers, nepse_index, supply_demand",5707
2026-08-25T14:28:44.441805+05:45,2026-08-25 14:28:44,live_market,live_market_169,True,cloud_automated,Tuesday - Trading Hours: 11:00 AM - 3:00 PM NPT,8066,River Falls Power Limited,RFPL,58.0,5851.0,331.0,-0.75,333.5,,332.5,334.0,330.0,1940490.3,2026-08-25 14:23:53.662119,47.0,331.65,,,,,,,,,,,,,,7,"price_volume, live_market, summary, top_gainers, top_losers, nepse_index, supply_demand",5707
2026-08-25T14:28:44.441805+05:45,2026-08-25 14:28:44,live_market,live_market_170,True,cloud_automated,Tuesday - Trading Hours: 11:00 AM - 3:00 PM NPT,2776,Radhi Bidyut Company Ltd,RADHI,58.0,21801.0,699.0,-0.7,703.9,,695.1,705.5,695.1,15271766.6,2026-08-25 14:23:53.350451,18.0,700.51,,,,,,,,,,,,,,7,"price_volume, live_market, summary, top_gainers, top_losers, nepse_index, supply_demand",5707
2026-08-25T14:28:44.441805+05:45,2026-08-25 14:28:44,live_market,live_market_171,True,cloud_automated,Tuesday - Trading Hours: 11:00 AM - 3:00 PM NPT,2786,Panchakanya Mai Hydropower Ltd,PMHPL,58.0,2374.0,304.0,-2.53,311.9,,296.4,321.2,296.4,724060.2,2026-08-25 14:23:52.521048,50.0,305.0,,,,,,,,,,,,,,7,"price_volume, live_market, summary, top_gainers, top_losers, nepse_index, supply_demand",5707
2026-08-25T14:28:44.441805+05:45,2026-08-25 14:28:44,live_market,live_market_172,True,cloud_automated,Tuesday - Trading Hours: 11:00 AM - 3:00 PM NPT,2748,RSDC Laghubitta Bittiya Sanstha Ltd.,RSDC,58.0,678.0,620.0,0.15,619.1,,637.0,637.0,618.0,419874.6,2026-08-25 14:23:48.548824,30.0,619.28,,,,,,,,,,,,,,7,"price_volume, live_market, summary, top_gainers, top_losers, nepse_index, supply_demand",5707
2026-08-25T14:28:44.441805+05:45,2026-08-25 14:28:44,live_market,live_market_173,True,cloud_automated,Tuesday - Trading Hours: 11:00 AM - 3:00 PM NPT,693,Himalayan Laghubitta Bittiya Sanstha Limited,HLBSL,58.0,463.0,858.0,-2.0,875.5,,858.0,858.0,857.0,396932.0,2026-08-25 14:23:38.048398,53.0,857.3,,,,,,,,,,,,,,7,"price_volume, live_market, summary, top_gainers, top_losers, nepse_index, supply_demand",5707
2026-08-25T14:28:44.441805+05:45,2026-08-25 14:28:44,live_market,live_market_174,True,cloud_automated,Tuesday - Trading Hours: 11:00 AM - 3:00 PM NPT,9250,Nepal Micro Insurance Company Limited,NMIC,58.0,650.0,867.0,-0.12,868.0,,868.0,887.0,863.1,563533.0,2026-08-25 14:23:23.592015,90.0,866.97,,,,,,,,,,,,,,7,"price_volume, live_market, summary, top_gainers, top_losers, nepse_index, supply_demand",5707
2026-08-25T14:28:44.441805+05:45,2026-08-25 14:28:44,live_market,live_market_175,True,cloud_automated,Tuesday - Trading Hours: 11:00 AM - 3:00 PM NPT,9218,Trishuli Jal Vidhyut Company Limited ,TVCL,58.0,5500.0,448.0,-1.52,454.9,,464.9,464.9,446.0,2464072.3,2026-08-25 14:23:12.32381,140.0,448.01,,,,,,,,,,,,,,7,"price_volume, live_market, summary, top_gainers, top_losers, nepse_index, supply_demand",5707
2026-08-25T14:28:44.441805+05:45,2026-08-25 14:28:44,live_market,live_market_176,True,cloud_automated,Tuesday - Trading Hours: 11:00 AM - 3:00 PM NPT,360,Arun Valley Hydropower Development Co. Ltd.,AHPC,58.0,56505.0,258.0,-0.65,259.7,,260.0,260.0,257.1,14578210.7,2026-08-25 14:23:09.94793,260.0,258.0,,,,,,,,,,,,,,7,"price_volume, live_market, summary, top_gainers, top_losers, nepse_index, supply_demand",5707
2026-08-25T14:28:44.441805+05:45,2026-08-25 14:28:44,live_market,live_market_177,True,cloud_automated,Tuesday - Trading Hours: 11:00 AM - 3:00 PM NPT,9199,Reliable Nepal Life Insurance Limited,RNLI,58.0,6951.0,420.7,-0.54,423.0,,420.5,430.0,420.0,2929754.9,2026-08-25 14:23:09.427191,1.0,421.49,,,,,,,,,,,,,,7,"price_volume, live_market, summary, top_gainers, top_losers, nepse_index, supply_demand",5707
2026-08-25T14:28:44.441805+05:45,2026-08-25 14:28:44,live_market,live_market_178,True,cloud_automated,Tuesday - Trading Hours: 11:00 AM - 3:00 PM NPT,2806,Ghalemdi Hydro Limited,GHL,58.0,42684.0,230.2,0.96,228.0,,229.9,233.0,227.0,9840743.5,2026-08-25 14:23:00.690692,177.0,230.55,,,,,,,,,,,,,,7,"price_volume, live_market, summary, top_gainers, top_losers, nepse_index, supply_demand",5707
2026-08-25T14:28:44.441805+05:45,2026-08-25 14:28:44,live_market,live_market_179,True,cloud_automated,Tuesday - Trading Hours: 11:00 AM - 3:00 PM NPT,2758,Forward Microfinance Laghubitta Bittiya Sanstha Limited,FOWAD,58.0,2913.0,896.2,-0.97,905.0,,905.0,905.0,893.0,2616100.1,2026-08-25 14:22:58.778407,30.0,898.08,,,,,,,,,,,,,,7,"price_volume, live_market, summary, top_gainers, top_losers, nepse_index, supply_demand",5707
2026-08-25T14:28:44.441805+05:45,2026-08-25 14:28:44,live_market,live_market_180,True,cloud_automated,Tuesday - Trading Hours: 11:00 AM - 3:00 PM NPT,182,Siddhartha Premier Insurance Limited,SPIL,58.0,7022.0,667.0,0.14,666.1,,662.1,667.0,662.0,4660281.8,2026-08-25 14:22:51.558425,20.0,663.67,,,,,,,,,,,,,,7,"price_volume, live_market, summary, top_gainers, top_losers, nepse_index, supply_demand",5707
2026-08-25T14:28:44.441805+05:45,2026-08-25 14:28:44,live_market,live_market_181,True,cloud_automated,Tuesday - Trading Hours: 11:00 AM - 3:00 PM NPT,9252,Crest Micro Life Insurance Limited,CREST,58.0,3713.0,1072.1,-1.64,1090.0,,1050.0,1224.0,1050.0,4056677.6,2026-08-25 14:22:49.391753,10.0,1092.56,,,,,,,,,,,,,,7,"price_volume, live_market, summary, top_gainers, top_losers, nepse_index, supply_demand",5707
2026-08-25T14:28:44.441805+05:45,2026-08-25 14:28:44,live_market,live_market_182,True,cloud_automated,Tuesday - Trading Hours: 11:00 AM - 3:00 PM NPT,2907,Shiva Shree Hydropower Ltd,SSHL,58.0,47349.0,196.7,-0.91,198.5,,200.0,200.9,196.7,9362008.3,2026-08-25 14:22:47.705104,30.0,197.72,,,,,,,,,,,,,,7,"price_volume, live_market, summary, top_gainers, top_losers, nepse_index, supply_demand",5707
2026-08-25T14:28:44.441805+05:45,2026-08-25 14:28:44,live_market,live_market_183,True,cloud_automated,Tuesday - Trading Hours: 11:00 AM - 3:00 PM NPT,9325,Suryakunda Hydro Electric Limited,SKHEL,58.0,1949.0,896.0,-0.46,900.1,,900.1,960.0,892.2,1757172.7,2026-08-25 14:22:47.034231,5.0,901.58,,,,,,,,,,,,,,7,"price_volume, live_market, summary, top_gainers, top_losers, nepse_index, supply_demand",5707
2026-08-25T14:28:44.441805+05:45,2026-08-25 14:28:44,live_market,live_market_184,True,cloud_automated,Tuesday - Trading Hours: 11:00 AM - 3:00 PM NPT,204,Gurkhas Finance Ltd.,GUFL,58.0,7724.0,509.0,-1.17,515.0,,515.0,525.0,509.0,3974191.3,2026-08-25 14:22:42.926989,279.0,514.53,,,,,,,,,,,,,,7,"price_volume, live_market, summary, top_gainers, top_losers, nepse_index, supply_demand",5707
2026-08-25T14:28:44.441805+05:45,2026-08-25 14:28:44,live_market,live_market_185,True,cloud_automated,Tuesday - Trading Hours: 11:00 AM - 3:00 PM NPT,9246,Guardian Micro Life Insurance Limited ,GMLI,58.0,332.0,985.1,-1.49,1000.0,,1000.0,1000.0,985.1,329209.0,2026-08-25 14:22:40.359429,20.0,991.59,,,,,,,,,,,,,,7,"price_volume, live_market, summary, top_gainers, top_losers, nepse_index, supply_demand",5707
2026-08-25T14:28:44.441805+05:45,2026-08-25 14:28:44,live_market,live_market_186,True,cloud_automated,Tuesday - Trading Hours: 11:00 AM - 3:00 PM NPT,9294,Sagar Distillery Limited,SAGAR,58.0,2197.0,1532.0,-0.52,1540.0,,1515.0,1550.0,1515.0,3391947.2,2026-08-25 14:22:23.646832,10.0,1543.9,,,,,,,,,,,,,,7,"price_volume, live_market, summary, top_gainers, top_losers, nepse_index, supply_demand",5707
2026-08-25T14:28:44.441805+05:45,2026-08-25 14:28:44,live_market,live_market_187,True,cloud_automated,Tuesday - Trading Hours: 11:00 AM - 3:00 PM NPT,705,Global IME Laghubitta Bittiya Sanstha Ltd.,GILB,58.0,507.0,1090.0,0.39,1085.8,,1095.0,1095.0,1089.0,552615.0,2026-08-25 14:22:18.629171,10.0,1089.97,,,,,,,,,,,,,,7,"price_volume, live_market, summary, top_gainers, top_losers, nepse_index, supply_demand",5707
2026-08-25T14:28:44.441805+05:45,2026-08-25 14:28:44,live_market,live_market_188,True,cloud_automated,Tuesday - Trading Hours: 11:00 AM - 3:00 PM NPT,9241,Kumari Sabal Yojana,KSY,58.0,1000.0,9.47,2.93,9.2,,8.96,9.47,8.96,9310.0,2026-08-25 14:22:16.483452,100.0,9.31,,,,,,,,,,,,,,7,"price_volume, live_market, summary, top_gainers, top_losers, nepse_index, supply_demand",5707
2026-08-25T14:28:44.441805+05:45,2026-08-25 14:28:44,live_market,live_market_189,True,cloud_automated,Tuesday - Trading Hours: 11:00 AM - 3:00 PM NPT,2832,Infinity Laghubitta Bittiya Sanstha Limited,ILBS,58.0,199.0,838.0,-2.44,859.0,,833.0,855.0,833.0,167394.0,2026-08-25 14:22:13.511457,4.0,841.18,,,,,,,,,,,,,,7,"price_volume, live_market, summary, top_gainers, top_losers, nepse_index, supply_demand",5707
2026-08-25T14:28:44.441805+05:45,2026-08-25 14:28:44,live_market,live_market_190,True,cloud_automated,Tuesday - Trading Hours: 11:00 AM - 3:00 PM NPT,1741,Mero Microfinance Bittiya Sanstha Ltd.,MERO,58.0,1296.0,625.1,-0.78,630.0,,630.0,631.0,625.0,815139.0,2026-08-25 14:22:12.024664,66.0,628.97,,,,,,,,,,,,,,7,"price_volume, live_market, summary, top_gainers, top_losers, nepse_index, supply_demand",5707
2026-08-25T14:28:44.441805+05:45,2026-08-25 14:28:44,live_market,live_market_191,True,cloud_automated,Tuesday - Trading Hours: 11:00 AM - 3:00 PM NPT,601,Mithila LaghuBitta Bittiya Sanstha Limited,MLBBL,58.0,1306.0,944.4,-0.58,949.9,,940.0,956.0,937.0,1237975.1,2026-08-25 14:22:11.897448,10.0,947.91,,,,,,,,,,,,,,7,"price_volume, live_market, summary, top_gainers, top_losers, nepse_index, supply_demand",5707
2026-08-25T14:28:44.441805+05:45,2026-08-25 14:28:44,live_market,live_market_192,True,cloud_automated,Tuesday - Trading Hours: 11:00 AM - 3:00 PM NPT,9176,Ingwa Hydropower Limited,IHL,58.0,2440.0,312.0,-0.95,315.0,,322.0,322.0,310.0,765316.0,2026-08-25 14:22:02.422595,10.0,313.65,,,,,,,,,,,,,,7,"price_volume, live_market, summary, top_gainers, top_losers, nepse_index, supply_demand",5707
2026-08-25T14:28:44.441805+05:45,2026-08-25 14:28:44,live_market,live_market_193,True,cloud_automated,Tuesday - Trading Hours: 11:00 AM - 3:00 PM NPT,9184,IME Life Insurance Company Limited,ILI,58.0,2751.0,411.0,0.0,411.0,,410.1,416.9,410.1,1130126.0,2026-08-25 14:22:01.478346,12.0,410.81,,,,,,,,,,,,,,7,"price_volume, live_market, summary, top_gainers, top_losers, nepse_index, supply_demand",5707
2026-08-25T14:28:44.441805+05:45,2026-08-25 14:28:44,live_market,live_market_194,True,cloud_automated,Tuesday - Trading Hours: 11:00 AM - 3:00 PM NPT,8063,Upakar Laghubitta Bittiya Sanstha Limited,ULBSL,58.0,4788.0,2432.0,-0.94,2455.0,,2350.0,2460.0,2350.0,11549879.0,2026-08-25 14:21:53.795586,26.0,2412.26,,,,,,,,,,,,,,7,"price_volume, live_market, summary, top_gainers, top_losers, nepse_index, supply_demand",5707
2026-08-25T14:28:44.441805+05:45,2026-08-25 14:28:44,live_market,live_market_195,True,cloud_automated,Tuesday - Trading Hours: 11:00 AM - 3:00 PM NPT,9149,Maya Khola Hydropower Company Limited,MKHC,58.0,5270.0,252.2,-1.06,254.9,,255.0,255.9,250.6,1330727.0,2026-08-25 14:21:50.427034,50.0,252.51,,,,,,,,,,,,,,7,"price_volume, live_market, summary, top_gainers, top_losers, nepse_index, supply_demand",5707
2026-08-25T14:28:44.441805+05:45,2026-08-25 14:28:44,live_market,live_market_196,True,cloud_automated,Tuesday - Trading Hours: 11:00 AM - 3:00 PM NPT,450,Corporate Development Bank Limited,CORBL,58.0,35564.0,920.0,-2.34,942.0,,942.0,952.0,898.4,32726987.0,2026-08-25 14:21:43.005388,63.0,920.23,,,,,,,,,,,,,,7,"price_volume, live_market, summary, top_gainers, top_losers, nepse_index, supply_demand",5707
2026-08-25T14:28:44.441805+05:45,2026-08-25 14:28:44,live_market,live_market_197,True,cloud_automated,Tuesday - Trading Hours: 11:00 AM - 3:00 PM NPT,8108,Rapti Hydro And General Construction Limited,RHGCL,58.0,8191.0,250.8,-1.61,254.9,,254.9,258.0,250.6,2066026.9,2026-08-25 14:21:38.024898,20.0,252.23,,,,,,,,,,,,,,7,"price_volume, live_market, summary, top_gainers, top_losers, nepse_index, supply_demand",5707
2026-08-25T14:28:44.441805+05:45,2026-08-25 14:28:44,live_market,live_market_198,True,cloud_automated,Tuesday - Trading Hours: 11:00 AM - 3:00 PM NPT,2809,SHIVAM CEMENTS LTD,SHIVM,58.0,67535.0,621.5,-0.83,626.7,,624.0,629.7,620.5,42198960.3,2026-08-25 14:21:34.952782,43.0,624.85,,,,,,,,,,,,,,7,"price_volume, live_market, summary, top_gainers, top_losers, nepse_index, supply_demand",5707
2026-08-25T14:28:44.441805+05:45,2026-08-25 14:28:44,live_market,live_market_199,True,cloud_automated,Tuesday - Trading Hours: 11:00 AM - 3:00 PM NPT,687,Vijaya laghubitta Bittiya Sanstha Ltd.,VLBS,58.0,660.0,636.1,-1.38,645.0,,633.1,648.0,633.1,422884.3,2026-08-25 14:21:29.916138,10.0,640.73,,,,,,,,,,,,,,7,"price_volume, live_market, summary, top_gainers, top_losers, nepse_index, supply_demand",5707
2026-08-25T14:28:44.441805+05:45,2026-08-25 14:28:44,live_market,live_market_200,True,cloud_automated,Tuesday - Trading Hours: 11:00 AM - 3:00 PM NPT,9242,Sarbottam Cement Limited,SARBTM,58.0,3435.0,772.5,-0.32,775.0,,776.1,789.0,770.1,2661468.6,2026-08-25 14:20:44.690805,11.0,774.81,,,,,,,,,,,,,,7,"price_volume, live_market, summary, top_gainers, top_losers, nepse_index, supply_demand",5707
2026-08-25T14:28:44.441805+05:45,2026-08-25 14:28:44,live_market,live_market_201,True,cloud_automated,Tuesday - Trading Hours: 11:00 AM - 3:00 PM NPT,183,Neco Insurance Limited,NIL,58.0,4491.0,586.1,-0.83,591.0,,591.0,595.0,585.1,2645647.7,2026-08-25 14:20:37.970124,21.0,589.1,,,,,,,,,,,,,,7,"price_volume, live_market, summary, top_gainers, top_losers, nepse_index, supply_demand",5707
2026-08-25T14:28:44.441805+05:45,2026-08-25 14:28:44,live_market,live_market_202,True,cloud_automated,Tuesday - Trading Hours: 11:00 AM - 3:00 PM NPT,8131,Eastern Hydropower Limited,EHPL,58.0,4618.0,319.0,-1.24,323.0,,332.6,332.6,317.9,1482803.0,2026-08-25 14:20:32.938626,10.0,321.09,,,,,,,,,,,,,,7,"price_volume, live_market, summary, top_gainers, top_losers, nepse_index, supply_demand",5707
2026-08-25T14:28:44.441805+05:45,2026-08-25 14:28:44,live_market,live_market_203,True,cloud_automated,Tuesday - Trading Hours: 11:00 AM - 3:00 PM NPT,2771,Support Microfinance Bittiya Sanstha Ltd.,SMB,58.0,210.0,1750.0,-0.46,1758.0,,1748.0,1758.0,1745.0,366718.0,2026-08-25 14:20:21.138622,3.0,1746.28,,,,,,,,,,,,,,7,"price_volume, live_market, summary, top_gainers, top_losers, nepse_index, supply_demand",5707
2026-08-25T14:28:44.441805+05:45,2026-08-25 14:28:44,live_market,live_market_204,True,cloud_automated,Tuesday - Trading Hours: 11:00 AM - 3:00 PM NPT,2934,Singati Hydro Energy Limited,SHEL,58.0,39401.0,294.5,-1.01,297.5,,295.0,300.0,294.4,11647967.9,2026-08-25 14:20:09.402334,195.0,295.63,,,,,,,,,,,,,,7,"price_volume, live_market, summary, top_gainers, top_losers, nepse_index, supply_demand",5707
2026-08-25T14:28:44.441805+05:45,2026-08-25 14:28:44,live_market,live_market_205,True,cloud_automated,Tuesday - Trading Hours: 11:00 AM - 3:00 PM NPT,9140,Unique Nepal Laghubitta Bittiya Sanstha Limited,UNLB,58.0,435.0,1216.0,-3.1,1254.9,,1292.0,1292.0,1216.0,536679.5,2026-08-25 14:20:04.474981,10.0,1233.75,,,,,,,,,,,,,,7,"price_volume, live_market, summary, top_gainers, top_losers, nepse_index, supply_demand",5707
2026-08-25T14:28:44.441805+05:45,2026-08-25 14:28:44,live_market,live_market_206,True,cloud_automated,Tuesday - Trading Hours: 11:00 AM - 3:00 PM NPT,194,Nepal Finance Ltd.,NFS,58.0,4270.0,541.0,-0.55,544.0,,541.0,547.0,539.1,2316289.9,2026-08-25 14:19:50.542518,74.0,542.46,,,,,,,,,,,,,,7,"price_volume, live_market, summary, top_gainers, top_losers, nepse_index, supply_demand",5707
2026-08-25T14:28:44.441805+05:45,2026-08-25 14:28:44,live_market,live_market_207,True,cloud_automated,Tuesday - Trading Hours: 11:00 AM - 3:00 PM NPT,2917,Chandragiri Hills Limited,CGH,58.0,99536.0,770.0,-0.65,775.0,,770.0,779.0,770.0,76655557.6,2026-08-25 14:19:44.381505,100.0,770.13,,,,,,,,,,,,,,7,"price_volume, live_market, summary, top_gainers, top_losers, nepse_index, supply_demand",5707
2026-08-25T14:28:44.441805+05:45,2026-08-25 14:28:44,live_market,live_market_208,True,cloud_automated,Tuesday - Trading Hours: 11:00 AM - 3:00 PM NPT,307,Nepal Doorsanchar Company Limited,NTC,58.0,2212.0,884.0,0.45,880.0,,885.0,895.0,880.0,1962398.9,2026-08-25 14:19:29.908964,25.0,887.16,,,,,,,,,,,,,,7,"price_volume, live_market, summary, top_gainers, top_losers, nepse_index, supply_demand",5707
2026-08-25T14:28:44.441805+05:45,2026-08-25 14:28:44,live_market,live_market_209,True,cloud_automated,Tuesday - Trading Hours: 11:00 AM - 3:00 PM NPT,516,Manjushree Finance Ltd.,MFIL,58.0,6946.0,734.0,-0.81,740.0,,740.0,740.0,733.0,5111473.9,2026-08-25 14:19:28.336944,5.0,735.89,,,,,,,,,,,,,,7,"price_volume, live_market, summary, top_gainers, top_losers, nepse_index, supply_demand",5707
2026-08-25T14:28:44.441805+05:45,2026-08-25 14:28:44,live_market,live_market_210,True,cloud_automated,Tuesday - Trading Hours: 11:00 AM - 3:00 PM NPT,9302,RBB Focus 40,RBBF40,58.0,62219.0,9.1,1.11,9.0,,9.1,9.11,9.1,566197.9,2026-08-25 14:19:11.241155,100.0,9.1,,,,,,,,,,,,,,7,"price_volume, live_market, summary, top_gainers, top_losers, nepse_index, supply_demand",5707
2026-08-25T14:28:44.441805+05:45,2026-08-25 14:28:44,live_market,live_market_211,True,cloud_automated,Tuesday - Trading Hours: 11:00 AM - 3:00 PM NPT,418,Jyoti Bikas Bank Limited,JBBL,58.0,18793.0,331.0,-0.57,332.9,,333.0,335.0,328.7,6239341.0,2026-08-25 14:18:59.135914,1200.0,332.0,,,,,,,,,,,,,,7,"price_volume, live_market, summary, top_gainers, top_losers, nepse_index, supply_demand",5707
2026-08-25T14:28:44.441805+05:45,2026-08-25 14:28:44,live_market,live_market_212,True,cloud_automated,Tuesday - Trading Hours: 11:00 AM - 3:00 PM NPT,9175,Menchhiyam Hydropower Limited,MCHL,58.0,690.0,276.0,0.73,274.0,,272.0,280.0,272.0,189488.8,2026-08-25 14:18:50.359069,200.0,274.62,,,,,,,,,,,,,,7,"price_volume, live_market, summary, top_gainers, top_losers, nepse_index, supply_demand",5707
2026-08-25T14:28:44.441805+05:45,2026-08-25 14:28:44,live_market,live_market_213,True,cloud_automated,Tuesday - Trading Hours: 11:00 AM - 3:00 PM NPT,2810,UNIVERSAL POWER COMPANY LTD,UPCL,58.0,22698.0,340.0,-0.29,341.0,,340.0,345.0,339.0,7717558.7,2026-08-25 14:18:29.021344,5000.0,340.01,,,,,,,,,,,,,,7,"price_volume, live_market, summary, top_gainers, top_losers, nepse_index, supply_demand",5707
2026-08-25T14:28:44.441805+05:45,2026-08-25 14:28:44,live_market,live_market_214,True,cloud_automated,Tuesday - Trading Hours: 11:00 AM - 3:00 PM NPT,2935,Ru Ru Jalbidhyut Pariyojana Limited,RURU,58.0,3593.0,594.0,-0.17,595.0,,595.0,595.1,593.0,2135514.3,2026-08-25 14:18:27.611589,50.0,594.35,,,,,,,,,,,,,,7,"price_volume, live_market, summary, top_gainers, top_losers, nepse_index, supply_demand",5707
2026-08-25T14:28:44.441805+05:45,2026-08-25 14:28:44,live_market,live_market_215,True,cloud_automated,Tuesday - Trading Hours: 11:00 AM - 3:00 PM NPT,2826,Gurans Laghubitta Bittiya Sanstha Limited,GLBSL,58.0,295.0,1715.0,-0.29,1720.0,,1709.0,1715.0,1708.0,504680.0,2026-08-25 14:18:18.407242,20.0,1710.78,,,,,,,,,,,,,,7,"price_volume, live_market, summary, top_gainers, top_losers, nepse_index, supply_demand",5707
2026-08-25T14:28:44.441805+05:45,2026-08-25 14:28:44,live_market,live_market_216,True,cloud_automated,Tuesday - Trading Hours: 11:00 AM - 3:00 PM NPT,472,Shangrila Development Bank Ltd.,SADBL,58.0,8123.0,405.0,-0.98,409.0,,408.0,412.0,404.1,3305880.1,2026-08-25 14:18:15.628589,33.0,406.98,,,,,,,,,,,,,,7,"price_volume, live_market, summary, top_gainers, top_losers, nepse_index, supply_demand",5707
2026-08-25T14:28:44.441805+05:45,2026-08-25 14:28:44,live_market,live_market_217,True,cloud_automated,Tuesday - Trading Hours: 11:00 AM - 3:00 PM NPT,187,Nepal Life Insurance Co. Ltd.,NLIC,58.0,25332.0,709.9,-0.55,713.8,,717.0,717.0,703.0,17924854.9,2026-08-25 14:18:12.304457,10.0,707.6,,,,,,,,,,,,,,7,"price_volume, live_market, summary, top_gainers, top_losers, nepse_index, supply_demand",5707
2026-08-25T14:28:44.441805+05:45,2026-08-25 14:28:44,live_market,live_market_218,True,cloud_automated,Tuesday - Trading Hours: 11:00 AM - 3:00 PM NPT,2757,Arun Kabeli Power Ltd.,AKPL,58.0,22393.0,247.8,0.32,247.0,,258.0,258.0,245.0,5512504.5,2026-08-25 14:18:11.8041,10.0,246.17,,,,,,,,,,,,,,7,"price_volume, live_market, summary, top_gainers, top_losers, nepse_index, supply_demand",5707
2026-08-25T14:28:44.441805+05:45,2026-08-25 14:28:44,live_market,live_market_219,True,cloud_automated,Tuesday - Trading Hours: 11:00 AM - 3:00 PM NPT,2813,Panchthar Power Compant Limited,PPCL,58.0,2120.0,328.0,-0.91,331.0,,332.9,332.9,328.0,696167.5,2026-08-25 14:17:58.129469,60.0,328.38,,,,,,,,,,,,,,7,"price_volume, live_market, summary, top_gainers, top_losers, nepse_index, supply_demand",5707
2026-08-25T14:28:44.441805+05:45,2026-08-25 14:28:44,live_market,live_market_220,True,cloud_automated,Tuesday - Trading Hours: 11:00 AM - 3:00 PM NPT,2760,United Modi Hydropower Ltd.,UMHL,58.0,27090.0,568.2,-0.82,572.9,,550.0,580.0,550.0,15407059.5,2026-08-25 14:17:46.540654,3.0,568.74,,,,,,,,,,,,,,7,"price_volume, live_market, summary, top_gainers, top_losers, nepse_index, supply_demand",5707
2026-08-25T14:28:44.441805+05:45,2026-08-25 14:28:44,live_market,live_market_221,True,cloud_automated,Tuesday - Trading Hours: 11:00 AM - 3:00 PM NPT,268,Swabalamban Laghubitta Bittiya Sanstha Limited,SWBBL,58.0,1353.0,669.0,0.22,667.5,,666.0,670.0,665.5,901717.0,2026-08-25 14:17:30.891808,10.0,666.46,,,,,,,,,,,,,,7,"price_volume, live_market, summary, top_gainers, top_losers, nepse_index, supply_demand",5707
2026-08-25T14:28:44.441805+05:45,2026-08-25 14:28:44,live_market,live_market_222,True,cloud_automated,Tuesday - Trading Hours: 11:00 AM - 3:00 PM NPT,178,National Life Insurance Co. Ltd.,NLICL,58.0,7230.0,565.9,0.55,562.8,,562.9,566.0,560.1,4066676.3,2026-08-25 14:17:24.790811,26.0,562.47,,,,,,,,,,,,,,7,"price_volume, live_market, summary, top_gainers, top_losers, nepse_index, supply_demand",5707
2026-08-25T14:28:44.441805+05:45,2026-08-25 14:28:44,live_market,live_market_223,True,cloud_automated,Tuesday - Trading Hours: 11:00 AM - 3:00 PM NPT,9256,Om Megashree Pharmaceuticals Limited,OMPL,58.0,1826.0,892.9,-0.01,893.0,,875.1,893.0,875.1,1604351.5,2026-08-25 14:17:21.136162,35.0,878.62,,,,,,,,,,,,,,7,"price_volume, live_market, summary, top_gainers, top_losers, nepse_index, supply_demand",5707
2026-08-25T14:28:44.441805+05:45,2026-08-25 14:28:44,live_market,live_market_224,True,cloud_automated,Tuesday - Trading Hours: 11:00 AM - 3:00 PM NPT,9148,Super Mai Hydropower Limited,SMH,58.0,5991.0,509.0,0.2,508.0,,512.0,515.0,503.0,3028723.9,2026-08-25 14:17:12.075851,10.0,505.55,,,,,,,,,,,,,,7,"price_volume, live_market, summary, top_gainers, top_losers, nepse_index, supply_demand",5707
2026-08-25T14:28:44.441805+05:45,2026-08-25 14:28:44,live_market,live_market_225,True,cloud_automated,Tuesday - Trading Hours: 11:00 AM - 3:00 PM NPT,2768,Mahuli Laghubitta Bittiya Sanstha Limited,MSLB,58.0,386.0,1206.0,-0.74,1215.0,,1201.1,1230.0,1201.0,468500.0,2026-08-25 14:17:11.832416,10.0,1213.73,,,,,,,,,,,,,,7,"price_volume, live_market, summary, top_gainers, top_losers, nepse_index, supply_demand",5707
2026-08-25T14:28:44.441805+05:45,2026-08-25 14:28:44,live_market,live_market_226,True,cloud_automated,Tuesday - Trading Hours: 11:00 AM - 3:00 PM NPT,700,Himalayan Everest Insurance Limited Promoter,HEIP,58.0,90.0,326.0,-1.24,330.1,,326.0,326.0,326.0,29340.0,2026-08-25 14:17:00.844447,90.0,326.0,,,,,,,,,,,,,,7,"price_volume, live_market, summary, top_gainers, top_losers, nepse_index, supply_demand",5707
2026-08-25T14:28:44.441805+05:45,2026-08-25 14:28:44,live_market,live_market_227,True,cloud_automated,Tuesday - Trading Hours: 11:00 AM - 3:00 PM NPT,238,NMB Bank Limited,NMB,58.0,35274.0,240.0,0.0,240.0,,240.9,241.0,238.4,8459852.5,2026-08-25 14:16:48.019679,7250.0,239.83,,,,,,,,,,,,,,7,"price_volume, live_market, summary, top_gainers, top_losers, nepse_index, supply_demand",5707
2026-08-25T14:28:44.441805+05:45,2026-08-25 14:28:44,live_market,live_market_228,True,cloud_automated,Tuesday - Trading Hours: 11:00 AM - 3:00 PM NPT,4968,RBB Mutual Fund 1,RMF1,58.0,900.0,9.37,0.54,9.32,,9.05,9.37,9.05,8349.0,2026-08-25 14:16:34.723797,300.0,9.28,,,,,,,,,,,,,,7,"price_volume, live_market, summary, top_gainers, top_losers, nepse_index, supply_demand",5707
2026-08-25T14:28:44.441805+05:45,2026-08-25 14:28:44,live_market,live_market_229,True,cloud_automated,Tuesday - Trading Hours: 11:00 AM - 3:00 PM NPT,8024,Nabil Balanced Fund-3,NBF3,58.0,51200.0,9.59,-1.13,9.7,,9.5,9.8,9.5,501054.0,2026-08-25 14:16:26.419304,200.0,9.79,,,,,,,,,,,,,,7,"price_volume, live_market, summary, top_gainers, top_losers, nepse_index, supply_demand",5707
2026-08-25T14:28:44.441805+05:45,2026-08-25 14:28:44,live_market,live_market_230,True,cloud_automated,Tuesday - Trading Hours: 11:00 AM - 3:00 PM NPT,9232,Chirkhwa Hydropower Limited ,CKHL,58.0,494.0,580.0,-1.78,590.5,,580.0,580.9,580.0,286549.0,2026-08-25 14:16:25.296568,114.0,580.06,,,,,,,,,,,,,,7,"price_volume, live_market, summary, top_gainers, top_losers, nepse_index, supply_demand",5707
2026-08-25T14:28:44.441805+05:45,2026-08-25 14:28:44,live_market,live_market_231,True,cloud_automated,Tuesday - Trading Hours: 11:00 AM - 3:00 PM NPT,4947,Prabhu Select Fund,PSF,58.0,41135.0,12.03,0.0,12.03,,12.2,12.22,12.02,498452.2,2026-08-25 14:16:19.22665,100.0,12.12,,,,,,,,,,,,,,7,"price_volume, live_market, summary, top_gainers, top_losers, nepse_index, supply_demand",5707
2026-08-25T14:28:44.441805+05:45,2026-08-25 14:28:44,live_market,live_market_232,True,cloud_automated,Tuesday - Trading Hours: 11:00 AM - 3:00 PM NPT,8117,Aviyan Laghubitta Bittiya Sanstha Limited,AVYAN,58.0,709.0,1022.0,-0.87,1031.0,,1021.0,1025.0,1021.0,725946.0,2026-08-25 14:15:36.075098,10.0,1023.9,,,,,,,,,,,,,,7,"price_volume, live_market, summary, top_gainers, top_losers, nepse_index, supply_demand",5707
2026-08-25T14:28:44.441805+05:45,2026-08-25 14:28:44,live_market,live_market_233,True,cloud_automated,Tuesday - Trading Hours: 11:00 AM - 3:00 PM NPT,2829,Swabhimaan Laghubitta Bittiya Sanstha Limited,SMFBS,58.0,1167.0,1406.5,2.05,1378.2,,1418.0,1459.0,1406.5,1671616.0,2026-08-25 14:15:21.431669,50.0,1432.4,,,,,,,,,,,,,,7,"price_volume, live_market, summary, top_gainers, top_losers, nepse_index, supply_demand",5707
2026-08-25T14:28:44.441805+05:45,2026-08-25 14:28:44,live_market,live_market_234,True,cloud_automated,Tuesday - Trading Hours: 11:00 AM - 3:00 PM NPT,213,Bottlers Nepal (Terai) Limited,BNT,58.0,30.0,11700.0,-1.68,11900.0,,11764.0,11874.0,11700.0,353380.0,2026-08-25 14:15:18.937947,10.0,11779.33,,,,,,,,,,,,,,7,"price_volume, live_market, summary, top_gainers, top_losers, nepse_index, supply_demand",5707
2026-08-25T14:28:44.441805+05:45,2026-08-25 14:28:44,live_market,live_market_235,True,cloud_automated,Tuesday - Trading Hours: 11:00 AM - 3:00 PM NPT,2754,Dibyashwori Hydropower Ltd.,DHPL,58.0,3629.0,279.0,2.57,272.0,,258.4,284.0,258.4,1012272.0,2026-08-25 14:15:07.158832,48.0,278.94,,,,,,,,,,,,,,7,"price_volume, live_market, summary, top_gainers, top_losers, nepse_index, supply_demand",5707
2026-08-25T14:28:44.441805+05:45,2026-08-25 14:28:44,live_market,live_market_236,True,cloud_automated,Tuesday - Trading Hours: 11:00 AM - 3:00 PM NPT,9349,Sanima Equity Fund-2,SAEF2,58.0,7810.0,9.05,-0.11,9.06,,9.01,9.3,9.01,70850.8,2026-08-25 14:15:06.175979,1000.0,9.07,,,,,,,,,,,,,,7,"price_volume, live_market, summary, top_gainers, top_losers, nepse_index, supply_demand",5707
2026-08-25T14:28:44.441805+05:45,2026-08-25 14:28:44,live_market,live_market_237,True,cloud_automated,Tuesday - Trading Hours: 11:00 AM - 3:00 PM NPT,227,Best Finance Company Ltd.,BFC,58.0,5042.0,461.0,-0.54,463.5,,474.5,474.5,460.1,2355133.8,2026-08-25 14:14:54.271957,65.0,467.1,,,,,,,,,,,,,,7,"price_volume, live_market, summary, top_gainers, top_losers, nepse_index, supply_demand",5707
2026-08-25T14:28:44.441805+05:45,2026-08-25 14:28:44,live_market,live_market_238,True,cloud_automated,Tuesday - Trading Hours: 11:00 AM - 3:00 PM NPT,9295,Swastik Laghubitta Bittiya Sanstha Limited,SWASTIK,58.0,385.0,1930.0,-2.87,1987.0,,1995.0,1999.0,1930.0,749388.5,2026-08-25 14:14:46.025019,10.0,1946.46,,,,,,,,,,,,,,7,"price_volume, live_market, summary, top_gainers, top_losers, nepse_index, supply_demand",5707
2026-08-25T14:28:44.441805+05:45,2026-08-25 14:28:44,live_market,live_market_239,True,cloud_automated,Tuesday - Trading Hours: 11:00 AM - 3:00 PM NPT,8033,"Garima Debenture, 2085",GBBD85,58.0,55.0,1065.1,-1.47,1081.0,,1065.1,1065.1,1065.1,58580.5,2026-08-25 14:14:42.444728,5.0,1065.1,,,,,,,,,,,,,,7,"price_volume, live_market, summary, top_gainers, top_losers, nepse_index, supply_demand",5707
2026-08-25T14:28:44.441805+05:45,2026-08-25 14:28:44,live_market,live_market_240,True,cloud_automated,Tuesday - Trading Hours: 11:00 AM - 3:00 PM NPT,9196,Kutheli Bukhari Small Hydropower Limited,KBSH,58.0,4060.0,884.2,-0.44,888.1,,890.0,905.0,881.0,3614625.5,2026-08-25 14:14:32.981609,10.0,890.3,,,,,,,,,,,,,,7,"price_volume, live_market, summary, top_gainers, top_losers, nepse_index, supply_demand",5707
2026-08-25T14:28:44.441805+05:45,2026-08-25 14:28:44,live_market,live_market_241,True,cloud_automated,Tuesday - Trading Hours: 11:00 AM - 3:00 PM NPT,358,Lumbini Bikas Bank Ltd.,LBBL,58.0,6010.0,476.5,0.51,474.1,,476.9,476.9,473.1,2855432.8,2026-08-25 14:14:29.348209,10.0,475.11,,,,,,,,,,,,,,7,"price_volume, live_market, summary, top_gainers, top_losers, nepse_index, supply_demand",5707
2026-08-25T14:28:44.441805+05:45,2026-08-25 14:28:44,live_market,live_market_242,True,cloud_automated,Tuesday - Trading Hours: 11:00 AM - 3:00 PM NPT,2787,Kalika power Company Ltd,KPCL,58.0,2315.0,460.0,-0.65,463.0,,459.0,465.0,459.0,1069969.5,2026-08-25 14:14:15.275649,10.0,462.19,,,,,,,,,,,,,,7,"price_volume, live_market, summary, top_gainers, top_losers, nepse_index, supply_demand",5707
2026-08-25T14:28:44.441805+05:45,2026-08-25 14:28:44,live_market,live_market_243,True,cloud_automated,Tuesday - Trading Hours: 11:00 AM - 3:00 PM NPT,2841,RASUWAGADHI HYDROPOWER COMPANY LIMITED,RHPL,58.0,6180.0,243.7,0.29,243.0,,243.0,246.0,240.7,1495720.1,2026-08-25 14:13:46.886333,10.0,242.03,,,,,,,,,,,,,,7,"price_volume, live_market, summary, top_gainers, top_losers, nepse_index, supply_demand",5707
2026-08-25T14:28:44.441805+05:45,2026-08-25 14:28:44,live_market,live_market_244,True,cloud_automated,Tuesday - Trading Hours: 11:00 AM - 3:00 PM NPT,9150,Asian Hydropower Limited,AHL,58.0,1420.0,388.2,-2.44,397.9,,397.0,397.9,387.4,552221.4,2026-08-25 14:13:25.95018,25.0,388.89,,,,,,,,,,,,,,7,"price_volume, live_market, summary, top_gainers, top_losers, nepse_index, supply_demand",5707
2026-08-25T14:28:44.441805+05:45,2026-08-25 14:28:44,live_market,live_market_245,True,cloud_automated,Tuesday - Trading Hours: 11:00 AM - 3:00 PM NPT,8075,Bindhyabasini Hydropower Development Company Limited,BHDC,58.0,3396.0,428.0,0.05,427.8,,424.0,430.0,423.0,1448351.7,2026-08-25 14:12:36.381749,20.0,426.49,,,,,,,,,,,,,,7,"price_volume, live_market, summary, top_gainers, top_losers, nepse_index, supply_demand",5707
2026-08-25T14:28:44.441805+05:45,2026-08-25 14:28:44,live_market,live_market_246,True,cloud_automated,Tuesday - Trading Hours: 11:00 AM - 3:00 PM NPT,210,Citizen Investment Trust,CIT,58.0,4585.0,1680.0,-0.06,1681.0,,1681.0,1689.0,1673.0,7707329.1,2026-08-25 14:12:23.624805,120.0,1680.99,,,,,,,,,,,,,,7,"price_volume, live_market, summary, top_gainers, top_losers, nepse_index, supply_demand",5707
2026-08-25T14:28:44.441805+05:45,2026-08-25 14:28:44,live_market,live_market_247,True,cloud_automated,Tuesday - Trading Hours: 11:00 AM - 3:00 PM NPT,2766,Chhyangdi Hydropower Ltd.,CHL,58.0,8463.0,264.0,-0.75,266.0,,262.0,265.4,262.0,2232144.8,2026-08-25 14:12:05.293959,20.0,263.75,,,,,,,,,,,,,,7,"price_volume, live_market, summary, top_gainers, top_losers, nepse_index, supply_demand",5707
2026-08-25T14:28:44.441805+05:45,2026-08-25 14:28:44,live_market,live_market_248,True,cloud_automated,Tuesday - Trading Hours: 11:00 AM - 3:00 PM NPT,9300,Jhapa Energy Limited,JHAPA,58.0,1510.0,1035.0,0.51,1029.7,,1030.0,1035.0,1017.2,1541132.0,2026-08-25 14:12:01.217421,10.0,1020.62,,,,,,,,,,,,,,7,"price_volume, live_market, summary, top_gainers, top_losers, nepse_index, supply_demand",5707
2026-08-25T14:28:44.441805+05:45,2026-08-25 14:28:44,live_market,live_market_249,True,cloud_automated,Tuesday - Trading Hours: 11:00 AM - 3:00 PM NPT,166,Deprosc Laghubitta Bittiya Sanstha Limited,DDBL,58.0,9060.0,832.0,0.0,832.0,,833.0,835.0,826.0,7512465.0,2026-08-25 14:11:56.988973,383.0,829.19,,,,,,,,,,,,,,7,"price_volume, live_market, summary, top_gainers, top_losers, nepse_index, supply_demand",5707
2026-08-25T14:28:44.441805+05:45,2026-08-25 14:28:44,live_market,live_market_250,True,cloud_automated,Tuesday - Trading Hours: 11:00 AM - 3:00 PM NPT,9221,Himalayan 80-20,H8020,58.0,118620.0,12.12,1.0,12.0,,12.1,12.21,12.1,1441598.8,2026-08-25 14:11:46.944351,5000.0,12.15,,,,,,,,,,,,,,7,"price_volume, live_market, summary, top_gainers, top_losers, nepse_index, supply_demand",5707
2026-08-25T14:28:44.441805+05:45,2026-08-25 14:28:44,live_market,live_market_251,True,cloud_automated,Tuesday - Trading Hours: 11:00 AM - 3:00 PM NPT,274,Excel Development Bank Ltd.,EDBL,58.0,15665.0,580.8,-0.38,583.0,,570.0,622.0,570.0,9161942.4,2026-08-25 14:11:38.254798,1108.0,584.87,,,,,,,,,,,,,,7,"price_volume, live_market, summary, top_gainers, top_losers, nepse_index, supply_demand",5707
2026-08-25T14:28:44.441805+05:45,2026-08-25 14:28:44,live_market,live_market_252,True,cloud_automated,Tuesday - Trading Hours: 11:00 AM - 3:00 PM NPT,8121,Sayapatri Hydropower Limited,SPHL,58.0,6128.0,523.0,-6.77,561.0,,533.0,589.0,505.0,3251967.9,2026-08-25 14:11:36.182702,10.0,530.67,,,,,,,,,,,,,,7,"price_volume, live_market, summary, top_gainers, top_losers, nepse_index, supply_demand",5707
2026-08-25T14:28:44.441805+05:45,2026-08-25 14:28:44,live_market,live_market_253,True,cloud_automated,Tuesday - Trading Hours: 11:00 AM - 3:00 PM NPT,176,Nepal Insurance Co. Ltd.,NICL,58.0,8832.0,485.0,0.21,484.0,,484.1,485.0,481.0,4261979.6,2026-08-25 14:10:33.795575,700.0,482.56,,,,,,,,,,,,,,7,"price_volume, live_market, summary, top_gainers, top_losers, nepse_index, supply_demand",5707
2026-08-25T14:28:44.441805+05:45,2026-08-25 14:28:44,live_market,live_market_254,True,cloud_automated,Tuesday - Trading Hours: 11:00 AM - 3:00 PM NPT,471,Multipurpose Finance Company  Limited,MPFL,58.0,404.0,605.0,-0.49,608.0,,607.0,607.0,601.7,243567.0,2026-08-25 14:10:27.975885,10.0,602.89,,,,,,,,,,,,,,7,"price_volume, live_market, summary, top_gainers, top_losers, nepse_index, supply_demand",5707
2026-08-25T14:28:44.441805+05:45,2026-08-25 14:28:44,live_market,live_market_255,True,cloud_automated,Tuesday - Trading Hours: 11:00 AM - 3:00 PM NPT,8025,Samling Power Company Limited,SPC,58.0,5280.0,400.0,-1.96,408.0,,411.0,411.0,400.0,2116223.0,2026-08-25 14:09:50.770341,100.0,400.8,,,,,,,,,,,,,,7,"price_volume, live_market, summary, top_gainers, top_losers, nepse_index, supply_demand",5707
2026-08-25T14:28:44.441805+05:45,2026-08-25 14:28:44,live_market,live_market_256,True,cloud_automated,Tuesday - Trading Hours: 11:00 AM - 3:00 PM NPT,2877,Sunrise First Mutual Fund,SFMF,58.0,3261.0,9.6,-1.03,9.7,,9.7,9.7,9.6,31581.7,2026-08-25 14:09:36.395677,500.0,9.68,,,,,,,,,,,,,,7,"price_volume, live_market, summary, top_gainers, top_losers, nepse_index, supply_demand",5707
2026-08-25T14:28:44.441805+05:45,2026-08-25 14:28:44,live_market,live_market_257,True,cloud_automated,Tuesday - Trading Hours: 11:00 AM - 3:00 PM NPT,473,Shine Resunga Development Bank Ltd.,SHINE,58.0,11386.0,408.0,0.0,408.0,,406.2,408.5,405.0,4618480.6,2026-08-25 14:09:04.750931,10.0,405.63,,,,,,,,,,,,,,7,"price_volume, live_market, summary, top_gainers, top_losers, nepse_index, supply_demand",5707
2026-08-25T14:28:44.441805+05:45,2026-08-25 14:28:44,live_market,live_market_258,True,cloud_automated,Tuesday - Trading Hours: 11:00 AM - 3:00 PM NPT,9248,Garima Samriddhi Yojana,GSY,58.0,1800.0,9.18,-0.22,9.2,,9.17,9.2,9.17,16536.0,2026-08-25 14:08:52.255055,100.0,9.19,,,,,,,,,,,,,,7,"price_volume, live_market, summary, top_gainers, top_losers, nepse_index, supply_demand",5707
2026-08-25T14:28:44.441805+05:45,2026-08-25 14:28:44,live_market,live_market_259,True,cloud_automated,Tuesday - Trading Hours: 11:00 AM - 3:00 PM NPT,338,Progressive Finance Limited,PROFL,58.0,3985.0,389.0,-1.52,395.0,,395.0,405.0,389.0,1568406.8,2026-08-25 14:08:34.261608,100.0,393.58,,,,,,,,,,,,,,7,"price_volume, live_market, summary, top_gainers, top_losers, nepse_index, supply_demand",5707
2026-08-25T14:28:44.441805+05:45,2026-08-25 14:28:44,live_market,live_market_260,True,cloud_automated,Tuesday - Trading Hours: 11:00 AM - 3:00 PM NPT,493,Citizens Bank Internatioal Limited Promoter Share,CZBILP,58.0,10000.0,103.0,3.0,100.0,,103.0,103.0,103.0,1030000.0,2026-08-25 14:08:14.425387,10000.0,103.0,,,,,,,,,,,,,,7,"price_volume, live_market, summary, top_gainers, top_losers, nepse_index, supply_demand",5707
2026-08-25T14:28:44.441805+05:45,2026-08-25 14:28:44,live_market,live_market_261,True,cloud_automated,Tuesday - Trading Hours: 11:00 AM - 3:00 PM NPT,706,Suryodaya Womi Laghubitta Bittiya Sanstha Limited,SWMF,58.0,1540.0,585.0,-0.85,590.0,,600.0,600.0,585.0,902910.3,2026-08-25 14:08:06.843384,1.0,586.31,,,,,,,,,,,,,,7,"price_volume, live_market, summary, top_gainers, top_losers, nepse_index, supply_demand",5707
2026-08-25T14:28:44.441805+05:45,2026-08-25 14:28:44,live_market,live_market_262,True,cloud_automated,Tuesday - Trading Hours: 11:00 AM - 3:00 PM NPT,9351,Reliable Samriddhi Yojana -2,RSY2,58.0,7900.0,8.93,-0.33,8.96,,8.71,9.1,8.71,70725.0,2026-08-25 14:07:40.129967,100.0,8.95,,,,,,,,,,,,,,7,"price_volume, live_market, summary, top_gainers, top_losers, nepse_index, supply_demand",5707
2026-08-25T14:28:44.441805+05:45,2026-08-25 14:28:44,live_market,live_market_263,True,cloud_automated,Tuesday - Trading Hours: 11:00 AM - 3:00 PM NPT,9193,Ghorahi Cement Industry Limited,GCIL,58.0,6334.0,335.4,-1.64,341.0,,336.0,341.0,335.0,2131884.6,2026-08-25 14:07:36.384543,12.0,336.58,,,,,,,,,,,,,,7,"price_volume, live_market, summary, top_gainers, top_losers, nepse_index, supply_demand",5707
2026-08-25T14:28:44.441805+05:45,2026-08-25 14:28:44,live_market,live_market_264,True,cloud_automated,Tuesday - Trading Hours: 11:00 AM - 3:00 PM NPT,9151,Kalinchowk Darshan Limited,KDL,58.0,1316.0,751.3,-0.36,754.0,,743.6,760.0,743.6,983335.1,2026-08-25 14:07:12.35326,10.0,747.22,,,,,,,,,,,,,,7,"price_volume, live_market, summary, top_gainers, top_losers, nepse_index, supply_demand",5707
2026-08-25T14:28:44.441805+05:45,2026-08-25 14:28:44,live_market,live_market_265,True,cloud_automated,Tuesday - Trading Hours: 11:00 AM - 3:00 PM NPT,9167,Mai Khola Hydropower Limited,MKHL,58.0,386.0,495.0,-0.2,496.0,,493.2,499.9,493.1,191262.9,2026-08-25 14:07:12.254201,15.0,495.5,,,,,,,,,,,,,,7,"price_volume, live_market, summary, top_gainers, top_losers, nepse_index, supply_demand",5707
2026-08-25T14:28:44.441805+05:45,2026-08-25 14:28:44,live_market,live_market_266,True,cloud_automated,Tuesday - Trading Hours: 11:00 AM - 3:00 PM NPT,2937,Sunrise Bluechip Fund,SBCF,58.0,1100.0,9.21,-0.11,9.22,,8.95,9.21,8.95,10105.0,2026-08-25 14:07:08.756114,500.0,9.19,,,,,,,,,,,,,,7,"price_volume, live_market, summary, top_gainers, top_losers, nepse_index, supply_demand",5707
2026-08-25T14:28:44.441805+05:45,2026-08-25 14:28:44,live_market,live_market_267,True,cloud_automated,Tuesday - Trading Hours: 11:00 AM - 3:00 PM NPT,9259,Reliable Samriddhi Yojana,RSY,58.0,3700.0,10.51,-1.78,10.7,,10.4,10.51,10.4,38541.0,2026-08-25 14:06:53.750817,100.0,10.42,,,,,,,,,,,,,,7,"price_volume, live_market, summary, top_gainers, top_losers, nepse_index, supply_demand",5707
2026-08-25T14:28:44.441805+05:45,2026-08-25 14:28:44,live_market,live_market_268,True,cloud_automated,Tuesday - Trading Hours: 11:00 AM - 3:00 PM NPT,686,Barun Hydropower Co. Ltd.,BARUN,58.0,18347.0,320.0,1.2,316.2,,320.0,323.9,316.3,5871501.8,2026-08-25 14:06:53.18427,500.0,320.03,,,,,,,,,,,,,,7,"price_volume, live_market, summary, top_gainers, top_losers, nepse_index, supply_demand",5707
2026-08-25T14:28:44.441805+05:45,2026-08-25 14:28:44,live_market,live_market_269,True,cloud_automated,Tuesday - Trading Hours: 11:00 AM - 3:00 PM NPT,8073,NIC Asia Flexi CAP Fund,NICFC,58.0,3398.0,8.7,-5.43,9.2,,8.93,8.93,8.7,30235.6,2026-08-25 14:06:39.002926,98.0,8.9,,,,,,,,,,,,,,7,"price_volume, live_market, summary, top_gainers, top_losers, nepse_index, supply_demand",5707
2026-08-25T14:28:44.441805+05:45,2026-08-25 14:28:44,live_market,live_market_270,True,cloud_automated,Tuesday - Trading Hours: 11:00 AM - 3:00 PM NPT,2867,NMB 50,NMB50,58.0,5000.0,9.77,0.21,9.75,,9.75,9.77,9.75,48830.0,2026-08-25 14:06:37.024599,4000.0,9.77,,,,,,,,,,,,,,7,"price_volume, live_market, summary, top_gainers, top_losers, nepse_index, supply_demand",5707
2026-08-25T14:28:44.441805+05:45,2026-08-25 14:28:44,live_market,live_market_271,True,cloud_automated,Tuesday - Trading Hours: 11:00 AM - 3:00 PM NPT,9257,MBL Equity Fund,MBLEF,58.0,5200.0,9.56,0.1,9.55,,9.56,9.56,9.53,49669.0,2026-08-25 14:06:35.187628,100.0,9.55,,,,,,,,,,,,,,7,"price_volume, live_market, summary, top_gainers, top_losers, nepse_index, supply_demand",5707
2026-08-25T14:28:44.441805+05:45,2026-08-25 14:28:44,live_market,live_market_272,True,cloud_automated,Tuesday - Trading Hours: 11:00 AM - 3:00 PM NPT,2896,Sampada Laghubitta Bittiya Sanstha Limited,SMPDA,58.0,1162.0,735.0,0.0,735.0,,730.1,740.0,730.1,854855.0,2026-08-25 14:06:34.316823,10.0,735.68,,,,,,,,,,,,,,7,"price_volume, live_market, summary, top_gainers, top_losers, nepse_index, supply_demand",5707
2026-08-25T14:28:44.441805+05:45,2026-08-25 14:28:44,live_market,live_market_273,True,cloud_automated,Tuesday - Trading Hours: 11:00 AM - 3:00 PM NPT,163,Nirdhan Utthan Laghubitta Bittiya Sanstha Limited,NUBL,58.0,7614.0,576.0,-1.71,586.0,,585.1,585.1,576.0,4400625.9,2026-08-25 14:06:15.75863,10.0,577.97,,,,,,,,,,,,,,7,"price_volume, live_market, summary, top_gainers, top_losers, nepse_index, supply_demand",5707
2026-08-25T14:28:44.441805+05:45,2026-08-25 14:28:44,live_market,live_market_274,True,cloud_automated,Tuesday - Trading Hours: 11:00 AM - 3:00 PM NPT,8125,NMB Sulav Investment Fund - 2,NSIF2,58.0,18451.0,10.09,-0.1,10.1,,10.0,10.16,10.0,185542.91,2026-08-25 14:06:10.460562,10275.0,10.06,,,,,,,,,,,,,,7,"price_volume, live_market, summary, top_gainers, top_losers, nepse_index, supply_demand",5707
2026-08-25T14:28:44.441805+05:45,2026-08-25 14:28:44,live_market,live_market_275,True,cloud_automated,Tuesday - Trading Hours: 11:00 AM - 3:00 PM NPT,2770,Siddhartha Equity Fund,SEF,58.0,15375.0,9.5,2.48,9.27,,9.02,9.5,9.02,143521.75,2026-08-25 14:05:47.059293,100.0,9.33,,,,,,,,,,,,,,7,"price_volume, live_market, summary, top_gainers, top_losers, nepse_index, supply_demand",5707
2026-08-25T14:28:44.441805+05:45,2026-08-25 14:28:44,live_market,live_market_276,True,cloud_automated,Tuesday - Trading Hours: 11:00 AM - 3:00 PM NPT,545,Swarojgar Laghubitta Bittiya Sanstha Ltd.,SLBBL,58.0,1975.0,796.0,0.75,790.1,,799.0,799.0,785.2,1552051.6,2026-08-25 14:05:36.225847,10.0,785.85,,,,,,,,,,,,,,7,"price_volume, live_market, summary, top_gainers, top_losers, nepse_index, supply_demand",5707
2026-08-25T14:28:44.441805+05:45,2026-08-25 14:28:44,live_market,live_market_277,True,cloud_automated,Tuesday - Trading Hours: 11:00 AM - 3:00 PM NPT,8102,Mandakini Hydropower Limited,MHL,58.0,1298.0,462.9,0.02,462.8,,455.1,463.9,455.0,596407.8,2026-08-25 14:05:13.275009,225.0,459.48,,,,,,,,,,,,,,7,"price_volume, live_market, summary, top_gainers, top_losers, nepse_index, supply_demand",5707
2026-08-25T14:28:44.441805+05:45,2026-08-25 14:28:44,live_market,live_market_278,True,cloud_automated,Tuesday - Trading Hours: 11:00 AM - 3:00 PM NPT,2781,Wean Nepal Laghubitta Bittiya Sanstha Limited,WNLB,58.0,1644.0,1122.0,-4.02,1169.0,,1134.0,1170.0,1106.0,1842832.3,2026-08-25 14:04:36.939147,90.0,1120.94,,,,,,,,,,,,,,7,"price_volume, live_market, summary, top_gainers, top_losers, nepse_index, supply_demand",5707
2026-08-25T14:28:44.441805+05:45,2026-08-25 14:28:44,live_market,live_market_279,True,cloud_automated,Tuesday - Trading Hours: 11:00 AM - 3:00 PM NPT,9258,Pure Energy Limited,PURE,58.0,2989.0,746.3,-2.99,769.3,,769.3,770.0,746.3,2273193.3,2026-08-25 14:04:21.977851,287.0,760.52,,,,,,,,,,,,,,7,"price_volume, live_market, summary, top_gainers, top_losers, nepse_index, supply_demand",5707
2026-08-25T14:28:44.441805+05:45,2026-08-25 14:28:44,live_market,live_market_280,True,cloud_automated,Tuesday - Trading Hours: 11:00 AM - 3:00 PM NPT,2807,Asha Laghubitta Bittiya Sanstha Ltd,ALBSL,58.0,9703.0,1095.0,-0.45,1100.0,,1067.0,1130.0,1067.0,10625133.9,2026-08-25 14:04:12.193703,20.0,1095.04,,,,,,,,,,,,,,7,"price_volume, live_market, summary, top_gainers, top_losers, nepse_index, supply_demand",5707
2026-08-25T14:28:44.441805+05:45,2026-08-25 14:28:44,live_market,live_market_281,True,cloud_automated,Tuesday - Trading Hours: 11:00 AM - 3:00 PM NPT,2746,National Laghubitta Bittiya Sanstha Limited,NMFBS,58.0,774.0,1107.0,-0.81,1116.0,,1116.0,1116.0,1106.0,857743.5,2026-08-25 14:03:50.374031,200.0,1108.2,,,,,,,,,,,,,,7,"price_volume, live_market, summary, top_gainers, top_losers, nepse_index, supply_demand",5707
2026-08-25T14:28:44.441805+05:45,2026-08-25 14:28:44,live_market,live_market_282,True,cloud_automated,Tuesday - Trading Hours: 11:00 AM - 3:00 PM NPT,559,NLG Insurance Company Ltd.,NLG,58.0,1263.0,554.1,-0.14,554.9,,570.9,570.9,553.9,701394.5,2026-08-25 14:03:47.78408,49.0,555.34,,,,,,,,,,,,,,7,"price_volume, live_market, summary, top_gainers, top_losers, nepse_index, supply_demand",5707
2026-08-25T14:28:44.441805+05:45,2026-08-25 14:28:44,live_market,live_market_283,True,cloud_automated,Tuesday - Trading Hours: 11:00 AM - 3:00 PM NPT,587,Reliance Finance Ltd.,RLFL,58.0,2139.0,434.1,0.25,433.0,,439.9,439.9,428.8,921027.9,2026-08-25 14:03:18.373594,11.0,430.59,,,,,,,,,,,,,,7,"price_volume, live_market, summary, top_gainers, top_losers, nepse_index, supply_demand",5707
2026-08-25T14:28:44.441805+05:45,2026-08-25 14:28:44,live_market,live_market_284,True,cloud_automated,Tuesday - Trading Hours: 11:00 AM - 3:00 PM NPT,4967,NIC Asia Select Fund 30,NICSF,58.0,2540.0,8.66,-2.15,8.85,,8.8,8.8,8.61,22237.4,2026-08-25 14:02:57.036884,200.0,8.75,,,,,,,,,,,,,,7,"price_volume, live_market, summary, top_gainers, top_losers, nepse_index, supply_demand",5707
2026-08-25T14:28:44.441805+05:45,2026-08-25 14:28:44,live_market,live_market_285,True,cloud_automated,Tuesday - Trading Hours: 11:00 AM - 3:00 PM NPT,2804,Samudayik Laghubitta Bittiya Sanstha Limited,SLBSL,58.0,712.0,885.0,-1.67,900.0,,900.0,900.0,885.0,633244.0,2026-08-25 14:02:26.325783,200.0,889.39,,,,,,,,,,,,,,7,"price_volume, live_market, summary, top_gainers, top_losers, nepse_index, supply_demand",5707
2026-08-25T14:28:44.441805+05:45,2026-08-25 14:28:44,live_market,live_market_286,True,cloud_automated,Tuesday - Trading Hours: 11:00 AM - 3:00 PM NPT,9269,Global IME Sammunat Yojana -2,GBIMESY2,58.0,700.0,8.9,-0.22,8.92,,8.89,8.93,8.89,6233.0,2026-08-25 14:02:15.806939,200.0,8.9,,,,,,,,,,,,,,7,"price_volume, live_market, summary, top_gainers, top_losers, nepse_index, supply_demand",5707
2026-08-25T14:28:44.441805+05:45,2026-08-25 14:28:44,live_market,live_market_287,True,cloud_automated,Tuesday - Trading Hours: 11:00 AM - 3:00 PM NPT,2863,NIC Asia Balanced Fund,NICBF,58.0,100.0,9.03,-2.9,9.3,,9.03,9.03,9.03,903.0,2026-08-25 14:01:45.019537,100.0,9.03,,,,,,,,,,,,,,7,"price_volume, live_market, summary, top_gainers, top_losers, nepse_index, supply_demand",5707
2026-08-25T14:28:44.441805+05:45,2026-08-25 14:28:44,live_market,live_market_288,True,cloud_automated,Tuesday - Trading Hours: 11:00 AM - 3:00 PM NPT,2774,Unnati Sahakarya Laghubitta Bittiya Sanstha Limited,USLB,58.0,2390.0,1025.0,-3.76,1065.0,,1051.0,1055.0,1000.0,2439038.8,2026-08-25 13:59:43.363067,10.0,1020.52,,,,,,,,,,,,,,7,"price_volume, live_market, summary, top_gainers, top_losers, nepse_index, supply_demand",5707
2026-08-25T14:28:44.441805+05:45,2026-08-25 14:28:44,live_market,live_market_289,True,cloud_automated,Tuesday - Trading Hours: 11:00 AM - 3:00 PM NPT,9161,Aatmanirbhar Laghubitta Bittiya Sanstha Limited,ANLB,58.0,234.0,5025.4,-1.83,5119.0,,5000.0,5110.0,5000.0,1179007.0,2026-08-25 13:59:42.232413,30.0,5038.49,,,,,,,,,,,,,,7,"price_volume, live_market, summary, top_gainers, top_losers, nepse_index, supply_demand",5707
2026-08-25T14:28:44.441805+05:45,2026-08-25 14:28:44,live_market,live_market_290,True,cloud_automated,Tuesday - Trading Hours: 11:00 AM - 3:00 PM NPT,9290,HLI Large Cap Fund,HLICF,58.0,3270.0,8.3,-2.35,8.5,,8.35,8.5,8.06,27146.2,2026-08-25 13:59:35.382444,100.0,8.3,,,,,,,,,,,,,,7,"price_volume, live_market, summary, top_gainers, top_losers, nepse_index, supply_demand",5707
2026-08-25T14:28:44.441805+05:45,2026-08-25 14:28:44,live_market,live_market_291,True,cloud_automated,Tuesday - Trading Hours: 11:00 AM - 3:00 PM NPT,9211,9% Nepal SBI Bank Rinpatra 2089,SBID89,58.0,200.0,1160.0,-2.86,1194.2,,1160.0,1160.0,1160.0,232000.0,2026-08-25 13:58:42.865035,200.0,1160.0,,,,,,,,,,,,,,7,"price_volume, live_market, summary, top_gainers, top_losers, nepse_index, supply_demand",5707
2026-08-25T14:28:44.441805+05:45,2026-08-25 14:28:44,live_market,live_market_292,True,cloud_automated,Tuesday - Trading Hours: 11:00 AM - 3:00 PM NPT,2784,Nadep Laghubittiya bittya Sanstha Ltd.,NADEP,58.0,85.0,690.0,-1.43,700.0,,690.0,690.0,690.0,58536.5,2026-08-25 13:58:39.203708,2.0,688.66,,,,,,,,,,,,,,7,"price_volume, live_market, summary, top_gainers, top_losers, nepse_index, supply_demand",5707
2026-08-25T14:28:44.441805+05:45,2026-08-25 14:28:44,live_market,live_market_293,True,cloud_automated,Tuesday - Trading Hours: 11:00 AM - 3:00 PM NPT,148,Taragaon Regency Hotel Limited,TRH,58.0,14513.0,795.0,-0.87,802.0,,803.3,817.0,795.0,11574325.6,2026-08-25 13:57:53.322645,16.0,797.51,,,,,,,,,,,,,,7,"price_volume, live_market, summary, top_gainers, top_losers, nepse_index, supply_demand",5707
2026-08-25T14:28:44.441805+05:45,2026-08-25 14:28:44,live_market,live_market_294,True,cloud_automated,Tuesday - Trading Hours: 11:00 AM - 3:00 PM NPT,9215,Mid Solu Hydropower Limited,MSHL,58.0,144.0,580.0,1.75,570.0,,565.2,583.0,565.2,82688.2,2026-08-25 13:57:33.615518,10.0,574.22,,,,,,,,,,,,,,7,"price_volume, live_market, summary, top_gainers, top_losers, nepse_index, supply_demand",5707
2026-08-25T14:28:44.441805+05:45,2026-08-25 14:28:44,live_market,live_market_295,True,cloud_automated,Tuesday - Trading Hours: 11:00 AM - 3:00 PM NPT,4963,NMB Debenture 8.50% - 2087/88,NMBD87/88,58.0,50.0,1085.0,0.08,1084.1,,1080.0,1085.0,1080.0,54125.0,2026-08-25 13:57:31.752678,25.0,1082.5,,,,,,,,,,,,,,7,"price_volume, live_market, summary, top_gainers, top_losers, nepse_index, supply_demand",5707
2026-08-25T14:28:44.441805+05:45,2026-08-25 14:28:44,live_market,live_market_296,True,cloud_automated,Tuesday - Trading Hours: 11:00 AM - 3:00 PM NPT,4959,8.5% Nepal Bank Debenture 2087,NBLD87,58.0,25.0,1080.0,0.0,1080.0,,1080.0,1080.0,1080.0,27000.0,2026-08-25 13:57:11.693733,25.0,1080.0,,,,,,,,,,,,,,7,"price_volume, live_market, summary, top_gainers, top_losers, nepse_index, supply_demand",5707
2026-08-25T14:28:44.441805+05:45,2026-08-25 14:28:44,live_market,live_market_297,True,cloud_automated,Tuesday - Trading Hours: 11:00 AM - 3:00 PM NPT,593,Kalika Laghubitta Bittiya Sanstha Ltd,KMCDB,58.0,680.0,774.9,0.64,770.0,,770.0,775.0,761.5,520977.1,2026-08-25 13:55:52.387337,10.0,766.14,,,,,,,,,,,,,,7,"price_volume, live_market, summary, top_gainers, top_losers, nepse_index, supply_demand",5707
2026-08-25T14:28:44.441805+05:45,2026-08-25 14:28:44,live_market,live_market_298,True,cloud_automated,Tuesday - Trading Hours: 11:00 AM - 3:00 PM NPT,2878,10.25% Sunrise Bank Debenture 2083,SRBLD83,58.0,25.0,1015.0,0.0,1015.0,,1015.0,1015.0,1015.0,25375.0,2026-08-25 13:55:16.065309,25.0,1015.0,,,,,,,,,,,,,,7,"price_volume, live_market, summary, top_gainers, top_losers, nepse_index, supply_demand",5707
2026-08-25T14:28:44.441805+05:45,2026-08-25 14:28:44,live_market,live_market_299,True,cloud_automated,Tuesday - Trading Hours: 11:00 AM - 3:00 PM NPT,179,Himalayan Everest Insurance Limited,HEI,58.0,2753.0,520.0,0.06,519.7,,520.1,522.0,520.0,1434282.0,2026-08-25 13:54:32.096147,1001.0,520.99,,,,,,,,,,,,,,7,"price_volume, live_market, summary, top_gainers, top_losers, nepse_index, supply_demand",5707
2026-08-25T14:28:44.441805+05:45,2026-08-25 14:28:44,live_market,live_market_300,True,cloud_automated,Tuesday - Trading Hours: 11:00 AM - 3:00 PM NPT,9139,Sanima Growth Fund,SAGF,58.0,6400.0,10.0,0.0,10.0,,10.0,10.0,9.81,63981.0,2026-08-25 13:53:48.085369,6000.0,10.0,,,,,,,,,,,,,,7,"price_volume, live_market, summary, top_gainers, top_losers, nepse_index, supply_demand",5707
2026-08-25T14:28:44.441805+05:45,2026-08-25 14:28:44,live_market,live_market_301,True,cloud_automated,Tuesday - Trading Hours: 11:00 AM - 3:00 PM NPT,634,Rastriya Beema Company Limited Promoter Share,RBCLPO,58.0,10.0,11090.0,-2.45,11368.0,,11090.0,11090.0,11090.0,110900.0,2026-08-25 13:52:53.274365,10.0,11090.0,,,,,,,,,,,,,,7,"price_volume, live_market, summary, top_gainers, top_losers, nepse_index, supply_demand",5707
2026-08-25T14:28:44.441805+05:45,2026-08-25 14:28:44,live_market,live_market_302,True,cloud_automated,Tuesday - Trading Hours: 11:00 AM - 3:00 PM NPT,8022,Terhathum Power Company Limited,TPC,58.0,7410.0,351.0,-1.4,356.0,,361.5,361.5,351.0,2618556.0,2026-08-25 13:52:46.66337,343.0,353.38,,,,,,,,,,,,,,7,"price_volume, live_market, summary, top_gainers, top_losers, nepse_index, supply_demand",5707
2026-08-25T14:28:44.441805+05:45,2026-08-25 14:28:44,live_market,live_market_303,True,cloud_automated,Tuesday - Trading Hours: 11:00 AM - 3:00 PM NPT,273,ICFC Finance Limited,ICFC,58.0,3958.0,588.0,-0.51,591.0,,591.0,599.0,588.0,2330965.5,2026-08-25 13:52:23.261272,431.0,588.93,,,,,,,,,,,,,,7,"price_volume, live_market, summary, top_gainers, top_losers, nepse_index, supply_demand",5707
2026-08-25T14:28:44.441805+05:45,2026-08-25 14:28:44,live_market,live_market_304,True,cloud_automated,Tuesday - Trading Hours: 11:00 AM - 3:00 PM NPT,2811,Mountain Hydro Nepal Limited,MHNL,58.0,3895.0,239.0,-1.16,241.8,,239.2,242.9,238.0,932760.6,2026-08-25 13:51:52.528527,250.0,239.48,,,,,,,,,,,,,,7,"price_volume, live_market, summary, top_gainers, top_losers, nepse_index, supply_demand",5707
2026-08-25T14:28:44.441805+05:45,2026-08-25 14:28:44,live_market,live_market_305,True,cloud_automated,Tuesday - Trading Hours: 11:00 AM - 3:00 PM NPT,9138,NIBL Growth Fund,NIBLGF,58.0,200.0,8.9,0.56,8.85,,8.9,8.9,8.9,1780.0,2026-08-25 13:50:30.927164,100.0,8.9,,,,,,,,,,,,,,7,"price_volume, live_market, summary, top_gainers, top_losers, nepse_index, supply_demand",5707
2026-08-25T14:28:44.441805+05:45,2026-08-25 14:28:44,live_market,live_market_306,True,cloud_automated,Tuesday - Trading Hours: 11:00 AM - 3:00 PM NPT,9350,LS Horizon 12,LSH12,58.0,4100.0,8.95,0.22,8.93,,8.85,9.18,8.85,36816.0,2026-08-25 13:49:50.770725,100.0,8.98,,,,,,,,,,,,,,7,"price_volume, live_market, summary, top_gainers, top_losers, nepse_index, supply_demand",5707
2026-08-25T14:28:44.441805+05:45,2026-08-25 14:28:44,live_market,live_market_307,True,cloud_automated,Tuesday - Trading Hours: 11:00 AM - 3:00 PM NPT,469,Nepal Investment Mega Bank Ltd. Promoter Share,NIMBPO,58.0,49.0,141.6,1.14,140.0,,142.8,142.8,137.5,6846.9,2026-08-25 13:49:45.53983,10.0,139.73,,,,,,,,,,,,,,7,"price_volume, live_market, summary, top_gainers, top_losers, nepse_index, supply_demand",5707
2026-08-25T14:28:44.441805+05:45,2026-08-25 14:28:44,live_market,live_market_308,True,cloud_automated,Tuesday - Trading Hours: 11:00 AM - 3:00 PM NPT,9137,"Himalayan Bank Limited Bond, 2086",HBLD86,58.0,1.0,1170.0,0.0,1170.0,,1170.0,1170.0,1170.0,1136.1,2026-08-25 13:49:36.340248,1.0,1136.1,,,,,,,,,,,,,,7,"price_volume, live_market, summary, top_gainers, top_losers, nepse_index, supply_demand",5707
2026-08-25T14:28:44.441805+05:45,2026-08-25 14:28:44,live_market,live_market_309,True,cloud_automated,Tuesday - Trading Hours: 11:00 AM - 3:00 PM NPT,8132,Shrijanshil Laghubitta Bittiya Sanstha Limited,SHLB,58.0,50.0,1351.0,-1.39,1370.0,,1355.0,1355.0,1351.0,67670.0,2026-08-25 13:49:08.961048,10.0,1353.4,,,,,,,,,,,,,,7,"price_volume, live_market, summary, top_gainers, top_losers, nepse_index, supply_demand",5707
2026-08-25T14:28:44.441805+05:45,2026-08-25 14:28:44,live_market,live_market_310,True,cloud_automated,Tuesday - Trading Hours: 11:00 AM - 3:00 PM NPT,244,Shree Investment Finance Co. Ltd.,SIFC,58.0,2651.0,491.1,-1.35,497.8,,494.0,494.0,490.0,1304054.1,2026-08-25 13:49:07.23816,154.0,491.91,,,,,,,,,,,,,,7,"price_volume, live_market, summary, top_gainers, top_losers, nepse_index, supply_demand",5707
2026-08-25T14:28:44.441805+05:45,2026-08-25 14:28:44,live_market,live_market_311,True,cloud_automated,Tuesday - Trading Hours: 11:00 AM - 3:00 PM NPT,9254,NMB Hybrid Fund L- II,NMBHF2,58.0,1250.0,9.19,-2.85,9.46,,9.18,9.2,9.18,11481.0,2026-08-25 13:48:33.086246,100.0,9.18,,,,,,,,,,,,,,7,"price_volume, live_market, summary, top_gainers, top_losers, nepse_index, supply_demand",5707
2026-08-25T14:28:44.441805+05:45,2026-08-25 14:28:44,live_market,live_market_312,True,cloud_automated,Tuesday - Trading Hours: 11:00 AM - 3:00 PM NPT,9245,Muktinath Mutual Fund 1,MNMF1,58.0,1390.0,9.35,-1.58,9.5,,9.23,9.55,9.23,13060.5,2026-08-25 13:46:17.644913,100.0,9.4,,,,,,,,,,,,,,7,"price_volume, live_market, summary, top_gainers, top_losers, nepse_index, supply_demand",5707
2026-08-25T14:28:44.441805+05:45,2026-08-25 14:28:44,live_market,live_market_313,True,cloud_automated,Tuesday - Trading Hours: 11:00 AM - 3:00 PM NPT,9244,NIBL Stable Fund,NIBLSTF,58.0,600.0,8.4,-0.83,8.47,,8.24,8.4,8.24,4990.0,2026-08-25 13:45:16.492112,100.0,8.32,,,,,,,,,,,,,,7,"price_volume, live_market, summary, top_gainers, top_losers, nepse_index, supply_demand",5707
2026-08-25T14:28:44.441805+05:45,2026-08-25 14:28:44,live_market,live_market_314,True,cloud_automated,Tuesday - Trading Hours: 11:00 AM - 3:00 PM NPT,155,Salt Trading Corporation,STC,58.0,271.0,5170.0,-0.48,5195.0,,5215.0,5215.0,5170.0,1401730.0,2026-08-25 13:45:13.979137,70.0,5172.44,,,,,,,,,,,,,,7,"price_volume, live_market, summary, top_gainers, top_losers, nepse_index, supply_demand",5707
2026-08-25T14:28:44.441805+05:45,2026-08-25 14:28:44,live_market,live_market_315,True,cloud_automated,Tuesday - Trading Hours: 11:00 AM - 3:00 PM NPT,4949,NIBL Samriddhi Fund -2,NIBSF2,58.0,3539.0,8.49,1.31,8.38,,8.15,8.6,8.15,30263.04,2026-08-25 13:44:02.426368,500.0,8.55,,,,,,,,,,,,,,7,"price_volume, live_market, summary, top_gainers, top_losers, nepse_index, supply_demand",5707
2026-08-25T14:28:44.441805+05:45,2026-08-25 14:28:44,live_market,live_market_316,True,cloud_automated,Tuesday - Trading Hours: 11:00 AM - 3:00 PM NPT,2936,9.5% NCC Debenture 2086,NCCD86,58.0,50.0,1110.0,-0.72,1118.0,,1100.2,1110.0,1099.0,55188.0,2026-08-25 13:42:51.260221,20.0,1103.76,,,,,,,,,,,,,,7,"price_volume, live_market, summary, top_gainers, top_losers, nepse_index, supply_demand",5707
2026-08-25T14:28:44.441805+05:45,2026-08-25 14:28:44,live_market,live_market_317,True,cloud_automated,Tuesday - Trading Hours: 11:00 AM - 3:00 PM NPT,9327,8% ICFC Finance Limited Debenture 2089,ICFCD89,58.0,295.0,1099.0,0.18,1097.0,,1066.2,1104.0,1066.2,323445.0,2026-08-25 13:40:59.98944,70.0,1096.42,,,,,,,,,,,,,,7,"price_volume, live_market, summary, top_gainers, top_losers, nepse_index, supply_demand",5707
2026-08-25T14:28:44.441805+05:45,2026-08-25 14:28:44,live_market,live_market_318,True,cloud_automated,Tuesday - Trading Hours: 11:00 AM - 3:00 PM NPT,9289,7% Nepal SBI Bank Debenture 2090,SBID2090,58.0,80.0,1041.0,-0.86,1050.0,,1030.0,1055.0,1030.0,83425.0,2026-08-25 13:39:19.266925,25.0,1042.81,,,,,,,,,,,,,,7,"price_volume, live_market, summary, top_gainers, top_losers, nepse_index, supply_demand",5707
2026-08-25T14:28:44.441805+05:45,2026-08-25 14:28:44,live_market,live_market_319,True,cloud_automated,Tuesday - Trading Hours: 11:00 AM - 3:00 PM NPT,7985,8.5% Machhapuchchhre Debenture 2087,MBLD87,58.0,30.0,1127.0,0.07,1126.2,,1127.0,1127.0,1127.0,33810.0,2026-08-25 13:38:49.723323,30.0,1127.0,,,,,,,,,,,,,,7,"price_volume, live_market, summary, top_gainers, top_losers, nepse_index, supply_demand",5707
2026-08-25T14:28:44.441805+05:45,2026-08-25 14:28:44,live_market,live_market_320,True,cloud_automated,Tuesday - Trading Hours: 11:00 AM - 3:00 PM NPT,149,Oriental Hotels Limited,OHL,58.0,792.0,625.0,-0.84,630.3,,630.0,631.0,625.0,495493.8,2026-08-25 13:34:24.123965,500.0,625.62,,,,,,,,,,,,,,7,"price_volume, live_market, summary, top_gainers, top_losers, nepse_index, supply_demand",5707
2026-08-25T14:28:44.441805+05:45,2026-08-25 14:28:44,live_market,live_market_321,True,cloud_automated,Tuesday - Trading Hours: 11:00 AM - 3:00 PM NPT,177,Rastriya Beema Company Limited,RBCL,58.0,72.0,14000.0,1.43,13803.0,,14000.0,14217.0,14000.0,1010170.0,2026-08-25 13:32:17.82505,22.0,14030.14,,,,,,,,,,,,,,7,"price_volume, live_market, summary, top_gainers, top_losers, nepse_index, supply_demand",5707
2026-08-25T14:28:44.441805+05:45,2026-08-25 14:28:44,live_market,live_market_322,True,cloud_automated,Tuesday - Trading Hours: 11:00 AM - 3:00 PM NPT,8018,Manushi Laghubitta Bittiya Sanstha Limited,MLBS,58.0,10.0,1090.0,1.77,1071.0,,1090.0,1090.0,1090.0,10900.0,2026-08-25 13:31:19.871725,10.0,1090.0,,,,,,,,,,,,,,7,"price_volume, live_market, summary, top_gainers, top_losers, nepse_index, supply_demand",5707
2026-08-25T14:28:44.441805+05:45,2026-08-25 14:28:44,live_market,live_market_323,True,cloud_automated,Tuesday - Trading Hours: 11:00 AM - 3:00 PM NPT,2769,Nepal Hydro Developers Ltd.,NHDL,58.0,1898.0,625.0,0.1,624.4,,623.2,625.0,623.0,1184167.1,2026-08-25 13:29:49.51616,11.0,623.9,,,,,,,,,,,,,,7,"price_volume, live_market, summary, top_gainers, top_losers, nepse_index, supply_demand",5707
2026-08-25T14:28:44.441805+05:45,2026-08-25 14:28:44,live_market,live_market_324,True,cloud_automated,Tuesday - Trading Hours: 11:00 AM - 3:00 PM NPT,2790,Aarambha Chautari Laghubitta Bittiya Sanstha Limited,ACLBSL,58.0,67.0,890.1,-2.08,909.0,,901.0,901.0,890.1,60234.1,2026-08-25 13:16:47.375887,11.0,899.02,,,,,,,,,,,,,,7,"price_volume, live_market, summary, top_gainers, top_losers, nepse_index, supply_demand",5707
2026-08-25T14:28:44.441805+05:45,2026-08-25 14:28:44,live_market,live_market_325,True,cloud_automated,Tuesday - Trading Hours: 11:00 AM - 3:00 PM NPT,2815,Ganapati Laghubitta Bittiya Sanstha Limited,GMFBS,58.0,1197.0,1133.0,-2.74,1164.9,,1130.0,1147.0,1100.0,1325163.0,2026-08-25 13:16:45.433582,14.0,1107.07,,,,,,,,,,,,,,7,"price_volume, live_market, summary, top_gainers, top_losers, nepse_index, supply_demand",5707
2026-08-25T14:28:44.441805+05:45,2026-08-25 14:28:44,live_market,live_market_326,True,cloud_automated,Tuesday - Trading Hours: 11:00 AM - 3:00 PM NPT,9236,NIC ASIA Growth Fund-2,NICGF2,58.0,100.0,8.71,-2.79,8.96,,8.71,8.71,8.71,871.0,2026-08-25 13:14:02.655722,100.0,8.71,,,,,,,,,,,,,,7,"price_volume, live_market, summary, top_gainers, top_losers, nepse_index, supply_demand",5707
2026-08-25T14:28:44.441805+05:45,2026-08-25 14:28:44,live_market,live_market_327,True,cloud_automated,Tuesday - Trading Hours: 11:00 AM - 3:00 PM NPT,9286,Shine Resunga Debenture,SHINED,58.0,55.0,1100.0,-1.43,1116.0,,1100.0,1100.0,1100.0,60500.0,2026-08-25 12:42:59.248532,30.0,1100.0,,,,,,,,,,,,,,7,"price_volume, live_market, summary, top_gainers, top_losers, nepse_index, supply_demand",5707
2026-08-25T14:28:44.441805+05:45,2026-08-25 14:28:44,live_market,live_market_328,True,cloud_automated,Tuesday - Trading Hours: 11:00 AM - 3:00 PM NPT,2931,8.5% Nepal Investment Bank Debenture 2084,NIBD84,58.0,140.0,1033.3,-0.16,1035.0,,1030.0,1033.3,1030.0,144493.0,2026-08-25 12:40:36.014925,50.0,1032.09,,,,,,,,,,,,,,7,"price_volume, live_market, summary, top_gainers, top_losers, nepse_index, supply_demand",5707
2026-08-25T14:28:44.441805+05:45,2026-08-25 14:28:44,live_market,live_market_329,True,cloud_automated,Tuesday - Trading Hours: 11:00 AM - 3:00 PM NPT,695,Janautthan Samudayic Laghubitta Bittya Sanstha Limited,JSLBB,58.0,95.0,945.0,0.0,945.0,,945.0,959.0,945.0,89915.0,2026-08-25 12:40:20.757934,70.0,946.47,,,,,,,,,,,,,,7,"price_volume, live_market, summary, top_gainers, top_losers, nepse_index, supply_demand",5707
2026-08-25T14:28:44.441805+05:45,2026-08-25 14:28:44,live_market,live_market_330,True,cloud_automated,Tuesday - Trading Hours: 11:00 AM - 3:00 PM NPT,2883,12 % Goodwill Finance Limited Debenture 2083,GWFD83,58.0,25.0,1035.0,0.1,1034.0,,1034.0,1035.0,1034.0,25869.1,2026-08-25 12:39:08.333414,24.0,1034.76,,,,,,,,,,,,,,7,"price_volume, live_market, summary, top_gainers, top_losers, nepse_index, supply_demand",5707
2026-08-25T14:28:44.441805+05:45,2026-08-25 14:28:44,live_market,live_market_331,True,cloud_automated,Tuesday - Trading Hours: 11:00 AM - 3:00 PM NPT,6984,8.75 % Prime Debenture 2085,PBD85,58.0,100.0,1100.0,0.0,1100.0,,1100.0,1100.0,1100.0,110000.0,2026-08-25 12:38:35.222754,100.0,1100.0,,,,,,,,,,,,,,7,"price_volume, live_market, summary, top_gainers, top_losers, nepse_index, supply_demand",5707
2026-08-25T14:28:44.441805+05:45,2026-08-25 14:28:44,live_market,live_market_332,True,cloud_automated,Tuesday - Trading Hours: 11:00 AM - 3:00 PM NPT,156,Bishal Bazar Company Limited,BBC,58.0,143.0,4100.0,0.59,4076.0,,4100.0,4100.0,4060.0,581915.2,2026-08-25 12:38:19.443116,10.0,4069.34,,,,,,,,,,,,,,7,"price_volume, live_market, summary, top_gainers, top_losers, nepse_index, supply_demand",5707
2026-08-25T14:28:44.441805+05:45,2026-08-25 14:28:44,live_market,live_market_333,True,cloud_automated,Tuesday - Trading Hours: 11:00 AM - 3:00 PM NPT,2833,Infinity Laghubitta Bittiya Sanstha Limited Promoter Share,ILBSP,58.0,6000.0,460.0,-2.23,470.5,,460.0,460.0,460.0,2760000.0,2026-08-25 12:33:40.875154,6000.0,460.0,,,,,,,,,,,,,,7,"price_volume, live_market, summary, top_gainers, top_losers, nepse_index, supply_demand",5707
2026-08-25T14:28:44.441805+05:45,2026-08-25 14:28:44,live_market,live_market_334,True,cloud_automated,Tuesday - Trading Hours: 11:00 AM - 3:00 PM NPT,2835,NABIL BALANCED FUND-2,NBF2,58.0,200.0,10.0,-0.89,10.09,,10.0,10.0,10.0,2000.0,2026-08-25 12:33:13.312205,200.0,10.0,,,,,,,,,,,,,,7,"price_volume, live_market, summary, top_gainers, top_losers, nepse_index, supply_demand",5707
2026-08-25T14:28:44.441805+05:45,2026-08-25 14:28:44,live_market,live_market_335,True,cloud_automated,Tuesday - Trading Hours: 11:00 AM - 3:00 PM NPT,2933,Kumari Equity Fund,KEF,58.0,200.0,9.43,-2.78,9.7,,9.43,9.43,9.43,1886.0,2026-08-25 12:29:43.836338,100.0,9.43,,,,,,,,,,,,,,7,"price_volume, live_market, summary, top_gainers, top_losers, nepse_index, supply_demand",5707
2026-08-25T14:28:44.441805+05:45,2026-08-25 14:28:44,live_market,live_market_336,True,cloud_automated,Tuesday - Trading Hours: 11:00 AM - 3:00 PM NPT,9261,Nifra Green Energy Debenture 6% - 2088/89,NIFRAGED,58.0,50.0,1000.1,-0.98,1010.0,,1000.1,1000.1,1000.1,50005.0,2026-08-25 12:17:17.845744,50.0,1000.1,,,,,,,,,,,,,,7,"price_volume, live_market, summary, top_gainers, top_losers, nepse_index, supply_demand",5707
2026-08-25T14:28:44.441805+05:45,2026-08-25 14:28:44,live_market,live_market_337,True,cloud_automated,Tuesday - Trading Hours: 11:00 AM - 3:00 PM NPT,2923,Sanima Large Cap Fund,SLCF,58.0,200.0,9.3,-0.11,9.31,,9.04,9.3,9.04,1834.0,2026-08-25 12:17:14.712488,100.0,9.17,,,,,,,,,,,,,,7,"price_volume, live_market, summary, top_gainers, top_losers, nepse_index, supply_demand",5707
2026-08-25T14:28:44.441805+05:45,2026-08-25 14:28:44,live_market,live_market_338,True,cloud_automated,Tuesday - Trading Hours: 11:00 AM - 3:00 PM NPT,2932,9.5% Manjushree Finance Limited Debenture 2085,MFLD85,58.0,50.0,1075.9,-0.84,1085.0,,1075.9,1075.9,1075.9,53795.0,2026-08-25 12:16:43.256962,50.0,1075.9,,,,,,,,,,,,,,7,"price_volume, live_market, summary, top_gainers, top_losers, nepse_index, supply_demand",5707
2026-08-25T14:28:44.441805+05:45,2026-08-25 14:28:44,live_market,live_market_339,True,cloud_automated,Tuesday - Trading Hours: 11:00 AM - 3:00 PM NPT,2902,Laxmi Unnati Kosh,LUK,58.0,12400.0,9.5,-2.06,9.7,,9.41,9.5,9.41,117618.0,2026-08-25 12:13:28.194701,5300.0,9.49,,,,,,,,,,,,,,7,"price_volume, live_market, summary, top_gainers, top_losers, nepse_index, supply_demand",5707
2026-08-25T14:28:44.441805+05:45,2026-08-25 14:28:44,live_market,live_market_340,True,cloud_automated,Tuesday - Trading Hours: 11:00 AM - 3:00 PM NPT,9154,Sunrise Focused Equity Fund,SFEF,58.0,100.0,9.64,-2.23,9.86,,9.64,9.64,9.64,964.0,2026-08-25 12:05:44.625582,100.0,9.64,,,,,,,,,,,,,,7,"price_volume, live_market, summary, top_gainers, top_losers, nepse_index, supply_demand",5707
2026-08-25T14:28:44.441805+05:45,2026-08-25 14:28:44,live_market,live_market_341,True,cloud_automated,Tuesday - Trading Hours: 11:00 AM - 3:00 PM NPT,9180,NMB Debenture 10.75%-2089/90,NMBD89/90,58.0,25.0,1223.0,-2.94,1260.0,,1223.0,1223.0,1223.0,30575.0,2026-08-25 12:03:00.100094,25.0,1223.0,,,,,,,,,,,,,,7,"price_volume, live_market, summary, top_gainers, top_losers, nepse_index, supply_demand",5707
2026-08-25T14:28:44.441805+05:45,2026-08-25 14:28:44,live_market,live_market_342,True,cloud_automated,Tuesday - Trading Hours: 11:00 AM - 3:00 PM NPT,9197,11% L.B.B.L. Debenture 2089,LBBLD89,58.0,25.0,1231.0,-2.3,1260.0,,1231.0,1231.0,1231.0,30775.0,2026-08-25 12:01:10.843865,25.0,1231.0,,,,,,,,,,,,,,7,"price_volume, live_market, summary, top_gainers, top_losers, nepse_index, supply_demand",5707
2026-08-25T14:28:44.441805+05:45,2026-08-25 14:28:44,live_market,live_market_343,True,cloud_automated,Tuesday - Trading Hours: 11:00 AM - 3:00 PM NPT,8043,Civil Bank Debenture 2088,CBLD88,58.0,25.0,1165.0,-2.1,1190.0,,1201.0,1201.0,1165.0,29521.0,2026-08-25 11:58:19.534094,14.0,1180.84,,,,,,,,,,,,,,7,"price_volume, live_market, summary, top_gainers, top_losers, nepse_index, supply_demand",5707
2026-08-25T14:28:44.441805+05:45,2026-08-25 14:28:44,live_market,live_market_344,True,cloud_automated,Tuesday - Trading Hours: 11:00 AM - 3:00 PM NPT,9255,Everest Bank Limited Debenture 2091,EBLD91,58.0,25.0,1069.0,-2.99,1102.0,,1069.0,1069.0,1069.0,26725.0,2026-08-25 11:54:34.570842,10.0,1069.0,,,,,,,,,,,,,,7,"price_volume, live_market, summary, top_gainers, top_losers, nepse_index, supply_demand",5707
2026-08-25T14:28:44.441805+05:45,2026-08-25 14:28:44,live_market,live_market_345,True,cloud_automated,Tuesday - Trading Hours: 11:00 AM - 3:00 PM NPT,9299,7% Nabil Debenture 2089,NABILD2089,58.0,525.0,1030.0,-5.07,1085.0,,1053.0,1053.0,1030.0,552250.0,2026-08-25 11:40:22.787198,25.0,1051.9,,,,,,,,,,,,,,7,"price_volume, live_market, summary, top_gainers, top_losers, nepse_index, supply_demand",5707
2026-08-25T14:28:44.441805+05:45,2026-08-25 14:28:44,live_market,live_market_346,True,cloud_automated,Tuesday - Trading Hours: 11:00 AM - 3:00 PM NPT,9266,7% NIC ASIA Debenture 2091,NICAD2091,58.0,25.0,1025.0,-2.38,1050.0,,1025.0,1025.0,1025.0,25625.0,2026-08-25 11:37:02.07583,25.0,1025.0,,,,,,,,,,,,,,7,"price_volume, live_market, summary, top_gainers, top_losers, nepse_index, supply_demand",5707
2026-08-25T14:28:44.441805+05:45,2026-08-25 14:28:44,live_market,live_market_347,True,cloud_automated,Tuesday - Trading Hours: 11:00 AM - 3:00 PM NPT,9264,7% RBBL Debenture 2088,RBBD2088,58.0,25.0,1030.0,-1.9,1050.0,,1030.0,1030.0,1030.0,25750.0,2026-08-25 11:30:56.913676,25.0,1030.0,,,,,,,,,,,,,,7,"price_volume, live_market, summary, top_gainers, top_losers, nepse_index, supply_demand",5707
2026-08-25T14:28:44.441805+05:45,2026-08-25 14:28:44,live_market,live_market_348,True,cloud_automated,Tuesday - Trading Hours: 11:00 AM - 3:00 PM NPT,9178,RBB Mutual Fund 2,RMF2,58.0,100.0,10.0,-0.1,10.01,,10.0,10.0,10.0,1000.0,2026-08-25 11:29:05.584078,100.0,10.0,,,,,,,,,,,,,,7,"price_volume, live_market, summary, top_gainers, top_losers, nepse_index, supply_demand",5707
2026-08-25T14:28:44.441805+05:45,2026-08-25 14:28:44,live_market,live_market_349,True,cloud_automated,Tuesday - Trading Hours: 11:00 AM - 3:00 PM NPT,9271,7.25% SBL Debenture 2091,SBLD2091,58.0,65.0,1056.0,-0.38,1060.0,,1060.0,1060.0,1056.0,68800.0,2026-08-25 11:25:05.641125,15.0,1058.46,,,,,,,,,,,,,,7,"price_volume, live_market, summary, top_gainers, top_losers, nepse_index, supply_demand",5707
2026-08-25T14:28:44.441805+05:45,2026-08-25 14:28:44,live_market,live_market_350,True,cloud_automated,Tuesday - Trading Hours: 11:00 AM - 3:00 PM NPT,8034,Emerging Nepal Limited,ENL,58.0,10.0,833.9,1.96,817.9,,833.9,833.9,833.9,8339.0,2026-08-25 11:04:07.644095,10.0,833.9,,,,,,,,,,,,,,7,"price_volume, live_market, summary, top_gainers, top_losers, nepse_index, supply_demand",5707
2026-08-25T14:28:44.441805+05:45,2026-08-25 14:28:44,summary,summary_summary,True,cloud_automated,Tuesday - Trading Hours: 11:00 AM - 3:00 PM NPT,,,,,,,,,,,,,,,,,3189540831.03,7564642.0,34593.0,350.0,,,,,,,,,,7,"price_volume, live_market, summary, top_gainers, top_losers, nepse_index, supply_demand",5707
2026-08-25T14:28:44.441805+05:45,2026-08-25 14:28:44,top_gainers,top_gainers_1,True,cloud_automated,Tuesday - Trading Hours: 11:00 AM - 3:00 PM NPT,9353,Sarvottam Paints Industries Limited,SAPIL,,,,14.99,,,,,,,,,,,,,,1054.7,,137.5,,,,,,,7,"price_volume, live_market, summary, top_gainers, top_losers, nepse_index, supply_demand",5707
2026-08-25T14:28:44.441805+05:45,2026-08-25 14:28:44,top_gainers,top_gainers_2,True,cloud_automated,Tuesday - Trading Hours: 11:00 AM - 3:00 PM NPT,9166,Makar Jitumaya Suri Hydropower Limited,MAKAR,,,,5.4,,,,,,,,,,,,,,441.5,,22.6,,,,,,,7,"price_volume, live_market, summary, top_gainers, top_losers, nepse_index, supply_demand",5707
2026-08-25T14:28:44.441805+05:45,2026-08-25 14:28:44,top_gainers,top_gainers_3,True,cloud_automated,Tuesday - Trading Hours: 11:00 AM - 3:00 PM NPT,9231,10% Citizens Bank Debenture 2090,CIZBD90,,,,2.94,,,,,,,,,,,,,,1261.0,,36.0,,,,,,,7,"price_volume, live_market, summary, top_gainers, top_losers, nepse_index, supply_demand",5707
2026-08-25T14:28:44.441805+05:45,2026-08-25 14:28:44,top_gainers,top_gainers_4,True,cloud_automated,Tuesday - Trading Hours: 11:00 AM - 3:00 PM NPT,9241,Kumari Sabal Yojana,KSY,,,,2.93,,,,,,,,,,,,,,9.47,,0.27,,,,,,,7,"price_volume, live_market, summary, top_gainers, top_losers, nepse_index, supply_demand",5707
2026-08-25T14:28:44.441805+05:45,2026-08-25 14:28:44,top_gainers,top_gainers_5,True,cloud_automated,Tuesday - Trading Hours: 11:00 AM - 3:00 PM NPT,9305,Salapa Bikas Bank Limited,SABBL,,,,2.75,,,,,,,,,,,,,,899.8,,24.1,,,,,,,7,"price_volume, live_market, summary, top_gainers, top_losers, nepse_index, supply_demand",5707
2026-08-25T14:28:44.441805+05:45,2026-08-25 14:28:44,top_gainers,top_gainers_6,True,cloud_automated,Tuesday - Trading Hours: 11:00 AM - 3:00 PM NPT,9146,Super Madi Hydropower Limited,SMHL,,,,2.73,,,,,,,,,,,,,,527.0,,14.0,,,,,,,7,"price_volume, live_market, summary, top_gainers, top_losers, nepse_index, supply_demand",5707
2026-08-25T14:28:44.441805+05:45,2026-08-25 14:28:44,top_gainers,top_gainers_7,True,cloud_automated,Tuesday - Trading Hours: 11:00 AM - 3:00 PM NPT,2754,Dibyashwori Hydropower Ltd.,DHPL,,,,2.57,,,,,,,,,,,,,,279.0,,7.0,,,,,,,7,"price_volume, live_market, summary, top_gainers, top_losers, nepse_index, supply_demand",5707
2026-08-25T14:28:44.441805+05:45,2026-08-25 14:28:44,top_gainers,top_gainers_8,True,cloud_automated,Tuesday - Trading Hours: 11:00 AM - 3:00 PM NPT,9344,Snow Rivers Limited,SNORL,,,,2.49,,,,,,,,,,,,,,904.0,,22.0,,,,,,,7,"price_volume, live_market, summary, top_gainers, top_losers, nepse_index, supply_demand",5707
2026-08-25T14:28:44.441805+05:45,2026-08-25 14:28:44,top_gainers,top_gainers_9,True,cloud_automated,Tuesday - Trading Hours: 11:00 AM - 3:00 PM NPT,2770,Siddhartha Equity Fund,SEF,,,,2.48,,,,,,,,,,,,,,9.5,,0.23,,,,,,,7,"price_volume, live_market, summary, top_gainers, top_losers, nepse_index, supply_demand",5707
2026-08-25T14:28:44.441805+05:45,2026-08-25 14:28:44,top_gainers,top_gainers_10,True,cloud_automated,Tuesday - Trading Hours: 11:00 AM - 3:00 PM NPT,2829,Swabhimaan Laghubitta Bittiya Sanstha Limited,SMFBS,,,,2.05,,,,,,,,,,,,,,1406.5,,28.3,,,,,,,7,"price_volume, live_market, summary, top_gainers, top_losers, nepse_index, supply_demand",5707
2026-08-25T14:28:44.441805+05:45,2026-08-25 14:28:44,top_gainers,top_gainers_11,True,cloud_automated,Tuesday - Trading Hours: 11:00 AM - 3:00 PM NPT,9267,Bikash Hydropower Company Limited,BHCL,,,,1.99,,,,,,,,,,,,,,553.0,,10.8,,,,,,,7,"price_volume, live_market, summary, top_gainers, top_losers, nepse_index, supply_demand",5707
2026-08-25T14:28:44.441805+05:45,2026-08-25 14:28:44,top_gainers,top_gainers_12,True,cloud_automated,Tuesday - Trading Hours: 11:00 AM - 3:00 PM NPT,8034,Emerging Nepal Limited,ENL,,,,1.96,,,,,,,,,,,,,,833.9,,16.0,,,,,,,7,"price_volume, live_market, summary, top_gainers, top_losers, nepse_index, supply_demand",5707
2026-08-25T14:28:44.441805+05:45,2026-08-25 14:28:44,top_gainers,top_gainers_13,True,cloud_automated,Tuesday - Trading Hours: 11:00 AM - 3:00 PM NPT,9347,Everest Colour Limited,ECL,,,,1.89,,,,,,,,,,,,,,1355.1,,25.1,,,,,,,7,"price_volume, live_market, summary, top_gainers, top_losers, nepse_index, supply_demand",5707
2026-08-25T14:28:44.441805+05:45,2026-08-25 14:28:44,top_gainers,top_gainers_14,True,cloud_automated,Tuesday - Trading Hours: 11:00 AM - 3:00 PM NPT,8018,Manushi Laghubitta Bittiya Sanstha Limited,MLBS,,,,1.77,,,,,,,,,,,,,,1090.0,,19.0,,,,,,,7,"price_volume, live_market, summary, top_gainers, top_losers, nepse_index, supply_demand",5707
2026-08-25T14:28:44.441805+05:45,2026-08-25 14:28:44,top_gainers,top_gainers_15,True,cloud_automated,Tuesday - Trading Hours: 11:00 AM - 3:00 PM NPT,9215,Mid Solu Hydropower Limited,MSHL,,,,1.75,,,,,,,,,,,,,,580.0,,10.0,,,,,,,7,"price_volume, live_market, summary, top_gainers, top_losers, nepse_index, supply_demand",5707
2026-08-25T14:28:44.441805+05:45,2026-08-25 14:28:44,top_gainers,top_gainers_16,True,cloud_automated,Tuesday - Trading Hours: 11:00 AM - 3:00 PM NPT,177,Rastriya Beema Company Limited,RBCL,,,,1.43,,,,,,,,,,,,,,14000.0,,197.0,,,,,,,7,"price_volume, live_market, summary, top_gainers, top_losers, nepse_index, supply_demand",5707
2026-08-25T14:28:44.441805+05:45,2026-08-25 14:28:44,top_gainers,top_gainers_17,True,cloud_automated,Tuesday - Trading Hours: 11:00 AM - 3:00 PM NPT,4949,NIBL Samriddhi Fund -2,NIBSF2,,,,1.31,,,,,,,,,,,,,,8.49,,0.11,,,,,,,7,"price_volume, live_market, summary, top_gainers, top_losers, nepse_index, supply_demand",5707
2026-08-25T14:28:44.441805+05:45,2026-08-25 14:28:44,top_gainers,top_gainers_18,True,cloud_automated,Tuesday - Trading Hours: 11:00 AM - 3:00 PM NPT,686,Barun Hydropower Co. Ltd.,BARUN,,,,1.2,,,,,,,,,,,,,,320.0,,3.8,,,,,,,7,"price_volume, live_market, summary, top_gainers, top_losers, nepse_index, supply_demand",5707
2026-08-25T14:28:44.441805+05:45,2026-08-25 14:28:44,top_gainers,top_gainers_19,True,cloud_automated,Tuesday - Trading Hours: 11:00 AM - 3:00 PM NPT,9302,RBB Focus 40,RBBF40,,,,1.11,,,,,,,,,,,,,,9.1,,0.1,,,,,,,7,"price_volume, live_market, summary, top_gainers, top_losers, nepse_index, supply_demand",5707
2026-08-25T14:28:44.441805+05:45,2026-08-25 14:28:44,top_gainers,top_gainers_20,True,cloud_automated,Tuesday - Trading Hours: 11:00 AM - 3:00 PM NPT,9221,Himalayan 80-20,H8020,,,,1.0,,,,,,,,,,,,,,12.12,,0.12,,,,,,,7,"price_volume, live_market, summary, top_gainers, top_losers, nepse_index, supply_demand",5707
2026-08-25T14:28:44.441805+05:45,2026-08-25 14:28:44,top_gainers,top_gainers_21,True,cloud_automated,Tuesday - Trading Hours: 11:00 AM - 3:00 PM NPT,2806,Ghalemdi Hydro Limited,GHL,,,,0.96,,,,,,,,,,,,,,230.2,,2.2,,,,,,,7,"price_volume, live_market, summary, top_gainers, top_losers, nepse_index, supply_demand",5707
2026-08-25T14:28:44.441805+05:45,2026-08-25 14:28:44,top_gainers,top_gainers_22,True,cloud_automated,Tuesday - Trading Hours: 11:00 AM - 3:00 PM NPT,2788,Ankhu Khola Jalvidhyut Company Ltd,AKJCL,,,,0.9,,,,,,,,,,,,,,349.1,,3.1,,,,,,,7,"price_volume, live_market, summary, top_gainers, top_losers, nepse_index, supply_demand",5707
2026-08-25T14:28:44.441805+05:45,2026-08-25 14:28:44,top_gainers,top_gainers_23,True,cloud_automated,Tuesday - Trading Hours: 11:00 AM - 3:00 PM NPT,9312,Nepal Life Samriddhi Lagani Yojana,NSY,,,,0.89,,,,,,,,,,,,,,9.08,,0.08,,,,,,,7,"price_volume, live_market, summary, top_gainers, top_losers, nepse_index, supply_demand",5707
2026-08-25T14:28:44.441805+05:45,2026-08-25 14:28:44,top_gainers,top_gainers_24,True,cloud_automated,Tuesday - Trading Hours: 11:00 AM - 3:00 PM NPT,9183,Nepal Republic Media Limited,NRM,,,,0.84,,,,,,,,,,,,,,298.5,,2.5,,,,,,,7,"price_volume, live_market, summary, top_gainers, top_losers, nepse_index, supply_demand",5707
2026-08-25T14:28:44.441805+05:45,2026-08-25 14:28:44,top_gainers,top_gainers_25,True,cloud_automated,Tuesday - Trading Hours: 11:00 AM - 3:00 PM NPT,188,Life Insurance Corporation (Nepal) Limited,LICN,,,,0.79,,,,,,,,,,,,,,770.0,,6.0,,,,,,,7,"price_volume, live_market, summary, top_gainers, top_losers, nepse_index, supply_demand",5707
2026-08-25T14:28:44.441805+05:45,2026-08-25 14:28:44,top_gainers,top_gainers_26,True,cloud_automated,Tuesday - Trading Hours: 11:00 AM - 3:00 PM NPT,545,Swarojgar Laghubitta Bittiya Sanstha Ltd.,SLBBL,,,,0.75,,,,,,,,,,,,,,796.0,,5.9,,,,,,,7,"price_volume, live_market, summary, top_gainers, top_losers, nepse_index, supply_demand",5707
2026-08-25T14:28:44.441805+05:45,2026-08-25 14:28:44,top_gainers,top_gainers_27,True,cloud_automated,Tuesday - Trading Hours: 11:00 AM - 3:00 PM NPT,9175,Menchhiyam Hydropower Limited,MCHL,,,,0.73,,,,,,,,,,,,,,276.0,,2.0,,,,,,,7,"price_volume, live_market, summary, top_gainers, top_losers, nepse_index, supply_demand",5707
2026-08-25T14:28:44.441805+05:45,2026-08-25 14:28:44,top_gainers,top_gainers_28,True,cloud_automated,Tuesday - Trading Hours: 11:00 AM - 3:00 PM NPT,417,Garima Bikas Bank Limited,GBBL,,,,0.67,,,,,,,,,,,,,,422.9,,2.8,,,,,,,7,"price_volume, live_market, summary, top_gainers, top_losers, nepse_index, supply_demand",5707
2026-08-25T14:28:44.441805+05:45,2026-08-25 14:28:44,top_gainers,top_gainers_29,True,cloud_automated,Tuesday - Trading Hours: 11:00 AM - 3:00 PM NPT,593,Kalika Laghubitta Bittiya Sanstha Ltd,KMCDB,,,,0.64,,,,,,,,,,,,,,774.9,,4.9,,,,,,,7,"price_volume, live_market, summary, top_gainers, top_losers, nepse_index, supply_demand",5707
2026-08-25T14:28:44.441805+05:45,2026-08-25 14:28:44,top_gainers,top_gainers_30,True,cloud_automated,Tuesday - Trading Hours: 11:00 AM - 3:00 PM NPT,156,Bishal Bazar Company Limited,BBC,,,,0.59,,,,,,,,,,,,,,4100.0,,24.0,,,,,,,7,"price_volume, live_market, summary, top_gainers, top_losers, nepse_index, supply_demand",5707
2026-08-25T14:28:44.441805+05:45,2026-08-25 14:28:44,top_gainers,top_gainers_31,True,cloud_automated,Tuesday - Trading Hours: 11:00 AM - 3:00 PM NPT,2914,United IDI Mardi RB Hydropower Limited.,UMRH,,,,0.58,,,,,,,,,,,,,,523.0,,3.0,,,,,,,7,"price_volume, live_market, summary, top_gainers, top_losers, nepse_index, supply_demand",5707
2026-08-25T14:28:44.441805+05:45,2026-08-25 14:28:44,top_gainers,top_gainers_32,True,cloud_automated,Tuesday - Trading Hours: 11:00 AM - 3:00 PM NPT,9138,NIBL Growth Fund,NIBLGF,,,,0.56,,,,,,,,,,,,,,8.9,,0.05,,,,,,,7,"price_volume, live_market, summary, top_gainers, top_losers, nepse_index, supply_demand",5707
2026-08-25T14:28:44.441805+05:45,2026-08-25 14:28:44,top_gainers,top_gainers_33,True,cloud_automated,Tuesday - Trading Hours: 11:00 AM - 3:00 PM NPT,178,National Life Insurance Co. Ltd.,NLICL,,,,0.55,,,,,,,,,,,,,,565.9,,3.1,,,,,,,7,"price_volume, live_market, summary, top_gainers, top_losers, nepse_index, supply_demand",5707
2026-08-25T14:28:44.441805+05:45,2026-08-25 14:28:44,top_gainers,top_gainers_34,True,cloud_automated,Tuesday - Trading Hours: 11:00 AM - 3:00 PM NPT,4968,RBB Mutual Fund 1,RMF1,,,,0.54,,,,,,,,,,,,,,9.37,,0.05,,,,,,,7,"price_volume, live_market, summary, top_gainers, top_losers, nepse_index, supply_demand",5707
2026-08-25T14:28:44.441805+05:45,2026-08-25 14:28:44,top_gainers,top_gainers_35,True,cloud_automated,Tuesday - Trading Hours: 11:00 AM - 3:00 PM NPT,250,Janaki Finance Company Limited,JFL,,,,0.53,,,,,,,,,,,,,,380.0,,2.0,,,,,,,7,"price_volume, live_market, summary, top_gainers, top_losers, nepse_index, supply_demand",5707
2026-08-25T14:28:44.441805+05:45,2026-08-25 14:28:44,top_gainers,top_gainers_36,True,cloud_automated,Tuesday - Trading Hours: 11:00 AM - 3:00 PM NPT,9300,Jhapa Energy Limited,JHAPA,,,,0.51,,,,,,,,,,,,,,1035.0,,5.3,,,,,,,7,"price_volume, live_market, summary, top_gainers, top_losers, nepse_index, supply_demand",5707
2026-08-25T14:28:44.441805+05:45,2026-08-25 14:28:44,top_gainers,top_gainers_37,True,cloud_automated,Tuesday - Trading Hours: 11:00 AM - 3:00 PM NPT,358,Lumbini Bikas Bank Ltd.,LBBL,,,,0.51,,,,,,,,,,,,,,476.5,,2.4,,,,,,,7,"price_volume, live_market, summary, top_gainers, top_losers, nepse_index, supply_demand",5707
2026-08-25T14:28:44.441805+05:45,2026-08-25 14:28:44,top_gainers,top_gainers_38,True,cloud_automated,Tuesday - Trading Hours: 11:00 AM - 3:00 PM NPT,561,Sindhu Bikash Bank Ltd,SINDU,,,,0.47,,,,,,,,,,,,,,624.9,,2.9,,,,,,,7,"price_volume, live_market, summary, top_gainers, top_losers, nepse_index, supply_demand",5707
2026-08-25T14:28:44.441805+05:45,2026-08-25 14:28:44,top_gainers,top_gainers_39,True,cloud_automated,Tuesday - Trading Hours: 11:00 AM - 3:00 PM NPT,307,Nepal Doorsanchar Company Limited,NTC,,,,0.45,,,,,,,,,,,,,,884.0,,4.0,,,,,,,7,"price_volume, live_market, summary, top_gainers, top_losers, nepse_index, supply_demand",5707
2026-08-25T14:28:44.441805+05:45,2026-08-25 14:28:44,top_gainers,top_gainers_40,True,cloud_automated,Tuesday - Trading Hours: 11:00 AM - 3:00 PM NPT,9306,Reliance Spinning Mills Limited,RSML,,,,0.44,,,,,,,,,,,,,,2740.0,,12.0,,,,,,,7,"price_volume, live_market, summary, top_gainers, top_losers, nepse_index, supply_demand",5707
2026-08-25T14:28:44.441805+05:45,2026-08-25 14:28:44,top_gainers,top_gainers_41,True,cloud_automated,Tuesday - Trading Hours: 11:00 AM - 3:00 PM NPT,705,Global IME Laghubitta Bittiya Sanstha Ltd.,GILB,,,,0.39,,,,,,,,,,,,,,1090.0,,4.2,,,,,,,7,"price_volume, live_market, summary, top_gainers, top_losers, nepse_index, supply_demand",5707
2026-08-25T14:28:44.441805+05:45,2026-08-25 14:28:44,top_gainers,top_gainers_42,True,cloud_automated,Tuesday - Trading Hours: 11:00 AM - 3:00 PM NPT,8099,Upper Hewakhola Hydropower Company Limited,UHEWA,,,,0.33,,,,,,,,,,,,,,602.0,,2.0,,,,,,,7,"price_volume, live_market, summary, top_gainers, top_losers, nepse_index, supply_demand",5707
2026-08-25T14:28:44.441805+05:45,2026-08-25 14:28:44,top_gainers,top_gainers_43,True,cloud_automated,Tuesday - Trading Hours: 11:00 AM - 3:00 PM NPT,8031,Madhya Bhotekoshi Jalavidyut Company Limited,MBJC,,,,0.33,,,,,,,,,,,,,,270.0,,0.9,,,,,,,7,"price_volume, live_market, summary, top_gainers, top_losers, nepse_index, supply_demand",5707
2026-08-25T14:28:44.441805+05:45,2026-08-25 14:28:44,top_gainers,top_gainers_44,True,cloud_automated,Tuesday - Trading Hours: 11:00 AM - 3:00 PM NPT,2757,Arun Kabeli Power Ltd.,AKPL,,,,0.32,,,,,,,,,,,,,,247.8,,0.8,,,,,,,7,"price_volume, live_market, summary, top_gainers, top_losers, nepse_index, supply_demand",5707
2026-08-25T14:28:44.441805+05:45,2026-08-25 14:28:44,top_gainers,top_gainers_45,True,cloud_automated,Tuesday - Trading Hours: 11:00 AM - 3:00 PM NPT,2841,RASUWAGADHI HYDROPOWER COMPANY LIMITED,RHPL,,,,0.29,,,,,,,,,,,,,,243.7,,0.7,,,,,,,7,"price_volume, live_market, summary, top_gainers, top_losers, nepse_index, supply_demand",5707
2026-08-25T14:28:44.441805+05:45,2026-08-25 14:28:44,top_gainers,top_gainers_46,True,cloud_automated,Tuesday - Trading Hours: 11:00 AM - 3:00 PM NPT,9334,Kalinchock Hydropower Limited,KHPL,,,,0.27,,,,,,,,,,,,,,739.0,,2.0,,,,,,,7,"price_volume, live_market, summary, top_gainers, top_losers, nepse_index, supply_demand",5707
2026-08-25T14:28:44.441805+05:45,2026-08-25 14:28:44,top_gainers,top_gainers_47,True,cloud_automated,Tuesday - Trading Hours: 11:00 AM - 3:00 PM NPT,587,Reliance Finance Ltd.,RLFL,,,,0.25,,,,,,,,,,,,,,434.1,,1.1,,,,,,,7,"price_volume, live_market, summary, top_gainers, top_losers, nepse_index, supply_demand",5707
2026-08-25T14:28:44.441805+05:45,2026-08-25 14:28:44,top_gainers,top_gainers_48,True,cloud_automated,Tuesday - Trading Hours: 11:00 AM - 3:00 PM NPT,9156,Sanima Middle Tamor Hydropower Limited,TAMOR,,,,0.23,,,,,,,,,,,,,,479.1,,1.1,,,,,,,7,"price_volume, live_market, summary, top_gainers, top_losers, nepse_index, supply_demand",5707
2026-08-25T14:28:44.441805+05:45,2026-08-25 14:28:44,top_gainers,top_gainers_49,True,cloud_automated,Tuesday - Trading Hours: 11:00 AM - 3:00 PM NPT,137,Everest Bank Limited,EBL,,,,0.22,,,,,,,,,,,,,,727.7,,1.6,,,,,,,7,"price_volume, live_market, summary, top_gainers, top_losers, nepse_index, supply_demand",5707
2026-08-25T14:28:44.441805+05:45,2026-08-25 14:28:44,top_gainers,top_gainers_50,True,cloud_automated,Tuesday - Trading Hours: 11:00 AM - 3:00 PM NPT,268,Swabalamban Laghubitta Bittiya Sanstha Limited,SWBBL,,,,0.22,,,,,,,,,,,,,,669.0,,1.5,,,,,,,7,"price_volume, live_market, summary, top_gainers, top_losers, nepse_index, supply_demand",5707
2026-08-25T14:28:44.441805+05:45,2026-08-25 14:28:44,top_gainers,top_gainers_51,True,cloud_automated,Tuesday - Trading Hours: 11:00 AM - 3:00 PM NPT,9350,LS Horizon 12,LSH12,,,,0.22,,,,,,,,,,,,,,8.95,,0.02,,,,,,,7,"price_volume, live_market, summary, top_gainers, top_losers, nepse_index, supply_demand",5707
2026-08-25T14:28:44.441805+05:45,2026-08-25 14:28:44,top_gainers,top_gainers_52,True,cloud_automated,Tuesday - Trading Hours: 11:00 AM - 3:00 PM NPT,176,Nepal Insurance Co. Ltd.,NICL,,,,0.21,,,,,,,,,,,,,,485.0,,1.0,,,,,,,7,"price_volume, live_market, summary, top_gainers, top_losers, nepse_index, supply_demand",5707
2026-08-25T14:28:44.441805+05:45,2026-08-25 14:28:44,top_gainers,top_gainers_53,True,cloud_automated,Tuesday - Trading Hours: 11:00 AM - 3:00 PM NPT,2867,NMB 50,NMB50,,,,0.21,,,,,,,,,,,,,,9.77,,0.02,,,,,,,7,"price_volume, live_market, summary, top_gainers, top_losers, nepse_index, supply_demand",5707
2026-08-25T14:28:44.441805+05:45,2026-08-25 14:28:44,top_gainers,top_gainers_54,True,cloud_automated,Tuesday - Trading Hours: 11:00 AM - 3:00 PM NPT,164,Chhimek Laghubitta Bittiya Sanstha Limited,CBBL,,,,0.2,,,,,,,,,,,,,,937.0,,1.9,,,,,,,7,"price_volume, live_market, summary, top_gainers, top_losers, nepse_index, supply_demand",5707
2026-08-25T14:28:44.441805+05:45,2026-08-25 14:28:44,top_gainers,top_gainers_55,True,cloud_automated,Tuesday - Trading Hours: 11:00 AM - 3:00 PM NPT,9148,Super Mai Hydropower Limited,SMH,,,,0.2,,,,,,,,,,,,,,509.0,,1.0,,,,,,,7,"price_volume, live_market, summary, top_gainers, top_losers, nepse_index, supply_demand",5707
2026-08-25T14:28:44.441805+05:45,2026-08-25 14:28:44,top_gainers,top_gainers_56,True,cloud_automated,Tuesday - Trading Hours: 11:00 AM - 3:00 PM NPT,341,Global IME Bank Limited,GBIME,,,,0.2,,,,,,,,,,,,,,245.0,,0.5,,,,,,,7,"price_volume, live_market, summary, top_gainers, top_losers, nepse_index, supply_demand",5707
2026-08-25T14:28:44.441805+05:45,2026-08-25 14:28:44,top_gainers,top_gainers_57,True,cloud_automated,Tuesday - Trading Hours: 11:00 AM - 3:00 PM NPT,9327,8% ICFC Finance Limited Debenture 2089,ICFCD89,,,,0.18,,,,,,,,,,,,,,1099.0,,2.0,,,,,,,7,"price_volume, live_market, summary, top_gainers, top_losers, nepse_index, supply_demand",5707
2026-08-25T14:28:44.441805+05:45,2026-08-25 14:28:44,top_gainers,top_gainers_58,True,cloud_automated,Tuesday - Trading Hours: 11:00 AM - 3:00 PM NPT,9293,Daramkhola Hydro Energy Limited,DHEL,,,,0.18,,,,,,,,,,,,,,571.0,,1.0,,,,,,,7,"price_volume, live_market, summary, top_gainers, top_losers, nepse_index, supply_demand",5707
2026-08-25T14:28:44.441805+05:45,2026-08-25 14:28:44,top_gainers,top_gainers_59,True,cloud_automated,Tuesday - Trading Hours: 11:00 AM - 3:00 PM NPT,9270,Him Star Urja Company Limited,HIMSTAR,,,,0.15,,,,,,,,,,,,,,656.0,,1.0,,,,,,,7,"price_volume, live_market, summary, top_gainers, top_losers, nepse_index, supply_demand",5707
2026-08-25T14:28:44.441805+05:45,2026-08-25 14:28:44,top_gainers,top_gainers_60,True,cloud_automated,Tuesday - Trading Hours: 11:00 AM - 3:00 PM NPT,2913,Mountain Energy Nepal Limited,MEN,,,,0.15,,,,,,,,,,,,,,620.0,,0.9,,,,,,,7,"price_volume, live_market, summary, top_gainers, top_losers, nepse_index, supply_demand",5707
2026-08-25T14:28:44.441805+05:45,2026-08-25 14:28:44,top_gainers,top_gainers_61,True,cloud_automated,Tuesday - Trading Hours: 11:00 AM - 3:00 PM NPT,2748,RSDC Laghubitta Bittiya Sanstha Ltd.,RSDC,,,,0.15,,,,,,,,,,,,,,620.0,,0.9,,,,,,,7,"price_volume, live_market, summary, top_gainers, top_losers, nepse_index, supply_demand",5707
2026-08-25T14:28:44.441805+05:45,2026-08-25 14:28:44,top_gainers,top_gainers_62,True,cloud_automated,Tuesday - Trading Hours: 11:00 AM - 3:00 PM NPT,182,Siddhartha Premier Insurance Limited,SPIL,,,,0.14,,,,,,,,,,,,,,667.0,,0.9,,,,,,,7,"price_volume, live_market, summary, top_gainers, top_losers, nepse_index, supply_demand",5707
2026-08-25T14:28:44.441805+05:45,2026-08-25 14:28:44,top_gainers,top_gainers_63,True,cloud_automated,Tuesday - Trading Hours: 11:00 AM - 3:00 PM NPT,474,Muktinath Bikas Bank Ltd.,MNBBL,,,,0.11,,,,,,,,,,,,,,359.0,,0.4,,,,,,,7,"price_volume, live_market, summary, top_gainers, top_losers, nepse_index, supply_demand",5707
2026-08-25T14:28:44.441805+05:45,2026-08-25 14:28:44,top_gainers,top_gainers_64,True,cloud_automated,Tuesday - Trading Hours: 11:00 AM - 3:00 PM NPT,2883,12 % Goodwill Finance Limited Debenture 2083,GWFD83,,,,0.1,,,,,,,,,,,,,,1035.0,,1.0,,,,,,,7,"price_volume, live_market, summary, top_gainers, top_losers, nepse_index, supply_demand",5707
2026-08-25T14:28:44.441805+05:45,2026-08-25 14:28:44,top_gainers,top_gainers_65,True,cloud_automated,Tuesday - Trading Hours: 11:00 AM - 3:00 PM NPT,2769,Nepal Hydro Developers Ltd.,NHDL,,,,0.1,,,,,,,,,,,,,,625.0,,0.6,,,,,,,7,"price_volume, live_market, summary, top_gainers, top_losers, nepse_index, supply_demand",5707
2026-08-25T14:28:44.441805+05:45,2026-08-25 14:28:44,top_gainers,top_gainers_66,True,cloud_automated,Tuesday - Trading Hours: 11:00 AM - 3:00 PM NPT,9257,MBL Equity Fund,MBLEF,,,,0.1,,,,,,,,,,,,,,9.56,,0.01,,,,,,,7,"price_volume, live_market, summary, top_gainers, top_losers, nepse_index, supply_demand",5707
2026-08-25T14:28:44.441805+05:45,2026-08-25 14:28:44,top_gainers,top_gainers_67,True,cloud_automated,Tuesday - Trading Hours: 11:00 AM - 3:00 PM NPT,4963,NMB Debenture 8.50% - 2087/88,NMBD87/88,,,,0.08,,,,,,,,,,,,,,1085.0,,0.9,,,,,,,7,"price_volume, live_market, summary, top_gainers, top_losers, nepse_index, supply_demand",5707
2026-08-25T14:28:44.441805+05:45,2026-08-25 14:28:44,top_gainers,top_gainers_68,True,cloud_automated,Tuesday - Trading Hours: 11:00 AM - 3:00 PM NPT,7985,8.5% Machhapuchchhre Debenture 2087,MBLD87,,,,0.07,,,,,,,,,,,,,,1127.0,,0.8,,,,,,,7,"price_volume, live_market, summary, top_gainers, top_losers, nepse_index, supply_demand",5707
2026-08-25T14:28:44.441805+05:45,2026-08-25 14:28:44,top_gainers,top_gainers_69,True,cloud_automated,Tuesday - Trading Hours: 11:00 AM - 3:00 PM NPT,179,Himalayan Everest Insurance Limited,HEI,,,,0.06,,,,,,,,,,,,,,520.0,,0.3,,,,,,,7,"price_volume, live_market, summary, top_gainers, top_losers, nepse_index, supply_demand",5707
2026-08-25T14:28:44.441805+05:45,2026-08-25 14:28:44,top_gainers,top_gainers_70,True,cloud_automated,Tuesday - Trading Hours: 11:00 AM - 3:00 PM NPT,591,Sanima Mai Hydropower Ltd.,SHPC,,,,0.06,,,,,,,,,,,,,,514.5,,0.3,,,,,,,7,"price_volume, live_market, summary, top_gainers, top_losers, nepse_index, supply_demand",5707
2026-08-25T14:28:44.441805+05:45,2026-08-25 14:28:44,top_gainers,top_gainers_71,True,cloud_automated,Tuesday - Trading Hours: 11:00 AM - 3:00 PM NPT,8075,Bindhyabasini Hydropower Development Company Limited,BHDC,,,,0.05,,,,,,,,,,,,,,428.0,,0.2,,,,,,,7,"price_volume, live_market, summary, top_gainers, top_losers, nepse_index, supply_demand",5707
2026-08-25T14:28:44.441805+05:45,2026-08-25 14:28:44,top_gainers,top_gainers_72,True,cloud_automated,Tuesday - Trading Hours: 11:00 AM - 3:00 PM NPT,142,Kumari Bank Limited,KBL,,,,0.05,,,,,,,,,,,,,,214.0,,0.1,,,,,,,7,"price_volume, live_market, summary, top_gainers, top_losers, nepse_index, supply_demand",5707
2026-08-25T14:28:44.441805+05:45,2026-08-25 14:28:44,top_gainers,top_gainers_73,True,cloud_automated,Tuesday - Trading Hours: 11:00 AM - 3:00 PM NPT,140,Machhapuchhre Bank Limited,MBL,,,,0.04,,,,,,,,,,,,,,250.0,,0.1,,,,,,,7,"price_volume, live_market, summary, top_gainers, top_losers, nepse_index, supply_demand",5707
2026-08-25T14:28:44.441805+05:45,2026-08-25 14:28:44,top_gainers,top_gainers_74,True,cloud_automated,Tuesday - Trading Hours: 11:00 AM - 3:00 PM NPT,2744,Green Development Bank Ltd.,GRDBL,,,,0.03,,,,,,,,,,,,,,979.9,,0.3,,,,,,,7,"price_volume, live_market, summary, top_gainers, top_losers, nepse_index, supply_demand",5707
2026-08-25T14:28:44.441805+05:45,2026-08-25 14:28:44,top_gainers,top_gainers_75,True,cloud_automated,Tuesday - Trading Hours: 11:00 AM - 3:00 PM NPT,401,Mahalaxmi Bikas Bank Ltd.,MLBL,,,,0.03,,,,,,,,,,,,,,349.9,,0.1,,,,,,,7,"price_volume, live_market, summary, top_gainers, top_losers, nepse_index, supply_demand",5707
2026-08-25T14:28:44.441805+05:45,2026-08-25 14:28:44,top_gainers,top_gainers_76,True,cloud_automated,Tuesday - Trading Hours: 11:00 AM - 3:00 PM NPT,8102,Mandakini Hydropower Limited,MHL,,,,0.02,,,,,,,,,,,,,,462.9,,0.1,,,,,,,7,"price_volume, live_market, summary, top_gainers, top_losers, nepse_index, supply_demand",5707
2026-08-25T14:28:44.441805+05:45,2026-08-25 14:28:44,top_losers,top_losers_1,True,cloud_automated,Tuesday - Trading Hours: 11:00 AM - 3:00 PM NPT,8123,Dhaulagiri Laghubitta Bittiya Sanstha Limited,DLBS,,,,-9.57,,,,,,,,,,,,,,1040.0,,-110.0,,,,,,,7,"price_volume, live_market, summary, top_gainers, top_losers, nepse_index, supply_demand",5707
2026-08-25T14:28:44.441805+05:45,2026-08-25 14:28:44,top_losers,top_losers_2,True,cloud_automated,Tuesday - Trading Hours: 11:00 AM - 3:00 PM NPT,8121,Sayapatri Hydropower Limited,SPHL,,,,-6.77,,,,,,,,,,,,,,523.0,,-38.0,,,,,,,7,"price_volume, live_market, summary, top_gainers, top_losers, nepse_index, supply_demand",5707
2026-08-25T14:28:44.441805+05:45,2026-08-25 14:28:44,top_losers,top_losers_3,True,cloud_automated,Tuesday - Trading Hours: 11:00 AM - 3:00 PM NPT,8073,NIC Asia Flexi CAP Fund,NICFC,,,,-5.43,,,,,,,,,,,,,,8.7,,-0.5,,,,,,,7,"price_volume, live_market, summary, top_gainers, top_losers, nepse_index, supply_demand",5707
2026-08-25T14:28:44.441805+05:45,2026-08-25 14:28:44,top_losers,top_losers_4,True,cloud_automated,Tuesday - Trading Hours: 11:00 AM - 3:00 PM NPT,9324,Ridge Line Energy Limited,RLEL,,,,-5.38,,,,,,,,,,,,,,861.0,,-49.0,,,,,,,7,"price_volume, live_market, summary, top_gainers, top_losers, nepse_index, supply_demand",5707
2026-08-25T14:28:44.441805+05:45,2026-08-25 14:28:44,top_losers,top_losers_5,True,cloud_automated,Tuesday - Trading Hours: 11:00 AM - 3:00 PM NPT,9299,7% Nabil Debenture 2089,NABILD2089,,,,-5.07,,,,,,,,,,,,,,1030.0,,-55.0,,,,,,,7,"price_volume, live_market, summary, top_gainers, top_losers, nepse_index, supply_demand",5707
2026-08-25T14:28:44.441805+05:45,2026-08-25 14:28:44,top_losers,top_losers_6,True,cloud_automated,Tuesday - Trading Hours: 11:00 AM - 3:00 PM NPT,9304,Citizens Santulit Yojana,CSY,,,,-4.88,,,,,,,,,,,,,,8.57,,-0.44,,,,,,,7,"price_volume, live_market, summary, top_gainers, top_losers, nepse_index, supply_demand",5707
2026-08-25T14:28:44.441805+05:45,2026-08-25 14:28:44,top_losers,top_losers_7,True,cloud_automated,Tuesday - Trading Hours: 11:00 AM - 3:00 PM NPT,2781,Wean Nepal Laghubitta Bittiya Sanstha Limited,WNLB,,,,-4.02,,,,,,,,,,,,,,1122.0,,-47.0,,,,,,,7,"price_volume, live_market, summary, top_gainers, top_losers, nepse_index, supply_demand",5707
2026-08-25T14:28:44.441805+05:45,2026-08-25 14:28:44,top_losers,top_losers_8,True,cloud_automated,Tuesday - Trading Hours: 11:00 AM - 3:00 PM NPT,9213,Hathway Investment Nepal Limited,HATHY,,,,-4.01,,,,,,,,,,,,,,605.0,,-25.3,,,,,,,7,"price_volume, live_market, summary, top_gainers, top_losers, nepse_index, supply_demand",5707
2026-08-25T14:28:44.441805+05:45,2026-08-25 14:28:44,top_losers,top_losers_9,True,cloud_automated,Tuesday - Trading Hours: 11:00 AM - 3:00 PM NPT,2774,Unnati Sahakarya Laghubitta Bittiya Sanstha Limited,USLB,,,,-3.76,,,,,,,,,,,,,,1025.0,,-40.0,,,,,,,7,"price_volume, live_market, summary, top_gainers, top_losers, nepse_index, supply_demand",5707
2026-08-25T14:28:44.441805+05:45,2026-08-25 14:28:44,top_losers,top_losers_10,True,cloud_automated,Tuesday - Trading Hours: 11:00 AM - 3:00 PM NPT,9192,Upper Syange Hydropower Limited,USHL,,,,-3.7,,,,,,,,,,,,,,520.0,,-20.0,,,,,,,7,"price_volume, live_market, summary, top_gainers, top_losers, nepse_index, supply_demand",5707
2026-08-25T14:28:44.441805+05:45,2026-08-25 14:28:44,top_losers,top_losers_11,True,cloud_automated,Tuesday - Trading Hours: 11:00 AM - 3:00 PM NPT,9212,Mandu Hydropower Limited,MANDU,,,,-3.59,,,,,,,,,,,,,,711.5,,-26.5,,,,,,,7,"price_volume, live_market, summary, top_gainers, top_losers, nepse_index, supply_demand",5707
2026-08-25T14:28:44.441805+05:45,2026-08-25 14:28:44,top_losers,top_losers_12,True,cloud_automated,Tuesday - Trading Hours: 11:00 AM - 3:00 PM NPT,9233,Nepal Warehousing Company Limited ,NWCL,,,,-3.56,,,,,,,,,,,,,,623.0,,-23.0,,,,,,,7,"price_volume, live_market, summary, top_gainers, top_losers, nepse_index, supply_demand",5707
2026-08-25T14:28:44.441805+05:45,2026-08-25 14:28:44,top_losers,top_losers_13,True,cloud_automated,Tuesday - Trading Hours: 11:00 AM - 3:00 PM NPT,9352,Mount Everest Power Development Limited,MEPDL,,,,-3.21,,,,,,,,,,,,,,691.0,,-22.9,,,,,,,7,"price_volume, live_market, summary, top_gainers, top_losers, nepse_index, supply_demand",5707
2026-08-25T14:28:44.441805+05:45,2026-08-25 14:28:44,top_losers,top_losers_14,True,cloud_automated,Tuesday - Trading Hours: 11:00 AM - 3:00 PM NPT,9140,Unique Nepal Laghubitta Bittiya Sanstha Limited,UNLB,,,,-3.1,,,,,,,,,,,,,,1216.0,,-38.9,,,,,,,7,"price_volume, live_market, summary, top_gainers, top_losers, nepse_index, supply_demand",5707
2026-08-25T14:28:44.441805+05:45,2026-08-25 14:28:44,top_losers,top_losers_15,True,cloud_automated,Tuesday - Trading Hours: 11:00 AM - 3:00 PM NPT,9255,Everest Bank Limited Debenture 2091,EBLD91,,,,-2.99,,,,,,,,,,,,,,1069.0,,-33.0,,,,,,,7,"price_volume, live_market, summary, top_gainers, top_losers, nepse_index, supply_demand",5707
2026-08-25T14:28:44.441805+05:45,2026-08-25 14:28:44,top_losers,top_losers_16,True,cloud_automated,Tuesday - Trading Hours: 11:00 AM - 3:00 PM NPT,9258,Pure Energy Limited,PURE,,,,-2.99,,,,,,,,,,,,,,746.3,,-23.0,,,,,,,7,"price_volume, live_market, summary, top_gainers, top_losers, nepse_index, supply_demand",5707
2026-08-25T14:28:44.441805+05:45,2026-08-25 14:28:44,top_losers,top_losers_17,True,cloud_automated,Tuesday - Trading Hours: 11:00 AM - 3:00 PM NPT,9180,NMB Debenture 10.75%-2089/90,NMBD89/90,,,,-2.94,,,,,,,,,,,,,,1223.0,,-37.0,,,,,,,7,"price_volume, live_market, summary, top_gainers, top_losers, nepse_index, supply_demand",5707
2026-08-25T14:28:44.441805+05:45,2026-08-25 14:28:44,top_losers,top_losers_18,True,cloud_automated,Tuesday - Trading Hours: 11:00 AM - 3:00 PM NPT,9203,Manakamana Engineering Hydropower Limited,MEHL,,,,-2.9,,,,,,,,,,,,,,237.9,,-7.1,,,,,,,7,"price_volume, live_market, summary, top_gainers, top_losers, nepse_index, supply_demand",5707
2026-08-25T14:28:44.441805+05:45,2026-08-25 14:28:44,top_losers,top_losers_19,True,cloud_automated,Tuesday - Trading Hours: 11:00 AM - 3:00 PM NPT,2863,NIC Asia Balanced Fund,NICBF,,,,-2.9,,,,,,,,,,,,,,9.03,,-0.27,,,,,,,7,"price_volume, live_market, summary, top_gainers, top_losers, nepse_index, supply_demand",5707
2026-08-25T14:28:44.441805+05:45,2026-08-25 14:28:44,top_losers,top_losers_20,True,cloud_automated,Tuesday - Trading Hours: 11:00 AM - 3:00 PM NPT,9295,Swastik Laghubitta Bittiya Sanstha Limited,SWASTIK,,,,-2.87,,,,,,,,,,,,,,1930.0,,-57.0,,,,,,,7,"price_volume, live_market, summary, top_gainers, top_losers, nepse_index, supply_demand",5707
2026-08-25T14:28:44.441805+05:45,2026-08-25 14:28:44,top_losers,top_losers_21,True,cloud_automated,Tuesday - Trading Hours: 11:00 AM - 3:00 PM NPT,9211,9% Nepal SBI Bank Rinpatra 2089,SBID89,,,,-2.86,,,,,,,,,,,,,,1160.0,,-34.2,,,,,,,7,"price_volume, live_market, summary, top_gainers, top_losers, nepse_index, supply_demand",5707
2026-08-25T14:28:44.441805+05:45,2026-08-25 14:28:44,top_losers,top_losers_22,True,cloud_automated,Tuesday - Trading Hours: 11:00 AM - 3:00 PM NPT,9254,NMB Hybrid Fund L- II,NMBHF2,,,,-2.85,,,,,,,,,,,,,,9.19,,-0.27,,,,,,,7,"price_volume, live_market, summary, top_gainers, top_losers, nepse_index, supply_demand",5707
2026-08-25T14:28:44.441805+05:45,2026-08-25 14:28:44,top_losers,top_losers_23,True,cloud_automated,Tuesday - Trading Hours: 11:00 AM - 3:00 PM NPT,9236,NIC ASIA Growth Fund-2,NICGF2,,,,-2.79,,,,,,,,,,,,,,8.71,,-0.25,,,,,,,7,"price_volume, live_market, summary, top_gainers, top_losers, nepse_index, supply_demand",5707
2026-08-25T14:28:44.441805+05:45,2026-08-25 14:28:44,top_losers,top_losers_24,True,cloud_automated,Tuesday - Trading Hours: 11:00 AM - 3:00 PM NPT,2933,Kumari Equity Fund,KEF,,,,-2.78,,,,,,,,,,,,,,9.43,,-0.27,,,,,,,7,"price_volume, live_market, summary, top_gainers, top_losers, nepse_index, supply_demand",5707
2026-08-25T14:28:44.441805+05:45,2026-08-25 14:28:44,top_losers,top_losers_25,True,cloud_automated,Tuesday - Trading Hours: 11:00 AM - 3:00 PM NPT,2815,Ganapati Laghubitta Bittiya Sanstha Limited,GMFBS,,,,-2.74,,,,,,,,,,,,,,1133.0,,-31.9,,,,,,,7,"price_volume, live_market, summary, top_gainers, top_losers, nepse_index, supply_demand",5707
2026-08-25T14:28:44.441805+05:45,2026-08-25 14:28:44,top_losers,top_losers_26,True,cloud_automated,Tuesday - Trading Hours: 11:00 AM - 3:00 PM NPT,9287,Mabilung Energy Limited,MABEL,,,,-2.64,,,,,,,,,,,,,,583.2,,-15.8,,,,,,,7,"price_volume, live_market, summary, top_gainers, top_losers, nepse_index, supply_demand",5707
2026-08-25T14:28:44.441805+05:45,2026-08-25 14:28:44,top_losers,top_losers_27,True,cloud_automated,Tuesday - Trading Hours: 11:00 AM - 3:00 PM NPT,8122,People's Power Limited,PPL,,,,-2.58,,,,,,,,,,,,,,301.9,,-8.0,,,,,,,7,"price_volume, live_market, summary, top_gainers, top_losers, nepse_index, supply_demand",5707
2026-08-25T14:28:44.441805+05:45,2026-08-25 14:28:44,top_losers,top_losers_28,True,cloud_automated,Tuesday - Trading Hours: 11:00 AM - 3:00 PM NPT,2786,Panchakanya Mai Hydropower Ltd,PMHPL,,,,-2.53,,,,,,,,,,,,,,304.0,,-7.9,,,,,,,7,"price_volume, live_market, summary, top_gainers, top_losers, nepse_index, supply_demand",5707
2026-08-25T14:28:44.441805+05:45,2026-08-25 14:28:44,top_losers,top_losers_29,True,cloud_automated,Tuesday - Trading Hours: 11:00 AM - 3:00 PM NPT,2832,Infinity Laghubitta Bittiya Sanstha Limited,ILBS,,,,-2.44,,,,,,,,,,,,,,838.0,,-21.0,,,,,,,7,"price_volume, live_market, summary, top_gainers, top_losers, nepse_index, supply_demand",5707
2026-08-25T14:28:44.441805+05:45,2026-08-25 14:28:44,top_losers,top_losers_30,True,cloud_automated,Tuesday - Trading Hours: 11:00 AM - 3:00 PM NPT,9150,Asian Hydropower Limited,AHL,,,,-2.44,,,,,,,,,,,,,,388.2,,-9.7,,,,,,,7,"price_volume, live_market, summary, top_gainers, top_losers, nepse_index, supply_demand",5707
2026-08-25T14:28:44.441805+05:45,2026-08-25 14:28:44,top_losers,top_losers_31,True,cloud_automated,Tuesday - Trading Hours: 11:00 AM - 3:00 PM NPT,9266,7% NIC ASIA Debenture 2091,NICAD2091,,,,-2.38,,,,,,,,,,,,,,1025.0,,-25.0,,,,,,,7,"price_volume, live_market, summary, top_gainers, top_losers, nepse_index, supply_demand",5707
2026-08-25T14:28:44.441805+05:45,2026-08-25 14:28:44,top_losers,top_losers_32,True,cloud_automated,Tuesday - Trading Hours: 11:00 AM - 3:00 PM NPT,9290,HLI Large Cap Fund,HLICF,,,,-2.35,,,,,,,,,,,,,,8.3,,-0.2,,,,,,,7,"price_volume, live_market, summary, top_gainers, top_losers, nepse_index, supply_demand",5707
2026-08-25T14:28:44.441805+05:45,2026-08-25 14:28:44,top_losers,top_losers_33,True,cloud_automated,Tuesday - Trading Hours: 11:00 AM - 3:00 PM NPT,450,Corporate Development Bank Limited,CORBL,,,,-2.34,,,,,,,,,,,,,,920.0,,-22.0,,,,,,,7,"price_volume, live_market, summary, top_gainers, top_losers, nepse_index, supply_demand",5707
2026-08-25T14:28:44.441805+05:45,2026-08-25 14:28:44,top_losers,top_losers_34,True,cloud_automated,Tuesday - Trading Hours: 11:00 AM - 3:00 PM NPT,9197,11% L.B.B.L. Debenture 2089,LBBLD89,,,,-2.3,,,,,,,,,,,,,,1231.0,,-29.0,,,,,,,7,"price_volume, live_market, summary, top_gainers, top_losers, nepse_index, supply_demand",5707
2026-08-25T14:28:44.441805+05:45,2026-08-25 14:28:44,top_losers,top_losers_35,True,cloud_automated,Tuesday - Trading Hours: 11:00 AM - 3:00 PM NPT,9154,Sunrise Focused Equity Fund,SFEF,,,,-2.23,,,,,,,,,,,,,,9.64,,-0.22,,,,,,,7,"price_volume, live_market, summary, top_gainers, top_losers, nepse_index, supply_demand",5707
2026-08-25T14:28:44.441805+05:45,2026-08-25 14:28:44,top_losers,top_losers_36,True,cloud_automated,Tuesday - Trading Hours: 11:00 AM - 3:00 PM NPT,4967,NIC Asia Select Fund 30,NICSF,,,,-2.15,,,,,,,,,,,,,,8.66,,-0.19,,,,,,,7,"price_volume, live_market, summary, top_gainers, top_losers, nepse_index, supply_demand",5707
2026-08-25T14:28:44.441805+05:45,2026-08-25 14:28:44,top_losers,top_losers_37,True,cloud_automated,Tuesday - Trading Hours: 11:00 AM - 3:00 PM NPT,2751,Khanikhola Hydropower Co. Ltd.,KKHC,,,,-2.12,,,,,,,,,,,,,,273.0,,-5.9,,,,,,,7,"price_volume, live_market, summary, top_gainers, top_losers, nepse_index, supply_demand",5707
2026-08-25T14:28:44.441805+05:45,2026-08-25 14:28:44,top_losers,top_losers_38,True,cloud_automated,Tuesday - Trading Hours: 11:00 AM - 3:00 PM NPT,704,NMB  Microfinance Bittiya Sanstha Ltd.,NMBMF,,,,-2.11,,,,,,,,,,,,,,585.2,,-12.6,,,,,,,7,"price_volume, live_market, summary, top_gainers, top_losers, nepse_index, supply_demand",5707
2026-08-25T14:28:44.441805+05:45,2026-08-25 14:28:44,top_losers,top_losers_39,True,cloud_automated,Tuesday - Trading Hours: 11:00 AM - 3:00 PM NPT,8043,Civil Bank Debenture 2088,CBLD88,,,,-2.1,,,,,,,,,,,,,,1165.0,,-25.0,,,,,,,7,"price_volume, live_market, summary, top_gainers, top_losers, nepse_index, supply_demand",5707
2026-08-25T14:28:44.441805+05:45,2026-08-25 14:28:44,top_losers,top_losers_40,True,cloud_automated,Tuesday - Trading Hours: 11:00 AM - 3:00 PM NPT,2790,Aarambha Chautari Laghubitta Bittiya Sanstha Limited,ACLBSL,,,,-2.08,,,,,,,,,,,,,,890.1,,-18.9,,,,,,,7,"price_volume, live_market, summary, top_gainers, top_losers, nepse_index, supply_demand",5707
2026-08-25T14:28:44.441805+05:45,2026-08-25 14:28:44,top_losers,top_losers_41,True,cloud_automated,Tuesday - Trading Hours: 11:00 AM - 3:00 PM NPT,9322,Bhujung Hydropower Limited,BJHL,,,,-2.08,,,,,,,,,,,,,,705.0,,-15.0,,,,,,,7,"price_volume, live_market, summary, top_gainers, top_losers, nepse_index, supply_demand",5707
2026-08-25T14:28:44.441805+05:45,2026-08-25 14:28:44,top_losers,top_losers_42,True,cloud_automated,Tuesday - Trading Hours: 11:00 AM - 3:00 PM NPT,263,Guheshowori Merchant Bank & Finance Co. Ltd.,GMFIL,,,,-2.07,,,,,,,,,,,,,,426.0,,-9.0,,,,,,,7,"price_volume, live_market, summary, top_gainers, top_losers, nepse_index, supply_demand",5707
2026-08-25T14:28:44.441805+05:45,2026-08-25 14:28:44,top_losers,top_losers_43,True,cloud_automated,Tuesday - Trading Hours: 11:00 AM - 3:00 PM NPT,2902,Laxmi Unnati Kosh,LUK,,,,-2.06,,,,,,,,,,,,,,9.5,,-0.2,,,,,,,7,"price_volume, live_market, summary, top_gainers, top_losers, nepse_index, supply_demand",5707
2026-08-25T14:28:44.441805+05:45,2026-08-25 14:28:44,top_losers,top_losers_44,True,cloud_automated,Tuesday - Trading Hours: 11:00 AM - 3:00 PM NPT,693,Himalayan Laghubitta Bittiya Sanstha Limited,HLBSL,,,,-2.0,,,,,,,,,,,,,,858.0,,-17.5,,,,,,,7,"price_volume, live_market, summary, top_gainers, top_losers, nepse_index, supply_demand",5707
2026-08-25T14:28:44.441805+05:45,2026-08-25 14:28:44,top_losers,top_losers_45,True,cloud_automated,Tuesday - Trading Hours: 11:00 AM - 3:00 PM NPT,8025,Samling Power Company Limited,SPC,,,,-1.96,,,,,,,,,,,,,,400.0,,-8.0,,,,,,,7,"price_volume, live_market, summary, top_gainers, top_losers, nepse_index, supply_demand",5707
2026-08-25T14:28:44.441805+05:45,2026-08-25 14:28:44,top_losers,top_losers_46,True,cloud_automated,Tuesday - Trading Hours: 11:00 AM - 3:00 PM NPT,9264,7% RBBL Debenture 2088,RBBD2088,,,,-1.9,,,,,,,,,,,,,,1030.0,,-20.0,,,,,,,7,"price_volume, live_market, summary, top_gainers, top_losers, nepse_index, supply_demand",5707
2026-08-25T14:28:44.441805+05:45,2026-08-25 14:28:44,top_losers,top_losers_47,True,cloud_automated,Tuesday - Trading Hours: 11:00 AM - 3:00 PM NPT,9230,Muktinath Krishi Company Limited,MKCL,,,,-1.9,,,,,,,,,,,,,,878.0,,-17.0,,,,,,,7,"price_volume, live_market, summary, top_gainers, top_losers, nepse_index, supply_demand",5707
2026-08-25T14:28:44.441805+05:45,2026-08-25 14:28:44,top_losers,top_losers_48,True,cloud_automated,Tuesday - Trading Hours: 11:00 AM - 3:00 PM NPT,9323,Super Khudi Hydropower Limited,SKHL,,,,-1.89,,,,,,,,,,,,,,777.1,,-15.0,,,,,,,7,"price_volume, live_market, summary, top_gainers, top_losers, nepse_index, supply_demand",5707
2026-08-25T14:28:44.441805+05:45,2026-08-25 14:28:44,top_losers,top_losers_49,True,cloud_automated,Tuesday - Trading Hours: 11:00 AM - 3:00 PM NPT,9159,Sagarmatha Jalabidhyut Company Limited,SMJC,,,,-1.84,,,,,,,,,,,,,,427.0,,-8.0,,,,,,,7,"price_volume, live_market, summary, top_gainers, top_losers, nepse_index, supply_demand",5707
2026-08-25T14:28:44.441805+05:45,2026-08-25 14:28:44,top_losers,top_losers_50,True,cloud_automated,Tuesday - Trading Hours: 11:00 AM - 3:00 PM NPT,9161,Aatmanirbhar Laghubitta Bittiya Sanstha Limited,ANLB,,,,-1.83,,,,,,,,,,,,,,5025.4,,-93.6,,,,,,,7,"price_volume, live_market, summary, top_gainers, top_losers, nepse_index, supply_demand",5707
2026-08-25T14:28:44.441805+05:45,2026-08-25 14:28:44,top_losers,top_losers_51,True,cloud_automated,Tuesday - Trading Hours: 11:00 AM - 3:00 PM NPT,9342,Yambaling Hydropower Limited,YMHL,,,,-1.83,,,,,,,,,,,,,,589.0,,-11.0,,,,,,,7,"price_volume, live_market, summary, top_gainers, top_losers, nepse_index, supply_demand",5707
2026-08-25T14:28:44.441805+05:45,2026-08-25 14:28:44,top_losers,top_losers_52,True,cloud_automated,Tuesday - Trading Hours: 11:00 AM - 3:00 PM NPT,8076,Himalayan Hydropower Limited,HHL,,,,-1.81,,,,,,,,,,,,,,326.0,,-6.0,,,,,,,7,"price_volume, live_market, summary, top_gainers, top_losers, nepse_index, supply_demand",5707
2026-08-25T14:28:44.441805+05:45,2026-08-25 14:28:44,top_losers,top_losers_53,True,cloud_automated,Tuesday - Trading Hours: 11:00 AM - 3:00 PM NPT,8005,Mailung Khola Jal Vidhyut Company Limited,MKJC,,,,-1.79,,,,,,,,,,,,,,405.6,,-7.4,,,,,,,7,"price_volume, live_market, summary, top_gainers, top_losers, nepse_index, supply_demand",5707
2026-08-25T14:28:44.441805+05:45,2026-08-25 14:28:44,top_losers,top_losers_54,True,cloud_automated,Tuesday - Trading Hours: 11:00 AM - 3:00 PM NPT,9232,Chirkhwa Hydropower Limited ,CKHL,,,,-1.78,,,,,,,,,,,,,,580.0,,-10.5,,,,,,,7,"price_volume, live_market, summary, top_gainers, top_losers, nepse_index, supply_demand",5707
2026-08-25T14:28:44.441805+05:45,2026-08-25 14:28:44,top_losers,top_losers_55,True,cloud_automated,Tuesday - Trading Hours: 11:00 AM - 3:00 PM NPT,9259,Reliable Samriddhi Yojana,RSY,,,,-1.78,,,,,,,,,,,,,,10.51,,-0.19,,,,,,,7,"price_volume, live_market, summary, top_gainers, top_losers, nepse_index, supply_demand",5707
2026-08-25T14:28:44.441805+05:45,2026-08-25 14:28:44,top_losers,top_losers_56,True,cloud_automated,Tuesday - Trading Hours: 11:00 AM - 3:00 PM NPT,9214,Bhagawati Hydropower Development Company Limited,BGWT,,,,-1.76,,,,,,,,,,,,,,503.0,,-9.0,,,,,,,7,"price_volume, live_market, summary, top_gainers, top_losers, nepse_index, supply_demand",5707
2026-08-25T14:28:44.441805+05:45,2026-08-25 14:28:44,top_losers,top_losers_57,True,cloud_automated,Tuesday - Trading Hours: 11:00 AM - 3:00 PM NPT,9296,Bungal Hydro Limited,BUNGAL,,,,-1.75,,,,,,,,,,,,,,562.0,,-10.0,,,,,,,7,"price_volume, live_market, summary, top_gainers, top_losers, nepse_index, supply_demand",5707
2026-08-25T14:28:44.441805+05:45,2026-08-25 14:28:44,top_losers,top_losers_58,True,cloud_automated,Tuesday - Trading Hours: 11:00 AM - 3:00 PM NPT,163,Nirdhan Utthan Laghubitta Bittiya Sanstha Limited,NUBL,,,,-1.71,,,,,,,,,,,,,,576.0,,-10.0,,,,,,,7,"price_volume, live_market, summary, top_gainers, top_losers, nepse_index, supply_demand",5707
2026-08-25T14:28:44.441805+05:45,2026-08-25 14:28:44,top_losers,top_losers_59,True,cloud_automated,Tuesday - Trading Hours: 11:00 AM - 3:00 PM NPT,9343,Taksar Pikhuwa Khola Hydropower Limited,TPKHL,,,,-1.7,,,,,,,,,,,,,,521.0,,-9.0,,,,,,,7,"price_volume, live_market, summary, top_gainers, top_losers, nepse_index, supply_demand",5707
2026-08-25T14:28:44.441805+05:45,2026-08-25 14:28:44,top_losers,top_losers_60,True,cloud_automated,Tuesday - Trading Hours: 11:00 AM - 3:00 PM NPT,8032,Buddha Bhumi Nepal Hydropower Company Limited,BNHC,,,,-1.7,,,,,,,,,,,,,,272.0,,-4.7,,,,,,,7,"price_volume, live_market, summary, top_gainers, top_losers, nepse_index, supply_demand",5707
2026-08-25T14:28:44.441805+05:45,2026-08-25 14:28:44,top_losers,top_losers_61,True,cloud_automated,Tuesday - Trading Hours: 11:00 AM - 3:00 PM NPT,213,Bottlers Nepal (Terai) Limited,BNT,,,,-1.68,,,,,,,,,,,,,,11700.0,,-200.0,,,,,,,7,"price_volume, live_market, summary, top_gainers, top_losers, nepse_index, supply_demand",5707
2026-08-25T14:28:44.441805+05:45,2026-08-25 14:28:44,top_losers,top_losers_62,True,cloud_automated,Tuesday - Trading Hours: 11:00 AM - 3:00 PM NPT,2804,Samudayik Laghubitta Bittiya Sanstha Limited,SLBSL,,,,-1.67,,,,,,,,,,,,,,885.0,,-15.0,,,,,,,7,"price_volume, live_market, summary, top_gainers, top_losers, nepse_index, supply_demand",5707
2026-08-25T14:28:44.441805+05:45,2026-08-25 14:28:44,top_losers,top_losers_63,True,cloud_automated,Tuesday - Trading Hours: 11:00 AM - 3:00 PM NPT,185,Sagarmatha Lumbini Insurance Co. Limited,SALICO,,,,-1.67,,,,,,,,,,,,,,572.3,,-9.7,,,,,,,7,"price_volume, live_market, summary, top_gainers, top_losers, nepse_index, supply_demand",5707
2026-08-25T14:28:44.441805+05:45,2026-08-25 14:28:44,top_losers,top_losers_64,True,cloud_automated,Tuesday - Trading Hours: 11:00 AM - 3:00 PM NPT,9252,Crest Micro Life Insurance Limited,CREST,,,,-1.64,,,,,,,,,,,,,,1072.1,,-17.9,,,,,,,7,"price_volume, live_market, summary, top_gainers, top_losers, nepse_index, supply_demand",5707
2026-08-25T14:28:44.441805+05:45,2026-08-25 14:28:44,top_losers,top_losers_65,True,cloud_automated,Tuesday - Trading Hours: 11:00 AM - 3:00 PM NPT,9193,Ghorahi Cement Industry Limited,GCIL,,,,-1.64,,,,,,,,,,,,,,335.4,,-5.6,,,,,,,7,"price_volume, live_market, summary, top_gainers, top_losers, nepse_index, supply_demand",5707
2026-08-25T14:28:44.441805+05:45,2026-08-25 14:28:44,top_losers,top_losers_66,True,cloud_automated,Tuesday - Trading Hours: 11:00 AM - 3:00 PM NPT,8108,Rapti Hydro And General Construction Limited,RHGCL,,,,-1.61,,,,,,,,,,,,,,250.8,,-4.1,,,,,,,7,"price_volume, live_market, summary, top_gainers, top_losers, nepse_index, supply_demand",5707
2026-08-25T14:28:44.441805+05:45,2026-08-25 14:28:44,top_losers,top_losers_67,True,cloud_automated,Tuesday - Trading Hours: 11:00 AM - 3:00 PM NPT,245,Central Finance Co. Ltd.,CFCL,,,,-1.6,,,,,,,,,,,,,,590.0,,-9.6,,,,,,,7,"price_volume, live_market, summary, top_gainers, top_losers, nepse_index, supply_demand",5707
2026-08-25T14:28:44.441805+05:45,2026-08-25 14:28:44,top_losers,top_losers_68,True,cloud_automated,Tuesday - Trading Hours: 11:00 AM - 3:00 PM NPT,186,IGI Prudential insurance Limited,IGI,,,,-1.58,,,,,,,,,,,,,,410.1,,-6.6,,,,,,,7,"price_volume, live_market, summary, top_gainers, top_losers, nepse_index, supply_demand",5707
2026-08-25T14:28:44.441805+05:45,2026-08-25 14:28:44,top_losers,top_losers_69,True,cloud_automated,Tuesday - Trading Hours: 11:00 AM - 3:00 PM NPT,9245,Muktinath Mutual Fund 1,MNMF1,,,,-1.58,,,,,,,,,,,,,,9.35,,-0.15,,,,,,,7,"price_volume, live_market, summary, top_gainers, top_losers, nepse_index, supply_demand",5707
2026-08-25T14:28:44.441805+05:45,2026-08-25 14:28:44,top_losers,top_losers_70,True,cloud_automated,Tuesday - Trading Hours: 11:00 AM - 3:00 PM NPT,9308,Hotel Forest Inn Limited,HFIN,,,,-1.56,,,,,,,,,,,,,,635.9,,-10.1,,,,,,,7,"price_volume, live_market, summary, top_gainers, top_losers, nepse_index, supply_demand",5707
2026-08-25T14:28:44.441805+05:45,2026-08-25 14:28:44,top_losers,top_losers_71,True,cloud_automated,Tuesday - Trading Hours: 11:00 AM - 3:00 PM NPT,147,Soaltee Hotel Limited,SHL,,,,-1.55,,,,,,,,,,,,,,502.0,,-7.9,,,,,,,7,"price_volume, live_market, summary, top_gainers, top_losers, nepse_index, supply_demand",5707
2026-08-25T14:28:44.441805+05:45,2026-08-25 14:28:44,top_losers,top_losers_72,True,cloud_automated,Tuesday - Trading Hours: 11:00 AM - 3:00 PM NPT,9218,Trishuli Jal Vidhyut Company Limited ,TVCL,,,,-1.52,,,,,,,,,,,,,,448.0,,-6.9,,,,,,,7,"price_volume, live_market, summary, top_gainers, top_losers, nepse_index, supply_demand",5707
2026-08-25T14:28:44.441805+05:45,2026-08-25 14:28:44,top_losers,top_losers_73,True,cloud_automated,Tuesday - Trading Hours: 11:00 AM - 3:00 PM NPT,338,Progressive Finance Limited,PROFL,,,,-1.52,,,,,,,,,,,,,,389.0,,-6.0,,,,,,,7,"price_volume, live_market, summary, top_gainers, top_losers, nepse_index, supply_demand",5707
2026-08-25T14:28:44.441805+05:45,2026-08-25 14:28:44,top_losers,top_losers_74,True,cloud_automated,Tuesday - Trading Hours: 11:00 AM - 3:00 PM NPT,2831,Union Hydropower Limited,UNHPL,,,,-1.5,,,,,,,,,,,,,,360.4,,-5.5,,,,,,,7,"price_volume, live_market, summary, top_gainers, top_losers, nepse_index, supply_demand",5707
2026-08-25T14:28:44.441805+05:45,2026-08-25 14:28:44,top_losers,top_losers_75,True,cloud_automated,Tuesday - Trading Hours: 11:00 AM - 3:00 PM NPT,9246,Guardian Micro Life Insurance Limited ,GMLI,,,,-1.49,,,,,,,,,,,,,,985.1,,-14.9,,,,,,,7,"price_volume, live_market, summary, top_gainers, top_losers, nepse_index, supply_demand",5707
2026-08-25T14:28:44.441805+05:45,2026-08-25 14:28:44,top_losers,top_losers_76,True,cloud_automated,Tuesday - Trading Hours: 11:00 AM - 3:00 PM NPT,153,Butwal Power Company Limited,BPCL,,,,-1.49,,,,,,,,,,,,,,650.0,,-9.8,,,,,,,7,"price_volume, live_market, summary, top_gainers, top_losers, nepse_index, supply_demand",5707
2026-08-25T14:28:44.441805+05:45,2026-08-25 14:28:44,top_losers,top_losers_77,True,cloud_automated,Tuesday - Trading Hours: 11:00 AM - 3:00 PM NPT,8033,"Garima Debenture, 2085",GBBD85,,,,-1.47,,,,,,,,,,,,,,1065.1,,-15.9,,,,,,,7,"price_volume, live_market, summary, top_gainers, top_losers, nepse_index, supply_demand",5707
2026-08-25T14:28:44.441805+05:45,2026-08-25 14:28:44,top_losers,top_losers_78,True,cloud_automated,Tuesday - Trading Hours: 11:00 AM - 3:00 PM NPT,2761,Samata Gharelu Laghubitta Bittiya Sanstha Limited,SMATA,,,,-1.44,,,,,,,,,,,,,,690.0,,-10.1,,,,,,,7,"price_volume, live_market, summary, top_gainers, top_losers, nepse_index, supply_demand",5707
2026-08-25T14:28:44.441805+05:45,2026-08-25 14:28:44,top_losers,top_losers_79,True,cloud_automated,Tuesday - Trading Hours: 11:00 AM - 3:00 PM NPT,9286,Shine Resunga Debenture,SHINED,,,,-1.43,,,,,,,,,,,,,,1100.0,,-16.0,,,,,,,7,"price_volume, live_market, summary, top_gainers, top_losers, nepse_index, supply_demand",5707
2026-08-25T14:28:44.441805+05:45,2026-08-25 14:28:44,top_losers,top_losers_80,True,cloud_automated,Tuesday - Trading Hours: 11:00 AM - 3:00 PM NPT,2784,Nadep Laghubittiya bittya Sanstha Ltd.,NADEP,,,,-1.43,,,,,,,,,,,,,,690.0,,-10.0,,,,,,,7,"price_volume, live_market, summary, top_gainers, top_losers, nepse_index, supply_demand",5707
2026-08-25T14:28:44.441805+05:45,2026-08-25 14:28:44,top_losers,top_losers_81,True,cloud_automated,Tuesday - Trading Hours: 11:00 AM - 3:00 PM NPT,583,Grameen Bikas Laghubitta Bittiya Sanstha Ltd.,GBLBS,,,,-1.4,,,,,,,,,,,,,,670.0,,-9.5,,,,,,,7,"price_volume, live_market, summary, top_gainers, top_losers, nepse_index, supply_demand",5707
2026-08-25T14:28:44.441805+05:45,2026-08-25 14:28:44,top_losers,top_losers_82,True,cloud_automated,Tuesday - Trading Hours: 11:00 AM - 3:00 PM NPT,9217,Mathillo Mailun Khola Jalvidhyut Limited,MMKJL,,,,-1.4,,,,,,,,,,,,,,424.0,,-6.0,,,,,,,7,"price_volume, live_market, summary, top_gainers, top_losers, nepse_index, supply_demand",5707
2026-08-25T14:28:44.441805+05:45,2026-08-25 14:28:44,top_losers,top_losers_83,True,cloud_automated,Tuesday - Trading Hours: 11:00 AM - 3:00 PM NPT,8022,Terhathum Power Company Limited,TPC,,,,-1.4,,,,,,,,,,,,,,351.0,,-5.0,,,,,,,7,"price_volume, live_market, summary, top_gainers, top_losers, nepse_index, supply_demand",5707
2026-08-25T14:28:44.441805+05:45,2026-08-25 14:28:44,top_losers,top_losers_84,True,cloud_automated,Tuesday - Trading Hours: 11:00 AM - 3:00 PM NPT,8132,Shrijanshil Laghubitta Bittiya Sanstha Limited,SHLB,,,,-1.39,,,,,,,,,,,,,,1351.0,,-19.0,,,,,,,7,"price_volume, live_market, summary, top_gainers, top_losers, nepse_index, supply_demand",5707
2026-08-25T14:28:44.441805+05:45,2026-08-25 14:28:44,top_losers,top_losers_85,True,cloud_automated,Tuesday - Trading Hours: 11:00 AM - 3:00 PM NPT,687,Vijaya laghubitta Bittiya Sanstha Ltd.,VLBS,,,,-1.38,,,,,,,,,,,,,,636.1,,-8.9,,,,,,,7,"price_volume, live_market, summary, top_gainers, top_losers, nepse_index, supply_demand",5707
2026-08-25T14:28:44.441805+05:45,2026-08-25 14:28:44,top_losers,top_losers_86,True,cloud_automated,Tuesday - Trading Hours: 11:00 AM - 3:00 PM NPT,2925,Mahila Lagubitta Bittiya Sanstha Limited ,MLBSL,,,,-1.36,,,,,,,,,,,,,,1164.0,,-16.0,,,,,,,7,"price_volume, live_market, summary, top_gainers, top_losers, nepse_index, supply_demand",5707
2026-08-25T14:28:44.441805+05:45,2026-08-25 14:28:44,top_losers,top_losers_87,True,cloud_automated,Tuesday - Trading Hours: 11:00 AM - 3:00 PM NPT,244,Shree Investment Finance Co. Ltd.,SIFC,,,,-1.35,,,,,,,,,,,,,,491.1,,-6.7,,,,,,,7,"price_volume, live_market, summary, top_gainers, top_losers, nepse_index, supply_demand",5707
2026-08-25T14:28:44.441805+05:45,2026-08-25 14:28:44,top_losers,top_losers_88,True,cloud_automated,Tuesday - Trading Hours: 11:00 AM - 3:00 PM NPT,2767,Himalayan Power Partner Ltd.,HPPL,,,,-1.32,,,,,,,,,,,,,,374.9,,-5.0,,,,,,,7,"price_volume, live_market, summary, top_gainers, top_losers, nepse_index, supply_demand",5707
2026-08-25T14:28:44.441805+05:45,2026-08-25 14:28:44,top_losers,top_losers_89,True,cloud_automated,Tuesday - Trading Hours: 11:00 AM - 3:00 PM NPT,2887,NIC ASIA Laghubitta Bittiya Sanstha Limited,NICLBSL,,,,-1.3,,,,,,,,,,,,,,532.0,,-7.0,,,,,,,7,"price_volume, live_market, summary, top_gainers, top_losers, nepse_index, supply_demand",5707
2026-08-25T14:28:44.441805+05:45,2026-08-25 14:28:44,top_losers,top_losers_90,True,cloud_automated,Tuesday - Trading Hours: 11:00 AM - 3:00 PM NPT,171,Sanima Bank Limited,SANIMA,,,,-1.27,,,,,,,,,,,,,,365.3,,-4.7,,,,,,,7,"price_volume, live_market, summary, top_gainers, top_losers, nepse_index, supply_demand",5707
2026-08-25T14:28:44.441805+05:45,2026-08-25 14:28:44,top_losers,top_losers_91,True,cloud_automated,Tuesday - Trading Hours: 11:00 AM - 3:00 PM NPT,8131,Eastern Hydropower Limited,EHPL,,,,-1.24,,,,,,,,,,,,,,319.0,,-4.0,,,,,,,7,"price_volume, live_market, summary, top_gainers, top_losers, nepse_index, supply_demand",5707
2026-08-25T14:28:44.441805+05:45,2026-08-25 14:28:44,top_losers,top_losers_92,True,cloud_automated,Tuesday - Trading Hours: 11:00 AM - 3:00 PM NPT,135,Nepal SBI Bank Limited,SBI,,,,-1.23,,,,,,,,,,,,,,400.0,,-5.0,,,,,,,7,"price_volume, live_market, summary, top_gainers, top_losers, nepse_index, supply_demand",5707
2026-08-25T14:28:44.441805+05:45,2026-08-25 14:28:44,top_losers,top_losers_93,True,cloud_automated,Tuesday - Trading Hours: 11:00 AM - 3:00 PM NPT,8026,Nyadi Hydropower Limited,NYADI,,,,-1.23,,,,,,,,,,,,,,353.6,,-4.4,,,,,,,7,"price_volume, live_market, summary, top_gainers, top_losers, nepse_index, supply_demand",5707
2026-08-25T14:28:44.441805+05:45,2026-08-25 14:28:44,top_losers,top_losers_94,True,cloud_automated,Tuesday - Trading Hours: 11:00 AM - 3:00 PM NPT,9170,Dolti Power Company Limited,DOLTI,,,,-1.21,,,,,,,,,,,,,,301.2,,-3.7,,,,,,,7,"price_volume, live_market, summary, top_gainers, top_losers, nepse_index, supply_demand",5707
2026-08-25T14:28:44.441805+05:45,2026-08-25 14:28:44,top_losers,top_losers_95,True,cloud_automated,Tuesday - Trading Hours: 11:00 AM - 3:00 PM NPT,490,First Micro Finance Laghubitta Bittiya Sanstha Limited,FMDBL,,,,-1.19,,,,,,,,,,,,,,741.1,,-8.9,,,,,,,7,"price_volume, live_market, summary, top_gainers, top_losers, nepse_index, supply_demand",5707
2026-08-25T14:28:44.441805+05:45,2026-08-25 14:28:44,top_losers,top_losers_96,True,cloud_automated,Tuesday - Trading Hours: 11:00 AM - 3:00 PM NPT,204,Gurkhas Finance Ltd.,GUFL,,,,-1.17,,,,,,,,,,,,,,509.0,,-6.0,,,,,,,7,"price_volume, live_market, summary, top_gainers, top_losers, nepse_index, supply_demand",5707
2026-08-25T14:28:44.441805+05:45,2026-08-25 14:28:44,top_losers,top_losers_97,True,cloud_automated,Tuesday - Trading Hours: 11:00 AM - 3:00 PM NPT,2811,Mountain Hydro Nepal Limited,MHNL,,,,-1.16,,,,,,,,,,,,,,239.0,,-2.8,,,,,,,7,"price_volume, live_market, summary, top_gainers, top_losers, nepse_index, supply_demand",5707
2026-08-25T14:28:44.441805+05:45,2026-08-25 14:28:44,top_losers,top_losers_98,True,cloud_automated,Tuesday - Trading Hours: 11:00 AM - 3:00 PM NPT,3946,CEDB Holdings Limited,CHDC,,,,-1.13,,,,,,,,,,,,,,2193.0,,-25.0,,,,,,,7,"price_volume, live_market, summary, top_gainers, top_losers, nepse_index, supply_demand",5707
2026-08-25T14:28:44.441805+05:45,2026-08-25 14:28:44,top_losers,top_losers_99,True,cloud_automated,Tuesday - Trading Hours: 11:00 AM - 3:00 PM NPT,8024,Nabil Balanced Fund-3,NBF3,,,,-1.13,,,,,,,,,,,,,,9.59,,-0.11,,,,,,,7,"price_volume, live_market, summary, top_gainers, top_losers, nepse_index, supply_demand",5707
2026-08-25T14:28:44.441805+05:45,2026-08-25 14:28:44,top_losers,top_losers_100,True,cloud_automated,Tuesday - Trading Hours: 11:00 AM - 3:00 PM NPT,9337,Appolo Hydropower Limited,APHL,,,,-1.12,,,,,,,,,,,,,,696.7,,-7.9,,,,,,,7,"price_volume, live_market, summary, top_gainers, top_losers, nepse_index, supply_demand",5707
2026-08-25T14:28:44.441805+05:45,2026-08-25 14:28:44,top_losers,top_losers_101,True,cloud_automated,Tuesday - Trading Hours: 11:00 AM - 3:00 PM NPT,9216,Sonapur Minerals And Oil Limited,SONA,,,,-1.12,,,,,,,,,,,,,,387.7,,-4.4,,,,,,,7,"price_volume, live_market, summary, top_gainers, top_losers, nepse_index, supply_demand",5707
2026-08-25T14:28:44.441805+05:45,2026-08-25 14:28:44,top_losers,top_losers_102,True,cloud_automated,Tuesday - Trading Hours: 11:00 AM - 3:00 PM NPT,8041,NESDO Sambridha Laghubitta Bittiya Sanstha Limited,NESDO,,,,-1.11,,,,,,,,,,,,,,1340.0,,-15.0,,,,,,,7,"price_volume, live_market, summary, top_gainers, top_losers, nepse_index, supply_demand",5707
2026-08-25T14:28:44.441805+05:45,2026-08-25 14:28:44,top_losers,top_losers_103,True,cloud_automated,Tuesday - Trading Hours: 11:00 AM - 3:00 PM NPT,9329,Shikhar power Development Limited,SIPD,,,,-1.1,,,,,,,,,,,,,,614.2,,-6.8,,,,,,,7,"price_volume, live_market, summary, top_gainers, top_losers, nepse_index, supply_demand",5707
2026-08-25T14:28:44.441805+05:45,2026-08-25 14:28:44,top_losers,top_losers_104,True,cloud_automated,Tuesday - Trading Hours: 11:00 AM - 3:00 PM NPT,9301,Shreenagar Agritech Industries Limited,SAIL,,,,-1.08,,,,,,,,,,,,,,1004.0,,-11.0,,,,,,,7,"price_volume, live_market, summary, top_gainers, top_losers, nepse_index, supply_demand",5707
2026-08-25T14:28:44.441805+05:45,2026-08-25 14:28:44,top_losers,top_losers_105,True,cloud_automated,Tuesday - Trading Hours: 11:00 AM - 3:00 PM NPT,2759,Synergy Power Development Ltd.,SPDL,,,,-1.08,,,,,,,,,,,,,,356.1,,-3.9,,,,,,,7,"price_volume, live_market, summary, top_gainers, top_losers, nepse_index, supply_demand",5707
2026-08-25T14:28:44.441805+05:45,2026-08-25 14:28:44,top_losers,top_losers_106,True,cloud_automated,Tuesday - Trading Hours: 11:00 AM - 3:00 PM NPT,9135,Barahi Hydropower Public Limited,BHPL,,,,-1.06,,,,,,,,,,,,,,465.0,,-5.0,,,,,,,7,"price_volume, live_market, summary, top_gainers, top_losers, nepse_index, supply_demand",5707
2026-08-25T14:28:44.441805+05:45,2026-08-25 14:28:44,top_losers,top_losers_107,True,cloud_automated,Tuesday - Trading Hours: 11:00 AM - 3:00 PM NPT,9149,Maya Khola Hydropower Company Limited,MKHC,,,,-1.06,,,,,,,,,,,,,,252.2,,-2.7,,,,,,,7,"price_volume, live_market, summary, top_gainers, top_losers, nepse_index, supply_demand",5707
2026-08-25T14:28:44.441805+05:45,2026-08-25 14:28:44,top_losers,top_losers_108,True,cloud_automated,Tuesday - Trading Hours: 11:00 AM - 3:00 PM NPT,8065,CYC Nepal Laghubitta Bittiya Sanstha Limited,CYCL,,,,-1.05,,,,,,,,,,,,,,1583.2,,-16.8,,,,,,,7,"price_volume, live_market, summary, top_gainers, top_losers, nepse_index, supply_demand",5707
2026-08-25T14:28:44.441805+05:45,2026-08-25 14:28:44,top_losers,top_losers_109,True,cloud_automated,Tuesday - Trading Hours: 11:00 AM - 3:00 PM NPT,8100,Swet-Ganga Hydropower & Construction Limited ,SGHC,,,,-1.05,,,,,,,,,,,,,,301.2,,-3.2,,,,,,,7,"price_volume, live_market, summary, top_gainers, top_losers, nepse_index, supply_demand",5707
2026-08-25T14:28:44.441805+05:45,2026-08-25 14:28:44,top_losers,top_losers_110,True,cloud_automated,Tuesday - Trading Hours: 11:00 AM - 3:00 PM NPT,9297,Bandipur Cablecar and Tourism Limited,BANDIPUR,,,,-1.04,,,,,,,,,,,,,,659.0,,-6.9,,,,,,,7,"price_volume, live_market, summary, top_gainers, top_losers, nepse_index, supply_demand",5707
2026-08-25T14:28:44.441805+05:45,2026-08-25 14:28:44,top_losers,top_losers_111,True,cloud_automated,Tuesday - Trading Hours: 11:00 AM - 3:00 PM NPT,2877,Sunrise First Mutual Fund,SFMF,,,,-1.03,,,,,,,,,,,,,,9.6,,-0.1,,,,,,,7,"price_volume, live_market, summary, top_gainers, top_losers, nepse_index, supply_demand",5707
2026-08-25T14:28:44.441805+05:45,2026-08-25 14:28:44,top_losers,top_losers_112,True,cloud_automated,Tuesday - Trading Hours: 11:00 AM - 3:00 PM NPT,8055,Balephi Hydropower Limited,BHL,,,,-1.02,,,,,,,,,,,,,,202.9,,-2.1,,,,,,,7,"price_volume, live_market, summary, top_gainers, top_losers, nepse_index, supply_demand",5707
2026-08-25T14:28:44.441805+05:45,2026-08-25 14:28:44,top_losers,top_losers_113,True,cloud_automated,Tuesday - Trading Hours: 11:00 AM - 3:00 PM NPT,2934,Singati Hydro Energy Limited,SHEL,,,,-1.01,,,,,,,,,,,,,,294.5,,-3.0,,,,,,,7,"price_volume, live_market, summary, top_gainers, top_losers, nepse_index, supply_demand",5707
2026-08-25T14:28:44.441805+05:45,2026-08-25 14:28:44,top_losers,top_losers_114,True,cloud_automated,Tuesday - Trading Hours: 11:00 AM - 3:00 PM NPT,9173,City Hotel Limited,CITY,,,,-0.99,,,,,,,,,,,,,,350.5,,-3.5,,,,,,,7,"price_volume, live_market, summary, top_gainers, top_losers, nepse_index, supply_demand",5707
2026-08-25T14:28:44.441805+05:45,2026-08-25 14:28:44,top_losers,top_losers_115,True,cloud_automated,Tuesday - Trading Hours: 11:00 AM - 3:00 PM NPT,9261,Nifra Green Energy Debenture 6% - 2088/89,NIFRAGED,,,,-0.98,,,,,,,,,,,,,,1000.1,,-9.9,,,,,,,7,"price_volume, live_market, summary, top_gainers, top_losers, nepse_index, supply_demand",5707
2026-08-25T14:28:44.441805+05:45,2026-08-25 14:28:44,top_losers,top_losers_116,True,cloud_automated,Tuesday - Trading Hours: 11:00 AM - 3:00 PM NPT,472,Shangrila Development Bank Ltd.,SADBL,,,,-0.98,,,,,,,,,,,,,,405.0,,-4.0,,,,,,,7,"price_volume, live_market, summary, top_gainers, top_losers, nepse_index, supply_demand",5707
2026-08-25T14:28:44.441805+05:45,2026-08-25 14:28:44,top_losers,top_losers_117,True,cloud_automated,Tuesday - Trading Hours: 11:00 AM - 3:00 PM NPT,2758,Forward Microfinance Laghubitta Bittiya Sanstha Limited,FOWAD,,,,-0.97,,,,,,,,,,,,,,896.2,,-8.8,,,,,,,7,"price_volume, live_market, summary, top_gainers, top_losers, nepse_index, supply_demand",5707
2026-08-25T14:28:44.441805+05:45,2026-08-25 14:28:44,top_losers,top_losers_118,True,cloud_automated,Tuesday - Trading Hours: 11:00 AM - 3:00 PM NPT,393,Himalayan Life Insurance Limited,HLI,,,,-0.96,,,,,,,,,,,,,,308.0,,-3.0,,,,,,,7,"price_volume, live_market, summary, top_gainers, top_losers, nepse_index, supply_demand",5707
2026-08-25T14:28:44.441805+05:45,2026-08-25 14:28:44,top_losers,top_losers_119,True,cloud_automated,Tuesday - Trading Hours: 11:00 AM - 3:00 PM NPT,9176,Ingwa Hydropower Limited,IHL,,,,-0.95,,,,,,,,,,,,,,312.0,,-3.0,,,,,,,7,"price_volume, live_market, summary, top_gainers, top_losers, nepse_index, supply_demand",5707
2026-08-25T14:28:44.441805+05:45,2026-08-25 14:28:44,top_losers,top_losers_120,True,cloud_automated,Tuesday - Trading Hours: 11:00 AM - 3:00 PM NPT,8063,Upakar Laghubitta Bittiya Sanstha Limited,ULBSL,,,,-0.94,,,,,,,,,,,,,,2432.0,,-23.0,,,,,,,7,"price_volume, live_market, summary, top_gainers, top_losers, nepse_index, supply_demand",5707
2026-08-25T14:28:44.441805+05:45,2026-08-25 14:28:44,top_losers,top_losers_121,True,cloud_automated,Tuesday - Trading Hours: 11:00 AM - 3:00 PM NPT,9336,Sopan Pharmaceuticals Limited,SOPL,,,,-0.94,,,,,,,,,,,,,,747.0,,-7.1,,,,,,,7,"price_volume, live_market, summary, top_gainers, top_losers, nepse_index, supply_demand",5707
2026-08-25T14:28:44.441805+05:45,2026-08-25 14:28:44,top_losers,top_losers_122,True,cloud_automated,Tuesday - Trading Hours: 11:00 AM - 3:00 PM NPT,9147,Shuvam Power Limited,SPL,,,,-0.94,,,,,,,,,,,,,,632.0,,-6.0,,,,,,,7,"price_volume, live_market, summary, top_gainers, top_losers, nepse_index, supply_demand",5707
2026-08-25T14:28:44.441805+05:45,2026-08-25 14:28:44,top_losers,top_losers_123,True,cloud_automated,Tuesday - Trading Hours: 11:00 AM - 3:00 PM NPT,145,Siddhartha Bank Limited,SBL,,,,-0.92,,,,,,,,,,,,,,409.0,,-3.8,,,,,,,7,"price_volume, live_market, summary, top_gainers, top_losers, nepse_index, supply_demand",5707
2026-08-25T14:28:44.441805+05:45,2026-08-25 14:28:44,top_losers,top_losers_124,True,cloud_automated,Tuesday - Trading Hours: 11:00 AM - 3:00 PM NPT,2813,Panchthar Power Compant Limited,PPCL,,,,-0.91,,,,,,,,,,,,,,328.0,,-3.0,,,,,,,7,"price_volume, live_market, summary, top_gainers, top_losers, nepse_index, supply_demand",5707
2026-08-25T14:28:44.441805+05:45,2026-08-25 14:28:44,top_losers,top_losers_125,True,cloud_automated,Tuesday - Trading Hours: 11:00 AM - 3:00 PM NPT,2907,Shiva Shree Hydropower Ltd,SSHL,,,,-0.91,,,,,,,,,,,,,,196.7,,-1.8,,,,,,,7,"price_volume, live_market, summary, top_gainers, top_losers, nepse_index, supply_demand",5707
2026-08-25T14:28:44.441805+05:45,2026-08-25 14:28:44,top_losers,top_losers_126,True,cloud_automated,Tuesday - Trading Hours: 11:00 AM - 3:00 PM NPT,2835,NABIL BALANCED FUND-2,NBF2,,,,-0.89,,,,,,,,,,,,,,10.0,,-0.09,,,,,,,7,"price_volume, live_market, summary, top_gainers, top_losers, nepse_index, supply_demand",5707
2026-08-25T14:28:44.441805+05:45,2026-08-25 14:28:44,top_losers,top_losers_127,True,cloud_automated,Tuesday - Trading Hours: 11:00 AM - 3:00 PM NPT,9158,Molung Hydropower Company Limited,MHCL,,,,-0.88,,,,,,,,,,,,,,293.9,,-2.6,,,,,,,7,"price_volume, live_market, summary, top_gainers, top_losers, nepse_index, supply_demand",5707
2026-08-25T14:28:44.441805+05:45,2026-08-25 14:28:44,top_losers,top_losers_128,True,cloud_automated,Tuesday - Trading Hours: 11:00 AM - 3:00 PM NPT,8117,Aviyan Laghubitta Bittiya Sanstha Limited,AVYAN,,,,-0.87,,,,,,,,,,,,,,1022.0,,-9.0,,,,,,,7,"price_volume, live_market, summary, top_gainers, top_losers, nepse_index, supply_demand",5707
2026-08-25T14:28:44.441805+05:45,2026-08-25 14:28:44,top_losers,top_losers_129,True,cloud_automated,Tuesday - Trading Hours: 11:00 AM - 3:00 PM NPT,148,Taragaon Regency Hotel Limited,TRH,,,,-0.87,,,,,,,,,,,,,,795.0,,-7.0,,,,,,,7,"price_volume, live_market, summary, top_gainers, top_losers, nepse_index, supply_demand",5707
2026-08-25T14:28:44.441805+05:45,2026-08-25 14:28:44,top_losers,top_losers_130,True,cloud_automated,Tuesday - Trading Hours: 11:00 AM - 3:00 PM NPT,9225,Vision Lumbini Urja Company Limited ,VLUCL,,,,-0.87,,,,,,,,,,,,,,386.5,,-3.4,,,,,,,7,"price_volume, live_market, summary, top_gainers, top_losers, nepse_index, supply_demand",5707
2026-08-25T14:28:44.441805+05:45,2026-08-25 14:28:44,top_losers,top_losers_131,True,cloud_automated,Tuesday - Trading Hours: 11:00 AM - 3:00 PM NPT,9289,7% Nepal SBI Bank Debenture 2090,SBID2090,,,,-0.86,,,,,,,,,,,,,,1041.0,,-9.0,,,,,,,7,"price_volume, live_market, summary, top_gainers, top_losers, nepse_index, supply_demand",5707
2026-08-25T14:28:44.441805+05:45,2026-08-25 14:28:44,top_losers,top_losers_132,True,cloud_automated,Tuesday - Trading Hours: 11:00 AM - 3:00 PM NPT,706,Suryodaya Womi Laghubitta Bittiya Sanstha Limited,SWMF,,,,-0.85,,,,,,,,,,,,,,585.0,,-5.0,,,,,,,7,"price_volume, live_market, summary, top_gainers, top_losers, nepse_index, supply_demand",5707
2026-08-25T14:28:44.441805+05:45,2026-08-25 14:28:44,top_losers,top_losers_133,True,cloud_automated,Tuesday - Trading Hours: 11:00 AM - 3:00 PM NPT,2932,9.5% Manjushree Finance Limited Debenture 2085,MFLD85,,,,-0.84,,,,,,,,,,,,,,1075.9,,-9.1,,,,,,,7,"price_volume, live_market, summary, top_gainers, top_losers, nepse_index, supply_demand",5707
2026-08-25T14:28:44.441805+05:45,2026-08-25 14:28:44,top_losers,top_losers_134,True,cloud_automated,Tuesday - Trading Hours: 11:00 AM - 3:00 PM NPT,149,Oriental Hotels Limited,OHL,,,,-0.84,,,,,,,,,,,,,,625.0,,-5.3,,,,,,,7,"price_volume, live_market, summary, top_gainers, top_losers, nepse_index, supply_demand",5707
2026-08-25T14:28:44.441805+05:45,2026-08-25 14:28:44,top_losers,top_losers_135,True,cloud_automated,Tuesday - Trading Hours: 11:00 AM - 3:00 PM NPT,232,Goodwill Finance Limited,GFCL,,,,-0.84,,,,,,,,,,,,,,575.0,,-4.9,,,,,,,7,"price_volume, live_market, summary, top_gainers, top_losers, nepse_index, supply_demand",5707
2026-08-25T14:28:44.441805+05:45,2026-08-25 14:28:44,top_losers,top_losers_136,True,cloud_automated,Tuesday - Trading Hours: 11:00 AM - 3:00 PM NPT,9179,Modi Energy Limited,MEL,,,,-0.84,,,,,,,,,,,,,,201.1,,-1.7,,,,,,,7,"price_volume, live_market, summary, top_gainers, top_losers, nepse_index, supply_demand",5707
2026-08-25T14:28:44.441805+05:45,2026-08-25 14:28:44,top_losers,top_losers_137,True,cloud_automated,Tuesday - Trading Hours: 11:00 AM - 3:00 PM NPT,2809,SHIVAM CEMENTS LTD,SHIVM,,,,-0.83,,,,,,,,,,,,,,621.5,,-5.2,,,,,,,7,"price_volume, live_market, summary, top_gainers, top_losers, nepse_index, supply_demand",5707
2026-08-25T14:28:44.441805+05:45,2026-08-25 14:28:44,top_losers,top_losers_138,True,cloud_automated,Tuesday - Trading Hours: 11:00 AM - 3:00 PM NPT,192,Shikhar Insurance Co. Ltd.,SICL,,,,-0.83,,,,,,,,,,,,,,601.0,,-5.0,,,,,,,7,"price_volume, live_market, summary, top_gainers, top_losers, nepse_index, supply_demand",5707
2026-08-25T14:28:44.441805+05:45,2026-08-25 14:28:44,top_losers,top_losers_139,True,cloud_automated,Tuesday - Trading Hours: 11:00 AM - 3:00 PM NPT,183,Neco Insurance Limited,NIL,,,,-0.83,,,,,,,,,,,,,,586.1,,-4.9,,,,,,,7,"price_volume, live_market, summary, top_gainers, top_losers, nepse_index, supply_demand",5707
2026-08-25T14:28:44.441805+05:45,2026-08-25 14:28:44,top_losers,top_losers_140,True,cloud_automated,Tuesday - Trading Hours: 11:00 AM - 3:00 PM NPT,9244,NIBL Stable Fund,NIBLSTF,,,,-0.83,,,,,,,,,,,,,,8.4,,-0.07,,,,,,,7,"price_volume, live_market, summary, top_gainers, top_losers, nepse_index, supply_demand",5707
2026-08-25T14:28:44.441805+05:45,2026-08-25 14:28:44,top_losers,top_losers_141,True,cloud_automated,Tuesday - Trading Hours: 11:00 AM - 3:00 PM NPT,2760,United Modi Hydropower Ltd.,UMHL,,,,-0.82,,,,,,,,,,,,,,568.2,,-4.7,,,,,,,7,"price_volume, live_market, summary, top_gainers, top_losers, nepse_index, supply_demand",5707
2026-08-25T14:28:44.441805+05:45,2026-08-25 14:28:44,top_losers,top_losers_142,True,cloud_automated,Tuesday - Trading Hours: 11:00 AM - 3:00 PM NPT,9182,Siddhartha Investment Growth Scheme 3,SIGS3,,,,-0.82,,,,,,,,,,,,,,10.91,,-0.09,,,,,,,7,"price_volume, live_market, summary, top_gainers, top_losers, nepse_index, supply_demand",5707
2026-08-25T14:28:44.441805+05:45,2026-08-25 14:28:44,top_losers,top_losers_143,True,cloud_automated,Tuesday - Trading Hours: 11:00 AM - 3:00 PM NPT,2746,National Laghubitta Bittiya Sanstha Limited,NMFBS,,,,-0.81,,,,,,,,,,,,,,1107.0,,-9.0,,,,,,,7,"price_volume, live_market, summary, top_gainers, top_losers, nepse_index, supply_demand",5707
2026-08-25T14:28:44.441805+05:45,2026-08-25 14:28:44,top_losers,top_losers_144,True,cloud_automated,Tuesday - Trading Hours: 11:00 AM - 3:00 PM NPT,516,Manjushree Finance Ltd.,MFIL,,,,-0.81,,,,,,,,,,,,,,734.0,,-6.0,,,,,,,7,"price_volume, live_market, summary, top_gainers, top_losers, nepse_index, supply_demand",5707
2026-08-25T14:28:44.441805+05:45,2026-08-25 14:28:44,top_losers,top_losers_145,True,cloud_automated,Tuesday - Trading Hours: 11:00 AM - 3:00 PM NPT,396,Nerude Mirmire Laghubitta Bittiya Sanstha Limited,NMLBBL,,,,-0.81,,,,,,,,,,,,,,488.0,,-4.0,,,,,,,7,"price_volume, live_market, summary, top_gainers, top_losers, nepse_index, supply_demand",5707
2026-08-25T14:28:44.441805+05:45,2026-08-25 14:28:44,top_losers,top_losers_146,True,cloud_automated,Tuesday - Trading Hours: 11:00 AM - 3:00 PM NPT,2742,Hydorelectricity Investment and Development Company Ltd,HIDCL,,,,-0.81,,,,,,,,,,,,,,246.0,,-2.0,,,,,,,7,"price_volume, live_market, summary, top_gainers, top_losers, nepse_index, supply_demand",5707
2026-08-25T14:28:44.441805+05:45,2026-08-25 14:28:44,top_losers,top_losers_147,True,cloud_automated,Tuesday - Trading Hours: 11:00 AM - 3:00 PM NPT,9303,SY Panel Nepal Limited,SYPNL,,,,-0.8,,,,,,,,,,,,,,1234.0,,-10.0,,,,,,,7,"price_volume, live_market, summary, top_gainers, top_losers, nepse_index, supply_demand",5707
2026-08-25T14:28:44.441805+05:45,2026-08-25 14:28:44,top_losers,top_losers_148,True,cloud_automated,Tuesday - Trading Hours: 11:00 AM - 3:00 PM NPT,184,Prabhu Insurance Ltd.,PRIN,,,,-0.78,,,,,,,,,,,,,,638.0,,-5.0,,,,,,,7,"price_volume, live_market, summary, top_gainers, top_losers, nepse_index, supply_demand",5707
2026-08-25T14:28:44.441805+05:45,2026-08-25 14:28:44,top_losers,top_losers_149,True,cloud_automated,Tuesday - Trading Hours: 11:00 AM - 3:00 PM NPT,1741,Mero Microfinance Bittiya Sanstha Ltd.,MERO,,,,-0.78,,,,,,,,,,,,,,625.1,,-4.9,,,,,,,7,"price_volume, live_market, summary, top_gainers, top_losers, nepse_index, supply_demand",5707
2026-08-25T14:28:44.441805+05:45,2026-08-25 14:28:44,top_losers,top_losers_150,True,cloud_automated,Tuesday - Trading Hours: 11:00 AM - 3:00 PM NPT,8066,River Falls Power Limited,RFPL,,,,-0.75,,,,,,,,,,,,,,331.0,,-2.5,,,,,,,7,"price_volume, live_market, summary, top_gainers, top_losers, nepse_index, supply_demand",5707
2026-08-25T14:28:44.441805+05:45,2026-08-25 14:28:44,top_losers,top_losers_151,True,cloud_automated,Tuesday - Trading Hours: 11:00 AM - 3:00 PM NPT,2766,Chhyangdi Hydropower Ltd.,CHL,,,,-0.75,,,,,,,,,,,,,,264.0,,-2.0,,,,,,,7,"price_volume, live_market, summary, top_gainers, top_losers, nepse_index, supply_demand",5707
2026-08-25T14:28:44.441805+05:45,2026-08-25 14:28:44,top_losers,top_losers_152,True,cloud_automated,Tuesday - Trading Hours: 11:00 AM - 3:00 PM NPT,2768,Mahuli Laghubitta Bittiya Sanstha Limited,MSLB,,,,-0.74,,,,,,,,,,,,,,1206.0,,-9.0,,,,,,,7,"price_volume, live_market, summary, top_gainers, top_losers, nepse_index, supply_demand",5707
2026-08-25T14:28:44.441805+05:45,2026-08-25 14:28:44,top_losers,top_losers_153,True,cloud_automated,Tuesday - Trading Hours: 11:00 AM - 3:00 PM NPT,385,Asian Life Insurance Co. Limited,ALICL,,,,-0.73,,,,,,,,,,,,,,410.0,,-3.0,,,,,,,7,"price_volume, live_market, summary, top_gainers, top_losers, nepse_index, supply_demand",5707
2026-08-25T14:28:44.441805+05:45,2026-08-25 14:28:44,top_losers,top_losers_154,True,cloud_automated,Tuesday - Trading Hours: 11:00 AM - 3:00 PM NPT,9201,Sun Nepal Life Insurance Company Limited,SNLI,,,,-0.73,,,,,,,,,,,,,,395.1,,-2.9,,,,,,,7,"price_volume, live_market, summary, top_gainers, top_losers, nepse_index, supply_demand",5707
2026-08-25T14:28:44.441805+05:45,2026-08-25 14:28:44,top_losers,top_losers_155,True,cloud_automated,Tuesday - Trading Hours: 11:00 AM - 3:00 PM NPT,2936,9.5% NCC Debenture 2086,NCCD86,,,,-0.72,,,,,,,,,,,,,,1110.0,,-8.0,,,,,,,7,"price_volume, live_market, summary, top_gainers, top_losers, nepse_index, supply_demand",5707
2026-08-25T14:28:44.441805+05:45,2026-08-25 14:28:44,top_losers,top_losers_156,True,cloud_automated,Tuesday - Trading Hours: 11:00 AM - 3:00 PM NPT,2915,Prabhu Mahalaxmi Life Insurance Limited,PMLI,,,,-0.72,,,,,,,,,,,,,,412.0,,-3.0,,,,,,,7,"price_volume, live_market, summary, top_gainers, top_losers, nepse_index, supply_demand",5707
2026-08-25T14:28:44.441805+05:45,2026-08-25 14:28:44,top_losers,top_losers_157,True,cloud_automated,Tuesday - Trading Hours: 11:00 AM - 3:00 PM NPT,133,Standard Chartered Bank Limited,SCB,,,,-0.71,,,,,,,,,,,,,,643.9,,-4.6,,,,,,,7,"price_volume, live_market, summary, top_gainers, top_losers, nepse_index, supply_demand",5707
2026-08-25T14:28:44.441805+05:45,2026-08-25 14:28:44,top_losers,top_losers_158,True,cloud_automated,Tuesday - Trading Hours: 11:00 AM - 3:00 PM NPT,371,Miteri Development Bank Limited,MDB,,,,-0.71,,,,,,,,,,,,,,559.0,,-4.0,,,,,,,7,"price_volume, live_market, summary, top_gainers, top_losers, nepse_index, supply_demand",5707
2026-08-25T14:28:44.441805+05:45,2026-08-25 14:28:44,top_losers,top_losers_159,True,cloud_automated,Tuesday - Trading Hours: 11:00 AM - 3:00 PM NPT,8126,Sikles Hydropower Limited,SIKLES,,,,-0.71,,,,,,,,,,,,,,562.0,,-4.0,,,,,,,7,"price_volume, live_market, summary, top_gainers, top_losers, nepse_index, supply_demand",5707
2026-08-25T14:28:44.441805+05:45,2026-08-25 14:28:44,top_losers,top_losers_160,True,cloud_automated,Tuesday - Trading Hours: 11:00 AM - 3:00 PM NPT,2776,Radhi Bidyut Company Ltd,RADHI,,,,-0.7,,,,,,,,,,,,,,699.0,,-4.9,,,,,,,7,"price_volume, live_market, summary, top_gainers, top_losers, nepse_index, supply_demand",5707
2026-08-25T14:28:44.441805+05:45,2026-08-25 14:28:44,top_losers,top_losers_161,True,cloud_automated,Tuesday - Trading Hours: 11:00 AM - 3:00 PM NPT,9345,Sanigad Hydro Limited,SGHL,,,,-0.7,,,,,,,,,,,,,,507.4,,-3.6,,,,,,,7,"price_volume, live_market, summary, top_gainers, top_losers, nepse_index, supply_demand",5707
2026-08-25T14:28:44.441805+05:45,2026-08-25 14:28:44,top_losers,top_losers_162,True,cloud_automated,Tuesday - Trading Hours: 11:00 AM - 3:00 PM NPT,8070,Dordi Khola Jal Bidyut Company Limited,DORDI,,,,-0.69,,,,,,,,,,,,,,245.5,,-1.7,,,,,,,7,"price_volume, live_market, summary, top_gainers, top_losers, nepse_index, supply_demand",5707
2026-08-25T14:28:44.441805+05:45,2026-08-25 14:28:44,top_losers,top_losers_163,True,cloud_automated,Tuesday - Trading Hours: 11:00 AM - 3:00 PM NPT,2908,Sanima GIC Insurance Limited,SGIC,,,,-0.68,,,,,,,,,,,,,,438.0,,-3.0,,,,,,,7,"price_volume, live_market, summary, top_gainers, top_losers, nepse_index, supply_demand",5707
2026-08-25T14:28:44.441805+05:45,2026-08-25 14:28:44,top_losers,top_losers_164,True,cloud_automated,Tuesday - Trading Hours: 11:00 AM - 3:00 PM NPT,403,SuryaJyoti Life Insurance Company Limited,SJLIC,,,,-0.67,,,,,,,,,,,,,,402.3,,-2.7,,,,,,,7,"price_volume, live_market, summary, top_gainers, top_losers, nepse_index, supply_demand",5707
2026-08-25T14:28:44.441805+05:45,2026-08-25 14:28:44,top_losers,top_losers_165,True,cloud_automated,Tuesday - Trading Hours: 11:00 AM - 3:00 PM NPT,9263,Sanvi Energy Limited,SANVI,,,,-0.66,,,,,,,,,,,,,,573.0,,-3.8,,,,,,,7,"price_volume, live_market, summary, top_gainers, top_losers, nepse_index, supply_demand",5707
2026-08-25T14:28:44.441805+05:45,2026-08-25 14:28:44,top_losers,top_losers_166,True,cloud_automated,Tuesday - Trading Hours: 11:00 AM - 3:00 PM NPT,8133,Peoples Hydropower Company Limited,PHCL,,,,-0.66,,,,,,,,,,,,,,300.0,,-2.0,,,,,,,7,"price_volume, live_market, summary, top_gainers, top_losers, nepse_index, supply_demand",5707
2026-08-25T14:28:44.441805+05:45,2026-08-25 14:28:44,top_losers,top_losers_167,True,cloud_automated,Tuesday - Trading Hours: 11:00 AM - 3:00 PM NPT,2917,Chandragiri Hills Limited,CGH,,,,-0.65,,,,,,,,,,,,,,770.0,,-5.0,,,,,,,7,"price_volume, live_market, summary, top_gainers, top_losers, nepse_index, supply_demand",5707
2026-08-25T14:28:44.441805+05:45,2026-08-25 14:28:44,top_losers,top_losers_168,True,cloud_automated,Tuesday - Trading Hours: 11:00 AM - 3:00 PM NPT,2787,Kalika power Company Ltd,KPCL,,,,-0.65,,,,,,,,,,,,,,460.0,,-3.0,,,,,,,7,"price_volume, live_market, summary, top_gainers, top_losers, nepse_index, supply_demand",5707
2026-08-25T14:28:44.441805+05:45,2026-08-25 14:28:44,top_losers,top_losers_169,True,cloud_automated,Tuesday - Trading Hours: 11:00 AM - 3:00 PM NPT,360,Arun Valley Hydropower Development Co. Ltd.,AHPC,,,,-0.65,,,,,,,,,,,,,,258.0,,-1.7,,,,,,,7,"price_volume, live_market, summary, top_gainers, top_losers, nepse_index, supply_demand",5707
2026-08-25T14:28:44.441805+05:45,2026-08-25 14:28:44,top_losers,top_losers_170,True,cloud_automated,Tuesday - Trading Hours: 11:00 AM - 3:00 PM NPT,694,Matribhumi Lagubitta Bittiya Sanstha Limited,MATRI,,,,-0.64,,,,,,,,,,,,,,775.0,,-5.0,,,,,,,7,"price_volume, live_market, summary, top_gainers, top_losers, nepse_index, supply_demand",5707
2026-08-25T14:28:44.441805+05:45,2026-08-25 14:28:44,top_losers,top_losers_171,True,cloud_automated,Tuesday - Trading Hours: 11:00 AM - 3:00 PM NPT,172,Narayani Development Bank Limited,NABBC,,,,-0.61,,,,,,,,,,,,,,762.0,,-4.7,,,,,,,7,"price_volume, live_market, summary, top_gainers, top_losers, nepse_index, supply_demand",5707
2026-08-25T14:28:44.441805+05:45,2026-08-25 14:28:44,top_losers,top_losers_172,True,cloud_automated,Tuesday - Trading Hours: 11:00 AM - 3:00 PM NPT,152,National Hydro Power Company Limited,NHPC,,,,-0.61,,,,,,,,,,,,,,260.0,,-1.6,,,,,,,7,"price_volume, live_market, summary, top_gainers, top_losers, nepse_index, supply_demand",5707
2026-08-25T14:28:44.441805+05:45,2026-08-25 14:28:44,top_losers,top_losers_173,True,cloud_automated,Tuesday - Trading Hours: 11:00 AM - 3:00 PM NPT,2842,SANJEN JALAVIDHYUT COMPANY LIMITED,SJCL,,,,-0.61,,,,,,,,,,,,,,262.2,,-1.6,,,,,,,7,"price_volume, live_market, summary, top_gainers, top_losers, nepse_index, supply_demand",5707
2026-08-25T14:28:44.441805+05:45,2026-08-25 14:28:44,top_losers,top_losers_174,True,cloud_automated,Tuesday - Trading Hours: 11:00 AM - 3:00 PM NPT,2824,Himalaya Urja Bikas Company Limited,HURJA,,,,-0.6,,,,,,,,,,,,,,232.1,,-1.4,,,,,,,7,"price_volume, live_market, summary, top_gainers, top_losers, nepse_index, supply_demand",5707
2026-08-25T14:28:44.441805+05:45,2026-08-25 14:28:44,top_losers,top_losers_175,True,cloud_automated,Tuesday - Trading Hours: 11:00 AM - 3:00 PM NPT,601,Mithila LaghuBitta Bittiya Sanstha Limited,MLBBL,,,,-0.58,,,,,,,,,,,,,,944.4,,-5.5,,,,,,,7,"price_volume, live_market, summary, top_gainers, top_losers, nepse_index, supply_demand",5707
2026-08-25T14:28:44.441805+05:45,2026-08-25 14:28:44,top_losers,top_losers_176,True,cloud_automated,Tuesday - Trading Hours: 11:00 AM - 3:00 PM NPT,9194,Three Star Hydropower Limited,TSHL,,,,-0.58,,,,,,,,,,,,,,340.0,,-2.0,,,,,,,7,"price_volume, live_market, summary, top_gainers, top_losers, nepse_index, supply_demand",5707
2026-08-25T14:28:44.441805+05:45,2026-08-25 14:28:44,top_losers,top_losers_177,True,cloud_automated,Tuesday - Trading Hours: 11:00 AM - 3:00 PM NPT,9346,Kalanga Hydro Limited,KAHL,,,,-0.57,,,,,,,,,,,,,,503.1,,-2.9,,,,,,,7,"price_volume, live_market, summary, top_gainers, top_losers, nepse_index, supply_demand",5707
2026-08-25T14:28:44.441805+05:45,2026-08-25 14:28:44,top_losers,top_losers_178,True,cloud_automated,Tuesday - Trading Hours: 11:00 AM - 3:00 PM NPT,418,Jyoti Bikas Bank Limited,JBBL,,,,-0.57,,,,,,,,,,,,,,331.0,,-1.9,,,,,,,7,"price_volume, live_market, summary, top_gainers, top_losers, nepse_index, supply_demand",5707
2026-08-25T14:28:44.441805+05:45,2026-08-25 14:28:44,top_losers,top_losers_179,True,cloud_automated,Tuesday - Trading Hours: 11:00 AM - 3:00 PM NPT,8104,Upper Solu Hydro Electric Company Limited,USHEC,,,,-0.56,,,,,,,,,,,,,,497.2,,-2.8,,,,,,,7,"price_volume, live_market, summary, top_gainers, top_losers, nepse_index, supply_demand",5707
2026-08-25T14:28:44.441805+05:45,2026-08-25 14:28:44,top_losers,top_losers_180,True,cloud_automated,Tuesday - Trading Hours: 11:00 AM - 3:00 PM NPT,187,Nepal Life Insurance Co. Ltd.,NLIC,,,,-0.55,,,,,,,,,,,,,,709.9,,-3.9,,,,,,,7,"price_volume, live_market, summary, top_gainers, top_losers, nepse_index, supply_demand",5707
2026-08-25T14:28:44.441805+05:45,2026-08-25 14:28:44,top_losers,top_losers_181,True,cloud_automated,Tuesday - Trading Hours: 11:00 AM - 3:00 PM NPT,194,Nepal Finance Ltd.,NFS,,,,-0.55,,,,,,,,,,,,,,541.0,,-3.0,,,,,,,7,"price_volume, live_market, summary, top_gainers, top_losers, nepse_index, supply_demand",5707
2026-08-25T14:28:44.441805+05:45,2026-08-25 14:28:44,top_losers,top_losers_182,True,cloud_automated,Tuesday - Trading Hours: 11:00 AM - 3:00 PM NPT,2743,Ngadi Group Power Ltd.,NGPL,,,,-0.55,,,,,,,,,,,,,,401.0,,-2.2,,,,,,,7,"price_volume, live_market, summary, top_gainers, top_losers, nepse_index, supply_demand",5707
2026-08-25T14:28:44.441805+05:45,2026-08-25 14:28:44,top_losers,top_losers_183,True,cloud_automated,Tuesday - Trading Hours: 11:00 AM - 3:00 PM NPT,227,Best Finance Company Ltd.,BFC,,,,-0.54,,,,,,,,,,,,,,461.0,,-2.5,,,,,,,7,"price_volume, live_market, summary, top_gainers, top_losers, nepse_index, supply_demand",5707
2026-08-25T14:28:44.441805+05:45,2026-08-25 14:28:44,top_losers,top_losers_184,True,cloud_automated,Tuesday - Trading Hours: 11:00 AM - 3:00 PM NPT,9199,Reliable Nepal Life Insurance Limited,RNLI,,,,-0.54,,,,,,,,,,,,,,420.7,,-2.3,,,,,,,7,"price_volume, live_market, summary, top_gainers, top_losers, nepse_index, supply_demand",5707
2026-08-25T14:28:44.441805+05:45,2026-08-25 14:28:44,top_losers,top_losers_185,True,cloud_automated,Tuesday - Trading Hours: 11:00 AM - 3:00 PM NPT,9234,Himalayan Reinsurance Limited,HRL,,,,-0.53,,,,,,,,,,,,,,558.0,,-3.0,,,,,,,7,"price_volume, live_market, summary, top_gainers, top_losers, nepse_index, supply_demand",5707
2026-08-25T14:28:44.441805+05:45,2026-08-25 14:28:44,top_losers,top_losers_186,True,cloud_automated,Tuesday - Trading Hours: 11:00 AM - 3:00 PM NPT,9294,Sagar Distillery Limited,SAGAR,,,,-0.52,,,,,,,,,,,,,,1532.0,,-8.0,,,,,,,7,"price_volume, live_market, summary, top_gainers, top_losers, nepse_index, supply_demand",5707
2026-08-25T14:28:44.441805+05:45,2026-08-25 14:28:44,top_losers,top_losers_187,True,cloud_automated,Tuesday - Trading Hours: 11:00 AM - 3:00 PM NPT,8045,Green Ventures Limited,GVL,,,,-0.52,,,,,,,,,,,,,,475.5,,-2.5,,,,,,,7,"price_volume, live_market, summary, top_gainers, top_losers, nepse_index, supply_demand",5707
2026-08-25T14:28:44.441805+05:45,2026-08-25 14:28:44,top_losers,top_losers_188,True,cloud_automated,Tuesday - Trading Hours: 11:00 AM - 3:00 PM NPT,9209,Citizen Life Insurance Company Limited,CLI,,,,-0.52,,,,,,,,,,,,,,424.3,,-2.2,,,,,,,7,"price_volume, live_market, summary, top_gainers, top_losers, nepse_index, supply_demand",5707
2026-08-25T14:28:44.441805+05:45,2026-08-25 14:28:44,top_losers,top_losers_189,True,cloud_automated,Tuesday - Trading Hours: 11:00 AM - 3:00 PM NPT,273,ICFC Finance Limited,ICFC,,,,-0.51,,,,,,,,,,,,,,588.0,,-3.0,,,,,,,7,"price_volume, live_market, summary, top_gainers, top_losers, nepse_index, supply_demand",5707
2026-08-25T14:28:44.441805+05:45,2026-08-25 14:28:44,top_losers,top_losers_190,True,cloud_automated,Tuesday - Trading Hours: 11:00 AM - 3:00 PM NPT,471,Multipurpose Finance Company  Limited,MPFL,,,,-0.49,,,,,,,,,,,,,,605.0,,-3.0,,,,,,,7,"price_volume, live_market, summary, top_gainers, top_losers, nepse_index, supply_demand",5707
2026-08-25T14:28:44.441805+05:45,2026-08-25 14:28:44,top_losers,top_losers_191,True,cloud_automated,Tuesday - Trading Hours: 11:00 AM - 3:00 PM NPT,2880,Himal Dolakha Hydropower Company Limited,HDHPC,,,,-0.49,,,,,,,,,,,,,,204.5,,-1.0,,,,,,,7,"price_volume, live_market, summary, top_gainers, top_losers, nepse_index, supply_demand",5707
2026-08-25T14:28:44.441805+05:45,2026-08-25 14:28:44,top_losers,top_losers_192,True,cloud_automated,Tuesday - Trading Hours: 11:00 AM - 3:00 PM NPT,155,Salt Trading Corporation,STC,,,,-0.48,,,,,,,,,,,,,,5170.0,,-25.0,,,,,,,7,"price_volume, live_market, summary, top_gainers, top_losers, nepse_index, supply_demand",5707
2026-08-25T14:28:44.441805+05:45,2026-08-25 14:28:44,top_losers,top_losers_193,True,cloud_automated,Tuesday - Trading Hours: 11:00 AM - 3:00 PM NPT,2771,Support Microfinance Bittiya Sanstha Ltd.,SMB,,,,-0.46,,,,,,,,,,,,,,1750.0,,-8.0,,,,,,,7,"price_volume, live_market, summary, top_gainers, top_losers, nepse_index, supply_demand",5707
2026-08-25T14:28:44.441805+05:45,2026-08-25 14:28:44,top_losers,top_losers_194,True,cloud_automated,Tuesday - Trading Hours: 11:00 AM - 3:00 PM NPT,9325,Suryakunda Hydro Electric Limited,SKHEL,,,,-0.46,,,,,,,,,,,,,,896.0,,-4.1,,,,,,,7,"price_volume, live_market, summary, top_gainers, top_losers, nepse_index, supply_demand",5707
2026-08-25T14:28:44.441805+05:45,2026-08-25 14:28:44,top_losers,top_losers_195,True,cloud_automated,Tuesday - Trading Hours: 11:00 AM - 3:00 PM NPT,8106,Global IME Balanced Fund-1,GIBF1,,,,-0.46,,,,,,,,,,,,,,10.75,,-0.05,,,,,,,7,"price_volume, live_market, summary, top_gainers, top_losers, nepse_index, supply_demand",5707
2026-08-25T14:28:44.441805+05:45,2026-08-25 14:28:44,top_losers,top_losers_196,True,cloud_automated,Tuesday - Trading Hours: 11:00 AM - 3:00 PM NPT,2807,Asha Laghubitta Bittiya Sanstha Ltd,ALBSL,,,,-0.45,,,,,,,,,,,,,,1095.0,,-5.0,,,,,,,7,"price_volume, live_market, summary, top_gainers, top_losers, nepse_index, supply_demand",5707
2026-08-25T14:28:44.441805+05:45,2026-08-25 14:28:44,top_losers,top_losers_197,True,cloud_automated,Tuesday - Trading Hours: 11:00 AM - 3:00 PM NPT,9196,Kutheli Bukhari Small Hydropower Limited,KBSH,,,,-0.44,,,,,,,,,,,,,,884.2,,-3.9,,,,,,,7,"price_volume, live_market, summary, top_gainers, top_losers, nepse_index, supply_demand",5707
2026-08-25T14:28:44.441805+05:45,2026-08-25 14:28:44,top_losers,top_losers_198,True,cloud_automated,Tuesday - Trading Hours: 11:00 AM - 3:00 PM NPT,2860,Saptakoshi Development Bank Ltd,SAPDBL,,,,-0.44,,,,,,,,,,,,,,696.8,,-3.1,,,,,,,7,"price_volume, live_market, summary, top_gainers, top_losers, nepse_index, supply_demand",5707
2026-08-25T14:28:44.441805+05:45,2026-08-25 14:28:44,top_losers,top_losers_199,True,cloud_automated,Tuesday - Trading Hours: 11:00 AM - 3:00 PM NPT,2881,Nepal Reinsurance Company Limited,NRIC,,,,-0.43,,,,,,,,,,,,,,890.0,,-3.8,,,,,,,7,"price_volume, live_market, summary, top_gainers, top_losers, nepse_index, supply_demand",5707
2026-08-25T14:28:44.441805+05:45,2026-08-25 14:28:44,top_losers,top_losers_200,True,cloud_automated,Tuesday - Trading Hours: 11:00 AM - 3:00 PM NPT,9311,Solu Hydropower Limited,SOHL,,,,-0.43,,,,,,,,,,,,,,676.0,,-2.9,,,,,,,7,"price_volume, live_market, summary, top_gainers, top_losers, nepse_index, supply_demand",5707
2026-08-25T14:28:44.441805+05:45,2026-08-25 14:28:44,top_losers,top_losers_201,True,cloud_automated,Tuesday - Trading Hours: 11:00 AM - 3:00 PM NPT,180,United Ajod Insurance Limited,UAIL,,,,-0.41,,,,,,,,,,,,,,416.3,,-1.7,,,,,,,7,"price_volume, live_market, summary, top_gainers, top_losers, nepse_index, supply_demand",5707
2026-08-25T14:28:44.441805+05:45,2026-08-25 14:28:44,top_losers,top_losers_202,True,cloud_automated,Tuesday - Trading Hours: 11:00 AM - 3:00 PM NPT,2789,Joshi Hydropower Development Company Ltd,JOSHI,,,,-0.39,,,,,,,,,,,,,,258.0,,-1.0,,,,,,,7,"price_volume, live_market, summary, top_gainers, top_losers, nepse_index, supply_demand",5707
2026-08-25T14:28:44.441805+05:45,2026-08-25 14:28:44,top_losers,top_losers_203,True,cloud_automated,Tuesday - Trading Hours: 11:00 AM - 3:00 PM NPT,9271,7.25% SBL Debenture 2091,SBLD2091,,,,-0.38,,,,,,,,,,,,,,1056.0,,-4.0,,,,,,,7,"price_volume, live_market, summary, top_gainers, top_losers, nepse_index, supply_demand",5707
2026-08-25T14:28:44.441805+05:45,2026-08-25 14:28:44,top_losers,top_losers_204,True,cloud_automated,Tuesday - Trading Hours: 11:00 AM - 3:00 PM NPT,274,Excel Development Bank Ltd.,EDBL,,,,-0.38,,,,,,,,,,,,,,580.8,,-2.2,,,,,,,7,"price_volume, live_market, summary, top_gainers, top_losers, nepse_index, supply_demand",5707
2026-08-25T14:28:44.441805+05:45,2026-08-25 14:28:44,top_losers,top_losers_205,True,cloud_automated,Tuesday - Trading Hours: 11:00 AM - 3:00 PM NPT,2919,Nepal Infrastructure Bank Limited,NIFRA,,,,-0.37,,,,,,,,,,,,,,240.1,,-0.9,,,,,,,7,"price_volume, live_market, summary, top_gainers, top_losers, nepse_index, supply_demand",5707
2026-08-25T14:28:44.441805+05:45,2026-08-25 14:28:44,top_losers,top_losers_206,True,cloud_automated,Tuesday - Trading Hours: 11:00 AM - 3:00 PM NPT,9151,Kalinchowk Darshan Limited,KDL,,,,-0.36,,,,,,,,,,,,,,751.3,,-2.7,,,,,,,7,"price_volume, live_market, summary, top_gainers, top_losers, nepse_index, supply_demand",5707
2026-08-25T14:28:44.441805+05:45,2026-08-25 14:28:44,top_losers,top_losers_207,True,cloud_automated,Tuesday - Trading Hours: 11:00 AM - 3:00 PM NPT,2924,GreenLife Hydropower Limited,GLH,,,,-0.36,,,,,,,,,,,,,,250.1,,-0.9,,,,,,,7,"price_volume, live_market, summary, top_gainers, top_losers, nepse_index, supply_demand",5707
2026-08-25T14:28:44.441805+05:45,2026-08-25 14:28:44,top_losers,top_losers_208,True,cloud_automated,Tuesday - Trading Hours: 11:00 AM - 3:00 PM NPT,139,NIC Asia Bank Ltd.,NICA,,,,-0.35,,,,,,,,,,,,,,309.9,,-1.1,,,,,,,7,"price_volume, live_market, summary, top_gainers, top_losers, nepse_index, supply_demand",5707
2026-08-25T14:28:44.441805+05:45,2026-08-25 14:28:44,top_losers,top_losers_209,True,cloud_automated,Tuesday - Trading Hours: 11:00 AM - 3:00 PM NPT,2898,NRN Infrastructure and Development Limited,NRN,,,,-0.33,,,,,,,,,,,,,,1359.0,,-4.5,,,,,,,7,"price_volume, live_market, summary, top_gainers, top_losers, nepse_index, supply_demand",5707
2026-08-25T14:28:44.441805+05:45,2026-08-25 14:28:44,top_losers,top_losers_210,True,cloud_automated,Tuesday - Trading Hours: 11:00 AM - 3:00 PM NPT,9171,Bhugol Energy Development Company Limited,BEDC,,,,-0.33,,,,,,,,,,,,,,301.0,,-1.0,,,,,,,7,"price_volume, live_market, summary, top_gainers, top_losers, nepse_index, supply_demand",5707
2026-08-25T14:28:44.441805+05:45,2026-08-25 14:28:44,top_losers,top_losers_211,True,cloud_automated,Tuesday - Trading Hours: 11:00 AM - 3:00 PM NPT,2903,Liberty Energy Company Limited,LEC,,,,-0.33,,,,,,,,,,,,,,213.2,,-0.7,,,,,,,7,"price_volume, live_market, summary, top_gainers, top_losers, nepse_index, supply_demand",5707
2026-08-25T14:28:44.441805+05:45,2026-08-25 14:28:44,top_losers,top_losers_212,True,cloud_automated,Tuesday - Trading Hours: 11:00 AM - 3:00 PM NPT,9351,Reliable Samriddhi Yojana -2,RSY2,,,,-0.33,,,,,,,,,,,,,,8.93,,-0.03,,,,,,,7,"price_volume, live_market, summary, top_gainers, top_losers, nepse_index, supply_demand",5707
2026-08-25T14:28:44.441805+05:45,2026-08-25 14:28:44,top_losers,top_losers_213,True,cloud_automated,Tuesday - Trading Hours: 11:00 AM - 3:00 PM NPT,9242,Sarbottam Cement Limited,SARBTM,,,,-0.32,,,,,,,,,,,,,,772.5,,-2.5,,,,,,,7,"price_volume, live_market, summary, top_gainers, top_losers, nepse_index, supply_demand",5707
2026-08-25T14:28:44.441805+05:45,2026-08-25 14:28:44,top_losers,top_losers_214,True,cloud_automated,Tuesday - Trading Hours: 11:00 AM - 3:00 PM NPT,141,Laxmi Sunrise Bank Limited,LSL,,,,-0.32,,,,,,,,,,,,,,217.3,,-0.7,,,,,,,7,"price_volume, live_market, summary, top_gainers, top_losers, nepse_index, supply_demand",5707
2026-08-25T14:28:44.441805+05:45,2026-08-25 14:28:44,top_losers,top_losers_215,True,cloud_automated,Tuesday - Trading Hours: 11:00 AM - 3:00 PM NPT,9330,Palpa Cement Industries Limited,PCIL,,,,-0.31,,,,,,,,,,,,,,606.0,,-1.9,,,,,,,7,"price_volume, live_market, summary, top_gainers, top_losers, nepse_index, supply_demand",5707
2026-08-25T14:28:44.441805+05:45,2026-08-25 14:28:44,top_losers,top_losers_216,True,cloud_automated,Tuesday - Trading Hours: 11:00 AM - 3:00 PM NPT,4951,Jeevan Bikas Laghubitta  Bittya Sanstha Ltd,JBLB,,,,-0.3,,,,,,,,,,,,,,1245.3,,-3.7,,,,,,,7,"price_volume, live_market, summary, top_gainers, top_losers, nepse_index, supply_demand",5707
2026-08-25T14:28:44.441805+05:45,2026-08-25 14:28:44,top_losers,top_losers_217,True,cloud_automated,Tuesday - Trading Hours: 11:00 AM - 3:00 PM NPT,2826,Gurans Laghubitta Bittiya Sanstha Limited,GLBSL,,,,-0.29,,,,,,,,,,,,,,1715.0,,-5.0,,,,,,,7,"price_volume, live_market, summary, top_gainers, top_losers, nepse_index, supply_demand",5707
2026-08-25T14:28:44.441805+05:45,2026-08-25 14:28:44,top_losers,top_losers_218,True,cloud_automated,Tuesday - Trading Hours: 11:00 AM - 3:00 PM NPT,2810,UNIVERSAL POWER COMPANY LTD,UPCL,,,,-0.29,,,,,,,,,,,,,,340.0,,-1.0,,,,,,,7,"price_volume, live_market, summary, top_gainers, top_losers, nepse_index, supply_demand",5707
2026-08-25T14:28:44.441805+05:45,2026-08-25 14:28:44,top_losers,top_losers_219,True,cloud_automated,Tuesday - Trading Hours: 11:00 AM - 3:00 PM NPT,357,Prime Commercial Bank Ltd.,PCBL,,,,-0.29,,,,,,,,,,,,,,239.0,,-0.7,,,,,,,7,"price_volume, live_market, summary, top_gainers, top_losers, nepse_index, supply_demand",5707
2026-08-25T14:28:44.441805+05:45,2026-08-25 14:28:44,top_losers,top_losers_220,True,cloud_automated,Tuesday - Trading Hours: 11:00 AM - 3:00 PM NPT,610,Ridi Power Company Limited,RIDI,,,,-0.28,,,,,,,,,,,,,,356.0,,-1.0,,,,,,,7,"price_volume, live_market, summary, top_gainers, top_losers, nepse_index, supply_demand",5707
2026-08-25T14:28:44.441805+05:45,2026-08-25 14:28:44,top_losers,top_losers_221,True,cloud_automated,Tuesday - Trading Hours: 11:00 AM - 3:00 PM NPT,397,Agricultural Development Bank Limited,ADBL,,,,-0.23,,,,,,,,,,,,,,298.8,,-0.7,,,,,,,7,"price_volume, live_market, summary, top_gainers, top_losers, nepse_index, supply_demand",5707
2026-08-25T14:28:44.441805+05:45,2026-08-25 14:28:44,top_losers,top_losers_222,True,cloud_automated,Tuesday - Trading Hours: 11:00 AM - 3:00 PM NPT,9269,Global IME Sammunat Yojana -2,GBIMESY2,,,,-0.22,,,,,,,,,,,,,,8.9,,-0.02,,,,,,,7,"price_volume, live_market, summary, top_gainers, top_losers, nepse_index, supply_demand",5707
2026-08-25T14:28:44.441805+05:45,2026-08-25 14:28:44,top_losers,top_losers_223,True,cloud_automated,Tuesday - Trading Hours: 11:00 AM - 3:00 PM NPT,9248,Garima Samriddhi Yojana,GSY,,,,-0.22,,,,,,,,,,,,,,9.18,,-0.02,,,,,,,7,"price_volume, live_market, summary, top_gainers, top_losers, nepse_index, supply_demand",5707
2026-08-25T14:28:44.441805+05:45,2026-08-25 14:28:44,top_losers,top_losers_224,True,cloud_automated,Tuesday - Trading Hours: 11:00 AM - 3:00 PM NPT,154,Chilime Hydropower Company Limited,CHCL,,,,-0.21,,,,,,,,,,,,,,477.0,,-1.0,,,,,,,7,"price_volume, live_market, summary, top_gainers, top_losers, nepse_index, supply_demand",5707
2026-08-25T14:28:44.441805+05:45,2026-08-25 14:28:44,top_losers,top_losers_225,True,cloud_automated,Tuesday - Trading Hours: 11:00 AM - 3:00 PM NPT,2792,Upper Tamakoshi Hydropower Ltd,UPPER,,,,-0.21,,,,,,,,,,,,,,189.0,,-0.4,,,,,,,7,"price_volume, live_market, summary, top_gainers, top_losers, nepse_index, supply_demand",5707
2026-08-25T14:28:44.441805+05:45,2026-08-25 14:28:44,top_losers,top_losers_226,True,cloud_automated,Tuesday - Trading Hours: 11:00 AM - 3:00 PM NPT,9167,Mai Khola Hydropower Limited,MKHL,,,,-0.2,,,,,,,,,,,,,,495.0,,-1.0,,,,,,,7,"price_volume, live_market, summary, top_gainers, top_losers, nepse_index, supply_demand",5707
2026-08-25T14:28:44.441805+05:45,2026-08-25 14:28:44,top_losers,top_losers_227,True,cloud_automated,Tuesday - Trading Hours: 11:00 AM - 3:00 PM NPT,2935,Ru Ru Jalbidhyut Pariyojana Limited,RURU,,,,-0.17,,,,,,,,,,,,,,594.0,,-1.0,,,,,,,7,"price_volume, live_market, summary, top_gainers, top_losers, nepse_index, supply_demand",5707
2026-08-25T14:28:44.441805+05:45,2026-08-25 14:28:44,top_losers,top_losers_228,True,cloud_automated,Tuesday - Trading Hours: 11:00 AM - 3:00 PM NPT,2931,8.5% Nepal Investment Bank Debenture 2084,NIBD84,,,,-0.16,,,,,,,,,,,,,,1033.3,,-1.7,,,,,,,7,"price_volume, live_market, summary, top_gainers, top_losers, nepse_index, supply_demand",5707
2026-08-25T14:28:44.441805+05:45,2026-08-25 14:28:44,top_losers,top_losers_229,True,cloud_automated,Tuesday - Trading Hours: 11:00 AM - 3:00 PM NPT,9208,Upper Lohore Khola Hydropower Company Limited,ULHC,,,,-0.16,,,,,,,,,,,,,,321.2,,-0.5,,,,,,,7,"price_volume, live_market, summary, top_gainers, top_losers, nepse_index, supply_demand",5707
2026-08-25T14:28:44.441805+05:45,2026-08-25 14:28:44,top_losers,top_losers_230,True,cloud_automated,Tuesday - Trading Hours: 11:00 AM - 3:00 PM NPT,134,Himalayan Bank Limited,HBL,,,,-0.16,,,,,,,,,,,,,,189.5,,-0.3,,,,,,,7,"price_volume, live_market, summary, top_gainers, top_losers, nepse_index, supply_demand",5707
2026-08-25T14:28:44.441805+05:45,2026-08-25 14:28:44,top_losers,top_losers_231,True,cloud_automated,Tuesday - Trading Hours: 11:00 AM - 3:00 PM NPT,8021,Sahas Urja Limited,SAHAS,,,,-0.15,,,,,,,,,,,,,,683.0,,-1.0,,,,,,,7,"price_volume, live_market, summary, top_gainers, top_losers, nepse_index, supply_demand",5707
2026-08-25T14:28:44.441805+05:45,2026-08-25 14:28:44,top_losers,top_losers_232,True,cloud_automated,Tuesday - Trading Hours: 11:00 AM - 3:00 PM NPT,697,Api Power Company Ltd.,API,,,,-0.15,,,,,,,,,,,,,,330.5,,-0.5,,,,,,,7,"price_volume, live_market, summary, top_gainers, top_losers, nepse_index, supply_demand",5707
2026-08-25T14:28:44.441805+05:45,2026-08-25 14:28:44,top_losers,top_losers_233,True,cloud_automated,Tuesday - Trading Hours: 11:00 AM - 3:00 PM NPT,559,NLG Insurance Company Ltd.,NLG,,,,-0.14,,,,,,,,,,,,,,554.1,,-0.8,,,,,,,7,"price_volume, live_market, summary, top_gainers, top_losers, nepse_index, supply_demand",5707
2026-08-25T14:28:44.441805+05:45,2026-08-25 14:28:44,top_losers,top_losers_234,True,cloud_automated,Tuesday - Trading Hours: 11:00 AM - 3:00 PM NPT,9262,Trade Tower Limited,TTL,,,,-0.13,,,,,,,,,,,,,,696.1,,-0.9,,,,,,,7,"price_volume, live_market, summary, top_gainers, top_losers, nepse_index, supply_demand",5707
2026-08-25T14:28:44.441805+05:45,2026-08-25 14:28:44,top_losers,top_losers_235,True,cloud_automated,Tuesday - Trading Hours: 11:00 AM - 3:00 PM NPT,9250,Nepal Micro Insurance Company Limited,NMIC,,,,-0.12,,,,,,,,,,,,,,867.0,,-1.0,,,,,,,7,"price_volume, live_market, summary, top_gainers, top_losers, nepse_index, supply_demand",5707
2026-08-25T14:28:44.441805+05:45,2026-08-25 14:28:44,top_losers,top_losers_236,True,cloud_automated,Tuesday - Trading Hours: 11:00 AM - 3:00 PM NPT,459,Kamana Sewa Bikas Bank Limited,KSBBL,,,,-0.11,,,,,,,,,,,,,,469.5,,-0.5,,,,,,,7,"price_volume, live_market, summary, top_gainers, top_losers, nepse_index, supply_demand",5707
2026-08-25T14:28:44.441805+05:45,2026-08-25 14:28:44,top_losers,top_losers_237,True,cloud_automated,Tuesday - Trading Hours: 11:00 AM - 3:00 PM NPT,8023,Mega Mutual Fund -1,MMF1,,,,-0.11,,,,,,,,,,,,,,8.94,,-0.01,,,,,,,7,"price_volume, live_market, summary, top_gainers, top_losers, nepse_index, supply_demand",5707
2026-08-25T14:28:44.441805+05:45,2026-08-25 14:28:44,top_losers,top_losers_238,True,cloud_automated,Tuesday - Trading Hours: 11:00 AM - 3:00 PM NPT,9349,Sanima Equity Fund-2,SAEF2,,,,-0.11,,,,,,,,,,,,,,9.05,,-0.01,,,,,,,7,"price_volume, live_market, summary, top_gainers, top_losers, nepse_index, supply_demand",5707
2026-08-25T14:28:44.441805+05:45,2026-08-25 14:28:44,top_losers,top_losers_239,True,cloud_automated,Tuesday - Trading Hours: 11:00 AM - 3:00 PM NPT,2937,Sunrise Bluechip Fund,SBCF,,,,-0.11,,,,,,,,,,,,,,9.21,,-0.01,,,,,,,7,"price_volume, live_market, summary, top_gainers, top_losers, nepse_index, supply_demand",5707
2026-08-25T14:28:44.441805+05:45,2026-08-25 14:28:44,top_losers,top_losers_240,True,cloud_automated,Tuesday - Trading Hours: 11:00 AM - 3:00 PM NPT,2923,Sanima Large Cap Fund,SLCF,,,,-0.11,,,,,,,,,,,,,,9.3,,-0.01,,,,,,,7,"price_volume, live_market, summary, top_gainers, top_losers, nepse_index, supply_demand",5707
2026-08-25T14:28:44.441805+05:45,2026-08-25 14:28:44,top_losers,top_losers_241,True,cloud_automated,Tuesday - Trading Hours: 11:00 AM - 3:00 PM NPT,8074,Kumari Dhanabriddhi Yojana,KDBY,,,,-0.1,,,,,,,,,,,,,,9.98,,-0.01,,,,,,,7,"price_volume, live_market, summary, top_gainers, top_losers, nepse_index, supply_demand",5707
2026-08-25T14:28:44.441805+05:45,2026-08-25 14:28:44,top_losers,top_losers_242,True,cloud_automated,Tuesday - Trading Hours: 11:00 AM - 3:00 PM NPT,8125,NMB Sulav Investment Fund - 2,NSIF2,,,,-0.1,,,,,,,,,,,,,,10.09,,-0.01,,,,,,,7,"price_volume, live_market, summary, top_gainers, top_losers, nepse_index, supply_demand",5707
2026-08-25T14:28:44.441805+05:45,2026-08-25 14:28:44,top_losers,top_losers_243,True,cloud_automated,Tuesday - Trading Hours: 11:00 AM - 3:00 PM NPT,9178,RBB Mutual Fund 2,RMF2,,,,-0.1,,,,,,,,,,,,,,10.0,,-0.01,,,,,,,7,"price_volume, live_market, summary, top_gainers, top_losers, nepse_index, supply_demand",5707
2026-08-25T14:28:44.441805+05:45,2026-08-25 14:28:44,top_losers,top_losers_244,True,cloud_automated,Tuesday - Trading Hours: 11:00 AM - 3:00 PM NPT,235,Himalayan Distillery Limited,HDL,,,,-0.08,,,,,,,,,,,,,,1170.0,,-0.9,,,,,,,7,"price_volume, live_market, summary, top_gainers, top_losers, nepse_index, supply_demand",5707
2026-08-25T14:28:44.441805+05:45,2026-08-25 14:28:44,top_losers,top_losers_245,True,cloud_automated,Tuesday - Trading Hours: 11:00 AM - 3:00 PM NPT,9174,Prabhu Smart Fund,PRSF,,,,-0.08,,,,,,,,,,,,,,12.72,,-0.01,,,,,,,7,"price_volume, live_market, summary, top_gainers, top_losers, nepse_index, supply_demand",5707
2026-08-25T14:28:44.441805+05:45,2026-08-25 14:28:44,top_losers,top_losers_246,True,cloud_automated,Tuesday - Trading Hours: 11:00 AM - 3:00 PM NPT,210,Citizen Investment Trust,CIT,,,,-0.06,,,,,,,,,,,,,,1680.0,,-1.0,,,,,,,7,"price_volume, live_market, summary, top_gainers, top_losers, nepse_index, supply_demand",5707
2026-08-25T14:28:44.441805+05:45,2026-08-25 14:28:44,top_losers,top_losers_247,True,cloud_automated,Tuesday - Trading Hours: 11:00 AM - 3:00 PM NPT,255,Prabhu  Bank Limited,PRVU,,,,-0.06,,,,,,,,,,,,,,181.0,,-0.1,,,,,,,7,"price_volume, live_market, summary, top_gainers, top_losers, nepse_index, supply_demand",5707
2026-08-25T14:28:44.441805+05:45,2026-08-25 14:28:44,top_losers,top_losers_248,True,cloud_automated,Tuesday - Trading Hours: 11:00 AM - 3:00 PM NPT,132,Nepal Investment Mega Bank Limited,NIMB,,,,-0.05,,,,,,,,,,,,,,185.9,,-0.1,,,,,,,7,"price_volume, live_market, summary, top_gainers, top_losers, nepse_index, supply_demand",5707
2026-08-25T14:28:44.441805+05:45,2026-08-25 14:28:44,top_losers,top_losers_249,True,cloud_automated,Tuesday - Trading Hours: 11:00 AM - 3:00 PM NPT,5982,Sanima Reliance Life Insurance Limited,SRLI,,,,-0.03,,,,,,,,,,,,,,364.3,,-0.1,,,,,,,7,"price_volume, live_market, summary, top_gainers, top_losers, nepse_index, supply_demand",5707
2026-08-25T14:28:44.441805+05:45,2026-08-25 14:28:44,top_losers,top_losers_250,True,cloud_automated,Tuesday - Trading Hours: 11:00 AM - 3:00 PM NPT,9256,Om Megashree Pharmaceuticals Limited,OMPL,,,,-0.01,,,,,,,,,,,,,,892.9,,-0.1,,,,,,,7,"price_volume, live_market, summary, top_gainers, top_losers, nepse_index, supply_demand",5707
2026-08-25T14:28:44.441805+05:45,2026-08-25 14:28:44,nepse_index,nepse_index_summary,True,cloud_automated,Tuesday - Trading Hours: 11:00 AM - 3:00 PM NPT,,,,,,,,,,,,,,,,,,,,,,,,"{'id': 57, 'auditId': None, 'exchangeIndexId': None, 'generatedTime': '2026-08-25T14:28:00.507', 'index': 'Sensitive Index', 'close': 458.19, 'high': 460.1723, 'low': 456.8456, 'previousClose': 458.1866, 'change': -1.26, 'perChange': -0.27, 'fiftyTwoWeekHigh': 507.0, 'fiftyTwoWeekLow': 435.29, 'currentValue': 456.92}","{'id': 63, 'auditId': None, 'exchangeIndexId': None, 'generatedTime': '2026-08-25T14:28:00.507', 'index': 'Sensitive Float Index', 'close': 154.81, 'high': 155.381, 'low': 154.3072, 'previousClose': 154.8132, 'change': -0.44, 'perChange': -0.28, 'fiftyTwoWeekHigh': 173.41, 'fiftyTwoWeekLow': 147.61, 'currentValue': 154.36}","{'id': 62, 'auditId': None, 'exchangeIndexId': None, 'generatedTime': '2026-08-25T14:28:00.507', 'index': 'Float Index', 'close': 178.42, 'high': 178.9841, 'low': 177.6946, 'previousClose': 178.4243, 'change': -0.65, 'perChange': -0.36, 'fiftyTwoWeekHigh': 204.21, 'fiftyTwoWeekLow': 170.58, 'currentValue': 177.76}","{'id': 58, 'auditId': None, 'exchangeIndexId': None, 'generatedTime': '2026-08-25T14:28:00.507', 'index': 'NEPSE Index', 'close': 2599.58, 'high': 2608.7368, 'low': 2589.898, 'previousClose': 2599.5842, 'change': -9.1, 'perChange': -0.35, 'fiftyTwoWeekHigh': 2960.4, 'fiftyTwoWeekLow': 2487.18, 'currentValue': 2590.47}",,,7,"price_volume, live_market, summary, top_gainers, top_losers, nepse_index, supply_demand",5707
2026-08-25T14:28:44.441805+05:45,2026-08-25 14:28:44,supply_demand,supply_demand_summary,True,cloud_automated,Tuesday - Trading Hours: 11:00 AM - 3:00 PM NPT,,,,,,,,,,,,,,,,,,,,,,,,,,,,"[{'totalQuantity': 1385655, 'totalOrder': 5, 'securityId': 9174, 'symbol': 'PRSF', 'securityName': 'Prabhu Smart Fund'}, {'totalQuantity': 308765, 'totalOrder': 12, 'securityId': 8106, 'symbol': 'GIBF1', 'securityName': 'Global IME Balanced Fund-1'}, {'totalQuantity': 302319, 'totalOrder': 6, 'securityId': 8074, 'symbol': 'KDBY', 'securityName': 'Kumari Dhanabriddhi Yojana'}, {'totalQuantity': 274327, 'totalOrder': 10, 'securityId': 9182, 'symbol': 'SIGS3', 'securityName': 'Siddhartha Investment Growth Scheme 3'}, {'totalQuantity': 220500, 'totalOrder': 5, 'securityId': 8125, 'symbol': 'NSIF2', 'securityName': 'NMB Sulav Investment Fund - 2'}, {'totalQuantity': 200639, 'totalOrder': 8, 'securityId': 9156, 'symbol': 'TAMOR', 'securityName': 'Sanima Middle Tamor Hydropower Limited'}, {'totalQuantity': 193772, 'totalOrder': 6, 'securityId': 2767, 'symbol': 'HPPL', 'securityName': 'Himalayan Power Partner Ltd.'}, {'totalQuantity': 185314, 'totalOrder': 8, 'securityId': 2788, 'symbol': 'AKJCL', 'securityName': 'Ankhu Khola Jalvidhyut Company Ltd'}, {'totalQuantity': 139700, 'totalOrder': 10, 'securityId': 9259, 'symbol': 'RSY', 'securityName': 'Reliable Samriddhi Yojana'}, {'totalQuantity': 136805, 'totalOrder': 14, 'securityId': 142, 'symbol': 'KBL', 'securityName': 'Kumari Bank Limited'}, {'totalQuantity': 130522, 'totalOrder': 8, 'securityId': 610, 'symbol': 'RIDI', 'securityName': 'Ridi Power Company Limited'}, {'totalQuantity': 129391, 'totalOrder': 10, 'securityId': 9311, 'symbol': 'SOHL', 'securityName': 'Solu Hydropower Limited'}, {'totalQuantity': 110487, 'totalOrder': 11, 'securityId': 697, 'symbol': 'API', 'securityName': 'Api Power Company Ltd.'}, {'totalQuantity': 108170, 'totalOrder': 8, 'securityId': 2743, 'symbol': 'NGPL', 'securityName': 'Ngadi Group Power Ltd.'}, {'totalQuantity': 106300, 'totalOrder': 6, 'securityId': 2867, 'symbol': 'NMB50', 'securityName': 'NMB 50'}, {'totalQuantity': 105100, 'totalOrder': 3, 'securityId': 9154, 'symbol': 'SFEF', 'securityName': 'Sunrise Focused Equity Fund'}, {'totalQuantity': 93434, 'totalOrder': 9, 'securityId': 255, 'symbol': 'PRVU', 'securityName': 'Prabhu  Bank Limited'}, {'totalQuantity': 90756, 'totalOrder': 13, 'securityId': 517, 'symbol': 'NBL', 'securityName': 'Nepal Bank Limited'}, {'totalQuantity': 89171, 'totalOrder': 9, 'securityId': 8055, 'symbol': 'BHL', 'securityName': 'Balephi Hydropower Limited'}, {'totalQuantity': 87124, 'totalOrder': 6, 'securityId': 2859, 'symbol': 'SIGS2', 'securityName': 'Siddhartha Investment Growth Scheme - 2'}, {'totalQuantity': 83500, 'totalOrder': 9, 'securityId': 9221, 'symbol': 'H8020', 'securityName': 'Himalayan 80-20'}, {'totalQuantity': 83108, 'totalOrder': 7, 'securityId': 2751, 'symbol': 'KKHC', 'securityName': 'Khanikhola Hydropower Co. Ltd.'}, {'totalQuantity': 80137, 'totalOrder': 7, 'securityId': 152, 'symbol': 'NHPC', 'securityName': 'National Hydro Power Company Limited'}, {'totalQuantity': 77665, 'totalOrder': 6, 'securityId': 8023, 'symbol': 'MMF1', 'securityName': 'Mega Mutual Fund -1'}, {'totalQuantity': 75464, 'totalOrder': 8, 'securityId': 2810, 'symbol': 'UPCL', 'securityName': 'UNIVERSAL POWER COMPANY LTD'}, {'totalQuantity': 75122, 'totalOrder': 6, 'securityId': 2760, 'symbol': 'UMHL', 'securityName': 'United Modi Hydropower Ltd.'}, {'totalQuantity': 75042, 'totalOrder': 8, 'securityId': 171, 'symbol': 'SANIMA', 'securityName': 'Sanima Bank Limited'}, {'totalQuantity': 73689, 'totalOrder': 13, 'securityId': 8021, 'symbol': 'SAHAS', 'securityName': 'Sahas Urja Limited'}, {'totalQuantity': 73060, 'totalOrder': 7, 'securityId': 4947, 'symbol': 'PSF', 'securityName': 'Prabhu Select Fund'}, {'totalQuantity': 69100, 'totalOrder': 6, 'securityId': 2770, 'symbol': 'SEF', 'securityName': 'Siddhartha Equity Fund'}, {'totalQuantity': 66879, 'totalOrder': 27, 'securityId': 2792, 'symbol': 'UPPER', 'securityName': 'Upper Tamakoshi Hydropower Ltd'}, {'totalQuantity': 65120, 'totalOrder': 10, 'securityId': 9208, 'symbol': 'ULHC', 'securityName': 'Upper Lohore Khola Hydropower Company Limited'}, {'totalQuantity': 64460, 'totalOrder': 12, 'securityId': 2907, 'symbol': 'SSHL', 'securityName': 'Shiva Shree Hydropower Ltd'}, {'totalQuantity': 63648, 'totalOrder': 7, 'securityId': 9245, 'symbol': 'MNMF1', 'securityName': 'Muktinath Mutual Fund 1'}, {'totalQuantity': 63440, 'totalOrder': 15, 'securityId': 357, 'symbol': 'PCBL', 'securityName': 'Prime Commercial Bank Ltd.'}, {'totalQuantity': 63191, 'totalOrder': 9, 'securityId': 341, 'symbol': 'GBIME', 'securityName': 'Global IME Bank Limited'}, {'totalQuantity': 62412, 'totalOrder': 6, 'securityId': 188, 'symbol': 'LICN', 'securityName': 'Life Insurance Corporation (Nepal) Limited'}, {'totalQuantity': 61101, 'totalOrder': 16, 'securityId': 2903, 'symbol': 'LEC', 'securityName': 'Liberty Energy Company Limited'}, {'totalQuantity': 59273, 'totalOrder': 16, 'securityId': 9267, 'symbol': 'BHCL', 'securityName': 'Bikash Hydropower Company Limited'}, {'totalQuantity': 58800, 'totalOrder': 6, 'securityId': 9138, 'symbol': 'NIBLGF', 'securityName': 'NIBL Growth Fund'}, {'totalQuantity': 57570, 'totalOrder': 5, 'securityId': 360, 'symbol': 'AHPC', 'securityName': 'Arun Valley Hydropower Development Co. Ltd.'}, {'totalQuantity': 56414, 'totalOrder': 7, 'securityId': 132, 'symbol': 'NIMB', 'securityName': 'Nepal Investment Mega Bank Limited'}, {'totalQuantity': 55730, 'totalOrder': 5, 'securityId': 238, 'symbol': 'NMB', 'securityName': 'NMB Bank Limited'}, {'totalQuantity': 55430, 'totalOrder': 6, 'securityId': 245, 'symbol': 'CFCL', 'securityName': 'Central Finance Co. Ltd.'}, {'totalQuantity': 55187, 'totalOrder': 7, 'securityId': 9146, 'symbol': 'SMHL', 'securityName': 'Super Madi Hydropower Limited'}, {'totalQuantity': 53862, 'totalOrder': 6, 'securityId': 2757, 'symbol': 'AKPL', 'securityName': 'Arun Kabeli Power Ltd.'}, {'totalQuantity': 53862, 'totalOrder': 22, 'securityId': 2880, 'symbol': 'HDHPC', 'securityName': 'Himal Dolakha Hydropower Company Limited'}, {'totalQuantity': 52807, 'totalOrder': 10, 'securityId': 135, 'symbol': 'SBI', 'securityName': 'Nepal SBI Bank Limited'}, {'totalQuantity': 52257, 'totalOrder': 5, 'securityId': 8111, 'symbol': 'HIDCLP', 'securityName': 'Hydorelectricity Investment and Development Company Limited Promoter'}, {'totalQuantity': 51493, 'totalOrder': 11, 'securityId': 147, 'symbol': 'SHL', 'securityName': 'Soaltee Hotel Limited'}, {'totalQuantity': 49917, 'totalOrder': 7, 'securityId': 591, 'symbol': 'SHPC', 'securityName': 'Sanima Mai Hydropower Ltd.'}, {'totalQuantity': 49149, 'totalOrder': 11, 'securityId': 140, 'symbol': 'MBL', 'securityName': 'Machhapuchhre Bank Limited'}, {'totalQuantity': 48935, 'totalOrder': 8, 'securityId': 9306, 'symbol': 'RSML', 'securityName': 'Reliance Spinning Mills Limited'}, {'totalQuantity': 48404, 'totalOrder': 11, 'securityId': 2934, 'symbol': 'SHEL', 'securityName': 'Singati Hydro Energy Limited'}, {'totalQuantity': 44380, 'totalOrder': 7, 'securityId': 8073, 'symbol': 'NICFC', 'securityName': 'NIC Asia Flexi CAP Fund'}, {'totalQuantity': 43262, 'totalOrder': 13, 'securityId': 307, 'symbol': 'NTC', 'securityName': 'Nepal Doorsanchar Company Limited'}, {'totalQuantity': 43220, 'totalOrder': 8, 'securityId': 145, 'symbol': 'SBL', 'securityName': 'Siddhartha Bank Limited'}, {'totalQuantity': 43059, 'totalOrder': 15, 'securityId': 9201, 'symbol': 'SNLI', 'securityName': 'Sun Nepal Life Insurance Company Limited'}, {'totalQuantity': 42626, 'totalOrder': 12, 'securityId': 348, 'symbol': 'CZBIL', 'securityName': 'Citizens Bank International Limited'}, {'totalQuantity': 42407, 'totalOrder': 8, 'securityId': 2776, 'symbol': 'RADHI', 'securityName': 'Radhi Bidyut Company Ltd'}, {'totalQuantity': 42249, 'totalOrder': 5, 'securityId': 8099, 'symbol': 'UHEWA', 'securityName': 'Upper Hewakhola Hydropower Company Limited'}, {'totalQuantity': 41364, 'totalOrder': 21, 'securityId': 9166, 'symbol': 'MAKAR', 'securityName': 'Makar Jitumaya Suri Hydropower Limited'}, {'totalQuantity': 40485, 'totalOrder': 14, 'securityId': 9199, 'symbol': 'RNLI', 'securityName': 'Reliable Nepal Life Insurance Limited'}, {'totalQuantity': 40077, 'totalOrder': 10, 'securityId': 141, 'symbol': 'LSL', 'securityName': 'Laxmi Sunrise Bank Limited'}, {'totalQuantity': 39504, 'totalOrder': 7, 'securityId': 9173, 'symbol': 'CITY', 'securityName': 'City Hotel Limited'}, {'totalQuantity': 39224, 'totalOrder': 15, 'securityId': 8031, 'symbol': 'MBJC', 'securityName': 'Madhya Bhotekoshi Jalavidyut Company Limited'}, {'totalQuantity': 37845, 'totalOrder': 13, 'securityId': 2919, 'symbol': 'NIFRA', 'securityName': 'Nepal Infrastructure Bank Limited'}, {'totalQuantity': 37280, 'totalOrder': 6, 'securityId': 8024, 'symbol': 'NBF3', 'securityName': 'Nabil Balanced Fund-3'}, {'totalQuantity': 36000, 'totalOrder': 2, 'securityId': 9257, 'symbol': 'MBLEF', 'securityName': 'MBL Equity Fund'}, {'totalQuantity': 35230, 'totalOrder': 6, 'securityId': 9203, 'symbol': 'MEHL', 'securityName': 'Manakamana Engineering Hydropower Limited'}, {'totalQuantity': 33617, 'totalOrder': 5, 'securityId': 2806, 'symbol': 'GHL', 'securityName': 'Ghalemdi Hydro Limited'}, {'totalQuantity': 33260, 'totalOrder': 7, 'securityId': 686, 'symbol': 'BARUN', 'securityName': 'Barun Hydropower Co. Ltd.'}, {'totalQuantity': 33039, 'totalOrder': 5, 'securityId': 274, 'symbol': 'EDBL', 'securityName': 'Excel Development Bank Ltd.'}, {'totalQuantity': 32544, 'totalOrder': 11, 'securityId': 2913, 'symbol': 'MEN', 'securityName': 'Mountain Energy Nepal Limited'}, {'totalQuantity': 32178, 'totalOrder': 7, 'securityId': 8133, 'symbol': 'PHCL', 'securityName': 'Peoples Hydropower Company Limited'}, {'totalQuantity': 31652, 'totalOrder': 12, 'securityId': 8108, 'symbol': 'RHGCL', 'securityName': 'Rapti Hydro And General Construction Limited'}, {'totalQuantity': 31349, 'totalOrder': 6, 'securityId': 2742, 'symbol': 'HIDCL', 'securityName': 'Hydorelectricity Investment and Development Company Ltd'}, {'totalQuantity': 30624, 'totalOrder': 25, 'securityId': 134, 'symbol': 'HBL', 'securityName': 'Himalayan Bank Limited'}, {'totalQuantity': 30396, 'totalOrder': 6, 'securityId': 9139, 'symbol': 'SAGF', 'securityName': 'Sanima Growth Fund'}, {'totalQuantity': 30350, 'totalOrder': 5, 'securityId': 2809, 'symbol': 'SHIVM', 'securityName': 'SHIVAM CEMENTS LTD'}, {'totalQuantity': 28838, 'totalOrder': 21, 'securityId': 417, 'symbol': 'GBBL', 'securityName': 'Garima Bikas Bank Limited'}, {'totalQuantity': 27233, 'totalOrder': 14, 'securityId': 8070, 'symbol': 'DORDI', 'securityName': 'Dordi Khola Jal Bidyut Company Limited'}, {'totalQuantity': 26845, 'totalOrder': 7, 'securityId': 2898, 'symbol': 'NRN', 'securityName': 'NRN Infrastructure and Development Limited'}, {'totalQuantity': 26450, 'totalOrder': 11, 'securityId': 401, 'symbol': 'MLBL', 'securityName': 'Mahalaxmi Bikas Bank Ltd.'}, {'totalQuantity': 25955, 'totalOrder': 11, 'securityId': 474, 'symbol': 'MNBBL', 'securityName': 'Muktinath Bikas Bank Ltd.'}, {'totalQuantity': 25604, 'totalOrder': 9, 'securityId': 2908, 'symbol': 'SGIC', 'securityName': 'Sanima GIC Insurance Limited'}, {'totalQuantity': 25505, 'totalOrder': 5, 'securityId': 9176, 'symbol': 'IHL', 'securityName': 'Ingwa Hydropower Limited'}, {'totalQuantity': 25086, 'totalOrder': 9, 'securityId': 2835, 'symbol': 'NBF2', 'securityName': 'NABIL BALANCED FUND-2'}, {'totalQuantity': 25044, 'totalOrder': 18, 'securityId': 397, 'symbol': 'ADBL', 'securityName': 'Agricultural Development Bank Limited'}, {'totalQuantity': 24809, 'totalOrder': 9, 'securityId': 187, 'symbol': 'NLIC', 'securityName': 'Nepal Life Insurance Co. Ltd.'}, {'totalQuantity': 24707, 'totalOrder': 8, 'securityId': 2759, 'symbol': 'SPDL', 'securityName': 'Synergy Power Development Ltd.'}, {'totalQuantity': 24656, 'totalOrder': 8, 'securityId': 8100, 'symbol': 'SGHC', 'securityName': 'Swet-Ganga Hydropower & Construction Limited '}, {'totalQuantity': 24316, 'totalOrder': 9, 'securityId': 137, 'symbol': 'EBL', 'securityName': 'Everest Bank Limited'}, {'totalQuantity': 24137, 'totalOrder': 6, 'securityId': 154, 'symbol': 'CHCL', 'securityName': 'Chilime Hydropower Company Limited'}, {'totalQuantity': 23942, 'totalOrder': 6, 'securityId': 2789, 'symbol': 'JOSHI', 'securityName': 'Joshi Hydropower Development Company Ltd'}, {'totalQuantity': 23275, 'totalOrder': 5, 'securityId': 4967, 'symbol': 'NICSF', 'securityName': 'NIC Asia Select Fund 30'}, {'totalQuantity': 23039, 'totalOrder': 11, 'securityId': 2881, 'symbol': 'NRIC', 'securityName': 'Nepal Reinsurance Company Limited'}, {'totalQuantity': 22961, 'totalOrder': 6, 'securityId': 587, 'symbol': 'RLFL', 'securityName': 'Reliance Finance Ltd.'}, {'totalQuantity': 22958, 'totalOrder': 18, 'securityId': 5982, 'symbol': 'SRLI', 'securityName': 'Sanima Reliance Life Insurance Limited'}, {'totalQuantity': 22936, 'totalOrder': 15, 'securityId': 131, 'symbol': 'NABIL', 'securityName': 'Nabil Bank Limited'}, {'totalQuantity': 22392, 'totalOrder': 6, 'securityId': 153, 'symbol': 'BPCL', 'securityName': 'Butwal Power Company Limited'}, {'totalQuantity': 22329, 'totalOrder': 7, 'securityId': 8076, 'symbol': 'HHL', 'securityName': 'Himalayan Hydropower Limited'}, {'totalQuantity': 22320, 'totalOrder': 7, 'securityId': 227, 'symbol': 'BFC', 'securityName': 'Best Finance Company Ltd.'}, {'totalQuantity': 22020, 'totalOrder': 65, 'securityId': 9345, 'symbol': 'SGHL', 'securityName': 'Sanigad Hydro Limited'}, {'totalQuantity': 21942, 'totalOrder': 10, 'securityId': 2841, 'symbol': 'RHPL', 'securityName': 'RASUWAGADHI HYDROPOWER COMPANY LIMITED'}, {'totalQuantity': 21772, 'totalOrder': 5, 'securityId': 516, 'symbol': 'MFIL', 'securityName': 'Manjushree Finance Ltd.'}, {'totalQuantity': 21543, 'totalOrder': 7, 'securityId': 2824, 'symbol': 'HURJA', 'securityName': 'Himalaya Urja Bikas Company Limited'}, {'totalQuantity': 21520, 'totalOrder': 7, 'securityId': 9304, 'symbol': 'CSY', 'securityName': 'Citizens Santulit Yojana'}, {'totalQuantity': 21178, 'totalOrder': 6, 'securityId': 8122, 'symbol': 'PPL', 'securityName': ""People's Power Limited""}, {'totalQuantity': 21093, 'totalOrder': 9, 'securityId': 139, 'symbol': 'NICA', 'securityName': 'NIC Asia Bank Ltd.'}, {'totalQuantity': 20630, 'totalOrder': 21, 'securityId': 9179, 'symbol': 'MEL', 'securityName': 'Modi Energy Limited'}, {'totalQuantity': 20529, 'totalOrder': 10, 'securityId': 9159, 'symbol': 'SMJC', 'securityName': 'Sagarmatha Jalabidhyut Company Limited'}, {'totalQuantity': 20484, 'totalOrder': 14, 'securityId': 9209, 'symbol': 'CLI', 'securityName': 'Citizen Life Insurance Company Limited'}, {'totalQuantity': 19625, 'totalOrder': 11, 'securityId': 8131, 'symbol': 'EHPL', 'securityName': 'Eastern Hydropower Limited'}, {'totalQuantity': 19413, 'totalOrder': 13, 'securityId': 472, 'symbol': 'SADBL', 'securityName': 'Shangrila Development Bank Ltd.'}, {'totalQuantity': 19309, 'totalOrder': 5, 'securityId': 358, 'symbol': 'LBBL', 'securityName': 'Lumbini Bikas Bank Ltd.'}, {'totalQuantity': 19259, 'totalOrder': 15, 'securityId': 9234, 'symbol': 'HRL', 'securityName': 'Himalayan Reinsurance Limited'}, {'totalQuantity': 19081, 'totalOrder': 6, 'securityId': 235, 'symbol': 'HDL', 'securityName': 'Himalayan Distillery Limited'}, {'totalQuantity': 18631, 'totalOrder': 9, 'securityId': 9216, 'symbol': 'SONA', 'securityName': 'Sonapur Minerals And Oil Limited'}, {'totalQuantity': 18618, 'totalOrder': 9, 'securityId': 8022, 'symbol': 'TPC', 'securityName': 'Terhathum Power Company Limited'}, {'totalQuantity': 18475, 'totalOrder': 14, 'securityId': 8045, 'symbol': 'GVL', 'securityName': 'Green Ventures Limited'}, {'totalQuantity': 18368, 'totalOrder': 14, 'securityId': 9170, 'symbol': 'DOLTI', 'securityName': 'Dolti Power Company Limited'}, {'totalQuantity': 18359, 'totalOrder': 11, 'securityId': 9303, 'symbol': 'SYPNL', 'securityName': 'SY Panel Nepal Limited'}, {'totalQuantity': 18257, 'totalOrder': 6, 'securityId': 459, 'symbol': 'KSBBL', 'securityName': 'Kamana Sewa Bikas Bank Limited'}, {'totalQuantity': 18068, 'totalOrder': 10, 'securityId': 180, 'symbol': 'UAIL', 'securityName': 'United Ajod Insurance Limited'}, {'totalQuantity': 18052, 'totalOrder': 5, 'securityId': 9302, 'symbol': 'RBBF40', 'securityName': 'RBB Focus 40'}, {'totalQuantity': 17818, 'totalOrder': 8, 'securityId': 418, 'symbol': 'JBBL', 'securityName': 'Jyoti Bikas Bank Limited'}, {'totalQuantity': 17730, 'totalOrder': 19, 'securityId': 9336, 'symbol': 'SOPL', 'securityName': 'Sopan Pharmaceuticals Limited'}, {'totalQuantity': 17551, 'totalOrder': 7, 'securityId': 371, 'symbol': 'MDB', 'securityName': 'Miteri Development Bank Limited'}, {'totalQuantity': 17522, 'totalOrder': 9, 'securityId': 393, 'symbol': 'HLI', 'securityName': 'Himalayan Life Insurance Limited'}, {'totalQuantity': 17220, 'totalOrder': 9, 'securityId': 9296, 'symbol': 'BUNGAL', 'securityName': 'Bungal Hydro Limited'}, {'totalQuantity': 16791, 'totalOrder': 7, 'securityId': 2831, 'symbol': 'UNHPL', 'securityName': 'Union Hydropower Limited'}, {'totalQuantity': 16755, 'totalOrder': 6, 'securityId': 2786, 'symbol': 'PMHPL', 'securityName': 'Panchakanya Mai Hydropower Ltd'}, {'totalQuantity': 16340, 'totalOrder': 14, 'securityId': 9348, 'symbol': 'SEF2', 'securityName': 'Siddhartha Equity Fund 2'}, {'totalQuantity': 16303, 'totalOrder': 15, 'securityId': 9330, 'symbol': 'PCIL', 'securityName': 'Palpa Cement Industries Limited'}, {'totalQuantity': 16200, 'totalOrder': 4, 'securityId': 9191, 'symbol': 'C30MF', 'securityName': 'Citizens Super 30 Mutual Fund'}, {'totalQuantity': 16027, 'totalOrder': 9, 'securityId': 186, 'symbol': 'IGI', 'securityName': 'IGI Prudential insurance Limited'}, {'totalQuantity': 15964, 'totalOrder': 6, 'securityId': 263, 'symbol': 'GMFIL', 'securityName': 'Guheshowori Merchant Bank & Finance Co. Ltd.'}, {'totalQuantity': 15928, 'totalOrder': 5, 'securityId': 2860, 'symbol': 'SAPDBL', 'securityName': 'Saptakoshi Development Bank Ltd'}, {'totalQuantity': 15324, 'totalOrder': 17, 'securityId': 9324, 'symbol': 'RLEL', 'securityName': 'Ridge Line Energy Limited'}, {'totalQuantity': 15061, 'totalOrder': 7, 'securityId': 9175, 'symbol': 'MCHL', 'securityName': 'Menchhiyam Hydropower Limited'}, {'totalQuantity': 14771, 'totalOrder': 7, 'securityId': 2924, 'symbol': 'GLH', 'securityName': 'GreenLife Hydropower Limited'}, {'totalQuantity': 14707, 'totalOrder': 7, 'securityId': 9308, 'symbol': 'HFIN', 'securityName': 'Hotel Forest Inn Limited'}, {'totalQuantity': 14449, 'totalOrder': 8, 'securityId': 178, 'symbol': 'NLICL', 'securityName': 'National Life Insurance Co. Ltd.'}, {'totalQuantity': 14000, 'totalOrder': 6, 'securityId': 179, 'symbol': 'HEI', 'securityName': 'Himalayan Everest Insurance Limited'}, {'totalQuantity': 13842, 'totalOrder': 30, 'securityId': 9346, 'symbol': 'KAHL', 'securityName': 'Kalanga Hydro Limited'}, {'totalQuantity': 13739, 'totalOrder': 2, 'securityId': 2877, 'symbol': 'SFMF', 'securityName': 'Sunrise First Mutual Fund'}, {'totalQuantity': 13577, 'totalOrder': 7, 'securityId': 9218, 'symbol': 'TVCL', 'securityName': 'Trishuli Jal Vidhyut Company Limited '}, {'totalQuantity': 13433, 'totalOrder': 6, 'securityId': 3946, 'symbol': 'CHDC', 'securityName': 'CEDB Holdings Limited'}, {'totalQuantity': 12711, 'totalOrder': 6, 'securityId': 469, 'symbol': 'NIMBPO', 'securityName': 'Nepal Investment Mega Bank Ltd. Promoter Share'}, {'totalQuantity': 12658, 'totalOrder': 16, 'securityId': 9344, 'symbol': 'SNORL', 'securityName': 'Snow Rivers Limited'}, {'totalQuantity': 12653, 'totalOrder': 13, 'securityId': 9149, 'symbol': 'MKHC', 'securityName': 'Maya Khola Hydropower Company Limited'}, {'totalQuantity': 12648, 'totalOrder': 7, 'securityId': 9171, 'symbol': 'BEDC', 'securityName': 'Bhugol Energy Development Company Limited'}, {'totalQuantity': 12584, 'totalOrder': 5, 'securityId': 8126, 'symbol': 'SIKLES', 'securityName': 'Sikles Hydropower Limited'}, {'totalQuantity': 12496, 'totalOrder': 9, 'securityId': 9323, 'symbol': 'SKHL', 'securityName': 'Super Khudi Hydropower Limited'}, {'totalQuantity': 12258, 'totalOrder': 8, 'securityId': 8066, 'symbol': 'RFPL', 'securityName': 'River Falls Power Limited'}, {'totalQuantity': 12032, 'totalOrder': 6, 'securityId': 204, 'symbol': 'GUFL', 'securityName': 'Gurkhas Finance Ltd.'}, {'totalQuantity': 11736, 'totalOrder': 12, 'securityId': 9242, 'symbol': 'SARBTM', 'securityName': 'Sarbottam Cement Limited'}, {'totalQuantity': 11608, 'totalOrder': 13, 'securityId': 9343, 'symbol': 'TPKHL', 'securityName': 'Taksar Pikhuwa Khola Hydropower Limited'}, {'totalQuantity': 11552, 'totalOrder': 6, 'securityId': 450, 'symbol': 'CORBL', 'securityName': 'Corporate Development Bank Limited'}, {'totalQuantity': 11480, 'totalOrder': 7, 'securityId': 9351, 'symbol': 'RSY2', 'securityName': 'Reliable Samriddhi Yojana -2'}, {'totalQuantity': 11465, 'totalOrder': 10, 'securityId': 8032, 'symbol': 'BNHC', 'securityName': 'Buddha Bhumi Nepal Hydropower Company Limited'}, {'totalQuantity': 11449, 'totalOrder': 7, 'securityId': 2811, 'symbol': 'MHNL', 'securityName': 'Mountain Hydro Nepal Limited'}, {'totalQuantity': 11396, 'totalOrder': 11, 'securityId': 9148, 'symbol': 'SMH', 'securityName': 'Super Mai Hydropower Limited'}, {'totalQuantity': 11306, 'totalOrder': 7, 'securityId': 2842, 'symbol': 'SJCL', 'securityName': 'SANJEN JALAVIDHYUT COMPANY LIMITED'}, {'totalQuantity': 11295, 'totalOrder': 17, 'securityId': 9301, 'symbol': 'SAIL', 'securityName': 'Shreenagar Agritech Industries Limited'}, {'totalQuantity': 11029, 'totalOrder': 7, 'securityId': 133, 'symbol': 'SCB', 'securityName': 'Standard Chartered Bank Limited'}, {'totalQuantity': 10959, 'totalOrder': 9, 'securityId': 9322, 'symbol': 'BJHL', 'securityName': 'Bhujung Hydropower Limited'}, {'totalQuantity': 10891, 'totalOrder': 8, 'securityId': 559, 'symbol': 'NLG', 'securityName': 'NLG Insurance Company Ltd.'}, {'totalQuantity': 10836, 'totalOrder': 7, 'securityId': 561, 'symbol': 'SINDU', 'securityName': 'Sindhu Bikash Bank Ltd'}, {'totalQuantity': 10772, 'totalOrder': 13, 'securityId': 9297, 'symbol': 'BANDIPUR', 'securityName': 'Bandipur Cablecar and Tourism Limited'}, {'totalQuantity': 10757, 'totalOrder': 8, 'securityId': 473, 'symbol': 'SHINE', 'securityName': 'Shine Resunga Development Bank Ltd.'}, {'totalQuantity': 10715, 'totalOrder': 15, 'securityId': 9352, 'symbol': 'MEPDL', 'securityName': 'Mount Everest Power Development Limited'}, {'totalQuantity': 10710, 'totalOrder': 8, 'securityId': 8005, 'symbol': 'MKJC', 'securityName': 'Mailung Khola Jal Vidhyut Company Limited'}, {'totalQuantity': 10654, 'totalOrder': 10, 'securityId': 9263, 'symbol': 'SANVI', 'securityName': 'Sanvi Energy Limited'}, {'totalQuantity': 10487, 'totalOrder': 8, 'securityId': 385, 'symbol': 'ALICL', 'securityName': 'Asian Life Insurance Co. Limited'}, {'totalQuantity': 10482, 'totalOrder': 9, 'securityId': 8075, 'symbol': 'BHDC', 'securityName': 'Bindhyabasini Hydropower Development Company Limited'}, {'totalQuantity': 10206, 'totalOrder': 7, 'securityId': 8065, 'symbol': 'CYCL', 'securityName': 'CYC Nepal Laghubitta Bittiya Sanstha Limited'}, {'totalQuantity': 10200, 'totalOrder': 3, 'securityId': 2863, 'symbol': 'NICBF', 'securityName': 'NIC Asia Balanced Fund'}, {'totalQuantity': 10173, 'totalOrder': 15, 'securityId': 403, 'symbol': 'SJLIC', 'securityName': 'SuryaJyoti Life Insurance Company Limited'}, {'totalQuantity': 9943, 'totalOrder': 11, 'securityId': 2914, 'symbol': 'UMRH', 'securityName': 'United IDI Mardi RB Hydropower Limited.'}, {'totalQuantity': 9891, 'totalOrder': 7, 'securityId': 2807, 'symbol': 'ALBSL', 'securityName': 'Asha Laghubitta Bittiya Sanstha Ltd'}, {'totalQuantity': 9682, 'totalOrder': 7, 'securityId': 9213, 'symbol': 'HATHY', 'securityName': 'Hathway Investment Nepal Limited'}, {'totalQuantity': 9440, 'totalOrder': 2, 'securityId': 2933, 'symbol': 'KEF', 'securityName': 'Kumari Equity Fund'}, {'totalQuantity': 9348, 'totalOrder': 10, 'securityId': 9135, 'symbol': 'BHPL', 'securityName': 'Barahi Hydropower Public Limited'}, {'totalQuantity': 9312, 'totalOrder': 8, 'securityId': 2766, 'symbol': 'CHL', 'securityName': 'Chhyangdi Hydropower Ltd.'}, {'totalQuantity': 9105, 'totalOrder': 15, 'securityId': 9329, 'symbol': 'SIPD', 'securityName': 'Shikhar power Development Limited'}, {'totalQuantity': 8989, 'totalOrder': 16, 'securityId': 8104, 'symbol': 'USHEC', 'securityName': 'Upper Solu Hydro Electric Company Limited'}, {'totalQuantity': 8895, 'totalOrder': 7, 'securityId': 232, 'symbol': 'GFCL', 'securityName': 'Goodwill Finance Limited'}, {'totalQuantity': 8855, 'totalOrder': 7, 'securityId': 2787, 'symbol': 'KPCL', 'securityName': 'Kalika power Company Ltd'}, {'totalQuantity': 8625, 'totalOrder': 6, 'securityId': 2754, 'symbol': 'DHPL', 'securityName': 'Dibyashwori Hydropower Ltd.'}, {'totalQuantity': 8451, 'totalOrder': 8, 'securityId': 338, 'symbol': 'PROFL', 'securityName': 'Progressive Finance Limited'}, {'totalQuantity': 8187, 'totalOrder': 6, 'securityId': 2813, 'symbol': 'PPCL', 'securityName': 'Panchthar Power Compant Limited'}, {'totalQuantity': 7928, 'totalOrder': 14, 'securityId': 164, 'symbol': 'CBBL', 'securityName': 'Chhimek Laghubitta Bittiya Sanstha Limited'}, {'totalQuantity': 7898, 'totalOrder': 16, 'securityId': 9252, 'symbol': 'CREST', 'securityName': 'Crest Micro Life Insurance Limited'}, {'totalQuantity': 7771, 'totalOrder': 6, 'securityId': 8041, 'symbol': 'NESDO', 'securityName': 'NESDO Sambridha Laghubitta Bittiya Sanstha Limited'}, {'totalQuantity': 7768, 'totalOrder': 10, 'securityId': 9342, 'symbol': 'YMHL', 'securityName': 'Yambaling Hydropower Limited'}, {'totalQuantity': 7723, 'totalOrder': 10, 'securityId': 574, 'symbol': 'SKBBL', 'securityName': 'Sana Kisan Bikas Laghubitta Bittiya Sanstha Limited'}, {'totalQuantity': 7615, 'totalOrder': 6, 'securityId': 8025, 'symbol': 'SPC', 'securityName': 'Samling Power Company Limited'}, {'totalQuantity': 7601, 'totalOrder': 6, 'securityId': 273, 'symbol': 'ICFC', 'securityName': 'ICFC Finance Limited'}, {'totalQuantity': 7344, 'totalOrder': 5, 'securityId': 490, 'symbol': 'FMDBL', 'securityName': 'First Micro Finance Laghubitta Bittiya Sanstha Limited'}, {'totalQuantity': 7311, 'totalOrder': 9, 'securityId': 9225, 'symbol': 'VLUCL', 'securityName': 'Vision Lumbini Urja Company Limited '}, {'totalQuantity': 7134, 'totalOrder': 21, 'securityId': 9262, 'symbol': 'TTL', 'securityName': 'Trade Tower Limited'}, {'totalQuantity': 7105, 'totalOrder': 6, 'securityId': 2748, 'symbol': 'RSDC', 'securityName': 'RSDC Laghubitta Bittiya Sanstha Ltd.'}, {'totalQuantity': 7023, 'totalOrder': 18, 'securityId': 9184, 'symbol': 'ILI', 'securityName': 'IME Life Insurance Company Limited'}, {'totalQuantity': 6884, 'totalOrder': 6, 'securityId': 2744, 'symbol': 'GRDBL', 'securityName': 'Green Development Bank Ltd.'}, {'totalQuantity': 6823, 'totalOrder': 10, 'securityId': 9217, 'symbol': 'MMKJL', 'securityName': 'Mathillo Mailun Khola Jalvidhyut Limited'}, {'totalQuantity': 6726, 'totalOrder': 10, 'securityId': 2915, 'symbol': 'PMLI', 'securityName': 'Prabhu Mahalaxmi Life Insurance Limited'}, {'totalQuantity': 6632, 'totalOrder': 11, 'securityId': 9193, 'symbol': 'GCIL', 'securityName': 'Ghorahi Cement Industry Limited'}, {'totalQuantity': 6627, 'totalOrder': 10, 'securityId': 545, 'symbol': 'SLBBL', 'securityName': 'Swarojgar Laghubitta Bittiya Sanstha Ltd.'}, {'totalQuantity': 6623, 'totalOrder': 6, 'securityId': 1741, 'symbol': 'MERO', 'securityName': 'Mero Microfinance Bittiya Sanstha Ltd.'}, {'totalQuantity': 6500, 'totalOrder': 5, 'securityId': 9293, 'symbol': 'DHEL', 'securityName': 'Daramkhola Hydro Energy Limited'}, {'totalQuantity': 6474, 'totalOrder': 8, 'securityId': 8026, 'symbol': 'NYADI', 'securityName': 'Nyadi Hydropower Limited'}, {'totalQuantity': 6300, 'totalOrder': 2, 'securityId': 700, 'symbol': 'HEIP', 'securityName': 'Himalayan Everest Insurance Limited Promoter'}, {'totalQuantity': 6282, 'totalOrder': 15, 'securityId': 9305, 'symbol': 'SABBL', 'securityName': 'Salapa Bikas Bank Limited'}, {'totalQuantity': 6123, 'totalOrder': 7, 'securityId': 2935, 'symbol': 'RURU', 'securityName': 'Ru Ru Jalbidhyut Pariyojana Limited'}, {'totalQuantity': 6095, 'totalOrder': 7, 'securityId': 8121, 'symbol': 'SPHL', 'securityName': 'Sayapatri Hydropower Limited'}, {'totalQuantity': 5914, 'totalOrder': 6, 'securityId': 9167, 'symbol': 'MKHL', 'securityName': 'Mai Khola Hydropower Limited'}, {'totalQuantity': 5908, 'totalOrder': 7, 'securityId': 184, 'symbol': 'PRIN', 'securityName': 'Prabhu Insurance Ltd.'}, {'totalQuantity': 5718, 'totalOrder': 8, 'securityId': 2917, 'symbol': 'CGH', 'securityName': 'Chandragiri Hills Limited'}, {'totalQuantity': 5632, 'totalOrder': 7, 'securityId': 268, 'symbol': 'SWBBL', 'securityName': 'Swabalamban Laghubitta Bittiya Sanstha Limited'}, {'totalQuantity': 5592, 'totalOrder': 5, 'securityId': 244, 'symbol': 'SIFC', 'securityName': 'Shree Investment Finance Co. Ltd.'}, {'totalQuantity': 5493, 'totalOrder': 8, 'securityId': 176, 'symbol': 'NICL', 'securityName': 'Nepal Insurance Co. Ltd.'}, {'totalQuantity': 5300, 'totalOrder': 3, 'securityId': 9290, 'symbol': 'HLICF', 'securityName': 'HLI Large Cap Fund'}, {'totalQuantity': 5107, 'totalOrder': 6, 'securityId': 210, 'symbol': 'CIT', 'securityName': 'Citizen Investment Trust'}, {'totalQuantity': 4938, 'totalOrder': 10, 'securityId': 9196, 'symbol': 'KBSH', 'securityName': 'Kutheli Bukhari Small Hydropower Limited'}, {'totalQuantity': 4913, 'totalOrder': 9, 'securityId': 471, 'symbol': 'MPFL', 'securityName': 'Multipurpose Finance Company  Limited'}, {'totalQuantity': 4866, 'totalOrder': 8, 'securityId': 172, 'symbol': 'NABBC', 'securityName': 'Narayani Development Bank Limited'}, {'totalQuantity': 4700, 'totalOrder': 3, 'securityId': 9254, 'symbol': 'NMBHF2', 'securityName': 'NMB Hybrid Fund L- II'}, {'totalQuantity': 4700, 'totalOrder': 7, 'securityId': 9349, 'symbol': 'SAEF2', 'securityName': 'Sanima Equity Fund-2'}, {'totalQuantity': 4679, 'totalOrder': 7, 'securityId': 9181, 'symbol': 'RAWA', 'securityName': 'Rawa Energy Development Limited'}, {'totalQuantity': 4678, 'totalOrder': 8, 'securityId': 9334, 'symbol': 'KHPL', 'securityName': 'Kalinchock Hydropower Limited'}, {'totalQuantity': 4550, 'totalOrder': 5, 'securityId': 8034, 'symbol': 'ENL', 'securityName': 'Emerging Nepal Limited'}, {'totalQuantity': 4540, 'totalOrder': 12, 'securityId': 2887, 'symbol': 'NICLBSL', 'securityName': 'NIC ASIA Laghubitta Bittiya Sanstha Limited'}, {'totalQuantity': 4535, 'totalOrder': 6, 'securityId': 183, 'symbol': 'NIL', 'securityName': 'Neco Insurance Limited'}, {'totalQuantity': 4500, 'totalOrder': 2, 'securityId': 9350, 'symbol': 'LSH12', 'securityName': 'LS Horizon 12'}, {'totalQuantity': 4356, 'totalOrder': 6, 'securityId': 9256, 'symbol': 'OMPL', 'securityName': 'Om Megashree Pharmaceuticals Limited'}, {'totalQuantity': 4260, 'totalOrder': 8, 'securityId': 9347, 'symbol': 'ECL', 'securityName': 'Everest Colour Limited'}, {'totalQuantity': 4253, 'totalOrder': 22, 'securityId': 9183, 'symbol': 'NRM', 'securityName': 'Nepal Republic Media Limited'}, {'totalQuantity': 4109, 'totalOrder': 7, 'securityId': 194, 'symbol': 'NFS', 'securityName': 'Nepal Finance Ltd.'}, {'totalQuantity': 4100, 'totalOrder': 5, 'securityId': 9312, 'symbol': 'NSY', 'securityName': 'Nepal Life Samriddhi Lagani Yojana'}, {'totalQuantity': 3946, 'totalOrder': 8, 'securityId': 192, 'symbol': 'SICL', 'securityName': 'Shikhar Insurance Co. Ltd.'}, {'totalQuantity': 3889, 'totalOrder': 6, 'securityId': 166, 'symbol': 'DDBL', 'securityName': 'Deprosc Laghubitta Bittiya Sanstha Limited'}, {'totalQuantity': 3830, 'totalOrder': 8, 'securityId': 2774, 'symbol': 'USLB', 'securityName': 'Unnati Sahakarya Laghubitta Bittiya Sanstha Limited'}, {'totalQuantity': 3732, 'totalOrder': 13, 'securityId': 2758, 'symbol': 'FOWAD', 'securityName': 'Forward Microfinance Laghubitta Bittiya Sanstha Limited'}, {'totalQuantity': 3728, 'totalOrder': 6, 'securityId': 9287, 'symbol': 'MABEL', 'securityName': 'Mabilung Energy Limited'}, {'totalQuantity': 3575, 'totalOrder': 5, 'securityId': 2746, 'symbol': 'NMFBS', 'securityName': 'National Laghubitta Bittiya Sanstha Limited'}, {'totalQuantity': 3473, 'totalOrder': 6, 'securityId': 706, 'symbol': 'SWMF', 'securityName': 'Suryodaya Womi Laghubitta Bittiya Sanstha Limited'}, {'totalQuantity': 3465, 'totalOrder': 5, 'securityId': 182, 'symbol': 'SPIL', 'securityName': 'Siddhartha Premier Insurance Limited'}, {'totalQuantity': 3444, 'totalOrder': 5, 'securityId': 148, 'symbol': 'TRH', 'securityName': 'Taragaon Regency Hotel Limited'}, {'totalQuantity': 3397, 'totalOrder': 14, 'securityId': 9158, 'symbol': 'MHCL', 'securityName': 'Molung Hydropower Company Limited'}, {'totalQuantity': 3395, 'totalOrder': 5, 'securityId': 8123, 'symbol': 'DLBS', 'securityName': 'Dhaulagiri Laghubitta Bittiya Sanstha Limited'}, {'totalQuantity': 3350, 'totalOrder': 8, 'securityId': 593, 'symbol': 'KMCDB', 'securityName': 'Kalika Laghubitta Bittiya Sanstha Ltd'}, {'totalQuantity': 3312, 'totalOrder': 9, 'securityId': 9270, 'symbol': 'HIMSTAR', 'securityName': 'Him Star Urja Company Limited'}, {'totalQuantity': 3233, 'totalOrder': 16, 'securityId': 9214, 'symbol': 'BGWT', 'securityName': 'Bhagawati Hydropower Development Company Limited'}, {'totalQuantity': 3202, 'totalOrder': 13, 'securityId': 9230, 'symbol': 'MKCL', 'securityName': 'Muktinath Krishi Company Limited'}, {'totalQuantity': 3163, 'totalOrder': 6, 'securityId': 8102, 'symbol': 'MHL', 'securityName': 'Mandakini Hydropower Limited'}, {'totalQuantity': 3150, 'totalOrder': 6, 'securityId': 9192, 'symbol': 'USHL', 'securityName': 'Upper Syange Hydropower Limited'}, {'totalQuantity': 2964, 'totalOrder': 9, 'securityId': 9194, 'symbol': 'TSHL', 'securityName': 'Three Star Hydropower Limited'}, {'totalQuantity': 2916, 'totalOrder': 5, 'securityId': 9294, 'symbol': 'SAGAR', 'securityName': 'Sagar Distillery Limited'}, {'totalQuantity': 2913, 'totalOrder': 6, 'securityId': 693, 'symbol': 'HLBSL', 'securityName': 'Himalayan Laghubitta Bittiya Sanstha Limited'}, {'totalQuantity': 2859, 'totalOrder': 8, 'securityId': 704, 'symbol': 'NMBMF', 'securityName': 'NMB  Microfinance Bittiya Sanstha Ltd.'}, {'totalQuantity': 2834, 'totalOrder': 6, 'securityId': 9212, 'symbol': 'MANDU', 'securityName': 'Mandu Hydropower Limited'}, {'totalQuantity': 2812, 'totalOrder': 5, 'securityId': 618, 'symbol': 'LLBS', 'securityName': 'Laxmi Laghubitta Bittiya Sanstha Ltd.'}, {'totalQuantity': 2789, 'totalOrder': 8, 'securityId': 9300, 'symbol': 'JHAPA', 'securityName': 'Jhapa Energy Limited'}, {'totalQuantity': 2729, 'totalOrder': 8, 'securityId': 9233, 'symbol': 'NWCL', 'securityName': 'Nepal Warehousing Company Limited '}, {'totalQuantity': 2725, 'totalOrder': 5, 'securityId': 396, 'symbol': 'NMLBBL', 'securityName': 'Nerude Mirmire Laghubitta Bittiya Sanstha Limited'}, {'totalQuantity': 2710, 'totalOrder': 5, 'securityId': 2868, 'symbol': 'NICD83/84', 'securityName': '10.25% NIC Asia Debenture 2083/84'}, {'totalQuantity': 2554, 'totalOrder': 12, 'securityId': 9150, 'symbol': 'AHL', 'securityName': 'Asian Hydropower Limited'}, {'totalQuantity': 2528, 'totalOrder': 6, 'securityId': 9258, 'symbol': 'PURE', 'securityName': 'Pure Energy Limited'}, {'totalQuantity': 2494, 'totalOrder': 6, 'securityId': 250, 'symbol': 'JFL', 'securityName': 'Janaki Finance Company Limited'}, {'totalQuantity': 2340, 'totalOrder': 22, 'securityId': 9337, 'symbol': 'APHL', 'securityName': 'Appolo Hydropower Limited'}, {'totalQuantity': 2317, 'totalOrder': 7, 'securityId': 9325, 'symbol': 'SKHEL', 'securityName': 'Suryakunda Hydro Electric Limited'}, {'totalQuantity': 2296, 'totalOrder': 7, 'securityId': 8117, 'symbol': 'AVYAN', 'securityName': 'Aviyan Laghubitta Bittiya Sanstha Limited'}, {'totalQuantity': 2265, 'totalOrder': 15, 'securityId': 4951, 'symbol': 'JBLB', 'securityName': 'Jeevan Bikas Laghubitta  Bittya Sanstha Ltd'}, {'totalQuantity': 2045, 'totalOrder': 6, 'securityId': 9232, 'symbol': 'CKHL', 'securityName': 'Chirkhwa Hydropower Limited '}, {'totalQuantity': 2013, 'totalOrder': 5, 'securityId': 2761, 'symbol': 'SMATA', 'securityName': 'Samata Gharelu Laghubitta Bittiya Sanstha Limited'}, {'totalQuantity': 2004, 'totalOrder': 6, 'securityId': 8063, 'symbol': 'ULBSL', 'securityName': 'Upakar Laghubitta Bittiya Sanstha Limited'}, {'totalQuantity': 2000, 'totalOrder': 5, 'securityId': 2886, 'symbol': 'ADBLD83', 'securityName': '10.35% Agricultural Bank Debenture 2083'}, {'totalQuantity': 1998, 'totalOrder': 7, 'securityId': 705, 'symbol': 'GILB', 'securityName': 'Global IME Laghubitta Bittiya Sanstha Ltd.'}, {'totalQuantity': 1962, 'totalOrder': 9, 'securityId': 155, 'symbol': 'STC', 'securityName': 'Salt Trading Corporation'}, {'totalQuantity': 1957, 'totalOrder': 7, 'securityId': 163, 'symbol': 'NUBL', 'securityName': 'Nirdhan Utthan Laghubitta Bittiya Sanstha Limited'}, {'totalQuantity': 1876, 'totalOrder': 6, 'securityId': 2832, 'symbol': 'ILBS', 'securityName': 'Infinity Laghubitta Bittiya Sanstha Limited'}, {'totalQuantity': 1820, 'totalOrder': 6, 'securityId': 8098, 'symbol': 'SBLD89', 'securityName': '10.75% SBL Debenture 2089'}, {'totalQuantity': 1813, 'totalOrder': 6, 'securityId': 2804, 'symbol': 'SLBSL', 'securityName': 'Samudayik Laghubitta Bittiya Sanstha Limited'}, {'totalQuantity': 1668, 'totalOrder': 6, 'securityId': 9140, 'symbol': 'UNLB', 'securityName': 'Unique Nepal Laghubitta Bittiya Sanstha Limited'}, {'totalQuantity': 1578, 'totalOrder': 5, 'securityId': 694, 'symbol': 'MATRI', 'securityName': 'Matribhumi Lagubitta Bittiya Sanstha Limited'}, {'totalQuantity': 1539, 'totalOrder': 5, 'securityId': 149, 'symbol': 'OHL', 'securityName': 'Oriental Hotels Limited'}, {'totalQuantity': 1493, 'totalOrder': 9, 'securityId': 2790, 'symbol': 'ACLBSL', 'securityName': 'Aarambha Chautari Laghubitta Bittiya Sanstha Limited'}, {'totalQuantity': 1455, 'totalOrder': 7, 'securityId': 9147, 'symbol': 'SPL', 'securityName': 'Shuvam Power Limited'}, {'totalQuantity': 1426, 'totalOrder': 5, 'securityId': 687, 'symbol': 'VLBS', 'securityName': 'Vijaya laghubitta Bittiya Sanstha Ltd.'}, {'totalQuantity': 1382, 'totalOrder': 5, 'securityId': 2829, 'symbol': 'SMFBS', 'securityName': 'Swabhimaan Laghubitta Bittiya Sanstha Limited'}, {'totalQuantity': 1381, 'totalOrder': 8, 'securityId': 9161, 'symbol': 'ANLB', 'securityName': 'Aatmanirbhar Laghubitta Bittiya Sanstha Limited'}, {'totalQuantity': 1374, 'totalOrder': 6, 'securityId': 2769, 'symbol': 'NHDL', 'securityName': 'Nepal Hydro Developers Ltd.'}, {'totalQuantity': 1370, 'totalOrder': 8, 'securityId': 583, 'symbol': 'GBLBS', 'securityName': 'Grameen Bikas Laghubitta Bittiya Sanstha Ltd.'}, {'totalQuantity': 1350, 'totalOrder': 4, 'securityId': 9244, 'symbol': 'NIBLSTF', 'securityName': 'NIBL Stable Fund'}, {'totalQuantity': 1338, 'totalOrder': 13, 'securityId': 9250, 'symbol': 'NMIC', 'securityName': 'Nepal Micro Insurance Company Limited'}, {'totalQuantity': 1239, 'totalOrder': 7, 'securityId': 9246, 'symbol': 'GMLI', 'securityName': 'Guardian Micro Life Insurance Limited '}, {'totalQuantity': 1197, 'totalOrder': 7, 'securityId': 9151, 'symbol': 'KDL', 'securityName': 'Kalinchowk Darshan Limited'}, {'totalQuantity': 1136, 'totalOrder': 7, 'securityId': 8132, 'symbol': 'SHLB', 'securityName': 'Shrijanshil Laghubitta Bittiya Sanstha Limited'}, {'totalQuantity': 1124, 'totalOrder': 7, 'securityId': 2896, 'symbol': 'SMPDA', 'securityName': 'Sampada Laghubitta Bittiya Sanstha Limited'}, {'totalQuantity': 1121, 'totalOrder': 5, 'securityId': 2768, 'symbol': 'MSLB', 'securityName': 'Mahuli Laghubitta Bittiya Sanstha Limited'}, {'totalQuantity': 1100, 'totalOrder': 4, 'securityId': 9299, 'symbol': 'NABILD2089', 'securityName': '7% Nabil Debenture 2089'}, {'totalQuantity': 1100, 'totalOrder': 2, 'securityId': 9269, 'symbol': 'GBIMESY2', 'securityName': 'Global IME Sammunat Yojana -2'}, {'totalQuantity': 1053, 'totalOrder': 6, 'securityId': 2925, 'symbol': 'MLBSL', 'securityName': 'Mahila Lagubitta Bittiya Sanstha Limited '}, {'totalQuantity': 1013, 'totalOrder': 5, 'securityId': 8018, 'symbol': 'MLBS', 'securityName': 'Manushi Laghubitta Bittiya Sanstha Limited'}, {'totalQuantity': 1005, 'totalOrder': 6, 'securityId': 601, 'symbol': 'MLBBL', 'securityName': 'Mithila LaghuBitta Bittiya Sanstha Limited'}, {'totalQuantity': 1000, 'totalOrder': 1, 'securityId': 2937, 'symbol': 'SBCF', 'securityName': 'Sunrise Bluechip Fund'}, {'totalQuantity': 923, 'totalOrder': 2, 'securityId': 2864, 'symbol': 'SBLD83', 'securityName': '10.25% SBL Debenture 2083'}, {'totalQuantity': 900, 'totalOrder': 4, 'securityId': 9248, 'symbol': 'GSY', 'securityName': 'Garima Samriddhi Yojana'}, {'totalQuantity': 895, 'totalOrder': 6, 'securityId': 9295, 'symbol': 'SWASTIK', 'securityName': 'Swastik Laghubitta Bittiya Sanstha Limited'}, {'totalQuantity': 892, 'totalOrder': 7, 'securityId': 2815, 'symbol': 'GMFBS', 'securityName': 'Ganapati Laghubitta Bittiya Sanstha Limited'}, {'totalQuantity': 855, 'totalOrder': 5, 'securityId': 185, 'symbol': 'SALICO', 'securityName': 'Sagarmatha Lumbini Insurance Co. Limited'}, {'totalQuantity': 831, 'totalOrder': 5, 'securityId': 2826, 'symbol': 'GLBSL', 'securityName': 'Gurans Laghubitta Bittiya Sanstha Limited'}, {'totalQuantity': 821, 'totalOrder': 6, 'securityId': 695, 'symbol': 'JSLBB', 'securityName': 'Janautthan Samudayic Laghubitta Bittya Sanstha Limited'}, {'totalQuantity': 811, 'totalOrder': 6, 'securityId': 2781, 'symbol': 'WNLB', 'securityName': 'Wean Nepal Laghubitta Bittiya Sanstha Limited'}, {'totalQuantity': 780, 'totalOrder': 5, 'securityId': 213, 'symbol': 'BNT', 'securityName': 'Bottlers Nepal (Terai) Limited'}, {'totalQuantity': 770, 'totalOrder': 1, 'securityId': 9241, 'symbol': 'KSY', 'securityName': 'Kumari Sabal Yojana'}, {'totalQuantity': 769, 'totalOrder': 5, 'securityId': 9266, 'symbol': 'NICAD2091', 'securityName': '7% NIC ASIA Debenture 2091'}, {'totalQuantity': 755, 'totalOrder': 5, 'securityId': 2771, 'symbol': 'SMB', 'securityName': 'Support Microfinance Bittiya Sanstha Ltd.'}, {'totalQuantity': 733, 'totalOrder': 11, 'securityId': 9215, 'symbol': 'MSHL', 'securityName': 'Mid Solu Hydropower Limited'}, {'totalQuantity': 519, 'totalOrder': 6, 'securityId': 2784, 'symbol': 'NADEP', 'securityName': 'Nadep Laghubittiya bittya Sanstha Ltd.'}, {'totalQuantity': 460, 'totalOrder': 7, 'securityId': 9327, 'symbol': 'ICFCD89', 'securityName': '8% ICFC Finance Limited Debenture 2089'}, {'totalQuantity': 430, 'totalOrder': 5, 'securityId': 8110, 'symbol': 'SBID83', 'securityName': '10.25% Nepal SBI Bank Debenture 2083'}, {'totalQuantity': 430, 'totalOrder': 6, 'securityId': 2931, 'symbol': 'NIBD84', 'securityName': '8.5% Nepal Investment Bank Debenture 2084'}, {'totalQuantity': 379, 'totalOrder': 6, 'securityId': 9137, 'symbol': 'HBLD86', 'securityName': 'Himalayan Bank Limited Bond, 2086'}, {'totalQuantity': 378, 'totalOrder': 6, 'securityId': 156, 'symbol': 'BBC', 'securityName': 'Bishal Bazar Company Limited'}, {'totalQuantity': 321, 'totalOrder': 5, 'securityId': 2889, 'symbol': 'CIZBD86', 'securityName': '10.25% Citizens Bank Debenture 2086'}, {'totalQuantity': 315, 'totalOrder': 5, 'securityId': 8033, 'symbol': 'GBBD85', 'securityName': 'Garima Debenture, 2085'}, {'totalQuantity': 300, 'totalOrder': 2, 'securityId': 9271, 'symbol': 'SBLD2091', 'securityName': '7.25% SBL Debenture 2091'}, {'totalQuantity': 275, 'totalOrder': 5, 'securityId': 2892, 'symbol': 'NBLD82', 'securityName': '10% Nabil Debenture 2082'}, {'totalQuantity': 275, 'totalOrder': 5, 'securityId': 2854, 'symbol': 'NBBD2085', 'securityName': '10.25% NBBL Debenture 2085'}, {'totalQuantity': 240, 'totalOrder': 5, 'securityId': 177, 'symbol': 'RBCL', 'securityName': 'Rastriya Beema Company Limited'}, {'totalQuantity': 215, 'totalOrder': 5, 'securityId': 9168, 'symbol': 'GBILD84/85', 'securityName': 'Global IME Bank Debenture, 2084/85'}, {'totalQuantity': 200, 'totalOrder': 2, 'securityId': 9236, 'symbol': 'NICGF2', 'securityName': 'NIC ASIA Growth Fund-2'}, {'totalQuantity': 185, 'totalOrder': 6, 'securityId': 9286, 'symbol': 'SHINED', 'securityName': 'Shine Resunga Debenture'}, {'totalQuantity': 150, 'totalOrder': 5, 'securityId': 195, 'symbol': 'BNL', 'securityName': 'Bottlers Nepal (Balaju) Limited'}, {'totalQuantity': 141, 'totalOrder': 3, 'securityId': 2878, 'symbol': 'SRBLD83', 'securityName': '10.25% Sunrise Bank Debenture 2083'}, {'totalQuantity': 126, 'totalOrder': 4, 'securityId': 8097, 'symbol': 'PBD88', 'securityName': '10% Prime Debenture 2088'}, {'totalQuantity': 125, 'totalOrder': 3, 'securityId': 9255, 'symbol': 'EBLD91', 'securityName': 'Everest Bank Limited Debenture 2091'}, {'totalQuantity': 115, 'totalOrder': 4, 'securityId': 2828, 'symbol': 'SAND2085', 'securityName': '10% Sanima Bank Limited Debenture'}, {'totalQuantity': 110, 'totalOrder': 5, 'securityId': 634, 'symbol': 'RBCLPO', 'securityName': 'Rastriya Beema Company Limited Promoter Share'}, {'totalQuantity': 100, 'totalOrder': 5, 'securityId': 219, 'symbol': 'UNL', 'securityName': 'Unilever Nepal Limited'}, {'totalQuantity': 100, 'totalOrder': 4, 'securityId': 2890, 'symbol': 'SBIBD86', 'securityName': '10% Nepal SBI Bank Debenture 2086'}, {'totalQuantity': 100, 'totalOrder': 3, 'securityId': 2932, 'symbol': 'MFLD85', 'securityName': '9.5% Manjushree Finance Limited Debenture 2085'}, {'totalQuantity': 100, 'totalOrder': 1, 'securityId': 9198, 'symbol': 'LVF2', 'securityName': 'Laxmi Value Fund 2'}, {'totalQuantity': 100, 'totalOrder': 1, 'securityId': 9178, 'symbol': 'RMF2', 'securityName': 'RBB Mutual Fund 2'}, {'totalQuantity': 95, 'totalOrder': 4, 'securityId': 8027, 'symbol': 'NBLD85', 'securityName': 'Nabil Debenture 2085'}, {'totalQuantity': 95, 'totalOrder': 4, 'securityId': 7986, 'symbol': 'NICD88', 'securityName': 'NIC ASIA Rinpatra 2088'}, {'totalQuantity': 90, 'totalOrder': 4, 'securityId': 9152, 'symbol': 'EBLEB89', 'securityName': 'Everest Bank Limited Energy Bond, 2089'}, {'totalQuantity': 85, 'totalOrder': 4, 'securityId': 6984, 'symbol': 'PBD85', 'securityName': '8.75 % Prime Debenture 2085'}, {'totalQuantity': 75, 'totalOrder': 3, 'securityId': 4962, 'symbol': 'PBLD87', 'securityName': '8.5% Prabhu Bank Debenture 2087'}, {'totalQuantity': 75, 'totalOrder': 4, 'securityId': 9211, 'symbol': 'SBID89', 'securityName': '9% Nepal SBI Bank Rinpatra 2089'}, {'totalQuantity': 70, 'totalOrder': 3, 'securityId': 2825, 'symbol': 'NICAD85/86', 'securityName': '10% NIC Asia Debenture 2085/86'}, {'totalQuantity': 50, 'totalOrder': 1, 'securityId': 4969, 'symbol': 'MND84/85', 'securityName': 'Muktinath Debenture 2084/85'}, {'totalQuantity': 50, 'totalOrder': 2, 'securityId': 9264, 'symbol': 'RBBD2088', 'securityName': '7% RBBL Debenture 2088'}, {'totalQuantity': 40, 'totalOrder': 2, 'securityId': 8116, 'symbol': 'PBD84', 'securityName': '10.15% Prime Debenture 2084'}, {'totalQuantity': 35, 'totalOrder': 2, 'securityId': 8105, 'symbol': 'NMBUR93/94', 'securityName': 'NMB Energy Bond 4% - 2093/94 '}, {'totalQuantity': 35, 'totalOrder': 2, 'securityId': 2850, 'symbol': 'NMBD2085', 'securityName': '10 % NMB DEBENTURE 2085'}, {'totalQuantity': 25, 'totalOrder': 1, 'securityId': 2883, 'symbol': 'GWFD83', 'securityName': '12 % Goodwill Finance Limited Debenture 2083'}, {'totalQuantity': 25, 'totalOrder': 1, 'securityId': 8068, 'symbol': 'CCBD88', 'securityName': 'Century Debenture 2088'}, {'totalQuantity': 25, 'totalOrder': 1, 'securityId': 9136, 'symbol': 'BOKD86KA', 'securityName': 'BOK Debenture 2086 ""KA""'}, {'totalQuantity': 25, 'totalOrder': 1, 'securityId': 8003, 'symbol': 'RBBD83', 'securityName': '8.5% RBBL Debenture 2083'}, {'totalQuantity': 25, 'totalOrder': 1, 'securityId': 9231, 'symbol': 'CIZBD90', 'securityName': '10% Citizens Bank Debenture 2090'}, {'totalQuantity': 20, 'totalOrder': 1, 'securityId': 2936, 'symbol': 'NCCD86', 'securityName': '9.5% NCC Debenture 2086'}, {'totalQuantity': 14, 'totalOrder': 1, 'securityId': 4961, 'symbol': 'BOKD86', 'securityName': '8.5% BOK Debenture 2086'}, {'totalQuantity': 4, 'totalOrder': 1, 'securityId': 9220, 'symbol': 'KBLD90', 'securityName': '10% KBL Debenture 2090'}]","[{'totalQuantity': 852350, 'totalOrder': 6, 'securityId': 4949, 'symbol': 'NIBSF2', 'securityName': 'NIBL Samriddhi Fund -2'}, {'totalQuantity': 646100, 'totalOrder': 5, 'securityId': 9245, 'symbol': 'MNMF1', 'securityName': 'Muktinath Mutual Fund 1'}, {'totalQuantity': 641400, 'totalOrder': 8, 'securityId': 9269, 'symbol': 'GBIMESY2', 'securityName': 'Global IME Sammunat Yojana -2'}, {'totalQuantity': 570438, 'totalOrder': 6, 'securityId': 9166, 'symbol': 'MAKAR', 'securityName': 'Makar Jitumaya Suri Hydropower Limited'}, {'totalQuantity': 546778, 'totalOrder': 6, 'securityId': 9174, 'symbol': 'PRSF', 'securityName': 'Prabhu Smart Fund'}, {'totalQuantity': 517999, 'totalOrder': 11, 'securityId': 9351, 'symbol': 'RSY2', 'securityName': 'Reliable Samriddhi Yojana -2'}, {'totalQuantity': 484800, 'totalOrder': 7, 'securityId': 9259, 'symbol': 'RSY', 'securityName': 'Reliable Samriddhi Yojana'}, {'totalQuantity': 458200, 'totalOrder': 5, 'securityId': 8074, 'symbol': 'KDBY', 'securityName': 'Kumari Dhanabriddhi Yojana'}, {'totalQuantity': 334000, 'totalOrder': 8, 'securityId': 8106, 'symbol': 'GIBF1', 'securityName': 'Global IME Balanced Fund-1'}, {'totalQuantity': 305854, 'totalOrder': 5, 'securityId': 9154, 'symbol': 'SFEF', 'securityName': 'Sunrise Focused Equity Fund'}, {'totalQuantity': 270500, 'totalOrder': 5, 'securityId': 9139, 'symbol': 'SAGF', 'securityName': 'Sanima Growth Fund'}, {'totalQuantity': 269469, 'totalOrder': 14, 'securityId': 142, 'symbol': 'KBL', 'securityName': 'Kumari Bank Limited'}, {'totalQuantity': 259823, 'totalOrder': 5, 'securityId': 2788, 'symbol': 'AKJCL', 'securityName': 'Ankhu Khola Jalvidhyut Company Ltd'}, {'totalQuantity': 253755, 'totalOrder': 12, 'securityId': 9311, 'symbol': 'SOHL', 'securityName': 'Solu Hydropower Limited'}, {'totalQuantity': 252447, 'totalOrder': 7, 'securityId': 9182, 'symbol': 'SIGS3', 'securityName': 'Siddhartha Investment Growth Scheme 3'}, {'totalQuantity': 245047, 'totalOrder': 17, 'securityId': 171, 'symbol': 'SANIMA', 'securityName': 'Sanima Bank Limited'}, {'totalQuantity': 230390, 'totalOrder': 7, 'securityId': 9244, 'symbol': 'NIBLSTF', 'securityName': 'NIBL Stable Fund'}, {'totalQuantity': 211282, 'totalOrder': 18, 'securityId': 145, 'symbol': 'SBL', 'securityName': 'Siddhartha Bank Limited'}, {'totalQuantity': 210678, 'totalOrder': 6, 'securityId': 2770, 'symbol': 'SEF', 'securityName': 'Siddhartha Equity Fund'}, {'totalQuantity': 209605, 'totalOrder': 12, 'securityId': 610, 'symbol': 'RIDI', 'securityName': 'Ridi Power Company Limited'}, {'totalQuantity': 206508, 'totalOrder': 11, 'securityId': 9156, 'symbol': 'TAMOR', 'securityName': 'Sanima Middle Tamor Hydropower Limited'}, {'totalQuantity': 203650, 'totalOrder': 8, 'securityId': 9236, 'symbol': 'NICGF2', 'securityName': 'NIC ASIA Growth Fund-2'}, {'totalQuantity': 199184, 'totalOrder': 9, 'securityId': 517, 'symbol': 'NBL', 'securityName': 'Nepal Bank Limited'}, {'totalQuantity': 194004, 'totalOrder': 6, 'securityId': 591, 'symbol': 'SHPC', 'securityName': 'Sanima Mai Hydropower Ltd.'}, {'totalQuantity': 186730, 'totalOrder': 6, 'securityId': 2759, 'symbol': 'SPDL', 'securityName': 'Synergy Power Development Ltd.'}, {'totalQuantity': 186443, 'totalOrder': 9, 'securityId': 697, 'symbol': 'API', 'securityName': 'Api Power Company Ltd.'}, {'totalQuantity': 185789, 'totalOrder': 20, 'securityId': 4947, 'symbol': 'PSF', 'securityName': 'Prabhu Select Fund'}, {'totalQuantity': 165083, 'totalOrder': 10, 'securityId': 348, 'symbol': 'CZBIL', 'securityName': 'Citizens Bank International Limited'}, {'totalQuantity': 158155, 'totalOrder': 8, 'securityId': 8099, 'symbol': 'UHEWA', 'securityName': 'Upper Hewakhola Hydropower Company Limited'}, {'totalQuantity': 155956, 'totalOrder': 8, 'securityId': 2760, 'symbol': 'UMHL', 'securityName': 'United Modi Hydropower Ltd.'}, {'totalQuantity': 154881, 'totalOrder': 17, 'securityId': 255, 'symbol': 'PRVU', 'securityName': 'Prabhu  Bank Limited'}, {'totalQuantity': 149615, 'totalOrder': 68, 'securityId': 2743, 'symbol': 'NGPL', 'securityName': 'Ngadi Group Power Ltd.'}, {'totalQuantity': 148140, 'totalOrder': 14, 'securityId': 140, 'symbol': 'MBL', 'securityName': 'Machhapuchhre Bank Limited'}, {'totalQuantity': 143445, 'totalOrder': 9, 'securityId': 459, 'symbol': 'KSBBL', 'securityName': 'Kamana Sewa Bikas Bank Limited'}, {'totalQuantity': 143392, 'totalOrder': 12, 'securityId': 357, 'symbol': 'PCBL', 'securityName': 'Prime Commercial Bank Ltd.'}, {'totalQuantity': 143211, 'totalOrder': 12, 'securityId': 2934, 'symbol': 'SHEL', 'securityName': 'Singati Hydro Energy Limited'}, {'totalQuantity': 139416, 'totalOrder': 11, 'securityId': 132, 'symbol': 'NIMB', 'securityName': 'Nepal Investment Mega Bank Limited'}, {'totalQuantity': 136410, 'totalOrder': 5, 'securityId': 4968, 'symbol': 'RMF1', 'securityName': 'RBB Mutual Fund 1'}, {'totalQuantity': 134015, 'totalOrder': 7, 'securityId': 9146, 'symbol': 'SMHL', 'securityName': 'Super Madi Hydropower Limited'}, {'totalQuantity': 133876, 'totalOrder': 9, 'securityId': 2859, 'symbol': 'SIGS2', 'securityName': 'Siddhartha Investment Growth Scheme - 2'}, {'totalQuantity': 133451, 'totalOrder': 9, 'securityId': 8021, 'symbol': 'SAHAS', 'securityName': 'Sahas Urja Limited'}, {'totalQuantity': 133264, 'totalOrder': 25, 'securityId': 2903, 'symbol': 'LEC', 'securityName': 'Liberty Energy Company Limited'}, {'totalQuantity': 128852, 'totalOrder': 11, 'securityId': 341, 'symbol': 'GBIME', 'securityName': 'Global IME Bank Limited'}, {'totalQuantity': 128679, 'totalOrder': 575, 'securityId': 9353, 'symbol': 'SAPIL', 'securityName': 'Sarvottam Paints Industries Limited'}, {'totalQuantity': 126462, 'totalOrder': 5, 'securityId': 2751, 'symbol': 'KKHC', 'securityName': 'Khanikhola Hydropower Co. Ltd.'}, {'totalQuantity': 125667, 'totalOrder': 8, 'securityId': 8055, 'symbol': 'BHL', 'securityName': 'Balephi Hydropower Limited'}, {'totalQuantity': 124096, 'totalOrder': 8, 'securityId': 274, 'symbol': 'EDBL', 'securityName': 'Excel Development Bank Ltd.'}, {'totalQuantity': 120778, 'totalOrder': 12, 'securityId': 238, 'symbol': 'NMB', 'securityName': 'NMB Bank Limited'}, {'totalQuantity': 118277, 'totalOrder': 9, 'securityId': 147, 'symbol': 'SHL', 'securityName': 'Soaltee Hotel Limited'}, {'totalQuantity': 115272, 'totalOrder': 11, 'securityId': 360, 'symbol': 'AHPC', 'securityName': 'Arun Valley Hydropower Development Co. Ltd.'}, {'totalQuantity': 114787, 'totalOrder': 8, 'securityId': 152, 'symbol': 'NHPC', 'securityName': 'National Hydro Power Company Limited'}, {'totalQuantity': 112381, 'totalOrder': 7, 'securityId': 9302, 'symbol': 'RBBF40', 'securityName': 'RBB Focus 40'}, {'totalQuantity': 108870, 'totalOrder': 7, 'securityId': 134, 'symbol': 'HBL', 'securityName': 'Himalayan Bank Limited'}, {'totalQuantity': 108673, 'totalOrder': 15, 'securityId': 141, 'symbol': 'LSL', 'securityName': 'Laxmi Sunrise Bank Limited'}, {'totalQuantity': 107502, 'totalOrder': 6, 'securityId': 9350, 'symbol': 'LSH12', 'securityName': 'LS Horizon 12'}, {'totalQuantity': 106276, 'totalOrder': 8, 'securityId': 9252, 'symbol': 'CREST', 'securityName': 'Crest Micro Life Insurance Limited'}, {'totalQuantity': 106096, 'totalOrder': 10, 'securityId': 516, 'symbol': 'MFIL', 'securityName': 'Manjushree Finance Ltd.'}, {'totalQuantity': 103600, 'totalOrder': 7, 'securityId': 9348, 'symbol': 'SEF2', 'securityName': 'Siddhartha Equity Fund 2'}, {'totalQuantity': 101826, 'totalOrder': 16, 'securityId': 2792, 'symbol': 'UPPER', 'securityName': 'Upper Tamakoshi Hydropower Ltd'}, {'totalQuantity': 99822, 'totalOrder': 11, 'securityId': 135, 'symbol': 'SBI', 'securityName': 'Nepal SBI Bank Limited'}, {'totalQuantity': 98306, 'totalOrder': 21, 'securityId': 2913, 'symbol': 'MEN', 'securityName': 'Mountain Energy Nepal Limited'}, {'totalQuantity': 95400, 'totalOrder': 6, 'securityId': 9198, 'symbol': 'LVF2', 'securityName': 'Laxmi Value Fund 2'}, {'totalQuantity': 86593, 'totalOrder': 18, 'securityId': 8111, 'symbol': 'HIDCLP', 'securityName': 'Hydorelectricity Investment and Development Company Limited Promoter'}, {'totalQuantity': 86379, 'totalOrder': 8, 'securityId': 2809, 'symbol': 'SHIVM', 'securityName': 'SHIVAM CEMENTS LTD'}, {'totalQuantity': 85640, 'totalOrder': 7, 'securityId': 8073, 'symbol': 'NICFC', 'securityName': 'NIC Asia Flexi CAP Fund'}, {'totalQuantity': 85399, 'totalOrder': 57, 'securityId': 2919, 'symbol': 'NIFRA', 'securityName': 'Nepal Infrastructure Bank Limited'}, {'totalQuantity': 80507, 'totalOrder': 7, 'securityId': 2806, 'symbol': 'GHL', 'securityName': 'Ghalemdi Hydro Limited'}, {'totalQuantity': 79947, 'totalOrder': 7, 'securityId': 2907, 'symbol': 'SSHL', 'securityName': 'Shiva Shree Hydropower Ltd'}, {'totalQuantity': 79876, 'totalOrder': 5, 'securityId': 2757, 'symbol': 'AKPL', 'securityName': 'Arun Kabeli Power Ltd.'}, {'totalQuantity': 74725, 'totalOrder': 5, 'securityId': 9221, 'symbol': 'H8020', 'securityName': 'Himalayan 80-20'}, {'totalQuantity': 74710, 'totalOrder': 13, 'securityId': 2776, 'symbol': 'RADHI', 'securityName': 'Radhi Bidyut Company Ltd'}, {'totalQuantity': 74646, 'totalOrder': 33, 'securityId': 2880, 'symbol': 'HDHPC', 'securityName': 'Himal Dolakha Hydropower Company Limited'}, {'totalQuantity': 73000, 'totalOrder': 7, 'securityId': 2877, 'symbol': 'SFMF', 'securityName': 'Sunrise First Mutual Fund'}, {'totalQuantity': 72186, 'totalOrder': 40, 'securityId': 2742, 'symbol': 'HIDCL', 'securityName': 'Hydorelectricity Investment and Development Company Ltd'}, {'totalQuantity': 72150, 'totalOrder': 7, 'securityId': 8024, 'symbol': 'NBF3', 'securityName': 'Nabil Balanced Fund-3'}, {'totalQuantity': 72042, 'totalOrder': 6, 'securityId': 2767, 'symbol': 'HPPL', 'securityName': 'Himalayan Power Partner Ltd.'}, {'totalQuantity': 71840, 'totalOrder': 11, 'securityId': 9297, 'symbol': 'BANDIPUR', 'securityName': 'Bandipur Cablecar and Tourism Limited'}, {'totalQuantity': 70293, 'totalOrder': 5, 'securityId': 2860, 'symbol': 'SAPDBL', 'securityName': 'Saptakoshi Development Bank Ltd'}, {'totalQuantity': 68257, 'totalOrder': 15, 'securityId': 8133, 'symbol': 'PHCL', 'securityName': 'Peoples Hydropower Company Limited'}, {'totalQuantity': 67310, 'totalOrder': 6, 'securityId': 9218, 'symbol': 'TVCL', 'securityName': 'Trishuli Jal Vidhyut Company Limited '}, {'totalQuantity': 62968, 'totalOrder': 7, 'securityId': 187, 'symbol': 'NLIC', 'securityName': 'Nepal Life Insurance Co. Ltd.'}, {'totalQuantity': 61124, 'totalOrder': 8, 'securityId': 2831, 'symbol': 'UNHPL', 'securityName': 'Union Hydropower Limited'}, {'totalQuantity': 59774, 'totalOrder': 10, 'securityId': 358, 'symbol': 'LBBL', 'securityName': 'Lumbini Bikas Bank Ltd.'}, {'totalQuantity': 58934, 'totalOrder': 6, 'securityId': 2867, 'symbol': 'NMB50', 'securityName': 'NMB 50'}, {'totalQuantity': 58461, 'totalOrder': 12, 'securityId': 139, 'symbol': 'NICA', 'securityName': 'NIC Asia Bank Ltd.'}, {'totalQuantity': 58104, 'totalOrder': 15, 'securityId': 397, 'symbol': 'ADBL', 'securityName': 'Agricultural Development Bank Limited'}, {'totalQuantity': 57233, 'totalOrder': 5, 'securityId': 8022, 'symbol': 'TPC', 'securityName': 'Terhathum Power Company Limited'}, {'totalQuantity': 57017, 'totalOrder': 6, 'securityId': 148, 'symbol': 'TRH', 'securityName': 'Taragaon Regency Hotel Limited'}, {'totalQuantity': 54008, 'totalOrder': 6, 'securityId': 245, 'symbol': 'CFCL', 'securityName': 'Central Finance Co. Ltd.'}, {'totalQuantity': 53920, 'totalOrder': 6, 'securityId': 8122, 'symbol': 'PPL', 'securityName': ""People's Power Limited""}, {'totalQuantity': 53286, 'totalOrder': 5, 'securityId': 9173, 'symbol': 'CITY', 'securityName': 'City Hotel Limited'}, {'totalQuantity': 53100, 'totalOrder': 5, 'securityId': 2824, 'symbol': 'HURJA', 'securityName': 'Himalaya Urja Bikas Company Limited'}, {'totalQuantity': 51652, 'totalOrder': 5, 'securityId': 9203, 'symbol': 'MEHL', 'securityName': 'Manakamana Engineering Hydropower Limited'}, {'totalQuantity': 48814, 'totalOrder': 9, 'securityId': 8045, 'symbol': 'GVL', 'securityName': 'Green Ventures Limited'}, {'totalQuantity': 47887, 'totalOrder': 5, 'securityId': 9344, 'symbol': 'SNORL', 'securityName': 'Snow Rivers Limited'}, {'totalQuantity': 46959, 'totalOrder': 5, 'securityId': 418, 'symbol': 'JBBL', 'securityName': 'Jyoti Bikas Bank Limited'}, {'totalQuantity': 46267, 'totalOrder': 5, 'securityId': 8066, 'symbol': 'RFPL', 'securityName': 'River Falls Power Limited'}, {'totalQuantity': 45663, 'totalOrder': 6, 'securityId': 393, 'symbol': 'HLI', 'securityName': 'Himalayan Life Insurance Limited'}, {'totalQuantity': 43938, 'totalOrder': 7, 'securityId': 2810, 'symbol': 'UPCL', 'securityName': 'UNIVERSAL POWER COMPANY LTD'}, {'totalQuantity': 43797, 'totalOrder': 6, 'securityId': 2898, 'symbol': 'NRN', 'securityName': 'NRN Infrastructure and Development Limited'}, {'totalQuantity': 43381, 'totalOrder': 9, 'securityId': 9234, 'symbol': 'HRL', 'securityName': 'Himalayan Reinsurance Limited'}, {'totalQuantity': 42667, 'totalOrder': 6, 'securityId': 9267, 'symbol': 'BHCL', 'securityName': 'Bikash Hydropower Company Limited'}, {'totalQuantity': 42383, 'totalOrder': 8, 'securityId': 474, 'symbol': 'MNBBL', 'securityName': 'Muktinath Bikas Bank Ltd.'}, {'totalQuantity': 42191, 'totalOrder': 10, 'securityId': 9170, 'symbol': 'DOLTI', 'securityName': 'Dolti Power Company Limited'}, {'totalQuantity': 41980, 'totalOrder': 6, 'securityId': 9342, 'symbol': 'YMHL', 'securityName': 'Yambaling Hydropower Limited'}, {'totalQuantity': 41746, 'totalOrder': 5, 'securityId': 9306, 'symbol': 'RSML', 'securityName': 'Reliance Spinning Mills Limited'}, {'totalQuantity': 41625, 'totalOrder': 6, 'securityId': 561, 'symbol': 'SINDU', 'securityName': 'Sindhu Bikash Bank Ltd'}, {'totalQuantity': 40783, 'totalOrder': 11, 'securityId': 2924, 'symbol': 'GLH', 'securityName': 'GreenLife Hydropower Limited'}, {'totalQuantity': 40213, 'totalOrder': 6, 'securityId': 9345, 'symbol': 'SGHL', 'securityName': 'Sanigad Hydro Limited'}, {'totalQuantity': 39653, 'totalOrder': 8, 'securityId': 2748, 'symbol': 'RSDC', 'securityName': 'RSDC Laghubitta Bittiya Sanstha Ltd.'}, {'totalQuantity': 39000, 'totalOrder': 5, 'securityId': 2923, 'symbol': 'SLCF', 'securityName': 'Sanima Large Cap Fund'}, {'totalQuantity': 38922, 'totalOrder': 108, 'securityId': 198, 'symbol': 'NLO', 'securityName': 'Nepal Lube Oil Limited'}, {'totalQuantity': 38500, 'totalOrder': 5, 'securityId': 9241, 'symbol': 'KSY', 'securityName': 'Kumari Sabal Yojana'}, {'totalQuantity': 38368, 'totalOrder': 18, 'securityId': 417, 'symbol': 'GBBL', 'securityName': 'Garima Bikas Bank Limited'}, {'totalQuantity': 38073, 'totalOrder': 12, 'securityId': 8070, 'symbol': 'DORDI', 'securityName': 'Dordi Khola Jal Bidyut Company Limited'}, {'totalQuantity': 35157, 'totalOrder': 12, 'securityId': 166, 'symbol': 'DDBL', 'securityName': 'Deprosc Laghubitta Bittiya Sanstha Limited'}, {'totalQuantity': 34802, 'totalOrder': 14, 'securityId': 401, 'symbol': 'MLBL', 'securityName': 'Mahalaxmi Bikas Bank Ltd.'}, {'totalQuantity': 32903, 'totalOrder': 10, 'securityId': 8100, 'symbol': 'SGHC', 'securityName': 'Swet-Ganga Hydropower & Construction Limited '}, {'totalQuantity': 32699, 'totalOrder': 6, 'securityId': 403, 'symbol': 'SJLIC', 'securityName': 'SuryaJyoti Life Insurance Company Limited'}, {'totalQuantity': 31322, 'totalOrder': 6, 'securityId': 9303, 'symbol': 'SYPNL', 'securityName': 'SY Panel Nepal Limited'}, {'totalQuantity': 30971, 'totalOrder': 6, 'securityId': 469, 'symbol': 'NIMBPO', 'securityName': 'Nepal Investment Mega Bank Ltd. Promoter Share'}, {'totalQuantity': 30937, 'totalOrder': 16, 'securityId': 472, 'symbol': 'SADBL', 'securityName': 'Shangrila Development Bank Ltd.'}, {'totalQuantity': 30600, 'totalOrder': 6, 'securityId': 8125, 'symbol': 'NSIF2', 'securityName': 'NMB Sulav Investment Fund - 2'}, {'totalQuantity': 30262, 'totalOrder': 6, 'securityId': 9290, 'symbol': 'HLICF', 'securityName': 'HLI Large Cap Fund'}, {'totalQuantity': 29964, 'totalOrder': 5, 'securityId': 8108, 'symbol': 'RHGCL', 'securityName': 'Rapti Hydro And General Construction Limited'}, {'totalQuantity': 29907, 'totalOrder': 14, 'securityId': 473, 'symbol': 'SHINE', 'securityName': 'Shine Resunga Development Bank Ltd.'}, {'totalQuantity': 29879, 'totalOrder': 6, 'securityId': 9336, 'symbol': 'SOPL', 'securityName': 'Sopan Pharmaceuticals Limited'}, {'totalQuantity': 29713, 'totalOrder': 14, 'securityId': 131, 'symbol': 'NABIL', 'securityName': 'Nabil Bank Limited'}, {'totalQuantity': 29265, 'totalOrder': 8, 'securityId': 2811, 'symbol': 'MHNL', 'securityName': 'Mountain Hydro Nepal Limited'}, {'totalQuantity': 28598, 'totalOrder': 13, 'securityId': 9199, 'symbol': 'RNLI', 'securityName': 'Reliable Nepal Life Insurance Limited'}, {'totalQuantity': 28300, 'totalOrder': 6, 'securityId': 9304, 'symbol': 'CSY', 'securityName': 'Citizens Santulit Yojana'}, {'totalQuantity': 28174, 'totalOrder': 13, 'securityId': 686, 'symbol': 'BARUN', 'securityName': 'Barun Hydropower Co. Ltd.'}, {'totalQuantity': 28054, 'totalOrder': 6, 'securityId': 9324, 'symbol': 'RLEL', 'securityName': 'Ridge Line Energy Limited'}, {'totalQuantity': 27072, 'totalOrder': 7, 'securityId': 9346, 'symbol': 'KAHL', 'securityName': 'Kalanga Hydro Limited'}, {'totalQuantity': 27040, 'totalOrder': 11, 'securityId': 9193, 'symbol': 'GCIL', 'securityName': 'Ghorahi Cement Industry Limited'}, {'totalQuantity': 26984, 'totalOrder': 14, 'securityId': 9179, 'symbol': 'MEL', 'securityName': 'Modi Energy Limited'}, {'totalQuantity': 26323, 'totalOrder': 5, 'securityId': 185, 'symbol': 'SALICO', 'securityName': 'Sagarmatha Lumbini Insurance Co. Limited'}, {'totalQuantity': 26111, 'totalOrder': 9, 'securityId': 179, 'symbol': 'HEI', 'securityName': 'Himalayan Everest Insurance Limited'}, {'totalQuantity': 26100, 'totalOrder': 4, 'securityId': 9138, 'symbol': 'NIBLGF', 'securityName': 'NIBL Growth Fund'}, {'totalQuantity': 25770, 'totalOrder': 6, 'securityId': 8075, 'symbol': 'BHDC', 'securityName': 'Bindhyabasini Hydropower Development Company Limited'}, {'totalQuantity': 25628, 'totalOrder': 14, 'securityId': 8032, 'symbol': 'BNHC', 'securityName': 'Buddha Bhumi Nepal Hydropower Company Limited'}, {'totalQuantity': 25400, 'totalOrder': 7, 'securityId': 9349, 'symbol': 'SAEF2', 'securityName': 'Sanima Equity Fund-2'}, {'totalQuantity': 25275, 'totalOrder': 7, 'securityId': 9329, 'symbol': 'SIPD', 'securityName': 'Shikhar power Development Limited'}, {'totalQuantity': 25040, 'totalOrder': 6, 'securityId': 9343, 'symbol': 'TPKHL', 'securityName': 'Taksar Pikhuwa Khola Hydropower Limited'}, {'totalQuantity': 24400, 'totalOrder': 6, 'securityId': 2933, 'symbol': 'KEF', 'securityName': 'Kumari Equity Fund'}, {'totalQuantity': 24275, 'totalOrder': 12, 'securityId': 263, 'symbol': 'GMFIL', 'securityName': 'Guheshowori Merchant Bank & Finance Co. Ltd.'}, {'totalQuantity': 23957, 'totalOrder': 7, 'securityId': 8065, 'symbol': 'CYCL', 'securityName': 'CYC Nepal Laghubitta Bittiya Sanstha Limited'}, {'totalQuantity': 23929, 'totalOrder': 8, 'securityId': 2841, 'symbol': 'RHPL', 'securityName': 'RASUWAGADHI HYDROPOWER COMPANY LIMITED'}, {'totalQuantity': 23923, 'totalOrder': 5, 'securityId': 9263, 'symbol': 'SANVI', 'securityName': 'Sanvi Energy Limited'}, {'totalQuantity': 23691, 'totalOrder': 7, 'securityId': 8031, 'symbol': 'MBJC', 'securityName': 'Madhya Bhotekoshi Jalavidyut Company Limited'}, {'totalQuantity': 23405, 'totalOrder': 17, 'securityId': 8076, 'symbol': 'HHL', 'securityName': 'Himalayan Hydropower Limited'}, {'totalQuantity': 23055, 'totalOrder': 5, 'securityId': 9257, 'symbol': 'MBLEF', 'securityName': 'MBL Equity Fund'}, {'totalQuantity': 22934, 'totalOrder': 8, 'securityId': 153, 'symbol': 'BPCL', 'securityName': 'Butwal Power Company Limited'}, {'totalQuantity': 22608, 'totalOrder': 12, 'securityId': 450, 'symbol': 'CORBL', 'securityName': 'Corporate Development Bank Limited'}, {'totalQuantity': 22531, 'totalOrder': 8, 'securityId': 154, 'symbol': 'CHCL', 'securityName': 'Chilime Hydropower Company Limited'}, {'totalQuantity': 22339, 'totalOrder': 9, 'securityId': 2915, 'symbol': 'PMLI', 'securityName': 'Prabhu Mahalaxmi Life Insurance Limited'}, {'totalQuantity': 22029, 'totalOrder': 5, 'securityId': 2807, 'symbol': 'ALBSL', 'securityName': 'Asha Laghubitta Bittiya Sanstha Ltd'}, {'totalQuantity': 21915, 'totalOrder': 14, 'securityId': 5982, 'symbol': 'SRLI', 'securityName': 'Sanima Reliance Life Insurance Limited'}, {'totalQuantity': 21041, 'totalOrder': 13, 'securityId': 490, 'symbol': 'FMDBL', 'securityName': 'First Micro Finance Laghubitta Bittiya Sanstha Limited'}, {'totalQuantity': 20606, 'totalOrder': 10, 'securityId': 2789, 'symbol': 'JOSHI', 'securityName': 'Joshi Hydropower Development Company Ltd'}, {'totalQuantity': 20576, 'totalOrder': 8, 'securityId': 2786, 'symbol': 'PMHPL', 'securityName': 'Panchakanya Mai Hydropower Ltd'}, {'totalQuantity': 19904, 'totalOrder': 6, 'securityId': 9337, 'symbol': 'APHL', 'securityName': 'Appolo Hydropower Limited'}, {'totalQuantity': 19849, 'totalOrder': 10, 'securityId': 9201, 'symbol': 'SNLI', 'securityName': 'Sun Nepal Life Insurance Company Limited'}, {'totalQuantity': 19377, 'totalOrder': 15, 'securityId': 186, 'symbol': 'IGI', 'securityName': 'IGI Prudential insurance Limited'}, {'totalQuantity': 19281, 'totalOrder': 12, 'securityId': 9171, 'symbol': 'BEDC', 'securityName': 'Bhugol Energy Development Company Limited'}, {'totalQuantity': 19165, 'totalOrder': 17, 'securityId': 192, 'symbol': 'SICL', 'securityName': 'Shikhar Insurance Co. Ltd.'}, {'totalQuantity': 18882, 'totalOrder': 7, 'securityId': 9308, 'symbol': 'HFIN', 'securityName': 'Hotel Forest Inn Limited'}, {'totalQuantity': 18820, 'totalOrder': 14, 'securityId': 244, 'symbol': 'SIFC', 'securityName': 'Shree Investment Finance Co. Ltd.'}, {'totalQuantity': 18750, 'totalOrder': 6, 'securityId': 2902, 'symbol': 'LUK', 'securityName': 'Laxmi Unnati Kosh'}, {'totalQuantity': 18399, 'totalOrder': 7, 'securityId': 2766, 'symbol': 'CHL', 'securityName': 'Chhyangdi Hydropower Ltd.'}, {'totalQuantity': 18275, 'totalOrder': 6, 'securityId': 3946, 'symbol': 'CHDC', 'securityName': 'CEDB Holdings Limited'}, {'totalQuantity': 18126, 'totalOrder': 11, 'securityId': 9216, 'symbol': 'SONA', 'securityName': 'Sonapur Minerals And Oil Limited'}, {'totalQuantity': 18059, 'totalOrder': 13, 'securityId': 2881, 'symbol': 'NRIC', 'securityName': 'Nepal Reinsurance Company Limited'}, {'totalQuantity': 17939, 'totalOrder': 12, 'securityId': 137, 'symbol': 'EBL', 'securityName': 'Everest Bank Limited'}, {'totalQuantity': 17889, 'totalOrder': 6, 'securityId': 9208, 'symbol': 'ULHC', 'securityName': 'Upper Lohore Khola Hydropower Company Limited'}, {'totalQuantity': 17823, 'totalOrder': 5, 'securityId': 9347, 'symbol': 'ECL', 'securityName': 'Everest Colour Limited'}, {'totalQuantity': 17463, 'totalOrder': 11, 'securityId': 204, 'symbol': 'GUFL', 'securityName': 'Gurkhas Finance Ltd.'}, {'totalQuantity': 17360, 'totalOrder': 5, 'securityId': 4967, 'symbol': 'NICSF', 'securityName': 'NIC Asia Select Fund 30'}, {'totalQuantity': 17249, 'totalOrder': 10, 'securityId': 2754, 'symbol': 'DHPL', 'securityName': 'Dibyashwori Hydropower Ltd.'}, {'totalQuantity': 17234, 'totalOrder': 14, 'securityId': 188, 'symbol': 'LICN', 'securityName': 'Life Insurance Corporation (Nepal) Limited'}, {'totalQuantity': 17200, 'totalOrder': 4, 'securityId': 9178, 'symbol': 'RMF2', 'securityName': 'RBB Mutual Fund 2'}, {'totalQuantity': 17081, 'totalOrder': 17, 'securityId': 227, 'symbol': 'BFC', 'securityName': 'Best Finance Company Ltd.'}, {'totalQuantity': 16236, 'totalOrder': 9, 'securityId': 9149, 'symbol': 'MKHC', 'securityName': 'Maya Khola Hydropower Company Limited'}, {'totalQuantity': 16003, 'totalOrder': 6, 'securityId': 9159, 'symbol': 'SMJC', 'securityName': 'Sagarmatha Jalabidhyut Company Limited'}, {'totalQuantity': 15950, 'totalOrder': 16, 'securityId': 9209, 'symbol': 'CLI', 'securityName': 'Citizen Life Insurance Company Limited'}, {'totalQuantity': 15804, 'totalOrder': 6, 'securityId': 8126, 'symbol': 'SIKLES', 'securityName': 'Sikles Hydropower Limited'}, {'totalQuantity': 15689, 'totalOrder': 5, 'securityId': 8063, 'symbol': 'ULBSL', 'securityName': 'Upakar Laghubitta Bittiya Sanstha Limited'}, {'totalQuantity': 15590, 'totalOrder': 5, 'securityId': 2744, 'symbol': 'GRDBL', 'securityName': 'Green Development Bank Ltd.'}, {'totalQuantity': 15581, 'totalOrder': 6, 'securityId': 9181, 'symbol': 'RAWA', 'securityName': 'Rawa Energy Development Limited'}, {'totalQuantity': 15325, 'totalOrder': 6, 'securityId': 9296, 'symbol': 'BUNGAL', 'securityName': 'Bungal Hydro Limited'}, {'totalQuantity': 15262, 'totalOrder': 5, 'securityId': 8121, 'symbol': 'SPHL', 'securityName': 'Sayapatri Hydropower Limited'}, {'totalQuantity': 15225, 'totalOrder': 12, 'securityId': 9184, 'symbol': 'ILI', 'securityName': 'IME Life Insurance Company Limited'}, {'totalQuantity': 15155, 'totalOrder': 14, 'securityId': 1741, 'symbol': 'MERO', 'securityName': 'Mero Microfinance Bittiya Sanstha Ltd.'}, {'totalQuantity': 14657, 'totalOrder': 5, 'securityId': 559, 'symbol': 'NLG', 'securityName': 'NLG Insurance Company Ltd.'}, {'totalQuantity': 14600, 'totalOrder': 7, 'securityId': 2937, 'symbol': 'SBCF', 'securityName': 'Sunrise Bluechip Fund'}, {'totalQuantity': 14316, 'totalOrder': 5, 'securityId': 9305, 'symbol': 'SABBL', 'securityName': 'Salapa Bikas Bank Limited'}, {'totalQuantity': 14260, 'totalOrder': 14, 'securityId': 9183, 'symbol': 'NRM', 'securityName': 'Nepal Republic Media Limited'}, {'totalQuantity': 14106, 'totalOrder': 5, 'securityId': 9148, 'symbol': 'SMH', 'securityName': 'Super Mai Hydropower Limited'}, {'totalQuantity': 13929, 'totalOrder': 20, 'securityId': 385, 'symbol': 'ALICL', 'securityName': 'Asian Life Insurance Co. Limited'}, {'totalQuantity': 13900, 'totalOrder': 6, 'securityId': 9312, 'symbol': 'NSY', 'securityName': 'Nepal Life Samriddhi Lagani Yojana'}, {'totalQuantity': 13851, 'totalOrder': 15, 'securityId': 180, 'symbol': 'UAIL', 'securityName': 'United Ajod Insurance Limited'}, {'totalQuantity': 13822, 'totalOrder': 10, 'securityId': 706, 'symbol': 'SWMF', 'securityName': 'Suryodaya Womi Laghubitta Bittiya Sanstha Limited'}, {'totalQuantity': 13740, 'totalOrder': 20, 'securityId': 235, 'symbol': 'HDL', 'securityName': 'Himalayan Distillery Limited'}, {'totalQuantity': 13610, 'totalOrder': 5, 'securityId': 9191, 'symbol': 'C30MF', 'securityName': 'Citizens Super 30 Mutual Fund'}, {'totalQuantity': 13579, 'totalOrder': 8, 'securityId': 2832, 'symbol': 'ILBS', 'securityName': 'Infinity Laghubitta Bittiya Sanstha Limited'}, {'totalQuantity': 13369, 'totalOrder': 14, 'securityId': 178, 'symbol': 'NLICL', 'securityName': 'National Life Insurance Co. Ltd.'}, {'totalQuantity': 13266, 'totalOrder': 9, 'securityId': 2813, 'symbol': 'PPCL', 'securityName': 'Panchthar Power Compant Limited'}, {'totalQuantity': 12985, 'totalOrder': 5, 'securityId': 9330, 'symbol': 'PCIL', 'securityName': 'Palpa Cement Industries Limited'}, {'totalQuantity': 12752, 'totalOrder': 6, 'securityId': 9196, 'symbol': 'KBSH', 'securityName': 'Kutheli Bukhari Small Hydropower Limited'}, {'totalQuantity': 12662, 'totalOrder': 6, 'securityId': 587, 'symbol': 'RLFL', 'securityName': 'Reliance Finance Ltd.'}, {'totalQuantity': 12594, 'totalOrder': 8, 'securityId': 2917, 'symbol': 'CGH', 'securityName': 'Chandragiri Hills Limited'}, {'totalQuantity': 12545, 'totalOrder': 6, 'securityId': 9135, 'symbol': 'BHPL', 'securityName': 'Barahi Hydropower Public Limited'}, {'totalQuantity': 12103, 'totalOrder': 7, 'securityId': 8131, 'symbol': 'EHPL', 'securityName': 'Eastern Hydropower Limited'}, {'totalQuantity': 12098, 'totalOrder': 8, 'securityId': 232, 'symbol': 'GFCL', 'securityName': 'Goodwill Finance Limited'}, {'totalQuantity': 12075, 'totalOrder': 7, 'securityId': 268, 'symbol': 'SWBBL', 'securityName': 'Swabalamban Laghubitta Bittiya Sanstha Limited'}, {'totalQuantity': 11996, 'totalOrder': 9, 'securityId': 9293, 'symbol': 'DHEL', 'securityName': 'Daramkhola Hydro Energy Limited'}, {'totalQuantity': 11745, 'totalOrder': 7, 'securityId': 9323, 'symbol': 'SKHL', 'securityName': 'Super Khudi Hydropower Limited'}, {'totalQuantity': 11653, 'totalOrder': 6, 'securityId': 184, 'symbol': 'PRIN', 'securityName': 'Prabhu Insurance Ltd.'}, {'totalQuantity': 11583, 'totalOrder': 6, 'securityId': 8104, 'symbol': 'USHEC', 'securityName': 'Upper Solu Hydro Electric Company Limited'}, {'totalQuantity': 11506, 'totalOrder': 12, 'securityId': 2914, 'symbol': 'UMRH', 'securityName': 'United IDI Mardi RB Hydropower Limited.'}, {'totalQuantity': 11399, 'totalOrder': 8, 'securityId': 9213, 'symbol': 'HATHY', 'securityName': 'Hathway Investment Nepal Limited'}, {'totalQuantity': 11300, 'totalOrder': 5, 'securityId': 9248, 'symbol': 'GSY', 'securityName': 'Garima Samriddhi Yojana'}, {'totalQuantity': 11112, 'totalOrder': 13, 'securityId': 2908, 'symbol': 'SGIC', 'securityName': 'Sanima GIC Insurance Limited'}, {'totalQuantity': 10847, 'totalOrder': 8, 'securityId': 9294, 'symbol': 'SAGAR', 'securityName': 'Sagar Distillery Limited'}, {'totalQuantity': 10830, 'totalOrder': 9, 'securityId': 164, 'symbol': 'CBBL', 'securityName': 'Chhimek Laghubitta Bittiya Sanstha Limited'}, {'totalQuantity': 10746, 'totalOrder': 7, 'securityId': 9352, 'symbol': 'MEPDL', 'securityName': 'Mount Everest Power Development Limited'}, {'totalQuantity': 10712, 'totalOrder': 9, 'securityId': 133, 'symbol': 'SCB', 'securityName': 'Standard Chartered Bank Limited'}, {'totalQuantity': 10703, 'totalOrder': 15, 'securityId': 2842, 'symbol': 'SJCL', 'securityName': 'SANJEN JALAVIDHYUT COMPANY LIMITED'}, {'totalQuantity': 10627, 'totalOrder': 7, 'securityId': 194, 'symbol': 'NFS', 'securityName': 'Nepal Finance Ltd.'}, {'totalQuantity': 10372, 'totalOrder': 6, 'securityId': 176, 'symbol': 'NICL', 'securityName': 'Nepal Insurance Co. Ltd.'}, {'totalQuantity': 10351, 'totalOrder': 6, 'securityId': 396, 'symbol': 'NMLBBL', 'securityName': 'Nerude Mirmire Laghubitta Bittiya Sanstha Limited'}, {'totalQuantity': 10056, 'totalOrder': 7, 'securityId': 9176, 'symbol': 'IHL', 'securityName': 'Ingwa Hydropower Limited'}, {'totalQuantity': 9978, 'totalOrder': 7, 'securityId': 8102, 'symbol': 'MHL', 'securityName': 'Mandakini Hydropower Limited'}, {'totalQuantity': 9773, 'totalOrder': 9, 'securityId': 705, 'symbol': 'GILB', 'securityName': 'Global IME Laghubitta Bittiya Sanstha Ltd.'}, {'totalQuantity': 9503, 'totalOrder': 15, 'securityId': 574, 'symbol': 'SKBBL', 'securityName': 'Sana Kisan Bikas Laghubitta Bittiya Sanstha Limited'}, {'totalQuantity': 9408, 'totalOrder': 10, 'securityId': 371, 'symbol': 'MDB', 'securityName': 'Miteri Development Bank Limited'}, {'totalQuantity': 9355, 'totalOrder': 7, 'securityId': 700, 'symbol': 'HEIP', 'securityName': 'Himalayan Everest Insurance Limited Promoter'}, {'totalQuantity': 9157, 'totalOrder': 21, 'securityId': 307, 'symbol': 'NTC', 'securityName': 'Nepal Doorsanchar Company Limited'}, {'totalQuantity': 8791, 'totalOrder': 6, 'securityId': 273, 'symbol': 'ICFC', 'securityName': 'ICFC Finance Limited'}, {'totalQuantity': 8688, 'totalOrder': 15, 'securityId': 2787, 'symbol': 'KPCL', 'securityName': 'Kalika power Company Ltd'}, {'totalQuantity': 8556, 'totalOrder': 11, 'securityId': 8026, 'symbol': 'NYADI', 'securityName': 'Nyadi Hydropower Limited'}, {'totalQuantity': 8445, 'totalOrder': 6, 'securityId': 687, 'symbol': 'VLBS', 'securityName': 'Vijaya laghubitta Bittiya Sanstha Ltd.'}, {'totalQuantity': 8227, 'totalOrder': 8, 'securityId': 163, 'symbol': 'NUBL', 'securityName': 'Nirdhan Utthan Laghubitta Bittiya Sanstha Limited'}, {'totalQuantity': 8117, 'totalOrder': 13, 'securityId': 545, 'symbol': 'SLBBL', 'securityName': 'Swarojgar Laghubitta Bittiya Sanstha Ltd.'}, {'totalQuantity': 7947, 'totalOrder': 9, 'securityId': 183, 'symbol': 'NIL', 'securityName': 'Neco Insurance Limited'}, {'totalQuantity': 7633, 'totalOrder': 20, 'securityId': 9262, 'symbol': 'TTL', 'securityName': 'Trade Tower Limited'}, {'totalQuantity': 7574, 'totalOrder': 6, 'securityId': 9322, 'symbol': 'BJHL', 'securityName': 'Bhujung Hydropower Limited'}, {'totalQuantity': 7446, 'totalOrder': 10, 'securityId': 250, 'symbol': 'JFL', 'securityName': 'Janaki Finance Company Limited'}, {'totalQuantity': 7399, 'totalOrder': 9, 'securityId': 8005, 'symbol': 'MKJC', 'securityName': 'Mailung Khola Jal Vidhyut Company Limited'}, {'totalQuantity': 7283, 'totalOrder': 6, 'securityId': 8025, 'symbol': 'SPC', 'securityName': 'Samling Power Company Limited'}, {'totalQuantity': 6856, 'totalOrder': 9, 'securityId': 9225, 'symbol': 'VLUCL', 'securityName': 'Vision Lumbini Urja Company Limited '}, {'totalQuantity': 6793, 'totalOrder': 7, 'securityId': 338, 'symbol': 'PROFL', 'securityName': 'Progressive Finance Limited'}, {'totalQuantity': 6674, 'totalOrder': 7, 'securityId': 9242, 'symbol': 'SARBTM', 'securityName': 'Sarbottam Cement Limited'}, {'totalQuantity': 6473, 'totalOrder': 7, 'securityId': 9214, 'symbol': 'BGWT', 'securityName': 'Bhagawati Hydropower Development Company Limited'}, {'totalQuantity': 6349, 'totalOrder': 8, 'securityId': 172, 'symbol': 'NABBC', 'securityName': 'Narayani Development Bank Limited'}, {'totalQuantity': 6256, 'totalOrder': 6, 'securityId': 182, 'symbol': 'SPIL', 'securityName': 'Siddhartha Premier Insurance Limited'}, {'totalQuantity': 6238, 'totalOrder': 6, 'securityId': 9161, 'symbol': 'ANLB', 'securityName': 'Aatmanirbhar Laghubitta Bittiya Sanstha Limited'}, {'totalQuantity': 6228, 'totalOrder': 5, 'securityId': 9334, 'symbol': 'KHPL', 'securityName': 'Kalinchock Hydropower Limited'}, {'totalQuantity': 6182, 'totalOrder': 6, 'securityId': 9158, 'symbol': 'MHCL', 'securityName': 'Molung Hydropower Company Limited'}, {'totalQuantity': 6100, 'totalOrder': 3, 'securityId': 2835, 'symbol': 'NBF2', 'securityName': 'NABIL BALANCED FUND-2'}, {'totalQuantity': 6093, 'totalOrder': 13, 'securityId': 2761, 'symbol': 'SMATA', 'securityName': 'Samata Gharelu Laghubitta Bittiya Sanstha Limited'}, {'totalQuantity': 6053, 'totalOrder': 10, 'securityId': 2887, 'symbol': 'NICLBSL', 'securityName': 'NIC ASIA Laghubitta Bittiya Sanstha Limited'}, {'totalQuantity': 6027, 'totalOrder': 6, 'securityId': 9301, 'symbol': 'SAIL', 'securityName': 'Shreenagar Agritech Industries Limited'}, {'totalQuantity': 6013, 'totalOrder': 10, 'securityId': 583, 'symbol': 'GBLBS', 'securityName': 'Grameen Bikas Laghubitta Bittiya Sanstha Ltd.'}, {'totalQuantity': 5877, 'totalOrder': 11, 'securityId': 9270, 'symbol': 'HIMSTAR', 'securityName': 'Him Star Urja Company Limited'}, {'totalQuantity': 5826, 'totalOrder': 13, 'securityId': 2758, 'symbol': 'FOWAD', 'securityName': 'Forward Microfinance Laghubitta Bittiya Sanstha Limited'}, {'totalQuantity': 5668, 'totalOrder': 12, 'securityId': 210, 'symbol': 'CIT', 'securityName': 'Citizen Investment Trust'}, {'totalQuantity': 5576, 'totalOrder': 6, 'securityId': 471, 'symbol': 'MPFL', 'securityName': 'Multipurpose Finance Company  Limited'}, {'totalQuantity': 5564, 'totalOrder': 8, 'securityId': 704, 'symbol': 'NMBMF', 'securityName': 'NMB  Microfinance Bittiya Sanstha Ltd.'}, {'totalQuantity': 5550, 'totalOrder': 14, 'securityId': 2882, 'symbol': 'ICFCD83', 'securityName': '12% ICFC Finance Limited Debenture 2083'}, {'totalQuantity': 5416, 'totalOrder': 5, 'securityId': 2815, 'symbol': 'GMFBS', 'securityName': 'Ganapati Laghubitta Bittiya Sanstha Limited'}, {'totalQuantity': 5362, 'totalOrder': 6, 'securityId': 9300, 'symbol': 'JHAPA', 'securityName': 'Jhapa Energy Limited'}, {'totalQuantity': 5308, 'totalOrder': 11, 'securityId': 2935, 'symbol': 'RURU', 'securityName': 'Ru Ru Jalbidhyut Pariyojana Limited'}, {'totalQuantity': 5207, 'totalOrder': 10, 'securityId': 4951, 'symbol': 'JBLB', 'securityName': 'Jeevan Bikas Laghubitta  Bittya Sanstha Ltd'}, {'totalQuantity': 5155, 'totalOrder': 5, 'securityId': 9250, 'symbol': 'NMIC', 'securityName': 'Nepal Micro Insurance Company Limited'}, {'totalQuantity': 5146, 'totalOrder': 7, 'securityId': 9258, 'symbol': 'PURE', 'securityName': 'Pure Energy Limited'}, {'totalQuantity': 5116, 'totalOrder': 11, 'securityId': 9287, 'symbol': 'MABEL', 'securityName': 'Mabilung Energy Limited'}, {'totalQuantity': 5115, 'totalOrder': 6, 'securityId': 9299, 'symbol': 'NABILD2089', 'securityName': '7% Nabil Debenture 2089'}, {'totalQuantity': 4931, 'totalOrder': 11, 'securityId': 2746, 'symbol': 'NMFBS', 'securityName': 'National Laghubitta Bittiya Sanstha Limited'}, {'totalQuantity': 4634, 'totalOrder': 5, 'securityId': 601, 'symbol': 'MLBBL', 'securityName': 'Mithila LaghuBitta Bittiya Sanstha Limited'}, {'totalQuantity': 4599, 'totalOrder': 5, 'securityId': 2868, 'symbol': 'NICD83/84', 'securityName': '10.25% NIC Asia Debenture 2083/84'}, {'totalQuantity': 4554, 'totalOrder': 8, 'securityId': 9167, 'symbol': 'MKHL', 'securityName': 'Mai Khola Hydropower Limited'}, {'totalQuantity': 4450, 'totalOrder': 10, 'securityId': 9325, 'symbol': 'SKHEL', 'securityName': 'Suryakunda Hydro Electric Limited'}, {'totalQuantity': 4207, 'totalOrder': 12, 'securityId': 9175, 'symbol': 'MCHL', 'securityName': 'Menchhiyam Hydropower Limited'}, {'totalQuantity': 4089, 'totalOrder': 5, 'securityId': 2790, 'symbol': 'ACLBSL', 'securityName': 'Aarambha Chautari Laghubitta Bittiya Sanstha Limited'}, {'totalQuantity': 4020, 'totalOrder': 8, 'securityId': 593, 'symbol': 'KMCDB', 'securityName': 'Kalika Laghubitta Bittiya Sanstha Ltd'}, {'totalQuantity': 3778, 'totalOrder': 7, 'securityId': 9150, 'symbol': 'AHL', 'securityName': 'Asian Hydropower Limited'}, {'totalQuantity': 3630, 'totalOrder': 10, 'securityId': 9212, 'symbol': 'MANDU', 'securityName': 'Mandu Hydropower Limited'}, {'totalQuantity': 3555, 'totalOrder': 6, 'securityId': 693, 'symbol': 'HLBSL', 'securityName': 'Himalayan Laghubitta Bittiya Sanstha Limited'}, {'totalQuantity': 3500, 'totalOrder': 3, 'securityId': 9254, 'symbol': 'NMBHF2', 'securityName': 'NMB Hybrid Fund L- II'}, {'totalQuantity': 3429, 'totalOrder': 5, 'securityId': 8117, 'symbol': 'AVYAN', 'securityName': 'Aviyan Laghubitta Bittiya Sanstha Limited'}, {'totalQuantity': 3345, 'totalOrder': 9, 'securityId': 9256, 'symbol': 'OMPL', 'securityName': 'Om Megashree Pharmaceuticals Limited'}, {'totalQuantity': 3243, 'totalOrder': 9, 'securityId': 9230, 'symbol': 'MKCL', 'securityName': 'Muktinath Krishi Company Limited'}, {'totalQuantity': 3221, 'totalOrder': 6, 'securityId': 9215, 'symbol': 'MSHL', 'securityName': 'Mid Solu Hydropower Limited'}, {'totalQuantity': 3064, 'totalOrder': 8, 'securityId': 9246, 'symbol': 'GMLI', 'securityName': 'Guardian Micro Life Insurance Limited '}, {'totalQuantity': 3046, 'totalOrder': 6, 'securityId': 2774, 'symbol': 'USLB', 'securityName': 'Unnati Sahakarya Laghubitta Bittiya Sanstha Limited'}, {'totalQuantity': 2866, 'totalOrder': 8, 'securityId': 9233, 'symbol': 'NWCL', 'securityName': 'Nepal Warehousing Company Limited '}, {'totalQuantity': 2777, 'totalOrder': 5, 'securityId': 9151, 'symbol': 'KDL', 'securityName': 'Kalinchowk Darshan Limited'}, {'totalQuantity': 2704, 'totalOrder': 5, 'securityId': 694, 'symbol': 'MATRI', 'securityName': 'Matribhumi Lagubitta Bittiya Sanstha Limited'}, {'totalQuantity': 2625, 'totalOrder': 6, 'securityId': 2769, 'symbol': 'NHDL', 'securityName': 'Nepal Hydro Developers Ltd.'}, {'totalQuantity': 2620, 'totalOrder': 5, 'securityId': 2768, 'symbol': 'MSLB', 'securityName': 'Mahuli Laghubitta Bittiya Sanstha Limited'}, {'totalQuantity': 2609, 'totalOrder': 11, 'securityId': 9194, 'symbol': 'TSHL', 'securityName': 'Three Star Hydropower Limited'}, {'totalQuantity': 2520, 'totalOrder': 6, 'securityId': 9147, 'symbol': 'SPL', 'securityName': 'Shuvam Power Limited'}, {'totalQuantity': 2485, 'totalOrder': 5, 'securityId': 9266, 'symbol': 'NICAD2091', 'securityName': '7% NIC ASIA Debenture 2091'}, {'totalQuantity': 2445, 'totalOrder': 14, 'securityId': 9217, 'symbol': 'MMKJL', 'securityName': 'Mathillo Mailun Khola Jalvidhyut Limited'}, {'totalQuantity': 2402, 'totalOrder': 6, 'securityId': 9140, 'symbol': 'UNLB', 'securityName': 'Unique Nepal Laghubitta Bittiya Sanstha Limited'}, {'totalQuantity': 2354, 'totalOrder': 6, 'securityId': 155, 'symbol': 'STC', 'securityName': 'Salt Trading Corporation'}, {'totalQuantity': 2339, 'totalOrder': 5, 'securityId': 149, 'symbol': 'OHL', 'securityName': 'Oriental Hotels Limited'}, {'totalQuantity': 2281, 'totalOrder': 5, 'securityId': 2804, 'symbol': 'SLBSL', 'securityName': 'Samudayik Laghubitta Bittiya Sanstha Limited'}, {'totalQuantity': 2256, 'totalOrder': 1, 'securityId': 2863, 'symbol': 'NICBF', 'securityName': 'NIC Asia Balanced Fund'}, {'totalQuantity': 2134, 'totalOrder': 15, 'securityId': 8041, 'symbol': 'NESDO', 'securityName': 'NESDO Sambridha Laghubitta Bittiya Sanstha Limited'}, {'totalQuantity': 2107, 'totalOrder': 7, 'securityId': 2781, 'symbol': 'WNLB', 'securityName': 'Wean Nepal Laghubitta Bittiya Sanstha Limited'}, {'totalQuantity': 1830, 'totalOrder': 6, 'securityId': 9192, 'symbol': 'USHL', 'securityName': 'Upper Syange Hydropower Limited'}, {'totalQuantity': 1811, 'totalOrder': 6, 'securityId': 2896, 'symbol': 'SMPDA', 'securityName': 'Sampada Laghubitta Bittiya Sanstha Limited'}, {'totalQuantity': 1780, 'totalOrder': 6, 'securityId': 9327, 'symbol': 'ICFCD89', 'securityName': '8% ICFC Finance Limited Debenture 2089'}, {'totalQuantity': 1741, 'totalOrder': 8, 'securityId': 2784, 'symbol': 'NADEP', 'securityName': 'Nadep Laghubittiya bittya Sanstha Ltd.'}, {'totalQuantity': 1685, 'totalOrder': 5, 'securityId': 2864, 'symbol': 'SBLD83', 'securityName': '10.25% SBL Debenture 2083'}, {'totalQuantity': 1552, 'totalOrder': 7, 'securityId': 618, 'symbol': 'LLBS', 'securityName': 'Laxmi Laghubitta Bittiya Sanstha Ltd.'}, {'totalQuantity': 1455, 'totalOrder': 5, 'securityId': 9261, 'symbol': 'NIFRAGED', 'securityName': 'Nifra Green Energy Debenture 6% - 2088/89'}, {'totalQuantity': 1446, 'totalOrder': 6, 'securityId': 2771, 'symbol': 'SMB', 'securityName': 'Support Microfinance Bittiya Sanstha Ltd.'}, {'totalQuantity': 1093, 'totalOrder': 8, 'securityId': 2925, 'symbol': 'MLBSL', 'securityName': 'Mahila Lagubitta Bittiya Sanstha Limited '}, {'totalQuantity': 1000, 'totalOrder': 2, 'securityId': 8023, 'symbol': 'MMF1', 'securityName': 'Mega Mutual Fund -1'}, {'totalQuantity': 996, 'totalOrder': 6, 'securityId': 9232, 'symbol': 'CKHL', 'securityName': 'Chirkhwa Hydropower Limited '}, {'totalQuantity': 985, 'totalOrder': 6, 'securityId': 2885, 'symbol': 'KBLD86', 'securityName': '10.25% KBL Debenture 2086'}, {'totalQuantity': 955, 'totalOrder': 5, 'securityId': 2879, 'symbol': 'LBLD86', 'securityName': '10% Laxmi Bank Debenture 2086'}, {'totalQuantity': 895, 'totalOrder': 6, 'securityId': 8132, 'symbol': 'SHLB', 'securityName': 'Shrijanshil Laghubitta Bittiya Sanstha Limited'}, {'totalQuantity': 888, 'totalOrder': 6, 'securityId': 9295, 'symbol': 'SWASTIK', 'securityName': 'Swastik Laghubitta Bittiya Sanstha Limited'}, {'totalQuantity': 797, 'totalOrder': 7, 'securityId': 2829, 'symbol': 'SMFBS', 'securityName': 'Swabhimaan Laghubitta Bittiya Sanstha Limited'}, {'totalQuantity': 740, 'totalOrder': 5, 'securityId': 9264, 'symbol': 'RBBD2088', 'securityName': '7% RBBL Debenture 2088'}, {'totalQuantity': 718, 'totalOrder': 6, 'securityId': 2826, 'symbol': 'GLBSL', 'securityName': 'Gurans Laghubitta Bittiya Sanstha Limited'}, {'totalQuantity': 700, 'totalOrder': 2, 'securityId': 8105, 'symbol': 'NMBUR93/94', 'securityName': 'NMB Energy Bond 4% - 2093/94 '}, {'totalQuantity': 585, 'totalOrder': 4, 'securityId': 9289, 'symbol': 'SBID2090', 'securityName': '7% Nepal SBI Bank Debenture 2090'}, {'totalQuantity': 531, 'totalOrder': 5, 'securityId': 695, 'symbol': 'JSLBB', 'securityName': 'Janautthan Samudayic Laghubitta Bittya Sanstha Limited'}, {'totalQuantity': 503, 'totalOrder': 5, 'securityId': 156, 'symbol': 'BBC', 'securityName': 'Bishal Bazar Company Limited'}, {'totalQuantity': 482, 'totalOrder': 5, 'securityId': 9271, 'symbol': 'SBLD2091', 'securityName': '7.25% SBL Debenture 2091'}, {'totalQuantity': 475, 'totalOrder': 5, 'securityId': 6985, 'symbol': 'SDBD87', 'securityName': 'Shangri-la Development Bank Debenture 2087'}, {'totalQuantity': 465, 'totalOrder': 6, 'securityId': 177, 'symbol': 'RBCL', 'securityName': 'Rastriya Beema Company Limited'}, {'totalQuantity': 464, 'totalOrder': 4, 'securityId': 9137, 'symbol': 'HBLD86', 'securityName': 'Himalayan Bank Limited Bond, 2086'}, {'totalQuantity': 440, 'totalOrder': 4, 'securityId': 9286, 'symbol': 'SHINED', 'securityName': 'Shine Resunga Debenture'}, {'totalQuantity': 410, 'totalOrder': 5, 'securityId': 9195, 'symbol': 'MLBLD89', 'securityName': '11% Mahalaxmi Debenture 2089'}, {'totalQuantity': 395, 'totalOrder': 5, 'securityId': 9180, 'symbol': 'NMBD89/90', 'securityName': 'NMB Debenture 10.75%-2089/90'}, {'totalQuantity': 370, 'totalOrder': 5, 'securityId': 2886, 'symbol': 'ADBLD83', 'securityName': '10.35% Agricultural Bank Debenture 2083'}, {'totalQuantity': 325, 'totalOrder': 5, 'securityId': 2878, 'symbol': 'SRBLD83', 'securityName': '10.25% Sunrise Bank Debenture 2083'}, {'totalQuantity': 280, 'totalOrder': 5, 'securityId': 9197, 'symbol': 'LBBLD89', 'securityName': '11% L.B.B.L. Debenture 2089'}, {'totalQuantity': 275, 'totalOrder': 5, 'securityId': 2932, 'symbol': 'MFLD85', 'securityName': '9.5% Manjushree Finance Limited Debenture 2085'}, {'totalQuantity': 258, 'totalOrder': 8, 'securityId': 8119, 'symbol': 'EBLD85', 'securityName': '10.50% Everest Bank Limited Debenture 2085'}, {'totalQuantity': 251, 'totalOrder': 6, 'securityId': 213, 'symbol': 'BNT', 'securityName': 'Bottlers Nepal (Terai) Limited'}, {'totalQuantity': 250, 'totalOrder': 1, 'securityId': 6984, 'symbol': 'PBD85', 'securityName': '8.75 % Prime Debenture 2085'}, {'totalQuantity': 250, 'totalOrder': 5, 'securityId': 2904, 'symbol': 'PBLD84', 'securityName': '10% Prabhu Bank Debenture 2084 '}, {'totalQuantity': 241, 'totalOrder': 5, 'securityId': 4969, 'symbol': 'MND84/85', 'securityName': 'Muktinath Debenture 2084/85'}, {'totalQuantity': 235, 'totalOrder': 5, 'securityId': 2931, 'symbol': 'NIBD84', 'securityName': '8.5% Nepal Investment Bank Debenture 2084'}, {'totalQuantity': 225, 'totalOrder': 5, 'securityId': 8003, 'symbol': 'RBBD83', 'securityName': '8.5% RBBL Debenture 2083'}, {'totalQuantity': 210, 'totalOrder': 5, 'securityId': 2936, 'symbol': 'NCCD86', 'securityName': '9.5% NCC Debenture 2086'}, {'totalQuantity': 210, 'totalOrder': 5, 'securityId': 9177, 'symbol': 'SCBD', 'securityName': '10.30% Standard Chartered Bank Limited Debenture'}, {'totalQuantity': 200, 'totalOrder': 4, 'securityId': 9255, 'symbol': 'EBLD91', 'securityName': 'Everest Bank Limited Debenture 2091'}, {'totalQuantity': 195, 'totalOrder': 5, 'securityId': 8127, 'symbol': 'KBLD89', 'securityName': '11% KBL Debenture 2089'}, {'totalQuantity': 190, 'totalOrder': 5, 'securityId': 8043, 'symbol': 'CBLD88', 'securityName': 'Civil Bank Debenture 2088'}, {'totalQuantity': 190, 'totalOrder': 4, 'securityId': 4948, 'symbol': 'KSBBLD87', 'securityName': '9% Kamana Sewa Bikas Bank Limited Debenture 2087'}, {'totalQuantity': 187, 'totalOrder': 5, 'securityId': 2883, 'symbol': 'GWFD83', 'securityName': '12 % Goodwill Finance Limited Debenture 2083'}, {'totalQuantity': 185, 'totalOrder': 5, 'securityId': 8020, 'symbol': 'JBBD87', 'securityName': 'Jyoti Bikash Bank Bond 2087'}, {'totalQuantity': 176, 'totalOrder': 5, 'securityId': 4959, 'symbol': 'NBLD87', 'securityName': '8.5% Nepal Bank Debenture 2087'}, {'totalQuantity': 165, 'totalOrder': 4, 'securityId': 8044, 'symbol': 'EBLD86', 'securityName': 'Everest Bank Limited'}, {'totalQuantity': 165, 'totalOrder': 5, 'securityId': 8097, 'symbol': 'PBD88', 'securityName': '10% Prime Debenture 2088'}, {'totalQuantity': 155, 'totalOrder': 5, 'securityId': 9136, 'symbol': 'BOKD86KA', 'securityName': 'BOK Debenture 2086 ""KA""'}, {'totalQuantity': 151, 'totalOrder': 3, 'securityId': 8027, 'symbol': 'NBLD85', 'securityName': 'Nabil Debenture 2085'}, {'totalQuantity': 140, 'totalOrder': 5, 'securityId': 2875, 'symbol': 'PBLD86', 'securityName': '10.25% Prabhu Bank  Debenture 2086'}, {'totalQuantity': 125, 'totalOrder': 2, 'securityId': 2889, 'symbol': 'CIZBD86', 'securityName': '10.25% Citizens Bank Debenture 2086'}, {'totalQuantity': 125, 'totalOrder': 3, 'securityId': 4962, 'symbol': 'PBLD87', 'securityName': '8.5% Prabhu Bank Debenture 2087'}, {'totalQuantity': 125, 'totalOrder': 3, 'securityId': 8033, 'symbol': 'GBBD85', 'securityName': 'Garima Debenture, 2085'}, {'totalQuantity': 120, 'totalOrder': 4, 'securityId': 9231, 'symbol': 'CIZBD90', 'securityName': '10% Citizens Bank Debenture 2090'}, {'totalQuantity': 116, 'totalOrder': 4, 'securityId': 8004, 'symbol': 'GBILD86/87', 'securityName': 'Global IME Bank Limited Debenture 2086/87'}, {'totalQuantity': 115, 'totalOrder': 3, 'securityId': 2922, 'symbol': 'SBD87', 'securityName': '8.5% Sanima Debenture 2087'}, {'totalQuantity': 115, 'totalOrder': 5, 'securityId': 9249, 'symbol': 'ICFCD88', 'securityName': '9% ICFC Finance Limited Debenture 2088'}, {'totalQuantity': 110, 'totalOrder': 5, 'securityId': 2912, 'symbol': 'SBLD84', 'securityName': '8.5% SBL Debenture 2084'}, {'totalQuantity': 106, 'totalOrder': 5, 'securityId': 4963, 'symbol': 'NMBD87/88', 'securityName': 'NMB Debenture 8.50% - 2087/88'}, {'totalQuantity': 100, 'totalOrder': 1, 'securityId': 7986, 'symbol': 'NICD88', 'securityName': 'NIC ASIA Rinpatra 2088'}, {'totalQuantity': 100, 'totalOrder': 1, 'securityId': 2850, 'symbol': 'NMBD2085', 'securityName': '10 % NMB DEBENTURE 2085'}, {'totalQuantity': 100, 'totalOrder': 5, 'securityId': 634, 'symbol': 'RBCLPO', 'securityName': 'Rastriya Beema Company Limited Promoter Share'}, {'totalQuantity': 90, 'totalOrder': 9, 'securityId': 219, 'symbol': 'UNL', 'securityName': 'Unilever Nepal Limited'}, {'totalQuantity': 90, 'totalOrder': 3, 'securityId': 9141, 'symbol': 'NIFRAUR85/86', 'securityName': 'NIFRA Uraj Rinpatra7%-2085/86'}, {'totalQuantity': 80, 'totalOrder': 4, 'securityId': 8110, 'symbol': 'SBID83', 'securityName': '10.25% Nepal SBI Bank Debenture 2083'}, {'totalQuantity': 75, 'totalOrder': 2, 'securityId': 4961, 'symbol': 'BOKD86', 'securityName': '8.5% BOK Debenture 2086'}, {'totalQuantity': 70, 'totalOrder': 2, 'securityId': 8034, 'symbol': 'ENL', 'securityName': 'Emerging Nepal Limited'}, {'totalQuantity': 70, 'totalOrder': 4, 'securityId': 8068, 'symbol': 'CCBD88', 'securityName': 'Century Debenture 2088'}, {'totalQuantity': 70, 'totalOrder': 2, 'securityId': 9238, 'symbol': 'NABILD87', 'securityName': '9% Nabil Debenture 2087'}, {'totalQuantity': 65, 'totalOrder': 2, 'securityId': 8109, 'symbol': 'SBD89', 'securityName': '10.25% Sanima Debenture 2089'}, {'totalQuantity': 60, 'totalOrder': 1, 'securityId': 2825, 'symbol': 'NICAD85/86', 'securityName': '10% NIC Asia Debenture 2085/86'}, {'totalQuantity': 50, 'totalOrder': 4, 'securityId': 8123, 'symbol': 'DLBS', 'securityName': 'Dhaulagiri Laghubitta Bittiya Sanstha Limited'}, {'totalQuantity': 50, 'totalOrder': 2, 'securityId': 2892, 'symbol': 'NBLD82', 'securityName': '10% Nabil Debenture 2082'}, {'totalQuantity': 50, 'totalOrder': 1, 'securityId': 9211, 'symbol': 'SBID89', 'securityName': '9% Nepal SBI Bank Rinpatra 2089'}, {'totalQuantity': 30, 'totalOrder': 3, 'securityId': 195, 'symbol': 'BNL', 'securityName': 'Bottlers Nepal (Balaju) Limited'}, {'totalQuantity': 25, 'totalOrder': 1, 'securityId': 9168, 'symbol': 'GBILD84/85', 'securityName': 'Global IME Bank Debenture, 2084/85'}, {'totalQuantity': 25, 'totalOrder': 2, 'securityId': 8116, 'symbol': 'PBD84', 'securityName': '10.15% Prime Debenture 2084'}, {'totalQuantity': 25, 'totalOrder': 1, 'securityId': 8098, 'symbol': 'SBLD89', 'securityName': '10.75% SBL Debenture 2089'}, {'totalQuantity': 20, 'totalOrder': 1, 'securityId': 5984, 'symbol': 'LBLD88', 'securityName': '8.5% Laxmi Bank Debenture 2088'}]",7,"price_volume, live_market, summary, top_gainers, top_losers, nepse_index, supply_demand",5707
