collection_timestamp,collection_time_npt,data_source,record_id,market_open,collection_method,market_schedule,securityid,securityname,symbol,indexid,totaltradequantity,lasttradedprice,percentagechange,previousclose,closeprice,openprice,highprice,lowprice,totaltradevalue,lastupdateddatetime,lasttradedvolume,averagetradedprice,total_turnover_rs:,total_traded_shares,total_transactions,total_scrips_traded,total_market_capitalization_rs:,total_float_market_capitalization_rs:,ltp,cp,pointchange,sensitive_index,nepse_index,float_index,sensitive_float_index,supplylist,demandlist,total_endpoints_collected,endpoints_collected,github_run_number
2026-08-16T13:33:38.194661+05:45,2026-08-16 13:33:38,price_volume,price_volume_1,True,cloud_automated,Sunday - Trading Hours: 11:00 AM - 3:00 PM NPT,2790,Aarambha Chautari Laghubitta Bittiya Sanstha Limited,ACLBSL,58.0,26.0,937.0,-0.636267232,943.0,937.0,,,,,,,,,,,,,,,,,,,,,,,7,"price_volume, live_market, summary, top_gainers, top_losers, nepse_index, supply_demand",5576
2026-08-16T13:33:38.194661+05:45,2026-08-16 13:33:38,price_volume,price_volume_2,True,cloud_automated,Sunday - Trading Hours: 11:00 AM - 3:00 PM NPT,397,Agricultural Development Bank Limited,ADBL,58.0,22448.0,304.0,-0.262467192,304.8,304.0,,,,,,,,,,,,,,,,,,,,,,,7,"price_volume, live_market, summary, top_gainers, top_losers, nepse_index, supply_demand",5576
2026-08-16T13:33:38.194661+05:45,2026-08-16 13:33:38,price_volume,price_volume_3,True,cloud_automated,Sunday - Trading Hours: 11:00 AM - 3:00 PM NPT,9150,Asian Hydropower Limited,AHL,58.0,5152.0,420.5,1.81598063,413.0,420.5,,,,,,,,,,,,,,,,,,,,,,,7,"price_volume, live_market, summary, top_gainers, top_losers, nepse_index, supply_demand",5576
2026-08-16T13:33:38.194661+05:45,2026-08-16 13:33:38,price_volume,price_volume_4,True,cloud_automated,Sunday - Trading Hours: 11:00 AM - 3:00 PM NPT,360,Arun Valley Hydropower Development Co. Ltd.,AHPC,58.0,74965.0,264.9,-0.376081234,265.9,264.9,,,,,,,,,,,,,,,,,,,,,,,7,"price_volume, live_market, summary, top_gainers, top_losers, nepse_index, supply_demand",5576
2026-08-16T13:33:38.194661+05:45,2026-08-16 13:33:38,price_volume,price_volume_5,True,cloud_automated,Sunday - Trading Hours: 11:00 AM - 3:00 PM NPT,2788,Ankhu Khola Jalvidhyut Company Ltd,AKJCL,58.0,161617.0,360.0,-0.826446281,363.0,360.0,,,,,,,,,,,,,,,,,,,,,,,7,"price_volume, live_market, summary, top_gainers, top_losers, nepse_index, supply_demand",5576
2026-08-16T13:33:38.194661+05:45,2026-08-16 13:33:38,price_volume,price_volume_6,True,cloud_automated,Sunday - Trading Hours: 11:00 AM - 3:00 PM NPT,2757,Arun Kabeli Power Ltd.,AKPL,58.0,39240.0,253.2,-1.055099648,255.9,253.2,,,,,,,,,,,,,,,,,,,,,,,7,"price_volume, live_market, summary, top_gainers, top_losers, nepse_index, supply_demand",5576
2026-08-16T13:33:38.194661+05:45,2026-08-16 13:33:38,price_volume,price_volume_7,True,cloud_automated,Sunday - Trading Hours: 11:00 AM - 3:00 PM NPT,2807,Asha Laghubitta Bittiya Sanstha Ltd,ALBSL,58.0,6912.0,1122.9,-0.186666667,1125.0,1122.9,,,,,,,,,,,,,,,,,,,,,,,7,"price_volume, live_market, summary, top_gainers, top_losers, nepse_index, supply_demand",5576
2026-08-16T13:33:38.194661+05:45,2026-08-16 13:33:38,price_volume,price_volume_8,True,cloud_automated,Sunday - Trading Hours: 11:00 AM - 3:00 PM NPT,385,Asian Life Insurance Co. Limited,ALICL,58.0,7425.0,420.0,0.238663484,419.0,420.0,,,,,,,,,,,,,,,,,,,,,,,7,"price_volume, live_market, summary, top_gainers, top_losers, nepse_index, supply_demand",5576
2026-08-16T13:33:38.194661+05:45,2026-08-16 13:33:38,price_volume,price_volume_9,True,cloud_automated,Sunday - Trading Hours: 11:00 AM - 3:00 PM NPT,9161,Aatmanirbhar Laghubitta Bittiya Sanstha Limited,ANLB,58.0,999.0,5320.0,-1.481481481,5400.0,5320.0,,,,,,,,,,,,,,,,,,,,,,,7,"price_volume, live_market, summary, top_gainers, top_losers, nepse_index, supply_demand",5576
2026-08-16T13:33:38.194661+05:45,2026-08-16 13:33:38,price_volume,price_volume_10,True,cloud_automated,Sunday - Trading Hours: 11:00 AM - 3:00 PM NPT,9337,Appolo Hydropower Limited,APHL,58.0,6512.0,805.0,-0.617283951,810.0,805.0,,,,,,,,,,,,,,,,,,,,,,,7,"price_volume, live_market, summary, top_gainers, top_losers, nepse_index, supply_demand",5576
2026-08-16T13:33:38.194661+05:45,2026-08-16 13:33:38,price_volume,price_volume_11,True,cloud_automated,Sunday - Trading Hours: 11:00 AM - 3:00 PM NPT,697,Api Power Company Ltd.,API,58.0,194581.0,332.9,0.392038601,331.6,332.9,,,,,,,,,,,,,,,,,,,,,,,7,"price_volume, live_market, summary, top_gainers, top_losers, nepse_index, supply_demand",5576
2026-08-16T13:33:38.194661+05:45,2026-08-16 13:33:38,price_volume,price_volume_12,True,cloud_automated,Sunday - Trading Hours: 11:00 AM - 3:00 PM NPT,8117,Aviyan Laghubitta Bittiya Sanstha Limited,AVYAN,58.0,4570.0,1075.0,-1.285583104,1089.0,1075.0,,,,,,,,,,,,,,,,,,,,,,,7,"price_volume, live_market, summary, top_gainers, top_losers, nepse_index, supply_demand",5576
2026-08-16T13:33:38.194661+05:45,2026-08-16 13:33:38,price_volume,price_volume_13,True,cloud_automated,Sunday - Trading Hours: 11:00 AM - 3:00 PM NPT,9297,Bandipur Cablecar and Tourism Limited,BANDIPUR,58.0,20753.0,693.5,1.167031364,685.5,693.5,,,,,,,,,,,,,,,,,,,,,,,7,"price_volume, live_market, summary, top_gainers, top_losers, nepse_index, supply_demand",5576
2026-08-16T13:33:38.194661+05:45,2026-08-16 13:33:38,price_volume,price_volume_14,True,cloud_automated,Sunday - Trading Hours: 11:00 AM - 3:00 PM NPT,686,Barun Hydropower Co. Ltd.,BARUN,58.0,15063.0,320.0,-0.92879257,323.0,320.0,,,,,,,,,,,,,,,,,,,,,,,7,"price_volume, live_market, summary, top_gainers, top_losers, nepse_index, supply_demand",5576
2026-08-16T13:33:38.194661+05:45,2026-08-16 13:33:38,price_volume,price_volume_15,True,cloud_automated,Sunday - Trading Hours: 11:00 AM - 3:00 PM NPT,156,Bishal Bazar Company Limited,BBC,58.0,823.0,4080.0,-2.857142857,4200.0,4080.0,,,,,,,,,,,,,,,,,,,,,,,7,"price_volume, live_market, summary, top_gainers, top_losers, nepse_index, supply_demand",5576
2026-08-16T13:33:38.194661+05:45,2026-08-16 13:33:38,price_volume,price_volume_16,True,cloud_automated,Sunday - Trading Hours: 11:00 AM - 3:00 PM NPT,9171,Bhugol Energy Development Company Limited,BEDC,58.0,8965.0,319.4,0.12539185,319.0,319.4,,,,,,,,,,,,,,,,,,,,,,,7,"price_volume, live_market, summary, top_gainers, top_losers, nepse_index, supply_demand",5576
2026-08-16T13:33:38.194661+05:45,2026-08-16 13:33:38,price_volume,price_volume_17,True,cloud_automated,Sunday - Trading Hours: 11:00 AM - 3:00 PM NPT,227,Best Finance Company Ltd.,BFC,58.0,24707.0,485.0,-1.821862348,494.0,485.0,,,,,,,,,,,,,,,,,,,,,,,7,"price_volume, live_market, summary, top_gainers, top_losers, nepse_index, supply_demand",5576
2026-08-16T13:33:38.194661+05:45,2026-08-16 13:33:38,price_volume,price_volume_18,True,cloud_automated,Sunday - Trading Hours: 11:00 AM - 3:00 PM NPT,9214,Bhagawati Hydropower Development Company Limited,BGWT,58.0,4811.0,514.1,-3.0,530.0,514.1,,,,,,,,,,,,,,,,,,,,,,,7,"price_volume, live_market, summary, top_gainers, top_losers, nepse_index, supply_demand",5576
2026-08-16T13:33:38.194661+05:45,2026-08-16 13:33:38,price_volume,price_volume_19,True,cloud_automated,Sunday - Trading Hours: 11:00 AM - 3:00 PM NPT,9267,Bikash Hydropower Company Limited,BHCL,58.0,158720.0,522.1,6.856324192,488.6,522.1,,,,,,,,,,,,,,,,,,,,,,,7,"price_volume, live_market, summary, top_gainers, top_losers, nepse_index, supply_demand",5576
2026-08-16T13:33:38.194661+05:45,2026-08-16 13:33:38,price_volume,price_volume_20,True,cloud_automated,Sunday - Trading Hours: 11:00 AM - 3:00 PM NPT,8075,Bindhyabasini Hydropower Development Company Limited,BHDC,58.0,3377.0,428.0,-0.696055684,431.0,428.0,,,,,,,,,,,,,,,,,,,,,,,7,"price_volume, live_market, summary, top_gainers, top_losers, nepse_index, supply_demand",5576
2026-08-16T13:33:38.194661+05:45,2026-08-16 13:33:38,price_volume,price_volume_21,True,cloud_automated,Sunday - Trading Hours: 11:00 AM - 3:00 PM NPT,8055,Balephi Hydropower Limited,BHL,58.0,89659.0,211.0,-0.471698113,212.0,211.0,,,,,,,,,,,,,,,,,,,,,,,7,"price_volume, live_market, summary, top_gainers, top_losers, nepse_index, supply_demand",5576
2026-08-16T13:33:38.194661+05:45,2026-08-16 13:33:38,price_volume,price_volume_22,True,cloud_automated,Sunday - Trading Hours: 11:00 AM - 3:00 PM NPT,9135,Barahi Hydropower Public Limited,BHPL,58.0,13373.0,489.9,-0.020408163,490.0,489.9,,,,,,,,,,,,,,,,,,,,,,,7,"price_volume, live_market, summary, top_gainers, top_losers, nepse_index, supply_demand",5576
2026-08-16T13:33:38.194661+05:45,2026-08-16 13:33:38,price_volume,price_volume_23,True,cloud_automated,Sunday - Trading Hours: 11:00 AM - 3:00 PM NPT,9322,Bhujung Hydropower Limited,BJHL,58.0,10979.0,696.0,1.310043668,687.0,696.0,,,,,,,,,,,,,,,,,,,,,,,7,"price_volume, live_market, summary, top_gainers, top_losers, nepse_index, supply_demand",5576
2026-08-16T13:33:38.194661+05:45,2026-08-16 13:33:38,price_volume,price_volume_24,True,cloud_automated,Sunday - Trading Hours: 11:00 AM - 3:00 PM NPT,8032,Buddha Bhumi Nepal Hydropower Company Limited,BNHC,58.0,13759.0,282.9,-1.083916084,286.0,282.9,,,,,,,,,,,,,,,,,,,,,,,7,"price_volume, live_market, summary, top_gainers, top_losers, nepse_index, supply_demand",5576
2026-08-16T13:33:38.194661+05:45,2026-08-16 13:33:38,price_volume,price_volume_25,True,cloud_automated,Sunday - Trading Hours: 11:00 AM - 3:00 PM NPT,213,Bottlers Nepal (Terai) Limited,BNT,58.0,10.0,11625.0,-2.302714514,11899.0,11625.0,,,,,,,,,,,,,,,,,,,,,,,7,"price_volume, live_market, summary, top_gainers, top_losers, nepse_index, supply_demand",5576
2026-08-16T13:33:38.194661+05:45,2026-08-16 13:33:38,price_volume,price_volume_26,True,cloud_automated,Sunday - Trading Hours: 11:00 AM - 3:00 PM NPT,153,Butwal Power Company Limited,BPCL,58.0,9810.0,644.9,-0.63174114,649.0,644.9,,,,,,,,,,,,,,,,,,,,,,,7,"price_volume, live_market, summary, top_gainers, top_losers, nepse_index, supply_demand",5576
2026-08-16T13:33:38.194661+05:45,2026-08-16 13:33:38,price_volume,price_volume_27,True,cloud_automated,Sunday - Trading Hours: 11:00 AM - 3:00 PM NPT,9296,Bungal Hydro Limited,BUNGAL,58.0,13721.0,580.1,-0.837606838,585.0,580.1,,,,,,,,,,,,,,,,,,,,,,,7,"price_volume, live_market, summary, top_gainers, top_losers, nepse_index, supply_demand",5576
2026-08-16T13:33:38.194661+05:45,2026-08-16 13:33:38,price_volume,price_volume_28,True,cloud_automated,Sunday - Trading Hours: 11:00 AM - 3:00 PM NPT,164,Chhimek Laghubitta Bittiya Sanstha Limited,CBBL,58.0,6833.0,933.5,-0.160427807,935.0,933.5,,,,,,,,,,,,,,,,,,,,,,,7,"price_volume, live_market, summary, top_gainers, top_losers, nepse_index, supply_demand",5576
2026-08-16T13:33:38.194661+05:45,2026-08-16 13:33:38,price_volume,price_volume_29,True,cloud_automated,Sunday - Trading Hours: 11:00 AM - 3:00 PM NPT,245,Central Finance Co. Ltd.,CFCL,58.0,169405.0,639.0,-1.083591331,646.0,639.0,,,,,,,,,,,,,,,,,,,,,,,7,"price_volume, live_market, summary, top_gainers, top_losers, nepse_index, supply_demand",5576
2026-08-16T13:33:38.194661+05:45,2026-08-16 13:33:38,price_volume,price_volume_30,True,cloud_automated,Sunday - Trading Hours: 11:00 AM - 3:00 PM NPT,2917,Chandragiri Hills Limited,CGH,58.0,7520.0,777.7,-0.89206066,784.7,777.7,,,,,,,,,,,,,,,,,,,,,,,7,"price_volume, live_market, summary, top_gainers, top_losers, nepse_index, supply_demand",5576
2026-08-16T13:33:38.194661+05:45,2026-08-16 13:33:38,price_volume,price_volume_31,True,cloud_automated,Sunday - Trading Hours: 11:00 AM - 3:00 PM NPT,154,Chilime Hydropower Company Limited,CHCL,58.0,66504.0,478.9,-0.663762705,482.1,478.9,,,,,,,,,,,,,,,,,,,,,,,7,"price_volume, live_market, summary, top_gainers, top_losers, nepse_index, supply_demand",5576
2026-08-16T13:33:38.194661+05:45,2026-08-16 13:33:38,price_volume,price_volume_32,True,cloud_automated,Sunday - Trading Hours: 11:00 AM - 3:00 PM NPT,3946,CEDB Holdings Limited,CHDC,58.0,7563.0,2228.0,0.134831461,2225.0,2228.0,,,,,,,,,,,,,,,,,,,,,,,7,"price_volume, live_market, summary, top_gainers, top_losers, nepse_index, supply_demand",5576
2026-08-16T13:33:38.194661+05:45,2026-08-16 13:33:38,price_volume,price_volume_33,True,cloud_automated,Sunday - Trading Hours: 11:00 AM - 3:00 PM NPT,2766,Chhyangdi Hydropower Ltd.,CHL,58.0,11467.0,269.0,-1.102941176,272.0,269.0,,,,,,,,,,,,,,,,,,,,,,,7,"price_volume, live_market, summary, top_gainers, top_losers, nepse_index, supply_demand",5576
2026-08-16T13:33:38.194661+05:45,2026-08-16 13:33:38,price_volume,price_volume_34,True,cloud_automated,Sunday - Trading Hours: 11:00 AM - 3:00 PM NPT,210,Citizen Investment Trust,CIT,58.0,3997.0,1700.0,-0.793650794,1713.6,1700.0,,,,,,,,,,,,,,,,,,,,,,,7,"price_volume, live_market, summary, top_gainers, top_losers, nepse_index, supply_demand",5576
2026-08-16T13:33:38.194661+05:45,2026-08-16 13:33:38,price_volume,price_volume_35,True,cloud_automated,Sunday - Trading Hours: 11:00 AM - 3:00 PM NPT,9173,City Hotel Limited,CITY,58.0,150226.0,365.0,-1.431271942,370.3,365.0,,,,,,,,,,,,,,,,,,,,,,,7,"price_volume, live_market, summary, top_gainers, top_losers, nepse_index, supply_demand",5576
2026-08-16T13:33:38.194661+05:45,2026-08-16 13:33:38,price_volume,price_volume_36,True,cloud_automated,Sunday - Trading Hours: 11:00 AM - 3:00 PM NPT,9232,Chirkhwa Hydropower Limited ,CKHL,58.0,2230.0,600.6,-1.540983607,610.0,600.6,,,,,,,,,,,,,,,,,,,,,,,7,"price_volume, live_market, summary, top_gainers, top_losers, nepse_index, supply_demand",5576
2026-08-16T13:33:38.194661+05:45,2026-08-16 13:33:38,price_volume,price_volume_37,True,cloud_automated,Sunday - Trading Hours: 11:00 AM - 3:00 PM NPT,9209,Citizen Life Insurance Company Limited,CLI,58.0,14215.0,440.0,1.851851852,432.0,440.0,,,,,,,,,,,,,,,,,,,,,,,7,"price_volume, live_market, summary, top_gainers, top_losers, nepse_index, supply_demand",5576
2026-08-16T13:33:38.194661+05:45,2026-08-16 13:33:38,price_volume,price_volume_38,True,cloud_automated,Sunday - Trading Hours: 11:00 AM - 3:00 PM NPT,450,Corporate Development Bank Limited,CORBL,58.0,24515.0,1058.0,0.274855464,1055.1,1058.0,,,,,,,,,,,,,,,,,,,,,,,7,"price_volume, live_market, summary, top_gainers, top_losers, nepse_index, supply_demand",5576
2026-08-16T13:33:38.194661+05:45,2026-08-16 13:33:38,price_volume,price_volume_39,True,cloud_automated,Sunday - Trading Hours: 11:00 AM - 3:00 PM NPT,9252,Crest Micro Life Insurance Limited,CREST,58.0,3882.0,1179.0,-0.076277651,1179.9,1179.0,,,,,,,,,,,,,,,,,,,,,,,7,"price_volume, live_market, summary, top_gainers, top_losers, nepse_index, supply_demand",5576
2026-08-16T13:33:38.194661+05:45,2026-08-16 13:33:38,price_volume,price_volume_40,True,cloud_automated,Sunday - Trading Hours: 11:00 AM - 3:00 PM NPT,8065,CYC Nepal Laghubitta Bittiya Sanstha Limited,CYCL,58.0,8893.0,1355.0,4.230769231,1300.0,1355.0,,,,,,,,,,,,,,,,,,,,,,,7,"price_volume, live_market, summary, top_gainers, top_losers, nepse_index, supply_demand",5576
2026-08-16T13:33:38.194661+05:45,2026-08-16 13:33:38,price_volume,price_volume_41,True,cloud_automated,Sunday - Trading Hours: 11:00 AM - 3:00 PM NPT,348,Citizens Bank International Limited,CZBIL,58.0,37173.0,202.7,-1.073694485,204.9,202.7,,,,,,,,,,,,,,,,,,,,,,,7,"price_volume, live_market, summary, top_gainers, top_losers, nepse_index, supply_demand",5576
2026-08-16T13:33:38.194661+05:45,2026-08-16 13:33:38,price_volume,price_volume_42,True,cloud_automated,Sunday - Trading Hours: 11:00 AM - 3:00 PM NPT,166,Deprosc Laghubitta Bittiya Sanstha Limited,DDBL,58.0,6500.0,853.0,-0.233918129,855.0,853.0,,,,,,,,,,,,,,,,,,,,,,,7,"price_volume, live_market, summary, top_gainers, top_losers, nepse_index, supply_demand",5576
2026-08-16T13:33:38.194661+05:45,2026-08-16 13:33:38,price_volume,price_volume_43,True,cloud_automated,Sunday - Trading Hours: 11:00 AM - 3:00 PM NPT,9293,Daramkhola Hydro Energy Limited,DHEL,58.0,11873.0,594.0,-1.0,600.0,594.0,,,,,,,,,,,,,,,,,,,,,,,7,"price_volume, live_market, summary, top_gainers, top_losers, nepse_index, supply_demand",5576
2026-08-16T13:33:38.194661+05:45,2026-08-16 13:33:38,price_volume,price_volume_44,True,cloud_automated,Sunday - Trading Hours: 11:00 AM - 3:00 PM NPT,2754,Dibyashwori Hydropower Ltd.,DHPL,58.0,3493.0,286.0,-1.34529148,289.9,286.0,,,,,,,,,,,,,,,,,,,,,,,7,"price_volume, live_market, summary, top_gainers, top_losers, nepse_index, supply_demand",5576
2026-08-16T13:33:38.194661+05:45,2026-08-16 13:33:38,price_volume,price_volume_45,True,cloud_automated,Sunday - Trading Hours: 11:00 AM - 3:00 PM NPT,9170,Dolti Power Company Limited,DOLTI,58.0,13200.0,319.9,0.376529652,318.7,319.9,,,,,,,,,,,,,,,,,,,,,,,7,"price_volume, live_market, summary, top_gainers, top_losers, nepse_index, supply_demand",5576
2026-08-16T13:33:38.194661+05:45,2026-08-16 13:33:38,price_volume,price_volume_46,True,cloud_automated,Sunday - Trading Hours: 11:00 AM - 3:00 PM NPT,8070,Dordi Khola Jal Bidyut Company Limited,DORDI,58.0,23277.0,254.0,0.0,254.0,254.0,,,,,,,,,,,,,,,,,,,,,,,7,"price_volume, live_market, summary, top_gainers, top_losers, nepse_index, supply_demand",5576
2026-08-16T13:33:38.194661+05:45,2026-08-16 13:33:38,price_volume,price_volume_47,True,cloud_automated,Sunday - Trading Hours: 11:00 AM - 3:00 PM NPT,137,Everest Bank Limited,EBL,58.0,46601.0,728.0,0.831024931,722.0,728.0,,,,,,,,,,,,,,,,,,,,,,,7,"price_volume, live_market, summary, top_gainers, top_losers, nepse_index, supply_demand",5576
2026-08-16T13:33:38.194661+05:45,2026-08-16 13:33:38,price_volume,price_volume_48,True,cloud_automated,Sunday - Trading Hours: 11:00 AM - 3:00 PM NPT,9347,Everest Colour Limited,ECL,58.0,11310.0,1534.1,-1.653952176,1559.9,1534.1,,,,,,,,,,,,,,,,,,,,,,,7,"price_volume, live_market, summary, top_gainers, top_losers, nepse_index, supply_demand",5576
2026-08-16T13:33:38.194661+05:45,2026-08-16 13:33:38,price_volume,price_volume_49,True,cloud_automated,Sunday - Trading Hours: 11:00 AM - 3:00 PM NPT,274,Excel Development Bank Ltd.,EDBL,58.0,3124.0,578.9,-1.379897785,587.0,578.9,,,,,,,,,,,,,,,,,,,,,,,7,"price_volume, live_market, summary, top_gainers, top_losers, nepse_index, supply_demand",5576
2026-08-16T13:33:38.194661+05:45,2026-08-16 13:33:38,price_volume,price_volume_50,True,cloud_automated,Sunday - Trading Hours: 11:00 AM - 3:00 PM NPT,8131,Eastern Hydropower Limited,EHPL,58.0,9870.0,337.0,0.717274357,334.6,337.0,,,,,,,,,,,,,,,,,,,,,,,7,"price_volume, live_market, summary, top_gainers, top_losers, nepse_index, supply_demand",5576
2026-08-16T13:33:38.194661+05:45,2026-08-16 13:33:38,price_volume,price_volume_51,True,cloud_automated,Sunday - Trading Hours: 11:00 AM - 3:00 PM NPT,8034,Emerging Nepal Limited,ENL,58.0,220.0,823.9,2.513375638,803.7,823.9,,,,,,,,,,,,,,,,,,,,,,,7,"price_volume, live_market, summary, top_gainers, top_losers, nepse_index, supply_demand",5576
2026-08-16T13:33:38.194661+05:45,2026-08-16 13:33:38,price_volume,price_volume_52,True,cloud_automated,Sunday - Trading Hours: 11:00 AM - 3:00 PM NPT,490,First Micro Finance Laghubitta Bittiya Sanstha Limited,FMDBL,58.0,43843.0,830.0,6.958762887,776.0,830.0,,,,,,,,,,,,,,,,,,,,,,,7,"price_volume, live_market, summary, top_gainers, top_losers, nepse_index, supply_demand",5576
2026-08-16T13:33:38.194661+05:45,2026-08-16 13:33:38,price_volume,price_volume_53,True,cloud_automated,Sunday - Trading Hours: 11:00 AM - 3:00 PM NPT,2758,Forward Microfinance Laghubitta Bittiya Sanstha Limited,FOWAD,58.0,1813.0,944.8,0.617678381,939.0,944.8,,,,,,,,,,,,,,,,,,,,,,,7,"price_volume, live_market, summary, top_gainers, top_losers, nepse_index, supply_demand",5576
2026-08-16T13:33:38.194661+05:45,2026-08-16 13:33:38,price_volume,price_volume_54,True,cloud_automated,Sunday - Trading Hours: 11:00 AM - 3:00 PM NPT,417,Garima Bikas Bank Limited,GBBL,58.0,42406.0,423.7,-0.14140938,424.3,423.7,,,,,,,,,,,,,,,,,,,,,,,7,"price_volume, live_market, summary, top_gainers, top_losers, nepse_index, supply_demand",5576
2026-08-16T13:33:38.194661+05:45,2026-08-16 13:33:38,price_volume,price_volume_55,True,cloud_automated,Sunday - Trading Hours: 11:00 AM - 3:00 PM NPT,341,Global IME Bank Limited,GBIME,58.0,97314.0,252.9,0.516693164,251.6,252.9,,,,,,,,,,,,,,,,,,,,,,,7,"price_volume, live_market, summary, top_gainers, top_losers, nepse_index, supply_demand",5576
2026-08-16T13:33:38.194661+05:45,2026-08-16 13:33:38,price_volume,price_volume_56,True,cloud_automated,Sunday - Trading Hours: 11:00 AM - 3:00 PM NPT,583,Grameen Bikas Laghubitta Bittiya Sanstha Ltd.,GBLBS,58.0,7026.0,722.9,-2.783754707,743.6,722.9,,,,,,,,,,,,,,,,,,,,,,,7,"price_volume, live_market, summary, top_gainers, top_losers, nepse_index, supply_demand",5576
2026-08-16T13:33:38.194661+05:45,2026-08-16 13:33:38,price_volume,price_volume_57,True,cloud_automated,Sunday - Trading Hours: 11:00 AM - 3:00 PM NPT,9193,Ghorahi Cement Industry Limited,GCIL,58.0,7179.0,344.0,-0.578034682,346.0,344.0,,,,,,,,,,,,,,,,,,,,,,,7,"price_volume, live_market, summary, top_gainers, top_losers, nepse_index, supply_demand",5576
2026-08-16T13:33:38.194661+05:45,2026-08-16 13:33:38,price_volume,price_volume_58,True,cloud_automated,Sunday - Trading Hours: 11:00 AM - 3:00 PM NPT,232,Goodwill Finance Limited,GFCL,58.0,5290.0,603.0,-0.149031297,603.9,603.0,,,,,,,,,,,,,,,,,,,,,,,7,"price_volume, live_market, summary, top_gainers, top_losers, nepse_index, supply_demand",5576
2026-08-16T13:33:38.194661+05:45,2026-08-16 13:33:38,price_volume,price_volume_59,True,cloud_automated,Sunday - Trading Hours: 11:00 AM - 3:00 PM NPT,2806,Ghalemdi Hydro Limited,GHL,58.0,314454.0,249.0,-2.99961044,256.7,249.0,,,,,,,,,,,,,,,,,,,,,,,7,"price_volume, live_market, summary, top_gainers, top_losers, nepse_index, supply_demand",5576
2026-08-16T13:33:38.194661+05:45,2026-08-16 13:33:38,price_volume,price_volume_60,True,cloud_automated,Sunday - Trading Hours: 11:00 AM - 3:00 PM NPT,705,Global IME Laghubitta Bittiya Sanstha Ltd.,GILB,58.0,1536.0,1133.7,2.135135135,1110.0,1133.7,,,,,,,,,,,,,,,,,,,,,,,7,"price_volume, live_market, summary, top_gainers, top_losers, nepse_index, supply_demand",5576
2026-08-16T13:33:38.194661+05:45,2026-08-16 13:33:38,price_volume,price_volume_61,True,cloud_automated,Sunday - Trading Hours: 11:00 AM - 3:00 PM NPT,2826,Gurans Laghubitta Bittiya Sanstha Limited,GLBSL,58.0,275.0,1732.0,-1.422879909,1757.0,1732.0,,,,,,,,,,,,,,,,,,,,,,,7,"price_volume, live_market, summary, top_gainers, top_losers, nepse_index, supply_demand",5576
2026-08-16T13:33:38.194661+05:45,2026-08-16 13:33:38,price_volume,price_volume_62,True,cloud_automated,Sunday - Trading Hours: 11:00 AM - 3:00 PM NPT,2924,GreenLife Hydropower Limited,GLH,58.0,43273.0,261.1,-1.023502654,263.8,261.1,,,,,,,,,,,,,,,,,,,,,,,7,"price_volume, live_market, summary, top_gainers, top_losers, nepse_index, supply_demand",5576
2026-08-16T13:33:38.194661+05:45,2026-08-16 13:33:38,price_volume,price_volume_63,True,cloud_automated,Sunday - Trading Hours: 11:00 AM - 3:00 PM NPT,2815,Ganapati Laghubitta Bittiya Sanstha Limited,GMFBS,58.0,140.0,1158.0,-1.86440678,1180.0,1158.0,,,,,,,,,,,,,,,,,,,,,,,7,"price_volume, live_market, summary, top_gainers, top_losers, nepse_index, supply_demand",5576
2026-08-16T13:33:38.194661+05:45,2026-08-16 13:33:38,price_volume,price_volume_64,True,cloud_automated,Sunday - Trading Hours: 11:00 AM - 3:00 PM NPT,263,Guheshowori Merchant Bank & Finance Co. Ltd.,GMFIL,58.0,17149.0,447.0,-1.758241758,455.0,447.0,,,,,,,,,,,,,,,,,,,,,,,7,"price_volume, live_market, summary, top_gainers, top_losers, nepse_index, supply_demand",5576
2026-08-16T13:33:38.194661+05:45,2026-08-16 13:33:38,price_volume,price_volume_65,True,cloud_automated,Sunday - Trading Hours: 11:00 AM - 3:00 PM NPT,9246,Guardian Micro Life Insurance Limited ,GMLI,58.0,3071.0,1099.0,0.091074681,1098.0,1099.0,,,,,,,,,,,,,,,,,,,,,,,7,"price_volume, live_market, summary, top_gainers, top_losers, nepse_index, supply_demand",5576
2026-08-16T13:33:38.194661+05:45,2026-08-16 13:33:38,price_volume,price_volume_66,True,cloud_automated,Sunday - Trading Hours: 11:00 AM - 3:00 PM NPT,2744,Green Development Bank Ltd.,GRDBL,58.0,2140.0,1041.0,-0.762631077,1049.0,1041.0,,,,,,,,,,,,,,,,,,,,,,,7,"price_volume, live_market, summary, top_gainers, top_losers, nepse_index, supply_demand",5576
2026-08-16T13:33:38.194661+05:45,2026-08-16 13:33:38,price_volume,price_volume_67,True,cloud_automated,Sunday - Trading Hours: 11:00 AM - 3:00 PM NPT,204,Gurkhas Finance Ltd.,GUFL,58.0,28635.0,551.0,-3.010033445,568.1,551.0,,,,,,,,,,,,,,,,,,,,,,,7,"price_volume, live_market, summary, top_gainers, top_losers, nepse_index, supply_demand",5576
2026-08-16T13:33:38.194661+05:45,2026-08-16 13:33:38,price_volume,price_volume_68,True,cloud_automated,Sunday - Trading Hours: 11:00 AM - 3:00 PM NPT,8045,Green Ventures Limited,GVL,58.0,4851.0,477.0,-0.250941029,478.2,477.0,,,,,,,,,,,,,,,,,,,,,,,7,"price_volume, live_market, summary, top_gainers, top_losers, nepse_index, supply_demand",5576
2026-08-16T13:33:38.194661+05:45,2026-08-16 13:33:38,price_volume,price_volume_69,True,cloud_automated,Sunday - Trading Hours: 11:00 AM - 3:00 PM NPT,9213,Hathway Investment Nepal Limited,HATHY,58.0,4648.0,677.0,0.0,677.0,677.0,,,,,,,,,,,,,,,,,,,,,,,7,"price_volume, live_market, summary, top_gainers, top_losers, nepse_index, supply_demand",5576
2026-08-16T13:33:38.194661+05:45,2026-08-16 13:33:38,price_volume,price_volume_70,True,cloud_automated,Sunday - Trading Hours: 11:00 AM - 3:00 PM NPT,134,Himalayan Bank Limited,HBL,58.0,47292.0,194.8,-0.102564103,195.0,194.8,,,,,,,,,,,,,,,,,,,,,,,7,"price_volume, live_market, summary, top_gainers, top_losers, nepse_index, supply_demand",5576
2026-08-16T13:33:38.194661+05:45,2026-08-16 13:33:38,price_volume,price_volume_71,True,cloud_automated,Sunday - Trading Hours: 11:00 AM - 3:00 PM NPT,2880,Himal Dolakha Hydropower Company Limited,HDHPC,58.0,104124.0,212.0,-0.702576112,213.5,212.0,,,,,,,,,,,,,,,,,,,,,,,7,"price_volume, live_market, summary, top_gainers, top_losers, nepse_index, supply_demand",5576
2026-08-16T13:33:38.194661+05:45,2026-08-16 13:33:38,price_volume,price_volume_72,True,cloud_automated,Sunday - Trading Hours: 11:00 AM - 3:00 PM NPT,235,Himalayan Distillery Limited,HDL,58.0,31231.0,1175.0,0.77186964,1166.0,1175.0,,,,,,,,,,,,,,,,,,,,,,,7,"price_volume, live_market, summary, top_gainers, top_losers, nepse_index, supply_demand",5576
2026-08-16T13:33:38.194661+05:45,2026-08-16 13:33:38,price_volume,price_volume_73,True,cloud_automated,Sunday - Trading Hours: 11:00 AM - 3:00 PM NPT,179,Himalayan Everest Insurance Limited,HEI,58.0,681.0,535.0,0.563909774,532.0,535.0,,,,,,,,,,,,,,,,,,,,,,,7,"price_volume, live_market, summary, top_gainers, top_losers, nepse_index, supply_demand",5576
2026-08-16T13:33:38.194661+05:45,2026-08-16 13:33:38,price_volume,price_volume_74,True,cloud_automated,Sunday - Trading Hours: 11:00 AM - 3:00 PM NPT,9308,Hotel Forest Inn Limited,HFIN,58.0,16249.0,680.0,0.147275405,679.0,680.0,,,,,,,,,,,,,,,,,,,,,,,7,"price_volume, live_market, summary, top_gainers, top_losers, nepse_index, supply_demand",5576
2026-08-16T13:33:38.194661+05:45,2026-08-16 13:33:38,price_volume,price_volume_75,True,cloud_automated,Sunday - Trading Hours: 11:00 AM - 3:00 PM NPT,8076,Himalayan Hydropower Limited,HHL,58.0,24251.0,343.5,1.327433628,339.0,343.5,,,,,,,,,,,,,,,,,,,,,,,7,"price_volume, live_market, summary, top_gainers, top_losers, nepse_index, supply_demand",5576
2026-08-16T13:33:38.194661+05:45,2026-08-16 13:33:38,price_volume,price_volume_76,True,cloud_automated,Sunday - Trading Hours: 11:00 AM - 3:00 PM NPT,2742,Hydorelectricity Investment and Development Company Ltd,HIDCL,58.0,66258.0,256.0,-1.081916538,258.8,256.0,,,,,,,,,,,,,,,,,,,,,,,7,"price_volume, live_market, summary, top_gainers, top_losers, nepse_index, supply_demand",5576
2026-08-16T13:33:38.194661+05:45,2026-08-16 13:33:38,price_volume,price_volume_77,True,cloud_automated,Sunday - Trading Hours: 11:00 AM - 3:00 PM NPT,9270,Him Star Urja Company Limited,HIMSTAR,58.0,7840.0,690.0,-1.611293312,701.3,690.0,,,,,,,,,,,,,,,,,,,,,,,7,"price_volume, live_market, summary, top_gainers, top_losers, nepse_index, supply_demand",5576
2026-08-16T13:33:38.194661+05:45,2026-08-16 13:33:38,price_volume,price_volume_78,True,cloud_automated,Sunday - Trading Hours: 11:00 AM - 3:00 PM NPT,693,Himalayan Laghubitta Bittiya Sanstha Limited,HLBSL,58.0,294.0,856.1,-2.60523322,879.0,856.1,,,,,,,,,,,,,,,,,,,,,,,7,"price_volume, live_market, summary, top_gainers, top_losers, nepse_index, supply_demand",5576
2026-08-16T13:33:38.194661+05:45,2026-08-16 13:33:38,price_volume,price_volume_79,True,cloud_automated,Sunday - Trading Hours: 11:00 AM - 3:00 PM NPT,393,Himalayan Life Insurance Limited,HLI,58.0,21915.0,320.8,0.281337918,319.9,320.8,,,,,,,,,,,,,,,,,,,,,,,7,"price_volume, live_market, summary, top_gainers, top_losers, nepse_index, supply_demand",5576
2026-08-16T13:33:38.194661+05:45,2026-08-16 13:33:38,price_volume,price_volume_80,True,cloud_automated,Sunday - Trading Hours: 11:00 AM - 3:00 PM NPT,2767,Himalayan Power Partner Ltd.,HPPL,58.0,126149.0,383.5,0.788436268,380.5,383.5,,,,,,,,,,,,,,,,,,,,,,,7,"price_volume, live_market, summary, top_gainers, top_losers, nepse_index, supply_demand",5576
2026-08-16T13:33:38.194661+05:45,2026-08-16 13:33:38,price_volume,price_volume_81,True,cloud_automated,Sunday - Trading Hours: 11:00 AM - 3:00 PM NPT,9234,Himalayan Reinsurance Limited,HRL,58.0,26117.0,579.0,-0.686106346,583.0,579.0,,,,,,,,,,,,,,,,,,,,,,,7,"price_volume, live_market, summary, top_gainers, top_losers, nepse_index, supply_demand",5576
2026-08-16T13:33:38.194661+05:45,2026-08-16 13:33:38,price_volume,price_volume_82,True,cloud_automated,Sunday - Trading Hours: 11:00 AM - 3:00 PM NPT,2824,Himalaya Urja Bikas Company Limited,HURJA,58.0,65095.0,244.4,-0.569568755,245.8,244.4,,,,,,,,,,,,,,,,,,,,,,,7,"price_volume, live_market, summary, top_gainers, top_losers, nepse_index, supply_demand",5576
2026-08-16T13:33:38.194661+05:45,2026-08-16 13:33:38,price_volume,price_volume_83,True,cloud_automated,Sunday - Trading Hours: 11:00 AM - 3:00 PM NPT,273,ICFC Finance Limited,ICFC,58.0,11549.0,600.0,-0.497512438,603.0,600.0,,,,,,,,,,,,,,,,,,,,,,,7,"price_volume, live_market, summary, top_gainers, top_losers, nepse_index, supply_demand",5576
2026-08-16T13:33:38.194661+05:45,2026-08-16 13:33:38,price_volume,price_volume_84,True,cloud_automated,Sunday - Trading Hours: 11:00 AM - 3:00 PM NPT,186,IGI Prudential insurance Limited,IGI,58.0,2259.0,429.0,-0.23255814,430.0,429.0,,,,,,,,,,,,,,,,,,,,,,,7,"price_volume, live_market, summary, top_gainers, top_losers, nepse_index, supply_demand",5576
2026-08-16T13:33:38.194661+05:45,2026-08-16 13:33:38,price_volume,price_volume_85,True,cloud_automated,Sunday - Trading Hours: 11:00 AM - 3:00 PM NPT,9176,Ingwa Hydropower Limited,IHL,58.0,9094.0,343.0,-0.406504065,344.4,343.0,,,,,,,,,,,,,,,,,,,,,,,7,"price_volume, live_market, summary, top_gainers, top_losers, nepse_index, supply_demand",5576
2026-08-16T13:33:38.194661+05:45,2026-08-16 13:33:38,price_volume,price_volume_86,True,cloud_automated,Sunday - Trading Hours: 11:00 AM - 3:00 PM NPT,2832,Infinity Laghubitta Bittiya Sanstha Limited,ILBS,58.0,1655.0,894.0,0.111982083,893.0,894.0,,,,,,,,,,,,,,,,,,,,,,,7,"price_volume, live_market, summary, top_gainers, top_losers, nepse_index, supply_demand",5576
2026-08-16T13:33:38.194661+05:45,2026-08-16 13:33:38,price_volume,price_volume_87,True,cloud_automated,Sunday - Trading Hours: 11:00 AM - 3:00 PM NPT,9184,IME Life Insurance Company Limited,ILI,58.0,3619.0,417.0,0.240384615,416.0,417.0,,,,,,,,,,,,,,,,,,,,,,,7,"price_volume, live_market, summary, top_gainers, top_losers, nepse_index, supply_demand",5576
2026-08-16T13:33:38.194661+05:45,2026-08-16 13:33:38,price_volume,price_volume_88,True,cloud_automated,Sunday - Trading Hours: 11:00 AM - 3:00 PM NPT,418,Jyoti Bikas Bank Limited,JBBL,58.0,26308.0,338.0,-0.029577048,338.1,338.0,,,,,,,,,,,,,,,,,,,,,,,7,"price_volume, live_market, summary, top_gainers, top_losers, nepse_index, supply_demand",5576
2026-08-16T13:33:38.194661+05:45,2026-08-16 13:33:38,price_volume,price_volume_89,True,cloud_automated,Sunday - Trading Hours: 11:00 AM - 3:00 PM NPT,4951,Jeevan Bikas Laghubitta  Bittya Sanstha Ltd,JBLB,58.0,5810.0,1263.4,0.26984127,1260.0,1263.4,,,,,,,,,,,,,,,,,,,,,,,7,"price_volume, live_market, summary, top_gainers, top_losers, nepse_index, supply_demand",5576
2026-08-16T13:33:38.194661+05:45,2026-08-16 13:33:38,price_volume,price_volume_90,True,cloud_automated,Sunday - Trading Hours: 11:00 AM - 3:00 PM NPT,250,Janaki Finance Company Limited,JFL,58.0,4569.0,380.3,-1.705867149,386.9,380.3,,,,,,,,,,,,,,,,,,,,,,,7,"price_volume, live_market, summary, top_gainers, top_losers, nepse_index, supply_demand",5576
2026-08-16T13:33:38.194661+05:45,2026-08-16 13:33:38,price_volume,price_volume_91,True,cloud_automated,Sunday - Trading Hours: 11:00 AM - 3:00 PM NPT,9300,Jhapa Energy Limited,JHAPA,58.0,2426.0,1084.9,-0.722913616,1092.8,1084.9,,,,,,,,,,,,,,,,,,,,,,,7,"price_volume, live_market, summary, top_gainers, top_losers, nepse_index, supply_demand",5576
2026-08-16T13:33:38.194661+05:45,2026-08-16 13:33:38,price_volume,price_volume_92,True,cloud_automated,Sunday - Trading Hours: 11:00 AM - 3:00 PM NPT,2789,Joshi Hydropower Development Company Ltd,JOSHI,58.0,22086.0,280.0,-1.71990172,284.9,280.0,,,,,,,,,,,,,,,,,,,,,,,7,"price_volume, live_market, summary, top_gainers, top_losers, nepse_index, supply_demand",5576
2026-08-16T13:33:38.194661+05:45,2026-08-16 13:33:38,price_volume,price_volume_93,True,cloud_automated,Sunday - Trading Hours: 11:00 AM - 3:00 PM NPT,695,Janautthan Samudayic Laghubitta Bittya Sanstha Limited,JSLBB,58.0,1685.0,969.0,0.9375,960.0,969.0,,,,,,,,,,,,,,,,,,,,,,,7,"price_volume, live_market, summary, top_gainers, top_losers, nepse_index, supply_demand",5576
2026-08-16T13:33:38.194661+05:45,2026-08-16 13:33:38,price_volume,price_volume_94,True,cloud_automated,Sunday - Trading Hours: 11:00 AM - 3:00 PM NPT,9346,Kalanga Hydro Limited,KAHL,58.0,21868.0,536.0,-0.556586271,539.0,536.0,,,,,,,,,,,,,,,,,,,,,,,7,"price_volume, live_market, summary, top_gainers, top_losers, nepse_index, supply_demand",5576
2026-08-16T13:33:38.194661+05:45,2026-08-16 13:33:38,price_volume,price_volume_95,True,cloud_automated,Sunday - Trading Hours: 11:00 AM - 3:00 PM NPT,142,Kumari Bank Limited,KBL,58.0,155077.0,216.8,-0.550458716,218.0,216.8,,,,,,,,,,,,,,,,,,,,,,,7,"price_volume, live_market, summary, top_gainers, top_losers, nepse_index, supply_demand",5576
2026-08-16T13:33:38.194661+05:45,2026-08-16 13:33:38,price_volume,price_volume_96,True,cloud_automated,Sunday - Trading Hours: 11:00 AM - 3:00 PM NPT,9196,Kutheli Bukhari Small Hydropower Limited,KBSH,58.0,14920.0,944.9,-1.3468365,957.8,944.9,,,,,,,,,,,,,,,,,,,,,,,7,"price_volume, live_market, summary, top_gainers, top_losers, nepse_index, supply_demand",5576
2026-08-16T13:33:38.194661+05:45,2026-08-16 13:33:38,price_volume,price_volume_97,True,cloud_automated,Sunday - Trading Hours: 11:00 AM - 3:00 PM NPT,9151,Kalinchowk Darshan Limited,KDL,58.0,336.0,770.1,-0.632258065,775.0,770.1,,,,,,,,,,,,,,,,,,,,,,,7,"price_volume, live_market, summary, top_gainers, top_losers, nepse_index, supply_demand",5576
2026-08-16T13:33:38.194661+05:45,2026-08-16 13:33:38,price_volume,price_volume_98,True,cloud_automated,Sunday - Trading Hours: 11:00 AM - 3:00 PM NPT,9334,Kalinchock Hydropower Limited,KHPL,58.0,4369.0,810.0,0.247524752,808.0,810.0,,,,,,,,,,,,,,,,,,,,,,,7,"price_volume, live_market, summary, top_gainers, top_losers, nepse_index, supply_demand",5576
2026-08-16T13:33:38.194661+05:45,2026-08-16 13:33:38,price_volume,price_volume_99,True,cloud_automated,Sunday - Trading Hours: 11:00 AM - 3:00 PM NPT,2751,Khanikhola Hydropower Co. Ltd.,KKHC,58.0,552452.0,352.3,10.09375,320.0,352.3,,,,,,,,,,,,,,,,,,,,,,,7,"price_volume, live_market, summary, top_gainers, top_losers, nepse_index, supply_demand",5576
2026-08-16T13:33:38.194661+05:45,2026-08-16 13:33:38,price_volume,price_volume_100,True,cloud_automated,Sunday - Trading Hours: 11:00 AM - 3:00 PM NPT,593,Kalika Laghubitta Bittiya Sanstha Ltd,KMCDB,58.0,1672.0,785.0,0.641025641,780.0,785.0,,,,,,,,,,,,,,,,,,,,,,,7,"price_volume, live_market, summary, top_gainers, top_losers, nepse_index, supply_demand",5576
2026-08-16T13:33:38.194661+05:45,2026-08-16 13:33:38,price_volume,price_volume_101,True,cloud_automated,Sunday - Trading Hours: 11:00 AM - 3:00 PM NPT,2787,Kalika power Company Ltd,KPCL,58.0,4234.0,463.2,-0.600858369,466.0,463.2,,,,,,,,,,,,,,,,,,,,,,,7,"price_volume, live_market, summary, top_gainers, top_losers, nepse_index, supply_demand",5576
2026-08-16T13:33:38.194661+05:45,2026-08-16 13:33:38,price_volume,price_volume_102,True,cloud_automated,Sunday - Trading Hours: 11:00 AM - 3:00 PM NPT,459,Kamana Sewa Bikas Bank Limited,KSBBL,58.0,6615.0,479.4,0.083507307,479.0,479.4,,,,,,,,,,,,,,,,,,,,,,,7,"price_volume, live_market, summary, top_gainers, top_losers, nepse_index, supply_demand",5576
2026-08-16T13:33:38.194661+05:45,2026-08-16 13:33:38,price_volume,price_volume_103,True,cloud_automated,Sunday - Trading Hours: 11:00 AM - 3:00 PM NPT,358,Lumbini Bikas Bank Ltd.,LBBL,58.0,23176.0,483.5,-0.718685832,487.0,483.5,,,,,,,,,,,,,,,,,,,,,,,7,"price_volume, live_market, summary, top_gainers, top_losers, nepse_index, supply_demand",5576
2026-08-16T13:33:38.194661+05:45,2026-08-16 13:33:38,price_volume,price_volume_104,True,cloud_automated,Sunday - Trading Hours: 11:00 AM - 3:00 PM NPT,2903,Liberty Energy Company Limited,LEC,58.0,723736.0,230.7,2.76169265,224.5,230.7,,,,,,,,,,,,,,,,,,,,,,,7,"price_volume, live_market, summary, top_gainers, top_losers, nepse_index, supply_demand",5576
2026-08-16T13:33:38.194661+05:45,2026-08-16 13:33:38,price_volume,price_volume_105,True,cloud_automated,Sunday - Trading Hours: 11:00 AM - 3:00 PM NPT,188,Life Insurance Corporation (Nepal) Limited,LICN,58.0,1149.0,778.0,0.322372663,775.5,778.0,,,,,,,,,,,,,,,,,,,,,,,7,"price_volume, live_market, summary, top_gainers, top_losers, nepse_index, supply_demand",5576
2026-08-16T13:33:38.194661+05:45,2026-08-16 13:33:38,price_volume,price_volume_106,True,cloud_automated,Sunday - Trading Hours: 11:00 AM - 3:00 PM NPT,618,Laxmi Laghubitta Bittiya Sanstha Ltd.,LLBS,58.0,519.0,889.9,0.553672316,885.0,889.9,,,,,,,,,,,,,,,,,,,,,,,7,"price_volume, live_market, summary, top_gainers, top_losers, nepse_index, supply_demand",5576
2026-08-16T13:33:38.194661+05:45,2026-08-16 13:33:38,price_volume,price_volume_107,True,cloud_automated,Sunday - Trading Hours: 11:00 AM - 3:00 PM NPT,141,Laxmi Sunrise Bank Limited,LSL,58.0,83780.0,219.0,-0.725294651,220.6,219.0,,,,,,,,,,,,,,,,,,,,,,,7,"price_volume, live_market, summary, top_gainers, top_losers, nepse_index, supply_demand",5576
2026-08-16T13:33:38.194661+05:45,2026-08-16 13:33:38,price_volume,price_volume_108,True,cloud_automated,Sunday - Trading Hours: 11:00 AM - 3:00 PM NPT,9287,Mabilung Energy Limited,MABEL,58.0,7838.0,604.9,2.421266509,590.6,604.9,,,,,,,,,,,,,,,,,,,,,,,7,"price_volume, live_market, summary, top_gainers, top_losers, nepse_index, supply_demand",5576
2026-08-16T13:33:38.194661+05:45,2026-08-16 13:33:38,price_volume,price_volume_109,True,cloud_automated,Sunday - Trading Hours: 11:00 AM - 3:00 PM NPT,9166,Makar Jitumaya Suri Hydropower Limited,MAKAR,58.0,45197.0,420.0,2.189781022,411.0,420.0,,,,,,,,,,,,,,,,,,,,,,,7,"price_volume, live_market, summary, top_gainers, top_losers, nepse_index, supply_demand",5576
2026-08-16T13:33:38.194661+05:45,2026-08-16 13:33:38,price_volume,price_volume_110,True,cloud_automated,Sunday - Trading Hours: 11:00 AM - 3:00 PM NPT,9212,Mandu Hydropower Limited,MANDU,58.0,6279.0,833.9,2.709693312,811.9,833.9,,,,,,,,,,,,,,,,,,,,,,,7,"price_volume, live_market, summary, top_gainers, top_losers, nepse_index, supply_demand",5576
2026-08-16T13:33:38.194661+05:45,2026-08-16 13:33:38,price_volume,price_volume_111,True,cloud_automated,Sunday - Trading Hours: 11:00 AM - 3:00 PM NPT,694,Matribhumi Lagubitta Bittiya Sanstha Limited,MATRI,58.0,202.0,814.0,1.118012422,805.0,814.0,,,,,,,,,,,,,,,,,,,,,,,7,"price_volume, live_market, summary, top_gainers, top_losers, nepse_index, supply_demand",5576
2026-08-16T13:33:38.194661+05:45,2026-08-16 13:33:38,price_volume,price_volume_112,True,cloud_automated,Sunday - Trading Hours: 11:00 AM - 3:00 PM NPT,8031,Madhya Bhotekoshi Jalavidyut Company Limited,MBJC,58.0,6137.0,265.1,-0.711610487,267.0,265.1,,,,,,,,,,,,,,,,,,,,,,,7,"price_volume, live_market, summary, top_gainers, top_losers, nepse_index, supply_demand",5576
2026-08-16T13:33:38.194661+05:45,2026-08-16 13:33:38,price_volume,price_volume_113,True,cloud_automated,Sunday - Trading Hours: 11:00 AM - 3:00 PM NPT,140,Machhapuchhre Bank Limited,MBL,58.0,98080.0,249.0,-2.276295133,254.8,249.0,,,,,,,,,,,,,,,,,,,,,,,7,"price_volume, live_market, summary, top_gainers, top_losers, nepse_index, supply_demand",5576
2026-08-16T13:33:38.194661+05:45,2026-08-16 13:33:38,price_volume,price_volume_114,True,cloud_automated,Sunday - Trading Hours: 11:00 AM - 3:00 PM NPT,9175,Menchhiyam Hydropower Limited,MCHL,58.0,4417.0,280.0,0.0,280.0,280.0,,,,,,,,,,,,,,,,,,,,,,,7,"price_volume, live_market, summary, top_gainers, top_losers, nepse_index, supply_demand",5576
2026-08-16T13:33:38.194661+05:45,2026-08-16 13:33:38,price_volume,price_volume_115,True,cloud_automated,Sunday - Trading Hours: 11:00 AM - 3:00 PM NPT,371,Miteri Development Bank Limited,MDB,58.0,16567.0,579.0,-0.805208155,583.7,579.0,,,,,,,,,,,,,,,,,,,,,,,7,"price_volume, live_market, summary, top_gainers, top_losers, nepse_index, supply_demand",5576
2026-08-16T13:33:38.194661+05:45,2026-08-16 13:33:38,price_volume,price_volume_116,True,cloud_automated,Sunday - Trading Hours: 11:00 AM - 3:00 PM NPT,9203,Manakamana Engineering Hydropower Limited,MEHL,58.0,11581.0,279.0,-3.359889158,288.7,279.0,,,,,,,,,,,,,,,,,,,,,,,7,"price_volume, live_market, summary, top_gainers, top_losers, nepse_index, supply_demand",5576
2026-08-16T13:33:38.194661+05:45,2026-08-16 13:33:38,price_volume,price_volume_117,True,cloud_automated,Sunday - Trading Hours: 11:00 AM - 3:00 PM NPT,9179,Modi Energy Limited,MEL,58.0,3652.0,211.5,-0.235849057,212.0,211.5,,,,,,,,,,,,,,,,,,,,,,,7,"price_volume, live_market, summary, top_gainers, top_losers, nepse_index, supply_demand",5576
2026-08-16T13:33:38.194661+05:45,2026-08-16 13:33:38,price_volume,price_volume_118,True,cloud_automated,Sunday - Trading Hours: 11:00 AM - 3:00 PM NPT,2913,Mountain Energy Nepal Limited,MEN,58.0,92372.0,615.0,0.016262807,614.9,615.0,,,,,,,,,,,,,,,,,,,,,,,7,"price_volume, live_market, summary, top_gainers, top_losers, nepse_index, supply_demand",5576
2026-08-16T13:33:38.194661+05:45,2026-08-16 13:33:38,price_volume,price_volume_119,True,cloud_automated,Sunday - Trading Hours: 11:00 AM - 3:00 PM NPT,9352,Mount Everest Power Development Limited,MEPDL,58.0,220.0,456.2,14.998739602,396.7,456.2,,,,,,,,,,,,,,,,,,,,,,,7,"price_volume, live_market, summary, top_gainers, top_losers, nepse_index, supply_demand",5576
2026-08-16T13:33:38.194661+05:45,2026-08-16 13:33:38,price_volume,price_volume_120,True,cloud_automated,Sunday - Trading Hours: 11:00 AM - 3:00 PM NPT,1741,Mero Microfinance Bittiya Sanstha Ltd.,MERO,58.0,302.0,665.0,0.453172205,662.0,665.0,,,,,,,,,,,,,,,,,,,,,,,7,"price_volume, live_market, summary, top_gainers, top_losers, nepse_index, supply_demand",5576
2026-08-16T13:33:38.194661+05:45,2026-08-16 13:33:38,price_volume,price_volume_121,True,cloud_automated,Sunday - Trading Hours: 11:00 AM - 3:00 PM NPT,516,Manjushree Finance Ltd.,MFIL,58.0,20384.0,757.0,-1.265162384,766.7,757.0,,,,,,,,,,,,,,,,,,,,,,,7,"price_volume, live_market, summary, top_gainers, top_losers, nepse_index, supply_demand",5576
2026-08-16T13:33:38.194661+05:45,2026-08-16 13:33:38,price_volume,price_volume_122,True,cloud_automated,Sunday - Trading Hours: 11:00 AM - 3:00 PM NPT,9158,Molung Hydropower Company Limited,MHCL,58.0,943.0,311.0,-1.426307448,315.5,311.0,,,,,,,,,,,,,,,,,,,,,,,7,"price_volume, live_market, summary, top_gainers, top_losers, nepse_index, supply_demand",5576
2026-08-16T13:33:38.194661+05:45,2026-08-16 13:33:38,price_volume,price_volume_123,True,cloud_automated,Sunday - Trading Hours: 11:00 AM - 3:00 PM NPT,8102,Mandakini Hydropower Limited,MHL,58.0,1564.0,465.0,-1.063829787,470.0,465.0,,,,,,,,,,,,,,,,,,,,,,,7,"price_volume, live_market, summary, top_gainers, top_losers, nepse_index, supply_demand",5576
2026-08-16T13:33:38.194661+05:45,2026-08-16 13:33:38,price_volume,price_volume_124,True,cloud_automated,Sunday - Trading Hours: 11:00 AM - 3:00 PM NPT,2811,Mountain Hydro Nepal Limited,MHNL,58.0,20572.0,244.9,0.368852459,244.0,244.9,,,,,,,,,,,,,,,,,,,,,,,7,"price_volume, live_market, summary, top_gainers, top_losers, nepse_index, supply_demand",5576
2026-08-16T13:33:38.194661+05:45,2026-08-16 13:33:38,price_volume,price_volume_125,True,cloud_automated,Sunday - Trading Hours: 11:00 AM - 3:00 PM NPT,9230,Muktinath Krishi Company Limited,MKCL,58.0,4710.0,1048.0,-0.380228137,1052.0,1048.0,,,,,,,,,,,,,,,,,,,,,,,7,"price_volume, live_market, summary, top_gainers, top_losers, nepse_index, supply_demand",5576
2026-08-16T13:33:38.194661+05:45,2026-08-16 13:33:38,price_volume,price_volume_126,True,cloud_automated,Sunday - Trading Hours: 11:00 AM - 3:00 PM NPT,9149,Maya Khola Hydropower Company Limited,MKHC,58.0,16650.0,268.5,-0.922509225,271.0,268.5,,,,,,,,,,,,,,,,,,,,,,,7,"price_volume, live_market, summary, top_gainers, top_losers, nepse_index, supply_demand",5576
2026-08-16T13:33:38.194661+05:45,2026-08-16 13:33:38,price_volume,price_volume_127,True,cloud_automated,Sunday - Trading Hours: 11:00 AM - 3:00 PM NPT,9167,Mai Khola Hydropower Limited,MKHL,58.0,2856.0,500.1,0.02,500.0,500.1,,,,,,,,,,,,,,,,,,,,,,,7,"price_volume, live_market, summary, top_gainers, top_losers, nepse_index, supply_demand",5576
2026-08-16T13:33:38.194661+05:45,2026-08-16 13:33:38,price_volume,price_volume_128,True,cloud_automated,Sunday - Trading Hours: 11:00 AM - 3:00 PM NPT,8005,Mailung Khola Jal Vidhyut Company Limited,MKJC,58.0,4278.0,449.0,-0.222222222,450.0,449.0,,,,,,,,,,,,,,,,,,,,,,,7,"price_volume, live_market, summary, top_gainers, top_losers, nepse_index, supply_demand",5576
2026-08-16T13:33:38.194661+05:45,2026-08-16 13:33:38,price_volume,price_volume_129,True,cloud_automated,Sunday - Trading Hours: 11:00 AM - 3:00 PM NPT,601,Mithila LaghuBitta Bittiya Sanstha Limited,MLBBL,58.0,795.0,1062.0,-0.047058824,1062.5,1062.0,,,,,,,,,,,,,,,,,,,,,,,7,"price_volume, live_market, summary, top_gainers, top_losers, nepse_index, supply_demand",5576
2026-08-16T13:33:38.194661+05:45,2026-08-16 13:33:38,price_volume,price_volume_130,True,cloud_automated,Sunday - Trading Hours: 11:00 AM - 3:00 PM NPT,401,Mahalaxmi Bikas Bank Ltd.,MLBL,58.0,5948.0,350.0,-0.284900285,351.0,350.0,,,,,,,,,,,,,,,,,,,,,,,7,"price_volume, live_market, summary, top_gainers, top_losers, nepse_index, supply_demand",5576
2026-08-16T13:33:38.194661+05:45,2026-08-16 13:33:38,price_volume,price_volume_131,True,cloud_automated,Sunday - Trading Hours: 11:00 AM - 3:00 PM NPT,8018,Manushi Laghubitta Bittiya Sanstha Limited,MLBS,58.0,150.0,1116.1,-1.924428822,1138.0,1116.1,,,,,,,,,,,,,,,,,,,,,,,7,"price_volume, live_market, summary, top_gainers, top_losers, nepse_index, supply_demand",5576
2026-08-16T13:33:38.194661+05:45,2026-08-16 13:33:38,price_volume,price_volume_132,True,cloud_automated,Sunday - Trading Hours: 11:00 AM - 3:00 PM NPT,2925,Mahila Lagubitta Bittiya Sanstha Limited ,MLBSL,58.0,1892.0,1279.0,-2.366412214,1310.0,1279.0,,,,,,,,,,,,,,,,,,,,,,,7,"price_volume, live_market, summary, top_gainers, top_losers, nepse_index, supply_demand",5576
2026-08-16T13:33:38.194661+05:45,2026-08-16 13:33:38,price_volume,price_volume_133,True,cloud_automated,Sunday - Trading Hours: 11:00 AM - 3:00 PM NPT,9217,Mathillo Mailun Khola Jalvidhyut Limited,MMKJL,58.0,736.0,444.0,-0.448430493,446.0,444.0,,,,,,,,,,,,,,,,,,,,,,,7,"price_volume, live_market, summary, top_gainers, top_losers, nepse_index, supply_demand",5576
2026-08-16T13:33:38.194661+05:45,2026-08-16 13:33:38,price_volume,price_volume_134,True,cloud_automated,Sunday - Trading Hours: 11:00 AM - 3:00 PM NPT,474,Muktinath Bikas Bank Ltd.,MNBBL,58.0,22120.0,363.2,-0.493150685,365.0,363.2,,,,,,,,,,,,,,,,,,,,,,,7,"price_volume, live_market, summary, top_gainers, top_losers, nepse_index, supply_demand",5576
2026-08-16T13:33:38.194661+05:45,2026-08-16 13:33:38,price_volume,price_volume_135,True,cloud_automated,Sunday - Trading Hours: 11:00 AM - 3:00 PM NPT,471,Multipurpose Finance Company  Limited,MPFL,58.0,19938.0,633.3,0.126482213,632.5,633.3,,,,,,,,,,,,,,,,,,,,,,,7,"price_volume, live_market, summary, top_gainers, top_losers, nepse_index, supply_demand",5576
2026-08-16T13:33:38.194661+05:45,2026-08-16 13:33:38,price_volume,price_volume_136,True,cloud_automated,Sunday - Trading Hours: 11:00 AM - 3:00 PM NPT,9215,Mid Solu Hydropower Limited,MSHL,58.0,639.0,594.0,-1.328903654,602.0,594.0,,,,,,,,,,,,,,,,,,,,,,,7,"price_volume, live_market, summary, top_gainers, top_losers, nepse_index, supply_demand",5576
2026-08-16T13:33:38.194661+05:45,2026-08-16 13:33:38,price_volume,price_volume_137,True,cloud_automated,Sunday - Trading Hours: 11:00 AM - 3:00 PM NPT,2768,Mahuli Laghubitta Bittiya Sanstha Limited,MSLB,58.0,2468.0,1245.0,-1.19047619,1260.0,1245.0,,,,,,,,,,,,,,,,,,,,,,,7,"price_volume, live_market, summary, top_gainers, top_losers, nepse_index, supply_demand",5576
2026-08-16T13:33:38.194661+05:45,2026-08-16 13:33:38,price_volume,price_volume_138,True,cloud_automated,Sunday - Trading Hours: 11:00 AM - 3:00 PM NPT,172,Narayani Development Bank Limited,NABBC,58.0,4769.0,811.0,0.533035825,806.7,811.0,,,,,,,,,,,,,,,,,,,,,,,7,"price_volume, live_market, summary, top_gainers, top_losers, nepse_index, supply_demand",5576
2026-08-16T13:33:38.194661+05:45,2026-08-16 13:33:38,price_volume,price_volume_139,True,cloud_automated,Sunday - Trading Hours: 11:00 AM - 3:00 PM NPT,131,Nabil Bank Limited,NABIL,58.0,22999.0,549.9,-0.018181818,550.0,549.9,,,,,,,,,,,,,,,,,,,,,,,7,"price_volume, live_market, summary, top_gainers, top_losers, nepse_index, supply_demand",5576
2026-08-16T13:33:38.194661+05:45,2026-08-16 13:33:38,price_volume,price_volume_140,True,cloud_automated,Sunday - Trading Hours: 11:00 AM - 3:00 PM NPT,2784,Nadep Laghubittiya bittya Sanstha Ltd.,NADEP,58.0,295.0,715.0,0.562587904,711.0,715.0,,,,,,,,,,,,,,,,,,,,,,,7,"price_volume, live_market, summary, top_gainers, top_losers, nepse_index, supply_demand",5576
2026-08-16T13:33:38.194661+05:45,2026-08-16 13:33:38,price_volume,price_volume_141,True,cloud_automated,Sunday - Trading Hours: 11:00 AM - 3:00 PM NPT,517,Nepal Bank Limited,NBL,58.0,78599.0,269.8,0.409378489,268.7,269.8,,,,,,,,,,,,,,,,,,,,,,,7,"price_volume, live_market, summary, top_gainers, top_losers, nepse_index, supply_demand",5576
2026-08-16T13:33:38.194661+05:45,2026-08-16 13:33:38,price_volume,price_volume_142,True,cloud_automated,Sunday - Trading Hours: 11:00 AM - 3:00 PM NPT,8041,NESDO Sambridha Laghubitta Bittiya Sanstha Limited,NESDO,58.0,440.0,1454.0,-0.879405549,1466.9,1454.0,,,,,,,,,,,,,,,,,,,,,,,7,"price_volume, live_market, summary, top_gainers, top_losers, nepse_index, supply_demand",5576
2026-08-16T13:33:38.194661+05:45,2026-08-16 13:33:38,price_volume,price_volume_143,True,cloud_automated,Sunday - Trading Hours: 11:00 AM - 3:00 PM NPT,194,Nepal Finance Ltd.,NFS,58.0,5511.0,565.0,0.515922434,562.1,565.0,,,,,,,,,,,,,,,,,,,,,,,7,"price_volume, live_market, summary, top_gainers, top_losers, nepse_index, supply_demand",5576
2026-08-16T13:33:38.194661+05:45,2026-08-16 13:33:38,price_volume,price_volume_144,True,cloud_automated,Sunday - Trading Hours: 11:00 AM - 3:00 PM NPT,2743,Ngadi Group Power Ltd.,NGPL,58.0,262237.0,414.9,0.41142304,413.2,414.9,,,,,,,,,,,,,,,,,,,,,,,7,"price_volume, live_market, summary, top_gainers, top_losers, nepse_index, supply_demand",5576
2026-08-16T13:33:38.194661+05:45,2026-08-16 13:33:38,price_volume,price_volume_145,True,cloud_automated,Sunday - Trading Hours: 11:00 AM - 3:00 PM NPT,2769,Nepal Hydro Developers Ltd.,NHDL,58.0,1000.0,637.0,2.214377407,623.2,637.0,,,,,,,,,,,,,,,,,,,,,,,7,"price_volume, live_market, summary, top_gainers, top_losers, nepse_index, supply_demand",5576
2026-08-16T13:33:38.194661+05:45,2026-08-16 13:33:38,price_volume,price_volume_146,True,cloud_automated,Sunday - Trading Hours: 11:00 AM - 3:00 PM NPT,152,National Hydro Power Company Limited,NHPC,58.0,219724.0,268.0,-1.434350864,271.9,268.0,,,,,,,,,,,,,,,,,,,,,,,7,"price_volume, live_market, summary, top_gainers, top_losers, nepse_index, supply_demand",5576
2026-08-16T13:33:38.194661+05:45,2026-08-16 13:33:38,price_volume,price_volume_147,True,cloud_automated,Sunday - Trading Hours: 11:00 AM - 3:00 PM NPT,139,NIC Asia Bank Ltd.,NICA,58.0,34884.0,324.4,-0.184615385,325.0,324.4,,,,,,,,,,,,,,,,,,,,,,,7,"price_volume, live_market, summary, top_gainers, top_losers, nepse_index, supply_demand",5576
2026-08-16T13:33:38.194661+05:45,2026-08-16 13:33:38,price_volume,price_volume_148,True,cloud_automated,Sunday - Trading Hours: 11:00 AM - 3:00 PM NPT,176,Nepal Insurance Co. Ltd.,NICL,58.0,2687.0,500.0,-0.793650794,504.0,500.0,,,,,,,,,,,,,,,,,,,,,,,7,"price_volume, live_market, summary, top_gainers, top_losers, nepse_index, supply_demand",5576
2026-08-16T13:33:38.194661+05:45,2026-08-16 13:33:38,price_volume,price_volume_149,True,cloud_automated,Sunday - Trading Hours: 11:00 AM - 3:00 PM NPT,2887,NIC ASIA Laghubitta Bittiya Sanstha Limited,NICLBSL,58.0,2571.0,554.9,0.890909091,550.0,554.9,,,,,,,,,,,,,,,,,,,,,,,7,"price_volume, live_market, summary, top_gainers, top_losers, nepse_index, supply_demand",5576
2026-08-16T13:33:38.194661+05:45,2026-08-16 13:33:38,price_volume,price_volume_150,True,cloud_automated,Sunday - Trading Hours: 11:00 AM - 3:00 PM NPT,2919,Nepal Infrastructure Bank Limited,NIFRA,58.0,54730.0,248.1,-1.547619048,252.0,248.1,,,,,,,,,,,,,,,,,,,,,,,7,"price_volume, live_market, summary, top_gainers, top_losers, nepse_index, supply_demand",5576
2026-08-16T13:33:38.194661+05:45,2026-08-16 13:33:38,price_volume,price_volume_151,True,cloud_automated,Sunday - Trading Hours: 11:00 AM - 3:00 PM NPT,183,Neco Insurance Limited,NIL,58.0,2400.0,609.0,-0.082034454,609.5,609.0,,,,,,,,,,,,,,,,,,,,,,,7,"price_volume, live_market, summary, top_gainers, top_losers, nepse_index, supply_demand",5576
2026-08-16T13:33:38.194661+05:45,2026-08-16 13:33:38,price_volume,price_volume_152,True,cloud_automated,Sunday - Trading Hours: 11:00 AM - 3:00 PM NPT,132,Nepal Investment Mega Bank Limited,NIMB,58.0,75805.0,193.9,-0.76765609,195.4,193.9,,,,,,,,,,,,,,,,,,,,,,,7,"price_volume, live_market, summary, top_gainers, top_losers, nepse_index, supply_demand",5576
2026-08-16T13:33:38.194661+05:45,2026-08-16 13:33:38,price_volume,price_volume_153,True,cloud_automated,Sunday - Trading Hours: 11:00 AM - 3:00 PM NPT,559,NLG Insurance Company Ltd.,NLG,58.0,2330.0,565.0,-1.050788091,571.0,565.0,,,,,,,,,,,,,,,,,,,,,,,7,"price_volume, live_market, summary, top_gainers, top_losers, nepse_index, supply_demand",5576
2026-08-16T13:33:38.194661+05:45,2026-08-16 13:33:38,price_volume,price_volume_154,True,cloud_automated,Sunday - Trading Hours: 11:00 AM - 3:00 PM NPT,187,Nepal Life Insurance Co. Ltd.,NLIC,58.0,14910.0,731.9,-0.272516692,733.9,731.9,,,,,,,,,,,,,,,,,,,,,,,7,"price_volume, live_market, summary, top_gainers, top_losers, nepse_index, supply_demand",5576
2026-08-16T13:33:38.194661+05:45,2026-08-16 13:33:38,price_volume,price_volume_155,True,cloud_automated,Sunday - Trading Hours: 11:00 AM - 3:00 PM NPT,178,National Life Insurance Co. Ltd.,NLICL,58.0,12928.0,575.0,1.232394366,568.0,575.0,,,,,,,,,,,,,,,,,,,,,,,7,"price_volume, live_market, summary, top_gainers, top_losers, nepse_index, supply_demand",5576
2026-08-16T13:33:38.194661+05:45,2026-08-16 13:33:38,price_volume,price_volume_156,True,cloud_automated,Sunday - Trading Hours: 11:00 AM - 3:00 PM NPT,238,NMB Bank Limited,NMB,58.0,35249.0,242.8,0.12371134,242.5,242.8,,,,,,,,,,,,,,,,,,,,,,,7,"price_volume, live_market, summary, top_gainers, top_losers, nepse_index, supply_demand",5576
2026-08-16T13:33:38.194661+05:45,2026-08-16 13:33:38,price_volume,price_volume_157,True,cloud_automated,Sunday - Trading Hours: 11:00 AM - 3:00 PM NPT,704,NMB  Microfinance Bittiya Sanstha Ltd.,NMBMF,58.0,721.0,609.9,0.809917355,605.0,609.9,,,,,,,,,,,,,,,,,,,,,,,7,"price_volume, live_market, summary, top_gainers, top_losers, nepse_index, supply_demand",5576
2026-08-16T13:33:38.194661+05:45,2026-08-16 13:33:38,price_volume,price_volume_158,True,cloud_automated,Sunday - Trading Hours: 11:00 AM - 3:00 PM NPT,2746,National Laghubitta Bittiya Sanstha Limited,NMFBS,58.0,6426.0,1135.0,2.362914863,1108.8,1135.0,,,,,,,,,,,,,,,,,,,,,,,7,"price_volume, live_market, summary, top_gainers, top_losers, nepse_index, supply_demand",5576
2026-08-16T13:33:38.194661+05:45,2026-08-16 13:33:38,price_volume,price_volume_159,True,cloud_automated,Sunday - Trading Hours: 11:00 AM - 3:00 PM NPT,9250,Nepal Micro Insurance Company Limited,NMIC,58.0,1831.0,900.0,-0.771775083,907.0,900.0,,,,,,,,,,,,,,,,,,,,,,,7,"price_volume, live_market, summary, top_gainers, top_losers, nepse_index, supply_demand",5576
2026-08-16T13:33:38.194661+05:45,2026-08-16 13:33:38,price_volume,price_volume_160,True,cloud_automated,Sunday - Trading Hours: 11:00 AM - 3:00 PM NPT,396,Nerude Mirmire Laghubitta Bittiya Sanstha Limited,NMLBBL,58.0,4769.0,512.0,-1.538461538,520.0,512.0,,,,,,,,,,,,,,,,,,,,,,,7,"price_volume, live_market, summary, top_gainers, top_losers, nepse_index, supply_demand",5576
2026-08-16T13:33:38.194661+05:45,2026-08-16 13:33:38,price_volume,price_volume_161,True,cloud_automated,Sunday - Trading Hours: 11:00 AM - 3:00 PM NPT,2881,Nepal Reinsurance Company Limited,NRIC,58.0,17583.0,918.0,-0.863930886,926.0,918.0,,,,,,,,,,,,,,,,,,,,,,,7,"price_volume, live_market, summary, top_gainers, top_losers, nepse_index, supply_demand",5576
2026-08-16T13:33:38.194661+05:45,2026-08-16 13:33:38,price_volume,price_volume_162,True,cloud_automated,Sunday - Trading Hours: 11:00 AM - 3:00 PM NPT,9183,Nepal Republic Media Limited,NRM,58.0,8640.0,302.0,-0.330033003,303.0,302.0,,,,,,,,,,,,,,,,,,,,,,,7,"price_volume, live_market, summary, top_gainers, top_losers, nepse_index, supply_demand",5576
2026-08-16T13:33:38.194661+05:45,2026-08-16 13:33:38,price_volume,price_volume_163,True,cloud_automated,Sunday - Trading Hours: 11:00 AM - 3:00 PM NPT,2898,NRN Infrastructure and Development Limited,NRN,58.0,77887.0,1390.0,-2.098887167,1419.8,1390.0,,,,,,,,,,,,,,,,,,,,,,,7,"price_volume, live_market, summary, top_gainers, top_losers, nepse_index, supply_demand",5576
2026-08-16T13:33:38.194661+05:45,2026-08-16 13:33:38,price_volume,price_volume_164,True,cloud_automated,Sunday - Trading Hours: 11:00 AM - 3:00 PM NPT,307,Nepal Doorsanchar Company Limited,NTC,58.0,31170.0,883.0,2.080924855,865.0,883.0,,,,,,,,,,,,,,,,,,,,,,,7,"price_volume, live_market, summary, top_gainers, top_losers, nepse_index, supply_demand",5576
2026-08-16T13:33:38.194661+05:45,2026-08-16 13:33:38,price_volume,price_volume_165,True,cloud_automated,Sunday - Trading Hours: 11:00 AM - 3:00 PM NPT,163,Nirdhan Utthan Laghubitta Bittiya Sanstha Limited,NUBL,58.0,6130.0,602.0,0.133067199,601.2,602.0,,,,,,,,,,,,,,,,,,,,,,,7,"price_volume, live_market, summary, top_gainers, top_losers, nepse_index, supply_demand",5576
2026-08-16T13:33:38.194661+05:45,2026-08-16 13:33:38,price_volume,price_volume_166,True,cloud_automated,Sunday - Trading Hours: 11:00 AM - 3:00 PM NPT,9233,Nepal Warehousing Company Limited ,NWCL,58.0,1256.0,690.0,0.0,690.0,690.0,,,,,,,,,,,,,,,,,,,,,,,7,"price_volume, live_market, summary, top_gainers, top_losers, nepse_index, supply_demand",5576
2026-08-16T13:33:38.194661+05:45,2026-08-16 13:33:38,price_volume,price_volume_167,True,cloud_automated,Sunday - Trading Hours: 11:00 AM - 3:00 PM NPT,8026,Nyadi Hydropower Limited,NYADI,58.0,3461.0,365.0,-0.273224044,366.0,365.0,,,,,,,,,,,,,,,,,,,,,,,7,"price_volume, live_market, summary, top_gainers, top_losers, nepse_index, supply_demand",5576
2026-08-16T13:33:38.194661+05:45,2026-08-16 13:33:38,price_volume,price_volume_168,True,cloud_automated,Sunday - Trading Hours: 11:00 AM - 3:00 PM NPT,149,Oriental Hotels Limited,OHL,58.0,990.0,669.0,0.149700599,668.0,669.0,,,,,,,,,,,,,,,,,,,,,,,7,"price_volume, live_market, summary, top_gainers, top_losers, nepse_index, supply_demand",5576
2026-08-16T13:33:38.194661+05:45,2026-08-16 13:33:38,price_volume,price_volume_169,True,cloud_automated,Sunday - Trading Hours: 11:00 AM - 3:00 PM NPT,9256,Om Megashree Pharmaceuticals Limited,OMPL,58.0,2349.0,908.0,-0.329308452,911.0,908.0,,,,,,,,,,,,,,,,,,,,,,,7,"price_volume, live_market, summary, top_gainers, top_losers, nepse_index, supply_demand",5576
2026-08-16T13:33:38.194661+05:45,2026-08-16 13:33:38,price_volume,price_volume_170,True,cloud_automated,Sunday - Trading Hours: 11:00 AM - 3:00 PM NPT,357,Prime Commercial Bank Ltd.,PCBL,58.0,29726.0,241.9,0.791666667,240.0,241.9,,,,,,,,,,,,,,,,,,,,,,,7,"price_volume, live_market, summary, top_gainers, top_losers, nepse_index, supply_demand",5576
2026-08-16T13:33:38.194661+05:45,2026-08-16 13:33:38,price_volume,price_volume_171,True,cloud_automated,Sunday - Trading Hours: 11:00 AM - 3:00 PM NPT,9330,Palpa Cement Industries Limited,PCIL,58.0,31250.0,639.0,-1.828237825,650.9,639.0,,,,,,,,,,,,,,,,,,,,,,,7,"price_volume, live_market, summary, top_gainers, top_losers, nepse_index, supply_demand",5576
2026-08-16T13:33:38.194661+05:45,2026-08-16 13:33:38,price_volume,price_volume_172,True,cloud_automated,Sunday - Trading Hours: 11:00 AM - 3:00 PM NPT,8133,Peoples Hydropower Company Limited,PHCL,58.0,67340.0,302.4,-0.526315789,304.0,302.4,,,,,,,,,,,,,,,,,,,,,,,7,"price_volume, live_market, summary, top_gainers, top_losers, nepse_index, supply_demand",5576
2026-08-16T13:33:38.194661+05:45,2026-08-16 13:33:38,price_volume,price_volume_173,True,cloud_automated,Sunday - Trading Hours: 11:00 AM - 3:00 PM NPT,2786,Panchakanya Mai Hydropower Ltd,PMHPL,58.0,3281.0,316.0,0.031655587,315.9,316.0,,,,,,,,,,,,,,,,,,,,,,,7,"price_volume, live_market, summary, top_gainers, top_losers, nepse_index, supply_demand",5576
2026-08-16T13:33:38.194661+05:45,2026-08-16 13:33:38,price_volume,price_volume_174,True,cloud_automated,Sunday - Trading Hours: 11:00 AM - 3:00 PM NPT,2915,Prabhu Mahalaxmi Life Insurance Limited,PMLI,58.0,4336.0,431.1,0.023201856,431.0,431.1,,,,,,,,,,,,,,,,,,,,,,,7,"price_volume, live_market, summary, top_gainers, top_losers, nepse_index, supply_demand",5576
2026-08-16T13:33:38.194661+05:45,2026-08-16 13:33:38,price_volume,price_volume_175,True,cloud_automated,Sunday - Trading Hours: 11:00 AM - 3:00 PM NPT,2813,Panchthar Power Compant Limited,PPCL,58.0,4269.0,334.9,-0.623145401,337.0,334.9,,,,,,,,,,,,,,,,,,,,,,,7,"price_volume, live_market, summary, top_gainers, top_losers, nepse_index, supply_demand",5576
2026-08-16T13:33:38.194661+05:45,2026-08-16 13:33:38,price_volume,price_volume_176,True,cloud_automated,Sunday - Trading Hours: 11:00 AM - 3:00 PM NPT,8122,People's Power Limited,PPL,58.0,8400.0,325.0,-0.611620795,327.0,325.0,,,,,,,,,,,,,,,,,,,,,,,7,"price_volume, live_market, summary, top_gainers, top_losers, nepse_index, supply_demand",5576
2026-08-16T13:33:38.194661+05:45,2026-08-16 13:33:38,price_volume,price_volume_177,True,cloud_automated,Sunday - Trading Hours: 11:00 AM - 3:00 PM NPT,184,Prabhu Insurance Ltd.,PRIN,58.0,5491.0,662.0,-0.376222724,664.5,662.0,,,,,,,,,,,,,,,,,,,,,,,7,"price_volume, live_market, summary, top_gainers, top_losers, nepse_index, supply_demand",5576
2026-08-16T13:33:38.194661+05:45,2026-08-16 13:33:38,price_volume,price_volume_178,True,cloud_automated,Sunday - Trading Hours: 11:00 AM - 3:00 PM NPT,338,Progressive Finance Limited,PROFL,58.0,2414.0,418.5,-0.758833294,421.7,418.5,,,,,,,,,,,,,,,,,,,,,,,7,"price_volume, live_market, summary, top_gainers, top_losers, nepse_index, supply_demand",5576
2026-08-16T13:33:38.194661+05:45,2026-08-16 13:33:38,price_volume,price_volume_179,True,cloud_automated,Sunday - Trading Hours: 11:00 AM - 3:00 PM NPT,255,Prabhu  Bank Limited,PRVU,58.0,348024.0,187.0,-1.578947368,190.0,187.0,,,,,,,,,,,,,,,,,,,,,,,7,"price_volume, live_market, summary, top_gainers, top_losers, nepse_index, supply_demand",5576
2026-08-16T13:33:38.194661+05:45,2026-08-16 13:33:38,price_volume,price_volume_180,True,cloud_automated,Sunday - Trading Hours: 11:00 AM - 3:00 PM NPT,9258,Pure Energy Limited,PURE,58.0,707.0,819.0,-0.12195122,820.0,819.0,,,,,,,,,,,,,,,,,,,,,,,7,"price_volume, live_market, summary, top_gainers, top_losers, nepse_index, supply_demand",5576
2026-08-16T13:33:38.194661+05:45,2026-08-16 13:33:38,price_volume,price_volume_181,True,cloud_automated,Sunday - Trading Hours: 11:00 AM - 3:00 PM NPT,2776,Radhi Bidyut Company Ltd,RADHI,58.0,118154.0,724.0,0.555555556,720.0,724.0,,,,,,,,,,,,,,,,,,,,,,,7,"price_volume, live_market, summary, top_gainers, top_losers, nepse_index, supply_demand",5576
2026-08-16T13:33:38.194661+05:45,2026-08-16 13:33:38,price_volume,price_volume_182,True,cloud_automated,Sunday - Trading Hours: 11:00 AM - 3:00 PM NPT,9181,Rawa Energy Development Limited,RAWA,58.0,12202.0,428.2,0.210624854,427.3,428.2,,,,,,,,,,,,,,,,,,,,,,,7,"price_volume, live_market, summary, top_gainers, top_losers, nepse_index, supply_demand",5576
2026-08-16T13:33:38.194661+05:45,2026-08-16 13:33:38,price_volume,price_volume_183,True,cloud_automated,Sunday - Trading Hours: 11:00 AM - 3:00 PM NPT,177,Rastriya Beema Company Limited,RBCL,58.0,40.0,14150.0,-0.352112676,14200.0,14150.0,,,,,,,,,,,,,,,,,,,,,,,7,"price_volume, live_market, summary, top_gainers, top_losers, nepse_index, supply_demand",5576
2026-08-16T13:33:38.194661+05:45,2026-08-16 13:33:38,price_volume,price_volume_184,True,cloud_automated,Sunday - Trading Hours: 11:00 AM - 3:00 PM NPT,8066,River Falls Power Limited,RFPL,58.0,17513.0,339.2,-2.247838617,347.0,339.2,,,,,,,,,,,,,,,,,,,,,,,7,"price_volume, live_market, summary, top_gainers, top_losers, nepse_index, supply_demand",5576
2026-08-16T13:33:38.194661+05:45,2026-08-16 13:33:38,price_volume,price_volume_185,True,cloud_automated,Sunday - Trading Hours: 11:00 AM - 3:00 PM NPT,8108,Rapti Hydro And General Construction Limited,RHGCL,58.0,26205.0,266.7,0.641509434,265.0,266.7,,,,,,,,,,,,,,,,,,,,,,,7,"price_volume, live_market, summary, top_gainers, top_losers, nepse_index, supply_demand",5576
2026-08-16T13:33:38.194661+05:45,2026-08-16 13:33:38,price_volume,price_volume_186,True,cloud_automated,Sunday - Trading Hours: 11:00 AM - 3:00 PM NPT,2841,RASUWAGADHI HYDROPOWER COMPANY LIMITED,RHPL,58.0,12280.0,255.5,-1.351351351,259.0,255.5,,,,,,,,,,,,,,,,,,,,,,,7,"price_volume, live_market, summary, top_gainers, top_losers, nepse_index, supply_demand",5576
2026-08-16T13:33:38.194661+05:45,2026-08-16 13:33:38,price_volume,price_volume_187,True,cloud_automated,Sunday - Trading Hours: 11:00 AM - 3:00 PM NPT,610,Ridi Power Company Limited,RIDI,58.0,264116.0,367.9,-0.835579515,371.0,367.9,,,,,,,,,,,,,,,,,,,,,,,7,"price_volume, live_market, summary, top_gainers, top_losers, nepse_index, supply_demand",5576
2026-08-16T13:33:38.194661+05:45,2026-08-16 13:33:38,price_volume,price_volume_188,True,cloud_automated,Sunday - Trading Hours: 11:00 AM - 3:00 PM NPT,9324,Ridge Line Energy Limited,RLEL,58.0,10283.0,890.0,4.093567251,855.0,890.0,,,,,,,,,,,,,,,,,,,,,,,7,"price_volume, live_market, summary, top_gainers, top_losers, nepse_index, supply_demand",5576
2026-08-16T13:33:38.194661+05:45,2026-08-16 13:33:38,price_volume,price_volume_189,True,cloud_automated,Sunday - Trading Hours: 11:00 AM - 3:00 PM NPT,587,Reliance Finance Ltd.,RLFL,58.0,17082.0,449.0,0.0,449.0,449.0,,,,,,,,,,,,,,,,,,,,,,,7,"price_volume, live_market, summary, top_gainers, top_losers, nepse_index, supply_demand",5576
2026-08-16T13:33:38.194661+05:45,2026-08-16 13:33:38,price_volume,price_volume_190,True,cloud_automated,Sunday - Trading Hours: 11:00 AM - 3:00 PM NPT,9199,Reliable Nepal Life Insurance Limited,RNLI,58.0,12809.0,427.0,0.140712946,426.4,427.0,,,,,,,,,,,,,,,,,,,,,,,7,"price_volume, live_market, summary, top_gainers, top_losers, nepse_index, supply_demand",5576
2026-08-16T13:33:38.194661+05:45,2026-08-16 13:33:38,price_volume,price_volume_191,True,cloud_automated,Sunday - Trading Hours: 11:00 AM - 3:00 PM NPT,2748,RSDC Laghubitta Bittiya Sanstha Ltd.,RSDC,58.0,3919.0,632.0,-2.015503876,645.0,632.0,,,,,,,,,,,,,,,,,,,,,,,7,"price_volume, live_market, summary, top_gainers, top_losers, nepse_index, supply_demand",5576
2026-08-16T13:33:38.194661+05:45,2026-08-16 13:33:38,price_volume,price_volume_192,True,cloud_automated,Sunday - Trading Hours: 11:00 AM - 3:00 PM NPT,9306,Reliance Spinning Mills Limited,RSML,58.0,19819.0,2556.0,0.388829975,2546.1,2556.0,,,,,,,,,,,,,,,,,,,,,,,7,"price_volume, live_market, summary, top_gainers, top_losers, nepse_index, supply_demand",5576
2026-08-16T13:33:38.194661+05:45,2026-08-16 13:33:38,price_volume,price_volume_193,True,cloud_automated,Sunday - Trading Hours: 11:00 AM - 3:00 PM NPT,2935,Ru Ru Jalbidhyut Pariyojana Limited,RURU,58.0,1681.0,610.6,0.081953778,610.1,610.6,,,,,,,,,,,,,,,,,,,,,,,7,"price_volume, live_market, summary, top_gainers, top_losers, nepse_index, supply_demand",5576
2026-08-16T13:33:38.194661+05:45,2026-08-16 13:33:38,price_volume,price_volume_194,True,cloud_automated,Sunday - Trading Hours: 11:00 AM - 3:00 PM NPT,9305,Salapa Bikas Bank Limited,SABBL,58.0,16593.0,930.0,-2.208201893,951.0,930.0,,,,,,,,,,,,,,,,,,,,,,,7,"price_volume, live_market, summary, top_gainers, top_losers, nepse_index, supply_demand",5576
2026-08-16T13:33:38.194661+05:45,2026-08-16 13:33:38,price_volume,price_volume_195,True,cloud_automated,Sunday - Trading Hours: 11:00 AM - 3:00 PM NPT,472,Shangrila Development Bank Ltd.,SADBL,58.0,6438.0,413.5,0.0,413.5,413.5,,,,,,,,,,,,,,,,,,,,,,,7,"price_volume, live_market, summary, top_gainers, top_losers, nepse_index, supply_demand",5576
2026-08-16T13:33:38.194661+05:45,2026-08-16 13:33:38,price_volume,price_volume_196,True,cloud_automated,Sunday - Trading Hours: 11:00 AM - 3:00 PM NPT,9294,Sagar Distillery Limited,SAGAR,58.0,8483.0,1653.0,-2.764705882,1700.0,1653.0,,,,,,,,,,,,,,,,,,,,,,,7,"price_volume, live_market, summary, top_gainers, top_losers, nepse_index, supply_demand",5576
2026-08-16T13:33:38.194661+05:45,2026-08-16 13:33:38,price_volume,price_volume_197,True,cloud_automated,Sunday - Trading Hours: 11:00 AM - 3:00 PM NPT,8021,Sahas Urja Limited,SAHAS,58.0,47545.0,677.0,0.296296296,675.0,677.0,,,,,,,,,,,,,,,,,,,,,,,7,"price_volume, live_market, summary, top_gainers, top_losers, nepse_index, supply_demand",5576
2026-08-16T13:33:38.194661+05:45,2026-08-16 13:33:38,price_volume,price_volume_198,True,cloud_automated,Sunday - Trading Hours: 11:00 AM - 3:00 PM NPT,9301,Shreenagar Agritech Industries Limited,SAIL,58.0,13813.0,1099.0,-0.090909091,1100.0,1099.0,,,,,,,,,,,,,,,,,,,,,,,7,"price_volume, live_market, summary, top_gainers, top_losers, nepse_index, supply_demand",5576
2026-08-16T13:33:38.194661+05:45,2026-08-16 13:33:38,price_volume,price_volume_199,True,cloud_automated,Sunday - Trading Hours: 11:00 AM - 3:00 PM NPT,185,Sagarmatha Lumbini Insurance Co. Limited,SALICO,58.0,4437.0,588.0,-1.820003339,598.9,588.0,,,,,,,,,,,,,,,,,,,,,,,7,"price_volume, live_market, summary, top_gainers, top_losers, nepse_index, supply_demand",5576
2026-08-16T13:33:38.194661+05:45,2026-08-16 13:33:38,price_volume,price_volume_200,True,cloud_automated,Sunday - Trading Hours: 11:00 AM - 3:00 PM NPT,171,Sanima Bank Limited,SANIMA,58.0,66561.0,370.0,-0.484131253,371.8,370.0,,,,,,,,,,,,,,,,,,,,,,,7,"price_volume, live_market, summary, top_gainers, top_losers, nepse_index, supply_demand",5576
2026-08-16T13:33:38.194661+05:45,2026-08-16 13:33:38,price_volume,price_volume_201,True,cloud_automated,Sunday - Trading Hours: 11:00 AM - 3:00 PM NPT,9263,Sanvi Energy Limited,SANVI,58.0,5206.0,587.0,-1.344537815,595.0,587.0,,,,,,,,,,,,,,,,,,,,,,,7,"price_volume, live_market, summary, top_gainers, top_losers, nepse_index, supply_demand",5576
2026-08-16T13:33:38.194661+05:45,2026-08-16 13:33:38,price_volume,price_volume_202,True,cloud_automated,Sunday - Trading Hours: 11:00 AM - 3:00 PM NPT,2860,Saptakoshi Development Bank Ltd,SAPDBL,58.0,41272.0,787.8,-1.512689086,799.9,787.8,,,,,,,,,,,,,,,,,,,,,,,7,"price_volume, live_market, summary, top_gainers, top_losers, nepse_index, supply_demand",5576
2026-08-16T13:33:38.194661+05:45,2026-08-16 13:33:38,price_volume,price_volume_203,True,cloud_automated,Sunday - Trading Hours: 11:00 AM - 3:00 PM NPT,9353,Sarvottam Paints Industries Limited,SAPIL,58.0,60.0,396.7,14.985507246,345.0,396.7,,,,,,,,,,,,,,,,,,,,,,,7,"price_volume, live_market, summary, top_gainers, top_losers, nepse_index, supply_demand",5576
2026-08-16T13:33:38.194661+05:45,2026-08-16 13:33:38,price_volume,price_volume_204,True,cloud_automated,Sunday - Trading Hours: 11:00 AM - 3:00 PM NPT,9242,Sarbottam Cement Limited,SARBTM,58.0,6582.0,794.9,-0.351009151,797.7,794.9,,,,,,,,,,,,,,,,,,,,,,,7,"price_volume, live_market, summary, top_gainers, top_losers, nepse_index, supply_demand",5576
2026-08-16T13:33:38.194661+05:45,2026-08-16 13:33:38,price_volume,price_volume_205,True,cloud_automated,Sunday - Trading Hours: 11:00 AM - 3:00 PM NPT,135,Nepal SBI Bank Limited,SBI,58.0,11184.0,404.9,0.222772277,404.0,404.9,,,,,,,,,,,,,,,,,,,,,,,7,"price_volume, live_market, summary, top_gainers, top_losers, nepse_index, supply_demand",5576
2026-08-16T13:33:38.194661+05:45,2026-08-16 13:33:38,price_volume,price_volume_206,True,cloud_automated,Sunday - Trading Hours: 11:00 AM - 3:00 PM NPT,145,Siddhartha Bank Limited,SBL,58.0,54134.0,411.0,-0.604594921,413.5,411.0,,,,,,,,,,,,,,,,,,,,,,,7,"price_volume, live_market, summary, top_gainers, top_losers, nepse_index, supply_demand",5576
2026-08-16T13:33:38.194661+05:45,2026-08-16 13:33:38,price_volume,price_volume_207,True,cloud_automated,Sunday - Trading Hours: 11:00 AM - 3:00 PM NPT,133,Standard Chartered Bank Limited,SCB,58.0,5995.0,659.9,0.288753799,658.0,659.9,,,,,,,,,,,,,,,,,,,,,,,7,"price_volume, live_market, summary, top_gainers, top_losers, nepse_index, supply_demand",5576
2026-08-16T13:33:38.194661+05:45,2026-08-16 13:33:38,price_volume,price_volume_208,True,cloud_automated,Sunday - Trading Hours: 11:00 AM - 3:00 PM NPT,8100,Swet-Ganga Hydropower & Construction Limited ,SGHC,58.0,112574.0,299.0,-1.644736842,304.0,299.0,,,,,,,,,,,,,,,,,,,,,,,7,"price_volume, live_market, summary, top_gainers, top_losers, nepse_index, supply_demand",5576
2026-08-16T13:33:38.194661+05:45,2026-08-16 13:33:38,price_volume,price_volume_209,True,cloud_automated,Sunday - Trading Hours: 11:00 AM - 3:00 PM NPT,9345,Sanigad Hydro Limited,SGHL,58.0,40393.0,518.2,0.426356589,516.0,518.2,,,,,,,,,,,,,,,,,,,,,,,7,"price_volume, live_market, summary, top_gainers, top_losers, nepse_index, supply_demand",5576
2026-08-16T13:33:38.194661+05:45,2026-08-16 13:33:38,price_volume,price_volume_210,True,cloud_automated,Sunday - Trading Hours: 11:00 AM - 3:00 PM NPT,2908,Sanima GIC Insurance Limited,SGIC,58.0,4867.0,453.9,-0.67833698,457.0,453.9,,,,,,,,,,,,,,,,,,,,,,,7,"price_volume, live_market, summary, top_gainers, top_losers, nepse_index, supply_demand",5576
2026-08-16T13:33:38.194661+05:45,2026-08-16 13:33:38,price_volume,price_volume_211,True,cloud_automated,Sunday - Trading Hours: 11:00 AM - 3:00 PM NPT,2934,Singati Hydro Energy Limited,SHEL,58.0,36730.0,306.0,-0.228236061,306.7,306.0,,,,,,,,,,,,,,,,,,,,,,,7,"price_volume, live_market, summary, top_gainers, top_losers, nepse_index, supply_demand",5576
2026-08-16T13:33:38.194661+05:45,2026-08-16 13:33:38,price_volume,price_volume_212,True,cloud_automated,Sunday - Trading Hours: 11:00 AM - 3:00 PM NPT,473,Shine Resunga Development Bank Ltd.,SHINE,58.0,9260.0,414.9,0.048227634,414.7,414.9,,,,,,,,,,,,,,,,,,,,,,,7,"price_volume, live_market, summary, top_gainers, top_losers, nepse_index, supply_demand",5576
2026-08-16T13:33:38.194661+05:45,2026-08-16 13:33:38,price_volume,price_volume_213,True,cloud_automated,Sunday - Trading Hours: 11:00 AM - 3:00 PM NPT,2809,SHIVAM CEMENTS LTD,SHIVM,58.0,82324.0,631.0,-0.23715415,632.5,631.0,,,,,,,,,,,,,,,,,,,,,,,7,"price_volume, live_market, summary, top_gainers, top_losers, nepse_index, supply_demand",5576
2026-08-16T13:33:38.194661+05:45,2026-08-16 13:33:38,price_volume,price_volume_214,True,cloud_automated,Sunday - Trading Hours: 11:00 AM - 3:00 PM NPT,147,Soaltee Hotel Limited,SHL,58.0,6324.0,504.4,-0.903732809,509.0,504.4,,,,,,,,,,,,,,,,,,,,,,,7,"price_volume, live_market, summary, top_gainers, top_losers, nepse_index, supply_demand",5576
2026-08-16T13:33:38.194661+05:45,2026-08-16 13:33:38,price_volume,price_volume_215,True,cloud_automated,Sunday - Trading Hours: 11:00 AM - 3:00 PM NPT,8132,Shrijanshil Laghubitta Bittiya Sanstha Limited,SHLB,58.0,50.0,1428.6,2.776978417,1390.0,1428.6,,,,,,,,,,,,,,,,,,,,,,,7,"price_volume, live_market, summary, top_gainers, top_losers, nepse_index, supply_demand",5576
2026-08-16T13:33:38.194661+05:45,2026-08-16 13:33:38,price_volume,price_volume_216,True,cloud_automated,Sunday - Trading Hours: 11:00 AM - 3:00 PM NPT,591,Sanima Mai Hydropower Ltd.,SHPC,58.0,36520.0,495.1,-0.181451613,496.0,495.1,,,,,,,,,,,,,,,,,,,,,,,7,"price_volume, live_market, summary, top_gainers, top_losers, nepse_index, supply_demand",5576
2026-08-16T13:33:38.194661+05:45,2026-08-16 13:33:38,price_volume,price_volume_217,True,cloud_automated,Sunday - Trading Hours: 11:00 AM - 3:00 PM NPT,192,Shikhar Insurance Co. Ltd.,SICL,58.0,2758.0,613.0,-0.16286645,614.0,613.0,,,,,,,,,,,,,,,,,,,,,,,7,"price_volume, live_market, summary, top_gainers, top_losers, nepse_index, supply_demand",5576
2026-08-16T13:33:38.194661+05:45,2026-08-16 13:33:38,price_volume,price_volume_218,True,cloud_automated,Sunday - Trading Hours: 11:00 AM - 3:00 PM NPT,244,Shree Investment Finance Co. Ltd.,SIFC,58.0,5438.0,512.0,0.431541781,509.8,512.0,,,,,,,,,,,,,,,,,,,,,,,7,"price_volume, live_market, summary, top_gainers, top_losers, nepse_index, supply_demand",5576
2026-08-16T13:33:38.194661+05:45,2026-08-16 13:33:38,price_volume,price_volume_219,True,cloud_automated,Sunday - Trading Hours: 11:00 AM - 3:00 PM NPT,8126,Sikles Hydropower Limited,SIKLES,58.0,9325.0,564.5,0.803571429,560.0,564.5,,,,,,,,,,,,,,,,,,,,,,,7,"price_volume, live_market, summary, top_gainers, top_losers, nepse_index, supply_demand",5576
2026-08-16T13:33:38.194661+05:45,2026-08-16 13:33:38,price_volume,price_volume_220,True,cloud_automated,Sunday - Trading Hours: 11:00 AM - 3:00 PM NPT,561,Sindhu Bikash Bank Ltd,SINDU,58.0,3985.0,684.0,0.588235294,680.0,684.0,,,,,,,,,,,,,,,,,,,,,,,7,"price_volume, live_market, summary, top_gainers, top_losers, nepse_index, supply_demand",5576
2026-08-16T13:33:38.194661+05:45,2026-08-16 13:33:38,price_volume,price_volume_221,True,cloud_automated,Sunday - Trading Hours: 11:00 AM - 3:00 PM NPT,9329,Shikhar power Development Limited,SIPD,58.0,20300.0,669.0,-1.617647059,680.0,669.0,,,,,,,,,,,,,,,,,,,,,,,7,"price_volume, live_market, summary, top_gainers, top_losers, nepse_index, supply_demand",5576
2026-08-16T13:33:38.194661+05:45,2026-08-16 13:33:38,price_volume,price_volume_222,True,cloud_automated,Sunday - Trading Hours: 11:00 AM - 3:00 PM NPT,2842,SANJEN JALAVIDHYUT COMPANY LIMITED,SJCL,58.0,4295.0,269.9,-0.074046649,270.1,269.9,,,,,,,,,,,,,,,,,,,,,,,7,"price_volume, live_market, summary, top_gainers, top_losers, nepse_index, supply_demand",5576
2026-08-16T13:33:38.194661+05:45,2026-08-16 13:33:38,price_volume,price_volume_223,True,cloud_automated,Sunday - Trading Hours: 11:00 AM - 3:00 PM NPT,403,SuryaJyoti Life Insurance Company Limited,SJLIC,58.0,3076.0,414.5,-0.120481928,415.0,414.5,,,,,,,,,,,,,,,,,,,,,,,7,"price_volume, live_market, summary, top_gainers, top_losers, nepse_index, supply_demand",5576
2026-08-16T13:33:38.194661+05:45,2026-08-16 13:33:38,price_volume,price_volume_224,True,cloud_automated,Sunday - Trading Hours: 11:00 AM - 3:00 PM NPT,574,Sana Kisan Bikas Laghubitta Bittiya Sanstha Limited,SKBBL,58.0,9853.0,749.8,0.415160037,746.7,749.8,,,,,,,,,,,,,,,,,,,,,,,7,"price_volume, live_market, summary, top_gainers, top_losers, nepse_index, supply_demand",5576
2026-08-16T13:33:38.194661+05:45,2026-08-16 13:33:38,price_volume,price_volume_225,True,cloud_automated,Sunday - Trading Hours: 11:00 AM - 3:00 PM NPT,9325,Suryakunda Hydro Electric Limited,SKHEL,58.0,3244.0,980.0,1.030927835,970.0,980.0,,,,,,,,,,,,,,,,,,,,,,,7,"price_volume, live_market, summary, top_gainers, top_losers, nepse_index, supply_demand",5576
2026-08-16T13:33:38.194661+05:45,2026-08-16 13:33:38,price_volume,price_volume_226,True,cloud_automated,Sunday - Trading Hours: 11:00 AM - 3:00 PM NPT,9323,Super Khudi Hydropower Limited,SKHL,58.0,61915.0,870.0,-12.825651303,998.0,870.0,,,,,,,,,,,,,,,,,,,,,,,7,"price_volume, live_market, summary, top_gainers, top_losers, nepse_index, supply_demand",5576
2026-08-16T13:33:38.194661+05:45,2026-08-16 13:33:38,price_volume,price_volume_227,True,cloud_automated,Sunday - Trading Hours: 11:00 AM - 3:00 PM NPT,545,Swarojgar Laghubitta Bittiya Sanstha Ltd.,SLBBL,58.0,2156.0,802.0,-0.987654321,810.0,802.0,,,,,,,,,,,,,,,,,,,,,,,7,"price_volume, live_market, summary, top_gainers, top_losers, nepse_index, supply_demand",5576
2026-08-16T13:33:38.194661+05:45,2026-08-16 13:33:38,price_volume,price_volume_228,True,cloud_automated,Sunday - Trading Hours: 11:00 AM - 3:00 PM NPT,2804,Samudayik Laghubitta Bittiya Sanstha Limited,SLBSL,58.0,1963.0,945.9,-0.200464233,947.8,945.9,,,,,,,,,,,,,,,,,,,,,,,7,"price_volume, live_market, summary, top_gainers, top_losers, nepse_index, supply_demand",5576
2026-08-16T13:33:38.194661+05:45,2026-08-16 13:33:38,price_volume,price_volume_229,True,cloud_automated,Sunday - Trading Hours: 11:00 AM - 3:00 PM NPT,2761,Samata Gharelu Laghubitta Bittiya Sanstha Limited,SMATA,58.0,927.0,722.0,-0.824175824,728.0,722.0,,,,,,,,,,,,,,,,,,,,,,,7,"price_volume, live_market, summary, top_gainers, top_losers, nepse_index, supply_demand",5576
2026-08-16T13:33:38.194661+05:45,2026-08-16 13:33:38,price_volume,price_volume_230,True,cloud_automated,Sunday - Trading Hours: 11:00 AM - 3:00 PM NPT,2771,Support Microfinance Bittiya Sanstha Ltd.,SMB,58.0,380.0,1827.9,0.323819978,1822.0,1827.9,,,,,,,,,,,,,,,,,,,,,,,7,"price_volume, live_market, summary, top_gainers, top_losers, nepse_index, supply_demand",5576
2026-08-16T13:33:38.194661+05:45,2026-08-16 13:33:38,price_volume,price_volume_231,True,cloud_automated,Sunday - Trading Hours: 11:00 AM - 3:00 PM NPT,2829,Swabhimaan Laghubitta Bittiya Sanstha Limited,SMFBS,58.0,234.0,1477.0,1.862068966,1450.0,1477.0,,,,,,,,,,,,,,,,,,,,,,,7,"price_volume, live_market, summary, top_gainers, top_losers, nepse_index, supply_demand",5576
2026-08-16T13:33:38.194661+05:45,2026-08-16 13:33:38,price_volume,price_volume_232,True,cloud_automated,Sunday - Trading Hours: 11:00 AM - 3:00 PM NPT,9148,Super Mai Hydropower Limited,SMH,58.0,7123.0,512.0,0.392156863,510.0,512.0,,,,,,,,,,,,,,,,,,,,,,,7,"price_volume, live_market, summary, top_gainers, top_losers, nepse_index, supply_demand",5576
2026-08-16T13:33:38.194661+05:45,2026-08-16 13:33:38,price_volume,price_volume_233,True,cloud_automated,Sunday - Trading Hours: 11:00 AM - 3:00 PM NPT,9146,Super Madi Hydropower Limited,SMHL,58.0,19492.0,496.0,0.0,496.0,496.0,,,,,,,,,,,,,,,,,,,,,,,7,"price_volume, live_market, summary, top_gainers, top_losers, nepse_index, supply_demand",5576
2026-08-16T13:33:38.194661+05:45,2026-08-16 13:33:38,price_volume,price_volume_234,True,cloud_automated,Sunday - Trading Hours: 11:00 AM - 3:00 PM NPT,9159,Sagarmatha Jalabidhyut Company Limited,SMJC,58.0,12656.0,432.2,-1.324200913,438.0,432.2,,,,,,,,,,,,,,,,,,,,,,,7,"price_volume, live_market, summary, top_gainers, top_losers, nepse_index, supply_demand",5576
2026-08-16T13:33:38.194661+05:45,2026-08-16 13:33:38,price_volume,price_volume_235,True,cloud_automated,Sunday - Trading Hours: 11:00 AM - 3:00 PM NPT,2896,Sampada Laghubitta Bittiya Sanstha Limited,SMPDA,58.0,956.0,753.0,0.413388452,749.9,753.0,,,,,,,,,,,,,,,,,,,,,,,7,"price_volume, live_market, summary, top_gainers, top_losers, nepse_index, supply_demand",5576
2026-08-16T13:33:38.194661+05:45,2026-08-16 13:33:38,price_volume,price_volume_236,True,cloud_automated,Sunday - Trading Hours: 11:00 AM - 3:00 PM NPT,9201,Sun Nepal Life Insurance Company Limited,SNLI,58.0,11916.0,411.0,0.562759971,408.7,411.0,,,,,,,,,,,,,,,,,,,,,,,7,"price_volume, live_market, summary, top_gainers, top_losers, nepse_index, supply_demand",5576
2026-08-16T13:33:38.194661+05:45,2026-08-16 13:33:38,price_volume,price_volume_237,True,cloud_automated,Sunday - Trading Hours: 11:00 AM - 3:00 PM NPT,9344,Snow Rivers Limited,SNORL,58.0,5560.0,895.0,-0.334075724,898.0,895.0,,,,,,,,,,,,,,,,,,,,,,,7,"price_volume, live_market, summary, top_gainers, top_losers, nepse_index, supply_demand",5576
2026-08-16T13:33:38.194661+05:45,2026-08-16 13:33:38,price_volume,price_volume_238,True,cloud_automated,Sunday - Trading Hours: 11:00 AM - 3:00 PM NPT,9311,Solu Hydropower Limited,SOHL,58.0,158405.0,671.0,-1.323529412,680.0,671.0,,,,,,,,,,,,,,,,,,,,,,,7,"price_volume, live_market, summary, top_gainers, top_losers, nepse_index, supply_demand",5576
2026-08-16T13:33:38.194661+05:45,2026-08-16 13:33:38,price_volume,price_volume_239,True,cloud_automated,Sunday - Trading Hours: 11:00 AM - 3:00 PM NPT,9216,Sonapur Minerals And Oil Limited,SONA,58.0,9083.0,403.0,-0.738916256,406.0,403.0,,,,,,,,,,,,,,,,,,,,,,,7,"price_volume, live_market, summary, top_gainers, top_losers, nepse_index, supply_demand",5576
2026-08-16T13:33:38.194661+05:45,2026-08-16 13:33:38,price_volume,price_volume_240,True,cloud_automated,Sunday - Trading Hours: 11:00 AM - 3:00 PM NPT,9336,Sopan Pharmaceuticals Limited,SOPL,58.0,21037.0,796.0,-1.118012422,805.0,796.0,,,,,,,,,,,,,,,,,,,,,,,7,"price_volume, live_market, summary, top_gainers, top_losers, nepse_index, supply_demand",5576
2026-08-16T13:33:38.194661+05:45,2026-08-16 13:33:38,price_volume,price_volume_241,True,cloud_automated,Sunday - Trading Hours: 11:00 AM - 3:00 PM NPT,8025,Samling Power Company Limited,SPC,58.0,1359.0,418.5,0.119617225,418.0,418.5,,,,,,,,,,,,,,,,,,,,,,,7,"price_volume, live_market, summary, top_gainers, top_losers, nepse_index, supply_demand",5576
2026-08-16T13:33:38.194661+05:45,2026-08-16 13:33:38,price_volume,price_volume_242,True,cloud_automated,Sunday - Trading Hours: 11:00 AM - 3:00 PM NPT,2759,Synergy Power Development Ltd.,SPDL,58.0,25744.0,372.0,-0.8,375.0,372.0,,,,,,,,,,,,,,,,,,,,,,,7,"price_volume, live_market, summary, top_gainers, top_losers, nepse_index, supply_demand",5576
2026-08-16T13:33:38.194661+05:45,2026-08-16 13:33:38,price_volume,price_volume_243,True,cloud_automated,Sunday - Trading Hours: 11:00 AM - 3:00 PM NPT,8121,Sayapatri Hydropower Limited,SPHL,58.0,3126.0,532.0,0.244959487,530.7,532.0,,,,,,,,,,,,,,,,,,,,,,,7,"price_volume, live_market, summary, top_gainers, top_losers, nepse_index, supply_demand",5576
2026-08-16T13:33:38.194661+05:45,2026-08-16 13:33:38,price_volume,price_volume_244,True,cloud_automated,Sunday - Trading Hours: 11:00 AM - 3:00 PM NPT,182,Siddhartha Premier Insurance Limited,SPIL,58.0,1870.0,696.6,-0.171969046,697.8,696.6,,,,,,,,,,,,,,,,,,,,,,,7,"price_volume, live_market, summary, top_gainers, top_losers, nepse_index, supply_demand",5576
2026-08-16T13:33:38.194661+05:45,2026-08-16 13:33:38,price_volume,price_volume_245,True,cloud_automated,Sunday - Trading Hours: 11:00 AM - 3:00 PM NPT,9147,Shuvam Power Limited,SPL,58.0,2860.0,658.0,3.037895396,638.6,658.0,,,,,,,,,,,,,,,,,,,,,,,7,"price_volume, live_market, summary, top_gainers, top_losers, nepse_index, supply_demand",5576
2026-08-16T13:33:38.194661+05:45,2026-08-16 13:33:38,price_volume,price_volume_246,True,cloud_automated,Sunday - Trading Hours: 11:00 AM - 3:00 PM NPT,5982,Sanima Reliance Life Insurance Limited,SRLI,58.0,5181.0,370.5,-0.376445281,371.9,370.5,,,,,,,,,,,,,,,,,,,,,,,7,"price_volume, live_market, summary, top_gainers, top_losers, nepse_index, supply_demand",5576
2026-08-16T13:33:38.194661+05:45,2026-08-16 13:33:38,price_volume,price_volume_247,True,cloud_automated,Sunday - Trading Hours: 11:00 AM - 3:00 PM NPT,2907,Shiva Shree Hydropower Ltd,SSHL,58.0,82517.0,204.6,-0.872093023,206.4,204.6,,,,,,,,,,,,,,,,,,,,,,,7,"price_volume, live_market, summary, top_gainers, top_losers, nepse_index, supply_demand",5576
2026-08-16T13:33:38.194661+05:45,2026-08-16 13:33:38,price_volume,price_volume_248,True,cloud_automated,Sunday - Trading Hours: 11:00 AM - 3:00 PM NPT,155,Salt Trading Corporation,STC,58.0,767.0,5200.0,0.0,5200.0,5200.0,,,,,,,,,,,,,,,,,,,,,,,7,"price_volume, live_market, summary, top_gainers, top_losers, nepse_index, supply_demand",5576
2026-08-16T13:33:38.194661+05:45,2026-08-16 13:33:38,price_volume,price_volume_249,True,cloud_automated,Sunday - Trading Hours: 11:00 AM - 3:00 PM NPT,9295,Swastik Laghubitta Bittiya Sanstha Limited,SWASTIK,58.0,195.0,2000.0,-0.744416873,2015.0,2000.0,,,,,,,,,,,,,,,,,,,,,,,7,"price_volume, live_market, summary, top_gainers, top_losers, nepse_index, supply_demand",5576
2026-08-16T13:33:38.194661+05:45,2026-08-16 13:33:38,price_volume,price_volume_250,True,cloud_automated,Sunday - Trading Hours: 11:00 AM - 3:00 PM NPT,268,Swabalamban Laghubitta Bittiya Sanstha Limited,SWBBL,58.0,3891.0,674.2,0.327380952,672.0,674.2,,,,,,,,,,,,,,,,,,,,,,,7,"price_volume, live_market, summary, top_gainers, top_losers, nepse_index, supply_demand",5576
2026-08-16T13:33:38.194661+05:45,2026-08-16 13:33:38,price_volume,price_volume_251,True,cloud_automated,Sunday - Trading Hours: 11:00 AM - 3:00 PM NPT,706,Suryodaya Womi Laghubitta Bittiya Sanstha Limited,SWMF,58.0,4552.0,615.0,0.16286645,614.0,615.0,,,,,,,,,,,,,,,,,,,,,,,7,"price_volume, live_market, summary, top_gainers, top_losers, nepse_index, supply_demand",5576
2026-08-16T13:33:38.194661+05:45,2026-08-16 13:33:38,price_volume,price_volume_252,True,cloud_automated,Sunday - Trading Hours: 11:00 AM - 3:00 PM NPT,9303,SY Panel Nepal Limited,SYPNL,58.0,17666.0,1293.0,-0.538461538,1300.0,1293.0,,,,,,,,,,,,,,,,,,,,,,,7,"price_volume, live_market, summary, top_gainers, top_losers, nepse_index, supply_demand",5576
2026-08-16T13:33:38.194661+05:45,2026-08-16 13:33:38,price_volume,price_volume_253,True,cloud_automated,Sunday - Trading Hours: 11:00 AM - 3:00 PM NPT,9156,Sanima Middle Tamor Hydropower Limited,TAMOR,58.0,34204.0,457.0,0.883002208,453.0,457.0,,,,,,,,,,,,,,,,,,,,,,,7,"price_volume, live_market, summary, top_gainers, top_losers, nepse_index, supply_demand",5576
2026-08-16T13:33:38.194661+05:45,2026-08-16 13:33:38,price_volume,price_volume_254,True,cloud_automated,Sunday - Trading Hours: 11:00 AM - 3:00 PM NPT,8022,Terhathum Power Company Limited,TPC,58.0,8555.0,363.4,0.331308669,362.2,363.4,,,,,,,,,,,,,,,,,,,,,,,7,"price_volume, live_market, summary, top_gainers, top_losers, nepse_index, supply_demand",5576
2026-08-16T13:33:38.194661+05:45,2026-08-16 13:33:38,price_volume,price_volume_255,True,cloud_automated,Sunday - Trading Hours: 11:00 AM - 3:00 PM NPT,9343,Taksar Pikhuwa Khola Hydropower Limited,TPKHL,58.0,23246.0,542.0,0.0,542.0,542.0,,,,,,,,,,,,,,,,,,,,,,,7,"price_volume, live_market, summary, top_gainers, top_losers, nepse_index, supply_demand",5576
2026-08-16T13:33:38.194661+05:45,2026-08-16 13:33:38,price_volume,price_volume_256,True,cloud_automated,Sunday - Trading Hours: 11:00 AM - 3:00 PM NPT,148,Taragaon Regency Hotel Limited,TRH,58.0,9178.0,840.0,0.598802395,835.0,840.0,,,,,,,,,,,,,,,,,,,,,,,7,"price_volume, live_market, summary, top_gainers, top_losers, nepse_index, supply_demand",5576
2026-08-16T13:33:38.194661+05:45,2026-08-16 13:33:38,price_volume,price_volume_257,True,cloud_automated,Sunday - Trading Hours: 11:00 AM - 3:00 PM NPT,9194,Three Star Hydropower Limited,TSHL,58.0,4819.0,361.0,-1.902173913,368.0,361.0,,,,,,,,,,,,,,,,,,,,,,,7,"price_volume, live_market, summary, top_gainers, top_losers, nepse_index, supply_demand",5576
2026-08-16T13:33:38.194661+05:45,2026-08-16 13:33:38,price_volume,price_volume_258,True,cloud_automated,Sunday - Trading Hours: 11:00 AM - 3:00 PM NPT,9262,Trade Tower Limited,TTL,58.0,6817.0,714.0,0.168350168,712.8,714.0,,,,,,,,,,,,,,,,,,,,,,,7,"price_volume, live_market, summary, top_gainers, top_losers, nepse_index, supply_demand",5576
2026-08-16T13:33:38.194661+05:45,2026-08-16 13:33:38,price_volume,price_volume_259,True,cloud_automated,Sunday - Trading Hours: 11:00 AM - 3:00 PM NPT,9218,Trishuli Jal Vidhyut Company Limited ,TVCL,58.0,942.0,475.0,0.614276636,472.1,475.0,,,,,,,,,,,,,,,,,,,,,,,7,"price_volume, live_market, summary, top_gainers, top_losers, nepse_index, supply_demand",5576
2026-08-16T13:33:38.194661+05:45,2026-08-16 13:33:38,price_volume,price_volume_260,True,cloud_automated,Sunday - Trading Hours: 11:00 AM - 3:00 PM NPT,180,United Ajod Insurance Limited,UAIL,58.0,10650.0,435.6,-0.114652603,436.1,435.6,,,,,,,,,,,,,,,,,,,,,,,7,"price_volume, live_market, summary, top_gainers, top_losers, nepse_index, supply_demand",5576
2026-08-16T13:33:38.194661+05:45,2026-08-16 13:33:38,price_volume,price_volume_261,True,cloud_automated,Sunday - Trading Hours: 11:00 AM - 3:00 PM NPT,8099,Upper Hewakhola Hydropower Company Limited,UHEWA,58.0,31432.0,628.9,-0.647709321,633.0,628.9,,,,,,,,,,,,,,,,,,,,,,,7,"price_volume, live_market, summary, top_gainers, top_losers, nepse_index, supply_demand",5576
2026-08-16T13:33:38.194661+05:45,2026-08-16 13:33:38,price_volume,price_volume_262,True,cloud_automated,Sunday - Trading Hours: 11:00 AM - 3:00 PM NPT,8063,Upakar Laghubitta Bittiya Sanstha Limited,ULBSL,58.0,200.0,2745.0,-0.109170306,2748.0,2745.0,,,,,,,,,,,,,,,,,,,,,,,7,"price_volume, live_market, summary, top_gainers, top_losers, nepse_index, supply_demand",5576
2026-08-16T13:33:38.194661+05:45,2026-08-16 13:33:38,price_volume,price_volume_263,True,cloud_automated,Sunday - Trading Hours: 11:00 AM - 3:00 PM NPT,9208,Upper Lohore Khola Hydropower Company Limited,ULHC,58.0,63497.0,342.0,-4.735376045,359.0,342.0,,,,,,,,,,,,,,,,,,,,,,,7,"price_volume, live_market, summary, top_gainers, top_losers, nepse_index, supply_demand",5576
2026-08-16T13:33:38.194661+05:45,2026-08-16 13:33:38,price_volume,price_volume_264,True,cloud_automated,Sunday - Trading Hours: 11:00 AM - 3:00 PM NPT,2760,United Modi Hydropower Ltd.,UMHL,58.0,120565.0,585.0,0.688468158,581.0,585.0,,,,,,,,,,,,,,,,,,,,,,,7,"price_volume, live_market, summary, top_gainers, top_losers, nepse_index, supply_demand",5576
2026-08-16T13:33:38.194661+05:45,2026-08-16 13:33:38,price_volume,price_volume_265,True,cloud_automated,Sunday - Trading Hours: 11:00 AM - 3:00 PM NPT,2914,United IDI Mardi RB Hydropower Limited.,UMRH,58.0,3423.0,528.5,-0.657894737,532.0,528.5,,,,,,,,,,,,,,,,,,,,,,,7,"price_volume, live_market, summary, top_gainers, top_losers, nepse_index, supply_demand",5576
2026-08-16T13:33:38.194661+05:45,2026-08-16 13:33:38,price_volume,price_volume_266,True,cloud_automated,Sunday - Trading Hours: 11:00 AM - 3:00 PM NPT,2831,Union Hydropower Limited,UNHPL,58.0,13316.0,374.0,-1.319261214,379.0,374.0,,,,,,,,,,,,,,,,,,,,,,,7,"price_volume, live_market, summary, top_gainers, top_losers, nepse_index, supply_demand",5576
2026-08-16T13:33:38.194661+05:45,2026-08-16 13:33:38,price_volume,price_volume_267,True,cloud_automated,Sunday - Trading Hours: 11:00 AM - 3:00 PM NPT,219,Unilever Nepal Limited,UNL,58.0,10.0,47400.0,-0.628930818,47700.0,47400.0,,,,,,,,,,,,,,,,,,,,,,,7,"price_volume, live_market, summary, top_gainers, top_losers, nepse_index, supply_demand",5576
2026-08-16T13:33:38.194661+05:45,2026-08-16 13:33:38,price_volume,price_volume_268,True,cloud_automated,Sunday - Trading Hours: 11:00 AM - 3:00 PM NPT,9140,Unique Nepal Laghubitta Bittiya Sanstha Limited,UNLB,58.0,799.0,1262.9,-0.551224506,1269.9,1262.9,,,,,,,,,,,,,,,,,,,,,,,7,"price_volume, live_market, summary, top_gainers, top_losers, nepse_index, supply_demand",5576
2026-08-16T13:33:38.194661+05:45,2026-08-16 13:33:38,price_volume,price_volume_269,True,cloud_automated,Sunday - Trading Hours: 11:00 AM - 3:00 PM NPT,2810,UNIVERSAL POWER COMPANY LTD,UPCL,58.0,18118.0,348.0,-0.143472023,348.5,348.0,,,,,,,,,,,,,,,,,,,,,,,7,"price_volume, live_market, summary, top_gainers, top_losers, nepse_index, supply_demand",5576
2026-08-16T13:33:38.194661+05:45,2026-08-16 13:33:38,price_volume,price_volume_270,True,cloud_automated,Sunday - Trading Hours: 11:00 AM - 3:00 PM NPT,2792,Upper Tamakoshi Hydropower Ltd,UPPER,58.0,45764.0,193.5,0.0,193.5,193.5,,,,,,,,,,,,,,,,,,,,,,,7,"price_volume, live_market, summary, top_gainers, top_losers, nepse_index, supply_demand",5576
2026-08-16T13:33:38.194661+05:45,2026-08-16 13:33:38,price_volume,price_volume_271,True,cloud_automated,Sunday - Trading Hours: 11:00 AM - 3:00 PM NPT,8104,Upper Solu Hydro Electric Company Limited,USHEC,58.0,7334.0,501.2,0.24,500.0,501.2,,,,,,,,,,,,,,,,,,,,,,,7,"price_volume, live_market, summary, top_gainers, top_losers, nepse_index, supply_demand",5576
2026-08-16T13:33:38.194661+05:45,2026-08-16 13:33:38,price_volume,price_volume_272,True,cloud_automated,Sunday - Trading Hours: 11:00 AM - 3:00 PM NPT,9192,Upper Syange Hydropower Limited,USHL,58.0,3581.0,543.0,0.948131623,537.9,543.0,,,,,,,,,,,,,,,,,,,,,,,7,"price_volume, live_market, summary, top_gainers, top_losers, nepse_index, supply_demand",5576
2026-08-16T13:33:38.194661+05:45,2026-08-16 13:33:38,price_volume,price_volume_273,True,cloud_automated,Sunday - Trading Hours: 11:00 AM - 3:00 PM NPT,2774,Unnati Sahakarya Laghubitta Bittiya Sanstha Limited,USLB,58.0,140.0,1121.0,-0.044583148,1121.5,1121.0,,,,,,,,,,,,,,,,,,,,,,,7,"price_volume, live_market, summary, top_gainers, top_losers, nepse_index, supply_demand",5576
2026-08-16T13:33:38.194661+05:45,2026-08-16 13:33:38,price_volume,price_volume_274,True,cloud_automated,Sunday - Trading Hours: 11:00 AM - 3:00 PM NPT,687,Vijaya laghubitta Bittiya Sanstha Ltd.,VLBS,58.0,948.0,658.0,-0.015195259,658.1,658.0,,,,,,,,,,,,,,,,,,,,,,,7,"price_volume, live_market, summary, top_gainers, top_losers, nepse_index, supply_demand",5576
2026-08-16T13:33:38.194661+05:45,2026-08-16 13:33:38,price_volume,price_volume_275,True,cloud_automated,Sunday - Trading Hours: 11:00 AM - 3:00 PM NPT,9225,Vision Lumbini Urja Company Limited ,VLUCL,58.0,7058.0,413.0,0.0,413.0,413.0,,,,,,,,,,,,,,,,,,,,,,,7,"price_volume, live_market, summary, top_gainers, top_losers, nepse_index, supply_demand",5576
2026-08-16T13:33:38.194661+05:45,2026-08-16 13:33:38,price_volume,price_volume_276,True,cloud_automated,Sunday - Trading Hours: 11:00 AM - 3:00 PM NPT,2781,Wean Nepal Laghubitta Bittiya Sanstha Limited,WNLB,58.0,293.0,1301.0,-2.327327327,1332.0,1301.0,,,,,,,,,,,,,,,,,,,,,,,7,"price_volume, live_market, summary, top_gainers, top_losers, nepse_index, supply_demand",5576
2026-08-16T13:33:38.194661+05:45,2026-08-16 13:33:38,price_volume,price_volume_277,True,cloud_automated,Sunday - Trading Hours: 11:00 AM - 3:00 PM NPT,9342,Yambaling Hydropower Limited,YMHL,58.0,17131.0,623.0,0.0,623.0,623.0,,,,,,,,,,,,,,,,,,,,,,,7,"price_volume, live_market, summary, top_gainers, top_losers, nepse_index, supply_demand",5576
2026-08-16T13:33:38.194661+05:45,2026-08-16 13:33:38,live_market,live_market_1,True,cloud_automated,Sunday - Trading Hours: 11:00 AM - 3:00 PM NPT,8108,Rapti Hydro And General Construction Limited,RHGCL,58.0,26205.0,266.7,0.64,265.0,,269.7,272.0,262.0,7015860.7,2026-08-14 15:00:00.003395,10.0,267.73,,,,,,,,,,,,,,,,7,"price_volume, live_market, summary, top_gainers, top_losers, nepse_index, supply_demand",5576
2026-08-16T13:33:38.194661+05:45,2026-08-16 13:33:38,live_market,live_market_2,True,cloud_automated,Sunday - Trading Hours: 11:00 AM - 3:00 PM NPT,9306,Reliance Spinning Mills Limited,RSML,58.0,19819.0,2556.0,0.39,2546.1,,2420.0,2605.0,2420.0,51036013.4,2026-08-14 14:59:59.982806,10.0,2575.11,,,,,,,,,,,,,,,,7,"price_volume, live_market, summary, top_gainers, top_losers, nepse_index, supply_demand",5576
2026-08-16T13:33:38.194661+05:45,2026-08-16 13:33:38,live_market,live_market_3,True,cloud_automated,Sunday - Trading Hours: 11:00 AM - 3:00 PM NPT,9343,Taksar Pikhuwa Khola Hydropower Limited,TPKHL,58.0,23246.0,542.0,0.0,542.0,,535.0,555.0,535.0,12592691.2,2026-08-14 14:59:59.958153,10.0,541.71,,,,,,,,,,,,,,,,7,"price_volume, live_market, summary, top_gainers, top_losers, nepse_index, supply_demand",5576
2026-08-16T13:33:38.194661+05:45,2026-08-16 13:33:38,live_market,live_market_4,True,cloud_automated,Sunday - Trading Hours: 11:00 AM - 3:00 PM NPT,8070,Dordi Khola Jal Bidyut Company Limited,DORDI,58.0,23277.0,254.0,0.0,254.0,,254.0,258.8,252.0,5965034.8,2026-08-14 14:59:59.913068,10.0,256.26,,,,,,,,,,,,,,,,7,"price_volume, live_market, summary, top_gainers, top_losers, nepse_index, supply_demand",5576
2026-08-16T13:33:38.194661+05:45,2026-08-16 13:33:38,live_market,live_market_5,True,cloud_automated,Sunday - Trading Hours: 11:00 AM - 3:00 PM NPT,341,Global IME Bank Limited,GBIME,58.0,97314.0,252.9,0.52,251.6,,251.0,255.0,251.0,24599447.4,2026-08-14 14:59:59.901659,425.0,252.78,,,,,,,,,,,,,,,,7,"price_volume, live_market, summary, top_gainers, top_losers, nepse_index, supply_demand",5576
2026-08-16T13:33:38.194661+05:45,2026-08-16 13:33:38,live_market,live_market_6,True,cloud_automated,Sunday - Trading Hours: 11:00 AM - 3:00 PM NPT,2767,Himalayan Power Partner Ltd.,HPPL,58.0,126149.0,383.5,0.79,380.5,,373.0,384.0,373.0,48091529.3,2026-08-14 14:59:59.892786,10.0,381.23,,,,,,,,,,,,,,,,7,"price_volume, live_market, summary, top_gainers, top_losers, nepse_index, supply_demand",5576
2026-08-16T13:33:38.194661+05:45,2026-08-16 13:33:38,live_market,live_market_7,True,cloud_automated,Sunday - Trading Hours: 11:00 AM - 3:00 PM NPT,2806,Ghalemdi Hydro Limited,GHL,58.0,314454.0,249.0,-3.0,256.7,,256.7,260.5,246.0,79270186.4,2026-08-14 14:59:59.875995,484.0,252.09,,,,,,,,,,,,,,,,7,"price_volume, live_market, summary, top_gainers, top_losers, nepse_index, supply_demand",5576
2026-08-16T13:33:38.194661+05:45,2026-08-16 13:33:38,live_market,live_market_8,True,cloud_automated,Sunday - Trading Hours: 11:00 AM - 3:00 PM NPT,9267,Bikash Hydropower Company Limited,BHCL,58.0,158720.0,522.1,6.86,488.6,,492.0,530.0,488.7,82215575.2,2026-08-14 14:59:59.843054,50.0,517.99,,,,,,,,,,,,,,,,7,"price_volume, live_market, summary, top_gainers, top_losers, nepse_index, supply_demand",5576
2026-08-16T13:33:38.194661+05:45,2026-08-16 13:33:38,live_market,live_market_9,True,cloud_automated,Sunday - Trading Hours: 11:00 AM - 3:00 PM NPT,2760,United Modi Hydropower Ltd.,UMHL,58.0,120565.0,585.0,0.69,581.0,,575.0,595.0,575.0,70573196.9,2026-08-14 14:59:59.810654,10.0,585.35,,,,,,,,,,,,,,,,7,"price_volume, live_market, summary, top_gainers, top_losers, nepse_index, supply_demand",5576
2026-08-16T13:33:38.194661+05:45,2026-08-16 13:33:38,live_market,live_market_10,True,cloud_automated,Sunday - Trading Hours: 11:00 AM - 3:00 PM NPT,2807,Asha Laghubitta Bittiya Sanstha Ltd,ALBSL,58.0,6912.0,1122.9,-0.19,1125.0,,1081.0,1155.0,1081.0,7688665.5,2026-08-14 14:59:59.761451,30.0,1112.36,,,,,,,,,,,,,,,,7,"price_volume, live_market, summary, top_gainers, top_losers, nepse_index, supply_demand",5576
2026-08-16T13:33:38.194661+05:45,2026-08-16 13:33:38,live_market,live_market_11,True,cloud_automated,Sunday - Trading Hours: 11:00 AM - 3:00 PM NPT,9230,Muktinath Krishi Company Limited,MKCL,58.0,4710.0,1048.0,-0.38,1052.0,,1046.0,1050.0,991.0,4883984.0,2026-08-14 14:59:59.750581,10.0,1036.94,,,,,,,,,,,,,,,,7,"price_volume, live_market, summary, top_gainers, top_losers, nepse_index, supply_demand",5576
2026-08-16T13:33:38.194661+05:45,2026-08-16 13:33:38,live_market,live_market_12,True,cloud_automated,Sunday - Trading Hours: 11:00 AM - 3:00 PM NPT,245,Central Finance Co. Ltd.,CFCL,58.0,169405.0,639.0,-1.08,646.0,,615.0,681.0,615.0,108329942.0,2026-08-14 14:59:59.748597,100.0,639.47,,,,,,,,,,,,,,,,7,"price_volume, live_market, summary, top_gainers, top_losers, nepse_index, supply_demand",5576
2026-08-16T13:33:38.194661+05:45,2026-08-16 13:33:38,live_market,live_market_13,True,cloud_automated,Sunday - Trading Hours: 11:00 AM - 3:00 PM NPT,8122,People's Power Limited,PPL,58.0,8400.0,325.0,-0.61,327.0,,310.7,329.5,310.7,2716339.5,2026-08-14 14:59:59.682137,20.0,323.37,,,,,,,,,,,,,,,,7,"price_volume, live_market, summary, top_gainers, top_losers, nepse_index, supply_demand",5576
2026-08-16T13:33:38.194661+05:45,2026-08-16 13:33:38,live_market,live_market_14,True,cloud_automated,Sunday - Trading Hours: 11:00 AM - 3:00 PM NPT,610,Ridi Power Company Limited,RIDI,58.0,264116.0,367.9,-0.84,371.0,,371.0,374.9,365.3,97429985.6,2026-08-14 14:59:59.642296,10.0,368.89,,,,,,,,,,,,,,,,7,"price_volume, live_market, summary, top_gainers, top_losers, nepse_index, supply_demand",5576
2026-08-16T13:33:38.194661+05:45,2026-08-16 13:33:38,live_market,live_market_15,True,cloud_automated,Sunday - Trading Hours: 11:00 AM - 3:00 PM NPT,574,Sana Kisan Bikas Laghubitta Bittiya Sanstha Limited,SKBBL,58.0,9853.0,749.8,0.42,746.7,,749.8,749.8,744.9,7347832.7,2026-08-14 14:59:59.612293,80.0,745.75,,,,,,,,,,,,,,,,7,"price_volume, live_market, summary, top_gainers, top_losers, nepse_index, supply_demand",5576
2026-08-16T13:33:38.194661+05:45,2026-08-16 13:33:38,live_market,live_market_16,True,cloud_automated,Sunday - Trading Hours: 11:00 AM - 3:00 PM NPT,2898,NRN Infrastructure and Development Limited,NRN,58.0,77887.0,1390.0,-2.1,1419.8,,1400.0,1418.9,1390.0,108980318.3,2026-08-14 14:59:59.608589,10.0,1399.21,,,,,,,,,,,,,,,,7,"price_volume, live_market, summary, top_gainers, top_losers, nepse_index, supply_demand",5576
2026-08-16T13:33:38.194661+05:45,2026-08-16 13:33:38,live_market,live_market_17,True,cloud_automated,Sunday - Trading Hours: 11:00 AM - 3:00 PM NPT,9323,Super Khudi Hydropower Limited,SKHL,58.0,61915.0,870.0,-12.83,998.0,,948.1,948.1,848.3,53538813.0,2026-08-14 14:59:59.47794,100.0,864.71,,,,,,,,,,,,,,,,7,"price_volume, live_market, summary, top_gainers, top_losers, nepse_index, supply_demand",5576
2026-08-16T13:33:38.194661+05:45,2026-08-16 13:33:38,live_market,live_market_18,True,cloud_automated,Sunday - Trading Hours: 11:00 AM - 3:00 PM NPT,2786,Panchakanya Mai Hydropower Ltd,PMHPL,58.0,3281.0,316.0,0.03,315.9,,319.9,319.9,311.0,1021831.0,2026-08-14 14:59:59.349331,30.0,311.44,,,,,,,,,,,,,,,,7,"price_volume, live_market, summary, top_gainers, top_losers, nepse_index, supply_demand",5576
2026-08-16T13:33:38.194661+05:45,2026-08-16 13:33:38,live_market,live_market_19,True,cloud_automated,Sunday - Trading Hours: 11:00 AM - 3:00 PM NPT,9296,Bungal Hydro Limited,BUNGAL,58.0,13721.0,580.1,-0.84,585.0,,585.0,586.1,580.1,7996622.8,2026-08-14 14:59:59.33238,1296.0,582.8,,,,,,,,,,,,,,,,7,"price_volume, live_market, summary, top_gainers, top_losers, nepse_index, supply_demand",5576
2026-08-16T13:33:38.194661+05:45,2026-08-16 13:33:38,live_market,live_market_20,True,cloud_automated,Sunday - Trading Hours: 11:00 AM - 3:00 PM NPT,9199,Reliable Nepal Life Insurance Limited,RNLI,58.0,12809.0,427.0,0.14,426.4,,426.4,428.0,422.5,5463483.5,2026-08-14 14:59:59.327218,25.0,426.53,,,,,,,,,,,,,,,,7,"price_volume, live_market, summary, top_gainers, top_losers, nepse_index, supply_demand",5576
2026-08-16T13:33:38.194661+05:45,2026-08-16 13:33:38,live_market,live_market_21,True,cloud_automated,Sunday - Trading Hours: 11:00 AM - 3:00 PM NPT,9176,Ingwa Hydropower Limited,IHL,58.0,9094.0,343.0,-0.41,344.4,,344.1,345.0,339.2,3099720.9,2026-08-14 14:59:59.30935,100.0,340.85,,,,,,,,,,,,,,,,7,"price_volume, live_market, summary, top_gainers, top_losers, nepse_index, supply_demand",5576
2026-08-16T13:33:38.194661+05:45,2026-08-16 13:33:38,live_market,live_market_22,True,cloud_automated,Sunday - Trading Hours: 11:00 AM - 3:00 PM NPT,255,Prabhu  Bank Limited,PRVU,58.0,348024.0,187.0,-1.58,190.0,,187.0,188.1,185.0,65033208.3,2026-08-14 14:59:59.261306,10.0,186.86,,,,,,,,,,,,,,,,7,"price_volume, live_market, summary, top_gainers, top_losers, nepse_index, supply_demand",5576
2026-08-16T13:33:38.194661+05:45,2026-08-16 13:33:38,live_market,live_market_23,True,cloud_automated,Sunday - Trading Hours: 11:00 AM - 3:00 PM NPT,9170,Dolti Power Company Limited,DOLTI,58.0,13200.0,319.9,0.38,318.7,,328.0,328.0,316.5,4209527.5,2026-08-14 14:59:59.178511,10.0,318.9,,,,,,,,,,,,,,,,7,"price_volume, live_market, summary, top_gainers, top_losers, nepse_index, supply_demand",5576
2026-08-16T13:33:38.194661+05:45,2026-08-16 13:33:38,live_market,live_market_24,True,cloud_automated,Sunday - Trading Hours: 11:00 AM - 3:00 PM NPT,2903,Liberty Energy Company Limited,LEC,58.0,723736.0,230.7,2.76,224.5,,213.4,233.0,213.4,165618986.2,2026-08-14 14:59:59.151764,2000.0,228.84,,,,,,,,,,,,,,,,7,"price_volume, live_market, summary, top_gainers, top_losers, nepse_index, supply_demand",5576
2026-08-16T13:33:38.194661+05:45,2026-08-16 13:33:38,live_market,live_market_25,True,cloud_automated,Sunday - Trading Hours: 11:00 AM - 3:00 PM NPT,8100,Swet-Ganga Hydropower & Construction Limited ,SGHC,58.0,112574.0,299.0,-1.64,304.0,,308.0,309.0,299.0,33902485.1,2026-08-14 14:59:59.074972,220.0,301.16,,,,,,,,,,,,,,,,7,"price_volume, live_market, summary, top_gainers, top_losers, nepse_index, supply_demand",5576
2026-08-16T13:33:38.194661+05:45,2026-08-16 13:33:38,live_market,live_market_26,True,cloud_automated,Sunday - Trading Hours: 11:00 AM - 3:00 PM NPT,9334,Kalinchock Hydropower Limited,KHPL,58.0,4369.0,810.0,0.25,808.0,,800.0,818.5,800.0,3529429.1,2026-08-14 14:59:59.063957,10.0,807.83,,,,,,,,,,,,,,,,7,"price_volume, live_market, summary, top_gainers, top_losers, nepse_index, supply_demand",5576
2026-08-16T13:33:38.194661+05:45,2026-08-16 13:33:38,live_market,live_market_27,True,cloud_automated,Sunday - Trading Hours: 11:00 AM - 3:00 PM NPT,9146,Super Madi Hydropower Limited,SMHL,58.0,19492.0,496.0,0.0,496.0,,499.0,499.0,492.0,9650529.3,2026-08-14 14:59:59.047051,1131.0,495.1,,,,,,,,,,,,,,,,7,"price_volume, live_market, summary, top_gainers, top_losers, nepse_index, supply_demand",5576
2026-08-16T13:33:38.194661+05:45,2026-08-16 13:33:38,live_market,live_market_28,True,cloud_automated,Sunday - Trading Hours: 11:00 AM - 3:00 PM NPT,2860,Saptakoshi Development Bank Ltd,SAPDBL,58.0,41272.0,787.8,-1.51,799.9,,823.0,823.0,775.0,32374354.3,2026-08-14 14:59:59.037068,20.0,784.41,,,,,,,,,,,,,,,,7,"price_volume, live_market, summary, top_gainers, top_losers, nepse_index, supply_demand",5576
2026-08-16T13:33:38.194661+05:45,2026-08-16 13:33:38,live_market,live_market_29,True,cloud_automated,Sunday - Trading Hours: 11:00 AM - 3:00 PM NPT,2751,Khanikhola Hydropower Co. Ltd.,KKHC,58.0,552452.0,352.3,10.09,320.0,,335.0,352.3,311.5,179898396.4,2026-08-14 14:59:59.024412,10.0,325.64,,,,,,,,,,,,,,,,7,"price_volume, live_market, summary, top_gainers, top_losers, nepse_index, supply_demand",5576
2026-08-16T13:33:38.194661+05:45,2026-08-16 13:33:38,live_market,live_market_30,True,cloud_automated,Sunday - Trading Hours: 11:00 AM - 3:00 PM NPT,9234,Himalayan Reinsurance Limited,HRL,58.0,26117.0,579.0,-0.69,583.0,,590.0,590.0,578.3,15152132.1,2026-08-14 14:59:58.938476,100.0,580.16,,,,,,,,,,,,,,,,7,"price_volume, live_market, summary, top_gainers, top_losers, nepse_index, supply_demand",5576
2026-08-16T13:33:38.194661+05:45,2026-08-16 13:33:38,live_market,live_market_31,True,cloud_automated,Sunday - Trading Hours: 11:00 AM - 3:00 PM NPT,8076,Himalayan Hydropower Limited,HHL,58.0,24251.0,343.5,1.33,339.0,,340.1,345.0,340.1,8300678.0,2026-08-14 14:59:58.899064,10.0,342.28,,,,,,,,,,,,,,,,7,"price_volume, live_market, summary, top_gainers, top_losers, nepse_index, supply_demand",5576
2026-08-16T13:33:38.194661+05:45,2026-08-16 13:33:38,live_market,live_market_32,True,cloud_automated,Sunday - Trading Hours: 11:00 AM - 3:00 PM NPT,9325,Suryakunda Hydro Electric Limited,SKHEL,58.0,3244.0,980.0,1.03,970.0,,950.5,980.0,950.5,3136888.9,2026-08-14 14:59:58.890166,10.0,966.98,,,,,,,,,,,,,,,,7,"price_volume, live_market, summary, top_gainers, top_losers, nepse_index, supply_demand",5576
2026-08-16T13:33:38.194661+05:45,2026-08-16 13:33:38,live_market,live_market_33,True,cloud_automated,Sunday - Trading Hours: 11:00 AM - 3:00 PM NPT,9303,SY Panel Nepal Limited,SYPNL,58.0,17666.0,1293.0,-0.54,1300.0,,1350.0,1350.0,1275.0,22946893.4,2026-08-14 14:59:58.848453,140.0,1298.93,,,,,,,,,,,,,,,,7,"price_volume, live_market, summary, top_gainers, top_losers, nepse_index, supply_demand",5576
2026-08-16T13:33:38.194661+05:45,2026-08-16 13:33:38,live_market,live_market_34,True,cloud_automated,Sunday - Trading Hours: 11:00 AM - 3:00 PM NPT,697,Api Power Company Ltd.,API,58.0,194581.0,332.9,0.39,331.6,,336.8,336.8,328.5,64419277.7,2026-08-14 14:59:58.695453,10.0,331.07,,,,,,,,,,,,,,,,7,"price_volume, live_market, summary, top_gainers, top_losers, nepse_index, supply_demand",5576
2026-08-16T13:33:38.194661+05:45,2026-08-16 13:33:38,live_market,live_market_35,True,cloud_automated,Sunday - Trading Hours: 11:00 AM - 3:00 PM NPT,171,Sanima Bank Limited,SANIMA,58.0,66561.0,370.0,-0.48,371.8,,371.0,373.0,369.1,24628280.1,2026-08-14 14:59:58.695267,510.0,370.01,,,,,,,,,,,,,,,,7,"price_volume, live_market, summary, top_gainers, top_losers, nepse_index, supply_demand",5576
2026-08-16T13:33:38.194661+05:45,2026-08-16 13:33:38,live_market,live_market_36,True,cloud_automated,Sunday - Trading Hours: 11:00 AM - 3:00 PM NPT,8117,Aviyan Laghubitta Bittiya Sanstha Limited,AVYAN,58.0,4570.0,1075.0,-1.29,1089.0,,1097.9,1100.0,1075.0,4958620.1,2026-08-14 14:59:58.694459,27.0,1085.04,,,,,,,,,,,,,,,,7,"price_volume, live_market, summary, top_gainers, top_losers, nepse_index, supply_demand",5576
2026-08-16T13:33:38.194661+05:45,2026-08-16 13:33:38,live_market,live_market_37,True,cloud_automated,Sunday - Trading Hours: 11:00 AM - 3:00 PM NPT,9212,Mandu Hydropower Limited,MANDU,58.0,6279.0,833.9,2.71,811.9,,815.5,833.9,809.0,5199801.1,2026-08-14 14:59:58.668763,10.0,828.13,,,,,,,,,,,,,,,,7,"price_volume, live_market, summary, top_gainers, top_losers, nepse_index, supply_demand",5576
2026-08-16T13:33:38.194661+05:45,2026-08-16 13:33:38,live_market,live_market_38,True,cloud_automated,Sunday - Trading Hours: 11:00 AM - 3:00 PM NPT,2790,Aarambha Chautari Laghubitta Bittiya Sanstha Limited,ACLBSL,58.0,26.0,937.0,-0.64,943.0,,943.0,943.0,918.5,24038.5,2026-08-14 14:59:58.590796,10.0,924.56,,,,,,,,,,,,,,,,7,"price_volume, live_market, summary, top_gainers, top_losers, nepse_index, supply_demand",5576
2026-08-16T13:33:38.194661+05:45,2026-08-16 13:33:38,live_market,live_market_39,True,cloud_automated,Sunday - Trading Hours: 11:00 AM - 3:00 PM NPT,9287,Mabilung Energy Limited,MABEL,58.0,7838.0,604.9,2.42,590.6,,591.0,608.0,590.0,4707439.91,2026-08-14 14:59:58.528212,30.0,600.59,,,,,,,,,,,,,,,,7,"price_volume, live_market, summary, top_gainers, top_losers, nepse_index, supply_demand",5576
2026-08-16T13:33:38.194661+05:45,2026-08-16 13:33:38,live_market,live_market_40,True,cloud_automated,Sunday - Trading Hours: 11:00 AM - 3:00 PM NPT,8032,Buddha Bhumi Nepal Hydropower Company Limited,BNHC,58.0,13759.0,282.9,-1.08,286.0,,300.3,300.3,280.0,3892788.8,2026-08-14 14:59:58.478216,40.0,282.93,,,,,,,,,,,,,,,,7,"price_volume, live_market, summary, top_gainers, top_losers, nepse_index, supply_demand",5576
2026-08-16T13:33:38.194661+05:45,2026-08-16 13:33:38,live_market,live_market_41,True,cloud_automated,Sunday - Trading Hours: 11:00 AM - 3:00 PM NPT,2829,Swabhimaan Laghubitta Bittiya Sanstha Limited,SMFBS,58.0,234.0,1477.0,1.86,1450.0,,1522.0,1522.0,1466.0,346608.8,2026-08-14 14:59:58.429591,10.0,1481.23,,,,,,,,,,,,,,,,7,"price_volume, live_market, summary, top_gainers, top_losers, nepse_index, supply_demand",5576
2026-08-16T13:33:38.194661+05:45,2026-08-16 13:33:38,live_market,live_market_42,True,cloud_automated,Sunday - Trading Hours: 11:00 AM - 3:00 PM NPT,2789,Joshi Hydropower Development Company Ltd,JOSHI,58.0,22086.0,280.0,-1.72,284.9,,290.0,290.0,276.0,6191100.4,2026-08-14 14:59:58.421999,10.0,280.32,,,,,,,,,,,,,,,,7,"price_volume, live_market, summary, top_gainers, top_losers, nepse_index, supply_demand",5576
2026-08-16T13:33:38.194661+05:45,2026-08-16 13:33:38,live_market,live_market_43,True,cloud_automated,Sunday - Trading Hours: 11:00 AM - 3:00 PM NPT,131,Nabil Bank Limited,NABIL,58.0,22999.0,549.9,-0.02,550.0,,550.0,552.0,549.0,12655763.5,2026-08-14 14:59:58.410339,10.0,550.27,,,,,,,,,,,,,,,,7,"price_volume, live_market, summary, top_gainers, top_losers, nepse_index, supply_demand",5576
2026-08-16T13:33:38.194661+05:45,2026-08-16 13:33:38,live_market,live_market_44,True,cloud_automated,Sunday - Trading Hours: 11:00 AM - 3:00 PM NPT,695,Janautthan Samudayic Laghubitta Bittya Sanstha Limited,JSLBB,58.0,1685.0,969.0,0.94,960.0,,950.0,978.5,950.0,1615811.1,2026-08-14 14:59:58.38159,10.0,958.94,,,,,,,,,,,,,,,,7,"price_volume, live_market, summary, top_gainers, top_losers, nepse_index, supply_demand",5576
2026-08-16T13:33:38.194661+05:45,2026-08-16 13:33:38,live_market,live_market_45,True,cloud_automated,Sunday - Trading Hours: 11:00 AM - 3:00 PM NPT,593,Kalika Laghubitta Bittiya Sanstha Ltd,KMCDB,58.0,1672.0,785.0,0.64,780.0,,800.0,800.0,775.0,1301265.0,2026-08-14 14:59:58.271141,10.0,778.27,,,,,,,,,,,,,,,,7,"price_volume, live_market, summary, top_gainers, top_losers, nepse_index, supply_demand",5576
2026-08-16T13:33:38.194661+05:45,2026-08-16 13:33:38,live_market,live_market_46,True,cloud_automated,Sunday - Trading Hours: 11:00 AM - 3:00 PM NPT,9166,Makar Jitumaya Suri Hydropower Limited,MAKAR,58.0,45197.0,420.0,2.19,411.0,,415.0,422.0,408.0,18545212.5,2026-08-14 14:59:58.230734,15.0,410.32,,,,,,,,,,,,,,,,7,"price_volume, live_market, summary, top_gainers, top_losers, nepse_index, supply_demand",5576
2026-08-16T13:33:38.194661+05:45,2026-08-16 13:33:38,live_market,live_market_47,True,cloud_automated,Sunday - Trading Hours: 11:00 AM - 3:00 PM NPT,9263,Sanvi Energy Limited,SANVI,58.0,5206.0,587.0,-1.34,595.0,,590.0,598.8,582.0,3065116.4,2026-08-14 14:59:58.22393,10.0,588.77,,,,,,,,,,,,,,,,7,"price_volume, live_market, summary, top_gainers, top_losers, nepse_index, supply_demand",5576
2026-08-16T13:33:38.194661+05:45,2026-08-16 13:33:38,live_market,live_market_48,True,cloud_automated,Sunday - Trading Hours: 11:00 AM - 3:00 PM NPT,134,Himalayan Bank Limited,HBL,58.0,47292.0,194.8,-0.1,195.0,,200.0,200.0,192.5,9216455.9,2026-08-14 14:59:58.223041,10.0,194.88,,,,,,,,,,,,,,,,7,"price_volume, live_market, summary, top_gainers, top_losers, nepse_index, supply_demand",5576
2026-08-16T13:33:38.194661+05:45,2026-08-16 13:33:38,live_market,live_market_49,True,cloud_automated,Sunday - Trading Hours: 11:00 AM - 3:00 PM NPT,8126,Sikles Hydropower Limited,SIKLES,58.0,9325.0,564.5,0.8,560.0,,560.0,569.0,560.0,5263213.7,2026-08-14 14:59:58.214544,10.0,564.42,,,,,,,,,,,,,,,,7,"price_volume, live_market, summary, top_gainers, top_losers, nepse_index, supply_demand",5576
2026-08-16T13:33:38.194661+05:45,2026-08-16 13:33:38,live_market,live_market_50,True,cloud_automated,Sunday - Trading Hours: 11:00 AM - 3:00 PM NPT,385,Asian Life Insurance Co. Limited,ALICL,58.0,7425.0,420.0,0.24,419.0,,419.0,423.9,419.0,3124696.4,2026-08-14 14:59:58.187098,1.0,420.83,,,,,,,,,,,,,,,,7,"price_volume, live_market, summary, top_gainers, top_losers, nepse_index, supply_demand",5576
2026-08-16T13:33:38.194661+05:45,2026-08-16 13:33:38,live_market,live_market_51,True,cloud_automated,Sunday - Trading Hours: 11:00 AM - 3:00 PM NPT,2776,Radhi Bidyut Company Ltd,RADHI,58.0,118154.0,724.0,0.56,720.0,,712.0,728.5,712.0,85341541.3,2026-08-14 14:59:58.18651,10.0,722.29,,,,,,,,,,,,,,,,7,"price_volume, live_market, summary, top_gainers, top_losers, nepse_index, supply_demand",5576
2026-08-16T13:33:38.194661+05:45,2026-08-16 13:33:38,live_market,live_market_52,True,cloud_automated,Sunday - Trading Hours: 11:00 AM - 3:00 PM NPT,152,National Hydro Power Company Limited,NHPC,58.0,219724.0,268.0,-1.43,271.9,,258.4,274.9,258.4,59200608.6,2026-08-14 14:59:58.157096,10.0,269.43,,,,,,,,,,,,,,,,7,"price_volume, live_market, summary, top_gainers, top_losers, nepse_index, supply_demand",5576
2026-08-16T13:33:38.194661+05:45,2026-08-16 13:33:38,live_market,live_market_53,True,cloud_automated,Sunday - Trading Hours: 11:00 AM - 3:00 PM NPT,9324,Ridge Line Energy Limited,RLEL,58.0,10283.0,890.0,4.09,855.0,,853.0,890.0,853.0,8976033.7,2026-08-14 14:59:58.151922,300.0,872.9,,,,,,,,,,,,,,,,7,"price_volume, live_market, summary, top_gainers, top_losers, nepse_index, supply_demand",5576
2026-08-16T13:33:38.194661+05:45,2026-08-16 13:33:38,live_market,live_market_54,True,cloud_automated,Sunday - Trading Hours: 11:00 AM - 3:00 PM NPT,9342,Yambaling Hydropower Limited,YMHL,58.0,17131.0,623.0,0.0,623.0,,615.0,633.0,615.0,10670741.2,2026-08-14 14:59:58.138272,80.0,622.89,,,,,,,,,,,,,,,,7,"price_volume, live_market, summary, top_gainers, top_losers, nepse_index, supply_demand",5576
2026-08-16T13:33:38.194661+05:45,2026-08-16 13:33:38,live_market,live_market_55,True,cloud_automated,Sunday - Trading Hours: 11:00 AM - 3:00 PM NPT,182,Siddhartha Premier Insurance Limited,SPIL,58.0,1870.0,696.6,-0.17,697.8,,680.5,697.0,680.5,1278758.8,2026-08-14 14:59:58.113119,10.0,683.83,,,,,,,,,,,,,,,,7,"price_volume, live_market, summary, top_gainers, top_losers, nepse_index, supply_demand",5576
2026-08-16T13:33:38.194661+05:45,2026-08-16 13:33:38,live_market,live_market_56,True,cloud_automated,Sunday - Trading Hours: 11:00 AM - 3:00 PM NPT,393,Himalayan Life Insurance Limited,HLI,58.0,21915.0,320.8,0.28,319.9,,319.9,324.0,319.9,7053461.3,2026-08-14 14:59:58.084324,315.0,321.86,,,,,,,,,,,,,,,,7,"price_volume, live_market, summary, top_gainers, top_losers, nepse_index, supply_demand",5576
2026-08-16T13:33:38.194661+05:45,2026-08-16 13:33:38,live_market,live_market_57,True,cloud_automated,Sunday - Trading Hours: 11:00 AM - 3:00 PM NPT,418,Jyoti Bikas Bank Limited,JBBL,58.0,26308.0,338.0,-0.03,338.1,,322.0,342.0,322.0,8849123.5,2026-08-14 14:59:58.077724,25.0,336.37,,,,,,,,,,,,,,,,7,"price_volume, live_market, summary, top_gainers, top_losers, nepse_index, supply_demand",5576
2026-08-16T13:33:38.194661+05:45,2026-08-16 13:33:38,live_market,live_market_58,True,cloud_automated,Sunday - Trading Hours: 11:00 AM - 3:00 PM NPT,8099,Upper Hewakhola Hydropower Company Limited,UHEWA,58.0,31432.0,628.9,-0.65,633.0,,620.0,635.0,602.0,19610370.5,2026-08-14 14:59:58.061289,10.0,623.9,,,,,,,,,,,,,,,,7,"price_volume, live_market, summary, top_gainers, top_losers, nepse_index, supply_demand",5576
2026-08-16T13:33:38.194661+05:45,2026-08-16 13:33:38,live_market,live_market_59,True,cloud_automated,Sunday - Trading Hours: 11:00 AM - 3:00 PM NPT,473,Shine Resunga Development Bank Ltd.,SHINE,58.0,9260.0,414.9,0.05,414.7,,414.7,415.5,410.2,3813778.1,2026-08-14 14:59:58.055108,10.0,411.86,,,,,,,,,,,,,,,,7,"price_volume, live_market, summary, top_gainers, top_losers, nepse_index, supply_demand",5576
2026-08-16T13:33:38.194661+05:45,2026-08-16 13:33:38,live_market,live_market_60,True,cloud_automated,Sunday - Trading Hours: 11:00 AM - 3:00 PM NPT,9214,Bhagawati Hydropower Development Company Limited,BGWT,58.0,4811.0,514.1,-3.0,530.0,,530.0,535.0,514.1,2531946.0,2026-08-14 14:59:57.933765,100.0,526.28,,,,,,,,,,,,,,,,7,"price_volume, live_market, summary, top_gainers, top_losers, nepse_index, supply_demand",5576
2026-08-16T13:33:38.194661+05:45,2026-08-16 13:33:38,live_market,live_market_61,True,cloud_automated,Sunday - Trading Hours: 11:00 AM - 3:00 PM NPT,517,Nepal Bank Limited,NBL,58.0,78599.0,269.8,0.41,268.7,,271.0,271.0,263.0,21117117.7,2026-08-14 14:59:57.911659,100.0,268.67,,,,,,,,,,,,,,,,7,"price_volume, live_market, summary, top_gainers, top_losers, nepse_index, supply_demand",5576
2026-08-16T13:33:38.194661+05:45,2026-08-16 13:33:38,live_market,live_market_62,True,cloud_automated,Sunday - Trading Hours: 11:00 AM - 3:00 PM NPT,9330,Palpa Cement Industries Limited,PCIL,58.0,31250.0,639.0,-1.83,650.9,,653.0,655.0,634.5,20024645.4,2026-08-14 14:59:57.879672,100.0,640.79,,,,,,,,,,,,,,,,7,"price_volume, live_market, summary, top_gainers, top_losers, nepse_index, supply_demand",5576
2026-08-16T13:33:38.194661+05:45,2026-08-16 13:33:38,live_market,live_market_63,True,cloud_automated,Sunday - Trading Hours: 11:00 AM - 3:00 PM NPT,180,United Ajod Insurance Limited,UAIL,58.0,10650.0,435.6,-0.11,436.1,,435.1,439.0,431.0,4625566.5,2026-08-14 14:59:57.875163,10.0,434.33,,,,,,,,,,,,,,,,7,"price_volume, live_market, summary, top_gainers, top_losers, nepse_index, supply_demand",5576
2026-08-16T13:33:38.194661+05:45,2026-08-16 13:33:38,live_market,live_market_64,True,cloud_automated,Sunday - Trading Hours: 11:00 AM - 3:00 PM NPT,9147,Shuvam Power Limited,SPL,58.0,2860.0,658.0,3.04,638.6,,630.0,658.0,630.0,1832492.0,2026-08-14 14:59:57.873614,30.0,640.73,,,,,,,,,,,,,,,,7,"price_volume, live_market, summary, top_gainers, top_losers, nepse_index, supply_demand",5576
2026-08-16T13:33:38.194661+05:45,2026-08-16 13:33:38,live_market,live_market_65,True,cloud_automated,Sunday - Trading Hours: 11:00 AM - 3:00 PM NPT,9181,Rawa Energy Development Limited,RAWA,58.0,12202.0,428.2,0.21,427.3,,429.0,430.0,424.0,5218840.2,2026-08-14 14:59:57.819205,450.0,427.7,,,,,,,,,,,,,,,,7,"price_volume, live_market, summary, top_gainers, top_losers, nepse_index, supply_demand",5576
2026-08-16T13:33:38.194661+05:45,2026-08-16 13:33:38,live_market,live_market_66,True,cloud_automated,Sunday - Trading Hours: 11:00 AM - 3:00 PM NPT,9329,Shikhar power Development Limited,SIPD,58.0,20300.0,669.0,-1.62,680.0,,661.0,700.3,661.0,13753768.5,2026-08-14 14:59:57.791732,20.0,677.53,,,,,,,,,,,,,,,,7,"price_volume, live_market, summary, top_gainers, top_losers, nepse_index, supply_demand",5576
2026-08-16T13:33:38.194661+05:45,2026-08-16 13:33:38,live_market,live_market_67,True,cloud_automated,Sunday - Trading Hours: 11:00 AM - 3:00 PM NPT,2788,Ankhu Khola Jalvidhyut Company Ltd,AKJCL,58.0,161617.0,360.0,-0.83,363.0,,361.0,366.0,359.0,58382617.5,2026-08-14 14:59:57.774421,260.0,361.24,,,,,,,,,,,,,,,,7,"price_volume, live_market, summary, top_gainers, top_losers, nepse_index, supply_demand",5576
2026-08-16T13:33:38.194661+05:45,2026-08-16 13:33:38,live_market,live_market_68,True,cloud_automated,Sunday - Trading Hours: 11:00 AM - 3:00 PM NPT,9305,Salapa Bikas Bank Limited,SABBL,58.0,16593.0,930.0,-2.21,951.0,,937.1,957.0,920.0,15454141.5,2026-08-14 14:59:57.746537,10.0,931.37,,,,,,,,,,,,,,,,7,"price_volume, live_market, summary, top_gainers, top_losers, nepse_index, supply_demand",5576
2026-08-16T13:33:38.194661+05:45,2026-08-16 13:33:38,live_market,live_market_69,True,cloud_automated,Sunday - Trading Hours: 11:00 AM - 3:00 PM NPT,9301,Shreenagar Agritech Industries Limited,SAIL,58.0,13813.0,1099.0,-0.09,1100.0,,1080.0,1103.0,1079.0,15039394.4,2026-08-14 14:59:57.674764,10.0,1088.79,,,,,,,,,,,,,,,,7,"price_volume, live_market, summary, top_gainers, top_losers, nepse_index, supply_demand",5576
2026-08-16T13:33:38.194661+05:45,2026-08-16 13:33:38,live_market,live_market_70,True,cloud_automated,Sunday - Trading Hours: 11:00 AM - 3:00 PM NPT,2742,Hydorelectricity Investment and Development Company Ltd,HIDCL,58.0,66258.0,256.0,-1.08,258.8,,245.9,265.0,245.9,16947837.1,2026-08-14 14:59:57.669955,10.0,255.79,,,,,,,,,,,,,,,,7,"price_volume, live_market, summary, top_gainers, top_losers, nepse_index, supply_demand",5576
2026-08-16T13:33:38.194661+05:45,2026-08-16 13:33:38,live_market,live_market_71,True,cloud_automated,Sunday - Trading Hours: 11:00 AM - 3:00 PM NPT,8041,NESDO Sambridha Laghubitta Bittiya Sanstha Limited,NESDO,58.0,440.0,1454.0,-0.88,1466.9,,1425.0,1454.0,1425.0,628930.3,2026-08-14 14:59:57.646414,10.0,1429.39,,,,,,,,,,,,,,,,7,"price_volume, live_market, summary, top_gainers, top_losers, nepse_index, supply_demand",5576
2026-08-16T13:33:38.194661+05:45,2026-08-16 13:33:38,live_market,live_market_72,True,cloud_automated,Sunday - Trading Hours: 11:00 AM - 3:00 PM NPT,2804,Samudayik Laghubitta Bittiya Sanstha Limited,SLBSL,58.0,1963.0,945.9,-0.2,947.8,,948.0,968.0,928.0,1842244.0,2026-08-14 14:59:57.595168,10.0,938.48,,,,,,,,,,,,,,,,7,"price_volume, live_market, summary, top_gainers, top_losers, nepse_index, supply_demand",5576
2026-08-16T13:33:38.194661+05:45,2026-08-16 13:33:38,live_market,live_market_73,True,cloud_automated,Sunday - Trading Hours: 11:00 AM - 3:00 PM NPT,459,Kamana Sewa Bikas Bank Limited,KSBBL,58.0,6615.0,479.4,0.08,479.0,,478.0,479.5,477.2,3163244.8,2026-08-14 14:59:57.587899,25.0,478.19,,,,,,,,,,,,,,,,7,"price_volume, live_market, summary, top_gainers, top_losers, nepse_index, supply_demand",5576
2026-08-16T13:33:38.194661+05:45,2026-08-16 13:33:38,live_market,live_market_74,True,cloud_automated,Sunday - Trading Hours: 11:00 AM - 3:00 PM NPT,9345,Sanigad Hydro Limited,SGHL,58.0,40393.0,518.2,0.43,516.0,,516.0,525.0,515.1,20997110.9,2026-08-14 14:59:57.543157,10.0,519.82,,,,,,,,,,,,,,,,7,"price_volume, live_market, summary, top_gainers, top_losers, nepse_index, supply_demand",5576
2026-08-16T13:33:38.194661+05:45,2026-08-16 13:33:38,live_market,live_market_75,True,cloud_automated,Sunday - Trading Hours: 11:00 AM - 3:00 PM NPT,9344,Snow Rivers Limited,SNORL,58.0,5560.0,895.0,-0.33,898.0,,880.0,905.9,880.0,4964768.7,2026-08-14 14:59:57.512276,10.0,892.94,,,,,,,,,,,,,,,,7,"price_volume, live_market, summary, top_gainers, top_losers, nepse_index, supply_demand",5576
2026-08-16T13:33:38.194661+05:45,2026-08-16 13:33:38,live_market,live_market_76,True,cloud_automated,Sunday - Trading Hours: 11:00 AM - 3:00 PM NPT,204,Gurkhas Finance Ltd.,GUFL,58.0,28635.0,551.0,-3.01,568.1,,565.3,566.3,549.1,15863876.7,2026-08-14 14:59:57.496135,10.0,554.0,,,,,,,,,,,,,,,,7,"price_volume, live_market, summary, top_gainers, top_losers, nepse_index, supply_demand",5576
2026-08-16T13:33:38.194661+05:45,2026-08-16 13:33:38,live_market,live_market_77,True,cloud_automated,Sunday - Trading Hours: 11:00 AM - 3:00 PM NPT,9346,Kalanga Hydro Limited,KAHL,58.0,21868.0,536.0,-0.56,539.0,,530.0,543.0,528.2,11706319.7,2026-08-14 14:59:57.469957,20.0,535.32,,,,,,,,,,,,,,,,7,"price_volume, live_market, summary, top_gainers, top_losers, nepse_index, supply_demand",5576
2026-08-16T13:33:38.194661+05:45,2026-08-16 13:33:38,live_market,live_market_78,True,cloud_automated,Sunday - Trading Hours: 11:00 AM - 3:00 PM NPT,9194,Three Star Hydropower Limited,TSHL,58.0,4819.0,361.0,-1.9,368.0,,371.0,371.0,360.5,1755227.5,2026-08-14 14:59:57.43143,83.0,364.23,,,,,,,,,,,,,,,,7,"price_volume, live_market, summary, top_gainers, top_losers, nepse_index, supply_demand",5576
2026-08-16T13:33:38.194661+05:45,2026-08-16 13:33:38,live_market,live_market_79,True,cloud_automated,Sunday - Trading Hours: 11:00 AM - 3:00 PM NPT,132,Nepal Investment Mega Bank Limited,NIMB,58.0,75805.0,193.9,-0.77,195.4,,202.0,202.0,192.6,14716590.0,2026-08-14 14:59:57.408646,10.0,194.14,,,,,,,,,,,,,,,,7,"price_volume, live_market, summary, top_gainers, top_losers, nepse_index, supply_demand",5576
2026-08-16T13:33:38.194661+05:45,2026-08-16 13:33:38,live_market,live_market_80,True,cloud_automated,Sunday - Trading Hours: 11:00 AM - 3:00 PM NPT,307,Nepal Doorsanchar Company Limited,NTC,58.0,31170.0,883.0,2.08,865.0,,866.0,883.0,865.1,27245638.1,2026-08-14 14:59:57.405291,19.0,874.1,,,,,,,,,,,,,,,,7,"price_volume, live_market, summary, top_gainers, top_losers, nepse_index, supply_demand",5576
2026-08-16T13:33:38.194661+05:45,2026-08-16 13:33:38,live_market,live_market_81,True,cloud_automated,Sunday - Trading Hours: 11:00 AM - 3:00 PM NPT,9347,Everest Colour Limited,ECL,58.0,11310.0,1534.1,-1.65,1559.9,,1520.0,1570.0,1520.0,17434161.1,2026-08-14 14:59:57.135945,100.0,1541.48,,,,,,,,,,,,,,,,7,"price_volume, live_market, summary, top_gainers, top_losers, nepse_index, supply_demand",5576
2026-08-16T13:33:38.194661+05:45,2026-08-16 13:33:38,live_market,live_market_82,True,cloud_automated,Sunday - Trading Hours: 11:00 AM - 3:00 PM NPT,450,Corporate Development Bank Limited,CORBL,58.0,24515.0,1058.0,0.27,1055.1,,1055.5,1088.0,1050.0,26179951.7,2026-08-14 14:59:56.78857,20.0,1067.92,,,,,,,,,,,,,,,,7,"price_volume, live_market, summary, top_gainers, top_losers, nepse_index, supply_demand",5576
2026-08-16T13:33:38.194661+05:45,2026-08-16 13:33:38,live_market,live_market_83,True,cloud_automated,Sunday - Trading Hours: 11:00 AM - 3:00 PM NPT,9351,Reliable Samriddhi Yojana -2,RSY2,58.0,6150.0,9.08,-0.44,9.12,,9.0,9.1,8.8,55638.5,2026-08-14 14:59:56.653156,100.0,9.05,,,,,,,,,,,,,,,,7,"price_volume, live_market, summary, top_gainers, top_losers, nepse_index, supply_demand",5576
2026-08-16T13:33:38.194661+05:45,2026-08-16 13:33:38,live_market,live_market_84,True,cloud_automated,Sunday - Trading Hours: 11:00 AM - 3:00 PM NPT,469,Nepal Investment Mega Bank Ltd. Promoter Share,NIMBPO,58.0,1930.0,143.9,2.71,140.1,,140.0,144.2,140.0,274545.3,2026-08-14 14:59:56.619985,337.0,142.25,,,,,,,,,,,,,,,,7,"price_volume, live_market, summary, top_gainers, top_losers, nepse_index, supply_demand",5576
2026-08-16T13:33:38.194661+05:45,2026-08-16 13:33:38,live_market,live_market_85,True,cloud_automated,Sunday - Trading Hours: 11:00 AM - 3:00 PM NPT,137,Everest Bank Limited,EBL,58.0,46601.0,728.0,0.83,722.0,,729.6,730.0,720.0,33903228.0,2026-08-14 14:59:56.592061,500.0,727.52,,,,,,,,,,,,,,,,7,"price_volume, live_market, summary, top_gainers, top_losers, nepse_index, supply_demand",5576
2026-08-16T13:33:38.194661+05:45,2026-08-16 13:33:38,live_market,live_market_86,True,cloud_automated,Sunday - Trading Hours: 11:00 AM - 3:00 PM NPT,2766,Chhyangdi Hydropower Ltd.,CHL,58.0,11467.0,269.0,-1.1,272.0,,279.0,279.0,267.0,3090769.9,2026-08-14 14:59:56.581798,20.0,269.54,,,,,,,,,,,,,,,,7,"price_volume, live_market, summary, top_gainers, top_losers, nepse_index, supply_demand",5576
2026-08-16T13:33:38.194661+05:45,2026-08-16 13:33:38,live_market,live_market_87,True,cloud_automated,Sunday - Trading Hours: 11:00 AM - 3:00 PM NPT,9203,Manakamana Engineering Hydropower Limited,MEHL,58.0,11581.0,279.0,-3.36,288.7,,288.0,288.0,275.0,3266665.4,2026-08-14 14:59:56.276709,10.0,282.07,,,,,,,,,,,,,,,,7,"price_volume, live_market, summary, top_gainers, top_losers, nepse_index, supply_demand",5576
2026-08-16T13:33:38.194661+05:45,2026-08-16 13:33:38,live_market,live_market_88,True,cloud_automated,Sunday - Trading Hours: 11:00 AM - 3:00 PM NPT,8034,Emerging Nepal Limited,ENL,58.0,220.0,823.9,2.51,803.7,,805.0,823.9,800.1,177336.0,2026-08-14 14:59:56.248974,10.0,806.07,,,,,,,,,,,,,,,,7,"price_volume, live_market, summary, top_gainers, top_losers, nepse_index, supply_demand",5576
2026-08-16T13:33:38.194661+05:45,2026-08-16 13:33:38,live_market,live_market_89,True,cloud_automated,Sunday - Trading Hours: 11:00 AM - 3:00 PM NPT,357,Prime Commercial Bank Ltd.,PCBL,58.0,29726.0,241.9,0.79,240.0,,239.2,242.5,239.2,7166895.7,2026-08-14 14:59:56.144756,10.0,241.1,,,,,,,,,,,,,,,,7,"price_volume, live_market, summary, top_gainers, top_losers, nepse_index, supply_demand",5576
2026-08-16T13:33:38.194661+05:45,2026-08-16 13:33:38,live_market,live_market_90,True,cloud_automated,Sunday - Trading Hours: 11:00 AM - 3:00 PM NPT,474,Muktinath Bikas Bank Ltd.,MNBBL,58.0,22120.0,363.2,-0.49,365.0,,365.0,368.0,363.1,8053108.0,2026-08-14 14:59:56.140151,30.0,364.06,,,,,,,,,,,,,,,,7,"price_volume, live_market, summary, top_gainers, top_losers, nepse_index, supply_demand",5576
2026-08-16T13:33:38.194661+05:45,2026-08-16 13:33:38,live_market,live_market_91,True,cloud_automated,Sunday - Trading Hours: 11:00 AM - 3:00 PM NPT,238,NMB Bank Limited,NMB,58.0,35249.0,242.8,0.12,242.5,,254.6,254.6,240.0,8526625.2,2026-08-14 14:59:55.978893,201.0,241.9,,,,,,,,,,,,,,,,7,"price_volume, live_market, summary, top_gainers, top_losers, nepse_index, supply_demand",5576
2026-08-16T13:33:38.194661+05:45,2026-08-16 13:33:38,live_market,live_market_92,True,cloud_automated,Sunday - Trading Hours: 11:00 AM - 3:00 PM NPT,396,Nerude Mirmire Laghubitta Bittiya Sanstha Limited,NMLBBL,58.0,4769.0,512.0,-1.54,520.0,,512.6,514.0,509.0,2439172.0,2026-08-14 14:59:55.879296,10.0,511.46,,,,,,,,,,,,,,,,7,"price_volume, live_market, summary, top_gainers, top_losers, nepse_index, supply_demand",5576
2026-08-16T13:33:38.194661+05:45,2026-08-16 13:33:38,live_market,live_market_93,True,cloud_automated,Sunday - Trading Hours: 11:00 AM - 3:00 PM NPT,9337,Appolo Hydropower Limited,APHL,58.0,6512.0,805.0,-0.62,810.0,,810.0,815.0,804.0,5257534.4,2026-08-14 14:59:55.84553,10.0,807.36,,,,,,,,,,,,,,,,7,"price_volume, live_market, summary, top_gainers, top_losers, nepse_index, supply_demand",5576
2026-08-16T13:33:38.194661+05:45,2026-08-16 13:33:38,live_market,live_market_94,True,cloud_automated,Sunday - Trading Hours: 11:00 AM - 3:00 PM NPT,8005,Mailung Khola Jal Vidhyut Company Limited,MKJC,58.0,4278.0,449.0,-0.22,450.0,,447.0,451.0,441.0,1896475.2,2026-08-14 14:59:55.737224,10.0,443.31,,,,,,,,,,,,,,,,7,"price_volume, live_market, summary, top_gainers, top_losers, nepse_index, supply_demand",5576
2026-08-16T13:33:38.194661+05:45,2026-08-16 13:33:38,live_market,live_market_95,True,cloud_automated,Sunday - Trading Hours: 11:00 AM - 3:00 PM NPT,9150,Asian Hydropower Limited,AHL,58.0,5152.0,420.5,1.82,413.0,,412.0,432.0,410.1,2168556.5,2026-08-14 14:59:55.604614,50.0,420.92,,,,,,,,,,,,,,,,7,"price_volume, live_market, summary, top_gainers, top_losers, nepse_index, supply_demand",5576
2026-08-16T13:33:38.194661+05:45,2026-08-16 13:33:38,live_market,live_market_96,True,cloud_automated,Sunday - Trading Hours: 11:00 AM - 3:00 PM NPT,263,Guheshowori Merchant Bank & Finance Co. Ltd.,GMFIL,58.0,17149.0,447.0,-1.76,455.0,,452.1,453.0,445.4,7708037.2,2026-08-14 14:59:55.597249,283.0,449.47,,,,,,,,,,,,,,,,7,"price_volume, live_market, summary, top_gainers, top_losers, nepse_index, supply_demand",5576
2026-08-16T13:33:38.194661+05:45,2026-08-16 13:33:38,live_market,live_market_97,True,cloud_automated,Sunday - Trading Hours: 11:00 AM - 3:00 PM NPT,9246,Guardian Micro Life Insurance Limited ,GMLI,58.0,3071.0,1099.0,0.09,1098.0,,1070.0,1099.0,1051.0,3294399.9,2026-08-14 14:59:55.540515,10.0,1072.75,,,,,,,,,,,,,,,,7,"price_volume, live_market, summary, top_gainers, top_losers, nepse_index, supply_demand",5576
2026-08-16T13:33:38.194661+05:45,2026-08-16 13:33:38,live_market,live_market_98,True,cloud_automated,Sunday - Trading Hours: 11:00 AM - 3:00 PM NPT,561,Sindhu Bikash Bank Ltd,SINDU,58.0,3985.0,684.0,0.59,680.0,,714.0,714.0,671.2,2728372.0,2026-08-14 14:59:55.386494,10.0,684.66,,,,,,,,,,,,,,,,7,"price_volume, live_market, summary, top_gainers, top_losers, nepse_index, supply_demand",5576
2026-08-16T13:33:38.194661+05:45,2026-08-16 13:33:38,live_market,live_market_99,True,cloud_automated,Sunday - Trading Hours: 11:00 AM - 3:00 PM NPT,9311,Solu Hydropower Limited,SOHL,58.0,158405.0,671.0,-1.32,680.0,,670.0,686.0,670.0,107033793.2,2026-08-14 14:59:55.232288,140.0,675.7,,,,,,,,,,,,,,,,7,"price_volume, live_market, summary, top_gainers, top_losers, nepse_index, supply_demand",5576
2026-08-16T13:33:38.194661+05:45,2026-08-16 13:33:38,live_market,live_market_100,True,cloud_automated,Sunday - Trading Hours: 11:00 AM - 3:00 PM NPT,9233,Nepal Warehousing Company Limited ,NWCL,58.0,1256.0,690.0,0.0,690.0,,690.0,698.9,681.0,860675.4,2026-08-14 14:59:55.152786,10.0,685.25,,,,,,,,,,,,,,,,7,"price_volume, live_market, summary, top_gainers, top_losers, nepse_index, supply_demand",5576
2026-08-16T13:33:38.194661+05:45,2026-08-16 13:33:38,live_market,live_market_101,True,cloud_automated,Sunday - Trading Hours: 11:00 AM - 3:00 PM NPT,2811,Mountain Hydro Nepal Limited,MHNL,58.0,20572.0,244.9,0.37,244.0,,242.1,245.0,242.1,5023234.9,2026-08-14 14:59:55.147333,10.0,244.18,,,,,,,,,,,,,,,,7,"price_volume, live_market, summary, top_gainers, top_losers, nepse_index, supply_demand",5576
2026-08-16T13:33:38.194661+05:45,2026-08-16 13:33:38,live_market,live_market_102,True,cloud_automated,Sunday - Trading Hours: 11:00 AM - 3:00 PM NPT,2787,Kalika power Company Ltd,KPCL,58.0,4234.0,463.2,-0.6,466.0,,474.5,474.5,463.1,1963000.1,2026-08-14 14:59:55.028919,10.0,463.63,,,,,,,,,,,,,,,,7,"price_volume, live_market, summary, top_gainers, top_losers, nepse_index, supply_demand",5576
2026-08-16T13:33:38.194661+05:45,2026-08-16 13:33:38,live_market,live_market_103,True,cloud_automated,Sunday - Trading Hours: 11:00 AM - 3:00 PM NPT,9156,Sanima Middle Tamor Hydropower Limited,TAMOR,58.0,34204.0,457.0,0.88,453.0,,453.0,457.9,453.0,15577091.2,2026-08-14 14:59:54.976101,10.0,455.42,,,,,,,,,,,,,,,,7,"price_volume, live_market, summary, top_gainers, top_losers, nepse_index, supply_demand",5576
2026-08-16T13:33:38.194661+05:45,2026-08-16 13:33:38,live_market,live_market_104,True,cloud_automated,Sunday - Trading Hours: 11:00 AM - 3:00 PM NPT,9252,Crest Micro Life Insurance Limited,CREST,58.0,3882.0,1179.0,-0.08,1179.9,,1238.8,1238.8,1166.0,4545562.5,2026-08-14 14:59:54.702476,170.0,1170.93,,,,,,,,,,,,,,,,7,"price_volume, live_market, summary, top_gainers, top_losers, nepse_index, supply_demand",5576
2026-08-16T13:33:38.194661+05:45,2026-08-16 13:33:38,live_market,live_market_105,True,cloud_automated,Sunday - Trading Hours: 11:00 AM - 3:00 PM NPT,194,Nepal Finance Ltd.,NFS,58.0,5511.0,565.0,0.52,562.1,,561.1,567.0,560.0,3105883.8,2026-08-14 14:59:54.630501,150.0,563.58,,,,,,,,,,,,,,,,7,"price_volume, live_market, summary, top_gainers, top_losers, nepse_index, supply_demand",5576
2026-08-16T13:33:38.194661+05:45,2026-08-16 13:33:38,live_market,live_market_106,True,cloud_automated,Sunday - Trading Hours: 11:00 AM - 3:00 PM NPT,2757,Arun Kabeli Power Ltd.,AKPL,58.0,39240.0,253.2,-1.06,255.9,,255.1,256.9,253.0,9967829.0,2026-08-14 14:59:54.522632,55.0,254.02,,,,,,,,,,,,,,,,7,"price_volume, live_market, summary, top_gainers, top_losers, nepse_index, supply_demand",5576
2026-08-16T13:33:38.194661+05:45,2026-08-16 13:33:38,live_market,live_market_107,True,cloud_automated,Sunday - Trading Hours: 11:00 AM - 3:00 PM NPT,706,Suryodaya Womi Laghubitta Bittiya Sanstha Limited,SWMF,58.0,4552.0,615.0,0.16,614.0,,607.2,616.0,604.0,2757606.5,2026-08-14 14:59:54.519517,10.0,605.8,,,,,,,,,,,,,,,,7,"price_volume, live_market, summary, top_gainers, top_losers, nepse_index, supply_demand",5576
2026-08-16T13:33:38.194661+05:45,2026-08-16 13:33:38,live_market,live_market_108,True,cloud_automated,Sunday - Trading Hours: 11:00 AM - 3:00 PM NPT,176,Nepal Insurance Co. Ltd.,NICL,58.0,2687.0,500.0,-0.79,504.0,,500.6,504.9,500.0,1345175.8,2026-08-14 14:59:54.497099,85.0,500.62,,,,,,,,,,,,,,,,7,"price_volume, live_market, summary, top_gainers, top_losers, nepse_index, supply_demand",5576
2026-08-16T13:33:38.194661+05:45,2026-08-16 13:33:38,live_market,live_market_109,True,cloud_automated,Sunday - Trading Hours: 11:00 AM - 3:00 PM NPT,232,Goodwill Finance Limited,GFCL,58.0,5290.0,603.0,-0.15,603.9,,604.0,605.0,596.2,3173142.7,2026-08-14 14:59:54.489425,10.0,599.84,,,,,,,,,,,,,,,,7,"price_volume, live_market, summary, top_gainers, top_losers, nepse_index, supply_demand",5576
2026-08-16T13:33:38.194661+05:45,2026-08-16 13:33:38,live_market,live_market_110,True,cloud_automated,Sunday - Trading Hours: 11:00 AM - 3:00 PM NPT,9196,Kutheli Bukhari Small Hydropower Limited,KBSH,58.0,14920.0,944.9,-1.35,957.8,,929.1,968.0,925.0,14023606.9,2026-08-14 14:59:54.466405,10.0,939.92,,,,,,,,,,,,,,,,7,"price_volume, live_market, summary, top_gainers, top_losers, nepse_index, supply_demand",5576
2026-08-16T13:33:38.194661+05:45,2026-08-16 13:33:38,live_market,live_market_111,True,cloud_automated,Sunday - Trading Hours: 11:00 AM - 3:00 PM NPT,2746,National Laghubitta Bittiya Sanstha Limited,NMFBS,58.0,6426.0,1135.0,2.36,1108.8,,1125.0,1136.0,1116.2,7254888.0,2026-08-14 14:59:54.412811,10.0,1128.99,,,,,,,,,,,,,,,,7,"price_volume, live_market, summary, top_gainers, top_losers, nepse_index, supply_demand",5576
2026-08-16T13:33:38.194661+05:45,2026-08-16 13:33:38,live_market,live_market_112,True,cloud_automated,Sunday - Trading Hours: 11:00 AM - 3:00 PM NPT,183,Neco Insurance Limited,NIL,58.0,2400.0,609.0,-0.08,609.5,,609.5,615.0,606.6,1460136.6,2026-08-14 14:59:54.410626,10.0,608.39,,,,,,,,,,,,,,,,7,"price_volume, live_market, summary, top_gainers, top_losers, nepse_index, supply_demand",5576
2026-08-16T13:33:38.194661+05:45,2026-08-16 13:33:38,live_market,live_market_113,True,cloud_automated,Sunday - Trading Hours: 11:00 AM - 3:00 PM NPT,142,Kumari Bank Limited,KBL,58.0,155077.0,216.8,-0.55,218.0,,225.0,225.0,216.0,33661224.1,2026-08-14 14:59:54.406035,50.0,217.06,,,,,,,,,,,,,,,,7,"price_volume, live_market, summary, top_gainers, top_losers, nepse_index, supply_demand",5576
2026-08-16T13:33:38.194661+05:45,2026-08-16 13:33:38,live_market,live_market_114,True,cloud_automated,Sunday - Trading Hours: 11:00 AM - 3:00 PM NPT,2758,Forward Microfinance Laghubitta Bittiya Sanstha Limited,FOWAD,58.0,1813.0,944.8,0.62,939.0,,940.0,960.0,935.0,1712702.6,2026-08-14 14:59:54.316934,10.0,944.68,,,,,,,,,,,,,,,,7,"price_volume, live_market, summary, top_gainers, top_losers, nepse_index, supply_demand",5576
2026-08-16T13:33:38.194661+05:45,2026-08-16 13:33:38,live_market,live_market_115,True,cloud_automated,Sunday - Trading Hours: 11:00 AM - 3:00 PM NPT,2925,Mahila Lagubitta Bittiya Sanstha Limited ,MLBSL,58.0,1892.0,1279.0,-2.37,1310.0,,1310.0,1310.0,1275.1,2442316.3,2026-08-14 14:59:54.265979,10.0,1290.86,,,,,,,,,,,,,,,,7,"price_volume, live_market, summary, top_gainers, top_losers, nepse_index, supply_demand",5576
2026-08-16T13:33:38.194661+05:45,2026-08-16 13:33:38,live_market,live_market_116,True,cloud_automated,Sunday - Trading Hours: 11:00 AM - 3:00 PM NPT,2915,Prabhu Mahalaxmi Life Insurance Limited,PMLI,58.0,4336.0,431.1,0.02,431.0,,430.1,434.0,430.1,1871414.8,2026-08-14 14:59:54.040539,92.0,431.6,,,,,,,,,,,,,,,,7,"price_volume, live_market, summary, top_gainers, top_losers, nepse_index, supply_demand",5576
2026-08-16T13:33:38.194661+05:45,2026-08-16 13:33:38,live_market,live_market_117,True,cloud_automated,Sunday - Trading Hours: 11:00 AM - 3:00 PM NPT,3946,CEDB Holdings Limited,CHDC,58.0,7563.0,2228.0,0.13,2225.0,,2249.8,2249.9,2210.0,16822187.8,2026-08-14 14:59:53.772294,26.0,2224.27,,,,,,,,,,,,,,,,7,"price_volume, live_market, summary, top_gainers, top_losers, nepse_index, supply_demand",5576
2026-08-16T13:33:38.194661+05:45,2026-08-16 13:33:38,live_market,live_market_118,True,cloud_automated,Sunday - Trading Hours: 11:00 AM - 3:00 PM NPT,8025,Samling Power Company Limited,SPC,58.0,1359.0,418.5,0.12,418.0,,415.0,418.5,411.3,564008.0,2026-08-14 14:59:53.752524,10.0,415.02,,,,,,,,,,,,,,,,7,"price_volume, live_market, summary, top_gainers, top_losers, nepse_index, supply_demand",5576
2026-08-16T13:33:38.194661+05:45,2026-08-16 13:33:38,live_market,live_market_119,True,cloud_automated,Sunday - Trading Hours: 11:00 AM - 3:00 PM NPT,2759,Synergy Power Development Ltd.,SPDL,58.0,25744.0,372.0,-0.8,375.0,,377.0,377.0,368.2,9535424.9,2026-08-14 14:59:53.718119,11.0,370.39,,,,,,,,,,,,,,,,7,"price_volume, live_market, summary, top_gainers, top_losers, nepse_index, supply_demand",5576
2026-08-16T13:33:38.194661+05:45,2026-08-16 13:33:38,live_market,live_market_120,True,cloud_automated,Sunday - Trading Hours: 11:00 AM - 3:00 PM NPT,2913,Mountain Energy Nepal Limited,MEN,58.0,92372.0,615.0,0.02,614.9,,618.1,620.0,612.0,56898338.4,2026-08-14 14:59:53.514994,52.0,615.97,,,,,,,,,,,,,,,,7,"price_volume, live_market, summary, top_gainers, top_losers, nepse_index, supply_demand",5576
2026-08-16T13:33:38.194661+05:45,2026-08-16 13:33:38,live_market,live_market_121,True,cloud_automated,Sunday - Trading Hours: 11:00 AM - 3:00 PM NPT,235,Himalayan Distillery Limited,HDL,58.0,31231.0,1175.0,0.77,1166.0,,1120.0,1183.0,1120.0,36680099.8,2026-08-14 14:59:53.36959,11.0,1174.48,,,,,,,,,,,,,,,,7,"price_volume, live_market, summary, top_gainers, top_losers, nepse_index, supply_demand",5576
2026-08-16T13:33:38.194661+05:45,2026-08-16 13:33:38,live_market,live_market_122,True,cloud_automated,Sunday - Trading Hours: 11:00 AM - 3:00 PM NPT,140,Machhapuchhre Bank Limited,MBL,58.0,98080.0,249.0,-2.28,254.8,,254.5,254.5,249.0,24604179.0,2026-08-14 14:59:52.675045,100.0,250.86,,,,,,,,,,,,,,,,7,"price_volume, live_market, summary, top_gainers, top_losers, nepse_index, supply_demand",5576
2026-08-16T13:33:38.194661+05:45,2026-08-16 13:33:38,live_market,live_market_123,True,cloud_automated,Sunday - Trading Hours: 11:00 AM - 3:00 PM NPT,187,Nepal Life Insurance Co. Ltd.,NLIC,58.0,14910.0,731.9,-0.27,733.9,,734.0,734.0,730.0,10903524.5,2026-08-14 14:59:52.671637,38.0,731.29,,,,,,,,,,,,,,,,7,"price_volume, live_market, summary, top_gainers, top_losers, nepse_index, supply_demand",5576
2026-08-16T13:33:38.194661+05:45,2026-08-16 13:33:38,live_market,live_market_124,True,cloud_automated,Sunday - Trading Hours: 11:00 AM - 3:00 PM NPT,148,Taragaon Regency Hotel Limited,TRH,58.0,9178.0,840.0,0.6,835.0,,838.0,842.0,812.0,7576045.0,2026-08-14 14:59:52.590804,10.0,825.46,,,,,,,,,,,,,,,,7,"price_volume, live_market, summary, top_gainers, top_losers, nepse_index, supply_demand",5576
2026-08-16T13:33:38.194661+05:45,2026-08-16 13:33:38,live_market,live_market_125,True,cloud_automated,Sunday - Trading Hours: 11:00 AM - 3:00 PM NPT,8066,River Falls Power Limited,RFPL,58.0,17513.0,339.2,-2.25,347.0,,353.0,353.0,339.2,5990769.5,2026-08-14 14:59:52.200531,135.0,342.08,,,,,,,,,,,,,,,,7,"price_volume, live_market, summary, top_gainers, top_losers, nepse_index, supply_demand",5576
2026-08-16T13:33:38.194661+05:45,2026-08-16 13:33:38,live_market,live_market_126,True,cloud_automated,Sunday - Trading Hours: 11:00 AM - 3:00 PM NPT,141,Laxmi Sunrise Bank Limited,LSL,58.0,83780.0,219.0,-0.73,220.6,,225.0,225.0,219.0,18415444.1,2026-08-14 14:59:51.997169,693.0,219.81,,,,,,,,,,,,,,,,7,"price_volume, live_market, summary, top_gainers, top_losers, nepse_index, supply_demand",5576
2026-08-16T13:33:38.194661+05:45,2026-08-16 13:33:38,live_market,live_market_127,True,cloud_automated,Sunday - Trading Hours: 11:00 AM - 3:00 PM NPT,9308,Hotel Forest Inn Limited,HFIN,58.0,16249.0,680.0,0.15,679.0,,679.0,688.0,673.0,11072537.5,2026-08-14 14:59:51.945774,10.0,681.43,,,,,,,,,,,,,,,,7,"price_volume, live_market, summary, top_gainers, top_losers, nepse_index, supply_demand",5576
2026-08-16T13:33:38.194661+05:45,2026-08-16 13:33:38,live_market,live_market_128,True,cloud_automated,Sunday - Trading Hours: 11:00 AM - 3:00 PM NPT,9336,Sopan Pharmaceuticals Limited,SOPL,58.0,21037.0,796.0,-1.12,805.0,,800.0,805.6,796.0,16822852.6,2026-08-14 14:59:51.752378,100.0,799.68,,,,,,,,,,,,,,,,7,"price_volume, live_market, summary, top_gainers, top_losers, nepse_index, supply_demand",5576
2026-08-16T13:33:38.194661+05:45,2026-08-16 13:33:38,live_market,live_market_129,True,cloud_automated,Sunday - Trading Hours: 11:00 AM - 3:00 PM NPT,360,Arun Valley Hydropower Development Co. Ltd.,AHPC,58.0,74965.0,264.9,-0.38,265.9,,270.8,270.8,264.0,19868141.0,2026-08-14 14:59:51.696264,500.0,265.03,,,,,,,,,,,,,,,,7,"price_volume, live_market, summary, top_gainers, top_losers, nepse_index, supply_demand",5576
2026-08-16T13:33:38.194661+05:45,2026-08-16 13:33:38,live_market,live_market_130,True,cloud_automated,Sunday - Trading Hours: 11:00 AM - 3:00 PM NPT,8125,NMB Sulav Investment Fund - 2,NSIF2,58.0,53199.0,10.67,-2.02,10.89,,10.72,10.73,10.67,569073.27,2026-08-14 14:59:51.468603,9200.0,10.7,,,,,,,,,,,,,,,,7,"price_volume, live_market, summary, top_gainers, top_losers, nepse_index, supply_demand",5576
2026-08-16T13:33:38.194661+05:45,2026-08-16 13:33:38,live_market,live_market_131,True,cloud_automated,Sunday - Trading Hours: 11:00 AM - 3:00 PM NPT,2914,United IDI Mardi RB Hydropower Limited.,UMRH,58.0,3423.0,528.5,-0.66,532.0,,532.0,535.0,526.0,1813963.0,2026-08-14 14:59:51.4368,100.0,529.93,,,,,,,,,,,,,,,,7,"price_volume, live_market, summary, top_gainers, top_losers, nepse_index, supply_demand",5576
2026-08-16T13:33:38.194661+05:45,2026-08-16 13:33:38,live_market,live_market_132,True,cloud_automated,Sunday - Trading Hours: 11:00 AM - 3:00 PM NPT,2880,Himal Dolakha Hydropower Company Limited,HDHPC,58.0,104124.0,212.0,-0.7,213.5,,213.5,215.9,211.0,22259060.5,2026-08-14 14:59:51.414528,200.0,213.77,,,,,,,,,,,,,,,,7,"price_volume, live_market, summary, top_gainers, top_losers, nepse_index, supply_demand",5576
2026-08-16T13:33:38.194661+05:45,2026-08-16 13:33:38,live_market,live_market_133,True,cloud_automated,Sunday - Trading Hours: 11:00 AM - 3:00 PM NPT,9215,Mid Solu Hydropower Limited,MSHL,58.0,639.0,594.0,-1.33,602.0,,592.0,605.0,592.0,381825.0,2026-08-14 14:59:51.364612,10.0,597.54,,,,,,,,,,,,,,,,7,"price_volume, live_market, summary, top_gainers, top_losers, nepse_index, supply_demand",5576
2026-08-16T13:33:38.194661+05:45,2026-08-16 13:33:38,live_market,live_market_134,True,cloud_automated,Sunday - Trading Hours: 11:00 AM - 3:00 PM NPT,9173,City Hotel Limited,CITY,58.0,150226.0,365.0,-1.43,370.3,,370.0,372.8,360.0,54733007.7,2026-08-14 14:59:51.233198,365.0,364.34,,,,,,,,,,,,,,,,7,"price_volume, live_market, summary, top_gainers, top_losers, nepse_index, supply_demand",5576
2026-08-16T13:33:38.194661+05:45,2026-08-16 13:33:38,live_market,live_market_135,True,cloud_automated,Sunday - Trading Hours: 11:00 AM - 3:00 PM NPT,179,Himalayan Everest Insurance Limited,HEI,58.0,681.0,535.0,0.56,532.0,,532.0,535.0,529.0,361309.9,2026-08-14 14:59:50.868149,10.0,530.56,,,,,,,,,,,,,,,,7,"price_volume, live_market, summary, top_gainers, top_losers, nepse_index, supply_demand",5576
2026-08-16T13:33:38.194661+05:45,2026-08-16 13:33:38,live_market,live_market_136,True,cloud_automated,Sunday - Trading Hours: 11:00 AM - 3:00 PM NPT,9213,Hathway Investment Nepal Limited,HATHY,58.0,4648.0,677.0,0.0,677.0,,678.2,683.0,676.0,3160131.6,2026-08-14 14:59:50.720863,80.0,679.89,,,,,,,,,,,,,,,,7,"price_volume, live_market, summary, top_gainers, top_losers, nepse_index, supply_demand",5576
2026-08-16T13:33:38.194661+05:45,2026-08-16 13:33:38,live_market,live_market_137,True,cloud_automated,Sunday - Trading Hours: 11:00 AM - 3:00 PM NPT,2832,Infinity Laghubitta Bittiya Sanstha Limited,ILBS,58.0,1655.0,894.0,0.11,893.0,,904.0,904.0,877.0,1463896.0,2026-08-14 14:59:50.548321,10.0,884.53,,,,,,,,,,,,,,,,7,"price_volume, live_market, summary, top_gainers, top_losers, nepse_index, supply_demand",5576
2026-08-16T13:33:38.194661+05:45,2026-08-16 13:33:38,live_market,live_market_138,True,cloud_automated,Sunday - Trading Hours: 11:00 AM - 3:00 PM NPT,8131,Eastern Hydropower Limited,EHPL,58.0,9870.0,337.0,0.72,334.6,,351.3,351.3,331.5,3307374.0,2026-08-14 14:59:50.449871,10.0,335.09,,,,,,,,,,,,,,,,7,"price_volume, live_market, summary, top_gainers, top_losers, nepse_index, supply_demand",5576
2026-08-16T13:33:38.194661+05:45,2026-08-16 13:33:38,live_market,live_market_139,True,cloud_automated,Sunday - Trading Hours: 11:00 AM - 3:00 PM NPT,139,NIC Asia Bank Ltd.,NICA,58.0,34884.0,324.4,-0.18,325.0,,325.0,325.0,322.0,11287804.9,2026-08-14 14:59:50.333723,155.0,323.58,,,,,,,,,,,,,,,,7,"price_volume, live_market, summary, top_gainers, top_losers, nepse_index, supply_demand",5576
2026-08-16T13:33:38.194661+05:45,2026-08-16 13:33:38,live_market,live_market_140,True,cloud_automated,Sunday - Trading Hours: 11:00 AM - 3:00 PM NPT,2815,Ganapati Laghubitta Bittiya Sanstha Limited,GMFBS,58.0,140.0,1158.0,-1.86,1180.0,,1220.0,1220.0,1125.0,160876.0,2026-08-14 14:59:50.313121,10.0,1149.11,,,,,,,,,,,,,,,,7,"price_volume, live_market, summary, top_gainers, top_losers, nepse_index, supply_demand",5576
2026-08-16T13:33:38.194661+05:45,2026-08-16 13:33:38,live_market,live_market_141,True,cloud_automated,Sunday - Trading Hours: 11:00 AM - 3:00 PM NPT,403,SuryaJyoti Life Insurance Company Limited,SJLIC,58.0,3076.0,414.5,-0.12,415.0,,412.0,415.0,410.0,1268109.5,2026-08-14 14:59:50.265848,10.0,412.26,,,,,,,,,,,,,,,,7,"price_volume, live_market, summary, top_gainers, top_losers, nepse_index, supply_demand",5576
2026-08-16T13:33:38.194661+05:45,2026-08-16 13:33:38,live_market,live_market_142,True,cloud_automated,Sunday - Trading Hours: 11:00 AM - 3:00 PM NPT,545,Swarojgar Laghubitta Bittiya Sanstha Ltd.,SLBBL,58.0,2156.0,802.0,-0.99,810.0,,808.0,811.5,802.0,1740251.3,2026-08-14 14:59:50.004928,10.0,807.17,,,,,,,,,,,,,,,,7,"price_volume, live_market, summary, top_gainers, top_losers, nepse_index, supply_demand",5576
2026-08-16T13:33:38.194661+05:45,2026-08-16 13:33:38,live_market,live_market_143,True,cloud_automated,Sunday - Trading Hours: 11:00 AM - 3:00 PM NPT,8045,Green Ventures Limited,GVL,58.0,4851.0,477.0,-0.25,478.2,,474.6,479.9,474.6,2316497.2,2026-08-14 14:59:49.887383,10.0,477.53,,,,,,,,,,,,,,,,7,"price_volume, live_market, summary, top_gainers, top_losers, nepse_index, supply_demand",5576
2026-08-16T13:33:38.194661+05:45,2026-08-16 13:33:38,live_market,live_market_144,True,cloud_automated,Sunday - Trading Hours: 11:00 AM - 3:00 PM NPT,2842,SANJEN JALAVIDHYUT COMPANY LIMITED,SJCL,58.0,4295.0,269.9,-0.07,270.1,,269.0,272.0,269.0,1160717.6,2026-08-14 14:59:49.80226,50.0,270.25,,,,,,,,,,,,,,,,7,"price_volume, live_market, summary, top_gainers, top_losers, nepse_index, supply_demand",5576
2026-08-16T13:33:38.194661+05:45,2026-08-16 13:33:38,live_market,live_market_145,True,cloud_automated,Sunday - Trading Hours: 11:00 AM - 3:00 PM NPT,2908,Sanima GIC Insurance Limited,SGIC,58.0,4867.0,453.9,-0.68,457.0,,450.0,455.0,450.0,2201702.1,2026-08-14 14:59:49.756327,7.0,452.37,,,,,,,,,,,,,,,,7,"price_volume, live_market, summary, top_gainers, top_losers, nepse_index, supply_demand",5576
2026-08-16T13:33:38.194661+05:45,2026-08-16 13:33:38,live_market,live_market_146,True,cloud_automated,Sunday - Trading Hours: 11:00 AM - 3:00 PM NPT,172,Narayani Development Bank Limited,NABBC,58.0,4769.0,811.0,0.53,806.7,,802.5,811.0,800.0,3832912.2,2026-08-14 14:59:49.685756,40.0,803.71,,,,,,,,,,,,,,,,7,"price_volume, live_market, summary, top_gainers, top_losers, nepse_index, supply_demand",5576
2026-08-16T13:33:38.194661+05:45,2026-08-16 13:33:38,live_market,live_market_147,True,cloud_automated,Sunday - Trading Hours: 11:00 AM - 3:00 PM NPT,9171,Bhugol Energy Development Company Limited,BEDC,58.0,8965.0,319.4,0.13,319.0,,322.7,322.7,315.0,2850534.8,2026-08-14 14:59:49.547036,410.0,317.96,,,,,,,,,,,,,,,,7,"price_volume, live_market, summary, top_gainers, top_losers, nepse_index, supply_demand",5576
2026-08-16T13:33:38.194661+05:45,2026-08-16 13:33:38,live_market,live_market_148,True,cloud_automated,Sunday - Trading Hours: 11:00 AM - 3:00 PM NPT,2881,Nepal Reinsurance Company Limited,NRIC,58.0,17583.0,918.0,-0.86,926.0,,930.0,930.0,917.2,16190992.2,2026-08-14 14:59:49.351884,40.0,920.83,,,,,,,,,,,,,,,,7,"price_volume, live_market, summary, top_gainers, top_losers, nepse_index, supply_demand",5576
2026-08-16T13:33:38.194661+05:45,2026-08-16 13:33:38,live_market,live_market_149,True,cloud_automated,Sunday - Trading Hours: 11:00 AM - 3:00 PM NPT,145,Siddhartha Bank Limited,SBL,58.0,54134.0,411.0,-0.6,413.5,,414.0,414.0,409.0,22280223.4,2026-08-14 14:59:49.117395,50.0,411.58,,,,,,,,,,,,,,,,7,"price_volume, live_market, summary, top_gainers, top_losers, nepse_index, supply_demand",5576
2026-08-16T13:33:38.194661+05:45,2026-08-16 13:33:38,live_market,live_market_150,True,cloud_automated,Sunday - Trading Hours: 11:00 AM - 3:00 PM NPT,9193,Ghorahi Cement Industry Limited,GCIL,58.0,7179.0,344.0,-0.58,346.0,,342.1,347.0,342.1,2472317.0,2026-08-14 14:59:49.061001,50.0,344.38,,,,,,,,,,,,,,,,7,"price_volume, live_market, summary, top_gainers, top_losers, nepse_index, supply_demand",5576
2026-08-16T13:33:38.194661+05:45,2026-08-16 13:33:38,live_market,live_market_151,True,cloud_automated,Sunday - Trading Hours: 11:00 AM - 3:00 PM NPT,227,Best Finance Company Ltd.,BFC,58.0,24707.0,485.0,-1.82,494.0,,494.0,495.0,482.0,12025477.4,2026-08-14 14:59:48.774647,44.0,486.72,,,,,,,,,,,,,,,,7,"price_volume, live_market, summary, top_gainers, top_losers, nepse_index, supply_demand",5576
2026-08-16T13:33:38.194661+05:45,2026-08-16 13:33:38,live_market,live_market_152,True,cloud_automated,Sunday - Trading Hours: 11:00 AM - 3:00 PM NPT,2934,Singati Hydro Energy Limited,SHEL,58.0,36730.0,306.0,-0.23,306.7,,308.0,309.0,305.3,11249245.0,2026-08-14 14:59:48.539902,500.0,306.27,,,,,,,,,,,,,,,,7,"price_volume, live_market, summary, top_gainers, top_losers, nepse_index, supply_demand",5576
2026-08-16T13:33:38.194661+05:45,2026-08-16 13:33:38,live_market,live_market_153,True,cloud_automated,Sunday - Trading Hours: 11:00 AM - 3:00 PM NPT,9184,IME Life Insurance Company Limited,ILI,58.0,3619.0,417.0,0.24,416.0,,413.1,424.9,413.1,1508361.7,2026-08-14 14:59:48.532082,100.0,416.79,,,,,,,,,,,,,,,,7,"price_volume, live_market, summary, top_gainers, top_losers, nepse_index, supply_demand",5576
2026-08-16T13:33:38.194661+05:45,2026-08-16 13:33:38,live_market,live_market_154,True,cloud_automated,Sunday - Trading Hours: 11:00 AM - 3:00 PM NPT,9294,Sagar Distillery Limited,SAGAR,58.0,8483.0,1653.0,-2.76,1700.0,,1662.0,1690.0,1635.4,14027130.2,2026-08-14 14:59:47.914202,300.0,1653.56,,,,,,,,,,,,,,,,7,"price_volume, live_market, summary, top_gainers, top_losers, nepse_index, supply_demand",5576
2026-08-16T13:33:38.194661+05:45,2026-08-16 13:33:38,live_market,live_market_155,True,cloud_automated,Sunday - Trading Hours: 11:00 AM - 3:00 PM NPT,2919,Nepal Infrastructure Bank Limited,NIFRA,58.0,54730.0,248.1,-1.55,252.0,,250.2,253.6,248.0,13728010.2,2026-08-14 14:59:47.716332,10.0,250.83,,,,,,,,,,,,,,,,7,"price_volume, live_market, summary, top_gainers, top_losers, nepse_index, supply_demand",5576
2026-08-16T13:33:38.194661+05:45,2026-08-16 13:33:38,live_market,live_market_156,True,cloud_automated,Sunday - Trading Hours: 11:00 AM - 3:00 PM NPT,401,Mahalaxmi Bikas Bank Ltd.,MLBL,58.0,5948.0,350.0,-0.28,351.0,,350.0,352.0,348.7,2084469.5,2026-08-14 14:59:47.526343,10.0,350.45,,,,,,,,,,,,,,,,7,"price_volume, live_market, summary, top_gainers, top_losers, nepse_index, supply_demand",5576
2026-08-16T13:33:38.194661+05:45,2026-08-16 13:33:38,live_market,live_market_157,True,cloud_automated,Sunday - Trading Hours: 11:00 AM - 3:00 PM NPT,2769,Nepal Hydro Developers Ltd.,NHDL,58.0,1000.0,637.0,2.21,623.2,,623.2,641.7,623.2,632058.1,2026-08-14 14:59:47.46674,150.0,632.06,,,,,,,,,,,,,,,,7,"price_volume, live_market, summary, top_gainers, top_losers, nepse_index, supply_demand",5576
2026-08-16T13:33:38.194661+05:45,2026-08-16 13:33:38,live_market,live_market_158,True,cloud_automated,Sunday - Trading Hours: 11:00 AM - 3:00 PM NPT,2824,Himalaya Urja Bikas Company Limited,HURJA,58.0,65095.0,244.4,-0.57,245.8,,249.9,249.9,243.3,16005993.3,2026-08-14 14:59:47.433142,33.0,245.89,,,,,,,,,,,,,,,,7,"price_volume, live_market, summary, top_gainers, top_losers, nepse_index, supply_demand",5576
2026-08-16T13:33:38.194661+05:45,2026-08-16 13:33:38,live_market,live_market_159,True,cloud_automated,Sunday - Trading Hours: 11:00 AM - 3:00 PM NPT,9183,Nepal Republic Media Limited,NRM,58.0,8640.0,302.0,-0.33,303.0,,305.0,305.0,300.0,2598777.4,2026-08-14 14:59:46.596674,10.0,300.78,,,,,,,,,,,,,,,,7,"price_volume, live_market, summary, top_gainers, top_losers, nepse_index, supply_demand",5576
2026-08-16T13:33:38.194661+05:45,2026-08-16 13:33:38,live_market,live_market_160,True,cloud_automated,Sunday - Trading Hours: 11:00 AM - 3:00 PM NPT,2743,Ngadi Group Power Ltd.,NGPL,58.0,262237.0,414.9,0.41,413.2,,392.6,422.5,392.6,109004539.0,2026-08-14 14:59:46.535672,1000.0,415.67,,,,,,,,,,,,,,,,7,"price_volume, live_market, summary, top_gainers, top_losers, nepse_index, supply_demand",5576
2026-08-16T13:33:38.194661+05:45,2026-08-16 13:33:38,live_market,live_market_161,True,cloud_automated,Sunday - Trading Hours: 11:00 AM - 3:00 PM NPT,2924,GreenLife Hydropower Limited,GLH,58.0,43273.0,261.1,-1.02,263.8,,253.0,268.3,253.0,11391692.8,2026-08-14 14:59:46.216592,10.0,263.25,,,,,,,,,,,,,,,,7,"price_volume, live_market, summary, top_gainers, top_losers, nepse_index, supply_demand",5576
2026-08-16T13:33:38.194661+05:45,2026-08-16 13:33:38,live_market,live_market_162,True,cloud_automated,Sunday - Trading Hours: 11:00 AM - 3:00 PM NPT,397,Agricultural Development Bank Limited,ADBL,58.0,22448.0,304.0,-0.26,304.8,,305.0,306.0,303.1,6833113.2,2026-08-14 14:59:46.110569,101.0,304.4,,,,,,,,,,,,,,,,7,"price_volume, live_market, summary, top_gainers, top_losers, nepse_index, supply_demand",5576
2026-08-16T13:33:38.194661+05:45,2026-08-16 13:33:38,live_market,live_market_163,True,cloud_automated,Sunday - Trading Hours: 11:00 AM - 3:00 PM NPT,9208,Upper Lohore Khola Hydropower Company Limited,ULHC,58.0,63497.0,342.0,-4.74,359.0,,341.1,351.0,332.0,21640841.5,2026-08-14 14:59:45.879354,45.0,340.82,,,,,,,,,,,,,,,,7,"price_volume, live_market, summary, top_gainers, top_losers, nepse_index, supply_demand",5576
2026-08-16T13:33:38.194661+05:45,2026-08-16 13:33:38,live_market,live_market_164,True,cloud_automated,Sunday - Trading Hours: 11:00 AM - 3:00 PM NPT,2744,Green Development Bank Ltd.,GRDBL,58.0,2140.0,1041.0,-0.76,1049.0,,1030.0,1045.0,1030.0,2224516.0,2026-08-14 14:59:45.853796,300.0,1039.49,,,,,,,,,,,,,,,,7,"price_volume, live_market, summary, top_gainers, top_losers, nepse_index, supply_demand",5576
2026-08-16T13:33:38.194661+05:45,2026-08-16 13:33:38,live_market,live_market_165,True,cloud_automated,Sunday - Trading Hours: 11:00 AM - 3:00 PM NPT,8065,CYC Nepal Laghubitta Bittiya Sanstha Limited,CYCL,58.0,8893.0,1355.0,4.23,1300.0,,1235.0,1387.0,1235.0,12043861.2,2026-08-14 14:59:45.713713,10.0,1354.31,,,,,,,,,,,,,,,,7,"price_volume, live_market, summary, top_gainers, top_losers, nepse_index, supply_demand",5576
2026-08-16T13:33:38.194661+05:45,2026-08-16 13:33:38,live_market,live_market_166,True,cloud_automated,Sunday - Trading Hours: 11:00 AM - 3:00 PM NPT,490,First Micro Finance Laghubitta Bittiya Sanstha Limited,FMDBL,58.0,43843.0,830.0,6.96,776.0,,790.0,830.0,762.0,34104381.8,2026-08-14 14:59:45.575744,100.0,777.88,,,,,,,,,,,,,,,,7,"price_volume, live_market, summary, top_gainers, top_losers, nepse_index, supply_demand",5576
2026-08-16T13:33:38.194661+05:45,2026-08-16 13:33:38,live_market,live_market_167,True,cloud_automated,Sunday - Trading Hours: 11:00 AM - 3:00 PM NPT,244,Shree Investment Finance Co. Ltd.,SIFC,58.0,5438.0,512.0,0.43,509.8,,510.1,514.0,508.0,2779329.3,2026-08-14 14:59:44.714767,200.0,511.09,,,,,,,,,,,,,,,,7,"price_volume, live_market, summary, top_gainers, top_losers, nepse_index, supply_demand",5576
2026-08-16T13:33:38.194661+05:45,2026-08-16 13:33:38,live_market,live_market_168,True,cloud_automated,Sunday - Trading Hours: 11:00 AM - 3:00 PM NPT,2809,SHIVAM CEMENTS LTD,SHIVM,58.0,82324.0,631.0,-0.24,632.5,,627.7,660.0,627.7,52841108.2,2026-08-14 14:59:44.631878,95.0,641.87,,,,,,,,,,,,,,,,7,"price_volume, live_market, summary, top_gainers, top_losers, nepse_index, supply_demand",5576
2026-08-16T13:33:38.194661+05:45,2026-08-16 13:33:38,live_market,live_market_169,True,cloud_automated,Sunday - Trading Hours: 11:00 AM - 3:00 PM NPT,178,National Life Insurance Co. Ltd.,NLICL,58.0,12928.0,575.0,1.23,568.0,,566.0,612.0,566.0,7500943.1,2026-08-14 14:59:44.001688,10.0,580.21,,,,,,,,,,,,,,,,7,"price_volume, live_market, summary, top_gainers, top_losers, nepse_index, supply_demand",5576
2026-08-16T13:33:38.194661+05:45,2026-08-16 13:33:38,live_market,live_market_170,True,cloud_automated,Sunday - Trading Hours: 11:00 AM - 3:00 PM NPT,177,Rastriya Beema Company Limited,RBCL,58.0,40.0,14150.0,-0.35,14200.0,,14200.0,14400.0,14150.0,570500.0,2026-08-14 14:59:43.761568,10.0,14262.5,,,,,,,,,,,,,,,,7,"price_volume, live_market, summary, top_gainers, top_losers, nepse_index, supply_demand",5576
2026-08-16T13:33:38.194661+05:45,2026-08-16 13:33:38,live_market,live_market_171,True,cloud_automated,Sunday - Trading Hours: 11:00 AM - 3:00 PM NPT,2831,Union Hydropower Limited,UNHPL,58.0,13316.0,374.0,-1.32,379.0,,380.0,380.0,373.0,4994329.8,2026-08-14 14:59:43.756174,100.0,375.06,,,,,,,,,,,,,,,,7,"price_volume, live_market, summary, top_gainers, top_losers, nepse_index, supply_demand",5576
2026-08-16T13:33:38.194661+05:45,2026-08-16 13:33:38,live_market,live_market_172,True,cloud_automated,Sunday - Trading Hours: 11:00 AM - 3:00 PM NPT,8026,Nyadi Hydropower Limited,NYADI,58.0,3461.0,365.0,-0.27,366.0,,365.0,366.0,362.3,1261295.3,2026-08-14 14:59:43.612874,10.0,364.43,,,,,,,,,,,,,,,,7,"price_volume, live_market, summary, top_gainers, top_losers, nepse_index, supply_demand",5576
2026-08-16T13:33:38.194661+05:45,2026-08-16 13:33:38,live_market,live_market_173,True,cloud_automated,Sunday - Trading Hours: 11:00 AM - 3:00 PM NPT,4951,Jeevan Bikas Laghubitta  Bittya Sanstha Ltd,JBLB,58.0,5810.0,1263.4,0.27,1260.0,,1270.0,1279.8,1258.0,7355260.6,2026-08-14 14:59:43.446807,10.0,1265.97,,,,,,,,,,,,,,,,7,"price_volume, live_market, summary, top_gainers, top_losers, nepse_index, supply_demand",5576
2026-08-16T13:33:38.194661+05:45,2026-08-16 13:33:38,live_market,live_market_174,True,cloud_automated,Sunday - Trading Hours: 11:00 AM - 3:00 PM NPT,9256,Om Megashree Pharmaceuticals Limited,OMPL,58.0,2349.0,908.0,-0.33,911.0,,956.5,956.5,900.0,2128593.3,2026-08-14 14:59:42.782647,10.0,906.17,,,,,,,,,,,,,,,,7,"price_volume, live_market, summary, top_gainers, top_losers, nepse_index, supply_demand",5576
2026-08-16T13:33:38.194661+05:45,2026-08-16 13:33:38,live_market,live_market_175,True,cloud_automated,Sunday - Trading Hours: 11:00 AM - 3:00 PM NPT,8021,Sahas Urja Limited,SAHAS,58.0,47545.0,677.0,0.3,675.0,,675.0,678.9,674.0,32144569.8,2026-08-14 14:59:42.68306,100.0,676.09,,,,,,,,,,,,,,,,7,"price_volume, live_market, summary, top_gainers, top_losers, nepse_index, supply_demand",5576
2026-08-16T13:33:38.194661+05:45,2026-08-16 13:33:38,live_market,live_market_176,True,cloud_automated,Sunday - Trading Hours: 11:00 AM - 3:00 PM NPT,591,Sanima Mai Hydropower Ltd.,SHPC,58.0,36520.0,495.1,-0.18,496.0,,504.9,504.9,494.4,18103714.4,2026-08-14 14:59:42.363621,25.0,495.72,,,,,,,,,,,,,,,,7,"price_volume, live_market, summary, top_gainers, top_losers, nepse_index, supply_demand",5576
2026-08-16T13:33:38.194661+05:45,2026-08-16 13:33:38,live_market,live_market_177,True,cloud_automated,Sunday - Trading Hours: 11:00 AM - 3:00 PM NPT,8022,Terhathum Power Company Limited,TPC,58.0,8555.0,363.4,0.33,362.2,,368.0,370.0,363.1,3124126.4,2026-08-14 14:59:41.599509,18.0,365.18,,,,,,,,,,,,,,,,7,"price_volume, live_market, summary, top_gainers, top_losers, nepse_index, supply_demand",5576
2026-08-16T13:33:38.194661+05:45,2026-08-16 13:33:38,live_market,live_market_178,True,cloud_automated,Sunday - Trading Hours: 11:00 AM - 3:00 PM NPT,9293,Daramkhola Hydro Energy Limited,DHEL,58.0,11873.0,594.0,-1.0,600.0,,600.0,602.0,591.0,7070721.2,2026-08-14 14:59:40.760587,25.0,595.53,,,,,,,,,,,,,,,,7,"price_volume, live_market, summary, top_gainers, top_losers, nepse_index, supply_demand",5576
2026-08-16T13:33:38.194661+05:45,2026-08-16 13:33:38,live_market,live_market_179,True,cloud_automated,Sunday - Trading Hours: 11:00 AM - 3:00 PM NPT,219,Unilever Nepal Limited,UNL,58.0,10.0,47400.0,-0.63,47700.0,,47400.0,47400.0,47400.0,474000.0,2026-08-14 14:59:40.703225,10.0,47400.0,,,,,,,,,,,,,,,,7,"price_volume, live_market, summary, top_gainers, top_losers, nepse_index, supply_demand",5576
2026-08-16T13:33:38.194661+05:45,2026-08-16 13:33:38,live_market,live_market_180,True,cloud_automated,Sunday - Trading Hours: 11:00 AM - 3:00 PM NPT,9250,Nepal Micro Insurance Company Limited,NMIC,58.0,1831.0,900.0,-0.77,907.0,,900.0,909.0,885.0,1630556.6,2026-08-14 14:59:39.865706,10.0,890.53,,,,,,,,,,,,,,,,7,"price_volume, live_market, summary, top_gainers, top_losers, nepse_index, supply_demand",5576
2026-08-16T13:33:38.194661+05:45,2026-08-16 13:33:38,live_market,live_market_181,True,cloud_automated,Sunday - Trading Hours: 11:00 AM - 3:00 PM NPT,8055,Balephi Hydropower Limited,BHL,58.0,89659.0,211.0,-0.47,212.0,,213.1,214.5,209.0,18904532.3,2026-08-14 14:59:39.526126,10.0,210.85,,,,,,,,,,,,,,,,7,"price_volume, live_market, summary, top_gainers, top_losers, nepse_index, supply_demand",5576
2026-08-16T13:33:38.194661+05:45,2026-08-16 13:33:38,live_market,live_market_182,True,cloud_automated,Sunday - Trading Hours: 11:00 AM - 3:00 PM NPT,273,ICFC Finance Limited,ICFC,58.0,11549.0,600.0,-0.5,603.0,,604.0,604.0,595.0,6912475.0,2026-08-14 14:59:38.974053,10.0,598.53,,,,,,,,,,,,,,,,7,"price_volume, live_market, summary, top_gainers, top_losers, nepse_index, supply_demand",5576
2026-08-16T13:33:38.194661+05:45,2026-08-16 13:33:38,live_market,live_market_183,True,cloud_automated,Sunday - Trading Hours: 11:00 AM - 3:00 PM NPT,9209,Citizen Life Insurance Company Limited,CLI,58.0,14215.0,440.0,1.85,432.0,,433.0,442.0,432.1,6194944.6,2026-08-14 14:59:38.863487,10.0,435.8,,,,,,,,,,,,,,,,7,"price_volume, live_market, summary, top_gainers, top_losers, nepse_index, supply_demand",5576
2026-08-16T13:33:38.194661+05:45,2026-08-16 13:33:38,live_market,live_market_184,True,cloud_automated,Sunday - Trading Hours: 11:00 AM - 3:00 PM NPT,472,Shangrila Development Bank Ltd.,SADBL,58.0,6438.0,413.5,0.0,413.5,,415.0,415.0,410.2,2663666.9,2026-08-14 14:59:37.437438,10.0,413.74,,,,,,,,,,,,,,,,7,"price_volume, live_market, summary, top_gainers, top_losers, nepse_index, supply_demand",5576
2026-08-16T13:33:38.194661+05:45,2026-08-16 13:33:38,live_market,live_market_185,True,cloud_automated,Sunday - Trading Hours: 11:00 AM - 3:00 PM NPT,9322,Bhujung Hydropower Limited,BJHL,58.0,10979.0,696.0,1.31,687.0,,687.0,707.0,680.0,7647686.9,2026-08-14 14:59:37.098151,10.0,696.57,,,,,,,,,,,,,,,,7,"price_volume, live_market, summary, top_gainers, top_losers, nepse_index, supply_demand",5576
2026-08-16T13:33:38.194661+05:45,2026-08-16 13:33:38,live_market,live_market_186,True,cloud_automated,Sunday - Trading Hours: 11:00 AM - 3:00 PM NPT,9175,Menchhiyam Hydropower Limited,MCHL,58.0,4417.0,280.0,0.0,280.0,,280.0,288.0,277.0,1242102.4,2026-08-14 14:59:36.718571,447.0,281.21,,,,,,,,,,,,,,,,7,"price_volume, live_market, summary, top_gainers, top_losers, nepse_index, supply_demand",5576
2026-08-16T13:33:38.194661+05:45,2026-08-16 13:33:38,live_market,live_market_187,True,cloud_automated,Sunday - Trading Hours: 11:00 AM - 3:00 PM NPT,559,NLG Insurance Company Ltd.,NLG,58.0,2330.0,565.0,-1.05,571.0,,580.0,580.0,556.1,1310281.8,2026-08-14 14:59:36.251135,10.0,562.35,,,,,,,,,,,,,,,,7,"price_volume, live_market, summary, top_gainers, top_losers, nepse_index, supply_demand",5576
2026-08-16T13:33:38.194661+05:45,2026-08-16 13:33:38,live_market,live_market_188,True,cloud_automated,Sunday - Trading Hours: 11:00 AM - 3:00 PM NPT,9159,Sagarmatha Jalabidhyut Company Limited,SMJC,58.0,12656.0,432.2,-1.32,438.0,,435.2,441.0,432.2,5500772.8,2026-08-14 14:59:35.999128,70.0,434.64,,,,,,,,,,,,,,,,7,"price_volume, live_market, summary, top_gainers, top_losers, nepse_index, supply_demand",5576
2026-08-16T13:33:38.194661+05:45,2026-08-16 13:33:38,live_market,live_market_189,True,cloud_automated,Sunday - Trading Hours: 11:00 AM - 3:00 PM NPT,9179,Modi Energy Limited,MEL,58.0,3652.0,211.5,-0.24,212.0,,212.0,212.6,209.0,770500.7,2026-08-14 14:59:35.990487,16.0,210.98,,,,,,,,,,,,,,,,7,"price_volume, live_market, summary, top_gainers, top_losers, nepse_index, supply_demand",5576
2026-08-16T13:33:38.194661+05:45,2026-08-16 13:33:38,live_market,live_market_190,True,cloud_automated,Sunday - Trading Hours: 11:00 AM - 3:00 PM NPT,268,Swabalamban Laghubitta Bittiya Sanstha Limited,SWBBL,58.0,3891.0,674.2,0.33,672.0,,690.0,690.0,669.0,2611592.9,2026-08-14 14:59:35.869751,30.0,671.19,,,,,,,,,,,,,,,,7,"price_volume, live_market, summary, top_gainers, top_losers, nepse_index, supply_demand",5576
2026-08-16T13:33:38.194661+05:45,2026-08-16 13:33:38,live_market,live_market_191,True,cloud_automated,Sunday - Trading Hours: 11:00 AM - 3:00 PM NPT,516,Manjushree Finance Ltd.,MFIL,58.0,20384.0,757.0,-1.27,766.7,,729.0,767.0,729.0,15505317.9,2026-08-14 14:59:34.756748,250.0,760.66,,,,,,,,,,,,,,,,7,"price_volume, live_market, summary, top_gainers, top_losers, nepse_index, supply_demand",5576
2026-08-16T13:33:38.194661+05:45,2026-08-16 13:33:38,live_market,live_market_192,True,cloud_automated,Sunday - Trading Hours: 11:00 AM - 3:00 PM NPT,9304,Citizens Santulit Yojana,CSY,58.0,78343.0,8.25,-8.33,9.0,,9.0,9.52,8.22,669153.68,2026-08-14 14:59:34.694215,100.0,8.54,,,,,,,,,,,,,,,,7,"price_volume, live_market, summary, top_gainers, top_losers, nepse_index, supply_demand",5576
2026-08-16T13:33:38.194661+05:45,2026-08-16 13:33:38,live_market,live_market_193,True,cloud_automated,Sunday - Trading Hours: 11:00 AM - 3:00 PM NPT,9349,Sanima Equity Fund-2,SAEF2,58.0,8200.0,9.13,1.22,9.02,,9.0,9.78,9.0,74998.0,2026-08-14 14:59:33.906515,900.0,9.15,,,,,,,,,,,,,,,,7,"price_volume, live_market, summary, top_gainers, top_losers, nepse_index, supply_demand",5576
2026-08-16T13:33:38.194661+05:45,2026-08-16 13:33:38,live_market,live_market_194,True,cloud_automated,Sunday - Trading Hours: 11:00 AM - 3:00 PM NPT,2813,Panchthar Power Compant Limited,PPCL,58.0,4269.0,334.9,-0.62,337.0,,344.0,344.0,333.0,1430199.5,2026-08-14 14:59:33.299123,10.0,335.02,,,,,,,,,,,,,,,,7,"price_volume, live_market, summary, top_gainers, top_losers, nepse_index, supply_demand",5576
2026-08-16T13:33:38.194661+05:45,2026-08-16 13:33:38,live_market,live_market_195,True,cloud_automated,Sunday - Trading Hours: 11:00 AM - 3:00 PM NPT,155,Salt Trading Corporation,STC,58.0,767.0,5200.0,0.0,5200.0,,5200.0,5231.0,5200.0,3989225.0,2026-08-14 14:59:31.95141,30.0,5201.08,,,,,,,,,,,,,,,,7,"price_volume, live_market, summary, top_gainers, top_losers, nepse_index, supply_demand",5576
2026-08-16T13:33:38.194661+05:45,2026-08-16 13:33:38,live_market,live_market_196,True,cloud_automated,Sunday - Trading Hours: 11:00 AM - 3:00 PM NPT,9148,Super Mai Hydropower Limited,SMH,58.0,7123.0,512.0,0.39,510.0,,510.0,515.0,507.2,3639377.3,2026-08-14 14:59:30.945585,64.0,510.93,,,,,,,,,,,,,,,,7,"price_volume, live_market, summary, top_gainers, top_losers, nepse_index, supply_demand",5576
2026-08-16T13:33:38.194661+05:45,2026-08-16 13:33:38,live_market,live_market_197,True,cloud_automated,Sunday - Trading Hours: 11:00 AM - 3:00 PM NPT,188,Life Insurance Corporation (Nepal) Limited,LICN,58.0,1149.0,778.0,0.32,775.5,,775.0,778.0,775.0,892403.5,2026-08-14 14:59:29.578736,30.0,776.68,,,,,,,,,,,,,,,,7,"price_volume, live_market, summary, top_gainers, top_losers, nepse_index, supply_demand",5576
2026-08-16T13:33:38.194661+05:45,2026-08-16 13:33:38,live_market,live_market_198,True,cloud_automated,Sunday - Trading Hours: 11:00 AM - 3:00 PM NPT,9297,Bandipur Cablecar and Tourism Limited,BANDIPUR,58.0,20753.0,693.5,1.17,685.5,,685.0,698.9,681.2,14426218.4,2026-08-14 14:59:29.361849,133.0,695.14,,,,,,,,,,,,,,,,7,"price_volume, live_market, summary, top_gainers, top_losers, nepse_index, supply_demand",5576
2026-08-16T13:33:38.194661+05:45,2026-08-16 13:33:38,live_market,live_market_199,True,cloud_automated,Sunday - Trading Hours: 11:00 AM - 3:00 PM NPT,687,Vijaya laghubitta Bittiya Sanstha Ltd.,VLBS,58.0,948.0,658.0,-0.02,658.1,,653.4,665.0,653.3,626931.0,2026-08-14 14:59:29.18694,20.0,661.32,,,,,,,,,,,,,,,,7,"price_volume, live_market, summary, top_gainers, top_losers, nepse_index, supply_demand",5576
2026-08-16T13:33:38.194661+05:45,2026-08-16 13:33:38,live_market,live_market_200,True,cloud_automated,Sunday - Trading Hours: 11:00 AM - 3:00 PM NPT,9262,Trade Tower Limited,TTL,58.0,6817.0,714.0,0.17,712.8,,680.0,725.0,680.0,4866449.0,2026-08-14 14:59:28.400077,180.0,713.87,,,,,,,,,,,,,,,,7,"price_volume, live_market, summary, top_gainers, top_losers, nepse_index, supply_demand",5576
2026-08-16T13:33:38.194661+05:45,2026-08-16 13:33:38,live_market,live_market_201,True,cloud_automated,Sunday - Trading Hours: 11:00 AM - 3:00 PM NPT,471,Multipurpose Finance Company  Limited,MPFL,58.0,19938.0,633.3,0.13,632.5,,638.0,638.0,630.3,12663394.3,2026-08-14 14:59:28.369436,200.0,635.14,,,,,,,,,,,,,,,,7,"price_volume, live_market, summary, top_gainers, top_losers, nepse_index, supply_demand",5576
2026-08-16T13:33:38.194661+05:45,2026-08-16 13:33:38,live_market,live_market_202,True,cloud_automated,Sunday - Trading Hours: 11:00 AM - 3:00 PM NPT,704,NMB  Microfinance Bittiya Sanstha Ltd.,NMBMF,58.0,721.0,609.9,0.81,605.0,,610.0,610.0,600.0,433226.9,2026-08-14 14:59:27.578906,2.0,600.87,,,,,,,,,,,,,,,,7,"price_volume, live_market, summary, top_gainers, top_losers, nepse_index, supply_demand",5576
2026-08-16T13:33:38.194661+05:45,2026-08-16 13:33:38,live_market,live_market_203,True,cloud_automated,Sunday - Trading Hours: 11:00 AM - 3:00 PM NPT,9258,Pure Energy Limited,PURE,58.0,707.0,819.0,-0.12,820.0,,803.1,825.0,803.1,578071.7,2026-08-14 14:59:27.429355,10.0,817.64,,,,,,,,,,,,,,,,7,"price_volume, live_market, summary, top_gainers, top_losers, nepse_index, supply_demand",5576
2026-08-16T13:33:38.194661+05:45,2026-08-16 13:33:38,live_market,live_market_204,True,cloud_automated,Sunday - Trading Hours: 11:00 AM - 3:00 PM NPT,184,Prabhu Insurance Ltd.,PRIN,58.0,5491.0,662.0,-0.38,664.5,,665.0,670.0,661.2,3644782.7,2026-08-14 14:59:27.399811,288.0,663.77,,,,,,,,,,,,,,,,7,"price_volume, live_market, summary, top_gainers, top_losers, nepse_index, supply_demand",5576
2026-08-16T13:33:38.194661+05:45,2026-08-16 13:33:38,live_market,live_market_205,True,cloud_automated,Sunday - Trading Hours: 11:00 AM - 3:00 PM NPT,2896,Sampada Laghubitta Bittiya Sanstha Limited,SMPDA,58.0,956.0,753.0,0.41,749.9,,760.0,760.0,747.0,715597.8,2026-08-14 14:59:27.18352,17.0,748.53,,,,,,,,,,,,,,,,7,"price_volume, live_market, summary, top_gainers, top_losers, nepse_index, supply_demand",5576
2026-08-16T13:33:38.194661+05:45,2026-08-16 13:33:38,live_market,live_market_206,True,cloud_automated,Sunday - Trading Hours: 11:00 AM - 3:00 PM NPT,8075,Bindhyabasini Hydropower Development Company Limited,BHDC,58.0,3377.0,428.0,-0.7,431.0,,432.0,432.0,426.0,1446085.8,2026-08-14 14:59:27.054402,10.0,428.22,,,,,,,,,,,,,,,,7,"price_volume, live_market, summary, top_gainers, top_losers, nepse_index, supply_demand",5576
2026-08-16T13:33:38.194661+05:45,2026-08-16 13:33:38,live_market,live_market_207,True,cloud_automated,Sunday - Trading Hours: 11:00 AM - 3:00 PM NPT,8074,Kumari Dhanabriddhi Yojana,KDBY,58.0,115392.0,11.1,0.91,11.0,,10.92,11.1,10.92,1269866.7,2026-08-14 14:59:26.466105,200.0,11.0,,,,,,,,,,,,,,,,7,"price_volume, live_market, summary, top_gainers, top_losers, nepse_index, supply_demand",5576
2026-08-16T13:33:38.194661+05:45,2026-08-16 13:33:38,live_market,live_market_208,True,cloud_automated,Sunday - Trading Hours: 11:00 AM - 3:00 PM NPT,2907,Shiva Shree Hydropower Ltd,SSHL,58.0,82517.0,204.6,-0.87,206.4,,197.0,208.5,197.0,16986639.4,2026-08-14 14:59:25.601691,100.0,205.86,,,,,,,,,,,,,,,,7,"price_volume, live_market, summary, top_gainers, top_losers, nepse_index, supply_demand",5576
2026-08-16T13:33:38.194661+05:45,2026-08-16 13:33:38,live_market,live_market_209,True,cloud_automated,Sunday - Trading Hours: 11:00 AM - 3:00 PM NPT,154,Chilime Hydropower Company Limited,CHCL,58.0,66504.0,478.9,-0.66,482.1,,481.0,486.0,474.0,31719717.2,2026-08-14 14:59:25.065865,123.0,476.96,,,,,,,,,,,,,,,,7,"price_volume, live_market, summary, top_gainers, top_losers, nepse_index, supply_demand",5576
2026-08-16T13:33:38.194661+05:45,2026-08-16 13:33:38,live_market,live_market_210,True,cloud_automated,Sunday - Trading Hours: 11:00 AM - 3:00 PM NPT,8133,Peoples Hydropower Company Limited,PHCL,58.0,67340.0,302.4,-0.53,304.0,,304.2,310.0,301.0,20561304.5,2026-08-14 14:59:22.169812,745.0,305.34,,,,,,,,,,,,,,,,7,"price_volume, live_market, summary, top_gainers, top_losers, nepse_index, supply_demand",5576
2026-08-16T13:33:38.194661+05:45,2026-08-16 13:33:38,live_market,live_market_211,True,cloud_automated,Sunday - Trading Hours: 11:00 AM - 3:00 PM NPT,8102,Mandakini Hydropower Limited,MHL,58.0,1564.0,465.0,-1.06,470.0,,463.5,480.0,463.5,729000.0,2026-08-14 14:59:21.849884,10.0,466.11,,,,,,,,,,,,,,,,7,"price_volume, live_market, summary, top_gainers, top_losers, nepse_index, supply_demand",5576
2026-08-16T13:33:38.194661+05:45,2026-08-16 13:33:38,live_market,live_market_212,True,cloud_automated,Sunday - Trading Hours: 11:00 AM - 3:00 PM NPT,274,Excel Development Bank Ltd.,EDBL,58.0,3124.0,578.9,-1.38,587.0,,575.0,579.0,575.0,1800979.1,2026-08-14 14:59:21.821407,10.0,576.5,,,,,,,,,,,,,,,,7,"price_volume, live_market, summary, top_gainers, top_losers, nepse_index, supply_demand",5576
2026-08-16T13:33:38.194661+05:45,2026-08-16 13:33:38,live_market,live_market_213,True,cloud_automated,Sunday - Trading Hours: 11:00 AM - 3:00 PM NPT,9135,Barahi Hydropower Public Limited,BHPL,58.0,13373.0,489.9,-0.02,490.0,,479.0,489.9,465.0,6269645.6,2026-08-14 14:59:21.432023,10.0,468.83,,,,,,,,,,,,,,,,7,"price_volume, live_market, summary, top_gainers, top_losers, nepse_index, supply_demand",5576
2026-08-16T13:33:38.194661+05:45,2026-08-16 13:33:38,live_market,live_market_214,True,cloud_automated,Sunday - Trading Hours: 11:00 AM - 3:00 PM NPT,8031,Madhya Bhotekoshi Jalavidyut Company Limited,MBJC,58.0,6137.0,265.1,-0.71,267.0,,267.0,268.0,264.1,1629774.9,2026-08-14 14:59:21.08858,500.0,265.57,,,,,,,,,,,,,,,,7,"price_volume, live_market, summary, top_gainers, top_losers, nepse_index, supply_demand",5576
2026-08-16T13:33:38.194661+05:45,2026-08-16 13:33:38,live_market,live_market_215,True,cloud_automated,Sunday - Trading Hours: 11:00 AM - 3:00 PM NPT,417,Garima Bikas Bank Limited,GBBL,58.0,42406.0,423.7,-0.14,424.3,,424.1,427.0,421.1,18028717.4,2026-08-14 14:59:20.85853,2035.0,425.15,,,,,,,,,,,,,,,,7,"price_volume, live_market, summary, top_gainers, top_losers, nepse_index, supply_demand",5576
2026-08-16T13:33:38.194661+05:45,2026-08-16 13:33:38,live_market,live_market_216,True,cloud_automated,Sunday - Trading Hours: 11:00 AM - 3:00 PM NPT,9161,Aatmanirbhar Laghubitta Bittiya Sanstha Limited,ANLB,58.0,999.0,5320.0,-1.48,5400.0,,5200.0,5548.0,5200.0,5296281.0,2026-08-14 14:59:19.947335,10.0,5301.58,,,,,,,,,,,,,,,,7,"price_volume, live_market, summary, top_gainers, top_losers, nepse_index, supply_demand",5576
2026-08-16T13:33:38.194661+05:45,2026-08-16 13:33:38,live_market,live_market_217,True,cloud_automated,Sunday - Trading Hours: 11:00 AM - 3:00 PM NPT,583,Grameen Bikas Laghubitta Bittiya Sanstha Ltd.,GBLBS,58.0,7026.0,722.9,-2.78,743.6,,730.0,735.0,710.0,5055219.7,2026-08-14 14:59:19.622909,10.0,719.5,,,,,,,,,,,,,,,,7,"price_volume, live_market, summary, top_gainers, top_losers, nepse_index, supply_demand",5576
2026-08-16T13:33:38.194661+05:45,2026-08-16 13:33:38,live_market,live_market_218,True,cloud_automated,Sunday - Trading Hours: 11:00 AM - 3:00 PM NPT,1741,Mero Microfinance Bittiya Sanstha Ltd.,MERO,58.0,302.0,665.0,0.45,662.0,,665.0,665.0,661.2,200431.0,2026-08-14 14:59:18.962279,50.0,663.68,,,,,,,,,,,,,,,,7,"price_volume, live_market, summary, top_gainers, top_losers, nepse_index, supply_demand",5576
2026-08-16T13:33:38.194661+05:45,2026-08-16 13:33:38,live_market,live_market_219,True,cloud_automated,Sunday - Trading Hours: 11:00 AM - 3:00 PM NPT,686,Barun Hydropower Co. Ltd.,BARUN,58.0,15063.0,320.0,-0.93,323.0,,325.0,326.0,320.0,4865911.8,2026-08-14 14:59:18.423598,300.0,323.04,,,,,,,,,,,,,,,,7,"price_volume, live_market, summary, top_gainers, top_losers, nepse_index, supply_demand",5576
2026-08-16T13:33:38.194661+05:45,2026-08-16 13:33:38,live_market,live_market_220,True,cloud_automated,Sunday - Trading Hours: 11:00 AM - 3:00 PM NPT,8121,Sayapatri Hydropower Limited,SPHL,58.0,3126.0,532.0,0.24,530.7,,520.0,539.0,520.0,1655929.6,2026-08-14 14:59:16.897189,10.0,529.73,,,,,,,,,,,,,,,,7,"price_volume, live_market, summary, top_gainers, top_losers, nepse_index, supply_demand",5576
2026-08-16T13:33:38.194661+05:45,2026-08-16 13:33:38,live_market,live_market_221,True,cloud_automated,Sunday - Trading Hours: 11:00 AM - 3:00 PM NPT,2937,Sunrise Bluechip Fund,SBCF,58.0,2600.0,9.41,0.21,9.39,,9.67,9.67,9.4,24751.0,2026-08-14 14:59:15.528655,100.0,9.52,,,,,,,,,,,,,,,,7,"price_volume, live_market, summary, top_gainers, top_losers, nepse_index, supply_demand",5576
2026-08-16T13:33:38.194661+05:45,2026-08-16 13:33:38,live_market,live_market_222,True,cloud_automated,Sunday - Trading Hours: 11:00 AM - 3:00 PM NPT,9242,Sarbottam Cement Limited,SARBTM,58.0,6582.0,794.9,-0.35,797.7,,797.7,797.7,775.0,5146056.7,2026-08-14 14:59:15.134477,10.0,781.84,,,,,,,,,,,,,,,,7,"price_volume, live_market, summary, top_gainers, top_losers, nepse_index, supply_demand",5576
2026-08-16T13:33:38.194661+05:45,2026-08-16 13:33:38,live_market,live_market_223,True,cloud_automated,Sunday - Trading Hours: 11:00 AM - 3:00 PM NPT,2768,Mahuli Laghubitta Bittiya Sanstha Limited,MSLB,58.0,2468.0,1245.0,-1.19,1260.0,,1225.1,1269.9,1225.1,3074350.0,2026-08-14 14:59:14.843891,10.0,1245.68,,,,,,,,,,,,,,,,7,"price_volume, live_market, summary, top_gainers, top_losers, nepse_index, supply_demand",5576
2026-08-16T13:33:38.194661+05:45,2026-08-16 13:33:38,live_market,live_market_224,True,cloud_automated,Sunday - Trading Hours: 11:00 AM - 3:00 PM NPT,2810,UNIVERSAL POWER COMPANY LTD,UPCL,58.0,18118.0,348.0,-0.14,348.5,,349.0,351.0,347.1,6314434.0,2026-08-14 14:59:14.698153,10.0,348.52,,,,,,,,,,,,,,,,7,"price_volume, live_market, summary, top_gainers, top_losers, nepse_index, supply_demand",5576
2026-08-16T13:33:38.194661+05:45,2026-08-16 13:33:38,live_market,live_market_225,True,cloud_automated,Sunday - Trading Hours: 11:00 AM - 3:00 PM NPT,348,Citizens Bank International Limited,CZBIL,58.0,37173.0,202.7,-1.07,204.9,,205.0,205.0,200.0,7497563.7,2026-08-14 14:59:14.23778,10.0,201.69,,,,,,,,,,,,,,,,7,"price_volume, live_market, summary, top_gainers, top_losers, nepse_index, supply_demand",5576
2026-08-16T13:33:38.194661+05:45,2026-08-16 13:33:38,live_market,live_market_226,True,cloud_automated,Sunday - Trading Hours: 11:00 AM - 3:00 PM NPT,2748,RSDC Laghubitta Bittiya Sanstha Ltd.,RSDC,58.0,3919.0,632.0,-2.02,645.0,,637.1,644.0,631.1,2483122.8,2026-08-14 14:59:14.180469,10.0,633.61,,,,,,,,,,,,,,,,7,"price_volume, live_market, summary, top_gainers, top_losers, nepse_index, supply_demand",5576
2026-08-16T13:33:38.194661+05:45,2026-08-16 13:33:38,live_market,live_market_227,True,cloud_automated,Sunday - Trading Hours: 11:00 AM - 3:00 PM NPT,9300,Jhapa Energy Limited,JHAPA,58.0,2426.0,1084.9,-0.72,1092.8,,1080.0,1093.7,1078.0,2629304.4,2026-08-14 14:59:10.989921,50.0,1083.8,,,,,,,,,,,,,,,,7,"price_volume, live_market, summary, top_gainers, top_losers, nepse_index, supply_demand",5576
2026-08-16T13:33:38.194661+05:45,2026-08-16 13:33:38,live_market,live_market_228,True,cloud_automated,Sunday - Trading Hours: 11:00 AM - 3:00 PM NPT,8104,Upper Solu Hydro Electric Company Limited,USHEC,58.0,7334.0,501.2,0.24,500.0,,491.1,505.8,491.1,3680477.8,2026-08-14 14:59:09.166923,20.0,501.84,,,,,,,,,,,,,,,,7,"price_volume, live_market, summary, top_gainers, top_losers, nepse_index, supply_demand",5576
2026-08-16T13:33:38.194661+05:45,2026-08-16 13:33:38,live_market,live_market_229,True,cloud_automated,Sunday - Trading Hours: 11:00 AM - 3:00 PM NPT,9192,Upper Syange Hydropower Limited,USHL,58.0,3581.0,543.0,0.95,537.9,,523.0,553.0,523.0,1921273.8,2026-08-14 14:59:08.319476,11.0,536.52,,,,,,,,,,,,,,,,7,"price_volume, live_market, summary, top_gainers, top_losers, nepse_index, supply_demand",5576
2026-08-16T13:33:38.194661+05:45,2026-08-16 13:33:38,live_market,live_market_230,True,cloud_automated,Sunday - Trading Hours: 11:00 AM - 3:00 PM NPT,9225,Vision Lumbini Urja Company Limited ,VLUCL,58.0,7058.0,413.0,0.0,413.0,,410.2,414.0,410.1,2914684.2,2026-08-14 14:59:07.869172,90.0,412.96,,,,,,,,,,,,,,,,7,"price_volume, live_market, summary, top_gainers, top_losers, nepse_index, supply_demand",5576
2026-08-16T13:33:38.194661+05:45,2026-08-16 13:33:38,live_market,live_market_231,True,cloud_automated,Sunday - Trading Hours: 11:00 AM - 3:00 PM NPT,8111,Hydorelectricity Investment and Development Company Limited Promoter,HIDCLP,58.0,23278.0,189.2,-0.11,189.4,,192.8,192.8,189.1,4408335.7,2026-08-14 14:59:04.906074,50.0,189.38,,,,,,,,,,,,,,,,7,"price_volume, live_market, summary, top_gainers, top_losers, nepse_index, supply_demand",5576
2026-08-16T13:33:38.194661+05:45,2026-08-16 13:33:38,live_market,live_market_232,True,cloud_automated,Sunday - Trading Hours: 11:00 AM - 3:00 PM NPT,9302,RBB Focus 40,RBBF40,58.0,4150.0,9.01,-1.96,9.19,,8.93,9.18,8.93,37362.0,2026-08-14 14:59:04.546427,100.0,9.0,,,,,,,,,,,,,,,,7,"price_volume, live_market, summary, top_gainers, top_losers, nepse_index, supply_demand",5576
2026-08-16T13:33:38.194661+05:45,2026-08-16 13:33:38,live_market,live_market_233,True,cloud_automated,Sunday - Trading Hours: 11:00 AM - 3:00 PM NPT,164,Chhimek Laghubitta Bittiya Sanstha Limited,CBBL,58.0,6833.0,933.5,-0.16,935.0,,936.0,942.0,933.5,6403265.4,2026-08-14 14:59:04.331694,25.0,937.11,,,,,,,,,,,,,,,,7,"price_volume, live_market, summary, top_gainers, top_losers, nepse_index, supply_demand",5576
2026-08-16T13:33:38.194661+05:45,2026-08-16 13:33:38,live_market,live_market_234,True,cloud_automated,Sunday - Trading Hours: 11:00 AM - 3:00 PM NPT,8018,Manushi Laghubitta Bittiya Sanstha Limited,MLBS,58.0,150.0,1116.1,-1.92,1138.0,,1115.0,1117.0,1115.0,167413.0,2026-08-14 14:59:03.795748,30.0,1116.09,,,,,,,,,,,,,,,,7,"price_volume, live_market, summary, top_gainers, top_losers, nepse_index, supply_demand",5576
2026-08-16T13:33:38.194661+05:45,2026-08-16 13:33:38,live_market,live_market_235,True,cloud_automated,Sunday - Trading Hours: 11:00 AM - 3:00 PM NPT,4967,NIC Asia Select Fund 30,NICSF,58.0,1790.0,9.0,1.24,8.89,,9.0,9.16,8.9,16181.5,2026-08-14 14:59:02.573421,100.0,9.04,,,,,,,,,,,,,,,,7,"price_volume, live_market, summary, top_gainers, top_losers, nepse_index, supply_demand",5576
2026-08-16T13:33:38.194661+05:45,2026-08-16 13:33:38,live_market,live_market_236,True,cloud_automated,Sunday - Trading Hours: 11:00 AM - 3:00 PM NPT,9217,Mathillo Mailun Khola Jalvidhyut Limited,MMKJL,58.0,736.0,444.0,-0.45,446.0,,442.0,448.0,442.0,326189.0,2026-08-14 14:58:58.83541,80.0,443.19,,,,,,,,,,,,,,,,7,"price_volume, live_market, summary, top_gainers, top_losers, nepse_index, supply_demand",5576
2026-08-16T13:33:38.194661+05:45,2026-08-16 13:33:38,live_market,live_market_237,True,cloud_automated,Sunday - Trading Hours: 11:00 AM - 3:00 PM NPT,587,Reliance Finance Ltd.,RLFL,58.0,17082.0,449.0,0.0,449.0,,442.1,476.0,442.0,7622647.8,2026-08-14 14:58:57.327421,10.0,446.24,,,,,,,,,,,,,,,,7,"price_volume, live_market, summary, top_gainers, top_losers, nepse_index, supply_demand",5576
2026-08-16T13:33:38.194661+05:45,2026-08-16 13:33:38,live_market,live_market_238,True,cloud_automated,Sunday - Trading Hours: 11:00 AM - 3:00 PM NPT,4947,Prabhu Select Fund,PSF,58.0,2200.0,12.01,0.08,12.0,,12.0,12.01,12.0,26401.0,2026-08-14 14:58:51.936891,100.0,12.0,,,,,,,,,,,,,,,,7,"price_volume, live_market, summary, top_gainers, top_losers, nepse_index, supply_demand",5576
2026-08-16T13:33:38.194661+05:45,2026-08-16 13:33:38,live_market,live_market_239,True,cloud_automated,Sunday - Trading Hours: 11:00 AM - 3:00 PM NPT,2887,NIC ASIA Laghubitta Bittiya Sanstha Limited,NICLBSL,58.0,2571.0,554.9,0.89,550.0,,550.0,558.0,545.1,1417418.7,2026-08-14 14:58:49.71292,2.0,551.31,,,,,,,,,,,,,,,,7,"price_volume, live_market, summary, top_gainers, top_losers, nepse_index, supply_demand",5576
2026-08-16T13:33:38.194661+05:45,2026-08-16 13:33:38,live_market,live_market_240,True,cloud_automated,Sunday - Trading Hours: 11:00 AM - 3:00 PM NPT,2754,Dibyashwori Hydropower Ltd.,DHPL,58.0,3493.0,286.0,-1.35,289.9,,289.9,291.0,286.0,1006203.7,2026-08-14 14:58:44.767582,30.0,288.06,,,,,,,,,,,,,,,,7,"price_volume, live_market, summary, top_gainers, top_losers, nepse_index, supply_demand",5576
2026-08-16T13:33:38.194661+05:45,2026-08-16 13:33:38,live_market,live_market_241,True,cloud_automated,Sunday - Trading Hours: 11:00 AM - 3:00 PM NPT,9216,Sonapur Minerals And Oil Limited,SONA,58.0,9083.0,403.0,-0.74,406.0,,401.0,405.9,401.0,3669181.0,2026-08-14 14:58:40.27851,10.0,403.96,,,,,,,,,,,,,,,,7,"price_volume, live_market, summary, top_gainers, top_losers, nepse_index, supply_demand",5576
2026-08-16T13:33:38.194661+05:45,2026-08-16 13:33:38,live_market,live_market_242,True,cloud_automated,Sunday - Trading Hours: 11:00 AM - 3:00 PM NPT,9312,Nepal Life Samriddhi Lagani Yojana,NSY,58.0,3400.0,9.2,-0.11,9.21,,9.17,9.3,9.17,31236.0,2026-08-14 14:58:39.769254,100.0,9.19,,,,,,,,,,,,,,,,7,"price_volume, live_market, summary, top_gainers, top_losers, nepse_index, supply_demand",5576
2026-08-16T13:33:38.194661+05:45,2026-08-16 13:33:38,live_market,live_market_243,True,cloud_automated,Sunday - Trading Hours: 11:00 AM - 3:00 PM NPT,2933,Kumari Equity Fund,KEF,58.0,43800.0,10.9,-0.64,10.97,,10.9,10.97,10.86,477595.0,2026-08-14 14:58:37.269404,9900.0,10.9,,,,,,,,,,,,,,,,7,"price_volume, live_market, summary, top_gainers, top_losers, nepse_index, supply_demand",5576
2026-08-16T13:33:38.194661+05:45,2026-08-16 13:33:38,live_market,live_market_244,True,cloud_automated,Sunday - Trading Hours: 11:00 AM - 3:00 PM NPT,9270,Him Star Urja Company Limited,HIMSTAR,58.0,7840.0,690.0,-1.61,701.3,,691.1,728.9,680.1,5451078.8,2026-08-14 14:58:36.264609,70.0,695.29,,,,,,,,,,,,,,,,7,"price_volume, live_market, summary, top_gainers, top_losers, nepse_index, supply_demand",5576
2026-08-16T13:33:38.194661+05:45,2026-08-16 13:33:38,live_market,live_market_245,True,cloud_automated,Sunday - Trading Hours: 11:00 AM - 3:00 PM NPT,210,Citizen Investment Trust,CIT,58.0,3997.0,1700.0,-0.79,1713.6,,1710.0,1719.5,1700.0,6811260.6,2026-08-14 14:58:33.698499,50.0,1704.09,,,,,,,,,,,,,,,,7,"price_volume, live_market, summary, top_gainers, top_losers, nepse_index, supply_demand",5576
2026-08-16T13:33:38.194661+05:45,2026-08-16 13:33:38,live_market,live_market_246,True,cloud_automated,Sunday - Trading Hours: 11:00 AM - 3:00 PM NPT,9140,Unique Nepal Laghubitta Bittiya Sanstha Limited,UNLB,58.0,799.0,1262.9,-0.55,1269.9,,1270.1,1270.1,1236.4,999429.6,2026-08-14 14:58:33.429828,9.0,1250.85,,,,,,,,,,,,,,,,7,"price_volume, live_market, summary, top_gainers, top_losers, nepse_index, supply_demand",5576
2026-08-16T13:33:38.194661+05:45,2026-08-16 13:33:38,live_market,live_market_247,True,cloud_automated,Sunday - Trading Hours: 11:00 AM - 3:00 PM NPT,2774,Unnati Sahakarya Laghubitta Bittiya Sanstha Limited,USLB,58.0,140.0,1121.0,-0.04,1121.5,,1121.0,1130.0,1121.0,157042.1,2026-08-14 14:58:32.056547,79.0,1121.73,,,,,,,,,,,,,,,,7,"price_volume, live_market, summary, top_gainers, top_losers, nepse_index, supply_demand",5576
2026-08-16T13:33:38.194661+05:45,2026-08-16 13:33:38,live_market,live_market_248,True,cloud_automated,Sunday - Trading Hours: 11:00 AM - 3:00 PM NPT,9201,Sun Nepal Life Insurance Company Limited,SNLI,58.0,11916.0,411.0,0.56,408.7,,410.0,417.0,410.0,4905748.3,2026-08-14 14:58:30.921684,500.0,411.69,,,,,,,,,,,,,,,,7,"price_volume, live_market, summary, top_gainers, top_losers, nepse_index, supply_demand",5576
2026-08-16T13:33:38.194661+05:45,2026-08-16 13:33:38,live_market,live_market_249,True,cloud_automated,Sunday - Trading Hours: 11:00 AM - 3:00 PM NPT,166,Deprosc Laghubitta Bittiya Sanstha Limited,DDBL,58.0,6500.0,853.0,-0.23,855.0,,855.0,855.0,850.0,5531187.4,2026-08-14 14:58:25.43266,50.0,850.95,,,,,,,,,,,,,,,,7,"price_volume, live_market, summary, top_gainers, top_losers, nepse_index, supply_demand",5576
2026-08-16T13:33:38.194661+05:45,2026-08-16 13:33:38,live_market,live_market_250,True,cloud_automated,Sunday - Trading Hours: 11:00 AM - 3:00 PM NPT,156,Bishal Bazar Company Limited,BBC,58.0,823.0,4080.0,-2.86,4200.0,,4210.0,4210.0,4074.0,3379739.0,2026-08-14 14:58:24.999196,20.0,4106.61,,,,,,,,,,,,,,,,7,"price_volume, live_market, summary, top_gainers, top_losers, nepse_index, supply_demand",5576
2026-08-16T13:33:38.194661+05:45,2026-08-16 13:33:38,live_market,live_market_251,True,cloud_automated,Sunday - Trading Hours: 11:00 AM - 3:00 PM NPT,2917,Chandragiri Hills Limited,CGH,58.0,7520.0,777.7,-0.89,784.7,,778.0,785.0,777.0,5854264.5,2026-08-14 14:58:22.608104,250.0,778.49,,,,,,,,,,,,,,,,7,"price_volume, live_market, summary, top_gainers, top_losers, nepse_index, supply_demand",5576
2026-08-16T13:33:38.194661+05:45,2026-08-16 13:33:38,live_market,live_market_252,True,cloud_automated,Sunday - Trading Hours: 11:00 AM - 3:00 PM NPT,192,Shikhar Insurance Co. Ltd.,SICL,58.0,2758.0,613.0,-0.16,614.0,,614.0,619.0,610.1,1689715.8,2026-08-14 14:58:22.220756,28.0,612.66,,,,,,,,,,,,,,,,7,"price_volume, live_market, summary, top_gainers, top_losers, nepse_index, supply_demand",5576
2026-08-16T13:33:38.194661+05:45,2026-08-16 13:33:38,live_market,live_market_253,True,cloud_automated,Sunday - Trading Hours: 11:00 AM - 3:00 PM NPT,9167,Mai Khola Hydropower Limited,MKHL,58.0,2856.0,500.1,0.02,500.0,,495.0,525.0,488.0,1432110.1,2026-08-14 14:58:17.699328,200.0,501.44,,,,,,,,,,,,,,,,7,"price_volume, live_market, summary, top_gainers, top_losers, nepse_index, supply_demand",5576
2026-08-16T13:33:38.194661+05:45,2026-08-16 13:33:38,live_market,live_market_254,True,cloud_automated,Sunday - Trading Hours: 11:00 AM - 3:00 PM NPT,153,Butwal Power Company Limited,BPCL,58.0,9810.0,644.9,-0.63,649.0,,650.1,650.1,640.0,6314209.5,2026-08-14 14:58:01.268639,10.0,643.65,,,,,,,,,,,,,,,,7,"price_volume, live_market, summary, top_gainers, top_losers, nepse_index, supply_demand",5576
2026-08-16T13:33:38.194661+05:45,2026-08-16 13:33:38,live_market,live_market_255,True,cloud_automated,Sunday - Trading Hours: 11:00 AM - 3:00 PM NPT,358,Lumbini Bikas Bank Ltd.,LBBL,58.0,23176.0,483.5,-0.72,487.0,,487.0,487.0,483.5,11246245.5,2026-08-14 14:57:54.110685,55.0,485.25,,,,,,,,,,,,,,,,7,"price_volume, live_market, summary, top_gainers, top_losers, nepse_index, supply_demand",5576
2026-08-16T13:33:38.194661+05:45,2026-08-16 13:33:38,live_market,live_market_256,True,cloud_automated,Sunday - Trading Hours: 11:00 AM - 3:00 PM NPT,135,Nepal SBI Bank Limited,SBI,58.0,11184.0,404.9,0.22,404.0,,398.0,404.9,397.2,4493774.5,2026-08-14 14:57:53.455797,5.0,401.8,,,,,,,,,,,,,,,,7,"price_volume, live_market, summary, top_gainers, top_losers, nepse_index, supply_demand",5576
2026-08-16T13:33:38.194661+05:45,2026-08-16 13:33:38,live_market,live_market_257,True,cloud_automated,Sunday - Trading Hours: 11:00 AM - 3:00 PM NPT,618,Laxmi Laghubitta Bittiya Sanstha Ltd.,LLBS,58.0,519.0,889.9,0.55,885.0,,890.0,910.0,870.0,461304.4,2026-08-14 14:57:52.236855,10.0,888.83,,,,,,,,,,,,,,,,7,"price_volume, live_market, summary, top_gainers, top_losers, nepse_index, supply_demand",5576
2026-08-16T13:33:38.194661+05:45,2026-08-16 13:33:38,live_market,live_market_258,True,cloud_automated,Sunday - Trading Hours: 11:00 AM - 3:00 PM NPT,9149,Maya Khola Hydropower Company Limited,MKHC,58.0,16650.0,268.5,-0.92,271.0,,271.0,271.8,268.4,4505655.3,2026-08-14 14:57:51.09308,10.0,270.61,,,,,,,,,,,,,,,,7,"price_volume, live_market, summary, top_gainers, top_losers, nepse_index, supply_demand",5576
2026-08-16T13:33:38.194661+05:45,2026-08-16 13:33:38,live_market,live_market_259,True,cloud_automated,Sunday - Trading Hours: 11:00 AM - 3:00 PM NPT,186,IGI Prudential insurance Limited,IGI,58.0,2259.0,429.0,-0.23,430.0,,430.0,435.9,425.0,964763.0,2026-08-14 14:57:50.070177,10.0,427.08,,,,,,,,,,,,,,,,7,"price_volume, live_market, summary, top_gainers, top_losers, nepse_index, supply_demand",5576
2026-08-16T13:33:38.194661+05:45,2026-08-16 13:33:38,live_market,live_market_260,True,cloud_automated,Sunday - Trading Hours: 11:00 AM - 3:00 PM NPT,2792,Upper Tamakoshi Hydropower Ltd,UPPER,58.0,45764.0,193.5,0.0,193.5,,193.5,195.0,193.0,8858372.0,2026-08-14 14:57:44.394912,439.0,193.57,,,,,,,,,,,,,,,,7,"price_volume, live_market, summary, top_gainers, top_losers, nepse_index, supply_demand",5576
2026-08-16T13:33:38.194661+05:45,2026-08-16 13:33:38,live_market,live_market_261,True,cloud_automated,Sunday - Trading Hours: 11:00 AM - 3:00 PM NPT,2902,Laxmi Unnati Kosh,LUK,58.0,800.0,9.8,0.72,9.73,,10.0,10.0,9.8,7980.0,2026-08-14 14:57:25.157079,100.0,9.98,,,,,,,,,,,,,,,,7,"price_volume, live_market, summary, top_gainers, top_losers, nepse_index, supply_demand",5576
2026-08-16T13:33:38.194661+05:45,2026-08-16 13:33:38,live_market,live_market_262,True,cloud_automated,Sunday - Trading Hours: 11:00 AM - 3:00 PM NPT,2841,RASUWAGADHI HYDROPOWER COMPANY LIMITED,RHPL,58.0,12280.0,255.5,-1.35,259.0,,260.0,260.0,254.0,3129171.8,2026-08-14 14:57:11.392192,10.0,254.82,,,,,,,,,,,,,,,,7,"price_volume, live_market, summary, top_gainers, top_losers, nepse_index, supply_demand",5576
2026-08-16T13:33:38.194661+05:45,2026-08-16 13:33:38,live_market,live_market_263,True,cloud_automated,Sunday - Trading Hours: 11:00 AM - 3:00 PM NPT,9352,Mount Everest Power Development Limited,MEPDL,58.0,220.0,456.2,15.0,396.7,,400.0,456.2,400.0,97664.0,2026-08-14 14:57:06.602119,10.0,443.93,,,,,,,,,,,,,,,,7,"price_volume, live_market, summary, top_gainers, top_losers, nepse_index, supply_demand",5576
2026-08-16T13:33:38.194661+05:45,2026-08-16 13:33:38,live_market,live_market_264,True,cloud_automated,Sunday - Trading Hours: 11:00 AM - 3:00 PM NPT,9236,NIC ASIA Growth Fund-2,NICGF2,58.0,700.0,9.5,5.67,8.99,,9.01,9.5,9.01,6484.0,2026-08-14 14:57:01.732809,100.0,9.26,,,,,,,,,,,,,,,,7,"price_volume, live_market, summary, top_gainers, top_losers, nepse_index, supply_demand",5576
2026-08-16T13:33:38.194661+05:45,2026-08-16 13:33:38,live_market,live_market_265,True,cloud_automated,Sunday - Trading Hours: 11:00 AM - 3:00 PM NPT,338,Progressive Finance Limited,PROFL,58.0,2414.0,418.5,-0.76,421.7,,421.7,421.7,416.1,1008325.6,2026-08-14 14:56:58.523513,10.0,417.7,,,,,,,,,,,,,,,,7,"price_volume, live_market, summary, top_gainers, top_losers, nepse_index, supply_demand",5576
2026-08-16T13:33:38.194661+05:45,2026-08-16 13:33:38,live_market,live_market_266,True,cloud_automated,Sunday - Trading Hours: 11:00 AM - 3:00 PM NPT,9290,HLI Large Cap Fund,HLICF,58.0,1834.0,8.6,2.26,8.41,,8.5,8.9,8.5,15961.5,2026-08-14 14:56:55.932016,100.0,8.7,,,,,,,,,,,,,,,,7,"price_volume, live_market, summary, top_gainers, top_losers, nepse_index, supply_demand",5576
2026-08-16T13:33:38.194661+05:45,2026-08-16 13:33:38,live_market,live_market_267,True,cloud_automated,Sunday - Trading Hours: 11:00 AM - 3:00 PM NPT,5982,Sanima Reliance Life Insurance Limited,SRLI,58.0,5181.0,370.5,-0.38,371.9,,369.1,372.8,369.1,1922315.8,2026-08-14 14:56:37.521961,247.0,371.03,,,,,,,,,,,,,,,,7,"price_volume, live_market, summary, top_gainers, top_losers, nepse_index, supply_demand",5576
2026-08-16T13:33:38.194661+05:45,2026-08-16 13:33:38,live_market,live_market_268,True,cloud_automated,Sunday - Trading Hours: 11:00 AM - 3:00 PM NPT,147,Soaltee Hotel Limited,SHL,58.0,6324.0,504.4,-0.9,509.0,,511.9,511.9,500.0,3196777.1,2026-08-14 14:56:37.381281,200.0,505.5,,,,,,,,,,,,,,,,7,"price_volume, live_market, summary, top_gainers, top_losers, nepse_index, supply_demand",5576
2026-08-16T13:33:38.194661+05:45,2026-08-16 13:33:38,live_market,live_market_269,True,cloud_automated,Sunday - Trading Hours: 11:00 AM - 3:00 PM NPT,705,Global IME Laghubitta Bittiya Sanstha Ltd.,GILB,58.0,1536.0,1133.7,2.14,1110.0,,1130.0,1140.7,1112.0,1737155.2,2026-08-14 14:56:32.35543,10.0,1130.96,,,,,,,,,,,,,,,,7,"price_volume, live_market, summary, top_gainers, top_losers, nepse_index, supply_demand",5576
2026-08-16T13:33:38.194661+05:45,2026-08-16 13:33:38,live_market,live_market_270,True,cloud_automated,Sunday - Trading Hours: 11:00 AM - 3:00 PM NPT,8024,Nabil Balanced Fund-3,NBF3,58.0,14010.0,9.72,0.0,9.72,,9.72,9.8,9.72,137022.4,2026-08-14 14:56:29.447738,200.0,9.78,,,,,,,,,,,,,,,,7,"price_volume, live_market, summary, top_gainers, top_losers, nepse_index, supply_demand",5576
2026-08-16T13:33:38.194661+05:45,2026-08-16 13:33:38,live_market,live_market_271,True,cloud_automated,Sunday - Trading Hours: 11:00 AM - 3:00 PM NPT,185,Sagarmatha Lumbini Insurance Co. Limited,SALICO,58.0,4437.0,588.0,-1.82,598.9,,585.0,590.2,584.0,2607080.0,2026-08-14 14:56:25.140371,100.0,587.58,,,,,,,,,,,,,,,,7,"price_volume, live_market, summary, top_gainers, top_losers, nepse_index, supply_demand",5576
2026-08-16T13:33:38.194661+05:45,2026-08-16 13:33:38,live_market,live_market_272,True,cloud_automated,Sunday - Trading Hours: 11:00 AM - 3:00 PM NPT,2761,Samata Gharelu Laghubitta Bittiya Sanstha Limited,SMATA,58.0,927.0,722.0,-0.82,728.0,,728.0,735.0,722.0,670977.5,2026-08-14 14:56:17.832649,13.0,723.82,,,,,,,,,,,,,,,,7,"price_volume, live_market, summary, top_gainers, top_losers, nepse_index, supply_demand",5576
2026-08-16T13:33:38.194661+05:45,2026-08-16 13:33:38,live_market,live_market_273,True,cloud_automated,Sunday - Trading Hours: 11:00 AM - 3:00 PM NPT,4968,RBB Mutual Fund 1,RMF1,58.0,23325.0,9.6,0.31,9.57,,9.6,9.99,9.6,229379.6,2026-08-14 14:56:01.71907,100.0,9.83,,,,,,,,,,,,,,,,7,"price_volume, live_market, summary, top_gainers, top_losers, nepse_index, supply_demand",5576
2026-08-16T13:33:38.194661+05:45,2026-08-16 13:33:38,live_market,live_market_274,True,cloud_automated,Sunday - Trading Hours: 11:00 AM - 3:00 PM NPT,9151,Kalinchowk Darshan Limited,KDL,58.0,336.0,770.1,-0.63,775.0,,775.0,777.0,770.1,259678.0,2026-08-14 14:55:11.720383,10.0,772.85,,,,,,,,,,,,,,,,7,"price_volume, live_market, summary, top_gainers, top_losers, nepse_index, supply_demand",5576
2026-08-16T13:33:38.194661+05:45,2026-08-16 13:33:38,live_market,live_market_275,True,cloud_automated,Sunday - Trading Hours: 11:00 AM - 3:00 PM NPT,634,Rastriya Beema Company Limited Promoter Share,RBCLPO,58.0,130.0,11050.0,-1.56,11225.0,,11195.0,11195.0,11001.0,1444060.0,2026-08-14 14:55:08.849042,10.0,11108.15,,,,,,,,,,,,,,,,7,"price_volume, live_market, summary, top_gainers, top_losers, nepse_index, supply_demand",5576
2026-08-16T13:33:38.194661+05:45,2026-08-16 13:33:38,live_market,live_market_276,True,cloud_automated,Sunday - Trading Hours: 11:00 AM - 3:00 PM NPT,2771,Support Microfinance Bittiya Sanstha Ltd.,SMB,58.0,380.0,1827.9,0.32,1822.0,,1800.0,1827.9,1800.0,685250.0,2026-08-14 14:55:05.283112,10.0,1803.29,,,,,,,,,,,,,,,,7,"price_volume, live_market, summary, top_gainers, top_losers, nepse_index, supply_demand",5576
2026-08-16T13:33:38.194661+05:45,2026-08-16 13:33:38,live_market,live_market_277,True,cloud_automated,Sunday - Trading Hours: 11:00 AM - 3:00 PM NPT,163,Nirdhan Utthan Laghubitta Bittiya Sanstha Limited,NUBL,58.0,6130.0,602.0,0.13,601.2,,595.4,605.0,595.4,3679305.3,2026-08-14 14:54:56.465165,50.0,600.21,,,,,,,,,,,,,,,,7,"price_volume, live_market, summary, top_gainers, top_losers, nepse_index, supply_demand",5576
2026-08-16T13:33:38.194661+05:45,2026-08-16 13:33:38,live_market,live_market_278,True,cloud_automated,Sunday - Trading Hours: 11:00 AM - 3:00 PM NPT,694,Matribhumi Lagubitta Bittiya Sanstha Limited,MATRI,58.0,202.0,814.0,1.12,805.0,,800.0,814.0,800.0,162081.0,2026-08-14 14:54:25.431561,2.0,802.38,,,,,,,,,,,,,,,,7,"price_volume, live_market, summary, top_gainers, top_losers, nepse_index, supply_demand",5576
2026-08-16T13:33:38.194661+05:45,2026-08-16 13:33:38,live_market,live_market_279,True,cloud_automated,Sunday - Trading Hours: 11:00 AM - 3:00 PM NPT,371,Miteri Development Bank Limited,MDB,58.0,16567.0,579.0,-0.81,583.7,,579.0,580.0,573.0,9516366.2,2026-08-14 14:54:02.926314,50.0,574.42,,,,,,,,,,,,,,,,7,"price_volume, live_market, summary, top_gainers, top_losers, nepse_index, supply_demand",5576
2026-08-16T13:33:38.194661+05:45,2026-08-16 13:33:38,live_market,live_market_280,True,cloud_automated,Sunday - Trading Hours: 11:00 AM - 3:00 PM NPT,133,Standard Chartered Bank Limited,SCB,58.0,5995.0,659.9,0.29,658.0,,655.0,659.9,654.0,3945064.1,2026-08-14 14:53:56.971127,419.0,658.06,,,,,,,,,,,,,,,,7,"price_volume, live_market, summary, top_gainers, top_losers, nepse_index, supply_demand",5576
2026-08-16T13:33:38.194661+05:45,2026-08-16 13:33:38,live_market,live_market_281,True,cloud_automated,Sunday - Trading Hours: 11:00 AM - 3:00 PM NPT,2935,Ru Ru Jalbidhyut Pariyojana Limited,RURU,58.0,1681.0,610.6,0.08,610.1,,610.0,618.6,609.0,1026453.8,2026-08-14 14:53:49.228026,15.0,610.62,,,,,,,,,,,,,,,,7,"price_volume, live_market, summary, top_gainers, top_losers, nepse_index, supply_demand",5576
2026-08-16T13:33:38.194661+05:45,2026-08-16 13:33:38,live_market,live_market_282,True,cloud_automated,Sunday - Trading Hours: 11:00 AM - 3:00 PM NPT,9295,Swastik Laghubitta Bittiya Sanstha Limited,SWASTIK,58.0,195.0,2000.0,-0.74,2015.0,,1984.6,2000.0,1982.0,387195.4,2026-08-14 14:53:14.281923,10.0,1985.62,,,,,,,,,,,,,,,,7,"price_volume, live_market, summary, top_gainers, top_losers, nepse_index, supply_demand",5576
2026-08-16T13:33:38.194661+05:45,2026-08-16 13:33:38,live_market,live_market_283,True,cloud_automated,Sunday - Trading Hours: 11:00 AM - 3:00 PM NPT,9232,Chirkhwa Hydropower Limited ,CKHL,58.0,2230.0,600.6,-1.54,610.0,,581.0,603.0,581.0,1334520.0,2026-08-14 14:52:06.744031,10.0,598.44,,,,,,,,,,,,,,,,7,"price_volume, live_market, summary, top_gainers, top_losers, nepse_index, supply_demand",5576
2026-08-16T13:33:38.194661+05:45,2026-08-16 13:33:38,live_market,live_market_284,True,cloud_automated,Sunday - Trading Hours: 11:00 AM - 3:00 PM NPT,2826,Gurans Laghubitta Bittiya Sanstha Limited,GLBSL,58.0,275.0,1732.0,-1.42,1757.0,,1757.0,1786.9,1715.0,478086.8,2026-08-14 14:52:01.791066,50.0,1738.5,,,,,,,,,,,,,,,,7,"price_volume, live_market, summary, top_gainers, top_losers, nepse_index, supply_demand",5576
2026-08-16T13:33:38.194661+05:45,2026-08-16 13:33:38,live_market,live_market_285,True,cloud_automated,Sunday - Trading Hours: 11:00 AM - 3:00 PM NPT,9348,Siddhartha Equity Fund 2,SEF2,58.0,12250.0,9.32,2.42,9.1,,9.0,9.32,9.0,112071.5,2026-08-14 14:51:41.146639,100.0,9.15,,,,,,,,,,,,,,,,7,"price_volume, live_market, summary, top_gainers, top_losers, nepse_index, supply_demand",5576
2026-08-16T13:33:38.194661+05:45,2026-08-16 13:33:38,live_market,live_market_286,True,cloud_automated,Sunday - Trading Hours: 11:00 AM - 3:00 PM NPT,8132,Shrijanshil Laghubitta Bittiya Sanstha Limited,SHLB,58.0,50.0,1428.6,2.78,1390.0,,1392.0,1428.6,1392.0,69966.0,2026-08-14 14:51:29.854022,10.0,1399.32,,,,,,,,,,,,,,,,7,"price_volume, live_market, summary, top_gainers, top_losers, nepse_index, supply_demand",5576
2026-08-16T13:33:38.194661+05:45,2026-08-16 13:33:38,live_market,live_market_287,True,cloud_automated,Sunday - Trading Hours: 11:00 AM - 3:00 PM NPT,9158,Molung Hydropower Company Limited,MHCL,58.0,943.0,311.0,-1.43,315.5,,311.0,315.0,310.1,293507.2,2026-08-14 14:49:58.140592,200.0,311.25,,,,,,,,,,,,,,,,7,"price_volume, live_market, summary, top_gainers, top_losers, nepse_index, supply_demand",5576
2026-08-16T13:33:38.194661+05:45,2026-08-16 13:33:38,live_market,live_market_288,True,cloud_automated,Sunday - Trading Hours: 11:00 AM - 3:00 PM NPT,9350,LS Horizon 12,LSH12,58.0,6200.0,9.38,3.88,9.03,,9.0,9.38,9.0,57102.0,2026-08-14 14:49:30.873328,3000.0,9.21,,,,,,,,,,,,,,,,7,"price_volume, live_market, summary, top_gainers, top_losers, nepse_index, supply_demand",5576
2026-08-16T13:33:38.194661+05:45,2026-08-16 13:33:38,live_market,live_market_289,True,cloud_automated,Sunday - Trading Hours: 11:00 AM - 3:00 PM NPT,8023,Mega Mutual Fund -1,MMF1,58.0,3400.0,8.94,-0.67,9.0,,8.73,9.0,8.55,29963.2,2026-08-14 14:49:22.456639,200.0,8.81,,,,,,,,,,,,,,,,7,"price_volume, live_market, summary, top_gainers, top_losers, nepse_index, supply_demand",5576
2026-08-16T13:33:38.194661+05:45,2026-08-16 13:33:38,live_market,live_market_290,True,cloud_automated,Sunday - Trading Hours: 11:00 AM - 3:00 PM NPT,250,Janaki Finance Company Limited,JFL,58.0,4569.0,380.3,-1.71,386.9,,391.0,391.0,380.3,1743986.2,2026-08-14 14:48:15.545766,204.0,381.7,,,,,,,,,,,,,,,,7,"price_volume, live_market, summary, top_gainers, top_losers, nepse_index, supply_demand",5576
2026-08-16T13:33:38.194661+05:45,2026-08-16 13:33:38,live_market,live_market_291,True,cloud_automated,Sunday - Trading Hours: 11:00 AM - 3:00 PM NPT,9254,NMB Hybrid Fund L- II,NMBHF2,58.0,3400.0,9.65,-1.03,9.75,,9.53,9.65,9.53,32783.0,2026-08-14 14:47:59.270429,100.0,9.64,,,,,,,,,,,,,,,,7,"price_volume, live_market, summary, top_gainers, top_losers, nepse_index, supply_demand",5576
2026-08-16T13:33:38.194661+05:45,2026-08-16 13:33:38,live_market,live_market_292,True,cloud_automated,Sunday - Trading Hours: 11:00 AM - 3:00 PM NPT,9182,Siddhartha Investment Growth Scheme 3,SIGS3,58.0,300.0,10.57,-0.75,10.65,,10.56,10.57,10.56,3169.0,2026-08-14 14:47:23.473239,100.0,10.56,,,,,,,,,,,,,,,,7,"price_volume, live_market, summary, top_gainers, top_losers, nepse_index, supply_demand",5576
2026-08-16T13:33:38.194661+05:45,2026-08-16 13:33:38,live_market,live_market_293,True,cloud_automated,Sunday - Trading Hours: 11:00 AM - 3:00 PM NPT,213,Bottlers Nepal (Terai) Limited,BNT,58.0,10.0,11625.0,-2.3,11899.0,,11625.0,11625.0,11625.0,116250.0,2026-08-14 14:47:01.578181,10.0,11625.0,,,,,,,,,,,,,,,,7,"price_volume, live_market, summary, top_gainers, top_losers, nepse_index, supply_demand",5576
2026-08-16T13:33:38.194661+05:45,2026-08-16 13:33:38,live_market,live_market_294,True,cloud_automated,Sunday - Trading Hours: 11:00 AM - 3:00 PM NPT,601,Mithila LaghuBitta Bittiya Sanstha Limited,MLBBL,58.0,795.0,1062.0,-0.05,1062.5,,1047.1,1062.0,1045.0,839085.2,2026-08-14 14:46:34.620934,63.0,1055.45,,,,,,,,,,,,,,,,7,"price_volume, live_market, summary, top_gainers, top_losers, nepse_index, supply_demand",5576
2026-08-16T13:33:38.194661+05:45,2026-08-16 13:33:38,live_market,live_market_295,True,cloud_automated,Sunday - Trading Hours: 11:00 AM - 3:00 PM NPT,8110,10.25% Nepal SBI Bank Debenture 2083,SBID83,58.0,47.0,1050.0,1.44,1035.1,,1066.1,1066.1,1050.0,49833.0,2026-08-14 14:45:37.702362,17.0,1060.28,,,,,,,,,,,,,,,,7,"price_volume, live_market, summary, top_gainers, top_losers, nepse_index, supply_demand",5576
2026-08-16T13:33:38.194661+05:45,2026-08-16 13:33:38,live_market,live_market_296,True,cloud_automated,Sunday - Trading Hours: 11:00 AM - 3:00 PM NPT,2781,Wean Nepal Laghubitta Bittiya Sanstha Limited,WNLB,58.0,293.0,1301.0,-2.33,1332.0,,1300.0,1339.0,1300.0,383769.0,2026-08-14 14:43:22.215056,43.0,1309.79,,,,,,,,,,,,,,,,7,"price_volume, live_market, summary, top_gainers, top_losers, nepse_index, supply_demand",5576
2026-08-16T13:33:38.194661+05:45,2026-08-16 13:33:38,live_market,live_market_297,True,cloud_automated,Sunday - Trading Hours: 11:00 AM - 3:00 PM NPT,8073,NIC Asia Flexi CAP Fund,NICFC,58.0,1300.0,9.1,0.33,9.07,,9.0,9.1,9.0,11772.0,2026-08-14 14:43:18.874945,100.0,9.06,,,,,,,,,,,,,,,,7,"price_volume, live_market, summary, top_gainers, top_losers, nepse_index, supply_demand",5576
2026-08-16T13:33:38.194661+05:45,2026-08-16 13:33:38,live_market,live_market_298,True,cloud_automated,Sunday - Trading Hours: 11:00 AM - 3:00 PM NPT,9138,NIBL Growth Fund,NIBLGF,58.0,700.0,8.86,0.57,8.81,,9.05,9.05,8.82,6242.0,2026-08-14 14:42:37.440008,100.0,8.92,,,,,,,,,,,,,,,,7,"price_volume, live_market, summary, top_gainers, top_losers, nepse_index, supply_demand",5576
2026-08-16T13:33:38.194661+05:45,2026-08-16 13:33:38,live_market,live_market_299,True,cloud_automated,Sunday - Trading Hours: 11:00 AM - 3:00 PM NPT,9248,Garima Samriddhi Yojana,GSY,58.0,3500.0,9.6,2.67,9.35,,9.22,9.63,9.22,33188.0,2026-08-14 14:41:48.341603,1100.0,9.48,,,,,,,,,,,,,,,,7,"price_volume, live_market, summary, top_gainers, top_losers, nepse_index, supply_demand",5576
2026-08-16T13:33:38.194661+05:45,2026-08-16 13:33:38,live_market,live_market_300,True,cloud_automated,Sunday - Trading Hours: 11:00 AM - 3:00 PM NPT,8027,Nabil Debenture 2085,NBLD85,58.0,50.0,1021.7,-0.32,1025.0,,1021.7,1021.7,1021.7,51085.0,2026-08-14 14:40:39.497687,50.0,1021.7,,,,,,,,,,,,,,,,7,"price_volume, live_market, summary, top_gainers, top_losers, nepse_index, supply_demand",5576
2026-08-16T13:33:38.194661+05:45,2026-08-16 13:33:38,live_market,live_market_301,True,cloud_automated,Sunday - Trading Hours: 11:00 AM - 3:00 PM NPT,9218,Trishuli Jal Vidhyut Company Limited ,TVCL,58.0,942.0,475.0,0.61,472.1,,486.2,486.2,470.0,444558.5,2026-08-14 14:39:18.959179,20.0,471.93,,,,,,,,,,,,,,,,7,"price_volume, live_market, summary, top_gainers, top_losers, nepse_index, supply_demand",5576
2026-08-16T13:33:38.194661+05:45,2026-08-16 13:33:38,live_market,live_market_302,True,cloud_automated,Sunday - Trading Hours: 11:00 AM - 3:00 PM NPT,9139,Sanima Growth Fund,SAGF,58.0,1200.0,10.0,2.04,9.8,,9.56,10.0,9.56,11881.0,2026-08-14 14:38:16.643048,100.0,9.9,,,,,,,,,,,,,,,,7,"price_volume, live_market, summary, top_gainers, top_losers, nepse_index, supply_demand",5576
2026-08-16T13:33:38.194661+05:45,2026-08-16 13:33:38,live_market,live_market_303,True,cloud_automated,Sunday - Trading Hours: 11:00 AM - 3:00 PM NPT,9154,Sunrise Focused Equity Fund,SFEF,58.0,1000.0,10.1,2.96,9.81,,9.61,10.1,9.61,10006.0,2026-08-14 14:37:23.834991,500.0,10.01,,,,,,,,,,,,,,,,7,"price_volume, live_market, summary, top_gainers, top_losers, nepse_index, supply_demand",5576
2026-08-16T13:33:38.194661+05:45,2026-08-16 13:33:38,live_market,live_market_304,True,cloud_automated,Sunday - Trading Hours: 11:00 AM - 3:00 PM NPT,2784,Nadep Laghubittiya bittya Sanstha Ltd.,NADEP,58.0,295.0,715.0,0.56,711.0,,732.3,754.0,715.0,214353.0,2026-08-14 14:35:32.559829,20.0,726.62,,,,,,,,,,,,,,,,7,"price_volume, live_market, summary, top_gainers, top_losers, nepse_index, supply_demand",5576
2026-08-16T13:33:38.194661+05:45,2026-08-16 13:33:38,live_market,live_market_305,True,cloud_automated,Sunday - Trading Hours: 11:00 AM - 3:00 PM NPT,2867,NMB 50,NMB50,58.0,539.0,10.37,-0.38,10.41,,10.36,10.37,10.36,5588.24,2026-08-14 14:34:03.934447,420.0,10.37,,,,,,,,,,,,,,,,7,"price_volume, live_market, summary, top_gainers, top_losers, nepse_index, supply_demand",5576
2026-08-16T13:33:38.194661+05:45,2026-08-16 13:33:38,live_market,live_market_306,True,cloud_automated,Sunday - Trading Hours: 11:00 AM - 3:00 PM NPT,8106,Global IME Balanced Fund-1,GIBF1,58.0,1000.0,10.69,-1.02,10.8,,10.5,10.69,10.5,10651.0,2026-08-14 14:34:00.918785,100.0,10.65,,,,,,,,,,,,,,,,7,"price_volume, live_market, summary, top_gainers, top_losers, nepse_index, supply_demand",5576
2026-08-16T13:33:38.194661+05:45,2026-08-16 13:33:38,live_market,live_market_307,True,cloud_automated,Sunday - Trading Hours: 11:00 AM - 3:00 PM NPT,9259,Reliable Samriddhi Yojana,RSY,58.0,1300.0,10.5,0.0,10.5,,10.39,10.5,10.39,13589.0,2026-08-14 14:33:02.341283,500.0,10.45,,,,,,,,,,,,,,,,7,"price_volume, live_market, summary, top_gainers, top_losers, nepse_index, supply_demand",5576
2026-08-16T13:33:38.194661+05:45,2026-08-16 13:33:38,live_market,live_market_308,True,cloud_automated,Sunday - Trading Hours: 11:00 AM - 3:00 PM NPT,149,Oriental Hotels Limited,OHL,58.0,990.0,669.0,0.15,668.0,,660.1,670.0,655.1,651644.0,2026-08-14 14:26:54.639348,20.0,658.23,,,,,,,,,,,,,,,,7,"price_volume, live_market, summary, top_gainers, top_losers, nepse_index, supply_demand",5576
2026-08-16T13:33:38.194661+05:45,2026-08-16 13:33:38,live_market,live_market_309,True,cloud_automated,Sunday - Trading Hours: 11:00 AM - 3:00 PM NPT,9271,7.25% SBL Debenture 2091,SBLD2091,58.0,25.0,1062.0,3.0,1031.1,,1062.0,1062.0,1062.0,26550.0,2026-08-14 14:23:01.352429,25.0,1062.0,,,,,,,,,,,,,,,,7,"price_volume, live_market, summary, top_gainers, top_losers, nepse_index, supply_demand",5576
2026-08-16T13:33:38.194661+05:45,2026-08-16 13:33:38,live_market,live_market_310,True,cloud_automated,Sunday - Trading Hours: 11:00 AM - 3:00 PM NPT,9168,"Global IME Bank Debenture, 2084/85",GBILD84/85,58.0,40.0,1101.1,-0.17,1103.0,,1101.0,1101.1,1101.0,44041.0,2026-08-14 14:22:00.620114,10.0,1101.03,,,,,,,,,,,,,,,,7,"price_volume, live_market, summary, top_gainers, top_losers, nepse_index, supply_demand",5576
2026-08-16T13:33:38.194661+05:45,2026-08-16 13:33:38,live_market,live_market_311,True,cloud_automated,Sunday - Trading Hours: 11:00 AM - 3:00 PM NPT,9178,RBB Mutual Fund 2,RMF2,58.0,5300.0,10.1,0.0,10.1,,10.1,10.1,10.07,53527.0,2026-08-14 14:21:05.162251,100.0,10.1,,,,,,,,,,,,,,,,7,"price_volume, live_market, summary, top_gainers, top_losers, nepse_index, supply_demand",5576
2026-08-16T13:33:38.194661+05:45,2026-08-16 13:33:38,live_market,live_market_312,True,cloud_automated,Sunday - Trading Hours: 11:00 AM - 3:00 PM NPT,9286,Shine Resunga Debenture,SHINED,58.0,25.0,1081.0,-0.83,1090.0,,1081.0,1081.0,1081.0,27025.0,2026-08-14 14:18:14.892513,25.0,1081.0,,,,,,,,,,,,,,,,7,"price_volume, live_market, summary, top_gainers, top_losers, nepse_index, supply_demand",5576
2026-08-16T13:33:38.194661+05:45,2026-08-16 13:33:38,live_market,live_market_313,True,cloud_automated,Sunday - Trading Hours: 11:00 AM - 3:00 PM NPT,9327,8% ICFC Finance Limited Debenture 2089,ICFCD89,58.0,100.0,1092.0,0.0,1092.0,,1080.0,1092.0,1080.0,108775.0,2026-08-14 14:17:32.337829,25.0,1087.75,,,,,,,,,,,,,,,,7,"price_volume, live_market, summary, top_gainers, top_losers, nepse_index, supply_demand",5576
2026-08-16T13:33:38.194661+05:45,2026-08-16 13:33:38,live_market,live_market_314,True,cloud_automated,Sunday - Trading Hours: 11:00 AM - 3:00 PM NPT,8063,Upakar Laghubitta Bittiya Sanstha Limited,ULBSL,58.0,200.0,2745.0,-0.11,2748.0,,2625.0,2769.0,2625.0,540858.7,2026-08-14 14:16:45.001204,10.0,2704.29,,,,,,,,,,,,,,,,7,"price_volume, live_market, summary, top_gainers, top_losers, nepse_index, supply_demand",5576
2026-08-16T13:33:38.194661+05:45,2026-08-16 13:33:38,live_market,live_market_315,True,cloud_automated,Sunday - Trading Hours: 11:00 AM - 3:00 PM NPT,9353,Sarvottam Paints Industries Limited,SAPIL,58.0,60.0,396.7,14.99,345.0,,348.4,396.7,348.4,22458.0,2026-08-14 14:15:25.073454,10.0,374.3,,,,,,,,,,,,,,,,7,"price_volume, live_market, summary, top_gainers, top_losers, nepse_index, supply_demand",5576
2026-08-16T13:33:38.194661+05:45,2026-08-16 13:33:38,live_market,live_market_316,True,cloud_automated,Sunday - Trading Hours: 11:00 AM - 3:00 PM NPT,8004,Global IME Bank Limited Debenture 2086/87,GBILD86/87,58.0,150.0,1060.9,-0.39,1065.1,,1061.3,1061.3,1060.5,159153.3,2026-08-14 14:14:07.264905,24.0,1061.02,,,,,,,,,,,,,,,,7,"price_volume, live_market, summary, top_gainers, top_losers, nepse_index, supply_demand",5576
2026-08-16T13:33:38.194661+05:45,2026-08-16 13:33:38,live_market,live_market_317,True,cloud_automated,Sunday - Trading Hours: 11:00 AM - 3:00 PM NPT,2850,10 % NMB DEBENTURE 2085,NMBD2085,58.0,25.0,1136.0,0.18,1134.0,,1136.0,1136.0,1136.0,28400.0,2026-08-14 14:07:00.788843,25.0,1136.0,,,,,,,,,,,,,,,,7,"price_volume, live_market, summary, top_gainers, top_losers, nepse_index, supply_demand",5576
2026-08-16T13:33:38.194661+05:45,2026-08-16 13:33:38,live_market,live_market_318,True,cloud_automated,Sunday - Trading Hours: 11:00 AM - 3:00 PM NPT,9299,7% Nabil Debenture 2089,NABILD2089,58.0,1507.0,1070.0,0.18,1068.1,,1060.0,1087.3,1060.0,1630750.8,2026-08-14 14:04:54.384391,80.0,1082.12,,,,,,,,,,,,,,,,7,"price_volume, live_market, summary, top_gainers, top_losers, nepse_index, supply_demand",5576
2026-08-16T13:33:38.194661+05:45,2026-08-16 13:33:38,live_market,live_market_319,True,cloud_automated,Sunday - Trading Hours: 11:00 AM - 3:00 PM NPT,9221,Himalayan 80-20,H8020,58.0,300.0,11.8,0.0,11.8,,11.8,11.8,11.8,3540.0,2026-08-14 14:02:31.735589,100.0,11.8,,,,,,,,,,,,,,,,7,"price_volume, live_market, summary, top_gainers, top_losers, nepse_index, supply_demand",5576
2026-08-16T13:33:38.194661+05:45,2026-08-16 13:33:38,live_market,live_market_320,True,cloud_automated,Sunday - Trading Hours: 11:00 AM - 3:00 PM NPT,2923,Sanima Large Cap Fund,SLCF,58.0,6977.0,9.7,-3.0,10.0,,10.25,10.3,9.7,70850.06,2026-08-14 14:01:34.095536,900.0,10.15,,,,,,,,,,,,,,,,7,"price_volume, live_market, summary, top_gainers, top_losers, nepse_index, supply_demand",5576
2026-08-16T13:33:38.194661+05:45,2026-08-16 13:33:38,live_market,live_market_321,True,cloud_automated,Sunday - Trading Hours: 11:00 AM - 3:00 PM NPT,2931,8.5% Nepal Investment Bank Debenture 2084,NIBD84,58.0,50.0,1034.1,0.37,1030.3,,1030.0,1034.1,1030.0,51602.5,2026-08-14 13:59:52.167969,25.0,1032.05,,,,,,,,,,,,,,,,7,"price_volume, live_market, summary, top_gainers, top_losers, nepse_index, supply_demand",5576
2026-08-16T13:33:38.194661+05:45,2026-08-16 13:33:38,live_market,live_market_322,True,cloud_automated,Sunday - Trading Hours: 11:00 AM - 3:00 PM NPT,9174,Prabhu Smart Fund,PRSF,58.0,200.0,12.72,-0.78,12.82,,12.72,12.72,12.72,2544.0,2026-08-14 13:59:37.780995,100.0,12.72,,,,,,,,,,,,,,,,7,"price_volume, live_market, summary, top_gainers, top_losers, nepse_index, supply_demand",5576
2026-08-16T13:33:38.194661+05:45,2026-08-16 13:33:38,live_market,live_market_323,True,cloud_automated,Sunday - Trading Hours: 11:00 AM - 3:00 PM NPT,9264,7% RBBL Debenture 2088,RBBD2088,58.0,25.0,1053.0,0.0,1053.0,,1053.0,1053.0,1053.0,26325.0,2026-08-14 13:57:30.540023,25.0,1053.0,,,,,,,,,,,,,,,,7,"price_volume, live_market, summary, top_gainers, top_losers, nepse_index, supply_demand",5576
2026-08-16T13:33:38.194661+05:45,2026-08-16 13:33:38,live_market,live_market_324,True,cloud_automated,Sunday - Trading Hours: 11:00 AM - 3:00 PM NPT,9255,Everest Bank Limited Debenture 2091,EBLD91,58.0,50.0,1062.0,1.04,1051.1,,1065.0,1065.0,1062.0,53175.0,2026-08-14 13:56:39.715104,25.0,1063.5,,,,,,,,,,,,,,,,7,"price_volume, live_market, summary, top_gainers, top_losers, nepse_index, supply_demand",5576
2026-08-16T13:33:38.194661+05:45,2026-08-16 13:33:38,live_market,live_market_325,True,cloud_automated,Sunday - Trading Hours: 11:00 AM - 3:00 PM NPT,2882,12% ICFC Finance Limited Debenture 2083,ICFCD83,58.0,26.0,1032.0,-1.62,1049.0,,1032.0,1032.0,1032.0,26832.0,2026-08-14 13:53:46.784603,1.0,1032.0,,,,,,,,,,,,,,,,7,"price_volume, live_market, summary, top_gainers, top_losers, nepse_index, supply_demand",5576
2026-08-16T13:33:38.194661+05:45,2026-08-16 13:33:38,live_market,live_market_326,True,cloud_automated,Sunday - Trading Hours: 11:00 AM - 3:00 PM NPT,693,Himalayan Laghubitta Bittiya Sanstha Limited,HLBSL,58.0,294.0,856.1,-2.61,879.0,,865.0,865.0,853.0,251325.0,2026-08-14 13:46:00.964351,3.0,854.85,,,,,,,,,,,,,,,,7,"price_volume, live_market, summary, top_gainers, top_losers, nepse_index, supply_demand",5576
2026-08-16T13:33:38.194661+05:45,2026-08-16 13:33:38,live_market,live_market_327,True,cloud_automated,Sunday - Trading Hours: 11:00 AM - 3:00 PM NPT,9257,MBL Equity Fund,MBLEF,58.0,2000.0,10.38,-1.24,10.51,,10.4,10.4,10.36,20748.0,2026-08-14 13:41:15.219047,100.0,10.37,,,,,,,,,,,,,,,,7,"price_volume, live_market, summary, top_gainers, top_losers, nepse_index, supply_demand",5576
2026-08-16T13:33:38.194661+05:45,2026-08-16 13:33:38,live_market,live_market_328,True,cloud_automated,Sunday - Trading Hours: 11:00 AM - 3:00 PM NPT,2864,10.25% SBL Debenture 2083,SBLD83,58.0,900.0,1006.2,-3.06,1038.0,,1007.0,1007.0,1005.0,905460.0,2026-08-14 13:40:29.926673,300.0,1006.07,,,,,,,,,,,,,,,,7,"price_volume, live_market, summary, top_gainers, top_losers, nepse_index, supply_demand",5576
2026-08-16T13:33:38.194661+05:45,2026-08-16 13:33:38,live_market,live_market_329,True,cloud_automated,Sunday - Trading Hours: 11:00 AM - 3:00 PM NPT,9269,Global IME Sammunat Yojana -2,GBIMESY2,58.0,700.0,9.0,0.0,9.0,,9.0,9.0,8.94,6294.0,2026-08-14 13:37:06.284347,100.0,8.99,,,,,,,,,,,,,,,,7,"price_volume, live_market, summary, top_gainers, top_losers, nepse_index, supply_demand",5576
2026-08-16T13:33:38.194661+05:45,2026-08-16 13:33:38,live_market,live_market_330,True,cloud_automated,Sunday - Trading Hours: 11:00 AM - 3:00 PM NPT,9191,Citizens Super 30 Mutual Fund,C30MF,58.0,200.0,10.03,0.3,10.0,,10.0,10.03,10.0,2003.0,2026-08-14 13:35:04.068575,100.0,10.02,,,,,,,,,,,,,,,,7,"price_volume, live_market, summary, top_gainers, top_losers, nepse_index, supply_demand",5576
2026-08-16T13:33:38.194661+05:45,2026-08-16 13:33:38,live_market,live_market_331,True,cloud_automated,Sunday - Trading Hours: 11:00 AM - 3:00 PM NPT,4949,NIBL Samriddhi Fund -2,NIBSF2,58.0,1290.0,9.0,1.69,8.85,,9.05,9.05,8.8,11515.0,2026-08-14 13:28:56.512245,190.0,8.93,,,,,,,,,,,,,,,,7,"price_volume, live_market, summary, top_gainers, top_losers, nepse_index, supply_demand",5576
2026-08-16T13:33:38.194661+05:45,2026-08-16 13:33:38,live_market,live_market_332,True,cloud_automated,Sunday - Trading Hours: 11:00 AM - 3:00 PM NPT,9244,NIBL Stable Fund,NIBLSTF,58.0,118351.0,8.57,0.12,8.56,,8.81,8.98,8.57,1055374.58,2026-08-14 13:27:29.885183,100.0,8.92,,,,,,,,,,,,,,,,7,"price_volume, live_market, summary, top_gainers, top_losers, nepse_index, supply_demand",5576
2026-08-16T13:33:38.194661+05:45,2026-08-16 13:33:38,live_market,live_market_333,True,cloud_automated,Sunday - Trading Hours: 11:00 AM - 3:00 PM NPT,9198,Laxmi Value Fund 2,LVF2,58.0,700.0,9.13,0.22,9.11,,9.13,9.13,9.13,6391.0,2026-08-14 13:26:22.2076,100.0,9.13,,,,,,,,,,,,,,,,7,"price_volume, live_market, summary, top_gainers, top_losers, nepse_index, supply_demand",5576
2026-08-16T13:33:38.194661+05:45,2026-08-16 13:33:38,live_market,live_market_334,True,cloud_automated,Sunday - Trading Hours: 11:00 AM - 3:00 PM NPT,2886,10.35% Agricultural Bank Debenture 2083,ADBLD83,58.0,49.0,1015.0,-0.98,1025.0,,1015.0,1015.0,1015.0,49735.0,2026-08-14 13:14:57.665636,49.0,1015.0,,,,,,,,,,,,,,,,7,"price_volume, live_market, summary, top_gainers, top_losers, nepse_index, supply_demand",5576
2026-08-16T13:33:38.194661+05:45,2026-08-16 13:33:38,live_market,live_market_335,True,cloud_automated,Sunday - Trading Hours: 11:00 AM - 3:00 PM NPT,9245,Muktinath Mutual Fund 1,MNMF1,58.0,10400.0,9.69,2.0,9.5,,9.5,9.69,9.5,100710.0,2026-08-14 12:56:39.095114,10000.0,9.68,,,,,,,,,,,,,,,,7,"price_volume, live_market, summary, top_gainers, top_losers, nepse_index, supply_demand",5576
2026-08-16T13:33:38.194661+05:45,2026-08-16 13:33:38,live_market,live_market_336,True,cloud_automated,Sunday - Trading Hours: 11:00 AM - 3:00 PM NPT,4959,8.5% Nepal Bank Debenture 2087,NBLD87,58.0,27.0,1080.0,0.0,1080.0,,1080.0,1080.0,1080.0,29160.0,2026-08-14 12:53:09.211174,27.0,1080.0,,,,,,,,,,,,,,,,7,"price_volume, live_market, summary, top_gainers, top_losers, nepse_index, supply_demand",5576
2026-08-16T13:33:38.194661+05:45,2026-08-16 13:33:38,live_market,live_market_337,True,cloud_automated,Sunday - Trading Hours: 11:00 AM - 3:00 PM NPT,9241,Kumari Sabal Yojana,KSY,58.0,200.0,9.11,-2.04,9.3,,9.11,9.11,9.11,1822.0,2026-08-14 12:51:03.263826,200.0,9.11,,,,,,,,,,,,,,,,7,"price_volume, live_market, summary, top_gainers, top_losers, nepse_index, supply_demand",5576
2026-08-16T13:33:38.194661+05:45,2026-08-16 13:33:38,live_market,live_market_338,True,cloud_automated,Sunday - Trading Hours: 11:00 AM - 3:00 PM NPT,2868,10.25% NIC Asia Debenture 2083/84,NICD83/84,58.0,950.0,1005.3,-3.06,1037.0,,1015.0,1015.0,1005.0,955965.0,2026-08-14 12:47:58.573691,200.0,1006.28,,,,,,,,,,,,,,,,7,"price_volume, live_market, summary, top_gainers, top_losers, nepse_index, supply_demand",5576
2026-08-16T13:33:38.194661+05:45,2026-08-16 13:33:38,live_market,live_market_339,True,cloud_automated,Sunday - Trading Hours: 11:00 AM - 3:00 PM NPT,6985,Shangri-la Development Bank Debenture 2087,SDBD87,58.0,12.0,1167.7,-5.91,1241.0,,1203.8,1203.8,1203.8,14373.4,2026-08-14 12:37:17.949664,2.0,1197.78,,,,,,,,,,,,,,,,7,"price_volume, live_market, summary, top_gainers, top_losers, nepse_index, supply_demand",5576
2026-08-16T13:33:38.194661+05:45,2026-08-16 13:33:38,live_market,live_market_340,True,cloud_automated,Sunday - Trading Hours: 11:00 AM - 3:00 PM NPT,700,Himalayan Everest Insurance Limited Promoter,HEIP,58.0,10.0,320.1,-3.0,330.0,,320.1,320.1,320.1,3201.0,2026-08-14 12:17:27.124576,10.0,320.1,,,,,,,,,,,,,,,,7,"price_volume, live_market, summary, top_gainers, top_losers, nepse_index, supply_demand",5576
2026-08-16T13:33:38.194661+05:45,2026-08-16 13:33:38,live_market,live_market_341,True,cloud_automated,Sunday - Trading Hours: 11:00 AM - 3:00 PM NPT,8097,10% Prime Debenture 2088,PBD88,58.0,25.0,1170.0,-2.5,1200.0,,1170.0,1170.0,1170.0,29250.0,2026-08-14 12:14:13.771634,25.0,1170.0,,,,,,,,,,,,,,,,7,"price_volume, live_market, summary, top_gainers, top_losers, nepse_index, supply_demand",5576
2026-08-16T13:33:38.194661+05:45,2026-08-16 13:33:38,live_market,live_market_342,True,cloud_automated,Sunday - Trading Hours: 11:00 AM - 3:00 PM NPT,8030,Agricultural Bond (9 Year),ADBLB87,58.0,700000.0,1016.0,0.0,0.0,,1000.0,1016.0,1000.0,708799000.0,2026-08-14 11:11:25.391034,100000.0,1012.57,,,,,,,,,,,,,,,,7,"price_volume, live_market, summary, top_gainers, top_losers, nepse_index, supply_demand",5576
2026-08-16T13:33:38.194661+05:45,2026-08-16 13:33:38,live_market,live_market_343,True,cloud_automated,Sunday - Trading Hours: 11:00 AM - 3:00 PM NPT,511,Global IME Bank Ltd. Promoter Share,GBIMEP,58.0,64721.0,100.0,0.0,100.0,,100.0,100.0,100.0,6472100.0,2026-08-14 11:03:17.404326,64721.0,100.0,,,,,,,,,,,,,,,,7,"price_volume, live_market, summary, top_gainers, top_losers, nepse_index, supply_demand",5576
2026-08-16T13:33:38.194661+05:45,2026-08-16 13:33:38,live_market,live_market_344,True,cloud_automated,Sunday - Trading Hours: 11:00 AM - 3:00 PM NPT,2875,10.25% Prabhu Bank  Debenture 2086,PBLD86,58.0,2.0,1102.0,-2.56,1131.0,,1131.0,1131.0,1131.0,2204.0,2026-08-14 11:02:11.444407,2.0,1102.0,,,,,,,,,,,,,,,,7,"price_volume, live_market, summary, top_gainers, top_losers, nepse_index, supply_demand",5576
2026-08-16T13:33:38.194661+05:45,2026-08-16 13:33:38,summary,summary_summary,True,cloud_automated,Sunday - Trading Hours: 11:00 AM - 3:00 PM NPT,,,,,,,,,,,,,,,,,4275675402.84,9754403.0,43060.0,344.0,4547752716645.5,1536968990223.8,,,,,,,,,,7,"price_volume, live_market, summary, top_gainers, top_losers, nepse_index, supply_demand",5576
2026-08-16T13:33:38.194661+05:45,2026-08-16 13:33:38,top_gainers,top_gainers_1,True,cloud_automated,Sunday - Trading Hours: 11:00 AM - 3:00 PM NPT,9352,Mount Everest Power Development Limited,MEPDL,,,,15.0,,,,,,,,,,,,,,,,456.2,456.2,59.5,,,,,,,7,"price_volume, live_market, summary, top_gainers, top_losers, nepse_index, supply_demand",5576
2026-08-16T13:33:38.194661+05:45,2026-08-16 13:33:38,top_gainers,top_gainers_2,True,cloud_automated,Sunday - Trading Hours: 11:00 AM - 3:00 PM NPT,9353,Sarvottam Paints Industries Limited,SAPIL,,,,14.99,,,,,,,,,,,,,,,,396.7,396.7,51.7,,,,,,,7,"price_volume, live_market, summary, top_gainers, top_losers, nepse_index, supply_demand",5576
2026-08-16T13:33:38.194661+05:45,2026-08-16 13:33:38,top_gainers,top_gainers_3,True,cloud_automated,Sunday - Trading Hours: 11:00 AM - 3:00 PM NPT,2751,Khanikhola Hydropower Co. Ltd.,KKHC,,,,10.09,,,,,,,,,,,,,,,,352.3,352.3,32.3,,,,,,,7,"price_volume, live_market, summary, top_gainers, top_losers, nepse_index, supply_demand",5576
2026-08-16T13:33:38.194661+05:45,2026-08-16 13:33:38,top_gainers,top_gainers_4,True,cloud_automated,Sunday - Trading Hours: 11:00 AM - 3:00 PM NPT,490,First Micro Finance Laghubitta Bittiya Sanstha Limited,FMDBL,,,,6.96,,,,,,,,,,,,,,,,830.0,830.0,54.0,,,,,,,7,"price_volume, live_market, summary, top_gainers, top_losers, nepse_index, supply_demand",5576
2026-08-16T13:33:38.194661+05:45,2026-08-16 13:33:38,top_gainers,top_gainers_5,True,cloud_automated,Sunday - Trading Hours: 11:00 AM - 3:00 PM NPT,9267,Bikash Hydropower Company Limited,BHCL,,,,6.86,,,,,,,,,,,,,,,,522.1,522.1,33.5,,,,,,,7,"price_volume, live_market, summary, top_gainers, top_losers, nepse_index, supply_demand",5576
2026-08-16T13:33:38.194661+05:45,2026-08-16 13:33:38,top_gainers,top_gainers_6,True,cloud_automated,Sunday - Trading Hours: 11:00 AM - 3:00 PM NPT,9236,NIC ASIA Growth Fund-2,NICGF2,,,,5.67,,,,,,,,,,,,,,,,9.5,9.5,0.51,,,,,,,7,"price_volume, live_market, summary, top_gainers, top_losers, nepse_index, supply_demand",5576
2026-08-16T13:33:38.194661+05:45,2026-08-16 13:33:38,top_gainers,top_gainers_7,True,cloud_automated,Sunday - Trading Hours: 11:00 AM - 3:00 PM NPT,8065,CYC Nepal Laghubitta Bittiya Sanstha Limited,CYCL,,,,4.23,,,,,,,,,,,,,,,,1355.0,1355.0,55.0,,,,,,,7,"price_volume, live_market, summary, top_gainers, top_losers, nepse_index, supply_demand",5576
2026-08-16T13:33:38.194661+05:45,2026-08-16 13:33:38,top_gainers,top_gainers_8,True,cloud_automated,Sunday - Trading Hours: 11:00 AM - 3:00 PM NPT,9324,Ridge Line Energy Limited,RLEL,,,,4.09,,,,,,,,,,,,,,,,890.0,890.0,35.0,,,,,,,7,"price_volume, live_market, summary, top_gainers, top_losers, nepse_index, supply_demand",5576
2026-08-16T13:33:38.194661+05:45,2026-08-16 13:33:38,top_gainers,top_gainers_9,True,cloud_automated,Sunday - Trading Hours: 11:00 AM - 3:00 PM NPT,9350,LS Horizon 12,LSH12,,,,3.88,,,,,,,,,,,,,,,,9.38,9.38,0.35,,,,,,,7,"price_volume, live_market, summary, top_gainers, top_losers, nepse_index, supply_demand",5576
2026-08-16T13:33:38.194661+05:45,2026-08-16 13:33:38,top_gainers,top_gainers_10,True,cloud_automated,Sunday - Trading Hours: 11:00 AM - 3:00 PM NPT,9147,Shuvam Power Limited,SPL,,,,3.04,,,,,,,,,,,,,,,,658.0,658.0,19.4,,,,,,,7,"price_volume, live_market, summary, top_gainers, top_losers, nepse_index, supply_demand",5576
2026-08-16T13:33:38.194661+05:45,2026-08-16 13:33:38,top_gainers,top_gainers_11,True,cloud_automated,Sunday - Trading Hours: 11:00 AM - 3:00 PM NPT,9271,7.25% SBL Debenture 2091,SBLD2091,,,,3.0,,,,,,,,,,,,,,,,1062.0,1062.0,30.9,,,,,,,7,"price_volume, live_market, summary, top_gainers, top_losers, nepse_index, supply_demand",5576
2026-08-16T13:33:38.194661+05:45,2026-08-16 13:33:38,top_gainers,top_gainers_12,True,cloud_automated,Sunday - Trading Hours: 11:00 AM - 3:00 PM NPT,9154,Sunrise Focused Equity Fund,SFEF,,,,2.96,,,,,,,,,,,,,,,,10.1,10.1,0.29,,,,,,,7,"price_volume, live_market, summary, top_gainers, top_losers, nepse_index, supply_demand",5576
2026-08-16T13:33:38.194661+05:45,2026-08-16 13:33:38,top_gainers,top_gainers_13,True,cloud_automated,Sunday - Trading Hours: 11:00 AM - 3:00 PM NPT,8132,Shrijanshil Laghubitta Bittiya Sanstha Limited,SHLB,,,,2.78,,,,,,,,,,,,,,,,1428.6,1428.6,38.6,,,,,,,7,"price_volume, live_market, summary, top_gainers, top_losers, nepse_index, supply_demand",5576
2026-08-16T13:33:38.194661+05:45,2026-08-16 13:33:38,top_gainers,top_gainers_14,True,cloud_automated,Sunday - Trading Hours: 11:00 AM - 3:00 PM NPT,2903,Liberty Energy Company Limited,LEC,,,,2.76,,,,,,,,,,,,,,,,230.7,230.7,6.2,,,,,,,7,"price_volume, live_market, summary, top_gainers, top_losers, nepse_index, supply_demand",5576
2026-08-16T13:33:38.194661+05:45,2026-08-16 13:33:38,top_gainers,top_gainers_15,True,cloud_automated,Sunday - Trading Hours: 11:00 AM - 3:00 PM NPT,9212,Mandu Hydropower Limited,MANDU,,,,2.71,,,,,,,,,,,,,,,,833.9,833.9,22.0,,,,,,,7,"price_volume, live_market, summary, top_gainers, top_losers, nepse_index, supply_demand",5576
2026-08-16T13:33:38.194661+05:45,2026-08-16 13:33:38,top_gainers,top_gainers_16,True,cloud_automated,Sunday - Trading Hours: 11:00 AM - 3:00 PM NPT,9248,Garima Samriddhi Yojana,GSY,,,,2.67,,,,,,,,,,,,,,,,9.6,9.6,0.25,,,,,,,7,"price_volume, live_market, summary, top_gainers, top_losers, nepse_index, supply_demand",5576
2026-08-16T13:33:38.194661+05:45,2026-08-16 13:33:38,top_gainers,top_gainers_17,True,cloud_automated,Sunday - Trading Hours: 11:00 AM - 3:00 PM NPT,8034,Emerging Nepal Limited,ENL,,,,2.51,,,,,,,,,,,,,,,,823.9,823.9,20.2,,,,,,,7,"price_volume, live_market, summary, top_gainers, top_losers, nepse_index, supply_demand",5576
2026-08-16T13:33:38.194661+05:45,2026-08-16 13:33:38,top_gainers,top_gainers_18,True,cloud_automated,Sunday - Trading Hours: 11:00 AM - 3:00 PM NPT,9287,Mabilung Energy Limited,MABEL,,,,2.42,,,,,,,,,,,,,,,,604.9,604.9,14.3,,,,,,,7,"price_volume, live_market, summary, top_gainers, top_losers, nepse_index, supply_demand",5576
2026-08-16T13:33:38.194661+05:45,2026-08-16 13:33:38,top_gainers,top_gainers_19,True,cloud_automated,Sunday - Trading Hours: 11:00 AM - 3:00 PM NPT,9348,Siddhartha Equity Fund 2,SEF2,,,,2.42,,,,,,,,,,,,,,,,9.32,9.32,0.22,,,,,,,7,"price_volume, live_market, summary, top_gainers, top_losers, nepse_index, supply_demand",5576
2026-08-16T13:33:38.194661+05:45,2026-08-16 13:33:38,top_gainers,top_gainers_20,True,cloud_automated,Sunday - Trading Hours: 11:00 AM - 3:00 PM NPT,2746,National Laghubitta Bittiya Sanstha Limited,NMFBS,,,,2.36,,,,,,,,,,,,,,,,1135.0,1135.0,26.2,,,,,,,7,"price_volume, live_market, summary, top_gainers, top_losers, nepse_index, supply_demand",5576
2026-08-16T13:33:38.194661+05:45,2026-08-16 13:33:38,top_gainers,top_gainers_21,True,cloud_automated,Sunday - Trading Hours: 11:00 AM - 3:00 PM NPT,9290,HLI Large Cap Fund,HLICF,,,,2.26,,,,,,,,,,,,,,,,8.6,8.6,0.19,,,,,,,7,"price_volume, live_market, summary, top_gainers, top_losers, nepse_index, supply_demand",5576
2026-08-16T13:33:38.194661+05:45,2026-08-16 13:33:38,top_gainers,top_gainers_22,True,cloud_automated,Sunday - Trading Hours: 11:00 AM - 3:00 PM NPT,2769,Nepal Hydro Developers Ltd.,NHDL,,,,2.21,,,,,,,,,,,,,,,,637.0,637.0,13.8,,,,,,,7,"price_volume, live_market, summary, top_gainers, top_losers, nepse_index, supply_demand",5576
2026-08-16T13:33:38.194661+05:45,2026-08-16 13:33:38,top_gainers,top_gainers_23,True,cloud_automated,Sunday - Trading Hours: 11:00 AM - 3:00 PM NPT,9166,Makar Jitumaya Suri Hydropower Limited,MAKAR,,,,2.19,,,,,,,,,,,,,,,,420.0,420.0,9.0,,,,,,,7,"price_volume, live_market, summary, top_gainers, top_losers, nepse_index, supply_demand",5576
2026-08-16T13:33:38.194661+05:45,2026-08-16 13:33:38,top_gainers,top_gainers_24,True,cloud_automated,Sunday - Trading Hours: 11:00 AM - 3:00 PM NPT,705,Global IME Laghubitta Bittiya Sanstha Ltd.,GILB,,,,2.14,,,,,,,,,,,,,,,,1133.7,1133.7,23.7,,,,,,,7,"price_volume, live_market, summary, top_gainers, top_losers, nepse_index, supply_demand",5576
2026-08-16T13:33:38.194661+05:45,2026-08-16 13:33:38,top_gainers,top_gainers_25,True,cloud_automated,Sunday - Trading Hours: 11:00 AM - 3:00 PM NPT,307,Nepal Doorsanchar Company Limited,NTC,,,,2.08,,,,,,,,,,,,,,,,883.0,883.0,18.0,,,,,,,7,"price_volume, live_market, summary, top_gainers, top_losers, nepse_index, supply_demand",5576
2026-08-16T13:33:38.194661+05:45,2026-08-16 13:33:38,top_gainers,top_gainers_26,True,cloud_automated,Sunday - Trading Hours: 11:00 AM - 3:00 PM NPT,9139,Sanima Growth Fund,SAGF,,,,2.04,,,,,,,,,,,,,,,,10.0,10.0,0.2,,,,,,,7,"price_volume, live_market, summary, top_gainers, top_losers, nepse_index, supply_demand",5576
2026-08-16T13:33:38.194661+05:45,2026-08-16 13:33:38,top_gainers,top_gainers_27,True,cloud_automated,Sunday - Trading Hours: 11:00 AM - 3:00 PM NPT,9245,Muktinath Mutual Fund 1,MNMF1,,,,2.0,,,,,,,,,,,,,,,,9.69,9.69,0.19,,,,,,,7,"price_volume, live_market, summary, top_gainers, top_losers, nepse_index, supply_demand",5576
2026-08-16T13:33:38.194661+05:45,2026-08-16 13:33:38,top_gainers,top_gainers_28,True,cloud_automated,Sunday - Trading Hours: 11:00 AM - 3:00 PM NPT,2829,Swabhimaan Laghubitta Bittiya Sanstha Limited,SMFBS,,,,1.86,,,,,,,,,,,,,,,,1477.0,1477.0,27.0,,,,,,,7,"price_volume, live_market, summary, top_gainers, top_losers, nepse_index, supply_demand",5576
2026-08-16T13:33:38.194661+05:45,2026-08-16 13:33:38,top_gainers,top_gainers_29,True,cloud_automated,Sunday - Trading Hours: 11:00 AM - 3:00 PM NPT,9209,Citizen Life Insurance Company Limited,CLI,,,,1.85,,,,,,,,,,,,,,,,440.0,440.0,8.0,,,,,,,7,"price_volume, live_market, summary, top_gainers, top_losers, nepse_index, supply_demand",5576
2026-08-16T13:33:38.194661+05:45,2026-08-16 13:33:38,top_gainers,top_gainers_30,True,cloud_automated,Sunday - Trading Hours: 11:00 AM - 3:00 PM NPT,9150,Asian Hydropower Limited,AHL,,,,1.82,,,,,,,,,,,,,,,,420.5,420.5,7.5,,,,,,,7,"price_volume, live_market, summary, top_gainers, top_losers, nepse_index, supply_demand",5576
2026-08-16T13:33:38.194661+05:45,2026-08-16 13:33:38,top_gainers,top_gainers_31,True,cloud_automated,Sunday - Trading Hours: 11:00 AM - 3:00 PM NPT,4949,NIBL Samriddhi Fund -2,NIBSF2,,,,1.69,,,,,,,,,,,,,,,,9.0,9.0,0.15,,,,,,,7,"price_volume, live_market, summary, top_gainers, top_losers, nepse_index, supply_demand",5576
2026-08-16T13:33:38.194661+05:45,2026-08-16 13:33:38,top_gainers,top_gainers_32,True,cloud_automated,Sunday - Trading Hours: 11:00 AM - 3:00 PM NPT,8030,Agricultural Bond (9 Year),ADBLB87,,,,1.6,,,,,,,,,,,,,,,,1016.0,1016.0,16.0,,,,,,,7,"price_volume, live_market, summary, top_gainers, top_losers, nepse_index, supply_demand",5576
2026-08-16T13:33:38.194661+05:45,2026-08-16 13:33:38,top_gainers,top_gainers_33,True,cloud_automated,Sunday - Trading Hours: 11:00 AM - 3:00 PM NPT,8110,10.25% Nepal SBI Bank Debenture 2083,SBID83,,,,1.44,,,,,,,,,,,,,,,,1050.0,1050.0,14.9,,,,,,,7,"price_volume, live_market, summary, top_gainers, top_losers, nepse_index, supply_demand",5576
2026-08-16T13:33:38.194661+05:45,2026-08-16 13:33:38,top_gainers,top_gainers_34,True,cloud_automated,Sunday - Trading Hours: 11:00 AM - 3:00 PM NPT,8076,Himalayan Hydropower Limited,HHL,,,,1.33,,,,,,,,,,,,,,,,343.5,343.5,4.5,,,,,,,7,"price_volume, live_market, summary, top_gainers, top_losers, nepse_index, supply_demand",5576
2026-08-16T13:33:38.194661+05:45,2026-08-16 13:33:38,top_gainers,top_gainers_35,True,cloud_automated,Sunday - Trading Hours: 11:00 AM - 3:00 PM NPT,9322,Bhujung Hydropower Limited,BJHL,,,,1.31,,,,,,,,,,,,,,,,696.0,696.0,9.0,,,,,,,7,"price_volume, live_market, summary, top_gainers, top_losers, nepse_index, supply_demand",5576
2026-08-16T13:33:38.194661+05:45,2026-08-16 13:33:38,top_gainers,top_gainers_36,True,cloud_automated,Sunday - Trading Hours: 11:00 AM - 3:00 PM NPT,4967,NIC Asia Select Fund 30,NICSF,,,,1.24,,,,,,,,,,,,,,,,9.0,9.0,0.11,,,,,,,7,"price_volume, live_market, summary, top_gainers, top_losers, nepse_index, supply_demand",5576
2026-08-16T13:33:38.194661+05:45,2026-08-16 13:33:38,top_gainers,top_gainers_37,True,cloud_automated,Sunday - Trading Hours: 11:00 AM - 3:00 PM NPT,178,National Life Insurance Co. Ltd.,NLICL,,,,1.23,,,,,,,,,,,,,,,,575.0,575.0,7.0,,,,,,,7,"price_volume, live_market, summary, top_gainers, top_losers, nepse_index, supply_demand",5576
2026-08-16T13:33:38.194661+05:45,2026-08-16 13:33:38,top_gainers,top_gainers_38,True,cloud_automated,Sunday - Trading Hours: 11:00 AM - 3:00 PM NPT,9349,Sanima Equity Fund-2,SAEF2,,,,1.22,,,,,,,,,,,,,,,,9.13,9.13,0.11,,,,,,,7,"price_volume, live_market, summary, top_gainers, top_losers, nepse_index, supply_demand",5576
2026-08-16T13:33:38.194661+05:45,2026-08-16 13:33:38,top_gainers,top_gainers_39,True,cloud_automated,Sunday - Trading Hours: 11:00 AM - 3:00 PM NPT,9297,Bandipur Cablecar and Tourism Limited,BANDIPUR,,,,1.17,,,,,,,,,,,,,,,,693.5,693.5,8.0,,,,,,,7,"price_volume, live_market, summary, top_gainers, top_losers, nepse_index, supply_demand",5576
2026-08-16T13:33:38.194661+05:45,2026-08-16 13:33:38,top_gainers,top_gainers_40,True,cloud_automated,Sunday - Trading Hours: 11:00 AM - 3:00 PM NPT,694,Matribhumi Lagubitta Bittiya Sanstha Limited,MATRI,,,,1.12,,,,,,,,,,,,,,,,814.0,814.0,9.0,,,,,,,7,"price_volume, live_market, summary, top_gainers, top_losers, nepse_index, supply_demand",5576
2026-08-16T13:33:38.194661+05:45,2026-08-16 13:33:38,top_gainers,top_gainers_41,True,cloud_automated,Sunday - Trading Hours: 11:00 AM - 3:00 PM NPT,9255,Everest Bank Limited Debenture 2091,EBLD91,,,,1.04,,,,,,,,,,,,,,,,1062.0,1062.0,10.9,,,,,,,7,"price_volume, live_market, summary, top_gainers, top_losers, nepse_index, supply_demand",5576
2026-08-16T13:33:38.194661+05:45,2026-08-16 13:33:38,top_gainers,top_gainers_42,True,cloud_automated,Sunday - Trading Hours: 11:00 AM - 3:00 PM NPT,9325,Suryakunda Hydro Electric Limited,SKHEL,,,,1.03,,,,,,,,,,,,,,,,980.0,980.0,10.0,,,,,,,7,"price_volume, live_market, summary, top_gainers, top_losers, nepse_index, supply_demand",5576
2026-08-16T13:33:38.194661+05:45,2026-08-16 13:33:38,top_gainers,top_gainers_43,True,cloud_automated,Sunday - Trading Hours: 11:00 AM - 3:00 PM NPT,9192,Upper Syange Hydropower Limited,USHL,,,,0.95,,,,,,,,,,,,,,,,543.0,543.0,5.1,,,,,,,7,"price_volume, live_market, summary, top_gainers, top_losers, nepse_index, supply_demand",5576
2026-08-16T13:33:38.194661+05:45,2026-08-16 13:33:38,top_gainers,top_gainers_44,True,cloud_automated,Sunday - Trading Hours: 11:00 AM - 3:00 PM NPT,695,Janautthan Samudayic Laghubitta Bittya Sanstha Limited,JSLBB,,,,0.94,,,,,,,,,,,,,,,,969.0,969.0,9.0,,,,,,,7,"price_volume, live_market, summary, top_gainers, top_losers, nepse_index, supply_demand",5576
2026-08-16T13:33:38.194661+05:45,2026-08-16 13:33:38,top_gainers,top_gainers_45,True,cloud_automated,Sunday - Trading Hours: 11:00 AM - 3:00 PM NPT,8074,Kumari Dhanabriddhi Yojana,KDBY,,,,0.91,,,,,,,,,,,,,,,,11.1,11.1,0.1,,,,,,,7,"price_volume, live_market, summary, top_gainers, top_losers, nepse_index, supply_demand",5576
2026-08-16T13:33:38.194661+05:45,2026-08-16 13:33:38,top_gainers,top_gainers_46,True,cloud_automated,Sunday - Trading Hours: 11:00 AM - 3:00 PM NPT,2887,NIC ASIA Laghubitta Bittiya Sanstha Limited,NICLBSL,,,,0.89,,,,,,,,,,,,,,,,554.9,554.9,4.9,,,,,,,7,"price_volume, live_market, summary, top_gainers, top_losers, nepse_index, supply_demand",5576
2026-08-16T13:33:38.194661+05:45,2026-08-16 13:33:38,top_gainers,top_gainers_47,True,cloud_automated,Sunday - Trading Hours: 11:00 AM - 3:00 PM NPT,9156,Sanima Middle Tamor Hydropower Limited,TAMOR,,,,0.88,,,,,,,,,,,,,,,,457.0,457.0,4.0,,,,,,,7,"price_volume, live_market, summary, top_gainers, top_losers, nepse_index, supply_demand",5576
2026-08-16T13:33:38.194661+05:45,2026-08-16 13:33:38,top_gainers,top_gainers_48,True,cloud_automated,Sunday - Trading Hours: 11:00 AM - 3:00 PM NPT,137,Everest Bank Limited,EBL,,,,0.83,,,,,,,,,,,,,,,,728.0,728.0,6.0,,,,,,,7,"price_volume, live_market, summary, top_gainers, top_losers, nepse_index, supply_demand",5576
2026-08-16T13:33:38.194661+05:45,2026-08-16 13:33:38,top_gainers,top_gainers_49,True,cloud_automated,Sunday - Trading Hours: 11:00 AM - 3:00 PM NPT,704,NMB  Microfinance Bittiya Sanstha Ltd.,NMBMF,,,,0.81,,,,,,,,,,,,,,,,609.9,609.9,4.9,,,,,,,7,"price_volume, live_market, summary, top_gainers, top_losers, nepse_index, supply_demand",5576
2026-08-16T13:33:38.194661+05:45,2026-08-16 13:33:38,top_gainers,top_gainers_50,True,cloud_automated,Sunday - Trading Hours: 11:00 AM - 3:00 PM NPT,8126,Sikles Hydropower Limited,SIKLES,,,,0.8,,,,,,,,,,,,,,,,564.5,564.5,4.5,,,,,,,7,"price_volume, live_market, summary, top_gainers, top_losers, nepse_index, supply_demand",5576
2026-08-16T13:33:38.194661+05:45,2026-08-16 13:33:38,top_gainers,top_gainers_51,True,cloud_automated,Sunday - Trading Hours: 11:00 AM - 3:00 PM NPT,2767,Himalayan Power Partner Ltd.,HPPL,,,,0.79,,,,,,,,,,,,,,,,383.5,383.5,3.0,,,,,,,7,"price_volume, live_market, summary, top_gainers, top_losers, nepse_index, supply_demand",5576
2026-08-16T13:33:38.194661+05:45,2026-08-16 13:33:38,top_gainers,top_gainers_52,True,cloud_automated,Sunday - Trading Hours: 11:00 AM - 3:00 PM NPT,357,Prime Commercial Bank Ltd.,PCBL,,,,0.79,,,,,,,,,,,,,,,,241.9,241.9,1.9,,,,,,,7,"price_volume, live_market, summary, top_gainers, top_losers, nepse_index, supply_demand",5576
2026-08-16T13:33:38.194661+05:45,2026-08-16 13:33:38,top_gainers,top_gainers_53,True,cloud_automated,Sunday - Trading Hours: 11:00 AM - 3:00 PM NPT,235,Himalayan Distillery Limited,HDL,,,,0.77,,,,,,,,,,,,,,,,1175.0,1175.0,9.0,,,,,,,7,"price_volume, live_market, summary, top_gainers, top_losers, nepse_index, supply_demand",5576
2026-08-16T13:33:38.194661+05:45,2026-08-16 13:33:38,top_gainers,top_gainers_54,True,cloud_automated,Sunday - Trading Hours: 11:00 AM - 3:00 PM NPT,8131,Eastern Hydropower Limited,EHPL,,,,0.72,,,,,,,,,,,,,,,,337.0,337.0,2.4,,,,,,,7,"price_volume, live_market, summary, top_gainers, top_losers, nepse_index, supply_demand",5576
2026-08-16T13:33:38.194661+05:45,2026-08-16 13:33:38,top_gainers,top_gainers_55,True,cloud_automated,Sunday - Trading Hours: 11:00 AM - 3:00 PM NPT,2902,Laxmi Unnati Kosh,LUK,,,,0.72,,,,,,,,,,,,,,,,9.8,9.8,0.07,,,,,,,7,"price_volume, live_market, summary, top_gainers, top_losers, nepse_index, supply_demand",5576
2026-08-16T13:33:38.194661+05:45,2026-08-16 13:33:38,top_gainers,top_gainers_56,True,cloud_automated,Sunday - Trading Hours: 11:00 AM - 3:00 PM NPT,2760,United Modi Hydropower Ltd.,UMHL,,,,0.69,,,,,,,,,,,,,,,,585.0,585.0,4.0,,,,,,,7,"price_volume, live_market, summary, top_gainers, top_losers, nepse_index, supply_demand",5576
2026-08-16T13:33:38.194661+05:45,2026-08-16 13:33:38,top_gainers,top_gainers_57,True,cloud_automated,Sunday - Trading Hours: 11:00 AM - 3:00 PM NPT,593,Kalika Laghubitta Bittiya Sanstha Ltd,KMCDB,,,,0.64,,,,,,,,,,,,,,,,785.0,785.0,5.0,,,,,,,7,"price_volume, live_market, summary, top_gainers, top_losers, nepse_index, supply_demand",5576
2026-08-16T13:33:38.194661+05:45,2026-08-16 13:33:38,top_gainers,top_gainers_58,True,cloud_automated,Sunday - Trading Hours: 11:00 AM - 3:00 PM NPT,8108,Rapti Hydro And General Construction Limited,RHGCL,,,,0.64,,,,,,,,,,,,,,,,266.7,266.7,1.7,,,,,,,7,"price_volume, live_market, summary, top_gainers, top_losers, nepse_index, supply_demand",5576
2026-08-16T13:33:38.194661+05:45,2026-08-16 13:33:38,top_gainers,top_gainers_59,True,cloud_automated,Sunday - Trading Hours: 11:00 AM - 3:00 PM NPT,2758,Forward Microfinance Laghubitta Bittiya Sanstha Limited,FOWAD,,,,0.62,,,,,,,,,,,,,,,,944.8,944.8,5.8,,,,,,,7,"price_volume, live_market, summary, top_gainers, top_losers, nepse_index, supply_demand",5576
2026-08-16T13:33:38.194661+05:45,2026-08-16 13:33:38,top_gainers,top_gainers_60,True,cloud_automated,Sunday - Trading Hours: 11:00 AM - 3:00 PM NPT,9218,Trishuli Jal Vidhyut Company Limited ,TVCL,,,,0.61,,,,,,,,,,,,,,,,475.0,475.0,2.9,,,,,,,7,"price_volume, live_market, summary, top_gainers, top_losers, nepse_index, supply_demand",5576
2026-08-16T13:33:38.194661+05:45,2026-08-16 13:33:38,top_gainers,top_gainers_61,True,cloud_automated,Sunday - Trading Hours: 11:00 AM - 3:00 PM NPT,148,Taragaon Regency Hotel Limited,TRH,,,,0.6,,,,,,,,,,,,,,,,840.0,840.0,5.0,,,,,,,7,"price_volume, live_market, summary, top_gainers, top_losers, nepse_index, supply_demand",5576
2026-08-16T13:33:38.194661+05:45,2026-08-16 13:33:38,top_gainers,top_gainers_62,True,cloud_automated,Sunday - Trading Hours: 11:00 AM - 3:00 PM NPT,561,Sindhu Bikash Bank Ltd,SINDU,,,,0.59,,,,,,,,,,,,,,,,684.0,684.0,4.0,,,,,,,7,"price_volume, live_market, summary, top_gainers, top_losers, nepse_index, supply_demand",5576
2026-08-16T13:33:38.194661+05:45,2026-08-16 13:33:38,top_gainers,top_gainers_63,True,cloud_automated,Sunday - Trading Hours: 11:00 AM - 3:00 PM NPT,9138,NIBL Growth Fund,NIBLGF,,,,0.57,,,,,,,,,,,,,,,,8.86,8.86,0.05,,,,,,,7,"price_volume, live_market, summary, top_gainers, top_losers, nepse_index, supply_demand",5576
2026-08-16T13:33:38.194661+05:45,2026-08-16 13:33:38,top_gainers,top_gainers_64,True,cloud_automated,Sunday - Trading Hours: 11:00 AM - 3:00 PM NPT,2784,Nadep Laghubittiya bittya Sanstha Ltd.,NADEP,,,,0.56,,,,,,,,,,,,,,,,715.0,715.0,4.0,,,,,,,7,"price_volume, live_market, summary, top_gainers, top_losers, nepse_index, supply_demand",5576
2026-08-16T13:33:38.194661+05:45,2026-08-16 13:33:38,top_gainers,top_gainers_65,True,cloud_automated,Sunday - Trading Hours: 11:00 AM - 3:00 PM NPT,2776,Radhi Bidyut Company Ltd,RADHI,,,,0.56,,,,,,,,,,,,,,,,724.0,724.0,4.0,,,,,,,7,"price_volume, live_market, summary, top_gainers, top_losers, nepse_index, supply_demand",5576
2026-08-16T13:33:38.194661+05:45,2026-08-16 13:33:38,top_gainers,top_gainers_66,True,cloud_automated,Sunday - Trading Hours: 11:00 AM - 3:00 PM NPT,179,Himalayan Everest Insurance Limited,HEI,,,,0.56,,,,,,,,,,,,,,,,535.0,535.0,3.0,,,,,,,7,"price_volume, live_market, summary, top_gainers, top_losers, nepse_index, supply_demand",5576
2026-08-16T13:33:38.194661+05:45,2026-08-16 13:33:38,top_gainers,top_gainers_67,True,cloud_automated,Sunday - Trading Hours: 11:00 AM - 3:00 PM NPT,9201,Sun Nepal Life Insurance Company Limited,SNLI,,,,0.56,,,,,,,,,,,,,,,,411.0,411.0,2.3,,,,,,,7,"price_volume, live_market, summary, top_gainers, top_losers, nepse_index, supply_demand",5576
2026-08-16T13:33:38.194661+05:45,2026-08-16 13:33:38,top_gainers,top_gainers_68,True,cloud_automated,Sunday - Trading Hours: 11:00 AM - 3:00 PM NPT,618,Laxmi Laghubitta Bittiya Sanstha Ltd.,LLBS,,,,0.55,,,,,,,,,,,,,,,,889.9,889.9,4.9,,,,,,,7,"price_volume, live_market, summary, top_gainers, top_losers, nepse_index, supply_demand",5576
2026-08-16T13:33:38.194661+05:45,2026-08-16 13:33:38,top_gainers,top_gainers_69,True,cloud_automated,Sunday - Trading Hours: 11:00 AM - 3:00 PM NPT,172,Narayani Development Bank Limited,NABBC,,,,0.53,,,,,,,,,,,,,,,,811.0,811.0,4.3,,,,,,,7,"price_volume, live_market, summary, top_gainers, top_losers, nepse_index, supply_demand",5576
2026-08-16T13:33:38.194661+05:45,2026-08-16 13:33:38,top_gainers,top_gainers_70,True,cloud_automated,Sunday - Trading Hours: 11:00 AM - 3:00 PM NPT,194,Nepal Finance Ltd.,NFS,,,,0.52,,,,,,,,,,,,,,,,565.0,565.0,2.9,,,,,,,7,"price_volume, live_market, summary, top_gainers, top_losers, nepse_index, supply_demand",5576
2026-08-16T13:33:38.194661+05:45,2026-08-16 13:33:38,top_gainers,top_gainers_71,True,cloud_automated,Sunday - Trading Hours: 11:00 AM - 3:00 PM NPT,341,Global IME Bank Limited,GBIME,,,,0.52,,,,,,,,,,,,,,,,252.9,252.9,1.3,,,,,,,7,"price_volume, live_market, summary, top_gainers, top_losers, nepse_index, supply_demand",5576
2026-08-16T13:33:38.194661+05:45,2026-08-16 13:33:38,top_gainers,top_gainers_72,True,cloud_automated,Sunday - Trading Hours: 11:00 AM - 3:00 PM NPT,1741,Mero Microfinance Bittiya Sanstha Ltd.,MERO,,,,0.45,,,,,,,,,,,,,,,,665.0,665.0,3.0,,,,,,,7,"price_volume, live_market, summary, top_gainers, top_losers, nepse_index, supply_demand",5576
2026-08-16T13:33:38.194661+05:45,2026-08-16 13:33:38,top_gainers,top_gainers_73,True,cloud_automated,Sunday - Trading Hours: 11:00 AM - 3:00 PM NPT,9345,Sanigad Hydro Limited,SGHL,,,,0.43,,,,,,,,,,,,,,,,518.2,518.2,2.2,,,,,,,7,"price_volume, live_market, summary, top_gainers, top_losers, nepse_index, supply_demand",5576
2026-08-16T13:33:38.194661+05:45,2026-08-16 13:33:38,top_gainers,top_gainers_74,True,cloud_automated,Sunday - Trading Hours: 11:00 AM - 3:00 PM NPT,244,Shree Investment Finance Co. Ltd.,SIFC,,,,0.43,,,,,,,,,,,,,,,,512.0,512.0,2.2,,,,,,,7,"price_volume, live_market, summary, top_gainers, top_losers, nepse_index, supply_demand",5576
2026-08-16T13:33:38.194661+05:45,2026-08-16 13:33:38,top_gainers,top_gainers_75,True,cloud_automated,Sunday - Trading Hours: 11:00 AM - 3:00 PM NPT,574,Sana Kisan Bikas Laghubitta Bittiya Sanstha Limited,SKBBL,,,,0.42,,,,,,,,,,,,,,,,749.8,749.8,3.1,,,,,,,7,"price_volume, live_market, summary, top_gainers, top_losers, nepse_index, supply_demand",5576
2026-08-16T13:33:38.194661+05:45,2026-08-16 13:33:38,top_gainers,top_gainers_76,True,cloud_automated,Sunday - Trading Hours: 11:00 AM - 3:00 PM NPT,2896,Sampada Laghubitta Bittiya Sanstha Limited,SMPDA,,,,0.41,,,,,,,,,,,,,,,,753.0,753.0,3.1,,,,,,,7,"price_volume, live_market, summary, top_gainers, top_losers, nepse_index, supply_demand",5576
2026-08-16T13:33:38.194661+05:45,2026-08-16 13:33:38,top_gainers,top_gainers_77,True,cloud_automated,Sunday - Trading Hours: 11:00 AM - 3:00 PM NPT,2743,Ngadi Group Power Ltd.,NGPL,,,,0.41,,,,,,,,,,,,,,,,414.9,414.9,1.7,,,,,,,7,"price_volume, live_market, summary, top_gainers, top_losers, nepse_index, supply_demand",5576
2026-08-16T13:33:38.194661+05:45,2026-08-16 13:33:38,top_gainers,top_gainers_78,True,cloud_automated,Sunday - Trading Hours: 11:00 AM - 3:00 PM NPT,517,Nepal Bank Limited,NBL,,,,0.41,,,,,,,,,,,,,,,,269.8,269.8,1.1,,,,,,,7,"price_volume, live_market, summary, top_gainers, top_losers, nepse_index, supply_demand",5576
2026-08-16T13:33:38.194661+05:45,2026-08-16 13:33:38,top_gainers,top_gainers_79,True,cloud_automated,Sunday - Trading Hours: 11:00 AM - 3:00 PM NPT,9306,Reliance Spinning Mills Limited,RSML,,,,0.39,,,,,,,,,,,,,,,,2556.0,2556.0,9.9,,,,,,,7,"price_volume, live_market, summary, top_gainers, top_losers, nepse_index, supply_demand",5576
2026-08-16T13:33:38.194661+05:45,2026-08-16 13:33:38,top_gainers,top_gainers_80,True,cloud_automated,Sunday - Trading Hours: 11:00 AM - 3:00 PM NPT,9148,Super Mai Hydropower Limited,SMH,,,,0.39,,,,,,,,,,,,,,,,512.0,512.0,2.0,,,,,,,7,"price_volume, live_market, summary, top_gainers, top_losers, nepse_index, supply_demand",5576
2026-08-16T13:33:38.194661+05:45,2026-08-16 13:33:38,top_gainers,top_gainers_81,True,cloud_automated,Sunday - Trading Hours: 11:00 AM - 3:00 PM NPT,697,Api Power Company Ltd.,API,,,,0.39,,,,,,,,,,,,,,,,332.9,332.9,1.3,,,,,,,7,"price_volume, live_market, summary, top_gainers, top_losers, nepse_index, supply_demand",5576
2026-08-16T13:33:38.194661+05:45,2026-08-16 13:33:38,top_gainers,top_gainers_82,True,cloud_automated,Sunday - Trading Hours: 11:00 AM - 3:00 PM NPT,9170,Dolti Power Company Limited,DOLTI,,,,0.38,,,,,,,,,,,,,,,,319.9,319.9,1.2,,,,,,,7,"price_volume, live_market, summary, top_gainers, top_losers, nepse_index, supply_demand",5576
2026-08-16T13:33:38.194661+05:45,2026-08-16 13:33:38,top_gainers,top_gainers_83,True,cloud_automated,Sunday - Trading Hours: 11:00 AM - 3:00 PM NPT,2931,8.5% Nepal Investment Bank Debenture 2084,NIBD84,,,,0.37,,,,,,,,,,,,,,,,1034.1,1034.1,3.8,,,,,,,7,"price_volume, live_market, summary, top_gainers, top_losers, nepse_index, supply_demand",5576
2026-08-16T13:33:38.194661+05:45,2026-08-16 13:33:38,top_gainers,top_gainers_84,True,cloud_automated,Sunday - Trading Hours: 11:00 AM - 3:00 PM NPT,2811,Mountain Hydro Nepal Limited,MHNL,,,,0.37,,,,,,,,,,,,,,,,244.9,244.9,0.9,,,,,,,7,"price_volume, live_market, summary, top_gainers, top_losers, nepse_index, supply_demand",5576
2026-08-16T13:33:38.194661+05:45,2026-08-16 13:33:38,top_gainers,top_gainers_85,True,cloud_automated,Sunday - Trading Hours: 11:00 AM - 3:00 PM NPT,268,Swabalamban Laghubitta Bittiya Sanstha Limited,SWBBL,,,,0.33,,,,,,,,,,,,,,,,674.2,674.2,2.2,,,,,,,7,"price_volume, live_market, summary, top_gainers, top_losers, nepse_index, supply_demand",5576
2026-08-16T13:33:38.194661+05:45,2026-08-16 13:33:38,top_gainers,top_gainers_86,True,cloud_automated,Sunday - Trading Hours: 11:00 AM - 3:00 PM NPT,8022,Terhathum Power Company Limited,TPC,,,,0.33,,,,,,,,,,,,,,,,363.4,363.4,1.2,,,,,,,7,"price_volume, live_market, summary, top_gainers, top_losers, nepse_index, supply_demand",5576
2026-08-16T13:33:38.194661+05:45,2026-08-16 13:33:38,top_gainers,top_gainers_87,True,cloud_automated,Sunday - Trading Hours: 11:00 AM - 3:00 PM NPT,8073,NIC Asia Flexi CAP Fund,NICFC,,,,0.33,,,,,,,,,,,,,,,,9.1,9.1,0.03,,,,,,,7,"price_volume, live_market, summary, top_gainers, top_losers, nepse_index, supply_demand",5576
2026-08-16T13:33:38.194661+05:45,2026-08-16 13:33:38,top_gainers,top_gainers_88,True,cloud_automated,Sunday - Trading Hours: 11:00 AM - 3:00 PM NPT,2771,Support Microfinance Bittiya Sanstha Ltd.,SMB,,,,0.32,,,,,,,,,,,,,,,,1827.9,1827.9,5.9,,,,,,,7,"price_volume, live_market, summary, top_gainers, top_losers, nepse_index, supply_demand",5576
2026-08-16T13:33:38.194661+05:45,2026-08-16 13:33:38,top_gainers,top_gainers_89,True,cloud_automated,Sunday - Trading Hours: 11:00 AM - 3:00 PM NPT,188,Life Insurance Corporation (Nepal) Limited,LICN,,,,0.32,,,,,,,,,,,,,,,,778.0,778.0,2.5,,,,,,,7,"price_volume, live_market, summary, top_gainers, top_losers, nepse_index, supply_demand",5576
2026-08-16T13:33:38.194661+05:45,2026-08-16 13:33:38,top_gainers,top_gainers_90,True,cloud_automated,Sunday - Trading Hours: 11:00 AM - 3:00 PM NPT,4968,RBB Mutual Fund 1,RMF1,,,,0.31,,,,,,,,,,,,,,,,9.6,9.6,0.03,,,,,,,7,"price_volume, live_market, summary, top_gainers, top_losers, nepse_index, supply_demand",5576
2026-08-16T13:33:38.194661+05:45,2026-08-16 13:33:38,top_gainers,top_gainers_91,True,cloud_automated,Sunday - Trading Hours: 11:00 AM - 3:00 PM NPT,8021,Sahas Urja Limited,SAHAS,,,,0.3,,,,,,,,,,,,,,,,677.0,677.0,2.0,,,,,,,7,"price_volume, live_market, summary, top_gainers, top_losers, nepse_index, supply_demand",5576
2026-08-16T13:33:38.194661+05:45,2026-08-16 13:33:38,top_gainers,top_gainers_92,True,cloud_automated,Sunday - Trading Hours: 11:00 AM - 3:00 PM NPT,9191,Citizens Super 30 Mutual Fund,C30MF,,,,0.3,,,,,,,,,,,,,,,,10.03,10.03,0.03,,,,,,,7,"price_volume, live_market, summary, top_gainers, top_losers, nepse_index, supply_demand",5576
2026-08-16T13:33:38.194661+05:45,2026-08-16 13:33:38,top_gainers,top_gainers_93,True,cloud_automated,Sunday - Trading Hours: 11:00 AM - 3:00 PM NPT,133,Standard Chartered Bank Limited,SCB,,,,0.29,,,,,,,,,,,,,,,,659.9,659.9,1.9,,,,,,,7,"price_volume, live_market, summary, top_gainers, top_losers, nepse_index, supply_demand",5576
2026-08-16T13:33:38.194661+05:45,2026-08-16 13:33:38,top_gainers,top_gainers_94,True,cloud_automated,Sunday - Trading Hours: 11:00 AM - 3:00 PM NPT,393,Himalayan Life Insurance Limited,HLI,,,,0.28,,,,,,,,,,,,,,,,320.8,320.8,0.9,,,,,,,7,"price_volume, live_market, summary, top_gainers, top_losers, nepse_index, supply_demand",5576
2026-08-16T13:33:38.194661+05:45,2026-08-16 13:33:38,top_gainers,top_gainers_95,True,cloud_automated,Sunday - Trading Hours: 11:00 AM - 3:00 PM NPT,4951,Jeevan Bikas Laghubitta  Bittya Sanstha Ltd,JBLB,,,,0.27,,,,,,,,,,,,,,,,1263.4,1263.4,3.4,,,,,,,7,"price_volume, live_market, summary, top_gainers, top_losers, nepse_index, supply_demand",5576
2026-08-16T13:33:38.194661+05:45,2026-08-16 13:33:38,top_gainers,top_gainers_96,True,cloud_automated,Sunday - Trading Hours: 11:00 AM - 3:00 PM NPT,450,Corporate Development Bank Limited,CORBL,,,,0.27,,,,,,,,,,,,,,,,1058.0,1058.0,2.9,,,,,,,7,"price_volume, live_market, summary, top_gainers, top_losers, nepse_index, supply_demand",5576
2026-08-16T13:33:38.194661+05:45,2026-08-16 13:33:38,top_gainers,top_gainers_97,True,cloud_automated,Sunday - Trading Hours: 11:00 AM - 3:00 PM NPT,9334,Kalinchock Hydropower Limited,KHPL,,,,0.25,,,,,,,,,,,,,,,,810.0,810.0,2.0,,,,,,,7,"price_volume, live_market, summary, top_gainers, top_losers, nepse_index, supply_demand",5576
2026-08-16T13:33:38.194661+05:45,2026-08-16 13:33:38,top_gainers,top_gainers_98,True,cloud_automated,Sunday - Trading Hours: 11:00 AM - 3:00 PM NPT,8121,Sayapatri Hydropower Limited,SPHL,,,,0.24,,,,,,,,,,,,,,,,532.0,532.0,1.3,,,,,,,7,"price_volume, live_market, summary, top_gainers, top_losers, nepse_index, supply_demand",5576
2026-08-16T13:33:38.194661+05:45,2026-08-16 13:33:38,top_gainers,top_gainers_99,True,cloud_automated,Sunday - Trading Hours: 11:00 AM - 3:00 PM NPT,8104,Upper Solu Hydro Electric Company Limited,USHEC,,,,0.24,,,,,,,,,,,,,,,,501.2,501.2,1.2,,,,,,,7,"price_volume, live_market, summary, top_gainers, top_losers, nepse_index, supply_demand",5576
2026-08-16T13:33:38.194661+05:45,2026-08-16 13:33:38,top_gainers,top_gainers_100,True,cloud_automated,Sunday - Trading Hours: 11:00 AM - 3:00 PM NPT,385,Asian Life Insurance Co. Limited,ALICL,,,,0.24,,,,,,,,,,,,,,,,420.0,420.0,1.0,,,,,,,7,"price_volume, live_market, summary, top_gainers, top_losers, nepse_index, supply_demand",5576
2026-08-16T13:33:38.194661+05:45,2026-08-16 13:33:38,top_gainers,top_gainers_101,True,cloud_automated,Sunday - Trading Hours: 11:00 AM - 3:00 PM NPT,9184,IME Life Insurance Company Limited,ILI,,,,0.24,,,,,,,,,,,,,,,,417.0,417.0,1.0,,,,,,,7,"price_volume, live_market, summary, top_gainers, top_losers, nepse_index, supply_demand",5576
2026-08-16T13:33:38.194661+05:45,2026-08-16 13:33:38,top_gainers,top_gainers_102,True,cloud_automated,Sunday - Trading Hours: 11:00 AM - 3:00 PM NPT,135,Nepal SBI Bank Limited,SBI,,,,0.22,,,,,,,,,,,,,,,,404.9,404.9,0.9,,,,,,,7,"price_volume, live_market, summary, top_gainers, top_losers, nepse_index, supply_demand",5576
2026-08-16T13:33:38.194661+05:45,2026-08-16 13:33:38,top_gainers,top_gainers_103,True,cloud_automated,Sunday - Trading Hours: 11:00 AM - 3:00 PM NPT,9198,Laxmi Value Fund 2,LVF2,,,,0.22,,,,,,,,,,,,,,,,9.13,9.13,0.02,,,,,,,7,"price_volume, live_market, summary, top_gainers, top_losers, nepse_index, supply_demand",5576
2026-08-16T13:33:38.194661+05:45,2026-08-16 13:33:38,top_gainers,top_gainers_104,True,cloud_automated,Sunday - Trading Hours: 11:00 AM - 3:00 PM NPT,9181,Rawa Energy Development Limited,RAWA,,,,0.21,,,,,,,,,,,,,,,,428.2,428.2,0.9,,,,,,,7,"price_volume, live_market, summary, top_gainers, top_losers, nepse_index, supply_demand",5576
2026-08-16T13:33:38.194661+05:45,2026-08-16 13:33:38,top_gainers,top_gainers_105,True,cloud_automated,Sunday - Trading Hours: 11:00 AM - 3:00 PM NPT,2937,Sunrise Bluechip Fund,SBCF,,,,0.21,,,,,,,,,,,,,,,,9.41,9.41,0.02,,,,,,,7,"price_volume, live_market, summary, top_gainers, top_losers, nepse_index, supply_demand",5576
2026-08-16T13:33:38.194661+05:45,2026-08-16 13:33:38,top_gainers,top_gainers_106,True,cloud_automated,Sunday - Trading Hours: 11:00 AM - 3:00 PM NPT,2850,10 % NMB DEBENTURE 2085,NMBD2085,,,,0.18,,,,,,,,,,,,,,,,1136.0,1136.0,2.0,,,,,,,7,"price_volume, live_market, summary, top_gainers, top_losers, nepse_index, supply_demand",5576
2026-08-16T13:33:38.194661+05:45,2026-08-16 13:33:38,top_gainers,top_gainers_107,True,cloud_automated,Sunday - Trading Hours: 11:00 AM - 3:00 PM NPT,9299,7% Nabil Debenture 2089,NABILD2089,,,,0.18,,,,,,,,,,,,,,,,1070.0,1070.0,1.9,,,,,,,7,"price_volume, live_market, summary, top_gainers, top_losers, nepse_index, supply_demand",5576
2026-08-16T13:33:38.194661+05:45,2026-08-16 13:33:38,top_gainers,top_gainers_108,True,cloud_automated,Sunday - Trading Hours: 11:00 AM - 3:00 PM NPT,9262,Trade Tower Limited,TTL,,,,0.17,,,,,,,,,,,,,,,,714.0,714.0,1.2,,,,,,,7,"price_volume, live_market, summary, top_gainers, top_losers, nepse_index, supply_demand",5576
2026-08-16T13:33:38.194661+05:45,2026-08-16 13:33:38,top_gainers,top_gainers_109,True,cloud_automated,Sunday - Trading Hours: 11:00 AM - 3:00 PM NPT,706,Suryodaya Womi Laghubitta Bittiya Sanstha Limited,SWMF,,,,0.16,,,,,,,,,,,,,,,,615.0,615.0,1.0,,,,,,,7,"price_volume, live_market, summary, top_gainers, top_losers, nepse_index, supply_demand",5576
2026-08-16T13:33:38.194661+05:45,2026-08-16 13:33:38,top_gainers,top_gainers_110,True,cloud_automated,Sunday - Trading Hours: 11:00 AM - 3:00 PM NPT,9308,Hotel Forest Inn Limited,HFIN,,,,0.15,,,,,,,,,,,,,,,,680.0,680.0,1.0,,,,,,,7,"price_volume, live_market, summary, top_gainers, top_losers, nepse_index, supply_demand",5576
2026-08-16T13:33:38.194661+05:45,2026-08-16 13:33:38,top_gainers,top_gainers_111,True,cloud_automated,Sunday - Trading Hours: 11:00 AM - 3:00 PM NPT,149,Oriental Hotels Limited,OHL,,,,0.15,,,,,,,,,,,,,,,,669.0,669.0,1.0,,,,,,,7,"price_volume, live_market, summary, top_gainers, top_losers, nepse_index, supply_demand",5576
2026-08-16T13:33:38.194661+05:45,2026-08-16 13:33:38,top_gainers,top_gainers_112,True,cloud_automated,Sunday - Trading Hours: 11:00 AM - 3:00 PM NPT,9199,Reliable Nepal Life Insurance Limited,RNLI,,,,0.14,,,,,,,,,,,,,,,,427.0,427.0,0.6,,,,,,,7,"price_volume, live_market, summary, top_gainers, top_losers, nepse_index, supply_demand",5576
2026-08-16T13:33:38.194661+05:45,2026-08-16 13:33:38,top_gainers,top_gainers_113,True,cloud_automated,Sunday - Trading Hours: 11:00 AM - 3:00 PM NPT,3946,CEDB Holdings Limited,CHDC,,,,0.13,,,,,,,,,,,,,,,,2228.0,2228.0,3.0,,,,,,,7,"price_volume, live_market, summary, top_gainers, top_losers, nepse_index, supply_demand",5576
2026-08-16T13:33:38.194661+05:45,2026-08-16 13:33:38,top_gainers,top_gainers_114,True,cloud_automated,Sunday - Trading Hours: 11:00 AM - 3:00 PM NPT,471,Multipurpose Finance Company  Limited,MPFL,,,,0.13,,,,,,,,,,,,,,,,633.3,633.3,0.8,,,,,,,7,"price_volume, live_market, summary, top_gainers, top_losers, nepse_index, supply_demand",5576
2026-08-16T13:33:38.194661+05:45,2026-08-16 13:33:38,top_gainers,top_gainers_115,True,cloud_automated,Sunday - Trading Hours: 11:00 AM - 3:00 PM NPT,163,Nirdhan Utthan Laghubitta Bittiya Sanstha Limited,NUBL,,,,0.13,,,,,,,,,,,,,,,,602.0,602.0,0.8,,,,,,,7,"price_volume, live_market, summary, top_gainers, top_losers, nepse_index, supply_demand",5576
2026-08-16T13:33:38.194661+05:45,2026-08-16 13:33:38,top_gainers,top_gainers_116,True,cloud_automated,Sunday - Trading Hours: 11:00 AM - 3:00 PM NPT,9171,Bhugol Energy Development Company Limited,BEDC,,,,0.13,,,,,,,,,,,,,,,,319.4,319.4,0.4,,,,,,,7,"price_volume, live_market, summary, top_gainers, top_losers, nepse_index, supply_demand",5576
2026-08-16T13:33:38.194661+05:45,2026-08-16 13:33:38,top_gainers,top_gainers_117,True,cloud_automated,Sunday - Trading Hours: 11:00 AM - 3:00 PM NPT,8025,Samling Power Company Limited,SPC,,,,0.12,,,,,,,,,,,,,,,,418.5,418.5,0.5,,,,,,,7,"price_volume, live_market, summary, top_gainers, top_losers, nepse_index, supply_demand",5576
2026-08-16T13:33:38.194661+05:45,2026-08-16 13:33:38,top_gainers,top_gainers_118,True,cloud_automated,Sunday - Trading Hours: 11:00 AM - 3:00 PM NPT,238,NMB Bank Limited,NMB,,,,0.12,,,,,,,,,,,,,,,,242.8,242.8,0.3,,,,,,,7,"price_volume, live_market, summary, top_gainers, top_losers, nepse_index, supply_demand",5576
2026-08-16T13:33:38.194661+05:45,2026-08-16 13:33:38,top_gainers,top_gainers_119,True,cloud_automated,Sunday - Trading Hours: 11:00 AM - 3:00 PM NPT,9244,NIBL Stable Fund,NIBLSTF,,,,0.12,,,,,,,,,,,,,,,,8.57,8.57,0.01,,,,,,,7,"price_volume, live_market, summary, top_gainers, top_losers, nepse_index, supply_demand",5576
2026-08-16T13:33:38.194661+05:45,2026-08-16 13:33:38,top_gainers,top_gainers_120,True,cloud_automated,Sunday - Trading Hours: 11:00 AM - 3:00 PM NPT,2832,Infinity Laghubitta Bittiya Sanstha Limited,ILBS,,,,0.11,,,,,,,,,,,,,,,,894.0,894.0,1.0,,,,,,,7,"price_volume, live_market, summary, top_gainers, top_losers, nepse_index, supply_demand",5576
2026-08-16T13:33:38.194661+05:45,2026-08-16 13:33:38,top_gainers,top_gainers_121,True,cloud_automated,Sunday - Trading Hours: 11:00 AM - 3:00 PM NPT,9246,Guardian Micro Life Insurance Limited ,GMLI,,,,0.09,,,,,,,,,,,,,,,,1099.0,1099.0,1.0,,,,,,,7,"price_volume, live_market, summary, top_gainers, top_losers, nepse_index, supply_demand",5576
2026-08-16T13:33:38.194661+05:45,2026-08-16 13:33:38,top_gainers,top_gainers_122,True,cloud_automated,Sunday - Trading Hours: 11:00 AM - 3:00 PM NPT,2935,Ru Ru Jalbidhyut Pariyojana Limited,RURU,,,,0.08,,,,,,,,,,,,,,,,610.6,610.6,0.5,,,,,,,7,"price_volume, live_market, summary, top_gainers, top_losers, nepse_index, supply_demand",5576
2026-08-16T13:33:38.194661+05:45,2026-08-16 13:33:38,top_gainers,top_gainers_123,True,cloud_automated,Sunday - Trading Hours: 11:00 AM - 3:00 PM NPT,459,Kamana Sewa Bikas Bank Limited,KSBBL,,,,0.08,,,,,,,,,,,,,,,,479.4,479.4,0.4,,,,,,,7,"price_volume, live_market, summary, top_gainers, top_losers, nepse_index, supply_demand",5576
2026-08-16T13:33:38.194661+05:45,2026-08-16 13:33:38,top_gainers,top_gainers_124,True,cloud_automated,Sunday - Trading Hours: 11:00 AM - 3:00 PM NPT,4947,Prabhu Select Fund,PSF,,,,0.08,,,,,,,,,,,,,,,,12.01,12.01,0.01,,,,,,,7,"price_volume, live_market, summary, top_gainers, top_losers, nepse_index, supply_demand",5576
2026-08-16T13:33:38.194661+05:45,2026-08-16 13:33:38,top_gainers,top_gainers_125,True,cloud_automated,Sunday - Trading Hours: 11:00 AM - 3:00 PM NPT,473,Shine Resunga Development Bank Ltd.,SHINE,,,,0.05,,,,,,,,,,,,,,,,414.9,414.9,0.2,,,,,,,7,"price_volume, live_market, summary, top_gainers, top_losers, nepse_index, supply_demand",5576
2026-08-16T13:33:38.194661+05:45,2026-08-16 13:33:38,top_gainers,top_gainers_126,True,cloud_automated,Sunday - Trading Hours: 11:00 AM - 3:00 PM NPT,2786,Panchakanya Mai Hydropower Ltd,PMHPL,,,,0.03,,,,,,,,,,,,,,,,316.0,316.0,0.1,,,,,,,7,"price_volume, live_market, summary, top_gainers, top_losers, nepse_index, supply_demand",5576
2026-08-16T13:33:38.194661+05:45,2026-08-16 13:33:38,top_gainers,top_gainers_127,True,cloud_automated,Sunday - Trading Hours: 11:00 AM - 3:00 PM NPT,2913,Mountain Energy Nepal Limited,MEN,,,,0.02,,,,,,,,,,,,,,,,615.0,615.0,0.1,,,,,,,7,"price_volume, live_market, summary, top_gainers, top_losers, nepse_index, supply_demand",5576
2026-08-16T13:33:38.194661+05:45,2026-08-16 13:33:38,top_gainers,top_gainers_128,True,cloud_automated,Sunday - Trading Hours: 11:00 AM - 3:00 PM NPT,9167,Mai Khola Hydropower Limited,MKHL,,,,0.02,,,,,,,,,,,,,,,,500.1,500.1,0.1,,,,,,,7,"price_volume, live_market, summary, top_gainers, top_losers, nepse_index, supply_demand",5576
2026-08-16T13:33:38.194661+05:45,2026-08-16 13:33:38,top_gainers,top_gainers_129,True,cloud_automated,Sunday - Trading Hours: 11:00 AM - 3:00 PM NPT,2915,Prabhu Mahalaxmi Life Insurance Limited,PMLI,,,,0.02,,,,,,,,,,,,,,,,431.1,431.1,0.1,,,,,,,7,"price_volume, live_market, summary, top_gainers, top_losers, nepse_index, supply_demand",5576
2026-08-16T13:33:38.194661+05:45,2026-08-16 13:33:38,top_losers,top_losers_1,True,cloud_automated,Sunday - Trading Hours: 11:00 AM - 3:00 PM NPT,9323,Super Khudi Hydropower Limited,SKHL,,,,-12.83,,,,,,,,,,,,,,,,870.0,870.0,-128.0,,,,,,,7,"price_volume, live_market, summary, top_gainers, top_losers, nepse_index, supply_demand",5576
2026-08-16T13:33:38.194661+05:45,2026-08-16 13:33:38,top_losers,top_losers_2,True,cloud_automated,Sunday - Trading Hours: 11:00 AM - 3:00 PM NPT,9304,Citizens Santulit Yojana,CSY,,,,-8.33,,,,,,,,,,,,,,,,8.25,8.25,-0.75,,,,,,,7,"price_volume, live_market, summary, top_gainers, top_losers, nepse_index, supply_demand",5576
2026-08-16T13:33:38.194661+05:45,2026-08-16 13:33:38,top_losers,top_losers_3,True,cloud_automated,Sunday - Trading Hours: 11:00 AM - 3:00 PM NPT,6985,Shangri-la Development Bank Debenture 2087,SDBD87,,,,-5.91,,,,,,,,,,,,,,,,1167.7,1167.7,-73.3,,,,,,,7,"price_volume, live_market, summary, top_gainers, top_losers, nepse_index, supply_demand",5576
2026-08-16T13:33:38.194661+05:45,2026-08-16 13:33:38,top_losers,top_losers_4,True,cloud_automated,Sunday - Trading Hours: 11:00 AM - 3:00 PM NPT,9208,Upper Lohore Khola Hydropower Company Limited,ULHC,,,,-4.74,,,,,,,,,,,,,,,,342.0,342.0,-17.0,,,,,,,7,"price_volume, live_market, summary, top_gainers, top_losers, nepse_index, supply_demand",5576
2026-08-16T13:33:38.194661+05:45,2026-08-16 13:33:38,top_losers,top_losers_5,True,cloud_automated,Sunday - Trading Hours: 11:00 AM - 3:00 PM NPT,9203,Manakamana Engineering Hydropower Limited,MEHL,,,,-3.36,,,,,,,,,,,,,,,,279.0,279.0,-9.7,,,,,,,7,"price_volume, live_market, summary, top_gainers, top_losers, nepse_index, supply_demand",5576
2026-08-16T13:33:38.194661+05:45,2026-08-16 13:33:38,top_losers,top_losers_6,True,cloud_automated,Sunday - Trading Hours: 11:00 AM - 3:00 PM NPT,2864,10.25% SBL Debenture 2083,SBLD83,,,,-3.06,,,,,,,,,,,,,,,,1006.2,1006.2,-31.8,,,,,,,7,"price_volume, live_market, summary, top_gainers, top_losers, nepse_index, supply_demand",5576
2026-08-16T13:33:38.194661+05:45,2026-08-16 13:33:38,top_losers,top_losers_7,True,cloud_automated,Sunday - Trading Hours: 11:00 AM - 3:00 PM NPT,2868,10.25% NIC Asia Debenture 2083/84,NICD83/84,,,,-3.06,,,,,,,,,,,,,,,,1005.3,1005.3,-31.7,,,,,,,7,"price_volume, live_market, summary, top_gainers, top_losers, nepse_index, supply_demand",5576
2026-08-16T13:33:38.194661+05:45,2026-08-16 13:33:38,top_losers,top_losers_8,True,cloud_automated,Sunday - Trading Hours: 11:00 AM - 3:00 PM NPT,204,Gurkhas Finance Ltd.,GUFL,,,,-3.01,,,,,,,,,,,,,,,,551.0,551.0,-17.1,,,,,,,7,"price_volume, live_market, summary, top_gainers, top_losers, nepse_index, supply_demand",5576
2026-08-16T13:33:38.194661+05:45,2026-08-16 13:33:38,top_losers,top_losers_9,True,cloud_automated,Sunday - Trading Hours: 11:00 AM - 3:00 PM NPT,9214,Bhagawati Hydropower Development Company Limited,BGWT,,,,-3.0,,,,,,,,,,,,,,,,514.1,514.1,-15.9,,,,,,,7,"price_volume, live_market, summary, top_gainers, top_losers, nepse_index, supply_demand",5576
2026-08-16T13:33:38.194661+05:45,2026-08-16 13:33:38,top_losers,top_losers_10,True,cloud_automated,Sunday - Trading Hours: 11:00 AM - 3:00 PM NPT,2806,Ghalemdi Hydro Limited,GHL,,,,-3.0,,,,,,,,,,,,,,,,249.0,249.0,-7.7,,,,,,,7,"price_volume, live_market, summary, top_gainers, top_losers, nepse_index, supply_demand",5576
2026-08-16T13:33:38.194661+05:45,2026-08-16 13:33:38,top_losers,top_losers_11,True,cloud_automated,Sunday - Trading Hours: 11:00 AM - 3:00 PM NPT,2923,Sanima Large Cap Fund,SLCF,,,,-3.0,,,,,,,,,,,,,,,,9.7,9.7,-0.3,,,,,,,7,"price_volume, live_market, summary, top_gainers, top_losers, nepse_index, supply_demand",5576
2026-08-16T13:33:38.194661+05:45,2026-08-16 13:33:38,top_losers,top_losers_12,True,cloud_automated,Sunday - Trading Hours: 11:00 AM - 3:00 PM NPT,156,Bishal Bazar Company Limited,BBC,,,,-2.86,,,,,,,,,,,,,,,,4080.0,4080.0,-120.0,,,,,,,7,"price_volume, live_market, summary, top_gainers, top_losers, nepse_index, supply_demand",5576
2026-08-16T13:33:38.194661+05:45,2026-08-16 13:33:38,top_losers,top_losers_13,True,cloud_automated,Sunday - Trading Hours: 11:00 AM - 3:00 PM NPT,583,Grameen Bikas Laghubitta Bittiya Sanstha Ltd.,GBLBS,,,,-2.78,,,,,,,,,,,,,,,,722.9,722.9,-20.7,,,,,,,7,"price_volume, live_market, summary, top_gainers, top_losers, nepse_index, supply_demand",5576
2026-08-16T13:33:38.194661+05:45,2026-08-16 13:33:38,top_losers,top_losers_14,True,cloud_automated,Sunday - Trading Hours: 11:00 AM - 3:00 PM NPT,9294,Sagar Distillery Limited,SAGAR,,,,-2.76,,,,,,,,,,,,,,,,1653.0,1653.0,-47.0,,,,,,,7,"price_volume, live_market, summary, top_gainers, top_losers, nepse_index, supply_demand",5576
2026-08-16T13:33:38.194661+05:45,2026-08-16 13:33:38,top_losers,top_losers_15,True,cloud_automated,Sunday - Trading Hours: 11:00 AM - 3:00 PM NPT,693,Himalayan Laghubitta Bittiya Sanstha Limited,HLBSL,,,,-2.61,,,,,,,,,,,,,,,,856.1,856.1,-22.9,,,,,,,7,"price_volume, live_market, summary, top_gainers, top_losers, nepse_index, supply_demand",5576
2026-08-16T13:33:38.194661+05:45,2026-08-16 13:33:38,top_losers,top_losers_16,True,cloud_automated,Sunday - Trading Hours: 11:00 AM - 3:00 PM NPT,2875,10.25% Prabhu Bank  Debenture 2086,PBLD86,,,,-2.56,,,,,,,,,,,,,,,,1102.0,1102.0,-29.0,,,,,,,7,"price_volume, live_market, summary, top_gainers, top_losers, nepse_index, supply_demand",5576
2026-08-16T13:33:38.194661+05:45,2026-08-16 13:33:38,top_losers,top_losers_17,True,cloud_automated,Sunday - Trading Hours: 11:00 AM - 3:00 PM NPT,8097,10% Prime Debenture 2088,PBD88,,,,-2.5,,,,,,,,,,,,,,,,1170.0,1170.0,-30.0,,,,,,,7,"price_volume, live_market, summary, top_gainers, top_losers, nepse_index, supply_demand",5576
2026-08-16T13:33:38.194661+05:45,2026-08-16 13:33:38,top_losers,top_losers_18,True,cloud_automated,Sunday - Trading Hours: 11:00 AM - 3:00 PM NPT,2925,Mahila Lagubitta Bittiya Sanstha Limited ,MLBSL,,,,-2.37,,,,,,,,,,,,,,,,1279.0,1279.0,-31.0,,,,,,,7,"price_volume, live_market, summary, top_gainers, top_losers, nepse_index, supply_demand",5576
2026-08-16T13:33:38.194661+05:45,2026-08-16 13:33:38,top_losers,top_losers_19,True,cloud_automated,Sunday - Trading Hours: 11:00 AM - 3:00 PM NPT,2781,Wean Nepal Laghubitta Bittiya Sanstha Limited,WNLB,,,,-2.33,,,,,,,,,,,,,,,,1301.0,1301.0,-31.0,,,,,,,7,"price_volume, live_market, summary, top_gainers, top_losers, nepse_index, supply_demand",5576
2026-08-16T13:33:38.194661+05:45,2026-08-16 13:33:38,top_losers,top_losers_20,True,cloud_automated,Sunday - Trading Hours: 11:00 AM - 3:00 PM NPT,213,Bottlers Nepal (Terai) Limited,BNT,,,,-2.3,,,,,,,,,,,,,,,,11625.0,11625.0,-274.0,,,,,,,7,"price_volume, live_market, summary, top_gainers, top_losers, nepse_index, supply_demand",5576
2026-08-16T13:33:38.194661+05:45,2026-08-16 13:33:38,top_losers,top_losers_21,True,cloud_automated,Sunday - Trading Hours: 11:00 AM - 3:00 PM NPT,140,Machhapuchhre Bank Limited,MBL,,,,-2.28,,,,,,,,,,,,,,,,249.0,249.0,-5.8,,,,,,,7,"price_volume, live_market, summary, top_gainers, top_losers, nepse_index, supply_demand",5576
2026-08-16T13:33:38.194661+05:45,2026-08-16 13:33:38,top_losers,top_losers_22,True,cloud_automated,Sunday - Trading Hours: 11:00 AM - 3:00 PM NPT,8066,River Falls Power Limited,RFPL,,,,-2.25,,,,,,,,,,,,,,,,339.2,339.2,-7.8,,,,,,,7,"price_volume, live_market, summary, top_gainers, top_losers, nepse_index, supply_demand",5576
2026-08-16T13:33:38.194661+05:45,2026-08-16 13:33:38,top_losers,top_losers_23,True,cloud_automated,Sunday - Trading Hours: 11:00 AM - 3:00 PM NPT,9305,Salapa Bikas Bank Limited,SABBL,,,,-2.21,,,,,,,,,,,,,,,,930.0,930.0,-21.0,,,,,,,7,"price_volume, live_market, summary, top_gainers, top_losers, nepse_index, supply_demand",5576
2026-08-16T13:33:38.194661+05:45,2026-08-16 13:33:38,top_losers,top_losers_24,True,cloud_automated,Sunday - Trading Hours: 11:00 AM - 3:00 PM NPT,2898,NRN Infrastructure and Development Limited,NRN,,,,-2.1,,,,,,,,,,,,,,,,1390.0,1390.0,-29.8,,,,,,,7,"price_volume, live_market, summary, top_gainers, top_losers, nepse_index, supply_demand",5576
2026-08-16T13:33:38.194661+05:45,2026-08-16 13:33:38,top_losers,top_losers_25,True,cloud_automated,Sunday - Trading Hours: 11:00 AM - 3:00 PM NPT,9241,Kumari Sabal Yojana,KSY,,,,-2.04,,,,,,,,,,,,,,,,9.11,9.11,-0.19,,,,,,,7,"price_volume, live_market, summary, top_gainers, top_losers, nepse_index, supply_demand",5576
2026-08-16T13:33:38.194661+05:45,2026-08-16 13:33:38,top_losers,top_losers_26,True,cloud_automated,Sunday - Trading Hours: 11:00 AM - 3:00 PM NPT,2748,RSDC Laghubitta Bittiya Sanstha Ltd.,RSDC,,,,-2.02,,,,,,,,,,,,,,,,632.0,632.0,-13.0,,,,,,,7,"price_volume, live_market, summary, top_gainers, top_losers, nepse_index, supply_demand",5576
2026-08-16T13:33:38.194661+05:45,2026-08-16 13:33:38,top_losers,top_losers_27,True,cloud_automated,Sunday - Trading Hours: 11:00 AM - 3:00 PM NPT,8125,NMB Sulav Investment Fund - 2,NSIF2,,,,-2.02,,,,,,,,,,,,,,,,10.67,10.67,-0.22,,,,,,,7,"price_volume, live_market, summary, top_gainers, top_losers, nepse_index, supply_demand",5576
2026-08-16T13:33:38.194661+05:45,2026-08-16 13:33:38,top_losers,top_losers_28,True,cloud_automated,Sunday - Trading Hours: 11:00 AM - 3:00 PM NPT,9302,RBB Focus 40,RBBF40,,,,-1.96,,,,,,,,,,,,,,,,9.01,9.01,-0.18,,,,,,,7,"price_volume, live_market, summary, top_gainers, top_losers, nepse_index, supply_demand",5576
2026-08-16T13:33:38.194661+05:45,2026-08-16 13:33:38,top_losers,top_losers_29,True,cloud_automated,Sunday - Trading Hours: 11:00 AM - 3:00 PM NPT,8018,Manushi Laghubitta Bittiya Sanstha Limited,MLBS,,,,-1.92,,,,,,,,,,,,,,,,1116.1,1116.1,-21.9,,,,,,,7,"price_volume, live_market, summary, top_gainers, top_losers, nepse_index, supply_demand",5576
2026-08-16T13:33:38.194661+05:45,2026-08-16 13:33:38,top_losers,top_losers_30,True,cloud_automated,Sunday - Trading Hours: 11:00 AM - 3:00 PM NPT,9194,Three Star Hydropower Limited,TSHL,,,,-1.9,,,,,,,,,,,,,,,,361.0,361.0,-7.0,,,,,,,7,"price_volume, live_market, summary, top_gainers, top_losers, nepse_index, supply_demand",5576
2026-08-16T13:33:38.194661+05:45,2026-08-16 13:33:38,top_losers,top_losers_31,True,cloud_automated,Sunday - Trading Hours: 11:00 AM - 3:00 PM NPT,2815,Ganapati Laghubitta Bittiya Sanstha Limited,GMFBS,,,,-1.86,,,,,,,,,,,,,,,,1158.0,1158.0,-22.0,,,,,,,7,"price_volume, live_market, summary, top_gainers, top_losers, nepse_index, supply_demand",5576
2026-08-16T13:33:38.194661+05:45,2026-08-16 13:33:38,top_losers,top_losers_32,True,cloud_automated,Sunday - Trading Hours: 11:00 AM - 3:00 PM NPT,9330,Palpa Cement Industries Limited,PCIL,,,,-1.83,,,,,,,,,,,,,,,,639.0,639.0,-11.9,,,,,,,7,"price_volume, live_market, summary, top_gainers, top_losers, nepse_index, supply_demand",5576
2026-08-16T13:33:38.194661+05:45,2026-08-16 13:33:38,top_losers,top_losers_33,True,cloud_automated,Sunday - Trading Hours: 11:00 AM - 3:00 PM NPT,185,Sagarmatha Lumbini Insurance Co. Limited,SALICO,,,,-1.82,,,,,,,,,,,,,,,,588.0,588.0,-10.9,,,,,,,7,"price_volume, live_market, summary, top_gainers, top_losers, nepse_index, supply_demand",5576
2026-08-16T13:33:38.194661+05:45,2026-08-16 13:33:38,top_losers,top_losers_34,True,cloud_automated,Sunday - Trading Hours: 11:00 AM - 3:00 PM NPT,227,Best Finance Company Ltd.,BFC,,,,-1.82,,,,,,,,,,,,,,,,485.0,485.0,-9.0,,,,,,,7,"price_volume, live_market, summary, top_gainers, top_losers, nepse_index, supply_demand",5576
2026-08-16T13:33:38.194661+05:45,2026-08-16 13:33:38,top_losers,top_losers_35,True,cloud_automated,Sunday - Trading Hours: 11:00 AM - 3:00 PM NPT,263,Guheshowori Merchant Bank & Finance Co. Ltd.,GMFIL,,,,-1.76,,,,,,,,,,,,,,,,447.0,447.0,-8.0,,,,,,,7,"price_volume, live_market, summary, top_gainers, top_losers, nepse_index, supply_demand",5576
2026-08-16T13:33:38.194661+05:45,2026-08-16 13:33:38,top_losers,top_losers_36,True,cloud_automated,Sunday - Trading Hours: 11:00 AM - 3:00 PM NPT,2789,Joshi Hydropower Development Company Ltd,JOSHI,,,,-1.72,,,,,,,,,,,,,,,,280.0,280.0,-4.9,,,,,,,7,"price_volume, live_market, summary, top_gainers, top_losers, nepse_index, supply_demand",5576
2026-08-16T13:33:38.194661+05:45,2026-08-16 13:33:38,top_losers,top_losers_37,True,cloud_automated,Sunday - Trading Hours: 11:00 AM - 3:00 PM NPT,250,Janaki Finance Company Limited,JFL,,,,-1.71,,,,,,,,,,,,,,,,380.3,380.3,-6.6,,,,,,,7,"price_volume, live_market, summary, top_gainers, top_losers, nepse_index, supply_demand",5576
2026-08-16T13:33:38.194661+05:45,2026-08-16 13:33:38,top_losers,top_losers_38,True,cloud_automated,Sunday - Trading Hours: 11:00 AM - 3:00 PM NPT,9347,Everest Colour Limited,ECL,,,,-1.65,,,,,,,,,,,,,,,,1534.1,1534.1,-25.8,,,,,,,7,"price_volume, live_market, summary, top_gainers, top_losers, nepse_index, supply_demand",5576
2026-08-16T13:33:38.194661+05:45,2026-08-16 13:33:38,top_losers,top_losers_39,True,cloud_automated,Sunday - Trading Hours: 11:00 AM - 3:00 PM NPT,8100,Swet-Ganga Hydropower & Construction Limited ,SGHC,,,,-1.64,,,,,,,,,,,,,,,,299.0,299.0,-5.0,,,,,,,7,"price_volume, live_market, summary, top_gainers, top_losers, nepse_index, supply_demand",5576
2026-08-16T13:33:38.194661+05:45,2026-08-16 13:33:38,top_losers,top_losers_40,True,cloud_automated,Sunday - Trading Hours: 11:00 AM - 3:00 PM NPT,2882,12% ICFC Finance Limited Debenture 2083,ICFCD83,,,,-1.62,,,,,,,,,,,,,,,,1032.0,1032.0,-17.0,,,,,,,7,"price_volume, live_market, summary, top_gainers, top_losers, nepse_index, supply_demand",5576
2026-08-16T13:33:38.194661+05:45,2026-08-16 13:33:38,top_losers,top_losers_41,True,cloud_automated,Sunday - Trading Hours: 11:00 AM - 3:00 PM NPT,9329,Shikhar power Development Limited,SIPD,,,,-1.62,,,,,,,,,,,,,,,,669.0,669.0,-11.0,,,,,,,7,"price_volume, live_market, summary, top_gainers, top_losers, nepse_index, supply_demand",5576
2026-08-16T13:33:38.194661+05:45,2026-08-16 13:33:38,top_losers,top_losers_42,True,cloud_automated,Sunday - Trading Hours: 11:00 AM - 3:00 PM NPT,9270,Him Star Urja Company Limited,HIMSTAR,,,,-1.61,,,,,,,,,,,,,,,,690.0,690.0,-11.3,,,,,,,7,"price_volume, live_market, summary, top_gainers, top_losers, nepse_index, supply_demand",5576
2026-08-16T13:33:38.194661+05:45,2026-08-16 13:33:38,top_losers,top_losers_43,True,cloud_automated,Sunday - Trading Hours: 11:00 AM - 3:00 PM NPT,255,Prabhu  Bank Limited,PRVU,,,,-1.58,,,,,,,,,,,,,,,,187.0,187.0,-3.0,,,,,,,7,"price_volume, live_market, summary, top_gainers, top_losers, nepse_index, supply_demand",5576
2026-08-16T13:33:38.194661+05:45,2026-08-16 13:33:38,top_losers,top_losers_44,True,cloud_automated,Sunday - Trading Hours: 11:00 AM - 3:00 PM NPT,2919,Nepal Infrastructure Bank Limited,NIFRA,,,,-1.55,,,,,,,,,,,,,,,,248.1,248.1,-3.9,,,,,,,7,"price_volume, live_market, summary, top_gainers, top_losers, nepse_index, supply_demand",5576
2026-08-16T13:33:38.194661+05:45,2026-08-16 13:33:38,top_losers,top_losers_45,True,cloud_automated,Sunday - Trading Hours: 11:00 AM - 3:00 PM NPT,9232,Chirkhwa Hydropower Limited ,CKHL,,,,-1.54,,,,,,,,,,,,,,,,600.6,600.6,-9.4,,,,,,,7,"price_volume, live_market, summary, top_gainers, top_losers, nepse_index, supply_demand",5576
2026-08-16T13:33:38.194661+05:45,2026-08-16 13:33:38,top_losers,top_losers_46,True,cloud_automated,Sunday - Trading Hours: 11:00 AM - 3:00 PM NPT,396,Nerude Mirmire Laghubitta Bittiya Sanstha Limited,NMLBBL,,,,-1.54,,,,,,,,,,,,,,,,512.0,512.0,-8.0,,,,,,,7,"price_volume, live_market, summary, top_gainers, top_losers, nepse_index, supply_demand",5576
2026-08-16T13:33:38.194661+05:45,2026-08-16 13:33:38,top_losers,top_losers_47,True,cloud_automated,Sunday - Trading Hours: 11:00 AM - 3:00 PM NPT,2860,Saptakoshi Development Bank Ltd,SAPDBL,,,,-1.51,,,,,,,,,,,,,,,,787.8,787.8,-12.1,,,,,,,7,"price_volume, live_market, summary, top_gainers, top_losers, nepse_index, supply_demand",5576
2026-08-16T13:33:38.194661+05:45,2026-08-16 13:33:38,top_losers,top_losers_48,True,cloud_automated,Sunday - Trading Hours: 11:00 AM - 3:00 PM NPT,9161,Aatmanirbhar Laghubitta Bittiya Sanstha Limited,ANLB,,,,-1.48,,,,,,,,,,,,,,,,5320.0,5320.0,-80.0,,,,,,,7,"price_volume, live_market, summary, top_gainers, top_losers, nepse_index, supply_demand",5576
2026-08-16T13:33:38.194661+05:45,2026-08-16 13:33:38,top_losers,top_losers_49,True,cloud_automated,Sunday - Trading Hours: 11:00 AM - 3:00 PM NPT,9173,City Hotel Limited,CITY,,,,-1.43,,,,,,,,,,,,,,,,365.0,365.0,-5.3,,,,,,,7,"price_volume, live_market, summary, top_gainers, top_losers, nepse_index, supply_demand",5576
2026-08-16T13:33:38.194661+05:45,2026-08-16 13:33:38,top_losers,top_losers_50,True,cloud_automated,Sunday - Trading Hours: 11:00 AM - 3:00 PM NPT,9158,Molung Hydropower Company Limited,MHCL,,,,-1.43,,,,,,,,,,,,,,,,311.0,311.0,-4.5,,,,,,,7,"price_volume, live_market, summary, top_gainers, top_losers, nepse_index, supply_demand",5576
2026-08-16T13:33:38.194661+05:45,2026-08-16 13:33:38,top_losers,top_losers_51,True,cloud_automated,Sunday - Trading Hours: 11:00 AM - 3:00 PM NPT,152,National Hydro Power Company Limited,NHPC,,,,-1.43,,,,,,,,,,,,,,,,268.0,268.0,-3.9,,,,,,,7,"price_volume, live_market, summary, top_gainers, top_losers, nepse_index, supply_demand",5576
2026-08-16T13:33:38.194661+05:45,2026-08-16 13:33:38,top_losers,top_losers_52,True,cloud_automated,Sunday - Trading Hours: 11:00 AM - 3:00 PM NPT,2826,Gurans Laghubitta Bittiya Sanstha Limited,GLBSL,,,,-1.42,,,,,,,,,,,,,,,,1732.0,1732.0,-25.0,,,,,,,7,"price_volume, live_market, summary, top_gainers, top_losers, nepse_index, supply_demand",5576
2026-08-16T13:33:38.194661+05:45,2026-08-16 13:33:38,top_losers,top_losers_53,True,cloud_automated,Sunday - Trading Hours: 11:00 AM - 3:00 PM NPT,274,Excel Development Bank Ltd.,EDBL,,,,-1.38,,,,,,,,,,,,,,,,578.9,578.9,-8.1,,,,,,,7,"price_volume, live_market, summary, top_gainers, top_losers, nepse_index, supply_demand",5576
2026-08-16T13:33:38.194661+05:45,2026-08-16 13:33:38,top_losers,top_losers_54,True,cloud_automated,Sunday - Trading Hours: 11:00 AM - 3:00 PM NPT,9196,Kutheli Bukhari Small Hydropower Limited,KBSH,,,,-1.35,,,,,,,,,,,,,,,,944.9,944.9,-12.9,,,,,,,7,"price_volume, live_market, summary, top_gainers, top_losers, nepse_index, supply_demand",5576
2026-08-16T13:33:38.194661+05:45,2026-08-16 13:33:38,top_losers,top_losers_55,True,cloud_automated,Sunday - Trading Hours: 11:00 AM - 3:00 PM NPT,2754,Dibyashwori Hydropower Ltd.,DHPL,,,,-1.35,,,,,,,,,,,,,,,,286.0,286.0,-3.9,,,,,,,7,"price_volume, live_market, summary, top_gainers, top_losers, nepse_index, supply_demand",5576
2026-08-16T13:33:38.194661+05:45,2026-08-16 13:33:38,top_losers,top_losers_56,True,cloud_automated,Sunday - Trading Hours: 11:00 AM - 3:00 PM NPT,2841,RASUWAGADHI HYDROPOWER COMPANY LIMITED,RHPL,,,,-1.35,,,,,,,,,,,,,,,,255.5,255.5,-3.5,,,,,,,7,"price_volume, live_market, summary, top_gainers, top_losers, nepse_index, supply_demand",5576
2026-08-16T13:33:38.194661+05:45,2026-08-16 13:33:38,top_losers,top_losers_57,True,cloud_automated,Sunday - Trading Hours: 11:00 AM - 3:00 PM NPT,9263,Sanvi Energy Limited,SANVI,,,,-1.34,,,,,,,,,,,,,,,,587.0,587.0,-8.0,,,,,,,7,"price_volume, live_market, summary, top_gainers, top_losers, nepse_index, supply_demand",5576
2026-08-16T13:33:38.194661+05:45,2026-08-16 13:33:38,top_losers,top_losers_58,True,cloud_automated,Sunday - Trading Hours: 11:00 AM - 3:00 PM NPT,9215,Mid Solu Hydropower Limited,MSHL,,,,-1.33,,,,,,,,,,,,,,,,594.0,594.0,-8.0,,,,,,,7,"price_volume, live_market, summary, top_gainers, top_losers, nepse_index, supply_demand",5576
2026-08-16T13:33:38.194661+05:45,2026-08-16 13:33:38,top_losers,top_losers_59,True,cloud_automated,Sunday - Trading Hours: 11:00 AM - 3:00 PM NPT,9311,Solu Hydropower Limited,SOHL,,,,-1.32,,,,,,,,,,,,,,,,671.0,671.0,-9.0,,,,,,,7,"price_volume, live_market, summary, top_gainers, top_losers, nepse_index, supply_demand",5576
2026-08-16T13:33:38.194661+05:45,2026-08-16 13:33:38,top_losers,top_losers_60,True,cloud_automated,Sunday - Trading Hours: 11:00 AM - 3:00 PM NPT,9159,Sagarmatha Jalabidhyut Company Limited,SMJC,,,,-1.32,,,,,,,,,,,,,,,,432.2,432.2,-5.8,,,,,,,7,"price_volume, live_market, summary, top_gainers, top_losers, nepse_index, supply_demand",5576
2026-08-16T13:33:38.194661+05:45,2026-08-16 13:33:38,top_losers,top_losers_61,True,cloud_automated,Sunday - Trading Hours: 11:00 AM - 3:00 PM NPT,2831,Union Hydropower Limited,UNHPL,,,,-1.32,,,,,,,,,,,,,,,,374.0,374.0,-5.0,,,,,,,7,"price_volume, live_market, summary, top_gainers, top_losers, nepse_index, supply_demand",5576
2026-08-16T13:33:38.194661+05:45,2026-08-16 13:33:38,top_losers,top_losers_62,True,cloud_automated,Sunday - Trading Hours: 11:00 AM - 3:00 PM NPT,8117,Aviyan Laghubitta Bittiya Sanstha Limited,AVYAN,,,,-1.29,,,,,,,,,,,,,,,,1075.0,1075.0,-14.0,,,,,,,7,"price_volume, live_market, summary, top_gainers, top_losers, nepse_index, supply_demand",5576
2026-08-16T13:33:38.194661+05:45,2026-08-16 13:33:38,top_losers,top_losers_63,True,cloud_automated,Sunday - Trading Hours: 11:00 AM - 3:00 PM NPT,516,Manjushree Finance Ltd.,MFIL,,,,-1.27,,,,,,,,,,,,,,,,757.0,757.0,-9.7,,,,,,,7,"price_volume, live_market, summary, top_gainers, top_losers, nepse_index, supply_demand",5576
2026-08-16T13:33:38.194661+05:45,2026-08-16 13:33:38,top_losers,top_losers_64,True,cloud_automated,Sunday - Trading Hours: 11:00 AM - 3:00 PM NPT,9257,MBL Equity Fund,MBLEF,,,,-1.24,,,,,,,,,,,,,,,,10.38,10.38,-0.13,,,,,,,7,"price_volume, live_market, summary, top_gainers, top_losers, nepse_index, supply_demand",5576
2026-08-16T13:33:38.194661+05:45,2026-08-16 13:33:38,top_losers,top_losers_65,True,cloud_automated,Sunday - Trading Hours: 11:00 AM - 3:00 PM NPT,2768,Mahuli Laghubitta Bittiya Sanstha Limited,MSLB,,,,-1.19,,,,,,,,,,,,,,,,1245.0,1245.0,-15.0,,,,,,,7,"price_volume, live_market, summary, top_gainers, top_losers, nepse_index, supply_demand",5576
2026-08-16T13:33:38.194661+05:45,2026-08-16 13:33:38,top_losers,top_losers_66,True,cloud_automated,Sunday - Trading Hours: 11:00 AM - 3:00 PM NPT,9336,Sopan Pharmaceuticals Limited,SOPL,,,,-1.12,,,,,,,,,,,,,,,,796.0,796.0,-9.0,,,,,,,7,"price_volume, live_market, summary, top_gainers, top_losers, nepse_index, supply_demand",5576
2026-08-16T13:33:38.194661+05:45,2026-08-16 13:33:38,top_losers,top_losers_67,True,cloud_automated,Sunday - Trading Hours: 11:00 AM - 3:00 PM NPT,2766,Chhyangdi Hydropower Ltd.,CHL,,,,-1.1,,,,,,,,,,,,,,,,269.0,269.0,-3.0,,,,,,,7,"price_volume, live_market, summary, top_gainers, top_losers, nepse_index, supply_demand",5576
2026-08-16T13:33:38.194661+05:45,2026-08-16 13:33:38,top_losers,top_losers_68,True,cloud_automated,Sunday - Trading Hours: 11:00 AM - 3:00 PM NPT,245,Central Finance Co. Ltd.,CFCL,,,,-1.08,,,,,,,,,,,,,,,,639.0,639.0,-7.0,,,,,,,7,"price_volume, live_market, summary, top_gainers, top_losers, nepse_index, supply_demand",5576
2026-08-16T13:33:38.194661+05:45,2026-08-16 13:33:38,top_losers,top_losers_69,True,cloud_automated,Sunday - Trading Hours: 11:00 AM - 3:00 PM NPT,8032,Buddha Bhumi Nepal Hydropower Company Limited,BNHC,,,,-1.08,,,,,,,,,,,,,,,,282.9,282.9,-3.1,,,,,,,7,"price_volume, live_market, summary, top_gainers, top_losers, nepse_index, supply_demand",5576
2026-08-16T13:33:38.194661+05:45,2026-08-16 13:33:38,top_losers,top_losers_70,True,cloud_automated,Sunday - Trading Hours: 11:00 AM - 3:00 PM NPT,2742,Hydorelectricity Investment and Development Company Ltd,HIDCL,,,,-1.08,,,,,,,,,,,,,,,,256.0,256.0,-2.8,,,,,,,7,"price_volume, live_market, summary, top_gainers, top_losers, nepse_index, supply_demand",5576
2026-08-16T13:33:38.194661+05:45,2026-08-16 13:33:38,top_losers,top_losers_71,True,cloud_automated,Sunday - Trading Hours: 11:00 AM - 3:00 PM NPT,348,Citizens Bank International Limited,CZBIL,,,,-1.07,,,,,,,,,,,,,,,,202.7,202.7,-2.2,,,,,,,7,"price_volume, live_market, summary, top_gainers, top_losers, nepse_index, supply_demand",5576
2026-08-16T13:33:38.194661+05:45,2026-08-16 13:33:38,top_losers,top_losers_72,True,cloud_automated,Sunday - Trading Hours: 11:00 AM - 3:00 PM NPT,8102,Mandakini Hydropower Limited,MHL,,,,-1.06,,,,,,,,,,,,,,,,465.0,465.0,-5.0,,,,,,,7,"price_volume, live_market, summary, top_gainers, top_losers, nepse_index, supply_demand",5576
2026-08-16T13:33:38.194661+05:45,2026-08-16 13:33:38,top_losers,top_losers_73,True,cloud_automated,Sunday - Trading Hours: 11:00 AM - 3:00 PM NPT,2757,Arun Kabeli Power Ltd.,AKPL,,,,-1.06,,,,,,,,,,,,,,,,253.2,253.2,-2.7,,,,,,,7,"price_volume, live_market, summary, top_gainers, top_losers, nepse_index, supply_demand",5576
2026-08-16T13:33:38.194661+05:45,2026-08-16 13:33:38,top_losers,top_losers_74,True,cloud_automated,Sunday - Trading Hours: 11:00 AM - 3:00 PM NPT,559,NLG Insurance Company Ltd.,NLG,,,,-1.05,,,,,,,,,,,,,,,,565.0,565.0,-6.0,,,,,,,7,"price_volume, live_market, summary, top_gainers, top_losers, nepse_index, supply_demand",5576
2026-08-16T13:33:38.194661+05:45,2026-08-16 13:33:38,top_losers,top_losers_75,True,cloud_automated,Sunday - Trading Hours: 11:00 AM - 3:00 PM NPT,9254,NMB Hybrid Fund L- II,NMBHF2,,,,-1.03,,,,,,,,,,,,,,,,9.65,9.65,-0.1,,,,,,,7,"price_volume, live_market, summary, top_gainers, top_losers, nepse_index, supply_demand",5576
2026-08-16T13:33:38.194661+05:45,2026-08-16 13:33:38,top_losers,top_losers_76,True,cloud_automated,Sunday - Trading Hours: 11:00 AM - 3:00 PM NPT,2924,GreenLife Hydropower Limited,GLH,,,,-1.02,,,,,,,,,,,,,,,,261.1,261.1,-2.7,,,,,,,7,"price_volume, live_market, summary, top_gainers, top_losers, nepse_index, supply_demand",5576
2026-08-16T13:33:38.194661+05:45,2026-08-16 13:33:38,top_losers,top_losers_77,True,cloud_automated,Sunday - Trading Hours: 11:00 AM - 3:00 PM NPT,8106,Global IME Balanced Fund-1,GIBF1,,,,-1.02,,,,,,,,,,,,,,,,10.69,10.69,-0.11,,,,,,,7,"price_volume, live_market, summary, top_gainers, top_losers, nepse_index, supply_demand",5576
2026-08-16T13:33:38.194661+05:45,2026-08-16 13:33:38,top_losers,top_losers_78,True,cloud_automated,Sunday - Trading Hours: 11:00 AM - 3:00 PM NPT,9293,Daramkhola Hydro Energy Limited,DHEL,,,,-1.0,,,,,,,,,,,,,,,,594.0,594.0,-6.0,,,,,,,7,"price_volume, live_market, summary, top_gainers, top_losers, nepse_index, supply_demand",5576
2026-08-16T13:33:38.194661+05:45,2026-08-16 13:33:38,top_losers,top_losers_79,True,cloud_automated,Sunday - Trading Hours: 11:00 AM - 3:00 PM NPT,545,Swarojgar Laghubitta Bittiya Sanstha Ltd.,SLBBL,,,,-0.99,,,,,,,,,,,,,,,,802.0,802.0,-8.0,,,,,,,7,"price_volume, live_market, summary, top_gainers, top_losers, nepse_index, supply_demand",5576
2026-08-16T13:33:38.194661+05:45,2026-08-16 13:33:38,top_losers,top_losers_80,True,cloud_automated,Sunday - Trading Hours: 11:00 AM - 3:00 PM NPT,2886,10.35% Agricultural Bank Debenture 2083,ADBLD83,,,,-0.98,,,,,,,,,,,,,,,,1015.0,1015.0,-10.0,,,,,,,7,"price_volume, live_market, summary, top_gainers, top_losers, nepse_index, supply_demand",5576
2026-08-16T13:33:38.194661+05:45,2026-08-16 13:33:38,top_losers,top_losers_81,True,cloud_automated,Sunday - Trading Hours: 11:00 AM - 3:00 PM NPT,686,Barun Hydropower Co. Ltd.,BARUN,,,,-0.93,,,,,,,,,,,,,,,,320.0,320.0,-3.0,,,,,,,7,"price_volume, live_market, summary, top_gainers, top_losers, nepse_index, supply_demand",5576
2026-08-16T13:33:38.194661+05:45,2026-08-16 13:33:38,top_losers,top_losers_82,True,cloud_automated,Sunday - Trading Hours: 11:00 AM - 3:00 PM NPT,9149,Maya Khola Hydropower Company Limited,MKHC,,,,-0.92,,,,,,,,,,,,,,,,268.5,268.5,-2.5,,,,,,,7,"price_volume, live_market, summary, top_gainers, top_losers, nepse_index, supply_demand",5576
2026-08-16T13:33:38.194661+05:45,2026-08-16 13:33:38,top_losers,top_losers_83,True,cloud_automated,Sunday - Trading Hours: 11:00 AM - 3:00 PM NPT,147,Soaltee Hotel Limited,SHL,,,,-0.9,,,,,,,,,,,,,,,,504.4,504.4,-4.6,,,,,,,7,"price_volume, live_market, summary, top_gainers, top_losers, nepse_index, supply_demand",5576
2026-08-16T13:33:38.194661+05:45,2026-08-16 13:33:38,top_losers,top_losers_84,True,cloud_automated,Sunday - Trading Hours: 11:00 AM - 3:00 PM NPT,2917,Chandragiri Hills Limited,CGH,,,,-0.89,,,,,,,,,,,,,,,,777.7,777.7,-7.0,,,,,,,7,"price_volume, live_market, summary, top_gainers, top_losers, nepse_index, supply_demand",5576
2026-08-16T13:33:38.194661+05:45,2026-08-16 13:33:38,top_losers,top_losers_85,True,cloud_automated,Sunday - Trading Hours: 11:00 AM - 3:00 PM NPT,8041,NESDO Sambridha Laghubitta Bittiya Sanstha Limited,NESDO,,,,-0.88,,,,,,,,,,,,,,,,1454.0,1454.0,-12.9,,,,,,,7,"price_volume, live_market, summary, top_gainers, top_losers, nepse_index, supply_demand",5576
2026-08-16T13:33:38.194661+05:45,2026-08-16 13:33:38,top_losers,top_losers_86,True,cloud_automated,Sunday - Trading Hours: 11:00 AM - 3:00 PM NPT,2907,Shiva Shree Hydropower Ltd,SSHL,,,,-0.87,,,,,,,,,,,,,,,,204.6,204.6,-1.8,,,,,,,7,"price_volume, live_market, summary, top_gainers, top_losers, nepse_index, supply_demand",5576
2026-08-16T13:33:38.194661+05:45,2026-08-16 13:33:38,top_losers,top_losers_87,True,cloud_automated,Sunday - Trading Hours: 11:00 AM - 3:00 PM NPT,2881,Nepal Reinsurance Company Limited,NRIC,,,,-0.86,,,,,,,,,,,,,,,,918.0,918.0,-8.0,,,,,,,7,"price_volume, live_market, summary, top_gainers, top_losers, nepse_index, supply_demand",5576
2026-08-16T13:33:38.194661+05:45,2026-08-16 13:33:38,top_losers,top_losers_88,True,cloud_automated,Sunday - Trading Hours: 11:00 AM - 3:00 PM NPT,9296,Bungal Hydro Limited,BUNGAL,,,,-0.84,,,,,,,,,,,,,,,,580.1,580.1,-4.9,,,,,,,7,"price_volume, live_market, summary, top_gainers, top_losers, nepse_index, supply_demand",5576
2026-08-16T13:33:38.194661+05:45,2026-08-16 13:33:38,top_losers,top_losers_89,True,cloud_automated,Sunday - Trading Hours: 11:00 AM - 3:00 PM NPT,610,Ridi Power Company Limited,RIDI,,,,-0.84,,,,,,,,,,,,,,,,367.9,367.9,-3.1,,,,,,,7,"price_volume, live_market, summary, top_gainers, top_losers, nepse_index, supply_demand",5576
2026-08-16T13:33:38.194661+05:45,2026-08-16 13:33:38,top_losers,top_losers_90,True,cloud_automated,Sunday - Trading Hours: 11:00 AM - 3:00 PM NPT,9286,Shine Resunga Debenture,SHINED,,,,-0.83,,,,,,,,,,,,,,,,1081.0,1081.0,-9.0,,,,,,,7,"price_volume, live_market, summary, top_gainers, top_losers, nepse_index, supply_demand",5576
2026-08-16T13:33:38.194661+05:45,2026-08-16 13:33:38,top_losers,top_losers_91,True,cloud_automated,Sunday - Trading Hours: 11:00 AM - 3:00 PM NPT,2788,Ankhu Khola Jalvidhyut Company Ltd,AKJCL,,,,-0.83,,,,,,,,,,,,,,,,360.0,360.0,-3.0,,,,,,,7,"price_volume, live_market, summary, top_gainers, top_losers, nepse_index, supply_demand",5576
2026-08-16T13:33:38.194661+05:45,2026-08-16 13:33:38,top_losers,top_losers_92,True,cloud_automated,Sunday - Trading Hours: 11:00 AM - 3:00 PM NPT,2761,Samata Gharelu Laghubitta Bittiya Sanstha Limited,SMATA,,,,-0.82,,,,,,,,,,,,,,,,722.0,722.0,-6.0,,,,,,,7,"price_volume, live_market, summary, top_gainers, top_losers, nepse_index, supply_demand",5576
2026-08-16T13:33:38.194661+05:45,2026-08-16 13:33:38,top_losers,top_losers_93,True,cloud_automated,Sunday - Trading Hours: 11:00 AM - 3:00 PM NPT,371,Miteri Development Bank Limited,MDB,,,,-0.81,,,,,,,,,,,,,,,,579.0,579.0,-4.7,,,,,,,7,"price_volume, live_market, summary, top_gainers, top_losers, nepse_index, supply_demand",5576
2026-08-16T13:33:38.194661+05:45,2026-08-16 13:33:38,top_losers,top_losers_94,True,cloud_automated,Sunday - Trading Hours: 11:00 AM - 3:00 PM NPT,2759,Synergy Power Development Ltd.,SPDL,,,,-0.8,,,,,,,,,,,,,,,,372.0,372.0,-3.0,,,,,,,7,"price_volume, live_market, summary, top_gainers, top_losers, nepse_index, supply_demand",5576
2026-08-16T13:33:38.194661+05:45,2026-08-16 13:33:38,top_losers,top_losers_95,True,cloud_automated,Sunday - Trading Hours: 11:00 AM - 3:00 PM NPT,210,Citizen Investment Trust,CIT,,,,-0.79,,,,,,,,,,,,,,,,1700.0,1700.0,-13.6,,,,,,,7,"price_volume, live_market, summary, top_gainers, top_losers, nepse_index, supply_demand",5576
2026-08-16T13:33:38.194661+05:45,2026-08-16 13:33:38,top_losers,top_losers_96,True,cloud_automated,Sunday - Trading Hours: 11:00 AM - 3:00 PM NPT,176,Nepal Insurance Co. Ltd.,NICL,,,,-0.79,,,,,,,,,,,,,,,,500.0,500.0,-4.0,,,,,,,7,"price_volume, live_market, summary, top_gainers, top_losers, nepse_index, supply_demand",5576
2026-08-16T13:33:38.194661+05:45,2026-08-16 13:33:38,top_losers,top_losers_97,True,cloud_automated,Sunday - Trading Hours: 11:00 AM - 3:00 PM NPT,9174,Prabhu Smart Fund,PRSF,,,,-0.78,,,,,,,,,,,,,,,,12.72,12.72,-0.1,,,,,,,7,"price_volume, live_market, summary, top_gainers, top_losers, nepse_index, supply_demand",5576
2026-08-16T13:33:38.194661+05:45,2026-08-16 13:33:38,top_losers,top_losers_98,True,cloud_automated,Sunday - Trading Hours: 11:00 AM - 3:00 PM NPT,9250,Nepal Micro Insurance Company Limited,NMIC,,,,-0.77,,,,,,,,,,,,,,,,900.0,900.0,-7.0,,,,,,,7,"price_volume, live_market, summary, top_gainers, top_losers, nepse_index, supply_demand",5576
2026-08-16T13:33:38.194661+05:45,2026-08-16 13:33:38,top_losers,top_losers_99,True,cloud_automated,Sunday - Trading Hours: 11:00 AM - 3:00 PM NPT,132,Nepal Investment Mega Bank Limited,NIMB,,,,-0.77,,,,,,,,,,,,,,,,193.9,193.9,-1.5,,,,,,,7,"price_volume, live_market, summary, top_gainers, top_losers, nepse_index, supply_demand",5576
2026-08-16T13:33:38.194661+05:45,2026-08-16 13:33:38,top_losers,top_losers_100,True,cloud_automated,Sunday - Trading Hours: 11:00 AM - 3:00 PM NPT,2744,Green Development Bank Ltd.,GRDBL,,,,-0.76,,,,,,,,,,,,,,,,1041.0,1041.0,-8.0,,,,,,,7,"price_volume, live_market, summary, top_gainers, top_losers, nepse_index, supply_demand",5576
2026-08-16T13:33:38.194661+05:45,2026-08-16 13:33:38,top_losers,top_losers_101,True,cloud_automated,Sunday - Trading Hours: 11:00 AM - 3:00 PM NPT,338,Progressive Finance Limited,PROFL,,,,-0.76,,,,,,,,,,,,,,,,418.5,418.5,-3.2,,,,,,,7,"price_volume, live_market, summary, top_gainers, top_losers, nepse_index, supply_demand",5576
2026-08-16T13:33:38.194661+05:45,2026-08-16 13:33:38,top_losers,top_losers_102,True,cloud_automated,Sunday - Trading Hours: 11:00 AM - 3:00 PM NPT,9182,Siddhartha Investment Growth Scheme 3,SIGS3,,,,-0.75,,,,,,,,,,,,,,,,10.57,10.57,-0.08,,,,,,,7,"price_volume, live_market, summary, top_gainers, top_losers, nepse_index, supply_demand",5576
2026-08-16T13:33:38.194661+05:45,2026-08-16 13:33:38,top_losers,top_losers_103,True,cloud_automated,Sunday - Trading Hours: 11:00 AM - 3:00 PM NPT,9295,Swastik Laghubitta Bittiya Sanstha Limited,SWASTIK,,,,-0.74,,,,,,,,,,,,,,,,2000.0,2000.0,-15.0,,,,,,,7,"price_volume, live_market, summary, top_gainers, top_losers, nepse_index, supply_demand",5576
2026-08-16T13:33:38.194661+05:45,2026-08-16 13:33:38,top_losers,top_losers_104,True,cloud_automated,Sunday - Trading Hours: 11:00 AM - 3:00 PM NPT,9216,Sonapur Minerals And Oil Limited,SONA,,,,-0.74,,,,,,,,,,,,,,,,403.0,403.0,-3.0,,,,,,,7,"price_volume, live_market, summary, top_gainers, top_losers, nepse_index, supply_demand",5576
2026-08-16T13:33:38.194661+05:45,2026-08-16 13:33:38,top_losers,top_losers_105,True,cloud_automated,Sunday - Trading Hours: 11:00 AM - 3:00 PM NPT,141,Laxmi Sunrise Bank Limited,LSL,,,,-0.73,,,,,,,,,,,,,,,,219.0,219.0,-1.6,,,,,,,7,"price_volume, live_market, summary, top_gainers, top_losers, nepse_index, supply_demand",5576
2026-08-16T13:33:38.194661+05:45,2026-08-16 13:33:38,top_losers,top_losers_106,True,cloud_automated,Sunday - Trading Hours: 11:00 AM - 3:00 PM NPT,9300,Jhapa Energy Limited,JHAPA,,,,-0.72,,,,,,,,,,,,,,,,1084.9,1084.9,-7.9,,,,,,,7,"price_volume, live_market, summary, top_gainers, top_losers, nepse_index, supply_demand",5576
2026-08-16T13:33:38.194661+05:45,2026-08-16 13:33:38,top_losers,top_losers_107,True,cloud_automated,Sunday - Trading Hours: 11:00 AM - 3:00 PM NPT,358,Lumbini Bikas Bank Ltd.,LBBL,,,,-0.72,,,,,,,,,,,,,,,,483.5,483.5,-3.5,,,,,,,7,"price_volume, live_market, summary, top_gainers, top_losers, nepse_index, supply_demand",5576
2026-08-16T13:33:38.194661+05:45,2026-08-16 13:33:38,top_losers,top_losers_108,True,cloud_automated,Sunday - Trading Hours: 11:00 AM - 3:00 PM NPT,8031,Madhya Bhotekoshi Jalavidyut Company Limited,MBJC,,,,-0.71,,,,,,,,,,,,,,,,265.1,265.1,-1.9,,,,,,,7,"price_volume, live_market, summary, top_gainers, top_losers, nepse_index, supply_demand",5576
2026-08-16T13:33:38.194661+05:45,2026-08-16 13:33:38,top_losers,top_losers_109,True,cloud_automated,Sunday - Trading Hours: 11:00 AM - 3:00 PM NPT,8075,Bindhyabasini Hydropower Development Company Limited,BHDC,,,,-0.7,,,,,,,,,,,,,,,,428.0,428.0,-3.0,,,,,,,7,"price_volume, live_market, summary, top_gainers, top_losers, nepse_index, supply_demand",5576
2026-08-16T13:33:38.194661+05:45,2026-08-16 13:33:38,top_losers,top_losers_110,True,cloud_automated,Sunday - Trading Hours: 11:00 AM - 3:00 PM NPT,2880,Himal Dolakha Hydropower Company Limited,HDHPC,,,,-0.7,,,,,,,,,,,,,,,,212.0,212.0,-1.5,,,,,,,7,"price_volume, live_market, summary, top_gainers, top_losers, nepse_index, supply_demand",5576
2026-08-16T13:33:38.194661+05:45,2026-08-16 13:33:38,top_losers,top_losers_111,True,cloud_automated,Sunday - Trading Hours: 11:00 AM - 3:00 PM NPT,9234,Himalayan Reinsurance Limited,HRL,,,,-0.69,,,,,,,,,,,,,,,,579.0,579.0,-4.0,,,,,,,7,"price_volume, live_market, summary, top_gainers, top_losers, nepse_index, supply_demand",5576
2026-08-16T13:33:38.194661+05:45,2026-08-16 13:33:38,top_losers,top_losers_112,True,cloud_automated,Sunday - Trading Hours: 11:00 AM - 3:00 PM NPT,2908,Sanima GIC Insurance Limited,SGIC,,,,-0.68,,,,,,,,,,,,,,,,453.9,453.9,-3.1,,,,,,,7,"price_volume, live_market, summary, top_gainers, top_losers, nepse_index, supply_demand",5576
2026-08-16T13:33:38.194661+05:45,2026-08-16 13:33:38,top_losers,top_losers_113,True,cloud_automated,Sunday - Trading Hours: 11:00 AM - 3:00 PM NPT,8023,Mega Mutual Fund -1,MMF1,,,,-0.67,,,,,,,,,,,,,,,,8.94,8.94,-0.06,,,,,,,7,"price_volume, live_market, summary, top_gainers, top_losers, nepse_index, supply_demand",5576
2026-08-16T13:33:38.194661+05:45,2026-08-16 13:33:38,top_losers,top_losers_114,True,cloud_automated,Sunday - Trading Hours: 11:00 AM - 3:00 PM NPT,2914,United IDI Mardi RB Hydropower Limited.,UMRH,,,,-0.66,,,,,,,,,,,,,,,,528.5,528.5,-3.5,,,,,,,7,"price_volume, live_market, summary, top_gainers, top_losers, nepse_index, supply_demand",5576
2026-08-16T13:33:38.194661+05:45,2026-08-16 13:33:38,top_losers,top_losers_115,True,cloud_automated,Sunday - Trading Hours: 11:00 AM - 3:00 PM NPT,154,Chilime Hydropower Company Limited,CHCL,,,,-0.66,,,,,,,,,,,,,,,,478.9,478.9,-3.2,,,,,,,7,"price_volume, live_market, summary, top_gainers, top_losers, nepse_index, supply_demand",5576
2026-08-16T13:33:38.194661+05:45,2026-08-16 13:33:38,top_losers,top_losers_116,True,cloud_automated,Sunday - Trading Hours: 11:00 AM - 3:00 PM NPT,8099,Upper Hewakhola Hydropower Company Limited,UHEWA,,,,-0.65,,,,,,,,,,,,,,,,628.9,628.9,-4.1,,,,,,,7,"price_volume, live_market, summary, top_gainers, top_losers, nepse_index, supply_demand",5576
2026-08-16T13:33:38.194661+05:45,2026-08-16 13:33:38,top_losers,top_losers_117,True,cloud_automated,Sunday - Trading Hours: 11:00 AM - 3:00 PM NPT,2790,Aarambha Chautari Laghubitta Bittiya Sanstha Limited,ACLBSL,,,,-0.64,,,,,,,,,,,,,,,,937.0,937.0,-6.0,,,,,,,7,"price_volume, live_market, summary, top_gainers, top_losers, nepse_index, supply_demand",5576
2026-08-16T13:33:38.194661+05:45,2026-08-16 13:33:38,top_losers,top_losers_118,True,cloud_automated,Sunday - Trading Hours: 11:00 AM - 3:00 PM NPT,2933,Kumari Equity Fund,KEF,,,,-0.64,,,,,,,,,,,,,,,,10.9,10.9,-0.07,,,,,,,7,"price_volume, live_market, summary, top_gainers, top_losers, nepse_index, supply_demand",5576
2026-08-16T13:33:38.194661+05:45,2026-08-16 13:33:38,top_losers,top_losers_119,True,cloud_automated,Sunday - Trading Hours: 11:00 AM - 3:00 PM NPT,219,Unilever Nepal Limited,UNL,,,,-0.63,,,,,,,,,,,,,,,,47400.0,47400.0,-300.0,,,,,,,7,"price_volume, live_market, summary, top_gainers, top_losers, nepse_index, supply_demand",5576
2026-08-16T13:33:38.194661+05:45,2026-08-16 13:33:38,top_losers,top_losers_120,True,cloud_automated,Sunday - Trading Hours: 11:00 AM - 3:00 PM NPT,9151,Kalinchowk Darshan Limited,KDL,,,,-0.63,,,,,,,,,,,,,,,,770.1,770.1,-4.9,,,,,,,7,"price_volume, live_market, summary, top_gainers, top_losers, nepse_index, supply_demand",5576
2026-08-16T13:33:38.194661+05:45,2026-08-16 13:33:38,top_losers,top_losers_121,True,cloud_automated,Sunday - Trading Hours: 11:00 AM - 3:00 PM NPT,153,Butwal Power Company Limited,BPCL,,,,-0.63,,,,,,,,,,,,,,,,644.9,644.9,-4.1,,,,,,,7,"price_volume, live_market, summary, top_gainers, top_losers, nepse_index, supply_demand",5576
2026-08-16T13:33:38.194661+05:45,2026-08-16 13:33:38,top_losers,top_losers_122,True,cloud_automated,Sunday - Trading Hours: 11:00 AM - 3:00 PM NPT,9337,Appolo Hydropower Limited,APHL,,,,-0.62,,,,,,,,,,,,,,,,805.0,805.0,-5.0,,,,,,,7,"price_volume, live_market, summary, top_gainers, top_losers, nepse_index, supply_demand",5576
2026-08-16T13:33:38.194661+05:45,2026-08-16 13:33:38,top_losers,top_losers_123,True,cloud_automated,Sunday - Trading Hours: 11:00 AM - 3:00 PM NPT,2813,Panchthar Power Compant Limited,PPCL,,,,-0.62,,,,,,,,,,,,,,,,334.9,334.9,-2.1,,,,,,,7,"price_volume, live_market, summary, top_gainers, top_losers, nepse_index, supply_demand",5576
2026-08-16T13:33:38.194661+05:45,2026-08-16 13:33:38,top_losers,top_losers_124,True,cloud_automated,Sunday - Trading Hours: 11:00 AM - 3:00 PM NPT,8122,People's Power Limited,PPL,,,,-0.61,,,,,,,,,,,,,,,,325.0,325.0,-2.0,,,,,,,7,"price_volume, live_market, summary, top_gainers, top_losers, nepse_index, supply_demand",5576
2026-08-16T13:33:38.194661+05:45,2026-08-16 13:33:38,top_losers,top_losers_125,True,cloud_automated,Sunday - Trading Hours: 11:00 AM - 3:00 PM NPT,2787,Kalika power Company Ltd,KPCL,,,,-0.6,,,,,,,,,,,,,,,,463.2,463.2,-2.8,,,,,,,7,"price_volume, live_market, summary, top_gainers, top_losers, nepse_index, supply_demand",5576
2026-08-16T13:33:38.194661+05:45,2026-08-16 13:33:38,top_losers,top_losers_126,True,cloud_automated,Sunday - Trading Hours: 11:00 AM - 3:00 PM NPT,145,Siddhartha Bank Limited,SBL,,,,-0.6,,,,,,,,,,,,,,,,411.0,411.0,-2.5,,,,,,,7,"price_volume, live_market, summary, top_gainers, top_losers, nepse_index, supply_demand",5576
2026-08-16T13:33:38.194661+05:45,2026-08-16 13:33:38,top_losers,top_losers_127,True,cloud_automated,Sunday - Trading Hours: 11:00 AM - 3:00 PM NPT,9193,Ghorahi Cement Industry Limited,GCIL,,,,-0.58,,,,,,,,,,,,,,,,344.0,344.0,-2.0,,,,,,,7,"price_volume, live_market, summary, top_gainers, top_losers, nepse_index, supply_demand",5576
2026-08-16T13:33:38.194661+05:45,2026-08-16 13:33:38,top_losers,top_losers_128,True,cloud_automated,Sunday - Trading Hours: 11:00 AM - 3:00 PM NPT,2824,Himalaya Urja Bikas Company Limited,HURJA,,,,-0.57,,,,,,,,,,,,,,,,244.4,244.4,-1.4,,,,,,,7,"price_volume, live_market, summary, top_gainers, top_losers, nepse_index, supply_demand",5576
2026-08-16T13:33:38.194661+05:45,2026-08-16 13:33:38,top_losers,top_losers_129,True,cloud_automated,Sunday - Trading Hours: 11:00 AM - 3:00 PM NPT,9346,Kalanga Hydro Limited,KAHL,,,,-0.56,,,,,,,,,,,,,,,,536.0,536.0,-3.0,,,,,,,7,"price_volume, live_market, summary, top_gainers, top_losers, nepse_index, supply_demand",5576
2026-08-16T13:33:38.194661+05:45,2026-08-16 13:33:38,top_losers,top_losers_130,True,cloud_automated,Sunday - Trading Hours: 11:00 AM - 3:00 PM NPT,9140,Unique Nepal Laghubitta Bittiya Sanstha Limited,UNLB,,,,-0.55,,,,,,,,,,,,,,,,1262.9,1262.9,-7.0,,,,,,,7,"price_volume, live_market, summary, top_gainers, top_losers, nepse_index, supply_demand",5576
2026-08-16T13:33:38.194661+05:45,2026-08-16 13:33:38,top_losers,top_losers_131,True,cloud_automated,Sunday - Trading Hours: 11:00 AM - 3:00 PM NPT,142,Kumari Bank Limited,KBL,,,,-0.55,,,,,,,,,,,,,,,,216.8,216.8,-1.2,,,,,,,7,"price_volume, live_market, summary, top_gainers, top_losers, nepse_index, supply_demand",5576
2026-08-16T13:33:38.194661+05:45,2026-08-16 13:33:38,top_losers,top_losers_132,True,cloud_automated,Sunday - Trading Hours: 11:00 AM - 3:00 PM NPT,9303,SY Panel Nepal Limited,SYPNL,,,,-0.54,,,,,,,,,,,,,,,,1293.0,1293.0,-7.0,,,,,,,7,"price_volume, live_market, summary, top_gainers, top_losers, nepse_index, supply_demand",5576
2026-08-16T13:33:38.194661+05:45,2026-08-16 13:33:38,top_losers,top_losers_133,True,cloud_automated,Sunday - Trading Hours: 11:00 AM - 3:00 PM NPT,8133,Peoples Hydropower Company Limited,PHCL,,,,-0.53,,,,,,,,,,,,,,,,302.4,302.4,-1.6,,,,,,,7,"price_volume, live_market, summary, top_gainers, top_losers, nepse_index, supply_demand",5576
2026-08-16T13:33:38.194661+05:45,2026-08-16 13:33:38,top_losers,top_losers_134,True,cloud_automated,Sunday - Trading Hours: 11:00 AM - 3:00 PM NPT,273,ICFC Finance Limited,ICFC,,,,-0.5,,,,,,,,,,,,,,,,600.0,600.0,-3.0,,,,,,,7,"price_volume, live_market, summary, top_gainers, top_losers, nepse_index, supply_demand",5576
2026-08-16T13:33:38.194661+05:45,2026-08-16 13:33:38,top_losers,top_losers_135,True,cloud_automated,Sunday - Trading Hours: 11:00 AM - 3:00 PM NPT,474,Muktinath Bikas Bank Ltd.,MNBBL,,,,-0.49,,,,,,,,,,,,,,,,363.2,363.2,-1.8,,,,,,,7,"price_volume, live_market, summary, top_gainers, top_losers, nepse_index, supply_demand",5576
2026-08-16T13:33:38.194661+05:45,2026-08-16 13:33:38,top_losers,top_losers_136,True,cloud_automated,Sunday - Trading Hours: 11:00 AM - 3:00 PM NPT,171,Sanima Bank Limited,SANIMA,,,,-0.48,,,,,,,,,,,,,,,,370.0,370.0,-1.8,,,,,,,7,"price_volume, live_market, summary, top_gainers, top_losers, nepse_index, supply_demand",5576
2026-08-16T13:33:38.194661+05:45,2026-08-16 13:33:38,top_losers,top_losers_137,True,cloud_automated,Sunday - Trading Hours: 11:00 AM - 3:00 PM NPT,8055,Balephi Hydropower Limited,BHL,,,,-0.47,,,,,,,,,,,,,,,,211.0,211.0,-1.0,,,,,,,7,"price_volume, live_market, summary, top_gainers, top_losers, nepse_index, supply_demand",5576
2026-08-16T13:33:38.194661+05:45,2026-08-16 13:33:38,top_losers,top_losers_138,True,cloud_automated,Sunday - Trading Hours: 11:00 AM - 3:00 PM NPT,9217,Mathillo Mailun Khola Jalvidhyut Limited,MMKJL,,,,-0.45,,,,,,,,,,,,,,,,444.0,444.0,-2.0,,,,,,,7,"price_volume, live_market, summary, top_gainers, top_losers, nepse_index, supply_demand",5576
2026-08-16T13:33:38.194661+05:45,2026-08-16 13:33:38,top_losers,top_losers_139,True,cloud_automated,Sunday - Trading Hours: 11:00 AM - 3:00 PM NPT,9351,Reliable Samriddhi Yojana -2,RSY2,,,,-0.44,,,,,,,,,,,,,,,,9.08,9.08,-0.04,,,,,,,7,"price_volume, live_market, summary, top_gainers, top_losers, nepse_index, supply_demand",5576
2026-08-16T13:33:38.194661+05:45,2026-08-16 13:33:38,top_losers,top_losers_140,True,cloud_automated,Sunday - Trading Hours: 11:00 AM - 3:00 PM NPT,9176,Ingwa Hydropower Limited,IHL,,,,-0.41,,,,,,,,,,,,,,,,343.0,343.0,-1.4,,,,,,,7,"price_volume, live_market, summary, top_gainers, top_losers, nepse_index, supply_demand",5576
2026-08-16T13:33:38.194661+05:45,2026-08-16 13:33:38,top_losers,top_losers_141,True,cloud_automated,Sunday - Trading Hours: 11:00 AM - 3:00 PM NPT,8004,Global IME Bank Limited Debenture 2086/87,GBILD86/87,,,,-0.39,,,,,,,,,,,,,,,,1060.9,1060.9,-4.2,,,,,,,7,"price_volume, live_market, summary, top_gainers, top_losers, nepse_index, supply_demand",5576
2026-08-16T13:33:38.194661+05:45,2026-08-16 13:33:38,top_losers,top_losers_142,True,cloud_automated,Sunday - Trading Hours: 11:00 AM - 3:00 PM NPT,9230,Muktinath Krishi Company Limited,MKCL,,,,-0.38,,,,,,,,,,,,,,,,1048.0,1048.0,-4.0,,,,,,,7,"price_volume, live_market, summary, top_gainers, top_losers, nepse_index, supply_demand",5576
2026-08-16T13:33:38.194661+05:45,2026-08-16 13:33:38,top_losers,top_losers_143,True,cloud_automated,Sunday - Trading Hours: 11:00 AM - 3:00 PM NPT,184,Prabhu Insurance Ltd.,PRIN,,,,-0.38,,,,,,,,,,,,,,,,662.0,662.0,-2.5,,,,,,,7,"price_volume, live_market, summary, top_gainers, top_losers, nepse_index, supply_demand",5576
2026-08-16T13:33:38.194661+05:45,2026-08-16 13:33:38,top_losers,top_losers_144,True,cloud_automated,Sunday - Trading Hours: 11:00 AM - 3:00 PM NPT,5982,Sanima Reliance Life Insurance Limited,SRLI,,,,-0.38,,,,,,,,,,,,,,,,370.5,370.5,-1.4,,,,,,,7,"price_volume, live_market, summary, top_gainers, top_losers, nepse_index, supply_demand",5576
2026-08-16T13:33:38.194661+05:45,2026-08-16 13:33:38,top_losers,top_losers_145,True,cloud_automated,Sunday - Trading Hours: 11:00 AM - 3:00 PM NPT,360,Arun Valley Hydropower Development Co. Ltd.,AHPC,,,,-0.38,,,,,,,,,,,,,,,,264.9,264.9,-1.0,,,,,,,7,"price_volume, live_market, summary, top_gainers, top_losers, nepse_index, supply_demand",5576
2026-08-16T13:33:38.194661+05:45,2026-08-16 13:33:38,top_losers,top_losers_146,True,cloud_automated,Sunday - Trading Hours: 11:00 AM - 3:00 PM NPT,2867,NMB 50,NMB50,,,,-0.38,,,,,,,,,,,,,,,,10.37,10.37,-0.04,,,,,,,7,"price_volume, live_market, summary, top_gainers, top_losers, nepse_index, supply_demand",5576
2026-08-16T13:33:38.194661+05:45,2026-08-16 13:33:38,top_losers,top_losers_147,True,cloud_automated,Sunday - Trading Hours: 11:00 AM - 3:00 PM NPT,177,Rastriya Beema Company Limited,RBCL,,,,-0.35,,,,,,,,,,,,,,,,14150.0,14150.0,-50.0,,,,,,,7,"price_volume, live_market, summary, top_gainers, top_losers, nepse_index, supply_demand",5576
2026-08-16T13:33:38.194661+05:45,2026-08-16 13:33:38,top_losers,top_losers_148,True,cloud_automated,Sunday - Trading Hours: 11:00 AM - 3:00 PM NPT,9242,Sarbottam Cement Limited,SARBTM,,,,-0.35,,,,,,,,,,,,,,,,794.9,794.9,-2.8,,,,,,,7,"price_volume, live_market, summary, top_gainers, top_losers, nepse_index, supply_demand",5576
2026-08-16T13:33:38.194661+05:45,2026-08-16 13:33:38,top_losers,top_losers_149,True,cloud_automated,Sunday - Trading Hours: 11:00 AM - 3:00 PM NPT,9256,Om Megashree Pharmaceuticals Limited,OMPL,,,,-0.33,,,,,,,,,,,,,,,,908.0,908.0,-3.0,,,,,,,7,"price_volume, live_market, summary, top_gainers, top_losers, nepse_index, supply_demand",5576
2026-08-16T13:33:38.194661+05:45,2026-08-16 13:33:38,top_losers,top_losers_150,True,cloud_automated,Sunday - Trading Hours: 11:00 AM - 3:00 PM NPT,9344,Snow Rivers Limited,SNORL,,,,-0.33,,,,,,,,,,,,,,,,895.0,895.0,-3.0,,,,,,,7,"price_volume, live_market, summary, top_gainers, top_losers, nepse_index, supply_demand",5576
2026-08-16T13:33:38.194661+05:45,2026-08-16 13:33:38,top_losers,top_losers_151,True,cloud_automated,Sunday - Trading Hours: 11:00 AM - 3:00 PM NPT,9183,Nepal Republic Media Limited,NRM,,,,-0.33,,,,,,,,,,,,,,,,302.0,302.0,-1.0,,,,,,,7,"price_volume, live_market, summary, top_gainers, top_losers, nepse_index, supply_demand",5576
2026-08-16T13:33:38.194661+05:45,2026-08-16 13:33:38,top_losers,top_losers_152,True,cloud_automated,Sunday - Trading Hours: 11:00 AM - 3:00 PM NPT,8027,Nabil Debenture 2085,NBLD85,,,,-0.32,,,,,,,,,,,,,,,,1021.7,1021.7,-3.3,,,,,,,7,"price_volume, live_market, summary, top_gainers, top_losers, nepse_index, supply_demand",5576
2026-08-16T13:33:38.194661+05:45,2026-08-16 13:33:38,top_losers,top_losers_153,True,cloud_automated,Sunday - Trading Hours: 11:00 AM - 3:00 PM NPT,401,Mahalaxmi Bikas Bank Ltd.,MLBL,,,,-0.28,,,,,,,,,,,,,,,,350.0,350.0,-1.0,,,,,,,7,"price_volume, live_market, summary, top_gainers, top_losers, nepse_index, supply_demand",5576
2026-08-16T13:33:38.194661+05:45,2026-08-16 13:33:38,top_losers,top_losers_154,True,cloud_automated,Sunday - Trading Hours: 11:00 AM - 3:00 PM NPT,187,Nepal Life Insurance Co. Ltd.,NLIC,,,,-0.27,,,,,,,,,,,,,,,,731.9,731.9,-2.0,,,,,,,7,"price_volume, live_market, summary, top_gainers, top_losers, nepse_index, supply_demand",5576
2026-08-16T13:33:38.194661+05:45,2026-08-16 13:33:38,top_losers,top_losers_155,True,cloud_automated,Sunday - Trading Hours: 11:00 AM - 3:00 PM NPT,8026,Nyadi Hydropower Limited,NYADI,,,,-0.27,,,,,,,,,,,,,,,,365.0,365.0,-1.0,,,,,,,7,"price_volume, live_market, summary, top_gainers, top_losers, nepse_index, supply_demand",5576
2026-08-16T13:33:38.194661+05:45,2026-08-16 13:33:38,top_losers,top_losers_156,True,cloud_automated,Sunday - Trading Hours: 11:00 AM - 3:00 PM NPT,397,Agricultural Development Bank Limited,ADBL,,,,-0.26,,,,,,,,,,,,,,,,304.0,304.0,-0.8,,,,,,,7,"price_volume, live_market, summary, top_gainers, top_losers, nepse_index, supply_demand",5576
2026-08-16T13:33:38.194661+05:45,2026-08-16 13:33:38,top_losers,top_losers_157,True,cloud_automated,Sunday - Trading Hours: 11:00 AM - 3:00 PM NPT,8045,Green Ventures Limited,GVL,,,,-0.25,,,,,,,,,,,,,,,,477.0,477.0,-1.2,,,,,,,7,"price_volume, live_market, summary, top_gainers, top_losers, nepse_index, supply_demand",5576
2026-08-16T13:33:38.194661+05:45,2026-08-16 13:33:38,top_losers,top_losers_158,True,cloud_automated,Sunday - Trading Hours: 11:00 AM - 3:00 PM NPT,2809,SHIVAM CEMENTS LTD,SHIVM,,,,-0.24,,,,,,,,,,,,,,,,631.0,631.0,-1.5,,,,,,,7,"price_volume, live_market, summary, top_gainers, top_losers, nepse_index, supply_demand",5576
2026-08-16T13:33:38.194661+05:45,2026-08-16 13:33:38,top_losers,top_losers_159,True,cloud_automated,Sunday - Trading Hours: 11:00 AM - 3:00 PM NPT,9179,Modi Energy Limited,MEL,,,,-0.24,,,,,,,,,,,,,,,,211.5,211.5,-0.5,,,,,,,7,"price_volume, live_market, summary, top_gainers, top_losers, nepse_index, supply_demand",5576
2026-08-16T13:33:38.194661+05:45,2026-08-16 13:33:38,top_losers,top_losers_160,True,cloud_automated,Sunday - Trading Hours: 11:00 AM - 3:00 PM NPT,166,Deprosc Laghubitta Bittiya Sanstha Limited,DDBL,,,,-0.23,,,,,,,,,,,,,,,,853.0,853.0,-2.0,,,,,,,7,"price_volume, live_market, summary, top_gainers, top_losers, nepse_index, supply_demand",5576
2026-08-16T13:33:38.194661+05:45,2026-08-16 13:33:38,top_losers,top_losers_161,True,cloud_automated,Sunday - Trading Hours: 11:00 AM - 3:00 PM NPT,186,IGI Prudential insurance Limited,IGI,,,,-0.23,,,,,,,,,,,,,,,,429.0,429.0,-1.0,,,,,,,7,"price_volume, live_market, summary, top_gainers, top_losers, nepse_index, supply_demand",5576
2026-08-16T13:33:38.194661+05:45,2026-08-16 13:33:38,top_losers,top_losers_162,True,cloud_automated,Sunday - Trading Hours: 11:00 AM - 3:00 PM NPT,2934,Singati Hydro Energy Limited,SHEL,,,,-0.23,,,,,,,,,,,,,,,,306.0,306.0,-0.7,,,,,,,7,"price_volume, live_market, summary, top_gainers, top_losers, nepse_index, supply_demand",5576
2026-08-16T13:33:38.194661+05:45,2026-08-16 13:33:38,top_losers,top_losers_163,True,cloud_automated,Sunday - Trading Hours: 11:00 AM - 3:00 PM NPT,8005,Mailung Khola Jal Vidhyut Company Limited,MKJC,,,,-0.22,,,,,,,,,,,,,,,,449.0,449.0,-1.0,,,,,,,7,"price_volume, live_market, summary, top_gainers, top_losers, nepse_index, supply_demand",5576
2026-08-16T13:33:38.194661+05:45,2026-08-16 13:33:38,top_losers,top_losers_164,True,cloud_automated,Sunday - Trading Hours: 11:00 AM - 3:00 PM NPT,2804,Samudayik Laghubitta Bittiya Sanstha Limited,SLBSL,,,,-0.2,,,,,,,,,,,,,,,,945.9,945.9,-1.9,,,,,,,7,"price_volume, live_market, summary, top_gainers, top_losers, nepse_index, supply_demand",5576
2026-08-16T13:33:38.194661+05:45,2026-08-16 13:33:38,top_losers,top_losers_165,True,cloud_automated,Sunday - Trading Hours: 11:00 AM - 3:00 PM NPT,2807,Asha Laghubitta Bittiya Sanstha Ltd,ALBSL,,,,-0.19,,,,,,,,,,,,,,,,1122.9,1122.9,-2.1,,,,,,,7,"price_volume, live_market, summary, top_gainers, top_losers, nepse_index, supply_demand",5576
2026-08-16T13:33:38.194661+05:45,2026-08-16 13:33:38,top_losers,top_losers_166,True,cloud_automated,Sunday - Trading Hours: 11:00 AM - 3:00 PM NPT,591,Sanima Mai Hydropower Ltd.,SHPC,,,,-0.18,,,,,,,,,,,,,,,,495.1,495.1,-0.9,,,,,,,7,"price_volume, live_market, summary, top_gainers, top_losers, nepse_index, supply_demand",5576
2026-08-16T13:33:38.194661+05:45,2026-08-16 13:33:38,top_losers,top_losers_167,True,cloud_automated,Sunday - Trading Hours: 11:00 AM - 3:00 PM NPT,139,NIC Asia Bank Ltd.,NICA,,,,-0.18,,,,,,,,,,,,,,,,324.4,324.4,-0.6,,,,,,,7,"price_volume, live_market, summary, top_gainers, top_losers, nepse_index, supply_demand",5576
2026-08-16T13:33:38.194661+05:45,2026-08-16 13:33:38,top_losers,top_losers_168,True,cloud_automated,Sunday - Trading Hours: 11:00 AM - 3:00 PM NPT,9168,"Global IME Bank Debenture, 2084/85",GBILD84/85,,,,-0.17,,,,,,,,,,,,,,,,1101.1,1101.1,-1.9,,,,,,,7,"price_volume, live_market, summary, top_gainers, top_losers, nepse_index, supply_demand",5576
2026-08-16T13:33:38.194661+05:45,2026-08-16 13:33:38,top_losers,top_losers_169,True,cloud_automated,Sunday - Trading Hours: 11:00 AM - 3:00 PM NPT,182,Siddhartha Premier Insurance Limited,SPIL,,,,-0.17,,,,,,,,,,,,,,,,696.6,696.6,-1.2,,,,,,,7,"price_volume, live_market, summary, top_gainers, top_losers, nepse_index, supply_demand",5576
2026-08-16T13:33:38.194661+05:45,2026-08-16 13:33:38,top_losers,top_losers_170,True,cloud_automated,Sunday - Trading Hours: 11:00 AM - 3:00 PM NPT,164,Chhimek Laghubitta Bittiya Sanstha Limited,CBBL,,,,-0.16,,,,,,,,,,,,,,,,933.5,933.5,-1.5,,,,,,,7,"price_volume, live_market, summary, top_gainers, top_losers, nepse_index, supply_demand",5576
2026-08-16T13:33:38.194661+05:45,2026-08-16 13:33:38,top_losers,top_losers_171,True,cloud_automated,Sunday - Trading Hours: 11:00 AM - 3:00 PM NPT,192,Shikhar Insurance Co. Ltd.,SICL,,,,-0.16,,,,,,,,,,,,,,,,613.0,613.0,-1.0,,,,,,,7,"price_volume, live_market, summary, top_gainers, top_losers, nepse_index, supply_demand",5576
2026-08-16T13:33:38.194661+05:45,2026-08-16 13:33:38,top_losers,top_losers_172,True,cloud_automated,Sunday - Trading Hours: 11:00 AM - 3:00 PM NPT,232,Goodwill Finance Limited,GFCL,,,,-0.15,,,,,,,,,,,,,,,,603.0,603.0,-0.9,,,,,,,7,"price_volume, live_market, summary, top_gainers, top_losers, nepse_index, supply_demand",5576
2026-08-16T13:33:38.194661+05:45,2026-08-16 13:33:38,top_losers,top_losers_173,True,cloud_automated,Sunday - Trading Hours: 11:00 AM - 3:00 PM NPT,417,Garima Bikas Bank Limited,GBBL,,,,-0.14,,,,,,,,,,,,,,,,423.7,423.7,-0.6,,,,,,,7,"price_volume, live_market, summary, top_gainers, top_losers, nepse_index, supply_demand",5576
2026-08-16T13:33:38.194661+05:45,2026-08-16 13:33:38,top_losers,top_losers_174,True,cloud_automated,Sunday - Trading Hours: 11:00 AM - 3:00 PM NPT,2810,UNIVERSAL POWER COMPANY LTD,UPCL,,,,-0.14,,,,,,,,,,,,,,,,348.0,348.0,-0.5,,,,,,,7,"price_volume, live_market, summary, top_gainers, top_losers, nepse_index, supply_demand",5576
2026-08-16T13:33:38.194661+05:45,2026-08-16 13:33:38,top_losers,top_losers_175,True,cloud_automated,Sunday - Trading Hours: 11:00 AM - 3:00 PM NPT,9258,Pure Energy Limited,PURE,,,,-0.12,,,,,,,,,,,,,,,,819.0,819.0,-1.0,,,,,,,7,"price_volume, live_market, summary, top_gainers, top_losers, nepse_index, supply_demand",5576
2026-08-16T13:33:38.194661+05:45,2026-08-16 13:33:38,top_losers,top_losers_176,True,cloud_automated,Sunday - Trading Hours: 11:00 AM - 3:00 PM NPT,403,SuryaJyoti Life Insurance Company Limited,SJLIC,,,,-0.12,,,,,,,,,,,,,,,,414.5,414.5,-0.5,,,,,,,7,"price_volume, live_market, summary, top_gainers, top_losers, nepse_index, supply_demand",5576
2026-08-16T13:33:38.194661+05:45,2026-08-16 13:33:38,top_losers,top_losers_177,True,cloud_automated,Sunday - Trading Hours: 11:00 AM - 3:00 PM NPT,8063,Upakar Laghubitta Bittiya Sanstha Limited,ULBSL,,,,-0.11,,,,,,,,,,,,,,,,2745.0,2745.0,-3.0,,,,,,,7,"price_volume, live_market, summary, top_gainers, top_losers, nepse_index, supply_demand",5576
2026-08-16T13:33:38.194661+05:45,2026-08-16 13:33:38,top_losers,top_losers_178,True,cloud_automated,Sunday - Trading Hours: 11:00 AM - 3:00 PM NPT,180,United Ajod Insurance Limited,UAIL,,,,-0.11,,,,,,,,,,,,,,,,435.6,435.6,-0.5,,,,,,,7,"price_volume, live_market, summary, top_gainers, top_losers, nepse_index, supply_demand",5576
2026-08-16T13:33:38.194661+05:45,2026-08-16 13:33:38,top_losers,top_losers_179,True,cloud_automated,Sunday - Trading Hours: 11:00 AM - 3:00 PM NPT,9312,Nepal Life Samriddhi Lagani Yojana,NSY,,,,-0.11,,,,,,,,,,,,,,,,9.2,9.2,-0.01,,,,,,,7,"price_volume, live_market, summary, top_gainers, top_losers, nepse_index, supply_demand",5576
2026-08-16T13:33:38.194661+05:45,2026-08-16 13:33:38,top_losers,top_losers_180,True,cloud_automated,Sunday - Trading Hours: 11:00 AM - 3:00 PM NPT,134,Himalayan Bank Limited,HBL,,,,-0.1,,,,,,,,,,,,,,,,194.8,194.8,-0.2,,,,,,,7,"price_volume, live_market, summary, top_gainers, top_losers, nepse_index, supply_demand",5576
2026-08-16T13:33:38.194661+05:45,2026-08-16 13:33:38,top_losers,top_losers_181,True,cloud_automated,Sunday - Trading Hours: 11:00 AM - 3:00 PM NPT,9301,Shreenagar Agritech Industries Limited,SAIL,,,,-0.09,,,,,,,,,,,,,,,,1099.0,1099.0,-1.0,,,,,,,7,"price_volume, live_market, summary, top_gainers, top_losers, nepse_index, supply_demand",5576
2026-08-16T13:33:38.194661+05:45,2026-08-16 13:33:38,top_losers,top_losers_182,True,cloud_automated,Sunday - Trading Hours: 11:00 AM - 3:00 PM NPT,9252,Crest Micro Life Insurance Limited,CREST,,,,-0.08,,,,,,,,,,,,,,,,1179.0,1179.0,-0.9,,,,,,,7,"price_volume, live_market, summary, top_gainers, top_losers, nepse_index, supply_demand",5576
2026-08-16T13:33:38.194661+05:45,2026-08-16 13:33:38,top_losers,top_losers_183,True,cloud_automated,Sunday - Trading Hours: 11:00 AM - 3:00 PM NPT,183,Neco Insurance Limited,NIL,,,,-0.08,,,,,,,,,,,,,,,,609.0,609.0,-0.5,,,,,,,7,"price_volume, live_market, summary, top_gainers, top_losers, nepse_index, supply_demand",5576
2026-08-16T13:33:38.194661+05:45,2026-08-16 13:33:38,top_losers,top_losers_184,True,cloud_automated,Sunday - Trading Hours: 11:00 AM - 3:00 PM NPT,2842,SANJEN JALAVIDHYUT COMPANY LIMITED,SJCL,,,,-0.07,,,,,,,,,,,,,,,,269.9,269.9,-0.2,,,,,,,7,"price_volume, live_market, summary, top_gainers, top_losers, nepse_index, supply_demand",5576
2026-08-16T13:33:38.194661+05:45,2026-08-16 13:33:38,top_losers,top_losers_185,True,cloud_automated,Sunday - Trading Hours: 11:00 AM - 3:00 PM NPT,601,Mithila LaghuBitta Bittiya Sanstha Limited,MLBBL,,,,-0.05,,,,,,,,,,,,,,,,1062.0,1062.0,-0.5,,,,,,,7,"price_volume, live_market, summary, top_gainers, top_losers, nepse_index, supply_demand",5576
2026-08-16T13:33:38.194661+05:45,2026-08-16 13:33:38,top_losers,top_losers_186,True,cloud_automated,Sunday - Trading Hours: 11:00 AM - 3:00 PM NPT,2774,Unnati Sahakarya Laghubitta Bittiya Sanstha Limited,USLB,,,,-0.04,,,,,,,,,,,,,,,,1121.0,1121.0,-0.5,,,,,,,7,"price_volume, live_market, summary, top_gainers, top_losers, nepse_index, supply_demand",5576
2026-08-16T13:33:38.194661+05:45,2026-08-16 13:33:38,top_losers,top_losers_187,True,cloud_automated,Sunday - Trading Hours: 11:00 AM - 3:00 PM NPT,418,Jyoti Bikas Bank Limited,JBBL,,,,-0.03,,,,,,,,,,,,,,,,338.0,338.0,-0.1,,,,,,,7,"price_volume, live_market, summary, top_gainers, top_losers, nepse_index, supply_demand",5576
2026-08-16T13:33:38.194661+05:45,2026-08-16 13:33:38,top_losers,top_losers_188,True,cloud_automated,Sunday - Trading Hours: 11:00 AM - 3:00 PM NPT,9135,Barahi Hydropower Public Limited,BHPL,,,,-0.02,,,,,,,,,,,,,,,,489.9,489.9,-0.1,,,,,,,7,"price_volume, live_market, summary, top_gainers, top_losers, nepse_index, supply_demand",5576
2026-08-16T13:33:38.194661+05:45,2026-08-16 13:33:38,top_losers,top_losers_189,True,cloud_automated,Sunday - Trading Hours: 11:00 AM - 3:00 PM NPT,131,Nabil Bank Limited,NABIL,,,,-0.02,,,,,,,,,,,,,,,,549.9,549.9,-0.1,,,,,,,7,"price_volume, live_market, summary, top_gainers, top_losers, nepse_index, supply_demand",5576
2026-08-16T13:33:38.194661+05:45,2026-08-16 13:33:38,top_losers,top_losers_190,True,cloud_automated,Sunday - Trading Hours: 11:00 AM - 3:00 PM NPT,687,Vijaya laghubitta Bittiya Sanstha Ltd.,VLBS,,,,-0.02,,,,,,,,,,,,,,,,658.0,658.0,-0.1,,,,,,,7,"price_volume, live_market, summary, top_gainers, top_losers, nepse_index, supply_demand",5576
2026-08-16T13:33:38.194661+05:45,2026-08-16 13:33:38,nepse_index,nepse_index_summary,True,cloud_automated,Sunday - Trading Hours: 11:00 AM - 3:00 PM NPT,,,,,,,,,,,,,,,,,,,,,,,,,,"{'id': 57, 'auditId': None, 'exchangeIndexId': None, 'generatedTime': None, 'index': 'Sensitive Index', 'close': 464.6, 'high': 465.5455, 'low': 463.0801, 'previousClose': 464.7308, 'change': 0.13, 'perChange': 0.02, 'fiftyTwoWeekHigh': 507.0, 'fiftyTwoWeekLow': 435.29, 'currentValue': 464.73}","{'id': 58, 'auditId': None, 'exchangeIndexId': None, 'generatedTime': None, 'index': 'NEPSE Index', 'close': 2651.22, 'high': 2653.4884, 'low': 2638.6405, 'previousClose': 2643.8394, 'change': -7.37, 'perChange': -0.27, 'fiftyTwoWeekHigh': 2960.4, 'fiftyTwoWeekLow': 2487.18, 'currentValue': 2643.83}","{'id': 62, 'auditId': None, 'exchangeIndexId': None, 'generatedTime': None, 'index': 'Float Index', 'close': 182.17, 'high': 182.3199, 'low': 181.3757, 'previousClose': 181.7648, 'change': -0.4, 'perChange': -0.22, 'fiftyTwoWeekHigh': 204.21, 'fiftyTwoWeekLow': 170.58, 'currentValue': 181.76}","{'id': 63, 'auditId': None, 'exchangeIndexId': None, 'generatedTime': None, 'index': 'Sensitive Float Index', 'close': 157.33, 'high': 157.5359, 'low': 156.8041, 'previousClose': 157.139, 'change': -0.19, 'perChange': -0.12, 'fiftyTwoWeekHigh': 173.41, 'fiftyTwoWeekLow': 147.61, 'currentValue': 157.13}",,,7,"price_volume, live_market, summary, top_gainers, top_losers, nepse_index, supply_demand",5576
2026-08-16T13:33:38.194661+05:45,2026-08-16 13:33:38,supply_demand,supply_demand_summary,True,cloud_automated,Sunday - Trading Hours: 11:00 AM - 3:00 PM NPT,,,,,,,,,,,,,,,,,,,,,,,,,,,,,,[],[],7,"price_volume, live_market, summary, top_gainers, top_losers, nepse_index, supply_demand",5576
