collection_timestamp,collection_time_npt,data_source,record_id,market_open,collection_method,market_schedule,securityid,securityname,symbol,indexid,totaltradequantity,lasttradedprice,percentagechange,previousclose,closeprice,openprice,highprice,lowprice,totaltradevalue,lastupdateddatetime,lasttradedvolume,averagetradedprice,total_turnover_rs:,total_traded_shares,total_transactions,total_scrips_traded,ltp,cp,pointchange,sensitive_float_index,nepse_index,sensitive_index,float_index,supplylist,demandlist,total_endpoints_collected,endpoints_collected,github_run_number
2026-08-10T14:58:10.998999+05:45,2026-08-10 14:58:10,price_volume,price_volume_1,True,cloud_automated,Monday - Trading Hours: 11:00 AM - 3:00 PM NPT,2790,Aarambha Chautari Laghubitta Bittiya Sanstha Limited,ACLBSL,58.0,912.0,915.0,-0.218102508,917.0,,,,,,,,,,,,,,,,,,,,,,7,"price_volume, live_market, summary, top_gainers, top_losers, nepse_index, supply_demand",5501
2026-08-10T14:58:10.998999+05:45,2026-08-10 14:58:10,price_volume,price_volume_2,True,cloud_automated,Monday - Trading Hours: 11:00 AM - 3:00 PM NPT,397,Agricultural Development Bank Limited,ADBL,58.0,40680.0,304.0,-1.266645015,307.9,,,,,,,,,,,,,,,,,,,,,,7,"price_volume, live_market, summary, top_gainers, top_losers, nepse_index, supply_demand",5501
2026-08-10T14:58:10.998999+05:45,2026-08-10 14:58:10,price_volume,price_volume_3,True,cloud_automated,Monday - Trading Hours: 11:00 AM - 3:00 PM NPT,9150,Asian Hydropower Limited,AHL,58.0,1857.0,410.0,-0.966183575,414.0,,,,,,,,,,,,,,,,,,,,,,7,"price_volume, live_market, summary, top_gainers, top_losers, nepse_index, supply_demand",5501
2026-08-10T14:58:10.998999+05:45,2026-08-10 14:58:10,price_volume,price_volume_4,True,cloud_automated,Monday - Trading Hours: 11:00 AM - 3:00 PM NPT,360,Arun Valley Hydropower Development Co. Ltd.,AHPC,58.0,27736.0,265.0,-0.33847311,265.9,,,,,,,,,,,,,,,,,,,,,,7,"price_volume, live_market, summary, top_gainers, top_losers, nepse_index, supply_demand",5501
2026-08-10T14:58:10.998999+05:45,2026-08-10 14:58:10,price_volume,price_volume_5,True,cloud_automated,Monday - Trading Hours: 11:00 AM - 3:00 PM NPT,2788,Ankhu Khola Jalvidhyut Company Ltd,AKJCL,58.0,226603.0,365.3,0.883733775,362.1,,,,,,,,,,,,,,,,,,,,,,7,"price_volume, live_market, summary, top_gainers, top_losers, nepse_index, supply_demand",5501
2026-08-10T14:58:10.998999+05:45,2026-08-10 14:58:10,price_volume,price_volume_6,True,cloud_automated,Monday - Trading Hours: 11:00 AM - 3:00 PM NPT,2757,Arun Kabeli Power Ltd.,AKPL,58.0,54777.0,254.0,-1.013250195,256.6,,,,,,,,,,,,,,,,,,,,,,7,"price_volume, live_market, summary, top_gainers, top_losers, nepse_index, supply_demand",5501
2026-08-10T14:58:10.998999+05:45,2026-08-10 14:58:10,price_volume,price_volume_7,True,cloud_automated,Monday - Trading Hours: 11:00 AM - 3:00 PM NPT,2807,Asha Laghubitta Bittiya Sanstha Ltd,ALBSL,58.0,2910.0,1078.0,-1.191567369,1091.0,,,,,,,,,,,,,,,,,,,,,,7,"price_volume, live_market, summary, top_gainers, top_losers, nepse_index, supply_demand",5501
2026-08-10T14:58:10.998999+05:45,2026-08-10 14:58:10,price_volume,price_volume_8,True,cloud_automated,Monday - Trading Hours: 11:00 AM - 3:00 PM NPT,385,Asian Life Insurance Co. Limited,ALICL,58.0,9559.0,419.9,-0.497630332,422.0,,,,,,,,,,,,,,,,,,,,,,7,"price_volume, live_market, summary, top_gainers, top_losers, nepse_index, supply_demand",5501
2026-08-10T14:58:10.998999+05:45,2026-08-10 14:58:10,price_volume,price_volume_9,True,cloud_automated,Monday - Trading Hours: 11:00 AM - 3:00 PM NPT,9161,Aatmanirbhar Laghubitta Bittiya Sanstha Limited,ANLB,58.0,2586.0,5365.0,-10.568428071,5999.0,,,,,,,,,,,,,,,,,,,,,,7,"price_volume, live_market, summary, top_gainers, top_losers, nepse_index, supply_demand",5501
2026-08-10T14:58:10.998999+05:45,2026-08-10 14:58:10,price_volume,price_volume_10,True,cloud_automated,Monday - Trading Hours: 11:00 AM - 3:00 PM NPT,9337,Appolo Hydropower Limited,APHL,58.0,6773.0,828.6,0.072463768,828.0,,,,,,,,,,,,,,,,,,,,,,7,"price_volume, live_market, summary, top_gainers, top_losers, nepse_index, supply_demand",5501
2026-08-10T14:58:10.998999+05:45,2026-08-10 14:58:10,price_volume,price_volume_11,True,cloud_automated,Monday - Trading Hours: 11:00 AM - 3:00 PM NPT,697,Api Power Company Ltd.,API,58.0,111574.0,327.0,-0.909090909,330.0,,,,,,,,,,,,,,,,,,,,,,7,"price_volume, live_market, summary, top_gainers, top_losers, nepse_index, supply_demand",5501
2026-08-10T14:58:10.998999+05:45,2026-08-10 14:58:10,price_volume,price_volume_12,True,cloud_automated,Monday - Trading Hours: 11:00 AM - 3:00 PM NPT,8117,Aviyan Laghubitta Bittiya Sanstha Limited,AVYAN,58.0,1725.0,1051.0,-0.189933523,1053.0,,,,,,,,,,,,,,,,,,,,,,7,"price_volume, live_market, summary, top_gainers, top_losers, nepse_index, supply_demand",5501
2026-08-10T14:58:10.998999+05:45,2026-08-10 14:58:10,price_volume,price_volume_13,True,cloud_automated,Monday - Trading Hours: 11:00 AM - 3:00 PM NPT,9297,Bandipur Cablecar and Tourism Limited,BANDIPUR,58.0,28482.0,681.0,-1.589595376,692.0,,,,,,,,,,,,,,,,,,,,,,7,"price_volume, live_market, summary, top_gainers, top_losers, nepse_index, supply_demand",5501
2026-08-10T14:58:10.998999+05:45,2026-08-10 14:58:10,price_volume,price_volume_14,True,cloud_automated,Monday - Trading Hours: 11:00 AM - 3:00 PM NPT,686,Barun Hydropower Co. Ltd.,BARUN,58.0,9924.0,319.0,-0.684931507,321.2,,,,,,,,,,,,,,,,,,,,,,7,"price_volume, live_market, summary, top_gainers, top_losers, nepse_index, supply_demand",5501
2026-08-10T14:58:10.998999+05:45,2026-08-10 14:58:10,price_volume,price_volume_15,True,cloud_automated,Monday - Trading Hours: 11:00 AM - 3:00 PM NPT,156,Bishal Bazar Company Limited,BBC,58.0,272.0,4249.0,-0.932618326,4289.0,,,,,,,,,,,,,,,,,,,,,,7,"price_volume, live_market, summary, top_gainers, top_losers, nepse_index, supply_demand",5501
2026-08-10T14:58:10.998999+05:45,2026-08-10 14:58:10,price_volume,price_volume_16,True,cloud_automated,Monday - Trading Hours: 11:00 AM - 3:00 PM NPT,9171,Bhugol Energy Development Company Limited,BEDC,58.0,12699.0,320.0,-0.92879257,323.0,,,,,,,,,,,,,,,,,,,,,,7,"price_volume, live_market, summary, top_gainers, top_losers, nepse_index, supply_demand",5501
2026-08-10T14:58:10.998999+05:45,2026-08-10 14:58:10,price_volume,price_volume_17,True,cloud_automated,Monday - Trading Hours: 11:00 AM - 3:00 PM NPT,227,Best Finance Company Ltd.,BFC,58.0,22310.0,490.0,-0.809716599,494.0,,,,,,,,,,,,,,,,,,,,,,7,"price_volume, live_market, summary, top_gainers, top_losers, nepse_index, supply_demand",5501
2026-08-10T14:58:10.998999+05:45,2026-08-10 14:58:10,price_volume,price_volume_18,True,cloud_automated,Monday - Trading Hours: 11:00 AM - 3:00 PM NPT,9214,Bhagawati Hydropower Development Company Limited,BGWT,58.0,1502.0,548.1,-1.420863309,556.0,,,,,,,,,,,,,,,,,,,,,,7,"price_volume, live_market, summary, top_gainers, top_losers, nepse_index, supply_demand",5501
2026-08-10T14:58:10.998999+05:45,2026-08-10 14:58:10,price_volume,price_volume_19,True,cloud_automated,Monday - Trading Hours: 11:00 AM - 3:00 PM NPT,9267,Bikash Hydropower Company Limited,BHCL,58.0,18496.0,488.2,-0.163599182,489.0,,,,,,,,,,,,,,,,,,,,,,7,"price_volume, live_market, summary, top_gainers, top_losers, nepse_index, supply_demand",5501
2026-08-10T14:58:10.998999+05:45,2026-08-10 14:58:10,price_volume,price_volume_20,True,cloud_automated,Monday - Trading Hours: 11:00 AM - 3:00 PM NPT,8075,Bindhyabasini Hydropower Development Company Limited,BHDC,58.0,1583.0,426.0,0.0,426.0,,,,,,,,,,,,,,,,,,,,,,7,"price_volume, live_market, summary, top_gainers, top_losers, nepse_index, supply_demand",5501
2026-08-10T14:58:10.998999+05:45,2026-08-10 14:58:10,price_volume,price_volume_21,True,cloud_automated,Monday - Trading Hours: 11:00 AM - 3:00 PM NPT,8055,Balephi Hydropower Limited,BHL,58.0,63216.0,207.0,-0.909526089,208.9,,,,,,,,,,,,,,,,,,,,,,7,"price_volume, live_market, summary, top_gainers, top_losers, nepse_index, supply_demand",5501
2026-08-10T14:58:10.998999+05:45,2026-08-10 14:58:10,price_volume,price_volume_22,True,cloud_automated,Monday - Trading Hours: 11:00 AM - 3:00 PM NPT,9135,Barahi Hydropower Public Limited,BHPL,58.0,3789.0,482.0,-3.018108652,497.0,,,,,,,,,,,,,,,,,,,,,,7,"price_volume, live_market, summary, top_gainers, top_losers, nepse_index, supply_demand",5501
2026-08-10T14:58:10.998999+05:45,2026-08-10 14:58:10,price_volume,price_volume_23,True,cloud_automated,Monday - Trading Hours: 11:00 AM - 3:00 PM NPT,9322,Bhujung Hydropower Limited,BJHL,58.0,7860.0,675.0,-2.737752161,694.0,,,,,,,,,,,,,,,,,,,,,,7,"price_volume, live_market, summary, top_gainers, top_losers, nepse_index, supply_demand",5501
2026-08-10T14:58:10.998999+05:45,2026-08-10 14:58:10,price_volume,price_volume_24,True,cloud_automated,Monday - Trading Hours: 11:00 AM - 3:00 PM NPT,8032,Buddha Bhumi Nepal Hydropower Company Limited,BNHC,58.0,8949.0,284.0,-0.768693222,286.2,,,,,,,,,,,,,,,,,,,,,,7,"price_volume, live_market, summary, top_gainers, top_losers, nepse_index, supply_demand",5501
2026-08-10T14:58:10.998999+05:45,2026-08-10 14:58:10,price_volume,price_volume_25,True,cloud_automated,Monday - Trading Hours: 11:00 AM - 3:00 PM NPT,213,Bottlers Nepal (Terai) Limited,BNT,58.0,65.0,11550.1,-0.814942035,11645.0,,,,,,,,,,,,,,,,,,,,,,7,"price_volume, live_market, summary, top_gainers, top_losers, nepse_index, supply_demand",5501
2026-08-10T14:58:10.998999+05:45,2026-08-10 14:58:10,price_volume,price_volume_26,True,cloud_automated,Monday - Trading Hours: 11:00 AM - 3:00 PM NPT,153,Butwal Power Company Limited,BPCL,58.0,14050.0,642.0,-1.230769231,650.0,,,,,,,,,,,,,,,,,,,,,,7,"price_volume, live_market, summary, top_gainers, top_losers, nepse_index, supply_demand",5501
2026-08-10T14:58:10.998999+05:45,2026-08-10 14:58:10,price_volume,price_volume_27,True,cloud_automated,Monday - Trading Hours: 11:00 AM - 3:00 PM NPT,9296,Bungal Hydro Limited,BUNGAL,58.0,16153.0,588.0,0.547195622,584.8,,,,,,,,,,,,,,,,,,,,,,7,"price_volume, live_market, summary, top_gainers, top_losers, nepse_index, supply_demand",5501
2026-08-10T14:58:10.998999+05:45,2026-08-10 14:58:10,price_volume,price_volume_28,True,cloud_automated,Monday - Trading Hours: 11:00 AM - 3:00 PM NPT,164,Chhimek Laghubitta Bittiya Sanstha Limited,CBBL,58.0,4626.0,928.4,-0.064585576,929.0,,,,,,,,,,,,,,,,,,,,,,7,"price_volume, live_market, summary, top_gainers, top_losers, nepse_index, supply_demand",5501
2026-08-10T14:58:10.998999+05:45,2026-08-10 14:58:10,price_volume,price_volume_29,True,cloud_automated,Monday - Trading Hours: 11:00 AM - 3:00 PM NPT,245,Central Finance Co. Ltd.,CFCL,58.0,69591.0,657.2,-0.424242424,660.0,,,,,,,,,,,,,,,,,,,,,,7,"price_volume, live_market, summary, top_gainers, top_losers, nepse_index, supply_demand",5501
2026-08-10T14:58:10.998999+05:45,2026-08-10 14:58:10,price_volume,price_volume_30,True,cloud_automated,Monday - Trading Hours: 11:00 AM - 3:00 PM NPT,2917,Chandragiri Hills Limited,CGH,58.0,2387.0,776.0,-1.159088014,785.1,,,,,,,,,,,,,,,,,,,,,,7,"price_volume, live_market, summary, top_gainers, top_losers, nepse_index, supply_demand",5501
2026-08-10T14:58:10.998999+05:45,2026-08-10 14:58:10,price_volume,price_volume_31,True,cloud_automated,Monday - Trading Hours: 11:00 AM - 3:00 PM NPT,154,Chilime Hydropower Company Limited,CHCL,58.0,8608.0,485.5,-0.102880658,486.0,,,,,,,,,,,,,,,,,,,,,,7,"price_volume, live_market, summary, top_gainers, top_losers, nepse_index, supply_demand",5501
2026-08-10T14:58:10.998999+05:45,2026-08-10 14:58:10,price_volume,price_volume_32,True,cloud_automated,Monday - Trading Hours: 11:00 AM - 3:00 PM NPT,3946,CEDB Holdings Limited,CHDC,58.0,5037.0,2165.1,-1.586363636,2200.0,,,,,,,,,,,,,,,,,,,,,,7,"price_volume, live_market, summary, top_gainers, top_losers, nepse_index, supply_demand",5501
2026-08-10T14:58:10.998999+05:45,2026-08-10 14:58:10,price_volume,price_volume_33,True,cloud_automated,Monday - Trading Hours: 11:00 AM - 3:00 PM NPT,2766,Chhyangdi Hydropower Ltd.,CHL,58.0,12398.0,264.1,-1.455223881,268.0,,,,,,,,,,,,,,,,,,,,,,7,"price_volume, live_market, summary, top_gainers, top_losers, nepse_index, supply_demand",5501
2026-08-10T14:58:10.998999+05:45,2026-08-10 14:58:10,price_volume,price_volume_34,True,cloud_automated,Monday - Trading Hours: 11:00 AM - 3:00 PM NPT,210,Citizen Investment Trust,CIT,58.0,3547.0,1697.0,-0.754430084,1709.9,,,,,,,,,,,,,,,,,,,,,,7,"price_volume, live_market, summary, top_gainers, top_losers, nepse_index, supply_demand",5501
2026-08-10T14:58:10.998999+05:45,2026-08-10 14:58:10,price_volume,price_volume_35,True,cloud_automated,Monday - Trading Hours: 11:00 AM - 3:00 PM NPT,9173,City Hotel Limited,CITY,58.0,55320.0,367.0,-1.078167116,371.0,,,,,,,,,,,,,,,,,,,,,,7,"price_volume, live_market, summary, top_gainers, top_losers, nepse_index, supply_demand",5501
2026-08-10T14:58:10.998999+05:45,2026-08-10 14:58:10,price_volume,price_volume_36,True,cloud_automated,Monday - Trading Hours: 11:00 AM - 3:00 PM NPT,9232,Chirkhwa Hydropower Limited ,CKHL,58.0,16330.0,568.6,-2.636986301,584.0,,,,,,,,,,,,,,,,,,,,,,7,"price_volume, live_market, summary, top_gainers, top_losers, nepse_index, supply_demand",5501
2026-08-10T14:58:10.998999+05:45,2026-08-10 14:58:10,price_volume,price_volume_37,True,cloud_automated,Monday - Trading Hours: 11:00 AM - 3:00 PM NPT,9209,Citizen Life Insurance Company Limited,CLI,58.0,4701.0,438.3,-1.261545393,443.9,,,,,,,,,,,,,,,,,,,,,,7,"price_volume, live_market, summary, top_gainers, top_losers, nepse_index, supply_demand",5501
2026-08-10T14:58:10.998999+05:45,2026-08-10 14:58:10,price_volume,price_volume_38,True,cloud_automated,Monday - Trading Hours: 11:00 AM - 3:00 PM NPT,450,Corporate Development Bank Limited,CORBL,58.0,66159.0,1160.0,8.920187793,1065.0,,,,,,,,,,,,,,,,,,,,,,7,"price_volume, live_market, summary, top_gainers, top_losers, nepse_index, supply_demand",5501
2026-08-10T14:58:10.998999+05:45,2026-08-10 14:58:10,price_volume,price_volume_39,True,cloud_automated,Monday - Trading Hours: 11:00 AM - 3:00 PM NPT,9252,Crest Micro Life Insurance Limited,CREST,58.0,4275.0,1173.2,-1.328847771,1189.0,,,,,,,,,,,,,,,,,,,,,,7,"price_volume, live_market, summary, top_gainers, top_losers, nepse_index, supply_demand",5501
2026-08-10T14:58:10.998999+05:45,2026-08-10 14:58:10,price_volume,price_volume_40,True,cloud_automated,Monday - Trading Hours: 11:00 AM - 3:00 PM NPT,8065,CYC Nepal Laghubitta Bittiya Sanstha Limited,CYCL,58.0,1298.0,1278.0,-0.15625,1280.0,,,,,,,,,,,,,,,,,,,,,,7,"price_volume, live_market, summary, top_gainers, top_losers, nepse_index, supply_demand",5501
2026-08-10T14:58:10.998999+05:45,2026-08-10 14:58:10,price_volume,price_volume_41,True,cloud_automated,Monday - Trading Hours: 11:00 AM - 3:00 PM NPT,348,Citizens Bank International Limited,CZBIL,58.0,37998.0,201.0,-0.495049505,202.0,,,,,,,,,,,,,,,,,,,,,,7,"price_volume, live_market, summary, top_gainers, top_losers, nepse_index, supply_demand",5501
2026-08-10T14:58:10.998999+05:45,2026-08-10 14:58:10,price_volume,price_volume_42,True,cloud_automated,Monday - Trading Hours: 11:00 AM - 3:00 PM NPT,166,Deprosc Laghubitta Bittiya Sanstha Limited,DDBL,58.0,9015.0,830.0,0.120627262,829.0,,,,,,,,,,,,,,,,,,,,,,7,"price_volume, live_market, summary, top_gainers, top_losers, nepse_index, supply_demand",5501
2026-08-10T14:58:10.998999+05:45,2026-08-10 14:58:10,price_volume,price_volume_43,True,cloud_automated,Monday - Trading Hours: 11:00 AM - 3:00 PM NPT,9293,Daramkhola Hydro Energy Limited,DHEL,58.0,61532.0,606.0,3.607454266,584.9,,,,,,,,,,,,,,,,,,,,,,7,"price_volume, live_market, summary, top_gainers, top_losers, nepse_index, supply_demand",5501
2026-08-10T14:58:10.998999+05:45,2026-08-10 14:58:10,price_volume,price_volume_44,True,cloud_automated,Monday - Trading Hours: 11:00 AM - 3:00 PM NPT,2754,Dibyashwori Hydropower Ltd.,DHPL,58.0,1893.0,286.0,-1.379310345,290.0,,,,,,,,,,,,,,,,,,,,,,7,"price_volume, live_market, summary, top_gainers, top_losers, nepse_index, supply_demand",5501
2026-08-10T14:58:10.998999+05:45,2026-08-10 14:58:10,price_volume,price_volume_45,True,cloud_automated,Monday - Trading Hours: 11:00 AM - 3:00 PM NPT,8123,Dhaulagiri Laghubitta Bittiya Sanstha Limited,DLBS,58.0,328.0,1180.0,1.287553648,1165.0,,,,,,,,,,,,,,,,,,,,,,7,"price_volume, live_market, summary, top_gainers, top_losers, nepse_index, supply_demand",5501
2026-08-10T14:58:10.998999+05:45,2026-08-10 14:58:10,price_volume,price_volume_46,True,cloud_automated,Monday - Trading Hours: 11:00 AM - 3:00 PM NPT,9170,Dolti Power Company Limited,DOLTI,58.0,12408.0,319.3,-0.21875,320.0,,,,,,,,,,,,,,,,,,,,,,7,"price_volume, live_market, summary, top_gainers, top_losers, nepse_index, supply_demand",5501
2026-08-10T14:58:10.998999+05:45,2026-08-10 14:58:10,price_volume,price_volume_47,True,cloud_automated,Monday - Trading Hours: 11:00 AM - 3:00 PM NPT,8070,Dordi Khola Jal Bidyut Company Limited,DORDI,58.0,16602.0,248.3,0.526315789,247.0,,,,,,,,,,,,,,,,,,,,,,7,"price_volume, live_market, summary, top_gainers, top_losers, nepse_index, supply_demand",5501
2026-08-10T14:58:10.998999+05:45,2026-08-10 14:58:10,price_volume,price_volume_48,True,cloud_automated,Monday - Trading Hours: 11:00 AM - 3:00 PM NPT,137,Everest Bank Limited,EBL,58.0,34750.0,715.0,-1.106500692,723.0,,,,,,,,,,,,,,,,,,,,,,7,"price_volume, live_market, summary, top_gainers, top_losers, nepse_index, supply_demand",5501
2026-08-10T14:58:10.998999+05:45,2026-08-10 14:58:10,price_volume,price_volume_49,True,cloud_automated,Monday - Trading Hours: 11:00 AM - 3:00 PM NPT,9347,Everest Colour Limited,ECL,58.0,34566.0,1580.0,-5.105105105,1665.0,,,,,,,,,,,,,,,,,,,,,,7,"price_volume, live_market, summary, top_gainers, top_losers, nepse_index, supply_demand",5501
2026-08-10T14:58:10.998999+05:45,2026-08-10 14:58:10,price_volume,price_volume_50,True,cloud_automated,Monday - Trading Hours: 11:00 AM - 3:00 PM NPT,274,Excel Development Bank Ltd.,EDBL,58.0,4050.0,580.0,-0.684931507,584.0,,,,,,,,,,,,,,,,,,,,,,7,"price_volume, live_market, summary, top_gainers, top_losers, nepse_index, supply_demand",5501
2026-08-10T14:58:10.998999+05:45,2026-08-10 14:58:10,price_volume,price_volume_51,True,cloud_automated,Monday - Trading Hours: 11:00 AM - 3:00 PM NPT,8131,Eastern Hydropower Limited,EHPL,58.0,19641.0,338.4,-1.627906977,344.0,,,,,,,,,,,,,,,,,,,,,,7,"price_volume, live_market, summary, top_gainers, top_losers, nepse_index, supply_demand",5501
2026-08-10T14:58:10.998999+05:45,2026-08-10 14:58:10,price_volume,price_volume_52,True,cloud_automated,Monday - Trading Hours: 11:00 AM - 3:00 PM NPT,8034,Emerging Nepal Limited,ENL,58.0,441.0,787.0,-1.612701588,799.9,,,,,,,,,,,,,,,,,,,,,,7,"price_volume, live_market, summary, top_gainers, top_losers, nepse_index, supply_demand",5501
2026-08-10T14:58:10.998999+05:45,2026-08-10 14:58:10,price_volume,price_volume_53,True,cloud_automated,Monday - Trading Hours: 11:00 AM - 3:00 PM NPT,490,First Micro Finance Laghubitta Bittiya Sanstha Limited,FMDBL,58.0,147087.0,818.0,4.737516005,781.0,,,,,,,,,,,,,,,,,,,,,,7,"price_volume, live_market, summary, top_gainers, top_losers, nepse_index, supply_demand",5501
2026-08-10T14:58:10.998999+05:45,2026-08-10 14:58:10,price_volume,price_volume_54,True,cloud_automated,Monday - Trading Hours: 11:00 AM - 3:00 PM NPT,2758,Forward Microfinance Laghubitta Bittiya Sanstha Limited,FOWAD,58.0,2703.0,928.0,-0.215053763,930.0,,,,,,,,,,,,,,,,,,,,,,7,"price_volume, live_market, summary, top_gainers, top_losers, nepse_index, supply_demand",5501
2026-08-10T14:58:10.998999+05:45,2026-08-10 14:58:10,price_volume,price_volume_55,True,cloud_automated,Monday - Trading Hours: 11:00 AM - 3:00 PM NPT,417,Garima Bikas Bank Limited,GBBL,58.0,21448.0,418.5,-0.119331742,419.0,,,,,,,,,,,,,,,,,,,,,,7,"price_volume, live_market, summary, top_gainers, top_losers, nepse_index, supply_demand",5501
2026-08-10T14:58:10.998999+05:45,2026-08-10 14:58:10,price_volume,price_volume_56,True,cloud_automated,Monday - Trading Hours: 11:00 AM - 3:00 PM NPT,341,Global IME Bank Limited,GBIME,58.0,218630.0,250.9,-0.039840637,251.0,,,,,,,,,,,,,,,,,,,,,,7,"price_volume, live_market, summary, top_gainers, top_losers, nepse_index, supply_demand",5501
2026-08-10T14:58:10.998999+05:45,2026-08-10 14:58:10,price_volume,price_volume_57,True,cloud_automated,Monday - Trading Hours: 11:00 AM - 3:00 PM NPT,583,Grameen Bikas Laghubitta Bittiya Sanstha Ltd.,GBLBS,58.0,1133.0,731.1,-0.93495935,738.0,,,,,,,,,,,,,,,,,,,,,,7,"price_volume, live_market, summary, top_gainers, top_losers, nepse_index, supply_demand",5501
2026-08-10T14:58:10.998999+05:45,2026-08-10 14:58:10,price_volume,price_volume_58,True,cloud_automated,Monday - Trading Hours: 11:00 AM - 3:00 PM NPT,9193,Ghorahi Cement Industry Limited,GCIL,58.0,5146.0,345.0,0.0,345.0,,,,,,,,,,,,,,,,,,,,,,7,"price_volume, live_market, summary, top_gainers, top_losers, nepse_index, supply_demand",5501
2026-08-10T14:58:10.998999+05:45,2026-08-10 14:58:10,price_volume,price_volume_59,True,cloud_automated,Monday - Trading Hours: 11:00 AM - 3:00 PM NPT,232,Goodwill Finance Limited,GFCL,58.0,8994.0,600.0,-0.826446281,605.0,,,,,,,,,,,,,,,,,,,,,,7,"price_volume, live_market, summary, top_gainers, top_losers, nepse_index, supply_demand",5501
2026-08-10T14:58:10.998999+05:45,2026-08-10 14:58:10,price_volume,price_volume_60,True,cloud_automated,Monday - Trading Hours: 11:00 AM - 3:00 PM NPT,2806,Ghalemdi Hydro Limited,GHL,58.0,28908.0,230.0,0.877192982,228.0,,,,,,,,,,,,,,,,,,,,,,7,"price_volume, live_market, summary, top_gainers, top_losers, nepse_index, supply_demand",5501
2026-08-10T14:58:10.998999+05:45,2026-08-10 14:58:10,price_volume,price_volume_61,True,cloud_automated,Monday - Trading Hours: 11:00 AM - 3:00 PM NPT,705,Global IME Laghubitta Bittiya Sanstha Ltd.,GILB,58.0,402.0,1088.7,1.747663551,1070.0,,,,,,,,,,,,,,,,,,,,,,7,"price_volume, live_market, summary, top_gainers, top_losers, nepse_index, supply_demand",5501
2026-08-10T14:58:10.998999+05:45,2026-08-10 14:58:10,price_volume,price_volume_62,True,cloud_automated,Monday - Trading Hours: 11:00 AM - 3:00 PM NPT,2826,Gurans Laghubitta Bittiya Sanstha Limited,GLBSL,58.0,75.0,1785.0,-0.606938026,1795.9,,,,,,,,,,,,,,,,,,,,,,7,"price_volume, live_market, summary, top_gainers, top_losers, nepse_index, supply_demand",5501
2026-08-10T14:58:10.998999+05:45,2026-08-10 14:58:10,price_volume,price_volume_63,True,cloud_automated,Monday - Trading Hours: 11:00 AM - 3:00 PM NPT,2924,GreenLife Hydropower Limited,GLH,58.0,18944.0,256.0,-0.350330868,256.9,,,,,,,,,,,,,,,,,,,,,,7,"price_volume, live_market, summary, top_gainers, top_losers, nepse_index, supply_demand",5501
2026-08-10T14:58:10.998999+05:45,2026-08-10 14:58:10,price_volume,price_volume_64,True,cloud_automated,Monday - Trading Hours: 11:00 AM - 3:00 PM NPT,2815,Ganapati Laghubitta Bittiya Sanstha Limited,GMFBS,58.0,987.0,1140.0,-1.213171577,1154.0,,,,,,,,,,,,,,,,,,,,,,7,"price_volume, live_market, summary, top_gainers, top_losers, nepse_index, supply_demand",5501
2026-08-10T14:58:10.998999+05:45,2026-08-10 14:58:10,price_volume,price_volume_65,True,cloud_automated,Monday - Trading Hours: 11:00 AM - 3:00 PM NPT,263,Guheshowori Merchant Bank & Finance Co. Ltd.,GMFIL,58.0,10811.0,455.0,-0.284900285,456.3,,,,,,,,,,,,,,,,,,,,,,7,"price_volume, live_market, summary, top_gainers, top_losers, nepse_index, supply_demand",5501
2026-08-10T14:58:10.998999+05:45,2026-08-10 14:58:10,price_volume,price_volume_66,True,cloud_automated,Monday - Trading Hours: 11:00 AM - 3:00 PM NPT,9246,Guardian Micro Life Insurance Limited ,GMLI,58.0,2028.0,1091.0,-1.266968326,1105.0,,,,,,,,,,,,,,,,,,,,,,7,"price_volume, live_market, summary, top_gainers, top_losers, nepse_index, supply_demand",5501
2026-08-10T14:58:10.998999+05:45,2026-08-10 14:58:10,price_volume,price_volume_67,True,cloud_automated,Monday - Trading Hours: 11:00 AM - 3:00 PM NPT,2744,Green Development Bank Ltd.,GRDBL,58.0,6375.0,1057.0,0.762631077,1049.0,,,,,,,,,,,,,,,,,,,,,,7,"price_volume, live_market, summary, top_gainers, top_losers, nepse_index, supply_demand",5501
2026-08-10T14:58:10.998999+05:45,2026-08-10 14:58:10,price_volume,price_volume_68,True,cloud_automated,Monday - Trading Hours: 11:00 AM - 3:00 PM NPT,204,Gurkhas Finance Ltd.,GUFL,58.0,10837.0,560.3,-1.684506054,569.9,,,,,,,,,,,,,,,,,,,,,,7,"price_volume, live_market, summary, top_gainers, top_losers, nepse_index, supply_demand",5501
2026-08-10T14:58:10.998999+05:45,2026-08-10 14:58:10,price_volume,price_volume_69,True,cloud_automated,Monday - Trading Hours: 11:00 AM - 3:00 PM NPT,8045,Green Ventures Limited,GVL,58.0,1299.0,478.2,-0.788381743,482.0,,,,,,,,,,,,,,,,,,,,,,7,"price_volume, live_market, summary, top_gainers, top_losers, nepse_index, supply_demand",5501
2026-08-10T14:58:10.998999+05:45,2026-08-10 14:58:10,price_volume,price_volume_70,True,cloud_automated,Monday - Trading Hours: 11:00 AM - 3:00 PM NPT,9213,Hathway Investment Nepal Limited,HATHY,58.0,7052.0,680.0,-1.875901876,693.0,,,,,,,,,,,,,,,,,,,,,,7,"price_volume, live_market, summary, top_gainers, top_losers, nepse_index, supply_demand",5501
2026-08-10T14:58:10.998999+05:45,2026-08-10 14:58:10,price_volume,price_volume_71,True,cloud_automated,Monday - Trading Hours: 11:00 AM - 3:00 PM NPT,134,Himalayan Bank Limited,HBL,58.0,42689.0,195.0,0.102669405,194.8,,,,,,,,,,,,,,,,,,,,,,7,"price_volume, live_market, summary, top_gainers, top_losers, nepse_index, supply_demand",5501
2026-08-10T14:58:10.998999+05:45,2026-08-10 14:58:10,price_volume,price_volume_72,True,cloud_automated,Monday - Trading Hours: 11:00 AM - 3:00 PM NPT,2880,Himal Dolakha Hydropower Company Limited,HDHPC,58.0,66504.0,207.0,-0.480769231,208.0,,,,,,,,,,,,,,,,,,,,,,7,"price_volume, live_market, summary, top_gainers, top_losers, nepse_index, supply_demand",5501
2026-08-10T14:58:10.998999+05:45,2026-08-10 14:58:10,price_volume,price_volume_73,True,cloud_automated,Monday - Trading Hours: 11:00 AM - 3:00 PM NPT,235,Himalayan Distillery Limited,HDL,58.0,14360.0,1165.0,-0.171379606,1167.0,,,,,,,,,,,,,,,,,,,,,,7,"price_volume, live_market, summary, top_gainers, top_losers, nepse_index, supply_demand",5501
2026-08-10T14:58:10.998999+05:45,2026-08-10 14:58:10,price_volume,price_volume_74,True,cloud_automated,Monday - Trading Hours: 11:00 AM - 3:00 PM NPT,179,Himalayan Everest Insurance Limited,HEI,58.0,2204.0,532.8,-0.224719101,534.0,,,,,,,,,,,,,,,,,,,,,,7,"price_volume, live_market, summary, top_gainers, top_losers, nepse_index, supply_demand",5501
2026-08-10T14:58:10.998999+05:45,2026-08-10 14:58:10,price_volume,price_volume_75,True,cloud_automated,Monday - Trading Hours: 11:00 AM - 3:00 PM NPT,9308,Hotel Forest Inn Limited,HFIN,58.0,19998.0,688.2,-1.545064378,699.0,,,,,,,,,,,,,,,,,,,,,,7,"price_volume, live_market, summary, top_gainers, top_losers, nepse_index, supply_demand",5501
2026-08-10T14:58:10.998999+05:45,2026-08-10 14:58:10,price_volume,price_volume_76,True,cloud_automated,Monday - Trading Hours: 11:00 AM - 3:00 PM NPT,8076,Himalayan Hydropower Limited,HHL,58.0,8013.0,332.0,-1.483679525,337.0,,,,,,,,,,,,,,,,,,,,,,7,"price_volume, live_market, summary, top_gainers, top_losers, nepse_index, supply_demand",5501
2026-08-10T14:58:10.998999+05:45,2026-08-10 14:58:10,price_volume,price_volume_77,True,cloud_automated,Monday - Trading Hours: 11:00 AM - 3:00 PM NPT,2742,Hydorelectricity Investment and Development Company Ltd,HIDCL,58.0,39558.0,251.5,-0.984251969,254.0,,,,,,,,,,,,,,,,,,,,,,7,"price_volume, live_market, summary, top_gainers, top_losers, nepse_index, supply_demand",5501
2026-08-10T14:58:10.998999+05:45,2026-08-10 14:58:10,price_volume,price_volume_78,True,cloud_automated,Monday - Trading Hours: 11:00 AM - 3:00 PM NPT,9270,Him Star Urja Company Limited,HIMSTAR,58.0,2594.0,686.0,-1.436781609,696.0,,,,,,,,,,,,,,,,,,,,,,7,"price_volume, live_market, summary, top_gainers, top_losers, nepse_index, supply_demand",5501
2026-08-10T14:58:10.998999+05:45,2026-08-10 14:58:10,price_volume,price_volume_79,True,cloud_automated,Monday - Trading Hours: 11:00 AM - 3:00 PM NPT,693,Himalayan Laghubitta Bittiya Sanstha Limited,HLBSL,58.0,310.0,884.0,1.609195402,870.0,,,,,,,,,,,,,,,,,,,,,,7,"price_volume, live_market, summary, top_gainers, top_losers, nepse_index, supply_demand",5501
2026-08-10T14:58:10.998999+05:45,2026-08-10 14:58:10,price_volume,price_volume_80,True,cloud_automated,Monday - Trading Hours: 11:00 AM - 3:00 PM NPT,393,Himalayan Life Insurance Limited,HLI,58.0,23433.0,317.0,-0.844541758,319.7,,,,,,,,,,,,,,,,,,,,,,7,"price_volume, live_market, summary, top_gainers, top_losers, nepse_index, supply_demand",5501
2026-08-10T14:58:10.998999+05:45,2026-08-10 14:58:10,price_volume,price_volume_81,True,cloud_automated,Monday - Trading Hours: 11:00 AM - 3:00 PM NPT,2767,Himalayan Power Partner Ltd.,HPPL,58.0,56511.0,374.1,-1.552631579,380.0,,,,,,,,,,,,,,,,,,,,,,7,"price_volume, live_market, summary, top_gainers, top_losers, nepse_index, supply_demand",5501
2026-08-10T14:58:10.998999+05:45,2026-08-10 14:58:10,price_volume,price_volume_82,True,cloud_automated,Monday - Trading Hours: 11:00 AM - 3:00 PM NPT,9234,Himalayan Reinsurance Limited,HRL,58.0,27129.0,578.1,-0.840480274,583.0,,,,,,,,,,,,,,,,,,,,,,7,"price_volume, live_market, summary, top_gainers, top_losers, nepse_index, supply_demand",5501
2026-08-10T14:58:10.998999+05:45,2026-08-10 14:58:10,price_volume,price_volume_83,True,cloud_automated,Monday - Trading Hours: 11:00 AM - 3:00 PM NPT,2824,Himalaya Urja Bikas Company Limited,HURJA,58.0,27690.0,239.0,0.420168067,238.0,,,,,,,,,,,,,,,,,,,,,,7,"price_volume, live_market, summary, top_gainers, top_losers, nepse_index, supply_demand",5501
2026-08-10T14:58:10.998999+05:45,2026-08-10 14:58:10,price_volume,price_volume_84,True,cloud_automated,Monday - Trading Hours: 11:00 AM - 3:00 PM NPT,273,ICFC Finance Limited,ICFC,58.0,2305.0,599.0,-0.663349917,603.0,,,,,,,,,,,,,,,,,,,,,,7,"price_volume, live_market, summary, top_gainers, top_losers, nepse_index, supply_demand",5501
2026-08-10T14:58:10.998999+05:45,2026-08-10 14:58:10,price_volume,price_volume_85,True,cloud_automated,Monday - Trading Hours: 11:00 AM - 3:00 PM NPT,186,IGI Prudential insurance Limited,IGI,58.0,5185.0,426.0,-0.930232558,430.0,,,,,,,,,,,,,,,,,,,,,,7,"price_volume, live_market, summary, top_gainers, top_losers, nepse_index, supply_demand",5501
2026-08-10T14:58:10.998999+05:45,2026-08-10 14:58:10,price_volume,price_volume_86,True,cloud_automated,Monday - Trading Hours: 11:00 AM - 3:00 PM NPT,9176,Ingwa Hydropower Limited,IHL,58.0,3789.0,340.0,-1.734104046,346.0,,,,,,,,,,,,,,,,,,,,,,7,"price_volume, live_market, summary, top_gainers, top_losers, nepse_index, supply_demand",5501
2026-08-10T14:58:10.998999+05:45,2026-08-10 14:58:10,price_volume,price_volume_87,True,cloud_automated,Monday - Trading Hours: 11:00 AM - 3:00 PM NPT,2832,Infinity Laghubitta Bittiya Sanstha Limited,ILBS,58.0,1894.0,865.0,-1.357053256,876.9,,,,,,,,,,,,,,,,,,,,,,7,"price_volume, live_market, summary, top_gainers, top_losers, nepse_index, supply_demand",5501
2026-08-10T14:58:10.998999+05:45,2026-08-10 14:58:10,price_volume,price_volume_88,True,cloud_automated,Monday - Trading Hours: 11:00 AM - 3:00 PM NPT,9184,IME Life Insurance Company Limited,ILI,58.0,8639.0,409.0,-0.824442289,412.4,,,,,,,,,,,,,,,,,,,,,,7,"price_volume, live_market, summary, top_gainers, top_losers, nepse_index, supply_demand",5501
2026-08-10T14:58:10.998999+05:45,2026-08-10 14:58:10,price_volume,price_volume_89,True,cloud_automated,Monday - Trading Hours: 11:00 AM - 3:00 PM NPT,418,Jyoti Bikas Bank Limited,JBBL,58.0,28250.0,339.2,-0.235294118,340.0,,,,,,,,,,,,,,,,,,,,,,7,"price_volume, live_market, summary, top_gainers, top_losers, nepse_index, supply_demand",5501
2026-08-10T14:58:10.998999+05:45,2026-08-10 14:58:10,price_volume,price_volume_90,True,cloud_automated,Monday - Trading Hours: 11:00 AM - 3:00 PM NPT,4951,Jeevan Bikas Laghubitta  Bittya Sanstha Ltd,JBLB,58.0,2213.0,1255.0,-0.460025381,1260.8,,,,,,,,,,,,,,,,,,,,,,7,"price_volume, live_market, summary, top_gainers, top_losers, nepse_index, supply_demand",5501
2026-08-10T14:58:10.998999+05:45,2026-08-10 14:58:10,price_volume,price_volume_91,True,cloud_automated,Monday - Trading Hours: 11:00 AM - 3:00 PM NPT,250,Janaki Finance Company Limited,JFL,58.0,4155.0,382.5,-0.520156047,384.5,,,,,,,,,,,,,,,,,,,,,,7,"price_volume, live_market, summary, top_gainers, top_losers, nepse_index, supply_demand",5501
2026-08-10T14:58:10.998999+05:45,2026-08-10 14:58:10,price_volume,price_volume_92,True,cloud_automated,Monday - Trading Hours: 11:00 AM - 3:00 PM NPT,9300,Jhapa Energy Limited,JHAPA,58.0,4021.0,1067.0,-2.110091743,1090.0,,,,,,,,,,,,,,,,,,,,,,7,"price_volume, live_market, summary, top_gainers, top_losers, nepse_index, supply_demand",5501
2026-08-10T14:58:10.998999+05:45,2026-08-10 14:58:10,price_volume,price_volume_93,True,cloud_automated,Monday - Trading Hours: 11:00 AM - 3:00 PM NPT,2789,Joshi Hydropower Development Company Ltd,JOSHI,58.0,37150.0,279.0,-1.413427562,283.0,,,,,,,,,,,,,,,,,,,,,,7,"price_volume, live_market, summary, top_gainers, top_losers, nepse_index, supply_demand",5501
2026-08-10T14:58:10.998999+05:45,2026-08-10 14:58:10,price_volume,price_volume_94,True,cloud_automated,Monday - Trading Hours: 11:00 AM - 3:00 PM NPT,695,Janautthan Samudayic Laghubitta Bittya Sanstha Limited,JSLBB,58.0,205.0,980.0,0.0,980.0,,,,,,,,,,,,,,,,,,,,,,7,"price_volume, live_market, summary, top_gainers, top_losers, nepse_index, supply_demand",5501
2026-08-10T14:58:10.998999+05:45,2026-08-10 14:58:10,price_volume,price_volume_95,True,cloud_automated,Monday - Trading Hours: 11:00 AM - 3:00 PM NPT,9346,Kalanga Hydro Limited,KAHL,58.0,27343.0,541.8,-0.073773515,542.2,,,,,,,,,,,,,,,,,,,,,,7,"price_volume, live_market, summary, top_gainers, top_losers, nepse_index, supply_demand",5501
2026-08-10T14:58:10.998999+05:45,2026-08-10 14:58:10,price_volume,price_volume_96,True,cloud_automated,Monday - Trading Hours: 11:00 AM - 3:00 PM NPT,142,Kumari Bank Limited,KBL,58.0,158868.0,214.9,-0.046511628,215.0,,,,,,,,,,,,,,,,,,,,,,7,"price_volume, live_market, summary, top_gainers, top_losers, nepse_index, supply_demand",5501
2026-08-10T14:58:10.998999+05:45,2026-08-10 14:58:10,price_volume,price_volume_97,True,cloud_automated,Monday - Trading Hours: 11:00 AM - 3:00 PM NPT,9196,Kutheli Bukhari Small Hydropower Limited,KBSH,58.0,13673.0,965.5,-1.479591837,980.0,,,,,,,,,,,,,,,,,,,,,,7,"price_volume, live_market, summary, top_gainers, top_losers, nepse_index, supply_demand",5501
2026-08-10T14:58:10.998999+05:45,2026-08-10 14:58:10,price_volume,price_volume_98,True,cloud_automated,Monday - Trading Hours: 11:00 AM - 3:00 PM NPT,9151,Kalinchowk Darshan Limited,KDL,58.0,320.0,778.0,0.516795866,774.0,,,,,,,,,,,,,,,,,,,,,,7,"price_volume, live_market, summary, top_gainers, top_losers, nepse_index, supply_demand",5501
2026-08-10T14:58:10.998999+05:45,2026-08-10 14:58:10,price_volume,price_volume_99,True,cloud_automated,Monday - Trading Hours: 11:00 AM - 3:00 PM NPT,9334,Kalinchock Hydropower Limited,KHPL,58.0,8408.0,806.1,-1.213235294,816.0,,,,,,,,,,,,,,,,,,,,,,7,"price_volume, live_market, summary, top_gainers, top_losers, nepse_index, supply_demand",5501
2026-08-10T14:58:10.998999+05:45,2026-08-10 14:58:10,price_volume,price_volume_100,True,cloud_automated,Monday - Trading Hours: 11:00 AM - 3:00 PM NPT,2751,Khanikhola Hydropower Co. Ltd.,KKHC,58.0,229796.0,320.0,-0.92879257,323.0,,,,,,,,,,,,,,,,,,,,,,7,"price_volume, live_market, summary, top_gainers, top_losers, nepse_index, supply_demand",5501
2026-08-10T14:58:10.998999+05:45,2026-08-10 14:58:10,price_volume,price_volume_101,True,cloud_automated,Monday - Trading Hours: 11:00 AM - 3:00 PM NPT,593,Kalika Laghubitta Bittiya Sanstha Ltd,KMCDB,58.0,10371.0,809.0,4.118404118,777.0,,,,,,,,,,,,,,,,,,,,,,7,"price_volume, live_market, summary, top_gainers, top_losers, nepse_index, supply_demand",5501
2026-08-10T14:58:10.998999+05:45,2026-08-10 14:58:10,price_volume,price_volume_102,True,cloud_automated,Monday - Trading Hours: 11:00 AM - 3:00 PM NPT,2787,Kalika power Company Ltd,KPCL,58.0,2121.0,465.0,-0.641025641,468.0,,,,,,,,,,,,,,,,,,,,,,7,"price_volume, live_market, summary, top_gainers, top_losers, nepse_index, supply_demand",5501
2026-08-10T14:58:10.998999+05:45,2026-08-10 14:58:10,price_volume,price_volume_103,True,cloud_automated,Monday - Trading Hours: 11:00 AM - 3:00 PM NPT,459,Kamana Sewa Bikas Bank Limited,KSBBL,58.0,73125.0,466.0,-1.60472973,473.6,,,,,,,,,,,,,,,,,,,,,,7,"price_volume, live_market, summary, top_gainers, top_losers, nepse_index, supply_demand",5501
2026-08-10T14:58:10.998999+05:45,2026-08-10 14:58:10,price_volume,price_volume_104,True,cloud_automated,Monday - Trading Hours: 11:00 AM - 3:00 PM NPT,358,Lumbini Bikas Bank Ltd.,LBBL,58.0,15885.0,485.6,-1.28074812,491.9,,,,,,,,,,,,,,,,,,,,,,7,"price_volume, live_market, summary, top_gainers, top_losers, nepse_index, supply_demand",5501
2026-08-10T14:58:10.998999+05:45,2026-08-10 14:58:10,price_volume,price_volume_105,True,cloud_automated,Monday - Trading Hours: 11:00 AM - 3:00 PM NPT,2903,Liberty Energy Company Limited,LEC,58.0,80640.0,218.9,-1.039783002,221.2,,,,,,,,,,,,,,,,,,,,,,7,"price_volume, live_market, summary, top_gainers, top_losers, nepse_index, supply_demand",5501
2026-08-10T14:58:10.998999+05:45,2026-08-10 14:58:10,price_volume,price_volume_106,True,cloud_automated,Monday - Trading Hours: 11:00 AM - 3:00 PM NPT,188,Life Insurance Corporation (Nepal) Limited,LICN,58.0,6935.0,770.0,-0.632339657,774.9,,,,,,,,,,,,,,,,,,,,,,7,"price_volume, live_market, summary, top_gainers, top_losers, nepse_index, supply_demand",5501
2026-08-10T14:58:10.998999+05:45,2026-08-10 14:58:10,price_volume,price_volume_107,True,cloud_automated,Monday - Trading Hours: 11:00 AM - 3:00 PM NPT,618,Laxmi Laghubitta Bittiya Sanstha Ltd.,LLBS,58.0,173.0,890.0,0.564971751,885.0,,,,,,,,,,,,,,,,,,,,,,7,"price_volume, live_market, summary, top_gainers, top_losers, nepse_index, supply_demand",5501
2026-08-10T14:58:10.998999+05:45,2026-08-10 14:58:10,price_volume,price_volume_108,True,cloud_automated,Monday - Trading Hours: 11:00 AM - 3:00 PM NPT,141,Laxmi Sunrise Bank Limited,LSL,58.0,54102.0,219.6,-0.272479564,220.2,,,,,,,,,,,,,,,,,,,,,,7,"price_volume, live_market, summary, top_gainers, top_losers, nepse_index, supply_demand",5501
2026-08-10T14:58:10.998999+05:45,2026-08-10 14:58:10,price_volume,price_volume_109,True,cloud_automated,Monday - Trading Hours: 11:00 AM - 3:00 PM NPT,9287,Mabilung Energy Limited,MABEL,58.0,2779.0,593.0,0.0,593.0,,,,,,,,,,,,,,,,,,,,,,7,"price_volume, live_market, summary, top_gainers, top_losers, nepse_index, supply_demand",5501
2026-08-10T14:58:10.998999+05:45,2026-08-10 14:58:10,price_volume,price_volume_110,True,cloud_automated,Monday - Trading Hours: 11:00 AM - 3:00 PM NPT,9166,Makar Jitumaya Suri Hydropower Limited,MAKAR,58.0,14980.0,425.5,-1.000465333,429.8,,,,,,,,,,,,,,,,,,,,,,7,"price_volume, live_market, summary, top_gainers, top_losers, nepse_index, supply_demand",5501
2026-08-10T14:58:10.998999+05:45,2026-08-10 14:58:10,price_volume,price_volume_111,True,cloud_automated,Monday - Trading Hours: 11:00 AM - 3:00 PM NPT,9212,Mandu Hydropower Limited,MANDU,58.0,3322.0,793.0,-0.626566416,798.0,,,,,,,,,,,,,,,,,,,,,,7,"price_volume, live_market, summary, top_gainers, top_losers, nepse_index, supply_demand",5501
2026-08-10T14:58:10.998999+05:45,2026-08-10 14:58:10,price_volume,price_volume_112,True,cloud_automated,Monday - Trading Hours: 11:00 AM - 3:00 PM NPT,694,Matribhumi Lagubitta Bittiya Sanstha Limited,MATRI,58.0,165.0,802.3,-1.072749692,811.0,,,,,,,,,,,,,,,,,,,,,,7,"price_volume, live_market, summary, top_gainers, top_losers, nepse_index, supply_demand",5501
2026-08-10T14:58:10.998999+05:45,2026-08-10 14:58:10,price_volume,price_volume_113,True,cloud_automated,Monday - Trading Hours: 11:00 AM - 3:00 PM NPT,8031,Madhya Bhotekoshi Jalavidyut Company Limited,MBJC,58.0,10729.0,265.2,-0.674157303,267.0,,,,,,,,,,,,,,,,,,,,,,7,"price_volume, live_market, summary, top_gainers, top_losers, nepse_index, supply_demand",5501
2026-08-10T14:58:10.998999+05:45,2026-08-10 14:58:10,price_volume,price_volume_114,True,cloud_automated,Monday - Trading Hours: 11:00 AM - 3:00 PM NPT,140,Machhapuchhre Bank Limited,MBL,58.0,75069.0,250.2,-1.882352941,255.0,,,,,,,,,,,,,,,,,,,,,,7,"price_volume, live_market, summary, top_gainers, top_losers, nepse_index, supply_demand",5501
2026-08-10T14:58:10.998999+05:45,2026-08-10 14:58:10,price_volume,price_volume_115,True,cloud_automated,Monday - Trading Hours: 11:00 AM - 3:00 PM NPT,9175,Menchhiyam Hydropower Limited,MCHL,58.0,2792.0,275.6,-2.269503546,282.0,,,,,,,,,,,,,,,,,,,,,,7,"price_volume, live_market, summary, top_gainers, top_losers, nepse_index, supply_demand",5501
2026-08-10T14:58:10.998999+05:45,2026-08-10 14:58:10,price_volume,price_volume_116,True,cloud_automated,Monday - Trading Hours: 11:00 AM - 3:00 PM NPT,371,Miteri Development Bank Limited,MDB,58.0,3578.0,570.1,-1.400899343,578.2,,,,,,,,,,,,,,,,,,,,,,7,"price_volume, live_market, summary, top_gainers, top_losers, nepse_index, supply_demand",5501
2026-08-10T14:58:10.998999+05:45,2026-08-10 14:58:10,price_volume,price_volume_117,True,cloud_automated,Monday - Trading Hours: 11:00 AM - 3:00 PM NPT,9203,Manakamana Engineering Hydropower Limited,MEHL,58.0,3958.0,287.0,-3.040540541,296.0,,,,,,,,,,,,,,,,,,,,,,7,"price_volume, live_market, summary, top_gainers, top_losers, nepse_index, supply_demand",5501
2026-08-10T14:58:10.998999+05:45,2026-08-10 14:58:10,price_volume,price_volume_118,True,cloud_automated,Monday - Trading Hours: 11:00 AM - 3:00 PM NPT,9179,Modi Energy Limited,MEL,58.0,32087.0,210.0,-2.280130293,214.9,,,,,,,,,,,,,,,,,,,,,,7,"price_volume, live_market, summary, top_gainers, top_losers, nepse_index, supply_demand",5501
2026-08-10T14:58:10.998999+05:45,2026-08-10 14:58:10,price_volume,price_volume_119,True,cloud_automated,Monday - Trading Hours: 11:00 AM - 3:00 PM NPT,2913,Mountain Energy Nepal Limited,MEN,58.0,9372.0,597.5,0.403293564,595.1,,,,,,,,,,,,,,,,,,,,,,7,"price_volume, live_market, summary, top_gainers, top_losers, nepse_index, supply_demand",5501
2026-08-10T14:58:10.998999+05:45,2026-08-10 14:58:10,price_volume,price_volume_120,True,cloud_automated,Monday - Trading Hours: 11:00 AM - 3:00 PM NPT,1741,Mero Microfinance Bittiya Sanstha Ltd.,MERO,58.0,3681.0,671.9,1.618269812,661.2,,,,,,,,,,,,,,,,,,,,,,7,"price_volume, live_market, summary, top_gainers, top_losers, nepse_index, supply_demand",5501
2026-08-10T14:58:10.998999+05:45,2026-08-10 14:58:10,price_volume,price_volume_121,True,cloud_automated,Monday - Trading Hours: 11:00 AM - 3:00 PM NPT,516,Manjushree Finance Ltd.,MFIL,58.0,17802.0,765.0,-1.290322581,775.0,,,,,,,,,,,,,,,,,,,,,,7,"price_volume, live_market, summary, top_gainers, top_losers, nepse_index, supply_demand",5501
2026-08-10T14:58:10.998999+05:45,2026-08-10 14:58:10,price_volume,price_volume_122,True,cloud_automated,Monday - Trading Hours: 11:00 AM - 3:00 PM NPT,9158,Molung Hydropower Company Limited,MHCL,58.0,4099.0,305.1,-0.941558442,308.0,,,,,,,,,,,,,,,,,,,,,,7,"price_volume, live_market, summary, top_gainers, top_losers, nepse_index, supply_demand",5501
2026-08-10T14:58:10.998999+05:45,2026-08-10 14:58:10,price_volume,price_volume_123,True,cloud_automated,Monday - Trading Hours: 11:00 AM - 3:00 PM NPT,8102,Mandakini Hydropower Limited,MHL,58.0,620.0,464.2,-1.234042553,470.0,,,,,,,,,,,,,,,,,,,,,,7,"price_volume, live_market, summary, top_gainers, top_losers, nepse_index, supply_demand",5501
2026-08-10T14:58:10.998999+05:45,2026-08-10 14:58:10,price_volume,price_volume_124,True,cloud_automated,Monday - Trading Hours: 11:00 AM - 3:00 PM NPT,2811,Mountain Hydro Nepal Limited,MHNL,58.0,7606.0,238.1,-1.611570248,242.0,,,,,,,,,,,,,,,,,,,,,,7,"price_volume, live_market, summary, top_gainers, top_losers, nepse_index, supply_demand",5501
2026-08-10T14:58:10.998999+05:45,2026-08-10 14:58:10,price_volume,price_volume_125,True,cloud_automated,Monday - Trading Hours: 11:00 AM - 3:00 PM NPT,9230,Muktinath Krishi Company Limited,MKCL,58.0,351.0,1060.0,-1.395348837,1075.0,,,,,,,,,,,,,,,,,,,,,,7,"price_volume, live_market, summary, top_gainers, top_losers, nepse_index, supply_demand",5501
2026-08-10T14:58:10.998999+05:45,2026-08-10 14:58:10,price_volume,price_volume_126,True,cloud_automated,Monday - Trading Hours: 11:00 AM - 3:00 PM NPT,9149,Maya Khola Hydropower Company Limited,MKHC,58.0,14122.0,271.6,-3.0,280.0,,,,,,,,,,,,,,,,,,,,,,7,"price_volume, live_market, summary, top_gainers, top_losers, nepse_index, supply_demand",5501
2026-08-10T14:58:10.998999+05:45,2026-08-10 14:58:10,price_volume,price_volume_127,True,cloud_automated,Monday - Trading Hours: 11:00 AM - 3:00 PM NPT,9167,Mai Khola Hydropower Limited,MKHL,58.0,2440.0,487.1,-1.576075975,494.9,,,,,,,,,,,,,,,,,,,,,,7,"price_volume, live_market, summary, top_gainers, top_losers, nepse_index, supply_demand",5501
2026-08-10T14:58:10.998999+05:45,2026-08-10 14:58:10,price_volume,price_volume_128,True,cloud_automated,Monday - Trading Hours: 11:00 AM - 3:00 PM NPT,8005,Mailung Khola Jal Vidhyut Company Limited,MKJC,58.0,2595.0,455.0,0.441501104,453.0,,,,,,,,,,,,,,,,,,,,,,7,"price_volume, live_market, summary, top_gainers, top_losers, nepse_index, supply_demand",5501
2026-08-10T14:58:10.998999+05:45,2026-08-10 14:58:10,price_volume,price_volume_129,True,cloud_automated,Monday - Trading Hours: 11:00 AM - 3:00 PM NPT,601,Mithila LaghuBitta Bittiya Sanstha Limited,MLBBL,58.0,387.0,1120.0,0.089365505,1119.0,,,,,,,,,,,,,,,,,,,,,,7,"price_volume, live_market, summary, top_gainers, top_losers, nepse_index, supply_demand",5501
2026-08-10T14:58:10.998999+05:45,2026-08-10 14:58:10,price_volume,price_volume_130,True,cloud_automated,Monday - Trading Hours: 11:00 AM - 3:00 PM NPT,401,Mahalaxmi Bikas Bank Ltd.,MLBL,58.0,13832.0,348.6,-0.655457395,350.9,,,,,,,,,,,,,,,,,,,,,,7,"price_volume, live_market, summary, top_gainers, top_losers, nepse_index, supply_demand",5501
2026-08-10T14:58:10.998999+05:45,2026-08-10 14:58:10,price_volume,price_volume_131,True,cloud_automated,Monday - Trading Hours: 11:00 AM - 3:00 PM NPT,8018,Manushi Laghubitta Bittiya Sanstha Limited,MLBS,58.0,444.0,1130.0,-1.952277657,1152.5,,,,,,,,,,,,,,,,,,,,,,7,"price_volume, live_market, summary, top_gainers, top_losers, nepse_index, supply_demand",5501
2026-08-10T14:58:10.998999+05:45,2026-08-10 14:58:10,price_volume,price_volume_132,True,cloud_automated,Monday - Trading Hours: 11:00 AM - 3:00 PM NPT,2925,Mahila Lagubitta Bittiya Sanstha Limited ,MLBSL,58.0,399.0,1610.0,-0.617283951,1620.0,,,,,,,,,,,,,,,,,,,,,,7,"price_volume, live_market, summary, top_gainers, top_losers, nepse_index, supply_demand",5501
2026-08-10T14:58:10.998999+05:45,2026-08-10 14:58:10,price_volume,price_volume_133,True,cloud_automated,Monday - Trading Hours: 11:00 AM - 3:00 PM NPT,9217,Mathillo Mailun Khola Jalvidhyut Limited,MMKJL,58.0,1708.0,437.0,-3.934930754,454.9,,,,,,,,,,,,,,,,,,,,,,7,"price_volume, live_market, summary, top_gainers, top_losers, nepse_index, supply_demand",5501
2026-08-10T14:58:10.998999+05:45,2026-08-10 14:58:10,price_volume,price_volume_134,True,cloud_automated,Monday - Trading Hours: 11:00 AM - 3:00 PM NPT,474,Muktinath Bikas Bank Ltd.,MNBBL,58.0,9024.0,366.6,0.081900082,366.3,,,,,,,,,,,,,,,,,,,,,,7,"price_volume, live_market, summary, top_gainers, top_losers, nepse_index, supply_demand",5501
2026-08-10T14:58:10.998999+05:45,2026-08-10 14:58:10,price_volume,price_volume_135,True,cloud_automated,Monday - Trading Hours: 11:00 AM - 3:00 PM NPT,471,Multipurpose Finance Company  Limited,MPFL,58.0,8550.0,615.0,0.326264274,613.0,,,,,,,,,,,,,,,,,,,,,,7,"price_volume, live_market, summary, top_gainers, top_losers, nepse_index, supply_demand",5501
2026-08-10T14:58:10.998999+05:45,2026-08-10 14:58:10,price_volume,price_volume_136,True,cloud_automated,Monday - Trading Hours: 11:00 AM - 3:00 PM NPT,9215,Mid Solu Hydropower Limited,MSHL,58.0,485.0,606.0,-0.328947368,608.0,,,,,,,,,,,,,,,,,,,,,,7,"price_volume, live_market, summary, top_gainers, top_losers, nepse_index, supply_demand",5501
2026-08-10T14:58:10.998999+05:45,2026-08-10 14:58:10,price_volume,price_volume_137,True,cloud_automated,Monday - Trading Hours: 11:00 AM - 3:00 PM NPT,2768,Mahuli Laghubitta Bittiya Sanstha Limited,MSLB,58.0,1285.0,1250.0,-0.635930048,1258.0,,,,,,,,,,,,,,,,,,,,,,7,"price_volume, live_market, summary, top_gainers, top_losers, nepse_index, supply_demand",5501
2026-08-10T14:58:10.998999+05:45,2026-08-10 14:58:10,price_volume,price_volume_138,True,cloud_automated,Monday - Trading Hours: 11:00 AM - 3:00 PM NPT,172,Narayani Development Bank Limited,NABBC,58.0,22272.0,814.9,-1.272110492,825.4,,,,,,,,,,,,,,,,,,,,,,7,"price_volume, live_market, summary, top_gainers, top_losers, nepse_index, supply_demand",5501
2026-08-10T14:58:10.998999+05:45,2026-08-10 14:58:10,price_volume,price_volume_139,True,cloud_automated,Monday - Trading Hours: 11:00 AM - 3:00 PM NPT,131,Nabil Bank Limited,NABIL,58.0,42919.0,548.0,-1.438848921,556.0,,,,,,,,,,,,,,,,,,,,,,7,"price_volume, live_market, summary, top_gainers, top_losers, nepse_index, supply_demand",5501
2026-08-10T14:58:10.998999+05:45,2026-08-10 14:58:10,price_volume,price_volume_140,True,cloud_automated,Monday - Trading Hours: 11:00 AM - 3:00 PM NPT,2784,Nadep Laghubittiya bittya Sanstha Ltd.,NADEP,58.0,626.0,711.2,-2.44170096,729.0,,,,,,,,,,,,,,,,,,,,,,7,"price_volume, live_market, summary, top_gainers, top_losers, nepse_index, supply_demand",5501
2026-08-10T14:58:10.998999+05:45,2026-08-10 14:58:10,price_volume,price_volume_141,True,cloud_automated,Monday - Trading Hours: 11:00 AM - 3:00 PM NPT,517,Nepal Bank Limited,NBL,58.0,29259.0,265.2,-1.741385698,269.9,,,,,,,,,,,,,,,,,,,,,,7,"price_volume, live_market, summary, top_gainers, top_losers, nepse_index, supply_demand",5501
2026-08-10T14:58:10.998999+05:45,2026-08-10 14:58:10,price_volume,price_volume_142,True,cloud_automated,Monday - Trading Hours: 11:00 AM - 3:00 PM NPT,8041,NESDO Sambridha Laghubitta Bittiya Sanstha Limited,NESDO,58.0,101.0,1435.3,-1.556927298,1458.0,,,,,,,,,,,,,,,,,,,,,,7,"price_volume, live_market, summary, top_gainers, top_losers, nepse_index, supply_demand",5501
2026-08-10T14:58:10.998999+05:45,2026-08-10 14:58:10,price_volume,price_volume_143,True,cloud_automated,Monday - Trading Hours: 11:00 AM - 3:00 PM NPT,194,Nepal Finance Ltd.,NFS,58.0,3511.0,564.1,-0.581600282,567.4,,,,,,,,,,,,,,,,,,,,,,7,"price_volume, live_market, summary, top_gainers, top_losers, nepse_index, supply_demand",5501
2026-08-10T14:58:10.998999+05:45,2026-08-10 14:58:10,price_volume,price_volume_144,True,cloud_automated,Monday - Trading Hours: 11:00 AM - 3:00 PM NPT,2743,Ngadi Group Power Ltd.,NGPL,58.0,60626.0,405.6,-0.758502569,408.7,,,,,,,,,,,,,,,,,,,,,,7,"price_volume, live_market, summary, top_gainers, top_losers, nepse_index, supply_demand",5501
2026-08-10T14:58:10.998999+05:45,2026-08-10 14:58:10,price_volume,price_volume_145,True,cloud_automated,Monday - Trading Hours: 11:00 AM - 3:00 PM NPT,2769,Nepal Hydro Developers Ltd.,NHDL,58.0,793.0,641.0,0.15625,640.0,,,,,,,,,,,,,,,,,,,,,,7,"price_volume, live_market, summary, top_gainers, top_losers, nepse_index, supply_demand",5501
2026-08-10T14:58:10.998999+05:45,2026-08-10 14:58:10,price_volume,price_volume_146,True,cloud_automated,Monday - Trading Hours: 11:00 AM - 3:00 PM NPT,152,National Hydro Power Company Limited,NHPC,58.0,209121.0,274.0,0.366300366,273.0,,,,,,,,,,,,,,,,,,,,,,7,"price_volume, live_market, summary, top_gainers, top_losers, nepse_index, supply_demand",5501
2026-08-10T14:58:10.998999+05:45,2026-08-10 14:58:10,price_volume,price_volume_147,True,cloud_automated,Monday - Trading Hours: 11:00 AM - 3:00 PM NPT,139,NIC Asia Bank Ltd.,NICA,58.0,22837.0,325.0,-0.306748466,326.0,,,,,,,,,,,,,,,,,,,,,,7,"price_volume, live_market, summary, top_gainers, top_losers, nepse_index, supply_demand",5501
2026-08-10T14:58:10.998999+05:45,2026-08-10 14:58:10,price_volume,price_volume_148,True,cloud_automated,Monday - Trading Hours: 11:00 AM - 3:00 PM NPT,176,Nepal Insurance Co. Ltd.,NICL,58.0,23561.0,500.0,0.200400802,499.0,,,,,,,,,,,,,,,,,,,,,,7,"price_volume, live_market, summary, top_gainers, top_losers, nepse_index, supply_demand",5501
2026-08-10T14:58:10.998999+05:45,2026-08-10 14:58:10,price_volume,price_volume_149,True,cloud_automated,Monday - Trading Hours: 11:00 AM - 3:00 PM NPT,2887,NIC ASIA Laghubitta Bittiya Sanstha Limited,NICLBSL,58.0,4120.0,543.1,-0.71297989,547.0,,,,,,,,,,,,,,,,,,,,,,7,"price_volume, live_market, summary, top_gainers, top_losers, nepse_index, supply_demand",5501
2026-08-10T14:58:10.998999+05:45,2026-08-10 14:58:10,price_volume,price_volume_150,True,cloud_automated,Monday - Trading Hours: 11:00 AM - 3:00 PM NPT,2919,Nepal Infrastructure Bank Limited,NIFRA,58.0,47120.0,244.0,-0.44879641,245.1,,,,,,,,,,,,,,,,,,,,,,7,"price_volume, live_market, summary, top_gainers, top_losers, nepse_index, supply_demand",5501
2026-08-10T14:58:10.998999+05:45,2026-08-10 14:58:10,price_volume,price_volume_151,True,cloud_automated,Monday - Trading Hours: 11:00 AM - 3:00 PM NPT,183,Neco Insurance Limited,NIL,58.0,4545.0,611.8,-0.665692483,615.9,,,,,,,,,,,,,,,,,,,,,,7,"price_volume, live_market, summary, top_gainers, top_losers, nepse_index, supply_demand",5501
2026-08-10T14:58:10.998999+05:45,2026-08-10 14:58:10,price_volume,price_volume_152,True,cloud_automated,Monday - Trading Hours: 11:00 AM - 3:00 PM NPT,132,Nepal Investment Mega Bank Limited,NIMB,58.0,79259.0,193.0,-1.025641026,195.0,,,,,,,,,,,,,,,,,,,,,,7,"price_volume, live_market, summary, top_gainers, top_losers, nepse_index, supply_demand",5501
2026-08-10T14:58:10.998999+05:45,2026-08-10 14:58:10,price_volume,price_volume_153,True,cloud_automated,Monday - Trading Hours: 11:00 AM - 3:00 PM NPT,559,NLG Insurance Company Ltd.,NLG,58.0,1433.0,564.1,-1.035087719,570.0,,,,,,,,,,,,,,,,,,,,,,7,"price_volume, live_market, summary, top_gainers, top_losers, nepse_index, supply_demand",5501
2026-08-10T14:58:10.998999+05:45,2026-08-10 14:58:10,price_volume,price_volume_154,True,cloud_automated,Monday - Trading Hours: 11:00 AM - 3:00 PM NPT,187,Nepal Life Insurance Co. Ltd.,NLIC,58.0,17473.0,738.0,-0.243309002,739.8,,,,,,,,,,,,,,,,,,,,,,7,"price_volume, live_market, summary, top_gainers, top_losers, nepse_index, supply_demand",5501
2026-08-10T14:58:10.998999+05:45,2026-08-10 14:58:10,price_volume,price_volume_155,True,cloud_automated,Monday - Trading Hours: 11:00 AM - 3:00 PM NPT,178,National Life Insurance Co. Ltd.,NLICL,58.0,8616.0,565.0,0.533807829,562.0,,,,,,,,,,,,,,,,,,,,,,7,"price_volume, live_market, summary, top_gainers, top_losers, nepse_index, supply_demand",5501
2026-08-10T14:58:10.998999+05:45,2026-08-10 14:58:10,price_volume,price_volume_156,True,cloud_automated,Monday - Trading Hours: 11:00 AM - 3:00 PM NPT,238,NMB Bank Limited,NMB,58.0,20912.0,243.0,-0.041135335,243.1,,,,,,,,,,,,,,,,,,,,,,7,"price_volume, live_market, summary, top_gainers, top_losers, nepse_index, supply_demand",5501
2026-08-10T14:58:10.998999+05:45,2026-08-10 14:58:10,price_volume,price_volume_157,True,cloud_automated,Monday - Trading Hours: 11:00 AM - 3:00 PM NPT,704,NMB  Microfinance Bittiya Sanstha Ltd.,NMBMF,58.0,296.0,602.5,-2.191558442,616.0,,,,,,,,,,,,,,,,,,,,,,7,"price_volume, live_market, summary, top_gainers, top_losers, nepse_index, supply_demand",5501
2026-08-10T14:58:10.998999+05:45,2026-08-10 14:58:10,price_volume,price_volume_158,True,cloud_automated,Monday - Trading Hours: 11:00 AM - 3:00 PM NPT,2746,National Laghubitta Bittiya Sanstha Limited,NMFBS,58.0,1053.0,1104.0,0.236063192,1101.4,,,,,,,,,,,,,,,,,,,,,,7,"price_volume, live_market, summary, top_gainers, top_losers, nepse_index, supply_demand",5501
2026-08-10T14:58:10.998999+05:45,2026-08-10 14:58:10,price_volume,price_volume_159,True,cloud_automated,Monday - Trading Hours: 11:00 AM - 3:00 PM NPT,9250,Nepal Micro Insurance Company Limited,NMIC,58.0,1809.0,900.0,-1.098901099,910.0,,,,,,,,,,,,,,,,,,,,,,7,"price_volume, live_market, summary, top_gainers, top_losers, nepse_index, supply_demand",5501
2026-08-10T14:58:10.998999+05:45,2026-08-10 14:58:10,price_volume,price_volume_160,True,cloud_automated,Monday - Trading Hours: 11:00 AM - 3:00 PM NPT,396,Nerude Mirmire Laghubitta Bittiya Sanstha Limited,NMLBBL,58.0,5609.0,519.9,0.931857892,515.1,,,,,,,,,,,,,,,,,,,,,,7,"price_volume, live_market, summary, top_gainers, top_losers, nepse_index, supply_demand",5501
2026-08-10T14:58:10.998999+05:45,2026-08-10 14:58:10,price_volume,price_volume_161,True,cloud_automated,Monday - Trading Hours: 11:00 AM - 3:00 PM NPT,2881,Nepal Reinsurance Company Limited,NRIC,58.0,9682.0,933.8,0.193133047,932.0,,,,,,,,,,,,,,,,,,,,,,7,"price_volume, live_market, summary, top_gainers, top_losers, nepse_index, supply_demand",5501
2026-08-10T14:58:10.998999+05:45,2026-08-10 14:58:10,price_volume,price_volume_162,True,cloud_automated,Monday - Trading Hours: 11:00 AM - 3:00 PM NPT,9183,Nepal Republic Media Limited,NRM,58.0,4584.0,306.5,0.458865946,305.1,,,,,,,,,,,,,,,,,,,,,,7,"price_volume, live_market, summary, top_gainers, top_losers, nepse_index, supply_demand",5501
2026-08-10T14:58:10.998999+05:45,2026-08-10 14:58:10,price_volume,price_volume_163,True,cloud_automated,Monday - Trading Hours: 11:00 AM - 3:00 PM NPT,2898,NRN Infrastructure and Development Limited,NRN,58.0,37147.0,1375.2,0.306345733,1371.0,,,,,,,,,,,,,,,,,,,,,,7,"price_volume, live_market, summary, top_gainers, top_losers, nepse_index, supply_demand",5501
2026-08-10T14:58:10.998999+05:45,2026-08-10 14:58:10,price_volume,price_volume_164,True,cloud_automated,Monday - Trading Hours: 11:00 AM - 3:00 PM NPT,307,Nepal Doorsanchar Company Limited,NTC,58.0,6125.0,862.0,-0.219932863,863.9,,,,,,,,,,,,,,,,,,,,,,7,"price_volume, live_market, summary, top_gainers, top_losers, nepse_index, supply_demand",5501
2026-08-10T14:58:10.998999+05:45,2026-08-10 14:58:10,price_volume,price_volume_165,True,cloud_automated,Monday - Trading Hours: 11:00 AM - 3:00 PM NPT,163,Nirdhan Utthan Laghubitta Bittiya Sanstha Limited,NUBL,58.0,2805.0,610.0,0.759828213,605.4,,,,,,,,,,,,,,,,,,,,,,7,"price_volume, live_market, summary, top_gainers, top_losers, nepse_index, supply_demand",5501
2026-08-10T14:58:10.998999+05:45,2026-08-10 14:58:10,price_volume,price_volume_166,True,cloud_automated,Monday - Trading Hours: 11:00 AM - 3:00 PM NPT,9233,Nepal Warehousing Company Limited ,NWCL,58.0,680.0,690.0,0.290697674,688.0,,,,,,,,,,,,,,,,,,,,,,7,"price_volume, live_market, summary, top_gainers, top_losers, nepse_index, supply_demand",5501
2026-08-10T14:58:10.998999+05:45,2026-08-10 14:58:10,price_volume,price_volume_167,True,cloud_automated,Monday - Trading Hours: 11:00 AM - 3:00 PM NPT,8026,Nyadi Hydropower Limited,NYADI,58.0,1795.0,365.0,-1.351351351,370.0,,,,,,,,,,,,,,,,,,,,,,7,"price_volume, live_market, summary, top_gainers, top_losers, nepse_index, supply_demand",5501
2026-08-10T14:58:10.998999+05:45,2026-08-10 14:58:10,price_volume,price_volume_168,True,cloud_automated,Monday - Trading Hours: 11:00 AM - 3:00 PM NPT,149,Oriental Hotels Limited,OHL,58.0,506.0,655.0,-1.503759398,665.0,,,,,,,,,,,,,,,,,,,,,,7,"price_volume, live_market, summary, top_gainers, top_losers, nepse_index, supply_demand",5501
2026-08-10T14:58:10.998999+05:45,2026-08-10 14:58:10,price_volume,price_volume_169,True,cloud_automated,Monday - Trading Hours: 11:00 AM - 3:00 PM NPT,9256,Om Megashree Pharmaceuticals Limited,OMPL,58.0,2041.0,888.0,-0.559910414,893.0,,,,,,,,,,,,,,,,,,,,,,7,"price_volume, live_market, summary, top_gainers, top_losers, nepse_index, supply_demand",5501
2026-08-10T14:58:10.998999+05:45,2026-08-10 14:58:10,price_volume,price_volume_170,True,cloud_automated,Monday - Trading Hours: 11:00 AM - 3:00 PM NPT,357,Prime Commercial Bank Ltd.,PCBL,58.0,18616.0,237.6,-1.0,240.0,,,,,,,,,,,,,,,,,,,,,,7,"price_volume, live_market, summary, top_gainers, top_losers, nepse_index, supply_demand",5501
2026-08-10T14:58:10.998999+05:45,2026-08-10 14:58:10,price_volume,price_volume_171,True,cloud_automated,Monday - Trading Hours: 11:00 AM - 3:00 PM NPT,9330,Palpa Cement Industries Limited,PCIL,58.0,18301.0,625.0,0.433874337,622.3,,,,,,,,,,,,,,,,,,,,,,7,"price_volume, live_market, summary, top_gainers, top_losers, nepse_index, supply_demand",5501
2026-08-10T14:58:10.998999+05:45,2026-08-10 14:58:10,price_volume,price_volume_172,True,cloud_automated,Monday - Trading Hours: 11:00 AM - 3:00 PM NPT,8133,Peoples Hydropower Company Limited,PHCL,58.0,24772.0,293.8,-0.743243243,296.0,,,,,,,,,,,,,,,,,,,,,,7,"price_volume, live_market, summary, top_gainers, top_losers, nepse_index, supply_demand",5501
2026-08-10T14:58:10.998999+05:45,2026-08-10 14:58:10,price_volume,price_volume_173,True,cloud_automated,Monday - Trading Hours: 11:00 AM - 3:00 PM NPT,2786,Panchakanya Mai Hydropower Ltd,PMHPL,58.0,1235.0,311.0,-2.201257862,318.0,,,,,,,,,,,,,,,,,,,,,,7,"price_volume, live_market, summary, top_gainers, top_losers, nepse_index, supply_demand",5501
2026-08-10T14:58:10.998999+05:45,2026-08-10 14:58:10,price_volume,price_volume_174,True,cloud_automated,Monday - Trading Hours: 11:00 AM - 3:00 PM NPT,2915,Prabhu Mahalaxmi Life Insurance Limited,PMLI,58.0,19480.0,425.5,-2.742857143,437.5,,,,,,,,,,,,,,,,,,,,,,7,"price_volume, live_market, summary, top_gainers, top_losers, nepse_index, supply_demand",5501
2026-08-10T14:58:10.998999+05:45,2026-08-10 14:58:10,price_volume,price_volume_175,True,cloud_automated,Monday - Trading Hours: 11:00 AM - 3:00 PM NPT,2813,Panchthar Power Compant Limited,PPCL,58.0,11394.0,337.0,-0.560637356,338.9,,,,,,,,,,,,,,,,,,,,,,7,"price_volume, live_market, summary, top_gainers, top_losers, nepse_index, supply_demand",5501
2026-08-10T14:58:10.998999+05:45,2026-08-10 14:58:10,price_volume,price_volume_176,True,cloud_automated,Monday - Trading Hours: 11:00 AM - 3:00 PM NPT,8122,People's Power Limited,PPL,58.0,6881.0,325.1,-1.004872107,328.4,,,,,,,,,,,,,,,,,,,,,,7,"price_volume, live_market, summary, top_gainers, top_losers, nepse_index, supply_demand",5501
2026-08-10T14:58:10.998999+05:45,2026-08-10 14:58:10,price_volume,price_volume_177,True,cloud_automated,Monday - Trading Hours: 11:00 AM - 3:00 PM NPT,184,Prabhu Insurance Ltd.,PRIN,58.0,941.0,668.0,0.3003003,666.0,,,,,,,,,,,,,,,,,,,,,,7,"price_volume, live_market, summary, top_gainers, top_losers, nepse_index, supply_demand",5501
2026-08-10T14:58:10.998999+05:45,2026-08-10 14:58:10,price_volume,price_volume_178,True,cloud_automated,Monday - Trading Hours: 11:00 AM - 3:00 PM NPT,338,Progressive Finance Limited,PROFL,58.0,4235.0,419.0,-0.238095238,420.0,,,,,,,,,,,,,,,,,,,,,,7,"price_volume, live_market, summary, top_gainers, top_losers, nepse_index, supply_demand",5501
2026-08-10T14:58:10.998999+05:45,2026-08-10 14:58:10,price_volume,price_volume_179,True,cloud_automated,Monday - Trading Hours: 11:00 AM - 3:00 PM NPT,255,Prabhu  Bank Limited,PRVU,58.0,249479.0,188.1,-1.518324607,191.0,,,,,,,,,,,,,,,,,,,,,,7,"price_volume, live_market, summary, top_gainers, top_losers, nepse_index, supply_demand",5501
2026-08-10T14:58:10.998999+05:45,2026-08-10 14:58:10,price_volume,price_volume_180,True,cloud_automated,Monday - Trading Hours: 11:00 AM - 3:00 PM NPT,9258,Pure Energy Limited,PURE,58.0,1380.0,813.0,-0.853658537,820.0,,,,,,,,,,,,,,,,,,,,,,7,"price_volume, live_market, summary, top_gainers, top_losers, nepse_index, supply_demand",5501
2026-08-10T14:58:10.998999+05:45,2026-08-10 14:58:10,price_volume,price_volume_181,True,cloud_automated,Monday - Trading Hours: 11:00 AM - 3:00 PM NPT,2776,Radhi Bidyut Company Ltd,RADHI,58.0,17107.0,706.0,-0.70323488,711.0,,,,,,,,,,,,,,,,,,,,,,7,"price_volume, live_market, summary, top_gainers, top_losers, nepse_index, supply_demand",5501
2026-08-10T14:58:10.998999+05:45,2026-08-10 14:58:10,price_volume,price_volume_182,True,cloud_automated,Monday - Trading Hours: 11:00 AM - 3:00 PM NPT,9181,Rawa Energy Development Limited,RAWA,58.0,11616.0,418.0,-0.476190476,420.0,,,,,,,,,,,,,,,,,,,,,,7,"price_volume, live_market, summary, top_gainers, top_losers, nepse_index, supply_demand",5501
2026-08-10T14:58:10.998999+05:45,2026-08-10 14:58:10,price_volume,price_volume_183,True,cloud_automated,Monday - Trading Hours: 11:00 AM - 3:00 PM NPT,177,Rastriya Beema Company Limited,RBCL,58.0,30.0,14419.0,1.470795215,14210.0,,,,,,,,,,,,,,,,,,,,,,7,"price_volume, live_market, summary, top_gainers, top_losers, nepse_index, supply_demand",5501
2026-08-10T14:58:10.998999+05:45,2026-08-10 14:58:10,price_volume,price_volume_184,True,cloud_automated,Monday - Trading Hours: 11:00 AM - 3:00 PM NPT,8066,River Falls Power Limited,RFPL,58.0,16147.0,332.3,-0.717060054,334.7,,,,,,,,,,,,,,,,,,,,,,7,"price_volume, live_market, summary, top_gainers, top_losers, nepse_index, supply_demand",5501
2026-08-10T14:58:10.998999+05:45,2026-08-10 14:58:10,price_volume,price_volume_185,True,cloud_automated,Monday - Trading Hours: 11:00 AM - 3:00 PM NPT,8108,Rapti Hydro And General Construction Limited,RHGCL,58.0,11838.0,256.1,-0.774893452,258.1,,,,,,,,,,,,,,,,,,,,,,7,"price_volume, live_market, summary, top_gainers, top_losers, nepse_index, supply_demand",5501
2026-08-10T14:58:10.998999+05:45,2026-08-10 14:58:10,price_volume,price_volume_186,True,cloud_automated,Monday - Trading Hours: 11:00 AM - 3:00 PM NPT,2841,RASUWAGADHI HYDROPOWER COMPANY LIMITED,RHPL,58.0,24325.0,254.1,-1.891891892,259.0,,,,,,,,,,,,,,,,,,,,,,7,"price_volume, live_market, summary, top_gainers, top_losers, nepse_index, supply_demand",5501
2026-08-10T14:58:10.998999+05:45,2026-08-10 14:58:10,price_volume,price_volume_187,True,cloud_automated,Monday - Trading Hours: 11:00 AM - 3:00 PM NPT,610,Ridi Power Company Limited,RIDI,58.0,714595.0,384.9,2.64,375.0,,,,,,,,,,,,,,,,,,,,,,7,"price_volume, live_market, summary, top_gainers, top_losers, nepse_index, supply_demand",5501
2026-08-10T14:58:10.998999+05:45,2026-08-10 14:58:10,price_volume,price_volume_188,True,cloud_automated,Monday - Trading Hours: 11:00 AM - 3:00 PM NPT,9324,Ridge Line Energy Limited,RLEL,58.0,3657.0,868.1,-2.460674157,890.0,,,,,,,,,,,,,,,,,,,,,,7,"price_volume, live_market, summary, top_gainers, top_losers, nepse_index, supply_demand",5501
2026-08-10T14:58:10.998999+05:45,2026-08-10 14:58:10,price_volume,price_volume_189,True,cloud_automated,Monday - Trading Hours: 11:00 AM - 3:00 PM NPT,587,Reliance Finance Ltd.,RLFL,58.0,31576.0,447.0,-1.237295625,452.6,,,,,,,,,,,,,,,,,,,,,,7,"price_volume, live_market, summary, top_gainers, top_losers, nepse_index, supply_demand",5501
2026-08-10T14:58:10.998999+05:45,2026-08-10 14:58:10,price_volume,price_volume_190,True,cloud_automated,Monday - Trading Hours: 11:00 AM - 3:00 PM NPT,9199,Reliable Nepal Life Insurance Limited,RNLI,58.0,20556.0,425.0,-1.552003706,431.7,,,,,,,,,,,,,,,,,,,,,,7,"price_volume, live_market, summary, top_gainers, top_losers, nepse_index, supply_demand",5501
2026-08-10T14:58:10.998999+05:45,2026-08-10 14:58:10,price_volume,price_volume_191,True,cloud_automated,Monday - Trading Hours: 11:00 AM - 3:00 PM NPT,2748,RSDC Laghubitta Bittiya Sanstha Ltd.,RSDC,58.0,7291.0,655.0,2.664576803,638.0,,,,,,,,,,,,,,,,,,,,,,7,"price_volume, live_market, summary, top_gainers, top_losers, nepse_index, supply_demand",5501
2026-08-10T14:58:10.998999+05:45,2026-08-10 14:58:10,price_volume,price_volume_192,True,cloud_automated,Monday - Trading Hours: 11:00 AM - 3:00 PM NPT,9306,Reliance Spinning Mills Limited,RSML,58.0,30338.0,2632.4,0.473282443,2620.0,,,,,,,,,,,,,,,,,,,,,,7,"price_volume, live_market, summary, top_gainers, top_losers, nepse_index, supply_demand",5501
2026-08-10T14:58:10.998999+05:45,2026-08-10 14:58:10,price_volume,price_volume_193,True,cloud_automated,Monday - Trading Hours: 11:00 AM - 3:00 PM NPT,2935,Ru Ru Jalbidhyut Pariyojana Limited,RURU,58.0,2559.0,609.0,-0.814332248,614.0,,,,,,,,,,,,,,,,,,,,,,7,"price_volume, live_market, summary, top_gainers, top_losers, nepse_index, supply_demand",5501
2026-08-10T14:58:10.998999+05:45,2026-08-10 14:58:10,price_volume,price_volume_194,True,cloud_automated,Monday - Trading Hours: 11:00 AM - 3:00 PM NPT,9305,Salapa Bikas Bank Limited,SABBL,58.0,11447.0,965.0,-1.430030644,979.0,,,,,,,,,,,,,,,,,,,,,,7,"price_volume, live_market, summary, top_gainers, top_losers, nepse_index, supply_demand",5501
2026-08-10T14:58:10.998999+05:45,2026-08-10 14:58:10,price_volume,price_volume_195,True,cloud_automated,Monday - Trading Hours: 11:00 AM - 3:00 PM NPT,472,Shangrila Development Bank Ltd.,SADBL,58.0,15687.0,408.0,-0.097943193,408.4,,,,,,,,,,,,,,,,,,,,,,7,"price_volume, live_market, summary, top_gainers, top_losers, nepse_index, supply_demand",5501
2026-08-10T14:58:10.998999+05:45,2026-08-10 14:58:10,price_volume,price_volume_196,True,cloud_automated,Monday - Trading Hours: 11:00 AM - 3:00 PM NPT,9294,Sagar Distillery Limited,SAGAR,58.0,4891.0,1715.1,-1.994285714,1750.0,,,,,,,,,,,,,,,,,,,,,,7,"price_volume, live_market, summary, top_gainers, top_losers, nepse_index, supply_demand",5501
2026-08-10T14:58:10.998999+05:45,2026-08-10 14:58:10,price_volume,price_volume_197,True,cloud_automated,Monday - Trading Hours: 11:00 AM - 3:00 PM NPT,8021,Sahas Urja Limited,SAHAS,58.0,56290.0,670.0,-0.282780176,671.9,,,,,,,,,,,,,,,,,,,,,,7,"price_volume, live_market, summary, top_gainers, top_losers, nepse_index, supply_demand",5501
2026-08-10T14:58:10.998999+05:45,2026-08-10 14:58:10,price_volume,price_volume_198,True,cloud_automated,Monday - Trading Hours: 11:00 AM - 3:00 PM NPT,9301,Shreenagar Agritech Industries Limited,SAIL,58.0,47383.0,1098.0,0.733944954,1090.0,,,,,,,,,,,,,,,,,,,,,,7,"price_volume, live_market, summary, top_gainers, top_losers, nepse_index, supply_demand",5501
2026-08-10T14:58:10.998999+05:45,2026-08-10 14:58:10,price_volume,price_volume_199,True,cloud_automated,Monday - Trading Hours: 11:00 AM - 3:00 PM NPT,185,Sagarmatha Lumbini Insurance Co. Limited,SALICO,58.0,2932.0,589.0,0.0,589.0,,,,,,,,,,,,,,,,,,,,,,7,"price_volume, live_market, summary, top_gainers, top_losers, nepse_index, supply_demand",5501
2026-08-10T14:58:10.998999+05:45,2026-08-10 14:58:10,price_volume,price_volume_200,True,cloud_automated,Monday - Trading Hours: 11:00 AM - 3:00 PM NPT,171,Sanima Bank Limited,SANIMA,58.0,46112.0,369.7,-0.081081081,370.0,,,,,,,,,,,,,,,,,,,,,,7,"price_volume, live_market, summary, top_gainers, top_losers, nepse_index, supply_demand",5501
2026-08-10T14:58:10.998999+05:45,2026-08-10 14:58:10,price_volume,price_volume_201,True,cloud_automated,Monday - Trading Hours: 11:00 AM - 3:00 PM NPT,9263,Sanvi Energy Limited,SANVI,58.0,4035.0,586.2,-0.644067797,590.0,,,,,,,,,,,,,,,,,,,,,,7,"price_volume, live_market, summary, top_gainers, top_losers, nepse_index, supply_demand",5501
2026-08-10T14:58:10.998999+05:45,2026-08-10 14:58:10,price_volume,price_volume_202,True,cloud_automated,Monday - Trading Hours: 11:00 AM - 3:00 PM NPT,2860,Saptakoshi Development Bank Ltd,SAPDBL,58.0,38757.0,831.3,-1.02393142,839.9,,,,,,,,,,,,,,,,,,,,,,7,"price_volume, live_market, summary, top_gainers, top_losers, nepse_index, supply_demand",5501
2026-08-10T14:58:10.998999+05:45,2026-08-10 14:58:10,price_volume,price_volume_203,True,cloud_automated,Monday - Trading Hours: 11:00 AM - 3:00 PM NPT,9242,Sarbottam Cement Limited,SARBTM,58.0,1334.0,781.1,-0.496815287,785.0,,,,,,,,,,,,,,,,,,,,,,7,"price_volume, live_market, summary, top_gainers, top_losers, nepse_index, supply_demand",5501
2026-08-10T14:58:10.998999+05:45,2026-08-10 14:58:10,price_volume,price_volume_204,True,cloud_automated,Monday - Trading Hours: 11:00 AM - 3:00 PM NPT,135,Nepal SBI Bank Limited,SBI,58.0,6504.0,401.0,-1.20719389,405.9,,,,,,,,,,,,,,,,,,,,,,7,"price_volume, live_market, summary, top_gainers, top_losers, nepse_index, supply_demand",5501
2026-08-10T14:58:10.998999+05:45,2026-08-10 14:58:10,price_volume,price_volume_205,True,cloud_automated,Monday - Trading Hours: 11:00 AM - 3:00 PM NPT,145,Siddhartha Bank Limited,SBL,58.0,37484.0,406.0,-0.975609756,410.0,,,,,,,,,,,,,,,,,,,,,,7,"price_volume, live_market, summary, top_gainers, top_losers, nepse_index, supply_demand",5501
2026-08-10T14:58:10.998999+05:45,2026-08-10 14:58:10,price_volume,price_volume_206,True,cloud_automated,Monday - Trading Hours: 11:00 AM - 3:00 PM NPT,133,Standard Chartered Bank Limited,SCB,58.0,7703.0,643.2,-0.740740741,648.0,,,,,,,,,,,,,,,,,,,,,,7,"price_volume, live_market, summary, top_gainers, top_losers, nepse_index, supply_demand",5501
2026-08-10T14:58:10.998999+05:45,2026-08-10 14:58:10,price_volume,price_volume_207,True,cloud_automated,Monday - Trading Hours: 11:00 AM - 3:00 PM NPT,8100,Swet-Ganga Hydropower & Construction Limited ,SGHC,58.0,40484.0,313.0,-0.729464003,315.3,,,,,,,,,,,,,,,,,,,,,,7,"price_volume, live_market, summary, top_gainers, top_losers, nepse_index, supply_demand",5501
2026-08-10T14:58:10.998999+05:45,2026-08-10 14:58:10,price_volume,price_volume_208,True,cloud_automated,Monday - Trading Hours: 11:00 AM - 3:00 PM NPT,9345,Sanigad Hydro Limited,SGHL,58.0,39972.0,518.3,0.057915058,518.0,,,,,,,,,,,,,,,,,,,,,,7,"price_volume, live_market, summary, top_gainers, top_losers, nepse_index, supply_demand",5501
2026-08-10T14:58:10.998999+05:45,2026-08-10 14:58:10,price_volume,price_volume_209,True,cloud_automated,Monday - Trading Hours: 11:00 AM - 3:00 PM NPT,2908,Sanima GIC Insurance Limited,SGIC,58.0,5370.0,453.9,0.420353982,452.0,,,,,,,,,,,,,,,,,,,,,,7,"price_volume, live_market, summary, top_gainers, top_losers, nepse_index, supply_demand",5501
2026-08-10T14:58:10.998999+05:45,2026-08-10 14:58:10,price_volume,price_volume_210,True,cloud_automated,Monday - Trading Hours: 11:00 AM - 3:00 PM NPT,2934,Singati Hydro Energy Limited,SHEL,58.0,33001.0,304.3,-0.879478827,307.0,,,,,,,,,,,,,,,,,,,,,,7,"price_volume, live_market, summary, top_gainers, top_losers, nepse_index, supply_demand",5501
2026-08-10T14:58:10.998999+05:45,2026-08-10 14:58:10,price_volume,price_volume_211,True,cloud_automated,Monday - Trading Hours: 11:00 AM - 3:00 PM NPT,473,Shine Resunga Development Bank Ltd.,SHINE,58.0,13003.0,407.0,-0.049115914,407.2,,,,,,,,,,,,,,,,,,,,,,7,"price_volume, live_market, summary, top_gainers, top_losers, nepse_index, supply_demand",5501
2026-08-10T14:58:10.998999+05:45,2026-08-10 14:58:10,price_volume,price_volume_212,True,cloud_automated,Monday - Trading Hours: 11:00 AM - 3:00 PM NPT,2809,SHIVAM CEMENTS LTD,SHIVM,58.0,60646.0,634.0,-0.58021013,637.7,,,,,,,,,,,,,,,,,,,,,,7,"price_volume, live_market, summary, top_gainers, top_losers, nepse_index, supply_demand",5501
2026-08-10T14:58:10.998999+05:45,2026-08-10 14:58:10,price_volume,price_volume_213,True,cloud_automated,Monday - Trading Hours: 11:00 AM - 3:00 PM NPT,147,Soaltee Hotel Limited,SHL,58.0,11193.0,498.0,-0.220396714,499.1,,,,,,,,,,,,,,,,,,,,,,7,"price_volume, live_market, summary, top_gainers, top_losers, nepse_index, supply_demand",5501
2026-08-10T14:58:10.998999+05:45,2026-08-10 14:58:10,price_volume,price_volume_214,True,cloud_automated,Monday - Trading Hours: 11:00 AM - 3:00 PM NPT,8132,Shrijanshil Laghubitta Bittiya Sanstha Limited,SHLB,58.0,49.0,1434.0,-2.779661017,1475.0,,,,,,,,,,,,,,,,,,,,,,7,"price_volume, live_market, summary, top_gainers, top_losers, nepse_index, supply_demand",5501
2026-08-10T14:58:10.998999+05:45,2026-08-10 14:58:10,price_volume,price_volume_215,True,cloud_automated,Monday - Trading Hours: 11:00 AM - 3:00 PM NPT,591,Sanima Mai Hydropower Ltd.,SHPC,58.0,21608.0,495.1,-0.682046138,498.5,,,,,,,,,,,,,,,,,,,,,,7,"price_volume, live_market, summary, top_gainers, top_losers, nepse_index, supply_demand",5501
2026-08-10T14:58:10.998999+05:45,2026-08-10 14:58:10,price_volume,price_volume_216,True,cloud_automated,Monday - Trading Hours: 11:00 AM - 3:00 PM NPT,192,Shikhar Insurance Co. Ltd.,SICL,58.0,3822.0,610.2,0.180594319,609.1,,,,,,,,,,,,,,,,,,,,,,7,"price_volume, live_market, summary, top_gainers, top_losers, nepse_index, supply_demand",5501
2026-08-10T14:58:10.998999+05:45,2026-08-10 14:58:10,price_volume,price_volume_217,True,cloud_automated,Monday - Trading Hours: 11:00 AM - 3:00 PM NPT,244,Shree Investment Finance Co. Ltd.,SIFC,58.0,8134.0,499.1,-1.266073195,505.5,,,,,,,,,,,,,,,,,,,,,,7,"price_volume, live_market, summary, top_gainers, top_losers, nepse_index, supply_demand",5501
2026-08-10T14:58:10.998999+05:45,2026-08-10 14:58:10,price_volume,price_volume_218,True,cloud_automated,Monday - Trading Hours: 11:00 AM - 3:00 PM NPT,8126,Sikles Hydropower Limited,SIKLES,58.0,2934.0,555.2,-0.679785331,559.0,,,,,,,,,,,,,,,,,,,,,,7,"price_volume, live_market, summary, top_gainers, top_losers, nepse_index, supply_demand",5501
2026-08-10T14:58:10.998999+05:45,2026-08-10 14:58:10,price_volume,price_volume_219,True,cloud_automated,Monday - Trading Hours: 11:00 AM - 3:00 PM NPT,561,Sindhu Bikash Bank Ltd,SINDU,58.0,7980.0,691.0,0.0,691.0,,,,,,,,,,,,,,,,,,,,,,7,"price_volume, live_market, summary, top_gainers, top_losers, nepse_index, supply_demand",5501
2026-08-10T14:58:10.998999+05:45,2026-08-10 14:58:10,price_volume,price_volume_220,True,cloud_automated,Monday - Trading Hours: 11:00 AM - 3:00 PM NPT,9329,Shikhar power Development Limited,SIPD,58.0,29494.0,666.0,-2.058823529,680.0,,,,,,,,,,,,,,,,,,,,,,7,"price_volume, live_market, summary, top_gainers, top_losers, nepse_index, supply_demand",5501
2026-08-10T14:58:10.998999+05:45,2026-08-10 14:58:10,price_volume,price_volume_221,True,cloud_automated,Monday - Trading Hours: 11:00 AM - 3:00 PM NPT,2842,SANJEN JALAVIDHYUT COMPANY LIMITED,SJCL,58.0,6427.0,269.5,-1.462522852,273.5,,,,,,,,,,,,,,,,,,,,,,7,"price_volume, live_market, summary, top_gainers, top_losers, nepse_index, supply_demand",5501
2026-08-10T14:58:10.998999+05:45,2026-08-10 14:58:10,price_volume,price_volume_222,True,cloud_automated,Monday - Trading Hours: 11:00 AM - 3:00 PM NPT,403,SuryaJyoti Life Insurance Company Limited,SJLIC,58.0,16774.0,407.0,-1.357246728,412.6,,,,,,,,,,,,,,,,,,,,,,7,"price_volume, live_market, summary, top_gainers, top_losers, nepse_index, supply_demand",5501
2026-08-10T14:58:10.998999+05:45,2026-08-10 14:58:10,price_volume,price_volume_223,True,cloud_automated,Monday - Trading Hours: 11:00 AM - 3:00 PM NPT,574,Sana Kisan Bikas Laghubitta Bittiya Sanstha Limited,SKBBL,58.0,8752.0,748.0,-0.253367116,749.9,,,,,,,,,,,,,,,,,,,,,,7,"price_volume, live_market, summary, top_gainers, top_losers, nepse_index, supply_demand",5501
2026-08-10T14:58:10.998999+05:45,2026-08-10 14:58:10,price_volume,price_volume_224,True,cloud_automated,Monday - Trading Hours: 11:00 AM - 3:00 PM NPT,9325,Suryakunda Hydro Electric Limited,SKHEL,58.0,925.0,969.2,-2.101010101,990.0,,,,,,,,,,,,,,,,,,,,,,7,"price_volume, live_market, summary, top_gainers, top_losers, nepse_index, supply_demand",5501
2026-08-10T14:58:10.998999+05:45,2026-08-10 14:58:10,price_volume,price_volume_225,True,cloud_automated,Monday - Trading Hours: 11:00 AM - 3:00 PM NPT,9323,Super Khudi Hydropower Limited,SKHL,58.0,7407.0,870.0,-2.247191011,890.0,,,,,,,,,,,,,,,,,,,,,,7,"price_volume, live_market, summary, top_gainers, top_losers, nepse_index, supply_demand",5501
2026-08-10T14:58:10.998999+05:45,2026-08-10 14:58:10,price_volume,price_volume_226,True,cloud_automated,Monday - Trading Hours: 11:00 AM - 3:00 PM NPT,545,Swarojgar Laghubitta Bittiya Sanstha Ltd.,SLBBL,58.0,1061.0,795.2,-0.847880299,802.0,,,,,,,,,,,,,,,,,,,,,,7,"price_volume, live_market, summary, top_gainers, top_losers, nepse_index, supply_demand",5501
2026-08-10T14:58:10.998999+05:45,2026-08-10 14:58:10,price_volume,price_volume_227,True,cloud_automated,Monday - Trading Hours: 11:00 AM - 3:00 PM NPT,2804,Samudayik Laghubitta Bittiya Sanstha Limited,SLBSL,58.0,3900.0,954.1,-2.8510335,982.1,,,,,,,,,,,,,,,,,,,,,,7,"price_volume, live_market, summary, top_gainers, top_losers, nepse_index, supply_demand",5501
2026-08-10T14:58:10.998999+05:45,2026-08-10 14:58:10,price_volume,price_volume_228,True,cloud_automated,Monday - Trading Hours: 11:00 AM - 3:00 PM NPT,2761,Samata Gharelu Laghubitta Bittiya Sanstha Limited,SMATA,58.0,1698.0,728.0,0.0,728.0,,,,,,,,,,,,,,,,,,,,,,7,"price_volume, live_market, summary, top_gainers, top_losers, nepse_index, supply_demand",5501
2026-08-10T14:58:10.998999+05:45,2026-08-10 14:58:10,price_volume,price_volume_229,True,cloud_automated,Monday - Trading Hours: 11:00 AM - 3:00 PM NPT,2771,Support Microfinance Bittiya Sanstha Ltd.,SMB,58.0,755.0,1835.0,0.824175824,1820.0,,,,,,,,,,,,,,,,,,,,,,7,"price_volume, live_market, summary, top_gainers, top_losers, nepse_index, supply_demand",5501
2026-08-10T14:58:10.998999+05:45,2026-08-10 14:58:10,price_volume,price_volume_230,True,cloud_automated,Monday - Trading Hours: 11:00 AM - 3:00 PM NPT,2829,Swabhimaan Laghubitta Bittiya Sanstha Limited,SMFBS,58.0,76.0,1500.0,0.462125779,1493.1,,,,,,,,,,,,,,,,,,,,,,7,"price_volume, live_market, summary, top_gainers, top_losers, nepse_index, supply_demand",5501
2026-08-10T14:58:10.998999+05:45,2026-08-10 14:58:10,price_volume,price_volume_231,True,cloud_automated,Monday - Trading Hours: 11:00 AM - 3:00 PM NPT,9148,Super Mai Hydropower Limited,SMH,58.0,9068.0,506.0,0.0,506.0,,,,,,,,,,,,,,,,,,,,,,7,"price_volume, live_market, summary, top_gainers, top_losers, nepse_index, supply_demand",5501
2026-08-10T14:58:10.998999+05:45,2026-08-10 14:58:10,price_volume,price_volume_232,True,cloud_automated,Monday - Trading Hours: 11:00 AM - 3:00 PM NPT,9146,Super Madi Hydropower Limited,SMHL,58.0,32385.0,492.8,-0.24291498,494.0,,,,,,,,,,,,,,,,,,,,,,7,"price_volume, live_market, summary, top_gainers, top_losers, nepse_index, supply_demand",5501
2026-08-10T14:58:10.998999+05:45,2026-08-10 14:58:10,price_volume,price_volume_233,True,cloud_automated,Monday - Trading Hours: 11:00 AM - 3:00 PM NPT,9159,Sagarmatha Jalabidhyut Company Limited,SMJC,58.0,23267.0,441.2,-3.668122271,458.0,,,,,,,,,,,,,,,,,,,,,,7,"price_volume, live_market, summary, top_gainers, top_losers, nepse_index, supply_demand",5501
2026-08-10T14:58:10.998999+05:45,2026-08-10 14:58:10,price_volume,price_volume_234,True,cloud_automated,Monday - Trading Hours: 11:00 AM - 3:00 PM NPT,2896,Sampada Laghubitta Bittiya Sanstha Limited,SMPDA,58.0,820.0,745.1,0.013422819,745.0,,,,,,,,,,,,,,,,,,,,,,7,"price_volume, live_market, summary, top_gainers, top_losers, nepse_index, supply_demand",5501
2026-08-10T14:58:10.998999+05:45,2026-08-10 14:58:10,price_volume,price_volume_235,True,cloud_automated,Monday - Trading Hours: 11:00 AM - 3:00 PM NPT,9201,Sun Nepal Life Insurance Company Limited,SNLI,58.0,11151.0,412.0,-0.483091787,414.0,,,,,,,,,,,,,,,,,,,,,,7,"price_volume, live_market, summary, top_gainers, top_losers, nepse_index, supply_demand",5501
2026-08-10T14:58:10.998999+05:45,2026-08-10 14:58:10,price_volume,price_volume_236,True,cloud_automated,Monday - Trading Hours: 11:00 AM - 3:00 PM NPT,9344,Snow Rivers Limited,SNORL,58.0,47392.0,925.3,2.130242826,906.0,,,,,,,,,,,,,,,,,,,,,,7,"price_volume, live_market, summary, top_gainers, top_losers, nepse_index, supply_demand",5501
2026-08-10T14:58:10.998999+05:45,2026-08-10 14:58:10,price_volume,price_volume_237,True,cloud_automated,Monday - Trading Hours: 11:00 AM - 3:00 PM NPT,9311,Solu Hydropower Limited,SOHL,58.0,623440.0,715.0,3.924418605,688.0,,,,,,,,,,,,,,,,,,,,,,7,"price_volume, live_market, summary, top_gainers, top_losers, nepse_index, supply_demand",5501
2026-08-10T14:58:10.998999+05:45,2026-08-10 14:58:10,price_volume,price_volume_238,True,cloud_automated,Monday - Trading Hours: 11:00 AM - 3:00 PM NPT,9216,Sonapur Minerals And Oil Limited,SONA,58.0,6869.0,404.2,-0.931372549,408.0,,,,,,,,,,,,,,,,,,,,,,7,"price_volume, live_market, summary, top_gainers, top_losers, nepse_index, supply_demand",5501
2026-08-10T14:58:10.998999+05:45,2026-08-10 14:58:10,price_volume,price_volume_239,True,cloud_automated,Monday - Trading Hours: 11:00 AM - 3:00 PM NPT,9336,Sopan Pharmaceuticals Limited,SOPL,58.0,16852.0,796.4,0.555555556,792.0,,,,,,,,,,,,,,,,,,,,,,7,"price_volume, live_market, summary, top_gainers, top_losers, nepse_index, supply_demand",5501
2026-08-10T14:58:10.998999+05:45,2026-08-10 14:58:10,price_volume,price_volume_240,True,cloud_automated,Monday - Trading Hours: 11:00 AM - 3:00 PM NPT,8025,Samling Power Company Limited,SPC,58.0,750.0,414.0,-1.193317422,419.0,,,,,,,,,,,,,,,,,,,,,,7,"price_volume, live_market, summary, top_gainers, top_losers, nepse_index, supply_demand",5501
2026-08-10T14:58:10.998999+05:45,2026-08-10 14:58:10,price_volume,price_volume_241,True,cloud_automated,Monday - Trading Hours: 11:00 AM - 3:00 PM NPT,2759,Synergy Power Development Ltd.,SPDL,58.0,51069.0,370.1,0.570652174,368.0,,,,,,,,,,,,,,,,,,,,,,7,"price_volume, live_market, summary, top_gainers, top_losers, nepse_index, supply_demand",5501
2026-08-10T14:58:10.998999+05:45,2026-08-10 14:58:10,price_volume,price_volume_242,True,cloud_automated,Monday - Trading Hours: 11:00 AM - 3:00 PM NPT,8121,Sayapatri Hydropower Limited,SPHL,58.0,1308.0,510.0,-2.671755725,524.0,,,,,,,,,,,,,,,,,,,,,,7,"price_volume, live_market, summary, top_gainers, top_losers, nepse_index, supply_demand",5501
2026-08-10T14:58:10.998999+05:45,2026-08-10 14:58:10,price_volume,price_volume_243,True,cloud_automated,Monday - Trading Hours: 11:00 AM - 3:00 PM NPT,182,Siddhartha Premier Insurance Limited,SPIL,58.0,358.0,685.5,-0.652173913,690.0,,,,,,,,,,,,,,,,,,,,,,7,"price_volume, live_market, summary, top_gainers, top_losers, nepse_index, supply_demand",5501
2026-08-10T14:58:10.998999+05:45,2026-08-10 14:58:10,price_volume,price_volume_244,True,cloud_automated,Monday - Trading Hours: 11:00 AM - 3:00 PM NPT,9147,Shuvam Power Limited,SPL,58.0,780.0,640.0,-1.840490798,652.0,,,,,,,,,,,,,,,,,,,,,,7,"price_volume, live_market, summary, top_gainers, top_losers, nepse_index, supply_demand",5501
2026-08-10T14:58:10.998999+05:45,2026-08-10 14:58:10,price_volume,price_volume_245,True,cloud_automated,Monday - Trading Hours: 11:00 AM - 3:00 PM NPT,5982,Sanima Reliance Life Insurance Limited,SRLI,58.0,36498.0,368.5,-1.470588235,374.0,,,,,,,,,,,,,,,,,,,,,,7,"price_volume, live_market, summary, top_gainers, top_losers, nepse_index, supply_demand",5501
2026-08-10T14:58:10.998999+05:45,2026-08-10 14:58:10,price_volume,price_volume_246,True,cloud_automated,Monday - Trading Hours: 11:00 AM - 3:00 PM NPT,2907,Shiva Shree Hydropower Ltd,SSHL,58.0,55033.0,200.2,-0.049925112,200.3,,,,,,,,,,,,,,,,,,,,,,7,"price_volume, live_market, summary, top_gainers, top_losers, nepse_index, supply_demand",5501
2026-08-10T14:58:10.998999+05:45,2026-08-10 14:58:10,price_volume,price_volume_247,True,cloud_automated,Monday - Trading Hours: 11:00 AM - 3:00 PM NPT,155,Salt Trading Corporation,STC,58.0,180.0,5170.0,-0.193050193,5180.0,,,,,,,,,,,,,,,,,,,,,,7,"price_volume, live_market, summary, top_gainers, top_losers, nepse_index, supply_demand",5501
2026-08-10T14:58:10.998999+05:45,2026-08-10 14:58:10,price_volume,price_volume_248,True,cloud_automated,Monday - Trading Hours: 11:00 AM - 3:00 PM NPT,9295,Swastik Laghubitta Bittiya Sanstha Limited,SWASTIK,58.0,481.0,1992.0,-2.352941176,2040.0,,,,,,,,,,,,,,,,,,,,,,7,"price_volume, live_market, summary, top_gainers, top_losers, nepse_index, supply_demand",5501
2026-08-10T14:58:10.998999+05:45,2026-08-10 14:58:10,price_volume,price_volume_249,True,cloud_automated,Monday - Trading Hours: 11:00 AM - 3:00 PM NPT,268,Swabalamban Laghubitta Bittiya Sanstha Limited,SWBBL,58.0,8339.0,670.0,0.751879699,665.0,,,,,,,,,,,,,,,,,,,,,,7,"price_volume, live_market, summary, top_gainers, top_losers, nepse_index, supply_demand",5501
2026-08-10T14:58:10.998999+05:45,2026-08-10 14:58:10,price_volume,price_volume_250,True,cloud_automated,Monday - Trading Hours: 11:00 AM - 3:00 PM NPT,706,Suryodaya Womi Laghubitta Bittiya Sanstha Limited,SWMF,58.0,523.0,614.8,-0.678513732,619.0,,,,,,,,,,,,,,,,,,,,,,7,"price_volume, live_market, summary, top_gainers, top_losers, nepse_index, supply_demand",5501
2026-08-10T14:58:10.998999+05:45,2026-08-10 14:58:10,price_volume,price_volume_251,True,cloud_automated,Monday - Trading Hours: 11:00 AM - 3:00 PM NPT,9303,SY Panel Nepal Limited,SYPNL,58.0,47623.0,1338.0,4.205607477,1284.0,,,,,,,,,,,,,,,,,,,,,,7,"price_volume, live_market, summary, top_gainers, top_losers, nepse_index, supply_demand",5501
2026-08-10T14:58:10.998999+05:45,2026-08-10 14:58:10,price_volume,price_volume_252,True,cloud_automated,Monday - Trading Hours: 11:00 AM - 3:00 PM NPT,9156,Sanima Middle Tamor Hydropower Limited,TAMOR,58.0,14547.0,447.0,0.426870366,445.1,,,,,,,,,,,,,,,,,,,,,,7,"price_volume, live_market, summary, top_gainers, top_losers, nepse_index, supply_demand",5501
2026-08-10T14:58:10.998999+05:45,2026-08-10 14:58:10,price_volume,price_volume_253,True,cloud_automated,Monday - Trading Hours: 11:00 AM - 3:00 PM NPT,8022,Terhathum Power Company Limited,TPC,58.0,29566.0,360.1,0.16689847,359.5,,,,,,,,,,,,,,,,,,,,,,7,"price_volume, live_market, summary, top_gainers, top_losers, nepse_index, supply_demand",5501
2026-08-10T14:58:10.998999+05:45,2026-08-10 14:58:10,price_volume,price_volume_254,True,cloud_automated,Monday - Trading Hours: 11:00 AM - 3:00 PM NPT,9343,Taksar Pikhuwa Khola Hydropower Limited,TPKHL,58.0,36198.0,557.7,0.667870036,554.0,,,,,,,,,,,,,,,,,,,,,,7,"price_volume, live_market, summary, top_gainers, top_losers, nepse_index, supply_demand",5501
2026-08-10T14:58:10.998999+05:45,2026-08-10 14:58:10,price_volume,price_volume_255,True,cloud_automated,Monday - Trading Hours: 11:00 AM - 3:00 PM NPT,148,Taragaon Regency Hotel Limited,TRH,58.0,1955.0,793.0,0.379746835,790.0,,,,,,,,,,,,,,,,,,,,,,7,"price_volume, live_market, summary, top_gainers, top_losers, nepse_index, supply_demand",5501
2026-08-10T14:58:10.998999+05:45,2026-08-10 14:58:10,price_volume,price_volume_256,True,cloud_automated,Monday - Trading Hours: 11:00 AM - 3:00 PM NPT,9194,Three Star Hydropower Limited,TSHL,58.0,8422.0,361.2,-2.351987024,369.9,,,,,,,,,,,,,,,,,,,,,,7,"price_volume, live_market, summary, top_gainers, top_losers, nepse_index, supply_demand",5501
2026-08-10T14:58:10.998999+05:45,2026-08-10 14:58:10,price_volume,price_volume_257,True,cloud_automated,Monday - Trading Hours: 11:00 AM - 3:00 PM NPT,9262,Trade Tower Limited,TTL,58.0,7780.0,714.1,0.577464789,710.0,,,,,,,,,,,,,,,,,,,,,,7,"price_volume, live_market, summary, top_gainers, top_losers, nepse_index, supply_demand",5501
2026-08-10T14:58:10.998999+05:45,2026-08-10 14:58:10,price_volume,price_volume_258,True,cloud_automated,Monday - Trading Hours: 11:00 AM - 3:00 PM NPT,9218,Trishuli Jal Vidhyut Company Limited ,TVCL,58.0,25402.0,471.0,-2.282157676,482.0,,,,,,,,,,,,,,,,,,,,,,7,"price_volume, live_market, summary, top_gainers, top_losers, nepse_index, supply_demand",5501
2026-08-10T14:58:10.998999+05:45,2026-08-10 14:58:10,price_volume,price_volume_259,True,cloud_automated,Monday - Trading Hours: 11:00 AM - 3:00 PM NPT,180,United Ajod Insurance Limited,UAIL,58.0,18219.0,431.0,-2.201043794,440.7,,,,,,,,,,,,,,,,,,,,,,7,"price_volume, live_market, summary, top_gainers, top_losers, nepse_index, supply_demand",5501
2026-08-10T14:58:10.998999+05:45,2026-08-10 14:58:10,price_volume,price_volume_260,True,cloud_automated,Monday - Trading Hours: 11:00 AM - 3:00 PM NPT,8099,Upper Hewakhola Hydropower Company Limited,UHEWA,58.0,32739.0,600.0,3.092783505,582.0,,,,,,,,,,,,,,,,,,,,,,7,"price_volume, live_market, summary, top_gainers, top_losers, nepse_index, supply_demand",5501
2026-08-10T14:58:10.998999+05:45,2026-08-10 14:58:10,price_volume,price_volume_261,True,cloud_automated,Monday - Trading Hours: 11:00 AM - 3:00 PM NPT,8063,Upakar Laghubitta Bittiya Sanstha Limited,ULBSL,58.0,707.0,2705.0,-1.205259313,2738.0,,,,,,,,,,,,,,,,,,,,,,7,"price_volume, live_market, summary, top_gainers, top_losers, nepse_index, supply_demand",5501
2026-08-10T14:58:10.998999+05:45,2026-08-10 14:58:10,price_volume,price_volume_262,True,cloud_automated,Monday - Trading Hours: 11:00 AM - 3:00 PM NPT,9208,Upper Lohore Khola Hydropower Company Limited,ULHC,58.0,16680.0,369.0,-2.638522427,379.0,,,,,,,,,,,,,,,,,,,,,,7,"price_volume, live_market, summary, top_gainers, top_losers, nepse_index, supply_demand",5501
2026-08-10T14:58:10.998999+05:45,2026-08-10 14:58:10,price_volume,price_volume_263,True,cloud_automated,Monday - Trading Hours: 11:00 AM - 3:00 PM NPT,2760,United Modi Hydropower Ltd.,UMHL,58.0,13264.0,579.9,-0.531732419,583.0,,,,,,,,,,,,,,,,,,,,,,7,"price_volume, live_market, summary, top_gainers, top_losers, nepse_index, supply_demand",5501
2026-08-10T14:58:10.998999+05:45,2026-08-10 14:58:10,price_volume,price_volume_264,True,cloud_automated,Monday - Trading Hours: 11:00 AM - 3:00 PM NPT,2914,United IDI Mardi RB Hydropower Limited.,UMRH,58.0,1444.0,530.0,0.741303935,526.1,,,,,,,,,,,,,,,,,,,,,,7,"price_volume, live_market, summary, top_gainers, top_losers, nepse_index, supply_demand",5501
2026-08-10T14:58:10.998999+05:45,2026-08-10 14:58:10,price_volume,price_volume_265,True,cloud_automated,Monday - Trading Hours: 11:00 AM - 3:00 PM NPT,2831,Union Hydropower Limited,UNHPL,58.0,4368.0,373.1,-0.506666667,375.0,,,,,,,,,,,,,,,,,,,,,,7,"price_volume, live_market, summary, top_gainers, top_losers, nepse_index, supply_demand",5501
2026-08-10T14:58:10.998999+05:45,2026-08-10 14:58:10,price_volume,price_volume_266,True,cloud_automated,Monday - Trading Hours: 11:00 AM - 3:00 PM NPT,219,Unilever Nepal Limited,UNL,58.0,10.0,48500.0,0.0,48500.0,,,,,,,,,,,,,,,,,,,,,,7,"price_volume, live_market, summary, top_gainers, top_losers, nepse_index, supply_demand",5501
2026-08-10T14:58:10.998999+05:45,2026-08-10 14:58:10,price_volume,price_volume_267,True,cloud_automated,Monday - Trading Hours: 11:00 AM - 3:00 PM NPT,9140,Unique Nepal Laghubitta Bittiya Sanstha Limited,UNLB,58.0,67.0,1260.0,-1.246179168,1275.9,,,,,,,,,,,,,,,,,,,,,,7,"price_volume, live_market, summary, top_gainers, top_losers, nepse_index, supply_demand",5501
2026-08-10T14:58:10.998999+05:45,2026-08-10 14:58:10,price_volume,price_volume_268,True,cloud_automated,Monday - Trading Hours: 11:00 AM - 3:00 PM NPT,2810,UNIVERSAL POWER COMPANY LTD,UPCL,58.0,25454.0,347.1,-0.828571429,350.0,,,,,,,,,,,,,,,,,,,,,,7,"price_volume, live_market, summary, top_gainers, top_losers, nepse_index, supply_demand",5501
2026-08-10T14:58:10.998999+05:45,2026-08-10 14:58:10,price_volume,price_volume_269,True,cloud_automated,Monday - Trading Hours: 11:00 AM - 3:00 PM NPT,2792,Upper Tamakoshi Hydropower Ltd,UPPER,58.0,40725.0,191.9,-0.052083333,192.0,,,,,,,,,,,,,,,,,,,,,,7,"price_volume, live_market, summary, top_gainers, top_losers, nepse_index, supply_demand",5501
2026-08-10T14:58:10.998999+05:45,2026-08-10 14:58:10,price_volume,price_volume_270,True,cloud_automated,Monday - Trading Hours: 11:00 AM - 3:00 PM NPT,8104,Upper Solu Hydro Electric Company Limited,USHEC,58.0,5583.0,488.8,-1.649899396,497.0,,,,,,,,,,,,,,,,,,,,,,7,"price_volume, live_market, summary, top_gainers, top_losers, nepse_index, supply_demand",5501
2026-08-10T14:58:10.998999+05:45,2026-08-10 14:58:10,price_volume,price_volume_271,True,cloud_automated,Monday - Trading Hours: 11:00 AM - 3:00 PM NPT,9192,Upper Syange Hydropower Limited,USHL,58.0,1532.0,541.5,0.482464279,538.9,,,,,,,,,,,,,,,,,,,,,,7,"price_volume, live_market, summary, top_gainers, top_losers, nepse_index, supply_demand",5501
2026-08-10T14:58:10.998999+05:45,2026-08-10 14:58:10,price_volume,price_volume_272,True,cloud_automated,Monday - Trading Hours: 11:00 AM - 3:00 PM NPT,2774,Unnati Sahakarya Laghubitta Bittiya Sanstha Limited,USLB,58.0,237.0,1130.0,0.444444444,1125.0,,,,,,,,,,,,,,,,,,,,,,7,"price_volume, live_market, summary, top_gainers, top_losers, nepse_index, supply_demand",5501
2026-08-10T14:58:10.998999+05:45,2026-08-10 14:58:10,price_volume,price_volume_273,True,cloud_automated,Monday - Trading Hours: 11:00 AM - 3:00 PM NPT,687,Vijaya laghubitta Bittiya Sanstha Ltd.,VLBS,58.0,1047.0,668.0,0.3003003,666.0,,,,,,,,,,,,,,,,,,,,,,7,"price_volume, live_market, summary, top_gainers, top_losers, nepse_index, supply_demand",5501
2026-08-10T14:58:10.998999+05:45,2026-08-10 14:58:10,price_volume,price_volume_274,True,cloud_automated,Monday - Trading Hours: 11:00 AM - 3:00 PM NPT,9225,Vision Lumbini Urja Company Limited ,VLUCL,58.0,6162.0,413.0,-1.666666667,420.0,,,,,,,,,,,,,,,,,,,,,,7,"price_volume, live_market, summary, top_gainers, top_losers, nepse_index, supply_demand",5501
2026-08-10T14:58:10.998999+05:45,2026-08-10 14:58:10,price_volume,price_volume_275,True,cloud_automated,Monday - Trading Hours: 11:00 AM - 3:00 PM NPT,2781,Wean Nepal Laghubitta Bittiya Sanstha Limited,WNLB,58.0,106.0,1330.0,-1.554404145,1351.0,,,,,,,,,,,,,,,,,,,,,,7,"price_volume, live_market, summary, top_gainers, top_losers, nepse_index, supply_demand",5501
2026-08-10T14:58:10.998999+05:45,2026-08-10 14:58:10,price_volume,price_volume_276,True,cloud_automated,Monday - Trading Hours: 11:00 AM - 3:00 PM NPT,9342,Yambaling Hydropower Limited,YMHL,58.0,15736.0,624.1,0.369893857,621.8,,,,,,,,,,,,,,,,,,,,,,7,"price_volume, live_market, summary, top_gainers, top_losers, nepse_index, supply_demand",5501
2026-08-10T14:58:10.998999+05:45,2026-08-10 14:58:10,live_market,live_market_1,True,cloud_automated,Monday - Trading Hours: 11:00 AM - 3:00 PM NPT,559,NLG Insurance Company Ltd.,NLG,58.0,1433.0,564.1,-1.04,570.0,,565.2,574.9,563.5,809012.1,2026-08-10 14:56:59.940822,136.0,564.56,,,,,,,,,,,,,,7,"price_volume, live_market, summary, top_gainers, top_losers, nepse_index, supply_demand",5501
2026-08-10T14:58:10.998999+05:45,2026-08-10 14:58:10,live_market,live_market_2,True,cloud_automated,Monday - Trading Hours: 11:00 AM - 3:00 PM NPT,9311,Solu Hydropower Limited,SOHL,58.0,623440.0,715.0,3.92,688.0,,688.0,724.4,688.0,443929491.1,2026-08-10 14:56:59.877549,134.0,712.06,,,,,,,,,,,,,,7,"price_volume, live_market, summary, top_gainers, top_losers, nepse_index, supply_demand",5501
2026-08-10T14:58:10.998999+05:45,2026-08-10 14:58:10,live_market,live_market_3,True,cloud_automated,Monday - Trading Hours: 11:00 AM - 3:00 PM NPT,9297,Bandipur Cablecar and Tourism Limited,BANDIPUR,58.0,28482.0,681.0,-1.59,692.0,,685.0,693.0,679.3,19457409.0,2026-08-10 14:56:59.654368,420.0,683.15,,,,,,,,,,,,,,7,"price_volume, live_market, summary, top_gainers, top_losers, nepse_index, supply_demand",5501
2026-08-10T14:58:10.998999+05:45,2026-08-10 14:58:10,live_market,live_market_4,True,cloud_automated,Monday - Trading Hours: 11:00 AM - 3:00 PM NPT,9135,Barahi Hydropower Public Limited,BHPL,58.0,3789.0,482.0,-3.02,497.0,,490.0,495.0,480.1,1827329.6,2026-08-10 14:56:59.649983,85.0,482.27,,,,,,,,,,,,,,7,"price_volume, live_market, summary, top_gainers, top_losers, nepse_index, supply_demand",5501
2026-08-10T14:58:10.998999+05:45,2026-08-10 14:58:10,live_market,live_market_5,True,cloud_automated,Monday - Trading Hours: 11:00 AM - 3:00 PM NPT,245,Central Finance Co. Ltd.,CFCL,58.0,69591.0,657.2,-0.42,660.0,,639.0,664.0,639.0,45863517.5,2026-08-10 14:56:59.613611,133.0,659.04,,,,,,,,,,,,,,7,"price_volume, live_market, summary, top_gainers, top_losers, nepse_index, supply_demand",5501
2026-08-10T14:58:10.998999+05:45,2026-08-10 14:58:10,live_market,live_market_6,True,cloud_automated,Monday - Trading Hours: 11:00 AM - 3:00 PM NPT,9345,Sanigad Hydro Limited,SGHL,58.0,39972.0,518.3,0.06,518.0,,510.0,528.0,510.0,20782050.9,2026-08-10 14:56:59.524065,10.0,519.92,,,,,,,,,,,,,,7,"price_volume, live_market, summary, top_gainers, top_losers, nepse_index, supply_demand",5501
2026-08-10T14:58:10.998999+05:45,2026-08-10 14:58:10,live_market,live_market_7,True,cloud_automated,Monday - Trading Hours: 11:00 AM - 3:00 PM NPT,186,IGI Prudential insurance Limited,IGI,58.0,5185.0,426.0,-0.93,430.0,,430.0,430.0,426.0,2211283.6,2026-08-10 14:56:59.388898,500.0,426.48,,,,,,,,,,,,,,7,"price_volume, live_market, summary, top_gainers, top_losers, nepse_index, supply_demand",5501
2026-08-10T14:58:10.998999+05:45,2026-08-10 14:58:10,live_market,live_market_8,True,cloud_automated,Monday - Trading Hours: 11:00 AM - 3:00 PM NPT,194,Nepal Finance Ltd.,NFS,58.0,3511.0,564.1,-0.58,567.4,,580.0,580.0,564.0,1987593.2,2026-08-10 14:56:59.214157,140.0,566.1,,,,,,,,,,,,,,7,"price_volume, live_market, summary, top_gainers, top_losers, nepse_index, supply_demand",5501
2026-08-10T14:58:10.998999+05:45,2026-08-10 14:58:10,live_market,live_market_9,True,cloud_automated,Monday - Trading Hours: 11:00 AM - 3:00 PM NPT,131,Nabil Bank Limited,NABIL,58.0,42919.0,548.0,-1.44,556.0,,556.0,556.1,548.0,23662588.1,2026-08-10 14:56:58.873304,2307.0,551.33,,,,,,,,,,,,,,7,"price_volume, live_market, summary, top_gainers, top_losers, nepse_index, supply_demand",5501
2026-08-10T14:58:10.998999+05:45,2026-08-10 14:58:10,live_market,live_market_10,True,cloud_automated,Monday - Trading Hours: 11:00 AM - 3:00 PM NPT,141,Laxmi Sunrise Bank Limited,LSL,58.0,54102.0,219.6,-0.27,220.2,,222.5,222.5,218.0,11822557.8,2026-08-10 14:56:58.80406,10.0,218.52,,,,,,,,,,,,,,7,"price_volume, live_market, summary, top_gainers, top_losers, nepse_index, supply_demand",5501
2026-08-10T14:58:10.998999+05:45,2026-08-10 14:58:10,live_market,live_market_11,True,cloud_automated,Monday - Trading Hours: 11:00 AM - 3:00 PM NPT,9347,Everest Colour Limited,ECL,58.0,34566.0,1580.0,-5.11,1665.0,,1650.0,1660.0,1565.0,55325841.3,2026-08-10 14:56:58.660476,10.0,1600.59,,,,,,,,,,,,,,7,"price_volume, live_market, summary, top_gainers, top_losers, nepse_index, supply_demand",5501
2026-08-10T14:58:10.998999+05:45,2026-08-10 14:58:10,live_market,live_market_12,True,cloud_automated,Monday - Trading Hours: 11:00 AM - 3:00 PM NPT,9184,IME Life Insurance Company Limited,ILI,58.0,8639.0,409.0,-0.82,412.4,,410.0,412.4,409.0,3538961.2,2026-08-10 14:56:58.652671,10.0,409.65,,,,,,,,,,,,,,7,"price_volume, live_market, summary, top_gainers, top_losers, nepse_index, supply_demand",5501
2026-08-10T14:58:10.998999+05:45,2026-08-10 14:58:10,live_market,live_market_13,True,cloud_automated,Monday - Trading Hours: 11:00 AM - 3:00 PM NPT,610,Ridi Power Company Limited,RIDI,58.0,714595.0,384.9,2.64,375.0,,360.0,391.3,360.0,274455862.7,2026-08-10 14:56:58.287011,778.0,384.07,,,,,,,,,,,,,,7,"price_volume, live_market, summary, top_gainers, top_losers, nepse_index, supply_demand",5501
2026-08-10T14:58:10.998999+05:45,2026-08-10 14:58:10,live_market,live_market_14,True,cloud_automated,Monday - Trading Hours: 11:00 AM - 3:00 PM NPT,2788,Ankhu Khola Jalvidhyut Company Ltd,AKJCL,58.0,226603.0,365.3,0.88,362.1,,355.0,368.9,355.0,82719041.5,2026-08-10 14:56:58.283989,150.0,365.04,,,,,,,,,,,,,,7,"price_volume, live_market, summary, top_gainers, top_losers, nepse_index, supply_demand",5501
2026-08-10T14:58:10.998999+05:45,2026-08-10 14:58:10,live_market,live_market_15,True,cloud_automated,Monday - Trading Hours: 11:00 AM - 3:00 PM NPT,9199,Reliable Nepal Life Insurance Limited,RNLI,58.0,20556.0,425.0,-1.55,431.7,,431.7,434.0,423.0,8731763.9,2026-08-10 14:56:58.1717,351.0,424.78,,,,,,,,,,,,,,7,"price_volume, live_market, summary, top_gainers, top_losers, nepse_index, supply_demand",5501
2026-08-10T14:58:10.998999+05:45,2026-08-10 14:58:10,live_market,live_market_16,True,cloud_automated,Monday - Trading Hours: 11:00 AM - 3:00 PM NPT,9330,Palpa Cement Industries Limited,PCIL,58.0,18301.0,625.0,0.43,622.3,,622.0,625.0,615.0,11307404.0,2026-08-10 14:56:58.115224,10.0,617.86,,,,,,,,,,,,,,7,"price_volume, live_market, summary, top_gainers, top_losers, nepse_index, supply_demand",5501
2026-08-10T14:58:10.998999+05:45,2026-08-10 14:58:10,live_market,live_market_17,True,cloud_automated,Monday - Trading Hours: 11:00 AM - 3:00 PM NPT,9351,Reliable Samriddhi Yojana -2,RSY2,58.0,17720.0,9.03,0.0,0.0,,10.0,10.0,8.5,160077.19,2026-08-10 14:56:57.919402,100.0,9.03,,,,,,,,,,,,,,7,"price_volume, live_market, summary, top_gainers, top_losers, nepse_index, supply_demand",5501
2026-08-10T14:58:10.998999+05:45,2026-08-10 14:58:10,live_market,live_market_18,True,cloud_automated,Monday - Trading Hours: 11:00 AM - 3:00 PM NPT,9301,Shreenagar Agritech Industries Limited,SAIL,58.0,47383.0,1098.0,0.73,1090.0,,1050.0,1118.9,1050.0,52205979.5,2026-08-10 14:56:57.691771,19.0,1101.79,,,,,,,,,,,,,,7,"price_volume, live_market, summary, top_gainers, top_losers, nepse_index, supply_demand",5501
2026-08-10T14:58:10.998999+05:45,2026-08-10 14:58:10,live_market,live_market_19,True,cloud_automated,Monday - Trading Hours: 11:00 AM - 3:00 PM NPT,459,Kamana Sewa Bikas Bank Limited,KSBBL,58.0,73125.0,466.0,-1.6,473.6,,475.0,475.0,464.1,34319541.4,2026-08-10 14:56:57.31165,32.0,469.33,,,,,,,,,,,,,,7,"price_volume, live_market, summary, top_gainers, top_losers, nepse_index, supply_demand",5501
2026-08-10T14:58:10.998999+05:45,2026-08-10 14:58:10,live_market,live_market_20,True,cloud_automated,Monday - Trading Hours: 11:00 AM - 3:00 PM NPT,9342,Yambaling Hydropower Limited,YMHL,58.0,15736.0,624.1,0.37,621.8,,620.0,639.0,612.1,9820142.1,2026-08-10 14:56:57.262085,10.0,624.06,,,,,,,,,,,,,,7,"price_volume, live_market, summary, top_gainers, top_losers, nepse_index, supply_demand",5501
2026-08-10T14:58:10.998999+05:45,2026-08-10 14:58:10,live_market,live_market_21,True,cloud_automated,Monday - Trading Hours: 11:00 AM - 3:00 PM NPT,145,Siddhartha Bank Limited,SBL,58.0,37484.0,406.0,-0.98,410.0,,412.9,412.9,405.0,15227292.1,2026-08-10 14:56:56.885846,90.0,406.23,,,,,,,,,,,,,,7,"price_volume, live_market, summary, top_gainers, top_losers, nepse_index, supply_demand",5501
2026-08-10T14:58:10.998999+05:45,2026-08-10 14:58:10,live_market,live_market_22,True,cloud_automated,Monday - Trading Hours: 11:00 AM - 3:00 PM NPT,142,Kumari Bank Limited,KBL,58.0,158868.0,214.9,-0.05,215.0,,220.0,220.0,214.0,34148569.2,2026-08-10 14:56:56.497904,100.0,214.95,,,,,,,,,,,,,,7,"price_volume, live_market, summary, top_gainers, top_losers, nepse_index, supply_demand",5501
2026-08-10T14:58:10.998999+05:45,2026-08-10 14:58:10,live_market,live_market_23,True,cloud_automated,Monday - Trading Hours: 11:00 AM - 3:00 PM NPT,180,United Ajod Insurance Limited,UAIL,58.0,18219.0,431.0,-2.2,440.7,,436.0,441.0,430.0,7902753.0,2026-08-10 14:56:56.168532,20.0,433.76,,,,,,,,,,,,,,7,"price_volume, live_market, summary, top_gainers, top_losers, nepse_index, supply_demand",5501
2026-08-10T14:58:10.998999+05:45,2026-08-10 14:58:10,live_market,live_market_24,True,cloud_automated,Monday - Trading Hours: 11:00 AM - 3:00 PM NPT,697,Api Power Company Ltd.,API,58.0,111574.0,327.0,-0.91,330.0,,330.1,331.9,325.0,36493220.6,2026-08-10 14:56:55.794438,300.0,327.08,,,,,,,,,,,,,,7,"price_volume, live_market, summary, top_gainers, top_losers, nepse_index, supply_demand",5501
2026-08-10T14:58:10.998999+05:45,2026-08-10 14:58:10,live_market,live_market_25,True,cloud_automated,Monday - Trading Hours: 11:00 AM - 3:00 PM NPT,255,Prabhu  Bank Limited,PRVU,58.0,249479.0,188.1,-1.52,191.0,,200.5,200.5,188.0,47071376.5,2026-08-10 14:56:55.259423,5.0,188.68,,,,,,,,,,,,,,7,"price_volume, live_market, summary, top_gainers, top_losers, nepse_index, supply_demand",5501
2026-08-10T14:58:10.998999+05:45,2026-08-10 14:58:10,live_market,live_market_26,True,cloud_automated,Monday - Trading Hours: 11:00 AM - 3:00 PM NPT,9343,Taksar Pikhuwa Khola Hydropower Limited,TPKHL,58.0,36198.0,557.7,0.67,554.0,,527.0,562.9,527.0,20182960.0,2026-08-10 14:56:55.231025,27.0,557.57,,,,,,,,,,,,,,7,"price_volume, live_market, summary, top_gainers, top_losers, nepse_index, supply_demand",5501
2026-08-10T14:58:10.998999+05:45,2026-08-10 14:58:10,live_market,live_market_27,True,cloud_automated,Monday - Trading Hours: 11:00 AM - 3:00 PM NPT,9192,Upper Syange Hydropower Limited,USHL,58.0,1532.0,541.5,0.48,538.9,,565.8,565.8,535.1,825744.6,2026-08-10 14:56:55.135614,21.0,539.0,,,,,,,,,,,,,,7,"price_volume, live_market, summary, top_gainers, top_losers, nepse_index, supply_demand",5501
2026-08-10T14:58:10.998999+05:45,2026-08-10 14:58:10,live_market,live_market_28,True,cloud_automated,Monday - Trading Hours: 11:00 AM - 3:00 PM NPT,8111,Hydorelectricity Investment and Development Company Limited Promoter,HIDCLP,58.0,46758.0,187.0,-0.27,187.5,,186.3,189.8,186.0,8731736.8,2026-08-10 14:56:55.065153,100.0,186.74,,,,,,,,,,,,,,7,"price_volume, live_market, summary, top_gainers, top_losers, nepse_index, supply_demand",5501
2026-08-10T14:58:10.998999+05:45,2026-08-10 14:58:10,live_market,live_market_29,True,cloud_automated,Monday - Trading Hours: 11:00 AM - 3:00 PM NPT,9233,Nepal Warehousing Company Limited ,NWCL,58.0,680.0,690.0,0.29,688.0,,680.0,694.0,680.0,467933.0,2026-08-10 14:56:54.985858,10.0,688.14,,,,,,,,,,,,,,7,"price_volume, live_market, summary, top_gainers, top_losers, nepse_index, supply_demand",5501
2026-08-10T14:58:10.998999+05:45,2026-08-10 14:58:10,live_market,live_market_30,True,cloud_automated,Monday - Trading Hours: 11:00 AM - 3:00 PM NPT,403,SuryaJyoti Life Insurance Company Limited,SJLIC,58.0,16774.0,407.0,-1.36,412.6,,411.4,413.0,405.2,6888345.9,2026-08-10 14:56:54.687767,200.0,410.66,,,,,,,,,,,,,,7,"price_volume, live_market, summary, top_gainers, top_losers, nepse_index, supply_demand",5501
2026-08-10T14:58:10.998999+05:45,2026-08-10 14:58:10,live_market,live_market_31,True,cloud_automated,Monday - Trading Hours: 11:00 AM - 3:00 PM NPT,9346,Kalanga Hydro Limited,KAHL,58.0,27343.0,541.8,-0.07,542.2,,533.1,550.0,533.1,14801039.4,2026-08-10 14:56:54.655721,10.0,541.31,,,,,,,,,,,,,,7,"price_volume, live_market, summary, top_gainers, top_losers, nepse_index, supply_demand",5501
2026-08-10T14:58:10.998999+05:45,2026-08-10 14:58:10,live_market,live_market_32,True,cloud_automated,Monday - Trading Hours: 11:00 AM - 3:00 PM NPT,9336,Sopan Pharmaceuticals Limited,SOPL,58.0,16852.0,796.4,0.56,792.0,,792.0,804.0,790.0,13431049.8,2026-08-10 14:56:54.599722,50.0,797.0,,,,,,,,,,,,,,7,"price_volume, live_market, summary, top_gainers, top_losers, nepse_index, supply_demand",5501
2026-08-10T14:58:10.998999+05:45,2026-08-10 14:58:10,live_market,live_market_33,True,cloud_automated,Monday - Trading Hours: 11:00 AM - 3:00 PM NPT,2880,Himal Dolakha Hydropower Company Limited,HDHPC,58.0,66504.0,207.0,-0.48,208.0,,198.0,210.5,198.0,13815787.1,2026-08-10 14:56:54.503099,100.0,207.74,,,,,,,,,,,,,,7,"price_volume, live_market, summary, top_gainers, top_losers, nepse_index, supply_demand",5501
2026-08-10T14:58:10.998999+05:45,2026-08-10 14:58:10,live_market,live_market_34,True,cloud_automated,Monday - Trading Hours: 11:00 AM - 3:00 PM NPT,517,Nepal Bank Limited,NBL,58.0,29259.0,265.2,-1.74,269.9,,268.0,268.9,263.0,7764410.6,2026-08-10 14:56:54.318381,400.0,265.37,,,,,,,,,,,,,,7,"price_volume, live_market, summary, top_gainers, top_losers, nepse_index, supply_demand",5501
2026-08-10T14:58:10.998999+05:45,2026-08-10 14:58:10,live_market,live_market_35,True,cloud_automated,Monday - Trading Hours: 11:00 AM - 3:00 PM NPT,2924,GreenLife Hydropower Limited,GLH,58.0,18944.0,256.0,-0.35,256.9,,260.3,260.3,254.1,4839105.4,2026-08-10 14:56:53.977692,10.0,255.44,,,,,,,,,,,,,,7,"price_volume, live_market, summary, top_gainers, top_losers, nepse_index, supply_demand",5501
2026-08-10T14:58:10.998999+05:45,2026-08-10 14:58:10,live_market,live_market_36,True,cloud_automated,Monday - Trading Hours: 11:00 AM - 3:00 PM NPT,2743,Ngadi Group Power Ltd.,NGPL,58.0,60626.0,405.6,-0.76,408.7,,408.0,410.8,405.0,24713126.1,2026-08-10 14:56:53.770608,410.0,407.63,,,,,,,,,,,,,,7,"price_volume, live_market, summary, top_gainers, top_losers, nepse_index, supply_demand",5501
2026-08-10T14:58:10.998999+05:45,2026-08-10 14:58:10,live_market,live_market_37,True,cloud_automated,Monday - Trading Hours: 11:00 AM - 3:00 PM NPT,9183,Nepal Republic Media Limited,NRM,58.0,4584.0,306.5,0.46,305.1,,305.5,306.5,305.5,1402712.8,2026-08-10 14:56:53.086565,17.0,306.0,,,,,,,,,,,,,,7,"price_volume, live_market, summary, top_gainers, top_losers, nepse_index, supply_demand",5501
2026-08-10T14:58:10.998999+05:45,2026-08-10 14:58:10,live_market,live_market_38,True,cloud_automated,Monday - Trading Hours: 11:00 AM - 3:00 PM NPT,2792,Upper Tamakoshi Hydropower Ltd,UPPER,58.0,40725.0,191.9,-0.05,192.0,,192.0,194.9,190.9,7811470.4,2026-08-10 14:56:52.778584,20.0,191.81,,,,,,,,,,,,,,7,"price_volume, live_market, summary, top_gainers, top_losers, nepse_index, supply_demand",5501
2026-08-10T14:58:10.998999+05:45,2026-08-10 14:58:10,live_market,live_market_39,True,cloud_automated,Monday - Trading Hours: 11:00 AM - 3:00 PM NPT,9344,Snow Rivers Limited,SNORL,58.0,47392.0,925.3,2.13,906.0,,951.3,951.3,920.0,44356221.2,2026-08-10 14:56:52.360204,10.0,935.94,,,,,,,,,,,,,,7,"price_volume, live_market, summary, top_gainers, top_losers, nepse_index, supply_demand",5501
2026-08-10T14:58:10.998999+05:45,2026-08-10 14:58:10,live_market,live_market_40,True,cloud_automated,Monday - Trading Hours: 11:00 AM - 3:00 PM NPT,9300,Jhapa Energy Limited,JHAPA,58.0,4021.0,1067.0,-2.11,1090.0,,1075.0,1075.0,1058.0,4286069.4,2026-08-10 14:56:52.065388,10.0,1065.92,,,,,,,,,,,,,,7,"price_volume, live_market, summary, top_gainers, top_losers, nepse_index, supply_demand",5501
2026-08-10T14:58:10.998999+05:45,2026-08-10 14:58:10,live_market,live_market_41,True,cloud_automated,Monday - Trading Hours: 11:00 AM - 3:00 PM NPT,418,Jyoti Bikas Bank Limited,JBBL,58.0,28250.0,339.2,-0.24,340.0,,338.2,340.0,336.0,9571460.0,2026-08-10 14:56:51.957322,100.0,338.81,,,,,,,,,,,,,,7,"price_volume, live_market, summary, top_gainers, top_losers, nepse_index, supply_demand",5501
2026-08-10T14:58:10.998999+05:45,2026-08-10 14:58:10,live_market,live_market_42,True,cloud_automated,Monday - Trading Hours: 11:00 AM - 3:00 PM NPT,238,NMB Bank Limited,NMB,58.0,20912.0,243.0,-0.04,243.1,,243.1,247.0,241.2,5072041.4,2026-08-10 14:56:51.233069,30.0,242.54,,,,,,,,,,,,,,7,"price_volume, live_market, summary, top_gainers, top_losers, nepse_index, supply_demand",5501
2026-08-10T14:58:10.998999+05:45,2026-08-10 14:58:10,live_market,live_market_43,True,cloud_automated,Monday - Trading Hours: 11:00 AM - 3:00 PM NPT,149,Oriental Hotels Limited,OHL,58.0,506.0,655.0,-1.5,665.0,,665.0,665.0,655.0,333625.5,2026-08-10 14:56:50.941866,10.0,659.34,,,,,,,,,,,,,,7,"price_volume, live_market, summary, top_gainers, top_losers, nepse_index, supply_demand",5501
2026-08-10T14:58:10.998999+05:45,2026-08-10 14:58:10,live_market,live_market_44,True,cloud_automated,Monday - Trading Hours: 11:00 AM - 3:00 PM NPT,9149,Maya Khola Hydropower Company Limited,MKHC,58.0,14122.0,271.6,-3.0,280.0,,280.0,285.0,271.6,3905342.7,2026-08-10 14:56:50.916546,425.0,276.54,,,,,,,,,,,,,,7,"price_volume, live_market, summary, top_gainers, top_losers, nepse_index, supply_demand",5501
2026-08-10T14:58:10.998999+05:45,2026-08-10 14:58:10,live_market,live_market_45,True,cloud_automated,Monday - Trading Hours: 11:00 AM - 3:00 PM NPT,9329,Shikhar power Development Limited,SIPD,58.0,29494.0,666.0,-2.06,680.0,,660.0,685.0,660.0,19965901.4,2026-08-10 14:56:50.863512,10.0,676.95,,,,,,,,,,,,,,7,"price_volume, live_market, summary, top_gainers, top_losers, nepse_index, supply_demand",5501
2026-08-10T14:58:10.998999+05:45,2026-08-10 14:58:10,live_market,live_market_46,True,cloud_automated,Monday - Trading Hours: 11:00 AM - 3:00 PM NPT,474,Muktinath Bikas Bank Ltd.,MNBBL,58.0,9024.0,366.6,0.08,366.3,,367.0,370.9,366.0,3306857.4,2026-08-10 14:56:50.354163,1.0,366.45,,,,,,,,,,,,,,7,"price_volume, live_market, summary, top_gainers, top_losers, nepse_index, supply_demand",5501
2026-08-10T14:58:10.998999+05:45,2026-08-10 14:58:10,live_market,live_market_47,True,cloud_automated,Monday - Trading Hours: 11:00 AM - 3:00 PM NPT,9179,Modi Energy Limited,MEL,58.0,32087.0,210.0,-2.28,214.9,,214.0,215.0,209.1,6773744.0,2026-08-10 14:56:49.681301,40.0,211.11,,,,,,,,,,,,,,7,"price_volume, live_market, summary, top_gainers, top_losers, nepse_index, supply_demand",5501
2026-08-10T14:58:10.998999+05:45,2026-08-10 14:58:10,live_market,live_market_48,True,cloud_automated,Monday - Trading Hours: 11:00 AM - 3:00 PM NPT,9306,Reliance Spinning Mills Limited,RSML,58.0,30338.0,2632.4,0.47,2620.0,,2489.0,2699.9,2489.0,80438092.1,2026-08-10 14:56:49.523947,10.0,2651.4,,,,,,,,,,,,,,7,"price_volume, live_market, summary, top_gainers, top_losers, nepse_index, supply_demand",5501
2026-08-10T14:58:10.998999+05:45,2026-08-10 14:58:10,live_market,live_market_49,True,cloud_automated,Monday - Trading Hours: 11:00 AM - 3:00 PM NPT,341,Global IME Bank Limited,GBIME,58.0,218630.0,250.9,-0.04,251.0,,256.0,256.0,249.4,55305529.3,2026-08-10 14:56:49.484432,2533.0,252.96,,,,,,,,,,,,,,7,"price_volume, live_market, summary, top_gainers, top_losers, nepse_index, supply_demand",5501
2026-08-10T14:58:10.998999+05:45,2026-08-10 14:58:10,live_market,live_market_50,True,cloud_automated,Monday - Trading Hours: 11:00 AM - 3:00 PM NPT,450,Corporate Development Bank Limited,CORBL,58.0,66159.0,1160.0,8.92,1065.0,,1065.1,1163.9,1051.0,74795344.5,2026-08-10 14:56:48.970661,180.0,1130.54,,,,,,,,,,,,,,7,"price_volume, live_market, summary, top_gainers, top_losers, nepse_index, supply_demand",5501
2026-08-10T14:58:10.998999+05:45,2026-08-10 14:58:10,live_market,live_market_51,True,cloud_automated,Monday - Trading Hours: 11:00 AM - 3:00 PM NPT,9305,Salapa Bikas Bank Limited,SABBL,58.0,11447.0,965.0,-1.43,979.0,,930.1,1050.0,930.1,11337477.2,2026-08-10 14:56:48.91865,39.0,990.43,,,,,,,,,,,,,,7,"price_volume, live_market, summary, top_gainers, top_losers, nepse_index, supply_demand",5501
2026-08-10T14:58:10.998999+05:45,2026-08-10 14:58:10,live_market,live_market_52,True,cloud_automated,Monday - Trading Hours: 11:00 AM - 3:00 PM NPT,9156,Sanima Middle Tamor Hydropower Limited,TAMOR,58.0,14547.0,447.0,0.43,445.1,,446.0,450.0,446.0,6524123.9,2026-08-10 14:56:48.584735,10.0,448.49,,,,,,,,,,,,,,7,"price_volume, live_market, summary, top_gainers, top_losers, nepse_index, supply_demand",5501
2026-08-10T14:58:10.998999+05:45,2026-08-10 14:58:10,live_market,live_market_53,True,cloud_automated,Monday - Trading Hours: 11:00 AM - 3:00 PM NPT,2914,United IDI Mardi RB Hydropower Limited.,UMRH,58.0,1444.0,530.0,0.74,526.1,,526.6,539.9,526.2,761729.3,2026-08-10 14:56:47.761688,11.0,527.51,,,,,,,,,,,,,,7,"price_volume, live_market, summary, top_gainers, top_losers, nepse_index, supply_demand",5501
2026-08-10T14:58:10.998999+05:45,2026-08-10 14:58:10,live_market,live_market_54,True,cloud_automated,Monday - Trading Hours: 11:00 AM - 3:00 PM NPT,2881,Nepal Reinsurance Company Limited,NRIC,58.0,9682.0,933.8,0.19,932.0,,930.0,940.0,920.1,9001220.5,2026-08-10 14:56:47.710204,10.0,929.69,,,,,,,,,,,,,,7,"price_volume, live_market, summary, top_gainers, top_losers, nepse_index, supply_demand",5501
2026-08-10T14:58:10.998999+05:45,2026-08-10 14:58:10,live_market,live_market_55,True,cloud_automated,Monday - Trading Hours: 11:00 AM - 3:00 PM NPT,9303,SY Panel Nepal Limited,SYPNL,58.0,47623.0,1338.0,4.21,1284.0,,1219.8,1350.0,1219.8,62757461.2,2026-08-10 14:56:47.683707,10.0,1317.8,,,,,,,,,,,,,,7,"price_volume, live_market, summary, top_gainers, top_losers, nepse_index, supply_demand",5501
2026-08-10T14:58:10.998999+05:45,2026-08-10 14:58:10,live_market,live_market_56,True,cloud_automated,Monday - Trading Hours: 11:00 AM - 3:00 PM NPT,235,Himalayan Distillery Limited,HDL,58.0,14360.0,1165.0,-0.17,1167.0,,1175.0,1175.0,1165.0,16755048.3,2026-08-10 14:56:47.429834,20.0,1166.79,,,,,,,,,,,,,,7,"price_volume, live_market, summary, top_gainers, top_losers, nepse_index, supply_demand",5501
2026-08-10T14:58:10.998999+05:45,2026-08-10 14:58:10,live_market,live_market_57,True,cloud_automated,Monday - Trading Hours: 11:00 AM - 3:00 PM NPT,2804,Samudayik Laghubitta Bittiya Sanstha Limited,SLBSL,58.0,3900.0,954.1,-2.85,982.1,,965.0,990.0,950.0,3749571.3,2026-08-10 14:56:47.250023,25.0,961.43,,,,,,,,,,,,,,7,"price_volume, live_market, summary, top_gainers, top_losers, nepse_index, supply_demand",5501
2026-08-10T14:58:10.998999+05:45,2026-08-10 14:58:10,live_market,live_market_58,True,cloud_automated,Monday - Trading Hours: 11:00 AM - 3:00 PM NPT,9213,Hathway Investment Nepal Limited,HATHY,58.0,7052.0,680.0,-1.88,693.0,,705.0,705.0,680.0,4829216.8,2026-08-10 14:56:47.215758,5.0,684.8,,,,,,,,,,,,,,7,"price_volume, live_market, summary, top_gainers, top_losers, nepse_index, supply_demand",5501
2026-08-10T14:58:10.998999+05:45,2026-08-10 14:58:10,live_market,live_market_59,True,cloud_automated,Monday - Trading Hours: 11:00 AM - 3:00 PM NPT,686,Barun Hydropower Co. Ltd.,BARUN,58.0,9924.0,319.0,-0.68,321.2,,318.2,322.9,318.0,3168332.7,2026-08-10 14:56:47.00977,20.0,319.26,,,,,,,,,,,,,,7,"price_volume, live_market, summary, top_gainers, top_losers, nepse_index, supply_demand",5501
2026-08-10T14:58:10.998999+05:45,2026-08-10 14:58:10,live_market,live_market_60,True,cloud_automated,Monday - Trading Hours: 11:00 AM - 3:00 PM NPT,9267,Bikash Hydropower Company Limited,BHCL,58.0,18496.0,488.2,-0.16,489.0,,485.4,497.0,483.1,9076025.8,2026-08-10 14:56:46.93734,10.0,490.7,,,,,,,,,,,,,,7,"price_volume, live_market, summary, top_gainers, top_losers, nepse_index, supply_demand",5501
2026-08-10T14:58:10.998999+05:45,2026-08-10 14:58:10,live_market,live_market_61,True,cloud_automated,Monday - Trading Hours: 11:00 AM - 3:00 PM NPT,587,Reliance Finance Ltd.,RLFL,58.0,31576.0,447.0,-1.24,452.6,,462.8,462.8,445.7,14222430.6,2026-08-10 14:56:46.427128,39.0,450.42,,,,,,,,,,,,,,7,"price_volume, live_market, summary, top_gainers, top_losers, nepse_index, supply_demand",5501
2026-08-10T14:58:10.998999+05:45,2026-08-10 14:58:10,live_market,live_market_62,True,cloud_automated,Monday - Trading Hours: 11:00 AM - 3:00 PM NPT,8021,Sahas Urja Limited,SAHAS,58.0,56290.0,670.0,-0.28,671.9,,671.9,676.9,670.0,37809028.2,2026-08-10 14:56:46.34221,40.0,671.68,,,,,,,,,,,,,,7,"price_volume, live_market, summary, top_gainers, top_losers, nepse_index, supply_demand",5501
2026-08-10T14:58:10.998999+05:45,2026-08-10 14:58:10,live_market,live_market_63,True,cloud_automated,Monday - Trading Hours: 11:00 AM - 3:00 PM NPT,9296,Bungal Hydro Limited,BUNGAL,58.0,16153.0,588.0,0.55,584.8,,581.0,590.0,580.0,9425260.0,2026-08-10 14:56:46.229127,250.0,583.5,,,,,,,,,,,,,,7,"price_volume, live_market, summary, top_gainers, top_losers, nepse_index, supply_demand",5501
2026-08-10T14:58:10.998999+05:45,2026-08-10 14:58:10,live_market,live_market_64,True,cloud_automated,Monday - Trading Hours: 11:00 AM - 3:00 PM NPT,152,National Hydro Power Company Limited,NHPC,58.0,209121.0,274.0,0.37,273.0,,260.0,278.0,260.0,57114765.4,2026-08-10 14:56:46.205186,50.0,273.12,,,,,,,,,,,,,,7,"price_volume, live_market, summary, top_gainers, top_losers, nepse_index, supply_demand",5501
2026-08-10T14:58:10.998999+05:45,2026-08-10 14:58:10,live_market,live_market_65,True,cloud_automated,Monday - Trading Hours: 11:00 AM - 3:00 PM NPT,9181,Rawa Energy Development Limited,RAWA,58.0,11616.0,418.0,-0.48,420.0,,429.0,429.0,412.5,4832505.7,2026-08-10 14:56:46.143089,90.0,416.02,,,,,,,,,,,,,,7,"price_volume, live_market, summary, top_gainers, top_losers, nepse_index, supply_demand",5501
2026-08-10T14:58:10.998999+05:45,2026-08-10 14:58:10,live_market,live_market_66,True,cloud_automated,Monday - Trading Hours: 11:00 AM - 3:00 PM NPT,471,Multipurpose Finance Company  Limited,MPFL,58.0,8550.0,615.0,0.33,613.0,,610.0,616.0,610.0,5238814.2,2026-08-10 14:56:45.793613,500.0,612.73,,,,,,,,,,,,,,7,"price_volume, live_market, summary, top_gainers, top_losers, nepse_index, supply_demand",5501
2026-08-10T14:58:10.998999+05:45,2026-08-10 14:58:10,live_market,live_market_67,True,cloud_automated,Monday - Trading Hours: 11:00 AM - 3:00 PM NPT,2887,NIC ASIA Laghubitta Bittiya Sanstha Limited,NICLBSL,58.0,4120.0,543.1,-0.71,547.0,,545.1,553.9,542.0,2243058.6,2026-08-10 14:56:45.75239,10.0,544.43,,,,,,,,,,,,,,7,"price_volume, live_market, summary, top_gainers, top_losers, nepse_index, supply_demand",5501
2026-08-10T14:58:10.998999+05:45,2026-08-10 14:58:10,live_market,live_market_68,True,cloud_automated,Monday - Trading Hours: 11:00 AM - 3:00 PM NPT,171,Sanima Bank Limited,SANIMA,58.0,46112.0,369.7,-0.08,370.0,,370.1,372.5,369.0,17064347.9,2026-08-10 14:56:45.357361,100.0,370.06,,,,,,,,,,,,,,7,"price_volume, live_market, summary, top_gainers, top_losers, nepse_index, supply_demand",5501
2026-08-10T14:58:10.998999+05:45,2026-08-10 14:58:10,live_market,live_market_69,True,cloud_automated,Monday - Trading Hours: 11:00 AM - 3:00 PM NPT,2757,Arun Kabeli Power Ltd.,AKPL,58.0,54777.0,254.0,-1.01,256.6,,254.0,259.6,253.1,13944543.4,2026-08-10 14:56:44.766396,45.0,254.57,,,,,,,,,,,,,,7,"price_volume, live_market, summary, top_gainers, top_losers, nepse_index, supply_demand",5501
2026-08-10T14:58:10.998999+05:45,2026-08-10 14:58:10,live_market,live_market_70,True,cloud_automated,Monday - Trading Hours: 11:00 AM - 3:00 PM NPT,187,Nepal Life Insurance Co. Ltd.,NLIC,58.0,17473.0,738.0,-0.24,739.8,,739.0,743.0,737.5,12907417.5,2026-08-10 14:56:44.641543,23.0,738.71,,,,,,,,,,,,,,7,"price_volume, live_market, summary, top_gainers, top_losers, nepse_index, supply_demand",5501
2026-08-10T14:58:10.998999+05:45,2026-08-10 14:58:10,live_market,live_market_71,True,cloud_automated,Monday - Trading Hours: 11:00 AM - 3:00 PM NPT,574,Sana Kisan Bikas Laghubitta Bittiya Sanstha Limited,SKBBL,58.0,8752.0,748.0,-0.25,749.9,,753.9,753.9,743.0,6527635.5,2026-08-10 14:56:44.417915,250.0,745.85,,,,,,,,,,,,,,7,"price_volume, live_market, summary, top_gainers, top_losers, nepse_index, supply_demand",5501
2026-08-10T14:58:10.998999+05:45,2026-08-10 14:58:10,live_market,live_market_72,True,cloud_automated,Monday - Trading Hours: 11:00 AM - 3:00 PM NPT,9322,Bhujung Hydropower Limited,BJHL,58.0,7860.0,675.0,-2.74,694.0,,694.0,694.0,660.0,5284214.8,2026-08-10 14:56:43.520392,15.0,672.29,,,,,,,,,,,,,,7,"price_volume, live_market, summary, top_gainers, top_losers, nepse_index, supply_demand",5501
2026-08-10T14:58:10.998999+05:45,2026-08-10 14:58:10,live_market,live_market_73,True,cloud_automated,Monday - Trading Hours: 11:00 AM - 3:00 PM NPT,8099,Upper Hewakhola Hydropower Company Limited,UHEWA,58.0,32739.0,600.0,3.09,582.0,,570.0,602.0,570.0,19451730.7,2026-08-10 14:56:42.495822,433.0,594.15,,,,,,,,,,,,,,7,"price_volume, live_market, summary, top_gainers, top_losers, nepse_index, supply_demand",5501
2026-08-10T14:58:10.998999+05:45,2026-08-10 14:58:10,live_market,live_market_74,True,cloud_automated,Monday - Trading Hours: 11:00 AM - 3:00 PM NPT,2809,SHIVAM CEMENTS LTD,SHIVM,58.0,60646.0,634.0,-0.58,637.7,,638.7,643.9,634.0,38568221.2,2026-08-10 14:56:42.417092,60.0,635.96,,,,,,,,,,,,,,7,"price_volume, live_market, summary, top_gainers, top_losers, nepse_index, supply_demand",5501
2026-08-10T14:58:10.998999+05:45,2026-08-10 14:58:10,live_market,live_market_75,True,cloud_automated,Monday - Trading Hours: 11:00 AM - 3:00 PM NPT,8065,CYC Nepal Laghubitta Bittiya Sanstha Limited,CYCL,58.0,1298.0,1278.0,-0.16,1280.0,,1216.0,1297.8,1216.0,1660764.5,2026-08-10 14:56:42.233548,13.0,1279.48,,,,,,,,,,,,,,7,"price_volume, live_market, summary, top_gainers, top_losers, nepse_index, supply_demand",5501
2026-08-10T14:58:10.998999+05:45,2026-08-10 14:58:10,live_market,live_market_76,True,cloud_automated,Monday - Trading Hours: 11:00 AM - 3:00 PM NPT,134,Himalayan Bank Limited,HBL,58.0,42689.0,195.0,0.1,194.8,,194.0,196.0,193.1,8296987.0,2026-08-10 14:56:41.92142,10.0,194.36,,,,,,,,,,,,,,7,"price_volume, live_market, summary, top_gainers, top_losers, nepse_index, supply_demand",5501
2026-08-10T14:58:10.998999+05:45,2026-08-10 14:58:10,live_market,live_market_77,True,cloud_automated,Monday - Trading Hours: 11:00 AM - 3:00 PM NPT,358,Lumbini Bikas Bank Ltd.,LBBL,58.0,15885.0,485.6,-1.28,491.9,,485.1,497.0,485.1,7725720.6,2026-08-10 14:56:38.763239,110.0,486.35,,,,,,,,,,,,,,7,"price_volume, live_market, summary, top_gainers, top_losers, nepse_index, supply_demand",5501
2026-08-10T14:58:10.998999+05:45,2026-08-10 14:58:10,live_market,live_market_78,True,cloud_automated,Monday - Trading Hours: 11:00 AM - 3:00 PM NPT,2784,Nadep Laghubittiya bittya Sanstha Ltd.,NADEP,58.0,626.0,711.2,-2.44,729.0,,729.0,729.0,711.2,449520.8,2026-08-10 14:56:38.673069,294.0,718.08,,,,,,,,,,,,,,7,"price_volume, live_market, summary, top_gainers, top_losers, nepse_index, supply_demand",5501
2026-08-10T14:58:10.998999+05:45,2026-08-10 14:58:10,live_market,live_market_79,True,cloud_automated,Monday - Trading Hours: 11:00 AM - 3:00 PM NPT,2767,Himalayan Power Partner Ltd.,HPPL,58.0,56511.0,374.1,-1.55,380.0,,377.1,379.7,373.4,21210372.4,2026-08-10 14:56:38.060516,365.0,375.33,,,,,,,,,,,,,,7,"price_volume, live_market, summary, top_gainers, top_losers, nepse_index, supply_demand",5501
2026-08-10T14:58:10.998999+05:45,2026-08-10 14:58:10,live_market,live_market_80,True,cloud_automated,Monday - Trading Hours: 11:00 AM - 3:00 PM NPT,8100,Swet-Ganga Hydropower & Construction Limited ,SGHC,58.0,40484.0,313.0,-0.73,315.3,,315.0,318.0,311.0,12696465.8,2026-08-10 14:56:37.518124,10.0,313.62,,,,,,,,,,,,,,7,"price_volume, live_market, summary, top_gainers, top_losers, nepse_index, supply_demand",5501
2026-08-10T14:58:10.998999+05:45,2026-08-10 14:58:10,live_market,live_market_81,True,cloud_automated,Monday - Trading Hours: 11:00 AM - 3:00 PM NPT,9173,City Hotel Limited,CITY,58.0,55320.0,367.0,-1.08,371.0,,370.0,380.0,365.4,20422198.3,2026-08-10 14:56:37.176338,10.0,369.16,,,,,,,,,,,,,,7,"price_volume, live_market, summary, top_gainers, top_losers, nepse_index, supply_demand",5501
2026-08-10T14:58:10.998999+05:45,2026-08-10 14:58:10,live_market,live_market_82,True,cloud_automated,Monday - Trading Hours: 11:00 AM - 3:00 PM NPT,2768,Mahuli Laghubitta Bittiya Sanstha Limited,MSLB,58.0,1285.0,1250.0,-0.64,1258.0,,1260.0,1265.0,1250.0,1612434.0,2026-08-10 14:56:37.016816,85.0,1254.81,,,,,,,,,,,,,,7,"price_volume, live_market, summary, top_gainers, top_losers, nepse_index, supply_demand",5501
2026-08-10T14:58:10.998999+05:45,2026-08-10 14:58:10,live_market,live_market_83,True,cloud_automated,Monday - Trading Hours: 11:00 AM - 3:00 PM NPT,9325,Suryakunda Hydro Electric Limited,SKHEL,58.0,925.0,969.2,-2.1,990.0,,970.0,971.0,966.0,896896.0,2026-08-10 14:56:36.246975,10.0,969.62,,,,,,,,,,,,,,7,"price_volume, live_market, summary, top_gainers, top_losers, nepse_index, supply_demand",5501
2026-08-10T14:58:10.998999+05:45,2026-08-10 14:58:10,live_market,live_market_84,True,cloud_automated,Monday - Trading Hours: 11:00 AM - 3:00 PM NPT,9170,Dolti Power Company Limited,DOLTI,58.0,12408.0,319.3,-0.22,320.0,,322.0,322.0,316.1,3962736.7,2026-08-10 14:56:36.119028,803.0,319.37,,,,,,,,,,,,,,7,"price_volume, live_market, summary, top_gainers, top_losers, nepse_index, supply_demand",5501
2026-08-10T14:58:10.998999+05:45,2026-08-10 14:58:10,live_market,live_market_85,True,cloud_automated,Monday - Trading Hours: 11:00 AM - 3:00 PM NPT,338,Progressive Finance Limited,PROFL,58.0,4235.0,419.0,-0.24,420.0,,420.0,426.0,419.0,1779578.6,2026-08-10 14:56:35.755903,130.0,420.21,,,,,,,,,,,,,,7,"price_volume, live_market, summary, top_gainers, top_losers, nepse_index, supply_demand",5501
2026-08-10T14:58:10.998999+05:45,2026-08-10 14:58:10,live_market,live_market_86,True,cloud_automated,Monday - Trading Hours: 11:00 AM - 3:00 PM NPT,2751,Khanikhola Hydropower Co. Ltd.,KKHC,58.0,229796.0,320.0,-0.93,323.0,,320.0,324.8,317.4,73507287.0,2026-08-10 14:56:34.335849,100.0,319.88,,,,,,,,,,,,,,7,"price_volume, live_market, summary, top_gainers, top_losers, nepse_index, supply_demand",5501
2026-08-10T14:58:10.998999+05:45,2026-08-10 14:58:10,live_market,live_market_87,True,cloud_automated,Monday - Trading Hours: 11:00 AM - 3:00 PM NPT,9262,Trade Tower Limited,TTL,58.0,7780.0,714.1,0.58,710.0,,710.0,720.0,700.4,5520599.7,2026-08-10 14:56:34.28816,10.0,709.59,,,,,,,,,,,,,,7,"price_volume, live_market, summary, top_gainers, top_losers, nepse_index, supply_demand",5501
2026-08-10T14:58:10.998999+05:45,2026-08-10 14:58:10,live_market,live_market_88,True,cloud_automated,Monday - Trading Hours: 11:00 AM - 3:00 PM NPT,9348,Siddhartha Equity Fund 2,SEF2,58.0,27880.0,9.02,-1.42,9.15,,9.0,9.2,8.96,252323.1,2026-08-10 14:56:32.259777,100.0,9.05,,,,,,,,,,,,,,7,"price_volume, live_market, summary, top_gainers, top_losers, nepse_index, supply_demand",5501
2026-08-10T14:58:10.998999+05:45,2026-08-10 14:58:10,live_market,live_market_89,True,cloud_automated,Monday - Trading Hours: 11:00 AM - 3:00 PM NPT,9252,Crest Micro Life Insurance Limited,CREST,58.0,4275.0,1173.2,-1.33,1189.0,,1174.0,1244.0,1140.0,5033371.0,2026-08-10 14:56:30.850243,10.0,1177.4,,,,,,,,,,,,,,7,"price_volume, live_market, summary, top_gainers, top_losers, nepse_index, supply_demand",5501
2026-08-10T14:58:10.998999+05:45,2026-08-10 14:58:10,live_market,live_market_90,True,cloud_automated,Monday - Trading Hours: 11:00 AM - 3:00 PM NPT,2907,Shiva Shree Hydropower Ltd,SSHL,58.0,55033.0,200.2,-0.05,200.3,,205.0,205.0,200.0,11058086.5,2026-08-10 14:56:30.484618,825.0,200.94,,,,,,,,,,,,,,7,"price_volume, live_market, summary, top_gainers, top_losers, nepse_index, supply_demand",5501
2026-08-10T14:58:10.998999+05:45,2026-08-10 14:58:10,live_market,live_market_91,True,cloud_automated,Monday - Trading Hours: 11:00 AM - 3:00 PM NPT,2776,Radhi Bidyut Company Ltd,RADHI,58.0,17107.0,706.0,-0.7,711.0,,710.9,724.0,704.1,12104492.0,2026-08-10 14:56:27.380117,80.0,707.58,,,,,,,,,,,,,,7,"price_volume, live_market, summary, top_gainers, top_losers, nepse_index, supply_demand",5501
2026-08-10T14:58:10.998999+05:45,2026-08-10 14:58:10,live_market,live_market_92,True,cloud_automated,Monday - Trading Hours: 11:00 AM - 3:00 PM NPT,2811,Mountain Hydro Nepal Limited,MHNL,58.0,7606.0,238.1,-1.61,242.0,,241.0,241.5,236.2,1812410.4,2026-08-10 14:56:27.346371,30.0,238.29,,,,,,,,,,,,,,7,"price_volume, live_market, summary, top_gainers, top_losers, nepse_index, supply_demand",5501
2026-08-10T14:58:10.998999+05:45,2026-08-10 14:58:10,live_market,live_market_93,True,cloud_automated,Monday - Trading Hours: 11:00 AM - 3:00 PM NPT,210,Citizen Investment Trust,CIT,58.0,3547.0,1697.0,-0.75,1709.9,,1710.1,1718.0,1695.0,6025363.0,2026-08-10 14:56:26.814478,20.0,1698.72,,,,,,,,,,,,,,7,"price_volume, live_market, summary, top_gainers, top_losers, nepse_index, supply_demand",5501
2026-08-10T14:58:10.998999+05:45,2026-08-10 14:58:10,live_market,live_market_94,True,cloud_automated,Monday - Trading Hours: 11:00 AM - 3:00 PM NPT,397,Agricultural Development Bank Limited,ADBL,58.0,40680.0,304.0,-1.27,307.9,,311.0,311.0,301.0,12314340.3,2026-08-10 14:56:24.981074,290.0,302.71,,,,,,,,,,,,,,7,"price_volume, live_market, summary, top_gainers, top_losers, nepse_index, supply_demand",5501
2026-08-10T14:58:10.998999+05:45,2026-08-10 14:58:10,live_market,live_market_95,True,cloud_automated,Monday - Trading Hours: 11:00 AM - 3:00 PM NPT,2748,RSDC Laghubitta Bittiya Sanstha Ltd.,RSDC,58.0,7291.0,655.0,2.66,638.0,,636.0,663.0,630.0,4714968.3,2026-08-10 14:56:24.899646,50.0,646.68,,,,,,,,,,,,,,7,"price_volume, live_market, summary, top_gainers, top_losers, nepse_index, supply_demand",5501
2026-08-10T14:58:10.998999+05:45,2026-08-10 14:58:10,live_market,live_market_96,True,cloud_automated,Monday - Trading Hours: 11:00 AM - 3:00 PM NPT,8031,Madhya Bhotekoshi Jalavidyut Company Limited,MBJC,58.0,10729.0,265.2,-0.67,267.0,,267.0,273.9,263.1,2846920.3,2026-08-10 14:56:24.71527,10.0,265.35,,,,,,,,,,,,,,7,"price_volume, live_market, summary, top_gainers, top_losers, nepse_index, supply_demand",5501
2026-08-10T14:58:10.998999+05:45,2026-08-10 14:58:10,live_market,live_market_97,True,cloud_automated,Monday - Trading Hours: 11:00 AM - 3:00 PM NPT,9171,Bhugol Energy Development Company Limited,BEDC,58.0,12699.0,320.0,-0.93,323.0,,320.0,323.0,318.1,4056867.2,2026-08-10 14:56:24.620972,130.0,319.46,,,,,,,,,,,,,,7,"price_volume, live_market, summary, top_gainers, top_losers, nepse_index, supply_demand",5501
2026-08-10T14:58:10.998999+05:45,2026-08-10 14:58:10,live_market,live_market_98,True,cloud_automated,Monday - Trading Hours: 11:00 AM - 3:00 PM NPT,601,Mithila LaghuBitta Bittiya Sanstha Limited,MLBBL,58.0,387.0,1120.0,0.09,1119.0,,1120.0,1133.0,1111.6,433110.2,2026-08-10 14:56:24.506687,1.0,1119.15,,,,,,,,,,,,,,7,"price_volume, live_market, summary, top_gainers, top_losers, nepse_index, supply_demand",5501
2026-08-10T14:58:10.998999+05:45,2026-08-10 14:58:10,live_market,live_market_99,True,cloud_automated,Monday - Trading Hours: 11:00 AM - 3:00 PM NPT,9250,Nepal Micro Insurance Company Limited,NMIC,58.0,1809.0,900.0,-1.1,910.0,,900.0,913.0,894.0,1625495.1,2026-08-10 14:56:24.13165,10.0,898.56,,,,,,,,,,,,,,7,"price_volume, live_market, summary, top_gainers, top_losers, nepse_index, supply_demand",5501
2026-08-10T14:58:10.998999+05:45,2026-08-10 14:58:10,live_market,live_market_100,True,cloud_automated,Monday - Trading Hours: 11:00 AM - 3:00 PM NPT,2746,National Laghubitta Bittiya Sanstha Limited,NMFBS,58.0,1053.0,1104.0,0.24,1101.4,,1098.0,1104.5,1091.3,1157036.9,2026-08-10 14:56:22.919085,206.0,1098.8,,,,,,,,,,,,,,7,"price_volume, live_market, summary, top_gainers, top_losers, nepse_index, supply_demand",5501
2026-08-10T14:58:10.998999+05:45,2026-08-10 14:58:10,live_market,live_market_101,True,cloud_automated,Monday - Trading Hours: 11:00 AM - 3:00 PM NPT,8076,Himalayan Hydropower Limited,HHL,58.0,8013.0,332.0,-1.48,337.0,,334.0,340.0,330.0,2666223.0,2026-08-10 14:56:22.892092,140.0,332.74,,,,,,,,,,,,,,7,"price_volume, live_market, summary, top_gainers, top_losers, nepse_index, supply_demand",5501
2026-08-10T14:58:10.998999+05:45,2026-08-10 14:58:10,live_market,live_market_102,True,cloud_automated,Monday - Trading Hours: 11:00 AM - 3:00 PM NPT,9308,Hotel Forest Inn Limited,HFIN,58.0,19998.0,688.2,-1.55,699.0,,690.1,698.0,682.0,13767675.3,2026-08-10 14:56:21.998057,10.0,688.45,,,,,,,,,,,,,,7,"price_volume, live_market, summary, top_gainers, top_losers, nepse_index, supply_demand",5501
2026-08-10T14:58:10.998999+05:45,2026-08-10 14:58:10,live_market,live_market_103,True,cloud_automated,Monday - Trading Hours: 11:00 AM - 3:00 PM NPT,9193,Ghorahi Cement Industry Limited,GCIL,58.0,5146.0,345.0,0.0,345.0,,340.0,348.0,340.0,1776240.4,2026-08-10 14:56:21.935858,12.0,345.17,,,,,,,,,,,,,,7,"price_volume, live_market, summary, top_gainers, top_losers, nepse_index, supply_demand",5501
2026-08-10T14:58:10.998999+05:45,2026-08-10 14:58:10,live_market,live_market_104,True,cloud_automated,Monday - Trading Hours: 11:00 AM - 3:00 PM NPT,2917,Chandragiri Hills Limited,CGH,58.0,2387.0,776.0,-1.16,785.1,,778.0,785.0,776.0,1857475.0,2026-08-10 14:56:21.858152,135.0,778.16,,,,,,,,,,,,,,7,"price_volume, live_market, summary, top_gainers, top_losers, nepse_index, supply_demand",5501
2026-08-10T14:58:10.998999+05:45,2026-08-10 14:58:10,live_market,live_market_105,True,cloud_automated,Monday - Trading Hours: 11:00 AM - 3:00 PM NPT,140,Machhapuchhre Bank Limited,MBL,58.0,75069.0,250.2,-1.88,255.0,,254.7,254.7,250.0,18869498.4,2026-08-10 14:56:21.830535,2156.0,251.36,,,,,,,,,,,,,,7,"price_volume, live_market, summary, top_gainers, top_losers, nepse_index, supply_demand",5501
2026-08-10T14:58:10.998999+05:45,2026-08-10 14:58:10,live_market,live_market_106,True,cloud_automated,Monday - Trading Hours: 11:00 AM - 3:00 PM NPT,9201,Sun Nepal Life Insurance Company Limited,SNLI,58.0,11151.0,412.0,-0.48,414.0,,414.0,415.0,411.1,4600291.3,2026-08-10 14:56:21.704765,100.0,412.55,,,,,,,,,,,,,,7,"price_volume, live_market, summary, top_gainers, top_losers, nepse_index, supply_demand",5501
2026-08-10T14:58:10.998999+05:45,2026-08-10 14:58:10,live_market,live_market_107,True,cloud_automated,Monday - Trading Hours: 11:00 AM - 3:00 PM NPT,9203,Manakamana Engineering Hydropower Limited,MEHL,58.0,3958.0,287.0,-3.04,296.0,,298.0,300.0,286.0,1157686.0,2026-08-10 14:56:20.997283,15.0,292.49,,,,,,,,,,,,,,7,"price_volume, live_market, summary, top_gainers, top_losers, nepse_index, supply_demand",5501
2026-08-10T14:58:10.998999+05:45,2026-08-10 14:58:10,live_market,live_market_108,True,cloud_automated,Monday - Trading Hours: 11:00 AM - 3:00 PM NPT,137,Everest Bank Limited,EBL,58.0,34750.0,715.0,-1.11,723.0,,730.0,730.0,714.0,24897245.5,2026-08-10 14:56:20.837151,40.0,716.47,,,,,,,,,,,,,,7,"price_volume, live_market, summary, top_gainers, top_losers, nepse_index, supply_demand",5501
2026-08-10T14:58:10.998999+05:45,2026-08-10 14:58:10,live_market,live_market_109,True,cloud_automated,Monday - Trading Hours: 11:00 AM - 3:00 PM NPT,227,Best Finance Company Ltd.,BFC,58.0,22310.0,490.0,-0.81,494.0,,494.2,499.0,490.0,11003555.5,2026-08-10 14:56:20.359641,283.0,493.21,,,,,,,,,,,,,,7,"price_volume, live_market, summary, top_gainers, top_losers, nepse_index, supply_demand",5501
2026-08-10T14:58:10.998999+05:45,2026-08-10 14:58:10,live_market,live_market_110,True,cloud_automated,Monday - Trading Hours: 11:00 AM - 3:00 PM NPT,8055,Balephi Hydropower Limited,BHL,58.0,63216.0,207.0,-0.91,208.9,,209.0,210.0,206.2,13086432.6,2026-08-10 14:56:19.467625,200.0,207.01,,,,,,,,,,,,,,7,"price_volume, live_market, summary, top_gainers, top_losers, nepse_index, supply_demand",5501
2026-08-10T14:58:10.998999+05:45,2026-08-10 14:58:10,live_market,live_market_111,True,cloud_automated,Monday - Trading Hours: 11:00 AM - 3:00 PM NPT,2742,Hydorelectricity Investment and Development Company Ltd,HIDCL,58.0,39558.0,251.5,-0.98,254.0,,252.6,254.0,251.0,9979820.2,2026-08-10 14:56:16.980278,17.0,252.28,,,,,,,,,,,,,,7,"price_volume, live_market, summary, top_gainers, top_losers, nepse_index, supply_demand",5501
2026-08-10T14:58:10.998999+05:45,2026-08-10 14:58:10,live_market,live_market_112,True,cloud_automated,Monday - Trading Hours: 11:00 AM - 3:00 PM NPT,9349,Sanima Equity Fund-2,SAEF2,58.0,6800.0,9.26,-2.53,9.5,,9.22,9.4,9.15,62668.0,2026-08-10 14:56:15.677736,100.0,9.22,,,,,,,,,,,,,,7,"price_volume, live_market, summary, top_gainers, top_losers, nepse_index, supply_demand",5501
2026-08-10T14:58:10.998999+05:45,2026-08-10 14:58:10,live_market,live_market_113,True,cloud_automated,Monday - Trading Hours: 11:00 AM - 3:00 PM NPT,360,Arun Valley Hydropower Development Co. Ltd.,AHPC,58.0,27736.0,265.0,-0.34,265.9,,265.5,269.6,263.2,7342348.7,2026-08-10 14:56:15.620511,72.0,264.72,,,,,,,,,,,,,,7,"price_volume, live_market, summary, top_gainers, top_losers, nepse_index, supply_demand",5501
2026-08-10T14:58:10.998999+05:45,2026-08-10 14:58:10,live_market,live_market_114,True,cloud_automated,Monday - Trading Hours: 11:00 AM - 3:00 PM NPT,185,Sagarmatha Lumbini Insurance Co. Limited,SALICO,58.0,2932.0,589.0,0.0,589.0,,590.0,590.0,588.0,1725269.5,2026-08-10 14:56:15.537412,83.0,588.43,,,,,,,,,,,,,,7,"price_volume, live_market, summary, top_gainers, top_losers, nepse_index, supply_demand",5501
2026-08-10T14:58:10.998999+05:45,2026-08-10 14:58:10,live_market,live_market_115,True,cloud_automated,Monday - Trading Hours: 11:00 AM - 3:00 PM NPT,2898,NRN Infrastructure and Development Limited,NRN,58.0,37147.0,1375.2,0.31,1371.0,,1360.0,1390.0,1360.0,50876952.2,2026-08-10 14:56:14.830409,520.0,1369.61,,,,,,,,,,,,,,7,"price_volume, live_market, summary, top_gainers, top_losers, nepse_index, supply_demand",5501
2026-08-10T14:58:10.998999+05:45,2026-08-10 14:58:10,live_market,live_market_116,True,cloud_automated,Monday - Trading Hours: 11:00 AM - 3:00 PM NPT,9146,Super Madi Hydropower Limited,SMHL,58.0,32385.0,492.8,-0.24,494.0,,494.0,495.0,492.7,15984013.2,2026-08-10 14:56:14.291816,11.0,493.56,,,,,,,,,,,,,,7,"price_volume, live_market, summary, top_gainers, top_losers, nepse_index, supply_demand",5501
2026-08-10T14:58:10.998999+05:45,2026-08-10 14:58:10,live_market,live_market_117,True,cloud_automated,Monday - Trading Hours: 11:00 AM - 3:00 PM NPT,5982,Sanima Reliance Life Insurance Limited,SRLI,58.0,36498.0,368.5,-1.47,374.0,,370.1,373.7,366.1,13424576.7,2026-08-10 14:56:13.822222,15.0,367.82,,,,,,,,,,,,,,7,"price_volume, live_market, summary, top_gainers, top_losers, nepse_index, supply_demand",5501
2026-08-10T14:58:10.998999+05:45,2026-08-10 14:58:10,live_market,live_market_118,True,cloud_automated,Monday - Trading Hours: 11:00 AM - 3:00 PM NPT,357,Prime Commercial Bank Ltd.,PCBL,58.0,18616.0,237.6,-1.0,240.0,,243.8,243.8,237.4,4431940.2,2026-08-10 14:56:13.017202,2000.0,238.07,,,,,,,,,,,,,,7,"price_volume, live_market, summary, top_gainers, top_losers, nepse_index, supply_demand",5501
2026-08-10T14:58:10.998999+05:45,2026-08-10 14:58:10,live_market,live_market_119,True,cloud_automated,Monday - Trading Hours: 11:00 AM - 3:00 PM NPT,9159,Sagarmatha Jalabidhyut Company Limited,SMJC,58.0,23267.0,441.2,-3.67,458.0,,450.0,450.0,441.2,10349322.7,2026-08-10 14:56:12.727661,55.0,444.81,,,,,,,,,,,,,,7,"price_volume, live_market, summary, top_gainers, top_losers, nepse_index, supply_demand",5501
2026-08-10T14:58:10.998999+05:45,2026-08-10 14:58:10,live_market,live_market_120,True,cloud_automated,Monday - Trading Hours: 11:00 AM - 3:00 PM NPT,9161,Aatmanirbhar Laghubitta Bittiya Sanstha Limited,ANLB,58.0,2586.0,5365.0,-10.57,5999.0,,5819.1,5819.1,5311.8,13895413.8,2026-08-10 14:56:11.609729,88.0,5373.32,,,,,,,,,,,,,,7,"price_volume, live_market, summary, top_gainers, top_losers, nepse_index, supply_demand",5501
2026-08-10T14:58:10.998999+05:45,2026-08-10 14:58:10,live_market,live_market_121,True,cloud_automated,Monday - Trading Hours: 11:00 AM - 3:00 PM NPT,472,Shangrila Development Bank Ltd.,SADBL,58.0,15687.0,408.0,-0.1,408.4,,408.0,412.0,405.3,6398553.5,2026-08-10 14:56:11.51822,200.0,407.89,,,,,,,,,,,,,,7,"price_volume, live_market, summary, top_gainers, top_losers, nepse_index, supply_demand",5501
2026-08-10T14:58:10.998999+05:45,2026-08-10 14:58:10,live_market,live_market_122,True,cloud_automated,Monday - Trading Hours: 11:00 AM - 3:00 PM NPT,172,Narayani Development Bank Limited,NABBC,58.0,22272.0,814.9,-1.27,825.4,,825.2,832.0,812.0,18332937.9,2026-08-10 14:56:10.373106,20.0,823.14,,,,,,,,,,,,,,7,"price_volume, live_market, summary, top_gainers, top_losers, nepse_index, supply_demand",5501
2026-08-10T14:58:10.998999+05:45,2026-08-10 14:58:10,live_market,live_market_123,True,cloud_automated,Monday - Trading Hours: 11:00 AM - 3:00 PM NPT,153,Butwal Power Company Limited,BPCL,58.0,14050.0,642.0,-1.23,650.0,,650.0,650.0,638.0,9015374.0,2026-08-10 14:56:10.221463,25.0,641.66,,,,,,,,,,,,,,7,"price_volume, live_market, summary, top_gainers, top_losers, nepse_index, supply_demand",5501
2026-08-10T14:58:10.998999+05:45,2026-08-10 14:58:10,live_market,live_market_124,True,cloud_automated,Monday - Trading Hours: 11:00 AM - 3:00 PM NPT,8070,Dordi Khola Jal Bidyut Company Limited,DORDI,58.0,16602.0,248.3,0.53,247.0,,250.0,252.0,247.3,4131461.1,2026-08-10 14:56:09.65264,20.0,248.85,,,,,,,,,,,,,,7,"price_volume, live_market, summary, top_gainers, top_losers, nepse_index, supply_demand",5501
2026-08-10T14:58:10.998999+05:45,2026-08-10 14:58:10,live_market,live_market_125,True,cloud_automated,Monday - Trading Hours: 11:00 AM - 3:00 PM NPT,2789,Joshi Hydropower Development Company Ltd,JOSHI,58.0,37150.0,279.0,-1.41,283.0,,287.0,287.0,277.0,10399386.1,2026-08-10 14:56:06.70158,550.0,279.93,,,,,,,,,,,,,,7,"price_volume, live_market, summary, top_gainers, top_losers, nepse_index, supply_demand",5501
2026-08-10T14:58:10.998999+05:45,2026-08-10 14:58:10,live_market,live_market_126,True,cloud_automated,Monday - Trading Hours: 11:00 AM - 3:00 PM NPT,9248,Garima Samriddhi Yojana,GSY,58.0,3700.0,9.51,-0.11,9.52,,9.51,9.55,9.51,35197.0,2026-08-10 14:56:06.409708,100.0,9.51,,,,,,,,,,,,,,7,"price_volume, live_market, summary, top_gainers, top_losers, nepse_index, supply_demand",5501
2026-08-10T14:58:10.998999+05:45,2026-08-10 14:58:10,live_market,live_market_127,True,cloud_automated,Monday - Trading Hours: 11:00 AM - 3:00 PM NPT,9166,Makar Jitumaya Suri Hydropower Limited,MAKAR,58.0,14980.0,425.5,-1.0,429.8,,430.0,433.9,425.0,6388998.8,2026-08-10 14:56:06.284463,150.0,426.5,,,,,,,,,,,,,,7,"price_volume, live_market, summary, top_gainers, top_losers, nepse_index, supply_demand",5501
2026-08-10T14:58:10.998999+05:45,2026-08-10 14:58:10,live_market,live_market_128,True,cloud_automated,Monday - Trading Hours: 11:00 AM - 3:00 PM NPT,307,Nepal Doorsanchar Company Limited,NTC,58.0,6125.0,862.0,-0.22,863.9,,864.0,872.0,860.0,5283678.8,2026-08-10 14:56:06.25183,10.0,862.64,,,,,,,,,,,,,,7,"price_volume, live_market, summary, top_gainers, top_losers, nepse_index, supply_demand",5501
2026-08-10T14:58:10.998999+05:45,2026-08-10 14:58:10,live_market,live_market_129,True,cloud_automated,Monday - Trading Hours: 11:00 AM - 3:00 PM NPT,2815,Ganapati Laghubitta Bittiya Sanstha Limited,GMFBS,58.0,987.0,1140.0,-1.21,1154.0,,1188.0,1188.0,1140.0,1135134.4,2026-08-10 14:56:05.85765,32.0,1150.09,,,,,,,,,,,,,,7,"price_volume, live_market, summary, top_gainers, top_losers, nepse_index, supply_demand",5501
2026-08-10T14:58:10.998999+05:45,2026-08-10 14:58:10,live_market,live_market_130,True,cloud_automated,Monday - Trading Hours: 11:00 AM - 3:00 PM NPT,9216,Sonapur Minerals And Oil Limited,SONA,58.0,6869.0,404.2,-0.93,408.0,,405.0,408.0,403.0,2775225.9,2026-08-10 14:56:05.394085,10.0,404.02,,,,,,,,,,,,,,7,"price_volume, live_market, summary, top_gainers, top_losers, nepse_index, supply_demand",5501
2026-08-10T14:58:10.998999+05:45,2026-08-10 14:58:10,live_market,live_market_131,True,cloud_automated,Monday - Trading Hours: 11:00 AM - 3:00 PM NPT,4951,Jeevan Bikas Laghubitta  Bittya Sanstha Ltd,JBLB,58.0,2213.0,1255.0,-0.46,1260.8,,1257.0,1265.0,1250.0,2775180.8,2026-08-10 14:56:04.048002,40.0,1254.04,,,,,,,,,,,,,,7,"price_volume, live_market, summary, top_gainers, top_losers, nepse_index, supply_demand",5501
2026-08-10T14:58:10.998999+05:45,2026-08-10 14:58:10,live_market,live_market_132,True,cloud_automated,Monday - Trading Hours: 11:00 AM - 3:00 PM NPT,2919,Nepal Infrastructure Bank Limited,NIFRA,58.0,47120.0,244.0,-0.45,245.1,,245.0,246.1,243.0,11499539.2,2026-08-10 14:56:03.340295,200.0,244.05,,,,,,,,,,,,,,7,"price_volume, live_market, summary, top_gainers, top_losers, nepse_index, supply_demand",5501
2026-08-10T14:58:10.998999+05:45,2026-08-10 14:58:10,live_market,live_market_133,True,cloud_automated,Monday - Trading Hours: 11:00 AM - 3:00 PM NPT,9337,Appolo Hydropower Limited,APHL,58.0,6773.0,828.6,0.07,828.0,,824.0,834.8,812.0,5605340.5,2026-08-10 14:56:02.026946,10.0,827.6,,,,,,,,,,,,,,7,"price_volume, live_market, summary, top_gainers, top_losers, nepse_index, supply_demand",5501
2026-08-10T14:58:10.998999+05:45,2026-08-10 14:58:10,live_market,live_market_134,True,cloud_automated,Monday - Trading Hours: 11:00 AM - 3:00 PM NPT,8131,Eastern Hydropower Limited,EHPL,58.0,19641.0,338.4,-1.63,344.0,,361.2,361.2,328.0,6548551.7,2026-08-10 14:56:01.9047,10.0,333.41,,,,,,,,,,,,,,7,"price_volume, live_market, summary, top_gainers, top_losers, nepse_index, supply_demand",5501
2026-08-10T14:58:10.998999+05:45,2026-08-10 14:58:10,live_market,live_market_135,True,cloud_automated,Monday - Trading Hours: 11:00 AM - 3:00 PM NPT,232,Goodwill Finance Limited,GFCL,58.0,8994.0,600.0,-0.83,605.0,,603.0,605.0,600.0,5412704.4,2026-08-10 14:56:01.197951,27.0,601.81,,,,,,,,,,,,,,7,"price_volume, live_market, summary, top_gainers, top_losers, nepse_index, supply_demand",5501
2026-08-10T14:58:10.998999+05:45,2026-08-10 14:58:10,live_market,live_market_136,True,cloud_automated,Monday - Trading Hours: 11:00 AM - 3:00 PM NPT,9323,Super Khudi Hydropower Limited,SKHL,58.0,7407.0,870.0,-2.25,890.0,,880.0,950.0,840.0,6512537.7,2026-08-10 14:56:01.014292,60.0,879.24,,,,,,,,,,,,,,7,"price_volume, live_market, summary, top_gainers, top_losers, nepse_index, supply_demand",5501
2026-08-10T14:58:10.998999+05:45,2026-08-10 14:58:10,live_market,live_market_137,True,cloud_automated,Monday - Trading Hours: 11:00 AM - 3:00 PM NPT,704,NMB  Microfinance Bittiya Sanstha Ltd.,NMBMF,58.0,296.0,602.5,-2.19,616.0,,607.0,615.0,602.5,180429.0,2026-08-10 14:56:00.928699,26.0,609.56,,,,,,,,,,,,,,7,"price_volume, live_market, summary, top_gainers, top_losers, nepse_index, supply_demand",5501
2026-08-10T14:58:10.998999+05:45,2026-08-10 14:58:10,live_market,live_market_138,True,cloud_automated,Monday - Trading Hours: 11:00 AM - 3:00 PM NPT,9293,Daramkhola Hydro Energy Limited,DHEL,58.0,61532.0,606.0,3.61,584.9,,561.0,614.0,561.0,37002290.1,2026-08-10 14:56:00.806931,10.0,601.35,,,,,,,,,,,,,,7,"price_volume, live_market, summary, top_gainers, top_losers, nepse_index, supply_demand",5501
2026-08-10T14:58:10.998999+05:45,2026-08-10 14:58:10,live_market,live_market_139,True,cloud_automated,Monday - Trading Hours: 11:00 AM - 3:00 PM NPT,473,Shine Resunga Development Bank Ltd.,SHINE,58.0,13003.0,407.0,-0.05,407.2,,408.0,410.0,406.0,5301885.2,2026-08-10 14:56:00.616461,49.0,407.74,,,,,,,,,,,,,,7,"price_volume, live_market, summary, top_gainers, top_losers, nepse_index, supply_demand",5501
2026-08-10T14:58:10.998999+05:45,2026-08-10 14:58:10,live_market,live_market_140,True,cloud_automated,Monday - Trading Hours: 11:00 AM - 3:00 PM NPT,250,Janaki Finance Company Limited,JFL,58.0,4155.0,382.5,-0.52,384.5,,385.0,389.0,378.0,1587782.5,2026-08-10 14:55:58.315012,100.0,382.14,,,,,,,,,,,,,,7,"price_volume, live_market, summary, top_gainers, top_losers, nepse_index, supply_demand",5501
2026-08-10T14:58:10.998999+05:45,2026-08-10 14:58:10,live_market,live_market_141,True,cloud_automated,Monday - Trading Hours: 11:00 AM - 3:00 PM NPT,147,Soaltee Hotel Limited,SHL,58.0,11193.0,498.0,-0.22,499.1,,499.0,501.0,497.3,5580042.5,2026-08-10 14:55:56.588259,106.0,498.53,,,,,,,,,,,,,,7,"price_volume, live_market, summary, top_gainers, top_losers, nepse_index, supply_demand",5501
2026-08-10T14:58:10.998999+05:45,2026-08-10 14:58:10,live_market,live_market_142,True,cloud_automated,Monday - Trading Hours: 11:00 AM - 3:00 PM NPT,8005,Mailung Khola Jal Vidhyut Company Limited,MKJC,58.0,2595.0,455.0,0.44,453.0,,450.2,460.0,450.2,1173203.6,2026-08-10 14:55:55.038624,55.0,452.1,,,,,,,,,,,,,,7,"price_volume, live_market, summary, top_gainers, top_losers, nepse_index, supply_demand",5501
2026-08-10T14:58:10.998999+05:45,2026-08-10 14:58:10,live_market,live_market_143,True,cloud_automated,Monday - Trading Hours: 11:00 AM - 3:00 PM NPT,385,Asian Life Insurance Co. Limited,ALICL,58.0,9559.0,419.9,-0.5,422.0,,424.5,424.5,419.9,4019622.5,2026-08-10 14:55:54.716297,110.0,420.51,,,,,,,,,,,,,,7,"price_volume, live_market, summary, top_gainers, top_losers, nepse_index, supply_demand",5501
2026-08-10T14:58:10.998999+05:45,2026-08-10 14:58:10,live_market,live_market_144,True,cloud_automated,Monday - Trading Hours: 11:00 AM - 3:00 PM NPT,9334,Kalinchock Hydropower Limited,KHPL,58.0,8408.0,806.1,-1.21,816.0,,803.0,810.0,800.0,6782562.6,2026-08-10 14:55:53.950898,10.0,806.68,,,,,,,,,,,,,,7,"price_volume, live_market, summary, top_gainers, top_losers, nepse_index, supply_demand",5501
2026-08-10T14:58:10.998999+05:45,2026-08-10 14:58:10,live_market,live_market_145,True,cloud_automated,Monday - Trading Hours: 11:00 AM - 3:00 PM NPT,2806,Ghalemdi Hydro Limited,GHL,58.0,28908.0,230.0,0.88,228.0,,225.2,231.0,225.2,6599907.3,2026-08-10 14:55:51.718356,122.0,228.31,,,,,,,,,,,,,,7,"price_volume, live_market, summary, top_gainers, top_losers, nepse_index, supply_demand",5501
2026-08-10T14:58:10.998999+05:45,2026-08-10 14:58:10,live_market,live_market_146,True,cloud_automated,Monday - Trading Hours: 11:00 AM - 3:00 PM NPT,2810,UNIVERSAL POWER COMPANY LTD,UPCL,58.0,25454.0,347.1,-0.83,350.0,,350.0,350.0,346.0,8828252.6,2026-08-10 14:55:50.897046,234.0,346.83,,,,,,,,,,,,,,7,"price_volume, live_market, summary, top_gainers, top_losers, nepse_index, supply_demand",5501
2026-08-10T14:58:10.998999+05:45,2026-08-10 14:58:10,live_market,live_market_147,True,cloud_automated,Monday - Trading Hours: 11:00 AM - 3:00 PM NPT,9196,Kutheli Bukhari Small Hydropower Limited,KBSH,58.0,13673.0,965.5,-1.48,980.0,,965.0,992.0,963.5,13282922.9,2026-08-10 14:55:46.311873,10.0,971.47,,,,,,,,,,,,,,7,"price_volume, live_market, summary, top_gainers, top_losers, nepse_index, supply_demand",5501
2026-08-10T14:58:10.998999+05:45,2026-08-10 14:58:10,live_market,live_market_148,True,cloud_automated,Monday - Trading Hours: 11:00 AM - 3:00 PM NPT,2934,Singati Hydro Energy Limited,SHEL,58.0,33001.0,304.3,-0.88,307.0,,305.1,308.0,303.3,10053029.8,2026-08-10 14:55:45.809048,21.0,304.63,,,,,,,,,,,,,,7,"price_volume, live_market, summary, top_gainers, top_losers, nepse_index, supply_demand",5501
2026-08-10T14:58:10.998999+05:45,2026-08-10 14:58:10,live_market,live_market_149,True,cloud_automated,Monday - Trading Hours: 11:00 AM - 3:00 PM NPT,2761,Samata Gharelu Laghubitta Bittiya Sanstha Limited,SMATA,58.0,1698.0,728.0,0.0,728.0,,728.0,728.1,721.0,1232118.9,2026-08-10 14:55:43.172662,1.0,725.63,,,,,,,,,,,,,,7,"price_volume, live_market, summary, top_gainers, top_losers, nepse_index, supply_demand",5501
2026-08-10T14:58:10.998999+05:45,2026-08-10 14:58:10,live_market,live_market_150,True,cloud_automated,Monday - Trading Hours: 11:00 AM - 3:00 PM NPT,694,Matribhumi Lagubitta Bittiya Sanstha Limited,MATRI,58.0,165.0,802.3,-1.07,811.0,,809.0,809.0,800.0,132893.4,2026-08-10 14:55:41.492904,10.0,805.41,,,,,,,,,,,,,,7,"price_volume, live_market, summary, top_gainers, top_losers, nepse_index, supply_demand",5501
2026-08-10T14:58:10.998999+05:45,2026-08-10 14:58:10,live_market,live_market_151,True,cloud_automated,Monday - Trading Hours: 11:00 AM - 3:00 PM NPT,133,Standard Chartered Bank Limited,SCB,58.0,7703.0,643.2,-0.74,648.0,,648.1,658.0,643.2,4972581.2,2026-08-10 14:55:40.786449,90.0,645.54,,,,,,,,,,,,,,7,"price_volume, live_market, summary, top_gainers, top_losers, nepse_index, supply_demand",5501
2026-08-10T14:58:10.998999+05:45,2026-08-10 14:58:10,live_market,live_market_152,True,cloud_automated,Monday - Trading Hours: 11:00 AM - 3:00 PM NPT,9287,Mabilung Energy Limited,MABEL,58.0,2779.0,593.0,0.0,593.0,,580.0,602.0,580.0,1653856.5,2026-08-10 14:55:40.429629,10.0,595.13,,,,,,,,,,,,,,7,"price_volume, live_market, summary, top_gainers, top_losers, nepse_index, supply_demand",5501
2026-08-10T14:58:10.998999+05:45,2026-08-10 14:58:10,live_market,live_market_153,True,cloud_automated,Monday - Trading Hours: 11:00 AM - 3:00 PM NPT,8133,Peoples Hydropower Company Limited,PHCL,58.0,24772.0,293.8,-0.74,296.0,,293.1,295.9,293.0,7286278.5,2026-08-10 14:55:39.740895,10.0,294.13,,,,,,,,,,,,,,7,"price_volume, live_market, summary, top_gainers, top_losers, nepse_index, supply_demand",5501
2026-08-10T14:58:10.998999+05:45,2026-08-10 14:58:10,live_market,live_market_154,True,cloud_automated,Monday - Trading Hours: 11:00 AM - 3:00 PM NPT,8063,Upakar Laghubitta Bittiya Sanstha Limited,ULBSL,58.0,707.0,2705.0,-1.21,2738.0,,2660.0,3050.0,2660.0,1930107.5,2026-08-10 14:55:39.341705,15.0,2730.0,,,,,,,,,,,,,,7,"price_volume, live_market, summary, top_gainers, top_losers, nepse_index, supply_demand",5501
2026-08-10T14:58:10.998999+05:45,2026-08-10 14:58:10,live_market,live_market_155,True,cloud_automated,Monday - Trading Hours: 11:00 AM - 3:00 PM NPT,9263,Sanvi Energy Limited,SANVI,58.0,4035.0,586.2,-0.64,590.0,,560.5,603.0,560.5,2378061.0,2026-08-10 14:55:37.926347,10.0,589.36,,,,,,,,,,,,,,7,"price_volume, live_market, summary, top_gainers, top_losers, nepse_index, supply_demand",5501
2026-08-10T14:58:10.998999+05:45,2026-08-10 14:58:10,live_market,live_market_156,True,cloud_automated,Monday - Trading Hours: 11:00 AM - 3:00 PM NPT,204,Gurkhas Finance Ltd.,GUFL,58.0,10837.0,560.3,-1.68,569.9,,564.0,567.0,560.1,6107135.5,2026-08-10 14:55:37.649189,1.0,563.54,,,,,,,,,,,,,,7,"price_volume, live_market, summary, top_gainers, top_losers, nepse_index, supply_demand",5501
2026-08-10T14:58:10.998999+05:45,2026-08-10 14:58:10,live_market,live_market_157,True,cloud_automated,Monday - Trading Hours: 11:00 AM - 3:00 PM NPT,2913,Mountain Energy Nepal Limited,MEN,58.0,9372.0,597.5,0.4,595.1,,595.0,601.0,595.0,5613717.4,2026-08-10 14:55:36.402575,367.0,598.99,,,,,,,,,,,,,,7,"price_volume, live_market, summary, top_gainers, top_losers, nepse_index, supply_demand",5501
2026-08-10T14:58:10.998999+05:45,2026-08-10 14:58:10,live_market,live_market_158,True,cloud_automated,Monday - Trading Hours: 11:00 AM - 3:00 PM NPT,687,Vijaya laghubitta Bittiya Sanstha Ltd.,VLBS,58.0,1047.0,668.0,0.3,666.0,,655.0,668.0,655.0,693656.1,2026-08-10 14:55:34.76272,100.0,662.52,,,,,,,,,,,,,,7,"price_volume, live_market, summary, top_gainers, top_losers, nepse_index, supply_demand",5501
2026-08-10T14:58:10.998999+05:45,2026-08-10 14:58:10,live_market,live_market_159,True,cloud_automated,Monday - Trading Hours: 11:00 AM - 3:00 PM NPT,8066,River Falls Power Limited,RFPL,58.0,16147.0,332.3,-0.72,334.7,,330.2,336.9,330.2,5395974.5,2026-08-10 14:55:33.452462,34.0,334.18,,,,,,,,,,,,,,7,"price_volume, live_market, summary, top_gainers, top_losers, nepse_index, supply_demand",5501
2026-08-10T14:58:10.998999+05:45,2026-08-10 14:58:10,live_market,live_market_160,True,cloud_automated,Monday - Trading Hours: 11:00 AM - 3:00 PM NPT,583,Grameen Bikas Laghubitta Bittiya Sanstha Ltd.,GBLBS,58.0,1133.0,731.1,-0.93,738.0,,774.9,774.9,730.0,829497.3,2026-08-10 14:55:33.379058,7.0,732.12,,,,,,,,,,,,,,7,"price_volume, live_market, summary, top_gainers, top_losers, nepse_index, supply_demand",5501
2026-08-10T14:58:10.998999+05:45,2026-08-10 14:58:10,live_market,live_market_161,True,cloud_automated,Monday - Trading Hours: 11:00 AM - 3:00 PM NPT,9151,Kalinchowk Darshan Limited,KDL,58.0,320.0,778.0,0.52,774.0,,751.5,780.0,751.5,246729.0,2026-08-10 14:55:33.114574,18.0,771.03,,,,,,,,,,,,,,7,"price_volume, live_market, summary, top_gainers, top_losers, nepse_index, supply_demand",5501
2026-08-10T14:58:10.998999+05:45,2026-08-10 14:58:10,live_market,live_market_162,True,cloud_automated,Monday - Trading Hours: 11:00 AM - 3:00 PM NPT,2831,Union Hydropower Limited,UNHPL,58.0,4368.0,373.1,-0.51,375.0,,379.5,379.5,373.1,1637587.5,2026-08-10 14:55:31.534688,10.0,374.91,,,,,,,,,,,,,,7,"price_volume, live_market, summary, top_gainers, top_losers, nepse_index, supply_demand",5501
2026-08-10T14:58:10.998999+05:45,2026-08-10 14:58:10,live_market,live_market_163,True,cloud_automated,Monday - Trading Hours: 11:00 AM - 3:00 PM NPT,244,Shree Investment Finance Co. Ltd.,SIFC,58.0,8134.0,499.1,-1.27,505.5,,504.1,509.0,499.0,4075342.0,2026-08-10 14:55:30.860511,100.0,501.03,,,,,,,,,,,,,,7,"price_volume, live_market, summary, top_gainers, top_losers, nepse_index, supply_demand",5501
2026-08-10T14:58:10.998999+05:45,2026-08-10 14:58:10,live_market,live_market_164,True,cloud_automated,Monday - Trading Hours: 11:00 AM - 3:00 PM NPT,9234,Himalayan Reinsurance Limited,HRL,58.0,27129.0,578.1,-0.84,583.0,,612.0,612.0,575.0,15715612.9,2026-08-10 14:55:30.403062,500.0,579.29,,,,,,,,,,,,,,7,"price_volume, live_market, summary, top_gainers, top_losers, nepse_index, supply_demand",5501
2026-08-10T14:58:10.998999+05:45,2026-08-10 14:58:10,live_market,live_market_165,True,cloud_automated,Monday - Trading Hours: 11:00 AM - 3:00 PM NPT,9264,7% RBBL Debenture 2088,RBBD2088,58.0,26.0,994.1,-5.86,1056.0,,1024.4,1024.4,994.1,26149.6,2026-08-10 14:55:30.031054,16.0,1005.75,,,,,,,,,,,,,,7,"price_volume, live_market, summary, top_gainers, top_losers, nepse_index, supply_demand",5501
2026-08-10T14:58:10.998999+05:45,2026-08-10 14:58:10,live_market,live_market_166,True,cloud_automated,Monday - Trading Hours: 11:00 AM - 3:00 PM NPT,591,Sanima Mai Hydropower Ltd.,SHPC,58.0,21608.0,495.1,-0.68,498.5,,497.0,499.0,494.0,10691690.0,2026-08-10 14:55:30.006179,200.0,494.8,,,,,,,,,,,,,,7,"price_volume, live_market, summary, top_gainers, top_losers, nepse_index, supply_demand",5501
2026-08-10T14:58:10.998999+05:45,2026-08-10 14:58:10,live_market,live_market_167,True,cloud_automated,Monday - Trading Hours: 11:00 AM - 3:00 PM NPT,273,ICFC Finance Limited,ICFC,58.0,2305.0,599.0,-0.66,603.0,,598.0,608.0,595.0,1385788.5,2026-08-10 14:55:28.32271,45.0,601.21,,,,,,,,,,,,,,7,"price_volume, live_market, summary, top_gainers, top_losers, nepse_index, supply_demand",5501
2026-08-10T14:58:10.998999+05:45,2026-08-10 14:58:10,live_market,live_market_168,True,cloud_automated,Monday - Trading Hours: 11:00 AM - 3:00 PM NPT,9209,Citizen Life Insurance Company Limited,CLI,58.0,4701.0,438.3,-1.26,443.9,,442.0,442.0,436.3,2064718.2,2026-08-10 14:55:27.385118,61.0,439.21,,,,,,,,,,,,,,7,"price_volume, live_market, summary, top_gainers, top_losers, nepse_index, supply_demand",5501
2026-08-10T14:58:10.998999+05:45,2026-08-10 14:58:10,live_market,live_market_169,True,cloud_automated,Monday - Trading Hours: 11:00 AM - 3:00 PM NPT,2759,Synergy Power Development Ltd.,SPDL,58.0,51069.0,370.1,0.57,368.0,,358.0,375.0,358.0,18969978.0,2026-08-10 14:55:27.232847,1000.0,371.46,,,,,,,,,,,,,,7,"price_volume, live_market, summary, top_gainers, top_losers, nepse_index, supply_demand",5501
2026-08-10T14:58:10.998999+05:45,2026-08-10 14:58:10,live_market,live_market_170,True,cloud_automated,Monday - Trading Hours: 11:00 AM - 3:00 PM NPT,9350,LS Horizon 12,LSH12,58.0,5120.0,9.05,-1.63,9.2,,9.0,9.1,9.0,46476.0,2026-08-10 14:55:26.978995,100.0,9.08,,,,,,,,,,,,,,7,"price_volume, live_market, summary, top_gainers, top_losers, nepse_index, supply_demand",5501
2026-08-10T14:58:10.998999+05:45,2026-08-10 14:58:10,live_market,live_market_171,True,cloud_automated,Monday - Trading Hours: 11:00 AM - 3:00 PM NPT,3946,CEDB Holdings Limited,CHDC,58.0,5037.0,2165.1,-1.59,2200.0,,2191.0,2200.0,2165.1,10972602.4,2026-08-10 14:55:26.543233,70.0,2178.4,,,,,,,,,,,,,,7,"price_volume, live_market, summary, top_gainers, top_losers, nepse_index, supply_demand",5501
2026-08-10T14:58:10.998999+05:45,2026-08-10 14:58:10,live_market,live_market_172,True,cloud_automated,Monday - Trading Hours: 11:00 AM - 3:00 PM NPT,9150,Asian Hydropower Limited,AHL,58.0,1857.0,410.0,-0.97,414.0,,415.0,419.0,410.0,770549.7,2026-08-10 14:55:24.628639,30.0,414.94,,,,,,,,,,,,,,7,"price_volume, live_market, summary, top_gainers, top_losers, nepse_index, supply_demand",5501
2026-08-10T14:58:10.998999+05:45,2026-08-10 14:58:10,live_market,live_market_173,True,cloud_automated,Monday - Trading Hours: 11:00 AM - 3:00 PM NPT,9294,Sagar Distillery Limited,SAGAR,58.0,4891.0,1715.1,-1.99,1750.0,,1720.0,1730.0,1708.0,8386165.4,2026-08-10 14:55:24.229189,210.0,1714.61,,,,,,,,,,,,,,7,"price_volume, live_market, summary, top_gainers, top_losers, nepse_index, supply_demand",5501
2026-08-10T14:58:10.998999+05:45,2026-08-10 14:58:10,live_market,live_market_174,True,cloud_automated,Monday - Trading Hours: 11:00 AM - 3:00 PM NPT,8126,Sikles Hydropower Limited,SIKLES,58.0,2934.0,555.2,-0.68,559.0,,559.0,559.1,555.2,1633179.4,2026-08-10 14:55:22.86103,50.0,556.64,,,,,,,,,,,,,,7,"price_volume, live_market, summary, top_gainers, top_losers, nepse_index, supply_demand",5501
2026-08-10T14:58:10.998999+05:45,2026-08-10 14:58:10,live_market,live_market_175,True,cloud_automated,Monday - Trading Hours: 11:00 AM - 3:00 PM NPT,9208,Upper Lohore Khola Hydropower Company Limited,ULHC,58.0,16680.0,369.0,-2.64,379.0,,380.0,380.0,363.0,6114741.2,2026-08-10 14:55:22.821384,10.0,366.59,,,,,,,,,,,,,,7,"price_volume, live_market, summary, top_gainers, top_losers, nepse_index, supply_demand",5501
2026-08-10T14:58:10.998999+05:45,2026-08-10 14:58:10,live_market,live_market_176,True,cloud_automated,Monday - Trading Hours: 11:00 AM - 3:00 PM NPT,9148,Super Mai Hydropower Limited,SMH,58.0,9068.0,506.0,0.0,506.0,,503.7,508.0,498.0,4548507.9,2026-08-10 14:55:22.609969,50.0,501.6,,,,,,,,,,,,,,7,"price_volume, live_market, summary, top_gainers, top_losers, nepse_index, supply_demand",5501
2026-08-10T14:58:10.998999+05:45,2026-08-10 14:58:10,live_market,live_market_177,True,cloud_automated,Monday - Trading Hours: 11:00 AM - 3:00 PM NPT,2842,SANJEN JALAVIDHYUT COMPANY LIMITED,SJCL,58.0,6427.0,269.5,-1.46,273.5,,270.0,270.0,267.9,1729514.4,2026-08-10 14:55:20.162374,40.0,269.1,,,,,,,,,,,,,,7,"price_volume, live_market, summary, top_gainers, top_losers, nepse_index, supply_demand",5501
2026-08-10T14:58:10.998999+05:45,2026-08-10 14:58:10,live_market,live_market_178,True,cloud_automated,Monday - Trading Hours: 11:00 AM - 3:00 PM NPT,2915,Prabhu Mahalaxmi Life Insurance Limited,PMLI,58.0,19480.0,425.5,-2.74,437.5,,434.0,443.0,425.5,8370483.2,2026-08-10 14:55:19.066238,13.0,429.7,,,,,,,,,,,,,,7,"price_volume, live_market, summary, top_gainers, top_losers, nepse_index, supply_demand",5501
2026-08-10T14:58:10.998999+05:45,2026-08-10 14:58:10,live_market,live_market_179,True,cloud_automated,Monday - Trading Hours: 11:00 AM - 3:00 PM NPT,2903,Liberty Energy Company Limited,LEC,58.0,80640.0,218.9,-1.04,221.2,,221.5,224.8,217.1,17667817.6,2026-08-10 14:55:18.836478,20.0,219.09,,,,,,,,,,,,,,7,"price_volume, live_market, summary, top_gainers, top_losers, nepse_index, supply_demand",5501
2026-08-10T14:58:10.998999+05:45,2026-08-10 14:58:10,live_market,live_market_180,True,cloud_automated,Monday - Trading Hours: 11:00 AM - 3:00 PM NPT,135,Nepal SBI Bank Limited,SBI,58.0,6504.0,401.0,-1.21,405.9,,407.0,407.0,400.0,2605334.9,2026-08-10 14:55:18.123828,500.0,400.57,,,,,,,,,,,,,,7,"price_volume, live_market, summary, top_gainers, top_losers, nepse_index, supply_demand",5501
2026-08-10T14:58:10.998999+05:45,2026-08-10 14:58:10,live_market,live_market_181,True,cloud_automated,Monday - Trading Hours: 11:00 AM - 3:00 PM NPT,8074,Kumari Dhanabriddhi Yojana,KDBY,58.0,1424626.0,11.1,0.09,11.09,,11.05,11.3,11.0,15980811.51,2026-08-10 14:55:16.829684,30000.0,11.22,,,,,,,,,,,,,,7,"price_volume, live_market, summary, top_gainers, top_losers, nepse_index, supply_demand",5501
2026-08-10T14:58:10.998999+05:45,2026-08-10 14:58:10,live_market,live_market_182,True,cloud_automated,Monday - Trading Hours: 11:00 AM - 3:00 PM NPT,183,Neco Insurance Limited,NIL,58.0,4545.0,611.8,-0.67,615.9,,616.0,630.1,611.1,2783545.0,2026-08-10 14:55:15.974819,30.0,612.44,,,,,,,,,,,,,,7,"price_volume, live_market, summary, top_gainers, top_losers, nepse_index, supply_demand",5501
2026-08-10T14:58:10.998999+05:45,2026-08-10 14:58:10,live_market,live_market_183,True,cloud_automated,Monday - Trading Hours: 11:00 AM - 3:00 PM NPT,132,Nepal Investment Mega Bank Limited,NIMB,58.0,79259.0,193.0,-1.03,195.0,,195.0,195.0,193.0,15325993.0,2026-08-10 14:55:15.37312,100.0,193.37,,,,,,,,,,,,,,7,"price_volume, live_market, summary, top_gainers, top_losers, nepse_index, supply_demand",5501
2026-08-10T14:58:10.998999+05:45,2026-08-10 14:58:10,live_market,live_market_184,True,cloud_automated,Monday - Trading Hours: 11:00 AM - 3:00 PM NPT,2771,Support Microfinance Bittiya Sanstha Ltd.,SMB,58.0,755.0,1835.0,0.82,1820.0,,1820.0,1854.0,1812.0,1377679.1,2026-08-10 14:55:10.496552,20.0,1824.74,,,,,,,,,,,,,,7,"price_volume, live_market, summary, top_gainers, top_losers, nepse_index, supply_demand",5501
2026-08-10T14:58:10.998999+05:45,2026-08-10 14:58:10,live_market,live_market_185,True,cloud_automated,Monday - Trading Hours: 11:00 AM - 3:00 PM NPT,2758,Forward Microfinance Laghubitta Bittiya Sanstha Limited,FOWAD,58.0,2703.0,928.0,-0.22,930.0,,957.8,957.8,920.0,2522722.5,2026-08-10 14:55:10.238363,22.0,933.3,,,,,,,,,,,,,,7,"price_volume, live_market, summary, top_gainers, top_losers, nepse_index, supply_demand",5501
2026-08-10T14:58:10.998999+05:45,2026-08-10 14:58:10,live_market,live_market_186,True,cloud_automated,Monday - Trading Hours: 11:00 AM - 3:00 PM NPT,9225,Vision Lumbini Urja Company Limited ,VLUCL,58.0,6162.0,413.0,-1.67,420.0,,420.0,420.0,409.0,2531073.0,2026-08-10 14:55:08.862753,10.0,410.76,,,,,,,,,,,,,,7,"price_volume, live_market, summary, top_gainers, top_losers, nepse_index, supply_demand",5501
2026-08-10T14:58:10.998999+05:45,2026-08-10 14:58:10,live_market,live_market_187,True,cloud_automated,Monday - Trading Hours: 11:00 AM - 3:00 PM NPT,188,Life Insurance Corporation (Nepal) Limited,LICN,58.0,6935.0,770.0,-0.63,774.9,,785.0,785.0,765.3,5327044.1,2026-08-10 14:55:06.628098,50.0,768.14,,,,,,,,,,,,,,7,"price_volume, live_market, summary, top_gainers, top_losers, nepse_index, supply_demand",5501
2026-08-10T14:58:10.998999+05:45,2026-08-10 14:58:10,live_market,live_market_188,True,cloud_automated,Monday - Trading Hours: 11:00 AM - 3:00 PM NPT,9194,Three Star Hydropower Limited,TSHL,58.0,8422.0,361.2,-2.35,369.9,,378.0,378.0,361.1,3078373.6,2026-08-10 14:55:03.469895,10.0,365.52,,,,,,,,,,,,,,7,"price_volume, live_market, summary, top_gainers, top_losers, nepse_index, supply_demand",5501
2026-08-10T14:58:10.998999+05:45,2026-08-10 14:58:10,live_market,live_market_189,True,cloud_automated,Monday - Trading Hours: 11:00 AM - 3:00 PM NPT,9324,Ridge Line Energy Limited,RLEL,58.0,3657.0,868.1,-2.46,890.0,,889.0,890.0,866.0,3191469.0,2026-08-10 14:55:02.330087,10.0,872.7,,,,,,,,,,,,,,7,"price_volume, live_market, summary, top_gainers, top_losers, nepse_index, supply_demand",5501
2026-08-10T14:58:10.998999+05:45,2026-08-10 14:58:10,live_market,live_market_190,True,cloud_automated,Monday - Trading Hours: 11:00 AM - 3:00 PM NPT,2787,Kalika power Company Ltd,KPCL,58.0,2121.0,465.0,-0.64,468.0,,468.0,469.9,460.0,985058.7,2026-08-10 14:55:02.326395,61.0,464.43,,,,,,,,,,,,,,7,"price_volume, live_market, summary, top_gainers, top_losers, nepse_index, supply_demand",5501
2026-08-10T14:58:10.998999+05:45,2026-08-10 14:58:10,live_market,live_market_191,True,cloud_automated,Monday - Trading Hours: 11:00 AM - 3:00 PM NPT,8032,Buddha Bhumi Nepal Hydropower Company Limited,BNHC,58.0,8949.0,284.0,-0.77,286.2,,287.0,290.0,281.0,2529784.2,2026-08-10 14:55:01.873757,10.0,282.69,,,,,,,,,,,,,,7,"price_volume, live_market, summary, top_gainers, top_losers, nepse_index, supply_demand",5501
2026-08-10T14:58:10.998999+05:45,2026-08-10 14:58:10,live_market,live_market_192,True,cloud_automated,Monday - Trading Hours: 11:00 AM - 3:00 PM NPT,9295,Swastik Laghubitta Bittiya Sanstha Limited,SWASTIK,58.0,481.0,1992.0,-2.35,2040.0,,2010.0,2035.0,1986.0,961686.0,2026-08-10 14:54:59.3641,10.0,1999.35,,,,,,,,,,,,,,7,"price_volume, live_market, summary, top_gainers, top_losers, nepse_index, supply_demand",5501
2026-08-10T14:58:10.998999+05:45,2026-08-10 14:58:10,live_market,live_market_193,True,cloud_automated,Monday - Trading Hours: 11:00 AM - 3:00 PM NPT,561,Sindhu Bikash Bank Ltd,SINDU,58.0,7980.0,691.0,0.0,691.0,,691.0,699.7,685.0,5503401.7,2026-08-10 14:54:58.890884,10.0,689.65,,,,,,,,,,,,,,7,"price_volume, live_market, summary, top_gainers, top_losers, nepse_index, supply_demand",5501
2026-08-10T14:58:10.998999+05:45,2026-08-10 14:58:10,live_market,live_market_194,True,cloud_automated,Monday - Trading Hours: 11:00 AM - 3:00 PM NPT,8026,Nyadi Hydropower Limited,NYADI,58.0,1795.0,365.0,-1.35,370.0,,366.0,371.0,362.0,654399.0,2026-08-10 14:54:52.337654,10.0,364.57,,,,,,,,,,,,,,7,"price_volume, live_market, summary, top_gainers, top_losers, nepse_index, supply_demand",5501
2026-08-10T14:58:10.998999+05:45,2026-08-10 14:58:10,live_market,live_market_195,True,cloud_automated,Monday - Trading Hours: 11:00 AM - 3:00 PM NPT,9242,Sarbottam Cement Limited,SARBTM,58.0,1334.0,781.1,-0.5,785.0,,782.0,785.0,780.0,1042897.5,2026-08-10 14:54:51.63151,10.0,781.78,,,,,,,,,,,,,,7,"price_volume, live_market, summary, top_gainers, top_losers, nepse_index, supply_demand",5501
2026-08-10T14:58:10.998999+05:45,2026-08-10 14:58:10,live_market,live_market_196,True,cloud_automated,Monday - Trading Hours: 11:00 AM - 3:00 PM NPT,164,Chhimek Laghubitta Bittiya Sanstha Limited,CBBL,58.0,4626.0,928.4,-0.06,929.0,,929.0,930.0,927.0,4295631.1,2026-08-10 14:54:51.349545,14.0,928.58,,,,,,,,,,,,,,7,"price_volume, live_market, summary, top_gainers, top_losers, nepse_index, supply_demand",5501
2026-08-10T14:58:10.998999+05:45,2026-08-10 14:58:10,live_market,live_market_197,True,cloud_automated,Monday - Trading Hours: 11:00 AM - 3:00 PM NPT,2860,Saptakoshi Development Bank Ltd,SAPDBL,58.0,38757.0,831.3,-1.02,839.9,,825.0,935.0,821.8,32741425.7,2026-08-10 14:54:47.522891,55.0,844.79,,,,,,,,,,,,,,7,"price_volume, live_market, summary, top_gainers, top_losers, nepse_index, supply_demand",5501
2026-08-10T14:58:10.998999+05:45,2026-08-10 14:58:10,live_market,live_market_198,True,cloud_automated,Monday - Trading Hours: 11:00 AM - 3:00 PM NPT,371,Miteri Development Bank Limited,MDB,58.0,3578.0,570.1,-1.4,578.2,,571.2,576.0,570.0,2047874.3,2026-08-10 14:54:46.338398,29.0,572.35,,,,,,,,,,,,,,7,"price_volume, live_market, summary, top_gainers, top_losers, nepse_index, supply_demand",5501
2026-08-10T14:58:10.998999+05:45,2026-08-10 14:58:10,live_market,live_market_199,True,cloud_automated,Monday - Trading Hours: 11:00 AM - 3:00 PM NPT,401,Mahalaxmi Bikas Bank Ltd.,MLBL,58.0,13832.0,348.6,-0.66,350.9,,351.0,352.0,348.1,4838068.6,2026-08-10 14:54:45.541221,50.0,349.77,,,,,,,,,,,,,,7,"price_volume, live_market, summary, top_gainers, top_losers, nepse_index, supply_demand",5501
2026-08-10T14:58:10.998999+05:45,2026-08-10 14:58:10,live_market,live_market_200,True,cloud_automated,Monday - Trading Hours: 11:00 AM - 3:00 PM NPT,2790,Aarambha Chautari Laghubitta Bittiya Sanstha Limited,ACLBSL,58.0,912.0,915.0,-0.22,917.0,,917.0,920.0,915.0,835493.0,2026-08-10 14:54:41.768454,1.0,916.11,,,,,,,,,,,,,,7,"price_volume, live_market, summary, top_gainers, top_losers, nepse_index, supply_demand",5501
2026-08-10T14:58:10.998999+05:45,2026-08-10 14:58:10,live_market,live_market_201,True,cloud_automated,Monday - Trading Hours: 11:00 AM - 3:00 PM NPT,9218,Trishuli Jal Vidhyut Company Limited ,TVCL,58.0,25402.0,471.0,-2.28,482.0,,483.0,485.0,471.0,12140071.2,2026-08-10 14:54:36.293791,100.0,477.92,,,,,,,,,,,,,,7,"price_volume, live_market, summary, top_gainers, top_losers, nepse_index, supply_demand",5501
2026-08-10T14:58:10.998999+05:45,2026-08-10 14:58:10,live_market,live_market_202,True,cloud_automated,Monday - Trading Hours: 11:00 AM - 3:00 PM NPT,2824,Himalaya Urja Bikas Company Limited,HURJA,58.0,27690.0,239.0,0.42,238.0,,239.7,240.0,236.2,6610752.9,2026-08-10 14:54:35.000617,10.0,238.74,,,,,,,,,,,,,,7,"price_volume, live_market, summary, top_gainers, top_losers, nepse_index, supply_demand",5501
2026-08-10T14:58:10.998999+05:45,2026-08-10 14:58:10,live_market,live_market_203,True,cloud_automated,Monday - Trading Hours: 11:00 AM - 3:00 PM NPT,490,First Micro Finance Laghubitta Bittiya Sanstha Limited,FMDBL,58.0,147087.0,818.0,4.74,781.0,,798.9,825.0,771.5,119040765.4,2026-08-10 14:54:28.981261,15.0,809.32,,,,,,,,,,,,,,7,"price_volume, live_market, summary, top_gainers, top_losers, nepse_index, supply_demand",5501
2026-08-10T14:58:10.998999+05:45,2026-08-10 14:58:10,live_market,live_market_204,True,cloud_automated,Monday - Trading Hours: 11:00 AM - 3:00 PM NPT,2908,Sanima GIC Insurance Limited,SGIC,58.0,5370.0,453.9,0.42,452.0,,452.1,455.0,450.0,2425656.8,2026-08-10 14:54:26.059927,152.0,451.71,,,,,,,,,,,,,,7,"price_volume, live_market, summary, top_gainers, top_losers, nepse_index, supply_demand",5501
2026-08-10T14:58:10.998999+05:45,2026-08-10 14:58:10,live_market,live_market_205,True,cloud_automated,Monday - Trading Hours: 11:00 AM - 3:00 PM NPT,154,Chilime Hydropower Company Limited,CHCL,58.0,8608.0,485.5,-0.1,486.0,,493.0,496.0,484.0,4186399.3,2026-08-10 14:54:23.389967,10.0,486.34,,,,,,,,,,,,,,7,"price_volume, live_market, summary, top_gainers, top_losers, nepse_index, supply_demand",5501
2026-08-10T14:58:10.998999+05:45,2026-08-10 14:58:10,live_market,live_market_206,True,cloud_automated,Monday - Trading Hours: 11:00 AM - 3:00 PM NPT,9254,NMB Hybrid Fund L- II,NMBHF2,58.0,1400.0,9.54,-1.65,9.7,,9.6,9.6,9.53,13373.0,2026-08-10 14:54:22.087632,250.0,9.55,,,,,,,,,,,,,,7,"price_volume, live_market, summary, top_gainers, top_losers, nepse_index, supply_demand",5501
2026-08-10T14:58:10.998999+05:45,2026-08-10 14:58:10,live_market,live_market_207,True,cloud_automated,Monday - Trading Hours: 11:00 AM - 3:00 PM NPT,2807,Asha Laghubitta Bittiya Sanstha Ltd,ALBSL,58.0,2910.0,1078.0,-1.19,1091.0,,1061.0,1092.7,1061.0,3138735.3,2026-08-10 14:54:22.005748,1000.0,1078.6,,,,,,,,,,,,,,7,"price_volume, live_market, summary, top_gainers, top_losers, nepse_index, supply_demand",5501
2026-08-10T14:58:10.998999+05:45,2026-08-10 14:58:10,live_market,live_market_208,True,cloud_automated,Monday - Trading Hours: 11:00 AM - 3:00 PM NPT,9256,Om Megashree Pharmaceuticals Limited,OMPL,58.0,2041.0,888.0,-0.56,893.0,,893.0,911.0,888.0,1826575.0,2026-08-10 14:54:21.642212,11.0,894.94,,,,,,,,,,,,,,7,"price_volume, live_market, summary, top_gainers, top_losers, nepse_index, supply_demand",5501
2026-08-10T14:58:10.998999+05:45,2026-08-10 14:58:10,live_market,live_market_209,True,cloud_automated,Monday - Trading Hours: 11:00 AM - 3:00 PM NPT,166,Deprosc Laghubitta Bittiya Sanstha Limited,DDBL,58.0,9015.0,830.0,0.12,829.0,,827.1,840.0,825.2,7482058.2,2026-08-10 14:54:12.666081,500.0,829.96,,,,,,,,,,,,,,7,"price_volume, live_market, summary, top_gainers, top_losers, nepse_index, supply_demand",5501
2026-08-10T14:58:10.998999+05:45,2026-08-10 14:58:10,live_market,live_market_210,True,cloud_automated,Monday - Trading Hours: 11:00 AM - 3:00 PM NPT,8034,Emerging Nepal Limited,ENL,58.0,441.0,787.0,-1.61,799.9,,786.0,796.6,786.0,349471.5,2026-08-10 14:54:09.974791,41.0,792.45,,,,,,,,,,,,,,7,"price_volume, live_market, summary, top_gainers, top_losers, nepse_index, supply_demand",5501
2026-08-10T14:58:10.998999+05:45,2026-08-10 14:58:10,live_market,live_market_211,True,cloud_automated,Monday - Trading Hours: 11:00 AM - 3:00 PM NPT,192,Shikhar Insurance Co. Ltd.,SICL,58.0,3822.0,610.2,0.18,609.1,,610.0,620.0,610.0,2341880.3,2026-08-10 14:54:07.940633,20.0,612.74,,,,,,,,,,,,,,7,"price_volume, live_market, summary, top_gainers, top_losers, nepse_index, supply_demand",5501
2026-08-10T14:58:10.998999+05:45,2026-08-10 14:58:10,live_market,live_market_212,True,cloud_automated,Monday - Trading Hours: 11:00 AM - 3:00 PM NPT,9215,Mid Solu Hydropower Limited,MSHL,58.0,485.0,606.0,-0.33,608.0,,608.0,610.0,606.0,294259.0,2026-08-10 14:54:07.004252,1.0,606.72,,,,,,,,,,,,,,7,"price_volume, live_market, summary, top_gainers, top_losers, nepse_index, supply_demand",5501
2026-08-10T14:58:10.998999+05:45,2026-08-10 14:58:10,live_market,live_market_213,True,cloud_automated,Monday - Trading Hours: 11:00 AM - 3:00 PM NPT,593,Kalika Laghubitta Bittiya Sanstha Ltd,KMCDB,58.0,10371.0,809.0,4.12,777.0,,738.2,815.0,738.2,8267429.7,2026-08-10 14:54:05.389486,3.0,797.17,,,,,,,,,,,,,,7,"price_volume, live_market, summary, top_gainers, top_losers, nepse_index, supply_demand",5501
2026-08-10T14:58:10.998999+05:45,2026-08-10 14:58:10,live_market,live_market_214,True,cloud_automated,Monday - Trading Hours: 11:00 AM - 3:00 PM NPT,8104,Upper Solu Hydro Electric Company Limited,USHEC,58.0,5583.0,488.8,-1.65,497.0,,490.0,494.9,488.0,2738346.8,2026-08-10 14:54:00.31551,10.0,490.48,,,,,,,,,,,,,,7,"price_volume, live_market, summary, top_gainers, top_losers, nepse_index, supply_demand",5501
2026-08-10T14:58:10.998999+05:45,2026-08-10 14:58:10,live_market,live_market_215,True,cloud_automated,Monday - Trading Hours: 11:00 AM - 3:00 PM NPT,393,Himalayan Life Insurance Limited,HLI,58.0,23433.0,317.0,-0.84,319.7,,319.0,320.0,316.2,7447818.9,2026-08-10 14:53:58.360606,364.0,317.83,,,,,,,,,,,,,,7,"price_volume, live_market, summary, top_gainers, top_losers, nepse_index, supply_demand",5501
2026-08-10T14:58:10.998999+05:45,2026-08-10 14:58:10,live_market,live_market_216,True,cloud_automated,Monday - Trading Hours: 11:00 AM - 3:00 PM NPT,8022,Terhathum Power Company Limited,TPC,58.0,29566.0,360.1,0.17,359.5,,377.4,377.4,360.0,10709558.5,2026-08-10 14:53:49.967552,10.0,362.23,,,,,,,,,,,,,,7,"price_volume, live_market, summary, top_gainers, top_losers, nepse_index, supply_demand",5501
2026-08-10T14:58:10.998999+05:45,2026-08-10 14:58:10,live_market,live_market_217,True,cloud_automated,Monday - Trading Hours: 11:00 AM - 3:00 PM NPT,9258,Pure Energy Limited,PURE,58.0,1380.0,813.0,-0.85,820.0,,805.5,835.0,805.5,1119991.0,2026-08-10 14:53:49.447458,10.0,811.59,,,,,,,,,,,,,,7,"price_volume, live_market, summary, top_gainers, top_losers, nepse_index, supply_demand",5501
2026-08-10T14:58:10.998999+05:45,2026-08-10 14:58:10,live_market,live_market_218,True,cloud_automated,Monday - Trading Hours: 11:00 AM - 3:00 PM NPT,8117,Aviyan Laghubitta Bittiya Sanstha Limited,AVYAN,58.0,1725.0,1051.0,-0.19,1053.0,,1060.0,1065.0,1050.0,1826318.8,2026-08-10 14:53:45.114763,22.0,1058.74,,,,,,,,,,,,,,7,"price_volume, live_market, summary, top_gainers, top_losers, nepse_index, supply_demand",5501
2026-08-10T14:58:10.998999+05:45,2026-08-10 14:58:10,live_market,live_market_219,True,cloud_automated,Monday - Trading Hours: 11:00 AM - 3:00 PM NPT,9245,Muktinath Mutual Fund 1,MNMF1,58.0,26100.0,9.55,-2.55,9.8,,9.8,9.8,9.46,250648.52,2026-08-10 14:53:45.026428,100.0,9.6,,,,,,,,,,,,,,7,"price_volume, live_market, summary, top_gainers, top_losers, nepse_index, supply_demand",5501
2026-08-10T14:58:10.998999+05:45,2026-08-10 14:58:10,live_market,live_market_220,True,cloud_automated,Monday - Trading Hours: 11:00 AM - 3:00 PM NPT,2841,RASUWAGADHI HYDROPOWER COMPANY LIMITED,RHPL,58.0,24325.0,254.1,-1.89,259.0,,259.0,261.0,251.5,6213297.1,2026-08-10 14:53:43.682662,90.0,255.43,,,,,,,,,,,,,,7,"price_volume, live_market, summary, top_gainers, top_losers, nepse_index, supply_demand",5501
2026-08-10T14:58:10.998999+05:45,2026-08-10 14:58:10,live_market,live_market_221,True,cloud_automated,Monday - Trading Hours: 11:00 AM - 3:00 PM NPT,9158,Molung Hydropower Company Limited,MHCL,58.0,4099.0,305.1,-0.94,308.0,,310.0,310.0,303.1,1249400.8,2026-08-10 14:53:43.228902,10.0,304.81,,,,,,,,,,,,,,7,"price_volume, live_market, summary, top_gainers, top_losers, nepse_index, supply_demand",5501
2026-08-10T14:58:10.998999+05:45,2026-08-10 14:58:10,live_market,live_market_222,True,cloud_automated,Monday - Trading Hours: 11:00 AM - 3:00 PM NPT,268,Swabalamban Laghubitta Bittiya Sanstha Limited,SWBBL,58.0,8339.0,670.0,0.75,665.0,,672.5,672.5,656.0,5512997.9,2026-08-10 14:53:36.205809,26.0,661.11,,,,,,,,,,,,,,7,"price_volume, live_market, summary, top_gainers, top_losers, nepse_index, supply_demand",5501
2026-08-10T14:58:10.998999+05:45,2026-08-10 14:58:10,live_market,live_market_223,True,cloud_automated,Monday - Trading Hours: 11:00 AM - 3:00 PM NPT,2826,Gurans Laghubitta Bittiya Sanstha Limited,GLBSL,58.0,75.0,1785.0,-0.61,1795.9,,1752.0,1788.0,1752.0,133019.1,2026-08-10 14:53:30.937419,10.0,1773.59,,,,,,,,,,,,,,7,"price_volume, live_market, summary, top_gainers, top_losers, nepse_index, supply_demand",5501
2026-08-10T14:58:10.998999+05:45,2026-08-10 14:58:10,live_market,live_market_224,True,cloud_automated,Monday - Trading Hours: 11:00 AM - 3:00 PM NPT,417,Garima Bikas Bank Limited,GBBL,58.0,21448.0,418.5,-0.12,419.0,,418.0,421.0,418.0,8984264.1,2026-08-10 14:53:30.577766,113.0,418.89,,,,,,,,,,,,,,7,"price_volume, live_market, summary, top_gainers, top_losers, nepse_index, supply_demand",5501
2026-08-10T14:58:10.998999+05:45,2026-08-10 14:58:10,live_market,live_market_225,True,cloud_automated,Monday - Trading Hours: 11:00 AM - 3:00 PM NPT,8075,Bindhyabasini Hydropower Development Company Limited,BHDC,58.0,1583.0,426.0,0.0,426.0,,421.4,426.9,421.4,671679.9,2026-08-10 14:53:27.848764,11.0,424.31,,,,,,,,,,,,,,7,"price_volume, live_market, summary, top_gainers, top_losers, nepse_index, supply_demand",5501
2026-08-10T14:58:10.998999+05:45,2026-08-10 14:58:10,live_market,live_market_226,True,cloud_automated,Monday - Trading Hours: 11:00 AM - 3:00 PM NPT,148,Taragaon Regency Hotel Limited,TRH,58.0,1955.0,793.0,0.38,790.0,,789.0,793.5,783.1,1544198.0,2026-08-10 14:53:23.655946,20.0,789.87,,,,,,,,,,,,,,7,"price_volume, live_market, summary, top_gainers, top_losers, nepse_index, supply_demand",5501
2026-08-10T14:58:10.998999+05:45,2026-08-10 14:58:10,live_market,live_market_227,True,cloud_automated,Monday - Trading Hours: 11:00 AM - 3:00 PM NPT,2937,Sunrise Bluechip Fund,SBCF,58.0,9685.0,9.4,-0.53,9.45,,9.58,9.59,9.26,92221.25,2026-08-10 14:53:12.227774,100.0,9.52,,,,,,,,,,,,,,7,"price_volume, live_market, summary, top_gainers, top_losers, nepse_index, supply_demand",5501
2026-08-10T14:58:10.998999+05:45,2026-08-10 14:58:10,live_market,live_market_228,True,cloud_automated,Monday - Trading Hours: 11:00 AM - 3:00 PM NPT,163,Nirdhan Utthan Laghubitta Bittiya Sanstha Limited,NUBL,58.0,2805.0,610.0,0.76,605.4,,600.0,610.0,600.0,1688630.0,2026-08-10 14:53:11.170957,1.0,602.01,,,,,,,,,,,,,,7,"price_volume, live_market, summary, top_gainers, top_losers, nepse_index, supply_demand",5501
2026-08-10T14:58:10.998999+05:45,2026-08-10 14:58:10,live_market,live_market_229,True,cloud_automated,Monday - Trading Hours: 11:00 AM - 3:00 PM NPT,2769,Nepal Hydro Developers Ltd.,NHDL,58.0,793.0,641.0,0.16,640.0,,638.0,641.0,630.1,501891.7,2026-08-10 14:53:08.21976,10.0,632.9,,,,,,,,,,,,,,7,"price_volume, live_market, summary, top_gainers, top_losers, nepse_index, supply_demand",5501
2026-08-10T14:58:10.998999+05:45,2026-08-10 14:58:10,live_market,live_market_230,True,cloud_automated,Monday - Trading Hours: 11:00 AM - 3:00 PM NPT,8102,Mandakini Hydropower Limited,MHL,58.0,620.0,464.2,-1.23,470.0,,463.0,468.0,463.0,288747.1,2026-08-10 14:53:03.298456,10.0,465.72,,,,,,,,,,,,,,7,"price_volume, live_market, summary, top_gainers, top_losers, nepse_index, supply_demand",5501
2026-08-10T14:58:10.998999+05:45,2026-08-10 14:58:10,live_market,live_market_231,True,cloud_automated,Monday - Trading Hours: 11:00 AM - 3:00 PM NPT,705,Global IME Laghubitta Bittiya Sanstha Ltd.,GILB,58.0,402.0,1088.7,1.75,1070.0,,1070.1,1088.9,1055.0,429956.5,2026-08-10 14:52:54.08352,100.0,1069.54,,,,,,,,,,,,,,7,"price_volume, live_market, summary, top_gainers, top_losers, nepse_index, supply_demand",5501
2026-08-10T14:58:10.998999+05:45,2026-08-10 14:58:10,live_market,live_market_232,True,cloud_automated,Monday - Trading Hours: 11:00 AM - 3:00 PM NPT,8122,People's Power Limited,PPL,58.0,6881.0,325.1,-1.0,328.4,,312.0,329.6,312.0,2239089.2,2026-08-10 14:52:53.004417,15.0,325.4,,,,,,,,,,,,,,7,"price_volume, live_market, summary, top_gainers, top_losers, nepse_index, supply_demand",5501
2026-08-10T14:58:10.998999+05:45,2026-08-10 14:58:10,live_market,live_market_233,True,cloud_automated,Monday - Trading Hours: 11:00 AM - 3:00 PM NPT,1741,Mero Microfinance Bittiya Sanstha Ltd.,MERO,58.0,3681.0,671.9,1.62,661.2,,661.2,672.0,656.0,2434442.2,2026-08-10 14:52:52.680502,100.0,661.35,,,,,,,,,,,,,,7,"price_volume, live_market, summary, top_gainers, top_losers, nepse_index, supply_demand",5501
2026-08-10T14:58:10.998999+05:45,2026-08-10 14:58:10,live_market,live_market_234,True,cloud_automated,Monday - Trading Hours: 11:00 AM - 3:00 PM NPT,139,NIC Asia Bank Ltd.,NICA,58.0,22837.0,325.0,-0.31,326.0,,326.0,326.9,325.0,7439360.2,2026-08-10 14:52:51.91188,640.0,325.76,,,,,,,,,,,,,,7,"price_volume, live_market, summary, top_gainers, top_losers, nepse_index, supply_demand",5501
2026-08-10T14:58:10.998999+05:45,2026-08-10 14:58:10,live_market,live_market_235,True,cloud_automated,Monday - Trading Hours: 11:00 AM - 3:00 PM NPT,9175,Menchhiyam Hydropower Limited,MCHL,58.0,2792.0,275.6,-2.27,282.0,,273.8,280.0,273.8,772181.8,2026-08-10 14:52:46.988627,13.0,276.57,,,,,,,,,,,,,,7,"price_volume, live_market, summary, top_gainers, top_losers, nepse_index, supply_demand",5501
2026-08-10T14:58:10.998999+05:45,2026-08-10 14:58:10,live_market,live_market_236,True,cloud_automated,Monday - Trading Hours: 11:00 AM - 3:00 PM NPT,2829,Swabhimaan Laghubitta Bittiya Sanstha Limited,SMFBS,58.0,76.0,1500.0,0.46,1493.1,,1493.1,1500.0,1493.1,113569.5,2026-08-10 14:52:42.91562,10.0,1494.34,,,,,,,,,,,,,,7,"price_volume, live_market, summary, top_gainers, top_losers, nepse_index, supply_demand",5501
2026-08-10T14:58:10.998999+05:45,2026-08-10 14:58:10,live_market,live_market_237,True,cloud_automated,Monday - Trading Hours: 11:00 AM - 3:00 PM NPT,9147,Shuvam Power Limited,SPL,58.0,780.0,640.0,-1.84,652.0,,632.6,651.9,632.6,499869.0,2026-08-10 14:52:35.873841,100.0,640.86,,,,,,,,,,,,,,7,"price_volume, live_market, summary, top_gainers, top_losers, nepse_index, supply_demand",5501
2026-08-10T14:58:10.998999+05:45,2026-08-10 14:58:10,live_market,live_market_238,True,cloud_automated,Monday - Trading Hours: 11:00 AM - 3:00 PM NPT,9312,Nepal Life Samriddhi Lagani Yojana,NSY,58.0,4720.0,9.21,0.11,9.2,,9.2,9.47,8.93,43548.2,2026-08-10 14:52:35.423281,120.0,9.23,,,,,,,,,,,,,,7,"price_volume, live_market, summary, top_gainers, top_losers, nepse_index, supply_demand",5501
2026-08-10T14:58:10.998999+05:45,2026-08-10 14:58:10,live_market,live_market_239,True,cloud_automated,Monday - Trading Hours: 11:00 AM - 3:00 PM NPT,2896,Sampada Laghubitta Bittiya Sanstha Limited,SMPDA,58.0,820.0,745.1,0.01,745.0,,767.3,767.3,743.2,616026.3,2026-08-10 14:52:35.301697,17.0,751.25,,,,,,,,,,,,,,7,"price_volume, live_market, summary, top_gainers, top_losers, nepse_index, supply_demand",5501
2026-08-10T14:58:10.998999+05:45,2026-08-10 14:58:10,live_market,live_market_240,True,cloud_automated,Monday - Trading Hours: 11:00 AM - 3:00 PM NPT,545,Swarojgar Laghubitta Bittiya Sanstha Ltd.,SLBBL,58.0,1061.0,795.2,-0.85,802.0,,814.9,814.9,793.1,843407.6,2026-08-10 14:52:34.418029,2.0,794.92,,,,,,,,,,,,,,7,"price_volume, live_market, summary, top_gainers, top_losers, nepse_index, supply_demand",5501
2026-08-10T14:58:10.998999+05:45,2026-08-10 14:58:10,live_market,live_market_241,True,cloud_automated,Monday - Trading Hours: 11:00 AM - 3:00 PM NPT,156,Bishal Bazar Company Limited,BBC,58.0,272.0,4249.0,-0.93,4289.0,,4200.0,4293.0,4150.0,1138259.0,2026-08-10 14:52:31.857032,10.0,4184.78,,,,,,,,,,,,,,7,"price_volume, live_market, summary, top_gainers, top_losers, nepse_index, supply_demand",5501
2026-08-10T14:58:10.998999+05:45,2026-08-10 14:58:10,live_market,live_market_242,True,cloud_automated,Monday - Trading Hours: 11:00 AM - 3:00 PM NPT,4968,RBB Mutual Fund 1,RMF1,58.0,2500.0,9.7,0.31,9.67,,9.57,9.7,9.56,24181.0,2026-08-10 14:52:15.977549,2000.0,9.67,,,,,,,,,,,,,,7,"price_volume, live_market, summary, top_gainers, top_losers, nepse_index, supply_demand",5501
2026-08-10T14:58:10.998999+05:45,2026-08-10 14:58:10,live_market,live_market_243,True,cloud_automated,Monday - Trading Hours: 11:00 AM - 3:00 PM NPT,9259,Reliable Samriddhi Yojana,RSY,58.0,2600.0,10.4,1.36,10.26,,10.24,10.4,10.11,26630.0,2026-08-10 14:52:13.920384,100.0,10.24,,,,,,,,,,,,,,7,"price_volume, live_market, summary, top_gainers, top_losers, nepse_index, supply_demand",5501
2026-08-10T14:58:10.998999+05:45,2026-08-10 14:58:10,live_market,live_market_244,True,cloud_automated,Monday - Trading Hours: 11:00 AM - 3:00 PM NPT,8127,11% KBL Debenture 2089,KBLD89,58.0,79.0,1313.2,3.0,1275.0,,1313.0,1313.2,1313.0,103737.8,2026-08-10 14:52:06.160682,8.0,1313.14,,,,,,,,,,,,,,7,"price_volume, live_market, summary, top_gainers, top_losers, nepse_index, supply_demand",5501
2026-08-10T14:58:10.998999+05:45,2026-08-10 14:58:10,live_market,live_market_245,True,cloud_automated,Monday - Trading Hours: 11:00 AM - 3:00 PM NPT,8023,Mega Mutual Fund -1,MMF1,58.0,8400.0,8.86,-0.23,8.88,,8.9,8.9,8.72,73549.5,2026-08-10 14:52:04.992146,100.0,8.76,,,,,,,,,,,,,,7,"price_volume, live_market, summary, top_gainers, top_losers, nepse_index, supply_demand",5501
2026-08-10T14:58:10.998999+05:45,2026-08-10 14:58:10,live_market,live_market_246,True,cloud_automated,Monday - Trading Hours: 11:00 AM - 3:00 PM NPT,178,National Life Insurance Co. Ltd.,NLICL,58.0,8616.0,565.0,0.53,562.0,,563.0,568.0,561.0,4857692.6,2026-08-10 14:52:04.26638,41.0,563.8,,,,,,,,,,,,,,7,"price_volume, live_market, summary, top_gainers, top_losers, nepse_index, supply_demand",5501
2026-08-10T14:58:10.998999+05:45,2026-08-10 14:58:10,live_market,live_market_247,True,cloud_automated,Monday - Trading Hours: 11:00 AM - 3:00 PM NPT,9217,Mathillo Mailun Khola Jalvidhyut Limited,MMKJL,58.0,1708.0,437.0,-3.93,454.9,,454.9,468.0,436.0,752974.4,2026-08-10 14:52:00.309166,231.0,440.85,,,,,,,,,,,,,,7,"price_volume, live_market, summary, top_gainers, top_losers, nepse_index, supply_demand",5501
2026-08-10T14:58:10.998999+05:45,2026-08-10 14:58:10,live_market,live_market_248,True,cloud_automated,Monday - Trading Hours: 11:00 AM - 3:00 PM NPT,182,Siddhartha Premier Insurance Limited,SPIL,58.0,358.0,685.5,-0.65,690.0,,685.0,686.0,685.0,245303.5,2026-08-10 14:51:59.499088,10.0,685.21,,,,,,,,,,,,,,7,"price_volume, live_market, summary, top_gainers, top_losers, nepse_index, supply_demand",5501
2026-08-10T14:58:10.998999+05:45,2026-08-10 14:58:10,live_market,live_market_249,True,cloud_automated,Monday - Trading Hours: 11:00 AM - 3:00 PM NPT,9246,Guardian Micro Life Insurance Limited ,GMLI,58.0,2028.0,1091.0,-1.27,1105.0,,1086.5,1100.0,1086.0,2210509.5,2026-08-10 14:51:26.983872,10.0,1089.99,,,,,,,,,,,,,,7,"price_volume, live_market, summary, top_gainers, top_losers, nepse_index, supply_demand",5501
2026-08-10T14:58:10.998999+05:45,2026-08-10 14:58:10,live_market,live_market_250,True,cloud_automated,Monday - Trading Hours: 11:00 AM - 3:00 PM NPT,9270,Him Star Urja Company Limited,HIMSTAR,58.0,2594.0,686.0,-1.44,696.0,,690.0,694.0,685.0,1785050.0,2026-08-10 14:51:15.213895,10.0,688.15,,,,,,,,,,,,,,7,"price_volume, live_market, summary, top_gainers, top_losers, nepse_index, supply_demand",5501
2026-08-10T14:58:10.998999+05:45,2026-08-10 14:58:10,live_market,live_market_251,True,cloud_automated,Monday - Trading Hours: 11:00 AM - 3:00 PM NPT,8045,Green Ventures Limited,GVL,58.0,1299.0,478.2,-0.79,482.0,,480.2,485.0,476.4,622176.3,2026-08-10 14:51:12.016609,11.0,478.97,,,,,,,,,,,,,,7,"price_volume, live_market, summary, top_gainers, top_losers, nepse_index, supply_demand",5501
2026-08-10T14:58:10.998999+05:45,2026-08-10 14:58:10,live_market,live_market_252,True,cloud_automated,Monday - Trading Hours: 11:00 AM - 3:00 PM NPT,176,Nepal Insurance Co. Ltd.,NICL,58.0,23561.0,500.0,0.2,499.0,,508.7,508.7,495.5,11900908.1,2026-08-10 14:50:55.038495,72.0,505.11,,,,,,,,,,,,,,7,"price_volume, live_market, summary, top_gainers, top_losers, nepse_index, supply_demand",5501
2026-08-10T14:58:10.998999+05:45,2026-08-10 14:58:10,live_market,live_market_253,True,cloud_automated,Monday - Trading Hours: 11:00 AM - 3:00 PM NPT,2766,Chhyangdi Hydropower Ltd.,CHL,58.0,12398.0,264.1,-1.46,268.0,,260.0,270.0,260.0,3289110.4,2026-08-10 14:50:44.63454,500.0,265.29,,,,,,,,,,,,,,7,"price_volume, live_market, summary, top_gainers, top_losers, nepse_index, supply_demand",5501
2026-08-10T14:58:10.998999+05:45,2026-08-10 14:58:10,live_market,live_market_254,True,cloud_automated,Monday - Trading Hours: 11:00 AM - 3:00 PM NPT,179,Himalayan Everest Insurance Limited,HEI,58.0,2204.0,532.8,-0.22,534.0,,532.0,534.0,522.2,1157745.4,2026-08-10 14:50:29.965385,1.0,525.29,,,,,,,,,,,,,,7,"price_volume, live_market, summary, top_gainers, top_losers, nepse_index, supply_demand",5501
2026-08-10T14:58:10.998999+05:45,2026-08-10 14:58:10,live_market,live_market_255,True,cloud_automated,Monday - Trading Hours: 11:00 AM - 3:00 PM NPT,8108,Rapti Hydro And General Construction Limited,RHGCL,58.0,11838.0,256.1,-0.77,258.1,,251.3,258.0,251.3,3033317.6,2026-08-10 14:50:22.218705,10.0,256.24,,,,,,,,,,,,,,7,"price_volume, live_market, summary, top_gainers, top_losers, nepse_index, supply_demand",5501
2026-08-10T14:58:10.998999+05:45,2026-08-10 14:58:10,live_market,live_market_256,True,cloud_automated,Monday - Trading Hours: 11:00 AM - 3:00 PM NPT,2754,Dibyashwori Hydropower Ltd.,DHPL,58.0,1893.0,286.0,-1.38,290.0,,294.0,294.0,286.0,542904.0,2026-08-10 14:50:21.050599,20.0,286.8,,,,,,,,,,,,,,7,"price_volume, live_market, summary, top_gainers, top_losers, nepse_index, supply_demand",5501
2026-08-10T14:58:10.998999+05:45,2026-08-10 14:58:10,live_market,live_market_257,True,cloud_automated,Monday - Trading Hours: 11:00 AM - 3:00 PM NPT,9290,HLI Large Cap Fund,HLICF,58.0,4300.0,8.6,-3.8,8.94,,9.0,9.0,8.27,36527.0,2026-08-10 14:50:04.759785,200.0,8.49,,,,,,,,,,,,,,7,"price_volume, live_market, summary, top_gainers, top_losers, nepse_index, supply_demand",5501
2026-08-10T14:58:10.998999+05:45,2026-08-10 14:58:10,live_market,live_market_258,True,cloud_automated,Monday - Trading Hours: 11:00 AM - 3:00 PM NPT,348,Citizens Bank International Limited,CZBIL,58.0,37998.0,201.0,-0.5,202.0,,202.0,203.9,200.0,7625716.0,2026-08-10 14:49:58.980888,100.0,200.69,,,,,,,,,,,,,,7,"price_volume, live_market, summary, top_gainers, top_losers, nepse_index, supply_demand",5501
2026-08-10T14:58:10.998999+05:45,2026-08-10 14:58:10,live_market,live_market_259,True,cloud_automated,Monday - Trading Hours: 11:00 AM - 3:00 PM NPT,2760,United Modi Hydropower Ltd.,UMHL,58.0,13264.0,579.9,-0.53,583.0,,570.0,582.0,570.0,7628950.3,2026-08-10 14:49:55.408795,50.0,575.16,,,,,,,,,,,,,,7,"price_volume, live_market, summary, top_gainers, top_losers, nepse_index, supply_demand",5501
2026-08-10T14:58:10.998999+05:45,2026-08-10 14:58:10,live_market,live_market_260,True,cloud_automated,Monday - Trading Hours: 11:00 AM - 3:00 PM NPT,263,Guheshowori Merchant Bank & Finance Co. Ltd.,GMFIL,58.0,10811.0,455.0,-0.28,456.3,,460.0,460.0,450.0,4887806.5,2026-08-10 14:49:51.180702,50.0,452.11,,,,,,,,,,,,,,7,"price_volume, live_market, summary, top_gainers, top_losers, nepse_index, supply_demand",5501
2026-08-10T14:58:10.998999+05:45,2026-08-10 14:58:10,live_market,live_market_261,True,cloud_automated,Monday - Trading Hours: 11:00 AM - 3:00 PM NPT,9230,Muktinath Krishi Company Limited,MKCL,58.0,351.0,1060.0,-1.4,1075.0,,1050.2,1060.0,1050.1,371494.0,2026-08-10 14:49:40.520156,10.0,1058.39,,,,,,,,,,,,,,7,"price_volume, live_market, summary, top_gainers, top_losers, nepse_index, supply_demand",5501
2026-08-10T14:58:10.998999+05:45,2026-08-10 14:58:10,live_market,live_market_262,True,cloud_automated,Monday - Trading Hours: 11:00 AM - 3:00 PM NPT,9176,Ingwa Hydropower Limited,IHL,58.0,3789.0,340.0,-1.73,346.0,,350.0,350.0,337.0,1297200.5,2026-08-10 14:49:27.819423,70.0,342.36,,,,,,,,,,,,,,7,"price_volume, live_market, summary, top_gainers, top_losers, nepse_index, supply_demand",5501
2026-08-10T14:58:10.998999+05:45,2026-08-10 14:58:10,live_market,live_market_263,True,cloud_automated,Monday - Trading Hours: 11:00 AM - 3:00 PM NPT,9214,Bhagawati Hydropower Development Company Limited,BGWT,58.0,1502.0,548.1,-1.42,556.0,,554.0,554.0,546.1,826017.6,2026-08-10 14:49:07.925224,50.0,549.95,,,,,,,,,,,,,,7,"price_volume, live_market, summary, top_gainers, top_losers, nepse_index, supply_demand",5501
2026-08-10T14:58:10.998999+05:45,2026-08-10 14:58:10,live_market,live_market_264,True,cloud_automated,Monday - Trading Hours: 11:00 AM - 3:00 PM NPT,9249,9% ICFC Finance Limited Debenture 2088,ICFCD88,58.0,150.0,1164.0,-0.51,1170.0,,1164.0,1164.0,1164.0,174600.0,2026-08-10 14:48:59.967221,150.0,1164.0,,,,,,,,,,,,,,7,"price_volume, live_market, summary, top_gainers, top_losers, nepse_index, supply_demand",5501
2026-08-10T14:58:10.998999+05:45,2026-08-10 14:58:10,live_market,live_market_265,True,cloud_automated,Monday - Trading Hours: 11:00 AM - 3:00 PM NPT,706,Suryodaya Womi Laghubitta Bittiya Sanstha Limited,SWMF,58.0,523.0,614.8,-0.68,619.0,,603.5,614.8,603.5,317395.2,2026-08-10 14:48:47.85192,10.0,606.87,,,,,,,,,,,,,,7,"price_volume, live_market, summary, top_gainers, top_losers, nepse_index, supply_demand",5501
2026-08-10T14:58:10.998999+05:45,2026-08-10 14:58:10,live_market,live_market_266,True,cloud_automated,Monday - Trading Hours: 11:00 AM - 3:00 PM NPT,516,Manjushree Finance Ltd.,MFIL,58.0,17802.0,765.0,-1.29,775.0,,755.0,774.0,755.0,13576697.4,2026-08-10 14:48:45.935718,5.0,762.65,,,,,,,,,,,,,,7,"price_volume, live_market, summary, top_gainers, top_losers, nepse_index, supply_demand",5501
2026-08-10T14:58:10.998999+05:45,2026-08-10 14:58:10,live_market,live_market_267,True,cloud_automated,Monday - Trading Hours: 11:00 AM - 3:00 PM NPT,8123,Dhaulagiri Laghubitta Bittiya Sanstha Limited,DLBS,58.0,328.0,1180.0,1.29,1165.0,,1165.0,1225.5,1165.0,386058.0,2026-08-10 14:48:42.731943,10.0,1177.01,,,,,,,,,,,,,,7,"price_volume, live_market, summary, top_gainers, top_losers, nepse_index, supply_demand",5501
2026-08-10T14:58:10.998999+05:45,2026-08-10 14:58:10,live_market,live_market_268,True,cloud_automated,Monday - Trading Hours: 11:00 AM - 3:00 PM NPT,9167,Mai Khola Hydropower Limited,MKHL,58.0,2440.0,487.1,-1.58,494.9,,482.0,495.0,482.0,1203889.0,2026-08-10 14:48:38.30095,200.0,493.4,,,,,,,,,,,,,,7,"price_volume, live_market, summary, top_gainers, top_losers, nepse_index, supply_demand",5501
2026-08-10T14:58:10.998999+05:45,2026-08-10 14:58:10,live_market,live_market_269,True,cloud_automated,Monday - Trading Hours: 11:00 AM - 3:00 PM NPT,4949,NIBL Samriddhi Fund -2,NIBSF2,58.0,17400.0,8.87,1.26,8.76,,8.8,8.87,8.8,153601.0,2026-08-10 14:48:20.660596,6500.0,8.83,,,,,,,,,,,,,,7,"price_volume, live_market, summary, top_gainers, top_losers, nepse_index, supply_demand",5501
2026-08-10T14:58:10.998999+05:45,2026-08-10 14:58:10,live_market,live_market_270,True,cloud_automated,Monday - Trading Hours: 11:00 AM - 3:00 PM NPT,9269,Global IME Sammunat Yojana -2,GBIMESY2,58.0,2600.0,9.25,1.54,9.11,,9.01,9.25,8.93,23689.0,2026-08-10 14:48:16.979149,200.0,9.11,,,,,,,,,,,,,,7,"price_volume, live_market, summary, top_gainers, top_losers, nepse_index, supply_demand",5501
2026-08-10T14:58:10.998999+05:45,2026-08-10 14:58:10,live_market,live_market_271,True,cloud_automated,Monday - Trading Hours: 11:00 AM - 3:00 PM NPT,8121,Sayapatri Hydropower Limited,SPHL,58.0,1308.0,510.0,-2.67,524.0,,510.0,526.8,510.0,670562.1,2026-08-10 14:48:14.412218,137.0,512.66,,,,,,,,,,,,,,7,"price_volume, live_market, summary, top_gainers, top_losers, nepse_index, supply_demand",5501
2026-08-10T14:58:10.998999+05:45,2026-08-10 14:58:10,live_market,live_market_272,True,cloud_automated,Monday - Trading Hours: 11:00 AM - 3:00 PM NPT,184,Prabhu Insurance Ltd.,PRIN,58.0,941.0,668.0,0.3,666.0,,664.0,669.0,663.0,626134.5,2026-08-10 14:48:08.573015,11.0,665.39,,,,,,,,,,,,,,7,"price_volume, live_market, summary, top_gainers, top_losers, nepse_index, supply_demand",5501
2026-08-10T14:58:10.998999+05:45,2026-08-10 14:58:10,live_market,live_market_273,True,cloud_automated,Monday - Trading Hours: 11:00 AM - 3:00 PM NPT,2744,Green Development Bank Ltd.,GRDBL,58.0,6375.0,1057.0,0.76,1049.0,,1101.0,1101.0,1021.2,6690249.9,2026-08-10 14:47:49.604398,10.0,1049.45,,,,,,,,,,,,,,7,"price_volume, live_market, summary, top_gainers, top_losers, nepse_index, supply_demand",5501
2026-08-10T14:58:10.998999+05:45,2026-08-10 14:58:10,live_market,live_market_274,True,cloud_automated,Monday - Trading Hours: 11:00 AM - 3:00 PM NPT,9232,Chirkhwa Hydropower Limited ,CKHL,58.0,16330.0,568.6,-2.64,584.0,,593.9,600.0,568.5,9326422.0,2026-08-10 14:46:31.749012,10.0,571.12,,,,,,,,,,,,,,7,"price_volume, live_market, summary, top_gainers, top_losers, nepse_index, supply_demand",5501
2026-08-10T14:58:10.998999+05:45,2026-08-10 14:58:10,live_market,live_market_275,True,cloud_automated,Monday - Trading Hours: 11:00 AM - 3:00 PM NPT,8025,Samling Power Company Limited,SPC,58.0,750.0,414.0,-1.19,419.0,,411.0,422.0,411.0,309815.0,2026-08-10 14:46:14.702712,10.0,413.09,,,,,,,,,,,,,,7,"price_volume, live_market, summary, top_gainers, top_losers, nepse_index, supply_demand",5501
2026-08-10T14:58:10.998999+05:45,2026-08-10 14:58:10,live_market,live_market_276,True,cloud_automated,Monday - Trading Hours: 11:00 AM - 3:00 PM NPT,695,Janautthan Samudayic Laghubitta Bittya Sanstha Limited,JSLBB,58.0,205.0,980.0,0.0,980.0,,979.9,990.0,972.0,200987.0,2026-08-10 14:46:01.945237,15.0,980.42,,,,,,,,,,,,,,7,"price_volume, live_market, summary, top_gainers, top_losers, nepse_index, supply_demand",5501
2026-08-10T14:58:10.998999+05:45,2026-08-10 14:58:10,live_market,live_market_277,True,cloud_automated,Monday - Trading Hours: 11:00 AM - 3:00 PM NPT,2774,Unnati Sahakarya Laghubitta Bittiya Sanstha Limited,USLB,58.0,237.0,1130.0,0.44,1125.0,,1128.0,1130.0,1122.0,266604.0,2026-08-10 14:46:01.456788,10.0,1124.91,,,,,,,,,,,,,,7,"price_volume, live_market, summary, top_gainers, top_losers, nepse_index, supply_demand",5501
2026-08-10T14:58:10.998999+05:45,2026-08-10 14:58:10,live_market,live_market_278,True,cloud_automated,Monday - Trading Hours: 11:00 AM - 3:00 PM NPT,2786,Panchakanya Mai Hydropower Ltd,PMHPL,58.0,1235.0,311.0,-2.2,318.0,,313.0,323.0,311.0,386739.2,2026-08-10 14:45:52.714411,13.0,313.15,,,,,,,,,,,,,,7,"price_volume, live_market, summary, top_gainers, top_losers, nepse_index, supply_demand",5501
2026-08-10T14:58:10.998999+05:45,2026-08-10 14:58:10,live_market,live_market_279,True,cloud_automated,Monday - Trading Hours: 11:00 AM - 3:00 PM NPT,2933,Kumari Equity Fund,KEF,58.0,829832.0,10.75,2.38,10.5,,10.5,10.83,10.5,8939718.6,2026-08-10 14:45:46.123821,100.0,10.77,,,,,,,,,,,,,,7,"price_volume, live_market, summary, top_gainers, top_losers, nepse_index, supply_demand",5501
2026-08-10T14:58:10.998999+05:45,2026-08-10 14:58:10,live_market,live_market_280,True,cloud_automated,Monday - Trading Hours: 11:00 AM - 3:00 PM NPT,469,Nepal Investment Mega Bank Ltd. Promoter Share,NIMBPO,58.0,8945.0,143.0,-1.38,145.0,,142.5,147.0,142.4,1307798.0,2026-08-10 14:45:08.815416,350.0,146.2,,,,,,,,,,,,,,7,"price_volume, live_market, summary, top_gainers, top_losers, nepse_index, supply_demand",5501
2026-08-10T14:58:10.998999+05:45,2026-08-10 14:58:10,live_market,live_market_281,True,cloud_automated,Monday - Trading Hours: 11:00 AM - 3:00 PM NPT,2832,Infinity Laghubitta Bittiya Sanstha Limited,ILBS,58.0,1894.0,865.0,-1.36,876.9,,851.0,880.0,851.0,1632063.0,2026-08-10 14:45:03.636782,10.0,861.7,,,,,,,,,,,,,,7,"price_volume, live_market, summary, top_gainers, top_losers, nepse_index, supply_demand",5501
2026-08-10T14:58:10.998999+05:45,2026-08-10 14:58:10,live_market,live_market_282,True,cloud_automated,Monday - Trading Hours: 11:00 AM - 3:00 PM NPT,8106,Global IME Balanced Fund-1,GIBF1,58.0,31300.0,11.0,2.33,10.75,,10.65,11.0,10.65,342533.0,2026-08-10 14:44:28.925461,1300.0,10.94,,,,,,,,,,,,,,7,"price_volume, live_market, summary, top_gainers, top_losers, nepse_index, supply_demand",5501
2026-08-10T14:58:10.998999+05:45,2026-08-10 14:58:10,live_market,live_market_283,True,cloud_automated,Monday - Trading Hours: 11:00 AM - 3:00 PM NPT,8097,10% Prime Debenture 2088,PBD88,58.0,30.0,1200.0,2.56,1170.0,,1200.0,1200.0,1200.0,36000.0,2026-08-10 14:44:08.921115,30.0,1200.0,,,,,,,,,,,,,,7,"price_volume, live_market, summary, top_gainers, top_losers, nepse_index, supply_demand",5501
2026-08-10T14:58:10.998999+05:45,2026-08-10 14:58:10,live_market,live_market_284,True,cloud_automated,Monday - Trading Hours: 11:00 AM - 3:00 PM NPT,9302,RBB Focus 40,RBBF40,58.0,3054.0,9.12,1.22,9.01,,9.0,9.14,9.0,27672.48,2026-08-10 14:43:15.987902,154.0,9.06,,,,,,,,,,,,,,7,"price_volume, live_market, summary, top_gainers, top_losers, nepse_index, supply_demand",5501
2026-08-10T14:58:10.998999+05:45,2026-08-10 14:58:10,live_market,live_market_285,True,cloud_automated,Monday - Trading Hours: 11:00 AM - 3:00 PM NPT,9212,Mandu Hydropower Limited,MANDU,58.0,3322.0,793.0,-0.63,798.0,,800.0,809.9,791.5,2646198.7,2026-08-10 14:42:40.38461,10.0,796.57,,,,,,,,,,,,,,7,"price_volume, live_market, summary, top_gainers, top_losers, nepse_index, supply_demand",5501
2026-08-10T14:58:10.998999+05:45,2026-08-10 14:58:10,live_market,live_market_286,True,cloud_automated,Monday - Trading Hours: 11:00 AM - 3:00 PM NPT,8041,NESDO Sambridha Laghubitta Bittiya Sanstha Limited,NESDO,58.0,101.0,1435.3,-1.56,1458.0,,1429.0,1459.9,1429.0,145111.0,2026-08-10 14:42:24.114054,10.0,1436.74,,,,,,,,,,,,,,7,"price_volume, live_market, summary, top_gainers, top_losers, nepse_index, supply_demand",5501
2026-08-10T14:58:10.998999+05:45,2026-08-10 14:58:10,live_market,live_market_287,True,cloud_automated,Monday - Trading Hours: 11:00 AM - 3:00 PM NPT,2935,Ru Ru Jalbidhyut Pariyojana Limited,RURU,58.0,2559.0,609.0,-0.81,614.0,,605.0,611.0,605.0,1556159.6,2026-08-10 14:41:55.806419,15.0,608.11,,,,,,,,,,,,,,7,"price_volume, live_market, summary, top_gainers, top_losers, nepse_index, supply_demand",5501
2026-08-10T14:58:10.998999+05:45,2026-08-10 14:58:10,live_market,live_market_288,True,cloud_automated,Monday - Trading Hours: 11:00 AM - 3:00 PM NPT,8024,Nabil Balanced Fund-3,NBF3,58.0,27350.0,9.58,0.31,9.55,,9.55,9.85,9.55,264701.9,2026-08-10 14:41:30.660614,100.0,9.68,,,,,,,,,,,,,,7,"price_volume, live_market, summary, top_gainers, top_losers, nepse_index, supply_demand",5501
2026-08-10T14:58:10.998999+05:45,2026-08-10 14:58:10,live_market,live_market_289,True,cloud_automated,Monday - Trading Hours: 11:00 AM - 3:00 PM NPT,693,Himalayan Laghubitta Bittiya Sanstha Limited,HLBSL,58.0,310.0,884.0,1.61,870.0,,870.0,884.0,870.0,273375.9,2026-08-10 14:40:44.235431,100.0,881.86,,,,,,,,,,,,,,7,"price_volume, live_market, summary, top_gainers, top_losers, nepse_index, supply_demand",5501
2026-08-10T14:58:10.998999+05:45,2026-08-10 14:58:10,live_market,live_market_290,True,cloud_automated,Monday - Trading Hours: 11:00 AM - 3:00 PM NPT,4967,NIC Asia Select Fund 30,NICSF,58.0,10945.0,8.9,0.0,8.9,,9.0,9.0,8.65,96900.0,2026-08-10 14:40:32.175174,100.0,8.85,,,,,,,,,,,,,,7,"price_volume, live_market, summary, top_gainers, top_losers, nepse_index, supply_demand",5501
2026-08-10T14:58:10.998999+05:45,2026-08-10 14:58:10,live_market,live_market_291,True,cloud_automated,Monday - Trading Hours: 11:00 AM - 3:00 PM NPT,4947,Prabhu Select Fund,PSF,58.0,10855.0,11.9,-0.83,12.0,,12.0,12.0,11.9,129324.5,2026-08-10 14:40:15.340954,5555.0,11.91,,,,,,,,,,,,,,7,"price_volume, live_market, summary, top_gainers, top_losers, nepse_index, supply_demand",5501
2026-08-10T14:58:10.998999+05:45,2026-08-10 14:58:10,live_market,live_market_292,True,cloud_automated,Monday - Trading Hours: 11:00 AM - 3:00 PM NPT,9231,10% Citizens Bank Debenture 2090,CIZBD90,58.0,125.0,1225.7,3.0,1190.0,,1225.0,1225.7,1225.0,153205.2,2026-08-10 14:40:05.023891,10.0,1225.64,,,,,,,,,,,,,,7,"price_volume, live_market, summary, top_gainers, top_losers, nepse_index, supply_demand",5501
2026-08-10T14:58:10.998999+05:45,2026-08-10 14:58:10,live_market,live_market_293,True,cloud_automated,Monday - Trading Hours: 11:00 AM - 3:00 PM NPT,2936,9.5% NCC Debenture 2086,NCCD86,58.0,21.0,1198.0,2.92,1164.0,,1198.0,1198.0,1198.0,25145.0,2026-08-10 14:40:04.943507,1.0,1197.38,,,,,,,,,,,,,,7,"price_volume, live_market, summary, top_gainers, top_losers, nepse_index, supply_demand",5501
2026-08-10T14:58:10.998999+05:45,2026-08-10 14:58:10,live_market,live_market_294,True,cloud_automated,Monday - Trading Hours: 11:00 AM - 3:00 PM NPT,396,Nerude Mirmire Laghubitta Bittiya Sanstha Limited,NMLBBL,58.0,5609.0,519.9,0.93,515.1,,540.8,540.8,511.0,2881589.0,2026-08-10 14:39:38.649423,10.0,513.74,,,,,,,,,,,,,,7,"price_volume, live_market, summary, top_gainers, top_losers, nepse_index, supply_demand",5501
2026-08-10T14:58:10.998999+05:45,2026-08-10 14:58:10,live_market,live_market_295,True,cloud_automated,Monday - Trading Hours: 11:00 AM - 3:00 PM NPT,9241,Kumari Sabal Yojana,KSY,58.0,7000.0,9.47,-0.53,9.52,,9.49,9.49,8.97,64297.4,2026-08-10 14:39:05.086521,300.0,9.19,,,,,,,,,,,,,,7,"price_volume, live_market, summary, top_gainers, top_losers, nepse_index, supply_demand",5501
2026-08-10T14:58:10.998999+05:45,2026-08-10 14:58:10,live_market,live_market_296,True,cloud_automated,Monday - Trading Hours: 11:00 AM - 3:00 PM NPT,155,Salt Trading Corporation,STC,58.0,180.0,5170.0,-0.19,5180.0,,5170.0,5170.0,5150.0,929280.0,2026-08-10 14:39:02.346991,64.0,5162.67,,,,,,,,,,,,,,7,"price_volume, live_market, summary, top_gainers, top_losers, nepse_index, supply_demand",5501
2026-08-10T14:58:10.998999+05:45,2026-08-10 14:58:10,live_market,live_market_297,True,cloud_automated,Monday - Trading Hours: 11:00 AM - 3:00 PM NPT,9257,MBL Equity Fund,MBLEF,58.0,514550.0,10.33,0.49,10.28,,10.29,10.34,10.27,5293782.0,2026-08-10 14:38:43.787906,100.0,10.29,,,,,,,,,,,,,,7,"price_volume, live_market, summary, top_gainers, top_losers, nepse_index, supply_demand",5501
2026-08-10T14:58:10.998999+05:45,2026-08-10 14:58:10,live_market,live_market_298,True,cloud_automated,Monday - Trading Hours: 11:00 AM - 3:00 PM NPT,2835,NABIL BALANCED FUND-2,NBF2,58.0,8206.0,9.86,-2.38,10.1,,9.85,10.1,9.81,80995.86,2026-08-10 14:37:10.429907,100.0,9.87,,,,,,,,,,,,,,7,"price_volume, live_market, summary, top_gainers, top_losers, nepse_index, supply_demand",5501
2026-08-10T14:58:10.998999+05:45,2026-08-10 14:58:10,live_market,live_market_299,True,cloud_automated,Monday - Trading Hours: 11:00 AM - 3:00 PM NPT,9198,Laxmi Value Fund 2,LVF2,58.0,1800.0,9.1,0.44,9.06,,9.06,9.1,9.0,16320.0,2026-08-10 14:36:28.832579,200.0,9.07,,,,,,,,,,,,,,7,"price_volume, live_market, summary, top_gainers, top_losers, nepse_index, supply_demand",5501
2026-08-10T14:58:10.998999+05:45,2026-08-10 14:58:10,live_market,live_market_300,True,cloud_automated,Monday - Trading Hours: 11:00 AM - 3:00 PM NPT,2867,NMB 50,NMB50,58.0,435.0,10.41,0.29,10.38,,10.38,10.6,10.38,4570.0,2026-08-10 14:35:38.414612,100.0,10.51,,,,,,,,,,,,,,7,"price_volume, live_market, summary, top_gainers, top_losers, nepse_index, supply_demand",5501
2026-08-10T14:58:10.998999+05:45,2026-08-10 14:58:10,live_market,live_market_301,True,cloud_automated,Monday - Trading Hours: 11:00 AM - 3:00 PM NPT,2770,Siddhartha Equity Fund,SEF,58.0,11440.0,9.9,-0.1,9.91,,9.91,9.92,9.9,113379.8,2026-08-10 14:35:15.212556,1000.0,9.91,,,,,,,,,,,,,,7,"price_volume, live_market, summary, top_gainers, top_losers, nepse_index, supply_demand",5501
2026-08-10T14:58:10.998999+05:45,2026-08-10 14:58:10,live_market,live_market_302,True,cloud_automated,Monday - Trading Hours: 11:00 AM - 3:00 PM NPT,8132,Shrijanshil Laghubitta Bittiya Sanstha Limited,SHLB,58.0,49.0,1434.0,-2.78,1475.0,,1474.0,1474.0,1434.0,71199.0,2026-08-10 14:35:08.2732,10.0,1453.04,,,,,,,,,,,,,,7,"price_volume, live_market, summary, top_gainers, top_losers, nepse_index, supply_demand",5501
2026-08-10T14:58:10.998999+05:45,2026-08-10 14:58:10,live_market,live_market_303,True,cloud_automated,Monday - Trading Hours: 11:00 AM - 3:00 PM NPT,2813,Panchthar Power Compant Limited,PPCL,58.0,11394.0,337.0,-0.56,338.9,,331.0,337.0,331.0,3819410.4,2026-08-10 14:34:52.254624,250.0,335.21,,,,,,,,,,,,,,7,"price_volume, live_market, summary, top_gainers, top_losers, nepse_index, supply_demand",5501
2026-08-10T14:58:10.998999+05:45,2026-08-10 14:58:10,live_market,live_market_304,True,cloud_automated,Monday - Trading Hours: 11:00 AM - 3:00 PM NPT,8073,NIC Asia Flexi CAP Fund,NICFC,58.0,6530.0,9.15,-2.35,9.37,,9.1,9.2,9.1,59758.0,2026-08-10 14:34:43.697762,100.0,9.15,,,,,,,,,,,,,,7,"price_volume, live_market, summary, top_gainers, top_losers, nepse_index, supply_demand",5501
2026-08-10T14:58:10.998999+05:45,2026-08-10 14:58:10,live_market,live_market_305,True,cloud_automated,Monday - Trading Hours: 11:00 AM - 3:00 PM NPT,2875,10.25% Prabhu Bank  Debenture 2086,PBLD86,58.0,10.0,1383.2,-2.99,1425.9,,1383.2,1383.2,1383.2,13832.0,2026-08-10 14:34:23.193824,10.0,1383.2,,,,,,,,,,,,,,7,"price_volume, live_market, summary, top_gainers, top_losers, nepse_index, supply_demand",5501
2026-08-10T14:58:10.998999+05:45,2026-08-10 14:58:10,live_market,live_market_306,True,cloud_automated,Monday - Trading Hours: 11:00 AM - 3:00 PM NPT,2925,Mahila Lagubitta Bittiya Sanstha Limited ,MLBSL,58.0,399.0,1610.0,-0.62,1620.0,,1602.0,1638.0,1601.1,640747.0,2026-08-10 14:33:54.829126,21.0,1605.88,,,,,,,,,,,,,,7,"price_volume, live_market, summary, top_gainers, top_losers, nepse_index, supply_demand",5501
2026-08-10T14:58:10.998999+05:45,2026-08-10 14:58:10,live_market,live_market_307,True,cloud_automated,Monday - Trading Hours: 11:00 AM - 3:00 PM NPT,9304,Citizens Santulit Yojana,CSY,58.0,12599.0,8.88,0.34,8.85,,8.6,9.0,8.6,111334.39,2026-08-10 14:32:14.032764,100.0,8.84,,,,,,,,,,,,,,7,"price_volume, live_market, summary, top_gainers, top_losers, nepse_index, supply_demand",5501
2026-08-10T14:58:10.998999+05:45,2026-08-10 14:58:10,live_market,live_market_308,True,cloud_automated,Monday - Trading Hours: 11:00 AM - 3:00 PM NPT,4959,8.5% Nepal Bank Debenture 2087,NBLD87,58.0,25.0,1092.0,2.91,1061.1,,1092.0,1092.0,1092.0,27300.0,2026-08-10 14:32:07.910952,25.0,1092.0,,,,,,,,,,,,,,7,"price_volume, live_market, summary, top_gainers, top_losers, nepse_index, supply_demand",5501
2026-08-10T14:58:10.998999+05:45,2026-08-10 14:58:10,live_market,live_market_309,True,cloud_automated,Monday - Trading Hours: 11:00 AM - 3:00 PM NPT,9244,NIBL Stable Fund,NIBLSTF,58.0,2610.0,8.54,-2.84,8.79,,8.55,8.55,8.5,22294.4,2026-08-10 14:30:53.810618,100.0,8.54,,,,,,,,,,,,,,7,"price_volume, live_market, summary, top_gainers, top_losers, nepse_index, supply_demand",5501
2026-08-10T14:58:10.998999+05:45,2026-08-10 14:58:10,live_market,live_market_310,True,cloud_automated,Monday - Trading Hours: 11:00 AM - 3:00 PM NPT,9236,NIC ASIA Growth Fund-2,NICGF2,58.0,5970.0,9.23,0.54,9.18,,9.0,9.23,9.0,54819.1,2026-08-10 14:29:43.396161,4470.0,9.18,,,,,,,,,,,,,,7,"price_volume, live_market, summary, top_gainers, top_losers, nepse_index, supply_demand",5501
2026-08-10T14:58:10.998999+05:45,2026-08-10 14:58:10,live_market,live_market_311,True,cloud_automated,Monday - Trading Hours: 11:00 AM - 3:00 PM NPT,309,NIC Asia Bank Limted Promoter Share,NICAP,58.0,7981.0,179.0,0.0,179.0,,179.0,179.0,179.0,1428599.0,2026-08-10 14:29:40.528572,7981.0,179.0,,,,,,,,,,,,,,7,"price_volume, live_market, summary, top_gainers, top_losers, nepse_index, supply_demand",5501
2026-08-10T14:58:10.998999+05:45,2026-08-10 14:58:10,live_market,live_market_312,True,cloud_automated,Monday - Trading Hours: 11:00 AM - 3:00 PM NPT,9178,RBB Mutual Fund 2,RMF2,58.0,5100.0,9.73,-0.61,9.79,,9.63,9.73,9.63,49613.0,2026-08-10 14:28:38.292191,5000.0,9.73,,,,,,,,,,,,,,7,"price_volume, live_market, summary, top_gainers, top_losers, nepse_index, supply_demand",5501
2026-08-10T14:58:10.998999+05:45,2026-08-10 14:58:10,live_market,live_market_313,True,cloud_automated,Monday - Trading Hours: 11:00 AM - 3:00 PM NPT,8018,Manushi Laghubitta Bittiya Sanstha Limited,MLBS,58.0,444.0,1130.0,-1.95,1152.5,,1130.0,1130.0,1119.0,497766.0,2026-08-10 14:28:37.686377,40.0,1121.09,,,,,,,,,,,,,,7,"price_volume, live_market, summary, top_gainers, top_losers, nepse_index, supply_demand",5501
2026-08-10T14:58:10.998999+05:45,2026-08-10 14:58:10,live_market,live_market_314,True,cloud_automated,Monday - Trading Hours: 11:00 AM - 3:00 PM NPT,700,Himalayan Everest Insurance Limited Promoter,HEIP,58.0,20.0,337.8,1.75,332.0,,330.0,337.8,330.0,6678.0,2026-08-10 14:27:15.947789,10.0,333.9,,,,,,,,,,,,,,7,"price_volume, live_market, summary, top_gainers, top_losers, nepse_index, supply_demand",5501
2026-08-10T14:58:10.998999+05:45,2026-08-10 14:58:10,live_market,live_market_315,True,cloud_automated,Monday - Trading Hours: 11:00 AM - 3:00 PM NPT,9255,Everest Bank Limited Debenture 2091,EBLD91,58.0,175.0,1088.0,2.84,1058.0,,1058.0,1088.9,1058.0,189740.0,2026-08-10 14:20:30.773154,25.0,1084.23,,,,,,,,,,,,,,7,"price_volume, live_market, summary, top_gainers, top_losers, nepse_index, supply_demand",5501
2026-08-10T14:58:10.998999+05:45,2026-08-10 14:58:10,live_market,live_market_316,True,cloud_automated,Monday - Trading Hours: 11:00 AM - 3:00 PM NPT,9327,8% ICFC Finance Limited Debenture 2089,ICFCD89,58.0,25.0,1064.2,-2.55,1092.0,,1064.2,1064.2,1064.2,26605.0,2026-08-10 14:17:09.125351,25.0,1064.2,,,,,,,,,,,,,,7,"price_volume, live_market, summary, top_gainers, top_losers, nepse_index, supply_demand",5501
2026-08-10T14:58:10.998999+05:45,2026-08-10 14:58:10,live_market,live_market_317,True,cloud_automated,Monday - Trading Hours: 11:00 AM - 3:00 PM NPT,8125,NMB Sulav Investment Fund - 2,NSIF2,58.0,1800.0,10.7,-0.93,10.8,,10.7,10.9,10.7,19300.0,2026-08-10 14:13:23.766455,100.0,10.72,,,,,,,,,,,,,,7,"price_volume, live_market, summary, top_gainers, top_losers, nepse_index, supply_demand",5501
2026-08-10T14:58:10.998999+05:45,2026-08-10 14:58:10,live_market,live_market_318,True,cloud_automated,Monday - Trading Hours: 11:00 AM - 3:00 PM NPT,9174,Prabhu Smart Fund,PRSF,58.0,6600.0,12.9,-0.08,12.91,,12.91,12.96,12.71,85107.0,2026-08-10 14:09:33.965808,100.0,12.9,,,,,,,,,,,,,,7,"price_volume, live_market, summary, top_gainers, top_losers, nepse_index, supply_demand",5501
2026-08-10T14:58:10.998999+05:45,2026-08-10 14:58:10,live_market,live_market_319,True,cloud_automated,Monday - Trading Hours: 11:00 AM - 3:00 PM NPT,2781,Wean Nepal Laghubitta Bittiya Sanstha Limited,WNLB,58.0,106.0,1330.0,-1.55,1351.0,,1351.0,1355.0,1330.0,142305.0,2026-08-10 14:08:06.333746,25.0,1342.5,,,,,,,,,,,,,,7,"price_volume, live_market, summary, top_gainers, top_losers, nepse_index, supply_demand",5501
2026-08-10T14:58:10.998999+05:45,2026-08-10 14:58:10,live_market,live_market_320,True,cloud_automated,Monday - Trading Hours: 11:00 AM - 3:00 PM NPT,274,Excel Development Bank Ltd.,EDBL,58.0,4050.0,580.0,-0.68,584.0,,578.0,587.9,577.0,2362865.1,2026-08-10 14:07:53.216079,159.0,583.42,,,,,,,,,,,,,,7,"price_volume, live_market, summary, top_gainers, top_losers, nepse_index, supply_demand",5501
2026-08-10T14:58:10.998999+05:45,2026-08-10 14:58:10,live_market,live_market_321,True,cloud_automated,Monday - Trading Hours: 11:00 AM - 3:00 PM NPT,618,Laxmi Laghubitta Bittiya Sanstha Ltd.,LLBS,58.0,173.0,890.0,0.56,885.0,,885.0,890.0,870.0,150930.0,2026-08-10 14:04:30.37303,10.0,872.43,,,,,,,,,,,,,,7,"price_volume, live_market, summary, top_gainers, top_losers, nepse_index, supply_demand",5501
2026-08-10T14:58:10.998999+05:45,2026-08-10 14:58:10,live_market,live_market_322,True,cloud_automated,Monday - Trading Hours: 11:00 AM - 3:00 PM NPT,9138,NIBL Growth Fund,NIBLGF,58.0,450.0,8.8,-4.86,9.25,,9.0,9.25,8.73,4018.0,2026-08-10 14:03:42.319932,150.0,8.93,,,,,,,,,,,,,,7,"price_volume, live_market, summary, top_gainers, top_losers, nepse_index, supply_demand",5501
2026-08-10T14:58:10.998999+05:45,2026-08-10 14:58:10,live_market,live_market_323,True,cloud_automated,Monday - Trading Hours: 11:00 AM - 3:00 PM NPT,177,Rastriya Beema Company Limited,RBCL,58.0,30.0,14419.0,1.47,14210.0,,14000.0,14419.0,14000.0,424190.0,2026-08-10 13:53:36.026505,10.0,14139.67,,,,,,,,,,,,,,7,"price_volume, live_market, summary, top_gainers, top_losers, nepse_index, supply_demand",5501
2026-08-10T14:58:10.998999+05:45,2026-08-10 14:58:10,live_market,live_market_324,True,cloud_automated,Monday - Trading Hours: 11:00 AM - 3:00 PM NPT,9140,Unique Nepal Laghubitta Bittiya Sanstha Limited,UNLB,58.0,67.0,1260.0,-1.25,1275.9,,1260.0,1260.0,1246.2,84040.0,2026-08-10 13:51:39.929008,10.0,1254.33,,,,,,,,,,,,,,7,"price_volume, live_market, summary, top_gainers, top_losers, nepse_index, supply_demand",5501
2026-08-10T14:58:10.998999+05:45,2026-08-10 14:58:10,live_market,live_market_325,True,cloud_automated,Monday - Trading Hours: 11:00 AM - 3:00 PM NPT,8043,Civil Bank Debenture 2088,CBLD88,58.0,26.0,1195.0,-2.85,1230.0,,1230.0,1230.0,1195.0,31125.0,2026-08-10 13:44:49.992185,1.0,1197.12,,,,,,,,,,,,,,7,"price_volume, live_market, summary, top_gainers, top_losers, nepse_index, supply_demand",5501
2026-08-10T14:58:10.998999+05:45,2026-08-10 14:58:10,live_market,live_market_326,True,cloud_automated,Monday - Trading Hours: 11:00 AM - 3:00 PM NPT,9221,Himalayan 80-20,H8020,58.0,1200.0,12.01,-1.56,12.2,,12.0,12.26,12.0,14504.0,2026-08-10 13:44:01.975162,100.0,12.09,,,,,,,,,,,,,,7,"price_volume, live_market, summary, top_gainers, top_losers, nepse_index, supply_demand",5501
2026-08-10T14:58:10.998999+05:45,2026-08-10 14:58:10,live_market,live_market_327,True,cloud_automated,Monday - Trading Hours: 11:00 AM - 3:00 PM NPT,2902,Laxmi Unnati Kosh,LUK,58.0,11530.0,10.06,-5.89,10.69,,10.6,10.7,9.9,121129.0,2026-08-10 13:38:28.930939,100.0,10.51,,,,,,,,,,,,,,7,"price_volume, live_market, summary, top_gainers, top_losers, nepse_index, supply_demand",5501
2026-08-10T14:58:10.998999+05:45,2026-08-10 14:58:10,live_market,live_market_328,True,cloud_automated,Monday - Trading Hours: 11:00 AM - 3:00 PM NPT,9299,7% Nabil Debenture 2089,NABILD2089,58.0,104.0,1025.0,-1.44,1040.0,,1025.0,1025.0,1025.0,106722.8,2026-08-10 13:32:39.420496,4.0,1026.18,,,,,,,,,,,,,,7,"price_volume, live_market, summary, top_gainers, top_losers, nepse_index, supply_demand",5501
2026-08-10T14:58:10.998999+05:45,2026-08-10 14:58:10,live_market,live_market_329,True,cloud_automated,Monday - Trading Hours: 11:00 AM - 3:00 PM NPT,9168,"Global IME Bank Debenture, 2084/85",GBILD84/85,58.0,50.0,1103.0,0.31,1099.6,,1102.0,1103.0,1102.0,55125.0,2026-08-10 13:28:35.384744,25.0,1102.5,,,,,,,,,,,,,,7,"price_volume, live_market, summary, top_gainers, top_losers, nepse_index, supply_demand",5501
2026-08-10T14:58:10.998999+05:45,2026-08-10 14:58:10,live_market,live_market_330,True,cloud_automated,Monday - Trading Hours: 11:00 AM - 3:00 PM NPT,9286,Shine Resunga Debenture,SHINED,58.0,130.0,1090.0,-0.46,1095.0,,1098.0,1100.0,1090.0,142600.0,2026-08-10 13:25:28.5589,30.0,1096.92,,,,,,,,,,,,,,7,"price_volume, live_market, summary, top_gainers, top_losers, nepse_index, supply_demand",5501
2026-08-10T14:58:10.998999+05:45,2026-08-10 14:58:10,live_market,live_market_331,True,cloud_automated,Monday - Trading Hours: 11:00 AM - 3:00 PM NPT,2879,10% Laxmi Bank Debenture 2086,LBLD86,58.0,20.0,1210.0,0.83,1200.0,,1208.0,1210.0,1208.0,24180.0,2026-08-10 13:24:37.535914,10.0,1209.0,,,,,,,,,,,,,,7,"price_volume, live_market, summary, top_gainers, top_losers, nepse_index, supply_demand",5501
2026-08-10T14:58:10.998999+05:45,2026-08-10 14:58:10,live_market,live_market_332,True,cloud_automated,Monday - Trading Hours: 11:00 AM - 3:00 PM NPT,2825,10% NIC Asia Debenture 2085/86,NICAD85/86,58.0,191.0,1166.0,-0.68,1174.0,,1165.0,1169.9,1165.0,222743.4,2026-08-10 13:23:32.689757,20.0,1166.2,,,,,,,,,,,,,,7,"price_volume, live_market, summary, top_gainers, top_losers, nepse_index, supply_demand",5501
2026-08-10T14:58:10.998999+05:45,2026-08-10 14:58:10,live_market,live_market_333,True,cloud_automated,Monday - Trading Hours: 11:00 AM - 3:00 PM NPT,2923,Sanima Large Cap Fund,SLCF,58.0,900.0,9.5,-0.21,9.52,,9.36,9.5,9.26,8405.0,2026-08-10 13:22:56.354462,100.0,9.34,,,,,,,,,,,,,,7,"price_volume, live_market, summary, top_gainers, top_losers, nepse_index, supply_demand",5501
2026-08-10T14:58:10.998999+05:45,2026-08-10 14:58:10,live_market,live_market_334,True,cloud_automated,Monday - Trading Hours: 11:00 AM - 3:00 PM NPT,219,Unilever Nepal Limited,UNL,58.0,10.0,48500.0,0.0,48500.0,,48500.0,48500.0,48500.0,485000.0,2026-08-10 13:11:32.919039,10.0,48500.0,,,,,,,,,,,,,,7,"price_volume, live_market, summary, top_gainers, top_losers, nepse_index, supply_demand",5501
2026-08-10T14:58:10.998999+05:45,2026-08-10 14:58:10,live_market,live_market_335,True,cloud_automated,Monday - Trading Hours: 11:00 AM - 3:00 PM NPT,9154,Sunrise Focused Equity Fund,SFEF,58.0,100.0,9.91,-0.7,9.98,,9.91,9.91,9.91,991.0,2026-08-10 13:06:39.530806,100.0,9.91,,,,,,,,,,,,,,7,"price_volume, live_market, summary, top_gainers, top_losers, nepse_index, supply_demand",5501
2026-08-10T14:58:10.998999+05:45,2026-08-10 14:58:10,live_market,live_market_336,True,cloud_automated,Monday - Trading Hours: 11:00 AM - 3:00 PM NPT,9139,Sanima Growth Fund,SAGF,58.0,200.0,10.11,-1.46,10.26,,10.11,10.11,10.11,2022.0,2026-08-10 12:52:01.337968,100.0,10.11,,,,,,,,,,,,,,7,"price_volume, live_market, summary, top_gainers, top_losers, nepse_index, supply_demand",5501
2026-08-10T14:58:10.998999+05:45,2026-08-10 14:58:10,live_market,live_market_337,True,cloud_automated,Monday - Trading Hours: 11:00 AM - 3:00 PM NPT,8020,Jyoti Bikash Bank Bond 2087,JBBD87,58.0,50.0,1140.0,2.61,1111.0,,1140.0,1140.0,1140.0,57000.0,2026-08-10 12:43:22.909698,50.0,1140.0,,,,,,,,,,,,,,7,"price_volume, live_market, summary, top_gainers, top_losers, nepse_index, supply_demand",5501
2026-08-10T14:58:10.998999+05:45,2026-08-10 14:58:10,live_market,live_market_338,True,cloud_automated,Monday - Trading Hours: 11:00 AM - 3:00 PM NPT,9191,Citizens Super 30 Mutual Fund,C30MF,58.0,300.0,9.91,0.1,9.9,,10.15,10.15,9.91,2997.0,2026-08-10 12:35:39.104766,100.0,9.99,,,,,,,,,,,,,,7,"price_volume, live_market, summary, top_gainers, top_losers, nepse_index, supply_demand",5501
2026-08-10T14:58:10.998999+05:45,2026-08-10 14:58:10,live_market,live_market_339,True,cloud_automated,Monday - Trading Hours: 11:00 AM - 3:00 PM NPT,4969,Muktinath Debenture 2084/85,MND84/85,58.0,150.0,1042.8,-3.0,1075.0,,1042.8,1042.8,1042.8,156420.0,2026-08-10 12:32:35.793862,120.0,1042.8,,,,,,,,,,,,,,7,"price_volume, live_market, summary, top_gainers, top_losers, nepse_index, supply_demand",5501
2026-08-10T14:58:10.998999+05:45,2026-08-10 14:58:10,live_market,live_market_340,True,cloud_automated,Monday - Trading Hours: 11:00 AM - 3:00 PM NPT,8027,Nabil Debenture 2085,NBLD85,58.0,200.0,1025.0,-1.91,1045.0,,1020.0,1025.1,1020.0,204882.5,2026-08-10 12:28:41.591221,50.0,1024.41,,,,,,,,,,,,,,7,"price_volume, live_market, summary, top_gainers, top_losers, nepse_index, supply_demand",5501
2026-08-10T14:58:10.998999+05:45,2026-08-10 14:58:10,live_market,live_market_341,True,cloud_automated,Monday - Trading Hours: 11:00 AM - 3:00 PM NPT,213,Bottlers Nepal (Terai) Limited,BNT,58.0,65.0,11550.1,-0.81,11645.0,,11645.0,11645.0,11550.1,750006.0,2026-08-10 12:12:04.264807,60.0,11538.55,,,,,,,,,,,,,,7,"price_volume, live_market, summary, top_gainers, top_losers, nepse_index, supply_demand",5501
2026-08-10T14:58:10.998999+05:45,2026-08-10 14:58:10,live_market,live_market_342,True,cloud_automated,Monday - Trading Hours: 11:00 AM - 3:00 PM NPT,8033,"Garima Debenture, 2085",GBBD85,58.0,30.0,1045.5,-0.43,1050.0,,1045.5,1045.5,1045.5,31365.0,2026-08-10 12:08:55.196173,30.0,1045.5,,,,,,,,,,,,,,7,"price_volume, live_market, summary, top_gainers, top_losers, nepse_index, supply_demand",5501
2026-08-10T14:58:10.998999+05:45,2026-08-10 14:58:10,live_market,live_market_343,True,cloud_automated,Monday - Trading Hours: 11:00 AM - 3:00 PM NPT,9182,Siddhartha Investment Growth Scheme 3,SIGS3,58.0,25435.0,10.71,1.52,10.55,,10.6,10.71,10.6,272239.5,2026-08-10 12:05:29.232965,10000.0,10.7,,,,,,,,,,,,,,7,"price_volume, live_market, summary, top_gainers, top_losers, nepse_index, supply_demand",5501
2026-08-10T14:58:10.998999+05:45,2026-08-10 14:58:10,live_market,live_market_344,True,cloud_automated,Monday - Trading Hours: 11:00 AM - 3:00 PM NPT,2877,Sunrise First Mutual Fund,SFMF,58.0,150.0,10.01,-1.86,10.2,,10.01,10.01,10.01,1501.5,2026-08-10 11:50:35.690808,150.0,10.01,,,,,,,,,,,,,,7,"price_volume, live_market, summary, top_gainers, top_losers, nepse_index, supply_demand",5501
2026-08-10T14:58:10.998999+05:45,2026-08-10 14:58:10,live_market,live_market_345,True,cloud_automated,Monday - Trading Hours: 11:00 AM - 3:00 PM NPT,2863,NIC Asia Balanced Fund,NICBF,58.0,200.0,9.3,-2.82,9.57,,9.57,9.57,9.3,1887.0,2026-08-10 11:48:36.151601,100.0,9.44,,,,,,,,,,,,,,7,"price_volume, live_market, summary, top_gainers, top_losers, nepse_index, supply_demand",5501
2026-08-10T14:58:10.998999+05:45,2026-08-10 14:58:10,live_market,live_market_346,True,cloud_automated,Monday - Trading Hours: 11:00 AM - 3:00 PM NPT,2931,8.5% Nepal Investment Bank Debenture 2084,NIBD84,58.0,100.0,1035.0,-0.03,1035.3,,1035.1,1035.1,1035.0,103505.5,2026-08-10 11:46:49.605296,45.0,1035.06,,,,,,,,,,,,,,7,"price_volume, live_market, summary, top_gainers, top_losers, nepse_index, supply_demand",5501
2026-08-10T14:58:10.998999+05:45,2026-08-10 14:58:10,live_market,live_market_347,True,cloud_automated,Monday - Trading Hours: 11:00 AM - 3:00 PM NPT,283,Kumari Bank Limited Promotor Share,KBLPO,58.0,16831.0,100.0,0.0,100.0,,100.0,100.0,100.0,1683100.0,2026-08-10 11:46:08.740415,16831.0,100.0,,,,,,,,,,,,,,7,"price_volume, live_market, summary, top_gainers, top_losers, nepse_index, supply_demand",5501
2026-08-10T14:58:10.998999+05:45,2026-08-10 14:58:10,live_market,live_market_348,True,cloud_automated,Monday - Trading Hours: 11:00 AM - 3:00 PM NPT,2850,10 % NMB DEBENTURE 2085,NMBD2085,58.0,50.0,1150.0,0.88,1140.0,,1150.0,1150.0,1150.0,57500.0,2026-08-10 11:25:13.884507,50.0,1150.0,,,,,,,,,,,,,,7,"price_volume, live_market, summary, top_gainers, top_losers, nepse_index, supply_demand",5501
2026-08-10T14:58:10.998999+05:45,2026-08-10 14:58:10,live_market,live_market_349,True,cloud_automated,Monday - Trading Hours: 11:00 AM - 3:00 PM NPT,8068,Century Debenture 2088,CCBD88,58.0,25.0,1165.0,-1.02,1177.0,,1165.0,1165.0,1165.0,29125.0,2026-08-10 11:00:04.619699,15.0,1165.0,,,,,,,,,,,,,,7,"price_volume, live_market, summary, top_gainers, top_losers, nepse_index, supply_demand",5501
2026-08-10T14:58:10.998999+05:45,2026-08-10 14:58:10,summary,summary_summary,True,cloud_automated,Monday - Trading Hours: 11:00 AM - 3:00 PM NPT,,,,,,,,,,,,,,,,,3352097198.8,10188569.0,49804.0,350.0,,,,,,,,,,7,"price_volume, live_market, summary, top_gainers, top_losers, nepse_index, supply_demand",5501
2026-08-10T14:58:10.998999+05:45,2026-08-10 14:58:10,top_gainers,top_gainers_1,True,cloud_automated,Monday - Trading Hours: 11:00 AM - 3:00 PM NPT,450,Corporate Development Bank Limited,CORBL,,,,8.92,,,,,,,,,,,,,,1160.0,,95.0,,,,,,,7,"price_volume, live_market, summary, top_gainers, top_losers, nepse_index, supply_demand",5501
2026-08-10T14:58:10.998999+05:45,2026-08-10 14:58:10,top_gainers,top_gainers_2,True,cloud_automated,Monday - Trading Hours: 11:00 AM - 3:00 PM NPT,490,First Micro Finance Laghubitta Bittiya Sanstha Limited,FMDBL,,,,4.74,,,,,,,,,,,,,,818.0,,37.0,,,,,,,7,"price_volume, live_market, summary, top_gainers, top_losers, nepse_index, supply_demand",5501
2026-08-10T14:58:10.998999+05:45,2026-08-10 14:58:10,top_gainers,top_gainers_3,True,cloud_automated,Monday - Trading Hours: 11:00 AM - 3:00 PM NPT,9303,SY Panel Nepal Limited,SYPNL,,,,4.21,,,,,,,,,,,,,,1338.0,,54.0,,,,,,,7,"price_volume, live_market, summary, top_gainers, top_losers, nepse_index, supply_demand",5501
2026-08-10T14:58:10.998999+05:45,2026-08-10 14:58:10,top_gainers,top_gainers_4,True,cloud_automated,Monday - Trading Hours: 11:00 AM - 3:00 PM NPT,593,Kalika Laghubitta Bittiya Sanstha Ltd,KMCDB,,,,4.12,,,,,,,,,,,,,,809.0,,32.0,,,,,,,7,"price_volume, live_market, summary, top_gainers, top_losers, nepse_index, supply_demand",5501
2026-08-10T14:58:10.998999+05:45,2026-08-10 14:58:10,top_gainers,top_gainers_5,True,cloud_automated,Monday - Trading Hours: 11:00 AM - 3:00 PM NPT,9311,Solu Hydropower Limited,SOHL,,,,3.92,,,,,,,,,,,,,,715.0,,27.0,,,,,,,7,"price_volume, live_market, summary, top_gainers, top_losers, nepse_index, supply_demand",5501
2026-08-10T14:58:10.998999+05:45,2026-08-10 14:58:10,top_gainers,top_gainers_6,True,cloud_automated,Monday - Trading Hours: 11:00 AM - 3:00 PM NPT,9293,Daramkhola Hydro Energy Limited,DHEL,,,,3.61,,,,,,,,,,,,,,606.0,,21.1,,,,,,,7,"price_volume, live_market, summary, top_gainers, top_losers, nepse_index, supply_demand",5501
2026-08-10T14:58:10.998999+05:45,2026-08-10 14:58:10,top_gainers,top_gainers_7,True,cloud_automated,Monday - Trading Hours: 11:00 AM - 3:00 PM NPT,8099,Upper Hewakhola Hydropower Company Limited,UHEWA,,,,3.09,,,,,,,,,,,,,,600.0,,18.0,,,,,,,7,"price_volume, live_market, summary, top_gainers, top_losers, nepse_index, supply_demand",5501
2026-08-10T14:58:10.998999+05:45,2026-08-10 14:58:10,top_gainers,top_gainers_8,True,cloud_automated,Monday - Trading Hours: 11:00 AM - 3:00 PM NPT,8127,11% KBL Debenture 2089,KBLD89,,,,3.0,,,,,,,,,,,,,,1313.2,,38.2,,,,,,,7,"price_volume, live_market, summary, top_gainers, top_losers, nepse_index, supply_demand",5501
2026-08-10T14:58:10.998999+05:45,2026-08-10 14:58:10,top_gainers,top_gainers_9,True,cloud_automated,Monday - Trading Hours: 11:00 AM - 3:00 PM NPT,9231,10% Citizens Bank Debenture 2090,CIZBD90,,,,3.0,,,,,,,,,,,,,,1225.7,,35.7,,,,,,,7,"price_volume, live_market, summary, top_gainers, top_losers, nepse_index, supply_demand",5501
2026-08-10T14:58:10.998999+05:45,2026-08-10 14:58:10,top_gainers,top_gainers_10,True,cloud_automated,Monday - Trading Hours: 11:00 AM - 3:00 PM NPT,2936,9.5% NCC Debenture 2086,NCCD86,,,,2.92,,,,,,,,,,,,,,1198.0,,34.0,,,,,,,7,"price_volume, live_market, summary, top_gainers, top_losers, nepse_index, supply_demand",5501
2026-08-10T14:58:10.998999+05:45,2026-08-10 14:58:10,top_gainers,top_gainers_11,True,cloud_automated,Monday - Trading Hours: 11:00 AM - 3:00 PM NPT,4959,8.5% Nepal Bank Debenture 2087,NBLD87,,,,2.91,,,,,,,,,,,,,,1092.0,,30.9,,,,,,,7,"price_volume, live_market, summary, top_gainers, top_losers, nepse_index, supply_demand",5501
2026-08-10T14:58:10.998999+05:45,2026-08-10 14:58:10,top_gainers,top_gainers_12,True,cloud_automated,Monday - Trading Hours: 11:00 AM - 3:00 PM NPT,9255,Everest Bank Limited Debenture 2091,EBLD91,,,,2.84,,,,,,,,,,,,,,1088.0,,30.0,,,,,,,7,"price_volume, live_market, summary, top_gainers, top_losers, nepse_index, supply_demand",5501
2026-08-10T14:58:10.998999+05:45,2026-08-10 14:58:10,top_gainers,top_gainers_13,True,cloud_automated,Monday - Trading Hours: 11:00 AM - 3:00 PM NPT,2748,RSDC Laghubitta Bittiya Sanstha Ltd.,RSDC,,,,2.66,,,,,,,,,,,,,,655.0,,17.0,,,,,,,7,"price_volume, live_market, summary, top_gainers, top_losers, nepse_index, supply_demand",5501
2026-08-10T14:58:10.998999+05:45,2026-08-10 14:58:10,top_gainers,top_gainers_14,True,cloud_automated,Monday - Trading Hours: 11:00 AM - 3:00 PM NPT,610,Ridi Power Company Limited,RIDI,,,,2.64,,,,,,,,,,,,,,384.9,,9.9,,,,,,,7,"price_volume, live_market, summary, top_gainers, top_losers, nepse_index, supply_demand",5501
2026-08-10T14:58:10.998999+05:45,2026-08-10 14:58:10,top_gainers,top_gainers_15,True,cloud_automated,Monday - Trading Hours: 11:00 AM - 3:00 PM NPT,8020,Jyoti Bikash Bank Bond 2087,JBBD87,,,,2.61,,,,,,,,,,,,,,1140.0,,29.0,,,,,,,7,"price_volume, live_market, summary, top_gainers, top_losers, nepse_index, supply_demand",5501
2026-08-10T14:58:10.998999+05:45,2026-08-10 14:58:10,top_gainers,top_gainers_16,True,cloud_automated,Monday - Trading Hours: 11:00 AM - 3:00 PM NPT,8097,10% Prime Debenture 2088,PBD88,,,,2.56,,,,,,,,,,,,,,1200.0,,30.0,,,,,,,7,"price_volume, live_market, summary, top_gainers, top_losers, nepse_index, supply_demand",5501
2026-08-10T14:58:10.998999+05:45,2026-08-10 14:58:10,top_gainers,top_gainers_17,True,cloud_automated,Monday - Trading Hours: 11:00 AM - 3:00 PM NPT,2933,Kumari Equity Fund,KEF,,,,2.38,,,,,,,,,,,,,,10.75,,0.25,,,,,,,7,"price_volume, live_market, summary, top_gainers, top_losers, nepse_index, supply_demand",5501
2026-08-10T14:58:10.998999+05:45,2026-08-10 14:58:10,top_gainers,top_gainers_18,True,cloud_automated,Monday - Trading Hours: 11:00 AM - 3:00 PM NPT,8106,Global IME Balanced Fund-1,GIBF1,,,,2.33,,,,,,,,,,,,,,11.0,,0.25,,,,,,,7,"price_volume, live_market, summary, top_gainers, top_losers, nepse_index, supply_demand",5501
2026-08-10T14:58:10.998999+05:45,2026-08-10 14:58:10,top_gainers,top_gainers_19,True,cloud_automated,Monday - Trading Hours: 11:00 AM - 3:00 PM NPT,9344,Snow Rivers Limited,SNORL,,,,2.13,,,,,,,,,,,,,,925.3,,19.3,,,,,,,7,"price_volume, live_market, summary, top_gainers, top_losers, nepse_index, supply_demand",5501
2026-08-10T14:58:10.998999+05:45,2026-08-10 14:58:10,top_gainers,top_gainers_20,True,cloud_automated,Monday - Trading Hours: 11:00 AM - 3:00 PM NPT,705,Global IME Laghubitta Bittiya Sanstha Ltd.,GILB,,,,1.75,,,,,,,,,,,,,,1088.7,,18.7,,,,,,,7,"price_volume, live_market, summary, top_gainers, top_losers, nepse_index, supply_demand",5501
2026-08-10T14:58:10.998999+05:45,2026-08-10 14:58:10,top_gainers,top_gainers_21,True,cloud_automated,Monday - Trading Hours: 11:00 AM - 3:00 PM NPT,1741,Mero Microfinance Bittiya Sanstha Ltd.,MERO,,,,1.62,,,,,,,,,,,,,,671.9,,10.7,,,,,,,7,"price_volume, live_market, summary, top_gainers, top_losers, nepse_index, supply_demand",5501
2026-08-10T14:58:10.998999+05:45,2026-08-10 14:58:10,top_gainers,top_gainers_22,True,cloud_automated,Monday - Trading Hours: 11:00 AM - 3:00 PM NPT,693,Himalayan Laghubitta Bittiya Sanstha Limited,HLBSL,,,,1.61,,,,,,,,,,,,,,884.0,,14.0,,,,,,,7,"price_volume, live_market, summary, top_gainers, top_losers, nepse_index, supply_demand",5501
2026-08-10T14:58:10.998999+05:45,2026-08-10 14:58:10,top_gainers,top_gainers_23,True,cloud_automated,Monday - Trading Hours: 11:00 AM - 3:00 PM NPT,9269,Global IME Sammunat Yojana -2,GBIMESY2,,,,1.54,,,,,,,,,,,,,,9.25,,0.14,,,,,,,7,"price_volume, live_market, summary, top_gainers, top_losers, nepse_index, supply_demand",5501
2026-08-10T14:58:10.998999+05:45,2026-08-10 14:58:10,top_gainers,top_gainers_24,True,cloud_automated,Monday - Trading Hours: 11:00 AM - 3:00 PM NPT,9182,Siddhartha Investment Growth Scheme 3,SIGS3,,,,1.52,,,,,,,,,,,,,,10.71,,0.16,,,,,,,7,"price_volume, live_market, summary, top_gainers, top_losers, nepse_index, supply_demand",5501
2026-08-10T14:58:10.998999+05:45,2026-08-10 14:58:10,top_gainers,top_gainers_25,True,cloud_automated,Monday - Trading Hours: 11:00 AM - 3:00 PM NPT,177,Rastriya Beema Company Limited,RBCL,,,,1.47,,,,,,,,,,,,,,14419.0,,209.0,,,,,,,7,"price_volume, live_market, summary, top_gainers, top_losers, nepse_index, supply_demand",5501
2026-08-10T14:58:10.998999+05:45,2026-08-10 14:58:10,top_gainers,top_gainers_26,True,cloud_automated,Monday - Trading Hours: 11:00 AM - 3:00 PM NPT,9259,Reliable Samriddhi Yojana,RSY,,,,1.36,,,,,,,,,,,,,,10.4,,0.14,,,,,,,7,"price_volume, live_market, summary, top_gainers, top_losers, nepse_index, supply_demand",5501
2026-08-10T14:58:10.998999+05:45,2026-08-10 14:58:10,top_gainers,top_gainers_27,True,cloud_automated,Monday - Trading Hours: 11:00 AM - 3:00 PM NPT,8123,Dhaulagiri Laghubitta Bittiya Sanstha Limited,DLBS,,,,1.29,,,,,,,,,,,,,,1180.0,,15.0,,,,,,,7,"price_volume, live_market, summary, top_gainers, top_losers, nepse_index, supply_demand",5501
2026-08-10T14:58:10.998999+05:45,2026-08-10 14:58:10,top_gainers,top_gainers_28,True,cloud_automated,Monday - Trading Hours: 11:00 AM - 3:00 PM NPT,4949,NIBL Samriddhi Fund -2,NIBSF2,,,,1.26,,,,,,,,,,,,,,8.87,,0.11,,,,,,,7,"price_volume, live_market, summary, top_gainers, top_losers, nepse_index, supply_demand",5501
2026-08-10T14:58:10.998999+05:45,2026-08-10 14:58:10,top_gainers,top_gainers_29,True,cloud_automated,Monday - Trading Hours: 11:00 AM - 3:00 PM NPT,9302,RBB Focus 40,RBBF40,,,,1.22,,,,,,,,,,,,,,9.12,,0.11,,,,,,,7,"price_volume, live_market, summary, top_gainers, top_losers, nepse_index, supply_demand",5501
2026-08-10T14:58:10.998999+05:45,2026-08-10 14:58:10,top_gainers,top_gainers_30,True,cloud_automated,Monday - Trading Hours: 11:00 AM - 3:00 PM NPT,396,Nerude Mirmire Laghubitta Bittiya Sanstha Limited,NMLBBL,,,,0.93,,,,,,,,,,,,,,519.9,,4.8,,,,,,,7,"price_volume, live_market, summary, top_gainers, top_losers, nepse_index, supply_demand",5501
2026-08-10T14:58:10.998999+05:45,2026-08-10 14:58:10,top_gainers,top_gainers_31,True,cloud_automated,Monday - Trading Hours: 11:00 AM - 3:00 PM NPT,2850,10 % NMB DEBENTURE 2085,NMBD2085,,,,0.88,,,,,,,,,,,,,,1150.0,,10.0,,,,,,,7,"price_volume, live_market, summary, top_gainers, top_losers, nepse_index, supply_demand",5501
2026-08-10T14:58:10.998999+05:45,2026-08-10 14:58:10,top_gainers,top_gainers_32,True,cloud_automated,Monday - Trading Hours: 11:00 AM - 3:00 PM NPT,2788,Ankhu Khola Jalvidhyut Company Ltd,AKJCL,,,,0.88,,,,,,,,,,,,,,365.3,,3.2,,,,,,,7,"price_volume, live_market, summary, top_gainers, top_losers, nepse_index, supply_demand",5501
2026-08-10T14:58:10.998999+05:45,2026-08-10 14:58:10,top_gainers,top_gainers_33,True,cloud_automated,Monday - Trading Hours: 11:00 AM - 3:00 PM NPT,2806,Ghalemdi Hydro Limited,GHL,,,,0.88,,,,,,,,,,,,,,230.0,,2.0,,,,,,,7,"price_volume, live_market, summary, top_gainers, top_losers, nepse_index, supply_demand",5501
2026-08-10T14:58:10.998999+05:45,2026-08-10 14:58:10,top_gainers,top_gainers_34,True,cloud_automated,Monday - Trading Hours: 11:00 AM - 3:00 PM NPT,2879,10% Laxmi Bank Debenture 2086,LBLD86,,,,0.83,,,,,,,,,,,,,,1210.0,,10.0,,,,,,,7,"price_volume, live_market, summary, top_gainers, top_losers, nepse_index, supply_demand",5501
2026-08-10T14:58:10.998999+05:45,2026-08-10 14:58:10,top_gainers,top_gainers_35,True,cloud_automated,Monday - Trading Hours: 11:00 AM - 3:00 PM NPT,2771,Support Microfinance Bittiya Sanstha Ltd.,SMB,,,,0.82,,,,,,,,,,,,,,1835.0,,15.0,,,,,,,7,"price_volume, live_market, summary, top_gainers, top_losers, nepse_index, supply_demand",5501
2026-08-10T14:58:10.998999+05:45,2026-08-10 14:58:10,top_gainers,top_gainers_36,True,cloud_automated,Monday - Trading Hours: 11:00 AM - 3:00 PM NPT,2744,Green Development Bank Ltd.,GRDBL,,,,0.76,,,,,,,,,,,,,,1057.0,,8.0,,,,,,,7,"price_volume, live_market, summary, top_gainers, top_losers, nepse_index, supply_demand",5501
2026-08-10T14:58:10.998999+05:45,2026-08-10 14:58:10,top_gainers,top_gainers_37,True,cloud_automated,Monday - Trading Hours: 11:00 AM - 3:00 PM NPT,163,Nirdhan Utthan Laghubitta Bittiya Sanstha Limited,NUBL,,,,0.76,,,,,,,,,,,,,,610.0,,4.6,,,,,,,7,"price_volume, live_market, summary, top_gainers, top_losers, nepse_index, supply_demand",5501
2026-08-10T14:58:10.998999+05:45,2026-08-10 14:58:10,top_gainers,top_gainers_38,True,cloud_automated,Monday - Trading Hours: 11:00 AM - 3:00 PM NPT,268,Swabalamban Laghubitta Bittiya Sanstha Limited,SWBBL,,,,0.75,,,,,,,,,,,,,,670.0,,5.0,,,,,,,7,"price_volume, live_market, summary, top_gainers, top_losers, nepse_index, supply_demand",5501
2026-08-10T14:58:10.998999+05:45,2026-08-10 14:58:10,top_gainers,top_gainers_39,True,cloud_automated,Monday - Trading Hours: 11:00 AM - 3:00 PM NPT,2914,United IDI Mardi RB Hydropower Limited.,UMRH,,,,0.74,,,,,,,,,,,,,,530.0,,3.9,,,,,,,7,"price_volume, live_market, summary, top_gainers, top_losers, nepse_index, supply_demand",5501
2026-08-10T14:58:10.998999+05:45,2026-08-10 14:58:10,top_gainers,top_gainers_40,True,cloud_automated,Monday - Trading Hours: 11:00 AM - 3:00 PM NPT,9301,Shreenagar Agritech Industries Limited,SAIL,,,,0.73,,,,,,,,,,,,,,1098.0,,8.0,,,,,,,7,"price_volume, live_market, summary, top_gainers, top_losers, nepse_index, supply_demand",5501
2026-08-10T14:58:10.998999+05:45,2026-08-10 14:58:10,top_gainers,top_gainers_41,True,cloud_automated,Monday - Trading Hours: 11:00 AM - 3:00 PM NPT,9343,Taksar Pikhuwa Khola Hydropower Limited,TPKHL,,,,0.67,,,,,,,,,,,,,,557.7,,3.7,,,,,,,7,"price_volume, live_market, summary, top_gainers, top_losers, nepse_index, supply_demand",5501
2026-08-10T14:58:10.998999+05:45,2026-08-10 14:58:10,top_gainers,top_gainers_42,True,cloud_automated,Monday - Trading Hours: 11:00 AM - 3:00 PM NPT,9262,Trade Tower Limited,TTL,,,,0.58,,,,,,,,,,,,,,714.1,,4.1,,,,,,,7,"price_volume, live_market, summary, top_gainers, top_losers, nepse_index, supply_demand",5501
2026-08-10T14:58:10.998999+05:45,2026-08-10 14:58:10,top_gainers,top_gainers_43,True,cloud_automated,Monday - Trading Hours: 11:00 AM - 3:00 PM NPT,2759,Synergy Power Development Ltd.,SPDL,,,,0.57,,,,,,,,,,,,,,370.1,,2.1,,,,,,,7,"price_volume, live_market, summary, top_gainers, top_losers, nepse_index, supply_demand",5501
2026-08-10T14:58:10.998999+05:45,2026-08-10 14:58:10,top_gainers,top_gainers_44,True,cloud_automated,Monday - Trading Hours: 11:00 AM - 3:00 PM NPT,618,Laxmi Laghubitta Bittiya Sanstha Ltd.,LLBS,,,,0.56,,,,,,,,,,,,,,890.0,,5.0,,,,,,,7,"price_volume, live_market, summary, top_gainers, top_losers, nepse_index, supply_demand",5501
2026-08-10T14:58:10.998999+05:45,2026-08-10 14:58:10,top_gainers,top_gainers_45,True,cloud_automated,Monday - Trading Hours: 11:00 AM - 3:00 PM NPT,9336,Sopan Pharmaceuticals Limited,SOPL,,,,0.56,,,,,,,,,,,,,,796.4,,4.4,,,,,,,7,"price_volume, live_market, summary, top_gainers, top_losers, nepse_index, supply_demand",5501
2026-08-10T14:58:10.998999+05:45,2026-08-10 14:58:10,top_gainers,top_gainers_46,True,cloud_automated,Monday - Trading Hours: 11:00 AM - 3:00 PM NPT,9296,Bungal Hydro Limited,BUNGAL,,,,0.55,,,,,,,,,,,,,,588.0,,3.2,,,,,,,7,"price_volume, live_market, summary, top_gainers, top_losers, nepse_index, supply_demand",5501
2026-08-10T14:58:10.998999+05:45,2026-08-10 14:58:10,top_gainers,top_gainers_47,True,cloud_automated,Monday - Trading Hours: 11:00 AM - 3:00 PM NPT,9236,NIC ASIA Growth Fund-2,NICGF2,,,,0.54,,,,,,,,,,,,,,9.23,,0.05,,,,,,,7,"price_volume, live_market, summary, top_gainers, top_losers, nepse_index, supply_demand",5501
2026-08-10T14:58:10.998999+05:45,2026-08-10 14:58:10,top_gainers,top_gainers_48,True,cloud_automated,Monday - Trading Hours: 11:00 AM - 3:00 PM NPT,178,National Life Insurance Co. Ltd.,NLICL,,,,0.53,,,,,,,,,,,,,,565.0,,3.0,,,,,,,7,"price_volume, live_market, summary, top_gainers, top_losers, nepse_index, supply_demand",5501
2026-08-10T14:58:10.998999+05:45,2026-08-10 14:58:10,top_gainers,top_gainers_49,True,cloud_automated,Monday - Trading Hours: 11:00 AM - 3:00 PM NPT,8070,Dordi Khola Jal Bidyut Company Limited,DORDI,,,,0.53,,,,,,,,,,,,,,248.3,,1.3,,,,,,,7,"price_volume, live_market, summary, top_gainers, top_losers, nepse_index, supply_demand",5501
2026-08-10T14:58:10.998999+05:45,2026-08-10 14:58:10,top_gainers,top_gainers_50,True,cloud_automated,Monday - Trading Hours: 11:00 AM - 3:00 PM NPT,9151,Kalinchowk Darshan Limited,KDL,,,,0.52,,,,,,,,,,,,,,778.0,,4.0,,,,,,,7,"price_volume, live_market, summary, top_gainers, top_losers, nepse_index, supply_demand",5501
2026-08-10T14:58:10.998999+05:45,2026-08-10 14:58:10,top_gainers,top_gainers_51,True,cloud_automated,Monday - Trading Hours: 11:00 AM - 3:00 PM NPT,9257,MBL Equity Fund,MBLEF,,,,0.49,,,,,,,,,,,,,,10.33,,0.05,,,,,,,7,"price_volume, live_market, summary, top_gainers, top_losers, nepse_index, supply_demand",5501
2026-08-10T14:58:10.998999+05:45,2026-08-10 14:58:10,top_gainers,top_gainers_52,True,cloud_automated,Monday - Trading Hours: 11:00 AM - 3:00 PM NPT,9192,Upper Syange Hydropower Limited,USHL,,,,0.48,,,,,,,,,,,,,,541.5,,2.6,,,,,,,7,"price_volume, live_market, summary, top_gainers, top_losers, nepse_index, supply_demand",5501
2026-08-10T14:58:10.998999+05:45,2026-08-10 14:58:10,top_gainers,top_gainers_53,True,cloud_automated,Monday - Trading Hours: 11:00 AM - 3:00 PM NPT,9306,Reliance Spinning Mills Limited,RSML,,,,0.47,,,,,,,,,,,,,,2632.4,,12.4,,,,,,,7,"price_volume, live_market, summary, top_gainers, top_losers, nepse_index, supply_demand",5501
2026-08-10T14:58:10.998999+05:45,2026-08-10 14:58:10,top_gainers,top_gainers_54,True,cloud_automated,Monday - Trading Hours: 11:00 AM - 3:00 PM NPT,2829,Swabhimaan Laghubitta Bittiya Sanstha Limited,SMFBS,,,,0.46,,,,,,,,,,,,,,1500.0,,6.9,,,,,,,7,"price_volume, live_market, summary, top_gainers, top_losers, nepse_index, supply_demand",5501
2026-08-10T14:58:10.998999+05:45,2026-08-10 14:58:10,top_gainers,top_gainers_55,True,cloud_automated,Monday - Trading Hours: 11:00 AM - 3:00 PM NPT,9183,Nepal Republic Media Limited,NRM,,,,0.46,,,,,,,,,,,,,,306.5,,1.4,,,,,,,7,"price_volume, live_market, summary, top_gainers, top_losers, nepse_index, supply_demand",5501
2026-08-10T14:58:10.998999+05:45,2026-08-10 14:58:10,top_gainers,top_gainers_56,True,cloud_automated,Monday - Trading Hours: 11:00 AM - 3:00 PM NPT,2774,Unnati Sahakarya Laghubitta Bittiya Sanstha Limited,USLB,,,,0.44,,,,,,,,,,,,,,1130.0,,5.0,,,,,,,7,"price_volume, live_market, summary, top_gainers, top_losers, nepse_index, supply_demand",5501
2026-08-10T14:58:10.998999+05:45,2026-08-10 14:58:10,top_gainers,top_gainers_57,True,cloud_automated,Monday - Trading Hours: 11:00 AM - 3:00 PM NPT,8005,Mailung Khola Jal Vidhyut Company Limited,MKJC,,,,0.44,,,,,,,,,,,,,,455.0,,2.0,,,,,,,7,"price_volume, live_market, summary, top_gainers, top_losers, nepse_index, supply_demand",5501
2026-08-10T14:58:10.998999+05:45,2026-08-10 14:58:10,top_gainers,top_gainers_58,True,cloud_automated,Monday - Trading Hours: 11:00 AM - 3:00 PM NPT,9198,Laxmi Value Fund 2,LVF2,,,,0.44,,,,,,,,,,,,,,9.1,,0.04,,,,,,,7,"price_volume, live_market, summary, top_gainers, top_losers, nepse_index, supply_demand",5501
2026-08-10T14:58:10.998999+05:45,2026-08-10 14:58:10,top_gainers,top_gainers_59,True,cloud_automated,Monday - Trading Hours: 11:00 AM - 3:00 PM NPT,9330,Palpa Cement Industries Limited,PCIL,,,,0.43,,,,,,,,,,,,,,625.0,,2.7,,,,,,,7,"price_volume, live_market, summary, top_gainers, top_losers, nepse_index, supply_demand",5501
2026-08-10T14:58:10.998999+05:45,2026-08-10 14:58:10,top_gainers,top_gainers_60,True,cloud_automated,Monday - Trading Hours: 11:00 AM - 3:00 PM NPT,9156,Sanima Middle Tamor Hydropower Limited,TAMOR,,,,0.43,,,,,,,,,,,,,,447.0,,1.9,,,,,,,7,"price_volume, live_market, summary, top_gainers, top_losers, nepse_index, supply_demand",5501
2026-08-10T14:58:10.998999+05:45,2026-08-10 14:58:10,top_gainers,top_gainers_61,True,cloud_automated,Monday - Trading Hours: 11:00 AM - 3:00 PM NPT,2908,Sanima GIC Insurance Limited,SGIC,,,,0.42,,,,,,,,,,,,,,453.9,,1.9,,,,,,,7,"price_volume, live_market, summary, top_gainers, top_losers, nepse_index, supply_demand",5501
2026-08-10T14:58:10.998999+05:45,2026-08-10 14:58:10,top_gainers,top_gainers_62,True,cloud_automated,Monday - Trading Hours: 11:00 AM - 3:00 PM NPT,2824,Himalaya Urja Bikas Company Limited,HURJA,,,,0.42,,,,,,,,,,,,,,239.0,,1.0,,,,,,,7,"price_volume, live_market, summary, top_gainers, top_losers, nepse_index, supply_demand",5501
2026-08-10T14:58:10.998999+05:45,2026-08-10 14:58:10,top_gainers,top_gainers_63,True,cloud_automated,Monday - Trading Hours: 11:00 AM - 3:00 PM NPT,2913,Mountain Energy Nepal Limited,MEN,,,,0.4,,,,,,,,,,,,,,597.5,,2.4,,,,,,,7,"price_volume, live_market, summary, top_gainers, top_losers, nepse_index, supply_demand",5501
2026-08-10T14:58:10.998999+05:45,2026-08-10 14:58:10,top_gainers,top_gainers_64,True,cloud_automated,Monday - Trading Hours: 11:00 AM - 3:00 PM NPT,148,Taragaon Regency Hotel Limited,TRH,,,,0.38,,,,,,,,,,,,,,793.0,,3.0,,,,,,,7,"price_volume, live_market, summary, top_gainers, top_losers, nepse_index, supply_demand",5501
2026-08-10T14:58:10.998999+05:45,2026-08-10 14:58:10,top_gainers,top_gainers_65,True,cloud_automated,Monday - Trading Hours: 11:00 AM - 3:00 PM NPT,9342,Yambaling Hydropower Limited,YMHL,,,,0.37,,,,,,,,,,,,,,624.1,,2.3,,,,,,,7,"price_volume, live_market, summary, top_gainers, top_losers, nepse_index, supply_demand",5501
2026-08-10T14:58:10.998999+05:45,2026-08-10 14:58:10,top_gainers,top_gainers_66,True,cloud_automated,Monday - Trading Hours: 11:00 AM - 3:00 PM NPT,152,National Hydro Power Company Limited,NHPC,,,,0.37,,,,,,,,,,,,,,274.0,,1.0,,,,,,,7,"price_volume, live_market, summary, top_gainers, top_losers, nepse_index, supply_demand",5501
2026-08-10T14:58:10.998999+05:45,2026-08-10 14:58:10,top_gainers,top_gainers_67,True,cloud_automated,Monday - Trading Hours: 11:00 AM - 3:00 PM NPT,9304,Citizens Santulit Yojana,CSY,,,,0.34,,,,,,,,,,,,,,8.88,,0.03,,,,,,,7,"price_volume, live_market, summary, top_gainers, top_losers, nepse_index, supply_demand",5501
2026-08-10T14:58:10.998999+05:45,2026-08-10 14:58:10,top_gainers,top_gainers_68,True,cloud_automated,Monday - Trading Hours: 11:00 AM - 3:00 PM NPT,471,Multipurpose Finance Company  Limited,MPFL,,,,0.33,,,,,,,,,,,,,,615.0,,2.0,,,,,,,7,"price_volume, live_market, summary, top_gainers, top_losers, nepse_index, supply_demand",5501
2026-08-10T14:58:10.998999+05:45,2026-08-10 14:58:10,top_gainers,top_gainers_69,True,cloud_automated,Monday - Trading Hours: 11:00 AM - 3:00 PM NPT,2898,NRN Infrastructure and Development Limited,NRN,,,,0.31,,,,,,,,,,,,,,1375.2,,4.2,,,,,,,7,"price_volume, live_market, summary, top_gainers, top_losers, nepse_index, supply_demand",5501
2026-08-10T14:58:10.998999+05:45,2026-08-10 14:58:10,top_gainers,top_gainers_70,True,cloud_automated,Monday - Trading Hours: 11:00 AM - 3:00 PM NPT,9168,"Global IME Bank Debenture, 2084/85",GBILD84/85,,,,0.31,,,,,,,,,,,,,,1103.0,,3.4,,,,,,,7,"price_volume, live_market, summary, top_gainers, top_losers, nepse_index, supply_demand",5501
2026-08-10T14:58:10.998999+05:45,2026-08-10 14:58:10,top_gainers,top_gainers_71,True,cloud_automated,Monday - Trading Hours: 11:00 AM - 3:00 PM NPT,8024,Nabil Balanced Fund-3,NBF3,,,,0.31,,,,,,,,,,,,,,9.58,,0.03,,,,,,,7,"price_volume, live_market, summary, top_gainers, top_losers, nepse_index, supply_demand",5501
2026-08-10T14:58:10.998999+05:45,2026-08-10 14:58:10,top_gainers,top_gainers_72,True,cloud_automated,Monday - Trading Hours: 11:00 AM - 3:00 PM NPT,4968,RBB Mutual Fund 1,RMF1,,,,0.31,,,,,,,,,,,,,,9.7,,0.03,,,,,,,7,"price_volume, live_market, summary, top_gainers, top_losers, nepse_index, supply_demand",5501
2026-08-10T14:58:10.998999+05:45,2026-08-10 14:58:10,top_gainers,top_gainers_73,True,cloud_automated,Monday - Trading Hours: 11:00 AM - 3:00 PM NPT,184,Prabhu Insurance Ltd.,PRIN,,,,0.3,,,,,,,,,,,,,,668.0,,2.0,,,,,,,7,"price_volume, live_market, summary, top_gainers, top_losers, nepse_index, supply_demand",5501
2026-08-10T14:58:10.998999+05:45,2026-08-10 14:58:10,top_gainers,top_gainers_74,True,cloud_automated,Monday - Trading Hours: 11:00 AM - 3:00 PM NPT,687,Vijaya laghubitta Bittiya Sanstha Ltd.,VLBS,,,,0.3,,,,,,,,,,,,,,668.0,,2.0,,,,,,,7,"price_volume, live_market, summary, top_gainers, top_losers, nepse_index, supply_demand",5501
2026-08-10T14:58:10.998999+05:45,2026-08-10 14:58:10,top_gainers,top_gainers_75,True,cloud_automated,Monday - Trading Hours: 11:00 AM - 3:00 PM NPT,9233,Nepal Warehousing Company Limited ,NWCL,,,,0.29,,,,,,,,,,,,,,690.0,,2.0,,,,,,,7,"price_volume, live_market, summary, top_gainers, top_losers, nepse_index, supply_demand",5501
2026-08-10T14:58:10.998999+05:45,2026-08-10 14:58:10,top_gainers,top_gainers_76,True,cloud_automated,Monday - Trading Hours: 11:00 AM - 3:00 PM NPT,2867,NMB 50,NMB50,,,,0.29,,,,,,,,,,,,,,10.41,,0.03,,,,,,,7,"price_volume, live_market, summary, top_gainers, top_losers, nepse_index, supply_demand",5501
2026-08-10T14:58:10.998999+05:45,2026-08-10 14:58:10,top_gainers,top_gainers_77,True,cloud_automated,Monday - Trading Hours: 11:00 AM - 3:00 PM NPT,2746,National Laghubitta Bittiya Sanstha Limited,NMFBS,,,,0.24,,,,,,,,,,,,,,1104.0,,2.6,,,,,,,7,"price_volume, live_market, summary, top_gainers, top_losers, nepse_index, supply_demand",5501
2026-08-10T14:58:10.998999+05:45,2026-08-10 14:58:10,top_gainers,top_gainers_78,True,cloud_automated,Monday - Trading Hours: 11:00 AM - 3:00 PM NPT,176,Nepal Insurance Co. Ltd.,NICL,,,,0.2,,,,,,,,,,,,,,500.0,,1.0,,,,,,,7,"price_volume, live_market, summary, top_gainers, top_losers, nepse_index, supply_demand",5501
2026-08-10T14:58:10.998999+05:45,2026-08-10 14:58:10,top_gainers,top_gainers_79,True,cloud_automated,Monday - Trading Hours: 11:00 AM - 3:00 PM NPT,2881,Nepal Reinsurance Company Limited,NRIC,,,,0.19,,,,,,,,,,,,,,933.8,,1.8,,,,,,,7,"price_volume, live_market, summary, top_gainers, top_losers, nepse_index, supply_demand",5501
2026-08-10T14:58:10.998999+05:45,2026-08-10 14:58:10,top_gainers,top_gainers_80,True,cloud_automated,Monday - Trading Hours: 11:00 AM - 3:00 PM NPT,192,Shikhar Insurance Co. Ltd.,SICL,,,,0.18,,,,,,,,,,,,,,610.2,,1.1,,,,,,,7,"price_volume, live_market, summary, top_gainers, top_losers, nepse_index, supply_demand",5501
2026-08-10T14:58:10.998999+05:45,2026-08-10 14:58:10,top_gainers,top_gainers_81,True,cloud_automated,Monday - Trading Hours: 11:00 AM - 3:00 PM NPT,8022,Terhathum Power Company Limited,TPC,,,,0.17,,,,,,,,,,,,,,360.1,,0.6,,,,,,,7,"price_volume, live_market, summary, top_gainers, top_losers, nepse_index, supply_demand",5501
2026-08-10T14:58:10.998999+05:45,2026-08-10 14:58:10,top_gainers,top_gainers_82,True,cloud_automated,Monday - Trading Hours: 11:00 AM - 3:00 PM NPT,2769,Nepal Hydro Developers Ltd.,NHDL,,,,0.16,,,,,,,,,,,,,,641.0,,1.0,,,,,,,7,"price_volume, live_market, summary, top_gainers, top_losers, nepse_index, supply_demand",5501
2026-08-10T14:58:10.998999+05:45,2026-08-10 14:58:10,top_gainers,top_gainers_83,True,cloud_automated,Monday - Trading Hours: 11:00 AM - 3:00 PM NPT,166,Deprosc Laghubitta Bittiya Sanstha Limited,DDBL,,,,0.12,,,,,,,,,,,,,,830.0,,1.0,,,,,,,7,"price_volume, live_market, summary, top_gainers, top_losers, nepse_index, supply_demand",5501
2026-08-10T14:58:10.998999+05:45,2026-08-10 14:58:10,top_gainers,top_gainers_84,True,cloud_automated,Monday - Trading Hours: 11:00 AM - 3:00 PM NPT,9312,Nepal Life Samriddhi Lagani Yojana,NSY,,,,0.11,,,,,,,,,,,,,,9.21,,0.01,,,,,,,7,"price_volume, live_market, summary, top_gainers, top_losers, nepse_index, supply_demand",5501
2026-08-10T14:58:10.998999+05:45,2026-08-10 14:58:10,top_gainers,top_gainers_85,True,cloud_automated,Monday - Trading Hours: 11:00 AM - 3:00 PM NPT,134,Himalayan Bank Limited,HBL,,,,0.1,,,,,,,,,,,,,,195.0,,0.2,,,,,,,7,"price_volume, live_market, summary, top_gainers, top_losers, nepse_index, supply_demand",5501
2026-08-10T14:58:10.998999+05:45,2026-08-10 14:58:10,top_gainers,top_gainers_86,True,cloud_automated,Monday - Trading Hours: 11:00 AM - 3:00 PM NPT,9191,Citizens Super 30 Mutual Fund,C30MF,,,,0.1,,,,,,,,,,,,,,9.91,,0.01,,,,,,,7,"price_volume, live_market, summary, top_gainers, top_losers, nepse_index, supply_demand",5501
2026-08-10T14:58:10.998999+05:45,2026-08-10 14:58:10,top_gainers,top_gainers_87,True,cloud_automated,Monday - Trading Hours: 11:00 AM - 3:00 PM NPT,601,Mithila LaghuBitta Bittiya Sanstha Limited,MLBBL,,,,0.09,,,,,,,,,,,,,,1120.0,,1.0,,,,,,,7,"price_volume, live_market, summary, top_gainers, top_losers, nepse_index, supply_demand",5501
2026-08-10T14:58:10.998999+05:45,2026-08-10 14:58:10,top_gainers,top_gainers_88,True,cloud_automated,Monday - Trading Hours: 11:00 AM - 3:00 PM NPT,8074,Kumari Dhanabriddhi Yojana,KDBY,,,,0.09,,,,,,,,,,,,,,11.1,,0.01,,,,,,,7,"price_volume, live_market, summary, top_gainers, top_losers, nepse_index, supply_demand",5501
2026-08-10T14:58:10.998999+05:45,2026-08-10 14:58:10,top_gainers,top_gainers_89,True,cloud_automated,Monday - Trading Hours: 11:00 AM - 3:00 PM NPT,474,Muktinath Bikas Bank Ltd.,MNBBL,,,,0.08,,,,,,,,,,,,,,366.6,,0.3,,,,,,,7,"price_volume, live_market, summary, top_gainers, top_losers, nepse_index, supply_demand",5501
2026-08-10T14:58:10.998999+05:45,2026-08-10 14:58:10,top_gainers,top_gainers_90,True,cloud_automated,Monday - Trading Hours: 11:00 AM - 3:00 PM NPT,9337,Appolo Hydropower Limited,APHL,,,,0.07,,,,,,,,,,,,,,828.6,,0.6,,,,,,,7,"price_volume, live_market, summary, top_gainers, top_losers, nepse_index, supply_demand",5501
2026-08-10T14:58:10.998999+05:45,2026-08-10 14:58:10,top_gainers,top_gainers_91,True,cloud_automated,Monday - Trading Hours: 11:00 AM - 3:00 PM NPT,9345,Sanigad Hydro Limited,SGHL,,,,0.06,,,,,,,,,,,,,,518.3,,0.3,,,,,,,7,"price_volume, live_market, summary, top_gainers, top_losers, nepse_index, supply_demand",5501
2026-08-10T14:58:10.998999+05:45,2026-08-10 14:58:10,top_gainers,top_gainers_92,True,cloud_automated,Monday - Trading Hours: 11:00 AM - 3:00 PM NPT,2896,Sampada Laghubitta Bittiya Sanstha Limited,SMPDA,,,,0.01,,,,,,,,,,,,,,745.1,,0.1,,,,,,,7,"price_volume, live_market, summary, top_gainers, top_losers, nepse_index, supply_demand",5501
2026-08-10T14:58:10.998999+05:45,2026-08-10 14:58:10,top_losers,top_losers_1,True,cloud_automated,Monday - Trading Hours: 11:00 AM - 3:00 PM NPT,9161,Aatmanirbhar Laghubitta Bittiya Sanstha Limited,ANLB,,,,-10.57,,,,,,,,,,,,,,5365.0,,-634.0,,,,,,,7,"price_volume, live_market, summary, top_gainers, top_losers, nepse_index, supply_demand",5501
2026-08-10T14:58:10.998999+05:45,2026-08-10 14:58:10,top_losers,top_losers_2,True,cloud_automated,Monday - Trading Hours: 11:00 AM - 3:00 PM NPT,9351,Reliable Samriddhi Yojana -2,RSY2,,,,-9.7,,,,,,,,,,,,,,9.03,,-0.97,,,,,,,7,"price_volume, live_market, summary, top_gainers, top_losers, nepse_index, supply_demand",5501
2026-08-10T14:58:10.998999+05:45,2026-08-10 14:58:10,top_losers,top_losers_3,True,cloud_automated,Monday - Trading Hours: 11:00 AM - 3:00 PM NPT,2902,Laxmi Unnati Kosh,LUK,,,,-5.89,,,,,,,,,,,,,,10.06,,-0.63,,,,,,,7,"price_volume, live_market, summary, top_gainers, top_losers, nepse_index, supply_demand",5501
2026-08-10T14:58:10.998999+05:45,2026-08-10 14:58:10,top_losers,top_losers_4,True,cloud_automated,Monday - Trading Hours: 11:00 AM - 3:00 PM NPT,9264,7% RBBL Debenture 2088,RBBD2088,,,,-5.86,,,,,,,,,,,,,,994.1,,-61.9,,,,,,,7,"price_volume, live_market, summary, top_gainers, top_losers, nepse_index, supply_demand",5501
2026-08-10T14:58:10.998999+05:45,2026-08-10 14:58:10,top_losers,top_losers_5,True,cloud_automated,Monday - Trading Hours: 11:00 AM - 3:00 PM NPT,9347,Everest Colour Limited,ECL,,,,-5.11,,,,,,,,,,,,,,1580.0,,-85.0,,,,,,,7,"price_volume, live_market, summary, top_gainers, top_losers, nepse_index, supply_demand",5501
2026-08-10T14:58:10.998999+05:45,2026-08-10 14:58:10,top_losers,top_losers_6,True,cloud_automated,Monday - Trading Hours: 11:00 AM - 3:00 PM NPT,9138,NIBL Growth Fund,NIBLGF,,,,-4.86,,,,,,,,,,,,,,8.8,,-0.45,,,,,,,7,"price_volume, live_market, summary, top_gainers, top_losers, nepse_index, supply_demand",5501
2026-08-10T14:58:10.998999+05:45,2026-08-10 14:58:10,top_losers,top_losers_7,True,cloud_automated,Monday - Trading Hours: 11:00 AM - 3:00 PM NPT,9217,Mathillo Mailun Khola Jalvidhyut Limited,MMKJL,,,,-3.93,,,,,,,,,,,,,,437.0,,-17.9,,,,,,,7,"price_volume, live_market, summary, top_gainers, top_losers, nepse_index, supply_demand",5501
2026-08-10T14:58:10.998999+05:45,2026-08-10 14:58:10,top_losers,top_losers_8,True,cloud_automated,Monday - Trading Hours: 11:00 AM - 3:00 PM NPT,9290,HLI Large Cap Fund,HLICF,,,,-3.8,,,,,,,,,,,,,,8.6,,-0.34,,,,,,,7,"price_volume, live_market, summary, top_gainers, top_losers, nepse_index, supply_demand",5501
2026-08-10T14:58:10.998999+05:45,2026-08-10 14:58:10,top_losers,top_losers_9,True,cloud_automated,Monday - Trading Hours: 11:00 AM - 3:00 PM NPT,9159,Sagarmatha Jalabidhyut Company Limited,SMJC,,,,-3.67,,,,,,,,,,,,,,441.2,,-16.8,,,,,,,7,"price_volume, live_market, summary, top_gainers, top_losers, nepse_index, supply_demand",5501
2026-08-10T14:58:10.998999+05:45,2026-08-10 14:58:10,top_losers,top_losers_10,True,cloud_automated,Monday - Trading Hours: 11:00 AM - 3:00 PM NPT,9203,Manakamana Engineering Hydropower Limited,MEHL,,,,-3.04,,,,,,,,,,,,,,287.0,,-9.0,,,,,,,7,"price_volume, live_market, summary, top_gainers, top_losers, nepse_index, supply_demand",5501
2026-08-10T14:58:10.998999+05:45,2026-08-10 14:58:10,top_losers,top_losers_11,True,cloud_automated,Monday - Trading Hours: 11:00 AM - 3:00 PM NPT,9135,Barahi Hydropower Public Limited,BHPL,,,,-3.02,,,,,,,,,,,,,,482.0,,-15.0,,,,,,,7,"price_volume, live_market, summary, top_gainers, top_losers, nepse_index, supply_demand",5501
2026-08-10T14:58:10.998999+05:45,2026-08-10 14:58:10,top_losers,top_losers_12,True,cloud_automated,Monday - Trading Hours: 11:00 AM - 3:00 PM NPT,4969,Muktinath Debenture 2084/85,MND84/85,,,,-3.0,,,,,,,,,,,,,,1042.8,,-32.2,,,,,,,7,"price_volume, live_market, summary, top_gainers, top_losers, nepse_index, supply_demand",5501
2026-08-10T14:58:10.998999+05:45,2026-08-10 14:58:10,top_losers,top_losers_13,True,cloud_automated,Monday - Trading Hours: 11:00 AM - 3:00 PM NPT,9149,Maya Khola Hydropower Company Limited,MKHC,,,,-3.0,,,,,,,,,,,,,,271.6,,-8.4,,,,,,,7,"price_volume, live_market, summary, top_gainers, top_losers, nepse_index, supply_demand",5501
2026-08-10T14:58:10.998999+05:45,2026-08-10 14:58:10,top_losers,top_losers_14,True,cloud_automated,Monday - Trading Hours: 11:00 AM - 3:00 PM NPT,2875,10.25% Prabhu Bank  Debenture 2086,PBLD86,,,,-2.99,,,,,,,,,,,,,,1383.2,,-42.7,,,,,,,7,"price_volume, live_market, summary, top_gainers, top_losers, nepse_index, supply_demand",5501
2026-08-10T14:58:10.998999+05:45,2026-08-10 14:58:10,top_losers,top_losers_15,True,cloud_automated,Monday - Trading Hours: 11:00 AM - 3:00 PM NPT,8043,Civil Bank Debenture 2088,CBLD88,,,,-2.85,,,,,,,,,,,,,,1195.0,,-35.0,,,,,,,7,"price_volume, live_market, summary, top_gainers, top_losers, nepse_index, supply_demand",5501
2026-08-10T14:58:10.998999+05:45,2026-08-10 14:58:10,top_losers,top_losers_16,True,cloud_automated,Monday - Trading Hours: 11:00 AM - 3:00 PM NPT,2804,Samudayik Laghubitta Bittiya Sanstha Limited,SLBSL,,,,-2.85,,,,,,,,,,,,,,954.1,,-28.0,,,,,,,7,"price_volume, live_market, summary, top_gainers, top_losers, nepse_index, supply_demand",5501
2026-08-10T14:58:10.998999+05:45,2026-08-10 14:58:10,top_losers,top_losers_17,True,cloud_automated,Monday - Trading Hours: 11:00 AM - 3:00 PM NPT,9244,NIBL Stable Fund,NIBLSTF,,,,-2.84,,,,,,,,,,,,,,8.54,,-0.25,,,,,,,7,"price_volume, live_market, summary, top_gainers, top_losers, nepse_index, supply_demand",5501
2026-08-10T14:58:10.998999+05:45,2026-08-10 14:58:10,top_losers,top_losers_18,True,cloud_automated,Monday - Trading Hours: 11:00 AM - 3:00 PM NPT,2863,NIC Asia Balanced Fund,NICBF,,,,-2.82,,,,,,,,,,,,,,9.3,,-0.27,,,,,,,7,"price_volume, live_market, summary, top_gainers, top_losers, nepse_index, supply_demand",5501
2026-08-10T14:58:10.998999+05:45,2026-08-10 14:58:10,top_losers,top_losers_19,True,cloud_automated,Monday - Trading Hours: 11:00 AM - 3:00 PM NPT,8132,Shrijanshil Laghubitta Bittiya Sanstha Limited,SHLB,,,,-2.78,,,,,,,,,,,,,,1434.0,,-41.0,,,,,,,7,"price_volume, live_market, summary, top_gainers, top_losers, nepse_index, supply_demand",5501
2026-08-10T14:58:10.998999+05:45,2026-08-10 14:58:10,top_losers,top_losers_20,True,cloud_automated,Monday - Trading Hours: 11:00 AM - 3:00 PM NPT,9322,Bhujung Hydropower Limited,BJHL,,,,-2.74,,,,,,,,,,,,,,675.0,,-19.0,,,,,,,7,"price_volume, live_market, summary, top_gainers, top_losers, nepse_index, supply_demand",5501
2026-08-10T14:58:10.998999+05:45,2026-08-10 14:58:10,top_losers,top_losers_21,True,cloud_automated,Monday - Trading Hours: 11:00 AM - 3:00 PM NPT,2915,Prabhu Mahalaxmi Life Insurance Limited,PMLI,,,,-2.74,,,,,,,,,,,,,,425.5,,-12.0,,,,,,,7,"price_volume, live_market, summary, top_gainers, top_losers, nepse_index, supply_demand",5501
2026-08-10T14:58:10.998999+05:45,2026-08-10 14:58:10,top_losers,top_losers_22,True,cloud_automated,Monday - Trading Hours: 11:00 AM - 3:00 PM NPT,8121,Sayapatri Hydropower Limited,SPHL,,,,-2.67,,,,,,,,,,,,,,510.0,,-14.0,,,,,,,7,"price_volume, live_market, summary, top_gainers, top_losers, nepse_index, supply_demand",5501
2026-08-10T14:58:10.998999+05:45,2026-08-10 14:58:10,top_losers,top_losers_23,True,cloud_automated,Monday - Trading Hours: 11:00 AM - 3:00 PM NPT,9232,Chirkhwa Hydropower Limited ,CKHL,,,,-2.64,,,,,,,,,,,,,,568.6,,-15.4,,,,,,,7,"price_volume, live_market, summary, top_gainers, top_losers, nepse_index, supply_demand",5501
2026-08-10T14:58:10.998999+05:45,2026-08-10 14:58:10,top_losers,top_losers_24,True,cloud_automated,Monday - Trading Hours: 11:00 AM - 3:00 PM NPT,9208,Upper Lohore Khola Hydropower Company Limited,ULHC,,,,-2.64,,,,,,,,,,,,,,369.0,,-10.0,,,,,,,7,"price_volume, live_market, summary, top_gainers, top_losers, nepse_index, supply_demand",5501
2026-08-10T14:58:10.998999+05:45,2026-08-10 14:58:10,top_losers,top_losers_25,True,cloud_automated,Monday - Trading Hours: 11:00 AM - 3:00 PM NPT,9327,8% ICFC Finance Limited Debenture 2089,ICFCD89,,,,-2.55,,,,,,,,,,,,,,1064.2,,-27.8,,,,,,,7,"price_volume, live_market, summary, top_gainers, top_losers, nepse_index, supply_demand",5501
2026-08-10T14:58:10.998999+05:45,2026-08-10 14:58:10,top_losers,top_losers_26,True,cloud_automated,Monday - Trading Hours: 11:00 AM - 3:00 PM NPT,9245,Muktinath Mutual Fund 1,MNMF1,,,,-2.55,,,,,,,,,,,,,,9.55,,-0.25,,,,,,,7,"price_volume, live_market, summary, top_gainers, top_losers, nepse_index, supply_demand",5501
2026-08-10T14:58:10.998999+05:45,2026-08-10 14:58:10,top_losers,top_losers_27,True,cloud_automated,Monday - Trading Hours: 11:00 AM - 3:00 PM NPT,9349,Sanima Equity Fund-2,SAEF2,,,,-2.53,,,,,,,,,,,,,,9.26,,-0.24,,,,,,,7,"price_volume, live_market, summary, top_gainers, top_losers, nepse_index, supply_demand",5501
2026-08-10T14:58:10.998999+05:45,2026-08-10 14:58:10,top_losers,top_losers_28,True,cloud_automated,Monday - Trading Hours: 11:00 AM - 3:00 PM NPT,9324,Ridge Line Energy Limited,RLEL,,,,-2.46,,,,,,,,,,,,,,868.1,,-21.9,,,,,,,7,"price_volume, live_market, summary, top_gainers, top_losers, nepse_index, supply_demand",5501
2026-08-10T14:58:10.998999+05:45,2026-08-10 14:58:10,top_losers,top_losers_29,True,cloud_automated,Monday - Trading Hours: 11:00 AM - 3:00 PM NPT,2784,Nadep Laghubittiya bittya Sanstha Ltd.,NADEP,,,,-2.44,,,,,,,,,,,,,,711.2,,-17.8,,,,,,,7,"price_volume, live_market, summary, top_gainers, top_losers, nepse_index, supply_demand",5501
2026-08-10T14:58:10.998999+05:45,2026-08-10 14:58:10,top_losers,top_losers_30,True,cloud_automated,Monday - Trading Hours: 11:00 AM - 3:00 PM NPT,2835,NABIL BALANCED FUND-2,NBF2,,,,-2.38,,,,,,,,,,,,,,9.86,,-0.24,,,,,,,7,"price_volume, live_market, summary, top_gainers, top_losers, nepse_index, supply_demand",5501
2026-08-10T14:58:10.998999+05:45,2026-08-10 14:58:10,top_losers,top_losers_31,True,cloud_automated,Monday - Trading Hours: 11:00 AM - 3:00 PM NPT,9295,Swastik Laghubitta Bittiya Sanstha Limited,SWASTIK,,,,-2.35,,,,,,,,,,,,,,1992.0,,-48.0,,,,,,,7,"price_volume, live_market, summary, top_gainers, top_losers, nepse_index, supply_demand",5501
2026-08-10T14:58:10.998999+05:45,2026-08-10 14:58:10,top_losers,top_losers_32,True,cloud_automated,Monday - Trading Hours: 11:00 AM - 3:00 PM NPT,9194,Three Star Hydropower Limited,TSHL,,,,-2.35,,,,,,,,,,,,,,361.2,,-8.7,,,,,,,7,"price_volume, live_market, summary, top_gainers, top_losers, nepse_index, supply_demand",5501
2026-08-10T14:58:10.998999+05:45,2026-08-10 14:58:10,top_losers,top_losers_33,True,cloud_automated,Monday - Trading Hours: 11:00 AM - 3:00 PM NPT,8073,NIC Asia Flexi CAP Fund,NICFC,,,,-2.35,,,,,,,,,,,,,,9.15,,-0.22,,,,,,,7,"price_volume, live_market, summary, top_gainers, top_losers, nepse_index, supply_demand",5501
2026-08-10T14:58:10.998999+05:45,2026-08-10 14:58:10,top_losers,top_losers_34,True,cloud_automated,Monday - Trading Hours: 11:00 AM - 3:00 PM NPT,9218,Trishuli Jal Vidhyut Company Limited ,TVCL,,,,-2.28,,,,,,,,,,,,,,471.0,,-11.0,,,,,,,7,"price_volume, live_market, summary, top_gainers, top_losers, nepse_index, supply_demand",5501
2026-08-10T14:58:10.998999+05:45,2026-08-10 14:58:10,top_losers,top_losers_35,True,cloud_automated,Monday - Trading Hours: 11:00 AM - 3:00 PM NPT,9179,Modi Energy Limited,MEL,,,,-2.28,,,,,,,,,,,,,,210.0,,-4.9,,,,,,,7,"price_volume, live_market, summary, top_gainers, top_losers, nepse_index, supply_demand",5501
2026-08-10T14:58:10.998999+05:45,2026-08-10 14:58:10,top_losers,top_losers_36,True,cloud_automated,Monday - Trading Hours: 11:00 AM - 3:00 PM NPT,9175,Menchhiyam Hydropower Limited,MCHL,,,,-2.27,,,,,,,,,,,,,,275.6,,-6.4,,,,,,,7,"price_volume, live_market, summary, top_gainers, top_losers, nepse_index, supply_demand",5501
2026-08-10T14:58:10.998999+05:45,2026-08-10 14:58:10,top_losers,top_losers_37,True,cloud_automated,Monday - Trading Hours: 11:00 AM - 3:00 PM NPT,9323,Super Khudi Hydropower Limited,SKHL,,,,-2.25,,,,,,,,,,,,,,870.0,,-20.0,,,,,,,7,"price_volume, live_market, summary, top_gainers, top_losers, nepse_index, supply_demand",5501
2026-08-10T14:58:10.998999+05:45,2026-08-10 14:58:10,top_losers,top_losers_38,True,cloud_automated,Monday - Trading Hours: 11:00 AM - 3:00 PM NPT,180,United Ajod Insurance Limited,UAIL,,,,-2.2,,,,,,,,,,,,,,431.0,,-9.7,,,,,,,7,"price_volume, live_market, summary, top_gainers, top_losers, nepse_index, supply_demand",5501
2026-08-10T14:58:10.998999+05:45,2026-08-10 14:58:10,top_losers,top_losers_39,True,cloud_automated,Monday - Trading Hours: 11:00 AM - 3:00 PM NPT,2786,Panchakanya Mai Hydropower Ltd,PMHPL,,,,-2.2,,,,,,,,,,,,,,311.0,,-7.0,,,,,,,7,"price_volume, live_market, summary, top_gainers, top_losers, nepse_index, supply_demand",5501
2026-08-10T14:58:10.998999+05:45,2026-08-10 14:58:10,top_losers,top_losers_40,True,cloud_automated,Monday - Trading Hours: 11:00 AM - 3:00 PM NPT,704,NMB  Microfinance Bittiya Sanstha Ltd.,NMBMF,,,,-2.19,,,,,,,,,,,,,,602.5,,-13.5,,,,,,,7,"price_volume, live_market, summary, top_gainers, top_losers, nepse_index, supply_demand",5501
2026-08-10T14:58:10.998999+05:45,2026-08-10 14:58:10,top_losers,top_losers_41,True,cloud_automated,Monday - Trading Hours: 11:00 AM - 3:00 PM NPT,9300,Jhapa Energy Limited,JHAPA,,,,-2.11,,,,,,,,,,,,,,1067.0,,-23.0,,,,,,,7,"price_volume, live_market, summary, top_gainers, top_losers, nepse_index, supply_demand",5501
2026-08-10T14:58:10.998999+05:45,2026-08-10 14:58:10,top_losers,top_losers_42,True,cloud_automated,Monday - Trading Hours: 11:00 AM - 3:00 PM NPT,9325,Suryakunda Hydro Electric Limited,SKHEL,,,,-2.1,,,,,,,,,,,,,,969.2,,-20.8,,,,,,,7,"price_volume, live_market, summary, top_gainers, top_losers, nepse_index, supply_demand",5501
2026-08-10T14:58:10.998999+05:45,2026-08-10 14:58:10,top_losers,top_losers_43,True,cloud_automated,Monday - Trading Hours: 11:00 AM - 3:00 PM NPT,9329,Shikhar power Development Limited,SIPD,,,,-2.06,,,,,,,,,,,,,,666.0,,-14.0,,,,,,,7,"price_volume, live_market, summary, top_gainers, top_losers, nepse_index, supply_demand",5501
2026-08-10T14:58:10.998999+05:45,2026-08-10 14:58:10,top_losers,top_losers_44,True,cloud_automated,Monday - Trading Hours: 11:00 AM - 3:00 PM NPT,9294,Sagar Distillery Limited,SAGAR,,,,-1.99,,,,,,,,,,,,,,1715.1,,-34.9,,,,,,,7,"price_volume, live_market, summary, top_gainers, top_losers, nepse_index, supply_demand",5501
2026-08-10T14:58:10.998999+05:45,2026-08-10 14:58:10,top_losers,top_losers_45,True,cloud_automated,Monday - Trading Hours: 11:00 AM - 3:00 PM NPT,8018,Manushi Laghubitta Bittiya Sanstha Limited,MLBS,,,,-1.95,,,,,,,,,,,,,,1130.0,,-22.5,,,,,,,7,"price_volume, live_market, summary, top_gainers, top_losers, nepse_index, supply_demand",5501
2026-08-10T14:58:10.998999+05:45,2026-08-10 14:58:10,top_losers,top_losers_46,True,cloud_automated,Monday - Trading Hours: 11:00 AM - 3:00 PM NPT,8027,Nabil Debenture 2085,NBLD85,,,,-1.91,,,,,,,,,,,,,,1025.0,,-20.0,,,,,,,7,"price_volume, live_market, summary, top_gainers, top_losers, nepse_index, supply_demand",5501
2026-08-10T14:58:10.998999+05:45,2026-08-10 14:58:10,top_losers,top_losers_47,True,cloud_automated,Monday - Trading Hours: 11:00 AM - 3:00 PM NPT,2841,RASUWAGADHI HYDROPOWER COMPANY LIMITED,RHPL,,,,-1.89,,,,,,,,,,,,,,254.1,,-4.9,,,,,,,7,"price_volume, live_market, summary, top_gainers, top_losers, nepse_index, supply_demand",5501
2026-08-10T14:58:10.998999+05:45,2026-08-10 14:58:10,top_losers,top_losers_48,True,cloud_automated,Monday - Trading Hours: 11:00 AM - 3:00 PM NPT,9213,Hathway Investment Nepal Limited,HATHY,,,,-1.88,,,,,,,,,,,,,,680.0,,-13.0,,,,,,,7,"price_volume, live_market, summary, top_gainers, top_losers, nepse_index, supply_demand",5501
2026-08-10T14:58:10.998999+05:45,2026-08-10 14:58:10,top_losers,top_losers_49,True,cloud_automated,Monday - Trading Hours: 11:00 AM - 3:00 PM NPT,140,Machhapuchhre Bank Limited,MBL,,,,-1.88,,,,,,,,,,,,,,250.2,,-4.8,,,,,,,7,"price_volume, live_market, summary, top_gainers, top_losers, nepse_index, supply_demand",5501
2026-08-10T14:58:10.998999+05:45,2026-08-10 14:58:10,top_losers,top_losers_50,True,cloud_automated,Monday - Trading Hours: 11:00 AM - 3:00 PM NPT,2877,Sunrise First Mutual Fund,SFMF,,,,-1.86,,,,,,,,,,,,,,10.01,,-0.19,,,,,,,7,"price_volume, live_market, summary, top_gainers, top_losers, nepse_index, supply_demand",5501
2026-08-10T14:58:10.998999+05:45,2026-08-10 14:58:10,top_losers,top_losers_51,True,cloud_automated,Monday - Trading Hours: 11:00 AM - 3:00 PM NPT,9147,Shuvam Power Limited,SPL,,,,-1.84,,,,,,,,,,,,,,640.0,,-12.0,,,,,,,7,"price_volume, live_market, summary, top_gainers, top_losers, nepse_index, supply_demand",5501
2026-08-10T14:58:10.998999+05:45,2026-08-10 14:58:10,top_losers,top_losers_52,True,cloud_automated,Monday - Trading Hours: 11:00 AM - 3:00 PM NPT,517,Nepal Bank Limited,NBL,,,,-1.74,,,,,,,,,,,,,,265.2,,-4.7,,,,,,,7,"price_volume, live_market, summary, top_gainers, top_losers, nepse_index, supply_demand",5501
2026-08-10T14:58:10.998999+05:45,2026-08-10 14:58:10,top_losers,top_losers_53,True,cloud_automated,Monday - Trading Hours: 11:00 AM - 3:00 PM NPT,9176,Ingwa Hydropower Limited,IHL,,,,-1.73,,,,,,,,,,,,,,340.0,,-6.0,,,,,,,7,"price_volume, live_market, summary, top_gainers, top_losers, nepse_index, supply_demand",5501
2026-08-10T14:58:10.998999+05:45,2026-08-10 14:58:10,top_losers,top_losers_54,True,cloud_automated,Monday - Trading Hours: 11:00 AM - 3:00 PM NPT,204,Gurkhas Finance Ltd.,GUFL,,,,-1.68,,,,,,,,,,,,,,560.3,,-9.6,,,,,,,7,"price_volume, live_market, summary, top_gainers, top_losers, nepse_index, supply_demand",5501
2026-08-10T14:58:10.998999+05:45,2026-08-10 14:58:10,top_losers,top_losers_55,True,cloud_automated,Monday - Trading Hours: 11:00 AM - 3:00 PM NPT,9225,Vision Lumbini Urja Company Limited ,VLUCL,,,,-1.67,,,,,,,,,,,,,,413.0,,-7.0,,,,,,,7,"price_volume, live_market, summary, top_gainers, top_losers, nepse_index, supply_demand",5501
2026-08-10T14:58:10.998999+05:45,2026-08-10 14:58:10,top_losers,top_losers_56,True,cloud_automated,Monday - Trading Hours: 11:00 AM - 3:00 PM NPT,8104,Upper Solu Hydro Electric Company Limited,USHEC,,,,-1.65,,,,,,,,,,,,,,488.8,,-8.2,,,,,,,7,"price_volume, live_market, summary, top_gainers, top_losers, nepse_index, supply_demand",5501
2026-08-10T14:58:10.998999+05:45,2026-08-10 14:58:10,top_losers,top_losers_57,True,cloud_automated,Monday - Trading Hours: 11:00 AM - 3:00 PM NPT,9254,NMB Hybrid Fund L- II,NMBHF2,,,,-1.65,,,,,,,,,,,,,,9.54,,-0.16,,,,,,,7,"price_volume, live_market, summary, top_gainers, top_losers, nepse_index, supply_demand",5501
2026-08-10T14:58:10.998999+05:45,2026-08-10 14:58:10,top_losers,top_losers_58,True,cloud_automated,Monday - Trading Hours: 11:00 AM - 3:00 PM NPT,8131,Eastern Hydropower Limited,EHPL,,,,-1.63,,,,,,,,,,,,,,338.4,,-5.6,,,,,,,7,"price_volume, live_market, summary, top_gainers, top_losers, nepse_index, supply_demand",5501
2026-08-10T14:58:10.998999+05:45,2026-08-10 14:58:10,top_losers,top_losers_59,True,cloud_automated,Monday - Trading Hours: 11:00 AM - 3:00 PM NPT,9350,LS Horizon 12,LSH12,,,,-1.63,,,,,,,,,,,,,,9.05,,-0.15,,,,,,,7,"price_volume, live_market, summary, top_gainers, top_losers, nepse_index, supply_demand",5501
2026-08-10T14:58:10.998999+05:45,2026-08-10 14:58:10,top_losers,top_losers_60,True,cloud_automated,Monday - Trading Hours: 11:00 AM - 3:00 PM NPT,8034,Emerging Nepal Limited,ENL,,,,-1.61,,,,,,,,,,,,,,787.0,,-12.9,,,,,,,7,"price_volume, live_market, summary, top_gainers, top_losers, nepse_index, supply_demand",5501
2026-08-10T14:58:10.998999+05:45,2026-08-10 14:58:10,top_losers,top_losers_61,True,cloud_automated,Monday - Trading Hours: 11:00 AM - 3:00 PM NPT,2811,Mountain Hydro Nepal Limited,MHNL,,,,-1.61,,,,,,,,,,,,,,238.1,,-3.9,,,,,,,7,"price_volume, live_market, summary, top_gainers, top_losers, nepse_index, supply_demand",5501
2026-08-10T14:58:10.998999+05:45,2026-08-10 14:58:10,top_losers,top_losers_62,True,cloud_automated,Monday - Trading Hours: 11:00 AM - 3:00 PM NPT,459,Kamana Sewa Bikas Bank Limited,KSBBL,,,,-1.6,,,,,,,,,,,,,,466.0,,-7.6,,,,,,,7,"price_volume, live_market, summary, top_gainers, top_losers, nepse_index, supply_demand",5501
2026-08-10T14:58:10.998999+05:45,2026-08-10 14:58:10,top_losers,top_losers_63,True,cloud_automated,Monday - Trading Hours: 11:00 AM - 3:00 PM NPT,3946,CEDB Holdings Limited,CHDC,,,,-1.59,,,,,,,,,,,,,,2165.1,,-34.9,,,,,,,7,"price_volume, live_market, summary, top_gainers, top_losers, nepse_index, supply_demand",5501
2026-08-10T14:58:10.998999+05:45,2026-08-10 14:58:10,top_losers,top_losers_64,True,cloud_automated,Monday - Trading Hours: 11:00 AM - 3:00 PM NPT,9297,Bandipur Cablecar and Tourism Limited,BANDIPUR,,,,-1.59,,,,,,,,,,,,,,681.0,,-11.0,,,,,,,7,"price_volume, live_market, summary, top_gainers, top_losers, nepse_index, supply_demand",5501
2026-08-10T14:58:10.998999+05:45,2026-08-10 14:58:10,top_losers,top_losers_65,True,cloud_automated,Monday - Trading Hours: 11:00 AM - 3:00 PM NPT,9167,Mai Khola Hydropower Limited,MKHL,,,,-1.58,,,,,,,,,,,,,,487.1,,-7.8,,,,,,,7,"price_volume, live_market, summary, top_gainers, top_losers, nepse_index, supply_demand",5501
2026-08-10T14:58:10.998999+05:45,2026-08-10 14:58:10,top_losers,top_losers_66,True,cloud_automated,Monday - Trading Hours: 11:00 AM - 3:00 PM NPT,8041,NESDO Sambridha Laghubitta Bittiya Sanstha Limited,NESDO,,,,-1.56,,,,,,,,,,,,,,1435.3,,-22.7,,,,,,,7,"price_volume, live_market, summary, top_gainers, top_losers, nepse_index, supply_demand",5501
2026-08-10T14:58:10.998999+05:45,2026-08-10 14:58:10,top_losers,top_losers_67,True,cloud_automated,Monday - Trading Hours: 11:00 AM - 3:00 PM NPT,9221,Himalayan 80-20,H8020,,,,-1.56,,,,,,,,,,,,,,12.01,,-0.19,,,,,,,7,"price_volume, live_market, summary, top_gainers, top_losers, nepse_index, supply_demand",5501
2026-08-10T14:58:10.998999+05:45,2026-08-10 14:58:10,top_losers,top_losers_68,True,cloud_automated,Monday - Trading Hours: 11:00 AM - 3:00 PM NPT,2781,Wean Nepal Laghubitta Bittiya Sanstha Limited,WNLB,,,,-1.55,,,,,,,,,,,,,,1330.0,,-21.0,,,,,,,7,"price_volume, live_market, summary, top_gainers, top_losers, nepse_index, supply_demand",5501
2026-08-10T14:58:10.998999+05:45,2026-08-10 14:58:10,top_losers,top_losers_69,True,cloud_automated,Monday - Trading Hours: 11:00 AM - 3:00 PM NPT,9308,Hotel Forest Inn Limited,HFIN,,,,-1.55,,,,,,,,,,,,,,688.2,,-10.8,,,,,,,7,"price_volume, live_market, summary, top_gainers, top_losers, nepse_index, supply_demand",5501
2026-08-10T14:58:10.998999+05:45,2026-08-10 14:58:10,top_losers,top_losers_70,True,cloud_automated,Monday - Trading Hours: 11:00 AM - 3:00 PM NPT,9199,Reliable Nepal Life Insurance Limited,RNLI,,,,-1.55,,,,,,,,,,,,,,425.0,,-6.7,,,,,,,7,"price_volume, live_market, summary, top_gainers, top_losers, nepse_index, supply_demand",5501
2026-08-10T14:58:10.998999+05:45,2026-08-10 14:58:10,top_losers,top_losers_71,True,cloud_automated,Monday - Trading Hours: 11:00 AM - 3:00 PM NPT,2767,Himalayan Power Partner Ltd.,HPPL,,,,-1.55,,,,,,,,,,,,,,374.1,,-5.9,,,,,,,7,"price_volume, live_market, summary, top_gainers, top_losers, nepse_index, supply_demand",5501
2026-08-10T14:58:10.998999+05:45,2026-08-10 14:58:10,top_losers,top_losers_72,True,cloud_automated,Monday - Trading Hours: 11:00 AM - 3:00 PM NPT,255,Prabhu  Bank Limited,PRVU,,,,-1.52,,,,,,,,,,,,,,188.1,,-2.9,,,,,,,7,"price_volume, live_market, summary, top_gainers, top_losers, nepse_index, supply_demand",5501
2026-08-10T14:58:10.998999+05:45,2026-08-10 14:58:10,top_losers,top_losers_73,True,cloud_automated,Monday - Trading Hours: 11:00 AM - 3:00 PM NPT,149,Oriental Hotels Limited,OHL,,,,-1.5,,,,,,,,,,,,,,655.0,,-10.0,,,,,,,7,"price_volume, live_market, summary, top_gainers, top_losers, nepse_index, supply_demand",5501
2026-08-10T14:58:10.998999+05:45,2026-08-10 14:58:10,top_losers,top_losers_74,True,cloud_automated,Monday - Trading Hours: 11:00 AM - 3:00 PM NPT,9196,Kutheli Bukhari Small Hydropower Limited,KBSH,,,,-1.48,,,,,,,,,,,,,,965.5,,-14.5,,,,,,,7,"price_volume, live_market, summary, top_gainers, top_losers, nepse_index, supply_demand",5501
2026-08-10T14:58:10.998999+05:45,2026-08-10 14:58:10,top_losers,top_losers_75,True,cloud_automated,Monday - Trading Hours: 11:00 AM - 3:00 PM NPT,8076,Himalayan Hydropower Limited,HHL,,,,-1.48,,,,,,,,,,,,,,332.0,,-5.0,,,,,,,7,"price_volume, live_market, summary, top_gainers, top_losers, nepse_index, supply_demand",5501
2026-08-10T14:58:10.998999+05:45,2026-08-10 14:58:10,top_losers,top_losers_76,True,cloud_automated,Monday - Trading Hours: 11:00 AM - 3:00 PM NPT,5982,Sanima Reliance Life Insurance Limited,SRLI,,,,-1.47,,,,,,,,,,,,,,368.5,,-5.5,,,,,,,7,"price_volume, live_market, summary, top_gainers, top_losers, nepse_index, supply_demand",5501
2026-08-10T14:58:10.998999+05:45,2026-08-10 14:58:10,top_losers,top_losers_77,True,cloud_automated,Monday - Trading Hours: 11:00 AM - 3:00 PM NPT,2842,SANJEN JALAVIDHYUT COMPANY LIMITED,SJCL,,,,-1.46,,,,,,,,,,,,,,269.5,,-4.0,,,,,,,7,"price_volume, live_market, summary, top_gainers, top_losers, nepse_index, supply_demand",5501
2026-08-10T14:58:10.998999+05:45,2026-08-10 14:58:10,top_losers,top_losers_78,True,cloud_automated,Monday - Trading Hours: 11:00 AM - 3:00 PM NPT,2766,Chhyangdi Hydropower Ltd.,CHL,,,,-1.46,,,,,,,,,,,,,,264.1,,-3.9,,,,,,,7,"price_volume, live_market, summary, top_gainers, top_losers, nepse_index, supply_demand",5501
2026-08-10T14:58:10.998999+05:45,2026-08-10 14:58:10,top_losers,top_losers_79,True,cloud_automated,Monday - Trading Hours: 11:00 AM - 3:00 PM NPT,9139,Sanima Growth Fund,SAGF,,,,-1.46,,,,,,,,,,,,,,10.11,,-0.15,,,,,,,7,"price_volume, live_market, summary, top_gainers, top_losers, nepse_index, supply_demand",5501
2026-08-10T14:58:10.998999+05:45,2026-08-10 14:58:10,top_losers,top_losers_80,True,cloud_automated,Monday - Trading Hours: 11:00 AM - 3:00 PM NPT,9299,7% Nabil Debenture 2089,NABILD2089,,,,-1.44,,,,,,,,,,,,,,1025.0,,-15.0,,,,,,,7,"price_volume, live_market, summary, top_gainers, top_losers, nepse_index, supply_demand",5501
2026-08-10T14:58:10.998999+05:45,2026-08-10 14:58:10,top_losers,top_losers_81,True,cloud_automated,Monday - Trading Hours: 11:00 AM - 3:00 PM NPT,9270,Him Star Urja Company Limited,HIMSTAR,,,,-1.44,,,,,,,,,,,,,,686.0,,-10.0,,,,,,,7,"price_volume, live_market, summary, top_gainers, top_losers, nepse_index, supply_demand",5501
2026-08-10T14:58:10.998999+05:45,2026-08-10 14:58:10,top_losers,top_losers_82,True,cloud_automated,Monday - Trading Hours: 11:00 AM - 3:00 PM NPT,131,Nabil Bank Limited,NABIL,,,,-1.44,,,,,,,,,,,,,,548.0,,-8.0,,,,,,,7,"price_volume, live_market, summary, top_gainers, top_losers, nepse_index, supply_demand",5501
2026-08-10T14:58:10.998999+05:45,2026-08-10 14:58:10,top_losers,top_losers_83,True,cloud_automated,Monday - Trading Hours: 11:00 AM - 3:00 PM NPT,9305,Salapa Bikas Bank Limited,SABBL,,,,-1.43,,,,,,,,,,,,,,965.0,,-14.0,,,,,,,7,"price_volume, live_market, summary, top_gainers, top_losers, nepse_index, supply_demand",5501
2026-08-10T14:58:10.998999+05:45,2026-08-10 14:58:10,top_losers,top_losers_84,True,cloud_automated,Monday - Trading Hours: 11:00 AM - 3:00 PM NPT,9214,Bhagawati Hydropower Development Company Limited,BGWT,,,,-1.42,,,,,,,,,,,,,,548.1,,-7.9,,,,,,,7,"price_volume, live_market, summary, top_gainers, top_losers, nepse_index, supply_demand",5501
2026-08-10T14:58:10.998999+05:45,2026-08-10 14:58:10,top_losers,top_losers_85,True,cloud_automated,Monday - Trading Hours: 11:00 AM - 3:00 PM NPT,9348,Siddhartha Equity Fund 2,SEF2,,,,-1.42,,,,,,,,,,,,,,9.02,,-0.13,,,,,,,7,"price_volume, live_market, summary, top_gainers, top_losers, nepse_index, supply_demand",5501
2026-08-10T14:58:10.998999+05:45,2026-08-10 14:58:10,top_losers,top_losers_86,True,cloud_automated,Monday - Trading Hours: 11:00 AM - 3:00 PM NPT,2789,Joshi Hydropower Development Company Ltd,JOSHI,,,,-1.41,,,,,,,,,,,,,,279.0,,-4.0,,,,,,,7,"price_volume, live_market, summary, top_gainers, top_losers, nepse_index, supply_demand",5501
2026-08-10T14:58:10.998999+05:45,2026-08-10 14:58:10,top_losers,top_losers_87,True,cloud_automated,Monday - Trading Hours: 11:00 AM - 3:00 PM NPT,9230,Muktinath Krishi Company Limited,MKCL,,,,-1.4,,,,,,,,,,,,,,1060.0,,-15.0,,,,,,,7,"price_volume, live_market, summary, top_gainers, top_losers, nepse_index, supply_demand",5501
2026-08-10T14:58:10.998999+05:45,2026-08-10 14:58:10,top_losers,top_losers_88,True,cloud_automated,Monday - Trading Hours: 11:00 AM - 3:00 PM NPT,371,Miteri Development Bank Limited,MDB,,,,-1.4,,,,,,,,,,,,,,570.1,,-8.1,,,,,,,7,"price_volume, live_market, summary, top_gainers, top_losers, nepse_index, supply_demand",5501
2026-08-10T14:58:10.998999+05:45,2026-08-10 14:58:10,top_losers,top_losers_89,True,cloud_automated,Monday - Trading Hours: 11:00 AM - 3:00 PM NPT,2754,Dibyashwori Hydropower Ltd.,DHPL,,,,-1.38,,,,,,,,,,,,,,286.0,,-4.0,,,,,,,7,"price_volume, live_market, summary, top_gainers, top_losers, nepse_index, supply_demand",5501
2026-08-10T14:58:10.998999+05:45,2026-08-10 14:58:10,top_losers,top_losers_90,True,cloud_automated,Monday - Trading Hours: 11:00 AM - 3:00 PM NPT,2832,Infinity Laghubitta Bittiya Sanstha Limited,ILBS,,,,-1.36,,,,,,,,,,,,,,865.0,,-11.9,,,,,,,7,"price_volume, live_market, summary, top_gainers, top_losers, nepse_index, supply_demand",5501
2026-08-10T14:58:10.998999+05:45,2026-08-10 14:58:10,top_losers,top_losers_91,True,cloud_automated,Monday - Trading Hours: 11:00 AM - 3:00 PM NPT,403,SuryaJyoti Life Insurance Company Limited,SJLIC,,,,-1.36,,,,,,,,,,,,,,407.0,,-5.6,,,,,,,7,"price_volume, live_market, summary, top_gainers, top_losers, nepse_index, supply_demand",5501
2026-08-10T14:58:10.998999+05:45,2026-08-10 14:58:10,top_losers,top_losers_92,True,cloud_automated,Monday - Trading Hours: 11:00 AM - 3:00 PM NPT,8026,Nyadi Hydropower Limited,NYADI,,,,-1.35,,,,,,,,,,,,,,365.0,,-5.0,,,,,,,7,"price_volume, live_market, summary, top_gainers, top_losers, nepse_index, supply_demand",5501
2026-08-10T14:58:10.998999+05:45,2026-08-10 14:58:10,top_losers,top_losers_93,True,cloud_automated,Monday - Trading Hours: 11:00 AM - 3:00 PM NPT,9252,Crest Micro Life Insurance Limited,CREST,,,,-1.33,,,,,,,,,,,,,,1173.2,,-15.8,,,,,,,7,"price_volume, live_market, summary, top_gainers, top_losers, nepse_index, supply_demand",5501
2026-08-10T14:58:10.998999+05:45,2026-08-10 14:58:10,top_losers,top_losers_94,True,cloud_automated,Monday - Trading Hours: 11:00 AM - 3:00 PM NPT,516,Manjushree Finance Ltd.,MFIL,,,,-1.29,,,,,,,,,,,,,,765.0,,-10.0,,,,,,,7,"price_volume, live_market, summary, top_gainers, top_losers, nepse_index, supply_demand",5501
2026-08-10T14:58:10.998999+05:45,2026-08-10 14:58:10,top_losers,top_losers_95,True,cloud_automated,Monday - Trading Hours: 11:00 AM - 3:00 PM NPT,358,Lumbini Bikas Bank Ltd.,LBBL,,,,-1.28,,,,,,,,,,,,,,485.6,,-6.3,,,,,,,7,"price_volume, live_market, summary, top_gainers, top_losers, nepse_index, supply_demand",5501
2026-08-10T14:58:10.998999+05:45,2026-08-10 14:58:10,top_losers,top_losers_96,True,cloud_automated,Monday - Trading Hours: 11:00 AM - 3:00 PM NPT,9246,Guardian Micro Life Insurance Limited ,GMLI,,,,-1.27,,,,,,,,,,,,,,1091.0,,-14.0,,,,,,,7,"price_volume, live_market, summary, top_gainers, top_losers, nepse_index, supply_demand",5501
2026-08-10T14:58:10.998999+05:45,2026-08-10 14:58:10,top_losers,top_losers_97,True,cloud_automated,Monday - Trading Hours: 11:00 AM - 3:00 PM NPT,172,Narayani Development Bank Limited,NABBC,,,,-1.27,,,,,,,,,,,,,,814.9,,-10.5,,,,,,,7,"price_volume, live_market, summary, top_gainers, top_losers, nepse_index, supply_demand",5501
2026-08-10T14:58:10.998999+05:45,2026-08-10 14:58:10,top_losers,top_losers_98,True,cloud_automated,Monday - Trading Hours: 11:00 AM - 3:00 PM NPT,244,Shree Investment Finance Co. Ltd.,SIFC,,,,-1.27,,,,,,,,,,,,,,499.1,,-6.4,,,,,,,7,"price_volume, live_market, summary, top_gainers, top_losers, nepse_index, supply_demand",5501
2026-08-10T14:58:10.998999+05:45,2026-08-10 14:58:10,top_losers,top_losers_99,True,cloud_automated,Monday - Trading Hours: 11:00 AM - 3:00 PM NPT,397,Agricultural Development Bank Limited,ADBL,,,,-1.27,,,,,,,,,,,,,,304.0,,-3.9,,,,,,,7,"price_volume, live_market, summary, top_gainers, top_losers, nepse_index, supply_demand",5501
2026-08-10T14:58:10.998999+05:45,2026-08-10 14:58:10,top_losers,top_losers_100,True,cloud_automated,Monday - Trading Hours: 11:00 AM - 3:00 PM NPT,9209,Citizen Life Insurance Company Limited,CLI,,,,-1.26,,,,,,,,,,,,,,438.3,,-5.6,,,,,,,7,"price_volume, live_market, summary, top_gainers, top_losers, nepse_index, supply_demand",5501
2026-08-10T14:58:10.998999+05:45,2026-08-10 14:58:10,top_losers,top_losers_101,True,cloud_automated,Monday - Trading Hours: 11:00 AM - 3:00 PM NPT,9140,Unique Nepal Laghubitta Bittiya Sanstha Limited,UNLB,,,,-1.25,,,,,,,,,,,,,,1260.0,,-15.9,,,,,,,7,"price_volume, live_market, summary, top_gainers, top_losers, nepse_index, supply_demand",5501
2026-08-10T14:58:10.998999+05:45,2026-08-10 14:58:10,top_losers,top_losers_102,True,cloud_automated,Monday - Trading Hours: 11:00 AM - 3:00 PM NPT,587,Reliance Finance Ltd.,RLFL,,,,-1.24,,,,,,,,,,,,,,447.0,,-5.6,,,,,,,7,"price_volume, live_market, summary, top_gainers, top_losers, nepse_index, supply_demand",5501
2026-08-10T14:58:10.998999+05:45,2026-08-10 14:58:10,top_losers,top_losers_103,True,cloud_automated,Monday - Trading Hours: 11:00 AM - 3:00 PM NPT,153,Butwal Power Company Limited,BPCL,,,,-1.23,,,,,,,,,,,,,,642.0,,-8.0,,,,,,,7,"price_volume, live_market, summary, top_gainers, top_losers, nepse_index, supply_demand",5501
2026-08-10T14:58:10.998999+05:45,2026-08-10 14:58:10,top_losers,top_losers_104,True,cloud_automated,Monday - Trading Hours: 11:00 AM - 3:00 PM NPT,8102,Mandakini Hydropower Limited,MHL,,,,-1.23,,,,,,,,,,,,,,464.2,,-5.8,,,,,,,7,"price_volume, live_market, summary, top_gainers, top_losers, nepse_index, supply_demand",5501
2026-08-10T14:58:10.998999+05:45,2026-08-10 14:58:10,top_losers,top_losers_105,True,cloud_automated,Monday - Trading Hours: 11:00 AM - 3:00 PM NPT,8063,Upakar Laghubitta Bittiya Sanstha Limited,ULBSL,,,,-1.21,,,,,,,,,,,,,,2705.0,,-33.0,,,,,,,7,"price_volume, live_market, summary, top_gainers, top_losers, nepse_index, supply_demand",5501
2026-08-10T14:58:10.998999+05:45,2026-08-10 14:58:10,top_losers,top_losers_106,True,cloud_automated,Monday - Trading Hours: 11:00 AM - 3:00 PM NPT,2815,Ganapati Laghubitta Bittiya Sanstha Limited,GMFBS,,,,-1.21,,,,,,,,,,,,,,1140.0,,-14.0,,,,,,,7,"price_volume, live_market, summary, top_gainers, top_losers, nepse_index, supply_demand",5501
2026-08-10T14:58:10.998999+05:45,2026-08-10 14:58:10,top_losers,top_losers_107,True,cloud_automated,Monday - Trading Hours: 11:00 AM - 3:00 PM NPT,9334,Kalinchock Hydropower Limited,KHPL,,,,-1.21,,,,,,,,,,,,,,806.1,,-9.9,,,,,,,7,"price_volume, live_market, summary, top_gainers, top_losers, nepse_index, supply_demand",5501
2026-08-10T14:58:10.998999+05:45,2026-08-10 14:58:10,top_losers,top_losers_108,True,cloud_automated,Monday - Trading Hours: 11:00 AM - 3:00 PM NPT,135,Nepal SBI Bank Limited,SBI,,,,-1.21,,,,,,,,,,,,,,401.0,,-4.9,,,,,,,7,"price_volume, live_market, summary, top_gainers, top_losers, nepse_index, supply_demand",5501
2026-08-10T14:58:10.998999+05:45,2026-08-10 14:58:10,top_losers,top_losers_109,True,cloud_automated,Monday - Trading Hours: 11:00 AM - 3:00 PM NPT,2807,Asha Laghubitta Bittiya Sanstha Ltd,ALBSL,,,,-1.19,,,,,,,,,,,,,,1078.0,,-13.0,,,,,,,7,"price_volume, live_market, summary, top_gainers, top_losers, nepse_index, supply_demand",5501
2026-08-10T14:58:10.998999+05:45,2026-08-10 14:58:10,top_losers,top_losers_110,True,cloud_automated,Monday - Trading Hours: 11:00 AM - 3:00 PM NPT,8025,Samling Power Company Limited,SPC,,,,-1.19,,,,,,,,,,,,,,414.0,,-5.0,,,,,,,7,"price_volume, live_market, summary, top_gainers, top_losers, nepse_index, supply_demand",5501
2026-08-10T14:58:10.998999+05:45,2026-08-10 14:58:10,top_losers,top_losers_111,True,cloud_automated,Monday - Trading Hours: 11:00 AM - 3:00 PM NPT,2917,Chandragiri Hills Limited,CGH,,,,-1.16,,,,,,,,,,,,,,776.0,,-9.1,,,,,,,7,"price_volume, live_market, summary, top_gainers, top_losers, nepse_index, supply_demand",5501
2026-08-10T14:58:10.998999+05:45,2026-08-10 14:58:10,top_losers,top_losers_112,True,cloud_automated,Monday - Trading Hours: 11:00 AM - 3:00 PM NPT,137,Everest Bank Limited,EBL,,,,-1.11,,,,,,,,,,,,,,715.0,,-8.0,,,,,,,7,"price_volume, live_market, summary, top_gainers, top_losers, nepse_index, supply_demand",5501
2026-08-10T14:58:10.998999+05:45,2026-08-10 14:58:10,top_losers,top_losers_113,True,cloud_automated,Monday - Trading Hours: 11:00 AM - 3:00 PM NPT,9250,Nepal Micro Insurance Company Limited,NMIC,,,,-1.1,,,,,,,,,,,,,,900.0,,-10.0,,,,,,,7,"price_volume, live_market, summary, top_gainers, top_losers, nepse_index, supply_demand",5501
2026-08-10T14:58:10.998999+05:45,2026-08-10 14:58:10,top_losers,top_losers_114,True,cloud_automated,Monday - Trading Hours: 11:00 AM - 3:00 PM NPT,9173,City Hotel Limited,CITY,,,,-1.08,,,,,,,,,,,,,,367.0,,-4.0,,,,,,,7,"price_volume, live_market, summary, top_gainers, top_losers, nepse_index, supply_demand",5501
2026-08-10T14:58:10.998999+05:45,2026-08-10 14:58:10,top_losers,top_losers_115,True,cloud_automated,Monday - Trading Hours: 11:00 AM - 3:00 PM NPT,694,Matribhumi Lagubitta Bittiya Sanstha Limited,MATRI,,,,-1.07,,,,,,,,,,,,,,802.3,,-8.7,,,,,,,7,"price_volume, live_market, summary, top_gainers, top_losers, nepse_index, supply_demand",5501
2026-08-10T14:58:10.998999+05:45,2026-08-10 14:58:10,top_losers,top_losers_116,True,cloud_automated,Monday - Trading Hours: 11:00 AM - 3:00 PM NPT,559,NLG Insurance Company Ltd.,NLG,,,,-1.04,,,,,,,,,,,,,,564.1,,-5.9,,,,,,,7,"price_volume, live_market, summary, top_gainers, top_losers, nepse_index, supply_demand",5501
2026-08-10T14:58:10.998999+05:45,2026-08-10 14:58:10,top_losers,top_losers_117,True,cloud_automated,Monday - Trading Hours: 11:00 AM - 3:00 PM NPT,2903,Liberty Energy Company Limited,LEC,,,,-1.04,,,,,,,,,,,,,,218.9,,-2.3,,,,,,,7,"price_volume, live_market, summary, top_gainers, top_losers, nepse_index, supply_demand",5501
2026-08-10T14:58:10.998999+05:45,2026-08-10 14:58:10,top_losers,top_losers_118,True,cloud_automated,Monday - Trading Hours: 11:00 AM - 3:00 PM NPT,132,Nepal Investment Mega Bank Limited,NIMB,,,,-1.03,,,,,,,,,,,,,,193.0,,-2.0,,,,,,,7,"price_volume, live_market, summary, top_gainers, top_losers, nepse_index, supply_demand",5501
2026-08-10T14:58:10.998999+05:45,2026-08-10 14:58:10,top_losers,top_losers_119,True,cloud_automated,Monday - Trading Hours: 11:00 AM - 3:00 PM NPT,8068,Century Debenture 2088,CCBD88,,,,-1.02,,,,,,,,,,,,,,1165.0,,-12.0,,,,,,,7,"price_volume, live_market, summary, top_gainers, top_losers, nepse_index, supply_demand",5501
2026-08-10T14:58:10.998999+05:45,2026-08-10 14:58:10,top_losers,top_losers_120,True,cloud_automated,Monday - Trading Hours: 11:00 AM - 3:00 PM NPT,2860,Saptakoshi Development Bank Ltd,SAPDBL,,,,-1.02,,,,,,,,,,,,,,831.3,,-8.6,,,,,,,7,"price_volume, live_market, summary, top_gainers, top_losers, nepse_index, supply_demand",5501
2026-08-10T14:58:10.998999+05:45,2026-08-10 14:58:10,top_losers,top_losers_121,True,cloud_automated,Monday - Trading Hours: 11:00 AM - 3:00 PM NPT,2757,Arun Kabeli Power Ltd.,AKPL,,,,-1.01,,,,,,,,,,,,,,254.0,,-2.6,,,,,,,7,"price_volume, live_market, summary, top_gainers, top_losers, nepse_index, supply_demand",5501
2026-08-10T14:58:10.998999+05:45,2026-08-10 14:58:10,top_losers,top_losers_122,True,cloud_automated,Monday - Trading Hours: 11:00 AM - 3:00 PM NPT,9166,Makar Jitumaya Suri Hydropower Limited,MAKAR,,,,-1.0,,,,,,,,,,,,,,425.5,,-4.3,,,,,,,7,"price_volume, live_market, summary, top_gainers, top_losers, nepse_index, supply_demand",5501
2026-08-10T14:58:10.998999+05:45,2026-08-10 14:58:10,top_losers,top_losers_123,True,cloud_automated,Monday - Trading Hours: 11:00 AM - 3:00 PM NPT,8122,People's Power Limited,PPL,,,,-1.0,,,,,,,,,,,,,,325.1,,-3.3,,,,,,,7,"price_volume, live_market, summary, top_gainers, top_losers, nepse_index, supply_demand",5501
2026-08-10T14:58:10.998999+05:45,2026-08-10 14:58:10,top_losers,top_losers_124,True,cloud_automated,Monday - Trading Hours: 11:00 AM - 3:00 PM NPT,357,Prime Commercial Bank Ltd.,PCBL,,,,-1.0,,,,,,,,,,,,,,237.6,,-2.4,,,,,,,7,"price_volume, live_market, summary, top_gainers, top_losers, nepse_index, supply_demand",5501
2026-08-10T14:58:10.998999+05:45,2026-08-10 14:58:10,top_losers,top_losers_125,True,cloud_automated,Monday - Trading Hours: 11:00 AM - 3:00 PM NPT,145,Siddhartha Bank Limited,SBL,,,,-0.98,,,,,,,,,,,,,,406.0,,-4.0,,,,,,,7,"price_volume, live_market, summary, top_gainers, top_losers, nepse_index, supply_demand",5501
2026-08-10T14:58:10.998999+05:45,2026-08-10 14:58:10,top_losers,top_losers_126,True,cloud_automated,Monday - Trading Hours: 11:00 AM - 3:00 PM NPT,2742,Hydorelectricity Investment and Development Company Ltd,HIDCL,,,,-0.98,,,,,,,,,,,,,,251.5,,-2.5,,,,,,,7,"price_volume, live_market, summary, top_gainers, top_losers, nepse_index, supply_demand",5501
2026-08-10T14:58:10.998999+05:45,2026-08-10 14:58:10,top_losers,top_losers_127,True,cloud_automated,Monday - Trading Hours: 11:00 AM - 3:00 PM NPT,9150,Asian Hydropower Limited,AHL,,,,-0.97,,,,,,,,,,,,,,410.0,,-4.0,,,,,,,7,"price_volume, live_market, summary, top_gainers, top_losers, nepse_index, supply_demand",5501
2026-08-10T14:58:10.998999+05:45,2026-08-10 14:58:10,top_losers,top_losers_128,True,cloud_automated,Monday - Trading Hours: 11:00 AM - 3:00 PM NPT,9158,Molung Hydropower Company Limited,MHCL,,,,-0.94,,,,,,,,,,,,,,305.1,,-2.9,,,,,,,7,"price_volume, live_market, summary, top_gainers, top_losers, nepse_index, supply_demand",5501
2026-08-10T14:58:10.998999+05:45,2026-08-10 14:58:10,top_losers,top_losers_129,True,cloud_automated,Monday - Trading Hours: 11:00 AM - 3:00 PM NPT,156,Bishal Bazar Company Limited,BBC,,,,-0.93,,,,,,,,,,,,,,4249.0,,-40.0,,,,,,,7,"price_volume, live_market, summary, top_gainers, top_losers, nepse_index, supply_demand",5501
2026-08-10T14:58:10.998999+05:45,2026-08-10 14:58:10,top_losers,top_losers_130,True,cloud_automated,Monday - Trading Hours: 11:00 AM - 3:00 PM NPT,583,Grameen Bikas Laghubitta Bittiya Sanstha Ltd.,GBLBS,,,,-0.93,,,,,,,,,,,,,,731.1,,-6.9,,,,,,,7,"price_volume, live_market, summary, top_gainers, top_losers, nepse_index, supply_demand",5501
2026-08-10T14:58:10.998999+05:45,2026-08-10 14:58:10,top_losers,top_losers_131,True,cloud_automated,Monday - Trading Hours: 11:00 AM - 3:00 PM NPT,186,IGI Prudential insurance Limited,IGI,,,,-0.93,,,,,,,,,,,,,,426.0,,-4.0,,,,,,,7,"price_volume, live_market, summary, top_gainers, top_losers, nepse_index, supply_demand",5501
2026-08-10T14:58:10.998999+05:45,2026-08-10 14:58:10,top_losers,top_losers_132,True,cloud_automated,Monday - Trading Hours: 11:00 AM - 3:00 PM NPT,9216,Sonapur Minerals And Oil Limited,SONA,,,,-0.93,,,,,,,,,,,,,,404.2,,-3.8,,,,,,,7,"price_volume, live_market, summary, top_gainers, top_losers, nepse_index, supply_demand",5501
2026-08-10T14:58:10.998999+05:45,2026-08-10 14:58:10,top_losers,top_losers_133,True,cloud_automated,Monday - Trading Hours: 11:00 AM - 3:00 PM NPT,9171,Bhugol Energy Development Company Limited,BEDC,,,,-0.93,,,,,,,,,,,,,,320.0,,-3.0,,,,,,,7,"price_volume, live_market, summary, top_gainers, top_losers, nepse_index, supply_demand",5501
2026-08-10T14:58:10.998999+05:45,2026-08-10 14:58:10,top_losers,top_losers_134,True,cloud_automated,Monday - Trading Hours: 11:00 AM - 3:00 PM NPT,2751,Khanikhola Hydropower Co. Ltd.,KKHC,,,,-0.93,,,,,,,,,,,,,,320.0,,-3.0,,,,,,,7,"price_volume, live_market, summary, top_gainers, top_losers, nepse_index, supply_demand",5501
2026-08-10T14:58:10.998999+05:45,2026-08-10 14:58:10,top_losers,top_losers_135,True,cloud_automated,Monday - Trading Hours: 11:00 AM - 3:00 PM NPT,8125,NMB Sulav Investment Fund - 2,NSIF2,,,,-0.93,,,,,,,,,,,,,,10.7,,-0.1,,,,,,,7,"price_volume, live_market, summary, top_gainers, top_losers, nepse_index, supply_demand",5501
2026-08-10T14:58:10.998999+05:45,2026-08-10 14:58:10,top_losers,top_losers_136,True,cloud_automated,Monday - Trading Hours: 11:00 AM - 3:00 PM NPT,697,Api Power Company Ltd.,API,,,,-0.91,,,,,,,,,,,,,,327.0,,-3.0,,,,,,,7,"price_volume, live_market, summary, top_gainers, top_losers, nepse_index, supply_demand",5501
2026-08-10T14:58:10.998999+05:45,2026-08-10 14:58:10,top_losers,top_losers_137,True,cloud_automated,Monday - Trading Hours: 11:00 AM - 3:00 PM NPT,8055,Balephi Hydropower Limited,BHL,,,,-0.91,,,,,,,,,,,,,,207.0,,-1.9,,,,,,,7,"price_volume, live_market, summary, top_gainers, top_losers, nepse_index, supply_demand",5501
2026-08-10T14:58:10.998999+05:45,2026-08-10 14:58:10,top_losers,top_losers_138,True,cloud_automated,Monday - Trading Hours: 11:00 AM - 3:00 PM NPT,2934,Singati Hydro Energy Limited,SHEL,,,,-0.88,,,,,,,,,,,,,,304.3,,-2.7,,,,,,,7,"price_volume, live_market, summary, top_gainers, top_losers, nepse_index, supply_demand",5501
2026-08-10T14:58:10.998999+05:45,2026-08-10 14:58:10,top_losers,top_losers_139,True,cloud_automated,Monday - Trading Hours: 11:00 AM - 3:00 PM NPT,9258,Pure Energy Limited,PURE,,,,-0.85,,,,,,,,,,,,,,813.0,,-7.0,,,,,,,7,"price_volume, live_market, summary, top_gainers, top_losers, nepse_index, supply_demand",5501
2026-08-10T14:58:10.998999+05:45,2026-08-10 14:58:10,top_losers,top_losers_140,True,cloud_automated,Monday - Trading Hours: 11:00 AM - 3:00 PM NPT,545,Swarojgar Laghubitta Bittiya Sanstha Ltd.,SLBBL,,,,-0.85,,,,,,,,,,,,,,795.2,,-6.8,,,,,,,7,"price_volume, live_market, summary, top_gainers, top_losers, nepse_index, supply_demand",5501
2026-08-10T14:58:10.998999+05:45,2026-08-10 14:58:10,top_losers,top_losers_141,True,cloud_automated,Monday - Trading Hours: 11:00 AM - 3:00 PM NPT,9234,Himalayan Reinsurance Limited,HRL,,,,-0.84,,,,,,,,,,,,,,578.1,,-4.9,,,,,,,7,"price_volume, live_market, summary, top_gainers, top_losers, nepse_index, supply_demand",5501
2026-08-10T14:58:10.998999+05:45,2026-08-10 14:58:10,top_losers,top_losers_142,True,cloud_automated,Monday - Trading Hours: 11:00 AM - 3:00 PM NPT,393,Himalayan Life Insurance Limited,HLI,,,,-0.84,,,,,,,,,,,,,,317.0,,-2.7,,,,,,,7,"price_volume, live_market, summary, top_gainers, top_losers, nepse_index, supply_demand",5501
2026-08-10T14:58:10.998999+05:45,2026-08-10 14:58:10,top_losers,top_losers_143,True,cloud_automated,Monday - Trading Hours: 11:00 AM - 3:00 PM NPT,232,Goodwill Finance Limited,GFCL,,,,-0.83,,,,,,,,,,,,,,600.0,,-5.0,,,,,,,7,"price_volume, live_market, summary, top_gainers, top_losers, nepse_index, supply_demand",5501
2026-08-10T14:58:10.998999+05:45,2026-08-10 14:58:10,top_losers,top_losers_144,True,cloud_automated,Monday - Trading Hours: 11:00 AM - 3:00 PM NPT,2810,UNIVERSAL POWER COMPANY LTD,UPCL,,,,-0.83,,,,,,,,,,,,,,347.1,,-2.9,,,,,,,7,"price_volume, live_market, summary, top_gainers, top_losers, nepse_index, supply_demand",5501
2026-08-10T14:58:10.998999+05:45,2026-08-10 14:58:10,top_losers,top_losers_145,True,cloud_automated,Monday - Trading Hours: 11:00 AM - 3:00 PM NPT,4947,Prabhu Select Fund,PSF,,,,-0.83,,,,,,,,,,,,,,11.9,,-0.1,,,,,,,7,"price_volume, live_market, summary, top_gainers, top_losers, nepse_index, supply_demand",5501
2026-08-10T14:58:10.998999+05:45,2026-08-10 14:58:10,top_losers,top_losers_146,True,cloud_automated,Monday - Trading Hours: 11:00 AM - 3:00 PM NPT,9184,IME Life Insurance Company Limited,ILI,,,,-0.82,,,,,,,,,,,,,,409.0,,-3.4,,,,,,,7,"price_volume, live_market, summary, top_gainers, top_losers, nepse_index, supply_demand",5501
2026-08-10T14:58:10.998999+05:45,2026-08-10 14:58:10,top_losers,top_losers_147,True,cloud_automated,Monday - Trading Hours: 11:00 AM - 3:00 PM NPT,213,Bottlers Nepal (Terai) Limited,BNT,,,,-0.81,,,,,,,,,,,,,,11550.1,,-94.9,,,,,,,7,"price_volume, live_market, summary, top_gainers, top_losers, nepse_index, supply_demand",5501
2026-08-10T14:58:10.998999+05:45,2026-08-10 14:58:10,top_losers,top_losers_148,True,cloud_automated,Monday - Trading Hours: 11:00 AM - 3:00 PM NPT,2935,Ru Ru Jalbidhyut Pariyojana Limited,RURU,,,,-0.81,,,,,,,,,,,,,,609.0,,-5.0,,,,,,,7,"price_volume, live_market, summary, top_gainers, top_losers, nepse_index, supply_demand",5501
2026-08-10T14:58:10.998999+05:45,2026-08-10 14:58:10,top_losers,top_losers_149,True,cloud_automated,Monday - Trading Hours: 11:00 AM - 3:00 PM NPT,227,Best Finance Company Ltd.,BFC,,,,-0.81,,,,,,,,,,,,,,490.0,,-4.0,,,,,,,7,"price_volume, live_market, summary, top_gainers, top_losers, nepse_index, supply_demand",5501
2026-08-10T14:58:10.998999+05:45,2026-08-10 14:58:10,top_losers,top_losers_150,True,cloud_automated,Monday - Trading Hours: 11:00 AM - 3:00 PM NPT,8045,Green Ventures Limited,GVL,,,,-0.79,,,,,,,,,,,,,,478.2,,-3.8,,,,,,,7,"price_volume, live_market, summary, top_gainers, top_losers, nepse_index, supply_demand",5501
2026-08-10T14:58:10.998999+05:45,2026-08-10 14:58:10,top_losers,top_losers_151,True,cloud_automated,Monday - Trading Hours: 11:00 AM - 3:00 PM NPT,8032,Buddha Bhumi Nepal Hydropower Company Limited,BNHC,,,,-0.77,,,,,,,,,,,,,,284.0,,-2.2,,,,,,,7,"price_volume, live_market, summary, top_gainers, top_losers, nepse_index, supply_demand",5501
2026-08-10T14:58:10.998999+05:45,2026-08-10 14:58:10,top_losers,top_losers_152,True,cloud_automated,Monday - Trading Hours: 11:00 AM - 3:00 PM NPT,8108,Rapti Hydro And General Construction Limited,RHGCL,,,,-0.77,,,,,,,,,,,,,,256.1,,-2.0,,,,,,,7,"price_volume, live_market, summary, top_gainers, top_losers, nepse_index, supply_demand",5501
2026-08-10T14:58:10.998999+05:45,2026-08-10 14:58:10,top_losers,top_losers_153,True,cloud_automated,Monday - Trading Hours: 11:00 AM - 3:00 PM NPT,2743,Ngadi Group Power Ltd.,NGPL,,,,-0.76,,,,,,,,,,,,,,405.6,,-3.1,,,,,,,7,"price_volume, live_market, summary, top_gainers, top_losers, nepse_index, supply_demand",5501
2026-08-10T14:58:10.998999+05:45,2026-08-10 14:58:10,top_losers,top_losers_154,True,cloud_automated,Monday - Trading Hours: 11:00 AM - 3:00 PM NPT,210,Citizen Investment Trust,CIT,,,,-0.75,,,,,,,,,,,,,,1697.0,,-12.9,,,,,,,7,"price_volume, live_market, summary, top_gainers, top_losers, nepse_index, supply_demand",5501
2026-08-10T14:58:10.998999+05:45,2026-08-10 14:58:10,top_losers,top_losers_155,True,cloud_automated,Monday - Trading Hours: 11:00 AM - 3:00 PM NPT,133,Standard Chartered Bank Limited,SCB,,,,-0.74,,,,,,,,,,,,,,643.2,,-4.8,,,,,,,7,"price_volume, live_market, summary, top_gainers, top_losers, nepse_index, supply_demand",5501
2026-08-10T14:58:10.998999+05:45,2026-08-10 14:58:10,top_losers,top_losers_156,True,cloud_automated,Monday - Trading Hours: 11:00 AM - 3:00 PM NPT,8133,Peoples Hydropower Company Limited,PHCL,,,,-0.74,,,,,,,,,,,,,,293.8,,-2.2,,,,,,,7,"price_volume, live_market, summary, top_gainers, top_losers, nepse_index, supply_demand",5501
2026-08-10T14:58:10.998999+05:45,2026-08-10 14:58:10,top_losers,top_losers_157,True,cloud_automated,Monday - Trading Hours: 11:00 AM - 3:00 PM NPT,8100,Swet-Ganga Hydropower & Construction Limited ,SGHC,,,,-0.73,,,,,,,,,,,,,,313.0,,-2.3,,,,,,,7,"price_volume, live_market, summary, top_gainers, top_losers, nepse_index, supply_demand",5501
2026-08-10T14:58:10.998999+05:45,2026-08-10 14:58:10,top_losers,top_losers_158,True,cloud_automated,Monday - Trading Hours: 11:00 AM - 3:00 PM NPT,8066,River Falls Power Limited,RFPL,,,,-0.72,,,,,,,,,,,,,,332.3,,-2.4,,,,,,,7,"price_volume, live_market, summary, top_gainers, top_losers, nepse_index, supply_demand",5501
2026-08-10T14:58:10.998999+05:45,2026-08-10 14:58:10,top_losers,top_losers_159,True,cloud_automated,Monday - Trading Hours: 11:00 AM - 3:00 PM NPT,2887,NIC ASIA Laghubitta Bittiya Sanstha Limited,NICLBSL,,,,-0.71,,,,,,,,,,,,,,543.1,,-3.9,,,,,,,7,"price_volume, live_market, summary, top_gainers, top_losers, nepse_index, supply_demand",5501
2026-08-10T14:58:10.998999+05:45,2026-08-10 14:58:10,top_losers,top_losers_160,True,cloud_automated,Monday - Trading Hours: 11:00 AM - 3:00 PM NPT,2776,Radhi Bidyut Company Ltd,RADHI,,,,-0.7,,,,,,,,,,,,,,706.0,,-5.0,,,,,,,7,"price_volume, live_market, summary, top_gainers, top_losers, nepse_index, supply_demand",5501
2026-08-10T14:58:10.998999+05:45,2026-08-10 14:58:10,top_losers,top_losers_161,True,cloud_automated,Monday - Trading Hours: 11:00 AM - 3:00 PM NPT,9154,Sunrise Focused Equity Fund,SFEF,,,,-0.7,,,,,,,,,,,,,,9.91,,-0.07,,,,,,,7,"price_volume, live_market, summary, top_gainers, top_losers, nepse_index, supply_demand",5501
2026-08-10T14:58:10.998999+05:45,2026-08-10 14:58:10,top_losers,top_losers_162,True,cloud_automated,Monday - Trading Hours: 11:00 AM - 3:00 PM NPT,2825,10% NIC Asia Debenture 2085/86,NICAD85/86,,,,-0.68,,,,,,,,,,,,,,1166.0,,-8.0,,,,,,,7,"price_volume, live_market, summary, top_gainers, top_losers, nepse_index, supply_demand",5501
2026-08-10T14:58:10.998999+05:45,2026-08-10 14:58:10,top_losers,top_losers_163,True,cloud_automated,Monday - Trading Hours: 11:00 AM - 3:00 PM NPT,706,Suryodaya Womi Laghubitta Bittiya Sanstha Limited,SWMF,,,,-0.68,,,,,,,,,,,,,,614.8,,-4.2,,,,,,,7,"price_volume, live_market, summary, top_gainers, top_losers, nepse_index, supply_demand",5501
2026-08-10T14:58:10.998999+05:45,2026-08-10 14:58:10,top_losers,top_losers_164,True,cloud_automated,Monday - Trading Hours: 11:00 AM - 3:00 PM NPT,274,Excel Development Bank Ltd.,EDBL,,,,-0.68,,,,,,,,,,,,,,580.0,,-4.0,,,,,,,7,"price_volume, live_market, summary, top_gainers, top_losers, nepse_index, supply_demand",5501
2026-08-10T14:58:10.998999+05:45,2026-08-10 14:58:10,top_losers,top_losers_165,True,cloud_automated,Monday - Trading Hours: 11:00 AM - 3:00 PM NPT,8126,Sikles Hydropower Limited,SIKLES,,,,-0.68,,,,,,,,,,,,,,555.2,,-3.8,,,,,,,7,"price_volume, live_market, summary, top_gainers, top_losers, nepse_index, supply_demand",5501
2026-08-10T14:58:10.998999+05:45,2026-08-10 14:58:10,top_losers,top_losers_166,True,cloud_automated,Monday - Trading Hours: 11:00 AM - 3:00 PM NPT,591,Sanima Mai Hydropower Ltd.,SHPC,,,,-0.68,,,,,,,,,,,,,,495.1,,-3.4,,,,,,,7,"price_volume, live_market, summary, top_gainers, top_losers, nepse_index, supply_demand",5501
2026-08-10T14:58:10.998999+05:45,2026-08-10 14:58:10,top_losers,top_losers_167,True,cloud_automated,Monday - Trading Hours: 11:00 AM - 3:00 PM NPT,686,Barun Hydropower Co. Ltd.,BARUN,,,,-0.68,,,,,,,,,,,,,,319.0,,-2.2,,,,,,,7,"price_volume, live_market, summary, top_gainers, top_losers, nepse_index, supply_demand",5501
2026-08-10T14:58:10.998999+05:45,2026-08-10 14:58:10,top_losers,top_losers_168,True,cloud_automated,Monday - Trading Hours: 11:00 AM - 3:00 PM NPT,183,Neco Insurance Limited,NIL,,,,-0.67,,,,,,,,,,,,,,611.8,,-4.1,,,,,,,7,"price_volume, live_market, summary, top_gainers, top_losers, nepse_index, supply_demand",5501
2026-08-10T14:58:10.998999+05:45,2026-08-10 14:58:10,top_losers,top_losers_169,True,cloud_automated,Monday - Trading Hours: 11:00 AM - 3:00 PM NPT,8031,Madhya Bhotekoshi Jalavidyut Company Limited,MBJC,,,,-0.67,,,,,,,,,,,,,,265.2,,-1.8,,,,,,,7,"price_volume, live_market, summary, top_gainers, top_losers, nepse_index, supply_demand",5501
2026-08-10T14:58:10.998999+05:45,2026-08-10 14:58:10,top_losers,top_losers_170,True,cloud_automated,Monday - Trading Hours: 11:00 AM - 3:00 PM NPT,273,ICFC Finance Limited,ICFC,,,,-0.66,,,,,,,,,,,,,,599.0,,-4.0,,,,,,,7,"price_volume, live_market, summary, top_gainers, top_losers, nepse_index, supply_demand",5501
2026-08-10T14:58:10.998999+05:45,2026-08-10 14:58:10,top_losers,top_losers_171,True,cloud_automated,Monday - Trading Hours: 11:00 AM - 3:00 PM NPT,401,Mahalaxmi Bikas Bank Ltd.,MLBL,,,,-0.66,,,,,,,,,,,,,,348.6,,-2.3,,,,,,,7,"price_volume, live_market, summary, top_gainers, top_losers, nepse_index, supply_demand",5501
2026-08-10T14:58:10.998999+05:45,2026-08-10 14:58:10,top_losers,top_losers_172,True,cloud_automated,Monday - Trading Hours: 11:00 AM - 3:00 PM NPT,182,Siddhartha Premier Insurance Limited,SPIL,,,,-0.65,,,,,,,,,,,,,,685.5,,-4.5,,,,,,,7,"price_volume, live_market, summary, top_gainers, top_losers, nepse_index, supply_demand",5501
2026-08-10T14:58:10.998999+05:45,2026-08-10 14:58:10,top_losers,top_losers_173,True,cloud_automated,Monday - Trading Hours: 11:00 AM - 3:00 PM NPT,2768,Mahuli Laghubitta Bittiya Sanstha Limited,MSLB,,,,-0.64,,,,,,,,,,,,,,1250.0,,-8.0,,,,,,,7,"price_volume, live_market, summary, top_gainers, top_losers, nepse_index, supply_demand",5501
2026-08-10T14:58:10.998999+05:45,2026-08-10 14:58:10,top_losers,top_losers_174,True,cloud_automated,Monday - Trading Hours: 11:00 AM - 3:00 PM NPT,9263,Sanvi Energy Limited,SANVI,,,,-0.64,,,,,,,,,,,,,,586.2,,-3.8,,,,,,,7,"price_volume, live_market, summary, top_gainers, top_losers, nepse_index, supply_demand",5501
2026-08-10T14:58:10.998999+05:45,2026-08-10 14:58:10,top_losers,top_losers_175,True,cloud_automated,Monday - Trading Hours: 11:00 AM - 3:00 PM NPT,2787,Kalika power Company Ltd,KPCL,,,,-0.64,,,,,,,,,,,,,,465.0,,-3.0,,,,,,,7,"price_volume, live_market, summary, top_gainers, top_losers, nepse_index, supply_demand",5501
2026-08-10T14:58:10.998999+05:45,2026-08-10 14:58:10,top_losers,top_losers_176,True,cloud_automated,Monday - Trading Hours: 11:00 AM - 3:00 PM NPT,9212,Mandu Hydropower Limited,MANDU,,,,-0.63,,,,,,,,,,,,,,793.0,,-5.0,,,,,,,7,"price_volume, live_market, summary, top_gainers, top_losers, nepse_index, supply_demand",5501
2026-08-10T14:58:10.998999+05:45,2026-08-10 14:58:10,top_losers,top_losers_177,True,cloud_automated,Monday - Trading Hours: 11:00 AM - 3:00 PM NPT,188,Life Insurance Corporation (Nepal) Limited,LICN,,,,-0.63,,,,,,,,,,,,,,770.0,,-4.9,,,,,,,7,"price_volume, live_market, summary, top_gainers, top_losers, nepse_index, supply_demand",5501
2026-08-10T14:58:10.998999+05:45,2026-08-10 14:58:10,top_losers,top_losers_178,True,cloud_automated,Monday - Trading Hours: 11:00 AM - 3:00 PM NPT,2925,Mahila Lagubitta Bittiya Sanstha Limited ,MLBSL,,,,-0.62,,,,,,,,,,,,,,1610.0,,-10.0,,,,,,,7,"price_volume, live_market, summary, top_gainers, top_losers, nepse_index, supply_demand",5501
2026-08-10T14:58:10.998999+05:45,2026-08-10 14:58:10,top_losers,top_losers_179,True,cloud_automated,Monday - Trading Hours: 11:00 AM - 3:00 PM NPT,2826,Gurans Laghubitta Bittiya Sanstha Limited,GLBSL,,,,-0.61,,,,,,,,,,,,,,1785.0,,-10.9,,,,,,,7,"price_volume, live_market, summary, top_gainers, top_losers, nepse_index, supply_demand",5501
2026-08-10T14:58:10.998999+05:45,2026-08-10 14:58:10,top_losers,top_losers_180,True,cloud_automated,Monday - Trading Hours: 11:00 AM - 3:00 PM NPT,9178,RBB Mutual Fund 2,RMF2,,,,-0.61,,,,,,,,,,,,,,9.73,,-0.06,,,,,,,7,"price_volume, live_market, summary, top_gainers, top_losers, nepse_index, supply_demand",5501
2026-08-10T14:58:10.998999+05:45,2026-08-10 14:58:10,top_losers,top_losers_181,True,cloud_automated,Monday - Trading Hours: 11:00 AM - 3:00 PM NPT,2809,SHIVAM CEMENTS LTD,SHIVM,,,,-0.58,,,,,,,,,,,,,,634.0,,-3.7,,,,,,,7,"price_volume, live_market, summary, top_gainers, top_losers, nepse_index, supply_demand",5501
2026-08-10T14:58:10.998999+05:45,2026-08-10 14:58:10,top_losers,top_losers_182,True,cloud_automated,Monday - Trading Hours: 11:00 AM - 3:00 PM NPT,194,Nepal Finance Ltd.,NFS,,,,-0.58,,,,,,,,,,,,,,564.1,,-3.3,,,,,,,7,"price_volume, live_market, summary, top_gainers, top_losers, nepse_index, supply_demand",5501
2026-08-10T14:58:10.998999+05:45,2026-08-10 14:58:10,top_losers,top_losers_183,True,cloud_automated,Monday - Trading Hours: 11:00 AM - 3:00 PM NPT,9256,Om Megashree Pharmaceuticals Limited,OMPL,,,,-0.56,,,,,,,,,,,,,,888.0,,-5.0,,,,,,,7,"price_volume, live_market, summary, top_gainers, top_losers, nepse_index, supply_demand",5501
2026-08-10T14:58:10.998999+05:45,2026-08-10 14:58:10,top_losers,top_losers_184,True,cloud_automated,Monday - Trading Hours: 11:00 AM - 3:00 PM NPT,2813,Panchthar Power Compant Limited,PPCL,,,,-0.56,,,,,,,,,,,,,,337.0,,-1.9,,,,,,,7,"price_volume, live_market, summary, top_gainers, top_losers, nepse_index, supply_demand",5501
2026-08-10T14:58:10.998999+05:45,2026-08-10 14:58:10,top_losers,top_losers_185,True,cloud_automated,Monday - Trading Hours: 11:00 AM - 3:00 PM NPT,2760,United Modi Hydropower Ltd.,UMHL,,,,-0.53,,,,,,,,,,,,,,579.9,,-3.1,,,,,,,7,"price_volume, live_market, summary, top_gainers, top_losers, nepse_index, supply_demand",5501
2026-08-10T14:58:10.998999+05:45,2026-08-10 14:58:10,top_losers,top_losers_186,True,cloud_automated,Monday - Trading Hours: 11:00 AM - 3:00 PM NPT,9241,Kumari Sabal Yojana,KSY,,,,-0.53,,,,,,,,,,,,,,9.47,,-0.05,,,,,,,7,"price_volume, live_market, summary, top_gainers, top_losers, nepse_index, supply_demand",5501
2026-08-10T14:58:10.998999+05:45,2026-08-10 14:58:10,top_losers,top_losers_187,True,cloud_automated,Monday - Trading Hours: 11:00 AM - 3:00 PM NPT,2937,Sunrise Bluechip Fund,SBCF,,,,-0.53,,,,,,,,,,,,,,9.4,,-0.05,,,,,,,7,"price_volume, live_market, summary, top_gainers, top_losers, nepse_index, supply_demand",5501
2026-08-10T14:58:10.998999+05:45,2026-08-10 14:58:10,top_losers,top_losers_188,True,cloud_automated,Monday - Trading Hours: 11:00 AM - 3:00 PM NPT,250,Janaki Finance Company Limited,JFL,,,,-0.52,,,,,,,,,,,,,,382.5,,-2.0,,,,,,,7,"price_volume, live_market, summary, top_gainers, top_losers, nepse_index, supply_demand",5501
2026-08-10T14:58:10.998999+05:45,2026-08-10 14:58:10,top_losers,top_losers_189,True,cloud_automated,Monday - Trading Hours: 11:00 AM - 3:00 PM NPT,9249,9% ICFC Finance Limited Debenture 2088,ICFCD88,,,,-0.51,,,,,,,,,,,,,,1164.0,,-6.0,,,,,,,7,"price_volume, live_market, summary, top_gainers, top_losers, nepse_index, supply_demand",5501
2026-08-10T14:58:10.998999+05:45,2026-08-10 14:58:10,top_losers,top_losers_190,True,cloud_automated,Monday - Trading Hours: 11:00 AM - 3:00 PM NPT,2831,Union Hydropower Limited,UNHPL,,,,-0.51,,,,,,,,,,,,,,373.1,,-1.9,,,,,,,7,"price_volume, live_market, summary, top_gainers, top_losers, nepse_index, supply_demand",5501
2026-08-10T14:58:10.998999+05:45,2026-08-10 14:58:10,top_losers,top_losers_191,True,cloud_automated,Monday - Trading Hours: 11:00 AM - 3:00 PM NPT,9242,Sarbottam Cement Limited,SARBTM,,,,-0.5,,,,,,,,,,,,,,781.1,,-3.9,,,,,,,7,"price_volume, live_market, summary, top_gainers, top_losers, nepse_index, supply_demand",5501
2026-08-10T14:58:10.998999+05:45,2026-08-10 14:58:10,top_losers,top_losers_192,True,cloud_automated,Monday - Trading Hours: 11:00 AM - 3:00 PM NPT,385,Asian Life Insurance Co. Limited,ALICL,,,,-0.5,,,,,,,,,,,,,,419.9,,-2.1,,,,,,,7,"price_volume, live_market, summary, top_gainers, top_losers, nepse_index, supply_demand",5501
2026-08-10T14:58:10.998999+05:45,2026-08-10 14:58:10,top_losers,top_losers_193,True,cloud_automated,Monday - Trading Hours: 11:00 AM - 3:00 PM NPT,348,Citizens Bank International Limited,CZBIL,,,,-0.5,,,,,,,,,,,,,,201.0,,-1.0,,,,,,,7,"price_volume, live_market, summary, top_gainers, top_losers, nepse_index, supply_demand",5501
2026-08-10T14:58:10.998999+05:45,2026-08-10 14:58:10,top_losers,top_losers_194,True,cloud_automated,Monday - Trading Hours: 11:00 AM - 3:00 PM NPT,9181,Rawa Energy Development Limited,RAWA,,,,-0.48,,,,,,,,,,,,,,418.0,,-2.0,,,,,,,7,"price_volume, live_market, summary, top_gainers, top_losers, nepse_index, supply_demand",5501
2026-08-10T14:58:10.998999+05:45,2026-08-10 14:58:10,top_losers,top_losers_195,True,cloud_automated,Monday - Trading Hours: 11:00 AM - 3:00 PM NPT,9201,Sun Nepal Life Insurance Company Limited,SNLI,,,,-0.48,,,,,,,,,,,,,,412.0,,-2.0,,,,,,,7,"price_volume, live_market, summary, top_gainers, top_losers, nepse_index, supply_demand",5501
2026-08-10T14:58:10.998999+05:45,2026-08-10 14:58:10,top_losers,top_losers_196,True,cloud_automated,Monday - Trading Hours: 11:00 AM - 3:00 PM NPT,2880,Himal Dolakha Hydropower Company Limited,HDHPC,,,,-0.48,,,,,,,,,,,,,,207.0,,-1.0,,,,,,,7,"price_volume, live_market, summary, top_gainers, top_losers, nepse_index, supply_demand",5501
2026-08-10T14:58:10.998999+05:45,2026-08-10 14:58:10,top_losers,top_losers_197,True,cloud_automated,Monday - Trading Hours: 11:00 AM - 3:00 PM NPT,4951,Jeevan Bikas Laghubitta  Bittya Sanstha Ltd,JBLB,,,,-0.46,,,,,,,,,,,,,,1255.0,,-5.8,,,,,,,7,"price_volume, live_market, summary, top_gainers, top_losers, nepse_index, supply_demand",5501
2026-08-10T14:58:10.998999+05:45,2026-08-10 14:58:10,top_losers,top_losers_198,True,cloud_automated,Monday - Trading Hours: 11:00 AM - 3:00 PM NPT,9286,Shine Resunga Debenture,SHINED,,,,-0.46,,,,,,,,,,,,,,1090.0,,-5.0,,,,,,,7,"price_volume, live_market, summary, top_gainers, top_losers, nepse_index, supply_demand",5501
2026-08-10T14:58:10.998999+05:45,2026-08-10 14:58:10,top_losers,top_losers_199,True,cloud_automated,Monday - Trading Hours: 11:00 AM - 3:00 PM NPT,2919,Nepal Infrastructure Bank Limited,NIFRA,,,,-0.45,,,,,,,,,,,,,,244.0,,-1.1,,,,,,,7,"price_volume, live_market, summary, top_gainers, top_losers, nepse_index, supply_demand",5501
2026-08-10T14:58:10.998999+05:45,2026-08-10 14:58:10,top_losers,top_losers_200,True,cloud_automated,Monday - Trading Hours: 11:00 AM - 3:00 PM NPT,8033,"Garima Debenture, 2085",GBBD85,,,,-0.43,,,,,,,,,,,,,,1045.5,,-4.5,,,,,,,7,"price_volume, live_market, summary, top_gainers, top_losers, nepse_index, supply_demand",5501
2026-08-10T14:58:10.998999+05:45,2026-08-10 14:58:10,top_losers,top_losers_201,True,cloud_automated,Monday - Trading Hours: 11:00 AM - 3:00 PM NPT,245,Central Finance Co. Ltd.,CFCL,,,,-0.42,,,,,,,,,,,,,,657.2,,-2.8,,,,,,,7,"price_volume, live_market, summary, top_gainers, top_losers, nepse_index, supply_demand",5501
2026-08-10T14:58:10.998999+05:45,2026-08-10 14:58:10,top_losers,top_losers_202,True,cloud_automated,Monday - Trading Hours: 11:00 AM - 3:00 PM NPT,2924,GreenLife Hydropower Limited,GLH,,,,-0.35,,,,,,,,,,,,,,256.0,,-0.9,,,,,,,7,"price_volume, live_market, summary, top_gainers, top_losers, nepse_index, supply_demand",5501
2026-08-10T14:58:10.998999+05:45,2026-08-10 14:58:10,top_losers,top_losers_203,True,cloud_automated,Monday - Trading Hours: 11:00 AM - 3:00 PM NPT,360,Arun Valley Hydropower Development Co. Ltd.,AHPC,,,,-0.34,,,,,,,,,,,,,,265.0,,-0.9,,,,,,,7,"price_volume, live_market, summary, top_gainers, top_losers, nepse_index, supply_demand",5501
2026-08-10T14:58:10.998999+05:45,2026-08-10 14:58:10,top_losers,top_losers_204,True,cloud_automated,Monday - Trading Hours: 11:00 AM - 3:00 PM NPT,9215,Mid Solu Hydropower Limited,MSHL,,,,-0.33,,,,,,,,,,,,,,606.0,,-2.0,,,,,,,7,"price_volume, live_market, summary, top_gainers, top_losers, nepse_index, supply_demand",5501
2026-08-10T14:58:10.998999+05:45,2026-08-10 14:58:10,top_losers,top_losers_205,True,cloud_automated,Monday - Trading Hours: 11:00 AM - 3:00 PM NPT,139,NIC Asia Bank Ltd.,NICA,,,,-0.31,,,,,,,,,,,,,,325.0,,-1.0,,,,,,,7,"price_volume, live_market, summary, top_gainers, top_losers, nepse_index, supply_demand",5501
2026-08-10T14:58:10.998999+05:45,2026-08-10 14:58:10,top_losers,top_losers_206,True,cloud_automated,Monday - Trading Hours: 11:00 AM - 3:00 PM NPT,8021,Sahas Urja Limited,SAHAS,,,,-0.28,,,,,,,,,,,,,,670.0,,-1.9,,,,,,,7,"price_volume, live_market, summary, top_gainers, top_losers, nepse_index, supply_demand",5501
2026-08-10T14:58:10.998999+05:45,2026-08-10 14:58:10,top_losers,top_losers_207,True,cloud_automated,Monday - Trading Hours: 11:00 AM - 3:00 PM NPT,263,Guheshowori Merchant Bank & Finance Co. Ltd.,GMFIL,,,,-0.28,,,,,,,,,,,,,,455.0,,-1.3,,,,,,,7,"price_volume, live_market, summary, top_gainers, top_losers, nepse_index, supply_demand",5501
2026-08-10T14:58:10.998999+05:45,2026-08-10 14:58:10,top_losers,top_losers_208,True,cloud_automated,Monday - Trading Hours: 11:00 AM - 3:00 PM NPT,141,Laxmi Sunrise Bank Limited,LSL,,,,-0.27,,,,,,,,,,,,,,219.6,,-0.6,,,,,,,7,"price_volume, live_market, summary, top_gainers, top_losers, nepse_index, supply_demand",5501
2026-08-10T14:58:10.998999+05:45,2026-08-10 14:58:10,top_losers,top_losers_209,True,cloud_automated,Monday - Trading Hours: 11:00 AM - 3:00 PM NPT,574,Sana Kisan Bikas Laghubitta Bittiya Sanstha Limited,SKBBL,,,,-0.25,,,,,,,,,,,,,,748.0,,-1.9,,,,,,,7,"price_volume, live_market, summary, top_gainers, top_losers, nepse_index, supply_demand",5501
2026-08-10T14:58:10.998999+05:45,2026-08-10 14:58:10,top_losers,top_losers_210,True,cloud_automated,Monday - Trading Hours: 11:00 AM - 3:00 PM NPT,187,Nepal Life Insurance Co. Ltd.,NLIC,,,,-0.24,,,,,,,,,,,,,,738.0,,-1.8,,,,,,,7,"price_volume, live_market, summary, top_gainers, top_losers, nepse_index, supply_demand",5501
2026-08-10T14:58:10.998999+05:45,2026-08-10 14:58:10,top_losers,top_losers_211,True,cloud_automated,Monday - Trading Hours: 11:00 AM - 3:00 PM NPT,9146,Super Madi Hydropower Limited,SMHL,,,,-0.24,,,,,,,,,,,,,,492.8,,-1.2,,,,,,,7,"price_volume, live_market, summary, top_gainers, top_losers, nepse_index, supply_demand",5501
2026-08-10T14:58:10.998999+05:45,2026-08-10 14:58:10,top_losers,top_losers_212,True,cloud_automated,Monday - Trading Hours: 11:00 AM - 3:00 PM NPT,338,Progressive Finance Limited,PROFL,,,,-0.24,,,,,,,,,,,,,,419.0,,-1.0,,,,,,,7,"price_volume, live_market, summary, top_gainers, top_losers, nepse_index, supply_demand",5501
2026-08-10T14:58:10.998999+05:45,2026-08-10 14:58:10,top_losers,top_losers_213,True,cloud_automated,Monday - Trading Hours: 11:00 AM - 3:00 PM NPT,418,Jyoti Bikas Bank Limited,JBBL,,,,-0.24,,,,,,,,,,,,,,339.2,,-0.8,,,,,,,7,"price_volume, live_market, summary, top_gainers, top_losers, nepse_index, supply_demand",5501
2026-08-10T14:58:10.998999+05:45,2026-08-10 14:58:10,top_losers,top_losers_214,True,cloud_automated,Monday - Trading Hours: 11:00 AM - 3:00 PM NPT,8023,Mega Mutual Fund -1,MMF1,,,,-0.23,,,,,,,,,,,,,,8.86,,-0.02,,,,,,,7,"price_volume, live_market, summary, top_gainers, top_losers, nepse_index, supply_demand",5501
2026-08-10T14:58:10.998999+05:45,2026-08-10 14:58:10,top_losers,top_losers_215,True,cloud_automated,Monday - Trading Hours: 11:00 AM - 3:00 PM NPT,2790,Aarambha Chautari Laghubitta Bittiya Sanstha Limited,ACLBSL,,,,-0.22,,,,,,,,,,,,,,915.0,,-2.0,,,,,,,7,"price_volume, live_market, summary, top_gainers, top_losers, nepse_index, supply_demand",5501
2026-08-10T14:58:10.998999+05:45,2026-08-10 14:58:10,top_losers,top_losers_216,True,cloud_automated,Monday - Trading Hours: 11:00 AM - 3:00 PM NPT,2758,Forward Microfinance Laghubitta Bittiya Sanstha Limited,FOWAD,,,,-0.22,,,,,,,,,,,,,,928.0,,-2.0,,,,,,,7,"price_volume, live_market, summary, top_gainers, top_losers, nepse_index, supply_demand",5501
2026-08-10T14:58:10.998999+05:45,2026-08-10 14:58:10,top_losers,top_losers_217,True,cloud_automated,Monday - Trading Hours: 11:00 AM - 3:00 PM NPT,307,Nepal Doorsanchar Company Limited,NTC,,,,-0.22,,,,,,,,,,,,,,862.0,,-1.9,,,,,,,7,"price_volume, live_market, summary, top_gainers, top_losers, nepse_index, supply_demand",5501
2026-08-10T14:58:10.998999+05:45,2026-08-10 14:58:10,top_losers,top_losers_218,True,cloud_automated,Monday - Trading Hours: 11:00 AM - 3:00 PM NPT,179,Himalayan Everest Insurance Limited,HEI,,,,-0.22,,,,,,,,,,,,,,532.8,,-1.2,,,,,,,7,"price_volume, live_market, summary, top_gainers, top_losers, nepse_index, supply_demand",5501
2026-08-10T14:58:10.998999+05:45,2026-08-10 14:58:10,top_losers,top_losers_219,True,cloud_automated,Monday - Trading Hours: 11:00 AM - 3:00 PM NPT,147,Soaltee Hotel Limited,SHL,,,,-0.22,,,,,,,,,,,,,,498.0,,-1.1,,,,,,,7,"price_volume, live_market, summary, top_gainers, top_losers, nepse_index, supply_demand",5501
2026-08-10T14:58:10.998999+05:45,2026-08-10 14:58:10,top_losers,top_losers_220,True,cloud_automated,Monday - Trading Hours: 11:00 AM - 3:00 PM NPT,9170,Dolti Power Company Limited,DOLTI,,,,-0.22,,,,,,,,,,,,,,319.3,,-0.7,,,,,,,7,"price_volume, live_market, summary, top_gainers, top_losers, nepse_index, supply_demand",5501
2026-08-10T14:58:10.998999+05:45,2026-08-10 14:58:10,top_losers,top_losers_221,True,cloud_automated,Monday - Trading Hours: 11:00 AM - 3:00 PM NPT,2923,Sanima Large Cap Fund,SLCF,,,,-0.21,,,,,,,,,,,,,,9.5,,-0.02,,,,,,,7,"price_volume, live_market, summary, top_gainers, top_losers, nepse_index, supply_demand",5501
2026-08-10T14:58:10.998999+05:45,2026-08-10 14:58:10,top_losers,top_losers_222,True,cloud_automated,Monday - Trading Hours: 11:00 AM - 3:00 PM NPT,155,Salt Trading Corporation,STC,,,,-0.19,,,,,,,,,,,,,,5170.0,,-10.0,,,,,,,7,"price_volume, live_market, summary, top_gainers, top_losers, nepse_index, supply_demand",5501
2026-08-10T14:58:10.998999+05:45,2026-08-10 14:58:10,top_losers,top_losers_223,True,cloud_automated,Monday - Trading Hours: 11:00 AM - 3:00 PM NPT,8117,Aviyan Laghubitta Bittiya Sanstha Limited,AVYAN,,,,-0.19,,,,,,,,,,,,,,1051.0,,-2.0,,,,,,,7,"price_volume, live_market, summary, top_gainers, top_losers, nepse_index, supply_demand",5501
2026-08-10T14:58:10.998999+05:45,2026-08-10 14:58:10,top_losers,top_losers_224,True,cloud_automated,Monday - Trading Hours: 11:00 AM - 3:00 PM NPT,235,Himalayan Distillery Limited,HDL,,,,-0.17,,,,,,,,,,,,,,1165.0,,-2.0,,,,,,,7,"price_volume, live_market, summary, top_gainers, top_losers, nepse_index, supply_demand",5501
2026-08-10T14:58:10.998999+05:45,2026-08-10 14:58:10,top_losers,top_losers_225,True,cloud_automated,Monday - Trading Hours: 11:00 AM - 3:00 PM NPT,8065,CYC Nepal Laghubitta Bittiya Sanstha Limited,CYCL,,,,-0.16,,,,,,,,,,,,,,1278.0,,-2.0,,,,,,,7,"price_volume, live_market, summary, top_gainers, top_losers, nepse_index, supply_demand",5501
2026-08-10T14:58:10.998999+05:45,2026-08-10 14:58:10,top_losers,top_losers_226,True,cloud_automated,Monday - Trading Hours: 11:00 AM - 3:00 PM NPT,9267,Bikash Hydropower Company Limited,BHCL,,,,-0.16,,,,,,,,,,,,,,488.2,,-0.8,,,,,,,7,"price_volume, live_market, summary, top_gainers, top_losers, nepse_index, supply_demand",5501
2026-08-10T14:58:10.998999+05:45,2026-08-10 14:58:10,top_losers,top_losers_227,True,cloud_automated,Monday - Trading Hours: 11:00 AM - 3:00 PM NPT,417,Garima Bikas Bank Limited,GBBL,,,,-0.12,,,,,,,,,,,,,,418.5,,-0.5,,,,,,,7,"price_volume, live_market, summary, top_gainers, top_losers, nepse_index, supply_demand",5501
2026-08-10T14:58:10.998999+05:45,2026-08-10 14:58:10,top_losers,top_losers_228,True,cloud_automated,Monday - Trading Hours: 11:00 AM - 3:00 PM NPT,9248,Garima Samriddhi Yojana,GSY,,,,-0.11,,,,,,,,,,,,,,9.51,,-0.01,,,,,,,7,"price_volume, live_market, summary, top_gainers, top_losers, nepse_index, supply_demand",5501
2026-08-10T14:58:10.998999+05:45,2026-08-10 14:58:10,top_losers,top_losers_229,True,cloud_automated,Monday - Trading Hours: 11:00 AM - 3:00 PM NPT,154,Chilime Hydropower Company Limited,CHCL,,,,-0.1,,,,,,,,,,,,,,485.5,,-0.5,,,,,,,7,"price_volume, live_market, summary, top_gainers, top_losers, nepse_index, supply_demand",5501
2026-08-10T14:58:10.998999+05:45,2026-08-10 14:58:10,top_losers,top_losers_230,True,cloud_automated,Monday - Trading Hours: 11:00 AM - 3:00 PM NPT,472,Shangrila Development Bank Ltd.,SADBL,,,,-0.1,,,,,,,,,,,,,,408.0,,-0.4,,,,,,,7,"price_volume, live_market, summary, top_gainers, top_losers, nepse_index, supply_demand",5501
2026-08-10T14:58:10.998999+05:45,2026-08-10 14:58:10,top_losers,top_losers_231,True,cloud_automated,Monday - Trading Hours: 11:00 AM - 3:00 PM NPT,2770,Siddhartha Equity Fund,SEF,,,,-0.1,,,,,,,,,,,,,,9.9,,-0.01,,,,,,,7,"price_volume, live_market, summary, top_gainers, top_losers, nepse_index, supply_demand",5501
2026-08-10T14:58:10.998999+05:45,2026-08-10 14:58:10,top_losers,top_losers_232,True,cloud_automated,Monday - Trading Hours: 11:00 AM - 3:00 PM NPT,171,Sanima Bank Limited,SANIMA,,,,-0.08,,,,,,,,,,,,,,369.7,,-0.3,,,,,,,7,"price_volume, live_market, summary, top_gainers, top_losers, nepse_index, supply_demand",5501
2026-08-10T14:58:10.998999+05:45,2026-08-10 14:58:10,top_losers,top_losers_233,True,cloud_automated,Monday - Trading Hours: 11:00 AM - 3:00 PM NPT,9174,Prabhu Smart Fund,PRSF,,,,-0.08,,,,,,,,,,,,,,12.9,,-0.01,,,,,,,7,"price_volume, live_market, summary, top_gainers, top_losers, nepse_index, supply_demand",5501
2026-08-10T14:58:10.998999+05:45,2026-08-10 14:58:10,top_losers,top_losers_234,True,cloud_automated,Monday - Trading Hours: 11:00 AM - 3:00 PM NPT,9346,Kalanga Hydro Limited,KAHL,,,,-0.07,,,,,,,,,,,,,,541.8,,-0.4,,,,,,,7,"price_volume, live_market, summary, top_gainers, top_losers, nepse_index, supply_demand",5501
2026-08-10T14:58:10.998999+05:45,2026-08-10 14:58:10,top_losers,top_losers_235,True,cloud_automated,Monday - Trading Hours: 11:00 AM - 3:00 PM NPT,164,Chhimek Laghubitta Bittiya Sanstha Limited,CBBL,,,,-0.06,,,,,,,,,,,,,,928.4,,-0.6,,,,,,,7,"price_volume, live_market, summary, top_gainers, top_losers, nepse_index, supply_demand",5501
2026-08-10T14:58:10.998999+05:45,2026-08-10 14:58:10,top_losers,top_losers_236,True,cloud_automated,Monday - Trading Hours: 11:00 AM - 3:00 PM NPT,473,Shine Resunga Development Bank Ltd.,SHINE,,,,-0.05,,,,,,,,,,,,,,407.0,,-0.2,,,,,,,7,"price_volume, live_market, summary, top_gainers, top_losers, nepse_index, supply_demand",5501
2026-08-10T14:58:10.998999+05:45,2026-08-10 14:58:10,top_losers,top_losers_237,True,cloud_automated,Monday - Trading Hours: 11:00 AM - 3:00 PM NPT,142,Kumari Bank Limited,KBL,,,,-0.05,,,,,,,,,,,,,,214.9,,-0.1,,,,,,,7,"price_volume, live_market, summary, top_gainers, top_losers, nepse_index, supply_demand",5501
2026-08-10T14:58:10.998999+05:45,2026-08-10 14:58:10,top_losers,top_losers_238,True,cloud_automated,Monday - Trading Hours: 11:00 AM - 3:00 PM NPT,2907,Shiva Shree Hydropower Ltd,SSHL,,,,-0.05,,,,,,,,,,,,,,200.2,,-0.1,,,,,,,7,"price_volume, live_market, summary, top_gainers, top_losers, nepse_index, supply_demand",5501
2026-08-10T14:58:10.998999+05:45,2026-08-10 14:58:10,top_losers,top_losers_239,True,cloud_automated,Monday - Trading Hours: 11:00 AM - 3:00 PM NPT,2792,Upper Tamakoshi Hydropower Ltd,UPPER,,,,-0.05,,,,,,,,,,,,,,191.9,,-0.1,,,,,,,7,"price_volume, live_market, summary, top_gainers, top_losers, nepse_index, supply_demand",5501
2026-08-10T14:58:10.998999+05:45,2026-08-10 14:58:10,top_losers,top_losers_240,True,cloud_automated,Monday - Trading Hours: 11:00 AM - 3:00 PM NPT,341,Global IME Bank Limited,GBIME,,,,-0.04,,,,,,,,,,,,,,250.9,,-0.1,,,,,,,7,"price_volume, live_market, summary, top_gainers, top_losers, nepse_index, supply_demand",5501
2026-08-10T14:58:10.998999+05:45,2026-08-10 14:58:10,top_losers,top_losers_241,True,cloud_automated,Monday - Trading Hours: 11:00 AM - 3:00 PM NPT,238,NMB Bank Limited,NMB,,,,-0.04,,,,,,,,,,,,,,243.0,,-0.1,,,,,,,7,"price_volume, live_market, summary, top_gainers, top_losers, nepse_index, supply_demand",5501
2026-08-10T14:58:10.998999+05:45,2026-08-10 14:58:10,top_losers,top_losers_242,True,cloud_automated,Monday - Trading Hours: 11:00 AM - 3:00 PM NPT,2931,8.5% Nepal Investment Bank Debenture 2084,NIBD84,,,,-0.03,,,,,,,,,,,,,,1035.0,,-0.3,,,,,,,7,"price_volume, live_market, summary, top_gainers, top_losers, nepse_index, supply_demand",5501
2026-08-10T14:58:10.998999+05:45,2026-08-10 14:58:10,nepse_index,nepse_index_summary,True,cloud_automated,Monday - Trading Hours: 11:00 AM - 3:00 PM NPT,,,,,,,,,,,,,,,,,,,,,,,,"{'id': 63, 'auditId': None, 'exchangeIndexId': None, 'generatedTime': '2026-08-10T14:55:59.943', 'index': 'Sensitive Float Index', 'close': 156.9, 'high': 157.5166, 'low': 155.9745, 'previousClose': 156.9047, 'change': -0.82, 'perChange': -0.52, 'fiftyTwoWeekHigh': 173.41, 'fiftyTwoWeekLow': 147.61, 'currentValue': 156.07}","{'id': 58, 'auditId': None, 'exchangeIndexId': None, 'generatedTime': '2026-08-10T14:56:00.933', 'index': 'NEPSE Index', 'close': 2650.09, 'high': 2653.9555, 'low': 2636.2866, 'previousClose': 2650.0926, 'change': -12.46, 'perChange': -0.47, 'fiftyTwoWeekHigh': 2960.4, 'fiftyTwoWeekLow': 2487.18, 'currentValue': 2637.62}","{'id': 57, 'auditId': None, 'exchangeIndexId': None, 'generatedTime': '2026-08-10T14:55:59.943', 'index': 'Sensitive Index', 'close': 463.57, 'high': 465.2442, 'low': 460.7548, 'previousClose': 463.5686, 'change': -2.61, 'perChange': -0.56, 'fiftyTwoWeekHigh': 507.0, 'fiftyTwoWeekLow': 435.29, 'currentValue': 460.95}","{'id': 62, 'auditId': None, 'exchangeIndexId': None, 'generatedTime': '2026-08-10T14:56:00.933', 'index': 'Float Index', 'close': 181.8, 'high': 182.149, 'low': 180.7741, 'previousClose': 181.7964, 'change': -0.84, 'perChange': -0.46, 'fiftyTwoWeekHigh': 204.21, 'fiftyTwoWeekLow': 170.58, 'currentValue': 180.95}",,,7,"price_volume, live_market, summary, top_gainers, top_losers, nepse_index, supply_demand",5501
2026-08-10T14:58:10.998999+05:45,2026-08-10 14:58:10,supply_demand,supply_demand_summary,True,cloud_automated,Monday - Trading Hours: 11:00 AM - 3:00 PM NPT,,,,,,,,,,,,,,,,,,,,,,,,,,,,"[{'totalQuantity': 934059, 'totalOrder': 7, 'securityId': 8074, 'symbol': 'KDBY', 'securityName': 'Kumari Dhanabriddhi Yojana'}, {'totalQuantity': 828552, 'totalOrder': 26, 'securityId': 610, 'symbol': 'RIDI', 'securityName': 'Ridi Power Company Limited'}, {'totalQuantity': 628465, 'totalOrder': 7, 'securityId': 9174, 'symbol': 'PRSF', 'securityName': 'Prabhu Smart Fund'}, {'totalQuantity': 376060, 'totalOrder': 10, 'securityId': 9257, 'symbol': 'MBLEF', 'securityName': 'MBL Equity Fund'}, {'totalQuantity': 345665, 'totalOrder': 6, 'securityId': 9302, 'symbol': 'RBBF40', 'securityName': 'RBB Focus 40'}, {'totalQuantity': 326050, 'totalOrder': 11, 'securityId': 2933, 'symbol': 'KEF', 'securityName': 'Kumari Equity Fund'}, {'totalQuantity': 290865, 'totalOrder': 6, 'securityId': 8106, 'symbol': 'GIBF1', 'securityName': 'Global IME Balanced Fund-1'}, {'totalQuantity': 283100, 'totalOrder': 6, 'securityId': 2751, 'symbol': 'KKHC', 'securityName': 'Khanikhola Hydropower Co. Ltd.'}, {'totalQuantity': 250227, 'totalOrder': 8, 'securityId': 9259, 'symbol': 'RSY', 'securityName': 'Reliable Samriddhi Yojana'}, {'totalQuantity': 242181, 'totalOrder': 13, 'securityId': 2788, 'symbol': 'AKJCL', 'securityName': 'Ankhu Khola Jalvidhyut Company Ltd'}, {'totalQuantity': 226992, 'totalOrder': 7, 'securityId': 8125, 'symbol': 'NSIF2', 'securityName': 'NMB Sulav Investment Fund - 2'}, {'totalQuantity': 206220, 'totalOrder': 8, 'securityId': 9154, 'symbol': 'SFEF', 'securityName': 'Sunrise Focused Equity Fund'}, {'totalQuantity': 198177, 'totalOrder': 6, 'securityId': 9245, 'symbol': 'MNMF1', 'securityName': 'Muktinath Mutual Fund 1'}, {'totalQuantity': 188285, 'totalOrder': 14, 'securityId': 9311, 'symbol': 'SOHL', 'securityName': 'Solu Hydropower Limited'}, {'totalQuantity': 183459, 'totalOrder': 8, 'securityId': 9221, 'symbol': 'H8020', 'securityName': 'Himalayan 80-20'}, {'totalQuantity': 162890, 'totalOrder': 19, 'securityId': 152, 'symbol': 'NHPC', 'securityName': 'National Hydro Power Company Limited'}, {'totalQuantity': 135824, 'totalOrder': 6, 'securityId': 255, 'symbol': 'PRVU', 'securityName': 'Prabhu  Bank Limited'}, {'totalQuantity': 131961, 'totalOrder': 15, 'securityId': 142, 'symbol': 'KBL', 'securityName': 'Kumari Bank Limited'}, {'totalQuantity': 128983, 'totalOrder': 9, 'securityId': 341, 'symbol': 'GBIME', 'securityName': 'Global IME Bank Limited'}, {'totalQuantity': 117131, 'totalOrder': 8, 'securityId': 2860, 'symbol': 'SAPDBL', 'securityName': 'Saptakoshi Development Bank Ltd'}, {'totalQuantity': 112258, 'totalOrder': 5, 'securityId': 2767, 'symbol': 'HPPL', 'securityName': 'Himalayan Power Partner Ltd.'}, {'totalQuantity': 104668, 'totalOrder': 12, 'securityId': 2903, 'symbol': 'LEC', 'securityName': 'Liberty Energy Company Limited'}, {'totalQuantity': 100700, 'totalOrder': 5, 'securityId': 9182, 'symbol': 'SIGS3', 'securityName': 'Siddhartha Investment Growth Scheme 3'}, {'totalQuantity': 92972, 'totalOrder': 6, 'securityId': 245, 'symbol': 'CFCL', 'securityName': 'Central Finance Co. Ltd.'}, {'totalQuantity': 91514, 'totalOrder': 8, 'securityId': 2743, 'symbol': 'NGPL', 'securityName': 'Ngadi Group Power Ltd.'}, {'totalQuantity': 90493, 'totalOrder': 7, 'securityId': 4947, 'symbol': 'PSF', 'securityName': 'Prabhu Select Fund'}, {'totalQuantity': 88519, 'totalOrder': 10, 'securityId': 2880, 'symbol': 'HDHPC', 'securityName': 'Himal Dolakha Hydropower Company Limited'}, {'totalQuantity': 86856, 'totalOrder': 5, 'securityId': 9254, 'symbol': 'NMBHF2', 'securityName': 'NMB Hybrid Fund L- II'}, {'totalQuantity': 86501, 'totalOrder': 7, 'securityId': 145, 'symbol': 'SBL', 'securityName': 'Siddhartha Bank Limited'}, {'totalQuantity': 84420, 'totalOrder': 7, 'securityId': 8024, 'symbol': 'NBF3', 'securityName': 'Nabil Balanced Fund-3'}, {'totalQuantity': 80878, 'totalOrder': 11, 'securityId': 171, 'symbol': 'SANIMA', 'securityName': 'Sanima Bank Limited'}, {'totalQuantity': 78380, 'totalOrder': 12, 'securityId': 9173, 'symbol': 'CITY', 'securityName': 'City Hotel Limited'}, {'totalQuantity': 77073, 'totalOrder': 15, 'securityId': 490, 'symbol': 'FMDBL', 'securityName': 'First Micro Finance Laghubitta Bittiya Sanstha Limited'}, {'totalQuantity': 75569, 'totalOrder': 9, 'securityId': 9146, 'symbol': 'SMHL', 'securityName': 'Super Madi Hydropower Limited'}, {'totalQuantity': 74915, 'totalOrder': 8, 'securityId': 2809, 'symbol': 'SHIVM', 'securityName': 'SHIVAM CEMENTS LTD'}, {'totalQuantity': 74841, 'totalOrder': 6, 'securityId': 2907, 'symbol': 'SSHL', 'securityName': 'Shiva Shree Hydropower Ltd'}, {'totalQuantity': 74624, 'totalOrder': 10, 'securityId': 697, 'symbol': 'API', 'securityName': 'Api Power Company Ltd.'}, {'totalQuantity': 73769, 'totalOrder': 8, 'securityId': 517, 'symbol': 'NBL', 'securityName': 'Nepal Bank Limited'}, {'totalQuantity': 69682, 'totalOrder': 7, 'securityId': 188, 'symbol': 'LICN', 'securityName': 'Life Insurance Corporation (Nepal) Limited'}, {'totalQuantity': 69530, 'totalOrder': 5, 'securityId': 2759, 'symbol': 'SPDL', 'securityName': 'Synergy Power Development Ltd.'}, {'totalQuantity': 69360, 'totalOrder': 5, 'securityId': 9244, 'symbol': 'NIBLSTF', 'securityName': 'NIBL Stable Fund'}, {'totalQuantity': 69221, 'totalOrder': 6, 'securityId': 4968, 'symbol': 'RMF1', 'securityName': 'RBB Mutual Fund 1'}, {'totalQuantity': 65043, 'totalOrder': 7, 'securityId': 358, 'symbol': 'LBBL', 'securityName': 'Lumbini Bikas Bank Ltd.'}, {'totalQuantity': 64178, 'totalOrder': 8, 'securityId': 8111, 'symbol': 'HIDCLP', 'securityName': 'Hydorelectricity Investment and Development Company Limited Promoter'}, {'totalQuantity': 63282, 'totalOrder': 9, 'securityId': 2810, 'symbol': 'UPCL', 'securityName': 'UNIVERSAL POWER COMPANY LTD'}, {'totalQuantity': 61788, 'totalOrder': 6, 'securityId': 2867, 'symbol': 'NMB50', 'securityName': 'NMB 50'}, {'totalQuantity': 59532, 'totalOrder': 11, 'securityId': 348, 'symbol': 'CZBIL', 'securityName': 'Citizens Bank International Limited'}, {'totalQuantity': 57535, 'totalOrder': 18, 'securityId': 360, 'symbol': 'AHPC', 'securityName': 'Arun Valley Hydropower Development Co. Ltd.'}, {'totalQuantity': 56964, 'totalOrder': 13, 'securityId': 2824, 'symbol': 'HURJA', 'securityName': 'Himalaya Urja Bikas Company Limited'}, {'totalQuantity': 56191, 'totalOrder': 16, 'securityId': 9234, 'symbol': 'HRL', 'securityName': 'Himalayan Reinsurance Limited'}, {'totalQuantity': 56088, 'totalOrder': 11, 'securityId': 2792, 'symbol': 'UPPER', 'securityName': 'Upper Tamakoshi Hydropower Ltd'}, {'totalQuantity': 53458, 'totalOrder': 21, 'securityId': 8021, 'symbol': 'SAHAS', 'securityName': 'Sahas Urja Limited'}, {'totalQuantity': 52290, 'totalOrder': 15, 'securityId': 132, 'symbol': 'NIMB', 'securityName': 'Nepal Investment Mega Bank Limited'}, {'totalQuantity': 51694, 'totalOrder': 6, 'securityId': 2757, 'symbol': 'AKPL', 'securityName': 'Arun Kabeli Power Ltd.'}, {'totalQuantity': 50995, 'totalOrder': 11, 'securityId': 2760, 'symbol': 'UMHL', 'securityName': 'United Modi Hydropower Ltd.'}, {'totalQuantity': 50818, 'totalOrder': 11, 'securityId': 469, 'symbol': 'NIMBPO', 'securityName': 'Nepal Investment Mega Bank Ltd. Promoter Share'}, {'totalQuantity': 50653, 'totalOrder': 5, 'securityId': 2770, 'symbol': 'SEF', 'securityName': 'Siddhartha Equity Fund'}, {'totalQuantity': 50287, 'totalOrder': 6, 'securityId': 357, 'symbol': 'PCBL', 'securityName': 'Prime Commercial Bank Ltd.'}, {'totalQuantity': 48533, 'totalOrder': 5, 'securityId': 8022, 'symbol': 'TPC', 'securityName': 'Terhathum Power Company Limited'}, {'totalQuantity': 46896, 'totalOrder': 16, 'securityId': 9199, 'symbol': 'RNLI', 'securityName': 'Reliable Nepal Life Insurance Limited'}, {'totalQuantity': 45717, 'totalOrder': 19, 'securityId': 8055, 'symbol': 'BHL', 'securityName': 'Balephi Hydropower Limited'}, {'totalQuantity': 45571, 'totalOrder': 6, 'securityId': 238, 'symbol': 'NMB', 'securityName': 'NMB Bank Limited'}, {'totalQuantity': 44960, 'totalOrder': 6, 'securityId': 2859, 'symbol': 'SIGS2', 'securityName': 'Siddhartha Investment Growth Scheme - 2'}, {'totalQuantity': 41250, 'totalOrder': 9, 'securityId': 2934, 'symbol': 'SHEL', 'securityName': 'Singati Hydro Energy Limited'}, {'totalQuantity': 41211, 'totalOrder': 12, 'securityId': 131, 'symbol': 'NABIL', 'securityName': 'Nabil Bank Limited'}, {'totalQuantity': 39439, 'totalOrder': 26, 'securityId': 134, 'symbol': 'HBL', 'securityName': 'Himalayan Bank Limited'}, {'totalQuantity': 38863, 'totalOrder': 7, 'securityId': 459, 'symbol': 'KSBBL', 'securityName': 'Kamana Sewa Bikas Bank Limited'}, {'totalQuantity': 38523, 'totalOrder': 8, 'securityId': 141, 'symbol': 'LSL', 'securityName': 'Laxmi Sunrise Bank Limited'}, {'totalQuantity': 37995, 'totalOrder': 18, 'securityId': 2919, 'symbol': 'NIFRA', 'securityName': 'Nepal Infrastructure Bank Limited'}, {'totalQuantity': 37598, 'totalOrder': 6, 'securityId': 9301, 'symbol': 'SAIL', 'securityName': 'Shreenagar Agritech Industries Limited'}, {'totalQuantity': 36929, 'totalOrder': 7, 'securityId': 2898, 'symbol': 'NRN', 'securityName': 'NRN Infrastructure and Development Limited'}, {'totalQuantity': 36438, 'totalOrder': 6, 'securityId': 9290, 'symbol': 'HLICF', 'securityName': 'HLI Large Cap Fund'}, {'totalQuantity': 36421, 'totalOrder': 8, 'securityId': 587, 'symbol': 'RLFL', 'securityName': 'Reliance Finance Ltd.'}, {'totalQuantity': 36399, 'totalOrder': 10, 'securityId': 2924, 'symbol': 'GLH', 'securityName': 'GreenLife Hydropower Limited'}, {'totalQuantity': 36388, 'totalOrder': 16, 'securityId': 2742, 'symbol': 'HIDCL', 'securityName': 'Hydorelectricity Investment and Development Company Ltd'}, {'totalQuantity': 35941, 'totalOrder': 6, 'securityId': 140, 'symbol': 'MBL', 'securityName': 'Machhapuchhre Bank Limited'}, {'totalQuantity': 35900, 'totalOrder': 5, 'securityId': 9201, 'symbol': 'SNLI', 'securityName': 'Sun Nepal Life Insurance Company Limited'}, {'totalQuantity': 33163, 'totalOrder': 14, 'securityId': 9293, 'symbol': 'DHEL', 'securityName': 'Daramkhola Hydro Energy Limited'}, {'totalQuantity': 32938, 'totalOrder': 8, 'securityId': 135, 'symbol': 'SBI', 'securityName': 'Nepal SBI Bank Limited'}, {'totalQuantity': 32448, 'totalOrder': 11, 'securityId': 2776, 'symbol': 'RADHI', 'securityName': 'Radhi Bidyut Company Ltd'}, {'totalQuantity': 32447, 'totalOrder': 21, 'securityId': 397, 'symbol': 'ADBL', 'securityName': 'Agricultural Development Bank Limited'}, {'totalQuantity': 32211, 'totalOrder': 6, 'securityId': 9149, 'symbol': 'MKHC', 'securityName': 'Maya Khola Hydropower Company Limited'}, {'totalQuantity': 31645, 'totalOrder': 13, 'securityId': 9303, 'symbol': 'SYPNL', 'securityName': 'SY Panel Nepal Limited'}, {'totalQuantity': 31433, 'totalOrder': 6, 'securityId': 4967, 'symbol': 'NICSF', 'securityName': 'NIC Asia Select Fund 30'}, {'totalQuantity': 31100, 'totalOrder': 3, 'securityId': 9312, 'symbol': 'NSY', 'securityName': 'Nepal Life Samriddhi Lagani Yojana'}, {'totalQuantity': 30563, 'totalOrder': 8, 'securityId': 9345, 'symbol': 'SGHL', 'securityName': 'Sanigad Hydro Limited'}, {'totalQuantity': 30353, 'totalOrder': 7, 'securityId': 2806, 'symbol': 'GHL', 'securityName': 'Ghalemdi Hydro Limited'}, {'totalQuantity': 30100, 'totalOrder': 8, 'securityId': 8023, 'symbol': 'MMF1', 'securityName': 'Mega Mutual Fund -1'}, {'totalQuantity': 28367, 'totalOrder': 27, 'securityId': 2913, 'symbol': 'MEN', 'securityName': 'Mountain Energy Nepal Limited'}, {'totalQuantity': 28250, 'totalOrder': 8, 'securityId': 154, 'symbol': 'CHCL', 'securityName': 'Chilime Hydropower Company Limited'}, {'totalQuantity': 27784, 'totalOrder': 6, 'securityId': 2811, 'symbol': 'MHNL', 'securityName': 'Mountain Hydro Nepal Limited'}, {'totalQuantity': 27736, 'totalOrder': 9, 'securityId': 137, 'symbol': 'EBL', 'securityName': 'Everest Bank Limited'}, {'totalQuantity': 26950, 'totalOrder': 10, 'securityId': 474, 'symbol': 'MNBBL', 'securityName': 'Muktinath Bikas Bank Ltd.'}, {'totalQuantity': 26925, 'totalOrder': 7, 'securityId': 2744, 'symbol': 'GRDBL', 'securityName': 'Green Development Bank Ltd.'}, {'totalQuantity': 26917, 'totalOrder': 20, 'securityId': 9296, 'symbol': 'BUNGAL', 'securityName': 'Bungal Hydro Limited'}, {'totalQuantity': 25894, 'totalOrder': 7, 'securityId': 450, 'symbol': 'CORBL', 'securityName': 'Corporate Development Bank Limited'}, {'totalQuantity': 25620, 'totalOrder': 12, 'securityId': 417, 'symbol': 'GBBL', 'securityName': 'Garima Bikas Bank Limited'}, {'totalQuantity': 25608, 'totalOrder': 10, 'securityId': 9342, 'symbol': 'YMHL', 'securityName': 'Yambaling Hydropower Limited'}, {'totalQuantity': 25475, 'totalOrder': 16, 'securityId': 8031, 'symbol': 'MBJC', 'securityName': 'Madhya Bhotekoshi Jalavidyut Company Limited'}, {'totalQuantity': 25101, 'totalOrder': 6, 'securityId': 307, 'symbol': 'NTC', 'securityName': 'Nepal Doorsanchar Company Limited'}, {'totalQuantity': 24999, 'totalOrder': 18, 'securityId': 8133, 'symbol': 'PHCL', 'securityName': 'Peoples Hydropower Company Limited'}, {'totalQuantity': 23909, 'totalOrder': 8, 'securityId': 139, 'symbol': 'NICA', 'securityName': 'NIC Asia Bank Ltd.'}, {'totalQuantity': 23881, 'totalOrder': 6, 'securityId': 9267, 'symbol': 'BHCL', 'securityName': 'Bikash Hydropower Company Limited'}, {'totalQuantity': 23869, 'totalOrder': 7, 'securityId': 2789, 'symbol': 'JOSHI', 'securityName': 'Joshi Hydropower Development Company Ltd'}, {'totalQuantity': 23376, 'totalOrder': 11, 'securityId': 235, 'symbol': 'HDL', 'securityName': 'Himalayan Distillery Limited'}, {'totalQuantity': 23345, 'totalOrder': 5, 'securityId': 9248, 'symbol': 'GSY', 'securityName': 'Garima Samriddhi Yojana'}, {'totalQuantity': 23333, 'totalOrder': 6, 'securityId': 147, 'symbol': 'SHL', 'securityName': 'Soaltee Hotel Limited'}, {'totalQuantity': 23027, 'totalOrder': 8, 'securityId': 5982, 'symbol': 'SRLI', 'securityName': 'Sanima Reliance Life Insurance Limited'}, {'totalQuantity': 22825, 'totalOrder': 5, 'securityId': 2937, 'symbol': 'SBCF', 'securityName': 'Sunrise Bluechip Fund'}, {'totalQuantity': 22823, 'totalOrder': 10, 'securityId': 686, 'symbol': 'BARUN', 'securityName': 'Barun Hydropower Co. Ltd.'}, {'totalQuantity': 22474, 'totalOrder': 7, 'securityId': 227, 'symbol': 'BFC', 'securityName': 'Best Finance Company Ltd.'}, {'totalQuantity': 22294, 'totalOrder': 16, 'securityId': 9156, 'symbol': 'TAMOR', 'securityName': 'Sanima Middle Tamor Hydropower Limited'}, {'totalQuantity': 21648, 'totalOrder': 12, 'securityId': 133, 'symbol': 'SCB', 'securityName': 'Standard Chartered Bank Limited'}, {'totalQuantity': 21616, 'totalOrder': 8, 'securityId': 401, 'symbol': 'MLBL', 'securityName': 'Mahalaxmi Bikas Bank Ltd.'}, {'totalQuantity': 20906, 'totalOrder': 10, 'securityId': 9252, 'symbol': 'CREST', 'securityName': 'Crest Micro Life Insurance Limited'}, {'totalQuantity': 20875, 'totalOrder': 7, 'securityId': 2917, 'symbol': 'CGH', 'securityName': 'Chandragiri Hills Limited'}, {'totalQuantity': 20859, 'totalOrder': 8, 'securityId': 9218, 'symbol': 'TVCL', 'securityName': 'Trishuli Jal Vidhyut Company Limited '}, {'totalQuantity': 20765, 'totalOrder': 3, 'securityId': 9191, 'symbol': 'C30MF', 'securityName': 'Citizens Super 30 Mutual Fund'}, {'totalQuantity': 20597, 'totalOrder': 5, 'securityId': 9159, 'symbol': 'SMJC', 'securityName': 'Sagarmatha Jalabidhyut Company Limited'}, {'totalQuantity': 20374, 'totalOrder': 12, 'securityId': 9329, 'symbol': 'SIPD', 'securityName': 'Shikhar power Development Limited'}, {'totalQuantity': 20080, 'totalOrder': 7, 'securityId': 8122, 'symbol': 'PPL', 'securityName': ""People's Power Limited""}, {'totalQuantity': 19680, 'totalOrder': 11, 'securityId': 9343, 'symbol': 'TPKHL', 'securityName': 'Taksar Pikhuwa Khola Hydropower Limited'}, {'totalQuantity': 19678, 'totalOrder': 10, 'securityId': 8076, 'symbol': 'HHL', 'securityName': 'Himalayan Hydropower Limited'}, {'totalQuantity': 19223, 'totalOrder': 5, 'securityId': 2902, 'symbol': 'LUK', 'securityName': 'Laxmi Unnati Kosh'}, {'totalQuantity': 18994, 'totalOrder': 6, 'securityId': 8099, 'symbol': 'UHEWA', 'securityName': 'Upper Hewakhola Hydropower Company Limited'}, {'totalQuantity': 18500, 'totalOrder': 6, 'securityId': 9304, 'symbol': 'CSY', 'securityName': 'Citizens Santulit Yojana'}, {'totalQuantity': 18432, 'totalOrder': 5, 'securityId': 2881, 'symbol': 'NRIC', 'securityName': 'Nepal Reinsurance Company Limited'}, {'totalQuantity': 17998, 'totalOrder': 11, 'securityId': 393, 'symbol': 'HLI', 'securityName': 'Himalayan Life Insurance Limited'}, {'totalQuantity': 17879, 'totalOrder': 10, 'securityId': 178, 'symbol': 'NLICL', 'securityName': 'National Life Insurance Co. Ltd.'}, {'totalQuantity': 17859, 'totalOrder': 12, 'securityId': 8100, 'symbol': 'SGHC', 'securityName': 'Swet-Ganga Hydropower & Construction Limited '}, {'totalQuantity': 17405, 'totalOrder': 17, 'securityId': 9344, 'symbol': 'SNORL', 'securityName': 'Snow Rivers Limited'}, {'totalQuantity': 17114, 'totalOrder': 7, 'securityId': 385, 'symbol': 'ALICL', 'securityName': 'Asian Life Insurance Co. Limited'}, {'totalQuantity': 17035, 'totalOrder': 6, 'securityId': 194, 'symbol': 'NFS', 'securityName': 'Nepal Finance Ltd.'}, {'totalQuantity': 16851, 'totalOrder': 8, 'securityId': 9170, 'symbol': 'DOLTI', 'securityName': 'Dolti Power Company Limited'}, {'totalQuantity': 16849, 'totalOrder': 10, 'securityId': 8070, 'symbol': 'DORDI', 'securityName': 'Dordi Khola Jal Bidyut Company Limited'}, {'totalQuantity': 16536, 'totalOrder': 12, 'securityId': 418, 'symbol': 'JBBL', 'securityName': 'Jyoti Bikas Bank Limited'}, {'totalQuantity': 16427, 'totalOrder': 13, 'securityId': 9181, 'symbol': 'RAWA', 'securityName': 'Rawa Energy Development Limited'}, {'totalQuantity': 16357, 'totalOrder': 6, 'securityId': 204, 'symbol': 'GUFL', 'securityName': 'Gurkhas Finance Ltd.'}, {'totalQuantity': 15960, 'totalOrder': 7, 'securityId': 516, 'symbol': 'MFIL', 'securityName': 'Manjushree Finance Ltd.'}, {'totalQuantity': 15942, 'totalOrder': 12, 'securityId': 2813, 'symbol': 'PPCL', 'securityName': 'Panchthar Power Compant Limited'}, {'totalQuantity': 15884, 'totalOrder': 5, 'securityId': 153, 'symbol': 'BPCL', 'securityName': 'Butwal Power Company Limited'}, {'totalQuantity': 15479, 'totalOrder': 5, 'securityId': 591, 'symbol': 'SHPC', 'securityName': 'Sanima Mai Hydropower Ltd.'}, {'totalQuantity': 15216, 'totalOrder': 6, 'securityId': 263, 'symbol': 'GMFIL', 'securityName': 'Guheshowori Merchant Bank & Finance Co. Ltd.'}, {'totalQuantity': 15207, 'totalOrder': 12, 'securityId': 8045, 'symbol': 'GVL', 'securityName': 'Green Ventures Limited'}, {'totalQuantity': 14880, 'totalOrder': 12, 'securityId': 9348, 'symbol': 'SEF2', 'securityName': 'Siddhartha Equity Fund 2'}, {'totalQuantity': 14717, 'totalOrder': 9, 'securityId': 8108, 'symbol': 'RHGCL', 'securityName': 'Rapti Hydro And General Construction Limited'}, {'totalQuantity': 14625, 'totalOrder': 6, 'securityId': 176, 'symbol': 'NICL', 'securityName': 'Nepal Insurance Co. Ltd.'}, {'totalQuantity': 14228, 'totalOrder': 6, 'securityId': 9208, 'symbol': 'ULHC', 'securityName': 'Upper Lohore Khola Hydropower Company Limited'}, {'totalQuantity': 13775, 'totalOrder': 6, 'securityId': 583, 'symbol': 'GBLBS', 'securityName': 'Grameen Bikas Laghubitta Bittiya Sanstha Ltd.'}, {'totalQuantity': 13697, 'totalOrder': 11, 'securityId': 187, 'symbol': 'NLIC', 'securityName': 'Nepal Life Insurance Co. Ltd.'}, {'totalQuantity': 13655, 'totalOrder': 5, 'securityId': 9305, 'symbol': 'SABBL', 'securityName': 'Salapa Bikas Bank Limited'}, {'totalQuantity': 13627, 'totalOrder': 17, 'securityId': 9263, 'symbol': 'SANVI', 'securityName': 'Sanvi Energy Limited'}, {'totalQuantity': 13601, 'totalOrder': 10, 'securityId': 9166, 'symbol': 'MAKAR', 'securityName': 'Makar Jitumaya Suri Hydropower Limited'}, {'totalQuantity': 13598, 'totalOrder': 11, 'securityId': 9308, 'symbol': 'HFIN', 'securityName': 'Hotel Forest Inn Limited'}, {'totalQuantity': 13546, 'totalOrder': 14, 'securityId': 9209, 'symbol': 'CLI', 'securityName': 'Citizen Life Insurance Company Limited'}, {'totalQuantity': 13126, 'totalOrder': 9, 'securityId': 8131, 'symbol': 'EHPL', 'securityName': 'Eastern Hydropower Limited'}, {'totalQuantity': 13119, 'totalOrder': 8, 'securityId': 473, 'symbol': 'SHINE', 'securityName': 'Shine Resunga Development Bank Ltd.'}, {'totalQuantity': 13061, 'totalOrder': 5, 'securityId': 8032, 'symbol': 'BNHC', 'securityName': 'Buddha Bhumi Nepal Hydropower Company Limited'}, {'totalQuantity': 12908, 'totalOrder': 9, 'securityId': 8066, 'symbol': 'RFPL', 'securityName': 'River Falls Power Limited'}, {'totalQuantity': 12764, 'totalOrder': 12, 'securityId': 9347, 'symbol': 'ECL', 'securityName': 'Everest Colour Limited'}, {'totalQuantity': 12652, 'totalOrder': 6, 'securityId': 396, 'symbol': 'NMLBBL', 'securityName': 'Nerude Mirmire Laghubitta Bittiya Sanstha Limited'}, {'totalQuantity': 12565, 'totalOrder': 3, 'securityId': 2863, 'symbol': 'NICBF', 'securityName': 'NIC Asia Balanced Fund'}, {'totalQuantity': 12462, 'totalOrder': 5, 'securityId': 2766, 'symbol': 'CHL', 'securityName': 'Chhyangdi Hydropower Ltd.'}, {'totalQuantity': 12364, 'totalOrder': 7, 'securityId': 561, 'symbol': 'SINDU', 'securityName': 'Sindhu Bikash Bank Ltd'}, {'totalQuantity': 12344, 'totalOrder': 5, 'securityId': 2915, 'symbol': 'PMLI', 'securityName': 'Prabhu Mahalaxmi Life Insurance Limited'}, {'totalQuantity': 12300, 'totalOrder': 5, 'securityId': 4949, 'symbol': 'NIBSF2', 'securityName': 'NIBL Samriddhi Fund -2'}, {'totalQuantity': 12200, 'totalOrder': 9, 'securityId': 9351, 'symbol': 'RSY2', 'securityName': 'Reliable Samriddhi Yojana -2'}, {'totalQuantity': 12170, 'totalOrder': 17, 'securityId': 9323, 'symbol': 'SKHL', 'securityName': 'Super Khudi Hydropower Limited'}, {'totalQuantity': 12043, 'totalOrder': 9, 'securityId': 9213, 'symbol': 'HATHY', 'securityName': 'Hathway Investment Nepal Limited'}, {'totalQuantity': 11896, 'totalOrder': 9, 'securityId': 250, 'symbol': 'JFL', 'securityName': 'Janaki Finance Company Limited'}, {'totalQuantity': 11710, 'totalOrder': 7, 'securityId': 2835, 'symbol': 'NBF2', 'securityName': 'NABIL BALANCED FUND-2'}, {'totalQuantity': 11565, 'totalOrder': 6, 'securityId': 2831, 'symbol': 'UNHPL', 'securityName': 'Union Hydropower Limited'}, {'totalQuantity': 11559, 'totalOrder': 10, 'securityId': 9179, 'symbol': 'MEL', 'securityName': 'Modi Energy Limited'}, {'totalQuantity': 11522, 'totalOrder': 8, 'securityId': 9203, 'symbol': 'MEHL', 'securityName': 'Manakamana Engineering Hydropower Limited'}, {'totalQuantity': 11456, 'totalOrder': 7, 'securityId': 9306, 'symbol': 'RSML', 'securityName': 'Reliance Spinning Mills Limited'}, {'totalQuantity': 11417, 'totalOrder': 5, 'securityId': 9196, 'symbol': 'KBSH', 'securityName': 'Kutheli Bukhari Small Hydropower Limited'}, {'totalQuantity': 11051, 'totalOrder': 6, 'securityId': 471, 'symbol': 'MPFL', 'securityName': 'Multipurpose Finance Company  Limited'}, {'totalQuantity': 10897, 'totalOrder': 8, 'securityId': 403, 'symbol': 'SJLIC', 'securityName': 'SuryaJyoti Life Insurance Company Limited'}, {'totalQuantity': 10823, 'totalOrder': 7, 'securityId': 274, 'symbol': 'EDBL', 'securityName': 'Excel Development Bank Ltd.'}, {'totalQuantity': 10705, 'totalOrder': 11, 'securityId': 574, 'symbol': 'SKBBL', 'securityName': 'Sana Kisan Bikas Laghubitta Bittiya Sanstha Limited'}, {'totalQuantity': 10608, 'totalOrder': 10, 'securityId': 2908, 'symbol': 'SGIC', 'securityName': 'Sanima GIC Insurance Limited'}, {'totalQuantity': 10521, 'totalOrder': 10, 'securityId': 593, 'symbol': 'KMCDB', 'securityName': 'Kalika Laghubitta Bittiya Sanstha Ltd'}, {'totalQuantity': 10421, 'totalOrder': 8, 'securityId': 244, 'symbol': 'SIFC', 'securityName': 'Shree Investment Finance Co. Ltd.'}, {'totalQuantity': 10341, 'totalOrder': 10, 'securityId': 9297, 'symbol': 'BANDIPUR', 'securityName': 'Bandipur Cablecar and Tourism Limited'}, {'totalQuantity': 9933, 'totalOrder': 12, 'securityId': 9346, 'symbol': 'KAHL', 'securityName': 'Kalanga Hydro Limited'}, {'totalQuantity': 9932, 'totalOrder': 9, 'securityId': 9148, 'symbol': 'SMH', 'securityName': 'Super Mai Hydropower Limited'}, {'totalQuantity': 9632, 'totalOrder': 6, 'securityId': 179, 'symbol': 'HEI', 'securityName': 'Himalayan Everest Insurance Limited'}, {'totalQuantity': 9555, 'totalOrder': 6, 'securityId': 2887, 'symbol': 'NICLBSL', 'securityName': 'NIC ASIA Laghubitta Bittiya Sanstha Limited'}, {'totalQuantity': 9540, 'totalOrder': 7, 'securityId': 9294, 'symbol': 'SAGAR', 'securityName': 'Sagar Distillery Limited'}, {'totalQuantity': 9313, 'totalOrder': 6, 'securityId': 9171, 'symbol': 'BEDC', 'securityName': 'Bhugol Energy Development Company Limited'}, {'totalQuantity': 9240, 'totalOrder': 25, 'securityId': 9330, 'symbol': 'PCIL', 'securityName': 'Palpa Cement Industries Limited'}, {'totalQuantity': 9209, 'totalOrder': 5, 'securityId': 2786, 'symbol': 'PMHPL', 'securityName': 'Panchakanya Mai Hydropower Ltd'}, {'totalQuantity': 9097, 'totalOrder': 8, 'securityId': 9217, 'symbol': 'MMKJL', 'securityName': 'Mathillo Mailun Khola Jalvidhyut Limited'}, {'totalQuantity': 9072, 'totalOrder': 8, 'securityId': 9135, 'symbol': 'BHPL', 'securityName': 'Barahi Hydropower Public Limited'}, {'totalQuantity': 9020, 'totalOrder': 11, 'securityId': 166, 'symbol': 'DDBL', 'securityName': 'Deprosc Laghubitta Bittiya Sanstha Limited'}, {'totalQuantity': 8980, 'totalOrder': 6, 'securityId': 172, 'symbol': 'NABBC', 'securityName': 'Narayani Development Bank Limited'}, {'totalQuantity': 8975, 'totalOrder': 9, 'securityId': 9336, 'symbol': 'SOPL', 'securityName': 'Sopan Pharmaceuticals Limited'}, {'totalQuantity': 8819, 'totalOrder': 9, 'securityId': 2787, 'symbol': 'KPCL', 'securityName': 'Kalika power Company Ltd'}, {'totalQuantity': 8627, 'totalOrder': 17, 'securityId': 9216, 'symbol': 'SONA', 'securityName': 'Sonapur Minerals And Oil Limited'}, {'totalQuantity': 8528, 'totalOrder': 7, 'securityId': 180, 'symbol': 'UAIL', 'securityName': 'United Ajod Insurance Limited'}, {'totalQuantity': 8405, 'totalOrder': 8, 'securityId': 8025, 'symbol': 'SPC', 'securityName': 'Samling Power Company Limited'}, {'totalQuantity': 8327, 'totalOrder': 7, 'securityId': 700, 'symbol': 'HEIP', 'securityName': 'Himalayan Everest Insurance Limited Promoter'}, {'totalQuantity': 8288, 'totalOrder': 11, 'securityId': 9176, 'symbol': 'IHL', 'securityName': 'Ingwa Hydropower Limited'}, {'totalQuantity': 8250, 'totalOrder': 7, 'securityId': 183, 'symbol': 'NIL', 'securityName': 'Neco Insurance Limited'}, {'totalQuantity': 8135, 'totalOrder': 15, 'securityId': 8121, 'symbol': 'SPHL', 'securityName': 'Sayapatri Hydropower Limited'}, {'totalQuantity': 8111, 'totalOrder': 11, 'securityId': 9324, 'symbol': 'RLEL', 'securityName': 'Ridge Line Energy Limited'}, {'totalQuantity': 8086, 'totalOrder': 13, 'securityId': 186, 'symbol': 'IGI', 'securityName': 'IGI Prudential insurance Limited'}, {'totalQuantity': 8051, 'totalOrder': 10, 'securityId': 9193, 'symbol': 'GCIL', 'securityName': 'Ghorahi Cement Industry Limited'}, {'totalQuantity': 8025, 'totalOrder': 14, 'securityId': 8005, 'symbol': 'MKJC', 'securityName': 'Mailung Khola Jal Vidhyut Company Limited'}, {'totalQuantity': 7872, 'totalOrder': 9, 'securityId': 192, 'symbol': 'SICL', 'securityName': 'Shikhar Insurance Co. Ltd.'}, {'totalQuantity': 7840, 'totalOrder': 7, 'securityId': 472, 'symbol': 'SADBL', 'securityName': 'Shangrila Development Bank Ltd.'}, {'totalQuantity': 7836, 'totalOrder': 8, 'securityId': 164, 'symbol': 'CBBL', 'securityName': 'Chhimek Laghubitta Bittiya Sanstha Limited'}, {'totalQuantity': 7805, 'totalOrder': 9, 'securityId': 268, 'symbol': 'SWBBL', 'securityName': 'Swabalamban Laghubitta Bittiya Sanstha Limited'}, {'totalQuantity': 7671, 'totalOrder': 5, 'securityId': 559, 'symbol': 'NLG', 'securityName': 'NLG Insurance Company Ltd.'}, {'totalQuantity': 7422, 'totalOrder': 11, 'securityId': 2769, 'symbol': 'NHDL', 'securityName': 'Nepal Hydro Developers Ltd.'}, {'totalQuantity': 7328, 'totalOrder': 7, 'securityId': 3946, 'symbol': 'CHDC', 'securityName': 'CEDB Holdings Limited'}, {'totalQuantity': 7304, 'totalOrder': 10, 'securityId': 545, 'symbol': 'SLBBL', 'securityName': 'Swarojgar Laghubitta Bittiya Sanstha Ltd.'}, {'totalQuantity': 7135, 'totalOrder': 9, 'securityId': 338, 'symbol': 'PROFL', 'securityName': 'Progressive Finance Limited'}, {'totalQuantity': 7106, 'totalOrder': 10, 'securityId': 2841, 'symbol': 'RHPL', 'securityName': 'RASUWAGADHI HYDROPOWER COMPANY LIMITED'}, {'totalQuantity': 7100, 'totalOrder': 7, 'securityId': 8073, 'symbol': 'NICFC', 'securityName': 'NIC Asia Flexi CAP Fund'}, {'totalQuantity': 7030, 'totalOrder': 15, 'securityId': 9184, 'symbol': 'ILI', 'securityName': 'IME Life Insurance Company Limited'}, {'totalQuantity': 6961, 'totalOrder': 7, 'securityId': 2754, 'symbol': 'DHPL', 'securityName': 'Dibyashwori Hydropower Ltd.'}, {'totalQuantity': 6818, 'totalOrder': 10, 'securityId': 273, 'symbol': 'ICFC', 'securityName': 'ICFC Finance Limited'}, {'totalQuantity': 6767, 'totalOrder': 8, 'securityId': 8126, 'symbol': 'SIKLES', 'securityName': 'Sikles Hydropower Limited'}, {'totalQuantity': 6715, 'totalOrder': 9, 'securityId': 9334, 'symbol': 'KHPL', 'securityName': 'Kalinchock Hydropower Limited'}, {'totalQuantity': 6666, 'totalOrder': 12, 'securityId': 8102, 'symbol': 'MHL', 'securityName': 'Mandakini Hydropower Limited'}, {'totalQuantity': 6537, 'totalOrder': 7, 'securityId': 9194, 'symbol': 'TSHL', 'securityName': 'Three Star Hydropower Limited'}, {'totalQuantity': 6430, 'totalOrder': 12, 'securityId': 9337, 'symbol': 'APHL', 'securityName': 'Appolo Hydropower Limited'}, {'totalQuantity': 6225, 'totalOrder': 6, 'securityId': 2914, 'symbol': 'UMRH', 'securityName': 'United IDI Mardi RB Hydropower Limited.'}, {'totalQuantity': 6111, 'totalOrder': 10, 'securityId': 2748, 'symbol': 'RSDC', 'securityName': 'RSDC Laghubitta Bittiya Sanstha Ltd.'}, {'totalQuantity': 6067, 'totalOrder': 6, 'securityId': 371, 'symbol': 'MDB', 'securityName': 'Miteri Development Bank Limited'}, {'totalQuantity': 6064, 'totalOrder': 7, 'securityId': 232, 'symbol': 'GFCL', 'securityName': 'Goodwill Finance Limited'}, {'totalQuantity': 6063, 'totalOrder': 9, 'securityId': 9287, 'symbol': 'MABEL', 'securityName': 'Mabilung Energy Limited'}, {'totalQuantity': 6024, 'totalOrder': 8, 'securityId': 8026, 'symbol': 'NYADI', 'securityName': 'Nyadi Hydropower Limited'}, {'totalQuantity': 5876, 'totalOrder': 7, 'securityId': 8041, 'symbol': 'NESDO', 'securityName': 'NESDO Sambridha Laghubitta Bittiya Sanstha Limited'}, {'totalQuantity': 5596, 'totalOrder': 10, 'securityId': 9300, 'symbol': 'JHAPA', 'securityName': 'Jhapa Energy Limited'}, {'totalQuantity': 5571, 'totalOrder': 9, 'securityId': 8104, 'symbol': 'USHEC', 'securityName': 'Upper Solu Hydro Electric Company Limited'}, {'totalQuantity': 5450, 'totalOrder': 5, 'securityId': 9161, 'symbol': 'ANLB', 'securityName': 'Aatmanirbhar Laghubitta Bittiya Sanstha Limited'}, {'totalQuantity': 5245, 'totalOrder': 6, 'securityId': 182, 'symbol': 'SPIL', 'securityName': 'Siddhartha Premier Insurance Limited'}, {'totalQuantity': 5000, 'totalOrder': 1, 'securityId': 9178, 'symbol': 'RMF2', 'securityName': 'RBB Mutual Fund 2'}, {'totalQuantity': 4919, 'totalOrder': 12, 'securityId': 9192, 'symbol': 'USHL', 'securityName': 'Upper Syange Hydropower Limited'}, {'totalQuantity': 4878, 'totalOrder': 8, 'securityId': 706, 'symbol': 'SWMF', 'securityName': 'Suryodaya Womi Laghubitta Bittiya Sanstha Limited'}, {'totalQuantity': 4810, 'totalOrder': 6, 'securityId': 148, 'symbol': 'TRH', 'securityName': 'Taragaon Regency Hotel Limited'}, {'totalQuantity': 4808, 'totalOrder': 9, 'securityId': 1741, 'symbol': 'MERO', 'securityName': 'Mero Microfinance Bittiya Sanstha Ltd.'}, {'totalQuantity': 4802, 'totalOrder': 9, 'securityId': 8075, 'symbol': 'BHDC', 'securityName': 'Bindhyabasini Hydropower Development Company Limited'}, {'totalQuantity': 4424, 'totalOrder': 7, 'securityId': 8117, 'symbol': 'AVYAN', 'securityName': 'Aviyan Laghubitta Bittiya Sanstha Limited'}, {'totalQuantity': 4411, 'totalOrder': 8, 'securityId': 9175, 'symbol': 'MCHL', 'securityName': 'Menchhiyam Hydropower Limited'}, {'totalQuantity': 4361, 'totalOrder': 7, 'securityId': 185, 'symbol': 'SALICO', 'securityName': 'Sagarmatha Lumbini Insurance Co. Limited'}, {'totalQuantity': 4302, 'totalOrder': 9, 'securityId': 184, 'symbol': 'PRIN', 'securityName': 'Prabhu Insurance Ltd.'}, {'totalQuantity': 4285, 'totalOrder': 6, 'securityId': 9258, 'symbol': 'PURE', 'securityName': 'Pure Energy Limited'}, {'totalQuantity': 4266, 'totalOrder': 6, 'securityId': 2758, 'symbol': 'FOWAD', 'securityName': 'Forward Microfinance Laghubitta Bittiya Sanstha Limited'}, {'totalQuantity': 4231, 'totalOrder': 13, 'securityId': 9150, 'symbol': 'AHL', 'securityName': 'Asian Hydropower Limited'}, {'totalQuantity': 4040, 'totalOrder': 10, 'securityId': 2807, 'symbol': 'ALBSL', 'securityName': 'Asha Laghubitta Bittiya Sanstha Ltd'}, {'totalQuantity': 3999, 'totalOrder': 9, 'securityId': 9212, 'symbol': 'MANDU', 'securityName': 'Mandu Hydropower Limited'}, {'totalQuantity': 3978, 'totalOrder': 9, 'securityId': 9325, 'symbol': 'SKHEL', 'securityName': 'Suryakunda Hydro Electric Limited'}, {'totalQuantity': 3880, 'totalOrder': 12, 'securityId': 2842, 'symbol': 'SJCL', 'securityName': 'SANJEN JALAVIDHYUT COMPANY LIMITED'}, {'totalQuantity': 3879, 'totalOrder': 8, 'securityId': 9322, 'symbol': 'BJHL', 'securityName': 'Bhujung Hydropower Limited'}, {'totalQuantity': 3687, 'totalOrder': 6, 'securityId': 9242, 'symbol': 'SARBTM', 'securityName': 'Sarbottam Cement Limited'}, {'totalQuantity': 3509, 'totalOrder': 9, 'securityId': 693, 'symbol': 'HLBSL', 'securityName': 'Himalayan Laghubitta Bittiya Sanstha Limited'}, {'totalQuantity': 3499, 'totalOrder': 9, 'securityId': 9262, 'symbol': 'TTL', 'securityName': 'Trade Tower Limited'}, {'totalQuantity': 3397, 'totalOrder': 8, 'securityId': 9225, 'symbol': 'VLUCL', 'securityName': 'Vision Lumbini Urja Company Limited '}, {'totalQuantity': 3342, 'totalOrder': 9, 'securityId': 210, 'symbol': 'CIT', 'securityName': 'Citizen Investment Trust'}, {'totalQuantity': 3281, 'totalOrder': 12, 'securityId': 9250, 'symbol': 'NMIC', 'securityName': 'Nepal Micro Insurance Company Limited'}, {'totalQuantity': 3273, 'totalOrder': 18, 'securityId': 4951, 'symbol': 'JBLB', 'securityName': 'Jeevan Bikas Laghubitta  Bittya Sanstha Ltd'}, {'totalQuantity': 3244, 'totalOrder': 5, 'securityId': 2935, 'symbol': 'RURU', 'securityName': 'Ru Ru Jalbidhyut Pariyojana Limited'}, {'totalQuantity': 3210, 'totalOrder': 6, 'securityId': 2896, 'symbol': 'SMPDA', 'securityName': 'Sampada Laghubitta Bittiya Sanstha Limited'}, {'totalQuantity': 3100, 'totalOrder': 7, 'securityId': 9349, 'symbol': 'SAEF2', 'securityName': 'Sanima Equity Fund-2'}, {'totalQuantity': 3073, 'totalOrder': 5, 'securityId': 9151, 'symbol': 'KDL', 'securityName': 'Kalinchowk Darshan Limited'}, {'totalQuantity': 2990, 'totalOrder': 4, 'securityId': 9236, 'symbol': 'NICGF2', 'securityName': 'NIC ASIA Growth Fund-2'}, {'totalQuantity': 2848, 'totalOrder': 8, 'securityId': 9256, 'symbol': 'OMPL', 'securityName': 'Om Megashree Pharmaceuticals Limited'}, {'totalQuantity': 2816, 'totalOrder': 5, 'securityId': 2804, 'symbol': 'SLBSL', 'securityName': 'Samudayik Laghubitta Bittiya Sanstha Limited'}, {'totalQuantity': 2768, 'totalOrder': 6, 'securityId': 9246, 'symbol': 'GMLI', 'securityName': 'Guardian Micro Life Insurance Limited '}, {'totalQuantity': 2757, 'totalOrder': 6, 'securityId': 704, 'symbol': 'NMBMF', 'securityName': 'NMB  Microfinance Bittiya Sanstha Ltd.'}, {'totalQuantity': 2745, 'totalOrder': 9, 'securityId': 9232, 'symbol': 'CKHL', 'securityName': 'Chirkhwa Hydropower Limited '}, {'totalQuantity': 2675, 'totalOrder': 8, 'securityId': 163, 'symbol': 'NUBL', 'securityName': 'Nirdhan Utthan Laghubitta Bittiya Sanstha Limited'}, {'totalQuantity': 2636, 'totalOrder': 6, 'securityId': 149, 'symbol': 'OHL', 'securityName': 'Oriental Hotels Limited'}, {'totalQuantity': 2574, 'totalOrder': 5, 'securityId': 2746, 'symbol': 'NMFBS', 'securityName': 'National Laghubitta Bittiya Sanstha Limited'}, {'totalQuantity': 2555, 'totalOrder': 10, 'securityId': 9183, 'symbol': 'NRM', 'securityName': 'Nepal Republic Media Limited'}, {'totalQuantity': 2448, 'totalOrder': 7, 'securityId': 2832, 'symbol': 'ILBS', 'securityName': 'Infinity Laghubitta Bittiya Sanstha Limited'}, {'totalQuantity': 2439, 'totalOrder': 8, 'securityId': 601, 'symbol': 'MLBBL', 'securityName': 'Mithila LaghuBitta Bittiya Sanstha Limited'}, {'totalQuantity': 2390, 'totalOrder': 9, 'securityId': 9233, 'symbol': 'NWCL', 'securityName': 'Nepal Warehousing Company Limited '}, {'totalQuantity': 2357, 'totalOrder': 5, 'securityId': 705, 'symbol': 'GILB', 'securityName': 'Global IME Laghubitta Bittiya Sanstha Ltd.'}, {'totalQuantity': 2338, 'totalOrder': 9, 'securityId': 9270, 'symbol': 'HIMSTAR', 'securityName': 'Him Star Urja Company Limited'}, {'totalQuantity': 2200, 'totalOrder': 9, 'securityId': 9350, 'symbol': 'LSH12', 'securityName': 'LS Horizon 12'}, {'totalQuantity': 2036, 'totalOrder': 11, 'securityId': 9158, 'symbol': 'MHCL', 'securityName': 'Molung Hydropower Company Limited'}, {'totalQuantity': 2005, 'totalOrder': 5, 'securityId': 9230, 'symbol': 'MKCL', 'securityName': 'Muktinath Krishi Company Limited'}, {'totalQuantity': 1798, 'totalOrder': 6, 'securityId': 8063, 'symbol': 'ULBSL', 'securityName': 'Upakar Laghubitta Bittiya Sanstha Limited'}, {'totalQuantity': 1733, 'totalOrder': 8, 'securityId': 8065, 'symbol': 'CYCL', 'securityName': 'CYC Nepal Laghubitta Bittiya Sanstha Limited'}, {'totalQuantity': 1725, 'totalOrder': 6, 'securityId': 2815, 'symbol': 'GMFBS', 'securityName': 'Ganapati Laghubitta Bittiya Sanstha Limited'}, {'totalQuantity': 1678, 'totalOrder': 5, 'securityId': 156, 'symbol': 'BBC', 'securityName': 'Bishal Bazar Company Limited'}, {'totalQuantity': 1644, 'totalOrder': 9, 'securityId': 8018, 'symbol': 'MLBS', 'securityName': 'Manushi Laghubitta Bittiya Sanstha Limited'}, {'totalQuantity': 1583, 'totalOrder': 12, 'securityId': 2882, 'symbol': 'ICFCD83', 'securityName': '12% ICFC Finance Limited Debenture 2083'}, {'totalQuantity': 1538, 'totalOrder': 15, 'securityId': 687, 'symbol': 'VLBS', 'securityName': 'Vijaya laghubitta Bittiya Sanstha Ltd.'}, {'totalQuantity': 1525, 'totalOrder': 8, 'securityId': 9147, 'symbol': 'SPL', 'securityName': 'Shuvam Power Limited'}, {'totalQuantity': 1489, 'totalOrder': 5, 'securityId': 2771, 'symbol': 'SMB', 'securityName': 'Support Microfinance Bittiya Sanstha Ltd.'}, {'totalQuantity': 1471, 'totalOrder': 5, 'securityId': 9167, 'symbol': 'MKHL', 'securityName': 'Mai Khola Hydropower Limited'}, {'totalQuantity': 1408, 'totalOrder': 6, 'securityId': 9214, 'symbol': 'BGWT', 'securityName': 'Bhagawati Hydropower Development Company Limited'}, {'totalQuantity': 1400, 'totalOrder': 2, 'securityId': 9139, 'symbol': 'SAGF', 'securityName': 'Sanima Growth Fund'}, {'totalQuantity': 1391, 'totalOrder': 8, 'securityId': 2768, 'symbol': 'MSLB', 'securityName': 'Mahuli Laghubitta Bittiya Sanstha Limited'}, {'totalQuantity': 1358, 'totalOrder': 6, 'securityId': 2784, 'symbol': 'NADEP', 'securityName': 'Nadep Laghubittiya bittya Sanstha Ltd.'}, {'totalQuantity': 1308, 'totalOrder': 9, 'securityId': 8123, 'symbol': 'DLBS', 'securityName': 'Dhaulagiri Laghubitta Bittiya Sanstha Limited'}, {'totalQuantity': 1249, 'totalOrder': 4, 'securityId': 9299, 'symbol': 'NABILD2089', 'securityName': '7% Nabil Debenture 2089'}, {'totalQuantity': 1228, 'totalOrder': 6, 'securityId': 2883, 'symbol': 'GWFD83', 'securityName': '12 % Goodwill Finance Limited Debenture 2083'}, {'totalQuantity': 1195, 'totalOrder': 8, 'securityId': 2761, 'symbol': 'SMATA', 'securityName': 'Samata Gharelu Laghubitta Bittiya Sanstha Limited'}, {'totalQuantity': 1182, 'totalOrder': 8, 'securityId': 618, 'symbol': 'LLBS', 'securityName': 'Laxmi Laghubitta Bittiya Sanstha Ltd.'}, {'totalQuantity': 1104, 'totalOrder': 6, 'securityId': 2790, 'symbol': 'ACLBSL', 'securityName': 'Aarambha Chautari Laghubitta Bittiya Sanstha Limited'}, {'totalQuantity': 1053, 'totalOrder': 6, 'securityId': 2774, 'symbol': 'USLB', 'securityName': 'Unnati Sahakarya Laghubitta Bittiya Sanstha Limited'}, {'totalQuantity': 1036, 'totalOrder': 8, 'securityId': 9215, 'symbol': 'MSHL', 'securityName': 'Mid Solu Hydropower Limited'}, {'totalQuantity': 1000, 'totalOrder': 1, 'securityId': 9269, 'symbol': 'GBIMESY2', 'securityName': 'Global IME Sammunat Yojana -2'}, {'totalQuantity': 992, 'totalOrder': 5, 'securityId': 2826, 'symbol': 'GLBSL', 'securityName': 'Gurans Laghubitta Bittiya Sanstha Limited'}, {'totalQuantity': 992, 'totalOrder': 6, 'securityId': 695, 'symbol': 'JSLBB', 'securityName': 'Janautthan Samudayic Laghubitta Bittya Sanstha Limited'}, {'totalQuantity': 881, 'totalOrder': 5, 'securityId': 2781, 'symbol': 'WNLB', 'securityName': 'Wean Nepal Laghubitta Bittiya Sanstha Limited'}, {'totalQuantity': 880, 'totalOrder': 7, 'securityId': 8043, 'symbol': 'CBLD88', 'securityName': 'Civil Bank Debenture 2088'}, {'totalQuantity': 668, 'totalOrder': 7, 'securityId': 8132, 'symbol': 'SHLB', 'securityName': 'Shrijanshil Laghubitta Bittiya Sanstha Limited'}, {'totalQuantity': 640, 'totalOrder': 7, 'securityId': 6985, 'symbol': 'SDBD87', 'securityName': 'Shangri-la Development Bank Debenture 2087'}, {'totalQuantity': 616, 'totalOrder': 6, 'securityId': 2925, 'symbol': 'MLBSL', 'securityName': 'Mahila Lagubitta Bittiya Sanstha Limited '}, {'totalQuantity': 604, 'totalOrder': 5, 'securityId': 8034, 'symbol': 'ENL', 'securityName': 'Emerging Nepal Limited'}, {'totalQuantity': 600, 'totalOrder': 5, 'securityId': 2873, 'symbol': 'HBLD83', 'securityName': '10% Himalayan Bank Debenture 2083'}, {'totalQuantity': 585, 'totalOrder': 12, 'securityId': 155, 'symbol': 'STC', 'securityName': 'Salt Trading Corporation'}, {'totalQuantity': 581, 'totalOrder': 7, 'securityId': 9295, 'symbol': 'SWASTIK', 'securityName': 'Swastik Laghubitta Bittiya Sanstha Limited'}, {'totalQuantity': 576, 'totalOrder': 7, 'securityId': 2829, 'symbol': 'SMFBS', 'securityName': 'Swabhimaan Laghubitta Bittiya Sanstha Limited'}, {'totalQuantity': 560, 'totalOrder': 5, 'securityId': 694, 'symbol': 'MATRI', 'securityName': 'Matribhumi Lagubitta Bittiya Sanstha Limited'}, {'totalQuantity': 500, 'totalOrder': 5, 'securityId': 213, 'symbol': 'BNT', 'securityName': 'Bottlers Nepal (Terai) Limited'}, {'totalQuantity': 455, 'totalOrder': 7, 'securityId': 9286, 'symbol': 'SHINED', 'securityName': 'Shine Resunga Debenture'}, {'totalQuantity': 390, 'totalOrder': 4, 'securityId': 2931, 'symbol': 'NIBD84', 'securityName': '8.5% Nepal Investment Bank Debenture 2084'}, {'totalQuantity': 376, 'totalOrder': 5, 'securityId': 9140, 'symbol': 'UNLB', 'securityName': 'Unique Nepal Laghubitta Bittiya Sanstha Limited'}, {'totalQuantity': 375, 'totalOrder': 6, 'securityId': 9255, 'symbol': 'EBLD91', 'securityName': 'Everest Bank Limited Debenture 2091'}, {'totalQuantity': 375, 'totalOrder': 5, 'securityId': 8003, 'symbol': 'RBBD83', 'securityName': '8.5% RBBL Debenture 2083'}, {'totalQuantity': 330, 'totalOrder': 6, 'securityId': 177, 'symbol': 'RBCL', 'securityName': 'Rastriya Beema Company Limited'}, {'totalQuantity': 300, 'totalOrder': 2, 'securityId': 2923, 'symbol': 'SLCF', 'securityName': 'Sanima Large Cap Fund'}, {'totalQuantity': 300, 'totalOrder': 5, 'securityId': 2854, 'symbol': 'NBBD2085', 'securityName': '10.25% NBBL Debenture 2085'}, {'totalQuantity': 299, 'totalOrder': 7, 'securityId': 9137, 'symbol': 'HBLD86', 'securityName': 'Himalayan Bank Limited Bond, 2086'}, {'totalQuantity': 295, 'totalOrder': 6, 'securityId': 8020, 'symbol': 'JBBD87', 'securityName': 'Jyoti Bikash Bank Bond 2087'}, {'totalQuantity': 294, 'totalOrder': 5, 'securityId': 9266, 'symbol': 'NICAD2091', 'securityName': '7% NIC ASIA Debenture 2091'}, {'totalQuantity': 275, 'totalOrder': 5, 'securityId': 8004, 'symbol': 'GBILD86/87', 'securityName': 'Global IME Bank Limited Debenture 2086/87'}, {'totalQuantity': 275, 'totalOrder': 5, 'securityId': 9231, 'symbol': 'CIZBD90', 'securityName': '10% Citizens Bank Debenture 2090'}, {'totalQuantity': 275, 'totalOrder': 2, 'securityId': 2886, 'symbol': 'ADBLD83', 'securityName': '10.35% Agricultural Bank Debenture 2083'}, {'totalQuantity': 245, 'totalOrder': 5, 'securityId': 2850, 'symbol': 'NMBD2085', 'securityName': '10 % NMB DEBENTURE 2085'}, {'totalQuantity': 225, 'totalOrder': 3, 'securityId': 4961, 'symbol': 'BOKD86', 'securityName': '8.5% BOK Debenture 2086'}, {'totalQuantity': 216, 'totalOrder': 5, 'securityId': 9271, 'symbol': 'SBLD2091', 'securityName': '7.25% SBL Debenture 2091'}, {'totalQuantity': 215, 'totalOrder': 4, 'securityId': 2868, 'symbol': 'NICD83/84', 'securityName': '10.25% NIC Asia Debenture 2083/84'}, {'totalQuantity': 210, 'totalOrder': 5, 'securityId': 2828, 'symbol': 'SAND2085', 'securityName': '10% Sanima Bank Limited Debenture'}, {'totalQuantity': 200, 'totalOrder': 6, 'securityId': 9327, 'symbol': 'ICFCD89', 'securityName': '8% ICFC Finance Limited Debenture 2089'}, {'totalQuantity': 200, 'totalOrder': 2, 'securityId': 9138, 'symbol': 'NIBLGF', 'securityName': 'NIBL Growth Fund'}, {'totalQuantity': 200, 'totalOrder': 2, 'securityId': 9198, 'symbol': 'LVF2', 'securityName': 'Laxmi Value Fund 2'}, {'totalQuantity': 198, 'totalOrder': 8, 'securityId': 9249, 'symbol': 'ICFCD88', 'securityName': '9% ICFC Finance Limited Debenture 2088'}, {'totalQuantity': 195, 'totalOrder': 6, 'securityId': 219, 'symbol': 'UNL', 'securityName': 'Unilever Nepal Limited'}, {'totalQuantity': 186, 'totalOrder': 5, 'securityId': 9264, 'symbol': 'RBBD2088', 'securityName': '7% RBBL Debenture 2088'}, {'totalQuantity': 165, 'totalOrder': 5, 'securityId': 634, 'symbol': 'RBCLPO', 'securityName': 'Rastriya Beema Company Limited Promoter Share'}, {'totalQuantity': 160, 'totalOrder': 3, 'securityId': 8110, 'symbol': 'SBID83', 'securityName': '10.25% Nepal SBI Bank Debenture 2083'}, {'totalQuantity': 150, 'totalOrder': 5, 'securityId': 2936, 'symbol': 'NCCD86', 'securityName': '9.5% NCC Debenture 2086'}, {'totalQuantity': 150, 'totalOrder': 1, 'securityId': 8029, 'symbol': 'ADBLB86', 'securityName': 'Agricultural Bond (8 Year)'}, {'totalQuantity': 105, 'totalOrder': 5, 'securityId': 9195, 'symbol': 'MLBLD89', 'securityName': '11% Mahalaxmi Debenture 2089'}, {'totalQuantity': 93, 'totalOrder': 3, 'securityId': 7985, 'symbol': 'MBLD87', 'securityName': '8.5% Machhapuchchhre Debenture 2087'}, {'totalQuantity': 91, 'totalOrder': 2, 'securityId': 2878, 'symbol': 'SRBLD83', 'securityName': '10.25% Sunrise Bank Debenture 2083'}, {'totalQuantity': 80, 'totalOrder': 3, 'securityId': 4969, 'symbol': 'MND84/85', 'securityName': 'Muktinath Debenture 2084/85'}, {'totalQuantity': 79, 'totalOrder': 2, 'securityId': 9220, 'symbol': 'KBLD90', 'securityName': '10% KBL Debenture 2090'}, {'totalQuantity': 75, 'totalOrder': 3, 'securityId': 2890, 'symbol': 'SBIBD86', 'securityName': '10% Nepal SBI Bank Debenture 2086'}, {'totalQuantity': 75, 'totalOrder': 1, 'securityId': 2892, 'symbol': 'NBLD82', 'securityName': '10% Nabil Debenture 2082'}, {'totalQuantity': 74, 'totalOrder': 1, 'securityId': 4959, 'symbol': 'NBLD87', 'securityName': '8.5% Nepal Bank Debenture 2087'}, {'totalQuantity': 70, 'totalOrder': 3, 'securityId': 7986, 'symbol': 'NICD88', 'securityName': 'NIC ASIA Rinpatra 2088'}, {'totalQuantity': 70, 'totalOrder': 5, 'securityId': 8127, 'symbol': 'KBLD89', 'securityName': '11% KBL Debenture 2089'}, {'totalQuantity': 57, 'totalOrder': 5, 'securityId': 2879, 'symbol': 'LBLD86', 'securityName': '10% Laxmi Bank Debenture 2086'}, {'totalQuantity': 56, 'totalOrder': 3, 'securityId': 2932, 'symbol': 'MFLD85', 'securityName': '9.5% Manjushree Finance Limited Debenture 2085'}, {'totalQuantity': 51, 'totalOrder': 2, 'securityId': 8027, 'symbol': 'NBLD85', 'securityName': 'Nabil Debenture 2085'}, {'totalQuantity': 50, 'totalOrder': 2, 'securityId': 8033, 'symbol': 'GBBD85', 'securityName': 'Garima Debenture, 2085'}, {'totalQuantity': 49, 'totalOrder': 2, 'securityId': 5984, 'symbol': 'LBLD88', 'securityName': '8.5% Laxmi Bank Debenture 2088'}, {'totalQuantity': 40, 'totalOrder': 4, 'securityId': 2825, 'symbol': 'NICAD85/86', 'securityName': '10% NIC Asia Debenture 2085/86'}, {'totalQuantity': 30, 'totalOrder': 1, 'securityId': 2875, 'symbol': 'PBLD86', 'securityName': '10.25% Prabhu Bank  Debenture 2086'}, {'totalQuantity': 30, 'totalOrder': 1, 'securityId': 8097, 'symbol': 'PBD88', 'securityName': '10% Prime Debenture 2088'}, {'totalQuantity': 30, 'totalOrder': 1, 'securityId': 9261, 'symbol': 'NIFRAGED', 'securityName': 'Nifra Green Energy Debenture 6% - 2088/89'}, {'totalQuantity': 30, 'totalOrder': 1, 'securityId': 9289, 'symbol': 'SBID2090', 'securityName': '7% Nepal SBI Bank Debenture 2090'}, {'totalQuantity': 25, 'totalOrder': 2, 'securityId': 9243, 'symbol': 'NIMBD90', 'securityName': '10% NIMB Debenture 2090'}, {'totalQuantity': 25, 'totalOrder': 1, 'securityId': 8116, 'symbol': 'PBD84', 'securityName': '10.15% Prime Debenture 2084'}, {'totalQuantity': 25, 'totalOrder': 1, 'securityId': 2866, 'symbol': 'MBLD2085', 'securityName': '10.25% Machhapuchhre Bank Debenture 2085'}, {'totalQuantity': 21, 'totalOrder': 2, 'securityId': 2889, 'symbol': 'CIZBD86', 'securityName': '10.25% Citizens Bank Debenture 2086'}]","[{'totalQuantity': 1129900, 'totalOrder': 8, 'securityId': 9259, 'symbol': 'RSY', 'securityName': 'Reliable Samriddhi Yojana'}, {'totalQuantity': 1022352, 'totalOrder': 6, 'securityId': 9245, 'symbol': 'MNMF1', 'securityName': 'Muktinath Mutual Fund 1'}, {'totalQuantity': 789981, 'totalOrder': 7, 'securityId': 9241, 'symbol': 'KSY', 'securityName': 'Kumari Sabal Yojana'}, {'totalQuantity': 728755, 'totalOrder': 5, 'securityId': 9174, 'symbol': 'PRSF', 'securityName': 'Prabhu Smart Fund'}, {'totalQuantity': 701700, 'totalOrder': 5, 'securityId': 9269, 'symbol': 'GBIMESY2', 'securityName': 'Global IME Sammunat Yojana -2'}, {'totalQuantity': 698300, 'totalOrder': 7, 'securityId': 8106, 'symbol': 'GIBF1', 'securityName': 'Global IME Balanced Fund-1'}, {'totalQuantity': 586010, 'totalOrder': 7, 'securityId': 9302, 'symbol': 'RBBF40', 'securityName': 'RBB Focus 40'}, {'totalQuantity': 542566, 'totalOrder': 9, 'securityId': 610, 'symbol': 'RIDI', 'securityName': 'Ridi Power Company Limited'}, {'totalQuantity': 489478, 'totalOrder': 10, 'securityId': 9257, 'symbol': 'MBLEF', 'securityName': 'MBL Equity Fund'}, {'totalQuantity': 479777, 'totalOrder': 17, 'securityId': 2759, 'symbol': 'SPDL', 'securityName': 'Synergy Power Development Ltd.'}, {'totalQuantity': 367423, 'totalOrder': 18, 'securityId': 2788, 'symbol': 'AKJCL', 'securityName': 'Ankhu Khola Jalvidhyut Company Ltd'}, {'totalQuantity': 357405, 'totalOrder': 6, 'securityId': 152, 'symbol': 'NHPC', 'securityName': 'National Hydro Power Company Limited'}, {'totalQuantity': 319720, 'totalOrder': 9, 'securityId': 9198, 'symbol': 'LVF2', 'securityName': 'Laxmi Value Fund 2'}, {'totalQuantity': 291100, 'totalOrder': 5, 'securityId': 9154, 'symbol': 'SFEF', 'securityName': 'Sunrise Focused Equity Fund'}, {'totalQuantity': 266225, 'totalOrder': 7, 'securityId': 9351, 'symbol': 'RSY2', 'securityName': 'Reliable Samriddhi Yojana -2'}, {'totalQuantity': 262560, 'totalOrder': 5, 'securityId': 8023, 'symbol': 'MMF1', 'securityName': 'Mega Mutual Fund -1'}, {'totalQuantity': 257446, 'totalOrder': 9, 'securityId': 9348, 'symbol': 'SEF2', 'securityName': 'Siddhartha Equity Fund 2'}, {'totalQuantity': 249366, 'totalOrder': 46, 'securityId': 255, 'symbol': 'PRVU', 'securityName': 'Prabhu  Bank Limited'}, {'totalQuantity': 249057, 'totalOrder': 15, 'securityId': 341, 'symbol': 'GBIME', 'securityName': 'Global IME Bank Limited'}, {'totalQuantity': 246750, 'totalOrder': 7, 'securityId': 8125, 'symbol': 'NSIF2', 'securityName': 'NMB Sulav Investment Fund - 2'}, {'totalQuantity': 230535, 'totalOrder': 23, 'securityId': 145, 'symbol': 'SBL', 'securityName': 'Siddhartha Bank Limited'}, {'totalQuantity': 213820, 'totalOrder': 9, 'securityId': 8074, 'symbol': 'KDBY', 'securityName': 'Kumari Dhanabriddhi Yojana'}, {'totalQuantity': 209166, 'totalOrder': 13, 'securityId': 142, 'symbol': 'KBL', 'securityName': 'Kumari Bank Limited'}, {'totalQuantity': 192979, 'totalOrder': 8, 'securityId': 141, 'symbol': 'LSL', 'securityName': 'Laxmi Sunrise Bank Limited'}, {'totalQuantity': 188268, 'totalOrder': 9, 'securityId': 171, 'symbol': 'SANIMA', 'securityName': 'Sanima Bank Limited'}, {'totalQuantity': 186700, 'totalOrder': 5, 'securityId': 9178, 'symbol': 'RMF2', 'securityName': 'RBB Mutual Fund 2'}, {'totalQuantity': 172010, 'totalOrder': 9, 'securityId': 9311, 'symbol': 'SOHL', 'securityName': 'Solu Hydropower Limited'}, {'totalQuantity': 166935, 'totalOrder': 18, 'securityId': 132, 'symbol': 'NIMB', 'securityName': 'Nepal Investment Mega Bank Limited'}, {'totalQuantity': 165405, 'totalOrder': 8, 'securityId': 9173, 'symbol': 'CITY', 'securityName': 'City Hotel Limited'}, {'totalQuantity': 160690, 'totalOrder': 5, 'securityId': 9244, 'symbol': 'NIBLSTF', 'securityName': 'NIBL Stable Fund'}, {'totalQuantity': 159338, 'totalOrder': 6, 'securityId': 9208, 'symbol': 'ULHC', 'securityName': 'Upper Lohore Khola Hydropower Company Limited'}, {'totalQuantity': 156554, 'totalOrder': 8, 'securityId': 516, 'symbol': 'MFIL', 'securityName': 'Manjushree Finance Ltd.'}, {'totalQuantity': 152925, 'totalOrder': 11, 'securityId': 2806, 'symbol': 'GHL', 'securityName': 'Ghalemdi Hydro Limited'}, {'totalQuantity': 147555, 'totalOrder': 15, 'securityId': 2742, 'symbol': 'HIDCL', 'securityName': 'Hydorelectricity Investment and Development Company Ltd'}, {'totalQuantity': 142844, 'totalOrder': 26, 'securityId': 140, 'symbol': 'MBL', 'securityName': 'Machhapuchhre Bank Limited'}, {'totalQuantity': 140730, 'totalOrder': 7, 'securityId': 9236, 'symbol': 'NICGF2', 'securityName': 'NIC ASIA Growth Fund-2'}, {'totalQuantity': 139532, 'totalOrder': 13, 'securityId': 2792, 'symbol': 'UPPER', 'securityName': 'Upper Tamakoshi Hydropower Ltd'}, {'totalQuantity': 138603, 'totalOrder': 8, 'securityId': 2880, 'symbol': 'HDHPC', 'securityName': 'Himal Dolakha Hydropower Company Limited'}, {'totalQuantity': 134315, 'totalOrder': 31, 'securityId': 2743, 'symbol': 'NGPL', 'securityName': 'Ngadi Group Power Ltd.'}, {'totalQuantity': 133070, 'totalOrder': 5, 'securityId': 8073, 'symbol': 'NICFC', 'securityName': 'NIC Asia Flexi CAP Fund'}, {'totalQuantity': 128830, 'totalOrder': 6, 'securityId': 2898, 'symbol': 'NRN', 'securityName': 'NRN Infrastructure and Development Limited'}, {'totalQuantity': 128789, 'totalOrder': 12, 'securityId': 2767, 'symbol': 'HPPL', 'securityName': 'Himalayan Power Partner Ltd.'}, {'totalQuantity': 128500, 'totalOrder': 7, 'securityId': 4968, 'symbol': 'RMF1', 'securityName': 'RBB Mutual Fund 1'}, {'totalQuantity': 128044, 'totalOrder': 10, 'securityId': 8111, 'symbol': 'HIDCLP', 'securityName': 'Hydorelectricity Investment and Development Company Limited Promoter'}, {'totalQuantity': 126742, 'totalOrder': 24, 'securityId': 348, 'symbol': 'CZBIL', 'securityName': 'Citizens Bank International Limited'}, {'totalQuantity': 123700, 'totalOrder': 6, 'securityId': 9254, 'symbol': 'NMBHF2', 'securityName': 'NMB Hybrid Fund L- II'}, {'totalQuantity': 121576, 'totalOrder': 8, 'securityId': 517, 'symbol': 'NBL', 'securityName': 'Nepal Bank Limited'}, {'totalQuantity': 121314, 'totalOrder': 6, 'securityId': 8099, 'symbol': 'UHEWA', 'securityName': 'Upper Hewakhola Hydropower Company Limited'}, {'totalQuantity': 119835, 'totalOrder': 19, 'securityId': 360, 'symbol': 'AHPC', 'securityName': 'Arun Valley Hydropower Development Co. Ltd.'}, {'totalQuantity': 114898, 'totalOrder': 8, 'securityId': 8055, 'symbol': 'BHL', 'securityName': 'Balephi Hydropower Limited'}, {'totalQuantity': 114615, 'totalOrder': 7, 'securityId': 490, 'symbol': 'FMDBL', 'securityName': 'First Micro Finance Laghubitta Bittiya Sanstha Limited'}, {'totalQuantity': 112056, 'totalOrder': 13, 'securityId': 697, 'symbol': 'API', 'securityName': 'Api Power Company Ltd.'}, {'totalQuantity': 109298, 'totalOrder': 5, 'securityId': 9252, 'symbol': 'CREST', 'securityName': 'Crest Micro Life Insurance Limited'}, {'totalQuantity': 109197, 'totalOrder': 7, 'securityId': 134, 'symbol': 'HBL', 'securityName': 'Himalayan Bank Limited'}, {'totalQuantity': 102210, 'totalOrder': 6, 'securityId': 9182, 'symbol': 'SIGS3', 'securityName': 'Siddhartha Investment Growth Scheme 3'}, {'totalQuantity': 101359, 'totalOrder': 47, 'securityId': 2907, 'symbol': 'SSHL', 'securityName': 'Shiva Shree Hydropower Ltd'}, {'totalQuantity': 99060, 'totalOrder': 8, 'securityId': 2760, 'symbol': 'UMHL', 'securityName': 'United Modi Hydropower Ltd.'}, {'totalQuantity': 97904, 'totalOrder': 6, 'securityId': 9330, 'symbol': 'PCIL', 'securityName': 'Palpa Cement Industries Limited'}, {'totalQuantity': 97115, 'totalOrder': 13, 'securityId': 2934, 'symbol': 'SHEL', 'securityName': 'Singati Hydro Energy Limited'}, {'totalQuantity': 95620, 'totalOrder': 39, 'securityId': 9146, 'symbol': 'SMHL', 'securityName': 'Super Madi Hydropower Limited'}, {'totalQuantity': 91800, 'totalOrder': 3, 'securityId': 4947, 'symbol': 'PSF', 'securityName': 'Prabhu Select Fund'}, {'totalQuantity': 90086, 'totalOrder': 6, 'securityId': 2751, 'symbol': 'KKHC', 'securityName': 'Khanikhola Hydropower Co. Ltd.'}, {'totalQuantity': 88056, 'totalOrder': 9, 'securityId': 459, 'symbol': 'KSBBL', 'securityName': 'Kamana Sewa Bikas Bank Limited'}, {'totalQuantity': 87650, 'totalOrder': 14, 'securityId': 450, 'symbol': 'CORBL', 'securityName': 'Corporate Development Bank Limited'}, {'totalQuantity': 86677, 'totalOrder': 13, 'securityId': 2913, 'symbol': 'MEN', 'securityName': 'Mountain Energy Nepal Limited'}, {'totalQuantity': 86468, 'totalOrder': 7, 'securityId': 2776, 'symbol': 'RADHI', 'securityName': 'Radhi Bidyut Company Ltd'}, {'totalQuantity': 85584, 'totalOrder': 7, 'securityId': 418, 'symbol': 'JBBL', 'securityName': 'Jyoti Bikas Bank Limited'}, {'totalQuantity': 80100, 'totalOrder': 5, 'securityId': 9221, 'symbol': 'H8020', 'securityName': 'Himalayan 80-20'}, {'totalQuantity': 80056, 'totalOrder': 27, 'securityId': 139, 'symbol': 'NICA', 'securityName': 'NIC Asia Bank Ltd.'}, {'totalQuantity': 79995, 'totalOrder': 7, 'securityId': 8024, 'symbol': 'NBF3', 'securityName': 'Nabil Balanced Fund-3'}, {'totalQuantity': 78325, 'totalOrder': 10, 'securityId': 8100, 'symbol': 'SGHC', 'securityName': 'Swet-Ganga Hydropower & Construction Limited '}, {'totalQuantity': 78116, 'totalOrder': 13, 'securityId': 2757, 'symbol': 'AKPL', 'securityName': 'Arun Kabeli Power Ltd.'}, {'totalQuantity': 77610, 'totalOrder': 5, 'securityId': 245, 'symbol': 'CFCL', 'securityName': 'Central Finance Co. Ltd.'}, {'totalQuantity': 72991, 'totalOrder': 9, 'securityId': 397, 'symbol': 'ADBL', 'securityName': 'Agricultural Development Bank Limited'}, {'totalQuantity': 72950, 'totalOrder': 9, 'securityId': 2933, 'symbol': 'KEF', 'securityName': 'Kumari Equity Fund'}, {'totalQuantity': 71500, 'totalOrder': 11, 'securityId': 2877, 'symbol': 'SFMF', 'securityName': 'Sunrise First Mutual Fund'}, {'totalQuantity': 70379, 'totalOrder': 14, 'securityId': 2860, 'symbol': 'SAPDBL', 'securityName': 'Saptakoshi Development Bank Ltd'}, {'totalQuantity': 69857, 'totalOrder': 8, 'securityId': 238, 'symbol': 'NMB', 'securityName': 'NMB Bank Limited'}, {'totalQuantity': 69713, 'totalOrder': 33, 'securityId': 2919, 'symbol': 'NIFRA', 'securityName': 'Nepal Infrastructure Bank Limited'}, {'totalQuantity': 69175, 'totalOrder': 24, 'securityId': 227, 'symbol': 'BFC', 'securityName': 'Best Finance Company Ltd.'}, {'totalQuantity': 68471, 'totalOrder': 10, 'securityId': 9171, 'symbol': 'BEDC', 'securityName': 'Bhugol Energy Development Company Limited'}, {'totalQuantity': 67339, 'totalOrder': 7, 'securityId': 2915, 'symbol': 'PMLI', 'securityName': 'Prabhu Mahalaxmi Life Insurance Limited'}, {'totalQuantity': 66949, 'totalOrder': 11, 'securityId': 2824, 'symbol': 'HURJA', 'securityName': 'Himalaya Urja Bikas Company Limited'}, {'totalQuantity': 65220, 'totalOrder': 11, 'securityId': 358, 'symbol': 'LBBL', 'securityName': 'Lumbini Bikas Bank Ltd.'}, {'totalQuantity': 64031, 'totalOrder': 8, 'securityId': 2748, 'symbol': 'RSDC', 'securityName': 'RSDC Laghubitta Bittiya Sanstha Ltd.'}, {'totalQuantity': 63047, 'totalOrder': 7, 'securityId': 417, 'symbol': 'GBBL', 'securityName': 'Garima Bikas Bank Limited'}, {'totalQuantity': 61856, 'totalOrder': 5, 'securityId': 591, 'symbol': 'SHPC', 'securityName': 'Sanima Mai Hydropower Ltd.'}, {'totalQuantity': 60892, 'totalOrder': 9, 'securityId': 2766, 'symbol': 'CHL', 'securityName': 'Chhyangdi Hydropower Ltd.'}, {'totalQuantity': 60690, 'totalOrder': 7, 'securityId': 9342, 'symbol': 'YMHL', 'securityName': 'Yambaling Hydropower Limited'}, {'totalQuantity': 60215, 'totalOrder': 9, 'securityId': 357, 'symbol': 'PCBL', 'securityName': 'Prime Commercial Bank Ltd.'}, {'totalQuantity': 59788, 'totalOrder': 6, 'securityId': 2810, 'symbol': 'UPCL', 'securityName': 'UNIVERSAL POWER COMPANY LTD'}, {'totalQuantity': 58035, 'totalOrder': 14, 'securityId': 401, 'symbol': 'MLBL', 'securityName': 'Mahalaxmi Bikas Bank Ltd.'}, {'totalQuantity': 55543, 'totalOrder': 9, 'securityId': 9234, 'symbol': 'HRL', 'securityName': 'Himalayan Reinsurance Limited'}, {'totalQuantity': 53792, 'totalOrder': 8, 'securityId': 2809, 'symbol': 'SHIVM', 'securityName': 'SHIVAM CEMENTS LTD'}, {'totalQuantity': 53556, 'totalOrder': 5, 'securityId': 2903, 'symbol': 'LEC', 'securityName': 'Liberty Energy Company Limited'}, {'totalQuantity': 52780, 'totalOrder': 13, 'securityId': 9297, 'symbol': 'BANDIPUR', 'securityName': 'Bandipur Cablecar and Tourism Limited'}, {'totalQuantity': 52259, 'totalOrder': 10, 'securityId': 9156, 'symbol': 'TAMOR', 'securityName': 'Sanima Middle Tamor Hydropower Limited'}, {'totalQuantity': 52065, 'totalOrder': 6, 'securityId': 5982, 'symbol': 'SRLI', 'securityName': 'Sanima Reliance Life Insurance Limited'}, {'totalQuantity': 51268, 'totalOrder': 5, 'securityId': 9343, 'symbol': 'TPKHL', 'securityName': 'Taksar Pikhuwa Khola Hydropower Limited'}, {'totalQuantity': 50670, 'totalOrder': 8, 'securityId': 9303, 'symbol': 'SYPNL', 'securityName': 'SY Panel Nepal Limited'}, {'totalQuantity': 47831, 'totalOrder': 10, 'securityId': 8070, 'symbol': 'DORDI', 'securityName': 'Dordi Khola Jal Bidyut Company Limited'}, {'totalQuantity': 47249, 'totalOrder': 11, 'securityId': 9293, 'symbol': 'DHEL', 'securityName': 'Daramkhola Hydro Energy Limited'}, {'totalQuantity': 46128, 'totalOrder': 11, 'securityId': 9345, 'symbol': 'SGHL', 'securityName': 'Sanigad Hydro Limited'}, {'totalQuantity': 45601, 'totalOrder': 14, 'securityId': 8133, 'symbol': 'PHCL', 'securityName': 'Peoples Hydropower Company Limited'}, {'totalQuantity': 45394, 'totalOrder': 6, 'securityId': 9337, 'symbol': 'APHL', 'securityName': 'Appolo Hydropower Limited'}, {'totalQuantity': 44147, 'totalOrder': 10, 'securityId': 2811, 'symbol': 'MHNL', 'securityName': 'Mountain Hydro Nepal Limited'}, {'totalQuantity': 44066, 'totalOrder': 6, 'securityId': 8122, 'symbol': 'PPL', 'securityName': ""People's Power Limited""}, {'totalQuantity': 43750, 'totalOrder': 8, 'securityId': 2867, 'symbol': 'NMB50', 'securityName': 'NMB 50'}, {'totalQuantity': 42900, 'totalOrder': 5, 'securityId': 9350, 'symbol': 'LSH12', 'securityName': 'LS Horizon 12'}, {'totalQuantity': 42721, 'totalOrder': 9, 'securityId': 9329, 'symbol': 'SIPD', 'securityName': 'Shikhar power Development Limited'}, {'totalQuantity': 42505, 'totalOrder': 10, 'securityId': 9191, 'symbol': 'C30MF', 'securityName': 'Citizens Super 30 Mutual Fund'}, {'totalQuantity': 41187, 'totalOrder': 15, 'securityId': 204, 'symbol': 'GUFL', 'securityName': 'Gurkhas Finance Ltd.'}, {'totalQuantity': 40560, 'totalOrder': 8, 'securityId': 469, 'symbol': 'NIMBPO', 'securityName': 'Nepal Investment Mega Bank Ltd. Promoter Share'}, {'totalQuantity': 39552, 'totalOrder': 12, 'securityId': 393, 'symbol': 'HLI', 'securityName': 'Himalayan Life Insurance Limited'}, {'totalQuantity': 38527, 'totalOrder': 12, 'securityId': 2924, 'symbol': 'GLH', 'securityName': 'GreenLife Hydropower Limited'}, {'totalQuantity': 38388, 'totalOrder': 12, 'securityId': 559, 'symbol': 'NLG', 'securityName': 'NLG Insurance Company Ltd.'}, {'totalQuantity': 37840, 'totalOrder': 7, 'securityId': 2770, 'symbol': 'SEF', 'securityName': 'Siddhartha Equity Fund'}, {'totalQuantity': 37193, 'totalOrder': 11, 'securityId': 8021, 'symbol': 'SAHAS', 'securityName': 'Sahas Urja Limited'}, {'totalQuantity': 36571, 'totalOrder': 5, 'securityId': 180, 'symbol': 'UAIL', 'securityName': 'United Ajod Insurance Limited'}, {'totalQuantity': 36512, 'totalOrder': 7, 'securityId': 8022, 'symbol': 'TPC', 'securityName': 'Terhathum Power Company Limited'}, {'totalQuantity': 35949, 'totalOrder': 9, 'securityId': 9336, 'symbol': 'SOPL', 'securityName': 'Sopan Pharmaceuticals Limited'}, {'totalQuantity': 35092, 'totalOrder': 5, 'securityId': 2914, 'symbol': 'UMRH', 'securityName': 'United IDI Mardi RB Hydropower Limited.'}, {'totalQuantity': 34989, 'totalOrder': 13, 'securityId': 9199, 'symbol': 'RNLI', 'securityName': 'Reliable Nepal Life Insurance Limited'}, {'totalQuantity': 34860, 'totalOrder': 4, 'securityId': 9138, 'symbol': 'NIBLGF', 'securityName': 'NIBL Growth Fund'}, {'totalQuantity': 34062, 'totalOrder': 15, 'securityId': 135, 'symbol': 'SBI', 'securityName': 'Nepal SBI Bank Limited'}, {'totalQuantity': 33461, 'totalOrder': 8, 'securityId': 472, 'symbol': 'SADBL', 'securityName': 'Shangrila Development Bank Ltd.'}, {'totalQuantity': 33256, 'totalOrder': 11, 'securityId': 2789, 'symbol': 'JOSHI', 'securityName': 'Joshi Hydropower Development Company Ltd'}, {'totalQuantity': 32504, 'totalOrder': 15, 'securityId': 9323, 'symbol': 'SKHL', 'securityName': 'Super Khudi Hydropower Limited'}, {'totalQuantity': 32427, 'totalOrder': 8, 'securityId': 473, 'symbol': 'SHINE', 'securityName': 'Shine Resunga Development Bank Ltd.'}, {'totalQuantity': 32133, 'totalOrder': 30, 'securityId': 131, 'symbol': 'NABIL', 'securityName': 'Nabil Bank Limited'}, {'totalQuantity': 31273, 'totalOrder': 16, 'securityId': 2842, 'symbol': 'SJCL', 'securityName': 'SANJEN JALAVIDHYUT COMPANY LIMITED'}, {'totalQuantity': 30805, 'totalOrder': 8, 'securityId': 9290, 'symbol': 'HLICF', 'securityName': 'HLI Large Cap Fund'}, {'totalQuantity': 30602, 'totalOrder': 7, 'securityId': 9346, 'symbol': 'KAHL', 'securityName': 'Kalanga Hydro Limited'}, {'totalQuantity': 30434, 'totalOrder': 13, 'securityId': 474, 'symbol': 'MNBBL', 'securityName': 'Muktinath Bikas Bank Ltd.'}, {'totalQuantity': 29727, 'totalOrder': 5, 'securityId': 2807, 'symbol': 'ALBSL', 'securityName': 'Asha Laghubitta Bittiya Sanstha Ltd'}, {'totalQuantity': 29638, 'totalOrder': 13, 'securityId': 9179, 'symbol': 'MEL', 'securityName': 'Modi Energy Limited'}, {'totalQuantity': 29572, 'totalOrder': 18, 'securityId': 8076, 'symbol': 'HHL', 'securityName': 'Himalayan Hydropower Limited'}, {'totalQuantity': 29071, 'totalOrder': 6, 'securityId': 178, 'symbol': 'NLICL', 'securityName': 'National Life Insurance Co. Ltd.'}, {'totalQuantity': 29041, 'totalOrder': 8, 'securityId': 9216, 'symbol': 'SONA', 'securityName': 'Sonapur Minerals And Oil Limited'}, {'totalQuantity': 28951, 'totalOrder': 9, 'securityId': 587, 'symbol': 'RLFL', 'securityName': 'Reliance Finance Ltd.'}, {'totalQuantity': 28461, 'totalOrder': 15, 'securityId': 8031, 'symbol': 'MBJC', 'securityName': 'Madhya Bhotekoshi Jalavidyut Company Limited'}, {'totalQuantity': 28305, 'totalOrder': 6, 'securityId': 9304, 'symbol': 'CSY', 'securityName': 'Citizens Santulit Yojana'}, {'totalQuantity': 27988, 'totalOrder': 13, 'securityId': 9209, 'symbol': 'CLI', 'securityName': 'Citizen Life Insurance Company Limited'}, {'totalQuantity': 27617, 'totalOrder': 8, 'securityId': 686, 'symbol': 'BARUN', 'securityName': 'Barun Hydropower Co. Ltd.'}, {'totalQuantity': 27374, 'totalOrder': 6, 'securityId': 2881, 'symbol': 'NRIC', 'securityName': 'Nepal Reinsurance Company Limited'}, {'totalQuantity': 26846, 'totalOrder': 6, 'securityId': 2841, 'symbol': 'RHPL', 'securityName': 'RASUWAGADHI HYDROPOWER COMPANY LIMITED'}, {'totalQuantity': 26780, 'totalOrder': 6, 'securityId': 9267, 'symbol': 'BHCL', 'securityName': 'Bikash Hydropower Company Limited'}, {'totalQuantity': 26400, 'totalOrder': 6, 'securityId': 9312, 'symbol': 'NSY', 'securityName': 'Nepal Life Samriddhi Lagani Yojana'}, {'totalQuantity': 26300, 'totalOrder': 9, 'securityId': 2902, 'symbol': 'LUK', 'securityName': 'Laxmi Unnati Kosh'}, {'totalQuantity': 26032, 'totalOrder': 17, 'securityId': 154, 'symbol': 'CHCL', 'securityName': 'Chilime Hydropower Company Limited'}, {'totalQuantity': 25922, 'totalOrder': 7, 'securityId': 8032, 'symbol': 'BNHC', 'securityName': 'Buddha Bhumi Nepal Hydropower Company Limited'}, {'totalQuantity': 25253, 'totalOrder': 8, 'securityId': 9296, 'symbol': 'BUNGAL', 'securityName': 'Bungal Hydro Limited'}, {'totalQuantity': 25174, 'totalOrder': 12, 'securityId': 396, 'symbol': 'NMLBBL', 'securityName': 'Nerude Mirmire Laghubitta Bittiya Sanstha Limited'}, {'totalQuantity': 24872, 'totalOrder': 10, 'securityId': 9193, 'symbol': 'GCIL', 'securityName': 'Ghorahi Cement Industry Limited'}, {'totalQuantity': 24583, 'totalOrder': 8, 'securityId': 2813, 'symbol': 'PPCL', 'securityName': 'Panchthar Power Compant Limited'}, {'totalQuantity': 24143, 'totalOrder': 12, 'securityId': 153, 'symbol': 'BPCL', 'securityName': 'Butwal Power Company Limited'}, {'totalQuantity': 23963, 'totalOrder': 17, 'securityId': 187, 'symbol': 'NLIC', 'securityName': 'Nepal Life Insurance Co. Ltd.'}, {'totalQuantity': 23581, 'totalOrder': 6, 'securityId': 9170, 'symbol': 'DOLTI', 'securityName': 'Dolti Power Company Limited'}, {'totalQuantity': 23320, 'totalOrder': 6, 'securityId': 2937, 'symbol': 'SBCF', 'securityName': 'Sunrise Bluechip Fund'}, {'totalQuantity': 23309, 'totalOrder': 6, 'securityId': 263, 'symbol': 'GMFIL', 'securityName': 'Guheshowori Merchant Bank & Finance Co. Ltd.'}, {'totalQuantity': 22918, 'totalOrder': 7, 'securityId': 9148, 'symbol': 'SMH', 'securityName': 'Super Mai Hydropower Limited'}, {'totalQuantity': 22659, 'totalOrder': 8, 'securityId': 8066, 'symbol': 'RFPL', 'securityName': 'River Falls Power Limited'}, {'totalQuantity': 22401, 'totalOrder': 7, 'securityId': 8108, 'symbol': 'RHGCL', 'securityName': 'Rapti Hydro And General Construction Limited'}, {'totalQuantity': 22240, 'totalOrder': 14, 'securityId': 192, 'symbol': 'SICL', 'securityName': 'Shikhar Insurance Co. Ltd.'}, {'totalQuantity': 22170, 'totalOrder': 34, 'securityId': 137, 'symbol': 'EBL', 'securityName': 'Everest Bank Limited'}, {'totalQuantity': 22079, 'totalOrder': 6, 'securityId': 9262, 'symbol': 'TTL', 'securityName': 'Trade Tower Limited'}, {'totalQuantity': 21964, 'totalOrder': 8, 'securityId': 166, 'symbol': 'DDBL', 'securityName': 'Deprosc Laghubitta Bittiya Sanstha Limited'}, {'totalQuantity': 21250, 'totalOrder': 8, 'securityId': 9349, 'symbol': 'SAEF2', 'securityName': 'Sanima Equity Fund-2'}, {'totalQuantity': 20990, 'totalOrder': 6, 'securityId': 188, 'symbol': 'LICN', 'securityName': 'Life Insurance Corporation (Nepal) Limited'}, {'totalQuantity': 20829, 'totalOrder': 7, 'securityId': 176, 'symbol': 'NICL', 'securityName': 'Nepal Insurance Co. Ltd.'}, {'totalQuantity': 20808, 'totalOrder': 12, 'securityId': 147, 'symbol': 'SHL', 'securityName': 'Soaltee Hotel Limited'}, {'totalQuantity': 20600, 'totalOrder': 5, 'securityId': 4949, 'symbol': 'NIBSF2', 'securityName': 'NIBL Samriddhi Fund -2'}, {'totalQuantity': 20400, 'totalOrder': 3, 'securityId': 9139, 'symbol': 'SAGF', 'securityName': 'Sanima Growth Fund'}, {'totalQuantity': 20318, 'totalOrder': 5, 'securityId': 274, 'symbol': 'EDBL', 'securityName': 'Excel Development Bank Ltd.'}, {'totalQuantity': 20063, 'totalOrder': 10, 'securityId': 9308, 'symbol': 'HFIN', 'securityName': 'Hotel Forest Inn Limited'}, {'totalQuantity': 19974, 'totalOrder': 6, 'securityId': 9306, 'symbol': 'RSML', 'securityName': 'Reliance Spinning Mills Limited'}, {'totalQuantity': 19784, 'totalOrder': 37, 'securityId': 307, 'symbol': 'NTC', 'securityName': 'Nepal Doorsanchar Company Limited'}, {'totalQuantity': 19693, 'totalOrder': 18, 'securityId': 235, 'symbol': 'HDL', 'securityName': 'Himalayan Distillery Limited'}, {'totalQuantity': 19607, 'totalOrder': 7, 'securityId': 2917, 'symbol': 'CGH', 'securityName': 'Chandragiri Hills Limited'}, {'totalQuantity': 19427, 'totalOrder': 5, 'securityId': 2744, 'symbol': 'GRDBL', 'securityName': 'Green Development Bank Ltd.'}, {'totalQuantity': 19207, 'totalOrder': 9, 'securityId': 8126, 'symbol': 'SIKLES', 'securityName': 'Sikles Hydropower Limited'}, {'totalQuantity': 19197, 'totalOrder': 23, 'securityId': 133, 'symbol': 'SCB', 'securityName': 'Standard Chartered Bank Limited'}, {'totalQuantity': 17674, 'totalOrder': 6, 'securityId': 268, 'symbol': 'SWBBL', 'securityName': 'Swabalamban Laghubitta Bittiya Sanstha Limited'}, {'totalQuantity': 17323, 'totalOrder': 8, 'securityId': 2787, 'symbol': 'KPCL', 'securityName': 'Kalika power Company Ltd'}, {'totalQuantity': 16937, 'totalOrder': 15, 'securityId': 385, 'symbol': 'ALICL', 'securityName': 'Asian Life Insurance Co. Limited'}, {'totalQuantity': 16761, 'totalOrder': 19, 'securityId': 9201, 'symbol': 'SNLI', 'securityName': 'Sun Nepal Life Insurance Company Limited'}, {'totalQuantity': 16709, 'totalOrder': 6, 'securityId': 471, 'symbol': 'MPFL', 'securityName': 'Multipurpose Finance Company  Limited'}, {'totalQuantity': 16596, 'totalOrder': 6, 'securityId': 9301, 'symbol': 'SAIL', 'securityName': 'Shreenagar Agritech Industries Limited'}, {'totalQuantity': 16492, 'totalOrder': 8, 'securityId': 186, 'symbol': 'IGI', 'securityName': 'IGI Prudential insurance Limited'}, {'totalQuantity': 16246, 'totalOrder': 7, 'securityId': 9166, 'symbol': 'MAKAR', 'securityName': 'Makar Jitumaya Suri Hydropower Limited'}, {'totalQuantity': 16174, 'totalOrder': 10, 'securityId': 244, 'symbol': 'SIFC', 'securityName': 'Shree Investment Finance Co. Ltd.'}, {'totalQuantity': 15914, 'totalOrder': 11, 'securityId': 403, 'symbol': 'SJLIC', 'securityName': 'SuryaJyoti Life Insurance Company Limited'}, {'totalQuantity': 15852, 'totalOrder': 8, 'securityId': 2831, 'symbol': 'UNHPL', 'securityName': 'Union Hydropower Limited'}, {'totalQuantity': 15800, 'totalOrder': 7, 'securityId': 2923, 'symbol': 'SLCF', 'securityName': 'Sanima Large Cap Fund'}, {'totalQuantity': 15769, 'totalOrder': 19, 'securityId': 9159, 'symbol': 'SMJC', 'securityName': 'Sagarmatha Jalabidhyut Company Limited'}, {'totalQuantity': 15665, 'totalOrder': 5, 'securityId': 2832, 'symbol': 'ILBS', 'securityName': 'Infinity Laghubitta Bittiya Sanstha Limited'}, {'totalQuantity': 15644, 'totalOrder': 13, 'securityId': 2887, 'symbol': 'NICLBSL', 'securityName': 'NIC ASIA Laghubitta Bittiya Sanstha Limited'}, {'totalQuantity': 15558, 'totalOrder': 8, 'securityId': 9181, 'symbol': 'RAWA', 'securityName': 'Rawa Energy Development Limited'}, {'totalQuantity': 15520, 'totalOrder': 5, 'securityId': 8131, 'symbol': 'EHPL', 'securityName': 'Eastern Hydropower Limited'}, {'totalQuantity': 15503, 'totalOrder': 11, 'securityId': 8045, 'symbol': 'GVL', 'securityName': 'Green Ventures Limited'}, {'totalQuantity': 15309, 'totalOrder': 5, 'securityId': 583, 'symbol': 'GBLBS', 'securityName': 'Grameen Bikas Laghubitta Bittiya Sanstha Ltd.'}, {'totalQuantity': 14232, 'totalOrder': 5, 'securityId': 9287, 'symbol': 'MABEL', 'securityName': 'Mabilung Energy Limited'}, {'totalQuantity': 13684, 'totalOrder': 78, 'securityId': 198, 'symbol': 'NLO', 'securityName': 'Nepal Lube Oil Limited'}, {'totalQuantity': 13495, 'totalOrder': 10, 'securityId': 3946, 'symbol': 'CHDC', 'securityName': 'CEDB Holdings Limited'}, {'totalQuantity': 13266, 'totalOrder': 6, 'securityId': 9294, 'symbol': 'SAGAR', 'securityName': 'Sagar Distillery Limited'}, {'totalQuantity': 12879, 'totalOrder': 8, 'securityId': 273, 'symbol': 'ICFC', 'securityName': 'ICFC Finance Limited'}, {'totalQuantity': 12793, 'totalOrder': 8, 'securityId': 2908, 'symbol': 'SGIC', 'securityName': 'Sanima GIC Insurance Limited'}, {'totalQuantity': 12628, 'totalOrder': 10, 'securityId': 8075, 'symbol': 'BHDC', 'securityName': 'Bindhyabasini Hydropower Development Company Limited'}, {'totalQuantity': 12500, 'totalOrder': 5, 'securityId': 2835, 'symbol': 'NBF2', 'securityName': 'NABIL BALANCED FUND-2'}, {'totalQuantity': 12475, 'totalOrder': 6, 'securityId': 338, 'symbol': 'PROFL', 'securityName': 'Progressive Finance Limited'}, {'totalQuantity': 12332, 'totalOrder': 16, 'securityId': 9175, 'symbol': 'MCHL', 'securityName': 'Menchhiyam Hydropower Limited'}, {'totalQuantity': 12325, 'totalOrder': 5, 'securityId': 561, 'symbol': 'SINDU', 'securityName': 'Sindhu Bikash Bank Ltd'}, {'totalQuantity': 12144, 'totalOrder': 13, 'securityId': 574, 'symbol': 'SKBBL', 'securityName': 'Sana Kisan Bikas Laghubitta Bittiya Sanstha Limited'}, {'totalQuantity': 12135, 'totalOrder': 5, 'securityId': 9147, 'symbol': 'SPL', 'securityName': 'Shuvam Power Limited'}, {'totalQuantity': 11995, 'totalOrder': 7, 'securityId': 9183, 'symbol': 'NRM', 'securityName': 'Nepal Republic Media Limited'}, {'totalQuantity': 11823, 'totalOrder': 5, 'securityId': 2786, 'symbol': 'PMHPL', 'securityName': 'Panchakanya Mai Hydropower Ltd'}, {'totalQuantity': 11600, 'totalOrder': 8, 'securityId': 4967, 'symbol': 'NICSF', 'securityName': 'NIC Asia Select Fund 30'}, {'totalQuantity': 11594, 'totalOrder': 6, 'securityId': 9347, 'symbol': 'ECL', 'securityName': 'Everest Colour Limited'}, {'totalQuantity': 11509, 'totalOrder': 7, 'securityId': 2769, 'symbol': 'NHDL', 'securityName': 'Nepal Hydro Developers Ltd.'}, {'totalQuantity': 11296, 'totalOrder': 20, 'securityId': 164, 'symbol': 'CBBL', 'securityName': 'Chhimek Laghubitta Bittiya Sanstha Limited'}, {'totalQuantity': 11208, 'totalOrder': 19, 'securityId': 9184, 'symbol': 'ILI', 'securityName': 'IME Life Insurance Company Limited'}, {'totalQuantity': 11200, 'totalOrder': 11, 'securityId': 9263, 'symbol': 'SANVI', 'securityName': 'Sanvi Energy Limited'}, {'totalQuantity': 11111, 'totalOrder': 8, 'securityId': 8102, 'symbol': 'MHL', 'securityName': 'Mandakini Hydropower Limited'}, {'totalQuantity': 11087, 'totalOrder': 6, 'securityId': 250, 'symbol': 'JFL', 'securityName': 'Janaki Finance Company Limited'}, {'totalQuantity': 11025, 'totalOrder': 5, 'securityId': 593, 'symbol': 'KMCDB', 'securityName': 'Kalika Laghubitta Bittiya Sanstha Ltd'}, {'totalQuantity': 10712, 'totalOrder': 13, 'securityId': 182, 'symbol': 'SPIL', 'securityName': 'Siddhartha Premier Insurance Limited'}, {'totalQuantity': 10539, 'totalOrder': 18, 'securityId': 9135, 'symbol': 'BHPL', 'securityName': 'Barahi Hydropower Public Limited'}, {'totalQuantity': 10406, 'totalOrder': 6, 'securityId': 9344, 'symbol': 'SNORL', 'securityName': 'Snow Rivers Limited'}, {'totalQuantity': 10200, 'totalOrder': 5, 'securityId': 9248, 'symbol': 'GSY', 'securityName': 'Garima Samriddhi Yojana'}, {'totalQuantity': 10130, 'totalOrder': 12, 'securityId': 184, 'symbol': 'PRIN', 'securityName': 'Prabhu Insurance Ltd.'}, {'totalQuantity': 10106, 'totalOrder': 5, 'securityId': 8104, 'symbol': 'USHEC', 'securityName': 'Upper Solu Hydro Electric Company Limited'}, {'totalQuantity': 9911, 'totalOrder': 19, 'securityId': 9149, 'symbol': 'MKHC', 'securityName': 'Maya Khola Hydropower Company Limited'}, {'totalQuantity': 9686, 'totalOrder': 5, 'securityId': 8026, 'symbol': 'NYADI', 'securityName': 'Nyadi Hydropower Limited'}, {'totalQuantity': 9638, 'totalOrder': 7, 'securityId': 9334, 'symbol': 'KHPL', 'securityName': 'Kalinchock Hydropower Limited'}, {'totalQuantity': 9630, 'totalOrder': 7, 'securityId': 2754, 'symbol': 'DHPL', 'securityName': 'Dibyashwori Hydropower Ltd.'}, {'totalQuantity': 9486, 'totalOrder': 9, 'securityId': 194, 'symbol': 'NFS', 'securityName': 'Nepal Finance Ltd.'}, {'totalQuantity': 9292, 'totalOrder': 5, 'securityId': 705, 'symbol': 'GILB', 'securityName': 'Global IME Laghubitta Bittiya Sanstha Ltd.'}, {'totalQuantity': 9278, 'totalOrder': 11, 'securityId': 1741, 'symbol': 'MERO', 'securityName': 'Mero Microfinance Bittiya Sanstha Ltd.'}, {'totalQuantity': 9183, 'totalOrder': 10, 'securityId': 9158, 'symbol': 'MHCL', 'securityName': 'Molung Hydropower Company Limited'}, {'totalQuantity': 8916, 'totalOrder': 9, 'securityId': 545, 'symbol': 'SLBBL', 'securityName': 'Swarojgar Laghubitta Bittiya Sanstha Ltd.'}, {'totalQuantity': 8719, 'totalOrder': 7, 'securityId': 9300, 'symbol': 'JHAPA', 'securityName': 'Jhapa Energy Limited'}, {'totalQuantity': 8621, 'totalOrder': 7, 'securityId': 2746, 'symbol': 'NMFBS', 'securityName': 'National Laghubitta Bittiya Sanstha Limited'}, {'totalQuantity': 8545, 'totalOrder': 5, 'securityId': 9218, 'symbol': 'TVCL', 'securityName': 'Trishuli Jal Vidhyut Company Limited '}, {'totalQuantity': 8509, 'totalOrder': 8, 'securityId': 687, 'symbol': 'VLBS', 'securityName': 'Vijaya laghubitta Bittiya Sanstha Ltd.'}, {'totalQuantity': 8253, 'totalOrder': 10, 'securityId': 185, 'symbol': 'SALICO', 'securityName': 'Sagarmatha Lumbini Insurance Co. Limited'}, {'totalQuantity': 8228, 'totalOrder': 7, 'securityId': 172, 'symbol': 'NABBC', 'securityName': 'Narayani Development Bank Limited'}, {'totalQuantity': 8219, 'totalOrder': 6, 'securityId': 9196, 'symbol': 'KBSH', 'securityName': 'Kutheli Bukhari Small Hydropower Limited'}, {'totalQuantity': 8211, 'totalOrder': 5, 'securityId': 9161, 'symbol': 'ANLB', 'securityName': 'Aatmanirbhar Laghubitta Bittiya Sanstha Limited'}, {'totalQuantity': 8199, 'totalOrder': 6, 'securityId': 9325, 'symbol': 'SKHEL', 'securityName': 'Suryakunda Hydro Electric Limited'}, {'totalQuantity': 8061, 'totalOrder': 9, 'securityId': 183, 'symbol': 'NIL', 'securityName': 'Neco Insurance Limited'}, {'totalQuantity': 7832, 'totalOrder': 8, 'securityId': 8025, 'symbol': 'SPC', 'securityName': 'Samling Power Company Limited'}, {'totalQuantity': 7798, 'totalOrder': 5, 'securityId': 706, 'symbol': 'SWMF', 'securityName': 'Suryodaya Womi Laghubitta Bittiya Sanstha Limited'}, {'totalQuantity': 7619, 'totalOrder': 7, 'securityId': 148, 'symbol': 'TRH', 'securityName': 'Taragaon Regency Hotel Limited'}, {'totalQuantity': 7609, 'totalOrder': 11, 'securityId': 371, 'symbol': 'MDB', 'securityName': 'Miteri Development Bank Limited'}, {'totalQuantity': 7481, 'totalOrder': 8, 'securityId': 232, 'symbol': 'GFCL', 'securityName': 'Goodwill Finance Limited'}, {'totalQuantity': 7219, 'totalOrder': 8, 'securityId': 9246, 'symbol': 'GMLI', 'securityName': 'Guardian Micro Life Insurance Limited '}, {'totalQuantity': 7027, 'totalOrder': 16, 'securityId': 9194, 'symbol': 'TSHL', 'securityName': 'Three Star Hydropower Limited'}, {'totalQuantity': 7010, 'totalOrder': 5, 'securityId': 8005, 'symbol': 'MKJC', 'securityName': 'Mailung Khola Jal Vidhyut Company Limited'}, {'totalQuantity': 6836, 'totalOrder': 6, 'securityId': 163, 'symbol': 'NUBL', 'securityName': 'Nirdhan Utthan Laghubitta Bittiya Sanstha Limited'}, {'totalQuantity': 6670, 'totalOrder': 5, 'securityId': 9322, 'symbol': 'BJHL', 'securityName': 'Bhujung Hydropower Limited'}, {'totalQuantity': 6650, 'totalOrder': 7, 'securityId': 2761, 'symbol': 'SMATA', 'securityName': 'Samata Gharelu Laghubitta Bittiya Sanstha Limited'}, {'totalQuantity': 6594, 'totalOrder': 5, 'securityId': 9270, 'symbol': 'HIMSTAR', 'securityName': 'Him Star Urja Company Limited'}, {'totalQuantity': 6063, 'totalOrder': 12, 'securityId': 9217, 'symbol': 'MMKJL', 'securityName': 'Mathillo Mailun Khola Jalvidhyut Limited'}, {'totalQuantity': 6038, 'totalOrder': 8, 'securityId': 9305, 'symbol': 'SABBL', 'securityName': 'Salapa Bikas Bank Limited'}, {'totalQuantity': 5759, 'totalOrder': 9, 'securityId': 9212, 'symbol': 'MANDU', 'securityName': 'Mandu Hydropower Limited'}, {'totalQuantity': 5460, 'totalOrder': 9, 'securityId': 2935, 'symbol': 'RURU', 'securityName': 'Ru Ru Jalbidhyut Pariyojana Limited'}, {'totalQuantity': 5411, 'totalOrder': 7, 'securityId': 9250, 'symbol': 'NMIC', 'securityName': 'Nepal Micro Insurance Company Limited'}, {'totalQuantity': 5332, 'totalOrder': 10, 'securityId': 9176, 'symbol': 'IHL', 'securityName': 'Ingwa Hydropower Limited'}, {'totalQuantity': 5220, 'totalOrder': 8, 'securityId': 8063, 'symbol': 'ULBSL', 'securityName': 'Upakar Laghubitta Bittiya Sanstha Limited'}, {'totalQuantity': 5161, 'totalOrder': 6, 'securityId': 9167, 'symbol': 'MKHL', 'securityName': 'Mai Khola Hydropower Limited'}, {'totalQuantity': 5119, 'totalOrder': 13, 'securityId': 2804, 'symbol': 'SLBSL', 'securityName': 'Samudayik Laghubitta Bittiya Sanstha Limited'}, {'totalQuantity': 4946, 'totalOrder': 8, 'securityId': 9225, 'symbol': 'VLUCL', 'securityName': 'Vision Lumbini Urja Company Limited '}, {'totalQuantity': 4860, 'totalOrder': 27, 'securityId': 210, 'symbol': 'CIT', 'securityName': 'Citizen Investment Trust'}, {'totalQuantity': 4839, 'totalOrder': 11, 'securityId': 9242, 'symbol': 'SARBTM', 'securityName': 'Sarbottam Cement Limited'}, {'totalQuantity': 4827, 'totalOrder': 6, 'securityId': 4951, 'symbol': 'JBLB', 'securityName': 'Jeevan Bikas Laghubitta  Bittya Sanstha Ltd'}, {'totalQuantity': 4804, 'totalOrder': 8, 'securityId': 149, 'symbol': 'OHL', 'securityName': 'Oriental Hotels Limited'}, {'totalQuantity': 4442, 'totalOrder': 6, 'securityId': 9233, 'symbol': 'NWCL', 'securityName': 'Nepal Warehousing Company Limited '}, {'totalQuantity': 4400, 'totalOrder': 2, 'securityId': 2863, 'symbol': 'NICBF', 'securityName': 'NIC Asia Balanced Fund'}, {'totalQuantity': 4353, 'totalOrder': 10, 'securityId': 8121, 'symbol': 'SPHL', 'securityName': 'Sayapatri Hydropower Limited'}, {'totalQuantity': 3995, 'totalOrder': 7, 'securityId': 8065, 'symbol': 'CYCL', 'securityName': 'CYC Nepal Laghubitta Bittiya Sanstha Limited'}, {'totalQuantity': 3925, 'totalOrder': 9, 'securityId': 2896, 'symbol': 'SMPDA', 'securityName': 'Sampada Laghubitta Bittiya Sanstha Limited'}, {'totalQuantity': 3643, 'totalOrder': 7, 'securityId': 2758, 'symbol': 'FOWAD', 'securityName': 'Forward Microfinance Laghubitta Bittiya Sanstha Limited'}, {'totalQuantity': 3580, 'totalOrder': 6, 'securityId': 9232, 'symbol': 'CKHL', 'securityName': 'Chirkhwa Hydropower Limited '}, {'totalQuantity': 3492, 'totalOrder': 7, 'securityId': 601, 'symbol': 'MLBBL', 'securityName': 'Mithila LaghuBitta Bittiya Sanstha Limited'}, {'totalQuantity': 3388, 'totalOrder': 6, 'securityId': 9324, 'symbol': 'RLEL', 'securityName': 'Ridge Line Energy Limited'}, {'totalQuantity': 3260, 'totalOrder': 8, 'securityId': 9213, 'symbol': 'HATHY', 'securityName': 'Hathway Investment Nepal Limited'}, {'totalQuantity': 3184, 'totalOrder': 7, 'securityId': 9150, 'symbol': 'AHL', 'securityName': 'Asian Hydropower Limited'}, {'totalQuantity': 2843, 'totalOrder': 5, 'securityId': 9192, 'symbol': 'USHL', 'securityName': 'Upper Syange Hydropower Limited'}, {'totalQuantity': 2711, 'totalOrder': 13, 'securityId': 9215, 'symbol': 'MSHL', 'securityName': 'Mid Solu Hydropower Limited'}, {'totalQuantity': 2633, 'totalOrder': 7, 'securityId': 9230, 'symbol': 'MKCL', 'securityName': 'Muktinath Krishi Company Limited'}, {'totalQuantity': 2570, 'totalOrder': 8, 'securityId': 704, 'symbol': 'NMBMF', 'securityName': 'NMB  Microfinance Bittiya Sanstha Ltd.'}, {'totalQuantity': 2521, 'totalOrder': 6, 'securityId': 9256, 'symbol': 'OMPL', 'securityName': 'Om Megashree Pharmaceuticals Limited'}, {'totalQuantity': 2505, 'totalOrder': 7, 'securityId': 694, 'symbol': 'MATRI', 'securityName': 'Matribhumi Lagubitta Bittiya Sanstha Limited'}, {'totalQuantity': 2433, 'totalOrder': 5, 'securityId': 8041, 'symbol': 'NESDO', 'securityName': 'NESDO Sambridha Laghubitta Bittiya Sanstha Limited'}, {'totalQuantity': 2336, 'totalOrder': 7, 'securityId': 9258, 'symbol': 'PURE', 'securityName': 'Pure Energy Limited'}, {'totalQuantity': 2279, 'totalOrder': 9, 'securityId': 9203, 'symbol': 'MEHL', 'securityName': 'Manakamana Engineering Hydropower Limited'}, {'totalQuantity': 2263, 'totalOrder': 5, 'securityId': 9214, 'symbol': 'BGWT', 'securityName': 'Bhagawati Hydropower Development Company Limited'}, {'totalQuantity': 2214, 'totalOrder': 9, 'securityId': 8117, 'symbol': 'AVYAN', 'securityName': 'Aviyan Laghubitta Bittiya Sanstha Limited'}, {'totalQuantity': 2200, 'totalOrder': 5, 'securityId': 8018, 'symbol': 'MLBS', 'securityName': 'Manushi Laghubitta Bittiya Sanstha Limited'}, {'totalQuantity': 2074, 'totalOrder': 5, 'securityId': 179, 'symbol': 'HEI', 'securityName': 'Himalayan Everest Insurance Limited'}, {'totalQuantity': 1909, 'totalOrder': 6, 'securityId': 8123, 'symbol': 'DLBS', 'securityName': 'Dhaulagiri Laghubitta Bittiya Sanstha Limited'}, {'totalQuantity': 1881, 'totalOrder': 5, 'securityId': 2774, 'symbol': 'USLB', 'securityName': 'Unnati Sahakarya Laghubitta Bittiya Sanstha Limited'}, {'totalQuantity': 1865, 'totalOrder': 6, 'securityId': 9151, 'symbol': 'KDL', 'securityName': 'Kalinchowk Darshan Limited'}, {'totalQuantity': 1841, 'totalOrder': 5, 'securityId': 2925, 'symbol': 'MLBSL', 'securityName': 'Mahila Lagubitta Bittiya Sanstha Limited '}, {'totalQuantity': 1797, 'totalOrder': 5, 'securityId': 9299, 'symbol': 'NABILD2089', 'securityName': '7% Nabil Debenture 2089'}, {'totalQuantity': 1790, 'totalOrder': 5, 'securityId': 155, 'symbol': 'STC', 'securityName': 'Salt Trading Corporation'}, {'totalQuantity': 1748, 'totalOrder': 5, 'securityId': 695, 'symbol': 'JSLBB', 'securityName': 'Janautthan Samudayic Laghubitta Bittya Sanstha Limited'}, {'totalQuantity': 1744, 'totalOrder': 12, 'securityId': 2790, 'symbol': 'ACLBSL', 'securityName': 'Aarambha Chautari Laghubitta Bittiya Sanstha Limited'}, {'totalQuantity': 1624, 'totalOrder': 6, 'securityId': 8034, 'symbol': 'ENL', 'securityName': 'Emerging Nepal Limited'}, {'totalQuantity': 1569, 'totalOrder': 5, 'securityId': 2771, 'symbol': 'SMB', 'securityName': 'Support Microfinance Bittiya Sanstha Ltd.'}, {'totalQuantity': 1452, 'totalOrder': 8, 'securityId': 9295, 'symbol': 'SWASTIK', 'securityName': 'Swastik Laghubitta Bittiya Sanstha Limited'}, {'totalQuantity': 1419, 'totalOrder': 5, 'securityId': 156, 'symbol': 'BBC', 'securityName': 'Bishal Bazar Company Limited'}, {'totalQuantity': 1345, 'totalOrder': 5, 'securityId': 2768, 'symbol': 'MSLB', 'securityName': 'Mahuli Laghubitta Bittiya Sanstha Limited'}, {'totalQuantity': 1326, 'totalOrder': 5, 'securityId': 693, 'symbol': 'HLBSL', 'securityName': 'Himalayan Laghubitta Bittiya Sanstha Limited'}, {'totalQuantity': 1263, 'totalOrder': 5, 'securityId': 2815, 'symbol': 'GMFBS', 'securityName': 'Ganapati Laghubitta Bittiya Sanstha Limited'}, {'totalQuantity': 1173, 'totalOrder': 6, 'securityId': 2826, 'symbol': 'GLBSL', 'securityName': 'Gurans Laghubitta Bittiya Sanstha Limited'}, {'totalQuantity': 1000, 'totalOrder': 1, 'securityId': 8029, 'symbol': 'ADBLB86', 'securityName': 'Agricultural Bond (8 Year)'}, {'totalQuantity': 950, 'totalOrder': 6, 'securityId': 2829, 'symbol': 'SMFBS', 'securityName': 'Swabhimaan Laghubitta Bittiya Sanstha Limited'}, {'totalQuantity': 846, 'totalOrder': 7, 'securityId': 618, 'symbol': 'LLBS', 'securityName': 'Laxmi Laghubitta Bittiya Sanstha Ltd.'}, {'totalQuantity': 800, 'totalOrder': 5, 'securityId': 2784, 'symbol': 'NADEP', 'securityName': 'Nadep Laghubittiya bittya Sanstha Ltd.'}, {'totalQuantity': 749, 'totalOrder': 2, 'securityId': 9261, 'symbol': 'NIFRAGED', 'securityName': 'Nifra Green Energy Debenture 6% - 2088/89'}, {'totalQuantity': 737, 'totalOrder': 5, 'securityId': 2886, 'symbol': 'ADBLD83', 'securityName': '10.35% Agricultural Bank Debenture 2083'}, {'totalQuantity': 670, 'totalOrder': 6, 'securityId': 8110, 'symbol': 'SBID83', 'securityName': '10.25% Nepal SBI Bank Debenture 2083'}, {'totalQuantity': 645, 'totalOrder': 5, 'securityId': 9231, 'symbol': 'CIZBD90', 'securityName': '10% Citizens Bank Debenture 2090'}, {'totalQuantity': 630, 'totalOrder': 6, 'securityId': 8132, 'symbol': 'SHLB', 'securityName': 'Shrijanshil Laghubitta Bittiya Sanstha Limited'}, {'totalQuantity': 629, 'totalOrder': 8, 'securityId': 8119, 'symbol': 'EBLD85', 'securityName': '10.50% Everest Bank Limited Debenture 2085'}, {'totalQuantity': 617, 'totalOrder': 6, 'securityId': 2781, 'symbol': 'WNLB', 'securityName': 'Wean Nepal Laghubitta Bittiya Sanstha Limited'}, {'totalQuantity': 615, 'totalOrder': 5, 'securityId': 9141, 'symbol': 'NIFRAUR85/86', 'securityName': 'NIFRA Uraj Rinpatra7%-2085/86'}, {'totalQuantity': 584, 'totalOrder': 4, 'securityId': 9266, 'symbol': 'NICAD2091', 'securityName': '7% NIC ASIA Debenture 2091'}, {'totalQuantity': 475, 'totalOrder': 5, 'securityId': 9197, 'symbol': 'LBBLD89', 'securityName': '11% L.B.B.L. Debenture 2089'}, {'totalQuantity': 450, 'totalOrder': 5, 'securityId': 177, 'symbol': 'RBCL', 'securityName': 'Rastriya Beema Company Limited'}, {'totalQuantity': 441, 'totalOrder': 5, 'securityId': 9327, 'symbol': 'ICFCD89', 'securityName': '8% ICFC Finance Limited Debenture 2089'}, {'totalQuantity': 401, 'totalOrder': 5, 'securityId': 4948, 'symbol': 'KSBBLD87', 'securityName': '9% Kamana Sewa Bikas Bank Limited Debenture 2087'}, {'totalQuantity': 367, 'totalOrder': 5, 'securityId': 4959, 'symbol': 'NBLD87', 'securityName': '8.5% Nepal Bank Debenture 2087'}, {'totalQuantity': 343, 'totalOrder': 5, 'securityId': 8027, 'symbol': 'NBLD85', 'securityName': 'Nabil Debenture 2085'}, {'totalQuantity': 335, 'totalOrder': 5, 'securityId': 9286, 'symbol': 'SHINED', 'securityName': 'Shine Resunga Debenture'}, {'totalQuantity': 330, 'totalOrder': 6, 'securityId': 2892, 'symbol': 'NBLD82', 'securityName': '10% Nabil Debenture 2082'}, {'totalQuantity': 325, 'totalOrder': 4, 'securityId': 8109, 'symbol': 'SBD89', 'securityName': '10.25% Sanima Debenture 2089'}, {'totalQuantity': 307, 'totalOrder': 5, 'securityId': 5984, 'symbol': 'LBLD88', 'securityName': '8.5% Laxmi Bank Debenture 2088'}, {'totalQuantity': 302, 'totalOrder': 5, 'securityId': 9140, 'symbol': 'UNLB', 'securityName': 'Unique Nepal Laghubitta Bittiya Sanstha Limited'}, {'totalQuantity': 280, 'totalOrder': 5, 'securityId': 8098, 'symbol': 'SBLD89', 'securityName': '10.75% SBL Debenture 2089'}, {'totalQuantity': 275, 'totalOrder': 5, 'securityId': 8097, 'symbol': 'PBD88', 'securityName': '10% Prime Debenture 2088'}, {'totalQuantity': 266, 'totalOrder': 5, 'securityId': 2931, 'symbol': 'NIBD84', 'securityName': '8.5% Nepal Investment Bank Debenture 2084'}, {'totalQuantity': 260, 'totalOrder': 8, 'securityId': 2885, 'symbol': 'KBLD86', 'securityName': '10.25% KBL Debenture 2086'}, {'totalQuantity': 260, 'totalOrder': 5, 'securityId': 2878, 'symbol': 'SRBLD83', 'securityName': '10.25% Sunrise Bank Debenture 2083'}, {'totalQuantity': 245, 'totalOrder': 5, 'securityId': 9264, 'symbol': 'RBBD2088', 'securityName': '7% RBBL Debenture 2088'}, {'totalQuantity': 240, 'totalOrder': 4, 'securityId': 8020, 'symbol': 'JBBD87', 'securityName': 'Jyoti Bikash Bank Bond 2087'}, {'totalQuantity': 236, 'totalOrder': 5, 'securityId': 4969, 'symbol': 'MND84/85', 'securityName': 'Muktinath Debenture 2084/85'}, {'totalQuantity': 226, 'totalOrder': 5, 'securityId': 8033, 'symbol': 'GBBD85', 'securityName': 'Garima Debenture, 2085'}, {'totalQuantity': 225, 'totalOrder': 5, 'securityId': 8003, 'symbol': 'RBBD83', 'securityName': '8.5% RBBL Debenture 2083'}, {'totalQuantity': 225, 'totalOrder': 4, 'securityId': 9255, 'symbol': 'EBLD91', 'securityName': 'Everest Bank Limited Debenture 2091'}, {'totalQuantity': 217, 'totalOrder': 5, 'securityId': 6984, 'symbol': 'PBD85', 'securityName': '8.75 % Prime Debenture 2085'}, {'totalQuantity': 200, 'totalOrder': 1, 'securityId': 2850, 'symbol': 'NMBD2085', 'securityName': '10 % NMB DEBENTURE 2085'}, {'totalQuantity': 196, 'totalOrder': 5, 'securityId': 2922, 'symbol': 'SBD87', 'securityName': '8.5% Sanima Debenture 2087'}, {'totalQuantity': 196, 'totalOrder': 5, 'securityId': 9168, 'symbol': 'GBILD84/85', 'securityName': 'Global IME Bank Debenture, 2084/85'}, {'totalQuantity': 181, 'totalOrder': 5, 'securityId': 9136, 'symbol': 'BOKD86KA', 'securityName': 'BOK Debenture 2086 ""KA""'}, {'totalQuantity': 180, 'totalOrder': 4, 'securityId': 4962, 'symbol': 'PBLD87', 'securityName': '8.5% Prabhu Bank Debenture 2087'}, {'totalQuantity': 178, 'totalOrder': 5, 'securityId': 8068, 'symbol': 'CCBD88', 'securityName': 'Century Debenture 2088'}, {'totalQuantity': 175, 'totalOrder': 5, 'securityId': 2904, 'symbol': 'PBLD84', 'securityName': '10% Prabhu Bank Debenture 2084 '}, {'totalQuantity': 165, 'totalOrder': 5, 'securityId': 634, 'symbol': 'RBCLPO', 'securityName': 'Rastriya Beema Company Limited Promoter Share'}, {'totalQuantity': 150, 'totalOrder': 2, 'securityId': 2868, 'symbol': 'NICD83/84', 'securityName': '10.25% NIC Asia Debenture 2083/84'}, {'totalQuantity': 150, 'totalOrder': 3, 'securityId': 2873, 'symbol': 'HBLD83', 'securityName': '10% Himalayan Bank Debenture 2083'}, {'totalQuantity': 146, 'totalOrder': 6, 'securityId': 213, 'symbol': 'BNT', 'securityName': 'Bottlers Nepal (Terai) Limited'}, {'totalQuantity': 131, 'totalOrder': 5, 'securityId': 2912, 'symbol': 'SBLD84', 'securityName': '8.5% SBL Debenture 2084'}, {'totalQuantity': 130, 'totalOrder': 3, 'securityId': 8116, 'symbol': 'PBD84', 'securityName': '10.15% Prime Debenture 2084'}, {'totalQuantity': 125, 'totalOrder': 2, 'securityId': 9195, 'symbol': 'MLBLD89', 'securityName': '11% Mahalaxmi Debenture 2089'}, {'totalQuantity': 100, 'totalOrder': 1, 'securityId': 9238, 'symbol': 'NABILD87', 'securityName': '9% Nabil Debenture 2087'}, {'totalQuantity': 100, 'totalOrder': 1, 'securityId': 9249, 'symbol': 'ICFCD88', 'securityName': '9% ICFC Finance Limited Debenture 2088'}, {'totalQuantity': 100, 'totalOrder': 1, 'securityId': 9289, 'symbol': 'SBID2090', 'securityName': '7% Nepal SBI Bank Debenture 2090'}, {'totalQuantity': 100, 'totalOrder': 1, 'securityId': 2932, 'symbol': 'MFLD85', 'securityName': '9.5% Manjushree Finance Limited Debenture 2085'}, {'totalQuantity': 100, 'totalOrder': 1, 'securityId': 2828, 'symbol': 'SAND2085', 'securityName': '10% Sanima Bank Limited Debenture'}, {'totalQuantity': 80, 'totalOrder': 3, 'securityId': 8043, 'symbol': 'CBLD88', 'securityName': 'Civil Bank Debenture 2088'}, {'totalQuantity': 65, 'totalOrder': 2, 'securityId': 700, 'symbol': 'HEIP', 'securityName': 'Himalayan Everest Insurance Limited Promoter'}, {'totalQuantity': 51, 'totalOrder': 2, 'securityId': 8044, 'symbol': 'EBLD86', 'securityName': 'Everest Bank Limited'}, {'totalQuantity': 50, 'totalOrder': 1, 'securityId': 9177, 'symbol': 'SCBD', 'securityName': '10.30% Standard Chartered Bank Limited Debenture'}, {'totalQuantity': 49, 'totalOrder': 2, 'securityId': 8127, 'symbol': 'KBLD89', 'securityName': '11% KBL Debenture 2089'}, {'totalQuantity': 40, 'totalOrder': 1, 'securityId': 2825, 'symbol': 'NICAD85/86', 'securityName': '10% NIC Asia Debenture 2085/86'}, {'totalQuantity': 30, 'totalOrder': 3, 'securityId': 195, 'symbol': 'BNL', 'securityName': 'Bottlers Nepal (Balaju) Limited'}, {'totalQuantity': 25, 'totalOrder': 1, 'securityId': 2879, 'symbol': 'LBLD86', 'securityName': '10% Laxmi Bank Debenture 2086'}, {'totalQuantity': 25, 'totalOrder': 1, 'securityId': 9271, 'symbol': 'SBLD2091', 'securityName': '7.25% SBL Debenture 2091'}, {'totalQuantity': 20, 'totalOrder': 2, 'securityId': 219, 'symbol': 'UNL', 'securityName': 'Unilever Nepal Limited'}, {'totalQuantity': 10, 'totalOrder': 1, 'securityId': 2875, 'symbol': 'PBLD86', 'securityName': '10.25% Prabhu Bank  Debenture 2086'}, {'totalQuantity': 10, 'totalOrder': 1, 'securityId': 2864, 'symbol': 'SBLD83', 'securityName': '10.25% SBL Debenture 2083'}, {'totalQuantity': 2, 'totalOrder': 1, 'securityId': 2883, 'symbol': 'GWFD83', 'securityName': '12 % Goodwill Finance Limited Debenture 2083'}]",7,"price_volume, live_market, summary, top_gainers, top_losers, nepse_index, supply_demand",5501
