collection_timestamp,collection_time_npt,data_source,record_id,market_open,collection_method,market_schedule,securityid,securityname,symbol,indexid,totaltradequantity,lasttradedprice,percentagechange,previousclose,closeprice,openprice,highprice,lowprice,totaltradevalue,lastupdateddatetime,lasttradedvolume,averagetradedprice,total_turnover_rs:,total_traded_shares,total_transactions,total_scrips_traded,ltp,cp,pointchange,sensitive_float_index,float_index,sensitive_index,nepse_index,supplylist,demandlist,total_endpoints_collected,endpoints_collected,github_run_number
2026-08-20T12:52:40.490442+05:45,2026-08-20 12:52:40,price_volume,price_volume_1,True,cloud_automated,Thursday - Trading Hours: 11:00 AM - 3:00 PM NPT,2790,Aarambha Chautari Laghubitta Bittiya Sanstha Limited,ACLBSL,58.0,103.0,900.0,0.0,900.0,,,,,,,,,,,,,,,,,,,,,,7,"price_volume, live_market, summary, top_gainers, top_losers, nepse_index, supply_demand",5640
2026-08-20T12:52:40.490442+05:45,2026-08-20 12:52:40,price_volume,price_volume_2,True,cloud_automated,Thursday - Trading Hours: 11:00 AM - 3:00 PM NPT,397,Agricultural Development Bank Limited,ADBL,58.0,14589.0,298.1,-0.930541708,300.9,,,,,,,,,,,,,,,,,,,,,,7,"price_volume, live_market, summary, top_gainers, top_losers, nepse_index, supply_demand",5640
2026-08-20T12:52:40.490442+05:45,2026-08-20 12:52:40,price_volume,price_volume_3,True,cloud_automated,Thursday - Trading Hours: 11:00 AM - 3:00 PM NPT,9150,Asian Hydropower Limited,AHL,58.0,240.0,402.0,0.5,400.0,,,,,,,,,,,,,,,,,,,,,,7,"price_volume, live_market, summary, top_gainers, top_losers, nepse_index, supply_demand",5640
2026-08-20T12:52:40.490442+05:45,2026-08-20 12:52:40,price_volume,price_volume_4,True,cloud_automated,Thursday - Trading Hours: 11:00 AM - 3:00 PM NPT,360,Arun Valley Hydropower Development Co. Ltd.,AHPC,58.0,14324.0,259.7,-0.115384615,260.0,,,,,,,,,,,,,,,,,,,,,,7,"price_volume, live_market, summary, top_gainers, top_losers, nepse_index, supply_demand",5640
2026-08-20T12:52:40.490442+05:45,2026-08-20 12:52:40,price_volume,price_volume_5,True,cloud_automated,Thursday - Trading Hours: 11:00 AM - 3:00 PM NPT,2788,Ankhu Khola Jalvidhyut Company Ltd,AKJCL,58.0,31546.0,352.0,0.056850483,351.8,,,,,,,,,,,,,,,,,,,,,,7,"price_volume, live_market, summary, top_gainers, top_losers, nepse_index, supply_demand",5640
2026-08-20T12:52:40.490442+05:45,2026-08-20 12:52:40,price_volume,price_volume_6,True,cloud_automated,Thursday - Trading Hours: 11:00 AM - 3:00 PM NPT,2757,Arun Kabeli Power Ltd.,AKPL,58.0,7133.0,248.0,-0.401606426,249.0,,,,,,,,,,,,,,,,,,,,,,7,"price_volume, live_market, summary, top_gainers, top_losers, nepse_index, supply_demand",5640
2026-08-20T12:52:40.490442+05:45,2026-08-20 12:52:40,price_volume,price_volume_7,True,cloud_automated,Thursday - Trading Hours: 11:00 AM - 3:00 PM NPT,2807,Asha Laghubitta Bittiya Sanstha Ltd,ALBSL,58.0,268.0,1095.0,-0.43644299,1099.8,,,,,,,,,,,,,,,,,,,,,,7,"price_volume, live_market, summary, top_gainers, top_losers, nepse_index, supply_demand",5640
2026-08-20T12:52:40.490442+05:45,2026-08-20 12:52:40,price_volume,price_volume_8,True,cloud_automated,Thursday - Trading Hours: 11:00 AM - 3:00 PM NPT,385,Asian Life Insurance Co. Limited,ALICL,58.0,7196.0,415.0,0.0,415.0,,,,,,,,,,,,,,,,,,,,,,7,"price_volume, live_market, summary, top_gainers, top_losers, nepse_index, supply_demand",5640
2026-08-20T12:52:40.490442+05:45,2026-08-20 12:52:40,price_volume,price_volume_9,True,cloud_automated,Thursday - Trading Hours: 11:00 AM - 3:00 PM NPT,9161,Aatmanirbhar Laghubitta Bittiya Sanstha Limited,ANLB,58.0,1022.0,5010.0,-1.764705882,5100.0,,,,,,,,,,,,,,,,,,,,,,7,"price_volume, live_market, summary, top_gainers, top_losers, nepse_index, supply_demand",5640
2026-08-20T12:52:40.490442+05:45,2026-08-20 12:52:40,price_volume,price_volume_10,True,cloud_automated,Thursday - Trading Hours: 11:00 AM - 3:00 PM NPT,9337,Appolo Hydropower Limited,APHL,58.0,2161.0,748.0,-0.664010624,753.0,,,,,,,,,,,,,,,,,,,,,,7,"price_volume, live_market, summary, top_gainers, top_losers, nepse_index, supply_demand",5640
2026-08-20T12:52:40.490442+05:45,2026-08-20 12:52:40,price_volume,price_volume_11,True,cloud_automated,Thursday - Trading Hours: 11:00 AM - 3:00 PM NPT,697,Api Power Company Ltd.,API,58.0,21362.0,329.0,-0.303030303,330.0,,,,,,,,,,,,,,,,,,,,,,7,"price_volume, live_market, summary, top_gainers, top_losers, nepse_index, supply_demand",5640
2026-08-20T12:52:40.490442+05:45,2026-08-20 12:52:40,price_volume,price_volume_12,True,cloud_automated,Thursday - Trading Hours: 11:00 AM - 3:00 PM NPT,8117,Aviyan Laghubitta Bittiya Sanstha Limited,AVYAN,58.0,781.0,1021.0,-1.352657005,1035.0,,,,,,,,,,,,,,,,,,,,,,7,"price_volume, live_market, summary, top_gainers, top_losers, nepse_index, supply_demand",5640
2026-08-20T12:52:40.490442+05:45,2026-08-20 12:52:40,price_volume,price_volume_13,True,cloud_automated,Thursday - Trading Hours: 11:00 AM - 3:00 PM NPT,9297,Bandipur Cablecar and Tourism Limited,BANDIPUR,58.0,6925.0,676.7,-0.791672775,682.1,,,,,,,,,,,,,,,,,,,,,,7,"price_volume, live_market, summary, top_gainers, top_losers, nepse_index, supply_demand",5640
2026-08-20T12:52:40.490442+05:45,2026-08-20 12:52:40,price_volume,price_volume_14,True,cloud_automated,Thursday - Trading Hours: 11:00 AM - 3:00 PM NPT,686,Barun Hydropower Co. Ltd.,BARUN,58.0,4556.0,313.2,-1.136363636,316.8,,,,,,,,,,,,,,,,,,,,,,7,"price_volume, live_market, summary, top_gainers, top_losers, nepse_index, supply_demand",5640
2026-08-20T12:52:40.490442+05:45,2026-08-20 12:52:40,price_volume,price_volume_15,True,cloud_automated,Thursday - Trading Hours: 11:00 AM - 3:00 PM NPT,156,Bishal Bazar Company Limited,BBC,58.0,177.0,4095.0,-1.086956522,4140.0,,,,,,,,,,,,,,,,,,,,,,7,"price_volume, live_market, summary, top_gainers, top_losers, nepse_index, supply_demand",5640
2026-08-20T12:52:40.490442+05:45,2026-08-20 12:52:40,price_volume,price_volume_16,True,cloud_automated,Thursday - Trading Hours: 11:00 AM - 3:00 PM NPT,9171,Bhugol Energy Development Company Limited,BEDC,58.0,9424.0,309.9,-0.641231164,311.9,,,,,,,,,,,,,,,,,,,,,,7,"price_volume, live_market, summary, top_gainers, top_losers, nepse_index, supply_demand",5640
2026-08-20T12:52:40.490442+05:45,2026-08-20 12:52:40,price_volume,price_volume_17,True,cloud_automated,Thursday - Trading Hours: 11:00 AM - 3:00 PM NPT,227,Best Finance Company Ltd.,BFC,58.0,1191.0,477.1,0.18899622,476.2,,,,,,,,,,,,,,,,,,,,,,7,"price_volume, live_market, summary, top_gainers, top_losers, nepse_index, supply_demand",5640
2026-08-20T12:52:40.490442+05:45,2026-08-20 12:52:40,price_volume,price_volume_18,True,cloud_automated,Thursday - Trading Hours: 11:00 AM - 3:00 PM NPT,9214,Bhagawati Hydropower Development Company Limited,BGWT,58.0,1087.0,498.0,-3.300970874,515.0,,,,,,,,,,,,,,,,,,,,,,7,"price_volume, live_market, summary, top_gainers, top_losers, nepse_index, supply_demand",5640
2026-08-20T12:52:40.490442+05:45,2026-08-20 12:52:40,price_volume,price_volume_19,True,cloud_automated,Thursday - Trading Hours: 11:00 AM - 3:00 PM NPT,9267,Bikash Hydropower Company Limited,BHCL,58.0,14430.0,553.0,-2.64084507,568.0,,,,,,,,,,,,,,,,,,,,,,7,"price_volume, live_market, summary, top_gainers, top_losers, nepse_index, supply_demand",5640
2026-08-20T12:52:40.490442+05:45,2026-08-20 12:52:40,price_volume,price_volume_20,True,cloud_automated,Thursday - Trading Hours: 11:00 AM - 3:00 PM NPT,8075,Bindhyabasini Hydropower Development Company Limited,BHDC,58.0,1212.0,422.5,-0.984298102,426.7,,,,,,,,,,,,,,,,,,,,,,7,"price_volume, live_market, summary, top_gainers, top_losers, nepse_index, supply_demand",5640
2026-08-20T12:52:40.490442+05:45,2026-08-20 12:52:40,price_volume,price_volume_21,True,cloud_automated,Thursday - Trading Hours: 11:00 AM - 3:00 PM NPT,8055,Balephi Hydropower Limited,BHL,58.0,16043.0,208.0,-0.4784689,209.0,,,,,,,,,,,,,,,,,,,,,,7,"price_volume, live_market, summary, top_gainers, top_losers, nepse_index, supply_demand",5640
2026-08-20T12:52:40.490442+05:45,2026-08-20 12:52:40,price_volume,price_volume_22,True,cloud_automated,Thursday - Trading Hours: 11:00 AM - 3:00 PM NPT,9135,Barahi Hydropower Public Limited,BHPL,58.0,1950.0,476.9,-0.104733976,477.4,,,,,,,,,,,,,,,,,,,,,,7,"price_volume, live_market, summary, top_gainers, top_losers, nepse_index, supply_demand",5640
2026-08-20T12:52:40.490442+05:45,2026-08-20 12:52:40,price_volume,price_volume_23,True,cloud_automated,Thursday - Trading Hours: 11:00 AM - 3:00 PM NPT,9322,Bhujung Hydropower Limited,BJHL,58.0,10099.0,700.0,-2.777777778,720.0,,,,,,,,,,,,,,,,,,,,,,7,"price_volume, live_market, summary, top_gainers, top_losers, nepse_index, supply_demand",5640
2026-08-20T12:52:40.490442+05:45,2026-08-20 12:52:40,price_volume,price_volume_24,True,cloud_automated,Thursday - Trading Hours: 11:00 AM - 3:00 PM NPT,8032,Buddha Bhumi Nepal Hydropower Company Limited,BNHC,58.0,4890.0,275.1,-1.75,280.0,,,,,,,,,,,,,,,,,,,,,,7,"price_volume, live_market, summary, top_gainers, top_losers, nepse_index, supply_demand",5640
2026-08-20T12:52:40.490442+05:45,2026-08-20 12:52:40,price_volume,price_volume_25,True,cloud_automated,Thursday - Trading Hours: 11:00 AM - 3:00 PM NPT,153,Butwal Power Company Limited,BPCL,58.0,416.0,637.0,-0.624024961,641.0,,,,,,,,,,,,,,,,,,,,,,7,"price_volume, live_market, summary, top_gainers, top_losers, nepse_index, supply_demand",5640
2026-08-20T12:52:40.490442+05:45,2026-08-20 12:52:40,price_volume,price_volume_26,True,cloud_automated,Thursday - Trading Hours: 11:00 AM - 3:00 PM NPT,9296,Bungal Hydro Limited,BUNGAL,58.0,4870.0,587.1,-1.822742475,598.0,,,,,,,,,,,,,,,,,,,,,,7,"price_volume, live_market, summary, top_gainers, top_losers, nepse_index, supply_demand",5640
2026-08-20T12:52:40.490442+05:45,2026-08-20 12:52:40,price_volume,price_volume_27,True,cloud_automated,Thursday - Trading Hours: 11:00 AM - 3:00 PM NPT,164,Chhimek Laghubitta Bittiya Sanstha Limited,CBBL,58.0,3981.0,939.0,0.427807487,935.0,,,,,,,,,,,,,,,,,,,,,,7,"price_volume, live_market, summary, top_gainers, top_losers, nepse_index, supply_demand",5640
2026-08-20T12:52:40.490442+05:45,2026-08-20 12:52:40,price_volume,price_volume_28,True,cloud_automated,Thursday - Trading Hours: 11:00 AM - 3:00 PM NPT,245,Central Finance Co. Ltd.,CFCL,58.0,21056.0,592.0,-1.333333333,600.0,,,,,,,,,,,,,,,,,,,,,,7,"price_volume, live_market, summary, top_gainers, top_losers, nepse_index, supply_demand",5640
2026-08-20T12:52:40.490442+05:45,2026-08-20 12:52:40,price_volume,price_volume_29,True,cloud_automated,Thursday - Trading Hours: 11:00 AM - 3:00 PM NPT,2917,Chandragiri Hills Limited,CGH,58.0,704.0,769.5,-0.064935065,770.0,,,,,,,,,,,,,,,,,,,,,,7,"price_volume, live_market, summary, top_gainers, top_losers, nepse_index, supply_demand",5640
2026-08-20T12:52:40.490442+05:45,2026-08-20 12:52:40,price_volume,price_volume_30,True,cloud_automated,Thursday - Trading Hours: 11:00 AM - 3:00 PM NPT,154,Chilime Hydropower Company Limited,CHCL,58.0,1581.0,480.0,0.208768267,479.0,,,,,,,,,,,,,,,,,,,,,,7,"price_volume, live_market, summary, top_gainers, top_losers, nepse_index, supply_demand",5640
2026-08-20T12:52:40.490442+05:45,2026-08-20 12:52:40,price_volume,price_volume_31,True,cloud_automated,Thursday - Trading Hours: 11:00 AM - 3:00 PM NPT,3946,CEDB Holdings Limited,CHDC,58.0,4873.0,2181.5,-0.022914757,2182.0,,,,,,,,,,,,,,,,,,,,,,7,"price_volume, live_market, summary, top_gainers, top_losers, nepse_index, supply_demand",5640
2026-08-20T12:52:40.490442+05:45,2026-08-20 12:52:40,price_volume,price_volume_32,True,cloud_automated,Thursday - Trading Hours: 11:00 AM - 3:00 PM NPT,2766,Chhyangdi Hydropower Ltd.,CHL,58.0,8401.0,265.0,0.952380952,262.5,,,,,,,,,,,,,,,,,,,,,,7,"price_volume, live_market, summary, top_gainers, top_losers, nepse_index, supply_demand",5640
2026-08-20T12:52:40.490442+05:45,2026-08-20 12:52:40,price_volume,price_volume_33,True,cloud_automated,Thursday - Trading Hours: 11:00 AM - 3:00 PM NPT,210,Citizen Investment Trust,CIT,58.0,1557.0,1690.0,-0.588235294,1700.0,,,,,,,,,,,,,,,,,,,,,,7,"price_volume, live_market, summary, top_gainers, top_losers, nepse_index, supply_demand",5640
2026-08-20T12:52:40.490442+05:45,2026-08-20 12:52:40,price_volume,price_volume_34,True,cloud_automated,Thursday - Trading Hours: 11:00 AM - 3:00 PM NPT,9173,City Hotel Limited,CITY,58.0,24089.0,358.0,-0.527924423,359.9,,,,,,,,,,,,,,,,,,,,,,7,"price_volume, live_market, summary, top_gainers, top_losers, nepse_index, supply_demand",5640
2026-08-20T12:52:40.490442+05:45,2026-08-20 12:52:40,price_volume,price_volume_35,True,cloud_automated,Thursday - Trading Hours: 11:00 AM - 3:00 PM NPT,9232,Chirkhwa Hydropower Limited ,CKHL,58.0,60.0,590.0,-0.840336134,595.0,,,,,,,,,,,,,,,,,,,,,,7,"price_volume, live_market, summary, top_gainers, top_losers, nepse_index, supply_demand",5640
2026-08-20T12:52:40.490442+05:45,2026-08-20 12:52:40,price_volume,price_volume_36,True,cloud_automated,Thursday - Trading Hours: 11:00 AM - 3:00 PM NPT,9209,Citizen Life Insurance Company Limited,CLI,58.0,7968.0,429.9,-1.172413793,435.0,,,,,,,,,,,,,,,,,,,,,,7,"price_volume, live_market, summary, top_gainers, top_losers, nepse_index, supply_demand",5640
2026-08-20T12:52:40.490442+05:45,2026-08-20 12:52:40,price_volume,price_volume_37,True,cloud_automated,Thursday - Trading Hours: 11:00 AM - 3:00 PM NPT,450,Corporate Development Bank Limited,CORBL,58.0,17015.0,1001.0,-2.626459144,1028.0,,,,,,,,,,,,,,,,,,,,,,7,"price_volume, live_market, summary, top_gainers, top_losers, nepse_index, supply_demand",5640
2026-08-20T12:52:40.490442+05:45,2026-08-20 12:52:40,price_volume,price_volume_38,True,cloud_automated,Thursday - Trading Hours: 11:00 AM - 3:00 PM NPT,9252,Crest Micro Life Insurance Limited,CREST,58.0,3173.0,1127.1,-2.237835025,1152.9,,,,,,,,,,,,,,,,,,,,,,7,"price_volume, live_market, summary, top_gainers, top_losers, nepse_index, supply_demand",5640
2026-08-20T12:52:40.490442+05:45,2026-08-20 12:52:40,price_volume,price_volume_39,True,cloud_automated,Thursday - Trading Hours: 11:00 AM - 3:00 PM NPT,8065,CYC Nepal Laghubitta Bittiya Sanstha Limited,CYCL,58.0,2960.0,1488.0,-0.8,1500.0,,,,,,,,,,,,,,,,,,,,,,7,"price_volume, live_market, summary, top_gainers, top_losers, nepse_index, supply_demand",5640
2026-08-20T12:52:40.490442+05:45,2026-08-20 12:52:40,price_volume,price_volume_40,True,cloud_automated,Thursday - Trading Hours: 11:00 AM - 3:00 PM NPT,348,Citizens Bank International Limited,CZBIL,58.0,2302.0,199.0,0.0,199.0,,,,,,,,,,,,,,,,,,,,,,7,"price_volume, live_market, summary, top_gainers, top_losers, nepse_index, supply_demand",5640
2026-08-20T12:52:40.490442+05:45,2026-08-20 12:52:40,price_volume,price_volume_41,True,cloud_automated,Thursday - Trading Hours: 11:00 AM - 3:00 PM NPT,166,Deprosc Laghubitta Bittiya Sanstha Limited,DDBL,58.0,500.0,838.0,-0.581326373,842.9,,,,,,,,,,,,,,,,,,,,,,7,"price_volume, live_market, summary, top_gainers, top_losers, nepse_index, supply_demand",5640
2026-08-20T12:52:40.490442+05:45,2026-08-20 12:52:40,price_volume,price_volume_42,True,cloud_automated,Thursday - Trading Hours: 11:00 AM - 3:00 PM NPT,9293,Daramkhola Hydro Energy Limited,DHEL,58.0,3973.0,575.7,-1.421232877,584.0,,,,,,,,,,,,,,,,,,,,,,7,"price_volume, live_market, summary, top_gainers, top_losers, nepse_index, supply_demand",5640
2026-08-20T12:52:40.490442+05:45,2026-08-20 12:52:40,price_volume,price_volume_43,True,cloud_automated,Thursday - Trading Hours: 11:00 AM - 3:00 PM NPT,2754,Dibyashwori Hydropower Ltd.,DHPL,58.0,235.0,278.1,-1.03202847,281.0,,,,,,,,,,,,,,,,,,,,,,7,"price_volume, live_market, summary, top_gainers, top_losers, nepse_index, supply_demand",5640
2026-08-20T12:52:40.490442+05:45,2026-08-20 12:52:40,price_volume,price_volume_44,True,cloud_automated,Thursday - Trading Hours: 11:00 AM - 3:00 PM NPT,8123,Dhaulagiri Laghubitta Bittiya Sanstha Limited,DLBS,58.0,350.0,1085.0,-1.228948566,1098.5,,,,,,,,,,,,,,,,,,,,,,7,"price_volume, live_market, summary, top_gainers, top_losers, nepse_index, supply_demand",5640
2026-08-20T12:52:40.490442+05:45,2026-08-20 12:52:40,price_volume,price_volume_45,True,cloud_automated,Thursday - Trading Hours: 11:00 AM - 3:00 PM NPT,9170,Dolti Power Company Limited,DOLTI,58.0,8156.0,307.0,-0.967741935,310.0,,,,,,,,,,,,,,,,,,,,,,7,"price_volume, live_market, summary, top_gainers, top_losers, nepse_index, supply_demand",5640
2026-08-20T12:52:40.490442+05:45,2026-08-20 12:52:40,price_volume,price_volume_46,True,cloud_automated,Thursday - Trading Hours: 11:00 AM - 3:00 PM NPT,8070,Dordi Khola Jal Bidyut Company Limited,DORDI,58.0,1333.0,247.0,-0.403225806,248.0,,,,,,,,,,,,,,,,,,,,,,7,"price_volume, live_market, summary, top_gainers, top_losers, nepse_index, supply_demand",5640
2026-08-20T12:52:40.490442+05:45,2026-08-20 12:52:40,price_volume,price_volume_47,True,cloud_automated,Thursday - Trading Hours: 11:00 AM - 3:00 PM NPT,137,Everest Bank Limited,EBL,58.0,14517.0,734.0,0.547945205,730.0,,,,,,,,,,,,,,,,,,,,,,7,"price_volume, live_market, summary, top_gainers, top_losers, nepse_index, supply_demand",5640
2026-08-20T12:52:40.490442+05:45,2026-08-20 12:52:40,price_volume,price_volume_48,True,cloud_automated,Thursday - Trading Hours: 11:00 AM - 3:00 PM NPT,9347,Everest Colour Limited,ECL,58.0,5277.0,1430.0,-0.417827298,1436.0,,,,,,,,,,,,,,,,,,,,,,7,"price_volume, live_market, summary, top_gainers, top_losers, nepse_index, supply_demand",5640
2026-08-20T12:52:40.490442+05:45,2026-08-20 12:52:40,price_volume,price_volume_49,True,cloud_automated,Thursday - Trading Hours: 11:00 AM - 3:00 PM NPT,274,Excel Development Bank Ltd.,EDBL,58.0,520.0,577.1,-1.181506849,584.0,,,,,,,,,,,,,,,,,,,,,,7,"price_volume, live_market, summary, top_gainers, top_losers, nepse_index, supply_demand",5640
2026-08-20T12:52:40.490442+05:45,2026-08-20 12:52:40,price_volume,price_volume_50,True,cloud_automated,Thursday - Trading Hours: 11:00 AM - 3:00 PM NPT,8131,Eastern Hydropower Limited,EHPL,58.0,8230.0,326.1,-2.656716418,335.0,,,,,,,,,,,,,,,,,,,,,,7,"price_volume, live_market, summary, top_gainers, top_losers, nepse_index, supply_demand",5640
2026-08-20T12:52:40.490442+05:45,2026-08-20 12:52:40,price_volume,price_volume_51,True,cloud_automated,Thursday - Trading Hours: 11:00 AM - 3:00 PM NPT,490,First Micro Finance Laghubitta Bittiya Sanstha Limited,FMDBL,58.0,4986.0,763.0,-0.883346324,769.8,,,,,,,,,,,,,,,,,,,,,,7,"price_volume, live_market, summary, top_gainers, top_losers, nepse_index, supply_demand",5640
2026-08-20T12:52:40.490442+05:45,2026-08-20 12:52:40,price_volume,price_volume_52,True,cloud_automated,Thursday - Trading Hours: 11:00 AM - 3:00 PM NPT,2758,Forward Microfinance Laghubitta Bittiya Sanstha Limited,FOWAD,58.0,733.0,920.0,-0.647948164,926.0,,,,,,,,,,,,,,,,,,,,,,7,"price_volume, live_market, summary, top_gainers, top_losers, nepse_index, supply_demand",5640
2026-08-20T12:52:40.490442+05:45,2026-08-20 12:52:40,price_volume,price_volume_53,True,cloud_automated,Thursday - Trading Hours: 11:00 AM - 3:00 PM NPT,417,Garima Bikas Bank Limited,GBBL,58.0,10199.0,423.0,0.0,423.0,,,,,,,,,,,,,,,,,,,,,,7,"price_volume, live_market, summary, top_gainers, top_losers, nepse_index, supply_demand",5640
2026-08-20T12:52:40.490442+05:45,2026-08-20 12:52:40,price_volume,price_volume_54,True,cloud_automated,Thursday - Trading Hours: 11:00 AM - 3:00 PM NPT,341,Global IME Bank Limited,GBIME,58.0,11713.0,248.0,0.040338846,247.9,,,,,,,,,,,,,,,,,,,,,,7,"price_volume, live_market, summary, top_gainers, top_losers, nepse_index, supply_demand",5640
2026-08-20T12:52:40.490442+05:45,2026-08-20 12:52:40,price_volume,price_volume_55,True,cloud_automated,Thursday - Trading Hours: 11:00 AM - 3:00 PM NPT,583,Grameen Bikas Laghubitta Bittiya Sanstha Ltd.,GBLBS,58.0,874.0,690.0,-1.779359431,702.5,,,,,,,,,,,,,,,,,,,,,,7,"price_volume, live_market, summary, top_gainers, top_losers, nepse_index, supply_demand",5640
2026-08-20T12:52:40.490442+05:45,2026-08-20 12:52:40,price_volume,price_volume_56,True,cloud_automated,Thursday - Trading Hours: 11:00 AM - 3:00 PM NPT,9193,Ghorahi Cement Industry Limited,GCIL,58.0,1662.0,339.2,-0.81871345,342.0,,,,,,,,,,,,,,,,,,,,,,7,"price_volume, live_market, summary, top_gainers, top_losers, nepse_index, supply_demand",5640
2026-08-20T12:52:40.490442+05:45,2026-08-20 12:52:40,price_volume,price_volume_57,True,cloud_automated,Thursday - Trading Hours: 11:00 AM - 3:00 PM NPT,232,Goodwill Finance Limited,GFCL,58.0,1922.0,590.0,-0.253592561,591.5,,,,,,,,,,,,,,,,,,,,,,7,"price_volume, live_market, summary, top_gainers, top_losers, nepse_index, supply_demand",5640
2026-08-20T12:52:40.490442+05:45,2026-08-20 12:52:40,price_volume,price_volume_58,True,cloud_automated,Thursday - Trading Hours: 11:00 AM - 3:00 PM NPT,2806,Ghalemdi Hydro Limited,GHL,58.0,32945.0,234.0,-2.092050209,239.0,,,,,,,,,,,,,,,,,,,,,,7,"price_volume, live_market, summary, top_gainers, top_losers, nepse_index, supply_demand",5640
2026-08-20T12:52:40.490442+05:45,2026-08-20 12:52:40,price_volume,price_volume_59,True,cloud_automated,Thursday - Trading Hours: 11:00 AM - 3:00 PM NPT,705,Global IME Laghubitta Bittiya Sanstha Ltd.,GILB,58.0,280.0,1101.1,0.437836359,1096.3,,,,,,,,,,,,,,,,,,,,,,7,"price_volume, live_market, summary, top_gainers, top_losers, nepse_index, supply_demand",5640
2026-08-20T12:52:40.490442+05:45,2026-08-20 12:52:40,price_volume,price_volume_60,True,cloud_automated,Thursday - Trading Hours: 11:00 AM - 3:00 PM NPT,2826,Gurans Laghubitta Bittiya Sanstha Limited,GLBSL,58.0,303.0,1701.0,-2.353616533,1742.0,,,,,,,,,,,,,,,,,,,,,,7,"price_volume, live_market, summary, top_gainers, top_losers, nepse_index, supply_demand",5640
2026-08-20T12:52:40.490442+05:45,2026-08-20 12:52:40,price_volume,price_volume_61,True,cloud_automated,Thursday - Trading Hours: 11:00 AM - 3:00 PM NPT,2924,GreenLife Hydropower Limited,GLH,58.0,2122.0,252.1,-0.237435694,252.7,,,,,,,,,,,,,,,,,,,,,,7,"price_volume, live_market, summary, top_gainers, top_losers, nepse_index, supply_demand",5640
2026-08-20T12:52:40.490442+05:45,2026-08-20 12:52:40,price_volume,price_volume_62,True,cloud_automated,Thursday - Trading Hours: 11:00 AM - 3:00 PM NPT,2815,Ganapati Laghubitta Bittiya Sanstha Limited,GMFBS,58.0,10.0,1150.0,-1.709401709,1170.0,,,,,,,,,,,,,,,,,,,,,,7,"price_volume, live_market, summary, top_gainers, top_losers, nepse_index, supply_demand",5640
2026-08-20T12:52:40.490442+05:45,2026-08-20 12:52:40,price_volume,price_volume_63,True,cloud_automated,Thursday - Trading Hours: 11:00 AM - 3:00 PM NPT,263,Guheshowori Merchant Bank & Finance Co. Ltd.,GMFIL,58.0,1846.0,442.1,-1.51481399,448.9,,,,,,,,,,,,,,,,,,,,,,7,"price_volume, live_market, summary, top_gainers, top_losers, nepse_index, supply_demand",5640
2026-08-20T12:52:40.490442+05:45,2026-08-20 12:52:40,price_volume,price_volume_64,True,cloud_automated,Thursday - Trading Hours: 11:00 AM - 3:00 PM NPT,9246,Guardian Micro Life Insurance Limited ,GMLI,58.0,316.0,1054.7,-0.123106061,1056.0,,,,,,,,,,,,,,,,,,,,,,7,"price_volume, live_market, summary, top_gainers, top_losers, nepse_index, supply_demand",5640
2026-08-20T12:52:40.490442+05:45,2026-08-20 12:52:40,price_volume,price_volume_65,True,cloud_automated,Thursday - Trading Hours: 11:00 AM - 3:00 PM NPT,2744,Green Development Bank Ltd.,GRDBL,58.0,7715.0,976.0,-3.747534517,1014.0,,,,,,,,,,,,,,,,,,,,,,7,"price_volume, live_market, summary, top_gainers, top_losers, nepse_index, supply_demand",5640
2026-08-20T12:52:40.490442+05:45,2026-08-20 12:52:40,price_volume,price_volume_66,True,cloud_automated,Thursday - Trading Hours: 11:00 AM - 3:00 PM NPT,204,Gurkhas Finance Ltd.,GUFL,58.0,6037.0,528.0,-1.492537313,536.0,,,,,,,,,,,,,,,,,,,,,,7,"price_volume, live_market, summary, top_gainers, top_losers, nepse_index, supply_demand",5640
2026-08-20T12:52:40.490442+05:45,2026-08-20 12:52:40,price_volume,price_volume_67,True,cloud_automated,Thursday - Trading Hours: 11:00 AM - 3:00 PM NPT,8045,Green Ventures Limited,GVL,58.0,1205.0,473.9,0.402542373,472.0,,,,,,,,,,,,,,,,,,,,,,7,"price_volume, live_market, summary, top_gainers, top_losers, nepse_index, supply_demand",5640
2026-08-20T12:52:40.490442+05:45,2026-08-20 12:52:40,price_volume,price_volume_68,True,cloud_automated,Thursday - Trading Hours: 11:00 AM - 3:00 PM NPT,9213,Hathway Investment Nepal Limited,HATHY,58.0,8801.0,593.0,-1.690981432,603.2,,,,,,,,,,,,,,,,,,,,,,7,"price_volume, live_market, summary, top_gainers, top_losers, nepse_index, supply_demand",5640
2026-08-20T12:52:40.490442+05:45,2026-08-20 12:52:40,price_volume,price_volume_69,True,cloud_automated,Thursday - Trading Hours: 11:00 AM - 3:00 PM NPT,134,Himalayan Bank Limited,HBL,58.0,6278.0,190.1,-0.731070496,191.5,,,,,,,,,,,,,,,,,,,,,,7,"price_volume, live_market, summary, top_gainers, top_losers, nepse_index, supply_demand",5640
2026-08-20T12:52:40.490442+05:45,2026-08-20 12:52:40,price_volume,price_volume_70,True,cloud_automated,Thursday - Trading Hours: 11:00 AM - 3:00 PM NPT,2880,Himal Dolakha Hydropower Company Limited,HDHPC,58.0,29548.0,207.0,-0.432900433,207.9,,,,,,,,,,,,,,,,,,,,,,7,"price_volume, live_market, summary, top_gainers, top_losers, nepse_index, supply_demand",5640
2026-08-20T12:52:40.490442+05:45,2026-08-20 12:52:40,price_volume,price_volume_71,True,cloud_automated,Thursday - Trading Hours: 11:00 AM - 3:00 PM NPT,235,Himalayan Distillery Limited,HDL,58.0,3584.0,1178.0,-0.016975047,1178.2,,,,,,,,,,,,,,,,,,,,,,7,"price_volume, live_market, summary, top_gainers, top_losers, nepse_index, supply_demand",5640
2026-08-20T12:52:40.490442+05:45,2026-08-20 12:52:40,price_volume,price_volume_72,True,cloud_automated,Thursday - Trading Hours: 11:00 AM - 3:00 PM NPT,179,Himalayan Everest Insurance Limited,HEI,58.0,12652.0,529.0,0.0,529.0,,,,,,,,,,,,,,,,,,,,,,7,"price_volume, live_market, summary, top_gainers, top_losers, nepse_index, supply_demand",5640
2026-08-20T12:52:40.490442+05:45,2026-08-20 12:52:40,price_volume,price_volume_73,True,cloud_automated,Thursday - Trading Hours: 11:00 AM - 3:00 PM NPT,9308,Hotel Forest Inn Limited,HFIN,58.0,5766.0,671.3,-1.148579002,679.1,,,,,,,,,,,,,,,,,,,,,,7,"price_volume, live_market, summary, top_gainers, top_losers, nepse_index, supply_demand",5640
2026-08-20T12:52:40.490442+05:45,2026-08-20 12:52:40,price_volume,price_volume_74,True,cloud_automated,Thursday - Trading Hours: 11:00 AM - 3:00 PM NPT,8076,Himalayan Hydropower Limited,HHL,58.0,3550.0,328.1,-1.174698795,332.0,,,,,,,,,,,,,,,,,,,,,,7,"price_volume, live_market, summary, top_gainers, top_losers, nepse_index, supply_demand",5640
2026-08-20T12:52:40.490442+05:45,2026-08-20 12:52:40,price_volume,price_volume_75,True,cloud_automated,Thursday - Trading Hours: 11:00 AM - 3:00 PM NPT,2742,Hydorelectricity Investment and Development Company Ltd,HIDCL,58.0,5351.0,251.9,0.358565737,251.0,,,,,,,,,,,,,,,,,,,,,,7,"price_volume, live_market, summary, top_gainers, top_losers, nepse_index, supply_demand",5640
2026-08-20T12:52:40.490442+05:45,2026-08-20 12:52:40,price_volume,price_volume_76,True,cloud_automated,Thursday - Trading Hours: 11:00 AM - 3:00 PM NPT,9270,Him Star Urja Company Limited,HIMSTAR,58.0,155.0,683.0,-0.495337995,686.4,,,,,,,,,,,,,,,,,,,,,,7,"price_volume, live_market, summary, top_gainers, top_losers, nepse_index, supply_demand",5640
2026-08-20T12:52:40.490442+05:45,2026-08-20 12:52:40,price_volume,price_volume_77,True,cloud_automated,Thursday - Trading Hours: 11:00 AM - 3:00 PM NPT,693,Himalayan Laghubitta Bittiya Sanstha Limited,HLBSL,58.0,760.0,865.0,-1.142857143,875.0,,,,,,,,,,,,,,,,,,,,,,7,"price_volume, live_market, summary, top_gainers, top_losers, nepse_index, supply_demand",5640
2026-08-20T12:52:40.490442+05:45,2026-08-20 12:52:40,price_volume,price_volume_78,True,cloud_automated,Thursday - Trading Hours: 11:00 AM - 3:00 PM NPT,393,Himalayan Life Insurance Limited,HLI,58.0,7584.0,313.6,-0.444444444,315.0,,,,,,,,,,,,,,,,,,,,,,7,"price_volume, live_market, summary, top_gainers, top_losers, nepse_index, supply_demand",5640
2026-08-20T12:52:40.490442+05:45,2026-08-20 12:52:40,price_volume,price_volume_79,True,cloud_automated,Thursday - Trading Hours: 11:00 AM - 3:00 PM NPT,2767,Himalayan Power Partner Ltd.,HPPL,58.0,27921.0,375.0,-2.088772846,383.0,,,,,,,,,,,,,,,,,,,,,,7,"price_volume, live_market, summary, top_gainers, top_losers, nepse_index, supply_demand",5640
2026-08-20T12:52:40.490442+05:45,2026-08-20 12:52:40,price_volume,price_volume_80,True,cloud_automated,Thursday - Trading Hours: 11:00 AM - 3:00 PM NPT,9234,Himalayan Reinsurance Limited,HRL,58.0,15670.0,573.9,-0.1565762,574.8,,,,,,,,,,,,,,,,,,,,,,7,"price_volume, live_market, summary, top_gainers, top_losers, nepse_index, supply_demand",5640
2026-08-20T12:52:40.490442+05:45,2026-08-20 12:52:40,price_volume,price_volume_81,True,cloud_automated,Thursday - Trading Hours: 11:00 AM - 3:00 PM NPT,2824,Himalaya Urja Bikas Company Limited,HURJA,58.0,9714.0,235.0,-0.212314225,235.5,,,,,,,,,,,,,,,,,,,,,,7,"price_volume, live_market, summary, top_gainers, top_losers, nepse_index, supply_demand",5640
2026-08-20T12:52:40.490442+05:45,2026-08-20 12:52:40,price_volume,price_volume_82,True,cloud_automated,Thursday - Trading Hours: 11:00 AM - 3:00 PM NPT,273,ICFC Finance Limited,ICFC,58.0,2562.0,591.0,-0.337268128,593.0,,,,,,,,,,,,,,,,,,,,,,7,"price_volume, live_market, summary, top_gainers, top_losers, nepse_index, supply_demand",5640
2026-08-20T12:52:40.490442+05:45,2026-08-20 12:52:40,price_volume,price_volume_83,True,cloud_automated,Thursday - Trading Hours: 11:00 AM - 3:00 PM NPT,186,IGI Prudential insurance Limited,IGI,58.0,90.0,427.0,0.470588235,425.0,,,,,,,,,,,,,,,,,,,,,,7,"price_volume, live_market, summary, top_gainers, top_losers, nepse_index, supply_demand",5640
2026-08-20T12:52:40.490442+05:45,2026-08-20 12:52:40,price_volume,price_volume_84,True,cloud_automated,Thursday - Trading Hours: 11:00 AM - 3:00 PM NPT,9176,Ingwa Hydropower Limited,IHL,58.0,2379.0,325.0,0.463678516,323.5,,,,,,,,,,,,,,,,,,,,,,7,"price_volume, live_market, summary, top_gainers, top_losers, nepse_index, supply_demand",5640
2026-08-20T12:52:40.490442+05:45,2026-08-20 12:52:40,price_volume,price_volume_85,True,cloud_automated,Thursday - Trading Hours: 11:00 AM - 3:00 PM NPT,2832,Infinity Laghubitta Bittiya Sanstha Limited,ILBS,58.0,80.0,846.1,-1.61627907,860.0,,,,,,,,,,,,,,,,,,,,,,7,"price_volume, live_market, summary, top_gainers, top_losers, nepse_index, supply_demand",5640
2026-08-20T12:52:40.490442+05:45,2026-08-20 12:52:40,price_volume,price_volume_86,True,cloud_automated,Thursday - Trading Hours: 11:00 AM - 3:00 PM NPT,9184,IME Life Insurance Company Limited,ILI,58.0,2020.0,414.0,0.242130751,413.0,,,,,,,,,,,,,,,,,,,,,,7,"price_volume, live_market, summary, top_gainers, top_losers, nepse_index, supply_demand",5640
2026-08-20T12:52:40.490442+05:45,2026-08-20 12:52:40,price_volume,price_volume_87,True,cloud_automated,Thursday - Trading Hours: 11:00 AM - 3:00 PM NPT,418,Jyoti Bikas Bank Limited,JBBL,58.0,5732.0,334.0,-0.059844405,334.2,,,,,,,,,,,,,,,,,,,,,,7,"price_volume, live_market, summary, top_gainers, top_losers, nepse_index, supply_demand",5640
2026-08-20T12:52:40.490442+05:45,2026-08-20 12:52:40,price_volume,price_volume_88,True,cloud_automated,Thursday - Trading Hours: 11:00 AM - 3:00 PM NPT,4951,Jeevan Bikas Laghubitta  Bittya Sanstha Ltd,JBLB,58.0,489.0,1269.9,-0.259189444,1273.2,,,,,,,,,,,,,,,,,,,,,,7,"price_volume, live_market, summary, top_gainers, top_losers, nepse_index, supply_demand",5640
2026-08-20T12:52:40.490442+05:45,2026-08-20 12:52:40,price_volume,price_volume_89,True,cloud_automated,Thursday - Trading Hours: 11:00 AM - 3:00 PM NPT,250,Janaki Finance Company Limited,JFL,58.0,1001.0,380.0,-0.44537595,381.7,,,,,,,,,,,,,,,,,,,,,,7,"price_volume, live_market, summary, top_gainers, top_losers, nepse_index, supply_demand",5640
2026-08-20T12:52:40.490442+05:45,2026-08-20 12:52:40,price_volume,price_volume_90,True,cloud_automated,Thursday - Trading Hours: 11:00 AM - 3:00 PM NPT,9300,Jhapa Energy Limited,JHAPA,58.0,947.0,1035.0,-0.956937799,1045.0,,,,,,,,,,,,,,,,,,,,,,7,"price_volume, live_market, summary, top_gainers, top_losers, nepse_index, supply_demand",5640
2026-08-20T12:52:40.490442+05:45,2026-08-20 12:52:40,price_volume,price_volume_91,True,cloud_automated,Thursday - Trading Hours: 11:00 AM - 3:00 PM NPT,2789,Joshi Hydropower Development Company Ltd,JOSHI,58.0,2388.0,267.0,-2.197802198,273.0,,,,,,,,,,,,,,,,,,,,,,7,"price_volume, live_market, summary, top_gainers, top_losers, nepse_index, supply_demand",5640
2026-08-20T12:52:40.490442+05:45,2026-08-20 12:52:40,price_volume,price_volume_92,True,cloud_automated,Thursday - Trading Hours: 11:00 AM - 3:00 PM NPT,9346,Kalanga Hydro Limited,KAHL,58.0,11932.0,539.0,-2.0,550.0,,,,,,,,,,,,,,,,,,,,,,7,"price_volume, live_market, summary, top_gainers, top_losers, nepse_index, supply_demand",5640
2026-08-20T12:52:40.490442+05:45,2026-08-20 12:52:40,price_volume,price_volume_93,True,cloud_automated,Thursday - Trading Hours: 11:00 AM - 3:00 PM NPT,142,Kumari Bank Limited,KBL,58.0,34016.0,214.0,-0.046707146,214.1,,,,,,,,,,,,,,,,,,,,,,7,"price_volume, live_market, summary, top_gainers, top_losers, nepse_index, supply_demand",5640
2026-08-20T12:52:40.490442+05:45,2026-08-20 12:52:40,price_volume,price_volume_94,True,cloud_automated,Thursday - Trading Hours: 11:00 AM - 3:00 PM NPT,9196,Kutheli Bukhari Small Hydropower Limited,KBSH,58.0,1419.0,925.0,-1.280683031,937.0,,,,,,,,,,,,,,,,,,,,,,7,"price_volume, live_market, summary, top_gainers, top_losers, nepse_index, supply_demand",5640
2026-08-20T12:52:40.490442+05:45,2026-08-20 12:52:40,price_volume,price_volume_95,True,cloud_automated,Thursday - Trading Hours: 11:00 AM - 3:00 PM NPT,9151,Kalinchowk Darshan Limited,KDL,58.0,655.0,762.0,-1.930501931,777.0,,,,,,,,,,,,,,,,,,,,,,7,"price_volume, live_market, summary, top_gainers, top_losers, nepse_index, supply_demand",5640
2026-08-20T12:52:40.490442+05:45,2026-08-20 12:52:40,price_volume,price_volume_96,True,cloud_automated,Thursday - Trading Hours: 11:00 AM - 3:00 PM NPT,9334,Kalinchock Hydropower Limited,KHPL,58.0,2456.0,776.0,-1.146496815,785.0,,,,,,,,,,,,,,,,,,,,,,7,"price_volume, live_market, summary, top_gainers, top_losers, nepse_index, supply_demand",5640
2026-08-20T12:52:40.490442+05:45,2026-08-20 12:52:40,price_volume,price_volume_97,True,cloud_automated,Thursday - Trading Hours: 11:00 AM - 3:00 PM NPT,2751,Khanikhola Hydropower Co. Ltd.,KKHC,58.0,94693.0,283.5,-4.384485666,296.5,,,,,,,,,,,,,,,,,,,,,,7,"price_volume, live_market, summary, top_gainers, top_losers, nepse_index, supply_demand",5640
2026-08-20T12:52:40.490442+05:45,2026-08-20 12:52:40,price_volume,price_volume_98,True,cloud_automated,Thursday - Trading Hours: 11:00 AM - 3:00 PM NPT,593,Kalika Laghubitta Bittiya Sanstha Ltd,KMCDB,58.0,40.0,774.0,-1.401273885,785.0,,,,,,,,,,,,,,,,,,,,,,7,"price_volume, live_market, summary, top_gainers, top_losers, nepse_index, supply_demand",5640
2026-08-20T12:52:40.490442+05:45,2026-08-20 12:52:40,price_volume,price_volume_99,True,cloud_automated,Thursday - Trading Hours: 11:00 AM - 3:00 PM NPT,2787,Kalika power Company Ltd,KPCL,58.0,932.0,460.0,-0.21691974,461.0,,,,,,,,,,,,,,,,,,,,,,7,"price_volume, live_market, summary, top_gainers, top_losers, nepse_index, supply_demand",5640
2026-08-20T12:52:40.490442+05:45,2026-08-20 12:52:40,price_volume,price_volume_100,True,cloud_automated,Thursday - Trading Hours: 11:00 AM - 3:00 PM NPT,459,Kamana Sewa Bikas Bank Limited,KSBBL,58.0,6230.0,479.0,0.0,479.0,,,,,,,,,,,,,,,,,,,,,,7,"price_volume, live_market, summary, top_gainers, top_losers, nepse_index, supply_demand",5640
2026-08-20T12:52:40.490442+05:45,2026-08-20 12:52:40,price_volume,price_volume_101,True,cloud_automated,Thursday - Trading Hours: 11:00 AM - 3:00 PM NPT,358,Lumbini Bikas Bank Ltd.,LBBL,58.0,5274.0,476.9,-0.645833333,480.0,,,,,,,,,,,,,,,,,,,,,,7,"price_volume, live_market, summary, top_gainers, top_losers, nepse_index, supply_demand",5640
2026-08-20T12:52:40.490442+05:45,2026-08-20 12:52:40,price_volume,price_volume_102,True,cloud_automated,Thursday - Trading Hours: 11:00 AM - 3:00 PM NPT,2903,Liberty Energy Company Limited,LEC,58.0,37580.0,220.9,0.0,220.9,,,,,,,,,,,,,,,,,,,,,,7,"price_volume, live_market, summary, top_gainers, top_losers, nepse_index, supply_demand",5640
2026-08-20T12:52:40.490442+05:45,2026-08-20 12:52:40,price_volume,price_volume_103,True,cloud_automated,Thursday - Trading Hours: 11:00 AM - 3:00 PM NPT,188,Life Insurance Corporation (Nepal) Limited,LICN,58.0,1594.0,764.5,-1.227390181,774.0,,,,,,,,,,,,,,,,,,,,,,7,"price_volume, live_market, summary, top_gainers, top_losers, nepse_index, supply_demand",5640
2026-08-20T12:52:40.490442+05:45,2026-08-20 12:52:40,price_volume,price_volume_104,True,cloud_automated,Thursday - Trading Hours: 11:00 AM - 3:00 PM NPT,618,Laxmi Laghubitta Bittiya Sanstha Ltd.,LLBS,58.0,300.0,851.0,-1.287553648,862.1,,,,,,,,,,,,,,,,,,,,,,7,"price_volume, live_market, summary, top_gainers, top_losers, nepse_index, supply_demand",5640
2026-08-20T12:52:40.490442+05:45,2026-08-20 12:52:40,price_volume,price_volume_105,True,cloud_automated,Thursday - Trading Hours: 11:00 AM - 3:00 PM NPT,141,Laxmi Sunrise Bank Limited,LSL,58.0,31214.0,219.0,0.504818724,217.9,,,,,,,,,,,,,,,,,,,,,,7,"price_volume, live_market, summary, top_gainers, top_losers, nepse_index, supply_demand",5640
2026-08-20T12:52:40.490442+05:45,2026-08-20 12:52:40,price_volume,price_volume_106,True,cloud_automated,Thursday - Trading Hours: 11:00 AM - 3:00 PM NPT,9287,Mabilung Energy Limited,MABEL,58.0,2355.0,590.6,-2.218543046,604.0,,,,,,,,,,,,,,,,,,,,,,7,"price_volume, live_market, summary, top_gainers, top_losers, nepse_index, supply_demand",5640
2026-08-20T12:52:40.490442+05:45,2026-08-20 12:52:40,price_volume,price_volume_107,True,cloud_automated,Thursday - Trading Hours: 11:00 AM - 3:00 PM NPT,9166,Makar Jitumaya Suri Hydropower Limited,MAKAR,58.0,6190.0,413.0,1.499139838,406.9,,,,,,,,,,,,,,,,,,,,,,7,"price_volume, live_market, summary, top_gainers, top_losers, nepse_index, supply_demand",5640
2026-08-20T12:52:40.490442+05:45,2026-08-20 12:52:40,price_volume,price_volume_108,True,cloud_automated,Thursday - Trading Hours: 11:00 AM - 3:00 PM NPT,9212,Mandu Hydropower Limited,MANDU,58.0,4535.0,822.0,2.621722846,801.0,,,,,,,,,,,,,,,,,,,,,,7,"price_volume, live_market, summary, top_gainers, top_losers, nepse_index, supply_demand",5640
2026-08-20T12:52:40.490442+05:45,2026-08-20 12:52:40,price_volume,price_volume_109,True,cloud_automated,Thursday - Trading Hours: 11:00 AM - 3:00 PM NPT,694,Matribhumi Lagubitta Bittiya Sanstha Limited,MATRI,58.0,211.0,785.0,-2.119700748,802.0,,,,,,,,,,,,,,,,,,,,,,7,"price_volume, live_market, summary, top_gainers, top_losers, nepse_index, supply_demand",5640
2026-08-20T12:52:40.490442+05:45,2026-08-20 12:52:40,price_volume,price_volume_110,True,cloud_automated,Thursday - Trading Hours: 11:00 AM - 3:00 PM NPT,8031,Madhya Bhotekoshi Jalavidyut Company Limited,MBJC,58.0,1762.0,263.0,-0.378787879,264.0,,,,,,,,,,,,,,,,,,,,,,7,"price_volume, live_market, summary, top_gainers, top_losers, nepse_index, supply_demand",5640
2026-08-20T12:52:40.490442+05:45,2026-08-20 12:52:40,price_volume,price_volume_111,True,cloud_automated,Thursday - Trading Hours: 11:00 AM - 3:00 PM NPT,140,Machhapuchhre Bank Limited,MBL,58.0,64032.0,248.7,0.120772947,248.4,,,,,,,,,,,,,,,,,,,,,,7,"price_volume, live_market, summary, top_gainers, top_losers, nepse_index, supply_demand",5640
2026-08-20T12:52:40.490442+05:45,2026-08-20 12:52:40,price_volume,price_volume_112,True,cloud_automated,Thursday - Trading Hours: 11:00 AM - 3:00 PM NPT,9175,Menchhiyam Hydropower Limited,MCHL,58.0,30.0,276.0,-2.127659574,282.0,,,,,,,,,,,,,,,,,,,,,,7,"price_volume, live_market, summary, top_gainers, top_losers, nepse_index, supply_demand",5640
2026-08-20T12:52:40.490442+05:45,2026-08-20 12:52:40,price_volume,price_volume_113,True,cloud_automated,Thursday - Trading Hours: 11:00 AM - 3:00 PM NPT,371,Miteri Development Bank Limited,MDB,58.0,2021.0,567.5,-0.525854514,570.5,,,,,,,,,,,,,,,,,,,,,,7,"price_volume, live_market, summary, top_gainers, top_losers, nepse_index, supply_demand",5640
2026-08-20T12:52:40.490442+05:45,2026-08-20 12:52:40,price_volume,price_volume_114,True,cloud_automated,Thursday - Trading Hours: 11:00 AM - 3:00 PM NPT,9203,Manakamana Engineering Hydropower Limited,MEHL,58.0,60656.0,252.0,-2.702702703,259.0,,,,,,,,,,,,,,,,,,,,,,7,"price_volume, live_market, summary, top_gainers, top_losers, nepse_index, supply_demand",5640
2026-08-20T12:52:40.490442+05:45,2026-08-20 12:52:40,price_volume,price_volume_115,True,cloud_automated,Thursday - Trading Hours: 11:00 AM - 3:00 PM NPT,9179,Modi Energy Limited,MEL,58.0,1486.0,205.3,-0.291403594,205.9,,,,,,,,,,,,,,,,,,,,,,7,"price_volume, live_market, summary, top_gainers, top_losers, nepse_index, supply_demand",5640
2026-08-20T12:52:40.490442+05:45,2026-08-20 12:52:40,price_volume,price_volume_116,True,cloud_automated,Thursday - Trading Hours: 11:00 AM - 3:00 PM NPT,2913,Mountain Energy Nepal Limited,MEN,58.0,39769.0,627.7,0.127612059,626.9,,,,,,,,,,,,,,,,,,,,,,7,"price_volume, live_market, summary, top_gainers, top_losers, nepse_index, supply_demand",5640
2026-08-20T12:52:40.490442+05:45,2026-08-20 12:52:40,price_volume,price_volume_117,True,cloud_automated,Thursday - Trading Hours: 11:00 AM - 3:00 PM NPT,9352,Mount Everest Power Development Limited,MEPDL,58.0,24670.0,797.6,14.994232987,693.6,,,,,,,,,,,,,,,,,,,,,,7,"price_volume, live_market, summary, top_gainers, top_losers, nepse_index, supply_demand",5640
2026-08-20T12:52:40.490442+05:45,2026-08-20 12:52:40,price_volume,price_volume_118,True,cloud_automated,Thursday - Trading Hours: 11:00 AM - 3:00 PM NPT,1741,Mero Microfinance Bittiya Sanstha Ltd.,MERO,58.0,813.0,641.1,-0.758513932,646.0,,,,,,,,,,,,,,,,,,,,,,7,"price_volume, live_market, summary, top_gainers, top_losers, nepse_index, supply_demand",5640
2026-08-20T12:52:40.490442+05:45,2026-08-20 12:52:40,price_volume,price_volume_119,True,cloud_automated,Thursday - Trading Hours: 11:00 AM - 3:00 PM NPT,516,Manjushree Finance Ltd.,MFIL,58.0,6066.0,746.0,-0.254044658,747.9,,,,,,,,,,,,,,,,,,,,,,7,"price_volume, live_market, summary, top_gainers, top_losers, nepse_index, supply_demand",5640
2026-08-20T12:52:40.490442+05:45,2026-08-20 12:52:40,price_volume,price_volume_120,True,cloud_automated,Thursday - Trading Hours: 11:00 AM - 3:00 PM NPT,9158,Molung Hydropower Company Limited,MHCL,58.0,431.0,298.2,-1.649076517,303.2,,,,,,,,,,,,,,,,,,,,,,7,"price_volume, live_market, summary, top_gainers, top_losers, nepse_index, supply_demand",5640
2026-08-20T12:52:40.490442+05:45,2026-08-20 12:52:40,price_volume,price_volume_121,True,cloud_automated,Thursday - Trading Hours: 11:00 AM - 3:00 PM NPT,8102,Mandakini Hydropower Limited,MHL,58.0,218.0,459.1,-1.268817204,465.0,,,,,,,,,,,,,,,,,,,,,,7,"price_volume, live_market, summary, top_gainers, top_losers, nepse_index, supply_demand",5640
2026-08-20T12:52:40.490442+05:45,2026-08-20 12:52:40,price_volume,price_volume_122,True,cloud_automated,Thursday - Trading Hours: 11:00 AM - 3:00 PM NPT,2811,Mountain Hydro Nepal Limited,MHNL,58.0,4965.0,240.1,-0.948844884,242.4,,,,,,,,,,,,,,,,,,,,,,7,"price_volume, live_market, summary, top_gainers, top_losers, nepse_index, supply_demand",5640
2026-08-20T12:52:40.490442+05:45,2026-08-20 12:52:40,price_volume,price_volume_123,True,cloud_automated,Thursday - Trading Hours: 11:00 AM - 3:00 PM NPT,9230,Muktinath Krishi Company Limited,MKCL,58.0,260.0,971.0,-0.41025641,975.0,,,,,,,,,,,,,,,,,,,,,,7,"price_volume, live_market, summary, top_gainers, top_losers, nepse_index, supply_demand",5640
2026-08-20T12:52:40.490442+05:45,2026-08-20 12:52:40,price_volume,price_volume_124,True,cloud_automated,Thursday - Trading Hours: 11:00 AM - 3:00 PM NPT,9149,Maya Khola Hydropower Company Limited,MKHC,58.0,3730.0,262.0,0.383141762,261.0,,,,,,,,,,,,,,,,,,,,,,7,"price_volume, live_market, summary, top_gainers, top_losers, nepse_index, supply_demand",5640
2026-08-20T12:52:40.490442+05:45,2026-08-20 12:52:40,price_volume,price_volume_125,True,cloud_automated,Thursday - Trading Hours: 11:00 AM - 3:00 PM NPT,9167,Mai Khola Hydropower Limited,MKHL,58.0,2613.0,493.0,-0.624874017,496.1,,,,,,,,,,,,,,,,,,,,,,7,"price_volume, live_market, summary, top_gainers, top_losers, nepse_index, supply_demand",5640
2026-08-20T12:52:40.490442+05:45,2026-08-20 12:52:40,price_volume,price_volume_126,True,cloud_automated,Thursday - Trading Hours: 11:00 AM - 3:00 PM NPT,8005,Mailung Khola Jal Vidhyut Company Limited,MKJC,58.0,3820.0,430.0,-2.272727273,440.0,,,,,,,,,,,,,,,,,,,,,,7,"price_volume, live_market, summary, top_gainers, top_losers, nepse_index, supply_demand",5640
2026-08-20T12:52:40.490442+05:45,2026-08-20 12:52:40,price_volume,price_volume_127,True,cloud_automated,Thursday - Trading Hours: 11:00 AM - 3:00 PM NPT,601,Mithila LaghuBitta Bittiya Sanstha Limited,MLBBL,58.0,816.0,1012.0,-1.738032819,1029.9,,,,,,,,,,,,,,,,,,,,,,7,"price_volume, live_market, summary, top_gainers, top_losers, nepse_index, supply_demand",5640
2026-08-20T12:52:40.490442+05:45,2026-08-20 12:52:40,price_volume,price_volume_128,True,cloud_automated,Thursday - Trading Hours: 11:00 AM - 3:00 PM NPT,401,Mahalaxmi Bikas Bank Ltd.,MLBL,58.0,1281.0,348.9,0.25862069,348.0,,,,,,,,,,,,,,,,,,,,,,7,"price_volume, live_market, summary, top_gainers, top_losers, nepse_index, supply_demand",5640
2026-08-20T12:52:40.490442+05:45,2026-08-20 12:52:40,price_volume,price_volume_129,True,cloud_automated,Thursday - Trading Hours: 11:00 AM - 3:00 PM NPT,8018,Manushi Laghubitta Bittiya Sanstha Limited,MLBS,58.0,15.0,1050.0,-2.777777778,1080.0,,,,,,,,,,,,,,,,,,,,,,7,"price_volume, live_market, summary, top_gainers, top_losers, nepse_index, supply_demand",5640
2026-08-20T12:52:40.490442+05:45,2026-08-20 12:52:40,price_volume,price_volume_130,True,cloud_automated,Thursday - Trading Hours: 11:00 AM - 3:00 PM NPT,2925,Mahila Lagubitta Bittiya Sanstha Limited ,MLBSL,58.0,582.0,1210.0,-0.65681445,1218.0,,,,,,,,,,,,,,,,,,,,,,7,"price_volume, live_market, summary, top_gainers, top_losers, nepse_index, supply_demand",5640
2026-08-20T12:52:40.490442+05:45,2026-08-20 12:52:40,price_volume,price_volume_131,True,cloud_automated,Thursday - Trading Hours: 11:00 AM - 3:00 PM NPT,9217,Mathillo Mailun Khola Jalvidhyut Limited,MMKJL,58.0,355.0,434.3,-1.963882619,443.0,,,,,,,,,,,,,,,,,,,,,,7,"price_volume, live_market, summary, top_gainers, top_losers, nepse_index, supply_demand",5640
2026-08-20T12:52:40.490442+05:45,2026-08-20 12:52:40,price_volume,price_volume_132,True,cloud_automated,Thursday - Trading Hours: 11:00 AM - 3:00 PM NPT,474,Muktinath Bikas Bank Ltd.,MNBBL,58.0,13290.0,361.4,0.110803324,361.0,,,,,,,,,,,,,,,,,,,,,,7,"price_volume, live_market, summary, top_gainers, top_losers, nepse_index, supply_demand",5640
2026-08-20T12:52:40.490442+05:45,2026-08-20 12:52:40,price_volume,price_volume_133,True,cloud_automated,Thursday - Trading Hours: 11:00 AM - 3:00 PM NPT,471,Multipurpose Finance Company  Limited,MPFL,58.0,54.0,614.0,-0.162601626,615.0,,,,,,,,,,,,,,,,,,,,,,7,"price_volume, live_market, summary, top_gainers, top_losers, nepse_index, supply_demand",5640
2026-08-20T12:52:40.490442+05:45,2026-08-20 12:52:40,price_volume,price_volume_134,True,cloud_automated,Thursday - Trading Hours: 11:00 AM - 3:00 PM NPT,9215,Mid Solu Hydropower Limited,MSHL,58.0,81.0,586.0,0.51457976,583.0,,,,,,,,,,,,,,,,,,,,,,7,"price_volume, live_market, summary, top_gainers, top_losers, nepse_index, supply_demand",5640
2026-08-20T12:52:40.490442+05:45,2026-08-20 12:52:40,price_volume,price_volume_135,True,cloud_automated,Thursday - Trading Hours: 11:00 AM - 3:00 PM NPT,2768,Mahuli Laghubitta Bittiya Sanstha Limited,MSLB,58.0,250.0,1240.0,1.781170483,1218.3,,,,,,,,,,,,,,,,,,,,,,7,"price_volume, live_market, summary, top_gainers, top_losers, nepse_index, supply_demand",5640
2026-08-20T12:52:40.490442+05:45,2026-08-20 12:52:40,price_volume,price_volume_136,True,cloud_automated,Thursday - Trading Hours: 11:00 AM - 3:00 PM NPT,172,Narayani Development Bank Limited,NABBC,58.0,3779.0,803.5,-0.099465374,804.3,,,,,,,,,,,,,,,,,,,,,,7,"price_volume, live_market, summary, top_gainers, top_losers, nepse_index, supply_demand",5640
2026-08-20T12:52:40.490442+05:45,2026-08-20 12:52:40,price_volume,price_volume_137,True,cloud_automated,Thursday - Trading Hours: 11:00 AM - 3:00 PM NPT,131,Nabil Bank Limited,NABIL,58.0,12663.0,548.0,0.0,548.0,,,,,,,,,,,,,,,,,,,,,,7,"price_volume, live_market, summary, top_gainers, top_losers, nepse_index, supply_demand",5640
2026-08-20T12:52:40.490442+05:45,2026-08-20 12:52:40,price_volume,price_volume_138,True,cloud_automated,Thursday - Trading Hours: 11:00 AM - 3:00 PM NPT,2784,Nadep Laghubittiya bittya Sanstha Ltd.,NADEP,58.0,240.0,710.0,0.852272727,704.0,,,,,,,,,,,,,,,,,,,,,,7,"price_volume, live_market, summary, top_gainers, top_losers, nepse_index, supply_demand",5640
2026-08-20T12:52:40.490442+05:45,2026-08-20 12:52:40,price_volume,price_volume_139,True,cloud_automated,Thursday - Trading Hours: 11:00 AM - 3:00 PM NPT,517,Nepal Bank Limited,NBL,58.0,33902.0,275.0,0.0,275.0,,,,,,,,,,,,,,,,,,,,,,7,"price_volume, live_market, summary, top_gainers, top_losers, nepse_index, supply_demand",5640
2026-08-20T12:52:40.490442+05:45,2026-08-20 12:52:40,price_volume,price_volume_140,True,cloud_automated,Thursday - Trading Hours: 11:00 AM - 3:00 PM NPT,8041,NESDO Sambridha Laghubitta Bittiya Sanstha Limited,NESDO,58.0,81.0,1400.0,-0.849858357,1412.0,,,,,,,,,,,,,,,,,,,,,,7,"price_volume, live_market, summary, top_gainers, top_losers, nepse_index, supply_demand",5640
2026-08-20T12:52:40.490442+05:45,2026-08-20 12:52:40,price_volume,price_volume_141,True,cloud_automated,Thursday - Trading Hours: 11:00 AM - 3:00 PM NPT,194,Nepal Finance Ltd.,NFS,58.0,935.0,556.0,-0.107797341,556.6,,,,,,,,,,,,,,,,,,,,,,7,"price_volume, live_market, summary, top_gainers, top_losers, nepse_index, supply_demand",5640
2026-08-20T12:52:40.490442+05:45,2026-08-20 12:52:40,price_volume,price_volume_142,True,cloud_automated,Thursday - Trading Hours: 11:00 AM - 3:00 PM NPT,2743,Ngadi Group Power Ltd.,NGPL,58.0,70545.0,405.5,-0.368550369,407.0,,,,,,,,,,,,,,,,,,,,,,7,"price_volume, live_market, summary, top_gainers, top_losers, nepse_index, supply_demand",5640
2026-08-20T12:52:40.490442+05:45,2026-08-20 12:52:40,price_volume,price_volume_143,True,cloud_automated,Thursday - Trading Hours: 11:00 AM - 3:00 PM NPT,2769,Nepal Hydro Developers Ltd.,NHDL,58.0,176.0,625.0,-1.57480315,635.0,,,,,,,,,,,,,,,,,,,,,,7,"price_volume, live_market, summary, top_gainers, top_losers, nepse_index, supply_demand",5640
2026-08-20T12:52:40.490442+05:45,2026-08-20 12:52:40,price_volume,price_volume_144,True,cloud_automated,Thursday - Trading Hours: 11:00 AM - 3:00 PM NPT,152,National Hydro Power Company Limited,NHPC,58.0,55512.0,260.7,-0.874524715,263.0,,,,,,,,,,,,,,,,,,,,,,7,"price_volume, live_market, summary, top_gainers, top_losers, nepse_index, supply_demand",5640
2026-08-20T12:52:40.490442+05:45,2026-08-20 12:52:40,price_volume,price_volume_145,True,cloud_automated,Thursday - Trading Hours: 11:00 AM - 3:00 PM NPT,139,NIC Asia Bank Ltd.,NICA,58.0,13268.0,315.0,-0.22172949,315.7,,,,,,,,,,,,,,,,,,,,,,7,"price_volume, live_market, summary, top_gainers, top_losers, nepse_index, supply_demand",5640
2026-08-20T12:52:40.490442+05:45,2026-08-20 12:52:40,price_volume,price_volume_146,True,cloud_automated,Thursday - Trading Hours: 11:00 AM - 3:00 PM NPT,176,Nepal Insurance Co. Ltd.,NICL,58.0,2951.0,490.0,-0.970088925,494.8,,,,,,,,,,,,,,,,,,,,,,7,"price_volume, live_market, summary, top_gainers, top_losers, nepse_index, supply_demand",5640
2026-08-20T12:52:40.490442+05:45,2026-08-20 12:52:40,price_volume,price_volume_147,True,cloud_automated,Thursday - Trading Hours: 11:00 AM - 3:00 PM NPT,2887,NIC ASIA Laghubitta Bittiya Sanstha Limited,NICLBSL,58.0,1212.0,540.6,-1.15194734,546.9,,,,,,,,,,,,,,,,,,,,,,7,"price_volume, live_market, summary, top_gainers, top_losers, nepse_index, supply_demand",5640
2026-08-20T12:52:40.490442+05:45,2026-08-20 12:52:40,price_volume,price_volume_148,True,cloud_automated,Thursday - Trading Hours: 11:00 AM - 3:00 PM NPT,2919,Nepal Infrastructure Bank Limited,NIFRA,58.0,17603.0,243.0,-0.491400491,244.2,,,,,,,,,,,,,,,,,,,,,,7,"price_volume, live_market, summary, top_gainers, top_losers, nepse_index, supply_demand",5640
2026-08-20T12:52:40.490442+05:45,2026-08-20 12:52:40,price_volume,price_volume_149,True,cloud_automated,Thursday - Trading Hours: 11:00 AM - 3:00 PM NPT,183,Neco Insurance Limited,NIL,58.0,1739.0,595.0,-1.162790698,602.0,,,,,,,,,,,,,,,,,,,,,,7,"price_volume, live_market, summary, top_gainers, top_losers, nepse_index, supply_demand",5640
2026-08-20T12:52:40.490442+05:45,2026-08-20 12:52:40,price_volume,price_volume_150,True,cloud_automated,Thursday - Trading Hours: 11:00 AM - 3:00 PM NPT,132,Nepal Investment Mega Bank Limited,NIMB,58.0,26256.0,186.3,-0.904255319,188.0,,,,,,,,,,,,,,,,,,,,,,7,"price_volume, live_market, summary, top_gainers, top_losers, nepse_index, supply_demand",5640
2026-08-20T12:52:40.490442+05:45,2026-08-20 12:52:40,price_volume,price_volume_151,True,cloud_automated,Thursday - Trading Hours: 11:00 AM - 3:00 PM NPT,559,NLG Insurance Company Ltd.,NLG,58.0,1442.0,551.0,-1.571989996,559.8,,,,,,,,,,,,,,,,,,,,,,7,"price_volume, live_market, summary, top_gainers, top_losers, nepse_index, supply_demand",5640
2026-08-20T12:52:40.490442+05:45,2026-08-20 12:52:40,price_volume,price_volume_152,True,cloud_automated,Thursday - Trading Hours: 11:00 AM - 3:00 PM NPT,187,Nepal Life Insurance Co. Ltd.,NLIC,58.0,4567.0,715.6,-0.459034636,718.9,,,,,,,,,,,,,,,,,,,,,,7,"price_volume, live_market, summary, top_gainers, top_losers, nepse_index, supply_demand",5640
2026-08-20T12:52:40.490442+05:45,2026-08-20 12:52:40,price_volume,price_volume_153,True,cloud_automated,Thursday - Trading Hours: 11:00 AM - 3:00 PM NPT,178,National Life Insurance Co. Ltd.,NLICL,58.0,2567.0,563.2,-0.336223677,565.1,,,,,,,,,,,,,,,,,,,,,,7,"price_volume, live_market, summary, top_gainers, top_losers, nepse_index, supply_demand",5640
2026-08-20T12:52:40.490442+05:45,2026-08-20 12:52:40,price_volume,price_volume_154,True,cloud_automated,Thursday - Trading Hours: 11:00 AM - 3:00 PM NPT,238,NMB Bank Limited,NMB,58.0,16354.0,238.0,-0.293255132,238.7,,,,,,,,,,,,,,,,,,,,,,7,"price_volume, live_market, summary, top_gainers, top_losers, nepse_index, supply_demand",5640
2026-08-20T12:52:40.490442+05:45,2026-08-20 12:52:40,price_volume,price_volume_155,True,cloud_automated,Thursday - Trading Hours: 11:00 AM - 3:00 PM NPT,704,NMB  Microfinance Bittiya Sanstha Ltd.,NMBMF,58.0,10.0,600.0,1.694915254,590.0,,,,,,,,,,,,,,,,,,,,,,7,"price_volume, live_market, summary, top_gainers, top_losers, nepse_index, supply_demand",5640
2026-08-20T12:52:40.490442+05:45,2026-08-20 12:52:40,price_volume,price_volume_156,True,cloud_automated,Thursday - Trading Hours: 11:00 AM - 3:00 PM NPT,2746,National Laghubitta Bittiya Sanstha Limited,NMFBS,58.0,1702.0,1120.0,0.0,1120.0,,,,,,,,,,,,,,,,,,,,,,7,"price_volume, live_market, summary, top_gainers, top_losers, nepse_index, supply_demand",5640
2026-08-20T12:52:40.490442+05:45,2026-08-20 12:52:40,price_volume,price_volume_157,True,cloud_automated,Thursday - Trading Hours: 11:00 AM - 3:00 PM NPT,9250,Nepal Micro Insurance Company Limited,NMIC,58.0,120.0,875.1,-0.782312925,882.0,,,,,,,,,,,,,,,,,,,,,,7,"price_volume, live_market, summary, top_gainers, top_losers, nepse_index, supply_demand",5640
2026-08-20T12:52:40.490442+05:45,2026-08-20 12:52:40,price_volume,price_volume_158,True,cloud_automated,Thursday - Trading Hours: 11:00 AM - 3:00 PM NPT,396,Nerude Mirmire Laghubitta Bittiya Sanstha Limited,NMLBBL,58.0,2875.0,502.0,-0.594059406,505.0,,,,,,,,,,,,,,,,,,,,,,7,"price_volume, live_market, summary, top_gainers, top_losers, nepse_index, supply_demand",5640
2026-08-20T12:52:40.490442+05:45,2026-08-20 12:52:40,price_volume,price_volume_159,True,cloud_automated,Thursday - Trading Hours: 11:00 AM - 3:00 PM NPT,2881,Nepal Reinsurance Company Limited,NRIC,58.0,12728.0,904.0,-0.768386389,911.0,,,,,,,,,,,,,,,,,,,,,,7,"price_volume, live_market, summary, top_gainers, top_losers, nepse_index, supply_demand",5640
2026-08-20T12:52:40.490442+05:45,2026-08-20 12:52:40,price_volume,price_volume_160,True,cloud_automated,Thursday - Trading Hours: 11:00 AM - 3:00 PM NPT,9183,Nepal Republic Media Limited,NRM,58.0,690.0,300.1,-0.299003322,301.0,,,,,,,,,,,,,,,,,,,,,,7,"price_volume, live_market, summary, top_gainers, top_losers, nepse_index, supply_demand",5640
2026-08-20T12:52:40.490442+05:45,2026-08-20 12:52:40,price_volume,price_volume_161,True,cloud_automated,Thursday - Trading Hours: 11:00 AM - 3:00 PM NPT,2898,NRN Infrastructure and Development Limited,NRN,58.0,5950.0,1373.0,-0.435097897,1379.0,,,,,,,,,,,,,,,,,,,,,,7,"price_volume, live_market, summary, top_gainers, top_losers, nepse_index, supply_demand",5640
2026-08-20T12:52:40.490442+05:45,2026-08-20 12:52:40,price_volume,price_volume_162,True,cloud_automated,Thursday - Trading Hours: 11:00 AM - 3:00 PM NPT,307,Nepal Doorsanchar Company Limited,NTC,58.0,2246.0,878.2,-1.103603604,888.0,,,,,,,,,,,,,,,,,,,,,,7,"price_volume, live_market, summary, top_gainers, top_losers, nepse_index, supply_demand",5640
2026-08-20T12:52:40.490442+05:45,2026-08-20 12:52:40,price_volume,price_volume_163,True,cloud_automated,Thursday - Trading Hours: 11:00 AM - 3:00 PM NPT,163,Nirdhan Utthan Laghubitta Bittiya Sanstha Limited,NUBL,58.0,1932.0,594.7,-0.050420168,595.0,,,,,,,,,,,,,,,,,,,,,,7,"price_volume, live_market, summary, top_gainers, top_losers, nepse_index, supply_demand",5640
2026-08-20T12:52:40.490442+05:45,2026-08-20 12:52:40,price_volume,price_volume_164,True,cloud_automated,Thursday - Trading Hours: 11:00 AM - 3:00 PM NPT,9233,Nepal Warehousing Company Limited ,NWCL,58.0,60.0,665.2,-1.011904762,672.0,,,,,,,,,,,,,,,,,,,,,,7,"price_volume, live_market, summary, top_gainers, top_losers, nepse_index, supply_demand",5640
2026-08-20T12:52:40.490442+05:45,2026-08-20 12:52:40,price_volume,price_volume_165,True,cloud_automated,Thursday - Trading Hours: 11:00 AM - 3:00 PM NPT,8026,Nyadi Hydropower Limited,NYADI,58.0,760.0,357.0,-0.833333333,360.0,,,,,,,,,,,,,,,,,,,,,,7,"price_volume, live_market, summary, top_gainers, top_losers, nepse_index, supply_demand",5640
2026-08-20T12:52:40.490442+05:45,2026-08-20 12:52:40,price_volume,price_volume_166,True,cloud_automated,Thursday - Trading Hours: 11:00 AM - 3:00 PM NPT,149,Oriental Hotels Limited,OHL,58.0,193.0,642.1,-1.804557272,653.9,,,,,,,,,,,,,,,,,,,,,,7,"price_volume, live_market, summary, top_gainers, top_losers, nepse_index, supply_demand",5640
2026-08-20T12:52:40.490442+05:45,2026-08-20 12:52:40,price_volume,price_volume_167,True,cloud_automated,Thursday - Trading Hours: 11:00 AM - 3:00 PM NPT,9256,Om Megashree Pharmaceuticals Limited,OMPL,58.0,620.0,885.4,-1.622222222,900.0,,,,,,,,,,,,,,,,,,,,,,7,"price_volume, live_market, summary, top_gainers, top_losers, nepse_index, supply_demand",5640
2026-08-20T12:52:40.490442+05:45,2026-08-20 12:52:40,price_volume,price_volume_168,True,cloud_automated,Thursday - Trading Hours: 11:00 AM - 3:00 PM NPT,357,Prime Commercial Bank Ltd.,PCBL,58.0,4237.0,238.7,-0.748440748,240.5,,,,,,,,,,,,,,,,,,,,,,7,"price_volume, live_market, summary, top_gainers, top_losers, nepse_index, supply_demand",5640
2026-08-20T12:52:40.490442+05:45,2026-08-20 12:52:40,price_volume,price_volume_169,True,cloud_automated,Thursday - Trading Hours: 11:00 AM - 3:00 PM NPT,9330,Palpa Cement Industries Limited,PCIL,58.0,8371.0,622.0,0.161030596,621.0,,,,,,,,,,,,,,,,,,,,,,7,"price_volume, live_market, summary, top_gainers, top_losers, nepse_index, supply_demand",5640
2026-08-20T12:52:40.490442+05:45,2026-08-20 12:52:40,price_volume,price_volume_170,True,cloud_automated,Thursday - Trading Hours: 11:00 AM - 3:00 PM NPT,8133,Peoples Hydropower Company Limited,PHCL,58.0,9186.0,300.8,0.534759358,299.2,,,,,,,,,,,,,,,,,,,,,,7,"price_volume, live_market, summary, top_gainers, top_losers, nepse_index, supply_demand",5640
2026-08-20T12:52:40.490442+05:45,2026-08-20 12:52:40,price_volume,price_volume_171,True,cloud_automated,Thursday - Trading Hours: 11:00 AM - 3:00 PM NPT,2786,Panchakanya Mai Hydropower Ltd,PMHPL,58.0,5110.0,300.0,-2.280130293,307.0,,,,,,,,,,,,,,,,,,,,,,7,"price_volume, live_market, summary, top_gainers, top_losers, nepse_index, supply_demand",5640
2026-08-20T12:52:40.490442+05:45,2026-08-20 12:52:40,price_volume,price_volume_172,True,cloud_automated,Thursday - Trading Hours: 11:00 AM - 3:00 PM NPT,2915,Prabhu Mahalaxmi Life Insurance Limited,PMLI,58.0,902.0,424.7,-0.070588235,425.0,,,,,,,,,,,,,,,,,,,,,,7,"price_volume, live_market, summary, top_gainers, top_losers, nepse_index, supply_demand",5640
2026-08-20T12:52:40.490442+05:45,2026-08-20 12:52:40,price_volume,price_volume_173,True,cloud_automated,Thursday - Trading Hours: 11:00 AM - 3:00 PM NPT,2813,Panchthar Power Compant Limited,PPCL,58.0,950.0,330.6,-1.313432836,335.0,,,,,,,,,,,,,,,,,,,,,,7,"price_volume, live_market, summary, top_gainers, top_losers, nepse_index, supply_demand",5640
2026-08-20T12:52:40.490442+05:45,2026-08-20 12:52:40,price_volume,price_volume_174,True,cloud_automated,Thursday - Trading Hours: 11:00 AM - 3:00 PM NPT,8122,People's Power Limited,PPL,58.0,8253.0,308.2,-2.158730159,315.0,,,,,,,,,,,,,,,,,,,,,,7,"price_volume, live_market, summary, top_gainers, top_losers, nepse_index, supply_demand",5640
2026-08-20T12:52:40.490442+05:45,2026-08-20 12:52:40,price_volume,price_volume_175,True,cloud_automated,Thursday - Trading Hours: 11:00 AM - 3:00 PM NPT,184,Prabhu Insurance Ltd.,PRIN,58.0,966.0,650.0,-0.914634146,656.0,,,,,,,,,,,,,,,,,,,,,,7,"price_volume, live_market, summary, top_gainers, top_losers, nepse_index, supply_demand",5640
2026-08-20T12:52:40.490442+05:45,2026-08-20 12:52:40,price_volume,price_volume_176,True,cloud_automated,Thursday - Trading Hours: 11:00 AM - 3:00 PM NPT,338,Progressive Finance Limited,PROFL,58.0,1100.0,408.0,0.245700246,407.0,,,,,,,,,,,,,,,,,,,,,,7,"price_volume, live_market, summary, top_gainers, top_losers, nepse_index, supply_demand",5640
2026-08-20T12:52:40.490442+05:45,2026-08-20 12:52:40,price_volume,price_volume_177,True,cloud_automated,Thursday - Trading Hours: 11:00 AM - 3:00 PM NPT,255,Prabhu  Bank Limited,PRVU,58.0,28349.0,182.0,0.0,182.0,,,,,,,,,,,,,,,,,,,,,,7,"price_volume, live_market, summary, top_gainers, top_losers, nepse_index, supply_demand",5640
2026-08-20T12:52:40.490442+05:45,2026-08-20 12:52:40,price_volume,price_volume_178,True,cloud_automated,Thursday - Trading Hours: 11:00 AM - 3:00 PM NPT,9258,Pure Energy Limited,PURE,58.0,1604.0,792.6,-2.724594993,814.8,,,,,,,,,,,,,,,,,,,,,,7,"price_volume, live_market, summary, top_gainers, top_losers, nepse_index, supply_demand",5640
2026-08-20T12:52:40.490442+05:45,2026-08-20 12:52:40,price_volume,price_volume_179,True,cloud_automated,Thursday - Trading Hours: 11:00 AM - 3:00 PM NPT,2776,Radhi Bidyut Company Ltd,RADHI,58.0,35191.0,703.5,-0.63559322,708.0,,,,,,,,,,,,,,,,,,,,,,7,"price_volume, live_market, summary, top_gainers, top_losers, nepse_index, supply_demand",5640
2026-08-20T12:52:40.490442+05:45,2026-08-20 12:52:40,price_volume,price_volume_180,True,cloud_automated,Thursday - Trading Hours: 11:00 AM - 3:00 PM NPT,9181,Rawa Energy Development Limited,RAWA,58.0,1021.0,419.0,-0.828402367,422.5,,,,,,,,,,,,,,,,,,,,,,7,"price_volume, live_market, summary, top_gainers, top_losers, nepse_index, supply_demand",5640
2026-08-20T12:52:40.490442+05:45,2026-08-20 12:52:40,price_volume,price_volume_181,True,cloud_automated,Thursday - Trading Hours: 11:00 AM - 3:00 PM NPT,177,Rastriya Beema Company Limited,RBCL,58.0,10.0,14000.0,-0.35516267,14049.9,,,,,,,,,,,,,,,,,,,,,,7,"price_volume, live_market, summary, top_gainers, top_losers, nepse_index, supply_demand",5640
2026-08-20T12:52:40.490442+05:45,2026-08-20 12:52:40,price_volume,price_volume_182,True,cloud_automated,Thursday - Trading Hours: 11:00 AM - 3:00 PM NPT,8066,River Falls Power Limited,RFPL,58.0,4773.0,330.0,-0.602409639,332.0,,,,,,,,,,,,,,,,,,,,,,7,"price_volume, live_market, summary, top_gainers, top_losers, nepse_index, supply_demand",5640
2026-08-20T12:52:40.490442+05:45,2026-08-20 12:52:40,price_volume,price_volume_183,True,cloud_automated,Thursday - Trading Hours: 11:00 AM - 3:00 PM NPT,8108,Rapti Hydro And General Construction Limited,RHGCL,58.0,933.0,250.6,-0.948616601,253.0,,,,,,,,,,,,,,,,,,,,,,7,"price_volume, live_market, summary, top_gainers, top_losers, nepse_index, supply_demand",5640
2026-08-20T12:52:40.490442+05:45,2026-08-20 12:52:40,price_volume,price_volume_184,True,cloud_automated,Thursday - Trading Hours: 11:00 AM - 3:00 PM NPT,2841,RASUWAGADHI HYDROPOWER COMPANY LIMITED,RHPL,58.0,4270.0,249.0,-1.072705602,251.7,,,,,,,,,,,,,,,,,,,,,,7,"price_volume, live_market, summary, top_gainers, top_losers, nepse_index, supply_demand",5640
2026-08-20T12:52:40.490442+05:45,2026-08-20 12:52:40,price_volume,price_volume_185,True,cloud_automated,Thursday - Trading Hours: 11:00 AM - 3:00 PM NPT,610,Ridi Power Company Limited,RIDI,58.0,67513.0,356.2,-1.411569333,361.3,,,,,,,,,,,,,,,,,,,,,,7,"price_volume, live_market, summary, top_gainers, top_losers, nepse_index, supply_demand",5640
2026-08-20T12:52:40.490442+05:45,2026-08-20 12:52:40,price_volume,price_volume_186,True,cloud_automated,Thursday - Trading Hours: 11:00 AM - 3:00 PM NPT,9324,Ridge Line Energy Limited,RLEL,58.0,1850.0,871.1,-2.002474969,888.9,,,,,,,,,,,,,,,,,,,,,,7,"price_volume, live_market, summary, top_gainers, top_losers, nepse_index, supply_demand",5640
2026-08-20T12:52:40.490442+05:45,2026-08-20 12:52:40,price_volume,price_volume_187,True,cloud_automated,Thursday - Trading Hours: 11:00 AM - 3:00 PM NPT,587,Reliance Finance Ltd.,RLFL,58.0,521.0,440.0,-0.677200903,443.0,,,,,,,,,,,,,,,,,,,,,,7,"price_volume, live_market, summary, top_gainers, top_losers, nepse_index, supply_demand",5640
2026-08-20T12:52:40.490442+05:45,2026-08-20 12:52:40,price_volume,price_volume_188,True,cloud_automated,Thursday - Trading Hours: 11:00 AM - 3:00 PM NPT,9199,Reliable Nepal Life Insurance Limited,RNLI,58.0,4304.0,422.0,0.142382534,421.4,,,,,,,,,,,,,,,,,,,,,,7,"price_volume, live_market, summary, top_gainers, top_losers, nepse_index, supply_demand",5640
2026-08-20T12:52:40.490442+05:45,2026-08-20 12:52:40,price_volume,price_volume_189,True,cloud_automated,Thursday - Trading Hours: 11:00 AM - 3:00 PM NPT,2748,RSDC Laghubitta Bittiya Sanstha Ltd.,RSDC,58.0,388.0,622.1,-0.98678975,628.3,,,,,,,,,,,,,,,,,,,,,,7,"price_volume, live_market, summary, top_gainers, top_losers, nepse_index, supply_demand",5640
2026-08-20T12:52:40.490442+05:45,2026-08-20 12:52:40,price_volume,price_volume_190,True,cloud_automated,Thursday - Trading Hours: 11:00 AM - 3:00 PM NPT,9306,Reliance Spinning Mills Limited,RSML,58.0,62306.0,2700.2,-0.361623616,2710.0,,,,,,,,,,,,,,,,,,,,,,7,"price_volume, live_market, summary, top_gainers, top_losers, nepse_index, supply_demand",5640
2026-08-20T12:52:40.490442+05:45,2026-08-20 12:52:40,price_volume,price_volume_191,True,cloud_automated,Thursday - Trading Hours: 11:00 AM - 3:00 PM NPT,2935,Ru Ru Jalbidhyut Pariyojana Limited,RURU,58.0,129.0,598.3,-0.283333333,600.0,,,,,,,,,,,,,,,,,,,,,,7,"price_volume, live_market, summary, top_gainers, top_losers, nepse_index, supply_demand",5640
2026-08-20T12:52:40.490442+05:45,2026-08-20 12:52:40,price_volume,price_volume_192,True,cloud_automated,Thursday - Trading Hours: 11:00 AM - 3:00 PM NPT,9305,Salapa Bikas Bank Limited,SABBL,58.0,3043.0,933.0,-0.744680851,940.0,,,,,,,,,,,,,,,,,,,,,,7,"price_volume, live_market, summary, top_gainers, top_losers, nepse_index, supply_demand",5640
2026-08-20T12:52:40.490442+05:45,2026-08-20 12:52:40,price_volume,price_volume_193,True,cloud_automated,Thursday - Trading Hours: 11:00 AM - 3:00 PM NPT,472,Shangrila Development Bank Ltd.,SADBL,58.0,2152.0,403.1,-0.222772277,404.0,,,,,,,,,,,,,,,,,,,,,,7,"price_volume, live_market, summary, top_gainers, top_losers, nepse_index, supply_demand",5640
2026-08-20T12:52:40.490442+05:45,2026-08-20 12:52:40,price_volume,price_volume_194,True,cloud_automated,Thursday - Trading Hours: 11:00 AM - 3:00 PM NPT,9294,Sagar Distillery Limited,SAGAR,58.0,859.0,1555.6,-1.544303797,1580.0,,,,,,,,,,,,,,,,,,,,,,7,"price_volume, live_market, summary, top_gainers, top_losers, nepse_index, supply_demand",5640
2026-08-20T12:52:40.490442+05:45,2026-08-20 12:52:40,price_volume,price_volume_195,True,cloud_automated,Thursday - Trading Hours: 11:00 AM - 3:00 PM NPT,8021,Sahas Urja Limited,SAHAS,58.0,67636.0,701.0,0.0,701.0,,,,,,,,,,,,,,,,,,,,,,7,"price_volume, live_market, summary, top_gainers, top_losers, nepse_index, supply_demand",5640
2026-08-20T12:52:40.490442+05:45,2026-08-20 12:52:40,price_volume,price_volume_196,True,cloud_automated,Thursday - Trading Hours: 11:00 AM - 3:00 PM NPT,9301,Shreenagar Agritech Industries Limited,SAIL,58.0,9810.0,1015.0,-1.446742402,1029.9,,,,,,,,,,,,,,,,,,,,,,7,"price_volume, live_market, summary, top_gainers, top_losers, nepse_index, supply_demand",5640
2026-08-20T12:52:40.490442+05:45,2026-08-20 12:52:40,price_volume,price_volume_197,True,cloud_automated,Thursday - Trading Hours: 11:00 AM - 3:00 PM NPT,185,Sagarmatha Lumbini Insurance Co. Limited,SALICO,58.0,80.0,588.0,-0.591715976,591.5,,,,,,,,,,,,,,,,,,,,,,7,"price_volume, live_market, summary, top_gainers, top_losers, nepse_index, supply_demand",5640
2026-08-20T12:52:40.490442+05:45,2026-08-20 12:52:40,price_volume,price_volume_198,True,cloud_automated,Thursday - Trading Hours: 11:00 AM - 3:00 PM NPT,171,Sanima Bank Limited,SANIMA,58.0,24142.0,370.5,0.108078898,370.1,,,,,,,,,,,,,,,,,,,,,,7,"price_volume, live_market, summary, top_gainers, top_losers, nepse_index, supply_demand",5640
2026-08-20T12:52:40.490442+05:45,2026-08-20 12:52:40,price_volume,price_volume_199,True,cloud_automated,Thursday - Trading Hours: 11:00 AM - 3:00 PM NPT,9263,Sanvi Energy Limited,SANVI,58.0,1725.0,581.0,-1.525423729,590.0,,,,,,,,,,,,,,,,,,,,,,7,"price_volume, live_market, summary, top_gainers, top_losers, nepse_index, supply_demand",5640
2026-08-20T12:52:40.490442+05:45,2026-08-20 12:52:40,price_volume,price_volume_200,True,cloud_automated,Thursday - Trading Hours: 11:00 AM - 3:00 PM NPT,2860,Saptakoshi Development Bank Ltd,SAPDBL,58.0,22877.0,719.9,-3.109017497,743.0,,,,,,,,,,,,,,,,,,,,,,7,"price_volume, live_market, summary, top_gainers, top_losers, nepse_index, supply_demand",5640
2026-08-20T12:52:40.490442+05:45,2026-08-20 12:52:40,price_volume,price_volume_201,True,cloud_automated,Thursday - Trading Hours: 11:00 AM - 3:00 PM NPT,9353,Sarvottam Paints Industries Limited,SAPIL,58.0,90.0,693.6,14.986737401,603.2,,,,,,,,,,,,,,,,,,,,,,7,"price_volume, live_market, summary, top_gainers, top_losers, nepse_index, supply_demand",5640
2026-08-20T12:52:40.490442+05:45,2026-08-20 12:52:40,price_volume,price_volume_202,True,cloud_automated,Thursday - Trading Hours: 11:00 AM - 3:00 PM NPT,9242,Sarbottam Cement Limited,SARBTM,58.0,2014.0,778.9,-0.128221567,779.9,,,,,,,,,,,,,,,,,,,,,,7,"price_volume, live_market, summary, top_gainers, top_losers, nepse_index, supply_demand",5640
2026-08-20T12:52:40.490442+05:45,2026-08-20 12:52:40,price_volume,price_volume_203,True,cloud_automated,Thursday - Trading Hours: 11:00 AM - 3:00 PM NPT,135,Nepal SBI Bank Limited,SBI,58.0,521.0,399.9,-0.274314214,401.0,,,,,,,,,,,,,,,,,,,,,,7,"price_volume, live_market, summary, top_gainers, top_losers, nepse_index, supply_demand",5640
2026-08-20T12:52:40.490442+05:45,2026-08-20 12:52:40,price_volume,price_volume_204,True,cloud_automated,Thursday - Trading Hours: 11:00 AM - 3:00 PM NPT,145,Siddhartha Bank Limited,SBL,58.0,34459.0,408.0,-0.04899559,408.2,,,,,,,,,,,,,,,,,,,,,,7,"price_volume, live_market, summary, top_gainers, top_losers, nepse_index, supply_demand",5640
2026-08-20T12:52:40.490442+05:45,2026-08-20 12:52:40,price_volume,price_volume_205,True,cloud_automated,Thursday - Trading Hours: 11:00 AM - 3:00 PM NPT,133,Standard Chartered Bank Limited,SCB,58.0,2653.0,650.0,0.0,650.0,,,,,,,,,,,,,,,,,,,,,,7,"price_volume, live_market, summary, top_gainers, top_losers, nepse_index, supply_demand",5640
2026-08-20T12:52:40.490442+05:45,2026-08-20 12:52:40,price_volume,price_volume_206,True,cloud_automated,Thursday - Trading Hours: 11:00 AM - 3:00 PM NPT,8100,Swet-Ganga Hydropower & Construction Limited ,SGHC,58.0,12086.0,297.0,-0.36900369,298.1,,,,,,,,,,,,,,,,,,,,,,7,"price_volume, live_market, summary, top_gainers, top_losers, nepse_index, supply_demand",5640
2026-08-20T12:52:40.490442+05:45,2026-08-20 12:52:40,price_volume,price_volume_207,True,cloud_automated,Thursday - Trading Hours: 11:00 AM - 3:00 PM NPT,9345,Sanigad Hydro Limited,SGHL,58.0,33547.0,531.0,-1.465949156,538.9,,,,,,,,,,,,,,,,,,,,,,7,"price_volume, live_market, summary, top_gainers, top_losers, nepse_index, supply_demand",5640
2026-08-20T12:52:40.490442+05:45,2026-08-20 12:52:40,price_volume,price_volume_208,True,cloud_automated,Thursday - Trading Hours: 11:00 AM - 3:00 PM NPT,2908,Sanima GIC Insurance Limited,SGIC,58.0,1001.0,445.3,-0.912327548,449.4,,,,,,,,,,,,,,,,,,,,,,7,"price_volume, live_market, summary, top_gainers, top_losers, nepse_index, supply_demand",5640
2026-08-20T12:52:40.490442+05:45,2026-08-20 12:52:40,price_volume,price_volume_209,True,cloud_automated,Thursday - Trading Hours: 11:00 AM - 3:00 PM NPT,2934,Singati Hydro Energy Limited,SHEL,58.0,16113.0,295.2,-0.939597315,298.0,,,,,,,,,,,,,,,,,,,,,,7,"price_volume, live_market, summary, top_gainers, top_losers, nepse_index, supply_demand",5640
2026-08-20T12:52:40.490442+05:45,2026-08-20 12:52:40,price_volume,price_volume_210,True,cloud_automated,Thursday - Trading Hours: 11:00 AM - 3:00 PM NPT,473,Shine Resunga Development Bank Ltd.,SHINE,58.0,369.0,412.5,0.121359223,412.0,,,,,,,,,,,,,,,,,,,,,,7,"price_volume, live_market, summary, top_gainers, top_losers, nepse_index, supply_demand",5640
2026-08-20T12:52:40.490442+05:45,2026-08-20 12:52:40,price_volume,price_volume_211,True,cloud_automated,Thursday - Trading Hours: 11:00 AM - 3:00 PM NPT,2809,SHIVAM CEMENTS LTD,SHIVM,58.0,6758.0,628.0,0.09563277,627.4,,,,,,,,,,,,,,,,,,,,,,7,"price_volume, live_market, summary, top_gainers, top_losers, nepse_index, supply_demand",5640
2026-08-20T12:52:40.490442+05:45,2026-08-20 12:52:40,price_volume,price_volume_212,True,cloud_automated,Thursday - Trading Hours: 11:00 AM - 3:00 PM NPT,147,Soaltee Hotel Limited,SHL,58.0,1770.0,498.0,0.0,498.0,,,,,,,,,,,,,,,,,,,,,,7,"price_volume, live_market, summary, top_gainers, top_losers, nepse_index, supply_demand",5640
2026-08-20T12:52:40.490442+05:45,2026-08-20 12:52:40,price_volume,price_volume_213,True,cloud_automated,Thursday - Trading Hours: 11:00 AM - 3:00 PM NPT,591,Sanima Mai Hydropower Ltd.,SHPC,58.0,16665.0,491.0,-0.607287449,494.0,,,,,,,,,,,,,,,,,,,,,,7,"price_volume, live_market, summary, top_gainers, top_losers, nepse_index, supply_demand",5640
2026-08-20T12:52:40.490442+05:45,2026-08-20 12:52:40,price_volume,price_volume_214,True,cloud_automated,Thursday - Trading Hours: 11:00 AM - 3:00 PM NPT,192,Shikhar Insurance Co. Ltd.,SICL,58.0,1995.0,612.0,0.492610837,609.0,,,,,,,,,,,,,,,,,,,,,,7,"price_volume, live_market, summary, top_gainers, top_losers, nepse_index, supply_demand",5640
2026-08-20T12:52:40.490442+05:45,2026-08-20 12:52:40,price_volume,price_volume_215,True,cloud_automated,Thursday - Trading Hours: 11:00 AM - 3:00 PM NPT,244,Shree Investment Finance Co. Ltd.,SIFC,58.0,964.0,498.9,-0.02004008,499.0,,,,,,,,,,,,,,,,,,,,,,7,"price_volume, live_market, summary, top_gainers, top_losers, nepse_index, supply_demand",5640
2026-08-20T12:52:40.490442+05:45,2026-08-20 12:52:40,price_volume,price_volume_216,True,cloud_automated,Thursday - Trading Hours: 11:00 AM - 3:00 PM NPT,8126,Sikles Hydropower Limited,SIKLES,58.0,10796.0,553.6,-0.234276446,554.9,,,,,,,,,,,,,,,,,,,,,,7,"price_volume, live_market, summary, top_gainers, top_losers, nepse_index, supply_demand",5640
2026-08-20T12:52:40.490442+05:45,2026-08-20 12:52:40,price_volume,price_volume_217,True,cloud_automated,Thursday - Trading Hours: 11:00 AM - 3:00 PM NPT,561,Sindhu Bikash Bank Ltd,SINDU,58.0,3354.0,661.0,-1.651539949,672.1,,,,,,,,,,,,,,,,,,,,,,7,"price_volume, live_market, summary, top_gainers, top_losers, nepse_index, supply_demand",5640
2026-08-20T12:52:40.490442+05:45,2026-08-20 12:52:40,price_volume,price_volume_218,True,cloud_automated,Thursday - Trading Hours: 11:00 AM - 3:00 PM NPT,9329,Shikhar power Development Limited,SIPD,58.0,1150.0,646.3,0.186017672,645.1,,,,,,,,,,,,,,,,,,,,,,7,"price_volume, live_market, summary, top_gainers, top_losers, nepse_index, supply_demand",5640
2026-08-20T12:52:40.490442+05:45,2026-08-20 12:52:40,price_volume,price_volume_219,True,cloud_automated,Thursday - Trading Hours: 11:00 AM - 3:00 PM NPT,2842,SANJEN JALAVIDHYUT COMPANY LIMITED,SJCL,58.0,4883.0,262.4,-0.981132075,265.0,,,,,,,,,,,,,,,,,,,,,,7,"price_volume, live_market, summary, top_gainers, top_losers, nepse_index, supply_demand",5640
2026-08-20T12:52:40.490442+05:45,2026-08-20 12:52:40,price_volume,price_volume_220,True,cloud_automated,Thursday - Trading Hours: 11:00 AM - 3:00 PM NPT,403,SuryaJyoti Life Insurance Company Limited,SJLIC,58.0,3723.0,404.1,-0.712530713,407.0,,,,,,,,,,,,,,,,,,,,,,7,"price_volume, live_market, summary, top_gainers, top_losers, nepse_index, supply_demand",5640
2026-08-20T12:52:40.490442+05:45,2026-08-20 12:52:40,price_volume,price_volume_221,True,cloud_automated,Thursday - Trading Hours: 11:00 AM - 3:00 PM NPT,574,Sana Kisan Bikas Laghubitta Bittiya Sanstha Limited,SKBBL,58.0,837.0,748.1,0.013368984,748.0,,,,,,,,,,,,,,,,,,,,,,7,"price_volume, live_market, summary, top_gainers, top_losers, nepse_index, supply_demand",5640
2026-08-20T12:52:40.490442+05:45,2026-08-20 12:52:40,price_volume,price_volume_222,True,cloud_automated,Thursday - Trading Hours: 11:00 AM - 3:00 PM NPT,9325,Suryakunda Hydro Electric Limited,SKHEL,58.0,190.0,934.3,-1.652631579,950.0,,,,,,,,,,,,,,,,,,,,,,7,"price_volume, live_market, summary, top_gainers, top_losers, nepse_index, supply_demand",5640
2026-08-20T12:52:40.490442+05:45,2026-08-20 12:52:40,price_volume,price_volume_223,True,cloud_automated,Thursday - Trading Hours: 11:00 AM - 3:00 PM NPT,9323,Super Khudi Hydropower Limited,SKHL,58.0,6711.0,800.0,-0.99009901,808.0,,,,,,,,,,,,,,,,,,,,,,7,"price_volume, live_market, summary, top_gainers, top_losers, nepse_index, supply_demand",5640
2026-08-20T12:52:40.490442+05:45,2026-08-20 12:52:40,price_volume,price_volume_224,True,cloud_automated,Thursday - Trading Hours: 11:00 AM - 3:00 PM NPT,545,Swarojgar Laghubitta Bittiya Sanstha Ltd.,SLBBL,58.0,1246.0,790.0,-1.863354037,805.0,,,,,,,,,,,,,,,,,,,,,,7,"price_volume, live_market, summary, top_gainers, top_losers, nepse_index, supply_demand",5640
2026-08-20T12:52:40.490442+05:45,2026-08-20 12:52:40,price_volume,price_volume_225,True,cloud_automated,Thursday - Trading Hours: 11:00 AM - 3:00 PM NPT,2804,Samudayik Laghubitta Bittiya Sanstha Limited,SLBSL,58.0,1069.0,891.0,-1.764057332,907.0,,,,,,,,,,,,,,,,,,,,,,7,"price_volume, live_market, summary, top_gainers, top_losers, nepse_index, supply_demand",5640
2026-08-20T12:52:40.490442+05:45,2026-08-20 12:52:40,price_volume,price_volume_226,True,cloud_automated,Thursday - Trading Hours: 11:00 AM - 3:00 PM NPT,2761,Samata Gharelu Laghubitta Bittiya Sanstha Limited,SMATA,58.0,1536.0,706.0,-0.563380282,710.0,,,,,,,,,,,,,,,,,,,,,,7,"price_volume, live_market, summary, top_gainers, top_losers, nepse_index, supply_demand",5640
2026-08-20T12:52:40.490442+05:45,2026-08-20 12:52:40,price_volume,price_volume_227,True,cloud_automated,Thursday - Trading Hours: 11:00 AM - 3:00 PM NPT,2771,Support Microfinance Bittiya Sanstha Ltd.,SMB,58.0,188.0,1769.9,1.894070236,1737.0,,,,,,,,,,,,,,,,,,,,,,7,"price_volume, live_market, summary, top_gainers, top_losers, nepse_index, supply_demand",5640
2026-08-20T12:52:40.490442+05:45,2026-08-20 12:52:40,price_volume,price_volume_228,True,cloud_automated,Thursday - Trading Hours: 11:00 AM - 3:00 PM NPT,2829,Swabhimaan Laghubitta Bittiya Sanstha Limited,SMFBS,58.0,304.0,1429.7,-0.921690922,1443.0,,,,,,,,,,,,,,,,,,,,,,7,"price_volume, live_market, summary, top_gainers, top_losers, nepse_index, supply_demand",5640
2026-08-20T12:52:40.490442+05:45,2026-08-20 12:52:40,price_volume,price_volume_229,True,cloud_automated,Thursday - Trading Hours: 11:00 AM - 3:00 PM NPT,9148,Super Mai Hydropower Limited,SMH,58.0,1058.0,503.5,0.258861012,502.2,,,,,,,,,,,,,,,,,,,,,,7,"price_volume, live_market, summary, top_gainers, top_losers, nepse_index, supply_demand",5640
2026-08-20T12:52:40.490442+05:45,2026-08-20 12:52:40,price_volume,price_volume_230,True,cloud_automated,Thursday - Trading Hours: 11:00 AM - 3:00 PM NPT,9146,Super Madi Hydropower Limited,SMHL,58.0,136672.0,516.0,2.788844622,502.0,,,,,,,,,,,,,,,,,,,,,,7,"price_volume, live_market, summary, top_gainers, top_losers, nepse_index, supply_demand",5640
2026-08-20T12:52:40.490442+05:45,2026-08-20 12:52:40,price_volume,price_volume_231,True,cloud_automated,Thursday - Trading Hours: 11:00 AM - 3:00 PM NPT,9159,Sagarmatha Jalabidhyut Company Limited,SMJC,58.0,569.0,428.1,-0.649802738,430.9,,,,,,,,,,,,,,,,,,,,,,7,"price_volume, live_market, summary, top_gainers, top_losers, nepse_index, supply_demand",5640
2026-08-20T12:52:40.490442+05:45,2026-08-20 12:52:40,price_volume,price_volume_232,True,cloud_automated,Thursday - Trading Hours: 11:00 AM - 3:00 PM NPT,2896,Sampada Laghubitta Bittiya Sanstha Limited,SMPDA,58.0,50.0,735.0,-0.406504065,738.0,,,,,,,,,,,,,,,,,,,,,,7,"price_volume, live_market, summary, top_gainers, top_losers, nepse_index, supply_demand",5640
2026-08-20T12:52:40.490442+05:45,2026-08-20 12:52:40,price_volume,price_volume_233,True,cloud_automated,Thursday - Trading Hours: 11:00 AM - 3:00 PM NPT,9201,Sun Nepal Life Insurance Company Limited,SNLI,58.0,13309.0,398.4,-1.410541945,404.1,,,,,,,,,,,,,,,,,,,,,,7,"price_volume, live_market, summary, top_gainers, top_losers, nepse_index, supply_demand",5640
2026-08-20T12:52:40.490442+05:45,2026-08-20 12:52:40,price_volume,price_volume_234,True,cloud_automated,Thursday - Trading Hours: 11:00 AM - 3:00 PM NPT,9344,Snow Rivers Limited,SNORL,58.0,2163.0,902.0,-1.420765027,915.0,,,,,,,,,,,,,,,,,,,,,,7,"price_volume, live_market, summary, top_gainers, top_losers, nepse_index, supply_demand",5640
2026-08-20T12:52:40.490442+05:45,2026-08-20 12:52:40,price_volume,price_volume_235,True,cloud_automated,Thursday - Trading Hours: 11:00 AM - 3:00 PM NPT,9311,Solu Hydropower Limited,SOHL,58.0,68969.0,677.0,-0.747690954,682.1,,,,,,,,,,,,,,,,,,,,,,7,"price_volume, live_market, summary, top_gainers, top_losers, nepse_index, supply_demand",5640
2026-08-20T12:52:40.490442+05:45,2026-08-20 12:52:40,price_volume,price_volume_236,True,cloud_automated,Thursday - Trading Hours: 11:00 AM - 3:00 PM NPT,9216,Sonapur Minerals And Oil Limited,SONA,58.0,4715.0,398.5,-0.375,400.0,,,,,,,,,,,,,,,,,,,,,,7,"price_volume, live_market, summary, top_gainers, top_losers, nepse_index, supply_demand",5640
2026-08-20T12:52:40.490442+05:45,2026-08-20 12:52:40,price_volume,price_volume_237,True,cloud_automated,Thursday - Trading Hours: 11:00 AM - 3:00 PM NPT,9336,Sopan Pharmaceuticals Limited,SOPL,58.0,14905.0,769.6,-1.333333333,780.0,,,,,,,,,,,,,,,,,,,,,,7,"price_volume, live_market, summary, top_gainers, top_losers, nepse_index, supply_demand",5640
2026-08-20T12:52:40.490442+05:45,2026-08-20 12:52:40,price_volume,price_volume_238,True,cloud_automated,Thursday - Trading Hours: 11:00 AM - 3:00 PM NPT,8025,Samling Power Company Limited,SPC,58.0,1310.0,413.0,-0.959232614,417.0,,,,,,,,,,,,,,,,,,,,,,7,"price_volume, live_market, summary, top_gainers, top_losers, nepse_index, supply_demand",5640
2026-08-20T12:52:40.490442+05:45,2026-08-20 12:52:40,price_volume,price_volume_239,True,cloud_automated,Thursday - Trading Hours: 11:00 AM - 3:00 PM NPT,2759,Synergy Power Development Ltd.,SPDL,58.0,9340.0,363.0,-1.062959935,366.9,,,,,,,,,,,,,,,,,,,,,,7,"price_volume, live_market, summary, top_gainers, top_losers, nepse_index, supply_demand",5640
2026-08-20T12:52:40.490442+05:45,2026-08-20 12:52:40,price_volume,price_volume_240,True,cloud_automated,Thursday - Trading Hours: 11:00 AM - 3:00 PM NPT,8121,Sayapatri Hydropower Limited,SPHL,58.0,140.0,508.2,-1.32038835,515.0,,,,,,,,,,,,,,,,,,,,,,7,"price_volume, live_market, summary, top_gainers, top_losers, nepse_index, supply_demand",5640
2026-08-20T12:52:40.490442+05:45,2026-08-20 12:52:40,price_volume,price_volume_241,True,cloud_automated,Thursday - Trading Hours: 11:00 AM - 3:00 PM NPT,182,Siddhartha Premier Insurance Limited,SPIL,58.0,2967.0,678.0,-0.294117647,680.0,,,,,,,,,,,,,,,,,,,,,,7,"price_volume, live_market, summary, top_gainers, top_losers, nepse_index, supply_demand",5640
2026-08-20T12:52:40.490442+05:45,2026-08-20 12:52:40,price_volume,price_volume_242,True,cloud_automated,Thursday - Trading Hours: 11:00 AM - 3:00 PM NPT,9147,Shuvam Power Limited,SPL,58.0,649.0,629.7,-4.446130501,659.0,,,,,,,,,,,,,,,,,,,,,,7,"price_volume, live_market, summary, top_gainers, top_losers, nepse_index, supply_demand",5640
2026-08-20T12:52:40.490442+05:45,2026-08-20 12:52:40,price_volume,price_volume_243,True,cloud_automated,Thursday - Trading Hours: 11:00 AM - 3:00 PM NPT,5982,Sanima Reliance Life Insurance Limited,SRLI,58.0,2675.0,366.2,-0.678058042,368.7,,,,,,,,,,,,,,,,,,,,,,7,"price_volume, live_market, summary, top_gainers, top_losers, nepse_index, supply_demand",5640
2026-08-20T12:52:40.490442+05:45,2026-08-20 12:52:40,price_volume,price_volume_244,True,cloud_automated,Thursday - Trading Hours: 11:00 AM - 3:00 PM NPT,2907,Shiva Shree Hydropower Ltd,SSHL,58.0,20736.0,199.3,-0.747011952,200.8,,,,,,,,,,,,,,,,,,,,,,7,"price_volume, live_market, summary, top_gainers, top_losers, nepse_index, supply_demand",5640
2026-08-20T12:52:40.490442+05:45,2026-08-20 12:52:40,price_volume,price_volume_245,True,cloud_automated,Thursday - Trading Hours: 11:00 AM - 3:00 PM NPT,155,Salt Trading Corporation,STC,58.0,800.0,5150.0,-0.961538462,5200.0,,,,,,,,,,,,,,,,,,,,,,7,"price_volume, live_market, summary, top_gainers, top_losers, nepse_index, supply_demand",5640
2026-08-20T12:52:40.490442+05:45,2026-08-20 12:52:40,price_volume,price_volume_246,True,cloud_automated,Thursday - Trading Hours: 11:00 AM - 3:00 PM NPT,9295,Swastik Laghubitta Bittiya Sanstha Limited,SWASTIK,58.0,705.0,1950.0,-1.955854995,1988.9,,,,,,,,,,,,,,,,,,,,,,7,"price_volume, live_market, summary, top_gainers, top_losers, nepse_index, supply_demand",5640
2026-08-20T12:52:40.490442+05:45,2026-08-20 12:52:40,price_volume,price_volume_247,True,cloud_automated,Thursday - Trading Hours: 11:00 AM - 3:00 PM NPT,268,Swabalamban Laghubitta Bittiya Sanstha Limited,SWBBL,58.0,2838.0,665.6,-0.209895052,667.0,,,,,,,,,,,,,,,,,,,,,,7,"price_volume, live_market, summary, top_gainers, top_losers, nepse_index, supply_demand",5640
2026-08-20T12:52:40.490442+05:45,2026-08-20 12:52:40,price_volume,price_volume_248,True,cloud_automated,Thursday - Trading Hours: 11:00 AM - 3:00 PM NPT,706,Suryodaya Womi Laghubitta Bittiya Sanstha Limited,SWMF,58.0,1693.0,600.0,-0.629347466,603.8,,,,,,,,,,,,,,,,,,,,,,7,"price_volume, live_market, summary, top_gainers, top_losers, nepse_index, supply_demand",5640
2026-08-20T12:52:40.490442+05:45,2026-08-20 12:52:40,price_volume,price_volume_249,True,cloud_automated,Thursday - Trading Hours: 11:00 AM - 3:00 PM NPT,9303,SY Panel Nepal Limited,SYPNL,58.0,8571.0,1273.0,0.157356412,1271.0,,,,,,,,,,,,,,,,,,,,,,7,"price_volume, live_market, summary, top_gainers, top_losers, nepse_index, supply_demand",5640
2026-08-20T12:52:40.490442+05:45,2026-08-20 12:52:40,price_volume,price_volume_250,True,cloud_automated,Thursday - Trading Hours: 11:00 AM - 3:00 PM NPT,9156,Sanima Middle Tamor Hydropower Limited,TAMOR,58.0,45393.0,465.8,1.371055495,459.5,,,,,,,,,,,,,,,,,,,,,,7,"price_volume, live_market, summary, top_gainers, top_losers, nepse_index, supply_demand",5640
2026-08-20T12:52:40.490442+05:45,2026-08-20 12:52:40,price_volume,price_volume_251,True,cloud_automated,Thursday - Trading Hours: 11:00 AM - 3:00 PM NPT,8022,Terhathum Power Company Limited,TPC,58.0,7658.0,354.0,-1.255230126,358.5,,,,,,,,,,,,,,,,,,,,,,7,"price_volume, live_market, summary, top_gainers, top_losers, nepse_index, supply_demand",5640
2026-08-20T12:52:40.490442+05:45,2026-08-20 12:52:40,price_volume,price_volume_252,True,cloud_automated,Thursday - Trading Hours: 11:00 AM - 3:00 PM NPT,9343,Taksar Pikhuwa Khola Hydropower Limited,TPKHL,58.0,8193.0,552.2,-1.743772242,562.0,,,,,,,,,,,,,,,,,,,,,,7,"price_volume, live_market, summary, top_gainers, top_losers, nepse_index, supply_demand",5640
2026-08-20T12:52:40.490442+05:45,2026-08-20 12:52:40,price_volume,price_volume_253,True,cloud_automated,Thursday - Trading Hours: 11:00 AM - 3:00 PM NPT,148,Taragaon Regency Hotel Limited,TRH,58.0,2445.0,805.0,0.374064838,802.0,,,,,,,,,,,,,,,,,,,,,,7,"price_volume, live_market, summary, top_gainers, top_losers, nepse_index, supply_demand",5640
2026-08-20T12:52:40.490442+05:45,2026-08-20 12:52:40,price_volume,price_volume_254,True,cloud_automated,Thursday - Trading Hours: 11:00 AM - 3:00 PM NPT,9194,Three Star Hydropower Limited,TSHL,58.0,310.0,360.0,-1.612462421,365.9,,,,,,,,,,,,,,,,,,,,,,7,"price_volume, live_market, summary, top_gainers, top_losers, nepse_index, supply_demand",5640
2026-08-20T12:52:40.490442+05:45,2026-08-20 12:52:40,price_volume,price_volume_255,True,cloud_automated,Thursday - Trading Hours: 11:00 AM - 3:00 PM NPT,9262,Trade Tower Limited,TTL,58.0,2509.0,702.0,-0.284090909,704.0,,,,,,,,,,,,,,,,,,,,,,7,"price_volume, live_market, summary, top_gainers, top_losers, nepse_index, supply_demand",5640
2026-08-20T12:52:40.490442+05:45,2026-08-20 12:52:40,price_volume,price_volume_256,True,cloud_automated,Thursday - Trading Hours: 11:00 AM - 3:00 PM NPT,9218,Trishuli Jal Vidhyut Company Limited ,TVCL,58.0,11670.0,468.0,-0.847457627,472.0,,,,,,,,,,,,,,,,,,,,,,7,"price_volume, live_market, summary, top_gainers, top_losers, nepse_index, supply_demand",5640
2026-08-20T12:52:40.490442+05:45,2026-08-20 12:52:40,price_volume,price_volume_257,True,cloud_automated,Thursday - Trading Hours: 11:00 AM - 3:00 PM NPT,180,United Ajod Insurance Limited,UAIL,58.0,2393.0,421.7,-0.89306698,425.5,,,,,,,,,,,,,,,,,,,,,,7,"price_volume, live_market, summary, top_gainers, top_losers, nepse_index, supply_demand",5640
2026-08-20T12:52:40.490442+05:45,2026-08-20 12:52:40,price_volume,price_volume_258,True,cloud_automated,Thursday - Trading Hours: 11:00 AM - 3:00 PM NPT,8099,Upper Hewakhola Hydropower Company Limited,UHEWA,58.0,13232.0,606.9,-0.508196721,610.0,,,,,,,,,,,,,,,,,,,,,,7,"price_volume, live_market, summary, top_gainers, top_losers, nepse_index, supply_demand",5640
2026-08-20T12:52:40.490442+05:45,2026-08-20 12:52:40,price_volume,price_volume_259,True,cloud_automated,Thursday - Trading Hours: 11:00 AM - 3:00 PM NPT,8063,Upakar Laghubitta Bittiya Sanstha Limited,ULBSL,58.0,2014.0,2450.1,-6.769406393,2628.0,,,,,,,,,,,,,,,,,,,,,,7,"price_volume, live_market, summary, top_gainers, top_losers, nepse_index, supply_demand",5640
2026-08-20T12:52:40.490442+05:45,2026-08-20 12:52:40,price_volume,price_volume_260,True,cloud_automated,Thursday - Trading Hours: 11:00 AM - 3:00 PM NPT,9208,Upper Lohore Khola Hydropower Company Limited,ULHC,58.0,1683.0,334.0,0.3003003,333.0,,,,,,,,,,,,,,,,,,,,,,7,"price_volume, live_market, summary, top_gainers, top_losers, nepse_index, supply_demand",5640
2026-08-20T12:52:40.490442+05:45,2026-08-20 12:52:40,price_volume,price_volume_261,True,cloud_automated,Thursday - Trading Hours: 11:00 AM - 3:00 PM NPT,2760,United Modi Hydropower Ltd.,UMHL,58.0,24489.0,586.5,-2.054108216,598.8,,,,,,,,,,,,,,,,,,,,,,7,"price_volume, live_market, summary, top_gainers, top_losers, nepse_index, supply_demand",5640
2026-08-20T12:52:40.490442+05:45,2026-08-20 12:52:40,price_volume,price_volume_262,True,cloud_automated,Thursday - Trading Hours: 11:00 AM - 3:00 PM NPT,2914,United IDI Mardi RB Hydropower Limited.,UMRH,58.0,2712.0,519.0,-2.075471698,530.0,,,,,,,,,,,,,,,,,,,,,,7,"price_volume, live_market, summary, top_gainers, top_losers, nepse_index, supply_demand",5640
2026-08-20T12:52:40.490442+05:45,2026-08-20 12:52:40,price_volume,price_volume_263,True,cloud_automated,Thursday - Trading Hours: 11:00 AM - 3:00 PM NPT,2831,Union Hydropower Limited,UNHPL,58.0,1070.0,366.0,-1.347708895,371.0,,,,,,,,,,,,,,,,,,,,,,7,"price_volume, live_market, summary, top_gainers, top_losers, nepse_index, supply_demand",5640
2026-08-20T12:52:40.490442+05:45,2026-08-20 12:52:40,price_volume,price_volume_264,True,cloud_automated,Thursday - Trading Hours: 11:00 AM - 3:00 PM NPT,9140,Unique Nepal Laghubitta Bittiya Sanstha Limited,UNLB,58.0,80.0,1245.0,-0.392031363,1249.9,,,,,,,,,,,,,,,,,,,,,,7,"price_volume, live_market, summary, top_gainers, top_losers, nepse_index, supply_demand",5640
2026-08-20T12:52:40.490442+05:45,2026-08-20 12:52:40,price_volume,price_volume_265,True,cloud_automated,Thursday - Trading Hours: 11:00 AM - 3:00 PM NPT,2810,UNIVERSAL POWER COMPANY LTD,UPCL,58.0,11338.0,342.0,-0.058445354,342.2,,,,,,,,,,,,,,,,,,,,,,7,"price_volume, live_market, summary, top_gainers, top_losers, nepse_index, supply_demand",5640
2026-08-20T12:52:40.490442+05:45,2026-08-20 12:52:40,price_volume,price_volume_266,True,cloud_automated,Thursday - Trading Hours: 11:00 AM - 3:00 PM NPT,2792,Upper Tamakoshi Hydropower Ltd,UPPER,58.0,25415.0,190.3,-0.626631854,191.5,,,,,,,,,,,,,,,,,,,,,,7,"price_volume, live_market, summary, top_gainers, top_losers, nepse_index, supply_demand",5640
2026-08-20T12:52:40.490442+05:45,2026-08-20 12:52:40,price_volume,price_volume_267,True,cloud_automated,Thursday - Trading Hours: 11:00 AM - 3:00 PM NPT,8104,Upper Solu Hydro Electric Company Limited,USHEC,58.0,1800.0,500.0,-0.398406375,502.0,,,,,,,,,,,,,,,,,,,,,,7,"price_volume, live_market, summary, top_gainers, top_losers, nepse_index, supply_demand",5640
2026-08-20T12:52:40.490442+05:45,2026-08-20 12:52:40,price_volume,price_volume_268,True,cloud_automated,Thursday - Trading Hours: 11:00 AM - 3:00 PM NPT,9192,Upper Syange Hydropower Limited,USHL,58.0,2209.0,535.0,-0.925925926,540.0,,,,,,,,,,,,,,,,,,,,,,7,"price_volume, live_market, summary, top_gainers, top_losers, nepse_index, supply_demand",5640
2026-08-20T12:52:40.490442+05:45,2026-08-20 12:52:40,price_volume,price_volume_269,True,cloud_automated,Thursday - Trading Hours: 11:00 AM - 3:00 PM NPT,2774,Unnati Sahakarya Laghubitta Bittiya Sanstha Limited,USLB,58.0,1694.0,1080.0,0.465116279,1075.0,,,,,,,,,,,,,,,,,,,,,,7,"price_volume, live_market, summary, top_gainers, top_losers, nepse_index, supply_demand",5640
2026-08-20T12:52:40.490442+05:45,2026-08-20 12:52:40,price_volume,price_volume_270,True,cloud_automated,Thursday - Trading Hours: 11:00 AM - 3:00 PM NPT,687,Vijaya laghubitta Bittiya Sanstha Ltd.,VLBS,58.0,247.0,647.5,-1.160128225,655.1,,,,,,,,,,,,,,,,,,,,,,7,"price_volume, live_market, summary, top_gainers, top_losers, nepse_index, supply_demand",5640
2026-08-20T12:52:40.490442+05:45,2026-08-20 12:52:40,price_volume,price_volume_271,True,cloud_automated,Thursday - Trading Hours: 11:00 AM - 3:00 PM NPT,9225,Vision Lumbini Urja Company Limited ,VLUCL,58.0,788.0,397.6,-0.6,400.0,,,,,,,,,,,,,,,,,,,,,,7,"price_volume, live_market, summary, top_gainers, top_losers, nepse_index, supply_demand",5640
2026-08-20T12:52:40.490442+05:45,2026-08-20 12:52:40,price_volume,price_volume_272,True,cloud_automated,Thursday - Trading Hours: 11:00 AM - 3:00 PM NPT,2781,Wean Nepal Laghubitta Bittiya Sanstha Limited,WNLB,58.0,38.0,1300.0,-1.886792453,1325.0,,,,,,,,,,,,,,,,,,,,,,7,"price_volume, live_market, summary, top_gainers, top_losers, nepse_index, supply_demand",5640
2026-08-20T12:52:40.490442+05:45,2026-08-20 12:52:40,price_volume,price_volume_273,True,cloud_automated,Thursday - Trading Hours: 11:00 AM - 3:00 PM NPT,9342,Yambaling Hydropower Limited,YMHL,58.0,10197.0,627.0,-1.213171577,634.7,,,,,,,,,,,,,,,,,,,,,,7,"price_volume, live_market, summary, top_gainers, top_losers, nepse_index, supply_demand",5640
2026-08-20T12:52:40.490442+05:45,2026-08-20 12:52:40,live_market,live_market_1,True,cloud_automated,Thursday - Trading Hours: 11:00 AM - 3:00 PM NPT,2751,Khanikhola Hydropower Co. Ltd.,KKHC,58.0,94716.0,283.7,-4.32,296.5,,287.7,295.0,279.0,26883319.5,2026-08-20 12:52:00.283215,23.0,283.83,,,,,,,,,,,,,,7,"price_volume, live_market, summary, top_gainers, top_losers, nepse_index, supply_demand",5640
2026-08-20T12:52:40.490442+05:45,2026-08-20 12:52:40,live_market,live_market_2,True,cloud_automated,Thursday - Trading Hours: 11:00 AM - 3:00 PM NPT,9252,Crest Micro Life Insurance Limited,CREST,58.0,3373.0,1127.1,-2.24,1152.9,,1145.0,1180.0,1120.0,3828327.5,2026-08-20 12:51:59.758303,100.0,1134.99,,,,,,,,,,,,,,7,"price_volume, live_market, summary, top_gainers, top_losers, nepse_index, supply_demand",5640
2026-08-20T12:52:40.490442+05:45,2026-08-20 12:52:40,live_market,live_market_3,True,cloud_automated,Thursday - Trading Hours: 11:00 AM - 3:00 PM NPT,9330,Palpa Cement Industries Limited,PCIL,58.0,8411.0,622.0,0.16,621.0,,620.0,622.5,615.0,5206908.0,2026-08-20 12:51:59.667188,10.0,619.06,,,,,,,,,,,,,,7,"price_volume, live_market, summary, top_gainers, top_losers, nepse_index, supply_demand",5640
2026-08-20T12:52:40.490442+05:45,2026-08-20 12:52:40,live_market,live_market_4,True,cloud_automated,Thursday - Trading Hours: 11:00 AM - 3:00 PM NPT,9345,Sanigad Hydro Limited,SGHL,58.0,33577.0,530.0,-1.65,538.9,,537.0,538.0,528.1,17829417.0,2026-08-20 12:51:55.185066,10.0,531.0,,,,,,,,,,,,,,7,"price_volume, live_market, summary, top_gainers, top_losers, nepse_index, supply_demand",5640
2026-08-20T12:52:40.490442+05:45,2026-08-20 12:52:40,live_market,live_market_5,True,cloud_automated,Thursday - Trading Hours: 11:00 AM - 3:00 PM NPT,8133,Peoples Hydropower Company Limited,PHCL,58.0,9196.0,300.7,0.5,299.2,,298.2,302.8,298.2,2772534.1,2026-08-20 12:51:54.586761,10.0,301.49,,,,,,,,,,,,,,7,"price_volume, live_market, summary, top_gainers, top_losers, nepse_index, supply_demand",5640
2026-08-20T12:52:40.490442+05:45,2026-08-20 12:52:40,live_market,live_market_6,True,cloud_automated,Thursday - Trading Hours: 11:00 AM - 3:00 PM NPT,8021,Sahas Urja Limited,SAHAS,58.0,67777.0,700.0,-0.14,701.0,,705.0,705.0,693.9,47309298.2,2026-08-20 12:51:54.068579,50.0,698.01,,,,,,,,,,,,,,7,"price_volume, live_market, summary, top_gainers, top_losers, nepse_index, supply_demand",5640
2026-08-20T12:52:40.490442+05:45,2026-08-20 12:52:40,live_market,live_market_7,True,cloud_automated,Thursday - Trading Hours: 11:00 AM - 3:00 PM NPT,9234,Himalayan Reinsurance Limited,HRL,58.0,15680.0,573.0,-0.31,574.8,,560.0,574.7,560.0,8935835.2,2026-08-20 12:51:54.003391,10.0,569.89,,,,,,,,,,,,,,7,"price_volume, live_market, summary, top_gainers, top_losers, nepse_index, supply_demand",5640
2026-08-20T12:52:40.490442+05:45,2026-08-20 12:52:40,live_market,live_market_8,True,cloud_automated,Thursday - Trading Hours: 11:00 AM - 3:00 PM NPT,9209,Citizen Life Insurance Company Limited,CLI,58.0,7993.0,429.9,-1.17,435.0,,435.0,435.0,429.8,3438860.6,2026-08-20 12:51:53.275146,25.0,430.23,,,,,,,,,,,,,,7,"price_volume, live_market, summary, top_gainers, top_losers, nepse_index, supply_demand",5640
2026-08-20T12:52:40.490442+05:45,2026-08-20 12:52:40,live_market,live_market_9,True,cloud_automated,Thursday - Trading Hours: 11:00 AM - 3:00 PM NPT,9297,Bandipur Cablecar and Tourism Limited,BANDIPUR,58.0,7015.0,676.7,-0.79,682.1,,682.0,682.0,676.0,4759398.5,2026-08-20 12:51:53.179297,10.0,678.46,,,,,,,,,,,,,,7,"price_volume, live_market, summary, top_gainers, top_losers, nepse_index, supply_demand",5640
2026-08-20T12:52:40.490442+05:45,2026-08-20 12:52:40,live_market,live_market_10,True,cloud_automated,Thursday - Trading Hours: 11:00 AM - 3:00 PM NPT,171,Sanima Bank Limited,SANIMA,58.0,24592.0,370.7,0.16,370.1,,368.9,370.7,367.9,9079912.4,2026-08-20 12:51:52.761722,147.0,369.22,,,,,,,,,,,,,,7,"price_volume, live_market, summary, top_gainers, top_losers, nepse_index, supply_demand",5640
2026-08-20T12:52:40.490442+05:45,2026-08-20 12:52:40,live_market,live_market_11,True,cloud_automated,Thursday - Trading Hours: 11:00 AM - 3:00 PM NPT,610,Ridi Power Company Limited,RIDI,58.0,67533.0,358.9,-0.66,361.3,,365.0,365.0,356.1,24283116.0,2026-08-20 12:51:48.786791,10.0,359.57,,,,,,,,,,,,,,7,"price_volume, live_market, summary, top_gainers, top_losers, nepse_index, supply_demand",5640
2026-08-20T12:52:40.490442+05:45,2026-08-20 12:52:40,live_market,live_market_12,True,cloud_automated,Thursday - Trading Hours: 11:00 AM - 3:00 PM NPT,134,Himalayan Bank Limited,HBL,58.0,6308.0,190.1,-0.73,191.5,,192.0,193.0,190.0,1200959.7,2026-08-20 12:51:48.659315,10.0,190.39,,,,,,,,,,,,,,7,"price_volume, live_market, summary, top_gainers, top_losers, nepse_index, supply_demand",5640
2026-08-20T12:52:40.490442+05:45,2026-08-20 12:52:40,live_market,live_market_13,True,cloud_automated,Thursday - Trading Hours: 11:00 AM - 3:00 PM NPT,9352,Mount Everest Power Development Limited,MEPDL,58.0,24680.0,797.6,14.99,693.6,,728.2,797.6,728.2,19667901.0,2026-08-20 12:51:48.282802,10.0,796.92,,,,,,,,,,,,,,7,"price_volume, live_market, summary, top_gainers, top_losers, nepse_index, supply_demand",5640
2026-08-20T12:52:40.490442+05:45,2026-08-20 12:52:40,live_market,live_market_14,True,cloud_automated,Thursday - Trading Hours: 11:00 AM - 3:00 PM NPT,9173,City Hotel Limited,CITY,58.0,24807.0,357.9,-0.56,359.9,,377.8,377.8,355.0,8841588.5,2026-08-20 12:51:44.94176,50.0,356.42,,,,,,,,,,,,,,7,"price_volume, live_market, summary, top_gainers, top_losers, nepse_index, supply_demand",5640
2026-08-20T12:52:40.490442+05:45,2026-08-20 12:52:40,live_market,live_market_15,True,cloud_automated,Thursday - Trading Hours: 11:00 AM - 3:00 PM NPT,5982,Sanima Reliance Life Insurance Limited,SRLI,58.0,2875.0,366.2,-0.68,368.7,,369.0,369.0,365.1,1051932.1,2026-08-20 12:51:44.67168,200.0,365.89,,,,,,,,,,,,,,7,"price_volume, live_market, summary, top_gainers, top_losers, nepse_index, supply_demand",5640
2026-08-20T12:52:40.490442+05:45,2026-08-20 12:52:40,live_market,live_market_16,True,cloud_automated,Thursday - Trading Hours: 11:00 AM - 3:00 PM NPT,9336,Sopan Pharmaceuticals Limited,SOPL,58.0,14925.0,769.6,-1.33,780.0,,775.0,777.0,765.2,11520246.7,2026-08-20 12:51:44.423557,10.0,771.88,,,,,,,,,,,,,,7,"price_volume, live_market, summary, top_gainers, top_losers, nepse_index, supply_demand",5640
2026-08-20T12:52:40.490442+05:45,2026-08-20 12:52:40,live_market,live_market_17,True,cloud_automated,Thursday - Trading Hours: 11:00 AM - 3:00 PM NPT,9301,Shreenagar Agritech Industries Limited,SAIL,58.0,10310.0,1013.2,-1.62,1029.9,,1010.0,1032.8,1010.0,10484217.9,2026-08-20 12:51:44.26457,125.0,1016.9,,,,,,,,,,,,,,7,"price_volume, live_market, summary, top_gainers, top_losers, nepse_index, supply_demand",5640
2026-08-20T12:52:40.490442+05:45,2026-08-20 12:52:40,live_market,live_market_18,True,cloud_automated,Thursday - Trading Hours: 11:00 AM - 3:00 PM NPT,8099,Upper Hewakhola Hydropower Company Limited,UHEWA,58.0,13242.0,607.7,-0.38,610.0,,601.0,629.0,601.0,8097742.6,2026-08-20 12:51:42.312143,10.0,611.52,,,,,,,,,,,,,,7,"price_volume, live_market, summary, top_gainers, top_losers, nepse_index, supply_demand",5640
2026-08-20T12:52:40.490442+05:45,2026-08-20 12:52:40,live_market,live_market_19,True,cloud_automated,Thursday - Trading Hours: 11:00 AM - 3:00 PM NPT,9166,Makar Jitumaya Suri Hydropower Limited,MAKAR,58.0,7190.0,411.0,1.01,406.9,,400.0,436.7,400.0,2951342.0,2026-08-20 12:51:38.412611,1000.0,410.48,,,,,,,,,,,,,,7,"price_volume, live_market, summary, top_gainers, top_losers, nepse_index, supply_demand",5640
2026-08-20T12:52:40.490442+05:45,2026-08-20 12:52:40,live_market,live_market_20,True,cloud_automated,Thursday - Trading Hours: 11:00 AM - 3:00 PM NPT,8070,Dordi Khola Jal Bidyut Company Limited,DORDI,58.0,1353.0,247.0,-0.4,248.0,,248.0,248.0,246.0,333235.0,2026-08-20 12:51:37.33412,20.0,246.29,,,,,,,,,,,,,,7,"price_volume, live_market, summary, top_gainers, top_losers, nepse_index, supply_demand",5640
2026-08-20T12:52:40.490442+05:45,2026-08-20 12:52:40,live_market,live_market_21,True,cloud_automated,Thursday - Trading Hours: 11:00 AM - 3:00 PM NPT,574,Sana Kisan Bikas Laghubitta Bittiya Sanstha Limited,SKBBL,58.0,879.0,748.1,0.01,748.0,,755.0,755.0,747.1,658302.5,2026-08-20 12:51:33.446811,32.0,748.92,,,,,,,,,,,,,,7,"price_volume, live_market, summary, top_gainers, top_losers, nepse_index, supply_demand",5640
2026-08-20T12:52:40.490442+05:45,2026-08-20 12:52:40,live_market,live_market_22,True,cloud_automated,Thursday - Trading Hours: 11:00 AM - 3:00 PM NPT,2760,United Modi Hydropower Ltd.,UMHL,58.0,24664.0,586.5,-2.05,598.8,,585.0,615.0,585.0,14525677.0,2026-08-20 12:51:33.064867,100.0,588.94,,,,,,,,,,,,,,7,"price_volume, live_market, summary, top_gainers, top_losers, nepse_index, supply_demand",5640
2026-08-20T12:52:40.490442+05:45,2026-08-20 12:52:40,live_market,live_market_23,True,cloud_automated,Thursday - Trading Hours: 11:00 AM - 3:00 PM NPT,9343,Taksar Pikhuwa Khola Hydropower Limited,TPKHL,58.0,8343.0,552.1,-1.76,562.0,,534.8,564.9,534.8,4603259.4,2026-08-20 12:51:32.912445,80.0,551.75,,,,,,,,,,,,,,7,"price_volume, live_market, summary, top_gainers, top_losers, nepse_index, supply_demand",5640
2026-08-20T12:52:40.490442+05:45,2026-08-20 12:52:40,live_market,live_market_24,True,cloud_automated,Thursday - Trading Hours: 11:00 AM - 3:00 PM NPT,9146,Super Madi Hydropower Limited,SMHL,58.0,136872.0,516.0,2.79,502.0,,502.0,518.0,498.1,69956754.4,2026-08-20 12:51:32.408022,50.0,511.11,,,,,,,,,,,,,,7,"price_volume, live_market, summary, top_gainers, top_losers, nepse_index, supply_demand",5640
2026-08-20T12:52:40.490442+05:45,2026-08-20 12:52:40,live_market,live_market_25,True,cloud_automated,Thursday - Trading Hours: 11:00 AM - 3:00 PM NPT,2742,Hydorelectricity Investment and Development Company Ltd,HIDCL,58.0,5761.0,251.1,0.04,251.0,,252.9,252.9,249.0,1441359.2,2026-08-20 12:51:30.679949,400.0,250.19,,,,,,,,,,,,,,7,"price_volume, live_market, summary, top_gainers, top_losers, nepse_index, supply_demand",5640
2026-08-20T12:52:40.490442+05:45,2026-08-20 12:52:40,live_market,live_market_26,True,cloud_automated,Thursday - Trading Hours: 11:00 AM - 3:00 PM NPT,9213,Hathway Investment Nepal Limited,HATHY,58.0,8802.0,593.0,-1.69,603.2,,606.0,606.0,593.0,5245637.5,2026-08-20 12:51:30.455558,1.0,595.96,,,,,,,,,,,,,,7,"price_volume, live_market, summary, top_gainers, top_losers, nepse_index, supply_demand",5640
2026-08-20T12:52:40.490442+05:45,2026-08-20 12:52:40,live_market,live_market_27,True,cloud_automated,Thursday - Trading Hours: 11:00 AM - 3:00 PM NPT,9346,Kalanga Hydro Limited,KAHL,58.0,11942.0,539.0,-2.0,550.0,,540.0,549.0,536.0,6455632.9,2026-08-20 12:51:23.675841,10.0,540.58,,,,,,,,,,,,,,7,"price_volume, live_market, summary, top_gainers, top_losers, nepse_index, supply_demand",5640
2026-08-20T12:52:40.490442+05:45,2026-08-20 12:52:40,live_market,live_market_28,True,cloud_automated,Thursday - Trading Hours: 11:00 AM - 3:00 PM NPT,9245,Muktinath Mutual Fund 1,MNMF1,58.0,1450.0,9.45,-2.07,9.65,,9.38,9.46,9.38,13686.5,2026-08-20 12:51:23.540959,900.0,9.44,,,,,,,,,,,,,,7,"price_volume, live_market, summary, top_gainers, top_losers, nepse_index, supply_demand",5640
2026-08-20T12:52:40.490442+05:45,2026-08-20 12:52:40,live_market,live_market_29,True,cloud_automated,Thursday - Trading Hours: 11:00 AM - 3:00 PM NPT,178,National Life Insurance Co. Ltd.,NLICL,58.0,2793.0,564.0,-0.19,565.1,,560.09,575.0,560.09,1573278.29,2026-08-20 12:51:23.240938,100.0,563.29,,,,,,,,,,,,,,7,"price_volume, live_market, summary, top_gainers, top_losers, nepse_index, supply_demand",5640
2026-08-20T12:52:40.490442+05:45,2026-08-20 12:52:40,live_market,live_market_30,True,cloud_automated,Thursday - Trading Hours: 11:00 AM - 3:00 PM NPT,9212,Mandu Hydropower Limited,MANDU,58.0,4545.0,822.0,2.62,801.0,,814.7,829.0,801.0,3671453.4,2026-08-20 12:51:21.979217,10.0,807.8,,,,,,,,,,,,,,7,"price_volume, live_market, summary, top_gainers, top_losers, nepse_index, supply_demand",5640
2026-08-20T12:52:40.490442+05:45,2026-08-20 12:52:40,live_market,live_market_31,True,cloud_automated,Thursday - Trading Hours: 11:00 AM - 3:00 PM NPT,2919,Nepal Infrastructure Bank Limited,NIFRA,58.0,17667.0,243.0,-0.49,244.2,,242.1,244.0,242.1,4292532.5,2026-08-20 12:51:20.989142,64.0,242.97,,,,,,,,,,,,,,7,"price_volume, live_market, summary, top_gainers, top_losers, nepse_index, supply_demand",5640
2026-08-20T12:52:40.490442+05:45,2026-08-20 12:52:40,live_market,live_market_32,True,cloud_automated,Thursday - Trading Hours: 11:00 AM - 3:00 PM NPT,9193,Ghorahi Cement Industry Limited,GCIL,58.0,1674.0,339.2,-0.82,342.0,,340.0,342.0,338.0,568668.9,2026-08-20 12:51:20.866593,12.0,339.71,,,,,,,,,,,,,,7,"price_volume, live_market, summary, top_gainers, top_losers, nepse_index, supply_demand",5640
2026-08-20T12:52:40.490442+05:45,2026-08-20 12:52:40,live_market,live_market_33,True,cloud_automated,Thursday - Trading Hours: 11:00 AM - 3:00 PM NPT,2744,Green Development Bank Ltd.,GRDBL,58.0,7765.0,980.0,-3.35,1014.0,,1000.0,1019.0,975.6,7694806.8,2026-08-20 12:51:19.356679,50.0,990.96,,,,,,,,,,,,,,7,"price_volume, live_market, summary, top_gainers, top_losers, nepse_index, supply_demand",5640
2026-08-20T12:52:40.490442+05:45,2026-08-20 12:52:40,live_market,live_market_34,True,cloud_automated,Thursday - Trading Hours: 11:00 AM - 3:00 PM NPT,9256,Om Megashree Pharmaceuticals Limited,OMPL,58.0,730.0,885.0,-1.67,900.0,,885.0,889.9,880.0,644713.0,2026-08-20 12:51:18.38088,10.0,883.17,,,,,,,,,,,,,,7,"price_volume, live_market, summary, top_gainers, top_losers, nepse_index, supply_demand",5640
2026-08-20T12:52:40.490442+05:45,2026-08-20 12:52:40,live_market,live_market_35,True,cloud_automated,Thursday - Trading Hours: 11:00 AM - 3:00 PM NPT,9347,Everest Colour Limited,ECL,58.0,5477.0,1430.0,-0.42,1436.0,,1400.0,1490.0,1400.0,7834377.5,2026-08-20 12:51:17.578241,200.0,1430.41,,,,,,,,,,,,,,7,"price_volume, live_market, summary, top_gainers, top_losers, nepse_index, supply_demand",5640
2026-08-20T12:52:40.490442+05:45,2026-08-20 12:52:40,live_market,live_market_36,True,cloud_automated,Thursday - Trading Hours: 11:00 AM - 3:00 PM NPT,9156,Sanima Middle Tamor Hydropower Limited,TAMOR,58.0,52243.0,467.0,1.63,459.5,,462.0,467.0,460.0,24179867.5,2026-08-20 12:51:15.656213,40.0,462.83,,,,,,,,,,,,,,7,"price_volume, live_market, summary, top_gainers, top_losers, nepse_index, supply_demand",5640
2026-08-20T12:52:40.490442+05:45,2026-08-20 12:52:40,live_market,live_market_37,True,cloud_automated,Thursday - Trading Hours: 11:00 AM - 3:00 PM NPT,194,Nepal Finance Ltd.,NFS,58.0,945.0,556.0,-0.11,556.6,,565.0,565.0,556.0,525918.6,2026-08-20 12:51:12.892055,10.0,556.53,,,,,,,,,,,,,,7,"price_volume, live_market, summary, top_gainers, top_losers, nepse_index, supply_demand",5640
2026-08-20T12:52:40.490442+05:45,2026-08-20 12:52:40,live_market,live_market_38,True,cloud_automated,Thursday - Trading Hours: 11:00 AM - 3:00 PM NPT,9230,Muktinath Krishi Company Limited,MKCL,58.0,745.0,960.0,-1.54,975.0,,960.0,971.0,960.0,715385.0,2026-08-20 12:51:10.701778,52.0,960.25,,,,,,,,,,,,,,7,"price_volume, live_market, summary, top_gainers, top_losers, nepse_index, supply_demand",5640
2026-08-20T12:52:40.490442+05:45,2026-08-20 12:52:40,live_market,live_market_39,True,cloud_automated,Thursday - Trading Hours: 11:00 AM - 3:00 PM NPT,474,Muktinath Bikas Bank Ltd.,MNBBL,58.0,13300.0,361.4,0.11,361.0,,361.0,362.0,359.2,4795900.6,2026-08-20 12:51:10.255814,10.0,360.59,,,,,,,,,,,,,,7,"price_volume, live_market, summary, top_gainers, top_losers, nepse_index, supply_demand",5640
2026-08-20T12:52:40.490442+05:45,2026-08-20 12:52:40,live_market,live_market_40,True,cloud_automated,Thursday - Trading Hours: 11:00 AM - 3:00 PM NPT,2789,Joshi Hydropower Development Company Ltd,JOSHI,58.0,2468.0,267.0,-2.2,273.0,,270.0,270.0,265.2,659618.8,2026-08-20 12:51:10.247715,50.0,267.27,,,,,,,,,,,,,,7,"price_volume, live_market, summary, top_gainers, top_losers, nepse_index, supply_demand",5640
2026-08-20T12:52:40.490442+05:45,2026-08-20 12:52:40,live_market,live_market_41,True,cloud_automated,Thursday - Trading Hours: 11:00 AM - 3:00 PM NPT,2881,Nepal Reinsurance Company Limited,NRIC,58.0,12781.0,900.0,-1.21,911.0,,900.2,917.9,898.1,11498928.5,2026-08-20 12:51:08.425566,53.0,899.69,,,,,,,,,,,,,,7,"price_volume, live_market, summary, top_gainers, top_losers, nepse_index, supply_demand",5640
2026-08-20T12:52:40.490442+05:45,2026-08-20 12:52:40,live_market,live_market_42,True,cloud_automated,Thursday - Trading Hours: 11:00 AM - 3:00 PM NPT,9344,Snow Rivers Limited,SNORL,58.0,2173.0,902.0,-1.42,915.0,,900.0,914.0,900.0,1960070.3,2026-08-20 12:51:08.295046,10.0,902.01,,,,,,,,,,,,,,7,"price_volume, live_market, summary, top_gainers, top_losers, nepse_index, supply_demand",5640
2026-08-20T12:52:40.490442+05:45,2026-08-20 12:52:40,live_market,live_market_43,True,cloud_automated,Thursday - Trading Hours: 11:00 AM - 3:00 PM NPT,9203,Manakamana Engineering Hydropower Limited,MEHL,58.0,61656.0,251.0,-3.09,259.0,,259.0,259.0,248.0,15496002.3,2026-08-20 12:51:08.288859,1000.0,251.33,,,,,,,,,,,,,,7,"price_volume, live_market, summary, top_gainers, top_losers, nepse_index, supply_demand",5640
2026-08-20T12:52:40.490442+05:45,2026-08-20 12:52:40,live_market,live_market_44,True,cloud_automated,Thursday - Trading Hours: 11:00 AM - 3:00 PM NPT,9170,Dolti Power Company Limited,DOLTI,58.0,8854.0,308.0,-0.65,310.0,,311.0,311.0,305.0,2721868.6,2026-08-20 12:51:08.195724,698.0,307.42,,,,,,,,,,,,,,7,"price_volume, live_market, summary, top_gainers, top_losers, nepse_index, supply_demand",5640
2026-08-20T12:52:40.490442+05:45,2026-08-20 12:52:40,live_market,live_market_45,True,cloud_automated,Thursday - Trading Hours: 11:00 AM - 3:00 PM NPT,9322,Bhujung Hydropower Limited,BJHL,58.0,10109.0,708.4,-1.61,720.0,,710.0,719.0,695.0,7147100.5,2026-08-20 12:51:05.719221,10.0,707.0,,,,,,,,,,,,,,7,"price_volume, live_market, summary, top_gainers, top_losers, nepse_index, supply_demand",5640
2026-08-20T12:52:40.490442+05:45,2026-08-20 12:52:40,live_market,live_market_46,True,cloud_automated,Thursday - Trading Hours: 11:00 AM - 3:00 PM NPT,357,Prime Commercial Bank Ltd.,PCBL,58.0,4737.0,239.4,-0.46,240.5,,240.0,240.9,238.1,1131728.0,2026-08-20 12:51:05.48655,500.0,238.91,,,,,,,,,,,,,,7,"price_volume, live_market, summary, top_gainers, top_losers, nepse_index, supply_demand",5640
2026-08-20T12:52:40.490442+05:45,2026-08-20 12:52:40,live_market,live_market_47,True,cloud_automated,Thursday - Trading Hours: 11:00 AM - 3:00 PM NPT,9262,Trade Tower Limited,TTL,58.0,2519.0,701.0,-0.43,704.0,,704.0,714.0,701.0,1775099.5,2026-08-20 12:51:03.907754,10.0,704.68,,,,,,,,,,,,,,7,"price_volume, live_market, summary, top_gainers, top_losers, nepse_index, supply_demand",5640
2026-08-20T12:52:40.490442+05:45,2026-08-20 12:52:40,live_market,live_market_48,True,cloud_automated,Thursday - Trading Hours: 11:00 AM - 3:00 PM NPT,9324,Ridge Line Energy Limited,RLEL,58.0,1860.0,871.1,-2.0,888.9,,888.0,900.0,867.0,1624190.5,2026-08-20 12:51:02.106133,10.0,873.22,,,,,,,,,,,,,,7,"price_volume, live_market, summary, top_gainers, top_losers, nepse_index, supply_demand",5640
2026-08-20T12:52:40.490442+05:45,2026-08-20 12:52:40,live_market,live_market_49,True,cloud_automated,Thursday - Trading Hours: 11:00 AM - 3:00 PM NPT,8045,Green Ventures Limited,GVL,58.0,1315.0,474.0,0.42,472.0,,470.0,474.0,469.8,620583.2,2026-08-20 12:51:01.196918,99.0,471.93,,,,,,,,,,,,,,7,"price_volume, live_market, summary, top_gainers, top_losers, nepse_index, supply_demand",5640
2026-08-20T12:52:40.490442+05:45,2026-08-20 12:52:40,live_market,live_market_50,True,cloud_automated,Thursday - Trading Hours: 11:00 AM - 3:00 PM NPT,9139,Sanima Growth Fund,SAGF,58.0,100.0,9.99,0.1,9.98,,9.99,9.99,9.99,999.0,2026-08-20 12:51:00.371377,100.0,9.99,,,,,,,,,,,,,,7,"price_volume, live_market, summary, top_gainers, top_losers, nepse_index, supply_demand",5640
2026-08-20T12:52:40.490442+05:45,2026-08-20 12:52:40,live_market,live_market_51,True,cloud_automated,Thursday - Trading Hours: 11:00 AM - 3:00 PM NPT,2860,Saptakoshi Development Bank Ltd,SAPDBL,58.0,22877.0,719.9,-3.11,743.0,,740.0,740.0,710.0,16421434.1,2026-08-20 12:50:59.34614,15.0,717.81,,,,,,,,,,,,,,7,"price_volume, live_market, summary, top_gainers, top_losers, nepse_index, supply_demand",5640
2026-08-20T12:52:40.490442+05:45,2026-08-20 12:52:40,live_market,live_market_52,True,cloud_automated,Thursday - Trading Hours: 11:00 AM - 3:00 PM NPT,2787,Kalika power Company Ltd,KPCL,58.0,932.0,460.0,-0.22,461.0,,458.0,460.1,458.0,428574.0,2026-08-20 12:50:57.072099,50.0,459.84,,,,,,,,,,,,,,7,"price_volume, live_market, summary, top_gainers, top_losers, nepse_index, supply_demand",5640
2026-08-20T12:52:40.490442+05:45,2026-08-20 12:52:40,live_market,live_market_53,True,cloud_automated,Thursday - Trading Hours: 11:00 AM - 3:00 PM NPT,137,Everest Bank Limited,EBL,58.0,14517.0,734.0,0.55,730.0,,731.0,735.0,727.0,10644401.4,2026-08-20 12:50:53.999746,5.0,733.24,,,,,,,,,,,,,,7,"price_volume, live_market, summary, top_gainers, top_losers, nepse_index, supply_demand",5640
2026-08-20T12:52:40.490442+05:45,2026-08-20 12:52:40,live_market,live_market_54,True,cloud_automated,Thursday - Trading Hours: 11:00 AM - 3:00 PM NPT,2761,Samata Gharelu Laghubitta Bittiya Sanstha Limited,SMATA,58.0,1536.0,706.0,-0.56,710.0,,710.0,712.0,700.0,1079099.8,2026-08-20 12:50:53.819407,29.0,702.54,,,,,,,,,,,,,,7,"price_volume, live_market, summary, top_gainers, top_losers, nepse_index, supply_demand",5640
2026-08-20T12:52:40.490442+05:45,2026-08-20 12:52:40,live_market,live_market_55,True,cloud_automated,Thursday - Trading Hours: 11:00 AM - 3:00 PM NPT,2792,Upper Tamakoshi Hydropower Ltd,UPPER,58.0,25415.0,190.3,-0.63,191.5,,201.0,201.0,190.0,4834353.9,2026-08-20 12:50:52.598573,31.0,190.22,,,,,,,,,,,,,,7,"price_volume, live_market, summary, top_gainers, top_losers, nepse_index, supply_demand",5640
2026-08-20T12:52:40.490442+05:45,2026-08-20 12:52:40,live_market,live_market_56,True,cloud_automated,Thursday - Trading Hours: 11:00 AM - 3:00 PM NPT,2804,Samudayik Laghubitta Bittiya Sanstha Limited,SLBSL,58.0,1069.0,891.0,-1.76,907.0,,930.0,933.0,888.1,961989.4,2026-08-20 12:50:50.593954,30.0,899.9,,,,,,,,,,,,,,7,"price_volume, live_market, summary, top_gainers, top_losers, nepse_index, supply_demand",5640
2026-08-20T12:52:40.490442+05:45,2026-08-20 12:52:40,live_market,live_market_57,True,cloud_automated,Thursday - Trading Hours: 11:00 AM - 3:00 PM NPT,184,Prabhu Insurance Ltd.,PRIN,58.0,966.0,650.0,-0.91,656.0,,649.0,650.1,648.1,627171.6,2026-08-20 12:50:49.950643,150.0,649.25,,,,,,,,,,,,,,7,"price_volume, live_market, summary, top_gainers, top_losers, nepse_index, supply_demand",5640
2026-08-20T12:52:40.490442+05:45,2026-08-20 12:52:40,live_market,live_market_58,True,cloud_automated,Thursday - Trading Hours: 11:00 AM - 3:00 PM NPT,273,ICFC Finance Limited,ICFC,58.0,2562.0,591.0,-0.34,593.0,,590.3,591.0,590.0,1511856.5,2026-08-20 12:50:49.750497,1.0,590.11,,,,,,,,,,,,,,7,"price_volume, live_market, summary, top_gainers, top_losers, nepse_index, supply_demand",5640
2026-08-20T12:52:40.490442+05:45,2026-08-20 12:52:40,live_market,live_market_59,True,cloud_automated,Thursday - Trading Hours: 11:00 AM - 3:00 PM NPT,9323,Super Khudi Hydropower Limited,SKHL,58.0,6711.0,800.0,-0.99,808.0,,767.6,841.0,767.6,5385975.4,2026-08-20 12:50:48.046579,20.0,802.56,,,,,,,,,,,,,,7,"price_volume, live_market, summary, top_gainers, top_losers, nepse_index, supply_demand",5640
2026-08-20T12:52:40.490442+05:45,2026-08-20 12:52:40,live_market,live_market_60,True,cloud_automated,Thursday - Trading Hours: 11:00 AM - 3:00 PM NPT,8121,Sayapatri Hydropower Limited,SPHL,58.0,140.0,508.2,-1.32,515.0,,500.0,530.0,500.0,71424.0,2026-08-20 12:50:47.00999,10.0,510.17,,,,,,,,,,,,,,7,"price_volume, live_market, summary, top_gainers, top_losers, nepse_index, supply_demand",5640
2026-08-20T12:52:40.490442+05:45,2026-08-20 12:52:40,live_market,live_market_61,True,cloud_automated,Thursday - Trading Hours: 11:00 AM - 3:00 PM NPT,517,Nepal Bank Limited,NBL,58.0,33902.0,275.0,0.0,275.0,,275.0,276.1,273.0,9319813.3,2026-08-20 12:50:46.150176,50.0,274.9,,,,,,,,,,,,,,7,"price_volume, live_market, summary, top_gainers, top_losers, nepse_index, supply_demand",5640
2026-08-20T12:52:40.490442+05:45,2026-08-20 12:52:40,live_market,live_market_62,True,cloud_automated,Thursday - Trading Hours: 11:00 AM - 3:00 PM NPT,2809,SHIVAM CEMENTS LTD,SHIVM,58.0,6758.0,628.0,0.1,627.4,,632.0,632.0,625.0,4237095.2,2026-08-20 12:50:43.887165,50.0,626.97,,,,,,,,,,,,,,7,"price_volume, live_market, summary, top_gainers, top_losers, nepse_index, supply_demand",5640
2026-08-20T12:52:40.490442+05:45,2026-08-20 12:52:40,live_market,live_market_63,True,cloud_automated,Thursday - Trading Hours: 11:00 AM - 3:00 PM NPT,450,Corporate Development Bank Limited,CORBL,58.0,17015.0,1001.0,-2.63,1028.0,,1028.0,1028.0,985.0,16982194.5,2026-08-20 12:50:43.12996,10.0,998.07,,,,,,,,,,,,,,7,"price_volume, live_market, summary, top_gainers, top_losers, nepse_index, supply_demand",5640
2026-08-20T12:52:40.490442+05:45,2026-08-20 12:52:40,live_market,live_market_64,True,cloud_automated,Thursday - Trading Hours: 11:00 AM - 3:00 PM NPT,2934,Singati Hydro Energy Limited,SHEL,58.0,16113.0,295.2,-0.94,298.0,,295.0,296.9,294.6,4758963.5,2026-08-20 12:50:42.550793,10.0,295.35,,,,,,,,,,,,,,7,"price_volume, live_market, summary, top_gainers, top_losers, nepse_index, supply_demand",5640
2026-08-20T12:52:40.490442+05:45,2026-08-20 12:52:40,live_market,live_market_65,True,cloud_automated,Thursday - Trading Hours: 11:00 AM - 3:00 PM NPT,9342,Yambaling Hydropower Limited,YMHL,58.0,10197.0,627.0,-1.21,634.7,,620.0,634.0,620.0,6377797.4,2026-08-20 12:50:40.837182,10.0,625.46,,,,,,,,,,,,,,7,"price_volume, live_market, summary, top_gainers, top_losers, nepse_index, supply_demand",5640
2026-08-20T12:52:40.490442+05:45,2026-08-20 12:52:40,live_market,live_market_66,True,cloud_automated,Thursday - Trading Hours: 11:00 AM - 3:00 PM NPT,9208,Upper Lohore Khola Hydropower Company Limited,ULHC,58.0,1683.0,334.0,0.3,333.0,,349.6,349.6,332.1,560918.5,2026-08-20 12:50:37.69535,10.0,333.28,,,,,,,,,,,,,,7,"price_volume, live_market, summary, top_gainers, top_losers, nepse_index, supply_demand",5640
2026-08-20T12:52:40.490442+05:45,2026-08-20 12:52:40,live_market,live_market_67,True,cloud_automated,Thursday - Trading Hours: 11:00 AM - 3:00 PM NPT,142,Kumari Bank Limited,KBL,58.0,34016.0,214.0,-0.05,214.1,,215.0,215.0,212.1,7253621.7,2026-08-20 12:50:35.424652,650.0,213.24,,,,,,,,,,,,,,7,"price_volume, live_market, summary, top_gainers, top_losers, nepse_index, supply_demand",5640
2026-08-20T12:52:40.490442+05:45,2026-08-20 12:52:40,live_market,live_market_68,True,cloud_automated,Thursday - Trading Hours: 11:00 AM - 3:00 PM NPT,9259,Reliable Samriddhi Yojana,RSY,58.0,3400.0,10.52,0.0,10.52,,10.3,10.55,10.3,35664.0,2026-08-20 12:50:34.18016,100.0,10.49,,,,,,,,,,,,,,7,"price_volume, live_market, summary, top_gainers, top_losers, nepse_index, supply_demand",5640
2026-08-20T12:52:40.490442+05:45,2026-08-20 12:52:40,live_market,live_market_69,True,cloud_automated,Thursday - Trading Hours: 11:00 AM - 3:00 PM NPT,2903,Liberty Energy Company Limited,LEC,58.0,37580.0,220.9,0.0,220.9,,219.0,221.9,219.0,8277080.3,2026-08-20 12:50:31.461671,10.0,220.25,,,,,,,,,,,,,,7,"price_volume, live_market, summary, top_gainers, top_losers, nepse_index, supply_demand",5640
2026-08-20T12:52:40.490442+05:45,2026-08-20 12:52:40,live_market,live_market_70,True,cloud_automated,Thursday - Trading Hours: 11:00 AM - 3:00 PM NPT,9311,Solu Hydropower Limited,SOHL,58.0,68969.0,677.0,-0.75,682.1,,682.1,689.9,674.1,46831081.0,2026-08-20 12:50:31.258369,10.0,679.02,,,,,,,,,,,,,,7,"price_volume, live_market, summary, top_gainers, top_losers, nepse_index, supply_demand",5640
2026-08-20T12:52:40.490442+05:45,2026-08-20 12:52:40,live_market,live_market_71,True,cloud_automated,Thursday - Trading Hours: 11:00 AM - 3:00 PM NPT,145,Siddhartha Bank Limited,SBL,58.0,34459.0,408.0,-0.05,408.2,,406.3,411.8,406.2,14099576.5,2026-08-20 12:50:30.458338,1600.0,409.17,,,,,,,,,,,,,,7,"price_volume, live_market, summary, top_gainers, top_losers, nepse_index, supply_demand",5640
2026-08-20T12:52:40.490442+05:45,2026-08-20 12:52:40,live_market,live_market_72,True,cloud_automated,Thursday - Trading Hours: 11:00 AM - 3:00 PM NPT,187,Nepal Life Insurance Co. Ltd.,NLIC,58.0,4567.0,715.6,-0.46,718.9,,720.0,722.0,714.0,3268401.1,2026-08-20 12:50:27.512988,10.0,715.66,,,,,,,,,,,,,,7,"price_volume, live_market, summary, top_gainers, top_losers, nepse_index, supply_demand",5640
2026-08-20T12:52:40.490442+05:45,2026-08-20 12:52:40,live_market,live_market_73,True,cloud_automated,Thursday - Trading Hours: 11:00 AM - 3:00 PM NPT,9305,Salapa Bikas Bank Limited,SABBL,58.0,3043.0,933.0,-0.74,940.0,,930.0,950.0,922.2,2829103.3,2026-08-20 12:50:23.317382,10.0,929.71,,,,,,,,,,,,,,7,"price_volume, live_market, summary, top_gainers, top_losers, nepse_index, supply_demand",5640
2026-08-20T12:52:40.490442+05:45,2026-08-20 12:52:40,live_market,live_market_74,True,cloud_automated,Thursday - Trading Hours: 11:00 AM - 3:00 PM NPT,9337,Appolo Hydropower Limited,APHL,58.0,2161.0,748.0,-0.66,753.0,,743.3,752.0,743.3,1619395.9,2026-08-20 12:50:20.353296,20.0,749.37,,,,,,,,,,,,,,7,"price_volume, live_market, summary, top_gainers, top_losers, nepse_index, supply_demand",5640
2026-08-20T12:52:40.490442+05:45,2026-08-20 12:52:40,live_market,live_market_75,True,cloud_automated,Thursday - Trading Hours: 11:00 AM - 3:00 PM NPT,8066,River Falls Power Limited,RFPL,58.0,4773.0,330.0,-0.6,332.0,,325.0,335.0,325.0,1575316.7,2026-08-20 12:50:20.060479,11.0,330.05,,,,,,,,,,,,,,7,"price_volume, live_market, summary, top_gainers, top_losers, nepse_index, supply_demand",5640
2026-08-20T12:52:40.490442+05:45,2026-08-20 12:52:40,live_market,live_market_76,True,cloud_automated,Thursday - Trading Hours: 11:00 AM - 3:00 PM NPT,9270,Him Star Urja Company Limited,HIMSTAR,58.0,155.0,683.0,-0.5,686.4,,671.0,690.0,671.0,105496.0,2026-08-20 12:50:17.858195,10.0,680.62,,,,,,,,,,,,,,7,"price_volume, live_market, summary, top_gainers, top_losers, nepse_index, supply_demand",5640
2026-08-20T12:52:40.490442+05:45,2026-08-20 12:52:40,live_market,live_market_77,True,cloud_automated,Thursday - Trading Hours: 11:00 AM - 3:00 PM NPT,2757,Arun Kabeli Power Ltd.,AKPL,58.0,7133.0,248.0,-0.4,249.0,,250.0,250.0,247.0,1765984.7,2026-08-20 12:50:17.132769,105.0,247.58,,,,,,,,,,,,,,7,"price_volume, live_market, summary, top_gainers, top_losers, nepse_index, supply_demand",5640
2026-08-20T12:52:40.490442+05:45,2026-08-20 12:52:40,live_market,live_market_78,True,cloud_automated,Thursday - Trading Hours: 11:00 AM - 3:00 PM NPT,8076,Himalayan Hydropower Limited,HHL,58.0,3550.0,328.1,-1.17,332.0,,332.0,335.0,328.1,1168667.5,2026-08-20 12:50:14.498213,239.0,329.2,,,,,,,,,,,,,,7,"price_volume, live_market, summary, top_gainers, top_losers, nepse_index, supply_demand",5640
2026-08-20T12:52:40.490442+05:45,2026-08-20 12:52:40,live_market,live_market_79,True,cloud_automated,Thursday - Trading Hours: 11:00 AM - 3:00 PM NPT,341,Global IME Bank Limited,GBIME,58.0,11713.0,248.0,0.04,247.9,,249.0,249.0,245.4,2890942.6,2026-08-20 12:50:10.167808,65.0,246.81,,,,,,,,,,,,,,7,"price_volume, live_market, summary, top_gainers, top_losers, nepse_index, supply_demand",5640
2026-08-20T12:52:40.490442+05:45,2026-08-20 12:52:40,live_market,live_market_80,True,cloud_automated,Thursday - Trading Hours: 11:00 AM - 3:00 PM NPT,2908,Sanima GIC Insurance Limited,SGIC,58.0,1001.0,445.3,-0.91,449.4,,445.1,449.0,444.3,446721.0,2026-08-20 12:50:08.807246,10.0,446.27,,,,,,,,,,,,,,7,"price_volume, live_market, summary, top_gainers, top_losers, nepse_index, supply_demand",5640
2026-08-20T12:52:40.490442+05:45,2026-08-20 12:52:40,live_market,live_market_81,True,cloud_automated,Thursday - Trading Hours: 11:00 AM - 3:00 PM NPT,8031,Madhya Bhotekoshi Jalavidyut Company Limited,MBJC,58.0,1762.0,263.0,-0.38,264.0,,262.1,263.3,262.1,462495.4,2026-08-20 12:50:08.777606,40.0,262.48,,,,,,,,,,,,,,7,"price_volume, live_market, summary, top_gainers, top_losers, nepse_index, supply_demand",5640
2026-08-20T12:52:40.490442+05:45,2026-08-20 12:52:40,live_market,live_market_82,True,cloud_automated,Thursday - Trading Hours: 11:00 AM - 3:00 PM NPT,255,Prabhu  Bank Limited,PRVU,58.0,28349.0,182.0,0.0,182.0,,182.0,182.9,180.3,5142159.9,2026-08-20 12:50:08.722772,75.0,181.39,,,,,,,,,,,,,,7,"price_volume, live_market, summary, top_gainers, top_losers, nepse_index, supply_demand",5640
2026-08-20T12:52:40.490442+05:45,2026-08-20 12:52:40,live_market,live_market_83,True,cloud_automated,Thursday - Trading Hours: 11:00 AM - 3:00 PM NPT,9258,Pure Energy Limited,PURE,58.0,1604.0,792.6,-2.72,814.8,,800.0,820.0,792.3,1287990.0,2026-08-20 12:50:07.448721,10.0,802.99,,,,,,,,,,,,,,7,"price_volume, live_market, summary, top_gainers, top_losers, nepse_index, supply_demand",5640
2026-08-20T12:52:40.490442+05:45,2026-08-20 12:52:40,live_market,live_market_84,True,cloud_automated,Thursday - Trading Hours: 11:00 AM - 3:00 PM NPT,2788,Ankhu Khola Jalvidhyut Company Ltd,AKJCL,58.0,31546.0,352.0,0.06,351.8,,350.6,354.5,350.5,11097694.9,2026-08-20 12:50:05.814061,100.0,351.79,,,,,,,,,,,,,,7,"price_volume, live_market, summary, top_gainers, top_losers, nepse_index, supply_demand",5640
2026-08-20T12:52:40.490442+05:45,2026-08-20 12:52:40,live_market,live_market_85,True,cloud_automated,Thursday - Trading Hours: 11:00 AM - 3:00 PM NPT,618,Laxmi Laghubitta Bittiya Sanstha Ltd.,LLBS,58.0,300.0,851.0,-1.29,862.1,,850.0,870.0,850.0,255480.0,2026-08-20 12:50:00.710236,270.0,851.6,,,,,,,,,,,,,,7,"price_volume, live_market, summary, top_gainers, top_losers, nepse_index, supply_demand",5640
2026-08-20T12:52:40.490442+05:45,2026-08-20 12:52:40,live_market,live_market_86,True,cloud_automated,Thursday - Trading Hours: 11:00 AM - 3:00 PM NPT,417,Garima Bikas Bank Limited,GBBL,58.0,10199.0,423.0,0.0,423.0,,420.5,423.9,420.5,4304801.9,2026-08-20 12:49:59.711021,100.0,422.08,,,,,,,,,,,,,,7,"price_volume, live_market, summary, top_gainers, top_losers, nepse_index, supply_demand",5640
2026-08-20T12:52:40.490442+05:45,2026-08-20 12:52:40,live_market,live_market_87,True,cloud_automated,Thursday - Trading Hours: 11:00 AM - 3:00 PM NPT,2907,Shiva Shree Hydropower Ltd,SSHL,58.0,20736.0,199.3,-0.75,200.8,,200.0,200.9,198.4,4134385.6,2026-08-20 12:49:54.591964,180.0,199.38,,,,,,,,,,,,,,7,"price_volume, live_market, summary, top_gainers, top_losers, nepse_index, supply_demand",5640
2026-08-20T12:52:40.490442+05:45,2026-08-20 12:52:40,live_market,live_market_88,True,cloud_automated,Thursday - Trading Hours: 11:00 AM - 3:00 PM NPT,9287,Mabilung Energy Limited,MABEL,58.0,2355.0,590.6,-2.22,604.0,,610.0,617.0,590.0,1398332.0,2026-08-20 12:49:54.387486,10.0,593.77,,,,,,,,,,,,,,7,"price_volume, live_market, summary, top_gainers, top_losers, nepse_index, supply_demand",5640
2026-08-20T12:52:40.490442+05:45,2026-08-20 12:52:40,live_market,live_market_89,True,cloud_automated,Thursday - Trading Hours: 11:00 AM - 3:00 PM NPT,9303,SY Panel Nepal Limited,SYPNL,58.0,8571.0,1273.0,0.16,1271.0,,1207.5,1296.0,1207.5,10915876.7,2026-08-20 12:49:50.322308,20.0,1273.58,,,,,,,,,,,,,,7,"price_volume, live_market, summary, top_gainers, top_losers, nepse_index, supply_demand",5640
2026-08-20T12:52:40.490442+05:45,2026-08-20 12:52:40,live_market,live_market_90,True,cloud_automated,Thursday - Trading Hours: 11:00 AM - 3:00 PM NPT,697,Api Power Company Ltd.,API,58.0,21362.0,329.0,-0.3,330.0,,331.0,331.0,328.0,7022711.8,2026-08-20 12:49:48.13377,84.0,328.75,,,,,,,,,,,,,,7,"price_volume, live_market, summary, top_gainers, top_losers, nepse_index, supply_demand",5640
2026-08-20T12:52:40.490442+05:45,2026-08-20 12:52:40,live_market,live_market_91,True,cloud_automated,Thursday - Trading Hours: 11:00 AM - 3:00 PM NPT,139,NIC Asia Bank Ltd.,NICA,58.0,13268.0,315.0,-0.22,315.7,,308.0,317.0,308.0,4172050.8,2026-08-20 12:49:46.764903,50.0,314.44,,,,,,,,,,,,,,7,"price_volume, live_market, summary, top_gainers, top_losers, nepse_index, supply_demand",5640
2026-08-20T12:52:40.490442+05:45,2026-08-20 12:52:40,live_market,live_market_92,True,cloud_automated,Thursday - Trading Hours: 11:00 AM - 3:00 PM NPT,9306,Reliance Spinning Mills Limited,RSML,58.0,62306.0,2700.2,-0.36,2710.0,,2685.0,2724.0,2610.6,166409706.7,2026-08-20 12:49:45.450354,10.0,2670.85,,,,,,,,,,,,,,7,"price_volume, live_market, summary, top_gainers, top_losers, nepse_index, supply_demand",5640
2026-08-20T12:52:40.490442+05:45,2026-08-20 12:52:40,live_market,live_market_93,True,cloud_automated,Thursday - Trading Hours: 11:00 AM - 3:00 PM NPT,154,Chilime Hydropower Company Limited,CHCL,58.0,1581.0,480.0,0.21,479.0,,480.0,480.0,476.0,757834.0,2026-08-20 12:49:45.360604,60.0,479.34,,,,,,,,,,,,,,7,"price_volume, live_market, summary, top_gainers, top_losers, nepse_index, supply_demand",5640
2026-08-20T12:52:40.490442+05:45,2026-08-20 12:52:40,live_market,live_market_94,True,cloud_automated,Thursday - Trading Hours: 11:00 AM - 3:00 PM NPT,9267,Bikash Hydropower Company Limited,BHCL,58.0,14430.0,553.0,-2.64,568.0,,552.0,564.9,550.0,7992752.3,2026-08-20 12:49:37.880599,10.0,553.9,,,,,,,,,,,,,,7,"price_volume, live_market, summary, top_gainers, top_losers, nepse_index, supply_demand",5640
2026-08-20T12:52:40.490442+05:45,2026-08-20 12:52:40,live_market,live_market_95,True,cloud_automated,Thursday - Trading Hours: 11:00 AM - 3:00 PM NPT,9308,Hotel Forest Inn Limited,HFIN,58.0,5766.0,671.3,-1.15,679.1,,670.0,679.0,669.0,3872263.0,2026-08-20 12:49:36.439067,10.0,671.57,,,,,,,,,,,,,,7,"price_volume, live_market, summary, top_gainers, top_losers, nepse_index, supply_demand",5640
2026-08-20T12:52:40.490442+05:45,2026-08-20 12:52:40,live_market,live_market_96,True,cloud_automated,Thursday - Trading Hours: 11:00 AM - 3:00 PM NPT,9201,Sun Nepal Life Insurance Company Limited,SNLI,58.0,13309.0,398.4,-1.41,404.1,,404.0,405.0,398.2,5323291.3,2026-08-20 12:49:35.820141,64.0,399.98,,,,,,,,,,,,,,7,"price_volume, live_market, summary, top_gainers, top_losers, nepse_index, supply_demand",5640
2026-08-20T12:52:40.490442+05:45,2026-08-20 12:52:40,live_market,live_market_97,True,cloud_automated,Thursday - Trading Hours: 11:00 AM - 3:00 PM NPT,9329,Shikhar power Development Limited,SIPD,58.0,1150.0,646.3,0.19,645.1,,645.1,664.4,645.1,745879.0,2026-08-20 12:49:34.504729,10.0,648.59,,,,,,,,,,,,,,7,"price_volume, live_market, summary, top_gainers, top_losers, nepse_index, supply_demand",5640
2026-08-20T12:52:40.490442+05:45,2026-08-20 12:52:40,live_market,live_market_98,True,cloud_automated,Thursday - Trading Hours: 11:00 AM - 3:00 PM NPT,393,Himalayan Life Insurance Limited,HLI,58.0,7584.0,313.6,-0.44,315.0,,315.0,316.0,313.5,2383863.9,2026-08-20 12:49:29.508043,638.0,314.33,,,,,,,,,,,,,,7,"price_volume, live_market, summary, top_gainers, top_losers, nepse_index, supply_demand",5640
2026-08-20T12:52:40.490442+05:45,2026-08-20 12:52:40,live_market,live_market_99,True,cloud_automated,Thursday - Trading Hours: 11:00 AM - 3:00 PM NPT,9184,IME Life Insurance Company Limited,ILI,58.0,2020.0,414.0,0.24,413.0,,412.0,414.9,410.0,833034.2,2026-08-20 12:49:28.130001,12.0,412.39,,,,,,,,,,,,,,7,"price_volume, live_market, summary, top_gainers, top_losers, nepse_index, supply_demand",5640
2026-08-20T12:52:40.490442+05:45,2026-08-20 12:52:40,live_market,live_market_100,True,cloud_automated,Thursday - Trading Hours: 11:00 AM - 3:00 PM NPT,8022,Terhathum Power Company Limited,TPC,58.0,7658.0,354.0,-1.26,358.5,,360.0,363.9,354.0,2720532.0,2026-08-20 12:49:25.481947,20.0,355.25,,,,,,,,,,,,,,7,"price_volume, live_market, summary, top_gainers, top_losers, nepse_index, supply_demand",5640
2026-08-20T12:52:40.490442+05:45,2026-08-20 12:52:40,live_market,live_market_101,True,cloud_automated,Thursday - Trading Hours: 11:00 AM - 3:00 PM NPT,274,Excel Development Bank Ltd.,EDBL,58.0,520.0,577.1,-1.18,584.0,,590.0,590.0,577.1,303971.0,2026-08-20 12:49:24.557012,10.0,584.56,,,,,,,,,,,,,,7,"price_volume, live_market, summary, top_gainers, top_losers, nepse_index, supply_demand",5640
2026-08-20T12:52:40.490442+05:45,2026-08-20 12:52:40,live_market,live_market_102,True,cloud_automated,Thursday - Trading Hours: 11:00 AM - 3:00 PM NPT,3946,CEDB Holdings Limited,CHDC,58.0,4873.0,2181.5,-0.02,2182.0,,2199.0,2199.0,2170.0,10666759.4,2026-08-20 12:49:15.946887,100.0,2188.95,,,,,,,,,,,,,,7,"price_volume, live_market, summary, top_gainers, top_losers, nepse_index, supply_demand",5640
2026-08-20T12:52:40.490442+05:45,2026-08-20 12:52:40,live_market,live_market_103,True,cloud_automated,Thursday - Trading Hours: 11:00 AM - 3:00 PM NPT,235,Himalayan Distillery Limited,HDL,58.0,3584.0,1178.0,-0.02,1178.2,,1184.0,1184.0,1173.0,4213086.8,2026-08-20 12:49:15.390877,28.0,1175.53,,,,,,,,,,,,,,7,"price_volume, live_market, summary, top_gainers, top_losers, nepse_index, supply_demand",5640
2026-08-20T12:52:40.490442+05:45,2026-08-20 12:52:40,live_market,live_market_104,True,cloud_automated,Thursday - Trading Hours: 11:00 AM - 3:00 PM NPT,9293,Daramkhola Hydro Energy Limited,DHEL,58.0,3973.0,575.7,-1.42,584.0,,580.0,580.0,575.3,2296457.4,2026-08-20 12:48:50.787958,41.0,578.02,,,,,,,,,,,,,,7,"price_volume, live_market, summary, top_gainers, top_losers, nepse_index, supply_demand",5640
2026-08-20T12:52:40.490442+05:45,2026-08-20 12:52:40,live_market,live_market_105,True,cloud_automated,Thursday - Trading Hours: 11:00 AM - 3:00 PM NPT,9182,Siddhartha Investment Growth Scheme 3,SIGS3,58.0,130249.0,11.0,0.0,11.0,,11.1,11.1,10.99,1432339.51,2026-08-20 12:48:48.284412,50000.0,11.0,,,,,,,,,,,,,,7,"price_volume, live_market, summary, top_gainers, top_losers, nepse_index, supply_demand",5640
2026-08-20T12:52:40.490442+05:45,2026-08-20 12:52:40,live_market,live_market_106,True,cloud_automated,Thursday - Trading Hours: 11:00 AM - 3:00 PM NPT,403,SuryaJyoti Life Insurance Company Limited,SJLIC,58.0,3723.0,404.1,-0.71,407.0,,407.0,407.0,404.0,1508843.5,2026-08-20 12:48:47.931557,100.0,405.28,,,,,,,,,,,,,,7,"price_volume, live_market, summary, top_gainers, top_losers, nepse_index, supply_demand",5640
2026-08-20T12:52:40.490442+05:45,2026-08-20 12:52:40,live_market,live_market_107,True,cloud_automated,Thursday - Trading Hours: 11:00 AM - 3:00 PM NPT,9178,RBB Mutual Fund 2,RMF2,58.0,320.0,10.1,0.0,10.1,,10.1,10.1,10.1,3232.0,2026-08-20 12:48:41.983496,100.0,10.1,,,,,,,,,,,,,,7,"price_volume, live_market, summary, top_gainers, top_losers, nepse_index, supply_demand",5640
2026-08-20T12:52:40.490442+05:45,2026-08-20 12:52:40,live_market,live_market_108,True,cloud_automated,Thursday - Trading Hours: 11:00 AM - 3:00 PM NPT,9296,Bungal Hydro Limited,BUNGAL,58.0,4870.0,587.1,-1.82,598.0,,627.0,627.0,586.0,2872788.1,2026-08-20 12:48:41.333971,10.0,589.89,,,,,,,,,,,,,,7,"price_volume, live_market, summary, top_gainers, top_losers, nepse_index, supply_demand",5640
2026-08-20T12:52:40.490442+05:45,2026-08-20 12:52:40,live_market,live_market_109,True,cloud_automated,Thursday - Trading Hours: 11:00 AM - 3:00 PM NPT,2786,Panchakanya Mai Hydropower Ltd,PMHPL,58.0,5110.0,300.0,-2.28,307.0,,304.0,305.0,297.8,1536915.1,2026-08-20 12:48:41.276261,1410.0,300.77,,,,,,,,,,,,,,7,"price_volume, live_market, summary, top_gainers, top_losers, nepse_index, supply_demand",5640
2026-08-20T12:52:40.490442+05:45,2026-08-20 12:52:40,live_market,live_market_110,True,cloud_automated,Thursday - Trading Hours: 11:00 AM - 3:00 PM NPT,8108,Rapti Hydro And General Construction Limited,RHGCL,58.0,933.0,250.6,-0.95,253.0,,250.4,253.0,250.3,233908.2,2026-08-20 12:48:41.074585,20.0,250.71,,,,,,,,,,,,,,7,"price_volume, live_market, summary, top_gainers, top_losers, nepse_index, supply_demand",5640
2026-08-20T12:52:40.490442+05:45,2026-08-20 12:52:40,live_market,live_market_111,True,cloud_automated,Thursday - Trading Hours: 11:00 AM - 3:00 PM NPT,8041,NESDO Sambridha Laghubitta Bittiya Sanstha Limited,NESDO,58.0,81.0,1400.0,-0.85,1412.0,,1411.9,1411.9,1400.0,113743.8,2026-08-20 12:48:39.179761,10.0,1404.24,,,,,,,,,,,,,,7,"price_volume, live_market, summary, top_gainers, top_losers, nepse_index, supply_demand",5640
2026-08-20T12:52:40.490442+05:45,2026-08-20 12:52:40,live_market,live_market_112,True,cloud_automated,Thursday - Trading Hours: 11:00 AM - 3:00 PM NPT,9161,Aatmanirbhar Laghubitta Bittiya Sanstha Limited,ANLB,58.0,1022.0,5010.0,-1.76,5100.0,,5050.0,5050.0,4956.0,5098283.0,2026-08-20 12:48:36.775266,10.0,4988.54,,,,,,,,,,,,,,7,"price_volume, live_market, summary, top_gainers, top_losers, nepse_index, supply_demand",5640
2026-08-20T12:52:40.490442+05:45,2026-08-20 12:52:40,live_market,live_market_113,True,cloud_automated,Thursday - Trading Hours: 11:00 AM - 3:00 PM NPT,164,Chhimek Laghubitta Bittiya Sanstha Limited,CBBL,58.0,3981.0,939.0,0.43,935.0,,939.9,940.0,936.0,3739592.8,2026-08-20 12:48:32.522195,10.0,939.36,,,,,,,,,,,,,,7,"price_volume, live_market, summary, top_gainers, top_losers, nepse_index, supply_demand",5640
2026-08-20T12:52:40.490442+05:45,2026-08-20 12:52:40,live_market,live_market_114,True,cloud_automated,Thursday - Trading Hours: 11:00 AM - 3:00 PM NPT,9225,Vision Lumbini Urja Company Limited ,VLUCL,58.0,788.0,397.6,-0.6,400.0,,399.0,399.0,393.0,310243.0,2026-08-20 12:48:28.965591,10.0,393.71,,,,,,,,,,,,,,7,"price_volume, live_market, summary, top_gainers, top_losers, nepse_index, supply_demand",5640
2026-08-20T12:52:40.490442+05:45,2026-08-20 12:52:40,live_market,live_market_115,True,cloud_automated,Thursday - Trading Hours: 11:00 AM - 3:00 PM NPT,2776,Radhi Bidyut Company Ltd,RADHI,58.0,35191.0,703.5,-0.64,708.0,,707.0,717.0,698.4,24679180.3,2026-08-20 12:48:25.694832,298.0,701.29,,,,,,,,,,,,,,7,"price_volume, live_market, summary, top_gainers, top_losers, nepse_index, supply_demand",5640
2026-08-20T12:52:40.490442+05:45,2026-08-20 12:52:40,live_market,live_market_116,True,cloud_automated,Thursday - Trading Hours: 11:00 AM - 3:00 PM NPT,9334,Kalinchock Hydropower Limited,KHPL,58.0,2456.0,776.0,-1.15,785.0,,772.1,780.0,772.1,1906699.9,2026-08-20 12:48:25.018057,185.0,776.34,,,,,,,,,,,,,,7,"price_volume, live_market, summary, top_gainers, top_losers, nepse_index, supply_demand",5640
2026-08-20T12:52:40.490442+05:45,2026-08-20 12:52:40,live_market,live_market_117,True,cloud_automated,Thursday - Trading Hours: 11:00 AM - 3:00 PM NPT,9199,Reliable Nepal Life Insurance Limited,RNLI,58.0,4304.0,422.0,0.14,421.4,,422.1,424.5,420.4,1813956.2,2026-08-20 12:48:19.524822,12.0,421.46,,,,,,,,,,,,,,7,"price_volume, live_market, summary, top_gainers, top_losers, nepse_index, supply_demand",5640
2026-08-20T12:52:40.490442+05:45,2026-08-20 12:52:40,live_market,live_market_118,True,cloud_automated,Thursday - Trading Hours: 11:00 AM - 3:00 PM NPT,9218,Trishuli Jal Vidhyut Company Limited ,TVCL,58.0,11670.0,468.0,-0.85,472.0,,460.0,468.0,441.4,5296321.0,2026-08-20 12:48:12.726019,1285.0,453.84,,,,,,,,,,,,,,7,"price_volume, live_market, summary, top_gainers, top_losers, nepse_index, supply_demand",5640
2026-08-20T12:52:40.490442+05:45,2026-08-20 12:52:40,live_market,live_market_119,True,cloud_automated,Thursday - Trading Hours: 11:00 AM - 3:00 PM NPT,8023,Mega Mutual Fund -1,MMF1,58.0,2584.0,8.7,0.35,8.67,,8.7,9.15,8.7,23193.3,2026-08-20 12:48:12.329824,100.0,8.98,,,,,,,,,,,,,,7,"price_volume, live_market, summary, top_gainers, top_losers, nepse_index, supply_demand",5640
2026-08-20T12:52:40.490442+05:45,2026-08-20 12:52:40,live_market,live_market_120,True,cloud_automated,Thursday - Trading Hours: 11:00 AM - 3:00 PM NPT,132,Nepal Investment Mega Bank Limited,NIMB,58.0,26256.0,186.3,-0.9,188.0,,188.0,188.0,186.0,4898297.8,2026-08-20 12:48:11.312942,740.0,186.56,,,,,,,,,,,,,,7,"price_volume, live_market, summary, top_gainers, top_losers, nepse_index, supply_demand",5640
2026-08-20T12:52:40.490442+05:45,2026-08-20 12:52:40,live_market,live_market_121,True,cloud_automated,Thursday - Trading Hours: 11:00 AM - 3:00 PM NPT,591,Sanima Mai Hydropower Ltd.,SHPC,58.0,16665.0,491.0,-0.61,494.0,,490.1,493.9,489.2,8182048.2,2026-08-20 12:48:09.734515,2.0,490.97,,,,,,,,,,,,,,7,"price_volume, live_market, summary, top_gainers, top_losers, nepse_index, supply_demand",5640
2026-08-20T12:52:40.490442+05:45,2026-08-20 12:52:40,live_market,live_market_122,True,cloud_automated,Thursday - Trading Hours: 11:00 AM - 3:00 PM NPT,9349,Sanima Equity Fund-2,SAEF2,58.0,2650.0,9.04,0.11,9.03,,9.02,9.08,9.02,23935.0,2026-08-20 12:48:05.14184,100.0,9.03,,,,,,,,,,,,,,7,"price_volume, live_market, summary, top_gainers, top_losers, nepse_index, supply_demand",5640
2026-08-20T12:52:40.490442+05:45,2026-08-20 12:52:40,live_market,live_market_123,True,cloud_automated,Thursday - Trading Hours: 11:00 AM - 3:00 PM NPT,2913,Mountain Energy Nepal Limited,MEN,58.0,39769.0,627.7,0.13,626.9,,626.0,627.7,621.2,24890453.6,2026-08-20 12:48:03.321625,246.0,625.88,,,,,,,,,,,,,,7,"price_volume, live_market, summary, top_gainers, top_losers, nepse_index, supply_demand",5640
2026-08-20T12:52:40.490442+05:45,2026-08-20 12:52:40,live_market,live_market_124,True,cloud_automated,Thursday - Trading Hours: 11:00 AM - 3:00 PM NPT,183,Neco Insurance Limited,NIL,58.0,1739.0,595.0,-1.16,602.0,,602.0,610.0,595.0,1043718.4,2026-08-20 12:47:56.065527,1.0,600.18,,,,,,,,,,,,,,7,"price_volume, live_market, summary, top_gainers, top_losers, nepse_index, supply_demand",5640
2026-08-20T12:52:40.490442+05:45,2026-08-20 12:52:40,live_market,live_market_125,True,cloud_automated,Thursday - Trading Hours: 11:00 AM - 3:00 PM NPT,8065,CYC Nepal Laghubitta Bittiya Sanstha Limited,CYCL,58.0,2960.0,1488.0,-0.8,1500.0,,1425.0,1549.9,1425.0,4440668.9,2026-08-20 12:47:55.991284,47.0,1500.23,,,,,,,,,,,,,,7,"price_volume, live_market, summary, top_gainers, top_losers, nepse_index, supply_demand",5640
2026-08-20T12:52:40.490442+05:45,2026-08-20 12:52:40,live_market,live_market_126,True,cloud_automated,Thursday - Trading Hours: 11:00 AM - 3:00 PM NPT,245,Central Finance Co. Ltd.,CFCL,58.0,21056.0,592.0,-1.33,600.0,,590.0,600.0,588.0,12488009.8,2026-08-20 12:47:55.708138,500.0,593.09,,,,,,,,,,,,,,7,"price_volume, live_market, summary, top_gainers, top_losers, nepse_index, supply_demand",5640
2026-08-20T12:52:40.490442+05:45,2026-08-20 12:52:40,live_market,live_market_127,True,cloud_automated,Thursday - Trading Hours: 11:00 AM - 3:00 PM NPT,2924,GreenLife Hydropower Limited,GLH,58.0,2122.0,252.1,-0.24,252.7,,250.1,253.0,250.1,534643.0,2026-08-20 12:47:54.963168,10.0,251.95,,,,,,,,,,,,,,7,"price_volume, live_market, summary, top_gainers, top_losers, nepse_index, supply_demand",5640
2026-08-20T12:52:40.490442+05:45,2026-08-20 12:52:40,live_market,live_market_128,True,cloud_automated,Thursday - Trading Hours: 11:00 AM - 3:00 PM NPT,9196,Kutheli Bukhari Small Hydropower Limited,KBSH,58.0,1419.0,925.0,-1.28,937.0,,950.0,950.0,913.0,1299697.0,2026-08-20 12:47:48.077136,10.0,915.92,,,,,,,,,,,,,,7,"price_volume, live_market, summary, top_gainers, top_losers, nepse_index, supply_demand",5640
2026-08-20T12:52:40.490442+05:45,2026-08-20 12:52:40,live_market,live_market_129,True,cloud_automated,Thursday - Trading Hours: 11:00 AM - 3:00 PM NPT,9236,NIC ASIA Growth Fund-2,NICGF2,58.0,400.0,9.0,0.33,8.97,,9.0,9.0,9.0,3600.0,2026-08-20 12:47:46.046613,100.0,9.0,,,,,,,,,,,,,,7,"price_volume, live_market, summary, top_gainers, top_losers, nepse_index, supply_demand",5640
2026-08-20T12:52:40.490442+05:45,2026-08-20 12:52:40,live_market,live_market_130,True,cloud_automated,Thursday - Trading Hours: 11:00 AM - 3:00 PM NPT,133,Standard Chartered Bank Limited,SCB,58.0,2653.0,650.0,0.0,650.0,,654.0,654.0,647.0,1722146.4,2026-08-20 12:47:35.801576,10.0,649.13,,,,,,,,,,,,,,7,"price_volume, live_market, summary, top_gainers, top_losers, nepse_index, supply_demand",5640
2026-08-20T12:52:40.490442+05:45,2026-08-20 12:52:40,live_market,live_market_131,True,cloud_automated,Thursday - Trading Hours: 11:00 AM - 3:00 PM NPT,2806,Ghalemdi Hydro Limited,GHL,58.0,32945.0,234.0,-2.09,239.0,,234.9,240.0,230.6,7653970.7,2026-08-20 12:47:30.385446,10.0,232.33,,,,,,,,,,,,,,7,"price_volume, live_market, summary, top_gainers, top_losers, nepse_index, supply_demand",5640
2026-08-20T12:52:40.490442+05:45,2026-08-20 12:52:40,live_market,live_market_132,True,cloud_automated,Thursday - Trading Hours: 11:00 AM - 3:00 PM NPT,4951,Jeevan Bikas Laghubitta  Bittya Sanstha Ltd,JBLB,58.0,489.0,1269.9,-0.26,1273.2,,1270.0,1282.0,1262.0,620878.6,2026-08-20 12:47:29.660449,80.0,1269.69,,,,,,,,,,,,,,7,"price_volume, live_market, summary, top_gainers, top_losers, nepse_index, supply_demand",5640
2026-08-20T12:52:40.490442+05:45,2026-08-20 12:52:40,live_market,live_market_133,True,cloud_automated,Thursday - Trading Hours: 11:00 AM - 3:00 PM NPT,210,Citizen Investment Trust,CIT,58.0,1557.0,1690.0,-0.59,1700.0,,1692.1,1696.0,1690.0,2634100.5,2026-08-20 12:47:29.247512,19.0,1691.78,,,,,,,,,,,,,,7,"price_volume, live_market, summary, top_gainers, top_losers, nepse_index, supply_demand",5640
2026-08-20T12:52:40.490442+05:45,2026-08-20 12:52:40,live_market,live_market_134,True,cloud_automated,Thursday - Trading Hours: 11:00 AM - 3:00 PM NPT,8100,Swet-Ganga Hydropower & Construction Limited ,SGHC,58.0,12086.0,297.0,-0.37,298.1,,305.0,305.0,296.0,3593141.7,2026-08-20 12:47:28.187299,100.0,297.3,,,,,,,,,,,,,,7,"price_volume, live_market, summary, top_gainers, top_losers, nepse_index, supply_demand",5640
2026-08-20T12:52:40.490442+05:45,2026-08-20 12:52:40,live_market,live_market_135,True,cloud_automated,Thursday - Trading Hours: 11:00 AM - 3:00 PM NPT,141,Laxmi Sunrise Bank Limited,LSL,58.0,31214.0,219.0,0.5,217.9,,218.0,220.0,216.8,6842366.7,2026-08-20 12:47:28.006947,15.0,219.21,,,,,,,,,,,,,,7,"price_volume, live_market, summary, top_gainers, top_losers, nepse_index, supply_demand",5640
2026-08-20T12:52:40.490442+05:45,2026-08-20 12:52:40,live_market,live_market_136,True,cloud_automated,Thursday - Trading Hours: 11:00 AM - 3:00 PM NPT,8026,Nyadi Hydropower Limited,NYADI,58.0,760.0,357.0,-0.83,360.0,,360.0,360.0,357.0,271970.0,2026-08-20 12:47:25.902687,10.0,357.86,,,,,,,,,,,,,,7,"price_volume, live_market, summary, top_gainers, top_losers, nepse_index, supply_demand",5640
2026-08-20T12:52:40.490442+05:45,2026-08-20 12:52:40,live_market,live_market_137,True,cloud_automated,Thursday - Trading Hours: 11:00 AM - 3:00 PM NPT,9148,Super Mai Hydropower Limited,SMH,58.0,1058.0,503.5,0.26,502.2,,502.2,508.8,501.0,531658.0,2026-08-20 12:47:12.249416,100.0,502.51,,,,,,,,,,,,,,7,"price_volume, live_market, summary, top_gainers, top_losers, nepse_index, supply_demand",5640
2026-08-20T12:52:40.490442+05:45,2026-08-20 12:52:40,live_market,live_market_138,True,cloud_automated,Thursday - Trading Hours: 11:00 AM - 3:00 PM NPT,8055,Balephi Hydropower Limited,BHL,58.0,16043.0,208.0,-0.48,209.0,,210.0,210.0,206.5,3322165.2,2026-08-20 12:47:11.202209,100.0,207.08,,,,,,,,,,,,,,7,"price_volume, live_market, summary, top_gainers, top_losers, nepse_index, supply_demand",5640
2026-08-20T12:52:40.490442+05:45,2026-08-20 12:52:40,live_market,live_market_139,True,cloud_automated,Thursday - Trading Hours: 11:00 AM - 3:00 PM NPT,163,Nirdhan Utthan Laghubitta Bittiya Sanstha Limited,NUBL,58.0,1932.0,594.7,-0.05,595.0,,595.0,596.0,590.0,1140802.4,2026-08-20 12:47:10.840096,42.0,590.48,,,,,,,,,,,,,,7,"price_volume, live_market, summary, top_gainers, top_losers, nepse_index, supply_demand",5640
2026-08-20T12:52:40.490442+05:45,2026-08-20 12:52:40,live_market,live_market_140,True,cloud_automated,Thursday - Trading Hours: 11:00 AM - 3:00 PM NPT,9192,Upper Syange Hydropower Limited,USHL,58.0,2209.0,535.0,-0.93,540.0,,529.5,539.0,529.5,1171084.5,2026-08-20 12:46:59.59245,80.0,530.14,,,,,,,,,,,,,,7,"price_volume, live_market, summary, top_gainers, top_losers, nepse_index, supply_demand",5640
2026-08-20T12:52:40.490442+05:45,2026-08-20 12:52:40,live_market,live_market_141,True,cloud_automated,Thursday - Trading Hours: 11:00 AM - 3:00 PM NPT,360,Arun Valley Hydropower Development Co. Ltd.,AHPC,58.0,14324.0,259.7,-0.12,260.0,,259.0,261.0,257.1,3705013.8,2026-08-20 12:46:52.695142,160.0,258.66,,,,,,,,,,,,,,7,"price_volume, live_market, summary, top_gainers, top_losers, nepse_index, supply_demand",5640
2026-08-20T12:52:40.490442+05:45,2026-08-20 12:52:40,live_market,live_market_142,True,cloud_automated,Thursday - Trading Hours: 11:00 AM - 3:00 PM NPT,516,Manjushree Finance Ltd.,MFIL,58.0,6066.0,746.0,-0.25,747.9,,745.0,754.0,735.0,4518392.0,2026-08-20 12:46:48.538239,50.0,744.87,,,,,,,,,,,,,,7,"price_volume, live_market, summary, top_gainers, top_losers, nepse_index, supply_demand",5640
2026-08-20T12:52:40.490442+05:45,2026-08-20 12:52:40,live_market,live_market_143,True,cloud_automated,Thursday - Trading Hours: 11:00 AM - 3:00 PM NPT,8025,Samling Power Company Limited,SPC,58.0,1310.0,413.0,-0.96,417.0,,414.0,420.0,411.1,545923.0,2026-08-20 12:46:46.168591,10.0,416.74,,,,,,,,,,,,,,7,"price_volume, live_market, summary, top_gainers, top_losers, nepse_index, supply_demand",5640
2026-08-20T12:52:40.490442+05:45,2026-08-20 12:52:40,live_market,live_market_144,True,cloud_automated,Thursday - Trading Hours: 11:00 AM - 3:00 PM NPT,8111,Hydorelectricity Investment and Development Company Limited Promoter,HIDCLP,58.0,7959.0,184.5,-0.75,185.9,,188.0,188.0,184.4,1472819.2,2026-08-20 12:46:44.398073,25.0,185.05,,,,,,,,,,,,,,7,"price_volume, live_market, summary, top_gainers, top_losers, nepse_index, supply_demand",5640
2026-08-20T12:52:40.490442+05:45,2026-08-20 12:52:40,live_market,live_market_145,True,cloud_automated,Thursday - Trading Hours: 11:00 AM - 3:00 PM NPT,8131,Eastern Hydropower Limited,EHPL,58.0,8230.0,326.1,-2.66,335.0,,340.0,340.0,325.0,2685393.5,2026-08-20 12:46:43.526416,200.0,326.29,,,,,,,,,,,,,,7,"price_volume, live_market, summary, top_gainers, top_losers, nepse_index, supply_demand",5640
2026-08-20T12:52:40.490442+05:45,2026-08-20 12:52:40,live_market,live_market_146,True,cloud_automated,Thursday - Trading Hours: 11:00 AM - 3:00 PM NPT,9295,Swastik Laghubitta Bittiya Sanstha Limited,SWASTIK,58.0,705.0,1950.0,-1.96,1988.9,,1946.0,1960.0,1905.1,1361358.2,2026-08-20 12:46:40.337075,30.0,1931.0,,,,,,,,,,,,,,7,"price_volume, live_market, summary, top_gainers, top_losers, nepse_index, supply_demand",5640
2026-08-20T12:52:40.490442+05:45,2026-08-20 12:52:40,live_market,live_market_147,True,cloud_automated,Thursday - Trading Hours: 11:00 AM - 3:00 PM NPT,227,Best Finance Company Ltd.,BFC,58.0,1191.0,477.1,0.19,476.2,,488.0,488.0,475.0,568464.2,2026-08-20 12:46:29.920881,27.0,477.3,,,,,,,,,,,,,,7,"price_volume, live_market, summary, top_gainers, top_losers, nepse_index, supply_demand",5640
2026-08-20T12:52:40.490442+05:45,2026-08-20 12:52:40,live_market,live_market_148,True,cloud_automated,Thursday - Trading Hours: 11:00 AM - 3:00 PM NPT,2810,UNIVERSAL POWER COMPANY LTD,UPCL,58.0,11338.0,342.0,-0.06,342.2,,340.1,344.9,340.1,3865706.6,2026-08-20 12:46:26.509816,200.0,340.95,,,,,,,,,,,,,,7,"price_volume, live_market, summary, top_gainers, top_losers, nepse_index, supply_demand",5640
2026-08-20T12:52:40.490442+05:45,2026-08-20 12:52:40,live_market,live_market_149,True,cloud_automated,Thursday - Trading Hours: 11:00 AM - 3:00 PM NPT,152,National Hydro Power Company Limited,NHPC,58.0,55512.0,260.7,-0.87,263.0,,265.4,265.4,260.0,14481879.8,2026-08-20 12:46:22.582119,14.0,260.88,,,,,,,,,,,,,,7,"price_volume, live_market, summary, top_gainers, top_losers, nepse_index, supply_demand",5640
2026-08-20T12:52:40.490442+05:45,2026-08-20 12:52:40,live_market,live_market_150,True,cloud_automated,Thursday - Trading Hours: 11:00 AM - 3:00 PM NPT,307,Nepal Doorsanchar Company Limited,NTC,58.0,2246.0,878.2,-1.1,888.0,,888.1,888.6,875.1,1983707.7,2026-08-20 12:45:41.926632,20.0,883.22,,,,,,,,,,,,,,7,"price_volume, live_market, summary, top_gainers, top_losers, nepse_index, supply_demand",5640
2026-08-20T12:52:40.490442+05:45,2026-08-20 12:52:40,live_market,live_market_151,True,cloud_automated,Thursday - Trading Hours: 11:00 AM - 3:00 PM NPT,9176,Ingwa Hydropower Limited,IHL,58.0,2379.0,325.0,0.46,323.5,,322.0,329.0,321.9,766955.0,2026-08-20 12:45:41.102368,100.0,322.39,,,,,,,,,,,,,,7,"price_volume, live_market, summary, top_gainers, top_losers, nepse_index, supply_demand",5640
2026-08-20T12:52:40.490442+05:45,2026-08-20 12:52:40,live_market,live_market_152,True,cloud_automated,Thursday - Trading Hours: 11:00 AM - 3:00 PM NPT,2824,Himalaya Urja Bikas Company Limited,HURJA,58.0,9714.0,235.0,-0.21,235.5,,233.3,235.0,233.3,2276555.8,2026-08-20 12:45:40.17615,120.0,234.36,,,,,,,,,,,,,,7,"price_volume, live_market, summary, top_gainers, top_losers, nepse_index, supply_demand",5640
2026-08-20T12:52:40.490442+05:45,2026-08-20 12:52:40,live_market,live_market_153,True,cloud_automated,Thursday - Trading Hours: 11:00 AM - 3:00 PM NPT,9216,Sonapur Minerals And Oil Limited,SONA,58.0,4715.0,398.5,-0.38,400.0,,400.0,402.9,398.0,1882916.3,2026-08-20 12:45:36.562498,10.0,399.35,,,,,,,,,,,,,,7,"price_volume, live_market, summary, top_gainers, top_losers, nepse_index, supply_demand",5640
2026-08-20T12:52:40.490442+05:45,2026-08-20 12:52:40,live_market,live_market_154,True,cloud_automated,Thursday - Trading Hours: 11:00 AM - 3:00 PM NPT,2784,Nadep Laghubittiya bittya Sanstha Ltd.,NADEP,58.0,240.0,710.0,0.85,704.0,,696.4,710.0,696.0,167328.5,2026-08-20 12:45:32.202048,10.0,697.2,,,,,,,,,,,,,,7,"price_volume, live_market, summary, top_gainers, top_losers, nepse_index, supply_demand",5640
2026-08-20T12:52:40.490442+05:45,2026-08-20 12:52:40,live_market,live_market_155,True,cloud_automated,Thursday - Trading Hours: 11:00 AM - 3:00 PM NPT,2898,NRN Infrastructure and Development Limited,NRN,58.0,5950.0,1373.0,-0.44,1379.0,,1393.0,1393.0,1366.1,8159554.2,2026-08-20 12:45:31.590337,471.0,1371.35,,,,,,,,,,,,,,7,"price_volume, live_market, summary, top_gainers, top_losers, nepse_index, supply_demand",5640
2026-08-20T12:52:40.490442+05:45,2026-08-20 12:52:40,live_market,live_market_156,True,cloud_automated,Thursday - Trading Hours: 11:00 AM - 3:00 PM NPT,8032,Buddha Bhumi Nepal Hydropower Company Limited,BNHC,58.0,4890.0,275.1,-1.75,280.0,,280.0,280.0,275.0,1350632.3,2026-08-20 12:45:22.439743,20.0,276.2,,,,,,,,,,,,,,7,"price_volume, live_market, summary, top_gainers, top_losers, nepse_index, supply_demand",5640
2026-08-20T12:52:40.490442+05:45,2026-08-20 12:52:40,live_market,live_market_157,True,cloud_automated,Thursday - Trading Hours: 11:00 AM - 3:00 PM NPT,244,Shree Investment Finance Co. Ltd.,SIFC,58.0,964.0,498.9,-0.02,499.0,,495.0,500.0,491.6,476238.6,2026-08-20 12:45:18.964873,1.0,494.02,,,,,,,,,,,,,,7,"price_volume, live_market, summary, top_gainers, top_losers, nepse_index, supply_demand",5640
2026-08-20T12:52:40.490442+05:45,2026-08-20 12:52:40,live_market,live_market_158,True,cloud_automated,Thursday - Trading Hours: 11:00 AM - 3:00 PM NPT,601,Mithila LaghuBitta Bittiya Sanstha Limited,MLBBL,58.0,816.0,1012.0,-1.74,1029.9,,1037.0,1053.8,1011.0,830698.5,2026-08-20 12:44:59.937851,10.0,1018.01,,,,,,,,,,,,,,7,"price_volume, live_market, summary, top_gainers, top_losers, nepse_index, supply_demand",5640
2026-08-20T12:52:40.490442+05:45,2026-08-20 12:52:40,live_market,live_market_159,True,cloud_automated,Thursday - Trading Hours: 11:00 AM - 3:00 PM NPT,8106,Global IME Balanced Fund-1,GIBF1,58.0,500.0,10.85,0.84,10.76,,10.8,10.85,10.65,5370.0,2026-08-20 12:44:53.877905,100.0,10.74,,,,,,,,,,,,,,7,"price_volume, live_market, summary, top_gainers, top_losers, nepse_index, supply_demand",5640
2026-08-20T12:52:40.490442+05:45,2026-08-20 12:52:40,live_market,live_market_160,True,cloud_automated,Thursday - Trading Hours: 11:00 AM - 3:00 PM NPT,2771,Support Microfinance Bittiya Sanstha Ltd.,SMB,58.0,188.0,1769.9,1.89,1737.0,,1730.0,1769.9,1703.0,326378.0,2026-08-20 12:44:48.740426,3.0,1736.05,,,,,,,,,,,,,,7,"price_volume, live_market, summary, top_gainers, top_losers, nepse_index, supply_demand",5640
2026-08-20T12:52:40.490442+05:45,2026-08-20 12:52:40,live_market,live_market_161,True,cloud_automated,Thursday - Trading Hours: 11:00 AM - 3:00 PM NPT,180,United Ajod Insurance Limited,UAIL,58.0,2393.0,421.7,-0.89,425.5,,421.2,422.6,421.2,1009790.5,2026-08-20 12:44:39.518164,1.0,421.98,,,,,,,,,,,,,,7,"price_volume, live_market, summary, top_gainers, top_losers, nepse_index, supply_demand",5640
2026-08-20T12:52:40.490442+05:45,2026-08-20 12:52:40,live_market,live_market_162,True,cloud_automated,Thursday - Trading Hours: 11:00 AM - 3:00 PM NPT,2759,Synergy Power Development Ltd.,SPDL,58.0,9340.0,363.0,-1.06,366.9,,360.2,365.0,360.2,3375278.4,2026-08-20 12:44:33.582988,27.0,361.38,,,,,,,,,,,,,,7,"price_volume, live_market, summary, top_gainers, top_losers, nepse_index, supply_demand",5640
2026-08-20T12:52:40.490442+05:45,2026-08-20 12:52:40,live_market,live_market_163,True,cloud_automated,Thursday - Trading Hours: 11:00 AM - 3:00 PM NPT,9158,Molung Hydropower Company Limited,MHCL,58.0,431.0,298.2,-1.65,303.2,,296.1,300.0,296.1,128850.9,2026-08-20 12:44:18.106558,10.0,298.96,,,,,,,,,,,,,,7,"price_volume, live_market, summary, top_gainers, top_losers, nepse_index, supply_demand",5640
2026-08-20T12:52:40.490442+05:45,2026-08-20 12:52:40,live_market,live_market_164,True,cloud_automated,Thursday - Trading Hours: 11:00 AM - 3:00 PM NPT,131,Nabil Bank Limited,NABIL,58.0,12663.0,548.0,0.0,548.0,,550.0,552.0,548.0,6951409.3,2026-08-20 12:44:11.293736,22.0,548.95,,,,,,,,,,,,,,7,"price_volume, live_market, summary, top_gainers, top_losers, nepse_index, supply_demand",5640
2026-08-20T12:52:40.490442+05:45,2026-08-20 12:52:40,live_market,live_market_165,True,cloud_automated,Thursday - Trading Hours: 11:00 AM - 3:00 PM NPT,2880,Himal Dolakha Hydropower Company Limited,HDHPC,58.0,29548.0,207.0,-0.43,207.9,,210.0,210.0,205.0,6083451.1,2026-08-20 12:44:11.168839,50.0,205.88,,,,,,,,,,,,,,7,"price_volume, live_market, summary, top_gainers, top_losers, nepse_index, supply_demand",5640
2026-08-20T12:52:40.490442+05:45,2026-08-20 12:52:40,live_market,live_market_166,True,cloud_automated,Thursday - Trading Hours: 11:00 AM - 3:00 PM NPT,545,Swarojgar Laghubitta Bittiya Sanstha Ltd.,SLBBL,58.0,1246.0,790.0,-1.86,805.0,,786.5,793.0,786.5,984267.7,2026-08-20 12:44:01.073753,120.0,789.94,,,,,,,,,,,,,,7,"price_volume, live_market, summary, top_gainers, top_losers, nepse_index, supply_demand",5640
2026-08-20T12:52:40.490442+05:45,2026-08-20 12:52:40,live_market,live_market_167,True,cloud_automated,Thursday - Trading Hours: 11:00 AM - 3:00 PM NPT,2842,SANJEN JALAVIDHYUT COMPANY LIMITED,SJCL,58.0,4883.0,262.4,-0.98,265.0,,263.1,266.0,262.3,1285348.5,2026-08-20 12:43:59.076019,40.0,263.23,,,,,,,,,,,,,,7,"price_volume, live_market, summary, top_gainers, top_losers, nepse_index, supply_demand",5640
2026-08-20T12:52:40.490442+05:45,2026-08-20 12:52:40,live_market,live_market_168,True,cloud_automated,Thursday - Trading Hours: 11:00 AM - 3:00 PM NPT,9327,8% ICFC Finance Limited Debenture 2089,ICFCD89,58.0,25.0,1090.0,0.46,1085.0,,1090.0,1090.0,1090.0,27250.0,2026-08-20 12:43:45.633966,25.0,1090.0,,,,,,,,,,,,,,7,"price_volume, live_market, summary, top_gainers, top_losers, nepse_index, supply_demand",5640
2026-08-20T12:52:40.490442+05:45,2026-08-20 12:52:40,live_market,live_market_169,True,cloud_automated,Thursday - Trading Hours: 11:00 AM - 3:00 PM NPT,587,Reliance Finance Ltd.,RLFL,58.0,521.0,440.0,-0.68,443.0,,433.1,441.0,433.0,225753.1,2026-08-20 12:43:44.93043,1.0,433.31,,,,,,,,,,,,,,7,"price_volume, live_market, summary, top_gainers, top_losers, nepse_index, supply_demand",5640
2026-08-20T12:52:40.490442+05:45,2026-08-20 12:52:40,live_market,live_market_170,True,cloud_automated,Thursday - Trading Hours: 11:00 AM - 3:00 PM NPT,371,Miteri Development Bank Limited,MDB,58.0,2021.0,567.5,-0.53,570.5,,570.0,577.0,565.0,1145653.5,2026-08-20 12:43:43.498511,10.0,566.87,,,,,,,,,,,,,,7,"price_volume, live_market, summary, top_gainers, top_losers, nepse_index, supply_demand",5640
2026-08-20T12:52:40.490442+05:45,2026-08-20 12:52:40,live_market,live_market_171,True,cloud_automated,Thursday - Trading Hours: 11:00 AM - 3:00 PM NPT,147,Soaltee Hotel Limited,SHL,58.0,1770.0,498.0,0.0,498.0,,499.0,499.0,496.0,880760.0,2026-08-20 12:43:40.466677,100.0,497.6,,,,,,,,,,,,,,7,"price_volume, live_market, summary, top_gainers, top_losers, nepse_index, supply_demand",5640
2026-08-20T12:52:40.490442+05:45,2026-08-20 12:52:40,live_market,live_market_172,True,cloud_automated,Thursday - Trading Hours: 11:00 AM - 3:00 PM NPT,2758,Forward Microfinance Laghubitta Bittiya Sanstha Limited,FOWAD,58.0,733.0,920.0,-0.65,926.0,,925.0,925.0,920.0,675075.6,2026-08-20 12:43:35.530025,115.0,920.98,,,,,,,,,,,,,,7,"price_volume, live_market, summary, top_gainers, top_losers, nepse_index, supply_demand",5640
2026-08-20T12:52:40.490442+05:45,2026-08-20 12:52:40,live_market,live_market_173,True,cloud_automated,Thursday - Trading Hours: 11:00 AM - 3:00 PM NPT,8123,Dhaulagiri Laghubitta Bittiya Sanstha Limited,DLBS,58.0,350.0,1085.0,-1.23,1098.5,,1125.0,1131.0,1081.0,380900.0,2026-08-20 12:43:34.977675,50.0,1088.29,,,,,,,,,,,,,,7,"price_volume, live_market, summary, top_gainers, top_losers, nepse_index, supply_demand",5640
2026-08-20T12:52:40.490442+05:45,2026-08-20 12:52:40,live_market,live_market_174,True,cloud_automated,Thursday - Trading Hours: 11:00 AM - 3:00 PM NPT,9254,NMB Hybrid Fund L- II,NMBHF2,58.0,28740.0,9.9,0.1,9.89,,9.7,9.9,9.7,284348.0,2026-08-20 12:43:27.476516,100.0,9.89,,,,,,,,,,,,,,7,"price_volume, live_market, summary, top_gainers, top_losers, nepse_index, supply_demand",5640
2026-08-20T12:52:40.490442+05:45,2026-08-20 12:52:40,live_market,live_market_175,True,cloud_automated,Thursday - Trading Hours: 11:00 AM - 3:00 PM NPT,9181,Rawa Energy Development Limited,RAWA,58.0,1021.0,419.0,-0.83,422.5,,421.0,428.4,418.5,428972.5,2026-08-20 12:43:25.493189,200.0,420.15,,,,,,,,,,,,,,7,"price_volume, live_market, summary, top_gainers, top_losers, nepse_index, supply_demand",5640
2026-08-20T12:52:40.490442+05:45,2026-08-20 12:52:40,live_market,live_market_176,True,cloud_automated,Thursday - Trading Hours: 11:00 AM - 3:00 PM NPT,9150,Asian Hydropower Limited,AHL,58.0,240.0,402.0,0.5,400.0,,395.0,403.0,395.0,96230.0,2026-08-20 12:43:20.94908,100.0,400.96,,,,,,,,,,,,,,7,"price_volume, live_market, summary, top_gainers, top_losers, nepse_index, supply_demand",5640
2026-08-20T12:52:40.490442+05:45,2026-08-20 12:52:40,live_market,live_market_177,True,cloud_automated,Thursday - Trading Hours: 11:00 AM - 3:00 PM NPT,9183,Nepal Republic Media Limited,NRM,58.0,690.0,300.1,-0.3,301.0,,301.0,305.0,300.1,208454.9,2026-08-20 12:43:12.300762,10.0,302.11,,,,,,,,,,,,,,7,"price_volume, live_market, summary, top_gainers, top_losers, nepse_index, supply_demand",5640
2026-08-20T12:52:40.490442+05:45,2026-08-20 12:52:40,live_market,live_market_178,True,cloud_automated,Thursday - Trading Hours: 11:00 AM - 3:00 PM NPT,2841,RASUWAGADHI HYDROPOWER COMPANY LIMITED,RHPL,58.0,4270.0,249.0,-1.07,251.7,,251.0,251.0,249.0,1065965.7,2026-08-20 12:43:07.962967,80.0,249.64,,,,,,,,,,,,,,7,"price_volume, live_market, summary, top_gainers, top_losers, nepse_index, supply_demand",5640
2026-08-20T12:52:40.490442+05:45,2026-08-20 12:52:40,live_market,live_market_179,True,cloud_automated,Thursday - Trading Hours: 11:00 AM - 3:00 PM NPT,2811,Mountain Hydro Nepal Limited,MHNL,58.0,4965.0,240.1,-0.95,242.4,,237.0,244.0,237.0,1201099.5,2026-08-20 12:42:58.284227,1181.0,241.91,,,,,,,,,,,,,,7,"price_volume, live_market, summary, top_gainers, top_losers, nepse_index, supply_demand",5640
2026-08-20T12:52:40.490442+05:45,2026-08-20 12:52:40,live_market,live_market_180,True,cloud_automated,Thursday - Trading Hours: 11:00 AM - 3:00 PM NPT,2769,Nepal Hydro Developers Ltd.,NHDL,58.0,176.0,625.0,-1.57,635.0,,639.0,639.0,621.0,109694.2,2026-08-20 12:42:50.438671,13.0,623.26,,,,,,,,,,,,,,7,"price_volume, live_market, summary, top_gainers, top_losers, nepse_index, supply_demand",5640
2026-08-20T12:52:40.490442+05:45,2026-08-20 12:52:40,live_market,live_market_181,True,cloud_automated,Thursday - Trading Hours: 11:00 AM - 3:00 PM NPT,9263,Sanvi Energy Limited,SANVI,58.0,1725.0,581.0,-1.53,590.0,,580.0,587.0,580.0,1005641.2,2026-08-20 12:42:47.031476,178.0,582.98,,,,,,,,,,,,,,7,"price_volume, live_market, summary, top_gainers, top_losers, nepse_index, supply_demand",5640
2026-08-20T12:52:40.490442+05:45,2026-08-20 12:52:40,live_market,live_market_182,True,cloud_automated,Thursday - Trading Hours: 11:00 AM - 3:00 PM NPT,490,First Micro Finance Laghubitta Bittiya Sanstha Limited,FMDBL,58.0,4986.0,763.0,-0.88,769.8,,771.8,771.8,752.0,3783656.2,2026-08-20 12:42:39.934279,500.0,758.86,,,,,,,,,,,,,,7,"price_volume, live_market, summary, top_gainers, top_losers, nepse_index, supply_demand",5640
2026-08-20T12:52:40.490442+05:45,2026-08-20 12:52:40,live_market,live_market_183,True,cloud_automated,Thursday - Trading Hours: 11:00 AM - 3:00 PM NPT,140,Machhapuchhre Bank Limited,MBL,58.0,64032.0,248.7,0.12,248.4,,248.4,250.0,244.0,15721084.3,2026-08-20 12:42:39.012233,640.0,245.52,,,,,,,,,,,,,,7,"price_volume, live_market, summary, top_gainers, top_losers, nepse_index, supply_demand",5640
2026-08-20T12:52:40.490442+05:45,2026-08-20 12:52:40,live_market,live_market_184,True,cloud_automated,Thursday - Trading Hours: 11:00 AM - 3:00 PM NPT,9179,Modi Energy Limited,MEL,58.0,1486.0,205.3,-0.29,205.9,,204.1,208.9,204.1,307885.8,2026-08-20 12:42:35.804113,10.0,207.19,,,,,,,,,,,,,,7,"price_volume, live_market, summary, top_gainers, top_losers, nepse_index, supply_demand",5640
2026-08-20T12:52:40.490442+05:45,2026-08-20 12:52:40,live_market,live_market_185,True,cloud_automated,Thursday - Trading Hours: 11:00 AM - 3:00 PM NPT,9257,MBL Equity Fund,MBLEF,58.0,100.0,9.51,-1.96,9.7,,9.51,9.51,9.51,951.0,2026-08-20 12:42:35.021168,100.0,9.51,,,,,,,,,,,,,,7,"price_volume, live_market, summary, top_gainers, top_losers, nepse_index, supply_demand",5640
2026-08-20T12:52:40.490442+05:45,2026-08-20 12:52:40,live_market,live_market_186,True,cloud_automated,Thursday - Trading Hours: 11:00 AM - 3:00 PM NPT,232,Goodwill Finance Limited,GFCL,58.0,1922.0,590.0,-0.25,591.5,,591.5,592.9,590.0,1134471.0,2026-08-20 12:42:34.907641,770.0,590.26,,,,,,,,,,,,,,7,"price_volume, live_market, summary, top_gainers, top_losers, nepse_index, supply_demand",5640
2026-08-20T12:52:40.490442+05:45,2026-08-20 12:52:40,live_market,live_market_187,True,cloud_automated,Thursday - Trading Hours: 11:00 AM - 3:00 PM NPT,1741,Mero Microfinance Bittiya Sanstha Ltd.,MERO,58.0,813.0,641.1,-0.76,646.0,,648.0,648.0,640.0,524624.3,2026-08-20 12:42:28.791767,13.0,645.29,,,,,,,,,,,,,,7,"price_volume, live_market, summary, top_gainers, top_losers, nepse_index, supply_demand",5640
2026-08-20T12:52:40.490442+05:45,2026-08-20 12:52:40,live_market,live_market_188,True,cloud_automated,Thursday - Trading Hours: 11:00 AM - 3:00 PM NPT,8102,Mandakini Hydropower Limited,MHL,58.0,218.0,459.1,-1.27,465.0,,458.2,464.3,458.2,100344.3,2026-08-20 12:42:27.469355,103.0,460.29,,,,,,,,,,,,,,7,"price_volume, live_market, summary, top_gainers, top_losers, nepse_index, supply_demand",5640
2026-08-20T12:52:40.490442+05:45,2026-08-20 12:52:40,live_market,live_market_189,True,cloud_automated,Thursday - Trading Hours: 11:00 AM - 3:00 PM NPT,9217,Mathillo Mailun Khola Jalvidhyut Limited,MMKJL,58.0,355.0,434.3,-1.96,443.0,,438.1,443.0,433.5,154531.0,2026-08-20 12:42:21.289009,10.0,435.3,,,,,,,,,,,,,,7,"price_volume, live_market, summary, top_gainers, top_losers, nepse_index, supply_demand",5640
2026-08-20T12:52:40.490442+05:45,2026-08-20 12:52:40,live_market,live_market_190,True,cloud_automated,Thursday - Trading Hours: 11:00 AM - 3:00 PM NPT,2767,Himalayan Power Partner Ltd.,HPPL,58.0,27921.0,375.0,-2.09,383.0,,378.0,382.9,374.0,10486879.5,2026-08-20 12:42:16.602084,12388.0,375.59,,,,,,,,,,,,,,7,"price_volume, live_market, summary, top_gainers, top_losers, nepse_index, supply_demand",5640
2026-08-20T12:52:40.490442+05:45,2026-08-20 12:52:40,live_market,live_market_191,True,cloud_automated,Thursday - Trading Hours: 11:00 AM - 3:00 PM NPT,9214,Bhagawati Hydropower Development Company Limited,BGWT,58.0,1087.0,498.0,-3.3,515.0,,515.5,516.0,498.0,547316.5,2026-08-20 12:42:05.295795,11.0,503.51,,,,,,,,,,,,,,7,"price_volume, live_market, summary, top_gainers, top_losers, nepse_index, supply_demand",5640
2026-08-20T12:52:40.490442+05:45,2026-08-20 12:52:40,live_market,live_market_192,True,cloud_automated,Thursday - Trading Hours: 11:00 AM - 3:00 PM NPT,8104,Upper Solu Hydro Electric Company Limited,USHEC,58.0,1800.0,500.0,-0.4,502.0,,495.6,504.5,495.6,903696.5,2026-08-20 12:41:57.943876,10.0,502.05,,,,,,,,,,,,,,7,"price_volume, live_market, summary, top_gainers, top_losers, nepse_index, supply_demand",5640
2026-08-20T12:52:40.490442+05:45,2026-08-20 12:52:40,live_market,live_market_193,True,cloud_automated,Thursday - Trading Hours: 11:00 AM - 3:00 PM NPT,9294,Sagar Distillery Limited,SAGAR,58.0,859.0,1555.6,-1.54,1580.0,,1580.1,1580.1,1540.0,1335142.5,2026-08-20 12:41:52.686764,10.0,1554.3,,,,,,,,,,,,,,7,"price_volume, live_market, summary, top_gainers, top_losers, nepse_index, supply_demand",5640
2026-08-20T12:52:40.490442+05:45,2026-08-20 12:52:40,live_market,live_market_194,True,cloud_automated,Thursday - Trading Hours: 11:00 AM - 3:00 PM NPT,472,Shangrila Development Bank Ltd.,SADBL,58.0,2152.0,403.1,-0.22,404.0,,405.0,405.1,403.0,870736.0,2026-08-20 12:41:39.601732,30.0,404.62,,,,,,,,,,,,,,7,"price_volume, live_market, summary, top_gainers, top_losers, nepse_index, supply_demand",5640
2026-08-20T12:52:40.490442+05:45,2026-08-20 12:52:40,live_market,live_market_195,True,cloud_automated,Thursday - Trading Hours: 11:00 AM - 3:00 PM NPT,8075,Bindhyabasini Hydropower Development Company Limited,BHDC,58.0,1212.0,422.5,-0.98,426.7,,426.0,427.7,422.1,512872.6,2026-08-20 12:41:29.625631,166.0,423.16,,,,,,,,,,,,,,7,"price_volume, live_market, summary, top_gainers, top_losers, nepse_index, supply_demand",5640
2026-08-20T12:52:40.490442+05:45,2026-08-20 12:52:40,live_market,live_market_196,True,cloud_automated,Thursday - Trading Hours: 11:00 AM - 3:00 PM NPT,2925,Mahila Lagubitta Bittiya Sanstha Limited ,MLBSL,58.0,582.0,1210.0,-0.66,1218.0,,1220.0,1225.0,1210.0,705102.0,2026-08-20 12:41:28.51276,25.0,1211.52,,,,,,,,,,,,,,7,"price_volume, live_market, summary, top_gainers, top_losers, nepse_index, supply_demand",5640
2026-08-20T12:52:40.490442+05:45,2026-08-20 12:52:40,live_market,live_market_197,True,cloud_automated,Thursday - Trading Hours: 11:00 AM - 3:00 PM NPT,561,Sindhu Bikash Bank Ltd,SINDU,58.0,3354.0,661.0,-1.65,672.1,,679.9,679.9,660.0,2230542.5,2026-08-20 12:41:28.3673,58.0,665.04,,,,,,,,,,,,,,7,"price_volume, live_market, summary, top_gainers, top_losers, nepse_index, supply_demand",5640
2026-08-20T12:52:40.490442+05:45,2026-08-20 12:52:40,live_market,live_market_198,True,cloud_automated,Thursday - Trading Hours: 11:00 AM - 3:00 PM NPT,358,Lumbini Bikas Bank Ltd.,LBBL,58.0,5274.0,476.9,-0.65,480.0,,480.0,480.0,476.4,2514366.9,2026-08-20 12:41:25.840669,50.0,476.75,,,,,,,,,,,,,,7,"price_volume, live_market, summary, top_gainers, top_losers, nepse_index, supply_demand",5640
2026-08-20T12:52:40.490442+05:45,2026-08-20 12:52:40,live_market,live_market_199,True,cloud_automated,Thursday - Trading Hours: 11:00 AM - 3:00 PM NPT,9312,Nepal Life Samriddhi Lagani Yojana,NSY,58.0,300.0,9.05,-2.69,9.3,,9.03,9.05,9.03,2711.0,2026-08-20 12:41:13.306791,100.0,9.04,,,,,,,,,,,,,,7,"price_volume, live_market, summary, top_gainers, top_losers, nepse_index, supply_demand",5640
2026-08-20T12:52:40.490442+05:45,2026-08-20 12:52:40,live_market,live_market_200,True,cloud_automated,Thursday - Trading Hours: 11:00 AM - 3:00 PM NPT,2935,Ru Ru Jalbidhyut Pariyojana Limited,RURU,58.0,129.0,598.3,-0.28,600.0,,600.0,600.0,595.0,77009.5,2026-08-20 12:40:57.693648,5.0,596.97,,,,,,,,,,,,,,7,"price_volume, live_market, summary, top_gainers, top_losers, nepse_index, supply_demand",5640
2026-08-20T12:52:40.490442+05:45,2026-08-20 12:52:40,live_market,live_market_201,True,cloud_automated,Thursday - Trading Hours: 11:00 AM - 3:00 PM NPT,166,Deprosc Laghubitta Bittiya Sanstha Limited,DDBL,58.0,500.0,838.0,-0.58,842.9,,832.1,846.0,831.4,418734.0,2026-08-20 12:40:56.780222,150.0,837.47,,,,,,,,,,,,,,7,"price_volume, live_market, summary, top_gainers, top_losers, nepse_index, supply_demand",5640
2026-08-20T12:52:40.490442+05:45,2026-08-20 12:52:40,live_market,live_market_202,True,cloud_automated,Thursday - Trading Hours: 11:00 AM - 3:00 PM NPT,706,Suryodaya Womi Laghubitta Bittiya Sanstha Limited,SWMF,58.0,1693.0,600.0,-0.63,603.8,,601.0,601.0,590.2,1011490.0,2026-08-20 12:40:54.597711,910.0,597.45,,,,,,,,,,,,,,7,"price_volume, live_market, summary, top_gainers, top_losers, nepse_index, supply_demand",5640
2026-08-20T12:52:40.490442+05:45,2026-08-20 12:52:40,live_market,live_market_203,True,cloud_automated,Thursday - Trading Hours: 11:00 AM - 3:00 PM NPT,9242,Sarbottam Cement Limited,SARBTM,58.0,2014.0,778.9,-0.13,779.9,,818.8,818.8,772.0,1565590.1,2026-08-20 12:40:53.29887,100.0,777.35,,,,,,,,,,,,,,7,"price_volume, live_market, summary, top_gainers, top_losers, nepse_index, supply_demand",5640
2026-08-20T12:52:40.490442+05:45,2026-08-20 12:52:40,live_market,live_market_204,True,cloud_automated,Thursday - Trading Hours: 11:00 AM - 3:00 PM NPT,686,Barun Hydropower Co. Ltd.,BARUN,58.0,4556.0,313.2,-1.14,316.8,,316.0,316.0,312.2,1427167.6,2026-08-20 12:40:52.598032,20.0,313.25,,,,,,,,,,,,,,7,"price_volume, live_market, summary, top_gainers, top_losers, nepse_index, supply_demand",5640
2026-08-20T12:52:40.490442+05:45,2026-08-20 12:52:40,live_market,live_market_205,True,cloud_automated,Thursday - Trading Hours: 11:00 AM - 3:00 PM NPT,2743,Ngadi Group Power Ltd.,NGPL,58.0,70545.0,405.5,-0.37,407.0,,406.5,407.0,403.1,28561356.9,2026-08-20 12:40:32.890598,300.0,404.87,,,,,,,,,,,,,,7,"price_volume, live_market, summary, top_gainers, top_losers, nepse_index, supply_demand",5640
2026-08-20T12:52:40.490442+05:45,2026-08-20 12:52:40,live_market,live_market_206,True,cloud_automated,Thursday - Trading Hours: 11:00 AM - 3:00 PM NPT,9159,Sagarmatha Jalabidhyut Company Limited,SMJC,58.0,569.0,428.1,-0.65,430.9,,428.0,431.0,428.0,243770.4,2026-08-20 12:40:32.632237,10.0,428.42,,,,,,,,,,,,,,7,"price_volume, live_market, summary, top_gainers, top_losers, nepse_index, supply_demand",5640
2026-08-20T12:52:40.490442+05:45,2026-08-20 12:52:40,live_market,live_market_207,True,cloud_automated,Thursday - Trading Hours: 11:00 AM - 3:00 PM NPT,687,Vijaya laghubitta Bittiya Sanstha Ltd.,VLBS,58.0,247.0,647.5,-1.16,655.1,,652.0,663.0,646.2,162325.5,2026-08-20 12:40:25.782846,27.0,657.19,,,,,,,,,,,,,,7,"price_volume, live_market, summary, top_gainers, top_losers, nepse_index, supply_demand",5640
2026-08-20T12:52:40.490442+05:45,2026-08-20 12:52:40,live_market,live_market_208,True,cloud_automated,Thursday - Trading Hours: 11:00 AM - 3:00 PM NPT,397,Agricultural Development Bank Limited,ADBL,58.0,14589.0,298.1,-0.93,300.9,,300.0,300.0,298.0,4367482.2,2026-08-20 12:40:14.699499,2178.0,299.37,,,,,,,,,,,,,,7,"price_volume, live_market, summary, top_gainers, top_losers, nepse_index, supply_demand",5640
2026-08-20T12:52:40.490442+05:45,2026-08-20 12:52:40,live_market,live_market_209,True,cloud_automated,Thursday - Trading Hours: 11:00 AM - 3:00 PM NPT,9325,Suryakunda Hydro Electric Limited,SKHEL,58.0,190.0,934.3,-1.65,950.0,,932.0,939.9,932.0,177612.0,2026-08-20 12:40:13.680588,10.0,934.8,,,,,,,,,,,,,,7,"price_volume, live_market, summary, top_gainers, top_losers, nepse_index, supply_demand",5640
2026-08-20T12:52:40.490442+05:45,2026-08-20 12:52:40,live_market,live_market_210,True,cloud_automated,Thursday - Trading Hours: 11:00 AM - 3:00 PM NPT,179,Himalayan Everest Insurance Limited,HEI,58.0,12652.0,529.0,0.0,529.0,,523.0,529.0,516.0,6682814.4,2026-08-20 12:40:13.326357,1000.0,528.2,,,,,,,,,,,,,,7,"price_volume, live_market, summary, top_gainers, top_losers, nepse_index, supply_demand",5640
2026-08-20T12:52:40.490442+05:45,2026-08-20 12:52:40,live_market,live_market_211,True,cloud_automated,Thursday - Trading Hours: 11:00 AM - 3:00 PM NPT,9348,Siddhartha Equity Fund 2,SEF2,58.0,3400.0,9.03,0.11,9.02,,9.02,9.05,9.01,30674.0,2026-08-20 12:40:12.860315,100.0,9.02,,,,,,,,,,,,,,7,"price_volume, live_market, summary, top_gainers, top_losers, nepse_index, supply_demand",5640
2026-08-20T12:52:40.490442+05:45,2026-08-20 12:52:40,live_market,live_market_212,True,cloud_automated,Thursday - Trading Hours: 11:00 AM - 3:00 PM NPT,9149,Maya Khola Hydropower Company Limited,MKHC,58.0,3730.0,262.0,0.38,261.0,,264.0,264.0,257.5,965264.5,2026-08-20 12:40:09.023396,70.0,258.78,,,,,,,,,,,,,,7,"price_volume, live_market, summary, top_gainers, top_losers, nepse_index, supply_demand",5640
2026-08-20T12:52:40.490442+05:45,2026-08-20 12:52:40,live_market,live_market_213,True,cloud_automated,Thursday - Trading Hours: 11:00 AM - 3:00 PM NPT,250,Janaki Finance Company Limited,JFL,58.0,1001.0,380.0,-0.45,381.7,,385.0,385.0,377.5,380334.0,2026-08-20 12:40:00.888645,52.0,379.95,,,,,,,,,,,,,,7,"price_volume, live_market, summary, top_gainers, top_losers, nepse_index, supply_demand",5640
2026-08-20T12:52:40.490442+05:45,2026-08-20 12:52:40,live_market,live_market_214,True,cloud_automated,Thursday - Trading Hours: 11:00 AM - 3:00 PM NPT,8126,Sikles Hydropower Limited,SIKLES,58.0,10796.0,553.6,-0.23,554.9,,553.0,567.3,553.0,6053041.5,2026-08-20 12:39:47.854158,11.0,560.67,,,,,,,,,,,,,,7,"price_volume, live_market, summary, top_gainers, top_losers, nepse_index, supply_demand",5640
2026-08-20T12:52:40.490442+05:45,2026-08-20 12:52:40,live_market,live_market_215,True,cloud_automated,Thursday - Trading Hours: 11:00 AM - 3:00 PM NPT,693,Himalayan Laghubitta Bittiya Sanstha Limited,HLBSL,58.0,760.0,865.0,-1.14,875.0,,875.0,875.0,850.0,647329.5,2026-08-20 12:39:36.207093,40.0,851.75,,,,,,,,,,,,,,7,"price_volume, live_market, summary, top_gainers, top_losers, nepse_index, supply_demand",5640
2026-08-20T12:52:40.490442+05:45,2026-08-20 12:52:40,live_market,live_market_216,True,cloud_automated,Thursday - Trading Hours: 11:00 AM - 3:00 PM NPT,263,Guheshowori Merchant Bank & Finance Co. Ltd.,GMFIL,58.0,1846.0,442.1,-1.51,448.9,,441.5,442.1,441.1,815235.6,2026-08-20 12:39:30.265677,500.0,441.62,,,,,,,,,,,,,,7,"price_volume, live_market, summary, top_gainers, top_losers, nepse_index, supply_demand",5640
2026-08-20T12:52:40.490442+05:45,2026-08-20 12:52:40,live_market,live_market_217,True,cloud_automated,Thursday - Trading Hours: 11:00 AM - 3:00 PM NPT,2915,Prabhu Mahalaxmi Life Insurance Limited,PMLI,58.0,902.0,424.7,-0.07,425.0,,420.0,425.5,420.0,380934.9,2026-08-20 12:39:25.536199,13.0,422.32,,,,,,,,,,,,,,7,"price_volume, live_market, summary, top_gainers, top_losers, nepse_index, supply_demand",5640
2026-08-20T12:52:40.490442+05:45,2026-08-20 12:52:40,live_market,live_market_218,True,cloud_automated,Thursday - Trading Hours: 11:00 AM - 3:00 PM NPT,156,Bishal Bazar Company Limited,BBC,58.0,177.0,4095.0,-1.09,4140.0,,4250.0,4250.0,4095.0,730318.0,2026-08-20 12:39:17.660567,10.0,4126.09,,,,,,,,,,,,,,7,"price_volume, live_market, summary, top_gainers, top_losers, nepse_index, supply_demand",5640
2026-08-20T12:52:40.490442+05:45,2026-08-20 12:52:40,live_market,live_market_219,True,cloud_automated,Thursday - Trading Hours: 11:00 AM - 3:00 PM NPT,9248,Garima Samriddhi Yojana,GSY,58.0,1400.0,9.3,-0.32,9.33,,9.06,9.33,9.06,13026.0,2026-08-20 12:39:16.612899,100.0,9.3,,,,,,,,,,,,,,7,"price_volume, live_market, summary, top_gainers, top_losers, nepse_index, supply_demand",5640
2026-08-20T12:52:40.490442+05:45,2026-08-20 12:52:40,live_market,live_market_220,True,cloud_automated,Thursday - Trading Hours: 11:00 AM - 3:00 PM NPT,188,Life Insurance Corporation (Nepal) Limited,LICN,58.0,1594.0,764.5,-1.23,774.0,,770.0,774.9,764.3,1220163.1,2026-08-20 12:38:54.838337,165.0,765.47,,,,,,,,,,,,,,7,"price_volume, live_market, summary, top_gainers, top_losers, nepse_index, supply_demand",5640
2026-08-20T12:52:40.490442+05:45,2026-08-20 12:52:40,live_market,live_market_221,True,cloud_automated,Thursday - Trading Hours: 11:00 AM - 3:00 PM NPT,2887,NIC ASIA Laghubitta Bittiya Sanstha Limited,NICLBSL,58.0,1212.0,540.6,-1.15,546.9,,546.9,546.9,540.0,655518.8,2026-08-20 12:38:46.13517,160.0,540.86,,,,,,,,,,,,,,7,"price_volume, live_market, summary, top_gainers, top_losers, nepse_index, supply_demand",5640
2026-08-20T12:52:40.490442+05:45,2026-08-20 12:52:40,live_market,live_market_222,True,cloud_automated,Thursday - Trading Hours: 11:00 AM - 3:00 PM NPT,2892,10% Nabil Debenture 2082,NBLD82,58.0,100.0,1051.1,3.0,1020.5,,1051.1,1051.1,1051.1,105110.0,2026-08-20 12:38:35.064042,100.0,1051.1,,,,,,,,,,,,,,7,"price_volume, live_market, summary, top_gainers, top_losers, nepse_index, supply_demand",5640
2026-08-20T12:52:40.490442+05:45,2026-08-20 12:52:40,live_market,live_market_223,True,cloud_automated,Thursday - Trading Hours: 11:00 AM - 3:00 PM NPT,9167,Mai Khola Hydropower Limited,MKHL,58.0,2613.0,493.0,-0.62,496.1,,496.2,496.2,491.9,1289483.4,2026-08-20 12:38:32.916873,10.0,493.49,,,,,,,,,,,,,,7,"price_volume, live_market, summary, top_gainers, top_losers, nepse_index, supply_demand",5640
2026-08-20T12:52:40.490442+05:45,2026-08-20 12:52:40,live_market,live_market_224,True,cloud_automated,Thursday - Trading Hours: 11:00 AM - 3:00 PM NPT,8122,People's Power Limited,PPL,58.0,8253.0,308.2,-2.16,315.0,,299.3,312.9,299.3,2551681.7,2026-08-20 12:38:31.317263,20.0,309.18,,,,,,,,,,,,,,7,"price_volume, live_market, summary, top_gainers, top_losers, nepse_index, supply_demand",5640
2026-08-20T12:52:40.490442+05:45,2026-08-20 12:52:40,live_market,live_market_225,True,cloud_automated,Thursday - Trading Hours: 11:00 AM - 3:00 PM NPT,9140,Unique Nepal Laghubitta Bittiya Sanstha Limited,UNLB,58.0,80.0,1245.0,-0.39,1249.9,,1274.9,1274.9,1245.0,100099.0,2026-08-20 12:38:24.266996,30.0,1251.24,,,,,,,,,,,,,,7,"price_volume, live_market, summary, top_gainers, top_losers, nepse_index, supply_demand",5640
2026-08-20T12:52:40.490442+05:45,2026-08-20 12:52:40,live_market,live_market_226,True,cloud_automated,Thursday - Trading Hours: 11:00 AM - 3:00 PM NPT,9151,Kalinchowk Darshan Limited,KDL,58.0,655.0,762.0,-1.93,777.0,,766.0,770.0,760.0,498957.0,2026-08-20 12:38:10.451437,10.0,761.77,,,,,,,,,,,,,,7,"price_volume, live_market, summary, top_gainers, top_losers, nepse_index, supply_demand",5640
2026-08-20T12:52:40.490442+05:45,2026-08-20 12:52:40,live_market,live_market_227,True,cloud_automated,Thursday - Trading Hours: 11:00 AM - 3:00 PM NPT,9246,Guardian Micro Life Insurance Limited ,GMLI,58.0,316.0,1054.7,-0.12,1056.0,,1026.0,1077.0,1016.0,332772.7,2026-08-20 12:37:46.160599,11.0,1053.08,,,,,,,,,,,,,,7,"price_volume, live_market, summary, top_gainers, top_losers, nepse_index, supply_demand",5640
2026-08-20T12:52:40.490442+05:45,2026-08-20 12:52:40,live_market,live_market_228,True,cloud_automated,Thursday - Trading Hours: 11:00 AM - 3:00 PM NPT,9147,Shuvam Power Limited,SPL,58.0,649.0,629.7,-4.45,659.0,,641.0,641.0,625.2,407114.0,2026-08-20 12:37:41.503468,10.0,627.29,,,,,,,,,,,,,,7,"price_volume, live_market, summary, top_gainers, top_losers, nepse_index, supply_demand",5640
2026-08-20T12:52:40.490442+05:45,2026-08-20 12:52:40,live_market,live_market_229,True,cloud_automated,Thursday - Trading Hours: 11:00 AM - 3:00 PM NPT,9351,Reliable Samriddhi Yojana -2,RSY2,58.0,7300.0,9.01,0.0,9.01,,8.9,9.15,8.9,65505.0,2026-08-20 12:37:37.659806,100.0,8.97,,,,,,,,,,,,,,7,"price_volume, live_market, summary, top_gainers, top_losers, nepse_index, supply_demand",5640
2026-08-20T12:52:40.490442+05:45,2026-08-20 12:52:40,live_market,live_market_230,True,cloud_automated,Thursday - Trading Hours: 11:00 AM - 3:00 PM NPT,176,Nepal Insurance Co. Ltd.,NICL,58.0,2951.0,490.0,-0.97,494.8,,495.0,508.0,490.0,1453065.6,2026-08-20 12:36:54.32523,1.0,492.4,,,,,,,,,,,,,,7,"price_volume, live_market, summary, top_gainers, top_losers, nepse_index, supply_demand",5640
2026-08-20T12:52:40.490442+05:45,2026-08-20 12:52:40,live_market,live_market_231,True,cloud_automated,Thursday - Trading Hours: 11:00 AM - 3:00 PM NPT,204,Gurkhas Finance Ltd.,GUFL,58.0,6037.0,528.0,-1.49,536.0,,532.0,532.0,525.2,3194266.5,2026-08-20 12:36:42.815223,50.0,529.11,,,,,,,,,,,,,,7,"price_volume, live_market, summary, top_gainers, top_losers, nepse_index, supply_demand",5640
2026-08-20T12:52:40.490442+05:45,2026-08-20 12:52:40,live_market,live_market_232,True,cloud_automated,Thursday - Trading Hours: 11:00 AM - 3:00 PM NPT,385,Asian Life Insurance Co. Limited,ALICL,58.0,7196.0,415.0,0.0,415.0,,415.0,415.2,413.1,2984056.3,2026-08-20 12:36:25.755337,4.0,414.68,,,,,,,,,,,,,,7,"price_volume, live_market, summary, top_gainers, top_losers, nepse_index, supply_demand",5640
2026-08-20T12:52:40.490442+05:45,2026-08-20 12:52:40,live_market,live_market_233,True,cloud_automated,Thursday - Trading Hours: 11:00 AM - 3:00 PM NPT,2832,Infinity Laghubitta Bittiya Sanstha Limited,ILBS,58.0,80.0,846.1,-1.62,860.0,,860.0,870.0,846.1,68533.0,2026-08-20 12:36:18.126427,30.0,856.66,,,,,,,,,,,,,,7,"price_volume, live_market, summary, top_gainers, top_losers, nepse_index, supply_demand",5640
2026-08-20T12:52:40.490442+05:45,2026-08-20 12:52:40,live_market,live_market_234,True,cloud_automated,Thursday - Trading Hours: 11:00 AM - 3:00 PM NPT,9135,Barahi Hydropower Public Limited,BHPL,58.0,1950.0,476.9,-0.1,477.4,,467.1,481.0,465.0,911687.5,2026-08-20 12:36:18.089917,10.0,467.53,,,,,,,,,,,,,,7,"price_volume, live_market, summary, top_gainers, top_losers, nepse_index, supply_demand",5640
2026-08-20T12:52:40.490442+05:45,2026-08-20 12:52:40,live_market,live_market_235,True,cloud_automated,Thursday - Trading Hours: 11:00 AM - 3:00 PM NPT,238,NMB Bank Limited,NMB,58.0,16354.0,238.0,-0.29,238.7,,239.9,239.9,237.2,3901818.9,2026-08-20 12:36:12.303829,20.0,238.58,,,,,,,,,,,,,,7,"price_volume, live_market, summary, top_gainers, top_losers, nepse_index, supply_demand",5640
2026-08-20T12:52:40.490442+05:45,2026-08-20 12:52:40,live_market,live_market_236,True,cloud_automated,Thursday - Trading Hours: 11:00 AM - 3:00 PM NPT,8063,Upakar Laghubitta Bittiya Sanstha Limited,ULBSL,58.0,2014.0,2450.1,-6.77,2628.0,,2554.0,2625.9,2430.0,5038362.4,2026-08-20 12:35:59.758615,33.0,2501.67,,,,,,,,,,,,,,7,"price_volume, live_market, summary, top_gainers, top_losers, nepse_index, supply_demand",5640
2026-08-20T12:52:40.490442+05:45,2026-08-20 12:52:40,live_market,live_market_237,True,cloud_automated,Thursday - Trading Hours: 11:00 AM - 3:00 PM NPT,2923,Sanima Large Cap Fund,SLCF,58.0,1100.0,9.7,-3.0,10.0,,10.0,10.0,9.7,10970.0,2026-08-20 12:35:58.577491,100.0,9.97,,,,,,,,,,,,,,7,"price_volume, live_market, summary, top_gainers, top_losers, nepse_index, supply_demand",5640
2026-08-20T12:52:40.490442+05:45,2026-08-20 12:52:40,live_market,live_market_238,True,cloud_automated,Thursday - Trading Hours: 11:00 AM - 3:00 PM NPT,155,Salt Trading Corporation,STC,58.0,800.0,5150.0,-0.96,5200.0,,5106.1,5150.0,5100.0,4106334.0,2026-08-20 12:35:44.129495,500.0,5132.92,,,,,,,,,,,,,,7,"price_volume, live_market, summary, top_gainers, top_losers, nepse_index, supply_demand",5640
2026-08-20T12:52:40.490442+05:45,2026-08-20 12:52:40,live_market,live_market_239,True,cloud_automated,Thursday - Trading Hours: 11:00 AM - 3:00 PM NPT,473,Shine Resunga Development Bank Ltd.,SHINE,58.0,369.0,412.5,0.12,412.0,,412.0,413.0,411.0,152075.0,2026-08-20 12:35:28.812152,50.0,412.13,,,,,,,,,,,,,,7,"price_volume, live_market, summary, top_gainers, top_losers, nepse_index, supply_demand",5640
2026-08-20T12:52:40.490442+05:45,2026-08-20 12:52:40,live_market,live_market_240,True,cloud_automated,Thursday - Trading Hours: 11:00 AM - 3:00 PM NPT,8024,Nabil Balanced Fund-3,NBF3,58.0,1200.0,9.63,0.31,9.6,,9.6,9.63,9.6,11533.5,2026-08-20 12:35:22.309255,250.0,9.61,,,,,,,,,,,,,,7,"price_volume, live_market, summary, top_gainers, top_losers, nepse_index, supply_demand",5640
2026-08-20T12:52:40.490442+05:45,2026-08-20 12:52:40,live_market,live_market_241,True,cloud_automated,Thursday - Trading Hours: 11:00 AM - 3:00 PM NPT,8030,Agricultural Bond (9 Year),ADBLB87,58.0,500000.0,1015.0,0.3,1012.0,,1012.0,1015.0,1012.0,506500000.0,2026-08-20 12:34:30.461219,100000.0,1013.0,,,,,,,,,,,,,,7,"price_volume, live_market, summary, top_gainers, top_losers, nepse_index, supply_demand",5640
2026-08-20T12:52:40.490442+05:45,2026-08-20 12:52:40,live_market,live_market_242,True,cloud_automated,Thursday - Trading Hours: 11:00 AM - 3:00 PM NPT,396,Nerude Mirmire Laghubitta Bittiya Sanstha Limited,NMLBBL,58.0,2875.0,502.0,-0.59,505.0,,499.7,502.0,495.1,1434874.0,2026-08-20 12:34:22.888826,20.0,499.09,,,,,,,,,,,,,,7,"price_volume, live_market, summary, top_gainers, top_losers, nepse_index, supply_demand",5640
2026-08-20T12:52:40.490442+05:45,2026-08-20 12:52:40,live_market,live_market_243,True,cloud_automated,Thursday - Trading Hours: 11:00 AM - 3:00 PM NPT,2917,Chandragiri Hills Limited,CGH,58.0,704.0,769.5,-0.06,770.0,,769.0,770.0,767.0,540660.0,2026-08-20 12:33:55.715601,10.0,767.98,,,,,,,,,,,,,,7,"price_volume, live_market, summary, top_gainers, top_losers, nepse_index, supply_demand",5640
2026-08-20T12:52:40.490442+05:45,2026-08-20 12:52:40,live_market,live_market_244,True,cloud_automated,Thursday - Trading Hours: 11:00 AM - 3:00 PM NPT,9250,Nepal Micro Insurance Company Limited,NMIC,58.0,120.0,875.1,-0.78,882.0,,870.4,880.0,870.4,105008.0,2026-08-20 12:33:52.078857,10.0,875.07,,,,,,,,,,,,,,7,"price_volume, live_market, summary, top_gainers, top_losers, nepse_index, supply_demand",5640
2026-08-20T12:52:40.490442+05:45,2026-08-20 12:52:40,live_market,live_market_245,True,cloud_automated,Thursday - Trading Hours: 11:00 AM - 3:00 PM NPT,9171,Bhugol Energy Development Company Limited,BEDC,58.0,9424.0,309.9,-0.64,311.9,,310.0,312.9,305.0,2883529.6,2026-08-20 12:33:42.933999,10.0,305.98,,,,,,,,,,,,,,7,"price_volume, live_market, summary, top_gainers, top_losers, nepse_index, supply_demand",5640
2026-08-20T12:52:40.490442+05:45,2026-08-20 12:52:40,live_market,live_market_246,True,cloud_automated,Thursday - Trading Hours: 11:00 AM - 3:00 PM NPT,2831,Union Hydropower Limited,UNHPL,58.0,1070.0,366.0,-1.35,371.0,,372.9,372.9,365.1,393024.0,2026-08-20 12:33:42.82621,409.0,367.31,,,,,,,,,,,,,,7,"price_volume, live_market, summary, top_gainers, top_losers, nepse_index, supply_demand",5640
2026-08-20T12:52:40.490442+05:45,2026-08-20 12:52:40,live_market,live_market_247,True,cloud_automated,Thursday - Trading Hours: 11:00 AM - 3:00 PM NPT,2902,Laxmi Unnati Kosh,LUK,58.0,3000.0,10.28,2.9,9.99,,10.28,10.28,10.28,30840.0,2026-08-20 12:33:42.725977,3000.0,10.28,,,,,,,,,,,,,,7,"price_volume, live_market, summary, top_gainers, top_losers, nepse_index, supply_demand",5640
2026-08-20T12:52:40.490442+05:45,2026-08-20 12:52:40,live_market,live_market_248,True,cloud_automated,Thursday - Trading Hours: 11:00 AM - 3:00 PM NPT,9175,Menchhiyam Hydropower Limited,MCHL,58.0,30.0,276.0,-2.13,282.0,,275.0,276.0,275.0,8270.0,2026-08-20 12:32:51.811215,10.0,275.67,,,,,,,,,,,,,,7,"price_volume, live_market, summary, top_gainers, top_losers, nepse_index, supply_demand",5640
2026-08-20T12:52:40.490442+05:45,2026-08-20 12:52:40,live_market,live_market_249,True,cloud_automated,Thursday - Trading Hours: 11:00 AM - 3:00 PM NPT,2766,Chhyangdi Hydropower Ltd.,CHL,58.0,8401.0,265.0,0.95,262.5,,267.0,267.0,262.6,2215140.4,2026-08-20 12:32:43.534745,1001.0,263.68,,,,,,,,,,,,,,7,"price_volume, live_market, summary, top_gainers, top_losers, nepse_index, supply_demand",5640
2026-08-20T12:52:40.490442+05:45,2026-08-20 12:52:40,live_market,live_market_250,True,cloud_automated,Thursday - Trading Hours: 11:00 AM - 3:00 PM NPT,2748,RSDC Laghubitta Bittiya Sanstha Ltd.,RSDC,58.0,388.0,622.1,-0.99,628.3,,621.0,622.4,621.0,241401.3,2026-08-20 12:32:32.991009,95.0,622.17,,,,,,,,,,,,,,7,"price_volume, live_market, summary, top_gainers, top_losers, nepse_index, supply_demand",5640
2026-08-20T12:52:40.490442+05:45,2026-08-20 12:52:40,live_market,live_market_251,True,cloud_automated,Thursday - Trading Hours: 11:00 AM - 3:00 PM NPT,148,Taragaon Regency Hotel Limited,TRH,58.0,2445.0,805.0,0.37,802.0,,800.0,810.0,792.0,1971864.0,2026-08-20 12:32:16.612286,10.0,806.49,,,,,,,,,,,,,,7,"price_volume, live_market, summary, top_gainers, top_losers, nepse_index, supply_demand",5640
2026-08-20T12:52:40.490442+05:45,2026-08-20 12:52:40,live_market,live_market_252,True,cloud_automated,Thursday - Trading Hours: 11:00 AM - 3:00 PM NPT,348,Citizens Bank International Limited,CZBIL,58.0,2302.0,199.0,0.0,199.0,,198.2,199.9,195.3,456367.9,2026-08-20 12:32:07.4446,200.0,198.25,,,,,,,,,,,,,,7,"price_volume, live_market, summary, top_gainers, top_losers, nepse_index, supply_demand",5640
2026-08-20T12:52:40.490442+05:45,2026-08-20 12:52:40,live_market,live_market_253,True,cloud_automated,Thursday - Trading Hours: 11:00 AM - 3:00 PM NPT,2746,National Laghubitta Bittiya Sanstha Limited,NMFBS,58.0,1702.0,1120.0,0.0,1120.0,,1120.0,1120.0,1105.0,1895729.8,2026-08-20 12:31:14.77895,20.0,1113.82,,,,,,,,,,,,,,7,"price_volume, live_market, summary, top_gainers, top_losers, nepse_index, supply_demand",5640
2026-08-20T12:52:40.490442+05:45,2026-08-20 12:52:40,live_market,live_market_254,True,cloud_automated,Thursday - Trading Hours: 11:00 AM - 3:00 PM NPT,2813,Panchthar Power Compant Limited,PPCL,58.0,950.0,330.6,-1.31,335.0,,333.0,335.0,330.6,317318.0,2026-08-20 12:30:55.217664,30.0,334.02,,,,,,,,,,,,,,7,"price_volume, live_market, summary, top_gainers, top_losers, nepse_index, supply_demand",5640
2026-08-20T12:52:40.490442+05:45,2026-08-20 12:52:40,live_market,live_market_255,True,cloud_automated,Thursday - Trading Hours: 11:00 AM - 3:00 PM NPT,418,Jyoti Bikas Bank Limited,JBBL,58.0,5732.0,334.0,-0.06,334.2,,334.2,335.0,333.3,1912887.3,2026-08-20 12:30:45.251791,200.0,333.72,,,,,,,,,,,,,,7,"price_volume, live_market, summary, top_gainers, top_losers, nepse_index, supply_demand",5640
2026-08-20T12:52:40.490442+05:45,2026-08-20 12:52:40,live_market,live_market_256,True,cloud_automated,Thursday - Trading Hours: 11:00 AM - 3:00 PM NPT,459,Kamana Sewa Bikas Bank Limited,KSBBL,58.0,6230.0,479.0,0.0,479.0,,476.0,479.0,472.5,2973675.2,2026-08-20 12:30:27.751366,3.0,477.32,,,,,,,,,,,,,,7,"price_volume, live_market, summary, top_gainers, top_losers, nepse_index, supply_demand",5640
2026-08-20T12:52:40.490442+05:45,2026-08-20 12:52:40,live_market,live_market_257,True,cloud_automated,Thursday - Trading Hours: 11:00 AM - 3:00 PM NPT,9191,Citizens Super 30 Mutual Fund,C30MF,58.0,600.0,10.0,0.0,10.0,,10.0,10.0,10.0,6000.0,2026-08-20 12:30:06.732112,500.0,10.0,,,,,,,,,,,,,,7,"price_volume, live_market, summary, top_gainers, top_losers, nepse_index, supply_demand",5640
2026-08-20T12:52:40.490442+05:45,2026-08-20 12:52:40,live_market,live_market_258,True,cloud_automated,Thursday - Trading Hours: 11:00 AM - 3:00 PM NPT,8119,10.50% Everest Bank Limited Debenture 2085,EBLD85,58.0,10.0,1141.0,2.98,1108.0,,1141.0,1141.0,1141.0,11410.0,2026-08-20 12:29:52.099844,10.0,1141.0,,,,,,,,,,,,,,7,"price_volume, live_market, summary, top_gainers, top_losers, nepse_index, supply_demand",5640
2026-08-20T12:52:40.490442+05:45,2026-08-20 12:52:40,live_market,live_market_259,True,cloud_automated,Thursday - Trading Hours: 11:00 AM - 3:00 PM NPT,153,Butwal Power Company Limited,BPCL,58.0,416.0,637.0,-0.62,641.0,,640.0,640.0,635.3,265328.3,2026-08-20 12:29:49.045653,110.0,637.81,,,,,,,,,,,,,,7,"price_volume, live_market, summary, top_gainers, top_losers, nepse_index, supply_demand",5640
2026-08-20T12:52:40.490442+05:45,2026-08-20 12:52:40,live_market,live_market_260,True,cloud_automated,Thursday - Trading Hours: 11:00 AM - 3:00 PM NPT,9168,"Global IME Bank Debenture, 2084/85",GBILD84/85,58.0,10.0,1153.0,2.67,1123.0,,1153.0,1153.0,1153.0,11530.0,2026-08-20 12:29:28.569164,10.0,1153.0,,,,,,,,,,,,,,7,"price_volume, live_market, summary, top_gainers, top_losers, nepse_index, supply_demand",5640
2026-08-20T12:52:40.490442+05:45,2026-08-20 12:52:40,live_market,live_market_261,True,cloud_automated,Thursday - Trading Hours: 11:00 AM - 3:00 PM NPT,705,Global IME Laghubitta Bittiya Sanstha Ltd.,GILB,58.0,280.0,1101.1,0.44,1096.3,,1129.0,1129.0,1097.0,310246.2,2026-08-20 12:29:10.375669,6.0,1108.02,,,,,,,,,,,,,,7,"price_volume, live_market, summary, top_gainers, top_losers, nepse_index, supply_demand",5640
2026-08-20T12:52:40.490442+05:45,2026-08-20 12:52:40,live_market,live_market_262,True,cloud_automated,Thursday - Trading Hours: 11:00 AM - 3:00 PM NPT,9215,Mid Solu Hydropower Limited,MSHL,58.0,81.0,586.0,0.51,583.0,,600.0,600.0,582.0,47376.3,2026-08-20 12:28:01.74582,10.0,584.89,,,,,,,,,,,,,,7,"price_volume, live_market, summary, top_gainers, top_losers, nepse_index, supply_demand",5640
2026-08-20T12:52:40.490442+05:45,2026-08-20 12:52:40,live_market,live_market_263,True,cloud_automated,Thursday - Trading Hours: 11:00 AM - 3:00 PM NPT,2754,Dibyashwori Hydropower Ltd.,DHPL,58.0,235.0,278.1,-1.03,281.0,,284.0,284.0,276.1,65485.5,2026-08-20 12:27:36.236508,100.0,278.66,,,,,,,,,,,,,,7,"price_volume, live_market, summary, top_gainers, top_losers, nepse_index, supply_demand",5640
2026-08-20T12:52:40.490442+05:45,2026-08-20 12:52:40,live_market,live_market_264,True,cloud_automated,Thursday - Trading Hours: 11:00 AM - 3:00 PM NPT,9241,Kumari Sabal Yojana,KSY,58.0,2080.0,9.66,5.34,9.17,,9.16,9.71,9.16,19802.0,2026-08-20 12:27:30.290579,100.0,9.52,,,,,,,,,,,,,,7,"price_volume, live_market, summary, top_gainers, top_losers, nepse_index, supply_demand",5640
2026-08-20T12:52:40.490442+05:45,2026-08-20 12:52:40,live_market,live_market_265,True,cloud_automated,Thursday - Trading Hours: 11:00 AM - 3:00 PM NPT,9300,Jhapa Energy Limited,JHAPA,58.0,947.0,1035.0,-0.96,1045.0,,1045.0,1050.0,1035.0,986862.0,2026-08-20 12:27:21.314428,85.0,1042.09,,,,,,,,,,,,,,7,"price_volume, live_market, summary, top_gainers, top_losers, nepse_index, supply_demand",5640
2026-08-20T12:52:40.490442+05:45,2026-08-20 12:52:40,live_market,live_market_266,True,cloud_automated,Thursday - Trading Hours: 11:00 AM - 3:00 PM NPT,583,Grameen Bikas Laghubitta Bittiya Sanstha Ltd.,GBLBS,58.0,874.0,690.0,-1.78,702.5,,700.0,710.8,679.0,601276.5,2026-08-20 12:27:11.110358,10.0,687.96,,,,,,,,,,,,,,7,"price_volume, live_market, summary, top_gainers, top_losers, nepse_index, supply_demand",5640
2026-08-20T12:52:40.490442+05:45,2026-08-20 12:52:40,live_market,live_market_267,True,cloud_automated,Thursday - Trading Hours: 11:00 AM - 3:00 PM NPT,172,Narayani Development Bank Limited,NABBC,58.0,3779.0,803.5,-0.1,804.3,,802.1,816.9,802.1,3076685.0,2026-08-20 12:25:41.854008,10.0,814.15,,,,,,,,,,,,,,7,"price_volume, live_market, summary, top_gainers, top_losers, nepse_index, supply_demand",5640
2026-08-20T12:52:40.490442+05:45,2026-08-20 12:52:40,live_market,live_market_268,True,cloud_automated,Thursday - Trading Hours: 11:00 AM - 3:00 PM NPT,2781,Wean Nepal Laghubitta Bittiya Sanstha Limited,WNLB,58.0,38.0,1300.0,-1.89,1325.0,,1300.0,1300.0,1300.0,49400.0,2026-08-20 12:25:29.553061,38.0,1300.0,,,,,,,,,,,,,,7,"price_volume, live_market, summary, top_gainers, top_losers, nepse_index, supply_demand",5640
2026-08-20T12:52:40.490442+05:45,2026-08-20 12:52:40,live_market,live_market_269,True,cloud_automated,Thursday - Trading Hours: 11:00 AM - 3:00 PM NPT,135,Nepal SBI Bank Limited,SBI,58.0,521.0,399.9,-0.27,401.0,,393.0,402.0,393.0,207624.0,2026-08-20 12:25:12.504886,250.0,398.51,,,,,,,,,,,,,,7,"price_volume, live_market, summary, top_gainers, top_losers, nepse_index, supply_demand",5640
2026-08-20T12:52:40.490442+05:45,2026-08-20 12:52:40,live_market,live_market_270,True,cloud_automated,Thursday - Trading Hours: 11:00 AM - 3:00 PM NPT,593,Kalika Laghubitta Bittiya Sanstha Ltd,KMCDB,58.0,40.0,774.0,-1.4,785.0,,790.0,797.7,774.0,31353.0,2026-08-20 12:25:00.371984,1.0,783.83,,,,,,,,,,,,,,7,"price_volume, live_market, summary, top_gainers, top_losers, nepse_index, supply_demand",5640
2026-08-20T12:52:40.490442+05:45,2026-08-20 12:52:40,live_market,live_market_271,True,cloud_automated,Thursday - Trading Hours: 11:00 AM - 3:00 PM NPT,268,Swabalamban Laghubitta Bittiya Sanstha Limited,SWBBL,58.0,2838.0,665.6,-0.21,667.0,,670.0,674.0,665.6,1905051.9,2026-08-20 12:24:27.671254,100.0,671.27,,,,,,,,,,,,,,7,"price_volume, live_market, summary, top_gainers, top_losers, nepse_index, supply_demand",5640
2026-08-20T12:52:40.490442+05:45,2026-08-20 12:52:40,live_market,live_market_272,True,cloud_automated,Thursday - Trading Hours: 11:00 AM - 3:00 PM NPT,694,Matribhumi Lagubitta Bittiya Sanstha Limited,MATRI,58.0,211.0,785.0,-2.12,802.0,,790.1,790.1,780.0,165216.3,2026-08-20 12:24:24.688762,1.0,783.02,,,,,,,,,,,,,,7,"price_volume, live_market, summary, top_gainers, top_losers, nepse_index, supply_demand",5640
2026-08-20T12:52:40.490442+05:45,2026-08-20 12:52:40,live_market,live_market_273,True,cloud_automated,Thursday - Trading Hours: 11:00 AM - 3:00 PM NPT,177,Rastriya Beema Company Limited,RBCL,58.0,10.0,14000.0,-0.36,14049.9,,14000.0,14000.0,14000.0,140000.0,2026-08-20 12:23:58.150651,10.0,14000.0,,,,,,,,,,,,,,7,"price_volume, live_market, summary, top_gainers, top_losers, nepse_index, supply_demand",5640
2026-08-20T12:52:40.490442+05:45,2026-08-20 12:52:40,live_market,live_market_274,True,cloud_automated,Thursday - Trading Hours: 11:00 AM - 3:00 PM NPT,9194,Three Star Hydropower Limited,TSHL,58.0,310.0,360.0,-1.61,365.9,,365.0,365.0,358.8,112226.0,2026-08-20 12:23:20.505687,10.0,362.02,,,,,,,,,,,,,,7,"price_volume, live_market, summary, top_gainers, top_losers, nepse_index, supply_demand",5640
2026-08-20T12:52:40.490442+05:45,2026-08-20 12:52:40,live_market,live_market_275,True,cloud_automated,Thursday - Trading Hours: 11:00 AM - 3:00 PM NPT,2896,Sampada Laghubitta Bittiya Sanstha Limited,SMPDA,58.0,50.0,735.0,-0.41,738.0,,730.6,735.0,730.6,36526.4,2026-08-20 12:23:17.2468,17.0,730.53,,,,,,,,,,,,,,7,"price_volume, live_market, summary, top_gainers, top_losers, nepse_index, supply_demand",5640
2026-08-20T12:52:40.490442+05:45,2026-08-20 12:52:40,live_market,live_market_276,True,cloud_automated,Thursday - Trading Hours: 11:00 AM - 3:00 PM NPT,182,Siddhartha Premier Insurance Limited,SPIL,58.0,2967.0,678.0,-0.29,680.0,,714.0,728.2,678.0,2040016.6,2026-08-20 12:21:51.229376,1.0,687.57,,,,,,,,,,,,,,7,"price_volume, live_market, summary, top_gainers, top_losers, nepse_index, supply_demand",5640
2026-08-20T12:52:40.490442+05:45,2026-08-20 12:52:40,live_market,live_market_277,True,cloud_automated,Thursday - Trading Hours: 11:00 AM - 3:00 PM NPT,186,IGI Prudential insurance Limited,IGI,58.0,90.0,427.0,0.47,425.0,,428.0,428.0,427.0,38500.0,2026-08-20 12:21:20.861426,20.0,427.78,,,,,,,,,,,,,,7,"price_volume, live_market, summary, top_gainers, top_losers, nepse_index, supply_demand",5640
2026-08-20T12:52:40.490442+05:45,2026-08-20 12:52:40,live_market,live_market_278,True,cloud_automated,Thursday - Trading Hours: 11:00 AM - 3:00 PM NPT,9269,Global IME Sammunat Yojana -2,GBIMESY2,58.0,300.0,8.92,-0.34,8.95,,8.89,8.92,8.89,2673.0,2026-08-20 12:21:09.880038,100.0,8.91,,,,,,,,,,,,,,7,"price_volume, live_market, summary, top_gainers, top_losers, nepse_index, supply_demand",5640
2026-08-20T12:52:40.490442+05:45,2026-08-20 12:52:40,live_market,live_market_279,True,cloud_automated,Thursday - Trading Hours: 11:00 AM - 3:00 PM NPT,9232,Chirkhwa Hydropower Limited ,CKHL,58.0,60.0,590.0,-0.84,595.0,,580.0,590.0,580.0,35100.0,2026-08-20 12:21:00.682674,10.0,585.0,,,,,,,,,,,,,,7,"price_volume, live_market, summary, top_gainers, top_losers, nepse_index, supply_demand",5640
2026-08-20T12:52:40.490442+05:45,2026-08-20 12:52:40,live_market,live_market_280,True,cloud_automated,Thursday - Trading Hours: 11:00 AM - 3:00 PM NPT,2807,Asha Laghubitta Bittiya Sanstha Ltd,ALBSL,58.0,268.0,1095.0,-0.44,1099.8,,1065.0,1112.19,1065.0,292229.9,2026-08-20 12:20:41.075972,10.0,1090.41,,,,,,,,,,,,,,7,"price_volume, live_market, summary, top_gainers, top_losers, nepse_index, supply_demand",5640
2026-08-20T12:52:40.490442+05:45,2026-08-20 12:52:40,live_market,live_market_281,True,cloud_automated,Thursday - Trading Hours: 11:00 AM - 3:00 PM NPT,9350,LS Horizon 12,LSH12,58.0,1200.0,8.92,-0.34,8.95,,8.95,9.1,8.9,10732.0,2026-08-20 12:20:32.543401,100.0,8.94,,,,,,,,,,,,,,7,"price_volume, live_market, summary, top_gainers, top_losers, nepse_index, supply_demand",5640
2026-08-20T12:52:40.490442+05:45,2026-08-20 12:52:40,live_market,live_market_282,True,cloud_automated,Thursday - Trading Hours: 11:00 AM - 3:00 PM NPT,401,Mahalaxmi Bikas Bank Ltd.,MLBL,58.0,1281.0,348.9,0.26,348.0,,347.0,348.9,342.0,440534.3,2026-08-20 12:20:22.492127,2.0,343.9,,,,,,,,,,,,,,7,"price_volume, live_market, summary, top_gainers, top_losers, nepse_index, supply_demand",5640
2026-08-20T12:52:40.490442+05:45,2026-08-20 12:52:40,live_market,live_market_283,True,cloud_automated,Thursday - Trading Hours: 11:00 AM - 3:00 PM NPT,9233,Nepal Warehousing Company Limited ,NWCL,58.0,60.0,665.2,-1.01,672.0,,658.0,677.0,658.0,39923.0,2026-08-20 12:20:20.529345,10.0,665.38,,,,,,,,,,,,,,7,"price_volume, live_market, summary, top_gainers, top_losers, nepse_index, supply_demand",5640
2026-08-20T12:52:40.490442+05:45,2026-08-20 12:52:40,live_market,live_market_284,True,cloud_automated,Thursday - Trading Hours: 11:00 AM - 3:00 PM NPT,149,Oriental Hotels Limited,OHL,58.0,193.0,642.1,-1.8,653.9,,654.0,654.0,641.1,124180.8,2026-08-20 12:20:15.342166,100.0,643.42,,,,,,,,,,,,,,7,"price_volume, live_market, summary, top_gainers, top_losers, nepse_index, supply_demand",5640
2026-08-20T12:52:40.490442+05:45,2026-08-20 12:52:40,live_market,live_market_285,True,cloud_automated,Thursday - Trading Hours: 11:00 AM - 3:00 PM NPT,9353,Sarvottam Paints Industries Limited,SAPIL,58.0,90.0,693.6,14.99,603.2,,621.2,693.6,621.2,60665.0,2026-08-20 12:20:02.151735,10.0,674.06,,,,,,,,,,,,,,7,"price_volume, live_market, summary, top_gainers, top_losers, nepse_index, supply_demand",5640
2026-08-20T12:52:40.490442+05:45,2026-08-20 12:52:40,live_market,live_market_286,True,cloud_automated,Thursday - Trading Hours: 11:00 AM - 3:00 PM NPT,8074,Kumari Dhanabriddhi Yojana,KDBY,58.0,5820.0,10.13,-8.33,11.05,,10.5,10.5,9.95,60761.2,2026-08-20 12:19:32.674465,290.0,10.44,,,,,,,,,,,,,,7,"price_volume, live_market, summary, top_gainers, top_losers, nepse_index, supply_demand",5640
2026-08-20T12:52:40.490442+05:45,2026-08-20 12:52:40,live_market,live_market_287,True,cloud_automated,Thursday - Trading Hours: 11:00 AM - 3:00 PM NPT,9290,HLI Large Cap Fund,HLICF,58.0,1100.0,8.6,-0.12,8.61,,8.61,8.61,8.6,9468.0,2026-08-20 12:18:08.105323,100.0,8.61,,,,,,,,,,,,,,7,"price_volume, live_market, summary, top_gainers, top_losers, nepse_index, supply_demand",5640
2026-08-20T12:52:40.490442+05:45,2026-08-20 12:52:40,live_market,live_market_288,True,cloud_automated,Thursday - Trading Hours: 11:00 AM - 3:00 PM NPT,9302,RBB Focus 40,RBBF40,58.0,850.0,9.1,0.0,9.1,,8.83,9.1,8.83,7630.0,2026-08-20 12:18:01.558545,250.0,8.98,,,,,,,,,,,,,,7,"price_volume, live_market, summary, top_gainers, top_losers, nepse_index, supply_demand",5640
2026-08-20T12:52:40.490442+05:45,2026-08-20 12:52:40,live_market,live_market_289,True,cloud_automated,Thursday - Trading Hours: 11:00 AM - 3:00 PM NPT,2914,United IDI Mardi RB Hydropower Limited.,UMRH,58.0,2712.0,519.0,-2.08,530.0,,519.2,520.0,519.0,1407804.9,2026-08-20 12:17:17.687767,21.0,519.1,,,,,,,,,,,,,,7,"price_volume, live_market, summary, top_gainers, top_losers, nepse_index, supply_demand",5640
2026-08-20T12:52:40.490442+05:45,2026-08-20 12:52:40,live_market,live_market_290,True,cloud_automated,Thursday - Trading Hours: 11:00 AM - 3:00 PM NPT,2835,NABIL BALANCED FUND-2,NBF2,58.0,5320.0,9.8,-0.1,9.81,,9.55,9.83,9.55,52207.6,2026-08-20 12:16:53.806021,2000.0,9.81,,,,,,,,,,,,,,7,"price_volume, live_market, summary, top_gainers, top_losers, nepse_index, supply_demand",5640
2026-08-20T12:52:40.490442+05:45,2026-08-20 12:52:40,live_market,live_market_291,True,cloud_automated,Thursday - Trading Hours: 11:00 AM - 3:00 PM NPT,8117,Aviyan Laghubitta Bittiya Sanstha Limited,AVYAN,58.0,781.0,1021.0,-1.35,1035.0,,1035.0,1035.0,1021.0,799966.0,2026-08-20 12:16:07.515288,50.0,1024.28,,,,,,,,,,,,,,7,"price_volume, live_market, summary, top_gainers, top_losers, nepse_index, supply_demand",5640
2026-08-20T12:52:40.490442+05:45,2026-08-20 12:52:40,live_market,live_market_292,True,cloud_automated,Thursday - Trading Hours: 11:00 AM - 3:00 PM NPT,471,Multipurpose Finance Company  Limited,MPFL,58.0,54.0,614.0,-0.16,615.0,,610.0,620.8,610.0,33088.0,2026-08-20 12:15:01.994571,10.0,612.74,,,,,,,,,,,,,,7,"price_volume, live_market, summary, top_gainers, top_losers, nepse_index, supply_demand",5640
2026-08-20T12:52:40.490442+05:45,2026-08-20 12:52:40,live_market,live_market_293,True,cloud_automated,Thursday - Trading Hours: 11:00 AM - 3:00 PM NPT,192,Shikhar Insurance Co. Ltd.,SICL,58.0,1995.0,612.0,0.49,609.0,,610.0,612.0,605.0,1210214.3,2026-08-20 12:14:57.577212,32.0,606.62,,,,,,,,,,,,,,7,"price_volume, live_market, summary, top_gainers, top_losers, nepse_index, supply_demand",5640
2026-08-20T12:52:40.490442+05:45,2026-08-20 12:52:40,live_market,live_market_294,True,cloud_automated,Thursday - Trading Hours: 11:00 AM - 3:00 PM NPT,338,Progressive Finance Limited,PROFL,58.0,1100.0,408.0,0.25,407.0,,406.0,408.0,400.5,442817.5,2026-08-20 12:14:15.597405,20.0,402.56,,,,,,,,,,,,,,7,"price_volume, live_market, summary, top_gainers, top_losers, nepse_index, supply_demand",5640
2026-08-20T12:52:40.490442+05:45,2026-08-20 12:52:40,live_market,live_market_295,True,cloud_automated,Thursday - Trading Hours: 11:00 AM - 3:00 PM NPT,4967,NIC Asia Select Fund 30,NICSF,58.0,200.0,8.4,1.2,8.3,,8.4,8.4,8.4,1680.0,2026-08-20 12:13:37.301534,100.0,8.4,,,,,,,,,,,,,,7,"price_volume, live_market, summary, top_gainers, top_losers, nepse_index, supply_demand",5640
2026-08-20T12:52:40.490442+05:45,2026-08-20 12:52:40,live_market,live_market_296,True,cloud_automated,Thursday - Trading Hours: 11:00 AM - 3:00 PM NPT,2790,Aarambha Chautari Laghubitta Bittiya Sanstha Limited,ACLBSL,58.0,103.0,900.0,0.0,900.0,,900.0,900.0,900.0,92653.0,2026-08-20 12:10:57.55314,10.0,899.54,,,,,,,,,,,,,,7,"price_volume, live_market, summary, top_gainers, top_losers, nepse_index, supply_demand",5640
2026-08-20T12:52:40.490442+05:45,2026-08-20 12:52:40,live_market,live_market_297,True,cloud_automated,Thursday - Trading Hours: 11:00 AM - 3:00 PM NPT,559,NLG Insurance Company Ltd.,NLG,58.0,1442.0,551.0,-1.57,559.8,,559.8,559.8,550.0,796925.8,2026-08-20 12:08:42.113755,145.0,552.65,,,,,,,,,,,,,,7,"price_volume, live_market, summary, top_gainers, top_losers, nepse_index, supply_demand",5640
2026-08-20T12:52:40.490442+05:45,2026-08-20 12:52:40,live_market,live_market_298,True,cloud_automated,Thursday - Trading Hours: 11:00 AM - 3:00 PM NPT,9221,Himalayan 80-20,H8020,58.0,1100.0,11.8,0.08,11.79,,11.8,11.8,11.8,12980.0,2026-08-20 12:08:29.501451,100.0,11.8,,,,,,,,,,,,,,7,"price_volume, live_market, summary, top_gainers, top_losers, nepse_index, supply_demand",5640
2026-08-20T12:52:40.490442+05:45,2026-08-20 12:52:40,live_market,live_market_299,True,cloud_automated,Thursday - Trading Hours: 11:00 AM - 3:00 PM NPT,704,NMB  Microfinance Bittiya Sanstha Ltd.,NMBMF,58.0,10.0,600.0,1.69,590.0,,600.0,600.0,600.0,6000.0,2026-08-20 12:07:46.418823,10.0,600.0,,,,,,,,,,,,,,7,"price_volume, live_market, summary, top_gainers, top_losers, nepse_index, supply_demand",5640
2026-08-20T12:52:40.490442+05:45,2026-08-20 12:52:40,live_market,live_market_300,True,cloud_automated,Thursday - Trading Hours: 11:00 AM - 3:00 PM NPT,9138,NIBL Growth Fund,NIBLGF,58.0,100.0,8.64,-2.81,8.89,,8.64,8.64,8.64,864.0,2026-08-20 12:07:08.874194,100.0,8.64,,,,,,,,,,,,,,7,"price_volume, live_market, summary, top_gainers, top_losers, nepse_index, supply_demand",5640
2026-08-20T12:52:40.490442+05:45,2026-08-20 12:52:40,live_market,live_market_301,True,cloud_automated,Thursday - Trading Hours: 11:00 AM - 3:00 PM NPT,4949,NIBL Samriddhi Fund -2,NIBSF2,58.0,15100.0,8.7,-1.14,8.8,,8.79,8.79,8.7,132121.5,2026-08-20 12:06:13.209007,5150.0,8.75,,,,,,,,,,,,,,7,"price_volume, live_market, summary, top_gainers, top_losers, nepse_index, supply_demand",5640
2026-08-20T12:52:40.490442+05:45,2026-08-20 12:52:40,live_market,live_market_302,True,cloud_automated,Thursday - Trading Hours: 11:00 AM - 3:00 PM NPT,4947,Prabhu Select Fund,PSF,58.0,400.0,11.87,0.25,11.84,,11.81,11.87,11.81,4734.0,2026-08-20 12:03:29.882127,100.0,11.84,,,,,,,,,,,,,,7,"price_volume, live_market, summary, top_gainers, top_losers, nepse_index, supply_demand",5640
2026-08-20T12:52:40.490442+05:45,2026-08-20 12:52:40,live_market,live_market_303,True,cloud_automated,Thursday - Trading Hours: 11:00 AM - 3:00 PM NPT,2770,Siddhartha Equity Fund,SEF,58.0,75895.0,9.36,0.21,9.34,,9.4,9.4,9.24,702844.18,2026-08-20 12:02:46.510989,500.0,9.26,,,,,,,,,,,,,,7,"price_volume, live_market, summary, top_gainers, top_losers, nepse_index, supply_demand",5640
2026-08-20T12:52:40.490442+05:45,2026-08-20 12:52:40,live_market,live_market_304,True,cloud_automated,Thursday - Trading Hours: 11:00 AM - 3:00 PM NPT,2774,Unnati Sahakarya Laghubitta Bittiya Sanstha Limited,USLB,58.0,1694.0,1080.0,0.47,1075.0,,1100.0,1100.0,1080.0,1862734.0,2026-08-20 12:00:54.46082,10.0,1099.61,,,,,,,,,,,,,,7,"price_volume, live_market, summary, top_gainers, top_losers, nepse_index, supply_demand",5640
2026-08-20T12:52:40.490442+05:45,2026-08-20 12:52:40,live_market,live_market_305,True,cloud_automated,Thursday - Trading Hours: 11:00 AM - 3:00 PM NPT,8005,Mailung Khola Jal Vidhyut Company Limited,MKJC,58.0,3820.0,430.0,-2.27,440.0,,433.0,433.0,429.5,1648621.3,2026-08-20 12:00:46.137622,10.0,431.58,,,,,,,,,,,,,,7,"price_volume, live_market, summary, top_gainers, top_losers, nepse_index, supply_demand",5640
2026-08-20T12:52:40.490442+05:45,2026-08-20 12:52:40,live_market,live_market_306,True,cloud_automated,Thursday - Trading Hours: 11:00 AM - 3:00 PM NPT,2933,Kumari Equity Fund,KEF,58.0,43386.0,10.27,-6.64,11.0,,10.67,10.67,10.25,452619.0,2026-08-20 11:59:52.212218,500.0,10.43,,,,,,,,,,,,,,7,"price_volume, live_market, summary, top_gainers, top_losers, nepse_index, supply_demand",5640
2026-08-20T12:52:40.490442+05:45,2026-08-20 12:52:40,live_market,live_market_307,True,cloud_automated,Thursday - Trading Hours: 11:00 AM - 3:00 PM NPT,8073,NIC Asia Flexi CAP Fund,NICFC,58.0,300.0,8.79,-2.33,9.0,,8.75,8.8,8.75,2634.0,2026-08-20 11:59:45.83262,100.0,8.78,,,,,,,,,,,,,,7,"price_volume, live_market, summary, top_gainers, top_losers, nepse_index, supply_demand",5640
2026-08-20T12:52:40.490442+05:45,2026-08-20 12:52:40,live_market,live_market_308,True,cloud_automated,Thursday - Trading Hours: 11:00 AM - 3:00 PM NPT,8125,NMB Sulav Investment Fund - 2,NSIF2,58.0,103000.0,11.05,0.45,11.0,,11.1,11.1,10.85,1128080.0,2026-08-20 11:59:36.507155,1300.0,10.95,,,,,,,,,,,,,,7,"price_volume, live_market, summary, top_gainers, top_losers, nepse_index, supply_demand",5640
2026-08-20T12:52:40.490442+05:45,2026-08-20 12:52:40,live_market,live_market_309,True,cloud_automated,Thursday - Trading Hours: 11:00 AM - 3:00 PM NPT,2826,Gurans Laghubitta Bittiya Sanstha Limited,GLBSL,58.0,303.0,1701.0,-2.35,1742.0,,1743.0,1743.0,1701.0,515879.6,2026-08-20 11:57:43.730792,167.0,1702.57,,,,,,,,,,,,,,7,"price_volume, live_market, summary, top_gainers, top_losers, nepse_index, supply_demand",5640
2026-08-20T12:52:40.490442+05:45,2026-08-20 12:52:40,live_market,live_market_310,True,cloud_automated,Thursday - Trading Hours: 11:00 AM - 3:00 PM NPT,2829,Swabhimaan Laghubitta Bittiya Sanstha Limited,SMFBS,58.0,304.0,1429.7,-0.92,1443.0,,1477.0,1486.0,1429.7,444408.6,2026-08-20 11:57:02.742486,53.0,1461.87,,,,,,,,,,,,,,7,"price_volume, live_market, summary, top_gainers, top_losers, nepse_index, supply_demand",5640
2026-08-20T12:52:40.490442+05:45,2026-08-20 12:52:40,live_market,live_market_311,True,cloud_automated,Thursday - Trading Hours: 11:00 AM - 3:00 PM NPT,2859,Siddhartha Investment Growth Scheme - 2,SIGS2,58.0,14010.0,10.51,-0.19,10.53,,10.53,10.53,10.5,147514.1,2026-08-20 11:56:51.490096,410.0,10.53,,,,,,,,,,,,,,7,"price_volume, live_market, summary, top_gainers, top_losers, nepse_index, supply_demand",5640
2026-08-20T12:52:40.490442+05:45,2026-08-20 12:52:40,live_market,live_market_312,True,cloud_automated,Thursday - Trading Hours: 11:00 AM - 3:00 PM NPT,2937,Sunrise Bluechip Fund,SBCF,58.0,1300.0,9.6,-0.31,9.63,,9.6,9.6,9.6,12480.0,2026-08-20 11:54:57.238079,1000.0,9.6,,,,,,,,,,,,,,7,"price_volume, live_market, summary, top_gainers, top_losers, nepse_index, supply_demand",5640
2026-08-20T12:52:40.490442+05:45,2026-08-20 12:52:40,live_market,live_market_313,True,cloud_automated,Thursday - Trading Hours: 11:00 AM - 3:00 PM NPT,2936,9.5% NCC Debenture 2086,NCCD86,58.0,20.0,1101.2,0.39,1096.9,,1101.2,1101.2,1101.2,22024.0,2026-08-20 11:47:27.166493,20.0,1101.2,,,,,,,,,,,,,,7,"price_volume, live_market, summary, top_gainers, top_losers, nepse_index, supply_demand",5640
2026-08-20T12:52:40.490442+05:45,2026-08-20 12:52:40,live_market,live_market_314,True,cloud_automated,Thursday - Trading Hours: 11:00 AM - 3:00 PM NPT,9255,Everest Bank Limited Debenture 2091,EBLD91,58.0,50.0,1080.0,-1.82,1100.0,,1080.0,1080.0,1080.0,54000.0,2026-08-20 11:46:08.978517,25.0,1080.0,,,,,,,,,,,,,,7,"price_volume, live_market, summary, top_gainers, top_losers, nepse_index, supply_demand",5640
2026-08-20T12:52:40.490442+05:45,2026-08-20 12:52:40,live_market,live_market_315,True,cloud_automated,Thursday - Trading Hours: 11:00 AM - 3:00 PM NPT,9244,NIBL Stable Fund,NIBLSTF,58.0,200.0,8.31,-1.19,8.41,,8.31,8.31,8.31,1662.0,2026-08-20 11:45:33.45254,100.0,8.31,,,,,,,,,,,,,,7,"price_volume, live_market, summary, top_gainers, top_losers, nepse_index, supply_demand",5640
2026-08-20T12:52:40.490442+05:45,2026-08-20 12:52:40,live_market,live_market_316,True,cloud_automated,Thursday - Trading Hours: 11:00 AM - 3:00 PM NPT,2768,Mahuli Laghubitta Bittiya Sanstha Limited,MSLB,58.0,250.0,1240.0,1.78,1218.3,,1218.3,1240.0,1204.5,304708.0,2026-08-20 11:36:35.428974,10.0,1218.83,,,,,,,,,,,,,,7,"price_volume, live_market, summary, top_gainers, top_losers, nepse_index, supply_demand",5640
2026-08-20T12:52:40.490442+05:45,2026-08-20 12:52:40,live_market,live_market_317,True,cloud_automated,Thursday - Trading Hours: 11:00 AM - 3:00 PM NPT,8018,Manushi Laghubitta Bittiya Sanstha Limited,MLBS,58.0,15.0,1050.0,-2.78,1080.0,,1050.0,1050.0,1050.0,15750.0,2026-08-20 11:35:36.202699,15.0,1050.0,,,,,,,,,,,,,,7,"price_volume, live_market, summary, top_gainers, top_losers, nepse_index, supply_demand",5640
2026-08-20T12:52:40.490442+05:45,2026-08-20 12:52:40,live_market,live_market_318,True,cloud_automated,Thursday - Trading Hours: 11:00 AM - 3:00 PM NPT,9286,Shine Resunga Debenture,SHINED,58.0,23.0,1080.1,-0.91,1090.0,,1080.1,1080.1,1080.1,24842.3,2026-08-20 11:33:13.669735,23.0,1080.1,,,,,,,,,,,,,,7,"price_volume, live_market, summary, top_gainers, top_losers, nepse_index, supply_demand",5640
2026-08-20T12:52:40.490442+05:45,2026-08-20 12:52:40,live_market,live_market_319,True,cloud_automated,Thursday - Trading Hours: 11:00 AM - 3:00 PM NPT,185,Sagarmatha Lumbini Insurance Co. Limited,SALICO,58.0,80.0,588.0,-0.59,591.5,,589.0,589.0,588.0,47090.0,2026-08-20 11:32:33.934694,30.0,588.63,,,,,,,,,,,,,,7,"price_volume, live_market, summary, top_gainers, top_losers, nepse_index, supply_demand",5640
2026-08-20T12:52:40.490442+05:45,2026-08-20 12:52:40,live_market,live_market_320,True,cloud_automated,Thursday - Trading Hours: 11:00 AM - 3:00 PM NPT,2932,9.5% Manjushree Finance Limited Debenture 2085,MFLD85,58.0,100.0,1085.0,0.0,1085.0,,1085.0,1085.0,1085.0,108500.0,2026-08-20 11:27:01.76178,100.0,1085.0,,,,,,,,,,,,,,7,"price_volume, live_market, summary, top_gainers, top_losers, nepse_index, supply_demand",5640
2026-08-20T12:52:40.490442+05:45,2026-08-20 12:52:40,live_market,live_market_321,True,cloud_automated,Thursday - Trading Hours: 11:00 AM - 3:00 PM NPT,9198,Laxmi Value Fund 2,LVF2,58.0,100.0,9.57,-2.94,9.86,,9.57,9.57,9.57,957.0,2026-08-20 11:20:30.164239,100.0,9.57,,,,,,,,,,,,,,7,"price_volume, live_market, summary, top_gainers, top_losers, nepse_index, supply_demand",5640
2026-08-20T12:52:40.490442+05:45,2026-08-20 12:52:40,live_market,live_market_322,True,cloud_automated,Thursday - Trading Hours: 11:00 AM - 3:00 PM NPT,2867,NMB 50,NMB50,58.0,14000.0,9.76,-0.51,9.81,,9.76,9.76,9.76,136640.0,2026-08-20 11:18:38.174723,4000.0,9.76,,,,,,,,,,,,,,7,"price_volume, live_market, summary, top_gainers, top_losers, nepse_index, supply_demand",5640
2026-08-20T12:52:40.490442+05:45,2026-08-20 12:52:40,live_market,live_market_323,True,cloud_automated,Thursday - Trading Hours: 11:00 AM - 3:00 PM NPT,2815,Ganapati Laghubitta Bittiya Sanstha Limited,GMFBS,58.0,10.0,1150.0,-1.71,1170.0,,1150.0,1150.0,1150.0,11500.0,2026-08-20 11:16:58.270903,10.0,1150.0,,,,,,,,,,,,,,7,"price_volume, live_market, summary, top_gainers, top_losers, nepse_index, supply_demand",5640
2026-08-20T12:52:40.490442+05:45,2026-08-20 12:52:40,live_market,live_market_324,True,cloud_automated,Thursday - Trading Hours: 11:00 AM - 3:00 PM NPT,469,Nepal Investment Mega Bank Ltd. Promoter Share,NIMBPO,58.0,32.0,143.0,2.14,140.0,,144.1,144.1,143.0,4598.0,2026-08-20 11:12:39.295709,12.0,143.69,,,,,,,,,,,,,,7,"price_volume, live_market, summary, top_gainers, top_losers, nepse_index, supply_demand",5640
2026-08-20T12:52:40.490442+05:45,2026-08-20 12:52:40,live_market,live_market_325,True,cloud_automated,Thursday - Trading Hours: 11:00 AM - 3:00 PM NPT,8098,10.75% SBL Debenture 2089,SBLD89,58.0,10.0,1293.0,2.13,1266.0,,1293.0,1293.0,1293.0,12930.0,2026-08-20 11:09:38.812212,10.0,1293.0,,,,,,,,,,,,,,7,"price_volume, live_market, summary, top_gainers, top_losers, nepse_index, supply_demand",5640
2026-08-20T12:52:40.490442+05:45,2026-08-20 12:52:40,live_market,live_market_326,True,cloud_automated,Thursday - Trading Hours: 11:00 AM - 3:00 PM NPT,9174,Prabhu Smart Fund,PRSF,58.0,100.0,12.75,-1.24,12.91,,12.75,12.75,12.75,1275.0,2026-08-20 11:07:20.109923,100.0,12.75,,,,,,,,,,,,,,7,"price_volume, live_market, summary, top_gainers, top_losers, nepse_index, supply_demand",5640
2026-08-20T12:52:40.490442+05:45,2026-08-20 12:52:40,live_market,live_market_327,True,cloud_automated,Thursday - Trading Hours: 11:00 AM - 3:00 PM NPT,6985,Shangri-la Development Bank Debenture 2087,SDBD87,58.0,2.0,1121.0,0.0,1121.0,,1121.0,1121.0,1121.0,2150.0,2026-08-20 10:46:00.104493,2.0,1075.0,,,,,,,,,,,,,,7,"price_volume, live_market, summary, top_gainers, top_losers, nepse_index, supply_demand",5640
2026-08-20T12:52:40.490442+05:45,2026-08-20 12:52:40,live_market,live_market_328,True,cloud_automated,Thursday - Trading Hours: 11:00 AM - 3:00 PM NPT,2882,12% ICFC Finance Limited Debenture 2083,ICFCD83,58.0,1.0,983.3,0.0,983.3,,983.3,983.3,983.3,934.2,2026-08-20 10:46:00.076131,1.0,934.2,,,,,,,,,,,,,,7,"price_volume, live_market, summary, top_gainers, top_losers, nepse_index, supply_demand",5640
2026-08-20T12:52:40.490442+05:45,2026-08-20 12:52:40,summary,summary_summary,True,cloud_automated,Thursday - Trading Hours: 11:00 AM - 3:00 PM NPT,,,,,,,,,,,,,,,,,1740473928.78,3340026.0,18488.0,327.0,,,,,,,,,,7,"price_volume, live_market, summary, top_gainers, top_losers, nepse_index, supply_demand",5640
2026-08-20T12:52:40.490442+05:45,2026-08-20 12:52:40,top_gainers,top_gainers_1,True,cloud_automated,Thursday - Trading Hours: 11:00 AM - 3:00 PM NPT,9352,Mount Everest Power Development Limited,MEPDL,,,,14.99,,,,,,,,,,,,,,797.6,,104.0,,,,,,,7,"price_volume, live_market, summary, top_gainers, top_losers, nepse_index, supply_demand",5640
2026-08-20T12:52:40.490442+05:45,2026-08-20 12:52:40,top_gainers,top_gainers_2,True,cloud_automated,Thursday - Trading Hours: 11:00 AM - 3:00 PM NPT,9353,Sarvottam Paints Industries Limited,SAPIL,,,,14.99,,,,,,,,,,,,,,693.6,,90.4,,,,,,,7,"price_volume, live_market, summary, top_gainers, top_losers, nepse_index, supply_demand",5640
2026-08-20T12:52:40.490442+05:45,2026-08-20 12:52:40,top_gainers,top_gainers_3,True,cloud_automated,Thursday - Trading Hours: 11:00 AM - 3:00 PM NPT,9241,Kumari Sabal Yojana,KSY,,,,5.34,,,,,,,,,,,,,,9.66,,0.49,,,,,,,7,"price_volume, live_market, summary, top_gainers, top_losers, nepse_index, supply_demand",5640
2026-08-20T12:52:40.490442+05:45,2026-08-20 12:52:40,top_gainers,top_gainers_4,True,cloud_automated,Thursday - Trading Hours: 11:00 AM - 3:00 PM NPT,2892,10% Nabil Debenture 2082,NBLD82,,,,3.0,,,,,,,,,,,,,,1051.1,,30.6,,,,,,,7,"price_volume, live_market, summary, top_gainers, top_losers, nepse_index, supply_demand",5640
2026-08-20T12:52:40.490442+05:45,2026-08-20 12:52:40,top_gainers,top_gainers_5,True,cloud_automated,Thursday - Trading Hours: 11:00 AM - 3:00 PM NPT,8119,10.50% Everest Bank Limited Debenture 2085,EBLD85,,,,2.98,,,,,,,,,,,,,,1141.0,,33.0,,,,,,,7,"price_volume, live_market, summary, top_gainers, top_losers, nepse_index, supply_demand",5640
2026-08-20T12:52:40.490442+05:45,2026-08-20 12:52:40,top_gainers,top_gainers_6,True,cloud_automated,Thursday - Trading Hours: 11:00 AM - 3:00 PM NPT,2902,Laxmi Unnati Kosh,LUK,,,,2.9,,,,,,,,,,,,,,10.28,,0.29,,,,,,,7,"price_volume, live_market, summary, top_gainers, top_losers, nepse_index, supply_demand",5640
2026-08-20T12:52:40.490442+05:45,2026-08-20 12:52:40,top_gainers,top_gainers_7,True,cloud_automated,Thursday - Trading Hours: 11:00 AM - 3:00 PM NPT,9146,Super Madi Hydropower Limited,SMHL,,,,2.79,,,,,,,,,,,,,,516.0,,14.0,,,,,,,7,"price_volume, live_market, summary, top_gainers, top_losers, nepse_index, supply_demand",5640
2026-08-20T12:52:40.490442+05:45,2026-08-20 12:52:40,top_gainers,top_gainers_8,True,cloud_automated,Thursday - Trading Hours: 11:00 AM - 3:00 PM NPT,9168,"Global IME Bank Debenture, 2084/85",GBILD84/85,,,,2.67,,,,,,,,,,,,,,1153.0,,30.0,,,,,,,7,"price_volume, live_market, summary, top_gainers, top_losers, nepse_index, supply_demand",5640
2026-08-20T12:52:40.490442+05:45,2026-08-20 12:52:40,top_gainers,top_gainers_9,True,cloud_automated,Thursday - Trading Hours: 11:00 AM - 3:00 PM NPT,9212,Mandu Hydropower Limited,MANDU,,,,2.62,,,,,,,,,,,,,,822.0,,21.0,,,,,,,7,"price_volume, live_market, summary, top_gainers, top_losers, nepse_index, supply_demand",5640
2026-08-20T12:52:40.490442+05:45,2026-08-20 12:52:40,top_gainers,top_gainers_10,True,cloud_automated,Thursday - Trading Hours: 11:00 AM - 3:00 PM NPT,8098,10.75% SBL Debenture 2089,SBLD89,,,,2.13,,,,,,,,,,,,,,1293.0,,27.0,,,,,,,7,"price_volume, live_market, summary, top_gainers, top_losers, nepse_index, supply_demand",5640
2026-08-20T12:52:40.490442+05:45,2026-08-20 12:52:40,top_gainers,top_gainers_11,True,cloud_automated,Thursday - Trading Hours: 11:00 AM - 3:00 PM NPT,2771,Support Microfinance Bittiya Sanstha Ltd.,SMB,,,,1.89,,,,,,,,,,,,,,1769.9,,32.9,,,,,,,7,"price_volume, live_market, summary, top_gainers, top_losers, nepse_index, supply_demand",5640
2026-08-20T12:52:40.490442+05:45,2026-08-20 12:52:40,top_gainers,top_gainers_12,True,cloud_automated,Thursday - Trading Hours: 11:00 AM - 3:00 PM NPT,2768,Mahuli Laghubitta Bittiya Sanstha Limited,MSLB,,,,1.78,,,,,,,,,,,,,,1240.0,,21.7,,,,,,,7,"price_volume, live_market, summary, top_gainers, top_losers, nepse_index, supply_demand",5640
2026-08-20T12:52:40.490442+05:45,2026-08-20 12:52:40,top_gainers,top_gainers_13,True,cloud_automated,Thursday - Trading Hours: 11:00 AM - 3:00 PM NPT,704,NMB  Microfinance Bittiya Sanstha Ltd.,NMBMF,,,,1.69,,,,,,,,,,,,,,600.0,,10.0,,,,,,,7,"price_volume, live_market, summary, top_gainers, top_losers, nepse_index, supply_demand",5640
2026-08-20T12:52:40.490442+05:45,2026-08-20 12:52:40,top_gainers,top_gainers_14,True,cloud_automated,Thursday - Trading Hours: 11:00 AM - 3:00 PM NPT,9156,Sanima Middle Tamor Hydropower Limited,TAMOR,,,,1.63,,,,,,,,,,,,,,467.0,,7.5,,,,,,,7,"price_volume, live_market, summary, top_gainers, top_losers, nepse_index, supply_demand",5640
2026-08-20T12:52:40.490442+05:45,2026-08-20 12:52:40,top_gainers,top_gainers_15,True,cloud_automated,Thursday - Trading Hours: 11:00 AM - 3:00 PM NPT,4967,NIC Asia Select Fund 30,NICSF,,,,1.2,,,,,,,,,,,,,,8.4,,0.1,,,,,,,7,"price_volume, live_market, summary, top_gainers, top_losers, nepse_index, supply_demand",5640
2026-08-20T12:52:40.490442+05:45,2026-08-20 12:52:40,top_gainers,top_gainers_16,True,cloud_automated,Thursday - Trading Hours: 11:00 AM - 3:00 PM NPT,9166,Makar Jitumaya Suri Hydropower Limited,MAKAR,,,,1.01,,,,,,,,,,,,,,411.0,,4.1,,,,,,,7,"price_volume, live_market, summary, top_gainers, top_losers, nepse_index, supply_demand",5640
2026-08-20T12:52:40.490442+05:45,2026-08-20 12:52:40,top_gainers,top_gainers_17,True,cloud_automated,Thursday - Trading Hours: 11:00 AM - 3:00 PM NPT,2766,Chhyangdi Hydropower Ltd.,CHL,,,,0.95,,,,,,,,,,,,,,265.0,,2.5,,,,,,,7,"price_volume, live_market, summary, top_gainers, top_losers, nepse_index, supply_demand",5640
2026-08-20T12:52:40.490442+05:45,2026-08-20 12:52:40,top_gainers,top_gainers_18,True,cloud_automated,Thursday - Trading Hours: 11:00 AM - 3:00 PM NPT,2784,Nadep Laghubittiya bittya Sanstha Ltd.,NADEP,,,,0.85,,,,,,,,,,,,,,710.0,,6.0,,,,,,,7,"price_volume, live_market, summary, top_gainers, top_losers, nepse_index, supply_demand",5640
2026-08-20T12:52:40.490442+05:45,2026-08-20 12:52:40,top_gainers,top_gainers_19,True,cloud_automated,Thursday - Trading Hours: 11:00 AM - 3:00 PM NPT,8106,Global IME Balanced Fund-1,GIBF1,,,,0.84,,,,,,,,,,,,,,10.85,,0.09,,,,,,,7,"price_volume, live_market, summary, top_gainers, top_losers, nepse_index, supply_demand",5640
2026-08-20T12:52:40.490442+05:45,2026-08-20 12:52:40,top_gainers,top_gainers_20,True,cloud_automated,Thursday - Trading Hours: 11:00 AM - 3:00 PM NPT,137,Everest Bank Limited,EBL,,,,0.55,,,,,,,,,,,,,,734.0,,4.0,,,,,,,7,"price_volume, live_market, summary, top_gainers, top_losers, nepse_index, supply_demand",5640
2026-08-20T12:52:40.490442+05:45,2026-08-20 12:52:40,top_gainers,top_gainers_21,True,cloud_automated,Thursday - Trading Hours: 11:00 AM - 3:00 PM NPT,9215,Mid Solu Hydropower Limited,MSHL,,,,0.51,,,,,,,,,,,,,,586.0,,3.0,,,,,,,7,"price_volume, live_market, summary, top_gainers, top_losers, nepse_index, supply_demand",5640
2026-08-20T12:52:40.490442+05:45,2026-08-20 12:52:40,top_gainers,top_gainers_22,True,cloud_automated,Thursday - Trading Hours: 11:00 AM - 3:00 PM NPT,9150,Asian Hydropower Limited,AHL,,,,0.5,,,,,,,,,,,,,,402.0,,2.0,,,,,,,7,"price_volume, live_market, summary, top_gainers, top_losers, nepse_index, supply_demand",5640
2026-08-20T12:52:40.490442+05:45,2026-08-20 12:52:40,top_gainers,top_gainers_23,True,cloud_automated,Thursday - Trading Hours: 11:00 AM - 3:00 PM NPT,8133,Peoples Hydropower Company Limited,PHCL,,,,0.5,,,,,,,,,,,,,,300.7,,1.5,,,,,,,7,"price_volume, live_market, summary, top_gainers, top_losers, nepse_index, supply_demand",5640
2026-08-20T12:52:40.490442+05:45,2026-08-20 12:52:40,top_gainers,top_gainers_24,True,cloud_automated,Thursday - Trading Hours: 11:00 AM - 3:00 PM NPT,141,Laxmi Sunrise Bank Limited,LSL,,,,0.5,,,,,,,,,,,,,,219.0,,1.1,,,,,,,7,"price_volume, live_market, summary, top_gainers, top_losers, nepse_index, supply_demand",5640
2026-08-20T12:52:40.490442+05:45,2026-08-20 12:52:40,top_gainers,top_gainers_25,True,cloud_automated,Thursday - Trading Hours: 11:00 AM - 3:00 PM NPT,192,Shikhar Insurance Co. Ltd.,SICL,,,,0.49,,,,,,,,,,,,,,612.0,,3.0,,,,,,,7,"price_volume, live_market, summary, top_gainers, top_losers, nepse_index, supply_demand",5640
2026-08-20T12:52:40.490442+05:45,2026-08-20 12:52:40,top_gainers,top_gainers_26,True,cloud_automated,Thursday - Trading Hours: 11:00 AM - 3:00 PM NPT,2774,Unnati Sahakarya Laghubitta Bittiya Sanstha Limited,USLB,,,,0.47,,,,,,,,,,,,,,1080.0,,5.0,,,,,,,7,"price_volume, live_market, summary, top_gainers, top_losers, nepse_index, supply_demand",5640
2026-08-20T12:52:40.490442+05:45,2026-08-20 12:52:40,top_gainers,top_gainers_27,True,cloud_automated,Thursday - Trading Hours: 11:00 AM - 3:00 PM NPT,186,IGI Prudential insurance Limited,IGI,,,,0.47,,,,,,,,,,,,,,427.0,,2.0,,,,,,,7,"price_volume, live_market, summary, top_gainers, top_losers, nepse_index, supply_demand",5640
2026-08-20T12:52:40.490442+05:45,2026-08-20 12:52:40,top_gainers,top_gainers_28,True,cloud_automated,Thursday - Trading Hours: 11:00 AM - 3:00 PM NPT,9327,8% ICFC Finance Limited Debenture 2089,ICFCD89,,,,0.46,,,,,,,,,,,,,,1090.0,,5.0,,,,,,,7,"price_volume, live_market, summary, top_gainers, top_losers, nepse_index, supply_demand",5640
2026-08-20T12:52:40.490442+05:45,2026-08-20 12:52:40,top_gainers,top_gainers_29,True,cloud_automated,Thursday - Trading Hours: 11:00 AM - 3:00 PM NPT,9176,Ingwa Hydropower Limited,IHL,,,,0.46,,,,,,,,,,,,,,325.0,,1.5,,,,,,,7,"price_volume, live_market, summary, top_gainers, top_losers, nepse_index, supply_demand",5640
2026-08-20T12:52:40.490442+05:45,2026-08-20 12:52:40,top_gainers,top_gainers_30,True,cloud_automated,Thursday - Trading Hours: 11:00 AM - 3:00 PM NPT,8125,NMB Sulav Investment Fund - 2,NSIF2,,,,0.45,,,,,,,,,,,,,,11.05,,0.05,,,,,,,7,"price_volume, live_market, summary, top_gainers, top_losers, nepse_index, supply_demand",5640
2026-08-20T12:52:40.490442+05:45,2026-08-20 12:52:40,top_gainers,top_gainers_31,True,cloud_automated,Thursday - Trading Hours: 11:00 AM - 3:00 PM NPT,705,Global IME Laghubitta Bittiya Sanstha Ltd.,GILB,,,,0.44,,,,,,,,,,,,,,1101.1,,4.8,,,,,,,7,"price_volume, live_market, summary, top_gainers, top_losers, nepse_index, supply_demand",5640
2026-08-20T12:52:40.490442+05:45,2026-08-20 12:52:40,top_gainers,top_gainers_32,True,cloud_automated,Thursday - Trading Hours: 11:00 AM - 3:00 PM NPT,164,Chhimek Laghubitta Bittiya Sanstha Limited,CBBL,,,,0.43,,,,,,,,,,,,,,939.0,,4.0,,,,,,,7,"price_volume, live_market, summary, top_gainers, top_losers, nepse_index, supply_demand",5640
2026-08-20T12:52:40.490442+05:45,2026-08-20 12:52:40,top_gainers,top_gainers_33,True,cloud_automated,Thursday - Trading Hours: 11:00 AM - 3:00 PM NPT,8045,Green Ventures Limited,GVL,,,,0.42,,,,,,,,,,,,,,474.0,,2.0,,,,,,,7,"price_volume, live_market, summary, top_gainers, top_losers, nepse_index, supply_demand",5640
2026-08-20T12:52:40.490442+05:45,2026-08-20 12:52:40,top_gainers,top_gainers_34,True,cloud_automated,Thursday - Trading Hours: 11:00 AM - 3:00 PM NPT,2936,9.5% NCC Debenture 2086,NCCD86,,,,0.39,,,,,,,,,,,,,,1101.2,,4.3,,,,,,,7,"price_volume, live_market, summary, top_gainers, top_losers, nepse_index, supply_demand",5640
2026-08-20T12:52:40.490442+05:45,2026-08-20 12:52:40,top_gainers,top_gainers_35,True,cloud_automated,Thursday - Trading Hours: 11:00 AM - 3:00 PM NPT,9149,Maya Khola Hydropower Company Limited,MKHC,,,,0.38,,,,,,,,,,,,,,262.0,,1.0,,,,,,,7,"price_volume, live_market, summary, top_gainers, top_losers, nepse_index, supply_demand",5640
2026-08-20T12:52:40.490442+05:45,2026-08-20 12:52:40,top_gainers,top_gainers_36,True,cloud_automated,Thursday - Trading Hours: 11:00 AM - 3:00 PM NPT,148,Taragaon Regency Hotel Limited,TRH,,,,0.37,,,,,,,,,,,,,,805.0,,3.0,,,,,,,7,"price_volume, live_market, summary, top_gainers, top_losers, nepse_index, supply_demand",5640
2026-08-20T12:52:40.490442+05:45,2026-08-20 12:52:40,top_gainers,top_gainers_37,True,cloud_automated,Thursday - Trading Hours: 11:00 AM - 3:00 PM NPT,8023,Mega Mutual Fund -1,MMF1,,,,0.35,,,,,,,,,,,,,,8.7,,0.03,,,,,,,7,"price_volume, live_market, summary, top_gainers, top_losers, nepse_index, supply_demand",5640
2026-08-20T12:52:40.490442+05:45,2026-08-20 12:52:40,top_gainers,top_gainers_38,True,cloud_automated,Thursday - Trading Hours: 11:00 AM - 3:00 PM NPT,9236,NIC ASIA Growth Fund-2,NICGF2,,,,0.33,,,,,,,,,,,,,,9.0,,0.03,,,,,,,7,"price_volume, live_market, summary, top_gainers, top_losers, nepse_index, supply_demand",5640
2026-08-20T12:52:40.490442+05:45,2026-08-20 12:52:40,top_gainers,top_gainers_39,True,cloud_automated,Thursday - Trading Hours: 11:00 AM - 3:00 PM NPT,8024,Nabil Balanced Fund-3,NBF3,,,,0.31,,,,,,,,,,,,,,9.63,,0.03,,,,,,,7,"price_volume, live_market, summary, top_gainers, top_losers, nepse_index, supply_demand",5640
2026-08-20T12:52:40.490442+05:45,2026-08-20 12:52:40,top_gainers,top_gainers_40,True,cloud_automated,Thursday - Trading Hours: 11:00 AM - 3:00 PM NPT,8030,Agricultural Bond (9 Year),ADBLB87,,,,0.3,,,,,,,,,,,,,,1015.0,,3.0,,,,,,,7,"price_volume, live_market, summary, top_gainers, top_losers, nepse_index, supply_demand",5640
2026-08-20T12:52:40.490442+05:45,2026-08-20 12:52:40,top_gainers,top_gainers_41,True,cloud_automated,Thursday - Trading Hours: 11:00 AM - 3:00 PM NPT,9208,Upper Lohore Khola Hydropower Company Limited,ULHC,,,,0.3,,,,,,,,,,,,,,334.0,,1.0,,,,,,,7,"price_volume, live_market, summary, top_gainers, top_losers, nepse_index, supply_demand",5640
2026-08-20T12:52:40.490442+05:45,2026-08-20 12:52:40,top_gainers,top_gainers_42,True,cloud_automated,Thursday - Trading Hours: 11:00 AM - 3:00 PM NPT,9148,Super Mai Hydropower Limited,SMH,,,,0.26,,,,,,,,,,,,,,503.5,,1.3,,,,,,,7,"price_volume, live_market, summary, top_gainers, top_losers, nepse_index, supply_demand",5640
2026-08-20T12:52:40.490442+05:45,2026-08-20 12:52:40,top_gainers,top_gainers_43,True,cloud_automated,Thursday - Trading Hours: 11:00 AM - 3:00 PM NPT,401,Mahalaxmi Bikas Bank Ltd.,MLBL,,,,0.26,,,,,,,,,,,,,,348.9,,0.9,,,,,,,7,"price_volume, live_market, summary, top_gainers, top_losers, nepse_index, supply_demand",5640
2026-08-20T12:52:40.490442+05:45,2026-08-20 12:52:40,top_gainers,top_gainers_44,True,cloud_automated,Thursday - Trading Hours: 11:00 AM - 3:00 PM NPT,338,Progressive Finance Limited,PROFL,,,,0.25,,,,,,,,,,,,,,408.0,,1.0,,,,,,,7,"price_volume, live_market, summary, top_gainers, top_losers, nepse_index, supply_demand",5640
2026-08-20T12:52:40.490442+05:45,2026-08-20 12:52:40,top_gainers,top_gainers_45,True,cloud_automated,Thursday - Trading Hours: 11:00 AM - 3:00 PM NPT,4947,Prabhu Select Fund,PSF,,,,0.25,,,,,,,,,,,,,,11.87,,0.03,,,,,,,7,"price_volume, live_market, summary, top_gainers, top_losers, nepse_index, supply_demand",5640
2026-08-20T12:52:40.490442+05:45,2026-08-20 12:52:40,top_gainers,top_gainers_46,True,cloud_automated,Thursday - Trading Hours: 11:00 AM - 3:00 PM NPT,9184,IME Life Insurance Company Limited,ILI,,,,0.24,,,,,,,,,,,,,,414.0,,1.0,,,,,,,7,"price_volume, live_market, summary, top_gainers, top_losers, nepse_index, supply_demand",5640
2026-08-20T12:52:40.490442+05:45,2026-08-20 12:52:40,top_gainers,top_gainers_47,True,cloud_automated,Thursday - Trading Hours: 11:00 AM - 3:00 PM NPT,154,Chilime Hydropower Company Limited,CHCL,,,,0.21,,,,,,,,,,,,,,480.0,,1.0,,,,,,,7,"price_volume, live_market, summary, top_gainers, top_losers, nepse_index, supply_demand",5640
2026-08-20T12:52:40.490442+05:45,2026-08-20 12:52:40,top_gainers,top_gainers_48,True,cloud_automated,Thursday - Trading Hours: 11:00 AM - 3:00 PM NPT,2770,Siddhartha Equity Fund,SEF,,,,0.21,,,,,,,,,,,,,,9.36,,0.02,,,,,,,7,"price_volume, live_market, summary, top_gainers, top_losers, nepse_index, supply_demand",5640
2026-08-20T12:52:40.490442+05:45,2026-08-20 12:52:40,top_gainers,top_gainers_49,True,cloud_automated,Thursday - Trading Hours: 11:00 AM - 3:00 PM NPT,9329,Shikhar power Development Limited,SIPD,,,,0.19,,,,,,,,,,,,,,646.3,,1.2,,,,,,,7,"price_volume, live_market, summary, top_gainers, top_losers, nepse_index, supply_demand",5640
2026-08-20T12:52:40.490442+05:45,2026-08-20 12:52:40,top_gainers,top_gainers_50,True,cloud_automated,Thursday - Trading Hours: 11:00 AM - 3:00 PM NPT,227,Best Finance Company Ltd.,BFC,,,,0.19,,,,,,,,,,,,,,477.1,,0.9,,,,,,,7,"price_volume, live_market, summary, top_gainers, top_losers, nepse_index, supply_demand",5640
2026-08-20T12:52:40.490442+05:45,2026-08-20 12:52:40,top_gainers,top_gainers_51,True,cloud_automated,Thursday - Trading Hours: 11:00 AM - 3:00 PM NPT,9303,SY Panel Nepal Limited,SYPNL,,,,0.16,,,,,,,,,,,,,,1273.0,,2.0,,,,,,,7,"price_volume, live_market, summary, top_gainers, top_losers, nepse_index, supply_demand",5640
2026-08-20T12:52:40.490442+05:45,2026-08-20 12:52:40,top_gainers,top_gainers_52,True,cloud_automated,Thursday - Trading Hours: 11:00 AM - 3:00 PM NPT,9330,Palpa Cement Industries Limited,PCIL,,,,0.16,,,,,,,,,,,,,,622.0,,1.0,,,,,,,7,"price_volume, live_market, summary, top_gainers, top_losers, nepse_index, supply_demand",5640
2026-08-20T12:52:40.490442+05:45,2026-08-20 12:52:40,top_gainers,top_gainers_53,True,cloud_automated,Thursday - Trading Hours: 11:00 AM - 3:00 PM NPT,171,Sanima Bank Limited,SANIMA,,,,0.16,,,,,,,,,,,,,,370.7,,0.6,,,,,,,7,"price_volume, live_market, summary, top_gainers, top_losers, nepse_index, supply_demand",5640
2026-08-20T12:52:40.490442+05:45,2026-08-20 12:52:40,top_gainers,top_gainers_54,True,cloud_automated,Thursday - Trading Hours: 11:00 AM - 3:00 PM NPT,9199,Reliable Nepal Life Insurance Limited,RNLI,,,,0.14,,,,,,,,,,,,,,422.0,,0.6,,,,,,,7,"price_volume, live_market, summary, top_gainers, top_losers, nepse_index, supply_demand",5640
2026-08-20T12:52:40.490442+05:45,2026-08-20 12:52:40,top_gainers,top_gainers_55,True,cloud_automated,Thursday - Trading Hours: 11:00 AM - 3:00 PM NPT,2913,Mountain Energy Nepal Limited,MEN,,,,0.13,,,,,,,,,,,,,,627.7,,0.8,,,,,,,7,"price_volume, live_market, summary, top_gainers, top_losers, nepse_index, supply_demand",5640
2026-08-20T12:52:40.490442+05:45,2026-08-20 12:52:40,top_gainers,top_gainers_56,True,cloud_automated,Thursday - Trading Hours: 11:00 AM - 3:00 PM NPT,473,Shine Resunga Development Bank Ltd.,SHINE,,,,0.12,,,,,,,,,,,,,,412.5,,0.5,,,,,,,7,"price_volume, live_market, summary, top_gainers, top_losers, nepse_index, supply_demand",5640
2026-08-20T12:52:40.490442+05:45,2026-08-20 12:52:40,top_gainers,top_gainers_57,True,cloud_automated,Thursday - Trading Hours: 11:00 AM - 3:00 PM NPT,140,Machhapuchhre Bank Limited,MBL,,,,0.12,,,,,,,,,,,,,,248.7,,0.3,,,,,,,7,"price_volume, live_market, summary, top_gainers, top_losers, nepse_index, supply_demand",5640
2026-08-20T12:52:40.490442+05:45,2026-08-20 12:52:40,top_gainers,top_gainers_58,True,cloud_automated,Thursday - Trading Hours: 11:00 AM - 3:00 PM NPT,474,Muktinath Bikas Bank Ltd.,MNBBL,,,,0.11,,,,,,,,,,,,,,361.4,,0.4,,,,,,,7,"price_volume, live_market, summary, top_gainers, top_losers, nepse_index, supply_demand",5640
2026-08-20T12:52:40.490442+05:45,2026-08-20 12:52:40,top_gainers,top_gainers_59,True,cloud_automated,Thursday - Trading Hours: 11:00 AM - 3:00 PM NPT,9349,Sanima Equity Fund-2,SAEF2,,,,0.11,,,,,,,,,,,,,,9.04,,0.01,,,,,,,7,"price_volume, live_market, summary, top_gainers, top_losers, nepse_index, supply_demand",5640
2026-08-20T12:52:40.490442+05:45,2026-08-20 12:52:40,top_gainers,top_gainers_60,True,cloud_automated,Thursday - Trading Hours: 11:00 AM - 3:00 PM NPT,9348,Siddhartha Equity Fund 2,SEF2,,,,0.11,,,,,,,,,,,,,,9.03,,0.01,,,,,,,7,"price_volume, live_market, summary, top_gainers, top_losers, nepse_index, supply_demand",5640
2026-08-20T12:52:40.490442+05:45,2026-08-20 12:52:40,top_gainers,top_gainers_61,True,cloud_automated,Thursday - Trading Hours: 11:00 AM - 3:00 PM NPT,2809,SHIVAM CEMENTS LTD,SHIVM,,,,0.1,,,,,,,,,,,,,,628.0,,0.6,,,,,,,7,"price_volume, live_market, summary, top_gainers, top_losers, nepse_index, supply_demand",5640
2026-08-20T12:52:40.490442+05:45,2026-08-20 12:52:40,top_gainers,top_gainers_62,True,cloud_automated,Thursday - Trading Hours: 11:00 AM - 3:00 PM NPT,9254,NMB Hybrid Fund L- II,NMBHF2,,,,0.1,,,,,,,,,,,,,,9.9,,0.01,,,,,,,7,"price_volume, live_market, summary, top_gainers, top_losers, nepse_index, supply_demand",5640
2026-08-20T12:52:40.490442+05:45,2026-08-20 12:52:40,top_gainers,top_gainers_63,True,cloud_automated,Thursday - Trading Hours: 11:00 AM - 3:00 PM NPT,9139,Sanima Growth Fund,SAGF,,,,0.1,,,,,,,,,,,,,,9.99,,0.01,,,,,,,7,"price_volume, live_market, summary, top_gainers, top_losers, nepse_index, supply_demand",5640
2026-08-20T12:52:40.490442+05:45,2026-08-20 12:52:40,top_gainers,top_gainers_64,True,cloud_automated,Thursday - Trading Hours: 11:00 AM - 3:00 PM NPT,9221,Himalayan 80-20,H8020,,,,0.08,,,,,,,,,,,,,,11.8,,0.01,,,,,,,7,"price_volume, live_market, summary, top_gainers, top_losers, nepse_index, supply_demand",5640
2026-08-20T12:52:40.490442+05:45,2026-08-20 12:52:40,top_gainers,top_gainers_65,True,cloud_automated,Thursday - Trading Hours: 11:00 AM - 3:00 PM NPT,2788,Ankhu Khola Jalvidhyut Company Ltd,AKJCL,,,,0.06,,,,,,,,,,,,,,352.0,,0.2,,,,,,,7,"price_volume, live_market, summary, top_gainers, top_losers, nepse_index, supply_demand",5640
2026-08-20T12:52:40.490442+05:45,2026-08-20 12:52:40,top_gainers,top_gainers_66,True,cloud_automated,Thursday - Trading Hours: 11:00 AM - 3:00 PM NPT,341,Global IME Bank Limited,GBIME,,,,0.04,,,,,,,,,,,,,,248.0,,0.1,,,,,,,7,"price_volume, live_market, summary, top_gainers, top_losers, nepse_index, supply_demand",5640
2026-08-20T12:52:40.490442+05:45,2026-08-20 12:52:40,top_gainers,top_gainers_67,True,cloud_automated,Thursday - Trading Hours: 11:00 AM - 3:00 PM NPT,2742,Hydorelectricity Investment and Development Company Ltd,HIDCL,,,,0.04,,,,,,,,,,,,,,251.1,,0.1,,,,,,,7,"price_volume, live_market, summary, top_gainers, top_losers, nepse_index, supply_demand",5640
2026-08-20T12:52:40.490442+05:45,2026-08-20 12:52:40,top_gainers,top_gainers_68,True,cloud_automated,Thursday - Trading Hours: 11:00 AM - 3:00 PM NPT,574,Sana Kisan Bikas Laghubitta Bittiya Sanstha Limited,SKBBL,,,,0.01,,,,,,,,,,,,,,748.1,,0.1,,,,,,,7,"price_volume, live_market, summary, top_gainers, top_losers, nepse_index, supply_demand",5640
2026-08-20T12:52:40.490442+05:45,2026-08-20 12:52:40,top_losers,top_losers_1,True,cloud_automated,Thursday - Trading Hours: 11:00 AM - 3:00 PM NPT,8074,Kumari Dhanabriddhi Yojana,KDBY,,,,-8.33,,,,,,,,,,,,,,10.13,,-0.92,,,,,,,7,"price_volume, live_market, summary, top_gainers, top_losers, nepse_index, supply_demand",5640
2026-08-20T12:52:40.490442+05:45,2026-08-20 12:52:40,top_losers,top_losers_2,True,cloud_automated,Thursday - Trading Hours: 11:00 AM - 3:00 PM NPT,8063,Upakar Laghubitta Bittiya Sanstha Limited,ULBSL,,,,-6.77,,,,,,,,,,,,,,2450.1,,-177.9,,,,,,,7,"price_volume, live_market, summary, top_gainers, top_losers, nepse_index, supply_demand",5640
2026-08-20T12:52:40.490442+05:45,2026-08-20 12:52:40,top_losers,top_losers_3,True,cloud_automated,Thursday - Trading Hours: 11:00 AM - 3:00 PM NPT,2933,Kumari Equity Fund,KEF,,,,-6.64,,,,,,,,,,,,,,10.27,,-0.73,,,,,,,7,"price_volume, live_market, summary, top_gainers, top_losers, nepse_index, supply_demand",5640
2026-08-20T12:52:40.490442+05:45,2026-08-20 12:52:40,top_losers,top_losers_4,True,cloud_automated,Thursday - Trading Hours: 11:00 AM - 3:00 PM NPT,9147,Shuvam Power Limited,SPL,,,,-4.45,,,,,,,,,,,,,,629.7,,-29.3,,,,,,,7,"price_volume, live_market, summary, top_gainers, top_losers, nepse_index, supply_demand",5640
2026-08-20T12:52:40.490442+05:45,2026-08-20 12:52:40,top_losers,top_losers_5,True,cloud_automated,Thursday - Trading Hours: 11:00 AM - 3:00 PM NPT,2751,Khanikhola Hydropower Co. Ltd.,KKHC,,,,-4.32,,,,,,,,,,,,,,283.7,,-12.8,,,,,,,7,"price_volume, live_market, summary, top_gainers, top_losers, nepse_index, supply_demand",5640
2026-08-20T12:52:40.490442+05:45,2026-08-20 12:52:40,top_losers,top_losers_6,True,cloud_automated,Thursday - Trading Hours: 11:00 AM - 3:00 PM NPT,2744,Green Development Bank Ltd.,GRDBL,,,,-3.35,,,,,,,,,,,,,,980.0,,-34.0,,,,,,,7,"price_volume, live_market, summary, top_gainers, top_losers, nepse_index, supply_demand",5640
2026-08-20T12:52:40.490442+05:45,2026-08-20 12:52:40,top_losers,top_losers_7,True,cloud_automated,Thursday - Trading Hours: 11:00 AM - 3:00 PM NPT,9214,Bhagawati Hydropower Development Company Limited,BGWT,,,,-3.3,,,,,,,,,,,,,,498.0,,-17.0,,,,,,,7,"price_volume, live_market, summary, top_gainers, top_losers, nepse_index, supply_demand",5640
2026-08-20T12:52:40.490442+05:45,2026-08-20 12:52:40,top_losers,top_losers_8,True,cloud_automated,Thursday - Trading Hours: 11:00 AM - 3:00 PM NPT,2860,Saptakoshi Development Bank Ltd,SAPDBL,,,,-3.11,,,,,,,,,,,,,,719.9,,-23.1,,,,,,,7,"price_volume, live_market, summary, top_gainers, top_losers, nepse_index, supply_demand",5640
2026-08-20T12:52:40.490442+05:45,2026-08-20 12:52:40,top_losers,top_losers_9,True,cloud_automated,Thursday - Trading Hours: 11:00 AM - 3:00 PM NPT,9203,Manakamana Engineering Hydropower Limited,MEHL,,,,-3.09,,,,,,,,,,,,,,251.0,,-8.0,,,,,,,7,"price_volume, live_market, summary, top_gainers, top_losers, nepse_index, supply_demand",5640
2026-08-20T12:52:40.490442+05:45,2026-08-20 12:52:40,top_losers,top_losers_10,True,cloud_automated,Thursday - Trading Hours: 11:00 AM - 3:00 PM NPT,2923,Sanima Large Cap Fund,SLCF,,,,-3.0,,,,,,,,,,,,,,9.7,,-0.3,,,,,,,7,"price_volume, live_market, summary, top_gainers, top_losers, nepse_index, supply_demand",5640
2026-08-20T12:52:40.490442+05:45,2026-08-20 12:52:40,top_losers,top_losers_11,True,cloud_automated,Thursday - Trading Hours: 11:00 AM - 3:00 PM NPT,9198,Laxmi Value Fund 2,LVF2,,,,-2.94,,,,,,,,,,,,,,9.57,,-0.29,,,,,,,7,"price_volume, live_market, summary, top_gainers, top_losers, nepse_index, supply_demand",5640
2026-08-20T12:52:40.490442+05:45,2026-08-20 12:52:40,top_losers,top_losers_12,True,cloud_automated,Thursday - Trading Hours: 11:00 AM - 3:00 PM NPT,9138,NIBL Growth Fund,NIBLGF,,,,-2.81,,,,,,,,,,,,,,8.64,,-0.25,,,,,,,7,"price_volume, live_market, summary, top_gainers, top_losers, nepse_index, supply_demand",5640
2026-08-20T12:52:40.490442+05:45,2026-08-20 12:52:40,top_losers,top_losers_13,True,cloud_automated,Thursday - Trading Hours: 11:00 AM - 3:00 PM NPT,8018,Manushi Laghubitta Bittiya Sanstha Limited,MLBS,,,,-2.78,,,,,,,,,,,,,,1050.0,,-30.0,,,,,,,7,"price_volume, live_market, summary, top_gainers, top_losers, nepse_index, supply_demand",5640
2026-08-20T12:52:40.490442+05:45,2026-08-20 12:52:40,top_losers,top_losers_14,True,cloud_automated,Thursday - Trading Hours: 11:00 AM - 3:00 PM NPT,9258,Pure Energy Limited,PURE,,,,-2.72,,,,,,,,,,,,,,792.6,,-22.2,,,,,,,7,"price_volume, live_market, summary, top_gainers, top_losers, nepse_index, supply_demand",5640
2026-08-20T12:52:40.490442+05:45,2026-08-20 12:52:40,top_losers,top_losers_15,True,cloud_automated,Thursday - Trading Hours: 11:00 AM - 3:00 PM NPT,9312,Nepal Life Samriddhi Lagani Yojana,NSY,,,,-2.69,,,,,,,,,,,,,,9.05,,-0.25,,,,,,,7,"price_volume, live_market, summary, top_gainers, top_losers, nepse_index, supply_demand",5640
2026-08-20T12:52:40.490442+05:45,2026-08-20 12:52:40,top_losers,top_losers_16,True,cloud_automated,Thursday - Trading Hours: 11:00 AM - 3:00 PM NPT,8131,Eastern Hydropower Limited,EHPL,,,,-2.66,,,,,,,,,,,,,,326.1,,-8.9,,,,,,,7,"price_volume, live_market, summary, top_gainers, top_losers, nepse_index, supply_demand",5640
2026-08-20T12:52:40.490442+05:45,2026-08-20 12:52:40,top_losers,top_losers_17,True,cloud_automated,Thursday - Trading Hours: 11:00 AM - 3:00 PM NPT,9267,Bikash Hydropower Company Limited,BHCL,,,,-2.64,,,,,,,,,,,,,,553.0,,-15.0,,,,,,,7,"price_volume, live_market, summary, top_gainers, top_losers, nepse_index, supply_demand",5640
2026-08-20T12:52:40.490442+05:45,2026-08-20 12:52:40,top_losers,top_losers_18,True,cloud_automated,Thursday - Trading Hours: 11:00 AM - 3:00 PM NPT,450,Corporate Development Bank Limited,CORBL,,,,-2.63,,,,,,,,,,,,,,1001.0,,-27.0,,,,,,,7,"price_volume, live_market, summary, top_gainers, top_losers, nepse_index, supply_demand",5640
2026-08-20T12:52:40.490442+05:45,2026-08-20 12:52:40,top_losers,top_losers_19,True,cloud_automated,Thursday - Trading Hours: 11:00 AM - 3:00 PM NPT,2826,Gurans Laghubitta Bittiya Sanstha Limited,GLBSL,,,,-2.35,,,,,,,,,,,,,,1701.0,,-41.0,,,,,,,7,"price_volume, live_market, summary, top_gainers, top_losers, nepse_index, supply_demand",5640
2026-08-20T12:52:40.490442+05:45,2026-08-20 12:52:40,top_losers,top_losers_20,True,cloud_automated,Thursday - Trading Hours: 11:00 AM - 3:00 PM NPT,8073,NIC Asia Flexi CAP Fund,NICFC,,,,-2.33,,,,,,,,,,,,,,8.79,,-0.21,,,,,,,7,"price_volume, live_market, summary, top_gainers, top_losers, nepse_index, supply_demand",5640
2026-08-20T12:52:40.490442+05:45,2026-08-20 12:52:40,top_losers,top_losers_21,True,cloud_automated,Thursday - Trading Hours: 11:00 AM - 3:00 PM NPT,2786,Panchakanya Mai Hydropower Ltd,PMHPL,,,,-2.28,,,,,,,,,,,,,,300.0,,-7.0,,,,,,,7,"price_volume, live_market, summary, top_gainers, top_losers, nepse_index, supply_demand",5640
2026-08-20T12:52:40.490442+05:45,2026-08-20 12:52:40,top_losers,top_losers_22,True,cloud_automated,Thursday - Trading Hours: 11:00 AM - 3:00 PM NPT,8005,Mailung Khola Jal Vidhyut Company Limited,MKJC,,,,-2.27,,,,,,,,,,,,,,430.0,,-10.0,,,,,,,7,"price_volume, live_market, summary, top_gainers, top_losers, nepse_index, supply_demand",5640
2026-08-20T12:52:40.490442+05:45,2026-08-20 12:52:40,top_losers,top_losers_23,True,cloud_automated,Thursday - Trading Hours: 11:00 AM - 3:00 PM NPT,9252,Crest Micro Life Insurance Limited,CREST,,,,-2.24,,,,,,,,,,,,,,1127.1,,-25.8,,,,,,,7,"price_volume, live_market, summary, top_gainers, top_losers, nepse_index, supply_demand",5640
2026-08-20T12:52:40.490442+05:45,2026-08-20 12:52:40,top_losers,top_losers_24,True,cloud_automated,Thursday - Trading Hours: 11:00 AM - 3:00 PM NPT,9287,Mabilung Energy Limited,MABEL,,,,-2.22,,,,,,,,,,,,,,590.6,,-13.4,,,,,,,7,"price_volume, live_market, summary, top_gainers, top_losers, nepse_index, supply_demand",5640
2026-08-20T12:52:40.490442+05:45,2026-08-20 12:52:40,top_losers,top_losers_25,True,cloud_automated,Thursday - Trading Hours: 11:00 AM - 3:00 PM NPT,2789,Joshi Hydropower Development Company Ltd,JOSHI,,,,-2.2,,,,,,,,,,,,,,267.0,,-6.0,,,,,,,7,"price_volume, live_market, summary, top_gainers, top_losers, nepse_index, supply_demand",5640
2026-08-20T12:52:40.490442+05:45,2026-08-20 12:52:40,top_losers,top_losers_26,True,cloud_automated,Thursday - Trading Hours: 11:00 AM - 3:00 PM NPT,8122,People's Power Limited,PPL,,,,-2.16,,,,,,,,,,,,,,308.2,,-6.8,,,,,,,7,"price_volume, live_market, summary, top_gainers, top_losers, nepse_index, supply_demand",5640
2026-08-20T12:52:40.490442+05:45,2026-08-20 12:52:40,top_losers,top_losers_27,True,cloud_automated,Thursday - Trading Hours: 11:00 AM - 3:00 PM NPT,9175,Menchhiyam Hydropower Limited,MCHL,,,,-2.13,,,,,,,,,,,,,,276.0,,-6.0,,,,,,,7,"price_volume, live_market, summary, top_gainers, top_losers, nepse_index, supply_demand",5640
2026-08-20T12:52:40.490442+05:45,2026-08-20 12:52:40,top_losers,top_losers_28,True,cloud_automated,Thursday - Trading Hours: 11:00 AM - 3:00 PM NPT,694,Matribhumi Lagubitta Bittiya Sanstha Limited,MATRI,,,,-2.12,,,,,,,,,,,,,,785.0,,-17.0,,,,,,,7,"price_volume, live_market, summary, top_gainers, top_losers, nepse_index, supply_demand",5640
2026-08-20T12:52:40.490442+05:45,2026-08-20 12:52:40,top_losers,top_losers_29,True,cloud_automated,Thursday - Trading Hours: 11:00 AM - 3:00 PM NPT,2767,Himalayan Power Partner Ltd.,HPPL,,,,-2.09,,,,,,,,,,,,,,375.0,,-8.0,,,,,,,7,"price_volume, live_market, summary, top_gainers, top_losers, nepse_index, supply_demand",5640
2026-08-20T12:52:40.490442+05:45,2026-08-20 12:52:40,top_losers,top_losers_30,True,cloud_automated,Thursday - Trading Hours: 11:00 AM - 3:00 PM NPT,2806,Ghalemdi Hydro Limited,GHL,,,,-2.09,,,,,,,,,,,,,,234.0,,-5.0,,,,,,,7,"price_volume, live_market, summary, top_gainers, top_losers, nepse_index, supply_demand",5640
2026-08-20T12:52:40.490442+05:45,2026-08-20 12:52:40,top_losers,top_losers_31,True,cloud_automated,Thursday - Trading Hours: 11:00 AM - 3:00 PM NPT,2914,United IDI Mardi RB Hydropower Limited.,UMRH,,,,-2.08,,,,,,,,,,,,,,519.0,,-11.0,,,,,,,7,"price_volume, live_market, summary, top_gainers, top_losers, nepse_index, supply_demand",5640
2026-08-20T12:52:40.490442+05:45,2026-08-20 12:52:40,top_losers,top_losers_32,True,cloud_automated,Thursday - Trading Hours: 11:00 AM - 3:00 PM NPT,9245,Muktinath Mutual Fund 1,MNMF1,,,,-2.07,,,,,,,,,,,,,,9.45,,-0.2,,,,,,,7,"price_volume, live_market, summary, top_gainers, top_losers, nepse_index, supply_demand",5640
2026-08-20T12:52:40.490442+05:45,2026-08-20 12:52:40,top_losers,top_losers_33,True,cloud_automated,Thursday - Trading Hours: 11:00 AM - 3:00 PM NPT,2760,United Modi Hydropower Ltd.,UMHL,,,,-2.05,,,,,,,,,,,,,,586.5,,-12.3,,,,,,,7,"price_volume, live_market, summary, top_gainers, top_losers, nepse_index, supply_demand",5640
2026-08-20T12:52:40.490442+05:45,2026-08-20 12:52:40,top_losers,top_losers_34,True,cloud_automated,Thursday - Trading Hours: 11:00 AM - 3:00 PM NPT,9324,Ridge Line Energy Limited,RLEL,,,,-2.0,,,,,,,,,,,,,,871.1,,-17.8,,,,,,,7,"price_volume, live_market, summary, top_gainers, top_losers, nepse_index, supply_demand",5640
2026-08-20T12:52:40.490442+05:45,2026-08-20 12:52:40,top_losers,top_losers_35,True,cloud_automated,Thursday - Trading Hours: 11:00 AM - 3:00 PM NPT,9346,Kalanga Hydro Limited,KAHL,,,,-2.0,,,,,,,,,,,,,,539.0,,-11.0,,,,,,,7,"price_volume, live_market, summary, top_gainers, top_losers, nepse_index, supply_demand",5640
2026-08-20T12:52:40.490442+05:45,2026-08-20 12:52:40,top_losers,top_losers_36,True,cloud_automated,Thursday - Trading Hours: 11:00 AM - 3:00 PM NPT,9295,Swastik Laghubitta Bittiya Sanstha Limited,SWASTIK,,,,-1.96,,,,,,,,,,,,,,1950.0,,-38.9,,,,,,,7,"price_volume, live_market, summary, top_gainers, top_losers, nepse_index, supply_demand",5640
2026-08-20T12:52:40.490442+05:45,2026-08-20 12:52:40,top_losers,top_losers_37,True,cloud_automated,Thursday - Trading Hours: 11:00 AM - 3:00 PM NPT,9217,Mathillo Mailun Khola Jalvidhyut Limited,MMKJL,,,,-1.96,,,,,,,,,,,,,,434.3,,-8.7,,,,,,,7,"price_volume, live_market, summary, top_gainers, top_losers, nepse_index, supply_demand",5640
2026-08-20T12:52:40.490442+05:45,2026-08-20 12:52:40,top_losers,top_losers_38,True,cloud_automated,Thursday - Trading Hours: 11:00 AM - 3:00 PM NPT,9257,MBL Equity Fund,MBLEF,,,,-1.96,,,,,,,,,,,,,,9.51,,-0.19,,,,,,,7,"price_volume, live_market, summary, top_gainers, top_losers, nepse_index, supply_demand",5640
2026-08-20T12:52:40.490442+05:45,2026-08-20 12:52:40,top_losers,top_losers_39,True,cloud_automated,Thursday - Trading Hours: 11:00 AM - 3:00 PM NPT,9151,Kalinchowk Darshan Limited,KDL,,,,-1.93,,,,,,,,,,,,,,762.0,,-15.0,,,,,,,7,"price_volume, live_market, summary, top_gainers, top_losers, nepse_index, supply_demand",5640
2026-08-20T12:52:40.490442+05:45,2026-08-20 12:52:40,top_losers,top_losers_40,True,cloud_automated,Thursday - Trading Hours: 11:00 AM - 3:00 PM NPT,2781,Wean Nepal Laghubitta Bittiya Sanstha Limited,WNLB,,,,-1.89,,,,,,,,,,,,,,1300.0,,-25.0,,,,,,,7,"price_volume, live_market, summary, top_gainers, top_losers, nepse_index, supply_demand",5640
2026-08-20T12:52:40.490442+05:45,2026-08-20 12:52:40,top_losers,top_losers_41,True,cloud_automated,Thursday - Trading Hours: 11:00 AM - 3:00 PM NPT,545,Swarojgar Laghubitta Bittiya Sanstha Ltd.,SLBBL,,,,-1.86,,,,,,,,,,,,,,790.0,,-15.0,,,,,,,7,"price_volume, live_market, summary, top_gainers, top_losers, nepse_index, supply_demand",5640
2026-08-20T12:52:40.490442+05:45,2026-08-20 12:52:40,top_losers,top_losers_42,True,cloud_automated,Thursday - Trading Hours: 11:00 AM - 3:00 PM NPT,9255,Everest Bank Limited Debenture 2091,EBLD91,,,,-1.82,,,,,,,,,,,,,,1080.0,,-20.0,,,,,,,7,"price_volume, live_market, summary, top_gainers, top_losers, nepse_index, supply_demand",5640
2026-08-20T12:52:40.490442+05:45,2026-08-20 12:52:40,top_losers,top_losers_43,True,cloud_automated,Thursday - Trading Hours: 11:00 AM - 3:00 PM NPT,9296,Bungal Hydro Limited,BUNGAL,,,,-1.82,,,,,,,,,,,,,,587.1,,-10.9,,,,,,,7,"price_volume, live_market, summary, top_gainers, top_losers, nepse_index, supply_demand",5640
2026-08-20T12:52:40.490442+05:45,2026-08-20 12:52:40,top_losers,top_losers_44,True,cloud_automated,Thursday - Trading Hours: 11:00 AM - 3:00 PM NPT,149,Oriental Hotels Limited,OHL,,,,-1.8,,,,,,,,,,,,,,642.1,,-11.8,,,,,,,7,"price_volume, live_market, summary, top_gainers, top_losers, nepse_index, supply_demand",5640
2026-08-20T12:52:40.490442+05:45,2026-08-20 12:52:40,top_losers,top_losers_45,True,cloud_automated,Thursday - Trading Hours: 11:00 AM - 3:00 PM NPT,583,Grameen Bikas Laghubitta Bittiya Sanstha Ltd.,GBLBS,,,,-1.78,,,,,,,,,,,,,,690.0,,-12.5,,,,,,,7,"price_volume, live_market, summary, top_gainers, top_losers, nepse_index, supply_demand",5640
2026-08-20T12:52:40.490442+05:45,2026-08-20 12:52:40,top_losers,top_losers_46,True,cloud_automated,Thursday - Trading Hours: 11:00 AM - 3:00 PM NPT,9161,Aatmanirbhar Laghubitta Bittiya Sanstha Limited,ANLB,,,,-1.76,,,,,,,,,,,,,,5010.0,,-90.0,,,,,,,7,"price_volume, live_market, summary, top_gainers, top_losers, nepse_index, supply_demand",5640
2026-08-20T12:52:40.490442+05:45,2026-08-20 12:52:40,top_losers,top_losers_47,True,cloud_automated,Thursday - Trading Hours: 11:00 AM - 3:00 PM NPT,2804,Samudayik Laghubitta Bittiya Sanstha Limited,SLBSL,,,,-1.76,,,,,,,,,,,,,,891.0,,-16.0,,,,,,,7,"price_volume, live_market, summary, top_gainers, top_losers, nepse_index, supply_demand",5640
2026-08-20T12:52:40.490442+05:45,2026-08-20 12:52:40,top_losers,top_losers_48,True,cloud_automated,Thursday - Trading Hours: 11:00 AM - 3:00 PM NPT,9343,Taksar Pikhuwa Khola Hydropower Limited,TPKHL,,,,-1.76,,,,,,,,,,,,,,552.1,,-9.9,,,,,,,7,"price_volume, live_market, summary, top_gainers, top_losers, nepse_index, supply_demand",5640
2026-08-20T12:52:40.490442+05:45,2026-08-20 12:52:40,top_losers,top_losers_49,True,cloud_automated,Thursday - Trading Hours: 11:00 AM - 3:00 PM NPT,8032,Buddha Bhumi Nepal Hydropower Company Limited,BNHC,,,,-1.75,,,,,,,,,,,,,,275.1,,-4.9,,,,,,,7,"price_volume, live_market, summary, top_gainers, top_losers, nepse_index, supply_demand",5640
2026-08-20T12:52:40.490442+05:45,2026-08-20 12:52:40,top_losers,top_losers_50,True,cloud_automated,Thursday - Trading Hours: 11:00 AM - 3:00 PM NPT,601,Mithila LaghuBitta Bittiya Sanstha Limited,MLBBL,,,,-1.74,,,,,,,,,,,,,,1012.0,,-17.9,,,,,,,7,"price_volume, live_market, summary, top_gainers, top_losers, nepse_index, supply_demand",5640
2026-08-20T12:52:40.490442+05:45,2026-08-20 12:52:40,top_losers,top_losers_51,True,cloud_automated,Thursday - Trading Hours: 11:00 AM - 3:00 PM NPT,2815,Ganapati Laghubitta Bittiya Sanstha Limited,GMFBS,,,,-1.71,,,,,,,,,,,,,,1150.0,,-20.0,,,,,,,7,"price_volume, live_market, summary, top_gainers, top_losers, nepse_index, supply_demand",5640
2026-08-20T12:52:40.490442+05:45,2026-08-20 12:52:40,top_losers,top_losers_52,True,cloud_automated,Thursday - Trading Hours: 11:00 AM - 3:00 PM NPT,9213,Hathway Investment Nepal Limited,HATHY,,,,-1.69,,,,,,,,,,,,,,593.0,,-10.2,,,,,,,7,"price_volume, live_market, summary, top_gainers, top_losers, nepse_index, supply_demand",5640
2026-08-20T12:52:40.490442+05:45,2026-08-20 12:52:40,top_losers,top_losers_53,True,cloud_automated,Thursday - Trading Hours: 11:00 AM - 3:00 PM NPT,9256,Om Megashree Pharmaceuticals Limited,OMPL,,,,-1.67,,,,,,,,,,,,,,885.0,,-15.0,,,,,,,7,"price_volume, live_market, summary, top_gainers, top_losers, nepse_index, supply_demand",5640
2026-08-20T12:52:40.490442+05:45,2026-08-20 12:52:40,top_losers,top_losers_54,True,cloud_automated,Thursday - Trading Hours: 11:00 AM - 3:00 PM NPT,9325,Suryakunda Hydro Electric Limited,SKHEL,,,,-1.65,,,,,,,,,,,,,,934.3,,-15.7,,,,,,,7,"price_volume, live_market, summary, top_gainers, top_losers, nepse_index, supply_demand",5640
2026-08-20T12:52:40.490442+05:45,2026-08-20 12:52:40,top_losers,top_losers_55,True,cloud_automated,Thursday - Trading Hours: 11:00 AM - 3:00 PM NPT,561,Sindhu Bikash Bank Ltd,SINDU,,,,-1.65,,,,,,,,,,,,,,661.0,,-11.1,,,,,,,7,"price_volume, live_market, summary, top_gainers, top_losers, nepse_index, supply_demand",5640
2026-08-20T12:52:40.490442+05:45,2026-08-20 12:52:40,top_losers,top_losers_56,True,cloud_automated,Thursday - Trading Hours: 11:00 AM - 3:00 PM NPT,9345,Sanigad Hydro Limited,SGHL,,,,-1.65,,,,,,,,,,,,,,530.0,,-8.9,,,,,,,7,"price_volume, live_market, summary, top_gainers, top_losers, nepse_index, supply_demand",5640
2026-08-20T12:52:40.490442+05:45,2026-08-20 12:52:40,top_losers,top_losers_57,True,cloud_automated,Thursday - Trading Hours: 11:00 AM - 3:00 PM NPT,9158,Molung Hydropower Company Limited,MHCL,,,,-1.65,,,,,,,,,,,,,,298.2,,-5.0,,,,,,,7,"price_volume, live_market, summary, top_gainers, top_losers, nepse_index, supply_demand",5640
2026-08-20T12:52:40.490442+05:45,2026-08-20 12:52:40,top_losers,top_losers_58,True,cloud_automated,Thursday - Trading Hours: 11:00 AM - 3:00 PM NPT,9301,Shreenagar Agritech Industries Limited,SAIL,,,,-1.62,,,,,,,,,,,,,,1013.2,,-16.7,,,,,,,7,"price_volume, live_market, summary, top_gainers, top_losers, nepse_index, supply_demand",5640
2026-08-20T12:52:40.490442+05:45,2026-08-20 12:52:40,top_losers,top_losers_59,True,cloud_automated,Thursday - Trading Hours: 11:00 AM - 3:00 PM NPT,2832,Infinity Laghubitta Bittiya Sanstha Limited,ILBS,,,,-1.62,,,,,,,,,,,,,,846.1,,-13.9,,,,,,,7,"price_volume, live_market, summary, top_gainers, top_losers, nepse_index, supply_demand",5640
2026-08-20T12:52:40.490442+05:45,2026-08-20 12:52:40,top_losers,top_losers_60,True,cloud_automated,Thursday - Trading Hours: 11:00 AM - 3:00 PM NPT,9322,Bhujung Hydropower Limited,BJHL,,,,-1.61,,,,,,,,,,,,,,708.4,,-11.6,,,,,,,7,"price_volume, live_market, summary, top_gainers, top_losers, nepse_index, supply_demand",5640
2026-08-20T12:52:40.490442+05:45,2026-08-20 12:52:40,top_losers,top_losers_61,True,cloud_automated,Thursday - Trading Hours: 11:00 AM - 3:00 PM NPT,9194,Three Star Hydropower Limited,TSHL,,,,-1.61,,,,,,,,,,,,,,360.0,,-5.9,,,,,,,7,"price_volume, live_market, summary, top_gainers, top_losers, nepse_index, supply_demand",5640
2026-08-20T12:52:40.490442+05:45,2026-08-20 12:52:40,top_losers,top_losers_62,True,cloud_automated,Thursday - Trading Hours: 11:00 AM - 3:00 PM NPT,2769,Nepal Hydro Developers Ltd.,NHDL,,,,-1.57,,,,,,,,,,,,,,625.0,,-10.0,,,,,,,7,"price_volume, live_market, summary, top_gainers, top_losers, nepse_index, supply_demand",5640
2026-08-20T12:52:40.490442+05:45,2026-08-20 12:52:40,top_losers,top_losers_63,True,cloud_automated,Thursday - Trading Hours: 11:00 AM - 3:00 PM NPT,559,NLG Insurance Company Ltd.,NLG,,,,-1.57,,,,,,,,,,,,,,551.0,,-8.8,,,,,,,7,"price_volume, live_market, summary, top_gainers, top_losers, nepse_index, supply_demand",5640
2026-08-20T12:52:40.490442+05:45,2026-08-20 12:52:40,top_losers,top_losers_64,True,cloud_automated,Thursday - Trading Hours: 11:00 AM - 3:00 PM NPT,9294,Sagar Distillery Limited,SAGAR,,,,-1.54,,,,,,,,,,,,,,1555.6,,-24.4,,,,,,,7,"price_volume, live_market, summary, top_gainers, top_losers, nepse_index, supply_demand",5640
2026-08-20T12:52:40.490442+05:45,2026-08-20 12:52:40,top_losers,top_losers_65,True,cloud_automated,Thursday - Trading Hours: 11:00 AM - 3:00 PM NPT,9230,Muktinath Krishi Company Limited,MKCL,,,,-1.54,,,,,,,,,,,,,,960.0,,-15.0,,,,,,,7,"price_volume, live_market, summary, top_gainers, top_losers, nepse_index, supply_demand",5640
2026-08-20T12:52:40.490442+05:45,2026-08-20 12:52:40,top_losers,top_losers_66,True,cloud_automated,Thursday - Trading Hours: 11:00 AM - 3:00 PM NPT,9263,Sanvi Energy Limited,SANVI,,,,-1.53,,,,,,,,,,,,,,581.0,,-9.0,,,,,,,7,"price_volume, live_market, summary, top_gainers, top_losers, nepse_index, supply_demand",5640
2026-08-20T12:52:40.490442+05:45,2026-08-20 12:52:40,top_losers,top_losers_67,True,cloud_automated,Thursday - Trading Hours: 11:00 AM - 3:00 PM NPT,263,Guheshowori Merchant Bank & Finance Co. Ltd.,GMFIL,,,,-1.51,,,,,,,,,,,,,,442.1,,-6.8,,,,,,,7,"price_volume, live_market, summary, top_gainers, top_losers, nepse_index, supply_demand",5640
2026-08-20T12:52:40.490442+05:45,2026-08-20 12:52:40,top_losers,top_losers_68,True,cloud_automated,Thursday - Trading Hours: 11:00 AM - 3:00 PM NPT,204,Gurkhas Finance Ltd.,GUFL,,,,-1.49,,,,,,,,,,,,,,528.0,,-8.0,,,,,,,7,"price_volume, live_market, summary, top_gainers, top_losers, nepse_index, supply_demand",5640
2026-08-20T12:52:40.490442+05:45,2026-08-20 12:52:40,top_losers,top_losers_69,True,cloud_automated,Thursday - Trading Hours: 11:00 AM - 3:00 PM NPT,9344,Snow Rivers Limited,SNORL,,,,-1.42,,,,,,,,,,,,,,902.0,,-13.0,,,,,,,7,"price_volume, live_market, summary, top_gainers, top_losers, nepse_index, supply_demand",5640
2026-08-20T12:52:40.490442+05:45,2026-08-20 12:52:40,top_losers,top_losers_70,True,cloud_automated,Thursday - Trading Hours: 11:00 AM - 3:00 PM NPT,9293,Daramkhola Hydro Energy Limited,DHEL,,,,-1.42,,,,,,,,,,,,,,575.7,,-8.3,,,,,,,7,"price_volume, live_market, summary, top_gainers, top_losers, nepse_index, supply_demand",5640
2026-08-20T12:52:40.490442+05:45,2026-08-20 12:52:40,top_losers,top_losers_71,True,cloud_automated,Thursday - Trading Hours: 11:00 AM - 3:00 PM NPT,9201,Sun Nepal Life Insurance Company Limited,SNLI,,,,-1.41,,,,,,,,,,,,,,398.4,,-5.7,,,,,,,7,"price_volume, live_market, summary, top_gainers, top_losers, nepse_index, supply_demand",5640
2026-08-20T12:52:40.490442+05:45,2026-08-20 12:52:40,top_losers,top_losers_72,True,cloud_automated,Thursday - Trading Hours: 11:00 AM - 3:00 PM NPT,593,Kalika Laghubitta Bittiya Sanstha Ltd,KMCDB,,,,-1.4,,,,,,,,,,,,,,774.0,,-11.0,,,,,,,7,"price_volume, live_market, summary, top_gainers, top_losers, nepse_index, supply_demand",5640
2026-08-20T12:52:40.490442+05:45,2026-08-20 12:52:40,top_losers,top_losers_73,True,cloud_automated,Thursday - Trading Hours: 11:00 AM - 3:00 PM NPT,8117,Aviyan Laghubitta Bittiya Sanstha Limited,AVYAN,,,,-1.35,,,,,,,,,,,,,,1021.0,,-14.0,,,,,,,7,"price_volume, live_market, summary, top_gainers, top_losers, nepse_index, supply_demand",5640
2026-08-20T12:52:40.490442+05:45,2026-08-20 12:52:40,top_losers,top_losers_74,True,cloud_automated,Thursday - Trading Hours: 11:00 AM - 3:00 PM NPT,2831,Union Hydropower Limited,UNHPL,,,,-1.35,,,,,,,,,,,,,,366.0,,-5.0,,,,,,,7,"price_volume, live_market, summary, top_gainers, top_losers, nepse_index, supply_demand",5640
2026-08-20T12:52:40.490442+05:45,2026-08-20 12:52:40,top_losers,top_losers_75,True,cloud_automated,Thursday - Trading Hours: 11:00 AM - 3:00 PM NPT,9336,Sopan Pharmaceuticals Limited,SOPL,,,,-1.33,,,,,,,,,,,,,,769.6,,-10.4,,,,,,,7,"price_volume, live_market, summary, top_gainers, top_losers, nepse_index, supply_demand",5640
2026-08-20T12:52:40.490442+05:45,2026-08-20 12:52:40,top_losers,top_losers_76,True,cloud_automated,Thursday - Trading Hours: 11:00 AM - 3:00 PM NPT,245,Central Finance Co. Ltd.,CFCL,,,,-1.33,,,,,,,,,,,,,,592.0,,-8.0,,,,,,,7,"price_volume, live_market, summary, top_gainers, top_losers, nepse_index, supply_demand",5640
2026-08-20T12:52:40.490442+05:45,2026-08-20 12:52:40,top_losers,top_losers_77,True,cloud_automated,Thursday - Trading Hours: 11:00 AM - 3:00 PM NPT,8121,Sayapatri Hydropower Limited,SPHL,,,,-1.32,,,,,,,,,,,,,,508.2,,-6.8,,,,,,,7,"price_volume, live_market, summary, top_gainers, top_losers, nepse_index, supply_demand",5640
2026-08-20T12:52:40.490442+05:45,2026-08-20 12:52:40,top_losers,top_losers_78,True,cloud_automated,Thursday - Trading Hours: 11:00 AM - 3:00 PM NPT,2813,Panchthar Power Compant Limited,PPCL,,,,-1.31,,,,,,,,,,,,,,330.6,,-4.4,,,,,,,7,"price_volume, live_market, summary, top_gainers, top_losers, nepse_index, supply_demand",5640
2026-08-20T12:52:40.490442+05:45,2026-08-20 12:52:40,top_losers,top_losers_79,True,cloud_automated,Thursday - Trading Hours: 11:00 AM - 3:00 PM NPT,618,Laxmi Laghubitta Bittiya Sanstha Ltd.,LLBS,,,,-1.29,,,,,,,,,,,,,,851.0,,-11.1,,,,,,,7,"price_volume, live_market, summary, top_gainers, top_losers, nepse_index, supply_demand",5640
2026-08-20T12:52:40.490442+05:45,2026-08-20 12:52:40,top_losers,top_losers_80,True,cloud_automated,Thursday - Trading Hours: 11:00 AM - 3:00 PM NPT,9196,Kutheli Bukhari Small Hydropower Limited,KBSH,,,,-1.28,,,,,,,,,,,,,,925.0,,-12.0,,,,,,,7,"price_volume, live_market, summary, top_gainers, top_losers, nepse_index, supply_demand",5640
2026-08-20T12:52:40.490442+05:45,2026-08-20 12:52:40,top_losers,top_losers_81,True,cloud_automated,Thursday - Trading Hours: 11:00 AM - 3:00 PM NPT,8102,Mandakini Hydropower Limited,MHL,,,,-1.27,,,,,,,,,,,,,,459.1,,-5.9,,,,,,,7,"price_volume, live_market, summary, top_gainers, top_losers, nepse_index, supply_demand",5640
2026-08-20T12:52:40.490442+05:45,2026-08-20 12:52:40,top_losers,top_losers_82,True,cloud_automated,Thursday - Trading Hours: 11:00 AM - 3:00 PM NPT,8022,Terhathum Power Company Limited,TPC,,,,-1.26,,,,,,,,,,,,,,354.0,,-4.5,,,,,,,7,"price_volume, live_market, summary, top_gainers, top_losers, nepse_index, supply_demand",5640
2026-08-20T12:52:40.490442+05:45,2026-08-20 12:52:40,top_losers,top_losers_83,True,cloud_automated,Thursday - Trading Hours: 11:00 AM - 3:00 PM NPT,9174,Prabhu Smart Fund,PRSF,,,,-1.24,,,,,,,,,,,,,,12.75,,-0.16,,,,,,,7,"price_volume, live_market, summary, top_gainers, top_losers, nepse_index, supply_demand",5640
2026-08-20T12:52:40.490442+05:45,2026-08-20 12:52:40,top_losers,top_losers_84,True,cloud_automated,Thursday - Trading Hours: 11:00 AM - 3:00 PM NPT,8123,Dhaulagiri Laghubitta Bittiya Sanstha Limited,DLBS,,,,-1.23,,,,,,,,,,,,,,1085.0,,-13.5,,,,,,,7,"price_volume, live_market, summary, top_gainers, top_losers, nepse_index, supply_demand",5640
2026-08-20T12:52:40.490442+05:45,2026-08-20 12:52:40,top_losers,top_losers_85,True,cloud_automated,Thursday - Trading Hours: 11:00 AM - 3:00 PM NPT,188,Life Insurance Corporation (Nepal) Limited,LICN,,,,-1.23,,,,,,,,,,,,,,764.5,,-9.5,,,,,,,7,"price_volume, live_market, summary, top_gainers, top_losers, nepse_index, supply_demand",5640
2026-08-20T12:52:40.490442+05:45,2026-08-20 12:52:40,top_losers,top_losers_86,True,cloud_automated,Thursday - Trading Hours: 11:00 AM - 3:00 PM NPT,2881,Nepal Reinsurance Company Limited,NRIC,,,,-1.21,,,,,,,,,,,,,,900.0,,-11.0,,,,,,,7,"price_volume, live_market, summary, top_gainers, top_losers, nepse_index, supply_demand",5640
2026-08-20T12:52:40.490442+05:45,2026-08-20 12:52:40,top_losers,top_losers_87,True,cloud_automated,Thursday - Trading Hours: 11:00 AM - 3:00 PM NPT,9342,Yambaling Hydropower Limited,YMHL,,,,-1.21,,,,,,,,,,,,,,627.0,,-7.7,,,,,,,7,"price_volume, live_market, summary, top_gainers, top_losers, nepse_index, supply_demand",5640
2026-08-20T12:52:40.490442+05:45,2026-08-20 12:52:40,top_losers,top_losers_88,True,cloud_automated,Thursday - Trading Hours: 11:00 AM - 3:00 PM NPT,9244,NIBL Stable Fund,NIBLSTF,,,,-1.19,,,,,,,,,,,,,,8.31,,-0.1,,,,,,,7,"price_volume, live_market, summary, top_gainers, top_losers, nepse_index, supply_demand",5640
2026-08-20T12:52:40.490442+05:45,2026-08-20 12:52:40,top_losers,top_losers_89,True,cloud_automated,Thursday - Trading Hours: 11:00 AM - 3:00 PM NPT,274,Excel Development Bank Ltd.,EDBL,,,,-1.18,,,,,,,,,,,,,,577.1,,-6.9,,,,,,,7,"price_volume, live_market, summary, top_gainers, top_losers, nepse_index, supply_demand",5640
2026-08-20T12:52:40.490442+05:45,2026-08-20 12:52:40,top_losers,top_losers_90,True,cloud_automated,Thursday - Trading Hours: 11:00 AM - 3:00 PM NPT,9209,Citizen Life Insurance Company Limited,CLI,,,,-1.17,,,,,,,,,,,,,,429.9,,-5.1,,,,,,,7,"price_volume, live_market, summary, top_gainers, top_losers, nepse_index, supply_demand",5640
2026-08-20T12:52:40.490442+05:45,2026-08-20 12:52:40,top_losers,top_losers_91,True,cloud_automated,Thursday - Trading Hours: 11:00 AM - 3:00 PM NPT,8076,Himalayan Hydropower Limited,HHL,,,,-1.17,,,,,,,,,,,,,,328.1,,-3.9,,,,,,,7,"price_volume, live_market, summary, top_gainers, top_losers, nepse_index, supply_demand",5640
2026-08-20T12:52:40.490442+05:45,2026-08-20 12:52:40,top_losers,top_losers_92,True,cloud_automated,Thursday - Trading Hours: 11:00 AM - 3:00 PM NPT,687,Vijaya laghubitta Bittiya Sanstha Ltd.,VLBS,,,,-1.16,,,,,,,,,,,,,,647.5,,-7.6,,,,,,,7,"price_volume, live_market, summary, top_gainers, top_losers, nepse_index, supply_demand",5640
2026-08-20T12:52:40.490442+05:45,2026-08-20 12:52:40,top_losers,top_losers_93,True,cloud_automated,Thursday - Trading Hours: 11:00 AM - 3:00 PM NPT,183,Neco Insurance Limited,NIL,,,,-1.16,,,,,,,,,,,,,,595.0,,-7.0,,,,,,,7,"price_volume, live_market, summary, top_gainers, top_losers, nepse_index, supply_demand",5640
2026-08-20T12:52:40.490442+05:45,2026-08-20 12:52:40,top_losers,top_losers_94,True,cloud_automated,Thursday - Trading Hours: 11:00 AM - 3:00 PM NPT,9334,Kalinchock Hydropower Limited,KHPL,,,,-1.15,,,,,,,,,,,,,,776.0,,-9.0,,,,,,,7,"price_volume, live_market, summary, top_gainers, top_losers, nepse_index, supply_demand",5640
2026-08-20T12:52:40.490442+05:45,2026-08-20 12:52:40,top_losers,top_losers_95,True,cloud_automated,Thursday - Trading Hours: 11:00 AM - 3:00 PM NPT,9308,Hotel Forest Inn Limited,HFIN,,,,-1.15,,,,,,,,,,,,,,671.3,,-7.8,,,,,,,7,"price_volume, live_market, summary, top_gainers, top_losers, nepse_index, supply_demand",5640
2026-08-20T12:52:40.490442+05:45,2026-08-20 12:52:40,top_losers,top_losers_96,True,cloud_automated,Thursday - Trading Hours: 11:00 AM - 3:00 PM NPT,2887,NIC ASIA Laghubitta Bittiya Sanstha Limited,NICLBSL,,,,-1.15,,,,,,,,,,,,,,540.6,,-6.3,,,,,,,7,"price_volume, live_market, summary, top_gainers, top_losers, nepse_index, supply_demand",5640
2026-08-20T12:52:40.490442+05:45,2026-08-20 12:52:40,top_losers,top_losers_97,True,cloud_automated,Thursday - Trading Hours: 11:00 AM - 3:00 PM NPT,693,Himalayan Laghubitta Bittiya Sanstha Limited,HLBSL,,,,-1.14,,,,,,,,,,,,,,865.0,,-10.0,,,,,,,7,"price_volume, live_market, summary, top_gainers, top_losers, nepse_index, supply_demand",5640
2026-08-20T12:52:40.490442+05:45,2026-08-20 12:52:40,top_losers,top_losers_98,True,cloud_automated,Thursday - Trading Hours: 11:00 AM - 3:00 PM NPT,686,Barun Hydropower Co. Ltd.,BARUN,,,,-1.14,,,,,,,,,,,,,,313.2,,-3.6,,,,,,,7,"price_volume, live_market, summary, top_gainers, top_losers, nepse_index, supply_demand",5640
2026-08-20T12:52:40.490442+05:45,2026-08-20 12:52:40,top_losers,top_losers_99,True,cloud_automated,Thursday - Trading Hours: 11:00 AM - 3:00 PM NPT,4949,NIBL Samriddhi Fund -2,NIBSF2,,,,-1.14,,,,,,,,,,,,,,8.7,,-0.1,,,,,,,7,"price_volume, live_market, summary, top_gainers, top_losers, nepse_index, supply_demand",5640
2026-08-20T12:52:40.490442+05:45,2026-08-20 12:52:40,top_losers,top_losers_100,True,cloud_automated,Thursday - Trading Hours: 11:00 AM - 3:00 PM NPT,307,Nepal Doorsanchar Company Limited,NTC,,,,-1.1,,,,,,,,,,,,,,878.2,,-9.8,,,,,,,7,"price_volume, live_market, summary, top_gainers, top_losers, nepse_index, supply_demand",5640
2026-08-20T12:52:40.490442+05:45,2026-08-20 12:52:40,top_losers,top_losers_101,True,cloud_automated,Thursday - Trading Hours: 11:00 AM - 3:00 PM NPT,156,Bishal Bazar Company Limited,BBC,,,,-1.09,,,,,,,,,,,,,,4095.0,,-45.0,,,,,,,7,"price_volume, live_market, summary, top_gainers, top_losers, nepse_index, supply_demand",5640
2026-08-20T12:52:40.490442+05:45,2026-08-20 12:52:40,top_losers,top_losers_102,True,cloud_automated,Thursday - Trading Hours: 11:00 AM - 3:00 PM NPT,2841,RASUWAGADHI HYDROPOWER COMPANY LIMITED,RHPL,,,,-1.07,,,,,,,,,,,,,,249.0,,-2.7,,,,,,,7,"price_volume, live_market, summary, top_gainers, top_losers, nepse_index, supply_demand",5640
2026-08-20T12:52:40.490442+05:45,2026-08-20 12:52:40,top_losers,top_losers_103,True,cloud_automated,Thursday - Trading Hours: 11:00 AM - 3:00 PM NPT,2759,Synergy Power Development Ltd.,SPDL,,,,-1.06,,,,,,,,,,,,,,363.0,,-3.9,,,,,,,7,"price_volume, live_market, summary, top_gainers, top_losers, nepse_index, supply_demand",5640
2026-08-20T12:52:40.490442+05:45,2026-08-20 12:52:40,top_losers,top_losers_104,True,cloud_automated,Thursday - Trading Hours: 11:00 AM - 3:00 PM NPT,2754,Dibyashwori Hydropower Ltd.,DHPL,,,,-1.03,,,,,,,,,,,,,,278.1,,-2.9,,,,,,,7,"price_volume, live_market, summary, top_gainers, top_losers, nepse_index, supply_demand",5640
2026-08-20T12:52:40.490442+05:45,2026-08-20 12:52:40,top_losers,top_losers_105,True,cloud_automated,Thursday - Trading Hours: 11:00 AM - 3:00 PM NPT,9233,Nepal Warehousing Company Limited ,NWCL,,,,-1.01,,,,,,,,,,,,,,665.2,,-6.8,,,,,,,7,"price_volume, live_market, summary, top_gainers, top_losers, nepse_index, supply_demand",5640
2026-08-20T12:52:40.490442+05:45,2026-08-20 12:52:40,top_losers,top_losers_106,True,cloud_automated,Thursday - Trading Hours: 11:00 AM - 3:00 PM NPT,9323,Super Khudi Hydropower Limited,SKHL,,,,-0.99,,,,,,,,,,,,,,800.0,,-8.0,,,,,,,7,"price_volume, live_market, summary, top_gainers, top_losers, nepse_index, supply_demand",5640
2026-08-20T12:52:40.490442+05:45,2026-08-20 12:52:40,top_losers,top_losers_107,True,cloud_automated,Thursday - Trading Hours: 11:00 AM - 3:00 PM NPT,2748,RSDC Laghubitta Bittiya Sanstha Ltd.,RSDC,,,,-0.99,,,,,,,,,,,,,,622.1,,-6.2,,,,,,,7,"price_volume, live_market, summary, top_gainers, top_losers, nepse_index, supply_demand",5640
2026-08-20T12:52:40.490442+05:45,2026-08-20 12:52:40,top_losers,top_losers_108,True,cloud_automated,Thursday - Trading Hours: 11:00 AM - 3:00 PM NPT,8075,Bindhyabasini Hydropower Development Company Limited,BHDC,,,,-0.98,,,,,,,,,,,,,,422.5,,-4.2,,,,,,,7,"price_volume, live_market, summary, top_gainers, top_losers, nepse_index, supply_demand",5640
2026-08-20T12:52:40.490442+05:45,2026-08-20 12:52:40,top_losers,top_losers_109,True,cloud_automated,Thursday - Trading Hours: 11:00 AM - 3:00 PM NPT,2842,SANJEN JALAVIDHYUT COMPANY LIMITED,SJCL,,,,-0.98,,,,,,,,,,,,,,262.4,,-2.6,,,,,,,7,"price_volume, live_market, summary, top_gainers, top_losers, nepse_index, supply_demand",5640
2026-08-20T12:52:40.490442+05:45,2026-08-20 12:52:40,top_losers,top_losers_110,True,cloud_automated,Thursday - Trading Hours: 11:00 AM - 3:00 PM NPT,176,Nepal Insurance Co. Ltd.,NICL,,,,-0.97,,,,,,,,,,,,,,490.0,,-4.8,,,,,,,7,"price_volume, live_market, summary, top_gainers, top_losers, nepse_index, supply_demand",5640
2026-08-20T12:52:40.490442+05:45,2026-08-20 12:52:40,top_losers,top_losers_111,True,cloud_automated,Thursday - Trading Hours: 11:00 AM - 3:00 PM NPT,155,Salt Trading Corporation,STC,,,,-0.96,,,,,,,,,,,,,,5150.0,,-50.0,,,,,,,7,"price_volume, live_market, summary, top_gainers, top_losers, nepse_index, supply_demand",5640
2026-08-20T12:52:40.490442+05:45,2026-08-20 12:52:40,top_losers,top_losers_112,True,cloud_automated,Thursday - Trading Hours: 11:00 AM - 3:00 PM NPT,9300,Jhapa Energy Limited,JHAPA,,,,-0.96,,,,,,,,,,,,,,1035.0,,-10.0,,,,,,,7,"price_volume, live_market, summary, top_gainers, top_losers, nepse_index, supply_demand",5640
2026-08-20T12:52:40.490442+05:45,2026-08-20 12:52:40,top_losers,top_losers_113,True,cloud_automated,Thursday - Trading Hours: 11:00 AM - 3:00 PM NPT,8025,Samling Power Company Limited,SPC,,,,-0.96,,,,,,,,,,,,,,413.0,,-4.0,,,,,,,7,"price_volume, live_market, summary, top_gainers, top_losers, nepse_index, supply_demand",5640
2026-08-20T12:52:40.490442+05:45,2026-08-20 12:52:40,top_losers,top_losers_114,True,cloud_automated,Thursday - Trading Hours: 11:00 AM - 3:00 PM NPT,8108,Rapti Hydro And General Construction Limited,RHGCL,,,,-0.95,,,,,,,,,,,,,,250.6,,-2.4,,,,,,,7,"price_volume, live_market, summary, top_gainers, top_losers, nepse_index, supply_demand",5640
2026-08-20T12:52:40.490442+05:45,2026-08-20 12:52:40,top_losers,top_losers_115,True,cloud_automated,Thursday - Trading Hours: 11:00 AM - 3:00 PM NPT,2811,Mountain Hydro Nepal Limited,MHNL,,,,-0.95,,,,,,,,,,,,,,240.1,,-2.3,,,,,,,7,"price_volume, live_market, summary, top_gainers, top_losers, nepse_index, supply_demand",5640
2026-08-20T12:52:40.490442+05:45,2026-08-20 12:52:40,top_losers,top_losers_116,True,cloud_automated,Thursday - Trading Hours: 11:00 AM - 3:00 PM NPT,2934,Singati Hydro Energy Limited,SHEL,,,,-0.94,,,,,,,,,,,,,,295.2,,-2.8,,,,,,,7,"price_volume, live_market, summary, top_gainers, top_losers, nepse_index, supply_demand",5640
2026-08-20T12:52:40.490442+05:45,2026-08-20 12:52:40,top_losers,top_losers_117,True,cloud_automated,Thursday - Trading Hours: 11:00 AM - 3:00 PM NPT,9192,Upper Syange Hydropower Limited,USHL,,,,-0.93,,,,,,,,,,,,,,535.0,,-5.0,,,,,,,7,"price_volume, live_market, summary, top_gainers, top_losers, nepse_index, supply_demand",5640
2026-08-20T12:52:40.490442+05:45,2026-08-20 12:52:40,top_losers,top_losers_118,True,cloud_automated,Thursday - Trading Hours: 11:00 AM - 3:00 PM NPT,397,Agricultural Development Bank Limited,ADBL,,,,-0.93,,,,,,,,,,,,,,298.1,,-2.8,,,,,,,7,"price_volume, live_market, summary, top_gainers, top_losers, nepse_index, supply_demand",5640
2026-08-20T12:52:40.490442+05:45,2026-08-20 12:52:40,top_losers,top_losers_119,True,cloud_automated,Thursday - Trading Hours: 11:00 AM - 3:00 PM NPT,2829,Swabhimaan Laghubitta Bittiya Sanstha Limited,SMFBS,,,,-0.92,,,,,,,,,,,,,,1429.7,,-13.3,,,,,,,7,"price_volume, live_market, summary, top_gainers, top_losers, nepse_index, supply_demand",5640
2026-08-20T12:52:40.490442+05:45,2026-08-20 12:52:40,top_losers,top_losers_120,True,cloud_automated,Thursday - Trading Hours: 11:00 AM - 3:00 PM NPT,9286,Shine Resunga Debenture,SHINED,,,,-0.91,,,,,,,,,,,,,,1080.1,,-9.9,,,,,,,7,"price_volume, live_market, summary, top_gainers, top_losers, nepse_index, supply_demand",5640
2026-08-20T12:52:40.490442+05:45,2026-08-20 12:52:40,top_losers,top_losers_121,True,cloud_automated,Thursday - Trading Hours: 11:00 AM - 3:00 PM NPT,184,Prabhu Insurance Ltd.,PRIN,,,,-0.91,,,,,,,,,,,,,,650.0,,-6.0,,,,,,,7,"price_volume, live_market, summary, top_gainers, top_losers, nepse_index, supply_demand",5640
2026-08-20T12:52:40.490442+05:45,2026-08-20 12:52:40,top_losers,top_losers_122,True,cloud_automated,Thursday - Trading Hours: 11:00 AM - 3:00 PM NPT,2908,Sanima GIC Insurance Limited,SGIC,,,,-0.91,,,,,,,,,,,,,,445.3,,-4.1,,,,,,,7,"price_volume, live_market, summary, top_gainers, top_losers, nepse_index, supply_demand",5640
2026-08-20T12:52:40.490442+05:45,2026-08-20 12:52:40,top_losers,top_losers_123,True,cloud_automated,Thursday - Trading Hours: 11:00 AM - 3:00 PM NPT,132,Nepal Investment Mega Bank Limited,NIMB,,,,-0.9,,,,,,,,,,,,,,186.3,,-1.7,,,,,,,7,"price_volume, live_market, summary, top_gainers, top_losers, nepse_index, supply_demand",5640
2026-08-20T12:52:40.490442+05:45,2026-08-20 12:52:40,top_losers,top_losers_124,True,cloud_automated,Thursday - Trading Hours: 11:00 AM - 3:00 PM NPT,180,United Ajod Insurance Limited,UAIL,,,,-0.89,,,,,,,,,,,,,,421.7,,-3.8,,,,,,,7,"price_volume, live_market, summary, top_gainers, top_losers, nepse_index, supply_demand",5640
2026-08-20T12:52:40.490442+05:45,2026-08-20 12:52:40,top_losers,top_losers_125,True,cloud_automated,Thursday - Trading Hours: 11:00 AM - 3:00 PM NPT,490,First Micro Finance Laghubitta Bittiya Sanstha Limited,FMDBL,,,,-0.88,,,,,,,,,,,,,,763.0,,-6.8,,,,,,,7,"price_volume, live_market, summary, top_gainers, top_losers, nepse_index, supply_demand",5640
2026-08-20T12:52:40.490442+05:45,2026-08-20 12:52:40,top_losers,top_losers_126,True,cloud_automated,Thursday - Trading Hours: 11:00 AM - 3:00 PM NPT,152,National Hydro Power Company Limited,NHPC,,,,-0.87,,,,,,,,,,,,,,260.7,,-2.3,,,,,,,7,"price_volume, live_market, summary, top_gainers, top_losers, nepse_index, supply_demand",5640
2026-08-20T12:52:40.490442+05:45,2026-08-20 12:52:40,top_losers,top_losers_127,True,cloud_automated,Thursday - Trading Hours: 11:00 AM - 3:00 PM NPT,8041,NESDO Sambridha Laghubitta Bittiya Sanstha Limited,NESDO,,,,-0.85,,,,,,,,,,,,,,1400.0,,-12.0,,,,,,,7,"price_volume, live_market, summary, top_gainers, top_losers, nepse_index, supply_demand",5640
2026-08-20T12:52:40.490442+05:45,2026-08-20 12:52:40,top_losers,top_losers_128,True,cloud_automated,Thursday - Trading Hours: 11:00 AM - 3:00 PM NPT,9218,Trishuli Jal Vidhyut Company Limited ,TVCL,,,,-0.85,,,,,,,,,,,,,,468.0,,-4.0,,,,,,,7,"price_volume, live_market, summary, top_gainers, top_losers, nepse_index, supply_demand",5640
2026-08-20T12:52:40.490442+05:45,2026-08-20 12:52:40,top_losers,top_losers_129,True,cloud_automated,Thursday - Trading Hours: 11:00 AM - 3:00 PM NPT,9232,Chirkhwa Hydropower Limited ,CKHL,,,,-0.84,,,,,,,,,,,,,,590.0,,-5.0,,,,,,,7,"price_volume, live_market, summary, top_gainers, top_losers, nepse_index, supply_demand",5640
2026-08-20T12:52:40.490442+05:45,2026-08-20 12:52:40,top_losers,top_losers_130,True,cloud_automated,Thursday - Trading Hours: 11:00 AM - 3:00 PM NPT,9181,Rawa Energy Development Limited,RAWA,,,,-0.83,,,,,,,,,,,,,,419.0,,-3.5,,,,,,,7,"price_volume, live_market, summary, top_gainers, top_losers, nepse_index, supply_demand",5640
2026-08-20T12:52:40.490442+05:45,2026-08-20 12:52:40,top_losers,top_losers_131,True,cloud_automated,Thursday - Trading Hours: 11:00 AM - 3:00 PM NPT,8026,Nyadi Hydropower Limited,NYADI,,,,-0.83,,,,,,,,,,,,,,357.0,,-3.0,,,,,,,7,"price_volume, live_market, summary, top_gainers, top_losers, nepse_index, supply_demand",5640
2026-08-20T12:52:40.490442+05:45,2026-08-20 12:52:40,top_losers,top_losers_132,True,cloud_automated,Thursday - Trading Hours: 11:00 AM - 3:00 PM NPT,9193,Ghorahi Cement Industry Limited,GCIL,,,,-0.82,,,,,,,,,,,,,,339.2,,-2.8,,,,,,,7,"price_volume, live_market, summary, top_gainers, top_losers, nepse_index, supply_demand",5640
2026-08-20T12:52:40.490442+05:45,2026-08-20 12:52:40,top_losers,top_losers_133,True,cloud_automated,Thursday - Trading Hours: 11:00 AM - 3:00 PM NPT,8065,CYC Nepal Laghubitta Bittiya Sanstha Limited,CYCL,,,,-0.8,,,,,,,,,,,,,,1488.0,,-12.0,,,,,,,7,"price_volume, live_market, summary, top_gainers, top_losers, nepse_index, supply_demand",5640
2026-08-20T12:52:40.490442+05:45,2026-08-20 12:52:40,top_losers,top_losers_134,True,cloud_automated,Thursday - Trading Hours: 11:00 AM - 3:00 PM NPT,9297,Bandipur Cablecar and Tourism Limited,BANDIPUR,,,,-0.79,,,,,,,,,,,,,,676.7,,-5.4,,,,,,,7,"price_volume, live_market, summary, top_gainers, top_losers, nepse_index, supply_demand",5640
2026-08-20T12:52:40.490442+05:45,2026-08-20 12:52:40,top_losers,top_losers_135,True,cloud_automated,Thursday - Trading Hours: 11:00 AM - 3:00 PM NPT,9250,Nepal Micro Insurance Company Limited,NMIC,,,,-0.78,,,,,,,,,,,,,,875.1,,-6.9,,,,,,,7,"price_volume, live_market, summary, top_gainers, top_losers, nepse_index, supply_demand",5640
2026-08-20T12:52:40.490442+05:45,2026-08-20 12:52:40,top_losers,top_losers_136,True,cloud_automated,Thursday - Trading Hours: 11:00 AM - 3:00 PM NPT,1741,Mero Microfinance Bittiya Sanstha Ltd.,MERO,,,,-0.76,,,,,,,,,,,,,,641.1,,-4.9,,,,,,,7,"price_volume, live_market, summary, top_gainers, top_losers, nepse_index, supply_demand",5640
2026-08-20T12:52:40.490442+05:45,2026-08-20 12:52:40,top_losers,top_losers_137,True,cloud_automated,Thursday - Trading Hours: 11:00 AM - 3:00 PM NPT,9311,Solu Hydropower Limited,SOHL,,,,-0.75,,,,,,,,,,,,,,677.0,,-5.1,,,,,,,7,"price_volume, live_market, summary, top_gainers, top_losers, nepse_index, supply_demand",5640
2026-08-20T12:52:40.490442+05:45,2026-08-20 12:52:40,top_losers,top_losers_138,True,cloud_automated,Thursday - Trading Hours: 11:00 AM - 3:00 PM NPT,2907,Shiva Shree Hydropower Ltd,SSHL,,,,-0.75,,,,,,,,,,,,,,199.3,,-1.5,,,,,,,7,"price_volume, live_market, summary, top_gainers, top_losers, nepse_index, supply_demand",5640
2026-08-20T12:52:40.490442+05:45,2026-08-20 12:52:40,top_losers,top_losers_139,True,cloud_automated,Thursday - Trading Hours: 11:00 AM - 3:00 PM NPT,9305,Salapa Bikas Bank Limited,SABBL,,,,-0.74,,,,,,,,,,,,,,933.0,,-7.0,,,,,,,7,"price_volume, live_market, summary, top_gainers, top_losers, nepse_index, supply_demand",5640
2026-08-20T12:52:40.490442+05:45,2026-08-20 12:52:40,top_losers,top_losers_140,True,cloud_automated,Thursday - Trading Hours: 11:00 AM - 3:00 PM NPT,134,Himalayan Bank Limited,HBL,,,,-0.73,,,,,,,,,,,,,,190.1,,-1.4,,,,,,,7,"price_volume, live_market, summary, top_gainers, top_losers, nepse_index, supply_demand",5640
2026-08-20T12:52:40.490442+05:45,2026-08-20 12:52:40,top_losers,top_losers_141,True,cloud_automated,Thursday - Trading Hours: 11:00 AM - 3:00 PM NPT,403,SuryaJyoti Life Insurance Company Limited,SJLIC,,,,-0.71,,,,,,,,,,,,,,404.1,,-2.9,,,,,,,7,"price_volume, live_market, summary, top_gainers, top_losers, nepse_index, supply_demand",5640
2026-08-20T12:52:40.490442+05:45,2026-08-20 12:52:40,top_losers,top_losers_142,True,cloud_automated,Thursday - Trading Hours: 11:00 AM - 3:00 PM NPT,587,Reliance Finance Ltd.,RLFL,,,,-0.68,,,,,,,,,,,,,,440.0,,-3.0,,,,,,,7,"price_volume, live_market, summary, top_gainers, top_losers, nepse_index, supply_demand",5640
2026-08-20T12:52:40.490442+05:45,2026-08-20 12:52:40,top_losers,top_losers_143,True,cloud_automated,Thursday - Trading Hours: 11:00 AM - 3:00 PM NPT,5982,Sanima Reliance Life Insurance Limited,SRLI,,,,-0.68,,,,,,,,,,,,,,366.2,,-2.5,,,,,,,7,"price_volume, live_market, summary, top_gainers, top_losers, nepse_index, supply_demand",5640
2026-08-20T12:52:40.490442+05:45,2026-08-20 12:52:40,top_losers,top_losers_144,True,cloud_automated,Thursday - Trading Hours: 11:00 AM - 3:00 PM NPT,2925,Mahila Lagubitta Bittiya Sanstha Limited ,MLBSL,,,,-0.66,,,,,,,,,,,,,,1210.0,,-8.0,,,,,,,7,"price_volume, live_market, summary, top_gainers, top_losers, nepse_index, supply_demand",5640
2026-08-20T12:52:40.490442+05:45,2026-08-20 12:52:40,top_losers,top_losers_145,True,cloud_automated,Thursday - Trading Hours: 11:00 AM - 3:00 PM NPT,9337,Appolo Hydropower Limited,APHL,,,,-0.66,,,,,,,,,,,,,,748.0,,-5.0,,,,,,,7,"price_volume, live_market, summary, top_gainers, top_losers, nepse_index, supply_demand",5640
2026-08-20T12:52:40.490442+05:45,2026-08-20 12:52:40,top_losers,top_losers_146,True,cloud_automated,Thursday - Trading Hours: 11:00 AM - 3:00 PM NPT,610,Ridi Power Company Limited,RIDI,,,,-0.66,,,,,,,,,,,,,,358.9,,-2.4,,,,,,,7,"price_volume, live_market, summary, top_gainers, top_losers, nepse_index, supply_demand",5640
2026-08-20T12:52:40.490442+05:45,2026-08-20 12:52:40,top_losers,top_losers_147,True,cloud_automated,Thursday - Trading Hours: 11:00 AM - 3:00 PM NPT,2758,Forward Microfinance Laghubitta Bittiya Sanstha Limited,FOWAD,,,,-0.65,,,,,,,,,,,,,,920.0,,-6.0,,,,,,,7,"price_volume, live_market, summary, top_gainers, top_losers, nepse_index, supply_demand",5640
2026-08-20T12:52:40.490442+05:45,2026-08-20 12:52:40,top_losers,top_losers_148,True,cloud_automated,Thursday - Trading Hours: 11:00 AM - 3:00 PM NPT,358,Lumbini Bikas Bank Ltd.,LBBL,,,,-0.65,,,,,,,,,,,,,,476.9,,-3.1,,,,,,,7,"price_volume, live_market, summary, top_gainers, top_losers, nepse_index, supply_demand",5640
2026-08-20T12:52:40.490442+05:45,2026-08-20 12:52:40,top_losers,top_losers_149,True,cloud_automated,Thursday - Trading Hours: 11:00 AM - 3:00 PM NPT,9159,Sagarmatha Jalabidhyut Company Limited,SMJC,,,,-0.65,,,,,,,,,,,,,,428.1,,-2.8,,,,,,,7,"price_volume, live_market, summary, top_gainers, top_losers, nepse_index, supply_demand",5640
2026-08-20T12:52:40.490442+05:45,2026-08-20 12:52:40,top_losers,top_losers_150,True,cloud_automated,Thursday - Trading Hours: 11:00 AM - 3:00 PM NPT,9170,Dolti Power Company Limited,DOLTI,,,,-0.65,,,,,,,,,,,,,,308.0,,-2.0,,,,,,,7,"price_volume, live_market, summary, top_gainers, top_losers, nepse_index, supply_demand",5640
2026-08-20T12:52:40.490442+05:45,2026-08-20 12:52:40,top_losers,top_losers_151,True,cloud_automated,Thursday - Trading Hours: 11:00 AM - 3:00 PM NPT,2776,Radhi Bidyut Company Ltd,RADHI,,,,-0.64,,,,,,,,,,,,,,703.5,,-4.5,,,,,,,7,"price_volume, live_market, summary, top_gainers, top_losers, nepse_index, supply_demand",5640
2026-08-20T12:52:40.490442+05:45,2026-08-20 12:52:40,top_losers,top_losers_152,True,cloud_automated,Thursday - Trading Hours: 11:00 AM - 3:00 PM NPT,9171,Bhugol Energy Development Company Limited,BEDC,,,,-0.64,,,,,,,,,,,,,,309.9,,-2.0,,,,,,,7,"price_volume, live_market, summary, top_gainers, top_losers, nepse_index, supply_demand",5640
2026-08-20T12:52:40.490442+05:45,2026-08-20 12:52:40,top_losers,top_losers_153,True,cloud_automated,Thursday - Trading Hours: 11:00 AM - 3:00 PM NPT,706,Suryodaya Womi Laghubitta Bittiya Sanstha Limited,SWMF,,,,-0.63,,,,,,,,,,,,,,600.0,,-3.8,,,,,,,7,"price_volume, live_market, summary, top_gainers, top_losers, nepse_index, supply_demand",5640
2026-08-20T12:52:40.490442+05:45,2026-08-20 12:52:40,top_losers,top_losers_154,True,cloud_automated,Thursday - Trading Hours: 11:00 AM - 3:00 PM NPT,2792,Upper Tamakoshi Hydropower Ltd,UPPER,,,,-0.63,,,,,,,,,,,,,,190.3,,-1.2,,,,,,,7,"price_volume, live_market, summary, top_gainers, top_losers, nepse_index, supply_demand",5640
2026-08-20T12:52:40.490442+05:45,2026-08-20 12:52:40,top_losers,top_losers_155,True,cloud_automated,Thursday - Trading Hours: 11:00 AM - 3:00 PM NPT,153,Butwal Power Company Limited,BPCL,,,,-0.62,,,,,,,,,,,,,,637.0,,-4.0,,,,,,,7,"price_volume, live_market, summary, top_gainers, top_losers, nepse_index, supply_demand",5640
2026-08-20T12:52:40.490442+05:45,2026-08-20 12:52:40,top_losers,top_losers_156,True,cloud_automated,Thursday - Trading Hours: 11:00 AM - 3:00 PM NPT,9167,Mai Khola Hydropower Limited,MKHL,,,,-0.62,,,,,,,,,,,,,,493.0,,-3.1,,,,,,,7,"price_volume, live_market, summary, top_gainers, top_losers, nepse_index, supply_demand",5640
2026-08-20T12:52:40.490442+05:45,2026-08-20 12:52:40,top_losers,top_losers_157,True,cloud_automated,Thursday - Trading Hours: 11:00 AM - 3:00 PM NPT,591,Sanima Mai Hydropower Ltd.,SHPC,,,,-0.61,,,,,,,,,,,,,,491.0,,-3.0,,,,,,,7,"price_volume, live_market, summary, top_gainers, top_losers, nepse_index, supply_demand",5640
2026-08-20T12:52:40.490442+05:45,2026-08-20 12:52:40,top_losers,top_losers_158,True,cloud_automated,Thursday - Trading Hours: 11:00 AM - 3:00 PM NPT,9225,Vision Lumbini Urja Company Limited ,VLUCL,,,,-0.6,,,,,,,,,,,,,,397.6,,-2.4,,,,,,,7,"price_volume, live_market, summary, top_gainers, top_losers, nepse_index, supply_demand",5640
2026-08-20T12:52:40.490442+05:45,2026-08-20 12:52:40,top_losers,top_losers_159,True,cloud_automated,Thursday - Trading Hours: 11:00 AM - 3:00 PM NPT,8066,River Falls Power Limited,RFPL,,,,-0.6,,,,,,,,,,,,,,330.0,,-2.0,,,,,,,7,"price_volume, live_market, summary, top_gainers, top_losers, nepse_index, supply_demand",5640
2026-08-20T12:52:40.490442+05:45,2026-08-20 12:52:40,top_losers,top_losers_160,True,cloud_automated,Thursday - Trading Hours: 11:00 AM - 3:00 PM NPT,210,Citizen Investment Trust,CIT,,,,-0.59,,,,,,,,,,,,,,1690.0,,-10.0,,,,,,,7,"price_volume, live_market, summary, top_gainers, top_losers, nepse_index, supply_demand",5640
2026-08-20T12:52:40.490442+05:45,2026-08-20 12:52:40,top_losers,top_losers_161,True,cloud_automated,Thursday - Trading Hours: 11:00 AM - 3:00 PM NPT,185,Sagarmatha Lumbini Insurance Co. Limited,SALICO,,,,-0.59,,,,,,,,,,,,,,588.0,,-3.5,,,,,,,7,"price_volume, live_market, summary, top_gainers, top_losers, nepse_index, supply_demand",5640
2026-08-20T12:52:40.490442+05:45,2026-08-20 12:52:40,top_losers,top_losers_162,True,cloud_automated,Thursday - Trading Hours: 11:00 AM - 3:00 PM NPT,396,Nerude Mirmire Laghubitta Bittiya Sanstha Limited,NMLBBL,,,,-0.59,,,,,,,,,,,,,,502.0,,-3.0,,,,,,,7,"price_volume, live_market, summary, top_gainers, top_losers, nepse_index, supply_demand",5640
2026-08-20T12:52:40.490442+05:45,2026-08-20 12:52:40,top_losers,top_losers_163,True,cloud_automated,Thursday - Trading Hours: 11:00 AM - 3:00 PM NPT,166,Deprosc Laghubitta Bittiya Sanstha Limited,DDBL,,,,-0.58,,,,,,,,,,,,,,838.0,,-4.9,,,,,,,7,"price_volume, live_market, summary, top_gainers, top_losers, nepse_index, supply_demand",5640
2026-08-20T12:52:40.490442+05:45,2026-08-20 12:52:40,top_losers,top_losers_164,True,cloud_automated,Thursday - Trading Hours: 11:00 AM - 3:00 PM NPT,2761,Samata Gharelu Laghubitta Bittiya Sanstha Limited,SMATA,,,,-0.56,,,,,,,,,,,,,,706.0,,-4.0,,,,,,,7,"price_volume, live_market, summary, top_gainers, top_losers, nepse_index, supply_demand",5640
2026-08-20T12:52:40.490442+05:45,2026-08-20 12:52:40,top_losers,top_losers_165,True,cloud_automated,Thursday - Trading Hours: 11:00 AM - 3:00 PM NPT,9173,City Hotel Limited,CITY,,,,-0.56,,,,,,,,,,,,,,357.9,,-2.0,,,,,,,7,"price_volume, live_market, summary, top_gainers, top_losers, nepse_index, supply_demand",5640
2026-08-20T12:52:40.490442+05:45,2026-08-20 12:52:40,top_losers,top_losers_166,True,cloud_automated,Thursday - Trading Hours: 11:00 AM - 3:00 PM NPT,371,Miteri Development Bank Limited,MDB,,,,-0.53,,,,,,,,,,,,,,567.5,,-3.0,,,,,,,7,"price_volume, live_market, summary, top_gainers, top_losers, nepse_index, supply_demand",5640
2026-08-20T12:52:40.490442+05:45,2026-08-20 12:52:40,top_losers,top_losers_167,True,cloud_automated,Thursday - Trading Hours: 11:00 AM - 3:00 PM NPT,2867,NMB 50,NMB50,,,,-0.51,,,,,,,,,,,,,,9.76,,-0.05,,,,,,,7,"price_volume, live_market, summary, top_gainers, top_losers, nepse_index, supply_demand",5640
2026-08-20T12:52:40.490442+05:45,2026-08-20 12:52:40,top_losers,top_losers_168,True,cloud_automated,Thursday - Trading Hours: 11:00 AM - 3:00 PM NPT,9270,Him Star Urja Company Limited,HIMSTAR,,,,-0.5,,,,,,,,,,,,,,683.0,,-3.4,,,,,,,7,"price_volume, live_market, summary, top_gainers, top_losers, nepse_index, supply_demand",5640
2026-08-20T12:52:40.490442+05:45,2026-08-20 12:52:40,top_losers,top_losers_169,True,cloud_automated,Thursday - Trading Hours: 11:00 AM - 3:00 PM NPT,2919,Nepal Infrastructure Bank Limited,NIFRA,,,,-0.49,,,,,,,,,,,,,,243.0,,-1.2,,,,,,,7,"price_volume, live_market, summary, top_gainers, top_losers, nepse_index, supply_demand",5640
2026-08-20T12:52:40.490442+05:45,2026-08-20 12:52:40,top_losers,top_losers_170,True,cloud_automated,Thursday - Trading Hours: 11:00 AM - 3:00 PM NPT,8055,Balephi Hydropower Limited,BHL,,,,-0.48,,,,,,,,,,,,,,208.0,,-1.0,,,,,,,7,"price_volume, live_market, summary, top_gainers, top_losers, nepse_index, supply_demand",5640
2026-08-20T12:52:40.490442+05:45,2026-08-20 12:52:40,top_losers,top_losers_171,True,cloud_automated,Thursday - Trading Hours: 11:00 AM - 3:00 PM NPT,187,Nepal Life Insurance Co. Ltd.,NLIC,,,,-0.46,,,,,,,,,,,,,,715.6,,-3.3,,,,,,,7,"price_volume, live_market, summary, top_gainers, top_losers, nepse_index, supply_demand",5640
2026-08-20T12:52:40.490442+05:45,2026-08-20 12:52:40,top_losers,top_losers_172,True,cloud_automated,Thursday - Trading Hours: 11:00 AM - 3:00 PM NPT,357,Prime Commercial Bank Ltd.,PCBL,,,,-0.46,,,,,,,,,,,,,,239.4,,-1.1,,,,,,,7,"price_volume, live_market, summary, top_gainers, top_losers, nepse_index, supply_demand",5640
2026-08-20T12:52:40.490442+05:45,2026-08-20 12:52:40,top_losers,top_losers_173,True,cloud_automated,Thursday - Trading Hours: 11:00 AM - 3:00 PM NPT,250,Janaki Finance Company Limited,JFL,,,,-0.45,,,,,,,,,,,,,,380.0,,-1.7,,,,,,,7,"price_volume, live_market, summary, top_gainers, top_losers, nepse_index, supply_demand",5640
2026-08-20T12:52:40.490442+05:45,2026-08-20 12:52:40,top_losers,top_losers_174,True,cloud_automated,Thursday - Trading Hours: 11:00 AM - 3:00 PM NPT,2898,NRN Infrastructure and Development Limited,NRN,,,,-0.44,,,,,,,,,,,,,,1373.0,,-6.0,,,,,,,7,"price_volume, live_market, summary, top_gainers, top_losers, nepse_index, supply_demand",5640
2026-08-20T12:52:40.490442+05:45,2026-08-20 12:52:40,top_losers,top_losers_175,True,cloud_automated,Thursday - Trading Hours: 11:00 AM - 3:00 PM NPT,2807,Asha Laghubitta Bittiya Sanstha Ltd,ALBSL,,,,-0.44,,,,,,,,,,,,,,1095.0,,-4.8,,,,,,,7,"price_volume, live_market, summary, top_gainers, top_losers, nepse_index, supply_demand",5640
2026-08-20T12:52:40.490442+05:45,2026-08-20 12:52:40,top_losers,top_losers_176,True,cloud_automated,Thursday - Trading Hours: 11:00 AM - 3:00 PM NPT,393,Himalayan Life Insurance Limited,HLI,,,,-0.44,,,,,,,,,,,,,,313.6,,-1.4,,,,,,,7,"price_volume, live_market, summary, top_gainers, top_losers, nepse_index, supply_demand",5640
2026-08-20T12:52:40.490442+05:45,2026-08-20 12:52:40,top_losers,top_losers_177,True,cloud_automated,Thursday - Trading Hours: 11:00 AM - 3:00 PM NPT,9262,Trade Tower Limited,TTL,,,,-0.43,,,,,,,,,,,,,,701.0,,-3.0,,,,,,,7,"price_volume, live_market, summary, top_gainers, top_losers, nepse_index, supply_demand",5640
2026-08-20T12:52:40.490442+05:45,2026-08-20 12:52:40,top_losers,top_losers_178,True,cloud_automated,Thursday - Trading Hours: 11:00 AM - 3:00 PM NPT,2880,Himal Dolakha Hydropower Company Limited,HDHPC,,,,-0.43,,,,,,,,,,,,,,207.0,,-0.9,,,,,,,7,"price_volume, live_market, summary, top_gainers, top_losers, nepse_index, supply_demand",5640
2026-08-20T12:52:40.490442+05:45,2026-08-20 12:52:40,top_losers,top_losers_179,True,cloud_automated,Thursday - Trading Hours: 11:00 AM - 3:00 PM NPT,9347,Everest Colour Limited,ECL,,,,-0.42,,,,,,,,,,,,,,1430.0,,-6.0,,,,,,,7,"price_volume, live_market, summary, top_gainers, top_losers, nepse_index, supply_demand",5640
2026-08-20T12:52:40.490442+05:45,2026-08-20 12:52:40,top_losers,top_losers_180,True,cloud_automated,Thursday - Trading Hours: 11:00 AM - 3:00 PM NPT,2896,Sampada Laghubitta Bittiya Sanstha Limited,SMPDA,,,,-0.41,,,,,,,,,,,,,,735.0,,-3.0,,,,,,,7,"price_volume, live_market, summary, top_gainers, top_losers, nepse_index, supply_demand",5640
2026-08-20T12:52:40.490442+05:45,2026-08-20 12:52:40,top_losers,top_losers_181,True,cloud_automated,Thursday - Trading Hours: 11:00 AM - 3:00 PM NPT,8104,Upper Solu Hydro Electric Company Limited,USHEC,,,,-0.4,,,,,,,,,,,,,,500.0,,-2.0,,,,,,,7,"price_volume, live_market, summary, top_gainers, top_losers, nepse_index, supply_demand",5640
2026-08-20T12:52:40.490442+05:45,2026-08-20 12:52:40,top_losers,top_losers_182,True,cloud_automated,Thursday - Trading Hours: 11:00 AM - 3:00 PM NPT,2757,Arun Kabeli Power Ltd.,AKPL,,,,-0.4,,,,,,,,,,,,,,248.0,,-1.0,,,,,,,7,"price_volume, live_market, summary, top_gainers, top_losers, nepse_index, supply_demand",5640
2026-08-20T12:52:40.490442+05:45,2026-08-20 12:52:40,top_losers,top_losers_183,True,cloud_automated,Thursday - Trading Hours: 11:00 AM - 3:00 PM NPT,8070,Dordi Khola Jal Bidyut Company Limited,DORDI,,,,-0.4,,,,,,,,,,,,,,247.0,,-1.0,,,,,,,7,"price_volume, live_market, summary, top_gainers, top_losers, nepse_index, supply_demand",5640
2026-08-20T12:52:40.490442+05:45,2026-08-20 12:52:40,top_losers,top_losers_184,True,cloud_automated,Thursday - Trading Hours: 11:00 AM - 3:00 PM NPT,9140,Unique Nepal Laghubitta Bittiya Sanstha Limited,UNLB,,,,-0.39,,,,,,,,,,,,,,1245.0,,-4.9,,,,,,,7,"price_volume, live_market, summary, top_gainers, top_losers, nepse_index, supply_demand",5640
2026-08-20T12:52:40.490442+05:45,2026-08-20 12:52:40,top_losers,top_losers_185,True,cloud_automated,Thursday - Trading Hours: 11:00 AM - 3:00 PM NPT,8099,Upper Hewakhola Hydropower Company Limited,UHEWA,,,,-0.38,,,,,,,,,,,,,,607.7,,-2.3,,,,,,,7,"price_volume, live_market, summary, top_gainers, top_losers, nepse_index, supply_demand",5640
2026-08-20T12:52:40.490442+05:45,2026-08-20 12:52:40,top_losers,top_losers_186,True,cloud_automated,Thursday - Trading Hours: 11:00 AM - 3:00 PM NPT,9216,Sonapur Minerals And Oil Limited,SONA,,,,-0.38,,,,,,,,,,,,,,398.5,,-1.5,,,,,,,7,"price_volume, live_market, summary, top_gainers, top_losers, nepse_index, supply_demand",5640
2026-08-20T12:52:40.490442+05:45,2026-08-20 12:52:40,top_losers,top_losers_187,True,cloud_automated,Thursday - Trading Hours: 11:00 AM - 3:00 PM NPT,8031,Madhya Bhotekoshi Jalavidyut Company Limited,MBJC,,,,-0.38,,,,,,,,,,,,,,263.0,,-1.0,,,,,,,7,"price_volume, live_market, summary, top_gainers, top_losers, nepse_index, supply_demand",5640
2026-08-20T12:52:40.490442+05:45,2026-08-20 12:52:40,top_losers,top_losers_188,True,cloud_automated,Thursday - Trading Hours: 11:00 AM - 3:00 PM NPT,2743,Ngadi Group Power Ltd.,NGPL,,,,-0.37,,,,,,,,,,,,,,405.5,,-1.5,,,,,,,7,"price_volume, live_market, summary, top_gainers, top_losers, nepse_index, supply_demand",5640
2026-08-20T12:52:40.490442+05:45,2026-08-20 12:52:40,top_losers,top_losers_189,True,cloud_automated,Thursday - Trading Hours: 11:00 AM - 3:00 PM NPT,8100,Swet-Ganga Hydropower & Construction Limited ,SGHC,,,,-0.37,,,,,,,,,,,,,,297.0,,-1.1,,,,,,,7,"price_volume, live_market, summary, top_gainers, top_losers, nepse_index, supply_demand",5640
2026-08-20T12:52:40.490442+05:45,2026-08-20 12:52:40,top_losers,top_losers_190,True,cloud_automated,Thursday - Trading Hours: 11:00 AM - 3:00 PM NPT,177,Rastriya Beema Company Limited,RBCL,,,,-0.36,,,,,,,,,,,,,,14000.0,,-49.9,,,,,,,7,"price_volume, live_market, summary, top_gainers, top_losers, nepse_index, supply_demand",5640
2026-08-20T12:52:40.490442+05:45,2026-08-20 12:52:40,top_losers,top_losers_191,True,cloud_automated,Thursday - Trading Hours: 11:00 AM - 3:00 PM NPT,9306,Reliance Spinning Mills Limited,RSML,,,,-0.36,,,,,,,,,,,,,,2700.2,,-9.8,,,,,,,7,"price_volume, live_market, summary, top_gainers, top_losers, nepse_index, supply_demand",5640
2026-08-20T12:52:40.490442+05:45,2026-08-20 12:52:40,top_losers,top_losers_192,True,cloud_automated,Thursday - Trading Hours: 11:00 AM - 3:00 PM NPT,273,ICFC Finance Limited,ICFC,,,,-0.34,,,,,,,,,,,,,,591.0,,-2.0,,,,,,,7,"price_volume, live_market, summary, top_gainers, top_losers, nepse_index, supply_demand",5640
2026-08-20T12:52:40.490442+05:45,2026-08-20 12:52:40,top_losers,top_losers_193,True,cloud_automated,Thursday - Trading Hours: 11:00 AM - 3:00 PM NPT,9269,Global IME Sammunat Yojana -2,GBIMESY2,,,,-0.34,,,,,,,,,,,,,,8.92,,-0.03,,,,,,,7,"price_volume, live_market, summary, top_gainers, top_losers, nepse_index, supply_demand",5640
2026-08-20T12:52:40.490442+05:45,2026-08-20 12:52:40,top_losers,top_losers_194,True,cloud_automated,Thursday - Trading Hours: 11:00 AM - 3:00 PM NPT,9350,LS Horizon 12,LSH12,,,,-0.34,,,,,,,,,,,,,,8.92,,-0.03,,,,,,,7,"price_volume, live_market, summary, top_gainers, top_losers, nepse_index, supply_demand",5640
2026-08-20T12:52:40.490442+05:45,2026-08-20 12:52:40,top_losers,top_losers_195,True,cloud_automated,Thursday - Trading Hours: 11:00 AM - 3:00 PM NPT,9248,Garima Samriddhi Yojana,GSY,,,,-0.32,,,,,,,,,,,,,,9.3,,-0.03,,,,,,,7,"price_volume, live_market, summary, top_gainers, top_losers, nepse_index, supply_demand",5640
2026-08-20T12:52:40.490442+05:45,2026-08-20 12:52:40,top_losers,top_losers_196,True,cloud_automated,Thursday - Trading Hours: 11:00 AM - 3:00 PM NPT,9234,Himalayan Reinsurance Limited,HRL,,,,-0.31,,,,,,,,,,,,,,573.0,,-1.8,,,,,,,7,"price_volume, live_market, summary, top_gainers, top_losers, nepse_index, supply_demand",5640
2026-08-20T12:52:40.490442+05:45,2026-08-20 12:52:40,top_losers,top_losers_197,True,cloud_automated,Thursday - Trading Hours: 11:00 AM - 3:00 PM NPT,2937,Sunrise Bluechip Fund,SBCF,,,,-0.31,,,,,,,,,,,,,,9.6,,-0.03,,,,,,,7,"price_volume, live_market, summary, top_gainers, top_losers, nepse_index, supply_demand",5640
2026-08-20T12:52:40.490442+05:45,2026-08-20 12:52:40,top_losers,top_losers_198,True,cloud_automated,Thursday - Trading Hours: 11:00 AM - 3:00 PM NPT,697,Api Power Company Ltd.,API,,,,-0.3,,,,,,,,,,,,,,329.0,,-1.0,,,,,,,7,"price_volume, live_market, summary, top_gainers, top_losers, nepse_index, supply_demand",5640
2026-08-20T12:52:40.490442+05:45,2026-08-20 12:52:40,top_losers,top_losers_199,True,cloud_automated,Thursday - Trading Hours: 11:00 AM - 3:00 PM NPT,9183,Nepal Republic Media Limited,NRM,,,,-0.3,,,,,,,,,,,,,,300.1,,-0.9,,,,,,,7,"price_volume, live_market, summary, top_gainers, top_losers, nepse_index, supply_demand",5640
2026-08-20T12:52:40.490442+05:45,2026-08-20 12:52:40,top_losers,top_losers_200,True,cloud_automated,Thursday - Trading Hours: 11:00 AM - 3:00 PM NPT,182,Siddhartha Premier Insurance Limited,SPIL,,,,-0.29,,,,,,,,,,,,,,678.0,,-2.0,,,,,,,7,"price_volume, live_market, summary, top_gainers, top_losers, nepse_index, supply_demand",5640
2026-08-20T12:52:40.490442+05:45,2026-08-20 12:52:40,top_losers,top_losers_201,True,cloud_automated,Thursday - Trading Hours: 11:00 AM - 3:00 PM NPT,238,NMB Bank Limited,NMB,,,,-0.29,,,,,,,,,,,,,,238.0,,-0.7,,,,,,,7,"price_volume, live_market, summary, top_gainers, top_losers, nepse_index, supply_demand",5640
2026-08-20T12:52:40.490442+05:45,2026-08-20 12:52:40,top_losers,top_losers_202,True,cloud_automated,Thursday - Trading Hours: 11:00 AM - 3:00 PM NPT,9179,Modi Energy Limited,MEL,,,,-0.29,,,,,,,,,,,,,,205.3,,-0.6,,,,,,,7,"price_volume, live_market, summary, top_gainers, top_losers, nepse_index, supply_demand",5640
2026-08-20T12:52:40.490442+05:45,2026-08-20 12:52:40,top_losers,top_losers_203,True,cloud_automated,Thursday - Trading Hours: 11:00 AM - 3:00 PM NPT,2935,Ru Ru Jalbidhyut Pariyojana Limited,RURU,,,,-0.28,,,,,,,,,,,,,,598.3,,-1.7,,,,,,,7,"price_volume, live_market, summary, top_gainers, top_losers, nepse_index, supply_demand",5640
2026-08-20T12:52:40.490442+05:45,2026-08-20 12:52:40,top_losers,top_losers_204,True,cloud_automated,Thursday - Trading Hours: 11:00 AM - 3:00 PM NPT,135,Nepal SBI Bank Limited,SBI,,,,-0.27,,,,,,,,,,,,,,399.9,,-1.1,,,,,,,7,"price_volume, live_market, summary, top_gainers, top_losers, nepse_index, supply_demand",5640
2026-08-20T12:52:40.490442+05:45,2026-08-20 12:52:40,top_losers,top_losers_205,True,cloud_automated,Thursday - Trading Hours: 11:00 AM - 3:00 PM NPT,4951,Jeevan Bikas Laghubitta  Bittya Sanstha Ltd,JBLB,,,,-0.26,,,,,,,,,,,,,,1269.9,,-3.3,,,,,,,7,"price_volume, live_market, summary, top_gainers, top_losers, nepse_index, supply_demand",5640
2026-08-20T12:52:40.490442+05:45,2026-08-20 12:52:40,top_losers,top_losers_206,True,cloud_automated,Thursday - Trading Hours: 11:00 AM - 3:00 PM NPT,516,Manjushree Finance Ltd.,MFIL,,,,-0.25,,,,,,,,,,,,,,746.0,,-1.9,,,,,,,7,"price_volume, live_market, summary, top_gainers, top_losers, nepse_index, supply_demand",5640
2026-08-20T12:52:40.490442+05:45,2026-08-20 12:52:40,top_losers,top_losers_207,True,cloud_automated,Thursday - Trading Hours: 11:00 AM - 3:00 PM NPT,232,Goodwill Finance Limited,GFCL,,,,-0.25,,,,,,,,,,,,,,590.0,,-1.5,,,,,,,7,"price_volume, live_market, summary, top_gainers, top_losers, nepse_index, supply_demand",5640
2026-08-20T12:52:40.490442+05:45,2026-08-20 12:52:40,top_losers,top_losers_208,True,cloud_automated,Thursday - Trading Hours: 11:00 AM - 3:00 PM NPT,2924,GreenLife Hydropower Limited,GLH,,,,-0.24,,,,,,,,,,,,,,252.1,,-0.6,,,,,,,7,"price_volume, live_market, summary, top_gainers, top_losers, nepse_index, supply_demand",5640
2026-08-20T12:52:40.490442+05:45,2026-08-20 12:52:40,top_losers,top_losers_209,True,cloud_automated,Thursday - Trading Hours: 11:00 AM - 3:00 PM NPT,8126,Sikles Hydropower Limited,SIKLES,,,,-0.23,,,,,,,,,,,,,,553.6,,-1.3,,,,,,,7,"price_volume, live_market, summary, top_gainers, top_losers, nepse_index, supply_demand",5640
2026-08-20T12:52:40.490442+05:45,2026-08-20 12:52:40,top_losers,top_losers_210,True,cloud_automated,Thursday - Trading Hours: 11:00 AM - 3:00 PM NPT,2787,Kalika power Company Ltd,KPCL,,,,-0.22,,,,,,,,,,,,,,460.0,,-1.0,,,,,,,7,"price_volume, live_market, summary, top_gainers, top_losers, nepse_index, supply_demand",5640
2026-08-20T12:52:40.490442+05:45,2026-08-20 12:52:40,top_losers,top_losers_211,True,cloud_automated,Thursday - Trading Hours: 11:00 AM - 3:00 PM NPT,472,Shangrila Development Bank Ltd.,SADBL,,,,-0.22,,,,,,,,,,,,,,403.1,,-0.9,,,,,,,7,"price_volume, live_market, summary, top_gainers, top_losers, nepse_index, supply_demand",5640
2026-08-20T12:52:40.490442+05:45,2026-08-20 12:52:40,top_losers,top_losers_212,True,cloud_automated,Thursday - Trading Hours: 11:00 AM - 3:00 PM NPT,139,NIC Asia Bank Ltd.,NICA,,,,-0.22,,,,,,,,,,,,,,315.0,,-0.7,,,,,,,7,"price_volume, live_market, summary, top_gainers, top_losers, nepse_index, supply_demand",5640
2026-08-20T12:52:40.490442+05:45,2026-08-20 12:52:40,top_losers,top_losers_213,True,cloud_automated,Thursday - Trading Hours: 11:00 AM - 3:00 PM NPT,268,Swabalamban Laghubitta Bittiya Sanstha Limited,SWBBL,,,,-0.21,,,,,,,,,,,,,,665.6,,-1.4,,,,,,,7,"price_volume, live_market, summary, top_gainers, top_losers, nepse_index, supply_demand",5640
2026-08-20T12:52:40.490442+05:45,2026-08-20 12:52:40,top_losers,top_losers_214,True,cloud_automated,Thursday - Trading Hours: 11:00 AM - 3:00 PM NPT,2824,Himalaya Urja Bikas Company Limited,HURJA,,,,-0.21,,,,,,,,,,,,,,235.0,,-0.5,,,,,,,7,"price_volume, live_market, summary, top_gainers, top_losers, nepse_index, supply_demand",5640
2026-08-20T12:52:40.490442+05:45,2026-08-20 12:52:40,top_losers,top_losers_215,True,cloud_automated,Thursday - Trading Hours: 11:00 AM - 3:00 PM NPT,178,National Life Insurance Co. Ltd.,NLICL,,,,-0.19,,,,,,,,,,,,,,564.0,,-1.1,,,,,,,7,"price_volume, live_market, summary, top_gainers, top_losers, nepse_index, supply_demand",5640
2026-08-20T12:52:40.490442+05:45,2026-08-20 12:52:40,top_losers,top_losers_216,True,cloud_automated,Thursday - Trading Hours: 11:00 AM - 3:00 PM NPT,2859,Siddhartha Investment Growth Scheme - 2,SIGS2,,,,-0.19,,,,,,,,,,,,,,10.51,,-0.02,,,,,,,7,"price_volume, live_market, summary, top_gainers, top_losers, nepse_index, supply_demand",5640
2026-08-20T12:52:40.490442+05:45,2026-08-20 12:52:40,top_losers,top_losers_217,True,cloud_automated,Thursday - Trading Hours: 11:00 AM - 3:00 PM NPT,471,Multipurpose Finance Company  Limited,MPFL,,,,-0.16,,,,,,,,,,,,,,614.0,,-1.0,,,,,,,7,"price_volume, live_market, summary, top_gainers, top_losers, nepse_index, supply_demand",5640
2026-08-20T12:52:40.490442+05:45,2026-08-20 12:52:40,top_losers,top_losers_218,True,cloud_automated,Thursday - Trading Hours: 11:00 AM - 3:00 PM NPT,8021,Sahas Urja Limited,SAHAS,,,,-0.14,,,,,,,,,,,,,,700.0,,-1.0,,,,,,,7,"price_volume, live_market, summary, top_gainers, top_losers, nepse_index, supply_demand",5640
2026-08-20T12:52:40.490442+05:45,2026-08-20 12:52:40,top_losers,top_losers_219,True,cloud_automated,Thursday - Trading Hours: 11:00 AM - 3:00 PM NPT,9242,Sarbottam Cement Limited,SARBTM,,,,-0.13,,,,,,,,,,,,,,778.9,,-1.0,,,,,,,7,"price_volume, live_market, summary, top_gainers, top_losers, nepse_index, supply_demand",5640
2026-08-20T12:52:40.490442+05:45,2026-08-20 12:52:40,top_losers,top_losers_220,True,cloud_automated,Thursday - Trading Hours: 11:00 AM - 3:00 PM NPT,9246,Guardian Micro Life Insurance Limited ,GMLI,,,,-0.12,,,,,,,,,,,,,,1054.7,,-1.3,,,,,,,7,"price_volume, live_market, summary, top_gainers, top_losers, nepse_index, supply_demand",5640
2026-08-20T12:52:40.490442+05:45,2026-08-20 12:52:40,top_losers,top_losers_221,True,cloud_automated,Thursday - Trading Hours: 11:00 AM - 3:00 PM NPT,360,Arun Valley Hydropower Development Co. Ltd.,AHPC,,,,-0.12,,,,,,,,,,,,,,259.7,,-0.3,,,,,,,7,"price_volume, live_market, summary, top_gainers, top_losers, nepse_index, supply_demand",5640
2026-08-20T12:52:40.490442+05:45,2026-08-20 12:52:40,top_losers,top_losers_222,True,cloud_automated,Thursday - Trading Hours: 11:00 AM - 3:00 PM NPT,9290,HLI Large Cap Fund,HLICF,,,,-0.12,,,,,,,,,,,,,,8.6,,-0.01,,,,,,,7,"price_volume, live_market, summary, top_gainers, top_losers, nepse_index, supply_demand",5640
2026-08-20T12:52:40.490442+05:45,2026-08-20 12:52:40,top_losers,top_losers_223,True,cloud_automated,Thursday - Trading Hours: 11:00 AM - 3:00 PM NPT,194,Nepal Finance Ltd.,NFS,,,,-0.11,,,,,,,,,,,,,,556.0,,-0.6,,,,,,,7,"price_volume, live_market, summary, top_gainers, top_losers, nepse_index, supply_demand",5640
2026-08-20T12:52:40.490442+05:45,2026-08-20 12:52:40,top_losers,top_losers_224,True,cloud_automated,Thursday - Trading Hours: 11:00 AM - 3:00 PM NPT,172,Narayani Development Bank Limited,NABBC,,,,-0.1,,,,,,,,,,,,,,803.5,,-0.8,,,,,,,7,"price_volume, live_market, summary, top_gainers, top_losers, nepse_index, supply_demand",5640
2026-08-20T12:52:40.490442+05:45,2026-08-20 12:52:40,top_losers,top_losers_225,True,cloud_automated,Thursday - Trading Hours: 11:00 AM - 3:00 PM NPT,9135,Barahi Hydropower Public Limited,BHPL,,,,-0.1,,,,,,,,,,,,,,476.9,,-0.5,,,,,,,7,"price_volume, live_market, summary, top_gainers, top_losers, nepse_index, supply_demand",5640
2026-08-20T12:52:40.490442+05:45,2026-08-20 12:52:40,top_losers,top_losers_226,True,cloud_automated,Thursday - Trading Hours: 11:00 AM - 3:00 PM NPT,2835,NABIL BALANCED FUND-2,NBF2,,,,-0.1,,,,,,,,,,,,,,9.8,,-0.01,,,,,,,7,"price_volume, live_market, summary, top_gainers, top_losers, nepse_index, supply_demand",5640
2026-08-20T12:52:40.490442+05:45,2026-08-20 12:52:40,top_losers,top_losers_227,True,cloud_automated,Thursday - Trading Hours: 11:00 AM - 3:00 PM NPT,2915,Prabhu Mahalaxmi Life Insurance Limited,PMLI,,,,-0.07,,,,,,,,,,,,,,424.7,,-0.3,,,,,,,7,"price_volume, live_market, summary, top_gainers, top_losers, nepse_index, supply_demand",5640
2026-08-20T12:52:40.490442+05:45,2026-08-20 12:52:40,top_losers,top_losers_228,True,cloud_automated,Thursday - Trading Hours: 11:00 AM - 3:00 PM NPT,2917,Chandragiri Hills Limited,CGH,,,,-0.06,,,,,,,,,,,,,,769.5,,-0.5,,,,,,,7,"price_volume, live_market, summary, top_gainers, top_losers, nepse_index, supply_demand",5640
2026-08-20T12:52:40.490442+05:45,2026-08-20 12:52:40,top_losers,top_losers_229,True,cloud_automated,Thursday - Trading Hours: 11:00 AM - 3:00 PM NPT,418,Jyoti Bikas Bank Limited,JBBL,,,,-0.06,,,,,,,,,,,,,,334.0,,-0.2,,,,,,,7,"price_volume, live_market, summary, top_gainers, top_losers, nepse_index, supply_demand",5640
2026-08-20T12:52:40.490442+05:45,2026-08-20 12:52:40,top_losers,top_losers_230,True,cloud_automated,Thursday - Trading Hours: 11:00 AM - 3:00 PM NPT,2810,UNIVERSAL POWER COMPANY LTD,UPCL,,,,-0.06,,,,,,,,,,,,,,342.0,,-0.2,,,,,,,7,"price_volume, live_market, summary, top_gainers, top_losers, nepse_index, supply_demand",5640
2026-08-20T12:52:40.490442+05:45,2026-08-20 12:52:40,top_losers,top_losers_231,True,cloud_automated,Thursday - Trading Hours: 11:00 AM - 3:00 PM NPT,163,Nirdhan Utthan Laghubitta Bittiya Sanstha Limited,NUBL,,,,-0.05,,,,,,,,,,,,,,594.7,,-0.3,,,,,,,7,"price_volume, live_market, summary, top_gainers, top_losers, nepse_index, supply_demand",5640
2026-08-20T12:52:40.490442+05:45,2026-08-20 12:52:40,top_losers,top_losers_232,True,cloud_automated,Thursday - Trading Hours: 11:00 AM - 3:00 PM NPT,145,Siddhartha Bank Limited,SBL,,,,-0.05,,,,,,,,,,,,,,408.0,,-0.2,,,,,,,7,"price_volume, live_market, summary, top_gainers, top_losers, nepse_index, supply_demand",5640
2026-08-20T12:52:40.490442+05:45,2026-08-20 12:52:40,top_losers,top_losers_233,True,cloud_automated,Thursday - Trading Hours: 11:00 AM - 3:00 PM NPT,142,Kumari Bank Limited,KBL,,,,-0.05,,,,,,,,,,,,,,214.0,,-0.1,,,,,,,7,"price_volume, live_market, summary, top_gainers, top_losers, nepse_index, supply_demand",5640
2026-08-20T12:52:40.490442+05:45,2026-08-20 12:52:40,top_losers,top_losers_234,True,cloud_automated,Thursday - Trading Hours: 11:00 AM - 3:00 PM NPT,3946,CEDB Holdings Limited,CHDC,,,,-0.02,,,,,,,,,,,,,,2181.5,,-0.5,,,,,,,7,"price_volume, live_market, summary, top_gainers, top_losers, nepse_index, supply_demand",5640
2026-08-20T12:52:40.490442+05:45,2026-08-20 12:52:40,top_losers,top_losers_235,True,cloud_automated,Thursday - Trading Hours: 11:00 AM - 3:00 PM NPT,235,Himalayan Distillery Limited,HDL,,,,-0.02,,,,,,,,,,,,,,1178.0,,-0.2,,,,,,,7,"price_volume, live_market, summary, top_gainers, top_losers, nepse_index, supply_demand",5640
2026-08-20T12:52:40.490442+05:45,2026-08-20 12:52:40,top_losers,top_losers_236,True,cloud_automated,Thursday - Trading Hours: 11:00 AM - 3:00 PM NPT,244,Shree Investment Finance Co. Ltd.,SIFC,,,,-0.02,,,,,,,,,,,,,,498.9,,-0.1,,,,,,,7,"price_volume, live_market, summary, top_gainers, top_losers, nepse_index, supply_demand",5640
2026-08-20T12:52:40.490442+05:45,2026-08-20 12:52:40,nepse_index,nepse_index_summary,True,cloud_automated,Thursday - Trading Hours: 11:00 AM - 3:00 PM NPT,,,,,,,,,,,,,,,,,,,,,,,,"{'id': 63, 'auditId': None, 'exchangeIndexId': None, 'generatedTime': '2026-08-20T12:50:50.6', 'index': 'Sensitive Float Index', 'close': 155.76, 'high': 155.948, 'low': 155.2064, 'previousClose': 155.758, 'change': -0.25, 'perChange': -0.16, 'fiftyTwoWeekHigh': 173.41, 'fiftyTwoWeekLow': 147.61, 'currentValue': 155.5}","{'id': 62, 'auditId': None, 'exchangeIndexId': None, 'generatedTime': '2026-08-20T12:50:59.353', 'index': 'Float Index', 'close': 179.95, 'high': 180.0622, 'low': 179.107, 'previousClose': 179.9534, 'change': -0.63, 'perChange': -0.35, 'fiftyTwoWeekHigh': 204.21, 'fiftyTwoWeekLow': 170.58, 'currentValue': 179.31}","{'id': 57, 'auditId': None, 'exchangeIndexId': None, 'generatedTime': '2026-08-20T12:50:50.597', 'index': 'Sensitive Index', 'close': 461.01, 'high': 461.4449, 'low': 459.0695, 'previousClose': 461.0093, 'change': -0.96, 'perChange': -0.2, 'fiftyTwoWeekHigh': 507.0, 'fiftyTwoWeekLow': 435.29, 'currentValue': 460.04}","{'id': 58, 'auditId': None, 'exchangeIndexId': None, 'generatedTime': '2026-08-20T12:50:59.35', 'index': 'NEPSE Index', 'close': 2622.22, 'high': 2624.9669, 'low': 2608.3893, 'previousClose': 2622.2243, 'change': -10.76, 'perChange': -0.41, 'fiftyTwoWeekHigh': 2960.4, 'fiftyTwoWeekLow': 2487.18, 'currentValue': 2611.46}",,,7,"price_volume, live_market, summary, top_gainers, top_losers, nepse_index, supply_demand",5640
2026-08-20T12:52:40.490442+05:45,2026-08-20 12:52:40,supply_demand,supply_demand_summary,True,cloud_automated,Thursday - Trading Hours: 11:00 AM - 3:00 PM NPT,,,,,,,,,,,,,,,,,,,,,,,,,,,,"[{'totalQuantity': 826645, 'totalOrder': 8, 'securityId': 9174, 'symbol': 'PRSF', 'securityName': 'Prabhu Smart Fund'}, {'totalQuantity': 700185, 'totalOrder': 6, 'securityId': 8125, 'symbol': 'NSIF2', 'securityName': 'NMB Sulav Investment Fund - 2'}, {'totalQuantity': 478400, 'totalOrder': 5, 'securityId': 9182, 'symbol': 'SIGS3', 'securityName': 'Siddhartha Investment Growth Scheme 3'}, {'totalQuantity': 425935, 'totalOrder': 7, 'securityId': 8074, 'symbol': 'KDBY', 'securityName': 'Kumari Dhanabriddhi Yojana'}, {'totalQuantity': 318419, 'totalOrder': 6, 'securityId': 9302, 'symbol': 'RBBF40', 'securityName': 'RBB Focus 40'}, {'totalQuantity': 251900, 'totalOrder': 8, 'securityId': 9254, 'symbol': 'NMBHF2', 'securityName': 'NMB Hybrid Fund L- II'}, {'totalQuantity': 210020, 'totalOrder': 8, 'securityId': 517, 'symbol': 'NBL', 'securityName': 'Nepal Bank Limited'}, {'totalQuantity': 200056, 'totalOrder': 12, 'securityId': 610, 'symbol': 'RIDI', 'securityName': 'Ridi Power Company Limited'}, {'totalQuantity': 190400, 'totalOrder': 8, 'securityId': 9154, 'symbol': 'SFEF', 'securityName': 'Sunrise Focused Equity Fund'}, {'totalQuantity': 176331, 'totalOrder': 7, 'securityId': 2933, 'symbol': 'KEF', 'securityName': 'Kumari Equity Fund'}, {'totalQuantity': 147125, 'totalOrder': 22, 'securityId': 9311, 'symbol': 'SOHL', 'securityName': 'Solu Hydropower Limited'}, {'totalQuantity': 136076, 'totalOrder': 22, 'securityId': 8021, 'symbol': 'SAHAS', 'securityName': 'Sahas Urja Limited'}, {'totalQuantity': 136005, 'totalOrder': 11, 'securityId': 152, 'symbol': 'NHPC', 'securityName': 'National Hydro Power Company Limited'}, {'totalQuantity': 131753, 'totalOrder': 13, 'securityId': 2903, 'symbol': 'LEC', 'securityName': 'Liberty Energy Company Limited'}, {'totalQuantity': 129261, 'totalOrder': 8, 'securityId': 2767, 'symbol': 'HPPL', 'securityName': 'Himalayan Power Partner Ltd.'}, {'totalQuantity': 124617, 'totalOrder': 12, 'securityId': 2792, 'symbol': 'UPPER', 'securityName': 'Upper Tamakoshi Hydropower Ltd'}, {'totalQuantity': 100778, 'totalOrder': 18, 'securityId': 132, 'symbol': 'NIMB', 'securityName': 'Nepal Investment Mega Bank Limited'}, {'totalQuantity': 89364, 'totalOrder': 8, 'securityId': 2760, 'symbol': 'UMHL', 'securityName': 'United Modi Hydropower Ltd.'}, {'totalQuantity': 88039, 'totalOrder': 11, 'securityId': 142, 'symbol': 'KBL', 'securityName': 'Kumari Bank Limited'}, {'totalQuantity': 87556, 'totalOrder': 9, 'securityId': 9208, 'symbol': 'ULHC', 'securityName': 'Upper Lohore Khola Hydropower Company Limited'}, {'totalQuantity': 87244, 'totalOrder': 6, 'securityId': 2806, 'symbol': 'GHL', 'securityName': 'Ghalemdi Hydro Limited'}, {'totalQuantity': 85190, 'totalOrder': 7, 'securityId': 9259, 'symbol': 'RSY', 'securityName': 'Reliable Samriddhi Yojana'}, {'totalQuantity': 82800, 'totalOrder': 6, 'securityId': 2867, 'symbol': 'NMB50', 'securityName': 'NMB 50'}, {'totalQuantity': 81248, 'totalOrder': 9, 'securityId': 9245, 'symbol': 'MNMF1', 'securityName': 'Muktinath Mutual Fund 1'}, {'totalQuantity': 74038, 'totalOrder': 7, 'securityId': 2913, 'symbol': 'MEN', 'securityName': 'Mountain Energy Nepal Limited'}, {'totalQuantity': 71716, 'totalOrder': 12, 'securityId': 2880, 'symbol': 'HDHPC', 'securityName': 'Himal Dolakha Hydropower Company Limited'}, {'totalQuantity': 70783, 'totalOrder': 12, 'securityId': 591, 'symbol': 'SHPC', 'securityName': 'Sanima Mai Hydropower Ltd.'}, {'totalQuantity': 69717, 'totalOrder': 16, 'securityId': 697, 'symbol': 'API', 'securityName': 'Api Power Company Ltd.'}, {'totalQuantity': 69116, 'totalOrder': 9, 'securityId': 2788, 'symbol': 'AKJCL', 'securityName': 'Ankhu Khola Jalvidhyut Company Ltd'}, {'totalQuantity': 68235, 'totalOrder': 10, 'securityId': 4968, 'symbol': 'RMF1', 'securityName': 'RBB Mutual Fund 1'}, {'totalQuantity': 64779, 'totalOrder': 8, 'securityId': 2810, 'symbol': 'UPCL', 'securityName': 'UNIVERSAL POWER COMPANY LTD'}, {'totalQuantity': 64067, 'totalOrder': 11, 'securityId': 8111, 'symbol': 'HIDCLP', 'securityName': 'Hydorelectricity Investment and Development Company Limited Promoter'}, {'totalQuantity': 63967, 'totalOrder': 9, 'securityId': 9173, 'symbol': 'CITY', 'securityName': 'City Hotel Limited'}, {'totalQuantity': 62952, 'totalOrder': 9, 'securityId': 2907, 'symbol': 'SSHL', 'securityName': 'Shiva Shree Hydropower Ltd'}, {'totalQuantity': 60996, 'totalOrder': 9, 'securityId': 9156, 'symbol': 'TAMOR', 'securityName': 'Sanima Middle Tamor Hydropower Limited'}, {'totalQuantity': 60169, 'totalOrder': 7, 'securityId': 2759, 'symbol': 'SPDL', 'securityName': 'Synergy Power Development Ltd.'}, {'totalQuantity': 59904, 'totalOrder': 15, 'securityId': 2743, 'symbol': 'NGPL', 'securityName': 'Ngadi Group Power Ltd.'}, {'totalQuantity': 59774, 'totalOrder': 5, 'securityId': 469, 'symbol': 'NIMBPO', 'securityName': 'Nepal Investment Mega Bank Ltd. Promoter Share'}, {'totalQuantity': 58632, 'totalOrder': 12, 'securityId': 341, 'symbol': 'GBIME', 'securityName': 'Global IME Bank Limited'}, {'totalQuantity': 58375, 'totalOrder': 9, 'securityId': 188, 'symbol': 'LICN', 'securityName': 'Life Insurance Corporation (Nepal) Limited'}, {'totalQuantity': 57916, 'totalOrder': 18, 'securityId': 8133, 'symbol': 'PHCL', 'securityName': 'Peoples Hydropower Company Limited'}, {'totalQuantity': 56755, 'totalOrder': 10, 'securityId': 9267, 'symbol': 'BHCL', 'securityName': 'Bikash Hydropower Company Limited'}, {'totalQuantity': 55893, 'totalOrder': 13, 'securityId': 9146, 'symbol': 'SMHL', 'securityName': 'Super Madi Hydropower Limited'}, {'totalQuantity': 55598, 'totalOrder': 5, 'securityId': 357, 'symbol': 'PCBL', 'securityName': 'Prime Commercial Bank Ltd.'}, {'totalQuantity': 52263, 'totalOrder': 5, 'securityId': 8055, 'symbol': 'BHL', 'securityName': 'Balephi Hydropower Limited'}, {'totalQuantity': 51130, 'totalOrder': 8, 'securityId': 8023, 'symbol': 'MMF1', 'securityName': 'Mega Mutual Fund -1'}, {'totalQuantity': 49002, 'totalOrder': 5, 'securityId': 9306, 'symbol': 'RSML', 'securityName': 'Reliance Spinning Mills Limited'}, {'totalQuantity': 47129, 'totalOrder': 7, 'securityId': 2751, 'symbol': 'KKHC', 'securityName': 'Khanikhola Hydropower Co. Ltd.'}, {'totalQuantity': 46488, 'totalOrder': 8, 'securityId': 2757, 'symbol': 'AKPL', 'securityName': 'Arun Kabeli Power Ltd.'}, {'totalQuantity': 46138, 'totalOrder': 12, 'securityId': 360, 'symbol': 'AHPC', 'securityName': 'Arun Valley Hydropower Development Co. Ltd.'}, {'totalQuantity': 45411, 'totalOrder': 8, 'securityId': 274, 'symbol': 'EDBL', 'securityName': 'Excel Development Bank Ltd.'}, {'totalQuantity': 45391, 'totalOrder': 11, 'securityId': 171, 'symbol': 'SANIMA', 'securityName': 'Sanima Bank Limited'}, {'totalQuantity': 44959, 'totalOrder': 5, 'securityId': 140, 'symbol': 'MBL', 'securityName': 'Machhapuchhre Bank Limited'}, {'totalQuantity': 44756, 'totalOrder': 22, 'securityId': 9201, 'symbol': 'SNLI', 'securityName': 'Sun Nepal Life Insurance Company Limited'}, {'totalQuantity': 44655, 'totalOrder': 9, 'securityId': 8099, 'symbol': 'UHEWA', 'securityName': 'Upper Hewakhola Hydropower Company Limited'}, {'totalQuantity': 41962, 'totalOrder': 8, 'securityId': 2898, 'symbol': 'NRN', 'securityName': 'NRN Infrastructure and Development Limited'}, {'totalQuantity': 41457, 'totalOrder': 10, 'securityId': 2742, 'symbol': 'HIDCL', 'securityName': 'Hydorelectricity Investment and Development Company Ltd'}, {'totalQuantity': 41300, 'totalOrder': 7, 'securityId': 9257, 'symbol': 'MBLEF', 'securityName': 'MBL Equity Fund'}, {'totalQuantity': 39697, 'totalOrder': 6, 'securityId': 245, 'symbol': 'CFCL', 'securityName': 'Central Finance Co. Ltd.'}, {'totalQuantity': 39318, 'totalOrder': 37, 'securityId': 131, 'symbol': 'NABIL', 'securityName': 'Nabil Bank Limited'}, {'totalQuantity': 39204, 'totalOrder': 10, 'securityId': 9296, 'symbol': 'BUNGAL', 'securityName': 'Bungal Hydro Limited'}, {'totalQuantity': 37547, 'totalOrder': 12, 'securityId': 145, 'symbol': 'SBL', 'securityName': 'Siddhartha Bank Limited'}, {'totalQuantity': 37538, 'totalOrder': 12, 'securityId': 255, 'symbol': 'PRVU', 'securityName': 'Prabhu  Bank Limited'}, {'totalQuantity': 35496, 'totalOrder': 5, 'securityId': 348, 'symbol': 'CZBIL', 'securityName': 'Citizens Bank International Limited'}, {'totalQuantity': 35481, 'totalOrder': 8, 'securityId': 135, 'symbol': 'SBI', 'securityName': 'Nepal SBI Bank Limited'}, {'totalQuantity': 35100, 'totalOrder': 3, 'securityId': 8106, 'symbol': 'GIBF1', 'securityName': 'Global IME Balanced Fund-1'}, {'totalQuantity': 34996, 'totalOrder': 6, 'securityId': 2881, 'symbol': 'NRIC', 'securityName': 'Nepal Reinsurance Company Limited'}, {'totalQuantity': 34686, 'totalOrder': 8, 'securityId': 238, 'symbol': 'NMB', 'securityName': 'NMB Bank Limited'}, {'totalQuantity': 33661, 'totalOrder': 8, 'securityId': 141, 'symbol': 'LSL', 'securityName': 'Laxmi Sunrise Bank Limited'}, {'totalQuantity': 33202, 'totalOrder': 7, 'securityId': 516, 'symbol': 'MFIL', 'securityName': 'Manjushree Finance Ltd.'}, {'totalQuantity': 33066, 'totalOrder': 13, 'securityId': 2809, 'symbol': 'SHIVM', 'securityName': 'SHIVAM CEMENTS LTD'}, {'totalQuantity': 32812, 'totalOrder': 31, 'securityId': 134, 'symbol': 'HBL', 'securityName': 'Himalayan Bank Limited'}, {'totalQuantity': 32302, 'totalOrder': 9, 'securityId': 137, 'symbol': 'EBL', 'securityName': 'Everest Bank Limited'}, {'totalQuantity': 31832, 'totalOrder': 7, 'securityId': 2776, 'symbol': 'RADHI', 'securityName': 'Radhi Bidyut Company Ltd'}, {'totalQuantity': 31335, 'totalOrder': 8, 'securityId': 2934, 'symbol': 'SHEL', 'securityName': 'Singati Hydro Energy Limited'}, {'totalQuantity': 30953, 'totalOrder': 17, 'securityId': 417, 'symbol': 'GBBL', 'securityName': 'Garima Bikas Bank Limited'}, {'totalQuantity': 29109, 'totalOrder': 7, 'securityId': 397, 'symbol': 'ADBL', 'securityName': 'Agricultural Development Bank Limited'}, {'totalQuantity': 26850, 'totalOrder': 4, 'securityId': 2877, 'symbol': 'SFMF', 'securityName': 'Sunrise First Mutual Fund'}, {'totalQuantity': 26681, 'totalOrder': 19, 'securityId': 9199, 'symbol': 'RNLI', 'securityName': 'Reliable Nepal Life Insurance Limited'}, {'totalQuantity': 26641, 'totalOrder': 12, 'securityId': 139, 'symbol': 'NICA', 'securityName': 'NIC Asia Bank Ltd.'}, {'totalQuantity': 25008, 'totalOrder': 8, 'securityId': 9242, 'symbol': 'SARBTM', 'securityName': 'Sarbottam Cement Limited'}, {'totalQuantity': 24551, 'totalOrder': 6, 'securityId': 2908, 'symbol': 'SGIC', 'securityName': 'Sanima GIC Insurance Limited'}, {'totalQuantity': 24487, 'totalOrder': 8, 'securityId': 9329, 'symbol': 'SIPD', 'securityName': 'Shikhar power Development Limited'}, {'totalQuantity': 23700, 'totalOrder': 6, 'securityId': 9191, 'symbol': 'C30MF', 'securityName': 'Citizens Super 30 Mutual Fund'}, {'totalQuantity': 23225, 'totalOrder': 6, 'securityId': 9234, 'symbol': 'HRL', 'securityName': 'Himalayan Reinsurance Limited'}, {'totalQuantity': 23199, 'totalOrder': 17, 'securityId': 235, 'symbol': 'HDL', 'securityName': 'Himalayan Distillery Limited'}, {'totalQuantity': 23154, 'totalOrder': 8, 'securityId': 2789, 'symbol': 'JOSHI', 'securityName': 'Joshi Hydropower Development Company Ltd'}, {'totalQuantity': 22538, 'totalOrder': 6, 'securityId': 8070, 'symbol': 'DORDI', 'securityName': 'Dordi Khola Jal Bidyut Company Limited'}, {'totalQuantity': 22360, 'totalOrder': 8, 'securityId': 8024, 'symbol': 'NBF3', 'securityName': 'Nabil Balanced Fund-3'}, {'totalQuantity': 21212, 'totalOrder': 6, 'securityId': 263, 'symbol': 'GMFIL', 'securityName': 'Guheshowori Merchant Bank & Finance Co. Ltd.'}, {'totalQuantity': 21150, 'totalOrder': 6, 'securityId': 178, 'symbol': 'NLICL', 'securityName': 'National Life Insurance Co. Ltd.'}, {'totalQuantity': 21080, 'totalOrder': 7, 'securityId': 8100, 'symbol': 'SGHC', 'securityName': 'Swet-Ganga Hydropower & Construction Limited '}, {'totalQuantity': 21060, 'totalOrder': 8, 'securityId': 9303, 'symbol': 'SYPNL', 'securityName': 'SY Panel Nepal Limited'}, {'totalQuantity': 20787, 'totalOrder': 21, 'securityId': 2919, 'symbol': 'NIFRA', 'securityName': 'Nepal Infrastructure Bank Limited'}, {'totalQuantity': 20766, 'totalOrder': 22, 'securityId': 9345, 'symbol': 'SGHL', 'securityName': 'Sanigad Hydro Limited'}, {'totalQuantity': 20724, 'totalOrder': 13, 'securityId': 5982, 'symbol': 'SRLI', 'securityName': 'Sanima Reliance Life Insurance Limited'}, {'totalQuantity': 20310, 'totalOrder': 5, 'securityId': 4949, 'symbol': 'NIBSF2', 'securityName': 'NIBL Samriddhi Fund -2'}, {'totalQuantity': 19968, 'totalOrder': 12, 'securityId': 9342, 'symbol': 'YMHL', 'securityName': 'Yambaling Hydropower Limited'}, {'totalQuantity': 19358, 'totalOrder': 9, 'securityId': 9323, 'symbol': 'SKHL', 'securityName': 'Super Khudi Hydropower Limited'}, {'totalQuantity': 18401, 'totalOrder': 7, 'securityId': 9179, 'symbol': 'MEL', 'securityName': 'Modi Energy Limited'}, {'totalQuantity': 18287, 'totalOrder': 6, 'securityId': 587, 'symbol': 'RLFL', 'securityName': 'Reliance Finance Ltd.'}, {'totalQuantity': 18200, 'totalOrder': 2, 'securityId': 2770, 'symbol': 'SEF', 'securityName': 'Siddhartha Equity Fund'}, {'totalQuantity': 18019, 'totalOrder': 8, 'securityId': 9170, 'symbol': 'DOLTI', 'securityName': 'Dolti Power Company Limited'}, {'totalQuantity': 17938, 'totalOrder': 10, 'securityId': 9166, 'symbol': 'MAKAR', 'securityName': 'Makar Jitumaya Suri Hydropower Limited'}, {'totalQuantity': 17641, 'totalOrder': 7, 'securityId': 474, 'symbol': 'MNBBL', 'securityName': 'Muktinath Bikas Bank Ltd.'}, {'totalQuantity': 17348, 'totalOrder': 14, 'securityId': 401, 'symbol': 'MLBL', 'securityName': 'Mahalaxmi Bikas Bank Ltd.'}, {'totalQuantity': 17240, 'totalOrder': 6, 'securityId': 9149, 'symbol': 'MKHC', 'securityName': 'Maya Khola Hydropower Company Limited'}, {'totalQuantity': 16975, 'totalOrder': 10, 'securityId': 9308, 'symbol': 'HFIN', 'securityName': 'Hotel Forest Inn Limited'}, {'totalQuantity': 16949, 'totalOrder': 9, 'securityId': 182, 'symbol': 'SPIL', 'securityName': 'Siddhartha Premier Insurance Limited'}, {'totalQuantity': 16740, 'totalOrder': 9, 'securityId': 8076, 'symbol': 'HHL', 'securityName': 'Himalayan Hydropower Limited'}, {'totalQuantity': 16653, 'totalOrder': 6, 'securityId': 8066, 'symbol': 'RFPL', 'securityName': 'River Falls Power Limited'}, {'totalQuantity': 16617, 'totalOrder': 8, 'securityId': 9181, 'symbol': 'RAWA', 'securityName': 'Rawa Energy Development Limited'}, {'totalQuantity': 16417, 'totalOrder': 5, 'securityId': 8065, 'symbol': 'CYCL', 'securityName': 'CYC Nepal Laghubitta Bittiya Sanstha Limited'}, {'totalQuantity': 16140, 'totalOrder': 7, 'securityId': 358, 'symbol': 'LBBL', 'securityName': 'Lumbini Bikas Bank Ltd.'}, {'totalQuantity': 16046, 'totalOrder': 12, 'securityId': 473, 'symbol': 'SHINE', 'securityName': 'Shine Resunga Development Bank Ltd.'}, {'totalQuantity': 15951, 'totalOrder': 18, 'securityId': 307, 'symbol': 'NTC', 'securityName': 'Nepal Doorsanchar Company Limited'}, {'totalQuantity': 15764, 'totalOrder': 6, 'securityId': 8126, 'symbol': 'SIKLES', 'securityName': 'Sikles Hydropower Limited'}, {'totalQuantity': 15700, 'totalOrder': 5, 'securityId': 9221, 'symbol': 'H8020', 'securityName': 'Himalayan 80-20'}, {'totalQuantity': 15612, 'totalOrder': 6, 'securityId': 490, 'symbol': 'FMDBL', 'securityName': 'First Micro Finance Laghubitta Bittiya Sanstha Limited'}, {'totalQuantity': 15453, 'totalOrder': 12, 'securityId': 418, 'symbol': 'JBBL', 'securityName': 'Jyoti Bikas Bank Limited'}, {'totalQuantity': 15331, 'totalOrder': 17, 'securityId': 9343, 'symbol': 'TPKHL', 'securityName': 'Taksar Pikhuwa Khola Hydropower Limited'}, {'totalQuantity': 15280, 'totalOrder': 7, 'securityId': 8022, 'symbol': 'TPC', 'securityName': 'Terhathum Power Company Limited'}, {'totalQuantity': 15213, 'totalOrder': 19, 'securityId': 9346, 'symbol': 'KAHL', 'securityName': 'Kalanga Hydro Limited'}, {'totalQuantity': 15042, 'totalOrder': 8, 'securityId': 686, 'symbol': 'BARUN', 'securityName': 'Barun Hydropower Co. Ltd.'}, {'totalQuantity': 14978, 'totalOrder': 6, 'securityId': 2860, 'symbol': 'SAPDBL', 'securityName': 'Saptakoshi Development Bank Ltd'}, {'totalQuantity': 14944, 'totalOrder': 6, 'securityId': 204, 'symbol': 'GUFL', 'securityName': 'Gurkhas Finance Ltd.'}, {'totalQuantity': 14860, 'totalOrder': 8, 'securityId': 8104, 'symbol': 'USHEC', 'securityName': 'Upper Solu Hydro Electric Company Limited'}, {'totalQuantity': 14822, 'totalOrder': 11, 'securityId': 227, 'symbol': 'BFC', 'securityName': 'Best Finance Company Ltd.'}, {'totalQuantity': 14768, 'totalOrder': 5, 'securityId': 2824, 'symbol': 'HURJA', 'securityName': 'Himalaya Urja Bikas Company Limited'}, {'totalQuantity': 14624, 'totalOrder': 11, 'securityId': 133, 'symbol': 'SCB', 'securityName': 'Standard Chartered Bank Limited'}, {'totalQuantity': 14414, 'totalOrder': 10, 'securityId': 9305, 'symbol': 'SABBL', 'securityName': 'Salapa Bikas Bank Limited'}, {'totalQuantity': 14265, 'totalOrder': 4, 'securityId': 2863, 'symbol': 'NICBF', 'securityName': 'NIC Asia Balanced Fund'}, {'totalQuantity': 14249, 'totalOrder': 8, 'securityId': 9301, 'symbol': 'SAIL', 'securityName': 'Shreenagar Agritech Industries Limited'}, {'totalQuantity': 14152, 'totalOrder': 7, 'securityId': 176, 'symbol': 'NICL', 'securityName': 'Nepal Insurance Co. Ltd.'}, {'totalQuantity': 14088, 'totalOrder': 21, 'securityId': 9209, 'symbol': 'CLI', 'securityName': 'Citizen Life Insurance Company Limited'}, {'totalQuantity': 13644, 'totalOrder': 8, 'securityId': 393, 'symbol': 'HLI', 'securityName': 'Himalayan Life Insurance Limited'}, {'totalQuantity': 13585, 'totalOrder': 14, 'securityId': 459, 'symbol': 'KSBBL', 'securityName': 'Kamana Sewa Bikas Bank Limited'}, {'totalQuantity': 13390, 'totalOrder': 6, 'securityId': 9196, 'symbol': 'KBSH', 'securityName': 'Kutheli Bukhari Small Hydropower Limited'}, {'totalQuantity': 13036, 'totalOrder': 17, 'securityId': 9336, 'symbol': 'SOPL', 'securityName': 'Sopan Pharmaceuticals Limited'}, {'totalQuantity': 13021, 'totalOrder': 6, 'securityId': 574, 'symbol': 'SKBBL', 'securityName': 'Sana Kisan Bikas Laghubitta Bittiya Sanstha Limited'}, {'totalQuantity': 12827, 'totalOrder': 8, 'securityId': 9171, 'symbol': 'BEDC', 'securityName': 'Bhugol Energy Development Company Limited'}, {'totalQuantity': 12692, 'totalOrder': 8, 'securityId': 2924, 'symbol': 'GLH', 'securityName': 'GreenLife Hydropower Limited'}, {'totalQuantity': 12599, 'totalOrder': 6, 'securityId': 9203, 'symbol': 'MEHL', 'securityName': 'Manakamana Engineering Hydropower Limited'}, {'totalQuantity': 12539, 'totalOrder': 5, 'securityId': 2859, 'symbol': 'SIGS2', 'securityName': 'Siddhartha Investment Growth Scheme - 2'}, {'totalQuantity': 12489, 'totalOrder': 12, 'securityId': 187, 'symbol': 'NLIC', 'securityName': 'Nepal Life Insurance Co. Ltd.'}, {'totalQuantity': 12271, 'totalOrder': 7, 'securityId': 9258, 'symbol': 'PURE', 'securityName': 'Pure Energy Limited'}, {'totalQuantity': 12208, 'totalOrder': 5, 'securityId': 2744, 'symbol': 'GRDBL', 'securityName': 'Green Development Bank Ltd.'}, {'totalQuantity': 12195, 'totalOrder': 5, 'securityId': 472, 'symbol': 'SADBL', 'securityName': 'Shangrila Development Bank Ltd.'}, {'totalQuantity': 12170, 'totalOrder': 7, 'securityId': 186, 'symbol': 'IGI', 'securityName': 'IGI Prudential insurance Limited'}, {'totalQuantity': 12170, 'totalOrder': 4, 'securityId': 9241, 'symbol': 'KSY', 'securityName': 'Kumari Sabal Yojana'}, {'totalQuantity': 11940, 'totalOrder': 8, 'securityId': 9348, 'symbol': 'SEF2', 'securityName': 'Siddhartha Equity Fund 2'}, {'totalQuantity': 11615, 'totalOrder': 6, 'securityId': 194, 'symbol': 'NFS', 'securityName': 'Nepal Finance Ltd.'}, {'totalQuantity': 11496, 'totalOrder': 8, 'securityId': 2831, 'symbol': 'UNHPL', 'securityName': 'Union Hydropower Limited'}, {'totalQuantity': 11494, 'totalOrder': 9, 'securityId': 471, 'symbol': 'MPFL', 'securityName': 'Multipurpose Finance Company  Limited'}, {'totalQuantity': 11121, 'totalOrder': 8, 'securityId': 153, 'symbol': 'BPCL', 'securityName': 'Butwal Power Company Limited'}, {'totalQuantity': 11000, 'totalOrder': 6, 'securityId': 4947, 'symbol': 'PSF', 'securityName': 'Prabhu Select Fund'}, {'totalQuantity': 10923, 'totalOrder': 5, 'securityId': 561, 'symbol': 'SINDU', 'securityName': 'Sindhu Bikash Bank Ltd'}, {'totalQuantity': 10873, 'totalOrder': 7, 'securityId': 9322, 'symbol': 'BJHL', 'securityName': 'Bhujung Hydropower Limited'}, {'totalQuantity': 10849, 'totalOrder': 9, 'securityId': 147, 'symbol': 'SHL', 'securityName': 'Soaltee Hotel Limited'}, {'totalQuantity': 10823, 'totalOrder': 8, 'securityId': 2766, 'symbol': 'CHL', 'securityName': 'Chhyangdi Hydropower Ltd.'}, {'totalQuantity': 10810, 'totalOrder': 5, 'securityId': 9287, 'symbol': 'MABEL', 'securityName': 'Mabilung Energy Limited'}, {'totalQuantity': 10695, 'totalOrder': 7, 'securityId': 2813, 'symbol': 'PPCL', 'securityName': 'Panchthar Power Compant Limited'}, {'totalQuantity': 10600, 'totalOrder': 4, 'securityId': 9248, 'symbol': 'GSY', 'securityName': 'Garima Samriddhi Yojana'}, {'totalQuantity': 10543, 'totalOrder': 8, 'securityId': 450, 'symbol': 'CORBL', 'securityName': 'Corporate Development Bank Limited'}, {'totalQuantity': 10056, 'totalOrder': 7, 'securityId': 9159, 'symbol': 'SMJC', 'securityName': 'Sagarmatha Jalabidhyut Company Limited'}, {'totalQuantity': 9979, 'totalOrder': 5, 'securityId': 705, 'symbol': 'GILB', 'securityName': 'Global IME Laghubitta Bittiya Sanstha Ltd.'}, {'totalQuantity': 9893, 'totalOrder': 18, 'securityId': 9330, 'symbol': 'PCIL', 'securityName': 'Palpa Cement Industries Limited'}, {'totalQuantity': 9823, 'totalOrder': 6, 'securityId': 371, 'symbol': 'MDB', 'securityName': 'Miteri Development Bank Limited'}, {'totalQuantity': 9771, 'totalOrder': 7, 'securityId': 172, 'symbol': 'NABBC', 'securityName': 'Narayani Development Bank Limited'}, {'totalQuantity': 9670, 'totalOrder': 6, 'securityId': 9218, 'symbol': 'TVCL', 'securityName': 'Trishuli Jal Vidhyut Company Limited '}, {'totalQuantity': 9245, 'totalOrder': 16, 'securityId': 164, 'symbol': 'CBBL', 'securityName': 'Chhimek Laghubitta Bittiya Sanstha Limited'}, {'totalQuantity': 9226, 'totalOrder': 7, 'securityId': 8032, 'symbol': 'BNHC', 'securityName': 'Buddha Bhumi Nepal Hydropower Company Limited'}, {'totalQuantity': 9115, 'totalOrder': 14, 'securityId': 2841, 'symbol': 'RHPL', 'securityName': 'RASUWAGADHI HYDROPOWER COMPANY LIMITED'}, {'totalQuantity': 9037, 'totalOrder': 18, 'securityId': 9216, 'symbol': 'SONA', 'securityName': 'Sonapur Minerals And Oil Limited'}, {'totalQuantity': 8985, 'totalOrder': 5, 'securityId': 1741, 'symbol': 'MERO', 'securityName': 'Mero Microfinance Bittiya Sanstha Ltd.'}, {'totalQuantity': 8843, 'totalOrder': 5, 'securityId': 179, 'symbol': 'HEI', 'securityName': 'Himalayan Everest Insurance Limited'}, {'totalQuantity': 8809, 'totalOrder': 9, 'securityId': 9293, 'symbol': 'DHEL', 'securityName': 'Daramkhola Hydro Energy Limited'}, {'totalQuantity': 8785, 'totalOrder': 5, 'securityId': 8025, 'symbol': 'SPC', 'securityName': 'Samling Power Company Limited'}, {'totalQuantity': 8675, 'totalOrder': 8, 'securityId': 8031, 'symbol': 'MBJC', 'securityName': 'Madhya Bhotekoshi Jalavidyut Company Limited'}, {'totalQuantity': 8625, 'totalOrder': 6, 'securityId': 2914, 'symbol': 'UMRH', 'securityName': 'United IDI Mardi RB Hydropower Limited.'}, {'totalQuantity': 8520, 'totalOrder': 8, 'securityId': 9183, 'symbol': 'NRM', 'securityName': 'Nepal Republic Media Limited'}, {'totalQuantity': 8441, 'totalOrder': 7, 'securityId': 396, 'symbol': 'NMLBBL', 'securityName': 'Nerude Mirmire Laghubitta Bittiya Sanstha Limited'}, {'totalQuantity': 8418, 'totalOrder': 8, 'securityId': 180, 'symbol': 'UAIL', 'securityName': 'United Ajod Insurance Limited'}, {'totalQuantity': 8288, 'totalOrder': 8, 'securityId': 9213, 'symbol': 'HATHY', 'securityName': 'Hathway Investment Nepal Limited'}, {'totalQuantity': 8247, 'totalOrder': 6, 'securityId': 9252, 'symbol': 'CREST', 'securityName': 'Crest Micro Life Insurance Limited'}, {'totalQuantity': 8221, 'totalOrder': 8, 'securityId': 2811, 'symbol': 'MHNL', 'securityName': 'Mountain Hydro Nepal Limited'}, {'totalQuantity': 8169, 'totalOrder': 5, 'securityId': 232, 'symbol': 'GFCL', 'securityName': 'Goodwill Finance Limited'}, {'totalQuantity': 8134, 'totalOrder': 10, 'securityId': 9212, 'symbol': 'MANDU', 'securityName': 'Mandu Hydropower Limited'}, {'totalQuantity': 8130, 'totalOrder': 8, 'securityId': 9351, 'symbol': 'RSY2', 'securityName': 'Reliable Samriddhi Yojana -2'}, {'totalQuantity': 8102, 'totalOrder': 9, 'securityId': 154, 'symbol': 'CHCL', 'securityName': 'Chilime Hydropower Company Limited'}, {'totalQuantity': 8088, 'totalOrder': 7, 'securityId': 9344, 'symbol': 'SNORL', 'securityName': 'Snow Rivers Limited'}, {'totalQuantity': 8056, 'totalOrder': 11, 'securityId': 9225, 'symbol': 'VLUCL', 'securityName': 'Vision Lumbini Urja Company Limited '}, {'totalQuantity': 8050, 'totalOrder': 4, 'securityId': 9304, 'symbol': 'CSY', 'securityName': 'Citizens Santulit Yojana'}, {'totalQuantity': 8035, 'totalOrder': 6, 'securityId': 9148, 'symbol': 'SMH', 'securityName': 'Super Mai Hydropower Limited'}, {'totalQuantity': 7800, 'totalOrder': 5, 'securityId': 2923, 'symbol': 'SLCF', 'securityName': 'Sanima Large Cap Fund'}, {'totalQuantity': 7665, 'totalOrder': 7, 'securityId': 9135, 'symbol': 'BHPL', 'securityName': 'Barahi Hydropower Public Limited'}, {'totalQuantity': 7570, 'totalOrder': 7, 'securityId': 8131, 'symbol': 'EHPL', 'securityName': 'Eastern Hydropower Limited'}, {'totalQuantity': 7361, 'totalOrder': 8, 'securityId': 8045, 'symbol': 'GVL', 'securityName': 'Green Ventures Limited'}, {'totalQuantity': 7300, 'totalOrder': 5, 'securityId': 8108, 'symbol': 'RHGCL', 'securityName': 'Rapti Hydro And General Construction Limited'}, {'totalQuantity': 7193, 'totalOrder': 7, 'securityId': 2935, 'symbol': 'RURU', 'securityName': 'Ru Ru Jalbidhyut Pariyojana Limited'}, {'totalQuantity': 7038, 'totalOrder': 8, 'securityId': 559, 'symbol': 'NLG', 'securityName': 'NLG Insurance Company Ltd.'}, {'totalQuantity': 6984, 'totalOrder': 9, 'securityId': 244, 'symbol': 'SIFC', 'securityName': 'Shree Investment Finance Co. Ltd.'}, {'totalQuantity': 6786, 'totalOrder': 13, 'securityId': 385, 'symbol': 'ALICL', 'securityName': 'Asian Life Insurance Co. Limited'}, {'totalQuantity': 6633, 'totalOrder': 6, 'securityId': 166, 'symbol': 'DDBL', 'securityName': 'Deprosc Laghubitta Bittiya Sanstha Limited'}, {'totalQuantity': 6630, 'totalOrder': 6, 'securityId': 2786, 'symbol': 'PMHPL', 'securityName': 'Panchakanya Mai Hydropower Ltd'}, {'totalQuantity': 6515, 'totalOrder': 10, 'securityId': 9297, 'symbol': 'BANDIPUR', 'securityName': 'Bandipur Cablecar and Tourism Limited'}, {'totalQuantity': 6432, 'totalOrder': 15, 'securityId': 9184, 'symbol': 'ILI', 'securityName': 'IME Life Insurance Company Limited'}, {'totalQuantity': 6240, 'totalOrder': 7, 'securityId': 2754, 'symbol': 'DHPL', 'securityName': 'Dibyashwori Hydropower Ltd.'}, {'totalQuantity': 6214, 'totalOrder': 7, 'securityId': 8005, 'symbol': 'MKJC', 'securityName': 'Mailung Khola Jal Vidhyut Company Limited'}, {'totalQuantity': 6090, 'totalOrder': 8, 'securityId': 2842, 'symbol': 'SJCL', 'securityName': 'SANJEN JALAVIDHYUT COMPANY LIMITED'}, {'totalQuantity': 5963, 'totalOrder': 18, 'securityId': 9347, 'symbol': 'ECL', 'securityName': 'Everest Colour Limited'}, {'totalQuantity': 5858, 'totalOrder': 11, 'securityId': 9262, 'symbol': 'TTL', 'securityName': 'Trade Tower Limited'}, {'totalQuantity': 5650, 'totalOrder': 4, 'securityId': 9290, 'symbol': 'HLICF', 'securityName': 'HLI Large Cap Fund'}, {'totalQuantity': 5535, 'totalOrder': 6, 'securityId': 185, 'symbol': 'SALICO', 'securityName': 'Sagarmatha Lumbini Insurance Co. Limited'}, {'totalQuantity': 5460, 'totalOrder': 3, 'securityId': 2835, 'symbol': 'NBF2', 'securityName': 'NABIL BALANCED FUND-2'}, {'totalQuantity': 5438, 'totalOrder': 7, 'securityId': 8098, 'symbol': 'SBLD89', 'securityName': '10.75% SBL Debenture 2089'}, {'totalQuantity': 5411, 'totalOrder': 5, 'securityId': 2917, 'symbol': 'CGH', 'securityName': 'Chandragiri Hills Limited'}, {'totalQuantity': 5300, 'totalOrder': 3, 'securityId': 8073, 'symbol': 'NICFC', 'securityName': 'NIC Asia Flexi CAP Fund'}, {'totalQuantity': 5292, 'totalOrder': 12, 'securityId': 2768, 'symbol': 'MSLB', 'securityName': 'Mahuli Laghubitta Bittiya Sanstha Limited'}, {'totalQuantity': 5248, 'totalOrder': 15, 'securityId': 545, 'symbol': 'SLBBL', 'securityName': 'Swarojgar Laghubitta Bittiya Sanstha Ltd.'}, {'totalQuantity': 5179, 'totalOrder': 15, 'securityId': 9324, 'symbol': 'RLEL', 'securityName': 'Ridge Line Energy Limited'}, {'totalQuantity': 5124, 'totalOrder': 5, 'securityId': 8123, 'symbol': 'DLBS', 'securityName': 'Dhaulagiri Laghubitta Bittiya Sanstha Limited'}, {'totalQuantity': 5000, 'totalOrder': 1, 'securityId': 2902, 'symbol': 'LUK', 'securityName': 'Laxmi Unnati Kosh'}, {'totalQuantity': 4970, 'totalOrder': 6, 'securityId': 338, 'symbol': 'PROFL', 'securityName': 'Progressive Finance Limited'}, {'totalQuantity': 4918, 'totalOrder': 11, 'securityId': 9193, 'symbol': 'GCIL', 'securityName': 'Ghorahi Cement Industry Limited'}, {'totalQuantity': 4894, 'totalOrder': 10, 'securityId': 210, 'symbol': 'CIT', 'securityName': 'Citizen Investment Trust'}, {'totalQuantity': 4820, 'totalOrder': 8, 'securityId': 8041, 'symbol': 'NESDO', 'securityName': 'NESDO Sambridha Laghubitta Bittiya Sanstha Limited'}, {'totalQuantity': 4814, 'totalOrder': 7, 'securityId': 8075, 'symbol': 'BHDC', 'securityName': 'Bindhyabasini Hydropower Development Company Limited'}, {'totalQuantity': 4732, 'totalOrder': 8, 'securityId': 9217, 'symbol': 'MMKJL', 'securityName': 'Mathillo Mailun Khola Jalvidhyut Limited'}, {'totalQuantity': 4639, 'totalOrder': 22, 'securityId': 403, 'symbol': 'SJLIC', 'securityName': 'SuryaJyoti Life Insurance Company Limited'}, {'totalQuantity': 4592, 'totalOrder': 8, 'securityId': 2769, 'symbol': 'NHDL', 'securityName': 'Nepal Hydro Developers Ltd.'}, {'totalQuantity': 4574, 'totalOrder': 5, 'securityId': 3946, 'symbol': 'CHDC', 'securityName': 'CEDB Holdings Limited'}, {'totalQuantity': 4555, 'totalOrder': 11, 'securityId': 250, 'symbol': 'JFL', 'securityName': 'Janaki Finance Company Limited'}, {'totalQuantity': 4552, 'totalOrder': 6, 'securityId': 2915, 'symbol': 'PMLI', 'securityName': 'Prabhu Mahalaxmi Life Insurance Limited'}, {'totalQuantity': 4539, 'totalOrder': 6, 'securityId': 2746, 'symbol': 'NMFBS', 'securityName': 'National Laghubitta Bittiya Sanstha Limited'}, {'totalQuantity': 4446, 'totalOrder': 7, 'securityId': 268, 'symbol': 'SWBBL', 'securityName': 'Swabalamban Laghubitta Bittiya Sanstha Limited'}, {'totalQuantity': 4424, 'totalOrder': 8, 'securityId': 9294, 'symbol': 'SAGAR', 'securityName': 'Sagar Distillery Limited'}, {'totalQuantity': 4399, 'totalOrder': 9, 'securityId': 9175, 'symbol': 'MCHL', 'securityName': 'Menchhiyam Hydropower Limited'}, {'totalQuantity': 4340, 'totalOrder': 6, 'securityId': 9167, 'symbol': 'MKHL', 'securityName': 'Mai Khola Hydropower Limited'}, {'totalQuantity': 4331, 'totalOrder': 6, 'securityId': 9263, 'symbol': 'SANVI', 'securityName': 'Sanvi Energy Limited'}, {'totalQuantity': 4185, 'totalOrder': 6, 'securityId': 8122, 'symbol': 'PPL', 'securityName': ""People's Power Limited""}, {'totalQuantity': 4180, 'totalOrder': 10, 'securityId': 8026, 'symbol': 'NYADI', 'securityName': 'Nyadi Hydropower Limited'}, {'totalQuantity': 4092, 'totalOrder': 13, 'securityId': 4951, 'symbol': 'JBLB', 'securityName': 'Jeevan Bikas Laghubitta  Bittya Sanstha Ltd'}, {'totalQuantity': 3978, 'totalOrder': 9, 'securityId': 9194, 'symbol': 'TSHL', 'securityName': 'Three Star Hydropower Limited'}, {'totalQuantity': 3888, 'totalOrder': 11, 'securityId': 9176, 'symbol': 'IHL', 'securityName': 'Ingwa Hydropower Limited'}, {'totalQuantity': 3883, 'totalOrder': 7, 'securityId': 9334, 'symbol': 'KHPL', 'securityName': 'Kalinchock Hydropower Limited'}, {'totalQuantity': 3846, 'totalOrder': 6, 'securityId': 9158, 'symbol': 'MHCL', 'securityName': 'Molung Hydropower Company Limited'}, {'totalQuantity': 3843, 'totalOrder': 7, 'securityId': 2758, 'symbol': 'FOWAD', 'securityName': 'Forward Microfinance Laghubitta Bittiya Sanstha Limited'}, {'totalQuantity': 3702, 'totalOrder': 9, 'securityId': 2774, 'symbol': 'USLB', 'securityName': 'Unnati Sahakarya Laghubitta Bittiya Sanstha Limited'}, {'totalQuantity': 3677, 'totalOrder': 5, 'securityId': 9270, 'symbol': 'HIMSTAR', 'securityName': 'Him Star Urja Company Limited'}, {'totalQuantity': 3660, 'totalOrder': 6, 'securityId': 148, 'symbol': 'TRH', 'securityName': 'Taragaon Regency Hotel Limited'}, {'totalQuantity': 3650, 'totalOrder': 9, 'securityId': 687, 'symbol': 'VLBS', 'securityName': 'Vijaya laghubitta Bittiya Sanstha Ltd.'}, {'totalQuantity': 3342, 'totalOrder': 12, 'securityId': 693, 'symbol': 'HLBSL', 'securityName': 'Himalayan Laghubitta Bittiya Sanstha Limited'}, {'totalQuantity': 3321, 'totalOrder': 5, 'securityId': 183, 'symbol': 'NIL', 'securityName': 'Neco Insurance Limited'}, {'totalQuantity': 3153, 'totalOrder': 5, 'securityId': 583, 'symbol': 'GBLBS', 'securityName': 'Grameen Bikas Laghubitta Bittiya Sanstha Ltd.'}, {'totalQuantity': 3141, 'totalOrder': 9, 'securityId': 2807, 'symbol': 'ALBSL', 'securityName': 'Asha Laghubitta Bittiya Sanstha Ltd'}, {'totalQuantity': 3079, 'totalOrder': 6, 'securityId': 593, 'symbol': 'KMCDB', 'securityName': 'Kalika Laghubitta Bittiya Sanstha Ltd'}, {'totalQuantity': 3067, 'totalOrder': 6, 'securityId': 163, 'symbol': 'NUBL', 'securityName': 'Nirdhan Utthan Laghubitta Bittiya Sanstha Limited'}, {'totalQuantity': 3059, 'totalOrder': 11, 'securityId': 192, 'symbol': 'SICL', 'securityName': 'Shikhar Insurance Co. Ltd.'}, {'totalQuantity': 2735, 'totalOrder': 7, 'securityId': 601, 'symbol': 'MLBBL', 'securityName': 'Mithila LaghuBitta Bittiya Sanstha Limited'}, {'totalQuantity': 2688, 'totalOrder': 11, 'securityId': 9246, 'symbol': 'GMLI', 'securityName': 'Guardian Micro Life Insurance Limited '}, {'totalQuantity': 2658, 'totalOrder': 8, 'securityId': 8117, 'symbol': 'AVYAN', 'securityName': 'Aviyan Laghubitta Bittiya Sanstha Limited'}, {'totalQuantity': 2629, 'totalOrder': 7, 'securityId': 2832, 'symbol': 'ILBS', 'securityName': 'Infinity Laghubitta Bittiya Sanstha Limited'}, {'totalQuantity': 2600, 'totalOrder': 2, 'securityId': 9139, 'symbol': 'SAGF', 'securityName': 'Sanima Growth Fund'}, {'totalQuantity': 2596, 'totalOrder': 6, 'securityId': 9300, 'symbol': 'JHAPA', 'securityName': 'Jhapa Energy Limited'}, {'totalQuantity': 2594, 'totalOrder': 6, 'securityId': 2771, 'symbol': 'SMB', 'securityName': 'Support Microfinance Bittiya Sanstha Ltd.'}, {'totalQuantity': 2507, 'totalOrder': 5, 'securityId': 2787, 'symbol': 'KPCL', 'securityName': 'Kalika power Company Ltd'}, {'totalQuantity': 2421, 'totalOrder': 6, 'securityId': 706, 'symbol': 'SWMF', 'securityName': 'Suryodaya Womi Laghubitta Bittiya Sanstha Limited'}, {'totalQuantity': 2420, 'totalOrder': 4, 'securityId': 9198, 'symbol': 'LVF2', 'securityName': 'Laxmi Value Fund 2'}, {'totalQuantity': 2409, 'totalOrder': 5, 'securityId': 2804, 'symbol': 'SLBSL', 'securityName': 'Samudayik Laghubitta Bittiya Sanstha Limited'}, {'totalQuantity': 2380, 'totalOrder': 5, 'securityId': 149, 'symbol': 'OHL', 'securityName': 'Oriental Hotels Limited'}, {'totalQuantity': 2275, 'totalOrder': 10, 'securityId': 2887, 'symbol': 'NICLBSL', 'securityName': 'NIC ASIA Laghubitta Bittiya Sanstha Limited'}, {'totalQuantity': 2246, 'totalOrder': 11, 'securityId': 9192, 'symbol': 'USHL', 'securityName': 'Upper Syange Hydropower Limited'}, {'totalQuantity': 2156, 'totalOrder': 5, 'securityId': 2761, 'symbol': 'SMATA', 'securityName': 'Samata Gharelu Laghubitta Bittiya Sanstha Limited'}, {'totalQuantity': 2136, 'totalOrder': 6, 'securityId': 8121, 'symbol': 'SPHL', 'securityName': 'Sayapatri Hydropower Limited'}, {'totalQuantity': 2034, 'totalOrder': 6, 'securityId': 9151, 'symbol': 'KDL', 'securityName': 'Kalinchowk Darshan Limited'}, {'totalQuantity': 2002, 'totalOrder': 9, 'securityId': 9250, 'symbol': 'NMIC', 'securityName': 'Nepal Micro Insurance Company Limited'}, {'totalQuantity': 2000, 'totalOrder': 2, 'securityId': 2937, 'symbol': 'SBCF', 'securityName': 'Sunrise Bluechip Fund'}, {'totalQuantity': 1969, 'totalOrder': 5, 'securityId': 2886, 'symbol': 'ADBLD83', 'securityName': '10.35% Agricultural Bank Debenture 2083'}, {'totalQuantity': 1930, 'totalOrder': 10, 'securityId': 9256, 'symbol': 'OMPL', 'securityName': 'Om Megashree Pharmaceuticals Limited'}, {'totalQuantity': 1902, 'totalOrder': 8, 'securityId': 9147, 'symbol': 'SPL', 'securityName': 'Shuvam Power Limited'}, {'totalQuantity': 1899, 'totalOrder': 6, 'securityId': 8102, 'symbol': 'MHL', 'securityName': 'Mandakini Hydropower Limited'}, {'totalQuantity': 1890, 'totalOrder': 5, 'securityId': 2748, 'symbol': 'RSDC', 'securityName': 'RSDC Laghubitta Bittiya Sanstha Ltd.'}, {'totalQuantity': 1858, 'totalOrder': 7, 'securityId': 273, 'symbol': 'ICFC', 'securityName': 'ICFC Finance Limited'}, {'totalQuantity': 1745, 'totalOrder': 6, 'securityId': 184, 'symbol': 'PRIN', 'securityName': 'Prabhu Insurance Ltd.'}, {'totalQuantity': 1731, 'totalOrder': 7, 'securityId': 9214, 'symbol': 'BGWT', 'securityName': 'Bhagawati Hydropower Development Company Limited'}, {'totalQuantity': 1716, 'totalOrder': 7, 'securityId': 9312, 'symbol': 'NSY', 'securityName': 'Nepal Life Samriddhi Lagani Yojana'}, {'totalQuantity': 1703, 'totalOrder': 6, 'securityId': 9232, 'symbol': 'CKHL', 'securityName': 'Chirkhwa Hydropower Limited '}, {'totalQuantity': 1595, 'totalOrder': 8, 'securityId': 704, 'symbol': 'NMBMF', 'securityName': 'NMB  Microfinance Bittiya Sanstha Ltd.'}, {'totalQuantity': 1548, 'totalOrder': 5, 'securityId': 2815, 'symbol': 'GMFBS', 'securityName': 'Ganapati Laghubitta Bittiya Sanstha Limited'}, {'totalQuantity': 1474, 'totalOrder': 5, 'securityId': 8063, 'symbol': 'ULBSL', 'securityName': 'Upakar Laghubitta Bittiya Sanstha Limited'}, {'totalQuantity': 1444, 'totalOrder': 6, 'securityId': 156, 'symbol': 'BBC', 'securityName': 'Bishal Bazar Company Limited'}, {'totalQuantity': 1443, 'totalOrder': 9, 'securityId': 9325, 'symbol': 'SKHEL', 'securityName': 'Suryakunda Hydro Electric Limited'}, {'totalQuantity': 1430, 'totalOrder': 9, 'securityId': 8034, 'symbol': 'ENL', 'securityName': 'Emerging Nepal Limited'}, {'totalQuantity': 1420, 'totalOrder': 7, 'securityId': 9233, 'symbol': 'NWCL', 'securityName': 'Nepal Warehousing Company Limited '}, {'totalQuantity': 1333, 'totalOrder': 6, 'securityId': 155, 'symbol': 'STC', 'securityName': 'Salt Trading Corporation'}, {'totalQuantity': 1295, 'totalOrder': 6, 'securityId': 2790, 'symbol': 'ACLBSL', 'securityName': 'Aarambha Chautari Laghubitta Bittiya Sanstha Limited'}, {'totalQuantity': 1250, 'totalOrder': 4, 'securityId': 9299, 'symbol': 'NABILD2089', 'securityName': '7% Nabil Debenture 2089'}, {'totalQuantity': 1100, 'totalOrder': 8, 'securityId': 9349, 'symbol': 'SAEF2', 'securityName': 'Sanima Equity Fund-2'}, {'totalQuantity': 1087, 'totalOrder': 11, 'securityId': 9230, 'symbol': 'MKCL', 'securityName': 'Muktinath Krishi Company Limited'}, {'totalQuantity': 1047, 'totalOrder': 5, 'securityId': 2896, 'symbol': 'SMPDA', 'securityName': 'Sampada Laghubitta Bittiya Sanstha Limited'}, {'totalQuantity': 1015, 'totalOrder': 5, 'securityId': 2925, 'symbol': 'MLBSL', 'securityName': 'Mahila Lagubitta Bittiya Sanstha Limited '}, {'totalQuantity': 973, 'totalOrder': 6, 'securityId': 9150, 'symbol': 'AHL', 'securityName': 'Asian Hydropower Limited'}, {'totalQuantity': 960, 'totalOrder': 5, 'securityId': 2829, 'symbol': 'SMFBS', 'securityName': 'Swabhimaan Laghubitta Bittiya Sanstha Limited'}, {'totalQuantity': 923, 'totalOrder': 2, 'securityId': 2864, 'symbol': 'SBLD83', 'securityName': '10.25% SBL Debenture 2083'}, {'totalQuantity': 850, 'totalOrder': 6, 'securityId': 213, 'symbol': 'BNT', 'securityName': 'Bottlers Nepal (Terai) Limited'}, {'totalQuantity': 839, 'totalOrder': 11, 'securityId': 9337, 'symbol': 'APHL', 'securityName': 'Appolo Hydropower Limited'}, {'totalQuantity': 819, 'totalOrder': 6, 'securityId': 9266, 'symbol': 'NICAD2091', 'securityName': '7% NIC ASIA Debenture 2091'}, {'totalQuantity': 810, 'totalOrder': 3, 'securityId': 2868, 'symbol': 'NICD83/84', 'securityName': '10.25% NIC Asia Debenture 2083/84'}, {'totalQuantity': 807, 'totalOrder': 7, 'securityId': 2826, 'symbol': 'GLBSL', 'securityName': 'Gurans Laghubitta Bittiya Sanstha Limited'}, {'totalQuantity': 745, 'totalOrder': 5, 'securityId': 9295, 'symbol': 'SWASTIK', 'securityName': 'Swastik Laghubitta Bittiya Sanstha Limited'}, {'totalQuantity': 735, 'totalOrder': 8, 'securityId': 9140, 'symbol': 'UNLB', 'securityName': 'Unique Nepal Laghubitta Bittiya Sanstha Limited'}, {'totalQuantity': 709, 'totalOrder': 6, 'securityId': 8043, 'symbol': 'CBLD88', 'securityName': 'Civil Bank Debenture 2088'}, {'totalQuantity': 700, 'totalOrder': 7, 'securityId': 9350, 'symbol': 'LSH12', 'securityName': 'LS Horizon 12'}, {'totalQuantity': 670, 'totalOrder': 6, 'securityId': 8018, 'symbol': 'MLBS', 'securityName': 'Manushi Laghubitta Bittiya Sanstha Limited'}, {'totalQuantity': 661, 'totalOrder': 6, 'securityId': 8132, 'symbol': 'SHLB', 'securityName': 'Shrijanshil Laghubitta Bittiya Sanstha Limited'}, {'totalQuantity': 659, 'totalOrder': 5, 'securityId': 2873, 'symbol': 'HBLD83', 'securityName': '10% Himalayan Bank Debenture 2083'}, {'totalQuantity': 637, 'totalOrder': 9, 'securityId': 9161, 'symbol': 'ANLB', 'securityName': 'Aatmanirbhar Laghubitta Bittiya Sanstha Limited'}, {'totalQuantity': 617, 'totalOrder': 5, 'securityId': 8119, 'symbol': 'EBLD85', 'securityName': '10.50% Everest Bank Limited Debenture 2085'}, {'totalQuantity': 613, 'totalOrder': 7, 'securityId': 695, 'symbol': 'JSLBB', 'securityName': 'Janautthan Samudayic Laghubitta Bittya Sanstha Limited'}, {'totalQuantity': 586, 'totalOrder': 5, 'securityId': 9271, 'symbol': 'SBLD2091', 'securityName': '7.25% SBL Debenture 2091'}, {'totalQuantity': 572, 'totalOrder': 8, 'securityId': 618, 'symbol': 'LLBS', 'securityName': 'Laxmi Laghubitta Bittiya Sanstha Ltd.'}, {'totalQuantity': 550, 'totalOrder': 4, 'securityId': 4967, 'symbol': 'NICSF', 'securityName': 'NIC Asia Select Fund 30'}, {'totalQuantity': 500, 'totalOrder': 5, 'securityId': 9138, 'symbol': 'NIBLGF', 'securityName': 'NIBL Growth Fund'}, {'totalQuantity': 500, 'totalOrder': 5, 'securityId': 9231, 'symbol': 'CIZBD90', 'securityName': '10% Citizens Bank Debenture 2090'}, {'totalQuantity': 483, 'totalOrder': 8, 'securityId': 9215, 'symbol': 'MSHL', 'securityName': 'Mid Solu Hydropower Limited'}, {'totalQuantity': 480, 'totalOrder': 5, 'securityId': 2784, 'symbol': 'NADEP', 'securityName': 'Nadep Laghubittiya bittya Sanstha Ltd.'}, {'totalQuantity': 468, 'totalOrder': 6, 'securityId': 694, 'symbol': 'MATRI', 'securityName': 'Matribhumi Lagubitta Bittiya Sanstha Limited'}, {'totalQuantity': 460, 'totalOrder': 7, 'securityId': 9286, 'symbol': 'SHINED', 'securityName': 'Shine Resunga Debenture'}, {'totalQuantity': 350, 'totalOrder': 3, 'securityId': 9244, 'symbol': 'NIBLSTF', 'securityName': 'NIBL Stable Fund'}, {'totalQuantity': 346, 'totalOrder': 6, 'securityId': 2889, 'symbol': 'CIZBD86', 'securityName': '10.25% Citizens Bank Debenture 2086'}, {'totalQuantity': 335, 'totalOrder': 3, 'securityId': 2931, 'symbol': 'NIBD84', 'securityName': '8.5% Nepal Investment Bank Debenture 2084'}, {'totalQuantity': 270, 'totalOrder': 3, 'securityId': 700, 'symbol': 'HEIP', 'securityName': 'Himalayan Everest Insurance Limited Promoter'}, {'totalQuantity': 256, 'totalOrder': 12, 'securityId': 2781, 'symbol': 'WNLB', 'securityName': 'Wean Nepal Laghubitta Bittiya Sanstha Limited'}, {'totalQuantity': 250, 'totalOrder': 5, 'securityId': 2883, 'symbol': 'GWFD83', 'securityName': '12 % Goodwill Finance Limited Debenture 2083'}, {'totalQuantity': 250, 'totalOrder': 3, 'securityId': 8003, 'symbol': 'RBBD83', 'securityName': '8.5% RBBL Debenture 2083'}, {'totalQuantity': 230, 'totalOrder': 1, 'securityId': 8033, 'symbol': 'GBBD85', 'securityName': 'Garima Debenture, 2085'}, {'totalQuantity': 229, 'totalOrder': 5, 'securityId': 2892, 'symbol': 'NBLD82', 'securityName': '10% Nabil Debenture 2082'}, {'totalQuantity': 220, 'totalOrder': 6, 'securityId': 9327, 'symbol': 'ICFCD89', 'securityName': '8% ICFC Finance Limited Debenture 2089'}, {'totalQuantity': 200, 'totalOrder': 2, 'securityId': 9269, 'symbol': 'GBIMESY2', 'securityName': 'Global IME Sammunat Yojana -2'}, {'totalQuantity': 200, 'totalOrder': 2, 'securityId': 9236, 'symbol': 'NICGF2', 'securityName': 'NIC ASIA Growth Fund-2'}, {'totalQuantity': 165, 'totalOrder': 5, 'securityId': 177, 'symbol': 'RBCL', 'securityName': 'Rastriya Beema Company Limited'}, {'totalQuantity': 157, 'totalOrder': 4, 'securityId': 9255, 'symbol': 'EBLD91', 'securityName': 'Everest Bank Limited Debenture 2091'}, {'totalQuantity': 145, 'totalOrder': 5, 'securityId': 2828, 'symbol': 'SAND2085', 'securityName': '10% Sanima Bank Limited Debenture'}, {'totalQuantity': 141, 'totalOrder': 3, 'securityId': 2878, 'symbol': 'SRBLD83', 'securityName': '10.25% Sunrise Bank Debenture 2083'}, {'totalQuantity': 141, 'totalOrder': 5, 'securityId': 9264, 'symbol': 'RBBD2088', 'securityName': '7% RBBL Debenture 2088'}, {'totalQuantity': 100, 'totalOrder': 1, 'securityId': 9178, 'symbol': 'RMF2', 'securityName': 'RBB Mutual Fund 2'}, {'totalQuantity': 90, 'totalOrder': 5, 'securityId': 9168, 'symbol': 'GBILD84/85', 'securityName': 'Global IME Bank Debenture, 2084/85'}, {'totalQuantity': 90, 'totalOrder': 4, 'securityId': 9152, 'symbol': 'EBLEB89', 'securityName': 'Everest Bank Limited Energy Bond, 2089'}, {'totalQuantity': 85, 'totalOrder': 3, 'securityId': 8097, 'symbol': 'PBD88', 'securityName': '10% Prime Debenture 2088'}, {'totalQuantity': 70, 'totalOrder': 3, 'securityId': 7986, 'symbol': 'NICD88', 'securityName': 'NIC ASIA Rinpatra 2088'}, {'totalQuantity': 66, 'totalOrder': 2, 'securityId': 9220, 'symbol': 'KBLD90', 'securityName': '10% KBL Debenture 2090'}, {'totalQuantity': 65, 'totalOrder': 3, 'securityId': 2912, 'symbol': 'SBLD84', 'securityName': '8.5% SBL Debenture 2084'}, {'totalQuantity': 60, 'totalOrder': 2, 'securityId': 2904, 'symbol': 'PBLD84', 'securityName': '10% Prabhu Bank Debenture 2084 '}, {'totalQuantity': 53, 'totalOrder': 3, 'securityId': 9211, 'symbol': 'SBID89', 'securityName': '9% Nepal SBI Bank Rinpatra 2089'}, {'totalQuantity': 50, 'totalOrder': 1, 'securityId': 9261, 'symbol': 'NIFRAGED', 'securityName': 'Nifra Green Energy Debenture 6% - 2088/89'}, {'totalQuantity': 50, 'totalOrder': 3, 'securityId': 634, 'symbol': 'RBCLPO', 'securityName': 'Rastriya Beema Company Limited Promoter Share'}, {'totalQuantity': 44, 'totalOrder': 2, 'securityId': 8027, 'symbol': 'NBLD85', 'securityName': 'Nabil Debenture 2085'}, {'totalQuantity': 40, 'totalOrder': 2, 'securityId': 8116, 'symbol': 'PBD84', 'securityName': '10.15% Prime Debenture 2084'}, {'totalQuantity': 33, 'totalOrder': 2, 'securityId': 8068, 'symbol': 'CCBD88', 'securityName': 'Century Debenture 2088'}, {'totalQuantity': 30, 'totalOrder': 1, 'securityId': 4969, 'symbol': 'MND84/85', 'securityName': 'Muktinath Debenture 2084/85'}, {'totalQuantity': 30, 'totalOrder': 1, 'securityId': 9289, 'symbol': 'SBID2090', 'securityName': '7% Nepal SBI Bank Debenture 2090'}, {'totalQuantity': 25, 'totalOrder': 1, 'securityId': 8110, 'symbol': 'SBID83', 'securityName': '10.25% Nepal SBI Bank Debenture 2083'}, {'totalQuantity': 20, 'totalOrder': 1, 'securityId': 2936, 'symbol': 'NCCD86', 'securityName': '9.5% NCC Debenture 2086'}, {'totalQuantity': 20, 'totalOrder': 2, 'securityId': 195, 'symbol': 'BNL', 'securityName': 'Bottlers Nepal (Balaju) Limited'}, {'totalQuantity': 15, 'totalOrder': 1, 'securityId': 2866, 'symbol': 'MBLD2085', 'securityName': '10.25% Machhapuchhre Bank Debenture 2085'}, {'totalQuantity': 15, 'totalOrder': 1, 'securityId': 4962, 'symbol': 'PBLD87', 'securityName': '8.5% Prabhu Bank Debenture 2087'}, {'totalQuantity': 15, 'totalOrder': 1, 'securityId': 4963, 'symbol': 'NMBD87/88', 'securityName': 'NMB Debenture 8.50% - 2087/88'}, {'totalQuantity': 14, 'totalOrder': 1, 'securityId': 4961, 'symbol': 'BOKD86', 'securityName': '8.5% BOK Debenture 2086'}, {'totalQuantity': 10, 'totalOrder': 1, 'securityId': 8109, 'symbol': 'SBD89', 'securityName': '10.25% Sanima Debenture 2089'}, {'totalQuantity': 10, 'totalOrder': 1, 'securityId': 9195, 'symbol': 'MLBLD89', 'securityName': '11% Mahalaxmi Debenture 2089'}, {'totalQuantity': 10, 'totalOrder': 1, 'securityId': 219, 'symbol': 'UNL', 'securityName': 'Unilever Nepal Limited'}]","[{'totalQuantity': 761000, 'totalOrder': 9, 'securityId': 9269, 'symbol': 'GBIMESY2', 'securityName': 'Global IME Sammunat Yojana -2'}, {'totalQuantity': 656830, 'totalOrder': 8, 'securityId': 9245, 'symbol': 'MNMF1', 'securityName': 'Muktinath Mutual Fund 1'}, {'totalQuantity': 585900, 'totalOrder': 9, 'securityId': 2770, 'symbol': 'SEF', 'securityName': 'Siddhartha Equity Fund'}, {'totalQuantity': 481503, 'totalOrder': 7, 'securityId': 9311, 'symbol': 'SOHL', 'securityName': 'Solu Hydropower Limited'}, {'totalQuantity': 450500, 'totalOrder': 8, 'securityId': 8125, 'symbol': 'NSIF2', 'securityName': 'NMB Sulav Investment Fund - 2'}, {'totalQuantity': 418692, 'totalOrder': 7, 'securityId': 8106, 'symbol': 'GIBF1', 'securityName': 'Global IME Balanced Fund-1'}, {'totalQuantity': 403450, 'totalOrder': 8, 'securityId': 9302, 'symbol': 'RBBF40', 'securityName': 'RBB Focus 40'}, {'totalQuantity': 387494, 'totalOrder': 10, 'securityId': 2867, 'symbol': 'NMB50', 'securityName': 'NMB 50'}, {'totalQuantity': 352133, 'totalOrder': 23, 'securityId': 142, 'symbol': 'KBL', 'securityName': 'Kumari Bank Limited'}, {'totalQuantity': 280144, 'totalOrder': 7, 'securityId': 145, 'symbol': 'SBL', 'securityName': 'Siddhartha Bank Limited'}, {'totalQuantity': 231404, 'totalOrder': 9, 'securityId': 2903, 'symbol': 'LEC', 'securityName': 'Liberty Energy Company Limited'}, {'totalQuantity': 231247, 'totalOrder': 9, 'securityId': 2743, 'symbol': 'NGPL', 'securityName': 'Ngadi Group Power Ltd.'}, {'totalQuantity': 230040, 'totalOrder': 7, 'securityId': 9244, 'symbol': 'NIBLSTF', 'securityName': 'NIBL Stable Fund'}, {'totalQuantity': 207700, 'totalOrder': 6, 'securityId': 9259, 'symbol': 'RSY', 'securityName': 'Reliable Samriddhi Yojana'}, {'totalQuantity': 205450, 'totalOrder': 5, 'securityId': 9343, 'symbol': 'TPKHL', 'securityName': 'Taksar Pikhuwa Khola Hydropower Limited'}, {'totalQuantity': 201655, 'totalOrder': 16, 'securityId': 2788, 'symbol': 'AKJCL', 'securityName': 'Ankhu Khola Jalvidhyut Company Ltd'}, {'totalQuantity': 198824, 'totalOrder': 15, 'securityId': 348, 'symbol': 'CZBIL', 'securityName': 'Citizens Bank International Limited'}, {'totalQuantity': 181936, 'totalOrder': 10, 'securityId': 8074, 'symbol': 'KDBY', 'securityName': 'Kumari Dhanabriddhi Yojana'}, {'totalQuantity': 180021, 'totalOrder': 7, 'securityId': 517, 'symbol': 'NBL', 'securityName': 'Nepal Bank Limited'}, {'totalQuantity': 175716, 'totalOrder': 9, 'securityId': 255, 'symbol': 'PRVU', 'securityName': 'Prabhu  Bank Limited'}, {'totalQuantity': 172300, 'totalOrder': 5, 'securityId': 8073, 'symbol': 'NICFC', 'securityName': 'NIC Asia Flexi CAP Fund'}, {'totalQuantity': 166738, 'totalOrder': 11, 'securityId': 610, 'symbol': 'RIDI', 'securityName': 'Ridi Power Company Limited'}, {'totalQuantity': 166400, 'totalOrder': 5, 'securityId': 4947, 'symbol': 'PSF', 'securityName': 'Prabhu Select Fund'}, {'totalQuantity': 165591, 'totalOrder': 9, 'securityId': 8021, 'symbol': 'SAHAS', 'securityName': 'Sahas Urja Limited'}, {'totalQuantity': 164295, 'totalOrder': 6, 'securityId': 135, 'symbol': 'SBI', 'securityName': 'Nepal SBI Bank Limited'}, {'totalQuantity': 162600, 'totalOrder': 6, 'securityId': 9236, 'symbol': 'NICGF2', 'securityName': 'NIC ASIA Growth Fund-2'}, {'totalQuantity': 162551, 'totalOrder': 48, 'securityId': 132, 'symbol': 'NIMB', 'securityName': 'Nepal Investment Mega Bank Limited'}, {'totalQuantity': 159150, 'totalOrder': 7, 'securityId': 2760, 'symbol': 'UMHL', 'securityName': 'United Modi Hydropower Ltd.'}, {'totalQuantity': 158497, 'totalOrder': 5, 'securityId': 9330, 'symbol': 'PCIL', 'securityName': 'Palpa Cement Industries Limited'}, {'totalQuantity': 155937, 'totalOrder': 6, 'securityId': 8099, 'symbol': 'UHEWA', 'securityName': 'Upper Hewakhola Hydropower Company Limited'}, {'totalQuantity': 153332, 'totalOrder': 9, 'securityId': 140, 'symbol': 'MBL', 'securityName': 'Machhapuchhre Bank Limited'}, {'totalQuantity': 149621, 'totalOrder': 12, 'securityId': 9182, 'symbol': 'SIGS3', 'securityName': 'Siddhartha Investment Growth Scheme 3'}, {'totalQuantity': 146420, 'totalOrder': 6, 'securityId': 2751, 'symbol': 'KKHC', 'securityName': 'Khanikhola Hydropower Co. Ltd.'}, {'totalQuantity': 145868, 'totalOrder': 12, 'securityId': 360, 'symbol': 'AHPC', 'securityName': 'Arun Valley Hydropower Development Co. Ltd.'}, {'totalQuantity': 139959, 'totalOrder': 9, 'securityId': 2767, 'symbol': 'HPPL', 'securityName': 'Himalayan Power Partner Ltd.'}, {'totalQuantity': 139900, 'totalOrder': 6, 'securityId': 9174, 'symbol': 'PRSF', 'securityName': 'Prabhu Smart Fund'}, {'totalQuantity': 137038, 'totalOrder': 20, 'securityId': 2913, 'symbol': 'MEN', 'securityName': 'Mountain Energy Nepal Limited'}, {'totalQuantity': 135950, 'totalOrder': 7, 'securityId': 9248, 'symbol': 'GSY', 'securityName': 'Garima Samriddhi Yojana'}, {'totalQuantity': 133420, 'totalOrder': 13, 'securityId': 9146, 'symbol': 'SMHL', 'securityName': 'Super Madi Hydropower Limited'}, {'totalQuantity': 131704, 'totalOrder': 10, 'securityId': 2934, 'symbol': 'SHEL', 'securityName': 'Singati Hydro Energy Limited'}, {'totalQuantity': 129587, 'totalOrder': 11, 'securityId': 341, 'symbol': 'GBIME', 'securityName': 'Global IME Bank Limited'}, {'totalQuantity': 128290, 'totalOrder': 5, 'securityId': 9254, 'symbol': 'NMBHF2', 'securityName': 'NMB Hybrid Fund L- II'}, {'totalQuantity': 125872, 'totalOrder': 17, 'securityId': 2880, 'symbol': 'HDHPC', 'securityName': 'Himal Dolakha Hydropower Company Limited'}, {'totalQuantity': 125200, 'totalOrder': 5, 'securityId': 9351, 'symbol': 'RSY2', 'securityName': 'Reliable Samriddhi Yojana -2'}, {'totalQuantity': 115232, 'totalOrder': 7, 'securityId': 152, 'symbol': 'NHPC', 'securityName': 'National Hydro Power Company Limited'}, {'totalQuantity': 113588, 'totalOrder': 11, 'securityId': 171, 'symbol': 'SANIMA', 'securityName': 'Sanima Bank Limited'}, {'totalQuantity': 109977, 'totalOrder': 639, 'securityId': 9353, 'symbol': 'SAPIL', 'securityName': 'Sarvottam Paints Industries Limited'}, {'totalQuantity': 106795, 'totalOrder': 12, 'securityId': 141, 'symbol': 'LSL', 'securityName': 'Laxmi Sunrise Bank Limited'}, {'totalQuantity': 105789, 'totalOrder': 5, 'securityId': 8133, 'symbol': 'PHCL', 'securityName': 'Peoples Hydropower Company Limited'}, {'totalQuantity': 99781, 'totalOrder': 7, 'securityId': 2806, 'symbol': 'GHL', 'securityName': 'Ghalemdi Hydro Limited'}, {'totalQuantity': 98900, 'totalOrder': 8, 'securityId': 9257, 'symbol': 'MBLEF', 'securityName': 'MBL Equity Fund'}, {'totalQuantity': 98681, 'totalOrder': 12, 'securityId': 238, 'symbol': 'NMB', 'securityName': 'NMB Bank Limited'}, {'totalQuantity': 96419, 'totalOrder': 12, 'securityId': 2809, 'symbol': 'SHIVM', 'securityName': 'SHIVAM CEMENTS LTD'}, {'totalQuantity': 96400, 'totalOrder': 9, 'securityId': 4967, 'symbol': 'NICSF', 'securityName': 'NIC Asia Select Fund 30'}, {'totalQuantity': 92530, 'totalOrder': 5, 'securityId': 9306, 'symbol': 'RSML', 'securityName': 'Reliance Spinning Mills Limited'}, {'totalQuantity': 89009, 'totalOrder': 9, 'securityId': 697, 'symbol': 'API', 'securityName': 'Api Power Company Ltd.'}, {'totalQuantity': 85237, 'totalOrder': 44, 'securityId': 2792, 'symbol': 'UPPER', 'securityName': 'Upper Tamakoshi Hydropower Ltd'}, {'totalQuantity': 84500, 'totalOrder': 6, 'securityId': 2859, 'symbol': 'SIGS2', 'securityName': 'Siddhartha Investment Growth Scheme - 2'}, {'totalQuantity': 84433, 'totalOrder': 11, 'securityId': 8055, 'symbol': 'BHL', 'securityName': 'Balephi Hydropower Limited'}, {'totalQuantity': 84000, 'totalOrder': 3, 'securityId': 9154, 'symbol': 'SFEF', 'securityName': 'Sunrise Focused Equity Fund'}, {'totalQuantity': 83673, 'totalOrder': 8, 'securityId': 591, 'symbol': 'SHPC', 'securityName': 'Sanima Mai Hydropower Ltd.'}, {'totalQuantity': 79888, 'totalOrder': 9, 'securityId': 2907, 'symbol': 'SSHL', 'securityName': 'Shiva Shree Hydropower Ltd'}, {'totalQuantity': 77781, 'totalOrder': 13, 'securityId': 2919, 'symbol': 'NIFRA', 'securityName': 'Nepal Infrastructure Bank Limited'}, {'totalQuantity': 76526, 'totalOrder': 5, 'securityId': 2776, 'symbol': 'RADHI', 'securityName': 'Radhi Bidyut Company Ltd'}, {'totalQuantity': 74418, 'totalOrder': 19, 'securityId': 2757, 'symbol': 'AKPL', 'securityName': 'Arun Kabeli Power Ltd.'}, {'totalQuantity': 73708, 'totalOrder': 6, 'securityId': 245, 'symbol': 'CFCL', 'securityName': 'Central Finance Co. Ltd.'}, {'totalQuantity': 72705, 'totalOrder': 13, 'securityId': 2824, 'symbol': 'HURJA', 'securityName': 'Himalaya Urja Bikas Company Limited'}, {'totalQuantity': 69574, 'totalOrder': 5, 'securityId': 9267, 'symbol': 'BHCL', 'securityName': 'Bikash Hydropower Company Limited'}, {'totalQuantity': 69002, 'totalOrder': 10, 'securityId': 9203, 'symbol': 'MEHL', 'securityName': 'Manakamana Engineering Hydropower Limited'}, {'totalQuantity': 68405, 'totalOrder': 6, 'securityId': 9156, 'symbol': 'TAMOR', 'securityName': 'Sanima Middle Tamor Hydropower Limited'}, {'totalQuantity': 64225, 'totalOrder': 22, 'securityId': 8111, 'symbol': 'HIDCLP', 'securityName': 'Hydorelectricity Investment and Development Company Limited Promoter'}, {'totalQuantity': 63323, 'totalOrder': 8, 'securityId': 9166, 'symbol': 'MAKAR', 'securityName': 'Makar Jitumaya Suri Hydropower Limited'}, {'totalQuantity': 60728, 'totalOrder': 14, 'securityId': 357, 'symbol': 'PCBL', 'securityName': 'Prime Commercial Bank Ltd.'}, {'totalQuantity': 59495, 'totalOrder': 12, 'securityId': 8066, 'symbol': 'RFPL', 'securityName': 'River Falls Power Limited'}, {'totalQuantity': 59351, 'totalOrder': 8, 'securityId': 2860, 'symbol': 'SAPDBL', 'securityName': 'Saptakoshi Development Bank Ltd'}, {'totalQuantity': 58981, 'totalOrder': 7, 'securityId': 2924, 'symbol': 'GLH', 'securityName': 'GreenLife Hydropower Limited'}, {'totalQuantity': 58364, 'totalOrder': 11, 'securityId': 2898, 'symbol': 'NRN', 'securityName': 'NRN Infrastructure and Development Limited'}, {'totalQuantity': 57363, 'totalOrder': 38, 'securityId': 134, 'symbol': 'HBL', 'securityName': 'Himalayan Bank Limited'}, {'totalQuantity': 55017, 'totalOrder': 121, 'securityId': 198, 'symbol': 'NLO', 'securityName': 'Nepal Lube Oil Limited'}, {'totalQuantity': 54745, 'totalOrder': 5, 'securityId': 2742, 'symbol': 'HIDCL', 'securityName': 'Hydorelectricity Investment and Development Company Ltd'}, {'totalQuantity': 54173, 'totalOrder': 7, 'securityId': 358, 'symbol': 'LBBL', 'securityName': 'Lumbini Bikas Bank Ltd.'}, {'totalQuantity': 53958, 'totalOrder': 13, 'securityId': 139, 'symbol': 'NICA', 'securityName': 'NIC Asia Bank Ltd.'}, {'totalQuantity': 53194, 'totalOrder': 5, 'securityId': 9173, 'symbol': 'CITY', 'securityName': 'City Hotel Limited'}, {'totalQuantity': 51869, 'totalOrder': 5, 'securityId': 2810, 'symbol': 'UPCL', 'securityName': 'UNIVERSAL POWER COMPANY LTD'}, {'totalQuantity': 50287, 'totalOrder': 9, 'securityId': 9234, 'symbol': 'HRL', 'securityName': 'Himalayan Reinsurance Limited'}, {'totalQuantity': 49464, 'totalOrder': 31, 'securityId': 397, 'symbol': 'ADBL', 'securityName': 'Agricultural Development Bank Limited'}, {'totalQuantity': 49015, 'totalOrder': 15, 'securityId': 516, 'symbol': 'MFIL', 'securityName': 'Manjushree Finance Ltd.'}, {'totalQuantity': 47936, 'totalOrder': 9, 'securityId': 5982, 'symbol': 'SRLI', 'securityName': 'Sanima Reliance Life Insurance Limited'}, {'totalQuantity': 47698, 'totalOrder': 7, 'securityId': 9324, 'symbol': 'RLEL', 'securityName': 'Ridge Line Energy Limited'}, {'totalQuantity': 46062, 'totalOrder': 6, 'securityId': 2831, 'symbol': 'UNHPL', 'securityName': 'Union Hydropower Limited'}, {'totalQuantity': 45294, 'totalOrder': 5, 'securityId': 8024, 'symbol': 'NBF3', 'securityName': 'Nabil Balanced Fund-3'}, {'totalQuantity': 45220, 'totalOrder': 6, 'securityId': 9345, 'symbol': 'SGHL', 'securityName': 'Sanigad Hydro Limited'}, {'totalQuantity': 43890, 'totalOrder': 5, 'securityId': 9218, 'symbol': 'TVCL', 'securityName': 'Trishuli Jal Vidhyut Company Limited '}, {'totalQuantity': 43749, 'totalOrder': 10, 'securityId': 2766, 'symbol': 'CHL', 'securityName': 'Chhyangdi Hydropower Ltd.'}, {'totalQuantity': 42937, 'totalOrder': 6, 'securityId': 9303, 'symbol': 'SYPNL', 'securityName': 'SY Panel Nepal Limited'}, {'totalQuantity': 42041, 'totalOrder': 7, 'securityId': 2811, 'symbol': 'MHNL', 'securityName': 'Mountain Hydro Nepal Limited'}, {'totalQuantity': 41218, 'totalOrder': 12, 'securityId': 8122, 'symbol': 'PPL', 'securityName': ""People's Power Limited""}, {'totalQuantity': 40614, 'totalOrder': 6, 'securityId': 2744, 'symbol': 'GRDBL', 'securityName': 'Green Development Bank Ltd.'}, {'totalQuantity': 40366, 'totalOrder': 8, 'securityId': 417, 'symbol': 'GBBL', 'securityName': 'Garima Bikas Bank Limited'}, {'totalQuantity': 39416, 'totalOrder': 9, 'securityId': 2759, 'symbol': 'SPDL', 'securityName': 'Synergy Power Development Ltd.'}, {'totalQuantity': 39330, 'totalOrder': 5, 'securityId': 8104, 'symbol': 'USHEC', 'securityName': 'Upper Solu Hydro Electric Company Limited'}, {'totalQuantity': 39250, 'totalOrder': 6, 'securityId': 9312, 'symbol': 'NSY', 'securityName': 'Nepal Life Samriddhi Lagani Yojana'}, {'totalQuantity': 38399, 'totalOrder': 358, 'securityId': 9352, 'symbol': 'MEPDL', 'securityName': 'Mount Everest Power Development Limited'}, {'totalQuantity': 36915, 'totalOrder': 6, 'securityId': 401, 'symbol': 'MLBL', 'securityName': 'Mahalaxmi Bikas Bank Ltd.'}, {'totalQuantity': 36100, 'totalOrder': 5, 'securityId': 2933, 'symbol': 'KEF', 'securityName': 'Kumari Equity Fund'}, {'totalQuantity': 33705, 'totalOrder': 6, 'securityId': 9347, 'symbol': 'ECL', 'securityName': 'Everest Colour Limited'}, {'totalQuantity': 33500, 'totalOrder': 11, 'securityId': 8070, 'symbol': 'DORDI', 'securityName': 'Dordi Khola Jal Bidyut Company Limited'}, {'totalQuantity': 32990, 'totalOrder': 9, 'securityId': 8022, 'symbol': 'TPC', 'securityName': 'Terhathum Power Company Limited'}, {'totalQuantity': 31920, 'totalOrder': 9, 'securityId': 472, 'symbol': 'SADBL', 'securityName': 'Shangrila Development Bank Ltd.'}, {'totalQuantity': 31696, 'totalOrder': 6, 'securityId': 9349, 'symbol': 'SAEF2', 'securityName': 'Sanima Equity Fund-2'}, {'totalQuantity': 31680, 'totalOrder': 4, 'securityId': 9178, 'symbol': 'RMF2', 'securityName': 'RBB Mutual Fund 2'}, {'totalQuantity': 31648, 'totalOrder': 10, 'securityId': 166, 'symbol': 'DDBL', 'securityName': 'Deprosc Laghubitta Bittiya Sanstha Limited'}, {'totalQuantity': 31384, 'totalOrder': 9, 'securityId': 686, 'symbol': 'BARUN', 'securityName': 'Barun Hydropower Co. Ltd.'}, {'totalQuantity': 31137, 'totalOrder': 6, 'securityId': 2748, 'symbol': 'RSDC', 'securityName': 'RSDC Laghubitta Bittiya Sanstha Ltd.'}, {'totalQuantity': 31125, 'totalOrder': 10, 'securityId': 393, 'symbol': 'HLI', 'securityName': 'Himalayan Life Insurance Limited'}, {'totalQuantity': 29800, 'totalOrder': 6, 'securityId': 9191, 'symbol': 'C30MF', 'securityName': 'Citizens Super 30 Mutual Fund'}, {'totalQuantity': 29622, 'totalOrder': 5, 'securityId': 474, 'symbol': 'MNBBL', 'securityName': 'Muktinath Bikas Bank Ltd.'}, {'totalQuantity': 29605, 'totalOrder': 5, 'securityId': 9149, 'symbol': 'MKHC', 'securityName': 'Maya Khola Hydropower Company Limited'}, {'totalQuantity': 29353, 'totalOrder': 5, 'securityId': 9305, 'symbol': 'SABBL', 'securityName': 'Salapa Bikas Bank Limited'}, {'totalQuantity': 28910, 'totalOrder': 6, 'securityId': 187, 'symbol': 'NLIC', 'securityName': 'Nepal Life Insurance Co. Ltd.'}, {'totalQuantity': 27779, 'totalOrder': 8, 'securityId': 9346, 'symbol': 'KAHL', 'securityName': 'Kalanga Hydro Limited'}, {'totalQuantity': 27675, 'totalOrder': 14, 'securityId': 561, 'symbol': 'SINDU', 'securityName': 'Sindhu Bikash Bank Ltd'}, {'totalQuantity': 27435, 'totalOrder': 6, 'securityId': 9221, 'symbol': 'H8020', 'securityName': 'Himalayan 80-20'}, {'totalQuantity': 26618, 'totalOrder': 7, 'securityId': 9199, 'symbol': 'RNLI', 'securityName': 'Reliable Nepal Life Insurance Limited'}, {'totalQuantity': 25900, 'totalOrder': 6, 'securityId': 2835, 'symbol': 'NBF2', 'securityName': 'NABIL BALANCED FUND-2'}, {'totalQuantity': 25801, 'totalOrder': 7, 'securityId': 274, 'symbol': 'EDBL', 'securityName': 'Excel Development Bank Ltd.'}, {'totalQuantity': 25601, 'totalOrder': 9, 'securityId': 9252, 'symbol': 'CREST', 'securityName': 'Crest Micro Life Insurance Limited'}, {'totalQuantity': 25478, 'totalOrder': 7, 'securityId': 9148, 'symbol': 'SMH', 'securityName': 'Super Mai Hydropower Limited'}, {'totalQuantity': 25370, 'totalOrder': 9, 'securityId': 459, 'symbol': 'KSBBL', 'securityName': 'Kamana Sewa Bikas Bank Limited'}, {'totalQuantity': 25129, 'totalOrder': 6, 'securityId': 396, 'symbol': 'NMLBBL', 'securityName': 'Nerude Mirmire Laghubitta Bittiya Sanstha Limited'}, {'totalQuantity': 24881, 'totalOrder': 6, 'securityId': 9322, 'symbol': 'BJHL', 'securityName': 'Bhujung Hydropower Limited'}, {'totalQuantity': 24744, 'totalOrder': 7, 'securityId': 154, 'symbol': 'CHCL', 'securityName': 'Chilime Hydropower Company Limited'}, {'totalQuantity': 24627, 'totalOrder': 6, 'securityId': 9342, 'symbol': 'YMHL', 'securityName': 'Yambaling Hydropower Limited'}, {'totalQuantity': 24520, 'totalOrder': 9, 'securityId': 147, 'symbol': 'SHL', 'securityName': 'Soaltee Hotel Limited'}, {'totalQuantity': 24153, 'totalOrder': 12, 'securityId': 8045, 'symbol': 'GVL', 'securityName': 'Green Ventures Limited'}, {'totalQuantity': 24106, 'totalOrder': 6, 'securityId': 385, 'symbol': 'ALICL', 'securityName': 'Asian Life Insurance Co. Limited'}, {'totalQuantity': 23968, 'totalOrder': 7, 'securityId': 2915, 'symbol': 'PMLI', 'securityName': 'Prabhu Mahalaxmi Life Insurance Limited'}, {'totalQuantity': 23361, 'totalOrder': 6, 'securityId': 263, 'symbol': 'GMFIL', 'securityName': 'Guheshowori Merchant Bank & Finance Co. Ltd.'}, {'totalQuantity': 23311, 'totalOrder': 10, 'securityId': 2789, 'symbol': 'JOSHI', 'securityName': 'Joshi Hydropower Development Company Ltd'}, {'totalQuantity': 23203, 'totalOrder': 6, 'securityId': 9336, 'symbol': 'SOPL', 'securityName': 'Sopan Pharmaceuticals Limited'}, {'totalQuantity': 23101, 'totalOrder': 6, 'securityId': 153, 'symbol': 'BPCL', 'securityName': 'Butwal Power Company Limited'}, {'totalQuantity': 22899, 'totalOrder': 18, 'securityId': 9170, 'symbol': 'DOLTI', 'securityName': 'Dolti Power Company Limited'}, {'totalQuantity': 22297, 'totalOrder': 9, 'securityId': 403, 'symbol': 'SJLIC', 'securityName': 'SuryaJyoti Life Insurance Company Limited'}, {'totalQuantity': 22120, 'totalOrder': 7, 'securityId': 2807, 'symbol': 'ALBSL', 'securityName': 'Asha Laghubitta Bittiya Sanstha Ltd'}, {'totalQuantity': 21547, 'totalOrder': 7, 'securityId': 9216, 'symbol': 'SONA', 'securityName': 'Sonapur Minerals And Oil Limited'}, {'totalQuantity': 21038, 'totalOrder': 5, 'securityId': 3946, 'symbol': 'CHDC', 'securityName': 'CEDB Holdings Limited'}, {'totalQuantity': 20413, 'totalOrder': 11, 'securityId': 418, 'symbol': 'JBBL', 'securityName': 'Jyoti Bikas Bank Limited'}, {'totalQuantity': 20128, 'totalOrder': 7, 'securityId': 9179, 'symbol': 'MEL', 'securityName': 'Modi Energy Limited'}, {'totalQuantity': 20032, 'totalOrder': 7, 'securityId': 2841, 'symbol': 'RHPL', 'securityName': 'RASUWAGADHI HYDROPOWER COMPANY LIMITED'}, {'totalQuantity': 19981, 'totalOrder': 9, 'securityId': 2881, 'symbol': 'NRIC', 'securityName': 'Nepal Reinsurance Company Limited'}, {'totalQuantity': 19469, 'totalOrder': 14, 'securityId': 8031, 'symbol': 'MBJC', 'securityName': 'Madhya Bhotekoshi Jalavidyut Company Limited'}, {'totalQuantity': 19207, 'totalOrder': 8, 'securityId': 2917, 'symbol': 'CGH', 'securityName': 'Chandragiri Hills Limited'}, {'totalQuantity': 18890, 'totalOrder': 14, 'securityId': 8075, 'symbol': 'BHDC', 'securityName': 'Bindhyabasini Hydropower Development Company Limited'}, {'totalQuantity': 18697, 'totalOrder': 7, 'securityId': 450, 'symbol': 'CORBL', 'securityName': 'Corporate Development Bank Limited'}, {'totalQuantity': 18616, 'totalOrder': 9, 'securityId': 9201, 'symbol': 'SNLI', 'securityName': 'Sun Nepal Life Insurance Company Limited'}, {'totalQuantity': 18603, 'totalOrder': 14, 'securityId': 8076, 'symbol': 'HHL', 'securityName': 'Himalayan Hydropower Limited'}, {'totalQuantity': 18311, 'totalOrder': 18, 'securityId': 8100, 'symbol': 'SGHC', 'securityName': 'Swet-Ganga Hydropower & Construction Limited '}, {'totalQuantity': 18162, 'totalOrder': 5, 'securityId': 131, 'symbol': 'NABIL', 'securityName': 'Nabil Bank Limited'}, {'totalQuantity': 18023, 'totalOrder': 6, 'securityId': 2908, 'symbol': 'SGIC', 'securityName': 'Sanima GIC Insurance Limited'}, {'totalQuantity': 17952, 'totalOrder': 8, 'securityId': 8032, 'symbol': 'BNHC', 'securityName': 'Buddha Bhumi Nepal Hydropower Company Limited'}, {'totalQuantity': 17740, 'totalOrder': 10, 'securityId': 204, 'symbol': 'GUFL', 'securityName': 'Gurkhas Finance Ltd.'}, {'totalQuantity': 16911, 'totalOrder': 5, 'securityId': 9350, 'symbol': 'LSH12', 'securityName': 'LS Horizon 12'}, {'totalQuantity': 16879, 'totalOrder': 6, 'securityId': 9348, 'symbol': 'SEF2', 'securityName': 'Siddhartha Equity Fund 2'}, {'totalQuantity': 16672, 'totalOrder': 7, 'securityId': 2887, 'symbol': 'NICLBSL', 'securityName': 'NIC ASIA Laghubitta Bittiya Sanstha Limited'}, {'totalQuantity': 16409, 'totalOrder': 7, 'securityId': 9296, 'symbol': 'BUNGAL', 'securityName': 'Bungal Hydro Limited'}, {'totalQuantity': 16022, 'totalOrder': 7, 'securityId': 9297, 'symbol': 'BANDIPUR', 'securityName': 'Bandipur Cablecar and Tourism Limited'}, {'totalQuantity': 15962, 'totalOrder': 17, 'securityId': 137, 'symbol': 'EBL', 'securityName': 'Everest Bank Limited'}, {'totalQuantity': 15856, 'totalOrder': 8, 'securityId': 8121, 'symbol': 'SPHL', 'securityName': 'Sayapatri Hydropower Limited'}, {'totalQuantity': 15642, 'totalOrder': 8, 'securityId': 9293, 'symbol': 'DHEL', 'securityName': 'Daramkhola Hydro Energy Limited'}, {'totalQuantity': 15036, 'totalOrder': 7, 'securityId': 9171, 'symbol': 'BEDC', 'securityName': 'Bhugol Energy Development Company Limited'}, {'totalQuantity': 14899, 'totalOrder': 11, 'securityId': 574, 'symbol': 'SKBBL', 'securityName': 'Sana Kisan Bikas Laghubitta Bittiya Sanstha Limited'}, {'totalQuantity': 14804, 'totalOrder': 8, 'securityId': 9294, 'symbol': 'SAGAR', 'securityName': 'Sagar Distillery Limited'}, {'totalQuantity': 14703, 'totalOrder': 20, 'securityId': 235, 'symbol': 'HDL', 'securityName': 'Himalayan Distillery Limited'}, {'totalQuantity': 14697, 'totalOrder': 6, 'securityId': 227, 'symbol': 'BFC', 'securityName': 'Best Finance Company Ltd.'}, {'totalQuantity': 14564, 'totalOrder': 6, 'securityId': 9135, 'symbol': 'BHPL', 'securityName': 'Barahi Hydropower Public Limited'}, {'totalQuantity': 14560, 'totalOrder': 9, 'securityId': 8025, 'symbol': 'SPC', 'securityName': 'Samling Power Company Limited'}, {'totalQuantity': 14404, 'totalOrder': 6, 'securityId': 8108, 'symbol': 'RHGCL', 'securityName': 'Rapti Hydro And General Construction Limited'}, {'totalQuantity': 14000, 'totalOrder': 2, 'securityId': 2902, 'symbol': 'LUK', 'securityName': 'Laxmi Unnati Kosh'}, {'totalQuantity': 13833, 'totalOrder': 7, 'securityId': 180, 'symbol': 'UAIL', 'securityName': 'United Ajod Insurance Limited'}, {'totalQuantity': 13800, 'totalOrder': 6, 'securityId': 9139, 'symbol': 'SAGF', 'securityName': 'Sanima Growth Fund'}, {'totalQuantity': 13737, 'totalOrder': 10, 'securityId': 8126, 'symbol': 'SIKLES', 'securityName': 'Sikles Hydropower Limited'}, {'totalQuantity': 13585, 'totalOrder': 6, 'securityId': 133, 'symbol': 'SCB', 'securityName': 'Standard Chartered Bank Limited'}, {'totalQuantity': 13358, 'totalOrder': 7, 'securityId': 9193, 'symbol': 'GCIL', 'securityName': 'Ghorahi Cement Industry Limited'}, {'totalQuantity': 13355, 'totalOrder': 12, 'securityId': 9263, 'symbol': 'SANVI', 'securityName': 'Sanvi Energy Limited'}, {'totalQuantity': 13083, 'totalOrder': 7, 'securityId': 9301, 'symbol': 'SAIL', 'securityName': 'Shreenagar Agritech Industries Limited'}, {'totalQuantity': 12940, 'totalOrder': 7, 'securityId': 9175, 'symbol': 'MCHL', 'securityName': 'Menchhiyam Hydropower Limited'}, {'totalQuantity': 12440, 'totalOrder': 13, 'securityId': 9184, 'symbol': 'ILI', 'securityName': 'IME Life Insurance Company Limited'}, {'totalQuantity': 12336, 'totalOrder': 15, 'securityId': 9308, 'symbol': 'HFIN', 'securityName': 'Hotel Forest Inn Limited'}, {'totalQuantity': 11999, 'totalOrder': 5, 'securityId': 9323, 'symbol': 'SKHL', 'securityName': 'Super Khudi Hydropower Limited'}, {'totalQuantity': 11582, 'totalOrder': 6, 'securityId': 9329, 'symbol': 'SIPD', 'securityName': 'Shikhar power Development Limited'}, {'totalQuantity': 11510, 'totalOrder': 8, 'securityId': 9159, 'symbol': 'SMJC', 'securityName': 'Sagarmatha Jalabidhyut Company Limited'}, {'totalQuantity': 11493, 'totalOrder': 5, 'securityId': 9147, 'symbol': 'SPL', 'securityName': 'Shuvam Power Limited'}, {'totalQuantity': 11398, 'totalOrder': 11, 'securityId': 490, 'symbol': 'FMDBL', 'securityName': 'First Micro Finance Laghubitta Bittiya Sanstha Limited'}, {'totalQuantity': 11266, 'totalOrder': 8, 'securityId': 184, 'symbol': 'PRIN', 'securityName': 'Prabhu Insurance Ltd.'}, {'totalQuantity': 11250, 'totalOrder': 6, 'securityId': 188, 'symbol': 'LICN', 'securityName': 'Life Insurance Corporation (Nepal) Limited'}, {'totalQuantity': 11198, 'totalOrder': 11, 'securityId': 9209, 'symbol': 'CLI', 'securityName': 'Citizen Life Insurance Company Limited'}, {'totalQuantity': 10999, 'totalOrder': 7, 'securityId': 9212, 'symbol': 'MANDU', 'securityName': 'Mandu Hydropower Limited'}, {'totalQuantity': 10748, 'totalOrder': 16, 'securityId': 183, 'symbol': 'NIL', 'securityName': 'Neco Insurance Limited'}, {'totalQuantity': 10526, 'totalOrder': 8, 'securityId': 473, 'symbol': 'SHINE', 'securityName': 'Shine Resunga Development Bank Ltd.'}, {'totalQuantity': 10378, 'totalOrder': 8, 'securityId': 244, 'symbol': 'SIFC', 'securityName': 'Shree Investment Finance Co. Ltd.'}, {'totalQuantity': 10369, 'totalOrder': 11, 'securityId': 2842, 'symbol': 'SJCL', 'securityName': 'SANJEN JALAVIDHYUT COMPANY LIMITED'}, {'totalQuantity': 10300, 'totalOrder': 7, 'securityId': 8005, 'symbol': 'MKJC', 'securityName': 'Mailung Khola Jal Vidhyut Company Limited'}, {'totalQuantity': 10264, 'totalOrder': 6, 'securityId': 371, 'symbol': 'MDB', 'securityName': 'Miteri Development Bank Limited'}, {'totalQuantity': 10226, 'totalOrder': 7, 'securityId': 583, 'symbol': 'GBLBS', 'securityName': 'Grameen Bikas Laghubitta Bittiya Sanstha Ltd.'}, {'totalQuantity': 10130, 'totalOrder': 5, 'securityId': 307, 'symbol': 'NTC', 'securityName': 'Nepal Doorsanchar Company Limited'}, {'totalQuantity': 10128, 'totalOrder': 12, 'securityId': 8026, 'symbol': 'NYADI', 'securityName': 'Nyadi Hydropower Limited'}, {'totalQuantity': 9920, 'totalOrder': 7, 'securityId': 9181, 'symbol': 'RAWA', 'securityName': 'Rawa Energy Development Limited'}, {'totalQuantity': 9919, 'totalOrder': 9, 'securityId': 8131, 'symbol': 'EHPL', 'securityName': 'Eastern Hydropower Limited'}, {'totalQuantity': 9908, 'totalOrder': 10, 'securityId': 2787, 'symbol': 'KPCL', 'securityName': 'Kalika power Company Ltd'}, {'totalQuantity': 9839, 'totalOrder': 5, 'securityId': 178, 'symbol': 'NLICL', 'securityName': 'National Life Insurance Co. Ltd.'}, {'totalQuantity': 9685, 'totalOrder': 6, 'securityId': 338, 'symbol': 'PROFL', 'securityName': 'Progressive Finance Limited'}, {'totalQuantity': 9660, 'totalOrder': 5, 'securityId': 706, 'symbol': 'SWMF', 'securityName': 'Suryodaya Womi Laghubitta Bittiya Sanstha Limited'}, {'totalQuantity': 9558, 'totalOrder': 10, 'securityId': 192, 'symbol': 'SICL', 'securityName': 'Shikhar Insurance Co. Ltd.'}, {'totalQuantity': 9296, 'totalOrder': 7, 'securityId': 8102, 'symbol': 'MHL', 'securityName': 'Mandakini Hydropower Limited'}, {'totalQuantity': 9028, 'totalOrder': 18, 'securityId': 164, 'symbol': 'CBBL', 'securityName': 'Chhimek Laghubitta Bittiya Sanstha Limited'}, {'totalQuantity': 8925, 'totalOrder': 10, 'securityId': 9208, 'symbol': 'ULHC', 'securityName': 'Upper Lohore Khola Hydropower Company Limited'}, {'totalQuantity': 8828, 'totalOrder': 8, 'securityId': 545, 'symbol': 'SLBBL', 'securityName': 'Swarojgar Laghubitta Bittiya Sanstha Ltd.'}, {'totalQuantity': 8781, 'totalOrder': 5, 'securityId': 687, 'symbol': 'VLBS', 'securityName': 'Vijaya laghubitta Bittiya Sanstha Ltd.'}, {'totalQuantity': 8695, 'totalOrder': 4, 'securityId': 4949, 'symbol': 'NIBSF2', 'securityName': 'NIBL Samriddhi Fund -2'}, {'totalQuantity': 8535, 'totalOrder': 7, 'securityId': 179, 'symbol': 'HEI', 'securityName': 'Himalayan Everest Insurance Limited'}, {'totalQuantity': 8531, 'totalOrder': 9, 'securityId': 176, 'symbol': 'NICL', 'securityName': 'Nepal Insurance Co. Ltd.'}, {'totalQuantity': 8176, 'totalOrder': 6, 'securityId': 2746, 'symbol': 'NMFBS', 'securityName': 'National Laghubitta Bittiya Sanstha Limited'}, {'totalQuantity': 8025, 'totalOrder': 5, 'securityId': 9325, 'symbol': 'SKHEL', 'securityName': 'Suryakunda Hydro Electric Limited'}, {'totalQuantity': 7645, 'totalOrder': 6, 'securityId': 9250, 'symbol': 'NMIC', 'securityName': 'Nepal Micro Insurance Company Limited'}, {'totalQuantity': 7558, 'totalOrder': 5, 'securityId': 2832, 'symbol': 'ILBS', 'securityName': 'Infinity Laghubitta Bittiya Sanstha Limited'}, {'totalQuantity': 7518, 'totalOrder': 6, 'securityId': 9196, 'symbol': 'KBSH', 'securityName': 'Kutheli Bukhari Small Hydropower Limited'}, {'totalQuantity': 7500, 'totalOrder': 3, 'securityId': 9241, 'symbol': 'KSY', 'securityName': 'Kumari Sabal Yojana'}, {'totalQuantity': 7500, 'totalOrder': 4, 'securityId': 700, 'symbol': 'HEIP', 'securityName': 'Himalayan Everest Insurance Limited Promoter'}, {'totalQuantity': 7500, 'totalOrder': 3, 'securityId': 2923, 'symbol': 'SLCF', 'securityName': 'Sanima Large Cap Fund'}, {'totalQuantity': 7487, 'totalOrder': 7, 'securityId': 9262, 'symbol': 'TTL', 'securityName': 'Trade Tower Limited'}, {'totalQuantity': 7385, 'totalOrder': 9, 'securityId': 2813, 'symbol': 'PPCL', 'securityName': 'Panchthar Power Compant Limited'}, {'totalQuantity': 7215, 'totalOrder': 9, 'securityId': 9334, 'symbol': 'KHPL', 'securityName': 'Kalinchock Hydropower Limited'}, {'totalQuantity': 7170, 'totalOrder': 9, 'securityId': 618, 'symbol': 'LLBS', 'securityName': 'Laxmi Laghubitta Bittiya Sanstha Ltd.'}, {'totalQuantity': 7169, 'totalOrder': 15, 'securityId': 194, 'symbol': 'NFS', 'securityName': 'Nepal Finance Ltd.'}, {'totalQuantity': 7125, 'totalOrder': 5, 'securityId': 186, 'symbol': 'IGI', 'securityName': 'IGI Prudential insurance Limited'}, {'totalQuantity': 7000, 'totalOrder': 2, 'securityId': 9138, 'symbol': 'NIBLGF', 'securityName': 'NIBL Growth Fund'}, {'totalQuantity': 6971, 'totalOrder': 12, 'securityId': 268, 'symbol': 'SWBBL', 'securityName': 'Swabalamban Laghubitta Bittiya Sanstha Limited'}, {'totalQuantity': 6895, 'totalOrder': 7, 'securityId': 2935, 'symbol': 'RURU', 'securityName': 'Ru Ru Jalbidhyut Pariyojana Limited'}, {'totalQuantity': 6547, 'totalOrder': 6, 'securityId': 232, 'symbol': 'GFCL', 'securityName': 'Goodwill Finance Limited'}, {'totalQuantity': 6513, 'totalOrder': 15, 'securityId': 559, 'symbol': 'NLG', 'securityName': 'NLG Insurance Company Ltd.'}, {'totalQuantity': 6500, 'totalOrder': 4, 'securityId': 9198, 'symbol': 'LVF2', 'securityName': 'Laxmi Value Fund 2'}, {'totalQuantity': 6493, 'totalOrder': 8, 'securityId': 8063, 'symbol': 'ULBSL', 'securityName': 'Upakar Laghubitta Bittiya Sanstha Limited'}, {'totalQuantity': 6444, 'totalOrder': 8, 'securityId': 4951, 'symbol': 'JBLB', 'securityName': 'Jeevan Bikas Laghubitta  Bittya Sanstha Ltd'}, {'totalQuantity': 6392, 'totalOrder': 11, 'securityId': 9161, 'symbol': 'ANLB', 'securityName': 'Aatmanirbhar Laghubitta Bittiya Sanstha Limited'}, {'totalQuantity': 6315, 'totalOrder': 6, 'securityId': 2786, 'symbol': 'PMHPL', 'securityName': 'Panchakanya Mai Hydropower Ltd'}, {'totalQuantity': 6313, 'totalOrder': 5, 'securityId': 2914, 'symbol': 'UMRH', 'securityName': 'United IDI Mardi RB Hydropower Limited.'}, {'totalQuantity': 6194, 'totalOrder': 6, 'securityId': 9344, 'symbol': 'SNORL', 'securityName': 'Snow Rivers Limited'}, {'totalQuantity': 6120, 'totalOrder': 6, 'securityId': 2769, 'symbol': 'NHDL', 'securityName': 'Nepal Hydro Developers Ltd.'}, {'totalQuantity': 6105, 'totalOrder': 6, 'securityId': 9176, 'symbol': 'IHL', 'securityName': 'Ingwa Hydropower Limited'}, {'totalQuantity': 6000, 'totalOrder': 5, 'securityId': 185, 'symbol': 'SALICO', 'securityName': 'Sagarmatha Lumbini Insurance Co. Limited'}, {'totalQuantity': 5867, 'totalOrder': 7, 'securityId': 9242, 'symbol': 'SARBTM', 'securityName': 'Sarbottam Cement Limited'}, {'totalQuantity': 5845, 'totalOrder': 5, 'securityId': 8065, 'symbol': 'CYCL', 'securityName': 'CYC Nepal Laghubitta Bittiya Sanstha Limited'}, {'totalQuantity': 5770, 'totalOrder': 8, 'securityId': 2754, 'symbol': 'DHPL', 'securityName': 'Dibyashwori Hydropower Ltd.'}, {'totalQuantity': 5725, 'totalOrder': 5, 'securityId': 705, 'symbol': 'GILB', 'securityName': 'Global IME Laghubitta Bittiya Sanstha Ltd.'}, {'totalQuantity': 5522, 'totalOrder': 6, 'securityId': 9270, 'symbol': 'HIMSTAR', 'securityName': 'Him Star Urja Company Limited'}, {'totalQuantity': 5500, 'totalOrder': 2, 'securityId': 9290, 'symbol': 'HLICF', 'securityName': 'HLI Large Cap Fund'}, {'totalQuantity': 5488, 'totalOrder': 5, 'securityId': 704, 'symbol': 'NMBMF', 'securityName': 'NMB  Microfinance Bittiya Sanstha Ltd.'}, {'totalQuantity': 5371, 'totalOrder': 10, 'securityId': 9183, 'symbol': 'NRM', 'securityName': 'Nepal Republic Media Limited'}, {'totalQuantity': 5224, 'totalOrder': 12, 'securityId': 9158, 'symbol': 'MHCL', 'securityName': 'Molung Hydropower Company Limited'}, {'totalQuantity': 5116, 'totalOrder': 35, 'securityId': 9213, 'symbol': 'HATHY', 'securityName': 'Hathway Investment Nepal Limited'}, {'totalQuantity': 5066, 'totalOrder': 7, 'securityId': 587, 'symbol': 'RLFL', 'securityName': 'Reliance Finance Ltd.'}, {'totalQuantity': 4908, 'totalOrder': 6, 'securityId': 9150, 'symbol': 'AHL', 'securityName': 'Asian Hydropower Limited'}, {'totalQuantity': 4851, 'totalOrder': 8, 'securityId': 172, 'symbol': 'NABBC', 'securityName': 'Narayani Development Bank Limited'}, {'totalQuantity': 4752, 'totalOrder': 14, 'securityId': 9225, 'symbol': 'VLUCL', 'securityName': 'Vision Lumbini Urja Company Limited '}, {'totalQuantity': 4715, 'totalOrder': 6, 'securityId': 693, 'symbol': 'HLBSL', 'securityName': 'Himalayan Laghubitta Bittiya Sanstha Limited'}, {'totalQuantity': 4702, 'totalOrder': 8, 'securityId': 273, 'symbol': 'ICFC', 'securityName': 'ICFC Finance Limited'}, {'totalQuantity': 4692, 'totalOrder': 6, 'securityId': 9233, 'symbol': 'NWCL', 'securityName': 'Nepal Warehousing Company Limited '}, {'totalQuantity': 4615, 'totalOrder': 10, 'securityId': 1741, 'symbol': 'MERO', 'securityName': 'Mero Microfinance Bittiya Sanstha Ltd.'}, {'totalQuantity': 4607, 'totalOrder': 5, 'securityId': 250, 'symbol': 'JFL', 'securityName': 'Janaki Finance Company Limited'}, {'totalQuantity': 4350, 'totalOrder': 6, 'securityId': 2868, 'symbol': 'NICD83/84', 'securityName': '10.25% NIC Asia Debenture 2083/84'}, {'totalQuantity': 4227, 'totalOrder': 5, 'securityId': 471, 'symbol': 'MPFL', 'securityName': 'Multipurpose Finance Company  Limited'}, {'totalQuantity': 4160, 'totalOrder': 6, 'securityId': 2896, 'symbol': 'SMPDA', 'securityName': 'Sampada Laghubitta Bittiya Sanstha Limited'}, {'totalQuantity': 4074, 'totalOrder': 10, 'securityId': 2761, 'symbol': 'SMATA', 'securityName': 'Samata Gharelu Laghubitta Bittiya Sanstha Limited'}, {'totalQuantity': 3960, 'totalOrder': 6, 'securityId': 9194, 'symbol': 'TSHL', 'securityName': 'Three Star Hydropower Limited'}, {'totalQuantity': 3900, 'totalOrder': 6, 'securityId': 8023, 'symbol': 'MMF1', 'securityName': 'Mega Mutual Fund -1'}, {'totalQuantity': 3758, 'totalOrder': 14, 'securityId': 2758, 'symbol': 'FOWAD', 'securityName': 'Forward Microfinance Laghubitta Bittiya Sanstha Limited'}, {'totalQuantity': 3725, 'totalOrder': 4, 'securityId': 2873, 'symbol': 'HBLD83', 'securityName': '10% Himalayan Bank Debenture 2083'}, {'totalQuantity': 3667, 'totalOrder': 5, 'securityId': 593, 'symbol': 'KMCDB', 'securityName': 'Kalika Laghubitta Bittiya Sanstha Ltd'}, {'totalQuantity': 3632, 'totalOrder': 27, 'securityId': 210, 'symbol': 'CIT', 'securityName': 'Citizen Investment Trust'}, {'totalQuantity': 3561, 'totalOrder': 8, 'securityId': 148, 'symbol': 'TRH', 'securityName': 'Taragaon Regency Hotel Limited'}, {'totalQuantity': 3547, 'totalOrder': 9, 'securityId': 163, 'symbol': 'NUBL', 'securityName': 'Nirdhan Utthan Laghubitta Bittiya Sanstha Limited'}, {'totalQuantity': 3496, 'totalOrder': 6, 'securityId': 9287, 'symbol': 'MABEL', 'securityName': 'Mabilung Energy Limited'}, {'totalQuantity': 3446, 'totalOrder': 5, 'securityId': 2784, 'symbol': 'NADEP', 'securityName': 'Nadep Laghubittiya bittya Sanstha Ltd.'}, {'totalQuantity': 3235, 'totalOrder': 6, 'securityId': 9337, 'symbol': 'APHL', 'securityName': 'Appolo Hydropower Limited'}, {'totalQuantity': 2990, 'totalOrder': 7, 'securityId': 9140, 'symbol': 'UNLB', 'securityName': 'Unique Nepal Laghubitta Bittiya Sanstha Limited'}, {'totalQuantity': 2889, 'totalOrder': 12, 'securityId': 694, 'symbol': 'MATRI', 'securityName': 'Matribhumi Lagubitta Bittiya Sanstha Limited'}, {'totalQuantity': 2881, 'totalOrder': 6, 'securityId': 182, 'symbol': 'SPIL', 'securityName': 'Siddhartha Premier Insurance Limited'}, {'totalQuantity': 2785, 'totalOrder': 5, 'securityId': 9300, 'symbol': 'JHAPA', 'securityName': 'Jhapa Energy Limited'}, {'totalQuantity': 2752, 'totalOrder': 10, 'securityId': 8117, 'symbol': 'AVYAN', 'securityName': 'Aviyan Laghubitta Bittiya Sanstha Limited'}, {'totalQuantity': 2659, 'totalOrder': 7, 'securityId': 2768, 'symbol': 'MSLB', 'securityName': 'Mahuli Laghubitta Bittiya Sanstha Limited'}, {'totalQuantity': 2586, 'totalOrder': 5, 'securityId': 9246, 'symbol': 'GMLI', 'securityName': 'Guardian Micro Life Insurance Limited '}, {'totalQuantity': 2425, 'totalOrder': 7, 'securityId': 9217, 'symbol': 'MMKJL', 'securityName': 'Mathillo Mailun Khola Jalvidhyut Limited'}, {'totalQuantity': 2312, 'totalOrder': 6, 'securityId': 9151, 'symbol': 'KDL', 'securityName': 'Kalinchowk Darshan Limited'}, {'totalQuantity': 2133, 'totalOrder': 7, 'securityId': 9256, 'symbol': 'OMPL', 'securityName': 'Om Megashree Pharmaceuticals Limited'}, {'totalQuantity': 2037, 'totalOrder': 6, 'securityId': 149, 'symbol': 'OHL', 'securityName': 'Oriental Hotels Limited'}, {'totalQuantity': 1973, 'totalOrder': 8, 'securityId': 2804, 'symbol': 'SLBSL', 'securityName': 'Samudayik Laghubitta Bittiya Sanstha Limited'}, {'totalQuantity': 1947, 'totalOrder': 5, 'securityId': 2771, 'symbol': 'SMB', 'securityName': 'Support Microfinance Bittiya Sanstha Ltd.'}, {'totalQuantity': 1702, 'totalOrder': 6, 'securityId': 155, 'symbol': 'STC', 'securityName': 'Salt Trading Corporation'}, {'totalQuantity': 1695, 'totalOrder': 13, 'securityId': 9192, 'symbol': 'USHL', 'securityName': 'Upper Syange Hydropower Limited'}, {'totalQuantity': 1500, 'totalOrder': 2, 'securityId': 9304, 'symbol': 'CSY', 'securityName': 'Citizens Santulit Yojana'}, {'totalQuantity': 1460, 'totalOrder': 5, 'securityId': 9167, 'symbol': 'MKHL', 'securityName': 'Mai Khola Hydropower Limited'}, {'totalQuantity': 1443, 'totalOrder': 8, 'securityId': 2790, 'symbol': 'ACLBSL', 'securityName': 'Aarambha Chautari Laghubitta Bittiya Sanstha Limited'}, {'totalQuantity': 1410, 'totalOrder': 5, 'securityId': 2829, 'symbol': 'SMFBS', 'securityName': 'Swabhimaan Laghubitta Bittiya Sanstha Limited'}, {'totalQuantity': 1400, 'totalOrder': 2, 'securityId': 2937, 'symbol': 'SBCF', 'securityName': 'Sunrise Bluechip Fund'}, {'totalQuantity': 1305, 'totalOrder': 6, 'securityId': 9258, 'symbol': 'PURE', 'securityName': 'Pure Energy Limited'}, {'totalQuantity': 1201, 'totalOrder': 7, 'securityId': 469, 'symbol': 'NIMBPO', 'securityName': 'Nepal Investment Mega Bank Ltd. Promoter Share'}, {'totalQuantity': 1095, 'totalOrder': 5, 'securityId': 2864, 'symbol': 'SBLD83', 'securityName': '10.25% SBL Debenture 2083'}, {'totalQuantity': 1083, 'totalOrder': 8, 'securityId': 2925, 'symbol': 'MLBSL', 'securityName': 'Mahila Lagubitta Bittiya Sanstha Limited '}, {'totalQuantity': 1066, 'totalOrder': 5, 'securityId': 9214, 'symbol': 'BGWT', 'securityName': 'Bhagawati Hydropower Development Company Limited'}, {'totalQuantity': 1063, 'totalOrder': 5, 'securityId': 9232, 'symbol': 'CKHL', 'securityName': 'Chirkhwa Hydropower Limited '}, {'totalQuantity': 1055, 'totalOrder': 15, 'securityId': 2882, 'symbol': 'ICFCD83', 'securityName': '12% ICFC Finance Limited Debenture 2083'}, {'totalQuantity': 1045, 'totalOrder': 7, 'securityId': 9215, 'symbol': 'MSHL', 'securityName': 'Mid Solu Hydropower Limited'}, {'totalQuantity': 1035, 'totalOrder': 7, 'securityId': 601, 'symbol': 'MLBBL', 'securityName': 'Mithila LaghuBitta Bittiya Sanstha Limited'}, {'totalQuantity': 971, 'totalOrder': 7, 'securityId': 8041, 'symbol': 'NESDO', 'securityName': 'NESDO Sambridha Laghubitta Bittiya Sanstha Limited'}, {'totalQuantity': 948, 'totalOrder': 7, 'securityId': 2774, 'symbol': 'USLB', 'securityName': 'Unnati Sahakarya Laghubitta Bittiya Sanstha Limited'}, {'totalQuantity': 862, 'totalOrder': 5, 'securityId': 8034, 'symbol': 'ENL', 'securityName': 'Emerging Nepal Limited'}, {'totalQuantity': 800, 'totalOrder': 6, 'securityId': 8018, 'symbol': 'MLBS', 'securityName': 'Manushi Laghubitta Bittiya Sanstha Limited'}, {'totalQuantity': 760, 'totalOrder': 5, 'securityId': 9295, 'symbol': 'SWASTIK', 'securityName': 'Swastik Laghubitta Bittiya Sanstha Limited'}, {'totalQuantity': 724, 'totalOrder': 6, 'securityId': 2781, 'symbol': 'WNLB', 'securityName': 'Wean Nepal Laghubitta Bittiya Sanstha Limited'}, {'totalQuantity': 691, 'totalOrder': 7, 'securityId': 2885, 'symbol': 'KBLD86', 'securityName': '10.25% KBL Debenture 2086'}, {'totalQuantity': 650, 'totalOrder': 5, 'securityId': 2879, 'symbol': 'LBLD86', 'securityName': '10% Laxmi Bank Debenture 2086'}, {'totalQuantity': 640, 'totalOrder': 5, 'securityId': 2815, 'symbol': 'GMFBS', 'securityName': 'Ganapati Laghubitta Bittiya Sanstha Limited'}, {'totalQuantity': 626, 'totalOrder': 4, 'securityId': 4962, 'symbol': 'PBLD87', 'securityName': '8.5% Prabhu Bank Debenture 2087'}, {'totalQuantity': 559, 'totalOrder': 7, 'securityId': 9230, 'symbol': 'MKCL', 'securityName': 'Muktinath Krishi Company Limited'}, {'totalQuantity': 541, 'totalOrder': 5, 'securityId': 4948, 'symbol': 'KSBBLD87', 'securityName': '9% Kamana Sewa Bikas Bank Limited Debenture 2087'}, {'totalQuantity': 540, 'totalOrder': 6, 'securityId': 177, 'symbol': 'RBCL', 'securityName': 'Rastriya Beema Company Limited'}, {'totalQuantity': 540, 'totalOrder': 3, 'securityId': 9264, 'symbol': 'RBBD2088', 'securityName': '7% RBBL Debenture 2088'}, {'totalQuantity': 502, 'totalOrder': 5, 'securityId': 2826, 'symbol': 'GLBSL', 'securityName': 'Gurans Laghubitta Bittiya Sanstha Limited'}, {'totalQuantity': 500, 'totalOrder': 1, 'securityId': 2877, 'symbol': 'SFMF', 'securityName': 'Sunrise First Mutual Fund'}, {'totalQuantity': 500, 'totalOrder': 1, 'securityId': 9266, 'symbol': 'NICAD2091', 'securityName': '7% NIC ASIA Debenture 2091'}, {'totalQuantity': 500, 'totalOrder': 5, 'securityId': 9271, 'symbol': 'SBLD2091', 'securityName': '7.25% SBL Debenture 2091'}, {'totalQuantity': 434, 'totalOrder': 8, 'securityId': 156, 'symbol': 'BBC', 'securityName': 'Bishal Bazar Company Limited'}, {'totalQuantity': 430, 'totalOrder': 3, 'securityId': 9289, 'symbol': 'SBID2090', 'securityName': '7% Nepal SBI Bank Debenture 2090'}, {'totalQuantity': 406, 'totalOrder': 5, 'securityId': 9286, 'symbol': 'SHINED', 'securityName': 'Shine Resunga Debenture'}, {'totalQuantity': 401, 'totalOrder': 5, 'securityId': 8110, 'symbol': 'SBID83', 'securityName': '10.25% Nepal SBI Bank Debenture 2083'}, {'totalQuantity': 396, 'totalOrder': 5, 'securityId': 9327, 'symbol': 'ICFCD89', 'securityName': '8% ICFC Finance Limited Debenture 2089'}, {'totalQuantity': 370, 'totalOrder': 5, 'securityId': 2932, 'symbol': 'MFLD85', 'securityName': '9.5% Manjushree Finance Limited Debenture 2085'}, {'totalQuantity': 340, 'totalOrder': 6, 'securityId': 695, 'symbol': 'JSLBB', 'securityName': 'Janautthan Samudayic Laghubitta Bittya Sanstha Limited'}, {'totalQuantity': 312, 'totalOrder': 5, 'securityId': 6985, 'symbol': 'SDBD87', 'securityName': 'Shangri-la Development Bank Debenture 2087'}, {'totalQuantity': 305, 'totalOrder': 5, 'securityId': 8097, 'symbol': 'PBD88', 'securityName': '10% Prime Debenture 2088'}, {'totalQuantity': 285, 'totalOrder': 5, 'securityId': 8123, 'symbol': 'DLBS', 'securityName': 'Dhaulagiri Laghubitta Bittiya Sanstha Limited'}, {'totalQuantity': 281, 'totalOrder': 5, 'securityId': 213, 'symbol': 'BNT', 'securityName': 'Bottlers Nepal (Terai) Limited'}, {'totalQuantity': 276, 'totalOrder': 5, 'securityId': 2931, 'symbol': 'NIBD84', 'securityName': '8.5% Nepal Investment Bank Debenture 2084'}, {'totalQuantity': 275, 'totalOrder': 5, 'securityId': 2904, 'symbol': 'PBLD84', 'securityName': '10% Prabhu Bank Debenture 2084 '}, {'totalQuantity': 275, 'totalOrder': 4, 'securityId': 8109, 'symbol': 'SBD89', 'securityName': '10.25% Sanima Debenture 2089'}, {'totalQuantity': 261, 'totalOrder': 5, 'securityId': 8033, 'symbol': 'GBBD85', 'securityName': 'Garima Debenture, 2085'}, {'totalQuantity': 250, 'totalOrder': 4, 'securityId': 8127, 'symbol': 'KBLD89', 'securityName': '11% KBL Debenture 2089'}, {'totalQuantity': 241, 'totalOrder': 5, 'securityId': 4959, 'symbol': 'NBLD87', 'securityName': '8.5% Nepal Bank Debenture 2087'}, {'totalQuantity': 233, 'totalOrder': 7, 'securityId': 8119, 'symbol': 'EBLD85', 'securityName': '10.50% Everest Bank Limited Debenture 2085'}, {'totalQuantity': 230, 'totalOrder': 5, 'securityId': 8132, 'symbol': 'SHLB', 'securityName': 'Shrijanshil Laghubitta Bittiya Sanstha Limited'}, {'totalQuantity': 230, 'totalOrder': 5, 'securityId': 2886, 'symbol': 'ADBLD83', 'securityName': '10.35% Agricultural Bank Debenture 2083'}, {'totalQuantity': 216, 'totalOrder': 5, 'securityId': 4969, 'symbol': 'MND84/85', 'securityName': 'Muktinath Debenture 2084/85'}, {'totalQuantity': 201, 'totalOrder': 5, 'securityId': 2892, 'symbol': 'NBLD82', 'securityName': '10% Nabil Debenture 2082'}, {'totalQuantity': 200, 'totalOrder': 5, 'securityId': 2878, 'symbol': 'SRBLD83', 'securityName': '10.25% Sunrise Bank Debenture 2083'}, {'totalQuantity': 200, 'totalOrder': 5, 'securityId': 8068, 'symbol': 'CCBD88', 'securityName': 'Century Debenture 2088'}, {'totalQuantity': 191, 'totalOrder': 4, 'securityId': 9249, 'symbol': 'ICFCD88', 'securityName': '9% ICFC Finance Limited Debenture 2088'}, {'totalQuantity': 187, 'totalOrder': 5, 'securityId': 2936, 'symbol': 'NCCD86', 'securityName': '9.5% NCC Debenture 2086'}, {'totalQuantity': 168, 'totalOrder': 5, 'securityId': 9136, 'symbol': 'BOKD86KA', 'securityName': 'BOK Debenture 2086 ""KA""'}, {'totalQuantity': 157, 'totalOrder': 5, 'securityId': 8020, 'symbol': 'JBBD87', 'securityName': 'Jyoti Bikash Bank Bond 2087'}, {'totalQuantity': 150, 'totalOrder': 4, 'securityId': 8003, 'symbol': 'RBBD83', 'securityName': '8.5% RBBL Debenture 2083'}, {'totalQuantity': 145, 'totalOrder': 3, 'securityId': 9195, 'symbol': 'MLBLD89', 'securityName': '11% Mahalaxmi Debenture 2089'}, {'totalQuantity': 140, 'totalOrder': 3, 'securityId': 9299, 'symbol': 'NABILD2089', 'securityName': '7% Nabil Debenture 2089'}, {'totalQuantity': 135, 'totalOrder': 5, 'securityId': 9177, 'symbol': 'SCBD', 'securityName': '10.30% Standard Chartered Bank Limited Debenture'}, {'totalQuantity': 130, 'totalOrder': 3, 'securityId': 8098, 'symbol': 'SBLD89', 'securityName': '10.75% SBL Debenture 2089'}, {'totalQuantity': 126, 'totalOrder': 5, 'securityId': 8044, 'symbol': 'EBLD86', 'securityName': 'Everest Bank Limited'}, {'totalQuantity': 125, 'totalOrder': 2, 'securityId': 2889, 'symbol': 'CIZBD86', 'securityName': '10.25% Citizens Bank Debenture 2086'}, {'totalQuantity': 125, 'totalOrder': 2, 'securityId': 9197, 'symbol': 'LBBLD89', 'securityName': '11% L.B.B.L. Debenture 2089'}, {'totalQuantity': 121, 'totalOrder': 5, 'securityId': 9141, 'symbol': 'NIFRAUR85/86', 'securityName': 'NIFRA Uraj Rinpatra7%-2085/86'}, {'totalQuantity': 116, 'totalOrder': 3, 'securityId': 8004, 'symbol': 'GBILD86/87', 'securityName': 'Global IME Bank Limited Debenture 2086/87'}, {'totalQuantity': 115, 'totalOrder': 5, 'securityId': 2875, 'symbol': 'PBLD86', 'securityName': '10.25% Prabhu Bank  Debenture 2086'}, {'totalQuantity': 115, 'totalOrder': 5, 'securityId': 9168, 'symbol': 'GBILD84/85', 'securityName': 'Global IME Bank Debenture, 2084/85'}, {'totalQuantity': 101, 'totalOrder': 3, 'securityId': 9255, 'symbol': 'EBLD91', 'securityName': 'Everest Bank Limited Debenture 2091'}, {'totalQuantity': 100, 'totalOrder': 1, 'securityId': 2863, 'symbol': 'NICBF', 'securityName': 'NIC Asia Balanced Fund'}, {'totalQuantity': 100, 'totalOrder': 1, 'securityId': 4963, 'symbol': 'NMBD87/88', 'securityName': 'NMB Debenture 8.50% - 2087/88'}, {'totalQuantity': 100, 'totalOrder': 1, 'securityId': 5984, 'symbol': 'LBLD88', 'securityName': '8.5% Laxmi Bank Debenture 2088'}, {'totalQuantity': 86, 'totalOrder': 5, 'securityId': 9243, 'symbol': 'NIMBD90', 'securityName': '10% NIMB Debenture 2090'}, {'totalQuantity': 80, 'totalOrder': 6, 'securityId': 219, 'symbol': 'UNL', 'securityName': 'Unilever Nepal Limited'}, {'totalQuantity': 76, 'totalOrder': 2, 'securityId': 7986, 'symbol': 'NICD88', 'securityName': 'NIC ASIA Rinpatra 2088'}, {'totalQuantity': 76, 'totalOrder': 2, 'securityId': 2922, 'symbol': 'SBD87', 'securityName': '8.5% Sanima Debenture 2087'}, {'totalQuantity': 76, 'totalOrder': 2, 'securityId': 9238, 'symbol': 'NABILD87', 'securityName': '9% Nabil Debenture 2087'}, {'totalQuantity': 75, 'totalOrder': 4, 'securityId': 634, 'symbol': 'RBCLPO', 'securityName': 'Rastriya Beema Company Limited Promoter Share'}, {'totalQuantity': 70, 'totalOrder': 2, 'securityId': 9261, 'symbol': 'NIFRAGED', 'securityName': 'Nifra Green Energy Debenture 6% - 2088/89'}, {'totalQuantity': 66, 'totalOrder': 2, 'securityId': 8027, 'symbol': 'NBLD85', 'securityName': 'Nabil Debenture 2085'}, {'totalQuantity': 50, 'totalOrder': 3, 'securityId': 8116, 'symbol': 'PBD84', 'securityName': '10.15% Prime Debenture 2084'}, {'totalQuantity': 50, 'totalOrder': 2, 'securityId': 9231, 'symbol': 'CIZBD90', 'securityName': '10% Citizens Bank Debenture 2090'}, {'totalQuantity': 26, 'totalOrder': 1, 'securityId': 4961, 'symbol': 'BOKD86', 'securityName': '8.5% BOK Debenture 2086'}, {'totalQuantity': 26, 'totalOrder': 1, 'securityId': 2912, 'symbol': 'SBLD84', 'securityName': '8.5% SBL Debenture 2084'}, {'totalQuantity': 25, 'totalOrder': 1, 'securityId': 8043, 'symbol': 'CBLD88', 'securityName': 'Civil Bank Debenture 2088'}, {'totalQuantity': 10, 'totalOrder': 1, 'securityId': 195, 'symbol': 'BNL', 'securityName': 'Bottlers Nepal (Balaju) Limited'}]",7,"price_volume, live_market, summary, top_gainers, top_losers, nepse_index, supply_demand",5640
