collection_timestamp,collection_time_npt,data_source,record_id,market_open,collection_method,market_schedule,securityid,securityname,symbol,indexid,totaltradequantity,lasttradedprice,percentagechange,previousclose,closeprice,openprice,highprice,lowprice,totaltradevalue,lastupdateddatetime,lasttradedvolume,averagetradedprice,total_turnover_rs:,total_traded_shares,total_transactions,total_scrips_traded,ltp,cp,pointchange,sensitive_float_index,float_index,sensitive_index,nepse_index,supplylist,demandlist,total_endpoints_collected,endpoints_collected,github_run_number
2026-08-20T14:50:54.388993+05:45,2026-08-20 14:50:54,price_volume,price_volume_1,True,cloud_automated,Thursday - Trading Hours: 11:00 AM - 3:00 PM NPT,2790,Aarambha Chautari Laghubitta Bittiya Sanstha Limited,ACLBSL,58.0,552.0,899.0,-0.111111111,900.0,,,,,,,,,,,,,,,,,,,,,,7,"price_volume, live_market, summary, top_gainers, top_losers, nepse_index, supply_demand",5649
2026-08-20T14:50:54.388993+05:45,2026-08-20 14:50:54,price_volume,price_volume_2,True,cloud_automated,Thursday - Trading Hours: 11:00 AM - 3:00 PM NPT,397,Agricultural Development Bank Limited,ADBL,58.0,49083.0,302.0,0.365569957,300.9,,,,,,,,,,,,,,,,,,,,,,7,"price_volume, live_market, summary, top_gainers, top_losers, nepse_index, supply_demand",5649
2026-08-20T14:50:54.388993+05:45,2026-08-20 14:50:54,price_volume,price_volume_3,True,cloud_automated,Thursday - Trading Hours: 11:00 AM - 3:00 PM NPT,9150,Asian Hydropower Limited,AHL,58.0,851.0,404.0,1.0,400.0,,,,,,,,,,,,,,,,,,,,,,7,"price_volume, live_market, summary, top_gainers, top_losers, nepse_index, supply_demand",5649
2026-08-20T14:50:54.388993+05:45,2026-08-20 14:50:54,price_volume,price_volume_4,True,cloud_automated,Thursday - Trading Hours: 11:00 AM - 3:00 PM NPT,360,Arun Valley Hydropower Development Co. Ltd.,AHPC,58.0,73756.0,260.7,0.269230769,260.0,,,,,,,,,,,,,,,,,,,,,,7,"price_volume, live_market, summary, top_gainers, top_losers, nepse_index, supply_demand",5649
2026-08-20T14:50:54.388993+05:45,2026-08-20 14:50:54,price_volume,price_volume_5,True,cloud_automated,Thursday - Trading Hours: 11:00 AM - 3:00 PM NPT,2788,Ankhu Khola Jalvidhyut Company Ltd,AKJCL,58.0,114039.0,355.0,0.909607732,351.8,,,,,,,,,,,,,,,,,,,,,,7,"price_volume, live_market, summary, top_gainers, top_losers, nepse_index, supply_demand",5649
2026-08-20T14:50:54.388993+05:45,2026-08-20 14:50:54,price_volume,price_volume_6,True,cloud_automated,Thursday - Trading Hours: 11:00 AM - 3:00 PM NPT,2757,Arun Kabeli Power Ltd.,AKPL,58.0,29391.0,249.9,0.361445783,249.0,,,,,,,,,,,,,,,,,,,,,,7,"price_volume, live_market, summary, top_gainers, top_losers, nepse_index, supply_demand",5649
2026-08-20T14:50:54.388993+05:45,2026-08-20 14:50:54,price_volume,price_volume_7,True,cloud_automated,Thursday - Trading Hours: 11:00 AM - 3:00 PM NPT,2807,Asha Laghubitta Bittiya Sanstha Ltd,ALBSL,58.0,501.0,1098.9,-0.081833061,1099.8,,,,,,,,,,,,,,,,,,,,,,7,"price_volume, live_market, summary, top_gainers, top_losers, nepse_index, supply_demand",5649
2026-08-20T14:50:54.388993+05:45,2026-08-20 14:50:54,price_volume,price_volume_8,True,cloud_automated,Thursday - Trading Hours: 11:00 AM - 3:00 PM NPT,385,Asian Life Insurance Co. Limited,ALICL,58.0,11720.0,418.0,0.722891566,415.0,,,,,,,,,,,,,,,,,,,,,,7,"price_volume, live_market, summary, top_gainers, top_losers, nepse_index, supply_demand",5649
2026-08-20T14:50:54.388993+05:45,2026-08-20 14:50:54,price_volume,price_volume_9,True,cloud_automated,Thursday - Trading Hours: 11:00 AM - 3:00 PM NPT,9161,Aatmanirbhar Laghubitta Bittiya Sanstha Limited,ANLB,58.0,1357.0,5090.0,-0.196078431,5100.0,,,,,,,,,,,,,,,,,,,,,,7,"price_volume, live_market, summary, top_gainers, top_losers, nepse_index, supply_demand",5649
2026-08-20T14:50:54.388993+05:45,2026-08-20 14:50:54,price_volume,price_volume_10,True,cloud_automated,Thursday - Trading Hours: 11:00 AM - 3:00 PM NPT,9337,Appolo Hydropower Limited,APHL,58.0,5684.0,748.0,-0.664010624,753.0,,,,,,,,,,,,,,,,,,,,,,7,"price_volume, live_market, summary, top_gainers, top_losers, nepse_index, supply_demand",5649
2026-08-20T14:50:54.388993+05:45,2026-08-20 14:50:54,price_volume,price_volume_11,True,cloud_automated,Thursday - Trading Hours: 11:00 AM - 3:00 PM NPT,697,Api Power Company Ltd.,API,58.0,123094.0,336.0,1.818181818,330.0,,,,,,,,,,,,,,,,,,,,,,7,"price_volume, live_market, summary, top_gainers, top_losers, nepse_index, supply_demand",5649
2026-08-20T14:50:54.388993+05:45,2026-08-20 14:50:54,price_volume,price_volume_12,True,cloud_automated,Thursday - Trading Hours: 11:00 AM - 3:00 PM NPT,8117,Aviyan Laghubitta Bittiya Sanstha Limited,AVYAN,58.0,2562.0,1025.0,-0.966183575,1035.0,,,,,,,,,,,,,,,,,,,,,,7,"price_volume, live_market, summary, top_gainers, top_losers, nepse_index, supply_demand",5649
2026-08-20T14:50:54.388993+05:45,2026-08-20 14:50:54,price_volume,price_volume_13,True,cloud_automated,Thursday - Trading Hours: 11:00 AM - 3:00 PM NPT,9297,Bandipur Cablecar and Tourism Limited,BANDIPUR,58.0,11938.0,680.0,-0.307872746,682.1,,,,,,,,,,,,,,,,,,,,,,7,"price_volume, live_market, summary, top_gainers, top_losers, nepse_index, supply_demand",5649
2026-08-20T14:50:54.388993+05:45,2026-08-20 14:50:54,price_volume,price_volume_14,True,cloud_automated,Thursday - Trading Hours: 11:00 AM - 3:00 PM NPT,686,Barun Hydropower Co. Ltd.,BARUN,58.0,14175.0,316.0,-0.252525253,316.8,,,,,,,,,,,,,,,,,,,,,,7,"price_volume, live_market, summary, top_gainers, top_losers, nepse_index, supply_demand",5649
2026-08-20T14:50:54.388993+05:45,2026-08-20 14:50:54,price_volume,price_volume_15,True,cloud_automated,Thursday - Trading Hours: 11:00 AM - 3:00 PM NPT,156,Bishal Bazar Company Limited,BBC,58.0,372.0,4130.0,-0.241545894,4140.0,,,,,,,,,,,,,,,,,,,,,,7,"price_volume, live_market, summary, top_gainers, top_losers, nepse_index, supply_demand",5649
2026-08-20T14:50:54.388993+05:45,2026-08-20 14:50:54,price_volume,price_volume_16,True,cloud_automated,Thursday - Trading Hours: 11:00 AM - 3:00 PM NPT,9171,Bhugol Energy Development Company Limited,BEDC,58.0,15308.0,306.2,-1.827508817,311.9,,,,,,,,,,,,,,,,,,,,,,7,"price_volume, live_market, summary, top_gainers, top_losers, nepse_index, supply_demand",5649
2026-08-20T14:50:54.388993+05:45,2026-08-20 14:50:54,price_volume,price_volume_17,True,cloud_automated,Thursday - Trading Hours: 11:00 AM - 3:00 PM NPT,227,Best Finance Company Ltd.,BFC,58.0,7284.0,479.0,0.58798824,476.2,,,,,,,,,,,,,,,,,,,,,,7,"price_volume, live_market, summary, top_gainers, top_losers, nepse_index, supply_demand",5649
2026-08-20T14:50:54.388993+05:45,2026-08-20 14:50:54,price_volume,price_volume_18,True,cloud_automated,Thursday - Trading Hours: 11:00 AM - 3:00 PM NPT,9214,Bhagawati Hydropower Development Company Limited,BGWT,58.0,6875.0,510.0,-0.970873786,515.0,,,,,,,,,,,,,,,,,,,,,,7,"price_volume, live_market, summary, top_gainers, top_losers, nepse_index, supply_demand",5649
2026-08-20T14:50:54.388993+05:45,2026-08-20 14:50:54,price_volume,price_volume_19,True,cloud_automated,Thursday - Trading Hours: 11:00 AM - 3:00 PM NPT,9267,Bikash Hydropower Company Limited,BHCL,58.0,54116.0,557.0,-1.936619718,568.0,,,,,,,,,,,,,,,,,,,,,,7,"price_volume, live_market, summary, top_gainers, top_losers, nepse_index, supply_demand",5649
2026-08-20T14:50:54.388993+05:45,2026-08-20 14:50:54,price_volume,price_volume_20,True,cloud_automated,Thursday - Trading Hours: 11:00 AM - 3:00 PM NPT,8075,Bindhyabasini Hydropower Development Company Limited,BHDC,58.0,5958.0,428.1,0.328099367,426.7,,,,,,,,,,,,,,,,,,,,,,7,"price_volume, live_market, summary, top_gainers, top_losers, nepse_index, supply_demand",5649
2026-08-20T14:50:54.388993+05:45,2026-08-20 14:50:54,price_volume,price_volume_21,True,cloud_automated,Thursday - Trading Hours: 11:00 AM - 3:00 PM NPT,8055,Balephi Hydropower Limited,BHL,58.0,35344.0,209.0,0.0,209.0,,,,,,,,,,,,,,,,,,,,,,7,"price_volume, live_market, summary, top_gainers, top_losers, nepse_index, supply_demand",5649
2026-08-20T14:50:54.388993+05:45,2026-08-20 14:50:54,price_volume,price_volume_22,True,cloud_automated,Thursday - Trading Hours: 11:00 AM - 3:00 PM NPT,9135,Barahi Hydropower Public Limited,BHPL,58.0,2153.0,470.0,-1.55006284,477.4,,,,,,,,,,,,,,,,,,,,,,7,"price_volume, live_market, summary, top_gainers, top_losers, nepse_index, supply_demand",5649
2026-08-20T14:50:54.388993+05:45,2026-08-20 14:50:54,price_volume,price_volume_23,True,cloud_automated,Thursday - Trading Hours: 11:00 AM - 3:00 PM NPT,9322,Bhujung Hydropower Limited,BJHL,58.0,13391.0,720.0,0.0,720.0,,,,,,,,,,,,,,,,,,,,,,7,"price_volume, live_market, summary, top_gainers, top_losers, nepse_index, supply_demand",5649
2026-08-20T14:50:54.388993+05:45,2026-08-20 14:50:54,price_volume,price_volume_24,True,cloud_automated,Thursday - Trading Hours: 11:00 AM - 3:00 PM NPT,8032,Buddha Bhumi Nepal Hydropower Company Limited,BNHC,58.0,10069.0,278.0,-0.714285714,280.0,,,,,,,,,,,,,,,,,,,,,,7,"price_volume, live_market, summary, top_gainers, top_losers, nepse_index, supply_demand",5649
2026-08-20T14:50:54.388993+05:45,2026-08-20 14:50:54,price_volume,price_volume_25,True,cloud_automated,Thursday - Trading Hours: 11:00 AM - 3:00 PM NPT,213,Bottlers Nepal (Terai) Limited,BNT,58.0,10.0,11666.0,0.395869191,11620.0,,,,,,,,,,,,,,,,,,,,,,7,"price_volume, live_market, summary, top_gainers, top_losers, nepse_index, supply_demand",5649
2026-08-20T14:50:54.388993+05:45,2026-08-20 14:50:54,price_volume,price_volume_26,True,cloud_automated,Thursday - Trading Hours: 11:00 AM - 3:00 PM NPT,153,Butwal Power Company Limited,BPCL,58.0,8811.0,648.9,1.232449298,641.0,,,,,,,,,,,,,,,,,,,,,,7,"price_volume, live_market, summary, top_gainers, top_losers, nepse_index, supply_demand",5649
2026-08-20T14:50:54.388993+05:45,2026-08-20 14:50:54,price_volume,price_volume_27,True,cloud_automated,Thursday - Trading Hours: 11:00 AM - 3:00 PM NPT,9296,Bungal Hydro Limited,BUNGAL,58.0,9934.0,588.1,-1.655518395,598.0,,,,,,,,,,,,,,,,,,,,,,7,"price_volume, live_market, summary, top_gainers, top_losers, nepse_index, supply_demand",5649
2026-08-20T14:50:54.388993+05:45,2026-08-20 14:50:54,price_volume,price_volume_28,True,cloud_automated,Thursday - Trading Hours: 11:00 AM - 3:00 PM NPT,164,Chhimek Laghubitta Bittiya Sanstha Limited,CBBL,58.0,6540.0,936.2,0.128342246,935.0,,,,,,,,,,,,,,,,,,,,,,7,"price_volume, live_market, summary, top_gainers, top_losers, nepse_index, supply_demand",5649
2026-08-20T14:50:54.388993+05:45,2026-08-20 14:50:54,price_volume,price_volume_29,True,cloud_automated,Thursday - Trading Hours: 11:00 AM - 3:00 PM NPT,245,Central Finance Co. Ltd.,CFCL,58.0,32546.0,596.0,-0.666666667,600.0,,,,,,,,,,,,,,,,,,,,,,7,"price_volume, live_market, summary, top_gainers, top_losers, nepse_index, supply_demand",5649
2026-08-20T14:50:54.388993+05:45,2026-08-20 14:50:54,price_volume,price_volume_30,True,cloud_automated,Thursday - Trading Hours: 11:00 AM - 3:00 PM NPT,2917,Chandragiri Hills Limited,CGH,58.0,3576.0,775.0,0.649350649,770.0,,,,,,,,,,,,,,,,,,,,,,7,"price_volume, live_market, summary, top_gainers, top_losers, nepse_index, supply_demand",5649
2026-08-20T14:50:54.388993+05:45,2026-08-20 14:50:54,price_volume,price_volume_31,True,cloud_automated,Thursday - Trading Hours: 11:00 AM - 3:00 PM NPT,154,Chilime Hydropower Company Limited,CHCL,58.0,25036.0,482.0,0.626304802,479.0,,,,,,,,,,,,,,,,,,,,,,7,"price_volume, live_market, summary, top_gainers, top_losers, nepse_index, supply_demand",5649
2026-08-20T14:50:54.388993+05:45,2026-08-20 14:50:54,price_volume,price_volume_32,True,cloud_automated,Thursday - Trading Hours: 11:00 AM - 3:00 PM NPT,3946,CEDB Holdings Limited,CHDC,58.0,7376.0,2205.0,1.054078827,2182.0,,,,,,,,,,,,,,,,,,,,,,7,"price_volume, live_market, summary, top_gainers, top_losers, nepse_index, supply_demand",5649
2026-08-20T14:50:54.388993+05:45,2026-08-20 14:50:54,price_volume,price_volume_33,True,cloud_automated,Thursday - Trading Hours: 11:00 AM - 3:00 PM NPT,2766,Chhyangdi Hydropower Ltd.,CHL,58.0,13065.0,268.0,2.095238095,262.5,,,,,,,,,,,,,,,,,,,,,,7,"price_volume, live_market, summary, top_gainers, top_losers, nepse_index, supply_demand",5649
2026-08-20T14:50:54.388993+05:45,2026-08-20 14:50:54,price_volume,price_volume_34,True,cloud_automated,Thursday - Trading Hours: 11:00 AM - 3:00 PM NPT,210,Citizen Investment Trust,CIT,58.0,2546.0,1694.0,-0.352941176,1700.0,,,,,,,,,,,,,,,,,,,,,,7,"price_volume, live_market, summary, top_gainers, top_losers, nepse_index, supply_demand",5649
2026-08-20T14:50:54.388993+05:45,2026-08-20 14:50:54,price_volume,price_volume_35,True,cloud_automated,Thursday - Trading Hours: 11:00 AM - 3:00 PM NPT,9173,City Hotel Limited,CITY,58.0,58320.0,358.0,-0.527924423,359.9,,,,,,,,,,,,,,,,,,,,,,7,"price_volume, live_market, summary, top_gainers, top_losers, nepse_index, supply_demand",5649
2026-08-20T14:50:54.388993+05:45,2026-08-20 14:50:54,price_volume,price_volume_36,True,cloud_automated,Thursday - Trading Hours: 11:00 AM - 3:00 PM NPT,9232,Chirkhwa Hydropower Limited ,CKHL,58.0,90.0,577.0,-3.025210084,595.0,,,,,,,,,,,,,,,,,,,,,,7,"price_volume, live_market, summary, top_gainers, top_losers, nepse_index, supply_demand",5649
2026-08-20T14:50:54.388993+05:45,2026-08-20 14:50:54,price_volume,price_volume_37,True,cloud_automated,Thursday - Trading Hours: 11:00 AM - 3:00 PM NPT,9209,Citizen Life Insurance Company Limited,CLI,58.0,14306.0,435.0,0.0,435.0,,,,,,,,,,,,,,,,,,,,,,7,"price_volume, live_market, summary, top_gainers, top_losers, nepse_index, supply_demand",5649
2026-08-20T14:50:54.388993+05:45,2026-08-20 14:50:54,price_volume,price_volume_38,True,cloud_automated,Thursday - Trading Hours: 11:00 AM - 3:00 PM NPT,450,Corporate Development Bank Limited,CORBL,58.0,27506.0,999.0,-2.821011673,1028.0,,,,,,,,,,,,,,,,,,,,,,7,"price_volume, live_market, summary, top_gainers, top_losers, nepse_index, supply_demand",5649
2026-08-20T14:50:54.388993+05:45,2026-08-20 14:50:54,price_volume,price_volume_39,True,cloud_automated,Thursday - Trading Hours: 11:00 AM - 3:00 PM NPT,9252,Crest Micro Life Insurance Limited,CREST,58.0,6250.0,1129.0,-2.073033221,1152.9,,,,,,,,,,,,,,,,,,,,,,7,"price_volume, live_market, summary, top_gainers, top_losers, nepse_index, supply_demand",5649
2026-08-20T14:50:54.388993+05:45,2026-08-20 14:50:54,price_volume,price_volume_40,True,cloud_automated,Thursday - Trading Hours: 11:00 AM - 3:00 PM NPT,8065,CYC Nepal Laghubitta Bittiya Sanstha Limited,CYCL,58.0,6360.0,1494.0,-0.4,1500.0,,,,,,,,,,,,,,,,,,,,,,7,"price_volume, live_market, summary, top_gainers, top_losers, nepse_index, supply_demand",5649
2026-08-20T14:50:54.388993+05:45,2026-08-20 14:50:54,price_volume,price_volume_41,True,cloud_automated,Thursday - Trading Hours: 11:00 AM - 3:00 PM NPT,348,Citizens Bank International Limited,CZBIL,58.0,20973.0,201.0,1.005025126,199.0,,,,,,,,,,,,,,,,,,,,,,7,"price_volume, live_market, summary, top_gainers, top_losers, nepse_index, supply_demand",5649
2026-08-20T14:50:54.388993+05:45,2026-08-20 14:50:54,price_volume,price_volume_42,True,cloud_automated,Thursday - Trading Hours: 11:00 AM - 3:00 PM NPT,166,Deprosc Laghubitta Bittiya Sanstha Limited,DDBL,58.0,4732.0,842.0,-0.106774232,842.9,,,,,,,,,,,,,,,,,,,,,,7,"price_volume, live_market, summary, top_gainers, top_losers, nepse_index, supply_demand",5649
2026-08-20T14:50:54.388993+05:45,2026-08-20 14:50:54,price_volume,price_volume_43,True,cloud_automated,Thursday - Trading Hours: 11:00 AM - 3:00 PM NPT,9293,Daramkhola Hydro Energy Limited,DHEL,58.0,13465.0,585.0,0.171232877,584.0,,,,,,,,,,,,,,,,,,,,,,7,"price_volume, live_market, summary, top_gainers, top_losers, nepse_index, supply_demand",5649
2026-08-20T14:50:54.388993+05:45,2026-08-20 14:50:54,price_volume,price_volume_44,True,cloud_automated,Thursday - Trading Hours: 11:00 AM - 3:00 PM NPT,2754,Dibyashwori Hydropower Ltd.,DHPL,58.0,540.0,280.0,-0.355871886,281.0,,,,,,,,,,,,,,,,,,,,,,7,"price_volume, live_market, summary, top_gainers, top_losers, nepse_index, supply_demand",5649
2026-08-20T14:50:54.388993+05:45,2026-08-20 14:50:54,price_volume,price_volume_45,True,cloud_automated,Thursday - Trading Hours: 11:00 AM - 3:00 PM NPT,8123,Dhaulagiri Laghubitta Bittiya Sanstha Limited,DLBS,58.0,511.0,1084.0,-1.319981793,1098.5,,,,,,,,,,,,,,,,,,,,,,7,"price_volume, live_market, summary, top_gainers, top_losers, nepse_index, supply_demand",5649
2026-08-20T14:50:54.388993+05:45,2026-08-20 14:50:54,price_volume,price_volume_46,True,cloud_automated,Thursday - Trading Hours: 11:00 AM - 3:00 PM NPT,9170,Dolti Power Company Limited,DOLTI,58.0,19705.0,305.3,-1.516129032,310.0,,,,,,,,,,,,,,,,,,,,,,7,"price_volume, live_market, summary, top_gainers, top_losers, nepse_index, supply_demand",5649
2026-08-20T14:50:54.388993+05:45,2026-08-20 14:50:54,price_volume,price_volume_47,True,cloud_automated,Thursday - Trading Hours: 11:00 AM - 3:00 PM NPT,8070,Dordi Khola Jal Bidyut Company Limited,DORDI,58.0,8453.0,247.2,-0.322580645,248.0,,,,,,,,,,,,,,,,,,,,,,7,"price_volume, live_market, summary, top_gainers, top_losers, nepse_index, supply_demand",5649
2026-08-20T14:50:54.388993+05:45,2026-08-20 14:50:54,price_volume,price_volume_48,True,cloud_automated,Thursday - Trading Hours: 11:00 AM - 3:00 PM NPT,137,Everest Bank Limited,EBL,58.0,44561.0,735.0,0.684931507,730.0,,,,,,,,,,,,,,,,,,,,,,7,"price_volume, live_market, summary, top_gainers, top_losers, nepse_index, supply_demand",5649
2026-08-20T14:50:54.388993+05:45,2026-08-20 14:50:54,price_volume,price_volume_49,True,cloud_automated,Thursday - Trading Hours: 11:00 AM - 3:00 PM NPT,9347,Everest Colour Limited,ECL,58.0,11002.0,1449.5,0.940111421,1436.0,,,,,,,,,,,,,,,,,,,,,,7,"price_volume, live_market, summary, top_gainers, top_losers, nepse_index, supply_demand",5649
2026-08-20T14:50:54.388993+05:45,2026-08-20 14:50:54,price_volume,price_volume_50,True,cloud_automated,Thursday - Trading Hours: 11:00 AM - 3:00 PM NPT,274,Excel Development Bank Ltd.,EDBL,58.0,870.0,577.4,-1.130136986,584.0,,,,,,,,,,,,,,,,,,,,,,7,"price_volume, live_market, summary, top_gainers, top_losers, nepse_index, supply_demand",5649
2026-08-20T14:50:54.388993+05:45,2026-08-20 14:50:54,price_volume,price_volume_51,True,cloud_automated,Thursday - Trading Hours: 11:00 AM - 3:00 PM NPT,8131,Eastern Hydropower Limited,EHPL,58.0,9177.0,330.6,-1.313432836,335.0,,,,,,,,,,,,,,,,,,,,,,7,"price_volume, live_market, summary, top_gainers, top_losers, nepse_index, supply_demand",5649
2026-08-20T14:50:54.388993+05:45,2026-08-20 14:50:54,price_volume,price_volume_52,True,cloud_automated,Thursday - Trading Hours: 11:00 AM - 3:00 PM NPT,8034,Emerging Nepal Limited,ENL,58.0,20.0,790.0,-1.002506266,798.0,,,,,,,,,,,,,,,,,,,,,,7,"price_volume, live_market, summary, top_gainers, top_losers, nepse_index, supply_demand",5649
2026-08-20T14:50:54.388993+05:45,2026-08-20 14:50:54,price_volume,price_volume_53,True,cloud_automated,Thursday - Trading Hours: 11:00 AM - 3:00 PM NPT,490,First Micro Finance Laghubitta Bittiya Sanstha Limited,FMDBL,58.0,7847.0,761.0,-1.143154066,769.8,,,,,,,,,,,,,,,,,,,,,,7,"price_volume, live_market, summary, top_gainers, top_losers, nepse_index, supply_demand",5649
2026-08-20T14:50:54.388993+05:45,2026-08-20 14:50:54,price_volume,price_volume_54,True,cloud_automated,Thursday - Trading Hours: 11:00 AM - 3:00 PM NPT,2758,Forward Microfinance Laghubitta Bittiya Sanstha Limited,FOWAD,58.0,4833.0,913.0,-1.403887689,926.0,,,,,,,,,,,,,,,,,,,,,,7,"price_volume, live_market, summary, top_gainers, top_losers, nepse_index, supply_demand",5649
2026-08-20T14:50:54.388993+05:45,2026-08-20 14:50:54,price_volume,price_volume_55,True,cloud_automated,Thursday - Trading Hours: 11:00 AM - 3:00 PM NPT,417,Garima Bikas Bank Limited,GBBL,58.0,27642.0,422.7,-0.070921986,423.0,,,,,,,,,,,,,,,,,,,,,,7,"price_volume, live_market, summary, top_gainers, top_losers, nepse_index, supply_demand",5649
2026-08-20T14:50:54.388993+05:45,2026-08-20 14:50:54,price_volume,price_volume_56,True,cloud_automated,Thursday - Trading Hours: 11:00 AM - 3:00 PM NPT,341,Global IME Bank Limited,GBIME,58.0,91126.0,246.7,-0.484066156,247.9,,,,,,,,,,,,,,,,,,,,,,7,"price_volume, live_market, summary, top_gainers, top_losers, nepse_index, supply_demand",5649
2026-08-20T14:50:54.388993+05:45,2026-08-20 14:50:54,price_volume,price_volume_57,True,cloud_automated,Thursday - Trading Hours: 11:00 AM - 3:00 PM NPT,583,Grameen Bikas Laghubitta Bittiya Sanstha Ltd.,GBLBS,58.0,1329.0,699.9,-0.370106762,702.5,,,,,,,,,,,,,,,,,,,,,,7,"price_volume, live_market, summary, top_gainers, top_losers, nepse_index, supply_demand",5649
2026-08-20T14:50:54.388993+05:45,2026-08-20 14:50:54,price_volume,price_volume_58,True,cloud_automated,Thursday - Trading Hours: 11:00 AM - 3:00 PM NPT,9193,Ghorahi Cement Industry Limited,GCIL,58.0,4618.0,338.1,-1.140350877,342.0,,,,,,,,,,,,,,,,,,,,,,7,"price_volume, live_market, summary, top_gainers, top_losers, nepse_index, supply_demand",5649
2026-08-20T14:50:54.388993+05:45,2026-08-20 14:50:54,price_volume,price_volume_59,True,cloud_automated,Thursday - Trading Hours: 11:00 AM - 3:00 PM NPT,232,Goodwill Finance Limited,GFCL,58.0,2258.0,593.0,0.253592561,591.5,,,,,,,,,,,,,,,,,,,,,,7,"price_volume, live_market, summary, top_gainers, top_losers, nepse_index, supply_demand",5649
2026-08-20T14:50:54.388993+05:45,2026-08-20 14:50:54,price_volume,price_volume_60,True,cloud_automated,Thursday - Trading Hours: 11:00 AM - 3:00 PM NPT,2806,Ghalemdi Hydro Limited,GHL,58.0,61427.0,235.0,-1.673640167,239.0,,,,,,,,,,,,,,,,,,,,,,7,"price_volume, live_market, summary, top_gainers, top_losers, nepse_index, supply_demand",5649
2026-08-20T14:50:54.388993+05:45,2026-08-20 14:50:54,price_volume,price_volume_61,True,cloud_automated,Thursday - Trading Hours: 11:00 AM - 3:00 PM NPT,705,Global IME Laghubitta Bittiya Sanstha Ltd.,GILB,58.0,1485.0,1108.0,1.067226124,1096.3,,,,,,,,,,,,,,,,,,,,,,7,"price_volume, live_market, summary, top_gainers, top_losers, nepse_index, supply_demand",5649
2026-08-20T14:50:54.388993+05:45,2026-08-20 14:50:54,price_volume,price_volume_62,True,cloud_automated,Thursday - Trading Hours: 11:00 AM - 3:00 PM NPT,2826,Gurans Laghubitta Bittiya Sanstha Limited,GLBSL,58.0,345.0,1711.1,-1.773823192,1742.0,,,,,,,,,,,,,,,,,,,,,,7,"price_volume, live_market, summary, top_gainers, top_losers, nepse_index, supply_demand",5649
2026-08-20T14:50:54.388993+05:45,2026-08-20 14:50:54,price_volume,price_volume_63,True,cloud_automated,Thursday - Trading Hours: 11:00 AM - 3:00 PM NPT,2924,GreenLife Hydropower Limited,GLH,58.0,17523.0,252.5,-0.079145231,252.7,,,,,,,,,,,,,,,,,,,,,,7,"price_volume, live_market, summary, top_gainers, top_losers, nepse_index, supply_demand",5649
2026-08-20T14:50:54.388993+05:45,2026-08-20 14:50:54,price_volume,price_volume_64,True,cloud_automated,Thursday - Trading Hours: 11:00 AM - 3:00 PM NPT,2815,Ganapati Laghubitta Bittiya Sanstha Limited,GMFBS,58.0,24.0,1165.0,-0.427350427,1170.0,,,,,,,,,,,,,,,,,,,,,,7,"price_volume, live_market, summary, top_gainers, top_losers, nepse_index, supply_demand",5649
2026-08-20T14:50:54.388993+05:45,2026-08-20 14:50:54,price_volume,price_volume_65,True,cloud_automated,Thursday - Trading Hours: 11:00 AM - 3:00 PM NPT,263,Guheshowori Merchant Bank & Finance Co. Ltd.,GMFIL,58.0,4126.0,442.0,-1.537090666,448.9,,,,,,,,,,,,,,,,,,,,,,7,"price_volume, live_market, summary, top_gainers, top_losers, nepse_index, supply_demand",5649
2026-08-20T14:50:54.388993+05:45,2026-08-20 14:50:54,price_volume,price_volume_66,True,cloud_automated,Thursday - Trading Hours: 11:00 AM - 3:00 PM NPT,9246,Guardian Micro Life Insurance Limited ,GMLI,58.0,791.0,1030.0,-2.462121212,1056.0,,,,,,,,,,,,,,,,,,,,,,7,"price_volume, live_market, summary, top_gainers, top_losers, nepse_index, supply_demand",5649
2026-08-20T14:50:54.388993+05:45,2026-08-20 14:50:54,price_volume,price_volume_67,True,cloud_automated,Thursday - Trading Hours: 11:00 AM - 3:00 PM NPT,2744,Green Development Bank Ltd.,GRDBL,58.0,16445.0,980.0,-3.353057199,1014.0,,,,,,,,,,,,,,,,,,,,,,7,"price_volume, live_market, summary, top_gainers, top_losers, nepse_index, supply_demand",5649
2026-08-20T14:50:54.388993+05:45,2026-08-20 14:50:54,price_volume,price_volume_68,True,cloud_automated,Thursday - Trading Hours: 11:00 AM - 3:00 PM NPT,204,Gurkhas Finance Ltd.,GUFL,58.0,9768.0,530.3,-1.063432836,536.0,,,,,,,,,,,,,,,,,,,,,,7,"price_volume, live_market, summary, top_gainers, top_losers, nepse_index, supply_demand",5649
2026-08-20T14:50:54.388993+05:45,2026-08-20 14:50:54,price_volume,price_volume_69,True,cloud_automated,Thursday - Trading Hours: 11:00 AM - 3:00 PM NPT,8045,Green Ventures Limited,GVL,58.0,13190.0,482.6,2.245762712,472.0,,,,,,,,,,,,,,,,,,,,,,7,"price_volume, live_market, summary, top_gainers, top_losers, nepse_index, supply_demand",5649
2026-08-20T14:50:54.388993+05:45,2026-08-20 14:50:54,price_volume,price_volume_70,True,cloud_automated,Thursday - Trading Hours: 11:00 AM - 3:00 PM NPT,9213,Hathway Investment Nepal Limited,HATHY,58.0,17198.0,584.8,-3.050397878,603.2,,,,,,,,,,,,,,,,,,,,,,7,"price_volume, live_market, summary, top_gainers, top_losers, nepse_index, supply_demand",5649
2026-08-20T14:50:54.388993+05:45,2026-08-20 14:50:54,price_volume,price_volume_71,True,cloud_automated,Thursday - Trading Hours: 11:00 AM - 3:00 PM NPT,134,Himalayan Bank Limited,HBL,58.0,19582.0,190.8,-0.365535248,191.5,,,,,,,,,,,,,,,,,,,,,,7,"price_volume, live_market, summary, top_gainers, top_losers, nepse_index, supply_demand",5649
2026-08-20T14:50:54.388993+05:45,2026-08-20 14:50:54,price_volume,price_volume_72,True,cloud_automated,Thursday - Trading Hours: 11:00 AM - 3:00 PM NPT,2880,Himal Dolakha Hydropower Company Limited,HDHPC,58.0,46305.0,207.8,-0.048100048,207.9,,,,,,,,,,,,,,,,,,,,,,7,"price_volume, live_market, summary, top_gainers, top_losers, nepse_index, supply_demand",5649
2026-08-20T14:50:54.388993+05:45,2026-08-20 14:50:54,price_volume,price_volume_73,True,cloud_automated,Thursday - Trading Hours: 11:00 AM - 3:00 PM NPT,235,Himalayan Distillery Limited,HDL,58.0,10524.0,1179.9,0.144287897,1178.2,,,,,,,,,,,,,,,,,,,,,,7,"price_volume, live_market, summary, top_gainers, top_losers, nepse_index, supply_demand",5649
2026-08-20T14:50:54.388993+05:45,2026-08-20 14:50:54,price_volume,price_volume_74,True,cloud_automated,Thursday - Trading Hours: 11:00 AM - 3:00 PM NPT,179,Himalayan Everest Insurance Limited,HEI,58.0,18150.0,530.9,0.359168242,529.0,,,,,,,,,,,,,,,,,,,,,,7,"price_volume, live_market, summary, top_gainers, top_losers, nepse_index, supply_demand",5649
2026-08-20T14:50:54.388993+05:45,2026-08-20 14:50:54,price_volume,price_volume_75,True,cloud_automated,Thursday - Trading Hours: 11:00 AM - 3:00 PM NPT,9308,Hotel Forest Inn Limited,HFIN,58.0,11412.0,674.0,-0.750993963,679.1,,,,,,,,,,,,,,,,,,,,,,7,"price_volume, live_market, summary, top_gainers, top_losers, nepse_index, supply_demand",5649
2026-08-20T14:50:54.388993+05:45,2026-08-20 14:50:54,price_volume,price_volume_76,True,cloud_automated,Thursday - Trading Hours: 11:00 AM - 3:00 PM NPT,8076,Himalayan Hydropower Limited,HHL,58.0,6825.0,329.9,-0.63253012,332.0,,,,,,,,,,,,,,,,,,,,,,7,"price_volume, live_market, summary, top_gainers, top_losers, nepse_index, supply_demand",5649
2026-08-20T14:50:54.388993+05:45,2026-08-20 14:50:54,price_volume,price_volume_77,True,cloud_automated,Thursday - Trading Hours: 11:00 AM - 3:00 PM NPT,2742,Hydorelectricity Investment and Development Company Ltd,HIDCL,58.0,14547.0,250.6,-0.15936255,251.0,,,,,,,,,,,,,,,,,,,,,,7,"price_volume, live_market, summary, top_gainers, top_losers, nepse_index, supply_demand",5649
2026-08-20T14:50:54.388993+05:45,2026-08-20 14:50:54,price_volume,price_volume_78,True,cloud_automated,Thursday - Trading Hours: 11:00 AM - 3:00 PM NPT,9270,Him Star Urja Company Limited,HIMSTAR,58.0,1160.0,678.0,-1.223776224,686.4,,,,,,,,,,,,,,,,,,,,,,7,"price_volume, live_market, summary, top_gainers, top_losers, nepse_index, supply_demand",5649
2026-08-20T14:50:54.388993+05:45,2026-08-20 14:50:54,price_volume,price_volume_79,True,cloud_automated,Thursday - Trading Hours: 11:00 AM - 3:00 PM NPT,693,Himalayan Laghubitta Bittiya Sanstha Limited,HLBSL,58.0,1276.0,870.0,-0.571428571,875.0,,,,,,,,,,,,,,,,,,,,,,7,"price_volume, live_market, summary, top_gainers, top_losers, nepse_index, supply_demand",5649
2026-08-20T14:50:54.388993+05:45,2026-08-20 14:50:54,price_volume,price_volume_80,True,cloud_automated,Thursday - Trading Hours: 11:00 AM - 3:00 PM NPT,393,Himalayan Life Insurance Limited,HLI,58.0,20839.0,314.0,-0.317460317,315.0,,,,,,,,,,,,,,,,,,,,,,7,"price_volume, live_market, summary, top_gainers, top_losers, nepse_index, supply_demand",5649
2026-08-20T14:50:54.388993+05:45,2026-08-20 14:50:54,price_volume,price_volume_81,True,cloud_automated,Thursday - Trading Hours: 11:00 AM - 3:00 PM NPT,2767,Himalayan Power Partner Ltd.,HPPL,58.0,81168.0,380.0,-0.783289817,383.0,,,,,,,,,,,,,,,,,,,,,,7,"price_volume, live_market, summary, top_gainers, top_losers, nepse_index, supply_demand",5649
2026-08-20T14:50:54.388993+05:45,2026-08-20 14:50:54,price_volume,price_volume_82,True,cloud_automated,Thursday - Trading Hours: 11:00 AM - 3:00 PM NPT,9234,Himalayan Reinsurance Limited,HRL,58.0,29183.0,569.0,-1.009046625,574.8,,,,,,,,,,,,,,,,,,,,,,7,"price_volume, live_market, summary, top_gainers, top_losers, nepse_index, supply_demand",5649
2026-08-20T14:50:54.388993+05:45,2026-08-20 14:50:54,price_volume,price_volume_83,True,cloud_automated,Thursday - Trading Hours: 11:00 AM - 3:00 PM NPT,2824,Himalaya Urja Bikas Company Limited,HURJA,58.0,17664.0,238.5,1.27388535,235.5,,,,,,,,,,,,,,,,,,,,,,7,"price_volume, live_market, summary, top_gainers, top_losers, nepse_index, supply_demand",5649
2026-08-20T14:50:54.388993+05:45,2026-08-20 14:50:54,price_volume,price_volume_84,True,cloud_automated,Thursday - Trading Hours: 11:00 AM - 3:00 PM NPT,273,ICFC Finance Limited,ICFC,58.0,4870.0,595.5,0.42158516,593.0,,,,,,,,,,,,,,,,,,,,,,7,"price_volume, live_market, summary, top_gainers, top_losers, nepse_index, supply_demand",5649
2026-08-20T14:50:54.388993+05:45,2026-08-20 14:50:54,price_volume,price_volume_85,True,cloud_automated,Thursday - Trading Hours: 11:00 AM - 3:00 PM NPT,186,IGI Prudential insurance Limited,IGI,58.0,1468.0,421.3,-0.870588235,425.0,,,,,,,,,,,,,,,,,,,,,,7,"price_volume, live_market, summary, top_gainers, top_losers, nepse_index, supply_demand",5649
2026-08-20T14:50:54.388993+05:45,2026-08-20 14:50:54,price_volume,price_volume_86,True,cloud_automated,Thursday - Trading Hours: 11:00 AM - 3:00 PM NPT,9176,Ingwa Hydropower Limited,IHL,58.0,9275.0,325.0,0.463678516,323.5,,,,,,,,,,,,,,,,,,,,,,7,"price_volume, live_market, summary, top_gainers, top_losers, nepse_index, supply_demand",5649
2026-08-20T14:50:54.388993+05:45,2026-08-20 14:50:54,price_volume,price_volume_87,True,cloud_automated,Thursday - Trading Hours: 11:00 AM - 3:00 PM NPT,2832,Infinity Laghubitta Bittiya Sanstha Limited,ILBS,58.0,1619.0,860.0,0.0,860.0,,,,,,,,,,,,,,,,,,,,,,7,"price_volume, live_market, summary, top_gainers, top_losers, nepse_index, supply_demand",5649
2026-08-20T14:50:54.388993+05:45,2026-08-20 14:50:54,price_volume,price_volume_88,True,cloud_automated,Thursday - Trading Hours: 11:00 AM - 3:00 PM NPT,9184,IME Life Insurance Company Limited,ILI,58.0,6364.0,415.0,0.484261501,413.0,,,,,,,,,,,,,,,,,,,,,,7,"price_volume, live_market, summary, top_gainers, top_losers, nepse_index, supply_demand",5649
2026-08-20T14:50:54.388993+05:45,2026-08-20 14:50:54,price_volume,price_volume_89,True,cloud_automated,Thursday - Trading Hours: 11:00 AM - 3:00 PM NPT,418,Jyoti Bikas Bank Limited,JBBL,58.0,13488.0,335.0,0.239377618,334.2,,,,,,,,,,,,,,,,,,,,,,7,"price_volume, live_market, summary, top_gainers, top_losers, nepse_index, supply_demand",5649
2026-08-20T14:50:54.388993+05:45,2026-08-20 14:50:54,price_volume,price_volume_90,True,cloud_automated,Thursday - Trading Hours: 11:00 AM - 3:00 PM NPT,4951,Jeevan Bikas Laghubitta  Bittya Sanstha Ltd,JBLB,58.0,1020.0,1275.0,0.14137606,1273.2,,,,,,,,,,,,,,,,,,,,,,7,"price_volume, live_market, summary, top_gainers, top_losers, nepse_index, supply_demand",5649
2026-08-20T14:50:54.388993+05:45,2026-08-20 14:50:54,price_volume,price_volume_91,True,cloud_automated,Thursday - Trading Hours: 11:00 AM - 3:00 PM NPT,250,Janaki Finance Company Limited,JFL,58.0,1825.0,381.0,-0.183390097,381.7,,,,,,,,,,,,,,,,,,,,,,7,"price_volume, live_market, summary, top_gainers, top_losers, nepse_index, supply_demand",5649
2026-08-20T14:50:54.388993+05:45,2026-08-20 14:50:54,price_volume,price_volume_92,True,cloud_automated,Thursday - Trading Hours: 11:00 AM - 3:00 PM NPT,9300,Jhapa Energy Limited,JHAPA,58.0,4541.0,1025.0,-1.913875598,1045.0,,,,,,,,,,,,,,,,,,,,,,7,"price_volume, live_market, summary, top_gainers, top_losers, nepse_index, supply_demand",5649
2026-08-20T14:50:54.388993+05:45,2026-08-20 14:50:54,price_volume,price_volume_93,True,cloud_automated,Thursday - Trading Hours: 11:00 AM - 3:00 PM NPT,2789,Joshi Hydropower Development Company Ltd,JOSHI,58.0,32890.0,263.2,-3.58974359,273.0,,,,,,,,,,,,,,,,,,,,,,7,"price_volume, live_market, summary, top_gainers, top_losers, nepse_index, supply_demand",5649
2026-08-20T14:50:54.388993+05:45,2026-08-20 14:50:54,price_volume,price_volume_94,True,cloud_automated,Thursday - Trading Hours: 11:00 AM - 3:00 PM NPT,695,Janautthan Samudayic Laghubitta Bittya Sanstha Limited,JSLBB,58.0,68.0,950.0,-1.041666667,960.0,,,,,,,,,,,,,,,,,,,,,,7,"price_volume, live_market, summary, top_gainers, top_losers, nepse_index, supply_demand",5649
2026-08-20T14:50:54.388993+05:45,2026-08-20 14:50:54,price_volume,price_volume_95,True,cloud_automated,Thursday - Trading Hours: 11:00 AM - 3:00 PM NPT,9346,Kalanga Hydro Limited,KAHL,58.0,20805.0,540.0,-1.818181818,550.0,,,,,,,,,,,,,,,,,,,,,,7,"price_volume, live_market, summary, top_gainers, top_losers, nepse_index, supply_demand",5649
2026-08-20T14:50:54.388993+05:45,2026-08-20 14:50:54,price_volume,price_volume_96,True,cloud_automated,Thursday - Trading Hours: 11:00 AM - 3:00 PM NPT,142,Kumari Bank Limited,KBL,58.0,116372.0,216.0,0.887435778,214.1,,,,,,,,,,,,,,,,,,,,,,7,"price_volume, live_market, summary, top_gainers, top_losers, nepse_index, supply_demand",5649
2026-08-20T14:50:54.388993+05:45,2026-08-20 14:50:54,price_volume,price_volume_97,True,cloud_automated,Thursday - Trading Hours: 11:00 AM - 3:00 PM NPT,9196,Kutheli Bukhari Small Hydropower Limited,KBSH,58.0,9033.0,935.0,-0.213447172,937.0,,,,,,,,,,,,,,,,,,,,,,7,"price_volume, live_market, summary, top_gainers, top_losers, nepse_index, supply_demand",5649
2026-08-20T14:50:54.388993+05:45,2026-08-20 14:50:54,price_volume,price_volume_98,True,cloud_automated,Thursday - Trading Hours: 11:00 AM - 3:00 PM NPT,9151,Kalinchowk Darshan Limited,KDL,58.0,675.0,763.2,-1.776061776,777.0,,,,,,,,,,,,,,,,,,,,,,7,"price_volume, live_market, summary, top_gainers, top_losers, nepse_index, supply_demand",5649
2026-08-20T14:50:54.388993+05:45,2026-08-20 14:50:54,price_volume,price_volume_99,True,cloud_automated,Thursday - Trading Hours: 11:00 AM - 3:00 PM NPT,9334,Kalinchock Hydropower Limited,KHPL,58.0,3882.0,782.4,-0.331210191,785.0,,,,,,,,,,,,,,,,,,,,,,7,"price_volume, live_market, summary, top_gainers, top_losers, nepse_index, supply_demand",5649
2026-08-20T14:50:54.388993+05:45,2026-08-20 14:50:54,price_volume,price_volume_100,True,cloud_automated,Thursday - Trading Hours: 11:00 AM - 3:00 PM NPT,2751,Khanikhola Hydropower Co. Ltd.,KKHC,58.0,244974.0,279.0,-5.902192243,296.5,,,,,,,,,,,,,,,,,,,,,,7,"price_volume, live_market, summary, top_gainers, top_losers, nepse_index, supply_demand",5649
2026-08-20T14:50:54.388993+05:45,2026-08-20 14:50:54,price_volume,price_volume_101,True,cloud_automated,Thursday - Trading Hours: 11:00 AM - 3:00 PM NPT,593,Kalika Laghubitta Bittiya Sanstha Ltd,KMCDB,58.0,311.0,783.0,-0.25477707,785.0,,,,,,,,,,,,,,,,,,,,,,7,"price_volume, live_market, summary, top_gainers, top_losers, nepse_index, supply_demand",5649
2026-08-20T14:50:54.388993+05:45,2026-08-20 14:50:54,price_volume,price_volume_102,True,cloud_automated,Thursday - Trading Hours: 11:00 AM - 3:00 PM NPT,2787,Kalika power Company Ltd,KPCL,58.0,3467.0,465.3,0.932754881,461.0,,,,,,,,,,,,,,,,,,,,,,7,"price_volume, live_market, summary, top_gainers, top_losers, nepse_index, supply_demand",5649
2026-08-20T14:50:54.388993+05:45,2026-08-20 14:50:54,price_volume,price_volume_103,True,cloud_automated,Thursday - Trading Hours: 11:00 AM - 3:00 PM NPT,459,Kamana Sewa Bikas Bank Limited,KSBBL,58.0,9891.0,476.3,-0.563674322,479.0,,,,,,,,,,,,,,,,,,,,,,7,"price_volume, live_market, summary, top_gainers, top_losers, nepse_index, supply_demand",5649
2026-08-20T14:50:54.388993+05:45,2026-08-20 14:50:54,price_volume,price_volume_104,True,cloud_automated,Thursday - Trading Hours: 11:00 AM - 3:00 PM NPT,358,Lumbini Bikas Bank Ltd.,LBBL,58.0,20270.0,478.3,-0.354166667,480.0,,,,,,,,,,,,,,,,,,,,,,7,"price_volume, live_market, summary, top_gainers, top_losers, nepse_index, supply_demand",5649
2026-08-20T14:50:54.388993+05:45,2026-08-20 14:50:54,price_volume,price_volume_105,True,cloud_automated,Thursday - Trading Hours: 11:00 AM - 3:00 PM NPT,2903,Liberty Energy Company Limited,LEC,58.0,91805.0,221.6,0.316885469,220.9,,,,,,,,,,,,,,,,,,,,,,7,"price_volume, live_market, summary, top_gainers, top_losers, nepse_index, supply_demand",5649
2026-08-20T14:50:54.388993+05:45,2026-08-20 14:50:54,price_volume,price_volume_106,True,cloud_automated,Thursday - Trading Hours: 11:00 AM - 3:00 PM NPT,188,Life Insurance Corporation (Nepal) Limited,LICN,58.0,5644.0,765.0,-1.162790698,774.0,,,,,,,,,,,,,,,,,,,,,,7,"price_volume, live_market, summary, top_gainers, top_losers, nepse_index, supply_demand",5649
2026-08-20T14:50:54.388993+05:45,2026-08-20 14:50:54,price_volume,price_volume_107,True,cloud_automated,Thursday - Trading Hours: 11:00 AM - 3:00 PM NPT,618,Laxmi Laghubitta Bittiya Sanstha Ltd.,LLBS,58.0,487.0,855.0,-0.823570351,862.1,,,,,,,,,,,,,,,,,,,,,,7,"price_volume, live_market, summary, top_gainers, top_losers, nepse_index, supply_demand",5649
2026-08-20T14:50:54.388993+05:45,2026-08-20 14:50:54,price_volume,price_volume_108,True,cloud_automated,Thursday - Trading Hours: 11:00 AM - 3:00 PM NPT,141,Laxmi Sunrise Bank Limited,LSL,58.0,59465.0,220.0,0.963744837,217.9,,,,,,,,,,,,,,,,,,,,,,7,"price_volume, live_market, summary, top_gainers, top_losers, nepse_index, supply_demand",5649
2026-08-20T14:50:54.388993+05:45,2026-08-20 14:50:54,price_volume,price_volume_109,True,cloud_automated,Thursday - Trading Hours: 11:00 AM - 3:00 PM NPT,9287,Mabilung Energy Limited,MABEL,58.0,3830.0,605.0,0.165562914,604.0,,,,,,,,,,,,,,,,,,,,,,7,"price_volume, live_market, summary, top_gainers, top_losers, nepse_index, supply_demand",5649
2026-08-20T14:50:54.388993+05:45,2026-08-20 14:50:54,price_volume,price_volume_110,True,cloud_automated,Thursday - Trading Hours: 11:00 AM - 3:00 PM NPT,9166,Makar Jitumaya Suri Hydropower Limited,MAKAR,58.0,30822.0,416.0,2.236421725,406.9,,,,,,,,,,,,,,,,,,,,,,7,"price_volume, live_market, summary, top_gainers, top_losers, nepse_index, supply_demand",5649
2026-08-20T14:50:54.388993+05:45,2026-08-20 14:50:54,price_volume,price_volume_111,True,cloud_automated,Thursday - Trading Hours: 11:00 AM - 3:00 PM NPT,9212,Mandu Hydropower Limited,MANDU,58.0,9834.0,823.9,2.858926342,801.0,,,,,,,,,,,,,,,,,,,,,,7,"price_volume, live_market, summary, top_gainers, top_losers, nepse_index, supply_demand",5649
2026-08-20T14:50:54.388993+05:45,2026-08-20 14:50:54,price_volume,price_volume_112,True,cloud_automated,Thursday - Trading Hours: 11:00 AM - 3:00 PM NPT,694,Matribhumi Lagubitta Bittiya Sanstha Limited,MATRI,58.0,328.0,805.0,0.374064838,802.0,,,,,,,,,,,,,,,,,,,,,,7,"price_volume, live_market, summary, top_gainers, top_losers, nepse_index, supply_demand",5649
2026-08-20T14:50:54.388993+05:45,2026-08-20 14:50:54,price_volume,price_volume_113,True,cloud_automated,Thursday - Trading Hours: 11:00 AM - 3:00 PM NPT,8031,Madhya Bhotekoshi Jalavidyut Company Limited,MBJC,58.0,8962.0,263.4,-0.227272727,264.0,,,,,,,,,,,,,,,,,,,,,,7,"price_volume, live_market, summary, top_gainers, top_losers, nepse_index, supply_demand",5649
2026-08-20T14:50:54.388993+05:45,2026-08-20 14:50:54,price_volume,price_volume_114,True,cloud_automated,Thursday - Trading Hours: 11:00 AM - 3:00 PM NPT,140,Machhapuchhre Bank Limited,MBL,58.0,131261.0,249.0,0.241545894,248.4,,,,,,,,,,,,,,,,,,,,,,7,"price_volume, live_market, summary, top_gainers, top_losers, nepse_index, supply_demand",5649
2026-08-20T14:50:54.388993+05:45,2026-08-20 14:50:54,price_volume,price_volume_115,True,cloud_automated,Thursday - Trading Hours: 11:00 AM - 3:00 PM NPT,9175,Menchhiyam Hydropower Limited,MCHL,58.0,3270.0,276.0,-2.127659574,282.0,,,,,,,,,,,,,,,,,,,,,,7,"price_volume, live_market, summary, top_gainers, top_losers, nepse_index, supply_demand",5649
2026-08-20T14:50:54.388993+05:45,2026-08-20 14:50:54,price_volume,price_volume_116,True,cloud_automated,Thursday - Trading Hours: 11:00 AM - 3:00 PM NPT,371,Miteri Development Bank Limited,MDB,58.0,14221.0,566.0,-0.78878177,570.5,,,,,,,,,,,,,,,,,,,,,,7,"price_volume, live_market, summary, top_gainers, top_losers, nepse_index, supply_demand",5649
2026-08-20T14:50:54.388993+05:45,2026-08-20 14:50:54,price_volume,price_volume_117,True,cloud_automated,Thursday - Trading Hours: 11:00 AM - 3:00 PM NPT,9203,Manakamana Engineering Hydropower Limited,MEHL,58.0,146441.0,250.1,-3.436293436,259.0,,,,,,,,,,,,,,,,,,,,,,7,"price_volume, live_market, summary, top_gainers, top_losers, nepse_index, supply_demand",5649
2026-08-20T14:50:54.388993+05:45,2026-08-20 14:50:54,price_volume,price_volume_118,True,cloud_automated,Thursday - Trading Hours: 11:00 AM - 3:00 PM NPT,9179,Modi Energy Limited,MEL,58.0,18704.0,204.0,-0.922778048,205.9,,,,,,,,,,,,,,,,,,,,,,7,"price_volume, live_market, summary, top_gainers, top_losers, nepse_index, supply_demand",5649
2026-08-20T14:50:54.388993+05:45,2026-08-20 14:50:54,price_volume,price_volume_119,True,cloud_automated,Thursday - Trading Hours: 11:00 AM - 3:00 PM NPT,2913,Mountain Energy Nepal Limited,MEN,58.0,188386.0,636.0,1.451587175,626.9,,,,,,,,,,,,,,,,,,,,,,7,"price_volume, live_market, summary, top_gainers, top_losers, nepse_index, supply_demand",5649
2026-08-20T14:50:54.388993+05:45,2026-08-20 14:50:54,price_volume,price_volume_120,True,cloud_automated,Thursday - Trading Hours: 11:00 AM - 3:00 PM NPT,9352,Mount Everest Power Development Limited,MEPDL,58.0,28510.0,797.6,14.994232987,693.6,,,,,,,,,,,,,,,,,,,,,,7,"price_volume, live_market, summary, top_gainers, top_losers, nepse_index, supply_demand",5649
2026-08-20T14:50:54.388993+05:45,2026-08-20 14:50:54,price_volume,price_volume_121,True,cloud_automated,Thursday - Trading Hours: 11:00 AM - 3:00 PM NPT,1741,Mero Microfinance Bittiya Sanstha Ltd.,MERO,58.0,3665.0,641.6,-0.681114551,646.0,,,,,,,,,,,,,,,,,,,,,,7,"price_volume, live_market, summary, top_gainers, top_losers, nepse_index, supply_demand",5649
2026-08-20T14:50:54.388993+05:45,2026-08-20 14:50:54,price_volume,price_volume_122,True,cloud_automated,Thursday - Trading Hours: 11:00 AM - 3:00 PM NPT,516,Manjushree Finance Ltd.,MFIL,58.0,16296.0,747.5,-0.053483086,747.9,,,,,,,,,,,,,,,,,,,,,,7,"price_volume, live_market, summary, top_gainers, top_losers, nepse_index, supply_demand",5649
2026-08-20T14:50:54.388993+05:45,2026-08-20 14:50:54,price_volume,price_volume_123,True,cloud_automated,Thursday - Trading Hours: 11:00 AM - 3:00 PM NPT,9158,Molung Hydropower Company Limited,MHCL,58.0,1465.0,305.0,0.593667546,303.2,,,,,,,,,,,,,,,,,,,,,,7,"price_volume, live_market, summary, top_gainers, top_losers, nepse_index, supply_demand",5649
2026-08-20T14:50:54.388993+05:45,2026-08-20 14:50:54,price_volume,price_volume_124,True,cloud_automated,Thursday - Trading Hours: 11:00 AM - 3:00 PM NPT,8102,Mandakini Hydropower Limited,MHL,58.0,1408.0,465.0,0.0,465.0,,,,,,,,,,,,,,,,,,,,,,7,"price_volume, live_market, summary, top_gainers, top_losers, nepse_index, supply_demand",5649
2026-08-20T14:50:54.388993+05:45,2026-08-20 14:50:54,price_volume,price_volume_125,True,cloud_automated,Thursday - Trading Hours: 11:00 AM - 3:00 PM NPT,2811,Mountain Hydro Nepal Limited,MHNL,58.0,10605.0,244.0,0.660066007,242.4,,,,,,,,,,,,,,,,,,,,,,7,"price_volume, live_market, summary, top_gainers, top_losers, nepse_index, supply_demand",5649
2026-08-20T14:50:54.388993+05:45,2026-08-20 14:50:54,price_volume,price_volume_126,True,cloud_automated,Thursday - Trading Hours: 11:00 AM - 3:00 PM NPT,9230,Muktinath Krishi Company Limited,MKCL,58.0,1344.0,973.0,-0.205128205,975.0,,,,,,,,,,,,,,,,,,,,,,7,"price_volume, live_market, summary, top_gainers, top_losers, nepse_index, supply_demand",5649
2026-08-20T14:50:54.388993+05:45,2026-08-20 14:50:54,price_volume,price_volume_127,True,cloud_automated,Thursday - Trading Hours: 11:00 AM - 3:00 PM NPT,9149,Maya Khola Hydropower Company Limited,MKHC,58.0,13795.0,259.2,-0.689655172,261.0,,,,,,,,,,,,,,,,,,,,,,7,"price_volume, live_market, summary, top_gainers, top_losers, nepse_index, supply_demand",5649
2026-08-20T14:50:54.388993+05:45,2026-08-20 14:50:54,price_volume,price_volume_128,True,cloud_automated,Thursday - Trading Hours: 11:00 AM - 3:00 PM NPT,9167,Mai Khola Hydropower Limited,MKHL,58.0,4533.0,494.0,-0.423301754,496.1,,,,,,,,,,,,,,,,,,,,,,7,"price_volume, live_market, summary, top_gainers, top_losers, nepse_index, supply_demand",5649
2026-08-20T14:50:54.388993+05:45,2026-08-20 14:50:54,price_volume,price_volume_129,True,cloud_automated,Thursday - Trading Hours: 11:00 AM - 3:00 PM NPT,8005,Mailung Khola Jal Vidhyut Company Limited,MKJC,58.0,5381.0,433.0,-1.590909091,440.0,,,,,,,,,,,,,,,,,,,,,,7,"price_volume, live_market, summary, top_gainers, top_losers, nepse_index, supply_demand",5649
2026-08-20T14:50:54.388993+05:45,2026-08-20 14:50:54,price_volume,price_volume_130,True,cloud_automated,Thursday - Trading Hours: 11:00 AM - 3:00 PM NPT,601,Mithila LaghuBitta Bittiya Sanstha Limited,MLBBL,58.0,1216.0,1015.0,-1.446742402,1029.9,,,,,,,,,,,,,,,,,,,,,,7,"price_volume, live_market, summary, top_gainers, top_losers, nepse_index, supply_demand",5649
2026-08-20T14:50:54.388993+05:45,2026-08-20 14:50:54,price_volume,price_volume_131,True,cloud_automated,Thursday - Trading Hours: 11:00 AM - 3:00 PM NPT,401,Mahalaxmi Bikas Bank Ltd.,MLBL,58.0,4811.0,347.0,-0.287356322,348.0,,,,,,,,,,,,,,,,,,,,,,7,"price_volume, live_market, summary, top_gainers, top_losers, nepse_index, supply_demand",5649
2026-08-20T14:50:54.388993+05:45,2026-08-20 14:50:54,price_volume,price_volume_132,True,cloud_automated,Thursday - Trading Hours: 11:00 AM - 3:00 PM NPT,8018,Manushi Laghubitta Bittiya Sanstha Limited,MLBS,58.0,246.0,1050.0,-2.777777778,1080.0,,,,,,,,,,,,,,,,,,,,,,7,"price_volume, live_market, summary, top_gainers, top_losers, nepse_index, supply_demand",5649
2026-08-20T14:50:54.388993+05:45,2026-08-20 14:50:54,price_volume,price_volume_133,True,cloud_automated,Thursday - Trading Hours: 11:00 AM - 3:00 PM NPT,2925,Mahila Lagubitta Bittiya Sanstha Limited ,MLBSL,58.0,1020.0,1211.0,-0.574712644,1218.0,,,,,,,,,,,,,,,,,,,,,,7,"price_volume, live_market, summary, top_gainers, top_losers, nepse_index, supply_demand",5649
2026-08-20T14:50:54.388993+05:45,2026-08-20 14:50:54,price_volume,price_volume_134,True,cloud_automated,Thursday - Trading Hours: 11:00 AM - 3:00 PM NPT,9217,Mathillo Mailun Khola Jalvidhyut Limited,MMKJL,58.0,1196.0,440.0,-0.677200903,443.0,,,,,,,,,,,,,,,,,,,,,,7,"price_volume, live_market, summary, top_gainers, top_losers, nepse_index, supply_demand",5649
2026-08-20T14:50:54.388993+05:45,2026-08-20 14:50:54,price_volume,price_volume_135,True,cloud_automated,Thursday - Trading Hours: 11:00 AM - 3:00 PM NPT,474,Muktinath Bikas Bank Ltd.,MNBBL,58.0,29188.0,361.0,0.0,361.0,,,,,,,,,,,,,,,,,,,,,,7,"price_volume, live_market, summary, top_gainers, top_losers, nepse_index, supply_demand",5649
2026-08-20T14:50:54.388993+05:45,2026-08-20 14:50:54,price_volume,price_volume_136,True,cloud_automated,Thursday - Trading Hours: 11:00 AM - 3:00 PM NPT,471,Multipurpose Finance Company  Limited,MPFL,58.0,3477.0,610.0,-0.81300813,615.0,,,,,,,,,,,,,,,,,,,,,,7,"price_volume, live_market, summary, top_gainers, top_losers, nepse_index, supply_demand",5649
2026-08-20T14:50:54.388993+05:45,2026-08-20 14:50:54,price_volume,price_volume_137,True,cloud_automated,Thursday - Trading Hours: 11:00 AM - 3:00 PM NPT,9215,Mid Solu Hydropower Limited,MSHL,58.0,157.0,586.0,0.51457976,583.0,,,,,,,,,,,,,,,,,,,,,,7,"price_volume, live_market, summary, top_gainers, top_losers, nepse_index, supply_demand",5649
2026-08-20T14:50:54.388993+05:45,2026-08-20 14:50:54,price_volume,price_volume_138,True,cloud_automated,Thursday - Trading Hours: 11:00 AM - 3:00 PM NPT,2768,Mahuli Laghubitta Bittiya Sanstha Limited,MSLB,58.0,460.0,1225.0,0.549946647,1218.3,,,,,,,,,,,,,,,,,,,,,,7,"price_volume, live_market, summary, top_gainers, top_losers, nepse_index, supply_demand",5649
2026-08-20T14:50:54.388993+05:45,2026-08-20 14:50:54,price_volume,price_volume_139,True,cloud_automated,Thursday - Trading Hours: 11:00 AM - 3:00 PM NPT,172,Narayani Development Bank Limited,NABBC,58.0,8128.0,804.0,-0.037299515,804.3,,,,,,,,,,,,,,,,,,,,,,7,"price_volume, live_market, summary, top_gainers, top_losers, nepse_index, supply_demand",5649
2026-08-20T14:50:54.388993+05:45,2026-08-20 14:50:54,price_volume,price_volume_140,True,cloud_automated,Thursday - Trading Hours: 11:00 AM - 3:00 PM NPT,131,Nabil Bank Limited,NABIL,58.0,23245.0,548.3,0.054744526,548.0,,,,,,,,,,,,,,,,,,,,,,7,"price_volume, live_market, summary, top_gainers, top_losers, nepse_index, supply_demand",5649
2026-08-20T14:50:54.388993+05:45,2026-08-20 14:50:54,price_volume,price_volume_141,True,cloud_automated,Thursday - Trading Hours: 11:00 AM - 3:00 PM NPT,2784,Nadep Laghubittiya bittya Sanstha Ltd.,NADEP,58.0,575.0,709.0,0.710227273,704.0,,,,,,,,,,,,,,,,,,,,,,7,"price_volume, live_market, summary, top_gainers, top_losers, nepse_index, supply_demand",5649
2026-08-20T14:50:54.388993+05:45,2026-08-20 14:50:54,price_volume,price_volume_142,True,cloud_automated,Thursday - Trading Hours: 11:00 AM - 3:00 PM NPT,517,Nepal Bank Limited,NBL,58.0,117350.0,277.0,0.727272727,275.0,,,,,,,,,,,,,,,,,,,,,,7,"price_volume, live_market, summary, top_gainers, top_losers, nepse_index, supply_demand",5649
2026-08-20T14:50:54.388993+05:45,2026-08-20 14:50:54,price_volume,price_volume_143,True,cloud_automated,Thursday - Trading Hours: 11:00 AM - 3:00 PM NPT,8041,NESDO Sambridha Laghubitta Bittiya Sanstha Limited,NESDO,58.0,305.0,1400.0,-0.849858357,1412.0,,,,,,,,,,,,,,,,,,,,,,7,"price_volume, live_market, summary, top_gainers, top_losers, nepse_index, supply_demand",5649
2026-08-20T14:50:54.388993+05:45,2026-08-20 14:50:54,price_volume,price_volume_144,True,cloud_automated,Thursday - Trading Hours: 11:00 AM - 3:00 PM NPT,194,Nepal Finance Ltd.,NFS,58.0,4242.0,555.1,-0.269493352,556.6,,,,,,,,,,,,,,,,,,,,,,7,"price_volume, live_market, summary, top_gainers, top_losers, nepse_index, supply_demand",5649
2026-08-20T14:50:54.388993+05:45,2026-08-20 14:50:54,price_volume,price_volume_145,True,cloud_automated,Thursday - Trading Hours: 11:00 AM - 3:00 PM NPT,2743,Ngadi Group Power Ltd.,NGPL,58.0,147917.0,408.9,0.466830467,407.0,,,,,,,,,,,,,,,,,,,,,,7,"price_volume, live_market, summary, top_gainers, top_losers, nepse_index, supply_demand",5649
2026-08-20T14:50:54.388993+05:45,2026-08-20 14:50:54,price_volume,price_volume_146,True,cloud_automated,Thursday - Trading Hours: 11:00 AM - 3:00 PM NPT,2769,Nepal Hydro Developers Ltd.,NHDL,58.0,1447.0,628.0,-1.102362205,635.0,,,,,,,,,,,,,,,,,,,,,,7,"price_volume, live_market, summary, top_gainers, top_losers, nepse_index, supply_demand",5649
2026-08-20T14:50:54.388993+05:45,2026-08-20 14:50:54,price_volume,price_volume_147,True,cloud_automated,Thursday - Trading Hours: 11:00 AM - 3:00 PM NPT,152,National Hydro Power Company Limited,NHPC,58.0,148149.0,267.1,1.558935361,263.0,,,,,,,,,,,,,,,,,,,,,,7,"price_volume, live_market, summary, top_gainers, top_losers, nepse_index, supply_demand",5649
2026-08-20T14:50:54.388993+05:45,2026-08-20 14:50:54,price_volume,price_volume_148,True,cloud_automated,Thursday - Trading Hours: 11:00 AM - 3:00 PM NPT,139,NIC Asia Bank Ltd.,NICA,58.0,50143.0,316.0,0.095026924,315.7,,,,,,,,,,,,,,,,,,,,,,7,"price_volume, live_market, summary, top_gainers, top_losers, nepse_index, supply_demand",5649
2026-08-20T14:50:54.388993+05:45,2026-08-20 14:50:54,price_volume,price_volume_149,True,cloud_automated,Thursday - Trading Hours: 11:00 AM - 3:00 PM NPT,176,Nepal Insurance Co. Ltd.,NICL,58.0,8792.0,490.0,-0.970088925,494.8,,,,,,,,,,,,,,,,,,,,,,7,"price_volume, live_market, summary, top_gainers, top_losers, nepse_index, supply_demand",5649
2026-08-20T14:50:54.388993+05:45,2026-08-20 14:50:54,price_volume,price_volume_150,True,cloud_automated,Thursday - Trading Hours: 11:00 AM - 3:00 PM NPT,2887,NIC ASIA Laghubitta Bittiya Sanstha Limited,NICLBSL,58.0,2440.0,542.0,-0.895959042,546.9,,,,,,,,,,,,,,,,,,,,,,7,"price_volume, live_market, summary, top_gainers, top_losers, nepse_index, supply_demand",5649
2026-08-20T14:50:54.388993+05:45,2026-08-20 14:50:54,price_volume,price_volume_151,True,cloud_automated,Thursday - Trading Hours: 11:00 AM - 3:00 PM NPT,2919,Nepal Infrastructure Bank Limited,NIFRA,58.0,32633.0,244.0,-0.081900082,244.2,,,,,,,,,,,,,,,,,,,,,,7,"price_volume, live_market, summary, top_gainers, top_losers, nepse_index, supply_demand",5649
2026-08-20T14:50:54.388993+05:45,2026-08-20 14:50:54,price_volume,price_volume_152,True,cloud_automated,Thursday - Trading Hours: 11:00 AM - 3:00 PM NPT,183,Neco Insurance Limited,NIL,58.0,5554.0,602.0,0.0,602.0,,,,,,,,,,,,,,,,,,,,,,7,"price_volume, live_market, summary, top_gainers, top_losers, nepse_index, supply_demand",5649
2026-08-20T14:50:54.388993+05:45,2026-08-20 14:50:54,price_volume,price_volume_153,True,cloud_automated,Thursday - Trading Hours: 11:00 AM - 3:00 PM NPT,132,Nepal Investment Mega Bank Limited,NIMB,58.0,72297.0,187.6,-0.212765957,188.0,,,,,,,,,,,,,,,,,,,,,,7,"price_volume, live_market, summary, top_gainers, top_losers, nepse_index, supply_demand",5649
2026-08-20T14:50:54.388993+05:45,2026-08-20 14:50:54,price_volume,price_volume_154,True,cloud_automated,Thursday - Trading Hours: 11:00 AM - 3:00 PM NPT,559,NLG Insurance Company Ltd.,NLG,58.0,3311.0,556.5,-0.589496249,559.8,,,,,,,,,,,,,,,,,,,,,,7,"price_volume, live_market, summary, top_gainers, top_losers, nepse_index, supply_demand",5649
2026-08-20T14:50:54.388993+05:45,2026-08-20 14:50:54,price_volume,price_volume_155,True,cloud_automated,Thursday - Trading Hours: 11:00 AM - 3:00 PM NPT,187,Nepal Life Insurance Co. Ltd.,NLIC,58.0,28399.0,717.0,-0.264292669,718.9,,,,,,,,,,,,,,,,,,,,,,7,"price_volume, live_market, summary, top_gainers, top_losers, nepse_index, supply_demand",5649
2026-08-20T14:50:54.388993+05:45,2026-08-20 14:50:54,price_volume,price_volume_156,True,cloud_automated,Thursday - Trading Hours: 11:00 AM - 3:00 PM NPT,178,National Life Insurance Co. Ltd.,NLICL,58.0,13340.0,563.0,-0.371615643,565.1,,,,,,,,,,,,,,,,,,,,,,7,"price_volume, live_market, summary, top_gainers, top_losers, nepse_index, supply_demand",5649
2026-08-20T14:50:54.388993+05:45,2026-08-20 14:50:54,price_volume,price_volume_157,True,cloud_automated,Thursday - Trading Hours: 11:00 AM - 3:00 PM NPT,238,NMB Bank Limited,NMB,58.0,36247.0,240.0,0.544616674,238.7,,,,,,,,,,,,,,,,,,,,,,7,"price_volume, live_market, summary, top_gainers, top_losers, nepse_index, supply_demand",5649
2026-08-20T14:50:54.388993+05:45,2026-08-20 14:50:54,price_volume,price_volume_158,True,cloud_automated,Thursday - Trading Hours: 11:00 AM - 3:00 PM NPT,704,NMB  Microfinance Bittiya Sanstha Ltd.,NMBMF,58.0,731.0,592.2,0.372881356,590.0,,,,,,,,,,,,,,,,,,,,,,7,"price_volume, live_market, summary, top_gainers, top_losers, nepse_index, supply_demand",5649
2026-08-20T14:50:54.388993+05:45,2026-08-20 14:50:54,price_volume,price_volume_159,True,cloud_automated,Thursday - Trading Hours: 11:00 AM - 3:00 PM NPT,2746,National Laghubitta Bittiya Sanstha Limited,NMFBS,58.0,5454.0,1115.0,-0.446428571,1120.0,,,,,,,,,,,,,,,,,,,,,,7,"price_volume, live_market, summary, top_gainers, top_losers, nepse_index, supply_demand",5649
2026-08-20T14:50:54.388993+05:45,2026-08-20 14:50:54,price_volume,price_volume_160,True,cloud_automated,Thursday - Trading Hours: 11:00 AM - 3:00 PM NPT,9250,Nepal Micro Insurance Company Limited,NMIC,58.0,840.0,878.1,-0.442176871,882.0,,,,,,,,,,,,,,,,,,,,,,7,"price_volume, live_market, summary, top_gainers, top_losers, nepse_index, supply_demand",5649
2026-08-20T14:50:54.388993+05:45,2026-08-20 14:50:54,price_volume,price_volume_161,True,cloud_automated,Thursday - Trading Hours: 11:00 AM - 3:00 PM NPT,396,Nerude Mirmire Laghubitta Bittiya Sanstha Limited,NMLBBL,58.0,3398.0,500.0,-0.99009901,505.0,,,,,,,,,,,,,,,,,,,,,,7,"price_volume, live_market, summary, top_gainers, top_losers, nepse_index, supply_demand",5649
2026-08-20T14:50:54.388993+05:45,2026-08-20 14:50:54,price_volume,price_volume_162,True,cloud_automated,Thursday - Trading Hours: 11:00 AM - 3:00 PM NPT,2881,Nepal Reinsurance Company Limited,NRIC,58.0,15438.0,904.9,-0.669593853,911.0,,,,,,,,,,,,,,,,,,,,,,7,"price_volume, live_market, summary, top_gainers, top_losers, nepse_index, supply_demand",5649
2026-08-20T14:50:54.388993+05:45,2026-08-20 14:50:54,price_volume,price_volume_163,True,cloud_automated,Thursday - Trading Hours: 11:00 AM - 3:00 PM NPT,9183,Nepal Republic Media Limited,NRM,58.0,4557.0,301.0,0.0,301.0,,,,,,,,,,,,,,,,,,,,,,7,"price_volume, live_market, summary, top_gainers, top_losers, nepse_index, supply_demand",5649
2026-08-20T14:50:54.388993+05:45,2026-08-20 14:50:54,price_volume,price_volume_164,True,cloud_automated,Thursday - Trading Hours: 11:00 AM - 3:00 PM NPT,2898,NRN Infrastructure and Development Limited,NRN,58.0,16993.0,1386.0,0.507614213,1379.0,,,,,,,,,,,,,,,,,,,,,,7,"price_volume, live_market, summary, top_gainers, top_losers, nepse_index, supply_demand",5649
2026-08-20T14:50:54.388993+05:45,2026-08-20 14:50:54,price_volume,price_volume_165,True,cloud_automated,Thursday - Trading Hours: 11:00 AM - 3:00 PM NPT,307,Nepal Doorsanchar Company Limited,NTC,58.0,28421.0,899.0,1.238738739,888.0,,,,,,,,,,,,,,,,,,,,,,7,"price_volume, live_market, summary, top_gainers, top_losers, nepse_index, supply_demand",5649
2026-08-20T14:50:54.388993+05:45,2026-08-20 14:50:54,price_volume,price_volume_166,True,cloud_automated,Thursday - Trading Hours: 11:00 AM - 3:00 PM NPT,163,Nirdhan Utthan Laghubitta Bittiya Sanstha Limited,NUBL,58.0,2704.0,590.0,-0.840336134,595.0,,,,,,,,,,,,,,,,,,,,,,7,"price_volume, live_market, summary, top_gainers, top_losers, nepse_index, supply_demand",5649
2026-08-20T14:50:54.388993+05:45,2026-08-20 14:50:54,price_volume,price_volume_167,True,cloud_automated,Thursday - Trading Hours: 11:00 AM - 3:00 PM NPT,9233,Nepal Warehousing Company Limited ,NWCL,58.0,5027.0,646.8,-3.75,672.0,,,,,,,,,,,,,,,,,,,,,,7,"price_volume, live_market, summary, top_gainers, top_losers, nepse_index, supply_demand",5649
2026-08-20T14:50:54.388993+05:45,2026-08-20 14:50:54,price_volume,price_volume_168,True,cloud_automated,Thursday - Trading Hours: 11:00 AM - 3:00 PM NPT,8026,Nyadi Hydropower Limited,NYADI,58.0,3975.0,358.0,-0.555555556,360.0,,,,,,,,,,,,,,,,,,,,,,7,"price_volume, live_market, summary, top_gainers, top_losers, nepse_index, supply_demand",5649
2026-08-20T14:50:54.388993+05:45,2026-08-20 14:50:54,price_volume,price_volume_169,True,cloud_automated,Thursday - Trading Hours: 11:00 AM - 3:00 PM NPT,149,Oriental Hotels Limited,OHL,58.0,766.0,652.0,-0.290564306,653.9,,,,,,,,,,,,,,,,,,,,,,7,"price_volume, live_market, summary, top_gainers, top_losers, nepse_index, supply_demand",5649
2026-08-20T14:50:54.388993+05:45,2026-08-20 14:50:54,price_volume,price_volume_170,True,cloud_automated,Thursday - Trading Hours: 11:00 AM - 3:00 PM NPT,9256,Om Megashree Pharmaceuticals Limited,OMPL,58.0,1491.0,890.0,-1.111111111,900.0,,,,,,,,,,,,,,,,,,,,,,7,"price_volume, live_market, summary, top_gainers, top_losers, nepse_index, supply_demand",5649
2026-08-20T14:50:54.388993+05:45,2026-08-20 14:50:54,price_volume,price_volume_171,True,cloud_automated,Thursday - Trading Hours: 11:00 AM - 3:00 PM NPT,357,Prime Commercial Bank Ltd.,PCBL,58.0,13259.0,240.0,-0.207900208,240.5,,,,,,,,,,,,,,,,,,,,,,7,"price_volume, live_market, summary, top_gainers, top_losers, nepse_index, supply_demand",5649
2026-08-20T14:50:54.388993+05:45,2026-08-20 14:50:54,price_volume,price_volume_172,True,cloud_automated,Thursday - Trading Hours: 11:00 AM - 3:00 PM NPT,9330,Palpa Cement Industries Limited,PCIL,58.0,21973.0,619.2,-0.289855072,621.0,,,,,,,,,,,,,,,,,,,,,,7,"price_volume, live_market, summary, top_gainers, top_losers, nepse_index, supply_demand",5649
2026-08-20T14:50:54.388993+05:45,2026-08-20 14:50:54,price_volume,price_volume_173,True,cloud_automated,Thursday - Trading Hours: 11:00 AM - 3:00 PM NPT,8133,Peoples Hydropower Company Limited,PHCL,58.0,64566.0,304.0,1.604278075,299.2,,,,,,,,,,,,,,,,,,,,,,7,"price_volume, live_market, summary, top_gainers, top_losers, nepse_index, supply_demand",5649
2026-08-20T14:50:54.388993+05:45,2026-08-20 14:50:54,price_volume,price_volume_174,True,cloud_automated,Thursday - Trading Hours: 11:00 AM - 3:00 PM NPT,2786,Panchakanya Mai Hydropower Ltd,PMHPL,58.0,8790.0,300.5,-2.117263844,307.0,,,,,,,,,,,,,,,,,,,,,,7,"price_volume, live_market, summary, top_gainers, top_losers, nepse_index, supply_demand",5649
2026-08-20T14:50:54.388993+05:45,2026-08-20 14:50:54,price_volume,price_volume_175,True,cloud_automated,Thursday - Trading Hours: 11:00 AM - 3:00 PM NPT,2915,Prabhu Mahalaxmi Life Insurance Limited,PMLI,58.0,2120.0,424.5,-0.117647059,425.0,,,,,,,,,,,,,,,,,,,,,,7,"price_volume, live_market, summary, top_gainers, top_losers, nepse_index, supply_demand",5649
2026-08-20T14:50:54.388993+05:45,2026-08-20 14:50:54,price_volume,price_volume_176,True,cloud_automated,Thursday - Trading Hours: 11:00 AM - 3:00 PM NPT,2813,Panchthar Power Compant Limited,PPCL,58.0,6450.0,332.0,-0.895522388,335.0,,,,,,,,,,,,,,,,,,,,,,7,"price_volume, live_market, summary, top_gainers, top_losers, nepse_index, supply_demand",5649
2026-08-20T14:50:54.388993+05:45,2026-08-20 14:50:54,price_volume,price_volume_177,True,cloud_automated,Thursday - Trading Hours: 11:00 AM - 3:00 PM NPT,8122,People's Power Limited,PPL,58.0,12323.0,312.0,-0.952380952,315.0,,,,,,,,,,,,,,,,,,,,,,7,"price_volume, live_market, summary, top_gainers, top_losers, nepse_index, supply_demand",5649
2026-08-20T14:50:54.388993+05:45,2026-08-20 14:50:54,price_volume,price_volume_178,True,cloud_automated,Thursday - Trading Hours: 11:00 AM - 3:00 PM NPT,184,Prabhu Insurance Ltd.,PRIN,58.0,3564.0,657.8,0.274390244,656.0,,,,,,,,,,,,,,,,,,,,,,7,"price_volume, live_market, summary, top_gainers, top_losers, nepse_index, supply_demand",5649
2026-08-20T14:50:54.388993+05:45,2026-08-20 14:50:54,price_volume,price_volume_179,True,cloud_automated,Thursday - Trading Hours: 11:00 AM - 3:00 PM NPT,338,Progressive Finance Limited,PROFL,58.0,2760.0,405.0,-0.491400491,407.0,,,,,,,,,,,,,,,,,,,,,,7,"price_volume, live_market, summary, top_gainers, top_losers, nepse_index, supply_demand",5649
2026-08-20T14:50:54.388993+05:45,2026-08-20 14:50:54,price_volume,price_volume_180,True,cloud_automated,Thursday - Trading Hours: 11:00 AM - 3:00 PM NPT,255,Prabhu  Bank Limited,PRVU,58.0,81305.0,183.0,0.549450549,182.0,,,,,,,,,,,,,,,,,,,,,,7,"price_volume, live_market, summary, top_gainers, top_losers, nepse_index, supply_demand",5649
2026-08-20T14:50:54.388993+05:45,2026-08-20 14:50:54,price_volume,price_volume_181,True,cloud_automated,Thursday - Trading Hours: 11:00 AM - 3:00 PM NPT,9258,Pure Energy Limited,PURE,58.0,6998.0,790.0,-3.043691703,814.8,,,,,,,,,,,,,,,,,,,,,,7,"price_volume, live_market, summary, top_gainers, top_losers, nepse_index, supply_demand",5649
2026-08-20T14:50:54.388993+05:45,2026-08-20 14:50:54,price_volume,price_volume_182,True,cloud_automated,Thursday - Trading Hours: 11:00 AM - 3:00 PM NPT,2776,Radhi Bidyut Company Ltd,RADHI,58.0,73877.0,719.0,1.553672316,708.0,,,,,,,,,,,,,,,,,,,,,,7,"price_volume, live_market, summary, top_gainers, top_losers, nepse_index, supply_demand",5649
2026-08-20T14:50:54.388993+05:45,2026-08-20 14:50:54,price_volume,price_volume_183,True,cloud_automated,Thursday - Trading Hours: 11:00 AM - 3:00 PM NPT,9181,Rawa Energy Development Limited,RAWA,58.0,6455.0,419.1,-0.804733728,422.5,,,,,,,,,,,,,,,,,,,,,,7,"price_volume, live_market, summary, top_gainers, top_losers, nepse_index, supply_demand",5649
2026-08-20T14:50:54.388993+05:45,2026-08-20 14:50:54,price_volume,price_volume_184,True,cloud_automated,Thursday - Trading Hours: 11:00 AM - 3:00 PM NPT,177,Rastriya Beema Company Limited,RBCL,58.0,20.0,13815.0,-1.671898021,14049.9,,,,,,,,,,,,,,,,,,,,,,7,"price_volume, live_market, summary, top_gainers, top_losers, nepse_index, supply_demand",5649
2026-08-20T14:50:54.388993+05:45,2026-08-20 14:50:54,price_volume,price_volume_185,True,cloud_automated,Thursday - Trading Hours: 11:00 AM - 3:00 PM NPT,8066,River Falls Power Limited,RFPL,58.0,19315.0,340.0,2.409638554,332.0,,,,,,,,,,,,,,,,,,,,,,7,"price_volume, live_market, summary, top_gainers, top_losers, nepse_index, supply_demand",5649
2026-08-20T14:50:54.388993+05:45,2026-08-20 14:50:54,price_volume,price_volume_186,True,cloud_automated,Thursday - Trading Hours: 11:00 AM - 3:00 PM NPT,8108,Rapti Hydro And General Construction Limited,RHGCL,58.0,5683.0,251.7,-0.513833992,253.0,,,,,,,,,,,,,,,,,,,,,,7,"price_volume, live_market, summary, top_gainers, top_losers, nepse_index, supply_demand",5649
2026-08-20T14:50:54.388993+05:45,2026-08-20 14:50:54,price_volume,price_volume_187,True,cloud_automated,Thursday - Trading Hours: 11:00 AM - 3:00 PM NPT,2841,RASUWAGADHI HYDROPOWER COMPANY LIMITED,RHPL,58.0,25730.0,250.0,-0.675407231,251.7,,,,,,,,,,,,,,,,,,,,,,7,"price_volume, live_market, summary, top_gainers, top_losers, nepse_index, supply_demand",5649
2026-08-20T14:50:54.388993+05:45,2026-08-20 14:50:54,price_volume,price_volume_188,True,cloud_automated,Thursday - Trading Hours: 11:00 AM - 3:00 PM NPT,610,Ridi Power Company Limited,RIDI,58.0,229337.0,363.9,0.719623582,361.3,,,,,,,,,,,,,,,,,,,,,,7,"price_volume, live_market, summary, top_gainers, top_losers, nepse_index, supply_demand",5649
2026-08-20T14:50:54.388993+05:45,2026-08-20 14:50:54,price_volume,price_volume_189,True,cloud_automated,Thursday - Trading Hours: 11:00 AM - 3:00 PM NPT,9324,Ridge Line Energy Limited,RLEL,58.0,17375.0,894.0,0.573742828,888.9,,,,,,,,,,,,,,,,,,,,,,7,"price_volume, live_market, summary, top_gainers, top_losers, nepse_index, supply_demand",5649
2026-08-20T14:50:54.388993+05:45,2026-08-20 14:50:54,price_volume,price_volume_190,True,cloud_automated,Thursday - Trading Hours: 11:00 AM - 3:00 PM NPT,587,Reliance Finance Ltd.,RLFL,58.0,10394.0,437.0,-1.354401806,443.0,,,,,,,,,,,,,,,,,,,,,,7,"price_volume, live_market, summary, top_gainers, top_losers, nepse_index, supply_demand",5649
2026-08-20T14:50:54.388993+05:45,2026-08-20 14:50:54,price_volume,price_volume_191,True,cloud_automated,Thursday - Trading Hours: 11:00 AM - 3:00 PM NPT,9199,Reliable Nepal Life Insurance Limited,RNLI,58.0,8903.0,426.0,1.09159943,421.4,,,,,,,,,,,,,,,,,,,,,,7,"price_volume, live_market, summary, top_gainers, top_losers, nepse_index, supply_demand",5649
2026-08-20T14:50:54.388993+05:45,2026-08-20 14:50:54,price_volume,price_volume_192,True,cloud_automated,Thursday - Trading Hours: 11:00 AM - 3:00 PM NPT,2748,RSDC Laghubitta Bittiya Sanstha Ltd.,RSDC,58.0,807.0,634.9,1.050453605,628.3,,,,,,,,,,,,,,,,,,,,,,7,"price_volume, live_market, summary, top_gainers, top_losers, nepse_index, supply_demand",5649
2026-08-20T14:50:54.388993+05:45,2026-08-20 14:50:54,price_volume,price_volume_193,True,cloud_automated,Thursday - Trading Hours: 11:00 AM - 3:00 PM NPT,9306,Reliance Spinning Mills Limited,RSML,58.0,102854.0,2792.0,3.025830258,2710.0,,,,,,,,,,,,,,,,,,,,,,7,"price_volume, live_market, summary, top_gainers, top_losers, nepse_index, supply_demand",5649
2026-08-20T14:50:54.388993+05:45,2026-08-20 14:50:54,price_volume,price_volume_194,True,cloud_automated,Thursday - Trading Hours: 11:00 AM - 3:00 PM NPT,2935,Ru Ru Jalbidhyut Pariyojana Limited,RURU,58.0,7453.0,604.9,0.816666667,600.0,,,,,,,,,,,,,,,,,,,,,,7,"price_volume, live_market, summary, top_gainers, top_losers, nepse_index, supply_demand",5649
2026-08-20T14:50:54.388993+05:45,2026-08-20 14:50:54,price_volume,price_volume_195,True,cloud_automated,Thursday - Trading Hours: 11:00 AM - 3:00 PM NPT,9305,Salapa Bikas Bank Limited,SABBL,58.0,10716.0,930.0,-1.063829787,940.0,,,,,,,,,,,,,,,,,,,,,,7,"price_volume, live_market, summary, top_gainers, top_losers, nepse_index, supply_demand",5649
2026-08-20T14:50:54.388993+05:45,2026-08-20 14:50:54,price_volume,price_volume_196,True,cloud_automated,Thursday - Trading Hours: 11:00 AM - 3:00 PM NPT,472,Shangrila Development Bank Ltd.,SADBL,58.0,7239.0,404.0,0.0,404.0,,,,,,,,,,,,,,,,,,,,,,7,"price_volume, live_market, summary, top_gainers, top_losers, nepse_index, supply_demand",5649
2026-08-20T14:50:54.388993+05:45,2026-08-20 14:50:54,price_volume,price_volume_197,True,cloud_automated,Thursday - Trading Hours: 11:00 AM - 3:00 PM NPT,9294,Sagar Distillery Limited,SAGAR,58.0,3780.0,1569.0,-0.696202532,1580.0,,,,,,,,,,,,,,,,,,,,,,7,"price_volume, live_market, summary, top_gainers, top_losers, nepse_index, supply_demand",5649
2026-08-20T14:50:54.388993+05:45,2026-08-20 14:50:54,price_volume,price_volume_198,True,cloud_automated,Thursday - Trading Hours: 11:00 AM - 3:00 PM NPT,8021,Sahas Urja Limited,SAHAS,58.0,218469.0,709.3,1.184022825,701.0,,,,,,,,,,,,,,,,,,,,,,7,"price_volume, live_market, summary, top_gainers, top_losers, nepse_index, supply_demand",5649
2026-08-20T14:50:54.388993+05:45,2026-08-20 14:50:54,price_volume,price_volume_199,True,cloud_automated,Thursday - Trading Hours: 11:00 AM - 3:00 PM NPT,9301,Shreenagar Agritech Industries Limited,SAIL,58.0,19392.0,1041.0,1.077774541,1029.9,,,,,,,,,,,,,,,,,,,,,,7,"price_volume, live_market, summary, top_gainers, top_losers, nepse_index, supply_demand",5649
2026-08-20T14:50:54.388993+05:45,2026-08-20 14:50:54,price_volume,price_volume_200,True,cloud_automated,Thursday - Trading Hours: 11:00 AM - 3:00 PM NPT,185,Sagarmatha Lumbini Insurance Co. Limited,SALICO,58.0,2243.0,581.2,-1.741335587,591.5,,,,,,,,,,,,,,,,,,,,,,7,"price_volume, live_market, summary, top_gainers, top_losers, nepse_index, supply_demand",5649
2026-08-20T14:50:54.388993+05:45,2026-08-20 14:50:54,price_volume,price_volume_201,True,cloud_automated,Thursday - Trading Hours: 11:00 AM - 3:00 PM NPT,171,Sanima Bank Limited,SANIMA,58.0,51720.0,370.4,0.081059173,370.1,,,,,,,,,,,,,,,,,,,,,,7,"price_volume, live_market, summary, top_gainers, top_losers, nepse_index, supply_demand",5649
2026-08-20T14:50:54.388993+05:45,2026-08-20 14:50:54,price_volume,price_volume_202,True,cloud_automated,Thursday - Trading Hours: 11:00 AM - 3:00 PM NPT,9263,Sanvi Energy Limited,SANVI,58.0,4995.0,585.0,-0.847457627,590.0,,,,,,,,,,,,,,,,,,,,,,7,"price_volume, live_market, summary, top_gainers, top_losers, nepse_index, supply_demand",5649
2026-08-20T14:50:54.388993+05:45,2026-08-20 14:50:54,price_volume,price_volume_203,True,cloud_automated,Thursday - Trading Hours: 11:00 AM - 3:00 PM NPT,2860,Saptakoshi Development Bank Ltd,SAPDBL,58.0,32557.0,718.5,-3.297442799,743.0,,,,,,,,,,,,,,,,,,,,,,7,"price_volume, live_market, summary, top_gainers, top_losers, nepse_index, supply_demand",5649
2026-08-20T14:50:54.388993+05:45,2026-08-20 14:50:54,price_volume,price_volume_204,True,cloud_automated,Thursday - Trading Hours: 11:00 AM - 3:00 PM NPT,9353,Sarvottam Paints Industries Limited,SAPIL,58.0,180.0,693.6,14.986737401,603.2,,,,,,,,,,,,,,,,,,,,,,7,"price_volume, live_market, summary, top_gainers, top_losers, nepse_index, supply_demand",5649
2026-08-20T14:50:54.388993+05:45,2026-08-20 14:50:54,price_volume,price_volume_205,True,cloud_automated,Thursday - Trading Hours: 11:00 AM - 3:00 PM NPT,9242,Sarbottam Cement Limited,SARBTM,58.0,3458.0,776.2,-0.474419797,779.9,,,,,,,,,,,,,,,,,,,,,,7,"price_volume, live_market, summary, top_gainers, top_losers, nepse_index, supply_demand",5649
2026-08-20T14:50:54.388993+05:45,2026-08-20 14:50:54,price_volume,price_volume_206,True,cloud_automated,Thursday - Trading Hours: 11:00 AM - 3:00 PM NPT,135,Nepal SBI Bank Limited,SBI,58.0,8804.0,402.5,0.374064838,401.0,,,,,,,,,,,,,,,,,,,,,,7,"price_volume, live_market, summary, top_gainers, top_losers, nepse_index, supply_demand",5649
2026-08-20T14:50:54.388993+05:45,2026-08-20 14:50:54,price_volume,price_volume_207,True,cloud_automated,Thursday - Trading Hours: 11:00 AM - 3:00 PM NPT,145,Siddhartha Bank Limited,SBL,58.0,97040.0,412.2,0.979911808,408.2,,,,,,,,,,,,,,,,,,,,,,7,"price_volume, live_market, summary, top_gainers, top_losers, nepse_index, supply_demand",5649
2026-08-20T14:50:54.388993+05:45,2026-08-20 14:50:54,price_volume,price_volume_208,True,cloud_automated,Thursday - Trading Hours: 11:00 AM - 3:00 PM NPT,133,Standard Chartered Bank Limited,SCB,58.0,5002.0,650.0,0.0,650.0,,,,,,,,,,,,,,,,,,,,,,7,"price_volume, live_market, summary, top_gainers, top_losers, nepse_index, supply_demand",5649
2026-08-20T14:50:54.388993+05:45,2026-08-20 14:50:54,price_volume,price_volume_209,True,cloud_automated,Thursday - Trading Hours: 11:00 AM - 3:00 PM NPT,8100,Swet-Ganga Hydropower & Construction Limited ,SGHC,58.0,49096.0,300.0,0.63737001,298.1,,,,,,,,,,,,,,,,,,,,,,7,"price_volume, live_market, summary, top_gainers, top_losers, nepse_index, supply_demand",5649
2026-08-20T14:50:54.388993+05:45,2026-08-20 14:50:54,price_volume,price_volume_210,True,cloud_automated,Thursday - Trading Hours: 11:00 AM - 3:00 PM NPT,9345,Sanigad Hydro Limited,SGHL,58.0,55633.0,531.0,-1.465949156,538.9,,,,,,,,,,,,,,,,,,,,,,7,"price_volume, live_market, summary, top_gainers, top_losers, nepse_index, supply_demand",5649
2026-08-20T14:50:54.388993+05:45,2026-08-20 14:50:54,price_volume,price_volume_211,True,cloud_automated,Thursday - Trading Hours: 11:00 AM - 3:00 PM NPT,2908,Sanima GIC Insurance Limited,SGIC,58.0,3542.0,449.9,0.111259457,449.4,,,,,,,,,,,,,,,,,,,,,,7,"price_volume, live_market, summary, top_gainers, top_losers, nepse_index, supply_demand",5649
2026-08-20T14:50:54.388993+05:45,2026-08-20 14:50:54,price_volume,price_volume_212,True,cloud_automated,Thursday - Trading Hours: 11:00 AM - 3:00 PM NPT,2934,Singati Hydro Energy Limited,SHEL,58.0,47128.0,301.9,1.308724832,298.0,,,,,,,,,,,,,,,,,,,,,,7,"price_volume, live_market, summary, top_gainers, top_losers, nepse_index, supply_demand",5649
2026-08-20T14:50:54.388993+05:45,2026-08-20 14:50:54,price_volume,price_volume_213,True,cloud_automated,Thursday - Trading Hours: 11:00 AM - 3:00 PM NPT,473,Shine Resunga Development Bank Ltd.,SHINE,58.0,1682.0,409.8,-0.533980583,412.0,,,,,,,,,,,,,,,,,,,,,,7,"price_volume, live_market, summary, top_gainers, top_losers, nepse_index, supply_demand",5649
2026-08-20T14:50:54.388993+05:45,2026-08-20 14:50:54,price_volume,price_volume_214,True,cloud_automated,Thursday - Trading Hours: 11:00 AM - 3:00 PM NPT,2809,SHIVAM CEMENTS LTD,SHIVM,58.0,20797.0,632.9,0.876633726,627.4,,,,,,,,,,,,,,,,,,,,,,7,"price_volume, live_market, summary, top_gainers, top_losers, nepse_index, supply_demand",5649
2026-08-20T14:50:54.388993+05:45,2026-08-20 14:50:54,price_volume,price_volume_215,True,cloud_automated,Thursday - Trading Hours: 11:00 AM - 3:00 PM NPT,147,Soaltee Hotel Limited,SHL,58.0,14247.0,498.0,0.0,498.0,,,,,,,,,,,,,,,,,,,,,,7,"price_volume, live_market, summary, top_gainers, top_losers, nepse_index, supply_demand",5649
2026-08-20T14:50:54.388993+05:45,2026-08-20 14:50:54,price_volume,price_volume_216,True,cloud_automated,Thursday - Trading Hours: 11:00 AM - 3:00 PM NPT,8132,Shrijanshil Laghubitta Bittiya Sanstha Limited,SHLB,58.0,59.0,1383.1,-2.254416961,1415.0,,,,,,,,,,,,,,,,,,,,,,7,"price_volume, live_market, summary, top_gainers, top_losers, nepse_index, supply_demand",5649
2026-08-20T14:50:54.388993+05:45,2026-08-20 14:50:54,price_volume,price_volume_217,True,cloud_automated,Thursday - Trading Hours: 11:00 AM - 3:00 PM NPT,591,Sanima Mai Hydropower Ltd.,SHPC,58.0,137144.0,513.0,3.846153846,494.0,,,,,,,,,,,,,,,,,,,,,,7,"price_volume, live_market, summary, top_gainers, top_losers, nepse_index, supply_demand",5649
2026-08-20T14:50:54.388993+05:45,2026-08-20 14:50:54,price_volume,price_volume_218,True,cloud_automated,Thursday - Trading Hours: 11:00 AM - 3:00 PM NPT,192,Shikhar Insurance Co. Ltd.,SICL,58.0,3169.0,606.1,-0.476190476,609.0,,,,,,,,,,,,,,,,,,,,,,7,"price_volume, live_market, summary, top_gainers, top_losers, nepse_index, supply_demand",5649
2026-08-20T14:50:54.388993+05:45,2026-08-20 14:50:54,price_volume,price_volume_219,True,cloud_automated,Thursday - Trading Hours: 11:00 AM - 3:00 PM NPT,244,Shree Investment Finance Co. Ltd.,SIFC,58.0,2571.0,494.0,-1.002004008,499.0,,,,,,,,,,,,,,,,,,,,,,7,"price_volume, live_market, summary, top_gainers, top_losers, nepse_index, supply_demand",5649
2026-08-20T14:50:54.388993+05:45,2026-08-20 14:50:54,price_volume,price_volume_220,True,cloud_automated,Thursday - Trading Hours: 11:00 AM - 3:00 PM NPT,8126,Sikles Hydropower Limited,SIKLES,58.0,17343.0,565.0,1.820147774,554.9,,,,,,,,,,,,,,,,,,,,,,7,"price_volume, live_market, summary, top_gainers, top_losers, nepse_index, supply_demand",5649
2026-08-20T14:50:54.388993+05:45,2026-08-20 14:50:54,price_volume,price_volume_221,True,cloud_automated,Thursday - Trading Hours: 11:00 AM - 3:00 PM NPT,561,Sindhu Bikash Bank Ltd,SINDU,58.0,6080.0,665.0,-1.056390418,672.1,,,,,,,,,,,,,,,,,,,,,,7,"price_volume, live_market, summary, top_gainers, top_losers, nepse_index, supply_demand",5649
2026-08-20T14:50:54.388993+05:45,2026-08-20 14:50:54,price_volume,price_volume_222,True,cloud_automated,Thursday - Trading Hours: 11:00 AM - 3:00 PM NPT,9329,Shikhar power Development Limited,SIPD,58.0,4327.0,646.0,0.139513254,645.1,,,,,,,,,,,,,,,,,,,,,,7,"price_volume, live_market, summary, top_gainers, top_losers, nepse_index, supply_demand",5649
2026-08-20T14:50:54.388993+05:45,2026-08-20 14:50:54,price_volume,price_volume_223,True,cloud_automated,Thursday - Trading Hours: 11:00 AM - 3:00 PM NPT,2842,SANJEN JALAVIDHYUT COMPANY LIMITED,SJCL,58.0,6684.0,264.0,-0.377358491,265.0,,,,,,,,,,,,,,,,,,,,,,7,"price_volume, live_market, summary, top_gainers, top_losers, nepse_index, supply_demand",5649
2026-08-20T14:50:54.388993+05:45,2026-08-20 14:50:54,price_volume,price_volume_224,True,cloud_automated,Thursday - Trading Hours: 11:00 AM - 3:00 PM NPT,403,SuryaJyoti Life Insurance Company Limited,SJLIC,58.0,11471.0,406.0,-0.245700246,407.0,,,,,,,,,,,,,,,,,,,,,,7,"price_volume, live_market, summary, top_gainers, top_losers, nepse_index, supply_demand",5649
2026-08-20T14:50:54.388993+05:45,2026-08-20 14:50:54,price_volume,price_volume_225,True,cloud_automated,Thursday - Trading Hours: 11:00 AM - 3:00 PM NPT,574,Sana Kisan Bikas Laghubitta Bittiya Sanstha Limited,SKBBL,58.0,8296.0,748.0,0.0,748.0,,,,,,,,,,,,,,,,,,,,,,7,"price_volume, live_market, summary, top_gainers, top_losers, nepse_index, supply_demand",5649
2026-08-20T14:50:54.388993+05:45,2026-08-20 14:50:54,price_volume,price_volume_226,True,cloud_automated,Thursday - Trading Hours: 11:00 AM - 3:00 PM NPT,9325,Suryakunda Hydro Electric Limited,SKHEL,58.0,881.0,938.1,-1.252631579,950.0,,,,,,,,,,,,,,,,,,,,,,7,"price_volume, live_market, summary, top_gainers, top_losers, nepse_index, supply_demand",5649
2026-08-20T14:50:54.388993+05:45,2026-08-20 14:50:54,price_volume,price_volume_227,True,cloud_automated,Thursday - Trading Hours: 11:00 AM - 3:00 PM NPT,9323,Super Khudi Hydropower Limited,SKHL,58.0,11842.0,809.4,0.173267327,808.0,,,,,,,,,,,,,,,,,,,,,,7,"price_volume, live_market, summary, top_gainers, top_losers, nepse_index, supply_demand",5649
2026-08-20T14:50:54.388993+05:45,2026-08-20 14:50:54,price_volume,price_volume_228,True,cloud_automated,Thursday - Trading Hours: 11:00 AM - 3:00 PM NPT,545,Swarojgar Laghubitta Bittiya Sanstha Ltd.,SLBBL,58.0,1263.0,790.0,-1.863354037,805.0,,,,,,,,,,,,,,,,,,,,,,7,"price_volume, live_market, summary, top_gainers, top_losers, nepse_index, supply_demand",5649
2026-08-20T14:50:54.388993+05:45,2026-08-20 14:50:54,price_volume,price_volume_229,True,cloud_automated,Thursday - Trading Hours: 11:00 AM - 3:00 PM NPT,2804,Samudayik Laghubitta Bittiya Sanstha Limited,SLBSL,58.0,1447.0,912.0,0.551267916,907.0,,,,,,,,,,,,,,,,,,,,,,7,"price_volume, live_market, summary, top_gainers, top_losers, nepse_index, supply_demand",5649
2026-08-20T14:50:54.388993+05:45,2026-08-20 14:50:54,price_volume,price_volume_230,True,cloud_automated,Thursday - Trading Hours: 11:00 AM - 3:00 PM NPT,2761,Samata Gharelu Laghubitta Bittiya Sanstha Limited,SMATA,58.0,2998.0,710.0,0.0,710.0,,,,,,,,,,,,,,,,,,,,,,7,"price_volume, live_market, summary, top_gainers, top_losers, nepse_index, supply_demand",5649
2026-08-20T14:50:54.388993+05:45,2026-08-20 14:50:54,price_volume,price_volume_231,True,cloud_automated,Thursday - Trading Hours: 11:00 AM - 3:00 PM NPT,2771,Support Microfinance Bittiya Sanstha Ltd.,SMB,58.0,222.0,1736.0,-0.057570524,1737.0,,,,,,,,,,,,,,,,,,,,,,7,"price_volume, live_market, summary, top_gainers, top_losers, nepse_index, supply_demand",5649
2026-08-20T14:50:54.388993+05:45,2026-08-20 14:50:54,price_volume,price_volume_232,True,cloud_automated,Thursday - Trading Hours: 11:00 AM - 3:00 PM NPT,2829,Swabhimaan Laghubitta Bittiya Sanstha Limited,SMFBS,58.0,354.0,1447.0,0.277200277,1443.0,,,,,,,,,,,,,,,,,,,,,,7,"price_volume, live_market, summary, top_gainers, top_losers, nepse_index, supply_demand",5649
2026-08-20T14:50:54.388993+05:45,2026-08-20 14:50:54,price_volume,price_volume_233,True,cloud_automated,Thursday - Trading Hours: 11:00 AM - 3:00 PM NPT,9148,Super Mai Hydropower Limited,SMH,58.0,14188.0,514.5,2.449223417,502.2,,,,,,,,,,,,,,,,,,,,,,7,"price_volume, live_market, summary, top_gainers, top_losers, nepse_index, supply_demand",5649
2026-08-20T14:50:54.388993+05:45,2026-08-20 14:50:54,price_volume,price_volume_234,True,cloud_automated,Thursday - Trading Hours: 11:00 AM - 3:00 PM NPT,9146,Super Madi Hydropower Limited,SMHL,58.0,291146.0,523.0,4.183266932,502.0,,,,,,,,,,,,,,,,,,,,,,7,"price_volume, live_market, summary, top_gainers, top_losers, nepse_index, supply_demand",5649
2026-08-20T14:50:54.388993+05:45,2026-08-20 14:50:54,price_volume,price_volume_235,True,cloud_automated,Thursday - Trading Hours: 11:00 AM - 3:00 PM NPT,9159,Sagarmatha Jalabidhyut Company Limited,SMJC,58.0,5262.0,429.0,-0.440937573,430.9,,,,,,,,,,,,,,,,,,,,,,7,"price_volume, live_market, summary, top_gainers, top_losers, nepse_index, supply_demand",5649
2026-08-20T14:50:54.388993+05:45,2026-08-20 14:50:54,price_volume,price_volume_236,True,cloud_automated,Thursday - Trading Hours: 11:00 AM - 3:00 PM NPT,2896,Sampada Laghubitta Bittiya Sanstha Limited,SMPDA,58.0,937.0,749.9,1.612466125,738.0,,,,,,,,,,,,,,,,,,,,,,7,"price_volume, live_market, summary, top_gainers, top_losers, nepse_index, supply_demand",5649
2026-08-20T14:50:54.388993+05:45,2026-08-20 14:50:54,price_volume,price_volume_237,True,cloud_automated,Thursday - Trading Hours: 11:00 AM - 3:00 PM NPT,9201,Sun Nepal Life Insurance Company Limited,SNLI,58.0,19494.0,403.0,-0.272209849,404.1,,,,,,,,,,,,,,,,,,,,,,7,"price_volume, live_market, summary, top_gainers, top_losers, nepse_index, supply_demand",5649
2026-08-20T14:50:54.388993+05:45,2026-08-20 14:50:54,price_volume,price_volume_238,True,cloud_automated,Thursday - Trading Hours: 11:00 AM - 3:00 PM NPT,9344,Snow Rivers Limited,SNORL,58.0,6277.0,892.0,-2.513661202,915.0,,,,,,,,,,,,,,,,,,,,,,7,"price_volume, live_market, summary, top_gainers, top_losers, nepse_index, supply_demand",5649
2026-08-20T14:50:54.388993+05:45,2026-08-20 14:50:54,price_volume,price_volume_239,True,cloud_automated,Thursday - Trading Hours: 11:00 AM - 3:00 PM NPT,9311,Solu Hydropower Limited,SOHL,58.0,312228.0,700.0,2.624248644,682.1,,,,,,,,,,,,,,,,,,,,,,7,"price_volume, live_market, summary, top_gainers, top_losers, nepse_index, supply_demand",5649
2026-08-20T14:50:54.388993+05:45,2026-08-20 14:50:54,price_volume,price_volume_240,True,cloud_automated,Thursday - Trading Hours: 11:00 AM - 3:00 PM NPT,9216,Sonapur Minerals And Oil Limited,SONA,58.0,16704.0,400.8,0.2,400.0,,,,,,,,,,,,,,,,,,,,,,7,"price_volume, live_market, summary, top_gainers, top_losers, nepse_index, supply_demand",5649
2026-08-20T14:50:54.388993+05:45,2026-08-20 14:50:54,price_volume,price_volume_241,True,cloud_automated,Thursday - Trading Hours: 11:00 AM - 3:00 PM NPT,9336,Sopan Pharmaceuticals Limited,SOPL,58.0,24828.0,774.0,-0.769230769,780.0,,,,,,,,,,,,,,,,,,,,,,7,"price_volume, live_market, summary, top_gainers, top_losers, nepse_index, supply_demand",5649
2026-08-20T14:50:54.388993+05:45,2026-08-20 14:50:54,price_volume,price_volume_242,True,cloud_automated,Thursday - Trading Hours: 11:00 AM - 3:00 PM NPT,8025,Samling Power Company Limited,SPC,58.0,3810.0,412.0,-1.199040767,417.0,,,,,,,,,,,,,,,,,,,,,,7,"price_volume, live_market, summary, top_gainers, top_losers, nepse_index, supply_demand",5649
2026-08-20T14:50:54.388993+05:45,2026-08-20 14:50:54,price_volume,price_volume_243,True,cloud_automated,Thursday - Trading Hours: 11:00 AM - 3:00 PM NPT,2759,Synergy Power Development Ltd.,SPDL,58.0,18898.0,362.3,-1.253747615,366.9,,,,,,,,,,,,,,,,,,,,,,7,"price_volume, live_market, summary, top_gainers, top_losers, nepse_index, supply_demand",5649
2026-08-20T14:50:54.388993+05:45,2026-08-20 14:50:54,price_volume,price_volume_244,True,cloud_automated,Thursday - Trading Hours: 11:00 AM - 3:00 PM NPT,8121,Sayapatri Hydropower Limited,SPHL,58.0,9566.0,516.1,0.213592233,515.0,,,,,,,,,,,,,,,,,,,,,,7,"price_volume, live_market, summary, top_gainers, top_losers, nepse_index, supply_demand",5649
2026-08-20T14:50:54.388993+05:45,2026-08-20 14:50:54,price_volume,price_volume_245,True,cloud_automated,Thursday - Trading Hours: 11:00 AM - 3:00 PM NPT,182,Siddhartha Premier Insurance Limited,SPIL,58.0,4993.0,685.0,0.735294118,680.0,,,,,,,,,,,,,,,,,,,,,,7,"price_volume, live_market, summary, top_gainers, top_losers, nepse_index, supply_demand",5649
2026-08-20T14:50:54.388993+05:45,2026-08-20 14:50:54,price_volume,price_volume_246,True,cloud_automated,Thursday - Trading Hours: 11:00 AM - 3:00 PM NPT,9147,Shuvam Power Limited,SPL,58.0,1039.0,635.0,-3.641881639,659.0,,,,,,,,,,,,,,,,,,,,,,7,"price_volume, live_market, summary, top_gainers, top_losers, nepse_index, supply_demand",5649
2026-08-20T14:50:54.388993+05:45,2026-08-20 14:50:54,price_volume,price_volume_247,True,cloud_automated,Thursday - Trading Hours: 11:00 AM - 3:00 PM NPT,5982,Sanima Reliance Life Insurance Limited,SRLI,58.0,5671.0,367.1,-0.433957147,368.7,,,,,,,,,,,,,,,,,,,,,,7,"price_volume, live_market, summary, top_gainers, top_losers, nepse_index, supply_demand",5649
2026-08-20T14:50:54.388993+05:45,2026-08-20 14:50:54,price_volume,price_volume_248,True,cloud_automated,Thursday - Trading Hours: 11:00 AM - 3:00 PM NPT,2907,Shiva Shree Hydropower Ltd,SSHL,58.0,46121.0,200.0,-0.398406375,200.8,,,,,,,,,,,,,,,,,,,,,,7,"price_volume, live_market, summary, top_gainers, top_losers, nepse_index, supply_demand",5649
2026-08-20T14:50:54.388993+05:45,2026-08-20 14:50:54,price_volume,price_volume_249,True,cloud_automated,Thursday - Trading Hours: 11:00 AM - 3:00 PM NPT,155,Salt Trading Corporation,STC,58.0,1010.0,5102.2,-1.880769231,5200.0,,,,,,,,,,,,,,,,,,,,,,7,"price_volume, live_market, summary, top_gainers, top_losers, nepse_index, supply_demand",5649
2026-08-20T14:50:54.388993+05:45,2026-08-20 14:50:54,price_volume,price_volume_250,True,cloud_automated,Thursday - Trading Hours: 11:00 AM - 3:00 PM NPT,9295,Swastik Laghubitta Bittiya Sanstha Limited,SWASTIK,58.0,1116.0,1969.0,-1.00055307,1988.9,,,,,,,,,,,,,,,,,,,,,,7,"price_volume, live_market, summary, top_gainers, top_losers, nepse_index, supply_demand",5649
2026-08-20T14:50:54.388993+05:45,2026-08-20 14:50:54,price_volume,price_volume_251,True,cloud_automated,Thursday - Trading Hours: 11:00 AM - 3:00 PM NPT,268,Swabalamban Laghubitta Bittiya Sanstha Limited,SWBBL,58.0,4490.0,672.5,0.824587706,667.0,,,,,,,,,,,,,,,,,,,,,,7,"price_volume, live_market, summary, top_gainers, top_losers, nepse_index, supply_demand",5649
2026-08-20T14:50:54.388993+05:45,2026-08-20 14:50:54,price_volume,price_volume_252,True,cloud_automated,Thursday - Trading Hours: 11:00 AM - 3:00 PM NPT,706,Suryodaya Womi Laghubitta Bittiya Sanstha Limited,SWMF,58.0,2247.0,598.0,-0.960582974,603.8,,,,,,,,,,,,,,,,,,,,,,7,"price_volume, live_market, summary, top_gainers, top_losers, nepse_index, supply_demand",5649
2026-08-20T14:50:54.388993+05:45,2026-08-20 14:50:54,price_volume,price_volume_253,True,cloud_automated,Thursday - Trading Hours: 11:00 AM - 3:00 PM NPT,9303,SY Panel Nepal Limited,SYPNL,58.0,15069.0,1273.2,0.173092054,1271.0,,,,,,,,,,,,,,,,,,,,,,7,"price_volume, live_market, summary, top_gainers, top_losers, nepse_index, supply_demand",5649
2026-08-20T14:50:54.388993+05:45,2026-08-20 14:50:54,price_volume,price_volume_254,True,cloud_automated,Thursday - Trading Hours: 11:00 AM - 3:00 PM NPT,9156,Sanima Middle Tamor Hydropower Limited,TAMOR,58.0,235568.0,475.1,3.394994559,459.5,,,,,,,,,,,,,,,,,,,,,,7,"price_volume, live_market, summary, top_gainers, top_losers, nepse_index, supply_demand",5649
2026-08-20T14:50:54.388993+05:45,2026-08-20 14:50:54,price_volume,price_volume_255,True,cloud_automated,Thursday - Trading Hours: 11:00 AM - 3:00 PM NPT,8022,Terhathum Power Company Limited,TPC,58.0,9730.0,360.0,0.418410042,358.5,,,,,,,,,,,,,,,,,,,,,,7,"price_volume, live_market, summary, top_gainers, top_losers, nepse_index, supply_demand",5649
2026-08-20T14:50:54.388993+05:45,2026-08-20 14:50:54,price_volume,price_volume_256,True,cloud_automated,Thursday - Trading Hours: 11:00 AM - 3:00 PM NPT,9343,Taksar Pikhuwa Khola Hydropower Limited,TPKHL,58.0,18295.0,557.0,-0.889679715,562.0,,,,,,,,,,,,,,,,,,,,,,7,"price_volume, live_market, summary, top_gainers, top_losers, nepse_index, supply_demand",5649
2026-08-20T14:50:54.388993+05:45,2026-08-20 14:50:54,price_volume,price_volume_257,True,cloud_automated,Thursday - Trading Hours: 11:00 AM - 3:00 PM NPT,148,Taragaon Regency Hotel Limited,TRH,58.0,5865.0,806.0,0.498753117,802.0,,,,,,,,,,,,,,,,,,,,,,7,"price_volume, live_market, summary, top_gainers, top_losers, nepse_index, supply_demand",5649
2026-08-20T14:50:54.388993+05:45,2026-08-20 14:50:54,price_volume,price_volume_258,True,cloud_automated,Thursday - Trading Hours: 11:00 AM - 3:00 PM NPT,9194,Three Star Hydropower Limited,TSHL,58.0,717.0,365.0,-0.245968844,365.9,,,,,,,,,,,,,,,,,,,,,,7,"price_volume, live_market, summary, top_gainers, top_losers, nepse_index, supply_demand",5649
2026-08-20T14:50:54.388993+05:45,2026-08-20 14:50:54,price_volume,price_volume_259,True,cloud_automated,Thursday - Trading Hours: 11:00 AM - 3:00 PM NPT,9262,Trade Tower Limited,TTL,58.0,4371.0,706.0,0.284090909,704.0,,,,,,,,,,,,,,,,,,,,,,7,"price_volume, live_market, summary, top_gainers, top_losers, nepse_index, supply_demand",5649
2026-08-20T14:50:54.388993+05:45,2026-08-20 14:50:54,price_volume,price_volume_260,True,cloud_automated,Thursday - Trading Hours: 11:00 AM - 3:00 PM NPT,9218,Trishuli Jal Vidhyut Company Limited ,TVCL,58.0,14890.0,458.0,-2.966101695,472.0,,,,,,,,,,,,,,,,,,,,,,7,"price_volume, live_market, summary, top_gainers, top_losers, nepse_index, supply_demand",5649
2026-08-20T14:50:54.388993+05:45,2026-08-20 14:50:54,price_volume,price_volume_261,True,cloud_automated,Thursday - Trading Hours: 11:00 AM - 3:00 PM NPT,180,United Ajod Insurance Limited,UAIL,58.0,8211.0,423.0,-0.587544066,425.5,,,,,,,,,,,,,,,,,,,,,,7,"price_volume, live_market, summary, top_gainers, top_losers, nepse_index, supply_demand",5649
2026-08-20T14:50:54.388993+05:45,2026-08-20 14:50:54,price_volume,price_volume_262,True,cloud_automated,Thursday - Trading Hours: 11:00 AM - 3:00 PM NPT,8099,Upper Hewakhola Hydropower Company Limited,UHEWA,58.0,139689.0,617.0,1.147540984,610.0,,,,,,,,,,,,,,,,,,,,,,7,"price_volume, live_market, summary, top_gainers, top_losers, nepse_index, supply_demand",5649
2026-08-20T14:50:54.388993+05:45,2026-08-20 14:50:54,price_volume,price_volume_263,True,cloud_automated,Thursday - Trading Hours: 11:00 AM - 3:00 PM NPT,8063,Upakar Laghubitta Bittiya Sanstha Limited,ULBSL,58.0,2626.0,2490.0,-5.251141553,2628.0,,,,,,,,,,,,,,,,,,,,,,7,"price_volume, live_market, summary, top_gainers, top_losers, nepse_index, supply_demand",5649
2026-08-20T14:50:54.388993+05:45,2026-08-20 14:50:54,price_volume,price_volume_264,True,cloud_automated,Thursday - Trading Hours: 11:00 AM - 3:00 PM NPT,9208,Upper Lohore Khola Hydropower Company Limited,ULHC,58.0,9184.0,338.0,1.501501502,333.0,,,,,,,,,,,,,,,,,,,,,,7,"price_volume, live_market, summary, top_gainers, top_losers, nepse_index, supply_demand",5649
2026-08-20T14:50:54.388993+05:45,2026-08-20 14:50:54,price_volume,price_volume_265,True,cloud_automated,Thursday - Trading Hours: 11:00 AM - 3:00 PM NPT,2760,United Modi Hydropower Ltd.,UMHL,58.0,78378.0,582.0,-2.805611222,598.8,,,,,,,,,,,,,,,,,,,,,,7,"price_volume, live_market, summary, top_gainers, top_losers, nepse_index, supply_demand",5649
2026-08-20T14:50:54.388993+05:45,2026-08-20 14:50:54,price_volume,price_volume_266,True,cloud_automated,Thursday - Trading Hours: 11:00 AM - 3:00 PM NPT,2914,United IDI Mardi RB Hydropower Limited.,UMRH,58.0,4418.0,522.2,-1.471698113,530.0,,,,,,,,,,,,,,,,,,,,,,7,"price_volume, live_market, summary, top_gainers, top_losers, nepse_index, supply_demand",5649
2026-08-20T14:50:54.388993+05:45,2026-08-20 14:50:54,price_volume,price_volume_267,True,cloud_automated,Thursday - Trading Hours: 11:00 AM - 3:00 PM NPT,2831,Union Hydropower Limited,UNHPL,58.0,15365.0,370.6,-0.107816712,371.0,,,,,,,,,,,,,,,,,,,,,,7,"price_volume, live_market, summary, top_gainers, top_losers, nepse_index, supply_demand",5649
2026-08-20T14:50:54.388993+05:45,2026-08-20 14:50:54,price_volume,price_volume_268,True,cloud_automated,Thursday - Trading Hours: 11:00 AM - 3:00 PM NPT,9140,Unique Nepal Laghubitta Bittiya Sanstha Limited,UNLB,58.0,1268.0,1269.0,1.52812225,1249.9,,,,,,,,,,,,,,,,,,,,,,7,"price_volume, live_market, summary, top_gainers, top_losers, nepse_index, supply_demand",5649
2026-08-20T14:50:54.388993+05:45,2026-08-20 14:50:54,price_volume,price_volume_269,True,cloud_automated,Thursday - Trading Hours: 11:00 AM - 3:00 PM NPT,2810,UNIVERSAL POWER COMPANY LTD,UPCL,58.0,25190.0,342.4,0.058445354,342.2,,,,,,,,,,,,,,,,,,,,,,7,"price_volume, live_market, summary, top_gainers, top_losers, nepse_index, supply_demand",5649
2026-08-20T14:50:54.388993+05:45,2026-08-20 14:50:54,price_volume,price_volume_270,True,cloud_automated,Thursday - Trading Hours: 11:00 AM - 3:00 PM NPT,2792,Upper Tamakoshi Hydropower Ltd,UPPER,58.0,43942.0,191.3,-0.104438642,191.5,,,,,,,,,,,,,,,,,,,,,,7,"price_volume, live_market, summary, top_gainers, top_losers, nepse_index, supply_demand",5649
2026-08-20T14:50:54.388993+05:45,2026-08-20 14:50:54,price_volume,price_volume_271,True,cloud_automated,Thursday - Trading Hours: 11:00 AM - 3:00 PM NPT,8104,Upper Solu Hydro Electric Company Limited,USHEC,58.0,15641.0,506.3,0.856573705,502.0,,,,,,,,,,,,,,,,,,,,,,7,"price_volume, live_market, summary, top_gainers, top_losers, nepse_index, supply_demand",5649
2026-08-20T14:50:54.388993+05:45,2026-08-20 14:50:54,price_volume,price_volume_272,True,cloud_automated,Thursday - Trading Hours: 11:00 AM - 3:00 PM NPT,9192,Upper Syange Hydropower Limited,USHL,58.0,2685.0,530.1,-1.833333333,540.0,,,,,,,,,,,,,,,,,,,,,,7,"price_volume, live_market, summary, top_gainers, top_losers, nepse_index, supply_demand",5649
2026-08-20T14:50:54.388993+05:45,2026-08-20 14:50:54,price_volume,price_volume_273,True,cloud_automated,Thursday - Trading Hours: 11:00 AM - 3:00 PM NPT,2774,Unnati Sahakarya Laghubitta Bittiya Sanstha Limited,USLB,58.0,1732.0,1095.0,1.860465116,1075.0,,,,,,,,,,,,,,,,,,,,,,7,"price_volume, live_market, summary, top_gainers, top_losers, nepse_index, supply_demand",5649
2026-08-20T14:50:54.388993+05:45,2026-08-20 14:50:54,price_volume,price_volume_274,True,cloud_automated,Thursday - Trading Hours: 11:00 AM - 3:00 PM NPT,687,Vijaya laghubitta Bittiya Sanstha Ltd.,VLBS,58.0,2553.0,650.0,-0.778507098,655.1,,,,,,,,,,,,,,,,,,,,,,7,"price_volume, live_market, summary, top_gainers, top_losers, nepse_index, supply_demand",5649
2026-08-20T14:50:54.388993+05:45,2026-08-20 14:50:54,price_volume,price_volume_275,True,cloud_automated,Thursday - Trading Hours: 11:00 AM - 3:00 PM NPT,9225,Vision Lumbini Urja Company Limited ,VLUCL,58.0,2970.0,394.0,-1.5,400.0,,,,,,,,,,,,,,,,,,,,,,7,"price_volume, live_market, summary, top_gainers, top_losers, nepse_index, supply_demand",5649
2026-08-20T14:50:54.388993+05:45,2026-08-20 14:50:54,price_volume,price_volume_276,True,cloud_automated,Thursday - Trading Hours: 11:00 AM - 3:00 PM NPT,2781,Wean Nepal Laghubitta Bittiya Sanstha Limited,WNLB,58.0,98.0,1300.0,-1.886792453,1325.0,,,,,,,,,,,,,,,,,,,,,,7,"price_volume, live_market, summary, top_gainers, top_losers, nepse_index, supply_demand",5649
2026-08-20T14:50:54.388993+05:45,2026-08-20 14:50:54,price_volume,price_volume_277,True,cloud_automated,Thursday - Trading Hours: 11:00 AM - 3:00 PM NPT,9342,Yambaling Hydropower Limited,YMHL,58.0,14720.0,625.0,-1.528281078,634.7,,,,,,,,,,,,,,,,,,,,,,7,"price_volume, live_market, summary, top_gainers, top_losers, nepse_index, supply_demand",5649
2026-08-20T14:50:54.388993+05:45,2026-08-20 14:50:54,live_market,live_market_1,True,cloud_automated,Thursday - Trading Hours: 11:00 AM - 3:00 PM NPT,9322,Bhujung Hydropower Limited,BJHL,58.0,13391.0,720.0,0.0,720.0,,710.0,720.0,695.0,9484410.1,2026-08-20 14:50:00.439745,10.0,708.27,,,,,,,,,,,,,,7,"price_volume, live_market, summary, top_gainers, top_losers, nepse_index, supply_demand",5649
2026-08-20T14:50:54.388993+05:45,2026-08-20 14:50:54,live_market,live_market_2,True,cloud_automated,Thursday - Trading Hours: 11:00 AM - 3:00 PM NPT,9294,Sagar Distillery Limited,SAGAR,58.0,3780.0,1569.0,-0.7,1580.0,,1580.1,1580.1,1540.0,5887606.1,2026-08-20 14:49:59.803003,66.0,1557.57,,,,,,,,,,,,,,7,"price_volume, live_market, summary, top_gainers, top_losers, nepse_index, supply_demand",5649
2026-08-20T14:50:54.388993+05:45,2026-08-20 14:50:54,live_market,live_market_3,True,cloud_automated,Thursday - Trading Hours: 11:00 AM - 3:00 PM NPT,9234,Himalayan Reinsurance Limited,HRL,58.0,29183.0,569.0,-1.01,574.8,,560.0,574.7,560.0,16623563.4,2026-08-20 14:49:59.043739,1.0,569.63,,,,,,,,,,,,,,7,"price_volume, live_market, summary, top_gainers, top_losers, nepse_index, supply_demand",5649
2026-08-20T14:50:54.388993+05:45,2026-08-20 14:50:54,live_market,live_market_4,True,cloud_automated,Thursday - Trading Hours: 11:00 AM - 3:00 PM NPT,9305,Salapa Bikas Bank Limited,SABBL,58.0,10716.0,930.0,-1.06,940.0,,930.0,950.0,920.0,9912756.8,2026-08-20 14:49:58.707085,10.0,925.04,,,,,,,,,,,,,,7,"price_volume, live_market, summary, top_gainers, top_losers, nepse_index, supply_demand",5649
2026-08-20T14:50:54.388993+05:45,2026-08-20 14:50:54,live_market,live_market_5,True,cloud_automated,Thursday - Trading Hours: 11:00 AM - 3:00 PM NPT,2887,NIC ASIA Laghubitta Bittiya Sanstha Limited,NICLBSL,58.0,2440.0,542.0,-0.9,546.9,,546.9,546.9,540.0,1321014.5,2026-08-20 14:49:58.171554,10.0,541.4,,,,,,,,,,,,,,7,"price_volume, live_market, summary, top_gainers, top_losers, nepse_index, supply_demand",5649
2026-08-20T14:50:54.388993+05:45,2026-08-20 14:50:54,live_market,live_market_6,True,cloud_automated,Thursday - Trading Hours: 11:00 AM - 3:00 PM NPT,9287,Mabilung Energy Limited,MABEL,58.0,3830.0,605.0,0.17,604.0,,610.0,617.0,590.0,2275745.0,2026-08-20 14:49:58.128547,10.0,594.19,,,,,,,,,,,,,,7,"price_volume, live_market, summary, top_gainers, top_losers, nepse_index, supply_demand",5649
2026-08-20T14:50:54.388993+05:45,2026-08-20 14:50:54,live_market,live_market_7,True,cloud_automated,Thursday - Trading Hours: 11:00 AM - 3:00 PM NPT,591,Sanima Mai Hydropower Ltd.,SHPC,58.0,137144.0,513.0,3.85,494.0,,490.1,515.0,489.2,68799767.7,2026-08-20 14:49:58.006495,100.0,501.66,,,,,,,,,,,,,,7,"price_volume, live_market, summary, top_gainers, top_losers, nepse_index, supply_demand",5649
2026-08-20T14:50:54.388993+05:45,2026-08-20 14:50:54,live_market,live_market_8,True,cloud_automated,Thursday - Trading Hours: 11:00 AM - 3:00 PM NPT,561,Sindhu Bikash Bank Ltd,SINDU,58.0,6080.0,665.0,-1.06,672.1,,679.9,679.9,660.0,4042264.5,2026-08-20 14:49:57.106661,10.0,664.85,,,,,,,,,,,,,,7,"price_volume, live_market, summary, top_gainers, top_losers, nepse_index, supply_demand",5649
2026-08-20T14:50:54.388993+05:45,2026-08-20 14:50:54,live_market,live_market_9,True,cloud_automated,Thursday - Trading Hours: 11:00 AM - 3:00 PM NPT,9324,Ridge Line Energy Limited,RLEL,58.0,17375.0,894.0,0.57,888.9,,888.0,900.0,867.0,15154182.0,2026-08-20 14:49:57.063548,40.0,872.18,,,,,,,,,,,,,,7,"price_volume, live_market, summary, top_gainers, top_losers, nepse_index, supply_demand",5649
2026-08-20T14:50:54.388993+05:45,2026-08-20 14:50:54,live_market,live_market_10,True,cloud_automated,Thursday - Trading Hours: 11:00 AM - 3:00 PM NPT,2788,Ankhu Khola Jalvidhyut Company Ltd,AKJCL,58.0,114039.0,355.0,0.91,351.8,,350.6,355.5,350.5,40281256.9,2026-08-20 14:49:56.676853,20.0,353.22,,,,,,,,,,,,,,7,"price_volume, live_market, summary, top_gainers, top_losers, nepse_index, supply_demand",5649
2026-08-20T14:50:54.388993+05:45,2026-08-20 14:50:54,live_market,live_market_11,True,cloud_automated,Thursday - Trading Hours: 11:00 AM - 3:00 PM NPT,8123,Dhaulagiri Laghubitta Bittiya Sanstha Limited,DLBS,58.0,511.0,1084.0,-1.32,1098.5,,1125.0,1131.0,1081.0,555403.0,2026-08-20 14:49:56.393174,150.0,1086.89,,,,,,,,,,,,,,7,"price_volume, live_market, summary, top_gainers, top_losers, nepse_index, supply_demand",5649
2026-08-20T14:50:54.388993+05:45,2026-08-20 14:50:54,live_market,live_market_12,True,cloud_automated,Thursday - Trading Hours: 11:00 AM - 3:00 PM NPT,255,Prabhu  Bank Limited,PRVU,58.0,81305.0,183.0,0.55,182.0,,182.0,184.5,180.3,14803980.1,2026-08-20 14:49:56.353983,40.0,182.08,,,,,,,,,,,,,,7,"price_volume, live_market, summary, top_gainers, top_losers, nepse_index, supply_demand",5649
2026-08-20T14:50:54.388993+05:45,2026-08-20 14:50:54,live_market,live_market_13,True,cloud_automated,Thursday - Trading Hours: 11:00 AM - 3:00 PM NPT,9347,Everest Colour Limited,ECL,58.0,11002.0,1449.5,0.94,1436.0,,1400.0,1490.0,1400.0,15841424.8,2026-08-20 14:49:56.117919,10.0,1439.87,,,,,,,,,,,,,,7,"price_volume, live_market, summary, top_gainers, top_losers, nepse_index, supply_demand",5649
2026-08-20T14:50:54.388993+05:45,2026-08-20 14:50:54,live_market,live_market_14,True,cloud_automated,Thursday - Trading Hours: 11:00 AM - 3:00 PM NPT,2841,RASUWAGADHI HYDROPOWER COMPANY LIMITED,RHPL,58.0,25730.0,250.0,-0.68,251.7,,251.0,252.8,249.0,6424365.7,2026-08-20 14:49:55.482727,500.0,249.68,,,,,,,,,,,,,,7,"price_volume, live_market, summary, top_gainers, top_losers, nepse_index, supply_demand",5649
2026-08-20T14:50:54.388993+05:45,2026-08-20 14:50:54,live_market,live_market_15,True,cloud_automated,Thursday - Trading Hours: 11:00 AM - 3:00 PM NPT,9336,Sopan Pharmaceuticals Limited,SOPL,58.0,24828.0,774.0,-0.77,780.0,,775.0,785.0,765.2,19220381.8,2026-08-20 14:49:55.3743,10.0,774.14,,,,,,,,,,,,,,7,"price_volume, live_market, summary, top_gainers, top_losers, nepse_index, supply_demand",5649
2026-08-20T14:50:54.388993+05:45,2026-08-20 14:50:54,live_market,live_market_16,True,cloud_automated,Thursday - Trading Hours: 11:00 AM - 3:00 PM NPT,2809,SHIVAM CEMENTS LTD,SHIVM,58.0,20797.0,632.9,0.88,627.4,,632.0,632.9,625.0,13074559.8,2026-08-20 14:49:54.611974,90.0,628.68,,,,,,,,,,,,,,7,"price_volume, live_market, summary, top_gainers, top_losers, nepse_index, supply_demand",5649
2026-08-20T14:50:54.388993+05:45,2026-08-20 14:50:54,live_market,live_market_17,True,cloud_automated,Thursday - Trading Hours: 11:00 AM - 3:00 PM NPT,9343,Taksar Pikhuwa Khola Hydropower Limited,TPKHL,58.0,18295.0,557.0,-0.89,562.0,,534.8,564.9,534.8,10156501.3,2026-08-20 14:49:54.594565,10.0,555.15,,,,,,,,,,,,,,7,"price_volume, live_market, summary, top_gainers, top_losers, nepse_index, supply_demand",5649
2026-08-20T14:50:54.388993+05:45,2026-08-20 14:50:54,live_market,live_market_18,True,cloud_automated,Thursday - Trading Hours: 11:00 AM - 3:00 PM NPT,2907,Shiva Shree Hydropower Ltd,SSHL,58.0,46121.0,200.0,-0.4,200.8,,200.0,200.9,198.4,9202832.2,2026-08-20 14:49:54.525668,100.0,199.54,,,,,,,,,,,,,,7,"price_volume, live_market, summary, top_gainers, top_losers, nepse_index, supply_demand",5649
2026-08-20T14:50:54.388993+05:45,2026-08-20 14:50:54,live_market,live_market_19,True,cloud_automated,Thursday - Trading Hours: 11:00 AM - 3:00 PM NPT,132,Nepal Investment Mega Bank Limited,NIMB,58.0,72297.0,187.6,-0.21,188.0,,188.0,188.0,186.0,13496707.3,2026-08-20 14:49:54.050028,10.0,186.68,,,,,,,,,,,,,,7,"price_volume, live_market, summary, top_gainers, top_losers, nepse_index, supply_demand",5649
2026-08-20T14:50:54.388993+05:45,2026-08-20 14:50:54,live_market,live_market_20,True,cloud_automated,Thursday - Trading Hours: 11:00 AM - 3:00 PM NPT,152,National Hydro Power Company Limited,NHPC,58.0,148149.0,267.1,1.56,263.0,,265.4,268.8,260.0,39004367.6,2026-08-20 14:49:54.002956,11.0,263.28,,,,,,,,,,,,,,7,"price_volume, live_market, summary, top_gainers, top_losers, nepse_index, supply_demand",5649
2026-08-20T14:50:54.388993+05:45,2026-08-20 14:50:54,live_market,live_market_21,True,cloud_automated,Thursday - Trading Hours: 11:00 AM - 3:00 PM NPT,341,Global IME Bank Limited,GBIME,58.0,91126.0,246.7,-0.48,247.9,,249.0,249.0,245.0,22456267.5,2026-08-20 14:49:53.930048,30.0,246.43,,,,,,,,,,,,,,7,"price_volume, live_market, summary, top_gainers, top_losers, nepse_index, supply_demand",5649
2026-08-20T14:50:54.388993+05:45,2026-08-20 14:50:54,live_market,live_market_22,True,cloud_automated,Thursday - Trading Hours: 11:00 AM - 3:00 PM NPT,8055,Balephi Hydropower Limited,BHL,58.0,35344.0,209.0,0.0,209.0,,210.0,210.0,206.5,7344368.9,2026-08-20 14:49:53.872004,313.0,207.8,,,,,,,,,,,,,,7,"price_volume, live_market, summary, top_gainers, top_losers, nepse_index, supply_demand",5649
2026-08-20T14:50:54.388993+05:45,2026-08-20 14:50:54,live_market,live_market_23,True,cloud_automated,Thursday - Trading Hours: 11:00 AM - 3:00 PM NPT,401,Mahalaxmi Bikas Bank Ltd.,MLBL,58.0,4811.0,347.0,-0.29,348.0,,347.0,349.0,342.0,1669325.7,2026-08-20 14:49:53.854149,18.0,346.98,,,,,,,,,,,,,,7,"price_volume, live_market, summary, top_gainers, top_losers, nepse_index, supply_demand",5649
2026-08-20T14:50:54.388993+05:45,2026-08-20 14:50:54,live_market,live_market_24,True,cloud_automated,Thursday - Trading Hours: 11:00 AM - 3:00 PM NPT,2759,Synergy Power Development Ltd.,SPDL,58.0,18898.0,362.3,-1.25,366.9,,360.2,365.0,360.2,6831943.8,2026-08-20 14:49:53.204692,370.0,361.52,,,,,,,,,,,,,,7,"price_volume, live_market, summary, top_gainers, top_losers, nepse_index, supply_demand",5649
2026-08-20T14:50:54.388993+05:45,2026-08-20 14:50:54,live_market,live_market_25,True,cloud_automated,Thursday - Trading Hours: 11:00 AM - 3:00 PM NPT,9303,SY Panel Nepal Limited,SYPNL,58.0,15069.0,1273.2,0.17,1271.0,,1207.5,1296.0,1207.5,19202624.6,2026-08-20 14:49:53.17085,94.0,1274.31,,,,,,,,,,,,,,7,"price_volume, live_market, summary, top_gainers, top_losers, nepse_index, supply_demand",5649
2026-08-20T14:50:54.388993+05:45,2026-08-20 14:50:54,live_market,live_market_26,True,cloud_automated,Thursday - Trading Hours: 11:00 AM - 3:00 PM NPT,9346,Kalanga Hydro Limited,KAHL,58.0,20805.0,540.0,-1.82,550.0,,540.0,549.0,536.0,11253740.9,2026-08-20 14:49:53.135807,10.0,540.92,,,,,,,,,,,,,,7,"price_volume, live_market, summary, top_gainers, top_losers, nepse_index, supply_demand",5649
2026-08-20T14:50:54.388993+05:45,2026-08-20 14:50:54,live_market,live_market_27,True,cloud_automated,Thursday - Trading Hours: 11:00 AM - 3:00 PM NPT,9214,Bhagawati Hydropower Development Company Limited,BGWT,58.0,6875.0,510.0,-0.97,515.0,,515.5,516.0,498.0,3444958.0,2026-08-20 14:49:52.800638,50.0,501.08,,,,,,,,,,,,,,7,"price_volume, live_market, summary, top_gainers, top_losers, nepse_index, supply_demand",5649
2026-08-20T14:50:54.388993+05:45,2026-08-20 14:50:54,live_market,live_market_28,True,cloud_automated,Thursday - Trading Hours: 11:00 AM - 3:00 PM NPT,9199,Reliable Nepal Life Insurance Limited,RNLI,58.0,8903.0,426.0,1.09,421.4,,422.1,426.0,420.4,3765740.4,2026-08-20 14:49:52.677793,15.0,422.97,,,,,,,,,,,,,,7,"price_volume, live_market, summary, top_gainers, top_losers, nepse_index, supply_demand",5649
2026-08-20T14:50:54.388993+05:45,2026-08-20 14:50:54,live_market,live_market_29,True,cloud_automated,Thursday - Trading Hours: 11:00 AM - 3:00 PM NPT,393,Himalayan Life Insurance Limited,HLI,58.0,20839.0,314.0,-0.32,315.0,,315.0,316.0,313.4,6549546.2,2026-08-20 14:49:52.657996,1000.0,314.29,,,,,,,,,,,,,,7,"price_volume, live_market, summary, top_gainers, top_losers, nepse_index, supply_demand",5649
2026-08-20T14:50:54.388993+05:45,2026-08-20 14:50:54,live_market,live_market_30,True,cloud_automated,Thursday - Trading Hours: 11:00 AM - 3:00 PM NPT,9345,Sanigad Hydro Limited,SGHL,58.0,55633.0,531.0,-1.47,538.9,,537.0,538.0,528.1,29597122.7,2026-08-20 14:49:51.233,10.0,532.01,,,,,,,,,,,,,,7,"price_volume, live_market, summary, top_gainers, top_losers, nepse_index, supply_demand",5649
2026-08-20T14:50:54.388993+05:45,2026-08-20 14:50:54,live_market,live_market_31,True,cloud_automated,Thursday - Trading Hours: 11:00 AM - 3:00 PM NPT,8070,Dordi Khola Jal Bidyut Company Limited,DORDI,58.0,8453.0,247.2,-0.32,248.0,,248.0,248.0,246.0,2091576.8,2026-08-20 14:49:51.213099,190.0,247.44,,,,,,,,,,,,,,7,"price_volume, live_market, summary, top_gainers, top_losers, nepse_index, supply_demand",5649
2026-08-20T14:50:54.388993+05:45,2026-08-20 14:50:54,live_market,live_market_32,True,cloud_automated,Thursday - Trading Hours: 11:00 AM - 3:00 PM NPT,2789,Joshi Hydropower Development Company Ltd,JOSHI,58.0,32890.0,263.2,-3.59,273.0,,270.0,270.0,260.0,8727234.3,2026-08-20 14:49:50.495866,147.0,265.35,,,,,,,,,,,,,,7,"price_volume, live_market, summary, top_gainers, top_losers, nepse_index, supply_demand",5649
2026-08-20T14:50:54.388993+05:45,2026-08-20 14:50:54,live_market,live_market_33,True,cloud_automated,Thursday - Trading Hours: 11:00 AM - 3:00 PM NPT,2925,Mahila Lagubitta Bittiya Sanstha Limited ,MLBSL,58.0,1020.0,1211.0,-0.57,1218.0,,1220.0,1225.0,1210.0,1236628.5,2026-08-20 14:49:50.465404,20.0,1212.38,,,,,,,,,,,,,,7,"price_volume, live_market, summary, top_gainers, top_losers, nepse_index, supply_demand",5649
2026-08-20T14:50:54.388993+05:45,2026-08-20 14:50:54,live_market,live_market_34,True,cloud_automated,Thursday - Trading Hours: 11:00 AM - 3:00 PM NPT,9329,Shikhar power Development Limited,SIPD,58.0,4327.0,646.0,0.14,645.1,,645.1,664.4,645.1,2798518.6,2026-08-20 14:49:50.365046,10.0,646.76,,,,,,,,,,,,,,7,"price_volume, live_market, summary, top_gainers, top_losers, nepse_index, supply_demand",5649
2026-08-20T14:50:54.388993+05:45,2026-08-20 14:50:54,live_market,live_market_35,True,cloud_automated,Thursday - Trading Hours: 11:00 AM - 3:00 PM NPT,139,NIC Asia Bank Ltd.,NICA,58.0,50143.0,316.0,0.1,315.7,,308.0,317.0,308.0,15767099.1,2026-08-20 14:49:50.31012,898.0,314.44,,,,,,,,,,,,,,7,"price_volume, live_market, summary, top_gainers, top_losers, nepse_index, supply_demand",5649
2026-08-20T14:50:54.388993+05:45,2026-08-20 14:50:54,live_market,live_market_36,True,cloud_automated,Thursday - Trading Hours: 11:00 AM - 3:00 PM NPT,9293,Daramkhola Hydro Energy Limited,DHEL,58.0,13465.0,585.0,0.17,584.0,,580.0,595.0,575.3,7845813.4,2026-08-20 14:49:49.502477,390.0,582.68,,,,,,,,,,,,,,7,"price_volume, live_market, summary, top_gainers, top_losers, nepse_index, supply_demand",5649
2026-08-20T14:50:54.388993+05:45,2026-08-20 14:50:54,live_market,live_market_37,True,cloud_automated,Thursday - Trading Hours: 11:00 AM - 3:00 PM NPT,9135,Barahi Hydropower Public Limited,BHPL,58.0,2153.0,470.0,-1.55,477.4,,467.1,481.0,465.0,1007127.5,2026-08-20 14:49:49.331973,3.0,467.78,,,,,,,,,,,,,,7,"price_volume, live_market, summary, top_gainers, top_losers, nepse_index, supply_demand",5649
2026-08-20T14:50:54.388993+05:45,2026-08-20 14:50:54,live_market,live_market_38,True,cloud_automated,Thursday - Trading Hours: 11:00 AM - 3:00 PM NPT,9166,Makar Jitumaya Suri Hydropower Limited,MAKAR,58.0,30822.0,416.0,2.24,406.9,,400.0,436.7,400.0,12777299.4,2026-08-20 14:49:48.954129,500.0,414.55,,,,,,,,,,,,,,7,"price_volume, live_market, summary, top_gainers, top_losers, nepse_index, supply_demand",5649
2026-08-20T14:50:54.388993+05:45,2026-08-20 14:50:54,live_market,live_market_39,True,cloud_automated,Thursday - Trading Hours: 11:00 AM - 3:00 PM NPT,250,Janaki Finance Company Limited,JFL,58.0,1825.0,381.0,-0.18,381.7,,385.0,385.0,377.5,693176.9,2026-08-20 14:49:48.148185,9.0,379.82,,,,,,,,,,,,,,7,"price_volume, live_market, summary, top_gainers, top_losers, nepse_index, supply_demand",5649
2026-08-20T14:50:54.388993+05:45,2026-08-20 14:50:54,live_market,live_market_40,True,cloud_automated,Thursday - Trading Hours: 11:00 AM - 3:00 PM NPT,2744,Green Development Bank Ltd.,GRDBL,58.0,16445.0,980.0,-3.35,1014.0,,1000.0,1019.0,963.0,16162601.1,2026-08-20 14:49:47.001469,10.0,982.83,,,,,,,,,,,,,,7,"price_volume, live_market, summary, top_gainers, top_losers, nepse_index, supply_demand",5649
2026-08-20T14:50:54.388993+05:45,2026-08-20 14:50:54,live_market,live_market_41,True,cloud_automated,Thursday - Trading Hours: 11:00 AM - 3:00 PM NPT,307,Nepal Doorsanchar Company Limited,NTC,58.0,28421.0,899.0,1.24,888.0,,888.1,900.0,875.1,25461209.7,2026-08-20 14:49:46.604885,10.0,895.86,,,,,,,,,,,,,,7,"price_volume, live_market, summary, top_gainers, top_losers, nepse_index, supply_demand",5649
2026-08-20T14:50:54.388993+05:45,2026-08-20 14:50:54,live_market,live_market_42,True,cloud_automated,Thursday - Trading Hours: 11:00 AM - 3:00 PM NPT,9184,IME Life Insurance Company Limited,ILI,58.0,6364.0,415.0,0.48,413.0,,412.0,417.0,410.0,2635288.0,2026-08-20 14:49:46.586007,12.0,414.09,,,,,,,,,,,,,,7,"price_volume, live_market, summary, top_gainers, top_losers, nepse_index, supply_demand",5649
2026-08-20T14:50:54.388993+05:45,2026-08-20 14:50:54,live_market,live_market_43,True,cloud_automated,Thursday - Trading Hours: 11:00 AM - 3:00 PM NPT,8021,Sahas Urja Limited,SAHAS,58.0,218469.0,709.3,1.18,701.0,,705.0,711.0,693.9,153894722.3,2026-08-20 14:49:46.267936,90.0,704.42,,,,,,,,,,,,,,7,"price_volume, live_market, summary, top_gainers, top_losers, nepse_index, supply_demand",5649
2026-08-20T14:50:54.388993+05:45,2026-08-20 14:50:54,live_market,live_market_44,True,cloud_automated,Thursday - Trading Hours: 11:00 AM - 3:00 PM NPT,9196,Kutheli Bukhari Small Hydropower Limited,KBSH,58.0,9033.0,935.0,-0.21,937.0,,950.0,950.0,912.4,8323014.7,2026-08-20 14:49:46.003934,10.0,921.4,,,,,,,,,,,,,,7,"price_volume, live_market, summary, top_gainers, top_losers, nepse_index, supply_demand",5649
2026-08-20T14:50:54.388993+05:45,2026-08-20 14:50:54,live_market,live_market_45,True,cloud_automated,Thursday - Trading Hours: 11:00 AM - 3:00 PM NPT,9330,Palpa Cement Industries Limited,PCIL,58.0,21973.0,619.2,-0.29,621.0,,620.0,630.0,615.0,13666379.5,2026-08-20 14:49:44.978163,10.0,621.96,,,,,,,,,,,,,,7,"price_volume, live_market, summary, top_gainers, top_losers, nepse_index, supply_demand",5649
2026-08-20T14:50:54.388993+05:45,2026-08-20 14:50:54,live_market,live_market_46,True,cloud_automated,Thursday - Trading Hours: 11:00 AM - 3:00 PM NPT,134,Himalayan Bank Limited,HBL,58.0,19582.0,190.8,-0.37,191.5,,192.0,193.0,190.0,3730182.4,2026-08-20 14:49:44.514868,285.0,190.49,,,,,,,,,,,,,,7,"price_volume, live_market, summary, top_gainers, top_losers, nepse_index, supply_demand",5649
2026-08-20T14:50:54.388993+05:45,2026-08-20 14:50:54,live_market,live_market_47,True,cloud_automated,Thursday - Trading Hours: 11:00 AM - 3:00 PM NPT,145,Siddhartha Bank Limited,SBL,58.0,97040.0,412.2,0.98,408.2,,406.3,412.8,406.2,39848830.4,2026-08-20 14:49:44.231408,475.0,410.64,,,,,,,,,,,,,,7,"price_volume, live_market, summary, top_gainers, top_losers, nepse_index, supply_demand",5649
2026-08-20T14:50:54.388993+05:45,2026-08-20 14:50:54,live_market,live_market_48,True,cloud_automated,Thursday - Trading Hours: 11:00 AM - 3:00 PM NPT,2806,Ghalemdi Hydro Limited,GHL,58.0,61427.0,235.0,-1.67,239.0,,234.9,240.0,230.6,14335296.0,2026-08-20 14:49:43.953354,500.0,233.37,,,,,,,,,,,,,,7,"price_volume, live_market, summary, top_gainers, top_losers, nepse_index, supply_demand",5649
2026-08-20T14:50:54.388993+05:45,2026-08-20 14:50:54,live_market,live_market_49,True,cloud_automated,Thursday - Trading Hours: 11:00 AM - 3:00 PM NPT,149,Oriental Hotels Limited,OHL,58.0,766.0,652.0,-0.29,653.9,,654.0,654.0,641.1,494302.8,2026-08-20 14:49:43.637812,43.0,645.3,,,,,,,,,,,,,,7,"price_volume, live_market, summary, top_gainers, top_losers, nepse_index, supply_demand",5649
2026-08-20T14:50:54.388993+05:45,2026-08-20 14:50:54,live_market,live_market_50,True,cloud_automated,Thursday - Trading Hours: 11:00 AM - 3:00 PM NPT,8108,Rapti Hydro And General Construction Limited,RHGCL,58.0,5683.0,251.7,-0.51,253.0,,250.4,255.0,250.3,1434844.4,2026-08-20 14:49:42.49162,10.0,252.48,,,,,,,,,,,,,,7,"price_volume, live_market, summary, top_gainers, top_losers, nepse_index, supply_demand",5649
2026-08-20T14:50:54.388993+05:45,2026-08-20 14:50:54,live_market,live_market_51,True,cloud_automated,Thursday - Trading Hours: 11:00 AM - 3:00 PM NPT,8031,Madhya Bhotekoshi Jalavidyut Company Limited,MBJC,58.0,8962.0,263.4,-0.23,264.0,,262.1,265.0,262.1,2362658.4,2026-08-20 14:49:40.33981,40.0,263.63,,,,,,,,,,,,,,7,"price_volume, live_market, summary, top_gainers, top_losers, nepse_index, supply_demand",5649
2026-08-20T14:50:54.388993+05:45,2026-08-20 14:50:54,live_market,live_market_52,True,cloud_automated,Thursday - Trading Hours: 11:00 AM - 3:00 PM NPT,9156,Sanima Middle Tamor Hydropower Limited,TAMOR,58.0,235568.0,475.1,3.39,459.5,,462.0,475.2,460.0,110739588.8,2026-08-20 14:49:39.921623,49.0,470.1,,,,,,,,,,,,,,7,"price_volume, live_market, summary, top_gainers, top_losers, nepse_index, supply_demand",5649
2026-08-20T14:50:54.388993+05:45,2026-08-20 14:50:54,live_market,live_market_53,True,cloud_automated,Thursday - Trading Hours: 11:00 AM - 3:00 PM NPT,227,Best Finance Company Ltd.,BFC,58.0,7284.0,479.0,0.59,476.2,,488.0,488.0,475.0,3497261.5,2026-08-20 14:49:38.96576,2.0,480.13,,,,,,,,,,,,,,7,"price_volume, live_market, summary, top_gainers, top_losers, nepse_index, supply_demand",5649
2026-08-20T14:50:54.388993+05:45,2026-08-20 14:50:54,live_market,live_market_54,True,cloud_automated,Thursday - Trading Hours: 11:00 AM - 3:00 PM NPT,697,Api Power Company Ltd.,API,58.0,123094.0,336.0,1.82,330.0,,331.0,336.0,328.0,40922887.8,2026-08-20 14:49:37.444813,70.0,332.45,,,,,,,,,,,,,,7,"price_volume, live_market, summary, top_gainers, top_losers, nepse_index, supply_demand",5649
2026-08-20T14:50:54.388993+05:45,2026-08-20 14:50:54,live_market,live_market_55,True,cloud_automated,Thursday - Trading Hours: 11:00 AM - 3:00 PM NPT,2742,Hydorelectricity Investment and Development Company Ltd,HIDCL,58.0,14547.0,250.6,-0.16,251.0,,252.9,253.7,249.0,3655744.2,2026-08-20 14:49:36.846555,6.0,251.31,,,,,,,,,,,,,,7,"price_volume, live_market, summary, top_gainers, top_losers, nepse_index, supply_demand",5649
2026-08-20T14:50:54.388993+05:45,2026-08-20 14:50:54,live_market,live_market_56,True,cloud_automated,Thursday - Trading Hours: 11:00 AM - 3:00 PM NPT,2743,Ngadi Group Power Ltd.,NGPL,58.0,147917.0,408.9,0.47,407.0,,406.5,408.9,403.1,60055222.1,2026-08-20 14:49:35.482284,66.0,406.01,,,,,,,,,,,,,,7,"price_volume, live_market, summary, top_gainers, top_losers, nepse_index, supply_demand",5649
2026-08-20T14:50:54.388993+05:45,2026-08-20 14:50:54,live_market,live_market_57,True,cloud_automated,Thursday - Trading Hours: 11:00 AM - 3:00 PM NPT,360,Arun Valley Hydropower Development Co. Ltd.,AHPC,58.0,73756.0,260.7,0.27,260.0,,259.0,261.0,257.1,19162573.4,2026-08-20 14:49:35.348455,50.0,259.81,,,,,,,,,,,,,,7,"price_volume, live_market, summary, top_gainers, top_losers, nepse_index, supply_demand",5649
2026-08-20T14:50:54.388993+05:45,2026-08-20 14:50:54,live_market,live_market_58,True,cloud_automated,Thursday - Trading Hours: 11:00 AM - 3:00 PM NPT,1741,Mero Microfinance Bittiya Sanstha Ltd.,MERO,58.0,3665.0,641.6,-0.68,646.0,,648.0,648.0,640.0,2355041.6,2026-08-20 14:49:34.872413,20.0,642.58,,,,,,,,,,,,,,7,"price_volume, live_market, summary, top_gainers, top_losers, nepse_index, supply_demand",5649
2026-08-20T14:50:54.388993+05:45,2026-08-20 14:50:54,live_market,live_market_59,True,cloud_automated,Thursday - Trading Hours: 11:00 AM - 3:00 PM NPT,9334,Kalinchock Hydropower Limited,KHPL,58.0,3882.0,782.4,-0.33,785.0,,772.1,786.9,772.1,3021215.4,2026-08-20 14:49:34.805987,10.0,778.26,,,,,,,,,,,,,,7,"price_volume, live_market, summary, top_gainers, top_losers, nepse_index, supply_demand",5649
2026-08-20T14:50:54.388993+05:45,2026-08-20 14:50:54,live_market,live_market_60,True,cloud_automated,Thursday - Trading Hours: 11:00 AM - 3:00 PM NPT,142,Kumari Bank Limited,KBL,58.0,116372.0,216.0,0.89,214.1,,215.0,216.0,212.1,24943547.8,2026-08-20 14:49:34.029025,10.0,214.34,,,,,,,,,,,,,,7,"price_volume, live_market, summary, top_gainers, top_losers, nepse_index, supply_demand",5649
2026-08-20T14:50:54.388993+05:45,2026-08-20 14:50:54,live_market,live_market_61,True,cloud_automated,Thursday - Trading Hours: 11:00 AM - 3:00 PM NPT,9203,Manakamana Engineering Hydropower Limited,MEHL,58.0,146441.0,250.1,-3.44,259.0,,259.0,259.0,245.2,36584721.1,2026-08-20 14:49:32.625369,100.0,249.83,,,,,,,,,,,,,,7,"price_volume, live_market, summary, top_gainers, top_losers, nepse_index, supply_demand",5649
2026-08-20T14:50:54.388993+05:45,2026-08-20 14:50:54,live_market,live_market_62,True,cloud_automated,Thursday - Trading Hours: 11:00 AM - 3:00 PM NPT,9297,Bandipur Cablecar and Tourism Limited,BANDIPUR,58.0,11938.0,680.0,-0.31,682.1,,682.0,684.0,676.0,8106735.5,2026-08-20 14:49:32.382132,10.0,679.07,,,,,,,,,,,,,,7,"price_volume, live_market, summary, top_gainers, top_losers, nepse_index, supply_demand",5649
2026-08-20T14:50:54.388993+05:45,2026-08-20 14:50:54,live_market,live_market_63,True,cloud_automated,Thursday - Trading Hours: 11:00 AM - 3:00 PM NPT,9342,Yambaling Hydropower Limited,YMHL,58.0,14720.0,625.0,-1.53,634.7,,620.0,634.0,620.0,9209068.4,2026-08-20 14:49:31.114509,10.0,625.62,,,,,,,,,,,,,,7,"price_volume, live_market, summary, top_gainers, top_losers, nepse_index, supply_demand",5649
2026-08-20T14:50:54.388993+05:45,2026-08-20 14:50:54,live_market,live_market_64,True,cloud_automated,Thursday - Trading Hours: 11:00 AM - 3:00 PM NPT,9337,Appolo Hydropower Limited,APHL,58.0,5684.0,748.0,-0.66,753.0,,743.3,760.0,743.3,4256728.1,2026-08-20 14:49:30.749264,10.0,748.9,,,,,,,,,,,,,,7,"price_volume, live_market, summary, top_gainers, top_losers, nepse_index, supply_demand",5649
2026-08-20T14:50:54.388993+05:45,2026-08-20 14:50:54,live_market,live_market_65,True,cloud_automated,Thursday - Trading Hours: 11:00 AM - 3:00 PM NPT,9209,Citizen Life Insurance Company Limited,CLI,58.0,14306.0,435.0,0.0,435.0,,435.0,435.0,429.1,6155625.4,2026-08-20 14:49:30.485166,11.0,430.28,,,,,,,,,,,,,,7,"price_volume, live_market, summary, top_gainers, top_losers, nepse_index, supply_demand",5649
2026-08-20T14:50:54.388993+05:45,2026-08-20 14:50:54,live_market,live_market_66,True,cloud_automated,Thursday - Trading Hours: 11:00 AM - 3:00 PM NPT,587,Reliance Finance Ltd.,RLFL,58.0,10394.0,437.0,-1.35,443.0,,433.1,441.0,425.0,4475911.4,2026-08-20 14:49:30.273211,27.0,430.62,,,,,,,,,,,,,,7,"price_volume, live_market, summary, top_gainers, top_losers, nepse_index, supply_demand",5649
2026-08-20T14:50:54.388993+05:45,2026-08-20 14:50:54,live_market,live_market_67,True,cloud_automated,Thursday - Trading Hours: 11:00 AM - 3:00 PM NPT,9325,Suryakunda Hydro Electric Limited,SKHEL,58.0,881.0,938.1,-1.25,950.0,,932.0,949.9,932.0,825366.0,2026-08-20 14:49:29.45189,10.0,936.85,,,,,,,,,,,,,,7,"price_volume, live_market, summary, top_gainers, top_losers, nepse_index, supply_demand",5649
2026-08-20T14:50:54.388993+05:45,2026-08-20 14:50:54,live_market,live_market_68,True,cloud_automated,Thursday - Trading Hours: 11:00 AM - 3:00 PM NPT,2915,Prabhu Mahalaxmi Life Insurance Limited,PMLI,58.0,2120.0,424.5,-0.12,425.0,,420.0,425.5,420.0,897552.3,2026-08-20 14:49:28.660994,13.0,423.37,,,,,,,,,,,,,,7,"price_volume, live_market, summary, top_gainers, top_losers, nepse_index, supply_demand",5649
2026-08-20T14:50:54.388993+05:45,2026-08-20 14:50:54,live_market,live_market_69,True,cloud_automated,Thursday - Trading Hours: 11:00 AM - 3:00 PM NPT,2748,RSDC Laghubitta Bittiya Sanstha Ltd.,RSDC,58.0,807.0,634.9,1.05,628.3,,621.0,634.9,621.0,504324.2,2026-08-20 14:49:28.407723,1.0,624.94,,,,,,,,,,,,,,7,"price_volume, live_market, summary, top_gainers, top_losers, nepse_index, supply_demand",5649
2026-08-20T14:50:54.388993+05:45,2026-08-20 14:50:54,live_market,live_market_70,True,cloud_automated,Thursday - Trading Hours: 11:00 AM - 3:00 PM NPT,164,Chhimek Laghubitta Bittiya Sanstha Limited,CBBL,58.0,6540.0,936.2,0.13,935.0,,939.9,940.0,935.1,6134536.3,2026-08-20 14:49:28.189642,1.0,938.0,,,,,,,,,,,,,,7,"price_volume, live_market, summary, top_gainers, top_losers, nepse_index, supply_demand",5649
2026-08-20T14:50:54.388993+05:45,2026-08-20 14:50:54,live_market,live_market_71,True,cloud_automated,Thursday - Trading Hours: 11:00 AM - 3:00 PM NPT,9306,Reliance Spinning Mills Limited,RSML,58.0,102854.0,2792.0,3.03,2710.0,,2685.0,2830.0,2610.6,278987700.8,2026-08-20 14:49:28.152475,40.0,2712.46,,,,,,,,,,,,,,7,"price_volume, live_market, summary, top_gainers, top_losers, nepse_index, supply_demand",5649
2026-08-20T14:50:54.388993+05:45,2026-08-20 14:50:54,live_market,live_market_72,True,cloud_automated,Thursday - Trading Hours: 11:00 AM - 3:00 PM NPT,9250,Nepal Micro Insurance Company Limited,NMIC,58.0,840.0,878.1,-0.44,882.0,,870.4,890.0,870.4,741115.2,2026-08-20 14:49:27.58784,10.0,882.28,,,,,,,,,,,,,,7,"price_volume, live_market, summary, top_gainers, top_losers, nepse_index, supply_demand",5649
2026-08-20T14:50:54.388993+05:45,2026-08-20 14:50:54,live_market,live_market_73,True,cloud_automated,Thursday - Trading Hours: 11:00 AM - 3:00 PM NPT,9150,Asian Hydropower Limited,AHL,58.0,851.0,404.0,1.0,400.0,,395.0,405.0,395.0,342402.0,2026-08-20 14:49:26.72371,50.0,402.35,,,,,,,,,,,,,,7,"price_volume, live_market, summary, top_gainers, top_losers, nepse_index, supply_demand",5649
2026-08-20T14:50:54.388993+05:45,2026-08-20 14:50:54,live_market,live_market_74,True,cloud_automated,Thursday - Trading Hours: 11:00 AM - 3:00 PM NPT,2760,United Modi Hydropower Ltd.,UMHL,58.0,78378.0,582.0,-2.81,598.8,,585.0,615.0,580.0,45944741.1,2026-08-20 14:49:26.71274,110.0,586.19,,,,,,,,,,,,,,7,"price_volume, live_market, summary, top_gainers, top_losers, nepse_index, supply_demand",5649
2026-08-20T14:50:54.388993+05:45,2026-08-20 14:50:54,live_market,live_market_75,True,cloud_automated,Thursday - Trading Hours: 11:00 AM - 3:00 PM NPT,8131,Eastern Hydropower Limited,EHPL,58.0,9177.0,330.6,-1.31,335.0,,340.0,340.0,325.0,3001395.1,2026-08-20 14:49:25.648848,10.0,327.06,,,,,,,,,,,,,,7,"price_volume, live_market, summary, top_gainers, top_losers, nepse_index, supply_demand",5649
2026-08-20T14:50:54.388993+05:45,2026-08-20 14:50:54,live_market,live_market_76,True,cloud_automated,Thursday - Trading Hours: 11:00 AM - 3:00 PM NPT,9255,Everest Bank Limited Debenture 2091,EBLD91,58.0,125.0,1100.0,0.0,1100.0,,1080.0,1100.0,1080.0,136500.0,2026-08-20 14:49:24.807442,50.0,1092.0,,,,,,,,,,,,,,7,"price_volume, live_market, summary, top_gainers, top_losers, nepse_index, supply_demand",5649
2026-08-20T14:50:54.388993+05:45,2026-08-20 14:50:54,live_market,live_market_77,True,cloud_automated,Thursday - Trading Hours: 11:00 AM - 3:00 PM NPT,472,Shangrila Development Bank Ltd.,SADBL,58.0,7239.0,404.0,0.0,404.0,,405.0,405.1,403.0,2926644.6,2026-08-20 14:49:24.347084,444.0,404.29,,,,,,,,,,,,,,7,"price_volume, live_market, summary, top_gainers, top_losers, nepse_index, supply_demand",5649
2026-08-20T14:50:54.388993+05:45,2026-08-20 14:50:54,live_market,live_market_78,True,cloud_automated,Thursday - Trading Hours: 11:00 AM - 3:00 PM NPT,178,National Life Insurance Co. Ltd.,NLICL,58.0,13340.0,563.0,-0.37,565.1,,560.09,575.0,560.09,7514632.49,2026-08-20 14:49:24.341838,10.0,563.32,,,,,,,,,,,,,,7,"price_volume, live_market, summary, top_gainers, top_losers, nepse_index, supply_demand",5649
2026-08-20T14:50:54.388993+05:45,2026-08-20 14:50:54,live_market,live_market_79,True,cloud_automated,Thursday - Trading Hours: 11:00 AM - 3:00 PM NPT,9308,Hotel Forest Inn Limited,HFIN,58.0,11412.0,674.0,-0.75,679.1,,670.0,679.0,669.0,7675299.4,2026-08-20 14:49:23.488593,10.0,672.56,,,,,,,,,,,,,,7,"price_volume, live_market, summary, top_gainers, top_losers, nepse_index, supply_demand",5649
2026-08-20T14:50:54.388993+05:45,2026-08-20 14:50:54,live_market,live_market_80,True,cloud_automated,Thursday - Trading Hours: 11:00 AM - 3:00 PM NPT,2842,SANJEN JALAVIDHYUT COMPANY LIMITED,SJCL,58.0,6684.0,264.0,-0.38,265.0,,263.1,266.0,262.2,1758695.5,2026-08-20 14:49:22.531324,26.0,263.12,,,,,,,,,,,,,,7,"price_volume, live_market, summary, top_gainers, top_losers, nepse_index, supply_demand",5649
2026-08-20T14:50:54.388993+05:45,2026-08-20 14:50:54,live_market,live_market_81,True,cloud_automated,Thursday - Trading Hours: 11:00 AM - 3:00 PM NPT,9352,Mount Everest Power Development Limited,MEPDL,58.0,28510.0,797.6,14.99,693.6,,728.2,797.6,728.2,22722709.0,2026-08-20 14:49:21.904845,10.0,797.01,,,,,,,,,,,,,,7,"price_volume, live_market, summary, top_gainers, top_losers, nepse_index, supply_demand",5649
2026-08-20T14:50:54.388993+05:45,2026-08-20 14:50:54,live_market,live_market_82,True,cloud_automated,Thursday - Trading Hours: 11:00 AM - 3:00 PM NPT,9212,Mandu Hydropower Limited,MANDU,58.0,9834.0,823.9,2.86,801.0,,814.7,829.0,801.0,8011871.9,2026-08-20 14:49:21.499099,230.0,814.71,,,,,,,,,,,,,,7,"price_volume, live_market, summary, top_gainers, top_losers, nepse_index, supply_demand",5649
2026-08-20T14:50:54.388993+05:45,2026-08-20 14:50:54,live_market,live_market_83,True,cloud_automated,Thursday - Trading Hours: 11:00 AM - 3:00 PM NPT,147,Soaltee Hotel Limited,SHL,58.0,14247.0,498.0,0.0,498.0,,499.0,499.3,496.0,7094338.4,2026-08-20 14:49:21.304616,900.0,497.95,,,,,,,,,,,,,,7,"price_volume, live_market, summary, top_gainers, top_losers, nepse_index, supply_demand",5649
2026-08-20T14:50:54.388993+05:45,2026-08-20 14:50:54,live_market,live_market_84,True,cloud_automated,Thursday - Trading Hours: 11:00 AM - 3:00 PM NPT,187,Nepal Life Insurance Co. Ltd.,NLIC,58.0,28399.0,717.0,-0.26,718.9,,720.0,722.0,709.0,20246963.4,2026-08-20 14:49:20.366949,200.0,712.95,,,,,,,,,,,,,,7,"price_volume, live_market, summary, top_gainers, top_losers, nepse_index, supply_demand",5649
2026-08-20T14:50:54.388993+05:45,2026-08-20 14:50:54,live_market,live_market_85,True,cloud_automated,Thursday - Trading Hours: 11:00 AM - 3:00 PM NPT,610,Ridi Power Company Limited,RIDI,58.0,229337.0,363.9,0.72,361.3,,365.0,365.0,356.1,82985800.2,2026-08-20 14:49:18.488761,6150.0,361.85,,,,,,,,,,,,,,7,"price_volume, live_market, summary, top_gainers, top_losers, nepse_index, supply_demand",5649
2026-08-20T14:50:54.388993+05:45,2026-08-20 14:50:54,live_market,live_market_86,True,cloud_automated,Thursday - Trading Hours: 11:00 AM - 3:00 PM NPT,9258,Pure Energy Limited,PURE,58.0,6998.0,790.0,-3.04,814.8,,800.0,820.0,785.0,5569615.9,2026-08-20 14:49:17.849185,10.0,795.89,,,,,,,,,,,,,,7,"price_volume, live_market, summary, top_gainers, top_losers, nepse_index, supply_demand",5649
2026-08-20T14:50:54.388993+05:45,2026-08-20 14:50:54,live_market,live_market_87,True,cloud_automated,Thursday - Trading Hours: 11:00 AM - 3:00 PM NPT,2751,Khanikhola Hydropower Co. Ltd.,KKHC,58.0,244974.0,279.0,-5.9,296.5,,287.7,295.0,274.0,68803349.2,2026-08-20 14:49:16.845068,925.0,280.86,,,,,,,,,,,,,,7,"price_volume, live_market, summary, top_gainers, top_losers, nepse_index, supply_demand",5649
2026-08-20T14:50:54.388993+05:45,2026-08-20 14:50:54,live_market,live_market_88,True,cloud_automated,Thursday - Trading Hours: 11:00 AM - 3:00 PM NPT,9242,Sarbottam Cement Limited,SARBTM,58.0,3458.0,776.2,-0.47,779.9,,818.8,818.8,772.0,2688963.7,2026-08-20 14:49:14.3264,56.0,777.61,,,,,,,,,,,,,,7,"price_volume, live_market, summary, top_gainers, top_losers, nepse_index, supply_demand",5649
2026-08-20T14:50:54.388993+05:45,2026-08-20 14:50:54,live_market,live_market_89,True,cloud_automated,Thursday - Trading Hours: 11:00 AM - 3:00 PM NPT,338,Progressive Finance Limited,PROFL,58.0,2760.0,405.0,-0.49,407.0,,406.0,409.0,400.5,1118237.5,2026-08-20 14:49:13.718101,50.0,405.16,,,,,,,,,,,,,,7,"price_volume, live_market, summary, top_gainers, top_losers, nepse_index, supply_demand",5649
2026-08-20T14:50:54.388993+05:45,2026-08-20 14:50:54,live_market,live_market_90,True,cloud_automated,Thursday - Trading Hours: 11:00 AM - 3:00 PM NPT,5982,Sanima Reliance Life Insurance Limited,SRLI,58.0,5671.0,367.1,-0.43,368.7,,369.0,369.0,365.1,2079617.9,2026-08-20 14:49:13.594494,12.0,366.71,,,,,,,,,,,,,,7,"price_volume, live_market, summary, top_gainers, top_losers, nepse_index, supply_demand",5649
2026-08-20T14:50:54.388993+05:45,2026-08-20 14:50:54,live_market,live_market_91,True,cloud_automated,Thursday - Trading Hours: 11:00 AM - 3:00 PM NPT,154,Chilime Hydropower Company Limited,CHCL,58.0,25036.0,482.0,0.63,479.0,,480.0,483.8,476.0,12036516.5,2026-08-20 14:49:13.063976,40.0,480.77,,,,,,,,,,,,,,7,"price_volume, live_market, summary, top_gainers, top_losers, nepse_index, supply_demand",5649
2026-08-20T14:50:54.388993+05:45,2026-08-20 14:50:54,live_market,live_market_92,True,cloud_automated,Thursday - Trading Hours: 11:00 AM - 3:00 PM NPT,9296,Bungal Hydro Limited,BUNGAL,58.0,9934.0,588.1,-1.66,598.0,,627.0,627.0,586.0,5864737.0,2026-08-20 14:49:11.79503,58.0,590.37,,,,,,,,,,,,,,7,"price_volume, live_market, summary, top_gainers, top_losers, nepse_index, supply_demand",5649
2026-08-20T14:50:54.388993+05:45,2026-08-20 14:50:54,live_market,live_market_93,True,cloud_automated,Thursday - Trading Hours: 11:00 AM - 3:00 PM NPT,516,Manjushree Finance Ltd.,MFIL,58.0,16296.0,747.5,-0.05,747.9,,745.0,754.0,735.0,12134623.0,2026-08-20 14:49:10.338686,300.0,744.64,,,,,,,,,,,,,,7,"price_volume, live_market, summary, top_gainers, top_losers, nepse_index, supply_demand",5649
2026-08-20T14:50:54.388993+05:45,2026-08-20 14:50:54,live_market,live_market_94,True,cloud_automated,Thursday - Trading Hours: 11:00 AM - 3:00 PM NPT,2903,Liberty Energy Company Limited,LEC,58.0,91805.0,221.6,0.32,220.9,,219.0,223.5,219.0,20266868.8,2026-08-20 14:49:08.67671,390.0,220.76,,,,,,,,,,,,,,7,"price_volume, live_market, summary, top_gainers, top_losers, nepse_index, supply_demand",5649
2026-08-20T14:50:54.388993+05:45,2026-08-20 14:50:54,live_market,live_market_95,True,cloud_automated,Thursday - Trading Hours: 11:00 AM - 3:00 PM NPT,235,Himalayan Distillery Limited,HDL,58.0,10524.0,1179.9,0.14,1178.2,,1184.0,1184.0,1173.0,12396275.8,2026-08-20 14:49:08.022614,20.0,1177.91,,,,,,,,,,,,,,7,"price_volume, live_market, summary, top_gainers, top_losers, nepse_index, supply_demand",5649
2026-08-20T14:50:54.388993+05:45,2026-08-20 14:50:54,live_market,live_market_96,True,cloud_automated,Thursday - Trading Hours: 11:00 AM - 3:00 PM NPT,141,Laxmi Sunrise Bank Limited,LSL,58.0,59465.0,220.0,0.96,217.9,,218.0,220.0,216.8,13017575.8,2026-08-20 14:49:07.683729,92.0,218.91,,,,,,,,,,,,,,7,"price_volume, live_market, summary, top_gainers, top_losers, nepse_index, supply_demand",5649
2026-08-20T14:50:54.388993+05:45,2026-08-20 14:50:54,live_market,live_market_97,True,cloud_automated,Thursday - Trading Hours: 11:00 AM - 3:00 PM NPT,8045,Green Ventures Limited,GVL,58.0,13190.0,482.6,2.25,472.0,,470.0,484.9,469.8,6330619.2,2026-08-20 14:49:07.182586,50.0,479.96,,,,,,,,,,,,,,7,"price_volume, live_market, summary, top_gainers, top_losers, nepse_index, supply_demand",5649
2026-08-20T14:50:54.388993+05:45,2026-08-20 14:50:54,live_market,live_market_98,True,cloud_automated,Thursday - Trading Hours: 11:00 AM - 3:00 PM NPT,9302,RBB Focus 40,RBBF40,58.0,5850.0,9.0,-1.1,9.1,,8.83,9.1,8.83,52628.0,2026-08-20 14:49:06.261569,1500.0,9.0,,,,,,,,,,,,,,7,"price_volume, live_market, summary, top_gainers, top_losers, nepse_index, supply_demand",5649
2026-08-20T14:50:54.388993+05:45,2026-08-20 14:50:54,live_market,live_market_99,True,cloud_automated,Thursday - Trading Hours: 11:00 AM - 3:00 PM NPT,385,Asian Life Insurance Co. Limited,ALICL,58.0,11720.0,418.0,0.72,415.0,,415.0,418.0,413.1,4870246.6,2026-08-20 14:49:04.167726,30.0,415.55,,,,,,,,,,,,,,7,"price_volume, live_market, summary, top_gainers, top_losers, nepse_index, supply_demand",5649
2026-08-20T14:50:54.388993+05:45,2026-08-20 14:50:54,live_market,live_market_100,True,cloud_automated,Thursday - Trading Hours: 11:00 AM - 3:00 PM NPT,2913,Mountain Energy Nepal Limited,MEN,58.0,188386.0,636.0,1.45,626.9,,626.0,638.0,621.2,118966188.9,2026-08-20 14:49:03.929491,3000.0,631.5,,,,,,,,,,,,,,7,"price_volume, live_market, summary, top_gainers, top_losers, nepse_index, supply_demand",5649
2026-08-20T14:50:54.388993+05:45,2026-08-20 14:50:54,live_market,live_market_101,True,cloud_automated,Thursday - Trading Hours: 11:00 AM - 3:00 PM NPT,2919,Nepal Infrastructure Bank Limited,NIFRA,58.0,32633.0,244.0,-0.08,244.2,,242.1,244.5,242.1,7942972.4,2026-08-20 14:49:03.815449,62.0,243.4,,,,,,,,,,,,,,7,"price_volume, live_market, summary, top_gainers, top_losers, nepse_index, supply_demand",5649
2026-08-20T14:50:54.388993+05:45,2026-08-20 14:50:54,live_market,live_market_102,True,cloud_automated,Thursday - Trading Hours: 11:00 AM - 3:00 PM NPT,9311,Solu Hydropower Limited,SOHL,58.0,312228.0,700.0,2.62,682.1,,682.1,702.0,674.1,215246074.1,2026-08-20 14:49:03.154453,100.0,689.39,,,,,,,,,,,,,,7,"price_volume, live_market, summary, top_gainers, top_losers, nepse_index, supply_demand",5649
2026-08-20T14:50:54.388993+05:45,2026-08-20 14:50:54,live_market,live_market_103,True,cloud_automated,Thursday - Trading Hours: 11:00 AM - 3:00 PM NPT,2908,Sanima GIC Insurance Limited,SGIC,58.0,3542.0,449.9,0.11,449.4,,445.1,449.9,444.3,1585612.1,2026-08-20 14:49:01.652017,74.0,447.66,,,,,,,,,,,,,,7,"price_volume, live_market, summary, top_gainers, top_losers, nepse_index, supply_demand",5649
2026-08-20T14:50:54.388993+05:45,2026-08-20 14:50:54,live_market,live_market_104,True,cloud_automated,Thursday - Trading Hours: 11:00 AM - 3:00 PM NPT,194,Nepal Finance Ltd.,NFS,58.0,4242.0,555.1,-0.27,556.6,,565.0,565.0,555.0,2363223.5,2026-08-20 14:49:01.33632,500.0,557.1,,,,,,,,,,,,,,7,"price_volume, live_market, summary, top_gainers, top_losers, nepse_index, supply_demand",5649
2026-08-20T14:50:54.388993+05:45,2026-08-20 14:50:54,live_market,live_market_105,True,cloud_automated,Thursday - Trading Hours: 11:00 AM - 3:00 PM NPT,8111,Hydorelectricity Investment and Development Company Limited Promoter,HIDCLP,58.0,47513.0,184.4,-0.81,185.9,,188.0,188.0,184.4,8783594.6,2026-08-20 14:49:00.867716,487.0,184.87,,,,,,,,,,,,,,7,"price_volume, live_market, summary, top_gainers, top_losers, nepse_index, supply_demand",5649
2026-08-20T14:50:54.388993+05:45,2026-08-20 14:50:54,live_market,live_market_106,True,cloud_automated,Thursday - Trading Hours: 11:00 AM - 3:00 PM NPT,9146,Super Madi Hydropower Limited,SMHL,58.0,291146.0,523.0,4.18,502.0,,502.0,523.8,498.1,150032762.5,2026-08-20 14:48:58.751656,13.0,515.32,,,,,,,,,,,,,,7,"price_volume, live_market, summary, top_gainers, top_losers, nepse_index, supply_demand",5649
2026-08-20T14:50:54.388993+05:45,2026-08-20 14:50:54,live_market,live_market_107,True,cloud_automated,Thursday - Trading Hours: 11:00 AM - 3:00 PM NPT,8026,Nyadi Hydropower Limited,NYADI,58.0,3975.0,358.0,-0.56,360.0,,360.0,360.0,355.9,1419723.2,2026-08-20 14:48:58.529133,195.0,357.16,,,,,,,,,,,,,,7,"price_volume, live_market, summary, top_gainers, top_losers, nepse_index, supply_demand",5649
2026-08-20T14:50:54.388993+05:45,2026-08-20 14:50:54,live_market,live_market_108,True,cloud_automated,Thursday - Trading Hours: 11:00 AM - 3:00 PM NPT,9301,Shreenagar Agritech Industries Limited,SAIL,58.0,19392.0,1041.0,1.08,1029.9,,1010.0,1047.0,1010.0,19824689.6,2026-08-20 14:48:58.457785,50.0,1022.31,,,,,,,,,,,,,,7,"price_volume, live_market, summary, top_gainers, top_losers, nepse_index, supply_demand",5649
2026-08-20T14:50:54.388993+05:45,2026-08-20 14:50:54,live_market,live_market_109,True,cloud_automated,Thursday - Trading Hours: 11:00 AM - 3:00 PM NPT,450,Corporate Development Bank Limited,CORBL,58.0,27506.0,999.0,-2.82,1028.0,,1028.0,1028.0,985.0,27469335.6,2026-08-20 14:48:57.889197,200.0,998.67,,,,,,,,,,,,,,7,"price_volume, live_market, summary, top_gainers, top_losers, nepse_index, supply_demand",5649
2026-08-20T14:50:54.388993+05:45,2026-08-20 14:50:54,live_market,live_market_110,True,cloud_automated,Thursday - Trading Hours: 11:00 AM - 3:00 PM NPT,9225,Vision Lumbini Urja Company Limited ,VLUCL,58.0,2970.0,394.0,-1.5,400.0,,399.0,399.0,392.2,1169109.0,2026-08-20 14:48:57.86788,200.0,393.64,,,,,,,,,,,,,,7,"price_volume, live_market, summary, top_gainers, top_losers, nepse_index, supply_demand",5649
2026-08-20T14:50:54.388993+05:45,2026-08-20 14:50:54,live_market,live_market_111,True,cloud_automated,Thursday - Trading Hours: 11:00 AM - 3:00 PM NPT,131,Nabil Bank Limited,NABIL,58.0,23245.0,548.3,0.05,548.0,,550.0,552.0,547.0,12747955.0,2026-08-20 14:48:57.677031,145.0,548.42,,,,,,,,,,,,,,7,"price_volume, live_market, summary, top_gainers, top_losers, nepse_index, supply_demand",5649
2026-08-20T14:50:54.388993+05:45,2026-08-20 14:50:54,live_market,live_market_112,True,cloud_automated,Thursday - Trading Hours: 11:00 AM - 3:00 PM NPT,238,NMB Bank Limited,NMB,58.0,36247.0,240.0,0.54,238.7,,239.9,240.0,237.2,8662672.9,2026-08-20 14:48:56.370397,200.0,238.99,,,,,,,,,,,,,,7,"price_volume, live_market, summary, top_gainers, top_losers, nepse_index, supply_demand",5649
2026-08-20T14:50:54.388993+05:45,2026-08-20 14:50:54,live_market,live_market_113,True,cloud_automated,Thursday - Trading Hours: 11:00 AM - 3:00 PM NPT,9353,Sarvottam Paints Industries Limited,SAPIL,58.0,180.0,693.6,14.99,603.2,,621.2,693.6,621.2,123089.0,2026-08-20 14:48:55.615305,10.0,683.83,,,,,,,,,,,,,,7,"price_volume, live_market, summary, top_gainers, top_losers, nepse_index, supply_demand",5649
2026-08-20T14:50:54.388993+05:45,2026-08-20 14:50:54,live_market,live_market_114,True,cloud_automated,Thursday - Trading Hours: 11:00 AM - 3:00 PM NPT,2792,Upper Tamakoshi Hydropower Ltd,UPPER,58.0,43942.0,191.3,-0.1,191.5,,201.0,201.0,190.0,8371358.2,2026-08-20 14:48:54.461247,85.0,190.51,,,,,,,,,,,,,,7,"price_volume, live_market, summary, top_gainers, top_losers, nepse_index, supply_demand",5649
2026-08-20T14:50:54.388993+05:45,2026-08-20 14:50:54,live_market,live_market_115,True,cloud_automated,Thursday - Trading Hours: 11:00 AM - 3:00 PM NPT,9270,Him Star Urja Company Limited,HIMSTAR,58.0,1160.0,678.0,-1.22,686.4,,671.0,690.0,671.0,790239.4,2026-08-20 14:48:52.843381,10.0,681.24,,,,,,,,,,,,,,7,"price_volume, live_market, summary, top_gainers, top_losers, nepse_index, supply_demand",5649
2026-08-20T14:50:54.388993+05:45,2026-08-20 14:50:54,live_market,live_market_116,True,cloud_automated,Thursday - Trading Hours: 11:00 AM - 3:00 PM NPT,9230,Muktinath Krishi Company Limited,MKCL,58.0,1344.0,973.0,-0.21,975.0,,960.0,973.2,953.1,1295058.0,2026-08-20 14:48:52.289147,10.0,963.58,,,,,,,,,,,,,,7,"price_volume, live_market, summary, top_gainers, top_losers, nepse_index, supply_demand",5649
2026-08-20T14:50:54.388993+05:45,2026-08-20 14:50:54,live_market,live_market_117,True,cloud_automated,Thursday - Trading Hours: 11:00 AM - 3:00 PM NPT,2810,UNIVERSAL POWER COMPANY LTD,UPCL,58.0,25190.0,342.4,0.06,342.2,,340.1,345.0,340.1,8607093.5,2026-08-20 14:48:50.700848,50.0,341.69,,,,,,,,,,,,,,7,"price_volume, live_market, summary, top_gainers, top_losers, nepse_index, supply_demand",5649
2026-08-20T14:50:54.388993+05:45,2026-08-20 14:50:54,live_market,live_market_118,True,cloud_automated,Thursday - Trading Hours: 11:00 AM - 3:00 PM NPT,8041,NESDO Sambridha Laghubitta Bittiya Sanstha Limited,NESDO,58.0,305.0,1400.0,-0.85,1412.0,,1411.9,1411.9,1400.0,427879.8,2026-08-20 14:48:50.295843,11.0,1402.88,,,,,,,,,,,,,,7,"price_volume, live_market, summary, top_gainers, top_losers, nepse_index, supply_demand",5649
2026-08-20T14:50:54.388993+05:45,2026-08-20 14:50:54,live_market,live_market_119,True,cloud_automated,Thursday - Trading Hours: 11:00 AM - 3:00 PM NPT,9159,Sagarmatha Jalabidhyut Company Limited,SMJC,58.0,5262.0,429.0,-0.44,430.9,,428.0,431.0,428.0,2260419.4,2026-08-20 14:48:50.24916,70.0,429.57,,,,,,,,,,,,,,7,"price_volume, live_market, summary, top_gainers, top_losers, nepse_index, supply_demand",5649
2026-08-20T14:50:54.388993+05:45,2026-08-20 14:50:54,live_market,live_market_120,True,cloud_automated,Thursday - Trading Hours: 11:00 AM - 3:00 PM NPT,140,Machhapuchhre Bank Limited,MBL,58.0,131261.0,249.0,0.24,248.4,,248.4,251.0,244.0,32506857.1,2026-08-20 14:48:49.33552,28.0,247.65,,,,,,,,,,,,,,7,"price_volume, live_market, summary, top_gainers, top_losers, nepse_index, supply_demand",5649
2026-08-20T14:50:54.388993+05:45,2026-08-20 14:50:54,live_market,live_market_121,True,cloud_automated,Thursday - Trading Hours: 11:00 AM - 3:00 PM NPT,4951,Jeevan Bikas Laghubitta  Bittya Sanstha Ltd,JBLB,58.0,1020.0,1275.0,0.14,1273.2,,1270.0,1282.0,1262.0,1295686.4,2026-08-20 14:48:48.092361,28.0,1270.28,,,,,,,,,,,,,,7,"price_volume, live_market, summary, top_gainers, top_losers, nepse_index, supply_demand",5649
2026-08-20T14:50:54.388993+05:45,2026-08-20 14:50:54,live_market,live_market_122,True,cloud_automated,Thursday - Trading Hours: 11:00 AM - 3:00 PM NPT,8133,Peoples Hydropower Company Limited,PHCL,58.0,64566.0,304.0,1.6,299.2,,298.2,305.1,298.2,19577375.4,2026-08-20 14:48:47.910701,100.0,303.21,,,,,,,,,,,,,,7,"price_volume, live_market, summary, top_gainers, top_losers, nepse_index, supply_demand",5649
2026-08-20T14:50:54.388993+05:45,2026-08-20 14:50:54,live_market,live_market_123,True,cloud_automated,Thursday - Trading Hours: 11:00 AM - 3:00 PM NPT,9213,Hathway Investment Nepal Limited,HATHY,58.0,17198.0,584.8,-3.05,603.2,,606.0,606.0,580.0,10163774.8,2026-08-20 14:48:45.363767,20.0,590.99,,,,,,,,,,,,,,7,"price_volume, live_market, summary, top_gainers, top_losers, nepse_index, supply_demand",5649
2026-08-20T14:50:54.388993+05:45,2026-08-20 14:50:54,live_market,live_market_124,True,cloud_automated,Thursday - Trading Hours: 11:00 AM - 3:00 PM NPT,348,Citizens Bank International Limited,CZBIL,58.0,20973.0,201.0,1.01,199.0,,198.2,201.0,195.3,4195922.2,2026-08-20 14:48:44.57665,10.0,200.06,,,,,,,,,,,,,,7,"price_volume, live_market, summary, top_gainers, top_losers, nepse_index, supply_demand",5649
2026-08-20T14:50:54.388993+05:45,2026-08-20 14:50:54,live_market,live_market_125,True,cloud_automated,Thursday - Trading Hours: 11:00 AM - 3:00 PM NPT,9193,Ghorahi Cement Industry Limited,GCIL,58.0,4618.0,338.1,-1.14,342.0,,340.0,342.0,338.0,1569181.1,2026-08-20 14:48:42.570457,39.0,339.8,,,,,,,,,,,,,,7,"price_volume, live_market, summary, top_gainers, top_losers, nepse_index, supply_demand",5649
2026-08-20T14:50:54.388993+05:45,2026-08-20 14:50:54,live_market,live_market_126,True,cloud_automated,Thursday - Trading Hours: 11:00 AM - 3:00 PM NPT,9267,Bikash Hydropower Company Limited,BHCL,58.0,54116.0,557.0,-1.94,568.0,,552.0,565.0,550.0,30075088.8,2026-08-20 14:48:41.067034,100.0,555.75,,,,,,,,,,,,,,7,"price_volume, live_market, summary, top_gainers, top_losers, nepse_index, supply_demand",5649
2026-08-20T14:50:54.388993+05:45,2026-08-20 14:50:54,live_market,live_market_127,True,cloud_automated,Thursday - Trading Hours: 11:00 AM - 3:00 PM NPT,474,Muktinath Bikas Bank Ltd.,MNBBL,58.0,29188.0,361.0,0.0,361.0,,361.0,362.7,359.2,10534920.9,2026-08-20 14:48:40.995372,35.0,360.93,,,,,,,,,,,,,,7,"price_volume, live_market, summary, top_gainers, top_losers, nepse_index, supply_demand",5649
2026-08-20T14:50:54.388993+05:45,2026-08-20 14:50:54,live_market,live_market_128,True,cloud_automated,Thursday - Trading Hours: 11:00 AM - 3:00 PM NPT,2934,Singati Hydro Energy Limited,SHEL,58.0,47128.0,301.9,1.31,298.0,,295.0,303.0,294.6,14062650.3,2026-08-20 14:48:40.96311,86.0,298.39,,,,,,,,,,,,,,7,"price_volume, live_market, summary, top_gainers, top_losers, nepse_index, supply_demand",5649
2026-08-20T14:50:54.388993+05:45,2026-08-20 14:50:54,live_market,live_market_129,True,cloud_automated,Thursday - Trading Hours: 11:00 AM - 3:00 PM NPT,9175,Menchhiyam Hydropower Limited,MCHL,58.0,3270.0,276.0,-2.13,282.0,,275.0,280.0,274.3,900740.5,2026-08-20 14:48:38.914746,900.0,275.46,,,,,,,,,,,,,,7,"price_volume, live_market, summary, top_gainers, top_losers, nepse_index, supply_demand",5649
2026-08-20T14:50:54.388993+05:45,2026-08-20 14:50:54,live_market,live_market_130,True,cloud_automated,Thursday - Trading Hours: 11:00 AM - 3:00 PM NPT,8099,Upper Hewakhola Hydropower Company Limited,UHEWA,58.0,139689.0,617.0,1.15,610.0,,601.0,629.1,601.0,86948296.2,2026-08-20 14:48:38.277135,40.0,622.44,,,,,,,,,,,,,,7,"price_volume, live_market, summary, top_gainers, top_losers, nepse_index, supply_demand",5649
2026-08-20T14:50:54.388993+05:45,2026-08-20 14:50:54,live_market,live_market_131,True,cloud_automated,Thursday - Trading Hours: 11:00 AM - 3:00 PM NPT,2935,Ru Ru Jalbidhyut Pariyojana Limited,RURU,58.0,7453.0,604.9,0.82,600.0,,600.0,607.0,595.0,4464295.5,2026-08-20 14:48:35.970459,50.0,598.99,,,,,,,,,,,,,,7,"price_volume, live_market, summary, top_gainers, top_losers, nepse_index, supply_demand",5649
2026-08-20T14:50:54.388993+05:45,2026-08-20 14:50:54,live_market,live_market_132,True,cloud_automated,Thursday - Trading Hours: 11:00 AM - 3:00 PM NPT,2914,United IDI Mardi RB Hydropower Limited.,UMRH,58.0,4418.0,522.2,-1.47,530.0,,519.2,529.0,519.0,2296249.5,2026-08-20 14:48:35.547219,5.0,519.75,,,,,,,,,,,,,,7,"price_volume, live_market, summary, top_gainers, top_losers, nepse_index, supply_demand",5649
2026-08-20T14:50:54.388993+05:45,2026-08-20 14:50:54,live_market,live_market_133,True,cloud_automated,Thursday - Trading Hours: 11:00 AM - 3:00 PM NPT,9312,Nepal Life Samriddhi Lagani Yojana,NSY,58.0,1416.0,9.1,-2.15,9.3,,9.03,9.3,9.03,13049.8,2026-08-20 14:48:34.084613,100.0,9.22,,,,,,,,,,,,,,7,"price_volume, live_market, summary, top_gainers, top_losers, nepse_index, supply_demand",5649
2026-08-20T14:50:54.388993+05:45,2026-08-20 14:50:54,live_market,live_market_134,True,cloud_automated,Thursday - Trading Hours: 11:00 AM - 3:00 PM NPT,517,Nepal Bank Limited,NBL,58.0,117350.0,277.0,0.73,275.0,,275.0,277.3,273.0,32342967.3,2026-08-20 14:48:33.510112,187.0,275.61,,,,,,,,,,,,,,7,"price_volume, live_market, summary, top_gainers, top_losers, nepse_index, supply_demand",5649
2026-08-20T14:50:54.388993+05:45,2026-08-20 14:50:54,live_market,live_market_135,True,cloud_automated,Thursday - Trading Hours: 11:00 AM - 3:00 PM NPT,204,Gurkhas Finance Ltd.,GUFL,58.0,9768.0,530.3,-1.06,536.0,,532.0,534.0,525.2,5174905.9,2026-08-20 14:48:32.314699,37.0,529.78,,,,,,,,,,,,,,7,"price_volume, live_market, summary, top_gainers, top_losers, nepse_index, supply_demand",5649
2026-08-20T14:50:54.388993+05:45,2026-08-20 14:50:54,live_market,live_market_136,True,cloud_automated,Thursday - Trading Hours: 11:00 AM - 3:00 PM NPT,9179,Modi Energy Limited,MEL,58.0,18704.0,204.0,-0.92,205.9,,204.1,208.9,203.9,3824702.0,2026-08-20 14:48:29.708679,355.0,204.49,,,,,,,,,,,,,,7,"price_volume, live_market, summary, top_gainers, top_losers, nepse_index, supply_demand",5649
2026-08-20T14:50:54.388993+05:45,2026-08-20 14:50:54,live_market,live_market_137,True,cloud_automated,Thursday - Trading Hours: 11:00 AM - 3:00 PM NPT,403,SuryaJyoti Life Insurance Company Limited,SJLIC,58.0,11471.0,406.0,-0.25,407.0,,407.0,407.0,404.0,4645203.6,2026-08-20 14:48:29.583793,10.0,404.95,,,,,,,,,,,,,,7,"price_volume, live_market, summary, top_gainers, top_losers, nepse_index, supply_demand",5649
2026-08-20T14:50:54.388993+05:45,2026-08-20 14:50:54,live_market,live_market_138,True,cloud_automated,Thursday - Trading Hours: 11:00 AM - 3:00 PM NPT,9246,Guardian Micro Life Insurance Limited ,GMLI,58.0,791.0,1030.0,-2.46,1056.0,,1026.0,1077.0,1016.0,823671.7,2026-08-20 14:48:29.181019,20.0,1041.3,,,,,,,,,,,,,,7,"price_volume, live_market, summary, top_gainers, top_losers, nepse_index, supply_demand",5649
2026-08-20T14:50:54.388993+05:45,2026-08-20 14:50:54,live_market,live_market_139,True,cloud_automated,Thursday - Trading Hours: 11:00 AM - 3:00 PM NPT,9344,Snow Rivers Limited,SNORL,58.0,6277.0,892.0,-2.51,915.0,,900.0,914.0,892.0,5646284.3,2026-08-20 14:48:29.041245,10.0,899.52,,,,,,,,,,,,,,7,"price_volume, live_market, summary, top_gainers, top_losers, nepse_index, supply_demand",5649
2026-08-20T14:50:54.388993+05:45,2026-08-20 14:50:54,live_market,live_market_140,True,cloud_automated,Thursday - Trading Hours: 11:00 AM - 3:00 PM NPT,2881,Nepal Reinsurance Company Limited,NRIC,58.0,15438.0,904.9,-0.67,911.0,,900.2,917.9,898.1,13903325.3,2026-08-20 14:48:28.71098,10.0,900.59,,,,,,,,,,,,,,7,"price_volume, live_market, summary, top_gainers, top_losers, nepse_index, supply_demand",5649
2026-08-20T14:50:54.388993+05:45,2026-08-20 14:50:54,live_market,live_market_141,True,cloud_automated,Thursday - Trading Hours: 11:00 AM - 3:00 PM NPT,9208,Upper Lohore Khola Hydropower Company Limited,ULHC,58.0,9184.0,338.0,1.5,333.0,,349.6,349.6,332.1,3091680.4,2026-08-20 14:48:27.344647,2000.0,336.64,,,,,,,,,,,,,,7,"price_volume, live_market, summary, top_gainers, top_losers, nepse_index, supply_demand",5649
2026-08-20T14:50:54.388993+05:45,2026-08-20 14:50:54,live_market,live_market_142,True,cloud_automated,Thursday - Trading Hours: 11:00 AM - 3:00 PM NPT,171,Sanima Bank Limited,SANIMA,58.0,51720.0,370.4,0.08,370.1,,368.9,371.3,367.9,19127295.5,2026-08-20 14:48:26.604306,100.0,369.82,,,,,,,,,,,,,,7,"price_volume, live_market, summary, top_gainers, top_losers, nepse_index, supply_demand",5649
2026-08-20T14:50:54.388993+05:45,2026-08-20 14:50:54,live_market,live_market_143,True,cloud_automated,Thursday - Trading Hours: 11:00 AM - 3:00 PM NPT,137,Everest Bank Limited,EBL,58.0,44561.0,735.0,0.68,730.0,,731.0,735.4,727.0,32672993.0,2026-08-20 14:48:25.710286,174.0,733.22,,,,,,,,,,,,,,7,"price_volume, live_market, summary, top_gainers, top_losers, nepse_index, supply_demand",5649
2026-08-20T14:50:54.388993+05:45,2026-08-20 14:50:54,live_market,live_market_144,True,cloud_automated,Thursday - Trading Hours: 11:00 AM - 3:00 PM NPT,396,Nerude Mirmire Laghubitta Bittiya Sanstha Limited,NMLBBL,58.0,3398.0,500.0,-0.99,505.0,,499.7,502.0,495.1,1696153.0,2026-08-20 14:48:25.591551,131.0,499.16,,,,,,,,,,,,,,7,"price_volume, live_market, summary, top_gainers, top_losers, nepse_index, supply_demand",5649
2026-08-20T14:50:54.388993+05:45,2026-08-20 14:50:54,live_market,live_market_145,True,cloud_automated,Thursday - Trading Hours: 11:00 AM - 3:00 PM NPT,2766,Chhyangdi Hydropower Ltd.,CHL,58.0,13065.0,268.0,2.1,262.5,,267.0,268.0,262.6,3453372.1,2026-08-20 14:48:20.527672,89.0,264.32,,,,,,,,,,,,,,7,"price_volume, live_market, summary, top_gainers, top_losers, nepse_index, supply_demand",5649
2026-08-20T14:50:54.388993+05:45,2026-08-20 14:50:54,live_market,live_market_146,True,cloud_automated,Thursday - Trading Hours: 11:00 AM - 3:00 PM NPT,8066,River Falls Power Limited,RFPL,58.0,19315.0,340.0,2.41,332.0,,325.0,340.0,325.0,6484792.8,2026-08-20 14:48:20.044877,775.0,335.74,,,,,,,,,,,,,,7,"price_volume, live_market, summary, top_gainers, top_losers, nepse_index, supply_demand",5649
2026-08-20T14:50:54.388993+05:45,2026-08-20 14:50:54,live_market,live_market_147,True,cloud_automated,Thursday - Trading Hours: 11:00 AM - 3:00 PM NPT,593,Kalika Laghubitta Bittiya Sanstha Ltd,KMCDB,58.0,311.0,783.0,-0.25,785.0,,790.0,797.7,774.0,242249.0,2026-08-20 14:48:19.052458,50.0,778.94,,,,,,,,,,,,,,7,"price_volume, live_market, summary, top_gainers, top_losers, nepse_index, supply_demand",5649
2026-08-20T14:50:54.388993+05:45,2026-08-20 14:50:54,live_market,live_market_148,True,cloud_automated,Thursday - Trading Hours: 11:00 AM - 3:00 PM NPT,8100,Swet-Ganga Hydropower & Construction Limited ,SGHC,58.0,49096.0,300.0,0.64,298.1,,305.0,305.0,296.0,14697896.8,2026-08-20 14:48:16.250906,40.0,299.37,,,,,,,,,,,,,,7,"price_volume, live_market, summary, top_gainers, top_losers, nepse_index, supply_demand",5649
2026-08-20T14:50:54.388993+05:45,2026-08-20 14:50:54,live_market,live_market_149,True,cloud_automated,Thursday - Trading Hours: 11:00 AM - 3:00 PM NPT,9181,Rawa Energy Development Limited,RAWA,58.0,6455.0,419.1,-0.8,422.5,,421.0,428.4,418.0,2707716.0,2026-08-20 14:48:15.974013,990.0,419.48,,,,,,,,,,,,,,7,"price_volume, live_market, summary, top_gainers, top_losers, nepse_index, supply_demand",5649
2026-08-20T14:50:54.388993+05:45,2026-08-20 14:50:54,live_market,live_market_150,True,cloud_automated,Thursday - Trading Hours: 11:00 AM - 3:00 PM NPT,2757,Arun Kabeli Power Ltd.,AKPL,58.0,29391.0,249.9,0.36,249.0,,250.0,250.0,247.0,7312591.1,2026-08-20 14:48:15.731378,426.0,248.8,,,,,,,,,,,,,,7,"price_volume, live_market, summary, top_gainers, top_losers, nepse_index, supply_demand",5649
2026-08-20T14:50:54.388993+05:45,2026-08-20 14:50:54,live_market,live_market_151,True,cloud_automated,Thursday - Trading Hours: 11:00 AM - 3:00 PM NPT,9149,Maya Khola Hydropower Company Limited,MKHC,58.0,13795.0,259.2,-0.69,261.0,,264.0,264.0,257.5,3575954.5,2026-08-20 14:48:15.141934,10.0,259.22,,,,,,,,,,,,,,7,"price_volume, live_market, summary, top_gainers, top_losers, nepse_index, supply_demand",5649
2026-08-20T14:50:54.388993+05:45,2026-08-20 14:50:54,live_market,live_market_152,True,cloud_automated,Thursday - Trading Hours: 11:00 AM - 3:00 PM NPT,8063,Upakar Laghubitta Bittiya Sanstha Limited,ULBSL,58.0,2626.0,2490.0,-5.25,2628.0,,2554.0,2625.9,2430.0,6568571.4,2026-08-20 14:48:13.419196,50.0,2501.36,,,,,,,,,,,,,,7,"price_volume, live_market, summary, top_gainers, top_losers, nepse_index, supply_demand",5649
2026-08-20T14:50:54.388993+05:45,2026-08-20 14:50:54,live_market,live_market_153,True,cloud_automated,Thursday - Trading Hours: 11:00 AM - 3:00 PM NPT,9216,Sonapur Minerals And Oil Limited,SONA,58.0,16704.0,400.8,0.2,400.0,,400.0,402.9,398.0,6678938.6,2026-08-20 14:48:13.147547,90.0,399.84,,,,,,,,,,,,,,7,"price_volume, live_market, summary, top_gainers, top_losers, nepse_index, supply_demand",5649
2026-08-20T14:50:54.388993+05:45,2026-08-20 14:50:54,live_market,live_market_154,True,cloud_automated,Thursday - Trading Hours: 11:00 AM - 3:00 PM NPT,490,First Micro Finance Laghubitta Bittiya Sanstha Limited,FMDBL,58.0,7847.0,761.0,-1.14,769.8,,771.8,771.8,752.0,5960426.3,2026-08-20 14:48:11.320018,30.0,759.58,,,,,,,,,,,,,,7,"price_volume, live_market, summary, top_gainers, top_losers, nepse_index, supply_demand",5649
2026-08-20T14:50:54.388993+05:45,2026-08-20 14:50:54,live_market,live_market_155,True,cloud_automated,Thursday - Trading Hours: 11:00 AM - 3:00 PM NPT,371,Miteri Development Bank Limited,MDB,58.0,14221.0,566.0,-0.79,570.5,,570.0,577.0,565.0,8075652.8,2026-08-20 14:48:09.365113,11.0,567.87,,,,,,,,,,,,,,7,"price_volume, live_market, summary, top_gainers, top_losers, nepse_index, supply_demand",5649
2026-08-20T14:50:54.388993+05:45,2026-08-20 14:50:54,live_market,live_market_156,True,cloud_automated,Thursday - Trading Hours: 11:00 AM - 3:00 PM NPT,687,Vijaya laghubitta Bittiya Sanstha Ltd.,VLBS,58.0,2553.0,650.0,-0.78,655.1,,652.0,663.0,646.2,1655700.0,2026-08-20 14:48:08.805121,61.0,648.53,,,,,,,,,,,,,,7,"price_volume, live_market, summary, top_gainers, top_losers, nepse_index, supply_demand",5649
2026-08-20T14:50:54.388993+05:45,2026-08-20 14:50:54,live_market,live_market_157,True,cloud_automated,Thursday - Trading Hours: 11:00 AM - 3:00 PM NPT,357,Prime Commercial Bank Ltd.,PCBL,58.0,13259.0,240.0,-0.21,240.5,,240.0,240.9,238.1,3170162.7,2026-08-20 14:48:02.653125,75.0,239.1,,,,,,,,,,,,,,7,"price_volume, live_market, summary, top_gainers, top_losers, nepse_index, supply_demand",5649
2026-08-20T14:50:54.388993+05:45,2026-08-20 14:50:54,live_market,live_market_158,True,cloud_automated,Thursday - Trading Hours: 11:00 AM - 3:00 PM NPT,473,Shine Resunga Development Bank Ltd.,SHINE,58.0,1682.0,409.8,-0.53,412.0,,412.0,413.0,409.0,690600.0,2026-08-20 14:48:02.181572,20.0,410.58,,,,,,,,,,,,,,7,"price_volume, live_market, summary, top_gainers, top_losers, nepse_index, supply_demand",5649
2026-08-20T14:50:54.388993+05:45,2026-08-20 14:50:54,live_market,live_market_159,True,cloud_automated,Thursday - Trading Hours: 11:00 AM - 3:00 PM NPT,2767,Himalayan Power Partner Ltd.,HPPL,58.0,81168.0,380.0,-0.78,383.0,,378.0,383.0,374.0,30745621.1,2026-08-20 14:48:01.645142,168.0,378.79,,,,,,,,,,,,,,7,"price_volume, live_market, summary, top_gainers, top_losers, nepse_index, supply_demand",5649
2026-08-20T14:50:54.388993+05:45,2026-08-20 14:50:54,live_market,live_market_160,True,cloud_automated,Thursday - Trading Hours: 11:00 AM - 3:00 PM NPT,8076,Himalayan Hydropower Limited,HHL,58.0,6825.0,329.9,-0.63,332.0,,332.0,335.0,328.1,2245799.1,2026-08-20 14:48:00.125076,200.0,329.05,,,,,,,,,,,,,,7,"price_volume, live_market, summary, top_gainers, top_losers, nepse_index, supply_demand",5649
2026-08-20T14:50:54.388993+05:45,2026-08-20 14:50:54,live_market,live_market_161,True,cloud_automated,Thursday - Trading Hours: 11:00 AM - 3:00 PM NPT,186,IGI Prudential insurance Limited,IGI,58.0,1468.0,421.3,-0.87,425.0,,428.0,428.0,421.0,620814.4,2026-08-20 14:47:58.405081,174.0,422.9,,,,,,,,,,,,,,7,"price_volume, live_market, summary, top_gainers, top_losers, nepse_index, supply_demand",5649
2026-08-20T14:50:54.388993+05:45,2026-08-20 14:50:54,live_market,live_market_162,True,cloud_automated,Thursday - Trading Hours: 11:00 AM - 3:00 PM NPT,210,Citizen Investment Trust,CIT,58.0,2546.0,1694.0,-0.35,1700.0,,1692.1,1696.0,1690.0,4308105.3,2026-08-20 14:47:57.783891,20.0,1692.11,,,,,,,,,,,,,,7,"price_volume, live_market, summary, top_gainers, top_losers, nepse_index, supply_demand",5649
2026-08-20T14:50:54.388993+05:45,2026-08-20 14:50:54,live_market,live_market_163,True,cloud_automated,Thursday - Trading Hours: 11:00 AM - 3:00 PM NPT,192,Shikhar Insurance Co. Ltd.,SICL,58.0,3169.0,606.1,-0.48,609.0,,610.0,612.0,605.0,1923881.8,2026-08-20 14:47:56.199243,23.0,607.09,,,,,,,,,,,,,,7,"price_volume, live_market, summary, top_gainers, top_losers, nepse_index, supply_demand",5649
2026-08-20T14:50:54.388993+05:45,2026-08-20 14:50:54,live_market,live_market_164,True,cloud_automated,Thursday - Trading Hours: 11:00 AM - 3:00 PM NPT,8104,Upper Solu Hydro Electric Company Limited,USHEC,58.0,15641.0,506.3,0.86,502.0,,495.6,508.3,495.6,7890276.5,2026-08-20 14:47:55.812449,10.0,504.46,,,,,,,,,,,,,,7,"price_volume, live_market, summary, top_gainers, top_losers, nepse_index, supply_demand",5649
2026-08-20T14:50:54.388993+05:45,2026-08-20 14:50:54,live_market,live_market_165,True,cloud_automated,Thursday - Trading Hours: 11:00 AM - 3:00 PM NPT,2776,Radhi Bidyut Company Ltd,RADHI,58.0,73877.0,719.0,1.55,708.0,,707.0,719.0,698.4,52144392.6,2026-08-20 14:47:51.982679,10.0,705.83,,,,,,,,,,,,,,7,"price_volume, live_market, summary, top_gainers, top_losers, nepse_index, supply_demand",5649
2026-08-20T14:50:54.388993+05:45,2026-08-20 14:50:54,live_market,live_market_166,True,cloud_automated,Thursday - Trading Hours: 11:00 AM - 3:00 PM NPT,9254,NMB Hybrid Fund L- II,NMBHF2,58.0,29640.0,9.9,0.1,9.89,,9.7,9.9,9.7,293258.0,2026-08-20 14:47:51.733349,100.0,9.89,,,,,,,,,,,,,,7,"price_volume, live_market, summary, top_gainers, top_losers, nepse_index, supply_demand",5649
2026-08-20T14:50:54.388993+05:45,2026-08-20 14:50:54,live_market,live_market_167,True,cloud_automated,Thursday - Trading Hours: 11:00 AM - 3:00 PM NPT,9173,City Hotel Limited,CITY,58.0,58320.0,358.0,-0.53,359.9,,377.8,377.8,355.0,20782985.8,2026-08-20 14:47:51.539944,2483.0,356.36,,,,,,,,,,,,,,7,"price_volume, live_market, summary, top_gainers, top_losers, nepse_index, supply_demand",5649
2026-08-20T14:50:54.388993+05:45,2026-08-20 14:50:54,live_market,live_market_168,True,cloud_automated,Thursday - Trading Hours: 11:00 AM - 3:00 PM NPT,9300,Jhapa Energy Limited,JHAPA,58.0,4541.0,1025.0,-1.91,1045.0,,1045.0,1050.0,1020.0,4699387.5,2026-08-20 14:47:49.8003,10.0,1034.88,,,,,,,,,,,,,,7,"price_volume, live_market, summary, top_gainers, top_losers, nepse_index, supply_demand",5649
2026-08-20T14:50:54.388993+05:45,2026-08-20 14:50:54,live_market,live_market_169,True,cloud_automated,Thursday - Trading Hours: 11:00 AM - 3:00 PM NPT,179,Himalayan Everest Insurance Limited,HEI,58.0,18150.0,530.9,0.36,529.0,,523.0,531.2,516.0,9591863.8,2026-08-20 14:47:49.797101,10.0,528.48,,,,,,,,,,,,,,7,"price_volume, live_market, summary, top_gainers, top_losers, nepse_index, supply_demand",5649
2026-08-20T14:50:54.388993+05:45,2026-08-20 14:50:54,live_market,live_market_170,True,cloud_automated,Thursday - Trading Hours: 11:00 AM - 3:00 PM NPT,9262,Trade Tower Limited,TTL,58.0,4371.0,706.0,0.28,704.0,,704.0,714.0,701.0,3083508.9,2026-08-20 14:47:49.272508,10.0,705.45,,,,,,,,,,,,,,7,"price_volume, live_market, summary, top_gainers, top_losers, nepse_index, supply_demand",5649
2026-08-20T14:50:54.388993+05:45,2026-08-20 14:50:54,live_market,live_market_171,True,cloud_automated,Thursday - Trading Hours: 11:00 AM - 3:00 PM NPT,8121,Sayapatri Hydropower Limited,SPHL,58.0,9566.0,516.1,0.21,515.0,,500.0,545.0,500.0,4956960.4,2026-08-20 14:47:48.989094,10.0,518.19,,,,,,,,,,,,,,7,"price_volume, live_market, summary, top_gainers, top_losers, nepse_index, supply_demand",5649
2026-08-20T14:50:54.388993+05:45,2026-08-20 14:50:54,live_market,live_market_172,True,cloud_automated,Thursday - Trading Hours: 11:00 AM - 3:00 PM NPT,133,Standard Chartered Bank Limited,SCB,58.0,5002.0,650.0,0.0,650.0,,654.0,654.0,647.0,3247787.4,2026-08-20 14:47:48.878582,10.0,649.3,,,,,,,,,,,,,,7,"price_volume, live_market, summary, top_gainers, top_losers, nepse_index, supply_demand",5649
2026-08-20T14:50:54.388993+05:45,2026-08-20 14:50:54,live_market,live_market_173,True,cloud_automated,Thursday - Trading Hours: 11:00 AM - 3:00 PM NPT,245,Central Finance Co. Ltd.,CFCL,58.0,32546.0,596.0,-0.67,600.0,,590.0,600.0,588.0,19328085.7,2026-08-20 14:47:43.226784,30.0,593.87,,,,,,,,,,,,,,7,"price_volume, live_market, summary, top_gainers, top_losers, nepse_index, supply_demand",5649
2026-08-20T14:50:54.388993+05:45,2026-08-20 14:50:54,live_market,live_market_174,True,cloud_automated,Thursday - Trading Hours: 11:00 AM - 3:00 PM NPT,2807,Asha Laghubitta Bittiya Sanstha Ltd,ALBSL,58.0,501.0,1098.9,-0.08,1099.8,,1065.0,1112.19,1065.0,545817.9,2026-08-20 14:47:41.73603,10.0,1089.46,,,,,,,,,,,,,,7,"price_volume, live_market, summary, top_gainers, top_losers, nepse_index, supply_demand",5649
2026-08-20T14:50:54.388993+05:45,2026-08-20 14:50:54,live_market,live_market_175,True,cloud_automated,Thursday - Trading Hours: 11:00 AM - 3:00 PM NPT,9323,Super Khudi Hydropower Limited,SKHL,58.0,11842.0,809.4,0.17,808.0,,767.6,841.0,767.6,9509827.1,2026-08-20 14:47:41.459593,10.0,803.06,,,,,,,,,,,,,,7,"price_volume, live_market, summary, top_gainers, top_losers, nepse_index, supply_demand",5649
2026-08-20T14:50:54.388993+05:45,2026-08-20 14:50:54,live_market,live_market_176,True,cloud_automated,Thursday - Trading Hours: 11:00 AM - 3:00 PM NPT,9348,Siddhartha Equity Fund 2,SEF2,58.0,4900.0,9.03,0.11,9.02,,9.02,9.05,9.01,44226.0,2026-08-20 14:47:40.714479,100.0,9.03,,,,,,,,,,,,,,7,"price_volume, live_market, summary, top_gainers, top_losers, nepse_index, supply_demand",5649
2026-08-20T14:50:54.388993+05:45,2026-08-20 14:50:54,live_market,live_market_177,True,cloud_automated,Thursday - Trading Hours: 11:00 AM - 3:00 PM NPT,2860,Saptakoshi Development Bank Ltd,SAPDBL,58.0,32557.0,718.5,-3.3,743.0,,740.0,740.0,710.0,23364746.8,2026-08-20 14:47:39.973504,10.0,717.66,,,,,,,,,,,,,,7,"price_volume, live_market, summary, top_gainers, top_losers, nepse_index, supply_demand",5649
2026-08-20T14:50:54.388993+05:45,2026-08-20 14:50:54,live_market,live_market_178,True,cloud_automated,Thursday - Trading Hours: 11:00 AM - 3:00 PM NPT,166,Deprosc Laghubitta Bittiya Sanstha Limited,DDBL,58.0,4732.0,842.0,-0.11,842.9,,832.1,846.0,831.4,3979378.7,2026-08-20 14:47:37.249099,10.0,840.95,,,,,,,,,,,,,,7,"price_volume, live_market, summary, top_gainers, top_losers, nepse_index, supply_demand",5649
2026-08-20T14:50:54.388993+05:45,2026-08-20 14:50:54,live_market,live_market_179,True,cloud_automated,Thursday - Trading Hours: 11:00 AM - 3:00 PM NPT,2824,Himalaya Urja Bikas Company Limited,HURJA,58.0,17664.0,238.5,1.27,235.5,,233.3,238.5,233.3,4159590.8,2026-08-20 14:47:37.196374,20.0,235.48,,,,,,,,,,,,,,7,"price_volume, live_market, summary, top_gainers, top_losers, nepse_index, supply_demand",5649
2026-08-20T14:50:54.388993+05:45,2026-08-20 14:50:54,live_market,live_market_180,True,cloud_automated,Thursday - Trading Hours: 11:00 AM - 3:00 PM NPT,559,NLG Insurance Company Ltd.,NLG,58.0,3311.0,556.5,-0.59,559.8,,559.8,559.8,550.0,1833470.4,2026-08-20 14:47:32.683721,100.0,553.75,,,,,,,,,,,,,,7,"price_volume, live_market, summary, top_gainers, top_losers, nepse_index, supply_demand",5649
2026-08-20T14:50:54.388993+05:45,2026-08-20 14:50:54,live_market,live_market_181,True,cloud_automated,Thursday - Trading Hours: 11:00 AM - 3:00 PM NPT,9170,Dolti Power Company Limited,DOLTI,58.0,19705.0,305.3,-1.52,310.0,,311.0,311.0,305.0,6057490.8,2026-08-20 14:47:28.369225,100.0,307.41,,,,,,,,,,,,,,7,"price_volume, live_market, summary, top_gainers, top_losers, nepse_index, supply_demand",5649
2026-08-20T14:50:54.388993+05:45,2026-08-20 14:50:54,live_market,live_market_182,True,cloud_automated,Thursday - Trading Hours: 11:00 AM - 3:00 PM NPT,358,Lumbini Bikas Bank Ltd.,LBBL,58.0,20270.0,478.3,-0.35,480.0,,480.0,480.5,476.4,9701875.4,2026-08-20 14:47:25.290776,240.0,478.63,,,,,,,,,,,,,,7,"price_volume, live_market, summary, top_gainers, top_losers, nepse_index, supply_demand",5649
2026-08-20T14:50:54.388993+05:45,2026-08-20 14:50:54,live_market,live_market_183,True,cloud_automated,Thursday - Trading Hours: 11:00 AM - 3:00 PM NPT,3946,CEDB Holdings Limited,CHDC,58.0,7376.0,2205.0,1.05,2182.0,,2199.0,2205.0,2170.0,16170272.3,2026-08-20 14:47:22.948297,10.0,2192.28,,,,,,,,,,,,,,7,"price_volume, live_market, summary, top_gainers, top_losers, nepse_index, supply_demand",5649
2026-08-20T14:50:54.388993+05:45,2026-08-20 14:50:54,live_market,live_market_184,True,cloud_automated,Thursday - Trading Hours: 11:00 AM - 3:00 PM NPT,2896,Sampada Laghubitta Bittiya Sanstha Limited,SMPDA,58.0,937.0,749.9,1.61,738.0,,730.6,749.9,730.6,696559.5,2026-08-20 14:47:18.199992,152.0,743.39,,,,,,,,,,,,,,7,"price_volume, live_market, summary, top_gainers, top_losers, nepse_index, supply_demand",5649
2026-08-20T14:50:54.388993+05:45,2026-08-20 14:50:54,live_market,live_market_185,True,cloud_automated,Thursday - Trading Hours: 11:00 AM - 3:00 PM NPT,8065,CYC Nepal Laghubitta Bittiya Sanstha Limited,CYCL,58.0,6360.0,1494.0,-0.4,1500.0,,1425.0,1549.9,1425.0,9471792.7,2026-08-20 14:47:17.227157,10.0,1489.28,,,,,,,,,,,,,,7,"price_volume, live_market, summary, top_gainers, top_losers, nepse_index, supply_demand",5649
2026-08-20T14:50:54.388993+05:45,2026-08-20 14:50:54,live_market,live_market_186,True,cloud_automated,Thursday - Trading Hours: 11:00 AM - 3:00 PM NPT,273,ICFC Finance Limited,ICFC,58.0,4870.0,595.5,0.42,593.0,,590.3,595.5,590.0,2883060.5,2026-08-20 14:47:14.910139,70.0,592.0,,,,,,,,,,,,,,7,"price_volume, live_market, summary, top_gainers, top_losers, nepse_index, supply_demand",5649
2026-08-20T14:50:54.388993+05:45,2026-08-20 14:50:54,live_market,live_market_187,True,cloud_automated,Thursday - Trading Hours: 11:00 AM - 3:00 PM NPT,9349,Sanima Equity Fund-2,SAEF2,58.0,3950.0,9.04,0.11,9.03,,9.02,9.08,9.02,35687.0,2026-08-20 14:47:11.926044,100.0,9.03,,,,,,,,,,,,,,7,"price_volume, live_market, summary, top_gainers, top_losers, nepse_index, supply_demand",5649
2026-08-20T14:50:54.388993+05:45,2026-08-20 14:50:54,live_market,live_market_188,True,cloud_automated,Thursday - Trading Hours: 11:00 AM - 3:00 PM NPT,268,Swabalamban Laghubitta Bittiya Sanstha Limited,SWBBL,58.0,4490.0,672.5,0.82,667.0,,670.0,674.0,665.6,3011118.9,2026-08-20 14:47:08.780106,10.0,670.63,,,,,,,,,,,,,,7,"price_volume, live_market, summary, top_gainers, top_losers, nepse_index, supply_demand",5649
2026-08-20T14:50:54.388993+05:45,2026-08-20 14:50:54,live_market,live_market_189,True,cloud_automated,Thursday - Trading Hours: 11:00 AM - 3:00 PM NPT,274,Excel Development Bank Ltd.,EDBL,58.0,870.0,577.4,-1.13,584.0,,590.0,590.0,577.1,506473.0,2026-08-20 14:47:02.099275,170.0,582.15,,,,,,,,,,,,,,7,"price_volume, live_market, summary, top_gainers, top_losers, nepse_index, supply_demand",5649
2026-08-20T14:50:54.388993+05:45,2026-08-20 14:50:54,live_market,live_market_190,True,cloud_automated,Thursday - Trading Hours: 11:00 AM - 3:00 PM NPT,2786,Panchakanya Mai Hydropower Ltd,PMHPL,58.0,8790.0,300.5,-2.12,307.0,,304.0,305.0,297.8,2641779.1,2026-08-20 14:46:59.508997,690.0,300.54,,,,,,,,,,,,,,7,"price_volume, live_market, summary, top_gainers, top_losers, nepse_index, supply_demand",5649
2026-08-20T14:50:54.388993+05:45,2026-08-20 14:50:54,live_market,live_market_191,True,cloud_automated,Thursday - Trading Hours: 11:00 AM - 3:00 PM NPT,2746,National Laghubitta Bittiya Sanstha Limited,NMFBS,58.0,5454.0,1115.0,-0.45,1120.0,,1120.0,1132.0,1105.0,6087002.2,2026-08-20 14:46:58.387871,20.0,1116.06,,,,,,,,,,,,,,7,"price_volume, live_market, summary, top_gainers, top_losers, nepse_index, supply_demand",5649
2026-08-20T14:50:54.388993+05:45,2026-08-20 14:50:54,live_market,live_market_192,True,cloud_automated,Thursday - Trading Hours: 11:00 AM - 3:00 PM NPT,8122,People's Power Limited,PPL,58.0,12323.0,312.0,-0.95,315.0,,299.3,316.0,299.3,3828102.5,2026-08-20 14:46:52.152478,77.0,310.65,,,,,,,,,,,,,,7,"price_volume, live_market, summary, top_gainers, top_losers, nepse_index, supply_demand",5649
2026-08-20T14:50:54.388993+05:45,2026-08-20 14:50:54,live_market,live_market_193,True,cloud_automated,Thursday - Trading Hours: 11:00 AM - 3:00 PM NPT,185,Sagarmatha Lumbini Insurance Co. Limited,SALICO,58.0,2243.0,581.2,-1.74,591.5,,589.0,589.0,580.0,1304039.6,2026-08-20 14:46:48.861529,112.0,581.38,,,,,,,,,,,,,,7,"price_volume, live_market, summary, top_gainers, top_losers, nepse_index, supply_demand",5649
2026-08-20T14:50:54.388993+05:45,2026-08-20 14:50:54,live_market,live_market_194,True,cloud_automated,Thursday - Trading Hours: 11:00 AM - 3:00 PM NPT,8126,Sikles Hydropower Limited,SIKLES,58.0,17343.0,565.0,1.82,554.9,,553.0,567.3,553.0,9722957.1,2026-08-20 14:46:47.939355,22.0,560.63,,,,,,,,,,,,,,7,"price_volume, live_market, summary, top_gainers, top_losers, nepse_index, supply_demand",5649
2026-08-20T14:50:54.388993+05:45,2026-08-20 14:50:54,live_market,live_market_195,True,cloud_automated,Thursday - Trading Hours: 11:00 AM - 3:00 PM NPT,545,Swarojgar Laghubitta Bittiya Sanstha Ltd.,SLBBL,58.0,1263.0,790.0,-1.86,805.0,,786.5,793.0,786.5,997644.7,2026-08-20 14:46:42.245927,2.0,789.9,,,,,,,,,,,,,,7,"price_volume, live_market, summary, top_gainers, top_losers, nepse_index, supply_demand",5649
2026-08-20T14:50:54.388993+05:45,2026-08-20 14:50:54,live_market,live_market_196,True,cloud_automated,Thursday - Trading Hours: 11:00 AM - 3:00 PM NPT,232,Goodwill Finance Limited,GFCL,58.0,2258.0,593.0,0.25,591.5,,591.5,593.0,590.0,1333090.7,2026-08-20 14:46:39.234538,8.0,590.39,,,,,,,,,,,,,,7,"price_volume, live_market, summary, top_gainers, top_losers, nepse_index, supply_demand",5649
2026-08-20T14:50:54.388993+05:45,2026-08-20 14:50:54,live_market,live_market_197,True,cloud_automated,Thursday - Trading Hours: 11:00 AM - 3:00 PM NPT,2880,Himal Dolakha Hydropower Company Limited,HDHPC,58.0,46305.0,207.8,-0.05,207.9,,210.0,210.0,205.0,9562513.8,2026-08-20 14:46:20.958586,10.0,206.51,,,,,,,,,,,,,,7,"price_volume, live_market, summary, top_gainers, top_losers, nepse_index, supply_demand",5649
2026-08-20T14:50:54.388993+05:45,2026-08-20 14:50:54,live_market,live_market_198,True,cloud_automated,Thursday - Trading Hours: 11:00 AM - 3:00 PM NPT,163,Nirdhan Utthan Laghubitta Bittiya Sanstha Limited,NUBL,58.0,2704.0,590.0,-0.84,595.0,,595.0,596.0,590.0,1597667.7,2026-08-20 14:46:20.881414,1.0,590.85,,,,,,,,,,,,,,7,"price_volume, live_market, summary, top_gainers, top_losers, nepse_index, supply_demand",5649
2026-08-20T14:50:54.388993+05:45,2026-08-20 14:50:54,live_market,live_market_199,True,cloud_automated,Thursday - Trading Hours: 11:00 AM - 3:00 PM NPT,9192,Upper Syange Hydropower Limited,USHL,58.0,2685.0,530.1,-1.83,540.0,,529.5,539.0,529.5,1423751.0,2026-08-20 14:46:20.505097,113.0,530.26,,,,,,,,,,,,,,7,"price_volume, live_market, summary, top_gainers, top_losers, nepse_index, supply_demand",5649
2026-08-20T14:50:54.388993+05:45,2026-08-20 14:50:54,live_market,live_market_200,True,cloud_automated,Thursday - Trading Hours: 11:00 AM - 3:00 PM NPT,459,Kamana Sewa Bikas Bank Limited,KSBBL,58.0,9891.0,476.3,-0.56,479.0,,476.0,479.0,472.5,4720134.4,2026-08-20 14:46:09.854081,49.0,477.22,,,,,,,,,,,,,,7,"price_volume, live_market, summary, top_gainers, top_losers, nepse_index, supply_demand",5649
2026-08-20T14:50:54.388993+05:45,2026-08-20 14:50:54,live_market,live_market_201,True,cloud_automated,Thursday - Trading Hours: 11:00 AM - 3:00 PM NPT,172,Narayani Development Bank Limited,NABBC,58.0,8128.0,804.0,-0.04,804.3,,802.1,816.9,802.1,6573406.2,2026-08-20 14:46:05.377628,40.0,808.74,,,,,,,,,,,,,,7,"price_volume, live_market, summary, top_gainers, top_losers, nepse_index, supply_demand",5649
2026-08-20T14:50:54.388993+05:45,2026-08-20 14:50:54,live_market,live_market_202,True,cloud_automated,Thursday - Trading Hours: 11:00 AM - 3:00 PM NPT,471,Multipurpose Finance Company  Limited,MPFL,58.0,3477.0,610.0,-0.81,615.0,,610.0,620.8,609.0,2122995.9,2026-08-20 14:45:58.2615,170.0,610.58,,,,,,,,,,,,,,7,"price_volume, live_market, summary, top_gainers, top_losers, nepse_index, supply_demand",5649
2026-08-20T14:50:54.388993+05:45,2026-08-20 14:50:54,live_market,live_market_203,True,cloud_automated,Thursday - Trading Hours: 11:00 AM - 3:00 PM NPT,135,Nepal SBI Bank Limited,SBI,58.0,8804.0,402.5,0.37,401.0,,393.0,402.5,393.0,3527079.5,2026-08-20 14:45:55.691533,10.0,400.62,,,,,,,,,,,,,,7,"price_volume, live_market, summary, top_gainers, top_losers, nepse_index, supply_demand",5649
2026-08-20T14:50:54.388993+05:45,2026-08-20 14:50:54,live_market,live_market_204,True,cloud_automated,Thursday - Trading Hours: 11:00 AM - 3:00 PM NPT,9183,Nepal Republic Media Limited,NRM,58.0,4557.0,301.0,0.0,301.0,,301.0,305.0,299.0,1369943.1,2026-08-20 14:45:53.371143,50.0,300.62,,,,,,,,,,,,,,7,"price_volume, live_market, summary, top_gainers, top_losers, nepse_index, supply_demand",5649
2026-08-20T14:50:54.388993+05:45,2026-08-20 14:50:54,live_market,live_market_205,True,cloud_automated,Thursday - Trading Hours: 11:00 AM - 3:00 PM NPT,9252,Crest Micro Life Insurance Limited,CREST,58.0,6250.0,1129.0,-2.07,1152.9,,1145.0,1180.0,1120.0,7074449.2,2026-08-20 14:45:52.39664,10.0,1131.91,,,,,,,,,,,,,,7,"price_volume, live_market, summary, top_gainers, top_losers, nepse_index, supply_demand",5649
2026-08-20T14:50:54.388993+05:45,2026-08-20 14:50:54,live_market,live_market_206,True,cloud_automated,Thursday - Trading Hours: 11:00 AM - 3:00 PM NPT,9351,Reliable Samriddhi Yojana -2,RSY2,58.0,11000.0,8.98,-0.33,9.01,,8.9,9.15,8.9,98787.0,2026-08-20 14:45:50.804638,100.0,8.98,,,,,,,,,,,,,,7,"price_volume, live_market, summary, top_gainers, top_losers, nepse_index, supply_demand",5649
2026-08-20T14:50:54.388993+05:45,2026-08-20 14:50:54,live_market,live_market_207,True,cloud_automated,Thursday - Trading Hours: 11:00 AM - 3:00 PM NPT,9263,Sanvi Energy Limited,SANVI,58.0,4995.0,585.0,-0.85,590.0,,580.0,590.0,580.0,2923275.2,2026-08-20 14:45:41.278969,10.0,585.24,,,,,,,,,,,,,,7,"price_volume, live_market, summary, top_gainers, top_losers, nepse_index, supply_demand",5649
2026-08-20T14:50:54.388993+05:45,2026-08-20 14:50:54,live_market,live_market_208,True,cloud_automated,Thursday - Trading Hours: 11:00 AM - 3:00 PM NPT,2829,Swabhimaan Laghubitta Bittiya Sanstha Limited,SMFBS,58.0,354.0,1447.0,0.28,1443.0,,1477.0,1486.0,1429.7,516492.6,2026-08-20 14:45:41.151031,10.0,1459.02,,,,,,,,,,,,,,7,"price_volume, live_market, summary, top_gainers, top_losers, nepse_index, supply_demand",5649
2026-08-20T14:50:54.388993+05:45,2026-08-20 14:50:54,live_market,live_market_209,True,cloud_automated,Thursday - Trading Hours: 11:00 AM - 3:00 PM NPT,9350,LS Horizon 12,LSH12,58.0,2300.0,9.0,0.56,8.95,,8.95,9.1,8.9,20632.0,2026-08-20 14:45:35.720866,100.0,8.97,,,,,,,,,,,,,,7,"price_volume, live_market, summary, top_gainers, top_losers, nepse_index, supply_demand",5649
2026-08-20T14:50:54.388993+05:45,2026-08-20 14:50:54,live_market,live_market_210,True,cloud_automated,Thursday - Trading Hours: 11:00 AM - 3:00 PM NPT,9269,Global IME Sammunat Yojana -2,GBIMESY2,58.0,400.0,9.1,1.68,8.95,,8.89,9.1,8.89,3583.0,2026-08-20 14:45:33.520861,100.0,8.96,,,,,,,,,,,,,,7,"price_volume, live_market, summary, top_gainers, top_losers, nepse_index, supply_demand",5649
2026-08-20T14:50:54.388993+05:45,2026-08-20 14:50:54,live_market,live_market_211,True,cloud_automated,Thursday - Trading Hours: 11:00 AM - 3:00 PM NPT,2898,NRN Infrastructure and Development Limited,NRN,58.0,16993.0,1386.0,0.51,1379.0,,1393.0,1393.0,1366.1,23392679.6,2026-08-20 14:45:25.851859,100.0,1376.61,,,,,,,,,,,,,,7,"price_volume, live_market, summary, top_gainers, top_losers, nepse_index, supply_demand",5649
2026-08-20T14:50:54.388993+05:45,2026-08-20 14:50:54,live_market,live_market_212,True,cloud_automated,Thursday - Trading Hours: 11:00 AM - 3:00 PM NPT,9256,Om Megashree Pharmaceuticals Limited,OMPL,58.0,1491.0,890.0,-1.11,900.0,,885.0,898.9,880.0,1321347.0,2026-08-20 14:45:23.558299,10.0,886.22,,,,,,,,,,,,,,7,"price_volume, live_market, summary, top_gainers, top_losers, nepse_index, supply_demand",5649
2026-08-20T14:50:54.388993+05:45,2026-08-20 14:50:54,live_market,live_market_213,True,cloud_automated,Thursday - Trading Hours: 11:00 AM - 3:00 PM NPT,4947,Prabhu Select Fund,PSF,58.0,10546.0,11.87,0.25,11.84,,11.81,11.95,11.81,125946.7,2026-08-20 14:45:21.130242,100.0,11.94,,,,,,,,,,,,,,7,"price_volume, live_market, summary, top_gainers, top_losers, nepse_index, supply_demand",5649
2026-08-20T14:50:54.388993+05:45,2026-08-20 14:50:54,live_market,live_market_214,True,cloud_automated,Thursday - Trading Hours: 11:00 AM - 3:00 PM NPT,9295,Swastik Laghubitta Bittiya Sanstha Limited,SWASTIK,58.0,1116.0,1969.0,-1.0,1988.9,,1946.0,1969.0,1905.1,2161906.7,2026-08-20 14:45:17.461229,19.0,1937.19,,,,,,,,,,,,,,7,"price_volume, live_market, summary, top_gainers, top_losers, nepse_index, supply_demand",5649
2026-08-20T14:50:54.388993+05:45,2026-08-20 14:50:54,live_market,live_market_215,True,cloud_automated,Thursday - Trading Hours: 11:00 AM - 3:00 PM NPT,9201,Sun Nepal Life Insurance Company Limited,SNLI,58.0,19494.0,403.0,-0.27,404.1,,404.0,405.0,398.2,7805042.7,2026-08-20 14:45:13.416362,50.0,400.38,,,,,,,,,,,,,,7,"price_volume, live_market, summary, top_gainers, top_losers, nepse_index, supply_demand",5649
2026-08-20T14:50:54.388993+05:45,2026-08-20 14:50:54,live_market,live_market_216,True,cloud_automated,Thursday - Trading Hours: 11:00 AM - 3:00 PM NPT,2804,Samudayik Laghubitta Bittiya Sanstha Limited,SLBSL,58.0,1447.0,912.0,0.55,907.0,,930.0,933.0,888.0,1299122.4,2026-08-20 14:45:08.921243,13.0,897.8,,,,,,,,,,,,,,7,"price_volume, live_market, summary, top_gainers, top_losers, nepse_index, supply_demand",5649
2026-08-20T14:50:54.388993+05:45,2026-08-20 14:50:54,live_market,live_market_217,True,cloud_automated,Thursday - Trading Hours: 11:00 AM - 3:00 PM NPT,4967,NIC Asia Select Fund 30,NICSF,58.0,2050.0,8.85,6.63,8.3,,8.4,8.85,8.3,17606.0,2026-08-20 14:45:00.201003,100.0,8.59,,,,,,,,,,,,,,7,"price_volume, live_market, summary, top_gainers, top_losers, nepse_index, supply_demand",5649
2026-08-20T14:50:54.388993+05:45,2026-08-20 14:50:54,live_market,live_market_218,True,cloud_automated,Thursday - Trading Hours: 11:00 AM - 3:00 PM NPT,418,Jyoti Bikas Bank Limited,JBBL,58.0,13488.0,335.0,0.24,334.2,,334.2,335.0,333.3,4508086.1,2026-08-20 14:44:56.66174,20.0,334.23,,,,,,,,,,,,,,7,"price_volume, live_market, summary, top_gainers, top_losers, nepse_index, supply_demand",5649
2026-08-20T14:50:54.388993+05:45,2026-08-20 14:50:54,live_market,live_market_219,True,cloud_automated,Thursday - Trading Hours: 11:00 AM - 3:00 PM NPT,2761,Samata Gharelu Laghubitta Bittiya Sanstha Limited,SMATA,58.0,2998.0,710.0,0.0,710.0,,710.0,712.0,700.0,2108243.1,2026-08-20 14:44:55.645956,1.0,703.22,,,,,,,,,,,,,,7,"price_volume, live_market, summary, top_gainers, top_losers, nepse_index, supply_demand",5649
2026-08-20T14:50:54.388993+05:45,2026-08-20 14:50:54,live_market,live_market_220,True,cloud_automated,Thursday - Trading Hours: 11:00 AM - 3:00 PM NPT,693,Himalayan Laghubitta Bittiya Sanstha Limited,HLBSL,58.0,1276.0,870.0,-0.57,875.0,,875.0,875.0,850.0,1094464.5,2026-08-20 14:44:44.612789,140.0,857.73,,,,,,,,,,,,,,7,"price_volume, live_market, summary, top_gainers, top_losers, nepse_index, supply_demand",5649
2026-08-20T14:50:54.388993+05:45,2026-08-20 14:50:54,live_market,live_market_221,True,cloud_automated,Thursday - Trading Hours: 11:00 AM - 3:00 PM NPT,9245,Muktinath Mutual Fund 1,MNMF1,58.0,27150.0,9.64,-0.1,9.65,,9.38,9.64,9.38,259020.5,2026-08-20 14:44:36.313825,1000.0,9.54,,,,,,,,,,,,,,7,"price_volume, live_market, summary, top_gainers, top_losers, nepse_index, supply_demand",5649
2026-08-20T14:50:54.388993+05:45,2026-08-20 14:50:54,live_market,live_market_222,True,cloud_automated,Thursday - Trading Hours: 11:00 AM - 3:00 PM NPT,180,United Ajod Insurance Limited,UAIL,58.0,8211.0,423.0,-0.59,425.5,,421.2,431.4,421.2,3474212.5,2026-08-20 14:44:31.889197,10.0,423.12,,,,,,,,,,,,,,7,"price_volume, live_market, summary, top_gainers, top_losers, nepse_index, supply_demand",5649
2026-08-20T14:50:54.388993+05:45,2026-08-20 14:50:54,live_market,live_market_223,True,cloud_automated,Thursday - Trading Hours: 11:00 AM - 3:00 PM NPT,9167,Mai Khola Hydropower Limited,MKHL,58.0,4533.0,494.0,-0.42,496.1,,496.2,496.2,491.9,2240372.4,2026-08-20 14:44:26.174135,111.0,494.24,,,,,,,,,,,,,,7,"price_volume, live_market, summary, top_gainers, top_losers, nepse_index, supply_demand",5649
2026-08-20T14:50:54.388993+05:45,2026-08-20 14:50:54,live_market,live_market_224,True,cloud_automated,Thursday - Trading Hours: 11:00 AM - 3:00 PM NPT,2768,Mahuli Laghubitta Bittiya Sanstha Limited,MSLB,58.0,460.0,1225.0,0.55,1218.3,,1218.3,1240.0,1204.5,562568.0,2026-08-20 14:44:20.635123,10.0,1222.97,,,,,,,,,,,,,,7,"price_volume, live_market, summary, top_gainers, top_losers, nepse_index, supply_demand",5649
2026-08-20T14:50:54.388993+05:45,2026-08-20 14:50:54,live_market,live_market_225,True,cloud_automated,Thursday - Trading Hours: 11:00 AM - 3:00 PM NPT,397,Agricultural Development Bank Limited,ADBL,58.0,49083.0,302.0,0.37,300.9,,300.0,302.0,298.0,14714118.0,2026-08-20 14:44:17.55446,308.0,299.78,,,,,,,,,,,,,,7,"price_volume, live_market, summary, top_gainers, top_losers, nepse_index, supply_demand",5649
2026-08-20T14:50:54.388993+05:45,2026-08-20 14:50:54,live_market,live_market_226,True,cloud_automated,Thursday - Trading Hours: 11:00 AM - 3:00 PM NPT,2787,Kalika power Company Ltd,KPCL,58.0,3467.0,465.3,0.93,461.0,,458.0,466.0,458.0,1601523.3,2026-08-20 14:44:16.305255,10.0,461.93,,,,,,,,,,,,,,7,"price_volume, live_market, summary, top_gainers, top_losers, nepse_index, supply_demand",5649
2026-08-20T14:50:54.388993+05:45,2026-08-20 14:50:54,live_market,live_market_227,True,cloud_automated,Thursday - Trading Hours: 11:00 AM - 3:00 PM NPT,9174,Prabhu Smart Fund,PRSF,58.0,400.0,12.9,-0.08,12.91,,12.75,12.9,12.75,5121.0,2026-08-20 14:44:12.775533,100.0,12.8,,,,,,,,,,,,,,7,"price_volume, live_market, summary, top_gainers, top_losers, nepse_index, supply_demand",5649
2026-08-20T14:50:54.388993+05:45,2026-08-20 14:50:54,live_market,live_market_228,True,cloud_automated,Thursday - Trading Hours: 11:00 AM - 3:00 PM NPT,4968,RBB Mutual Fund 1,RMF1,58.0,3900.0,9.57,-4.3,10.0,,9.85,9.85,9.56,37492.0,2026-08-20 14:44:06.121791,200.0,9.61,,,,,,,,,,,,,,7,"price_volume, live_market, summary, top_gainers, top_losers, nepse_index, supply_demand",5649
2026-08-20T14:50:54.388993+05:45,2026-08-20 14:50:54,live_market,live_market_229,True,cloud_automated,Thursday - Trading Hours: 11:00 AM - 3:00 PM NPT,9161,Aatmanirbhar Laghubitta Bittiya Sanstha Limited,ANLB,58.0,1357.0,5090.0,-0.2,5100.0,,5050.0,5140.0,4956.0,6791289.0,2026-08-20 14:44:01.290354,2.0,5004.63,,,,,,,,,,,,,,7,"price_volume, live_market, summary, top_gainers, top_losers, nepse_index, supply_demand",5649
2026-08-20T14:50:54.388993+05:45,2026-08-20 14:50:54,live_market,live_market_230,True,cloud_automated,Thursday - Trading Hours: 11:00 AM - 3:00 PM NPT,9233,Nepal Warehousing Company Limited ,NWCL,58.0,5027.0,646.8,-3.75,672.0,,658.0,677.0,643.0,3287052.5,2026-08-20 14:44:01.061461,20.0,653.88,,,,,,,,,,,,,,7,"price_volume, live_market, summary, top_gainers, top_losers, nepse_index, supply_demand",5649
2026-08-20T14:50:54.388993+05:45,2026-08-20 14:50:54,live_market,live_market_231,True,cloud_automated,Thursday - Trading Hours: 11:00 AM - 3:00 PM NPT,9171,Bhugol Energy Development Company Limited,BEDC,58.0,15308.0,306.2,-1.83,311.9,,310.0,312.9,305.0,4688958.8,2026-08-20 14:43:53.446394,490.0,306.31,,,,,,,,,,,,,,7,"price_volume, live_market, summary, top_gainers, top_losers, nepse_index, supply_demand",5649
2026-08-20T14:50:54.388993+05:45,2026-08-20 14:50:54,live_market,live_market_232,True,cloud_automated,Thursday - Trading Hours: 11:00 AM - 3:00 PM NPT,148,Taragaon Regency Hotel Limited,TRH,58.0,5865.0,806.0,0.5,802.0,,800.0,810.0,792.0,4719970.0,2026-08-20 14:43:53.137692,1000.0,804.77,,,,,,,,,,,,,,7,"price_volume, live_market, summary, top_gainers, top_losers, nepse_index, supply_demand",5649
2026-08-20T14:50:54.388993+05:45,2026-08-20 14:50:54,live_market,live_market_233,True,cloud_automated,Thursday - Trading Hours: 11:00 AM - 3:00 PM NPT,2831,Union Hydropower Limited,UNHPL,58.0,15365.0,370.6,-0.11,371.0,,372.9,373.0,365.1,5696561.2,2026-08-20 14:43:50.516913,15.0,370.75,,,,,,,,,,,,,,7,"price_volume, live_market, summary, top_gainers, top_losers, nepse_index, supply_demand",5649
2026-08-20T14:50:54.388993+05:45,2026-08-20 14:50:54,live_market,live_market_234,True,cloud_automated,Thursday - Trading Hours: 11:00 AM - 3:00 PM NPT,8005,Mailung Khola Jal Vidhyut Company Limited,MKJC,58.0,5381.0,433.0,-1.59,440.0,,433.0,438.0,429.5,2324812.8,2026-08-20 14:43:12.996917,168.0,432.04,,,,,,,,,,,,,,7,"price_volume, live_market, summary, top_gainers, top_losers, nepse_index, supply_demand",5649
2026-08-20T14:50:54.388993+05:45,2026-08-20 14:50:54,live_market,live_market_235,True,cloud_automated,Thursday - Trading Hours: 11:00 AM - 3:00 PM NPT,2924,GreenLife Hydropower Limited,GLH,58.0,17523.0,252.5,-0.08,252.7,,250.1,254.0,250.1,4422589.3,2026-08-20 14:43:10.402838,25.0,252.39,,,,,,,,,,,,,,7,"price_volume, live_market, summary, top_gainers, top_losers, nepse_index, supply_demand",5649
2026-08-20T14:50:54.388993+05:45,2026-08-20 14:50:54,live_market,live_market_236,True,cloud_automated,Thursday - Trading Hours: 11:00 AM - 3:00 PM NPT,686,Barun Hydropower Co. Ltd.,BARUN,58.0,14175.0,316.0,-0.25,316.8,,316.0,318.5,312.2,4456398.7,2026-08-20 14:43:05.514053,10.0,314.38,,,,,,,,,,,,,,7,"price_volume, live_market, summary, top_gainers, top_losers, nepse_index, supply_demand",5649
2026-08-20T14:50:54.388993+05:45,2026-08-20 14:50:54,live_market,live_market_237,True,cloud_automated,Thursday - Trading Hours: 11:00 AM - 3:00 PM NPT,8132,Shrijanshil Laghubitta Bittiya Sanstha Limited,SHLB,58.0,59.0,1383.1,-2.25,1415.0,,1383.0,1390.0,1383.0,81668.0,2026-08-20 14:43:03.350477,10.0,1384.2,,,,,,,,,,,,,,7,"price_volume, live_market, summary, top_gainers, top_losers, nepse_index, supply_demand",5649
2026-08-20T14:50:54.388993+05:45,2026-08-20 14:50:54,live_market,live_market_238,True,cloud_automated,Thursday - Trading Hours: 11:00 AM - 3:00 PM NPT,9148,Super Mai Hydropower Limited,SMH,58.0,14188.0,514.5,2.45,502.2,,502.2,516.0,501.0,7264417.9,2026-08-20 14:42:36.999627,50.0,512.01,,,,,,,,,,,,,,7,"price_volume, live_market, summary, top_gainers, top_losers, nepse_index, supply_demand",5649
2026-08-20T14:50:54.388993+05:45,2026-08-20 14:50:54,live_market,live_market_239,True,cloud_automated,Thursday - Trading Hours: 11:00 AM - 3:00 PM NPT,2917,Chandragiri Hills Limited,CGH,58.0,3576.0,775.0,0.65,770.0,,769.0,775.0,767.0,2758066.0,2026-08-20 14:42:18.383546,200.0,771.27,,,,,,,,,,,,,,7,"price_volume, live_market, summary, top_gainers, top_losers, nepse_index, supply_demand",5649
2026-08-20T14:50:54.388993+05:45,2026-08-20 14:50:54,live_market,live_market_240,True,cloud_automated,Thursday - Trading Hours: 11:00 AM - 3:00 PM NPT,8032,Buddha Bhumi Nepal Hydropower Company Limited,BNHC,58.0,10069.0,278.0,-0.71,280.0,,280.0,280.0,275.0,2790355.3,2026-08-20 14:42:11.764647,800.0,277.12,,,,,,,,,,,,,,7,"price_volume, live_market, summary, top_gainers, top_losers, nepse_index, supply_demand",5649
2026-08-20T14:50:54.388993+05:45,2026-08-20 14:50:54,live_market,live_market_241,True,cloud_automated,Thursday - Trading Hours: 11:00 AM - 3:00 PM NPT,8025,Samling Power Company Limited,SPC,58.0,3810.0,412.0,-1.2,417.0,,414.0,420.0,411.1,1584325.0,2026-08-20 14:42:11.614981,10.0,415.83,,,,,,,,,,,,,,7,"price_volume, live_market, summary, top_gainers, top_losers, nepse_index, supply_demand",5649
2026-08-20T14:50:54.388993+05:45,2026-08-20 14:50:54,live_market,live_market_242,True,cloud_automated,Thursday - Trading Hours: 11:00 AM - 3:00 PM NPT,8110,10.25% Nepal SBI Bank Debenture 2083,SBID83,58.0,100.0,1060.0,2.8,1031.1,,1059.9,1060.0,1059.9,105997.5,2026-08-20 14:42:04.580018,75.0,1059.98,,,,,,,,,,,,,,7,"price_volume, live_market, summary, top_gainers, top_losers, nepse_index, supply_demand",5649
2026-08-20T14:50:54.388993+05:45,2026-08-20 14:50:54,live_market,live_market_243,True,cloud_automated,Thursday - Trading Hours: 11:00 AM - 3:00 PM NPT,618,Laxmi Laghubitta Bittiya Sanstha Ltd.,LLBS,58.0,487.0,855.0,-0.82,862.1,,850.0,870.0,850.0,415365.0,2026-08-20 14:41:59.573065,10.0,852.91,,,,,,,,,,,,,,7,"price_volume, live_market, summary, top_gainers, top_losers, nepse_index, supply_demand",5649
2026-08-20T14:50:54.388993+05:45,2026-08-20 14:50:54,live_market,live_market_244,True,cloud_automated,Thursday - Trading Hours: 11:00 AM - 3:00 PM NPT,188,Life Insurance Corporation (Nepal) Limited,LICN,58.0,5644.0,765.0,-1.16,774.0,,770.0,774.9,764.3,4321245.8,2026-08-20 14:41:23.134482,200.0,765.64,,,,,,,,,,,,,,7,"price_volume, live_market, summary, top_gainers, top_losers, nepse_index, supply_demand",5649
2026-08-20T14:50:54.388993+05:45,2026-08-20 14:50:54,live_market,live_market_245,True,cloud_automated,Thursday - Trading Hours: 11:00 AM - 3:00 PM NPT,704,NMB  Microfinance Bittiya Sanstha Ltd.,NMBMF,58.0,731.0,592.2,0.37,590.0,,600.0,600.0,592.0,433213.1,2026-08-20 14:41:19.928522,70.0,592.63,,,,,,,,,,,,,,7,"price_volume, live_market, summary, top_gainers, top_losers, nepse_index, supply_demand",5649
2026-08-20T14:50:54.388993+05:45,2026-08-20 14:50:54,live_market,live_market_246,True,cloud_automated,Thursday - Trading Hours: 11:00 AM - 3:00 PM NPT,706,Suryodaya Womi Laghubitta Bittiya Sanstha Limited,SWMF,58.0,2247.0,598.0,-0.96,603.8,,601.0,601.0,590.2,1343270.2,2026-08-20 14:41:15.596919,10.0,597.81,,,,,,,,,,,,,,7,"price_volume, live_market, summary, top_gainers, top_losers, nepse_index, supply_demand",5649
2026-08-20T14:50:54.388993+05:45,2026-08-20 14:50:54,live_market,live_market_247,True,cloud_automated,Thursday - Trading Hours: 11:00 AM - 3:00 PM NPT,9215,Mid Solu Hydropower Limited,MSHL,58.0,157.0,586.0,0.51,583.0,,600.0,600.0,582.0,91878.6,2026-08-20 14:41:03.453507,11.0,585.21,,,,,,,,,,,,,,7,"price_volume, live_market, summary, top_gainers, top_losers, nepse_index, supply_demand",5649
2026-08-20T14:50:54.388993+05:45,2026-08-20 14:50:54,live_market,live_market_248,True,cloud_automated,Thursday - Trading Hours: 11:00 AM - 3:00 PM NPT,417,Garima Bikas Bank Limited,GBBL,58.0,27642.0,422.7,-0.07,423.0,,420.5,423.9,420.5,11649011.3,2026-08-20 14:41:00.634378,74.0,421.42,,,,,,,,,,,,,,7,"price_volume, live_market, summary, top_gainers, top_losers, nepse_index, supply_demand",5649
2026-08-20T14:50:54.388993+05:45,2026-08-20 14:50:54,live_market,live_market_249,True,cloud_automated,Thursday - Trading Hours: 11:00 AM - 3:00 PM NPT,705,Global IME Laghubitta Bittiya Sanstha Ltd.,GILB,58.0,1485.0,1108.0,1.07,1096.3,,1129.0,1129.0,1097.0,1642829.8,2026-08-20 14:40:51.345309,10.0,1106.28,,,,,,,,,,,,,,7,"price_volume, live_market, summary, top_gainers, top_losers, nepse_index, supply_demand",5649
2026-08-20T14:50:54.388993+05:45,2026-08-20 14:50:54,live_market,live_market_250,True,cloud_automated,Thursday - Trading Hours: 11:00 AM - 3:00 PM NPT,9290,HLI Large Cap Fund,HLICF,58.0,1400.0,8.37,-2.79,8.61,,8.61,8.61,8.37,11979.0,2026-08-20 14:40:27.697285,100.0,8.56,,,,,,,,,,,,,,7,"price_volume, live_market, summary, top_gainers, top_losers, nepse_index, supply_demand",5649
2026-08-20T14:50:54.388993+05:45,2026-08-20 14:50:54,live_market,live_market_251,True,cloud_automated,Thursday - Trading Hours: 11:00 AM - 3:00 PM NPT,2826,Gurans Laghubitta Bittiya Sanstha Limited,GLBSL,58.0,345.0,1711.1,-1.77,1742.0,,1743.0,1743.0,1701.0,588090.6,2026-08-20 14:40:27.239662,10.0,1704.61,,,,,,,,,,,,,,7,"price_volume, live_market, summary, top_gainers, top_losers, nepse_index, supply_demand",5649
2026-08-20T14:50:54.388993+05:45,2026-08-20 14:50:54,live_market,live_market_252,True,cloud_automated,Thursday - Trading Hours: 11:00 AM - 3:00 PM NPT,176,Nepal Insurance Co. Ltd.,NICL,58.0,8792.0,490.0,-0.97,494.8,,495.0,508.0,490.0,4321476.7,2026-08-20 14:40:12.039341,200.0,491.52,,,,,,,,,,,,,,7,"price_volume, live_market, summary, top_gainers, top_losers, nepse_index, supply_demand",5649
2026-08-20T14:50:54.388993+05:45,2026-08-20 14:50:54,live_market,live_market_253,True,cloud_automated,Thursday - Trading Hours: 11:00 AM - 3:00 PM NPT,2790,Aarambha Chautari Laghubitta Bittiya Sanstha Limited,ACLBSL,58.0,552.0,899.0,-0.11,900.0,,900.0,900.0,897.5,496280.5,2026-08-20 14:39:49.279157,30.0,899.06,,,,,,,,,,,,,,7,"price_volume, live_market, summary, top_gainers, top_losers, nepse_index, supply_demand",5649
2026-08-20T14:50:54.388993+05:45,2026-08-20 14:50:54,live_market,live_market_254,True,cloud_automated,Thursday - Trading Hours: 11:00 AM - 3:00 PM NPT,183,Neco Insurance Limited,NIL,58.0,5554.0,602.0,0.0,602.0,,602.0,610.0,595.0,3334778.4,2026-08-20 14:39:18.21613,10.0,600.43,,,,,,,,,,,,,,7,"price_volume, live_market, summary, top_gainers, top_losers, nepse_index, supply_demand",5649
2026-08-20T14:50:54.388993+05:45,2026-08-20 14:50:54,live_market,live_market_255,True,cloud_automated,Thursday - Trading Hours: 11:00 AM - 3:00 PM NPT,2769,Nepal Hydro Developers Ltd.,NHDL,58.0,1447.0,628.0,-1.1,635.0,,639.0,639.0,621.0,915251.6,2026-08-20 14:39:18.032567,188.0,632.52,,,,,,,,,,,,,,7,"price_volume, live_market, summary, top_gainers, top_losers, nepse_index, supply_demand",5649
2026-08-20T14:50:54.388993+05:45,2026-08-20 14:50:54,live_market,live_market_256,True,cloud_automated,Thursday - Trading Hours: 11:00 AM - 3:00 PM NPT,2758,Forward Microfinance Laghubitta Bittiya Sanstha Limited,FOWAD,58.0,4833.0,913.0,-1.4,926.0,,925.0,925.0,910.0,4437515.2,2026-08-20 14:38:54.097167,11.0,918.17,,,,,,,,,,,,,,7,"price_volume, live_market, summary, top_gainers, top_losers, nepse_index, supply_demand",5649
2026-08-20T14:50:54.388993+05:45,2026-08-20 14:50:54,live_market,live_market_257,True,cloud_automated,Thursday - Trading Hours: 11:00 AM - 3:00 PM NPT,574,Sana Kisan Bikas Laghubitta Bittiya Sanstha Limited,SKBBL,58.0,8296.0,748.0,0.0,748.0,,755.0,755.0,747.1,6211603.2,2026-08-20 14:38:53.680523,10.0,748.75,,,,,,,,,,,,,,7,"price_volume, live_market, summary, top_gainers, top_losers, nepse_index, supply_demand",5649
2026-08-20T14:50:54.388993+05:45,2026-08-20 14:50:54,live_market,live_market_258,True,cloud_automated,Thursday - Trading Hours: 11:00 AM - 3:00 PM NPT,9244,NIBL Stable Fund,NIBLSTF,58.0,6650.0,8.38,-0.36,8.41,,8.31,8.41,8.31,55474.0,2026-08-20 14:38:41.350079,100.0,8.34,,,,,,,,,,,,,,7,"price_volume, live_market, summary, top_gainers, top_losers, nepse_index, supply_demand",5649
2026-08-20T14:50:54.388993+05:45,2026-08-20 14:50:54,live_market,live_market_259,True,cloud_automated,Thursday - Trading Hours: 11:00 AM - 3:00 PM NPT,8024,Nabil Balanced Fund-3,NBF3,58.0,10100.0,9.67,0.73,9.6,,9.6,9.72,9.6,97958.5,2026-08-20 14:38:16.040205,500.0,9.7,,,,,,,,,,,,,,7,"price_volume, live_market, summary, top_gainers, top_losers, nepse_index, supply_demand",5649
2026-08-20T14:50:54.388993+05:45,2026-08-20 14:50:54,live_market,live_market_260,True,cloud_automated,Thursday - Trading Hours: 11:00 AM - 3:00 PM NPT,2811,Mountain Hydro Nepal Limited,MHNL,58.0,10605.0,244.0,0.66,242.4,,237.0,245.0,237.0,2574464.0,2026-08-20 14:38:13.195453,10.0,242.76,,,,,,,,,,,,,,7,"price_volume, live_market, summary, top_gainers, top_losers, nepse_index, supply_demand",5649
2026-08-20T14:50:54.388993+05:45,2026-08-20 14:50:54,live_market,live_market_261,True,cloud_automated,Thursday - Trading Hours: 11:00 AM - 3:00 PM NPT,9217,Mathillo Mailun Khola Jalvidhyut Limited,MMKJL,58.0,1196.0,440.0,-0.68,443.0,,438.1,443.0,433.5,520899.2,2026-08-20 14:38:09.745358,30.0,435.53,,,,,,,,,,,,,,7,"price_volume, live_market, summary, top_gainers, top_losers, nepse_index, supply_demand",5649
2026-08-20T14:50:54.388993+05:45,2026-08-20 14:50:54,live_market,live_market_262,True,cloud_automated,Thursday - Trading Hours: 11:00 AM - 3:00 PM NPT,9259,Reliable Samriddhi Yojana,RSY,58.0,10300.0,10.55,0.29,10.52,,10.3,10.55,10.3,108370.0,2026-08-20 14:38:05.335479,100.0,10.52,,,,,,,,,,,,,,7,"price_volume, live_market, summary, top_gainers, top_losers, nepse_index, supply_demand",5649
2026-08-20T14:50:54.388993+05:45,2026-08-20 14:50:54,live_market,live_market_263,True,cloud_automated,Thursday - Trading Hours: 11:00 AM - 3:00 PM NPT,182,Siddhartha Premier Insurance Limited,SPIL,58.0,4993.0,685.0,0.74,680.0,,714.0,728.2,678.0,3417087.1,2026-08-20 14:37:57.031573,10.0,684.38,,,,,,,,,,,,,,7,"price_volume, live_market, summary, top_gainers, top_losers, nepse_index, supply_demand",5649
2026-08-20T14:50:54.388993+05:45,2026-08-20 14:50:54,live_market,live_market_264,True,cloud_automated,Thursday - Trading Hours: 11:00 AM - 3:00 PM NPT,156,Bishal Bazar Company Limited,BBC,58.0,372.0,4130.0,-0.24,4140.0,,4250.0,4250.0,4095.0,1533648.0,2026-08-20 14:37:35.149166,80.0,4122.71,,,,,,,,,,,,,,7,"price_volume, live_market, summary, top_gainers, top_losers, nepse_index, supply_demand",5649
2026-08-20T14:50:54.388993+05:45,2026-08-20 14:50:54,live_market,live_market_265,True,cloud_automated,Thursday - Trading Hours: 11:00 AM - 3:00 PM NPT,9158,Molung Hydropower Company Limited,MHCL,58.0,1465.0,305.0,0.59,303.2,,296.1,305.0,296.1,437745.3,2026-08-20 14:37:28.233641,10.0,298.8,,,,,,,,,,,,,,7,"price_volume, live_market, summary, top_gainers, top_losers, nepse_index, supply_demand",5649
2026-08-20T14:50:54.388993+05:45,2026-08-20 14:50:54,live_market,live_market_266,True,cloud_automated,Thursday - Trading Hours: 11:00 AM - 3:00 PM NPT,2937,Sunrise Bluechip Fund,SBCF,58.0,2450.0,9.6,-0.31,9.63,,9.6,9.6,9.6,23520.0,2026-08-20 14:37:18.963182,500.0,9.6,,,,,,,,,,,,,,7,"price_volume, live_market, summary, top_gainers, top_losers, nepse_index, supply_demand",5649
2026-08-20T14:50:54.388993+05:45,2026-08-20 14:50:54,live_market,live_market_267,True,cloud_automated,Thursday - Trading Hours: 11:00 AM - 3:00 PM NPT,601,Mithila LaghuBitta Bittiya Sanstha Limited,MLBBL,58.0,1216.0,1015.0,-1.45,1029.9,,1037.0,1053.8,1011.0,1237952.5,2026-08-20 14:36:58.258037,10.0,1018.05,,,,,,,,,,,,,,7,"price_volume, live_market, summary, top_gainers, top_losers, nepse_index, supply_demand",5649
2026-08-20T14:50:54.388993+05:45,2026-08-20 14:50:54,live_market,live_market_268,True,cloud_automated,Thursday - Trading Hours: 11:00 AM - 3:00 PM NPT,469,Nepal Investment Mega Bank Ltd. Promoter Share,NIMBPO,58.0,42.0,141.0,0.71,140.0,,144.1,144.1,141.0,6008.0,2026-08-20 14:36:47.077047,10.0,143.05,,,,,,,,,,,,,,7,"price_volume, live_market, summary, top_gainers, top_losers, nepse_index, supply_demand",5649
2026-08-20T14:50:54.388993+05:45,2026-08-20 14:50:54,live_market,live_market_269,True,cloud_automated,Thursday - Trading Hours: 11:00 AM - 3:00 PM NPT,263,Guheshowori Merchant Bank & Finance Co. Ltd.,GMFIL,58.0,4126.0,442.0,-1.54,448.9,,441.5,445.0,441.1,1825589.4,2026-08-20 14:36:38.296858,121.0,442.46,,,,,,,,,,,,,,7,"price_volume, live_market, summary, top_gainers, top_losers, nepse_index, supply_demand",5649
2026-08-20T14:50:54.388993+05:45,2026-08-20 14:50:54,live_market,live_market_270,True,cloud_automated,Thursday - Trading Hours: 11:00 AM - 3:00 PM NPT,8117,Aviyan Laghubitta Bittiya Sanstha Limited,AVYAN,58.0,2562.0,1025.0,-0.97,1035.0,,1035.0,1035.0,1016.0,2618446.3,2026-08-20 14:36:34.943264,10.0,1022.03,,,,,,,,,,,,,,7,"price_volume, live_market, summary, top_gainers, top_losers, nepse_index, supply_demand",5649
2026-08-20T14:50:54.388993+05:45,2026-08-20 14:50:54,live_market,live_market_271,True,cloud_automated,Thursday - Trading Hours: 11:00 AM - 3:00 PM NPT,9182,Siddhartha Investment Growth Scheme 3,SIGS3,58.0,151099.0,11.0,0.0,11.0,,11.1,11.1,10.87,1661664.51,2026-08-20 14:36:18.958144,450.0,11.0,,,,,,,,,,,,,,7,"price_volume, live_market, summary, top_gainers, top_losers, nepse_index, supply_demand",5649
2026-08-20T14:50:54.388993+05:45,2026-08-20 14:50:54,live_market,live_market_272,True,cloud_automated,Thursday - Trading Hours: 11:00 AM - 3:00 PM NPT,8022,Terhathum Power Company Limited,TPC,58.0,9730.0,360.0,0.42,358.5,,360.0,363.9,354.0,3460395.7,2026-08-20 14:35:28.302328,10.0,355.64,,,,,,,,,,,,,,7,"price_volume, live_market, summary, top_gainers, top_losers, nepse_index, supply_demand",5649
2026-08-20T14:50:54.388993+05:45,2026-08-20 14:50:54,live_market,live_market_273,True,cloud_automated,Thursday - Trading Hours: 11:00 AM - 3:00 PM NPT,213,Bottlers Nepal (Terai) Limited,BNT,58.0,10.0,11666.0,0.4,11620.0,,11666.0,11666.0,11666.0,116660.0,2026-08-20 14:35:12.080078,10.0,11666.0,,,,,,,,,,,,,,7,"price_volume, live_market, summary, top_gainers, top_losers, nepse_index, supply_demand",5649
2026-08-20T14:50:54.388993+05:45,2026-08-20 14:50:54,live_market,live_market_274,True,cloud_automated,Thursday - Trading Hours: 11:00 AM - 3:00 PM NPT,2832,Infinity Laghubitta Bittiya Sanstha Limited,ILBS,58.0,1619.0,860.0,0.0,860.0,,860.0,870.0,836.0,1365736.2,2026-08-20 14:34:05.523137,10.0,843.57,,,,,,,,,,,,,,7,"price_volume, live_market, summary, top_gainers, top_losers, nepse_index, supply_demand",5649
2026-08-20T14:50:54.388993+05:45,2026-08-20 14:50:54,live_market,live_market_275,True,cloud_automated,Thursday - Trading Hours: 11:00 AM - 3:00 PM NPT,9304,Citizens Santulit Yojana,CSY,58.0,800.0,8.7,0.58,8.65,,8.65,8.7,8.51,6891.0,2026-08-20 14:34:04.023771,100.0,8.61,,,,,,,,,,,,,,7,"price_volume, live_market, summary, top_gainers, top_losers, nepse_index, supply_demand",5649
2026-08-20T14:50:54.388993+05:45,2026-08-20 14:50:54,live_market,live_market_276,True,cloud_automated,Thursday - Trading Hours: 11:00 AM - 3:00 PM NPT,9151,Kalinchowk Darshan Limited,KDL,58.0,675.0,763.2,-1.78,777.0,,766.0,770.0,760.0,514289.0,2026-08-20 14:33:59.569849,10.0,761.91,,,,,,,,,,,,,,7,"price_volume, live_market, summary, top_gainers, top_losers, nepse_index, supply_demand",5649
2026-08-20T14:50:54.388993+05:45,2026-08-20 14:50:54,live_market,live_market_277,True,cloud_automated,Thursday - Trading Hours: 11:00 AM - 3:00 PM NPT,8102,Mandakini Hydropower Limited,MHL,58.0,1408.0,465.0,0.0,465.0,,458.2,465.0,458.2,647468.5,2026-08-20 14:33:38.645474,10.0,459.85,,,,,,,,,,,,,,7,"price_volume, live_market, summary, top_gainers, top_losers, nepse_index, supply_demand",5649
2026-08-20T14:50:54.388993+05:45,2026-08-20 14:50:54,live_market,live_market_278,True,cloud_automated,Thursday - Trading Hours: 11:00 AM - 3:00 PM NPT,695,Janautthan Samudayic Laghubitta Bittya Sanstha Limited,JSLBB,58.0,68.0,950.0,-1.04,960.0,,950.0,950.0,950.0,64600.0,2026-08-20 14:33:15.017457,10.0,950.0,,,,,,,,,,,,,,7,"price_volume, live_market, summary, top_gainers, top_losers, nepse_index, supply_demand",5649
2026-08-20T14:50:54.388993+05:45,2026-08-20 14:50:54,live_market,live_market_279,True,cloud_automated,Thursday - Trading Hours: 11:00 AM - 3:00 PM NPT,8075,Bindhyabasini Hydropower Development Company Limited,BHDC,58.0,5958.0,428.1,0.33,426.7,,426.0,435.0,422.1,2547586.6,2026-08-20 14:32:20.874598,11.0,427.59,,,,,,,,,,,,,,7,"price_volume, live_market, summary, top_gainers, top_losers, nepse_index, supply_demand",5649
2026-08-20T14:50:54.388993+05:45,2026-08-20 14:50:54,live_market,live_market_280,True,cloud_automated,Thursday - Trading Hours: 11:00 AM - 3:00 PM NPT,9138,NIBL Growth Fund,NIBLGF,58.0,1300.0,8.45,-4.95,8.89,,8.64,8.64,8.4,10949.0,2026-08-20 14:31:23.775323,100.0,8.42,,,,,,,,,,,,,,7,"price_volume, live_market, summary, top_gainers, top_losers, nepse_index, supply_demand",5649
2026-08-20T14:50:54.388993+05:45,2026-08-20 14:50:54,live_market,live_market_281,True,cloud_automated,Thursday - Trading Hours: 11:00 AM - 3:00 PM NPT,2933,Kumari Equity Fund,KEF,58.0,74596.0,10.01,-9.0,11.0,,10.67,10.67,10.01,767426.5,2026-08-20 14:30:32.262521,100.0,10.29,,,,,,,,,,,,,,7,"price_volume, live_market, summary, top_gainers, top_losers, nepse_index, supply_demand",5649
2026-08-20T14:50:54.388993+05:45,2026-08-20 14:50:54,live_market,live_market_282,True,cloud_automated,Thursday - Trading Hours: 11:00 AM - 3:00 PM NPT,2877,Sunrise First Mutual Fund,SFMF,58.0,21500.0,10.0,-2.91,10.3,,10.2,10.2,10.0,219100.0,2026-08-20 14:29:54.591877,500.0,10.19,,,,,,,,,,,,,,7,"price_volume, live_market, summary, top_gainers, top_losers, nepse_index, supply_demand",5649
2026-08-20T14:50:54.388993+05:45,2026-08-20 14:50:54,live_market,live_market_283,True,cloud_automated,Thursday - Trading Hours: 11:00 AM - 3:00 PM NPT,9327,8% ICFC Finance Limited Debenture 2089,ICFCD89,58.0,60.0,1090.0,0.46,1085.0,,1090.0,1090.0,1085.0,65275.0,2026-08-20 14:29:53.321076,10.0,1087.92,,,,,,,,,,,,,,7,"price_volume, live_market, summary, top_gainers, top_losers, nepse_index, supply_demand",5649
2026-08-20T14:50:54.388993+05:45,2026-08-20 14:50:54,live_market,live_market_284,True,cloud_automated,Thursday - Trading Hours: 11:00 AM - 3:00 PM NPT,2784,Nadep Laghubittiya bittya Sanstha Ltd.,NADEP,58.0,575.0,709.0,0.71,704.0,,696.4,711.0,696.0,402978.0,2026-08-20 14:29:21.530876,20.0,700.83,,,,,,,,,,,,,,7,"price_volume, live_market, summary, top_gainers, top_losers, nepse_index, supply_demand",5649
2026-08-20T14:50:54.388993+05:45,2026-08-20 14:50:54,live_market,live_market_285,True,cloud_automated,Thursday - Trading Hours: 11:00 AM - 3:00 PM NPT,9198,Laxmi Value Fund 2,LVF2,58.0,200.0,9.58,-2.84,9.86,,9.57,9.58,9.57,1915.0,2026-08-20 14:29:10.698702,100.0,9.58,,,,,,,,,,,,,,7,"price_volume, live_market, summary, top_gainers, top_losers, nepse_index, supply_demand",5649
2026-08-20T14:50:54.388993+05:45,2026-08-20 14:50:54,live_market,live_market_286,True,cloud_automated,Thursday - Trading Hours: 11:00 AM - 3:00 PM NPT,9257,MBL Equity Fund,MBLEF,58.0,500.0,9.57,-1.34,9.7,,9.51,9.7,9.51,4818.0,2026-08-20 14:28:46.107392,100.0,9.64,,,,,,,,,,,,,,7,"price_volume, live_market, summary, top_gainers, top_losers, nepse_index, supply_demand",5649
2026-08-20T14:50:54.388993+05:45,2026-08-20 14:50:54,live_market,live_market_287,True,cloud_automated,Thursday - Trading Hours: 11:00 AM - 3:00 PM NPT,2813,Panchthar Power Compant Limited,PPCL,58.0,6450.0,332.0,-0.9,335.0,,333.0,335.0,330.6,2154105.5,2026-08-20 14:28:43.346671,50.0,333.97,,,,,,,,,,,,,,7,"price_volume, live_market, summary, top_gainers, top_losers, nepse_index, supply_demand",5649
2026-08-20T14:50:54.388993+05:45,2026-08-20 14:50:54,live_market,live_market_288,True,cloud_automated,Thursday - Trading Hours: 11:00 AM - 3:00 PM NPT,8023,Mega Mutual Fund -1,MMF1,58.0,8584.0,8.51,-1.85,8.67,,8.7,9.15,8.51,75504.3,2026-08-20 14:27:30.820899,100.0,8.8,,,,,,,,,,,,,,7,"price_volume, live_market, summary, top_gainers, top_losers, nepse_index, supply_demand",5649
2026-08-20T14:50:54.388993+05:45,2026-08-20 14:50:54,live_market,live_market_289,True,cloud_automated,Thursday - Trading Hours: 11:00 AM - 3:00 PM NPT,9176,Ingwa Hydropower Limited,IHL,58.0,9275.0,325.0,0.46,323.5,,322.0,329.0,321.9,3003585.6,2026-08-20 14:26:56.44662,100.0,323.84,,,,,,,,,,,,,,7,"price_volume, live_market, summary, top_gainers, top_losers, nepse_index, supply_demand",5649
2026-08-20T14:50:54.388993+05:45,2026-08-20 14:50:54,live_market,live_market_290,True,cloud_automated,Thursday - Trading Hours: 11:00 AM - 3:00 PM NPT,8125,NMB Sulav Investment Fund - 2,NSIF2,58.0,318924.0,11.0,0.0,11.0,,11.1,11.1,10.85,3496208.16,2026-08-20 14:26:40.251078,100.0,10.96,,,,,,,,,,,,,,7,"price_volume, live_market, summary, top_gainers, top_losers, nepse_index, supply_demand",5649
2026-08-20T14:50:54.388993+05:45,2026-08-20 14:50:54,live_market,live_market_291,True,cloud_automated,Thursday - Trading Hours: 11:00 AM - 3:00 PM NPT,153,Butwal Power Company Limited,BPCL,58.0,8811.0,648.9,1.23,641.0,,640.0,648.9,635.3,5650870.9,2026-08-20 14:26:25.448665,10.0,641.34,,,,,,,,,,,,,,7,"price_volume, live_market, summary, top_gainers, top_losers, nepse_index, supply_demand",5649
2026-08-20T14:50:54.388993+05:45,2026-08-20 14:50:54,live_market,live_market_292,True,cloud_automated,Thursday - Trading Hours: 11:00 AM - 3:00 PM NPT,8034,Emerging Nepal Limited,ENL,58.0,20.0,790.0,-1.0,798.0,,798.0,798.0,790.0,15880.0,2026-08-20 14:24:46.299001,10.0,794.0,,,,,,,,,,,,,,7,"price_volume, live_market, summary, top_gainers, top_losers, nepse_index, supply_demand",5649
2026-08-20T14:50:54.388993+05:45,2026-08-20 14:50:54,live_market,live_market_293,True,cloud_automated,Thursday - Trading Hours: 11:00 AM - 3:00 PM NPT,184,Prabhu Insurance Ltd.,PRIN,58.0,3564.0,657.8,0.27,656.0,,649.0,657.8,648.1,2316078.6,2026-08-20 14:22:25.314522,10.0,649.85,,,,,,,,,,,,,,7,"price_volume, live_market, summary, top_gainers, top_losers, nepse_index, supply_demand",5649
2026-08-20T14:50:54.388993+05:45,2026-08-20 14:50:54,live_market,live_market_294,True,cloud_automated,Thursday - Trading Hours: 11:00 AM - 3:00 PM NPT,9218,Trishuli Jal Vidhyut Company Limited ,TVCL,58.0,14890.0,458.0,-2.97,472.0,,460.0,468.0,441.4,6784161.0,2026-08-20 14:22:00.987473,10.0,455.62,,,,,,,,,,,,,,7,"price_volume, live_market, summary, top_gainers, top_losers, nepse_index, supply_demand",5649
2026-08-20T14:50:54.388993+05:45,2026-08-20 14:50:54,live_market,live_market_295,True,cloud_automated,Thursday - Trading Hours: 11:00 AM - 3:00 PM NPT,2815,Ganapati Laghubitta Bittiya Sanstha Limited,GMFBS,58.0,24.0,1165.0,-0.43,1170.0,,1150.0,1165.0,1150.0,27614.0,2026-08-20 14:21:39.061428,10.0,1150.58,,,,,,,,,,,,,,7,"price_volume, live_market, summary, top_gainers, top_losers, nepse_index, supply_demand",5649
2026-08-20T14:50:54.388993+05:45,2026-08-20 14:50:54,live_market,live_market_296,True,cloud_automated,Thursday - Trading Hours: 11:00 AM - 3:00 PM NPT,8074,Kumari Dhanabriddhi Yojana,KDBY,58.0,12520.0,9.97,-9.77,11.05,,10.5,10.5,9.95,127829.2,2026-08-20 14:20:14.958555,1600.0,10.21,,,,,,,,,,,,,,7,"price_volume, live_market, summary, top_gainers, top_losers, nepse_index, supply_demand",5649
2026-08-20T14:50:54.388993+05:45,2026-08-20 14:50:54,live_market,live_market_297,True,cloud_automated,Thursday - Trading Hours: 11:00 AM - 3:00 PM NPT,583,Grameen Bikas Laghubitta Bittiya Sanstha Ltd.,GBLBS,58.0,1329.0,699.9,-0.37,702.5,,700.0,710.8,679.0,915372.5,2026-08-20 14:20:01.245934,10.0,688.77,,,,,,,,,,,,,,7,"price_volume, live_market, summary, top_gainers, top_losers, nepse_index, supply_demand",5649
2026-08-20T14:50:54.388993+05:45,2026-08-20 14:50:54,live_market,live_market_298,True,cloud_automated,Thursday - Trading Hours: 11:00 AM - 3:00 PM NPT,8068,Century Debenture 2088,CCBD88,58.0,17.0,1220.0,2.52,1190.0,,1220.0,1220.0,1220.0,20740.0,2026-08-20 14:19:03.012721,17.0,1220.0,,,,,,,,,,,,,,7,"price_volume, live_market, summary, top_gainers, top_losers, nepse_index, supply_demand",5649
2026-08-20T14:50:54.388993+05:45,2026-08-20 14:50:54,live_market,live_market_299,True,cloud_automated,Thursday - Trading Hours: 11:00 AM - 3:00 PM NPT,9178,RBB Mutual Fund 2,RMF2,58.0,420.0,10.1,0.0,10.1,,10.1,10.1,10.1,4242.0,2026-08-20 14:18:44.86928,100.0,10.1,,,,,,,,,,,,,,7,"price_volume, live_market, summary, top_gainers, top_losers, nepse_index, supply_demand",5649
2026-08-20T14:50:54.388993+05:45,2026-08-20 14:50:54,live_market,live_market_300,True,cloud_automated,Thursday - Trading Hours: 11:00 AM - 3:00 PM NPT,244,Shree Investment Finance Co. Ltd.,SIFC,58.0,2571.0,494.0,-1.0,499.0,,495.0,500.0,491.6,1269408.1,2026-08-20 14:16:56.33617,100.0,493.74,,,,,,,,,,,,,,7,"price_volume, live_market, summary, top_gainers, top_losers, nepse_index, supply_demand",5649
2026-08-20T14:50:54.388993+05:45,2026-08-20 14:50:54,live_market,live_market_301,True,cloud_automated,Thursday - Trading Hours: 11:00 AM - 3:00 PM NPT,4949,NIBL Samriddhi Fund -2,NIBSF2,58.0,15300.0,8.58,-2.5,8.8,,8.79,8.79,8.58,133837.5,2026-08-20 14:16:25.828194,200.0,8.75,,,,,,,,,,,,,,7,"price_volume, live_market, summary, top_gainers, top_losers, nepse_index, supply_demand",5649
2026-08-20T14:50:54.388993+05:45,2026-08-20 14:50:54,live_market,live_market_302,True,cloud_automated,Thursday - Trading Hours: 11:00 AM - 3:00 PM NPT,2771,Support Microfinance Bittiya Sanstha Ltd.,SMB,58.0,222.0,1736.0,-0.06,1737.0,,1730.0,1769.9,1703.0,385406.0,2026-08-20 14:15:56.312816,12.0,1736.06,,,,,,,,,,,,,,7,"price_volume, live_market, summary, top_gainers, top_losers, nepse_index, supply_demand",5649
2026-08-20T14:50:54.388993+05:45,2026-08-20 14:50:54,live_market,live_market_303,True,cloud_automated,Thursday - Trading Hours: 11:00 AM - 3:00 PM NPT,6985,Shangri-la Development Bank Debenture 2087,SDBD87,58.0,52.0,1105.0,-1.43,1121.0,,1121.0,1121.0,1105.0,57400.0,2026-08-20 14:12:20.357811,50.0,1103.85,,,,,,,,,,,,,,7,"price_volume, live_market, summary, top_gainers, top_losers, nepse_index, supply_demand",5649
2026-08-20T14:50:54.388993+05:45,2026-08-20 14:50:54,live_market,live_market_304,True,cloud_automated,Thursday - Trading Hours: 11:00 AM - 3:00 PM NPT,9232,Chirkhwa Hydropower Limited ,CKHL,58.0,90.0,577.0,-3.03,595.0,,580.0,590.0,577.0,52470.0,2026-08-20 14:11:44.567186,10.0,583.0,,,,,,,,,,,,,,7,"price_volume, live_market, summary, top_gainers, top_losers, nepse_index, supply_demand",5649
2026-08-20T14:50:54.388993+05:45,2026-08-20 14:50:54,live_market,live_market_305,True,cloud_automated,Thursday - Trading Hours: 11:00 AM - 3:00 PM NPT,9147,Shuvam Power Limited,SPL,58.0,1039.0,635.0,-3.64,659.0,,641.0,647.9,625.2,653944.6,2026-08-20 14:11:08.457508,20.0,629.4,,,,,,,,,,,,,,7,"price_volume, live_market, summary, top_gainers, top_losers, nepse_index, supply_demand",5649
2026-08-20T14:50:54.388993+05:45,2026-08-20 14:50:54,live_market,live_market_306,True,cloud_automated,Thursday - Trading Hours: 11:00 AM - 3:00 PM NPT,9241,Kumari Sabal Yojana,KSY,58.0,2180.0,9.16,-0.11,9.17,,9.16,9.71,9.16,20718.0,2026-08-20 14:05:24.045956,100.0,9.5,,,,,,,,,,,,,,7,"price_volume, live_market, summary, top_gainers, top_losers, nepse_index, supply_demand",5649
2026-08-20T14:50:54.388993+05:45,2026-08-20 14:50:54,live_market,live_market_307,True,cloud_automated,Thursday - Trading Hours: 11:00 AM - 3:00 PM NPT,8106,Global IME Balanced Fund-1,GIBF1,58.0,800.0,10.76,0.0,10.76,,10.8,10.85,10.65,8616.0,2026-08-20 14:05:11.246016,100.0,10.77,,,,,,,,,,,,,,7,"price_volume, live_market, summary, top_gainers, top_losers, nepse_index, supply_demand",5649
2026-08-20T14:50:54.388993+05:45,2026-08-20 14:50:54,live_market,live_market_308,True,cloud_automated,Thursday - Trading Hours: 11:00 AM - 3:00 PM NPT,9248,Garima Samriddhi Yojana,GSY,58.0,23100.0,9.32,-0.11,9.33,,9.06,9.6,9.06,220471.0,2026-08-20 14:04:52.895785,2000.0,9.54,,,,,,,,,,,,,,7,"price_volume, live_market, summary, top_gainers, top_losers, nepse_index, supply_demand",5649
2026-08-20T14:50:54.388993+05:45,2026-08-20 14:50:54,live_market,live_market_309,True,cloud_automated,Thursday - Trading Hours: 11:00 AM - 3:00 PM NPT,2863,NIC Asia Balanced Fund,NICBF,58.0,1615.0,9.64,1.69,9.48,,9.67,9.67,9.64,15587.05,2026-08-20 14:03:50.800593,1000.0,9.65,,,,,,,,,,,,,,7,"price_volume, live_market, summary, top_gainers, top_losers, nepse_index, supply_demand",5649
2026-08-20T14:50:54.388993+05:45,2026-08-20 14:50:54,live_market,live_market_310,True,cloud_automated,Thursday - Trading Hours: 11:00 AM - 3:00 PM NPT,2867,NMB 50,NMB50,58.0,34260.0,9.82,0.1,9.81,,9.76,9.82,9.76,335193.2,2026-08-20 14:02:15.028654,260.0,9.78,,,,,,,,,,,,,,7,"price_volume, live_market, summary, top_gainers, top_losers, nepse_index, supply_demand",5649
2026-08-20T14:50:54.388993+05:45,2026-08-20 14:50:54,live_market,live_market_311,True,cloud_automated,Thursday - Trading Hours: 11:00 AM - 3:00 PM NPT,155,Salt Trading Corporation,STC,58.0,1010.0,5102.2,-1.88,5200.0,,5106.1,5150.0,5100.0,5178174.0,2026-08-20 13:54:58.67623,178.0,5126.9,,,,,,,,,,,,,,7,"price_volume, live_market, summary, top_gainers, top_losers, nepse_index, supply_demand",5649
2026-08-20T14:50:54.388993+05:45,2026-08-20 14:50:54,live_market,live_market_312,True,cloud_automated,Thursday - Trading Hours: 11:00 AM - 3:00 PM NPT,9194,Three Star Hydropower Limited,TSHL,58.0,717.0,365.0,-0.25,365.9,,365.0,365.0,358.8,259361.0,2026-08-20 13:52:17.501932,10.0,361.73,,,,,,,,,,,,,,7,"price_volume, live_market, summary, top_gainers, top_losers, nepse_index, supply_demand",5649
2026-08-20T14:50:54.388993+05:45,2026-08-20 14:50:54,live_market,live_market_313,True,cloud_automated,Thursday - Trading Hours: 11:00 AM - 3:00 PM NPT,694,Matribhumi Lagubitta Bittiya Sanstha Limited,MATRI,58.0,328.0,805.0,0.37,802.0,,790.1,805.0,780.0,258673.3,2026-08-20 13:51:10.686966,10.0,788.64,,,,,,,,,,,,,,7,"price_volume, live_market, summary, top_gainers, top_losers, nepse_index, supply_demand",5649
2026-08-20T14:50:54.388993+05:45,2026-08-20 14:50:54,live_market,live_market_314,True,cloud_automated,Thursday - Trading Hours: 11:00 AM - 3:00 PM NPT,2770,Siddhartha Equity Fund,SEF,58.0,76895.0,9.3,-0.43,9.34,,9.4,9.4,9.24,712144.18,2026-08-20 13:47:39.892778,1000.0,9.26,,,,,,,,,,,,,,7,"price_volume, live_market, summary, top_gainers, top_losers, nepse_index, supply_demand",5649
2026-08-20T14:50:54.388993+05:45,2026-08-20 14:50:54,live_market,live_market_315,True,cloud_automated,Thursday - Trading Hours: 11:00 AM - 3:00 PM NPT,9231,10% Citizens Bank Debenture 2090,CIZBD90,58.0,50.0,1225.0,-2.23,1253.0,,1230.0,1230.0,1225.0,61375.0,2026-08-20 13:44:33.326044,25.0,1227.5,,,,,,,,,,,,,,7,"price_volume, live_market, summary, top_gainers, top_losers, nepse_index, supply_demand",5649
2026-08-20T14:50:54.388993+05:45,2026-08-20 14:50:54,live_market,live_market_316,True,cloud_automated,Thursday - Trading Hours: 11:00 AM - 3:00 PM NPT,2754,Dibyashwori Hydropower Ltd.,DHPL,58.0,540.0,280.0,-0.36,281.0,,284.0,284.0,276.1,150717.9,2026-08-20 13:42:50.519382,20.0,279.11,,,,,,,,,,,,,,7,"price_volume, live_market, summary, top_gainers, top_losers, nepse_index, supply_demand",5649
2026-08-20T14:50:54.388993+05:45,2026-08-20 14:50:54,live_market,live_market_317,True,cloud_automated,Thursday - Trading Hours: 11:00 AM - 3:00 PM NPT,8073,NIC Asia Flexi CAP Fund,NICFC,58.0,500.0,9.06,0.67,9.0,,8.75,9.06,8.75,4427.0,2026-08-20 13:42:06.605343,100.0,8.85,,,,,,,,,,,,,,7,"price_volume, live_market, summary, top_gainers, top_losers, nepse_index, supply_demand",5649
2026-08-20T14:50:54.388993+05:45,2026-08-20 14:50:54,live_market,live_market_318,True,cloud_automated,Thursday - Trading Hours: 11:00 AM - 3:00 PM NPT,9266,7% NIC ASIA Debenture 2091,NICAD2091,58.0,25.0,1050.0,-2.2,1073.6,,1050.0,1050.0,1050.0,26250.0,2026-08-20 13:41:33.359412,25.0,1050.0,,,,,,,,,,,,,,7,"price_volume, live_market, summary, top_gainers, top_losers, nepse_index, supply_demand",5649
2026-08-20T14:50:54.388993+05:45,2026-08-20 14:50:54,live_market,live_market_319,True,cloud_automated,Thursday - Trading Hours: 11:00 AM - 3:00 PM NPT,2774,Unnati Sahakarya Laghubitta Bittiya Sanstha Limited,USLB,58.0,1732.0,1095.0,1.86,1075.0,,1100.0,1100.0,1080.0,1904023.0,2026-08-20 13:37:18.114547,15.0,1099.32,,,,,,,,,,,,,,7,"price_volume, live_market, summary, top_gainers, top_losers, nepse_index, supply_demand",5649
2026-08-20T14:50:54.388993+05:45,2026-08-20 14:50:54,live_market,live_market_320,True,cloud_automated,Thursday - Trading Hours: 11:00 AM - 3:00 PM NPT,9286,Shine Resunga Debenture,SHINED,58.0,48.0,1095.0,0.46,1090.0,,1080.1,1095.0,1080.1,52217.3,2026-08-20 13:36:52.051798,25.0,1087.86,,,,,,,,,,,,,,7,"price_volume, live_market, summary, top_gainers, top_losers, nepse_index, supply_demand",5649
2026-08-20T14:50:54.388993+05:45,2026-08-20 14:50:54,live_market,live_market_321,True,cloud_automated,Thursday - Trading Hours: 11:00 AM - 3:00 PM NPT,9191,Citizens Super 30 Mutual Fund,C30MF,58.0,4200.0,10.0,0.0,10.0,,10.0,10.0,10.0,42000.0,2026-08-20 13:36:49.630116,3100.0,10.0,,,,,,,,,,,,,,7,"price_volume, live_market, summary, top_gainers, top_losers, nepse_index, supply_demand",5649
2026-08-20T14:50:54.388993+05:45,2026-08-20 14:50:54,live_market,live_market_322,True,cloud_automated,Thursday - Trading Hours: 11:00 AM - 3:00 PM NPT,8018,Manushi Laghubitta Bittiya Sanstha Limited,MLBS,58.0,246.0,1050.0,-2.78,1080.0,,1050.0,1060.0,1050.0,259200.0,2026-08-20 13:34:56.952823,41.0,1053.66,,,,,,,,,,,,,,7,"price_volume, live_market, summary, top_gainers, top_losers, nepse_index, supply_demand",5649
2026-08-20T14:50:54.388993+05:45,2026-08-20 14:50:54,live_market,live_market_323,True,cloud_automated,Thursday - Trading Hours: 11:00 AM - 3:00 PM NPT,177,Rastriya Beema Company Limited,RBCL,58.0,20.0,13815.0,-1.67,14049.9,,14000.0,14000.0,13815.0,278150.0,2026-08-20 13:30:43.442871,10.0,13907.5,,,,,,,,,,,,,,7,"price_volume, live_market, summary, top_gainers, top_losers, nepse_index, supply_demand",5649
2026-08-20T14:50:54.388993+05:45,2026-08-20 14:50:54,live_market,live_market_324,True,cloud_automated,Thursday - Trading Hours: 11:00 AM - 3:00 PM NPT,2781,Wean Nepal Laghubitta Bittiya Sanstha Limited,WNLB,58.0,98.0,1300.0,-1.89,1325.0,,1300.0,1301.0,1300.0,127430.0,2026-08-20 13:30:40.555881,13.0,1300.31,,,,,,,,,,,,,,7,"price_volume, live_market, summary, top_gainers, top_losers, nepse_index, supply_demand",5649
2026-08-20T14:50:54.388993+05:45,2026-08-20 14:50:54,live_market,live_market_325,True,cloud_automated,Thursday - Trading Hours: 11:00 AM - 3:00 PM NPT,8003,8.5% RBBL Debenture 2083,RBBD83,58.0,25.0,1010.3,-2.6,1037.3,,1010.3,1010.3,1010.3,25257.5,2026-08-20 13:26:18.933635,25.0,1010.3,,,,,,,,,,,,,,7,"price_volume, live_market, summary, top_gainers, top_losers, nepse_index, supply_demand",5649
2026-08-20T14:50:54.388993+05:45,2026-08-20 14:50:54,live_market,live_market_326,True,cloud_automated,Thursday - Trading Hours: 11:00 AM - 3:00 PM NPT,9140,Unique Nepal Laghubitta Bittiya Sanstha Limited,UNLB,58.0,1268.0,1269.0,1.53,1249.9,,1274.9,1274.9,1213.0,1562523.0,2026-08-20 13:16:48.677482,10.0,1232.27,,,,,,,,,,,,,,7,"price_volume, live_market, summary, top_gainers, top_losers, nepse_index, supply_demand",5649
2026-08-20T14:50:54.388993+05:45,2026-08-20 14:50:54,live_market,live_market_327,True,cloud_automated,Thursday - Trading Hours: 11:00 AM - 3:00 PM NPT,2904,10% Prabhu Bank Debenture 2084 ,PBLD84,58.0,25.0,1065.1,-0.46,1070.0,,1065.1,1065.1,1065.1,26627.5,2026-08-20 13:14:22.136784,25.0,1065.1,,,,,,,,,,,,,,7,"price_volume, live_market, summary, top_gainers, top_losers, nepse_index, supply_demand",5649
2026-08-20T14:50:54.388993+05:45,2026-08-20 14:50:54,live_market,live_market_328,True,cloud_automated,Thursday - Trading Hours: 11:00 AM - 3:00 PM NPT,2902,Laxmi Unnati Kosh,LUK,58.0,8100.0,9.74,-2.5,9.99,,10.28,10.28,9.74,81814.0,2026-08-20 13:13:05.690574,100.0,10.1,,,,,,,,,,,,,,7,"price_volume, live_market, summary, top_gainers, top_losers, nepse_index, supply_demand",5649
2026-08-20T14:50:54.388993+05:45,2026-08-20 14:50:54,live_market,live_market_329,True,cloud_automated,Thursday - Trading Hours: 11:00 AM - 3:00 PM NPT,8044,Everest Bank Limited,EBLD86,58.0,25.0,1070.0,0.0,1070.0,,1070.0,1070.0,1070.0,26750.0,2026-08-20 13:12:58.949533,25.0,1070.0,,,,,,,,,,,,,,7,"price_volume, live_market, summary, top_gainers, top_losers, nepse_index, supply_demand",5649
2026-08-20T14:50:54.388993+05:45,2026-08-20 14:50:54,live_market,live_market_330,True,cloud_automated,Thursday - Trading Hours: 11:00 AM - 3:00 PM NPT,2835,NABIL BALANCED FUND-2,NBF2,58.0,6320.0,9.85,0.41,9.81,,9.55,9.85,9.55,62057.6,2026-08-20 13:10:09.051587,500.0,9.82,,,,,,,,,,,,,,7,"price_volume, live_market, summary, top_gainers, top_losers, nepse_index, supply_demand",5649
2026-08-20T14:50:54.388993+05:45,2026-08-20 14:50:54,live_market,live_market_331,True,cloud_automated,Thursday - Trading Hours: 11:00 AM - 3:00 PM NPT,8098,10.75% SBL Debenture 2089,SBLD89,58.0,85.0,1280.1,1.11,1266.0,,1293.0,1293.0,1278.0,108885.0,2026-08-20 13:00:34.493147,50.0,1281.0,,,,,,,,,,,,,,7,"price_volume, live_market, summary, top_gainers, top_losers, nepse_index, supply_demand",5649
2026-08-20T14:50:54.388993+05:45,2026-08-20 14:50:54,live_market,live_market_332,True,cloud_automated,Thursday - Trading Hours: 11:00 AM - 3:00 PM NPT,9299,7% Nabil Debenture 2089,NABILD2089,58.0,25.0,1087.3,0.0,1087.3,,1087.3,1087.3,1087.3,27182.5,2026-08-20 12:53:52.504208,25.0,1087.3,,,,,,,,,,,,,,7,"price_volume, live_market, summary, top_gainers, top_losers, nepse_index, supply_demand",5649
2026-08-20T14:50:54.388993+05:45,2026-08-20 14:50:54,live_market,live_market_333,True,cloud_automated,Thursday - Trading Hours: 11:00 AM - 3:00 PM NPT,9236,NIC ASIA Growth Fund-2,NICGF2,58.0,500.0,9.0,0.33,8.97,,9.0,9.0,9.0,4500.0,2026-08-20 12:53:49.15979,100.0,9.0,,,,,,,,,,,,,,7,"price_volume, live_market, summary, top_gainers, top_losers, nepse_index, supply_demand",5649
2026-08-20T14:50:54.388993+05:45,2026-08-20 14:50:54,live_market,live_market_334,True,cloud_automated,Thursday - Trading Hours: 11:00 AM - 3:00 PM NPT,9139,Sanima Growth Fund,SAGF,58.0,100.0,9.99,0.1,9.98,,9.99,9.99,9.99,999.0,2026-08-20 12:51:00.371377,100.0,9.99,,,,,,,,,,,,,,7,"price_volume, live_market, summary, top_gainers, top_losers, nepse_index, supply_demand",5649
2026-08-20T14:50:54.388993+05:45,2026-08-20 14:50:54,live_market,live_market_335,True,cloud_automated,Thursday - Trading Hours: 11:00 AM - 3:00 PM NPT,2892,10% Nabil Debenture 2082,NBLD82,58.0,100.0,1051.1,3.0,1020.5,,1051.1,1051.1,1051.1,105110.0,2026-08-20 12:38:35.064042,100.0,1051.1,,,,,,,,,,,,,,7,"price_volume, live_market, summary, top_gainers, top_losers, nepse_index, supply_demand",5649
2026-08-20T14:50:54.388993+05:45,2026-08-20 14:50:54,live_market,live_market_336,True,cloud_automated,Thursday - Trading Hours: 11:00 AM - 3:00 PM NPT,2923,Sanima Large Cap Fund,SLCF,58.0,1100.0,9.7,-3.0,10.0,,10.0,10.0,9.7,10970.0,2026-08-20 12:35:58.577491,100.0,9.97,,,,,,,,,,,,,,7,"price_volume, live_market, summary, top_gainers, top_losers, nepse_index, supply_demand",5649
2026-08-20T14:50:54.388993+05:45,2026-08-20 14:50:54,live_market,live_market_337,True,cloud_automated,Thursday - Trading Hours: 11:00 AM - 3:00 PM NPT,8030,Agricultural Bond (9 Year),ADBLB87,58.0,500000.0,1015.0,0.3,1012.0,,1012.0,1015.0,1012.0,506500000.0,2026-08-20 12:34:30.461219,100000.0,1013.0,,,,,,,,,,,,,,7,"price_volume, live_market, summary, top_gainers, top_losers, nepse_index, supply_demand",5649
2026-08-20T14:50:54.388993+05:45,2026-08-20 14:50:54,live_market,live_market_338,True,cloud_automated,Thursday - Trading Hours: 11:00 AM - 3:00 PM NPT,8119,10.50% Everest Bank Limited Debenture 2085,EBLD85,58.0,10.0,1141.0,2.98,1108.0,,1141.0,1141.0,1141.0,11410.0,2026-08-20 12:29:52.099844,10.0,1141.0,,,,,,,,,,,,,,7,"price_volume, live_market, summary, top_gainers, top_losers, nepse_index, supply_demand",5649
2026-08-20T14:50:54.388993+05:45,2026-08-20 14:50:54,live_market,live_market_339,True,cloud_automated,Thursday - Trading Hours: 11:00 AM - 3:00 PM NPT,9168,"Global IME Bank Debenture, 2084/85",GBILD84/85,58.0,10.0,1153.0,2.67,1123.0,,1153.0,1153.0,1153.0,11530.0,2026-08-20 12:29:28.569164,10.0,1153.0,,,,,,,,,,,,,,7,"price_volume, live_market, summary, top_gainers, top_losers, nepse_index, supply_demand",5649
2026-08-20T14:50:54.388993+05:45,2026-08-20 14:50:54,live_market,live_market_340,True,cloud_automated,Thursday - Trading Hours: 11:00 AM - 3:00 PM NPT,9221,Himalayan 80-20,H8020,58.0,1100.0,11.8,0.08,11.79,,11.8,11.8,11.8,12980.0,2026-08-20 12:08:29.501451,100.0,11.8,,,,,,,,,,,,,,7,"price_volume, live_market, summary, top_gainers, top_losers, nepse_index, supply_demand",5649
2026-08-20T14:50:54.388993+05:45,2026-08-20 14:50:54,live_market,live_market_341,True,cloud_automated,Thursday - Trading Hours: 11:00 AM - 3:00 PM NPT,2859,Siddhartha Investment Growth Scheme - 2,SIGS2,58.0,14010.0,10.51,-0.19,10.53,,10.53,10.53,10.5,147514.1,2026-08-20 11:56:51.490096,410.0,10.53,,,,,,,,,,,,,,7,"price_volume, live_market, summary, top_gainers, top_losers, nepse_index, supply_demand",5649
2026-08-20T14:50:54.388993+05:45,2026-08-20 14:50:54,live_market,live_market_342,True,cloud_automated,Thursday - Trading Hours: 11:00 AM - 3:00 PM NPT,2936,9.5% NCC Debenture 2086,NCCD86,58.0,20.0,1101.2,0.39,1096.9,,1101.2,1101.2,1101.2,22024.0,2026-08-20 11:47:27.166493,20.0,1101.2,,,,,,,,,,,,,,7,"price_volume, live_market, summary, top_gainers, top_losers, nepse_index, supply_demand",5649
2026-08-20T14:50:54.388993+05:45,2026-08-20 14:50:54,live_market,live_market_343,True,cloud_automated,Thursday - Trading Hours: 11:00 AM - 3:00 PM NPT,2932,9.5% Manjushree Finance Limited Debenture 2085,MFLD85,58.0,100.0,1085.0,0.0,1085.0,,1085.0,1085.0,1085.0,108500.0,2026-08-20 11:27:01.76178,100.0,1085.0,,,,,,,,,,,,,,7,"price_volume, live_market, summary, top_gainers, top_losers, nepse_index, supply_demand",5649
2026-08-20T14:50:54.388993+05:45,2026-08-20 14:50:54,live_market,live_market_344,True,cloud_automated,Thursday - Trading Hours: 11:00 AM - 3:00 PM NPT,2882,12% ICFC Finance Limited Debenture 2083,ICFCD83,58.0,1.0,983.3,0.0,983.3,,983.3,983.3,983.3,934.2,2026-08-20 10:46:00.076131,1.0,934.2,,,,,,,,,,,,,,7,"price_volume, live_market, summary, top_gainers, top_losers, nepse_index, supply_demand",5649
2026-08-20T14:50:54.388993+05:45,2026-08-20 14:50:54,summary,summary_summary,True,cloud_automated,Thursday - Trading Hours: 11:00 AM - 3:00 PM NPT,,,,,,,,,,,,,,,,,3832144249.79,8182879.0,41937.0,344.0,,,,,,,,,,7,"price_volume, live_market, summary, top_gainers, top_losers, nepse_index, supply_demand",5649
2026-08-20T14:50:54.388993+05:45,2026-08-20 14:50:54,top_gainers,top_gainers_1,True,cloud_automated,Thursday - Trading Hours: 11:00 AM - 3:00 PM NPT,9352,Mount Everest Power Development Limited,MEPDL,,,,14.99,,,,,,,,,,,,,,797.6,,104.0,,,,,,,7,"price_volume, live_market, summary, top_gainers, top_losers, nepse_index, supply_demand",5649
2026-08-20T14:50:54.388993+05:45,2026-08-20 14:50:54,top_gainers,top_gainers_2,True,cloud_automated,Thursday - Trading Hours: 11:00 AM - 3:00 PM NPT,9353,Sarvottam Paints Industries Limited,SAPIL,,,,14.99,,,,,,,,,,,,,,693.6,,90.4,,,,,,,7,"price_volume, live_market, summary, top_gainers, top_losers, nepse_index, supply_demand",5649
2026-08-20T14:50:54.388993+05:45,2026-08-20 14:50:54,top_gainers,top_gainers_3,True,cloud_automated,Thursday - Trading Hours: 11:00 AM - 3:00 PM NPT,4967,NIC Asia Select Fund 30,NICSF,,,,6.63,,,,,,,,,,,,,,8.85,,0.55,,,,,,,7,"price_volume, live_market, summary, top_gainers, top_losers, nepse_index, supply_demand",5649
2026-08-20T14:50:54.388993+05:45,2026-08-20 14:50:54,top_gainers,top_gainers_4,True,cloud_automated,Thursday - Trading Hours: 11:00 AM - 3:00 PM NPT,9146,Super Madi Hydropower Limited,SMHL,,,,4.18,,,,,,,,,,,,,,523.0,,21.0,,,,,,,7,"price_volume, live_market, summary, top_gainers, top_losers, nepse_index, supply_demand",5649
2026-08-20T14:50:54.388993+05:45,2026-08-20 14:50:54,top_gainers,top_gainers_5,True,cloud_automated,Thursday - Trading Hours: 11:00 AM - 3:00 PM NPT,591,Sanima Mai Hydropower Ltd.,SHPC,,,,3.85,,,,,,,,,,,,,,513.0,,19.0,,,,,,,7,"price_volume, live_market, summary, top_gainers, top_losers, nepse_index, supply_demand",5649
2026-08-20T14:50:54.388993+05:45,2026-08-20 14:50:54,top_gainers,top_gainers_6,True,cloud_automated,Thursday - Trading Hours: 11:00 AM - 3:00 PM NPT,9156,Sanima Middle Tamor Hydropower Limited,TAMOR,,,,3.39,,,,,,,,,,,,,,475.1,,15.6,,,,,,,7,"price_volume, live_market, summary, top_gainers, top_losers, nepse_index, supply_demand",5649
2026-08-20T14:50:54.388993+05:45,2026-08-20 14:50:54,top_gainers,top_gainers_7,True,cloud_automated,Thursday - Trading Hours: 11:00 AM - 3:00 PM NPT,9306,Reliance Spinning Mills Limited,RSML,,,,3.03,,,,,,,,,,,,,,2792.0,,82.0,,,,,,,7,"price_volume, live_market, summary, top_gainers, top_losers, nepse_index, supply_demand",5649
2026-08-20T14:50:54.388993+05:45,2026-08-20 14:50:54,top_gainers,top_gainers_8,True,cloud_automated,Thursday - Trading Hours: 11:00 AM - 3:00 PM NPT,2892,10% Nabil Debenture 2082,NBLD82,,,,3.0,,,,,,,,,,,,,,1051.1,,30.6,,,,,,,7,"price_volume, live_market, summary, top_gainers, top_losers, nepse_index, supply_demand",5649
2026-08-20T14:50:54.388993+05:45,2026-08-20 14:50:54,top_gainers,top_gainers_9,True,cloud_automated,Thursday - Trading Hours: 11:00 AM - 3:00 PM NPT,8119,10.50% Everest Bank Limited Debenture 2085,EBLD85,,,,2.98,,,,,,,,,,,,,,1141.0,,33.0,,,,,,,7,"price_volume, live_market, summary, top_gainers, top_losers, nepse_index, supply_demand",5649
2026-08-20T14:50:54.388993+05:45,2026-08-20 14:50:54,top_gainers,top_gainers_10,True,cloud_automated,Thursday - Trading Hours: 11:00 AM - 3:00 PM NPT,9212,Mandu Hydropower Limited,MANDU,,,,2.86,,,,,,,,,,,,,,823.9,,22.9,,,,,,,7,"price_volume, live_market, summary, top_gainers, top_losers, nepse_index, supply_demand",5649
2026-08-20T14:50:54.388993+05:45,2026-08-20 14:50:54,top_gainers,top_gainers_11,True,cloud_automated,Thursday - Trading Hours: 11:00 AM - 3:00 PM NPT,8110,10.25% Nepal SBI Bank Debenture 2083,SBID83,,,,2.8,,,,,,,,,,,,,,1060.0,,28.9,,,,,,,7,"price_volume, live_market, summary, top_gainers, top_losers, nepse_index, supply_demand",5649
2026-08-20T14:50:54.388993+05:45,2026-08-20 14:50:54,top_gainers,top_gainers_12,True,cloud_automated,Thursday - Trading Hours: 11:00 AM - 3:00 PM NPT,9168,"Global IME Bank Debenture, 2084/85",GBILD84/85,,,,2.67,,,,,,,,,,,,,,1153.0,,30.0,,,,,,,7,"price_volume, live_market, summary, top_gainers, top_losers, nepse_index, supply_demand",5649
2026-08-20T14:50:54.388993+05:45,2026-08-20 14:50:54,top_gainers,top_gainers_13,True,cloud_automated,Thursday - Trading Hours: 11:00 AM - 3:00 PM NPT,9311,Solu Hydropower Limited,SOHL,,,,2.62,,,,,,,,,,,,,,700.0,,17.9,,,,,,,7,"price_volume, live_market, summary, top_gainers, top_losers, nepse_index, supply_demand",5649
2026-08-20T14:50:54.388993+05:45,2026-08-20 14:50:54,top_gainers,top_gainers_14,True,cloud_automated,Thursday - Trading Hours: 11:00 AM - 3:00 PM NPT,8068,Century Debenture 2088,CCBD88,,,,2.52,,,,,,,,,,,,,,1220.0,,30.0,,,,,,,7,"price_volume, live_market, summary, top_gainers, top_losers, nepse_index, supply_demand",5649
2026-08-20T14:50:54.388993+05:45,2026-08-20 14:50:54,top_gainers,top_gainers_15,True,cloud_automated,Thursday - Trading Hours: 11:00 AM - 3:00 PM NPT,9148,Super Mai Hydropower Limited,SMH,,,,2.45,,,,,,,,,,,,,,514.5,,12.3,,,,,,,7,"price_volume, live_market, summary, top_gainers, top_losers, nepse_index, supply_demand",5649
2026-08-20T14:50:54.388993+05:45,2026-08-20 14:50:54,top_gainers,top_gainers_16,True,cloud_automated,Thursday - Trading Hours: 11:00 AM - 3:00 PM NPT,8066,River Falls Power Limited,RFPL,,,,2.41,,,,,,,,,,,,,,340.0,,8.0,,,,,,,7,"price_volume, live_market, summary, top_gainers, top_losers, nepse_index, supply_demand",5649
2026-08-20T14:50:54.388993+05:45,2026-08-20 14:50:54,top_gainers,top_gainers_17,True,cloud_automated,Thursday - Trading Hours: 11:00 AM - 3:00 PM NPT,8045,Green Ventures Limited,GVL,,,,2.25,,,,,,,,,,,,,,482.6,,10.6,,,,,,,7,"price_volume, live_market, summary, top_gainers, top_losers, nepse_index, supply_demand",5649
2026-08-20T14:50:54.388993+05:45,2026-08-20 14:50:54,top_gainers,top_gainers_18,True,cloud_automated,Thursday - Trading Hours: 11:00 AM - 3:00 PM NPT,9166,Makar Jitumaya Suri Hydropower Limited,MAKAR,,,,2.24,,,,,,,,,,,,,,416.0,,9.1,,,,,,,7,"price_volume, live_market, summary, top_gainers, top_losers, nepse_index, supply_demand",5649
2026-08-20T14:50:54.388993+05:45,2026-08-20 14:50:54,top_gainers,top_gainers_19,True,cloud_automated,Thursday - Trading Hours: 11:00 AM - 3:00 PM NPT,2766,Chhyangdi Hydropower Ltd.,CHL,,,,2.1,,,,,,,,,,,,,,268.0,,5.5,,,,,,,7,"price_volume, live_market, summary, top_gainers, top_losers, nepse_index, supply_demand",5649
2026-08-20T14:50:54.388993+05:45,2026-08-20 14:50:54,top_gainers,top_gainers_20,True,cloud_automated,Thursday - Trading Hours: 11:00 AM - 3:00 PM NPT,2774,Unnati Sahakarya Laghubitta Bittiya Sanstha Limited,USLB,,,,1.86,,,,,,,,,,,,,,1095.0,,20.0,,,,,,,7,"price_volume, live_market, summary, top_gainers, top_losers, nepse_index, supply_demand",5649
2026-08-20T14:50:54.388993+05:45,2026-08-20 14:50:54,top_gainers,top_gainers_21,True,cloud_automated,Thursday - Trading Hours: 11:00 AM - 3:00 PM NPT,8126,Sikles Hydropower Limited,SIKLES,,,,1.82,,,,,,,,,,,,,,565.0,,10.1,,,,,,,7,"price_volume, live_market, summary, top_gainers, top_losers, nepse_index, supply_demand",5649
2026-08-20T14:50:54.388993+05:45,2026-08-20 14:50:54,top_gainers,top_gainers_22,True,cloud_automated,Thursday - Trading Hours: 11:00 AM - 3:00 PM NPT,697,Api Power Company Ltd.,API,,,,1.82,,,,,,,,,,,,,,336.0,,6.0,,,,,,,7,"price_volume, live_market, summary, top_gainers, top_losers, nepse_index, supply_demand",5649
2026-08-20T14:50:54.388993+05:45,2026-08-20 14:50:54,top_gainers,top_gainers_23,True,cloud_automated,Thursday - Trading Hours: 11:00 AM - 3:00 PM NPT,2863,NIC Asia Balanced Fund,NICBF,,,,1.69,,,,,,,,,,,,,,9.64,,0.16,,,,,,,7,"price_volume, live_market, summary, top_gainers, top_losers, nepse_index, supply_demand",5649
2026-08-20T14:50:54.388993+05:45,2026-08-20 14:50:54,top_gainers,top_gainers_24,True,cloud_automated,Thursday - Trading Hours: 11:00 AM - 3:00 PM NPT,9269,Global IME Sammunat Yojana -2,GBIMESY2,,,,1.68,,,,,,,,,,,,,,9.1,,0.15,,,,,,,7,"price_volume, live_market, summary, top_gainers, top_losers, nepse_index, supply_demand",5649
2026-08-20T14:50:54.388993+05:45,2026-08-20 14:50:54,top_gainers,top_gainers_25,True,cloud_automated,Thursday - Trading Hours: 11:00 AM - 3:00 PM NPT,2896,Sampada Laghubitta Bittiya Sanstha Limited,SMPDA,,,,1.61,,,,,,,,,,,,,,749.9,,11.9,,,,,,,7,"price_volume, live_market, summary, top_gainers, top_losers, nepse_index, supply_demand",5649
2026-08-20T14:50:54.388993+05:45,2026-08-20 14:50:54,top_gainers,top_gainers_26,True,cloud_automated,Thursday - Trading Hours: 11:00 AM - 3:00 PM NPT,8133,Peoples Hydropower Company Limited,PHCL,,,,1.6,,,,,,,,,,,,,,304.0,,4.8,,,,,,,7,"price_volume, live_market, summary, top_gainers, top_losers, nepse_index, supply_demand",5649
2026-08-20T14:50:54.388993+05:45,2026-08-20 14:50:54,top_gainers,top_gainers_27,True,cloud_automated,Thursday - Trading Hours: 11:00 AM - 3:00 PM NPT,152,National Hydro Power Company Limited,NHPC,,,,1.56,,,,,,,,,,,,,,267.1,,4.1,,,,,,,7,"price_volume, live_market, summary, top_gainers, top_losers, nepse_index, supply_demand",5649
2026-08-20T14:50:54.388993+05:45,2026-08-20 14:50:54,top_gainers,top_gainers_28,True,cloud_automated,Thursday - Trading Hours: 11:00 AM - 3:00 PM NPT,2776,Radhi Bidyut Company Ltd,RADHI,,,,1.55,,,,,,,,,,,,,,719.0,,11.0,,,,,,,7,"price_volume, live_market, summary, top_gainers, top_losers, nepse_index, supply_demand",5649
2026-08-20T14:50:54.388993+05:45,2026-08-20 14:50:54,top_gainers,top_gainers_29,True,cloud_automated,Thursday - Trading Hours: 11:00 AM - 3:00 PM NPT,9140,Unique Nepal Laghubitta Bittiya Sanstha Limited,UNLB,,,,1.53,,,,,,,,,,,,,,1269.0,,19.1,,,,,,,7,"price_volume, live_market, summary, top_gainers, top_losers, nepse_index, supply_demand",5649
2026-08-20T14:50:54.388993+05:45,2026-08-20 14:50:54,top_gainers,top_gainers_30,True,cloud_automated,Thursday - Trading Hours: 11:00 AM - 3:00 PM NPT,9208,Upper Lohore Khola Hydropower Company Limited,ULHC,,,,1.5,,,,,,,,,,,,,,338.0,,5.0,,,,,,,7,"price_volume, live_market, summary, top_gainers, top_losers, nepse_index, supply_demand",5649
2026-08-20T14:50:54.388993+05:45,2026-08-20 14:50:54,top_gainers,top_gainers_31,True,cloud_automated,Thursday - Trading Hours: 11:00 AM - 3:00 PM NPT,2913,Mountain Energy Nepal Limited,MEN,,,,1.45,,,,,,,,,,,,,,636.0,,9.1,,,,,,,7,"price_volume, live_market, summary, top_gainers, top_losers, nepse_index, supply_demand",5649
2026-08-20T14:50:54.388993+05:45,2026-08-20 14:50:54,top_gainers,top_gainers_32,True,cloud_automated,Thursday - Trading Hours: 11:00 AM - 3:00 PM NPT,2934,Singati Hydro Energy Limited,SHEL,,,,1.31,,,,,,,,,,,,,,301.9,,3.9,,,,,,,7,"price_volume, live_market, summary, top_gainers, top_losers, nepse_index, supply_demand",5649
2026-08-20T14:50:54.388993+05:45,2026-08-20 14:50:54,top_gainers,top_gainers_33,True,cloud_automated,Thursday - Trading Hours: 11:00 AM - 3:00 PM NPT,2824,Himalaya Urja Bikas Company Limited,HURJA,,,,1.27,,,,,,,,,,,,,,238.5,,3.0,,,,,,,7,"price_volume, live_market, summary, top_gainers, top_losers, nepse_index, supply_demand",5649
2026-08-20T14:50:54.388993+05:45,2026-08-20 14:50:54,top_gainers,top_gainers_34,True,cloud_automated,Thursday - Trading Hours: 11:00 AM - 3:00 PM NPT,307,Nepal Doorsanchar Company Limited,NTC,,,,1.24,,,,,,,,,,,,,,899.0,,11.0,,,,,,,7,"price_volume, live_market, summary, top_gainers, top_losers, nepse_index, supply_demand",5649
2026-08-20T14:50:54.388993+05:45,2026-08-20 14:50:54,top_gainers,top_gainers_35,True,cloud_automated,Thursday - Trading Hours: 11:00 AM - 3:00 PM NPT,153,Butwal Power Company Limited,BPCL,,,,1.23,,,,,,,,,,,,,,648.9,,7.9,,,,,,,7,"price_volume, live_market, summary, top_gainers, top_losers, nepse_index, supply_demand",5649
2026-08-20T14:50:54.388993+05:45,2026-08-20 14:50:54,top_gainers,top_gainers_36,True,cloud_automated,Thursday - Trading Hours: 11:00 AM - 3:00 PM NPT,8021,Sahas Urja Limited,SAHAS,,,,1.18,,,,,,,,,,,,,,709.3,,8.3,,,,,,,7,"price_volume, live_market, summary, top_gainers, top_losers, nepse_index, supply_demand",5649
2026-08-20T14:50:54.388993+05:45,2026-08-20 14:50:54,top_gainers,top_gainers_37,True,cloud_automated,Thursday - Trading Hours: 11:00 AM - 3:00 PM NPT,8099,Upper Hewakhola Hydropower Company Limited,UHEWA,,,,1.15,,,,,,,,,,,,,,617.0,,7.0,,,,,,,7,"price_volume, live_market, summary, top_gainers, top_losers, nepse_index, supply_demand",5649
2026-08-20T14:50:54.388993+05:45,2026-08-20 14:50:54,top_gainers,top_gainers_38,True,cloud_automated,Thursday - Trading Hours: 11:00 AM - 3:00 PM NPT,8098,10.75% SBL Debenture 2089,SBLD89,,,,1.11,,,,,,,,,,,,,,1280.1,,14.1,,,,,,,7,"price_volume, live_market, summary, top_gainers, top_losers, nepse_index, supply_demand",5649
2026-08-20T14:50:54.388993+05:45,2026-08-20 14:50:54,top_gainers,top_gainers_39,True,cloud_automated,Thursday - Trading Hours: 11:00 AM - 3:00 PM NPT,9199,Reliable Nepal Life Insurance Limited,RNLI,,,,1.09,,,,,,,,,,,,,,426.0,,4.6,,,,,,,7,"price_volume, live_market, summary, top_gainers, top_losers, nepse_index, supply_demand",5649
2026-08-20T14:50:54.388993+05:45,2026-08-20 14:50:54,top_gainers,top_gainers_40,True,cloud_automated,Thursday - Trading Hours: 11:00 AM - 3:00 PM NPT,9301,Shreenagar Agritech Industries Limited,SAIL,,,,1.08,,,,,,,,,,,,,,1041.0,,11.1,,,,,,,7,"price_volume, live_market, summary, top_gainers, top_losers, nepse_index, supply_demand",5649
2026-08-20T14:50:54.388993+05:45,2026-08-20 14:50:54,top_gainers,top_gainers_41,True,cloud_automated,Thursday - Trading Hours: 11:00 AM - 3:00 PM NPT,705,Global IME Laghubitta Bittiya Sanstha Ltd.,GILB,,,,1.07,,,,,,,,,,,,,,1108.0,,11.7,,,,,,,7,"price_volume, live_market, summary, top_gainers, top_losers, nepse_index, supply_demand",5649
2026-08-20T14:50:54.388993+05:45,2026-08-20 14:50:54,top_gainers,top_gainers_42,True,cloud_automated,Thursday - Trading Hours: 11:00 AM - 3:00 PM NPT,3946,CEDB Holdings Limited,CHDC,,,,1.05,,,,,,,,,,,,,,2205.0,,23.0,,,,,,,7,"price_volume, live_market, summary, top_gainers, top_losers, nepse_index, supply_demand",5649
2026-08-20T14:50:54.388993+05:45,2026-08-20 14:50:54,top_gainers,top_gainers_43,True,cloud_automated,Thursday - Trading Hours: 11:00 AM - 3:00 PM NPT,2748,RSDC Laghubitta Bittiya Sanstha Ltd.,RSDC,,,,1.05,,,,,,,,,,,,,,634.9,,6.6,,,,,,,7,"price_volume, live_market, summary, top_gainers, top_losers, nepse_index, supply_demand",5649
2026-08-20T14:50:54.388993+05:45,2026-08-20 14:50:54,top_gainers,top_gainers_44,True,cloud_automated,Thursday - Trading Hours: 11:00 AM - 3:00 PM NPT,348,Citizens Bank International Limited,CZBIL,,,,1.01,,,,,,,,,,,,,,201.0,,2.0,,,,,,,7,"price_volume, live_market, summary, top_gainers, top_losers, nepse_index, supply_demand",5649
2026-08-20T14:50:54.388993+05:45,2026-08-20 14:50:54,top_gainers,top_gainers_45,True,cloud_automated,Thursday - Trading Hours: 11:00 AM - 3:00 PM NPT,9150,Asian Hydropower Limited,AHL,,,,1.0,,,,,,,,,,,,,,404.0,,4.0,,,,,,,7,"price_volume, live_market, summary, top_gainers, top_losers, nepse_index, supply_demand",5649
2026-08-20T14:50:54.388993+05:45,2026-08-20 14:50:54,top_gainers,top_gainers_46,True,cloud_automated,Thursday - Trading Hours: 11:00 AM - 3:00 PM NPT,145,Siddhartha Bank Limited,SBL,,,,0.98,,,,,,,,,,,,,,412.2,,4.0,,,,,,,7,"price_volume, live_market, summary, top_gainers, top_losers, nepse_index, supply_demand",5649
2026-08-20T14:50:54.388993+05:45,2026-08-20 14:50:54,top_gainers,top_gainers_47,True,cloud_automated,Thursday - Trading Hours: 11:00 AM - 3:00 PM NPT,141,Laxmi Sunrise Bank Limited,LSL,,,,0.96,,,,,,,,,,,,,,220.0,,2.1,,,,,,,7,"price_volume, live_market, summary, top_gainers, top_losers, nepse_index, supply_demand",5649
2026-08-20T14:50:54.388993+05:45,2026-08-20 14:50:54,top_gainers,top_gainers_48,True,cloud_automated,Thursday - Trading Hours: 11:00 AM - 3:00 PM NPT,9347,Everest Colour Limited,ECL,,,,0.94,,,,,,,,,,,,,,1449.5,,13.5,,,,,,,7,"price_volume, live_market, summary, top_gainers, top_losers, nepse_index, supply_demand",5649
2026-08-20T14:50:54.388993+05:45,2026-08-20 14:50:54,top_gainers,top_gainers_49,True,cloud_automated,Thursday - Trading Hours: 11:00 AM - 3:00 PM NPT,2787,Kalika power Company Ltd,KPCL,,,,0.93,,,,,,,,,,,,,,465.3,,4.3,,,,,,,7,"price_volume, live_market, summary, top_gainers, top_losers, nepse_index, supply_demand",5649
2026-08-20T14:50:54.388993+05:45,2026-08-20 14:50:54,top_gainers,top_gainers_50,True,cloud_automated,Thursday - Trading Hours: 11:00 AM - 3:00 PM NPT,2788,Ankhu Khola Jalvidhyut Company Ltd,AKJCL,,,,0.91,,,,,,,,,,,,,,355.0,,3.2,,,,,,,7,"price_volume, live_market, summary, top_gainers, top_losers, nepse_index, supply_demand",5649
2026-08-20T14:50:54.388993+05:45,2026-08-20 14:50:54,top_gainers,top_gainers_51,True,cloud_automated,Thursday - Trading Hours: 11:00 AM - 3:00 PM NPT,142,Kumari Bank Limited,KBL,,,,0.89,,,,,,,,,,,,,,216.0,,1.9,,,,,,,7,"price_volume, live_market, summary, top_gainers, top_losers, nepse_index, supply_demand",5649
2026-08-20T14:50:54.388993+05:45,2026-08-20 14:50:54,top_gainers,top_gainers_52,True,cloud_automated,Thursday - Trading Hours: 11:00 AM - 3:00 PM NPT,2809,SHIVAM CEMENTS LTD,SHIVM,,,,0.88,,,,,,,,,,,,,,632.9,,5.5,,,,,,,7,"price_volume, live_market, summary, top_gainers, top_losers, nepse_index, supply_demand",5649
2026-08-20T14:50:54.388993+05:45,2026-08-20 14:50:54,top_gainers,top_gainers_53,True,cloud_automated,Thursday - Trading Hours: 11:00 AM - 3:00 PM NPT,8104,Upper Solu Hydro Electric Company Limited,USHEC,,,,0.86,,,,,,,,,,,,,,506.3,,4.3,,,,,,,7,"price_volume, live_market, summary, top_gainers, top_losers, nepse_index, supply_demand",5649
2026-08-20T14:50:54.388993+05:45,2026-08-20 14:50:54,top_gainers,top_gainers_54,True,cloud_automated,Thursday - Trading Hours: 11:00 AM - 3:00 PM NPT,268,Swabalamban Laghubitta Bittiya Sanstha Limited,SWBBL,,,,0.82,,,,,,,,,,,,,,672.5,,5.5,,,,,,,7,"price_volume, live_market, summary, top_gainers, top_losers, nepse_index, supply_demand",5649
2026-08-20T14:50:54.388993+05:45,2026-08-20 14:50:54,top_gainers,top_gainers_55,True,cloud_automated,Thursday - Trading Hours: 11:00 AM - 3:00 PM NPT,2935,Ru Ru Jalbidhyut Pariyojana Limited,RURU,,,,0.82,,,,,,,,,,,,,,604.9,,4.9,,,,,,,7,"price_volume, live_market, summary, top_gainers, top_losers, nepse_index, supply_demand",5649
2026-08-20T14:50:54.388993+05:45,2026-08-20 14:50:54,top_gainers,top_gainers_56,True,cloud_automated,Thursday - Trading Hours: 11:00 AM - 3:00 PM NPT,182,Siddhartha Premier Insurance Limited,SPIL,,,,0.74,,,,,,,,,,,,,,685.0,,5.0,,,,,,,7,"price_volume, live_market, summary, top_gainers, top_losers, nepse_index, supply_demand",5649
2026-08-20T14:50:54.388993+05:45,2026-08-20 14:50:54,top_gainers,top_gainers_57,True,cloud_automated,Thursday - Trading Hours: 11:00 AM - 3:00 PM NPT,517,Nepal Bank Limited,NBL,,,,0.73,,,,,,,,,,,,,,277.0,,2.0,,,,,,,7,"price_volume, live_market, summary, top_gainers, top_losers, nepse_index, supply_demand",5649
2026-08-20T14:50:54.388993+05:45,2026-08-20 14:50:54,top_gainers,top_gainers_58,True,cloud_automated,Thursday - Trading Hours: 11:00 AM - 3:00 PM NPT,8024,Nabil Balanced Fund-3,NBF3,,,,0.73,,,,,,,,,,,,,,9.67,,0.07,,,,,,,7,"price_volume, live_market, summary, top_gainers, top_losers, nepse_index, supply_demand",5649
2026-08-20T14:50:54.388993+05:45,2026-08-20 14:50:54,top_gainers,top_gainers_59,True,cloud_automated,Thursday - Trading Hours: 11:00 AM - 3:00 PM NPT,385,Asian Life Insurance Co. Limited,ALICL,,,,0.72,,,,,,,,,,,,,,418.0,,3.0,,,,,,,7,"price_volume, live_market, summary, top_gainers, top_losers, nepse_index, supply_demand",5649
2026-08-20T14:50:54.388993+05:45,2026-08-20 14:50:54,top_gainers,top_gainers_60,True,cloud_automated,Thursday - Trading Hours: 11:00 AM - 3:00 PM NPT,610,Ridi Power Company Limited,RIDI,,,,0.72,,,,,,,,,,,,,,363.9,,2.6,,,,,,,7,"price_volume, live_market, summary, top_gainers, top_losers, nepse_index, supply_demand",5649
2026-08-20T14:50:54.388993+05:45,2026-08-20 14:50:54,top_gainers,top_gainers_61,True,cloud_automated,Thursday - Trading Hours: 11:00 AM - 3:00 PM NPT,2784,Nadep Laghubittiya bittya Sanstha Ltd.,NADEP,,,,0.71,,,,,,,,,,,,,,709.0,,5.0,,,,,,,7,"price_volume, live_market, summary, top_gainers, top_losers, nepse_index, supply_demand",5649
2026-08-20T14:50:54.388993+05:45,2026-08-20 14:50:54,top_gainers,top_gainers_62,True,cloud_automated,Thursday - Trading Hours: 11:00 AM - 3:00 PM NPT,137,Everest Bank Limited,EBL,,,,0.68,,,,,,,,,,,,,,735.0,,5.0,,,,,,,7,"price_volume, live_market, summary, top_gainers, top_losers, nepse_index, supply_demand",5649
2026-08-20T14:50:54.388993+05:45,2026-08-20 14:50:54,top_gainers,top_gainers_63,True,cloud_automated,Thursday - Trading Hours: 11:00 AM - 3:00 PM NPT,8073,NIC Asia Flexi CAP Fund,NICFC,,,,0.67,,,,,,,,,,,,,,9.06,,0.06,,,,,,,7,"price_volume, live_market, summary, top_gainers, top_losers, nepse_index, supply_demand",5649
2026-08-20T14:50:54.388993+05:45,2026-08-20 14:50:54,top_gainers,top_gainers_64,True,cloud_automated,Thursday - Trading Hours: 11:00 AM - 3:00 PM NPT,2811,Mountain Hydro Nepal Limited,MHNL,,,,0.66,,,,,,,,,,,,,,244.0,,1.6,,,,,,,7,"price_volume, live_market, summary, top_gainers, top_losers, nepse_index, supply_demand",5649
2026-08-20T14:50:54.388993+05:45,2026-08-20 14:50:54,top_gainers,top_gainers_65,True,cloud_automated,Thursday - Trading Hours: 11:00 AM - 3:00 PM NPT,2917,Chandragiri Hills Limited,CGH,,,,0.65,,,,,,,,,,,,,,775.0,,5.0,,,,,,,7,"price_volume, live_market, summary, top_gainers, top_losers, nepse_index, supply_demand",5649
2026-08-20T14:50:54.388993+05:45,2026-08-20 14:50:54,top_gainers,top_gainers_66,True,cloud_automated,Thursday - Trading Hours: 11:00 AM - 3:00 PM NPT,8100,Swet-Ganga Hydropower & Construction Limited ,SGHC,,,,0.64,,,,,,,,,,,,,,300.0,,1.9,,,,,,,7,"price_volume, live_market, summary, top_gainers, top_losers, nepse_index, supply_demand",5649
2026-08-20T14:50:54.388993+05:45,2026-08-20 14:50:54,top_gainers,top_gainers_67,True,cloud_automated,Thursday - Trading Hours: 11:00 AM - 3:00 PM NPT,154,Chilime Hydropower Company Limited,CHCL,,,,0.63,,,,,,,,,,,,,,482.0,,3.0,,,,,,,7,"price_volume, live_market, summary, top_gainers, top_losers, nepse_index, supply_demand",5649
2026-08-20T14:50:54.388993+05:45,2026-08-20 14:50:54,top_gainers,top_gainers_68,True,cloud_automated,Thursday - Trading Hours: 11:00 AM - 3:00 PM NPT,227,Best Finance Company Ltd.,BFC,,,,0.59,,,,,,,,,,,,,,479.0,,2.8,,,,,,,7,"price_volume, live_market, summary, top_gainers, top_losers, nepse_index, supply_demand",5649
2026-08-20T14:50:54.388993+05:45,2026-08-20 14:50:54,top_gainers,top_gainers_69,True,cloud_automated,Thursday - Trading Hours: 11:00 AM - 3:00 PM NPT,9158,Molung Hydropower Company Limited,MHCL,,,,0.59,,,,,,,,,,,,,,305.0,,1.8,,,,,,,7,"price_volume, live_market, summary, top_gainers, top_losers, nepse_index, supply_demand",5649
2026-08-20T14:50:54.388993+05:45,2026-08-20 14:50:54,top_gainers,top_gainers_70,True,cloud_automated,Thursday - Trading Hours: 11:00 AM - 3:00 PM NPT,9304,Citizens Santulit Yojana,CSY,,,,0.58,,,,,,,,,,,,,,8.7,,0.05,,,,,,,7,"price_volume, live_market, summary, top_gainers, top_losers, nepse_index, supply_demand",5649
2026-08-20T14:50:54.388993+05:45,2026-08-20 14:50:54,top_gainers,top_gainers_71,True,cloud_automated,Thursday - Trading Hours: 11:00 AM - 3:00 PM NPT,9324,Ridge Line Energy Limited,RLEL,,,,0.57,,,,,,,,,,,,,,894.0,,5.1,,,,,,,7,"price_volume, live_market, summary, top_gainers, top_losers, nepse_index, supply_demand",5649
2026-08-20T14:50:54.388993+05:45,2026-08-20 14:50:54,top_gainers,top_gainers_72,True,cloud_automated,Thursday - Trading Hours: 11:00 AM - 3:00 PM NPT,9350,LS Horizon 12,LSH12,,,,0.56,,,,,,,,,,,,,,9.0,,0.05,,,,,,,7,"price_volume, live_market, summary, top_gainers, top_losers, nepse_index, supply_demand",5649
2026-08-20T14:50:54.388993+05:45,2026-08-20 14:50:54,top_gainers,top_gainers_73,True,cloud_automated,Thursday - Trading Hours: 11:00 AM - 3:00 PM NPT,2768,Mahuli Laghubitta Bittiya Sanstha Limited,MSLB,,,,0.55,,,,,,,,,,,,,,1225.0,,6.7,,,,,,,7,"price_volume, live_market, summary, top_gainers, top_losers, nepse_index, supply_demand",5649
2026-08-20T14:50:54.388993+05:45,2026-08-20 14:50:54,top_gainers,top_gainers_74,True,cloud_automated,Thursday - Trading Hours: 11:00 AM - 3:00 PM NPT,2804,Samudayik Laghubitta Bittiya Sanstha Limited,SLBSL,,,,0.55,,,,,,,,,,,,,,912.0,,5.0,,,,,,,7,"price_volume, live_market, summary, top_gainers, top_losers, nepse_index, supply_demand",5649
2026-08-20T14:50:54.388993+05:45,2026-08-20 14:50:54,top_gainers,top_gainers_75,True,cloud_automated,Thursday - Trading Hours: 11:00 AM - 3:00 PM NPT,255,Prabhu  Bank Limited,PRVU,,,,0.55,,,,,,,,,,,,,,183.0,,1.0,,,,,,,7,"price_volume, live_market, summary, top_gainers, top_losers, nepse_index, supply_demand",5649
2026-08-20T14:50:54.388993+05:45,2026-08-20 14:50:54,top_gainers,top_gainers_76,True,cloud_automated,Thursday - Trading Hours: 11:00 AM - 3:00 PM NPT,238,NMB Bank Limited,NMB,,,,0.54,,,,,,,,,,,,,,240.0,,1.3,,,,,,,7,"price_volume, live_market, summary, top_gainers, top_losers, nepse_index, supply_demand",5649
2026-08-20T14:50:54.388993+05:45,2026-08-20 14:50:54,top_gainers,top_gainers_77,True,cloud_automated,Thursday - Trading Hours: 11:00 AM - 3:00 PM NPT,2898,NRN Infrastructure and Development Limited,NRN,,,,0.51,,,,,,,,,,,,,,1386.0,,7.0,,,,,,,7,"price_volume, live_market, summary, top_gainers, top_losers, nepse_index, supply_demand",5649
2026-08-20T14:50:54.388993+05:45,2026-08-20 14:50:54,top_gainers,top_gainers_78,True,cloud_automated,Thursday - Trading Hours: 11:00 AM - 3:00 PM NPT,9215,Mid Solu Hydropower Limited,MSHL,,,,0.51,,,,,,,,,,,,,,586.0,,3.0,,,,,,,7,"price_volume, live_market, summary, top_gainers, top_losers, nepse_index, supply_demand",5649
2026-08-20T14:50:54.388993+05:45,2026-08-20 14:50:54,top_gainers,top_gainers_79,True,cloud_automated,Thursday - Trading Hours: 11:00 AM - 3:00 PM NPT,148,Taragaon Regency Hotel Limited,TRH,,,,0.5,,,,,,,,,,,,,,806.0,,4.0,,,,,,,7,"price_volume, live_market, summary, top_gainers, top_losers, nepse_index, supply_demand",5649
2026-08-20T14:50:54.388993+05:45,2026-08-20 14:50:54,top_gainers,top_gainers_80,True,cloud_automated,Thursday - Trading Hours: 11:00 AM - 3:00 PM NPT,9184,IME Life Insurance Company Limited,ILI,,,,0.48,,,,,,,,,,,,,,415.0,,2.0,,,,,,,7,"price_volume, live_market, summary, top_gainers, top_losers, nepse_index, supply_demand",5649
2026-08-20T14:50:54.388993+05:45,2026-08-20 14:50:54,top_gainers,top_gainers_81,True,cloud_automated,Thursday - Trading Hours: 11:00 AM - 3:00 PM NPT,2743,Ngadi Group Power Ltd.,NGPL,,,,0.47,,,,,,,,,,,,,,408.9,,1.9,,,,,,,7,"price_volume, live_market, summary, top_gainers, top_losers, nepse_index, supply_demand",5649
2026-08-20T14:50:54.388993+05:45,2026-08-20 14:50:54,top_gainers,top_gainers_82,True,cloud_automated,Thursday - Trading Hours: 11:00 AM - 3:00 PM NPT,9327,8% ICFC Finance Limited Debenture 2089,ICFCD89,,,,0.46,,,,,,,,,,,,,,1090.0,,5.0,,,,,,,7,"price_volume, live_market, summary, top_gainers, top_losers, nepse_index, supply_demand",5649
2026-08-20T14:50:54.388993+05:45,2026-08-20 14:50:54,top_gainers,top_gainers_83,True,cloud_automated,Thursday - Trading Hours: 11:00 AM - 3:00 PM NPT,9286,Shine Resunga Debenture,SHINED,,,,0.46,,,,,,,,,,,,,,1095.0,,5.0,,,,,,,7,"price_volume, live_market, summary, top_gainers, top_losers, nepse_index, supply_demand",5649
2026-08-20T14:50:54.388993+05:45,2026-08-20 14:50:54,top_gainers,top_gainers_84,True,cloud_automated,Thursday - Trading Hours: 11:00 AM - 3:00 PM NPT,9176,Ingwa Hydropower Limited,IHL,,,,0.46,,,,,,,,,,,,,,325.0,,1.5,,,,,,,7,"price_volume, live_market, summary, top_gainers, top_losers, nepse_index, supply_demand",5649
2026-08-20T14:50:54.388993+05:45,2026-08-20 14:50:54,top_gainers,top_gainers_85,True,cloud_automated,Thursday - Trading Hours: 11:00 AM - 3:00 PM NPT,273,ICFC Finance Limited,ICFC,,,,0.42,,,,,,,,,,,,,,595.5,,2.5,,,,,,,7,"price_volume, live_market, summary, top_gainers, top_losers, nepse_index, supply_demand",5649
2026-08-20T14:50:54.388993+05:45,2026-08-20 14:50:54,top_gainers,top_gainers_86,True,cloud_automated,Thursday - Trading Hours: 11:00 AM - 3:00 PM NPT,8022,Terhathum Power Company Limited,TPC,,,,0.42,,,,,,,,,,,,,,360.0,,1.5,,,,,,,7,"price_volume, live_market, summary, top_gainers, top_losers, nepse_index, supply_demand",5649
2026-08-20T14:50:54.388993+05:45,2026-08-20 14:50:54,top_gainers,top_gainers_87,True,cloud_automated,Thursday - Trading Hours: 11:00 AM - 3:00 PM NPT,2835,NABIL BALANCED FUND-2,NBF2,,,,0.41,,,,,,,,,,,,,,9.85,,0.04,,,,,,,7,"price_volume, live_market, summary, top_gainers, top_losers, nepse_index, supply_demand",5649
2026-08-20T14:50:54.388993+05:45,2026-08-20 14:50:54,top_gainers,top_gainers_88,True,cloud_automated,Thursday - Trading Hours: 11:00 AM - 3:00 PM NPT,213,Bottlers Nepal (Terai) Limited,BNT,,,,0.4,,,,,,,,,,,,,,11666.0,,46.0,,,,,,,7,"price_volume, live_market, summary, top_gainers, top_losers, nepse_index, supply_demand",5649
2026-08-20T14:50:54.388993+05:45,2026-08-20 14:50:54,top_gainers,top_gainers_89,True,cloud_automated,Thursday - Trading Hours: 11:00 AM - 3:00 PM NPT,2936,9.5% NCC Debenture 2086,NCCD86,,,,0.39,,,,,,,,,,,,,,1101.2,,4.3,,,,,,,7,"price_volume, live_market, summary, top_gainers, top_losers, nepse_index, supply_demand",5649
2026-08-20T14:50:54.388993+05:45,2026-08-20 14:50:54,top_gainers,top_gainers_90,True,cloud_automated,Thursday - Trading Hours: 11:00 AM - 3:00 PM NPT,694,Matribhumi Lagubitta Bittiya Sanstha Limited,MATRI,,,,0.37,,,,,,,,,,,,,,805.0,,3.0,,,,,,,7,"price_volume, live_market, summary, top_gainers, top_losers, nepse_index, supply_demand",5649
2026-08-20T14:50:54.388993+05:45,2026-08-20 14:50:54,top_gainers,top_gainers_91,True,cloud_automated,Thursday - Trading Hours: 11:00 AM - 3:00 PM NPT,704,NMB  Microfinance Bittiya Sanstha Ltd.,NMBMF,,,,0.37,,,,,,,,,,,,,,592.2,,2.2,,,,,,,7,"price_volume, live_market, summary, top_gainers, top_losers, nepse_index, supply_demand",5649
2026-08-20T14:50:54.388993+05:45,2026-08-20 14:50:54,top_gainers,top_gainers_92,True,cloud_automated,Thursday - Trading Hours: 11:00 AM - 3:00 PM NPT,135,Nepal SBI Bank Limited,SBI,,,,0.37,,,,,,,,,,,,,,402.5,,1.5,,,,,,,7,"price_volume, live_market, summary, top_gainers, top_losers, nepse_index, supply_demand",5649
2026-08-20T14:50:54.388993+05:45,2026-08-20 14:50:54,top_gainers,top_gainers_93,True,cloud_automated,Thursday - Trading Hours: 11:00 AM - 3:00 PM NPT,397,Agricultural Development Bank Limited,ADBL,,,,0.37,,,,,,,,,,,,,,302.0,,1.1,,,,,,,7,"price_volume, live_market, summary, top_gainers, top_losers, nepse_index, supply_demand",5649
2026-08-20T14:50:54.388993+05:45,2026-08-20 14:50:54,top_gainers,top_gainers_94,True,cloud_automated,Thursday - Trading Hours: 11:00 AM - 3:00 PM NPT,179,Himalayan Everest Insurance Limited,HEI,,,,0.36,,,,,,,,,,,,,,530.9,,1.9,,,,,,,7,"price_volume, live_market, summary, top_gainers, top_losers, nepse_index, supply_demand",5649
2026-08-20T14:50:54.388993+05:45,2026-08-20 14:50:54,top_gainers,top_gainers_95,True,cloud_automated,Thursday - Trading Hours: 11:00 AM - 3:00 PM NPT,2757,Arun Kabeli Power Ltd.,AKPL,,,,0.36,,,,,,,,,,,,,,249.9,,0.9,,,,,,,7,"price_volume, live_market, summary, top_gainers, top_losers, nepse_index, supply_demand",5649
2026-08-20T14:50:54.388993+05:45,2026-08-20 14:50:54,top_gainers,top_gainers_96,True,cloud_automated,Thursday - Trading Hours: 11:00 AM - 3:00 PM NPT,8075,Bindhyabasini Hydropower Development Company Limited,BHDC,,,,0.33,,,,,,,,,,,,,,428.1,,1.4,,,,,,,7,"price_volume, live_market, summary, top_gainers, top_losers, nepse_index, supply_demand",5649
2026-08-20T14:50:54.388993+05:45,2026-08-20 14:50:54,top_gainers,top_gainers_97,True,cloud_automated,Thursday - Trading Hours: 11:00 AM - 3:00 PM NPT,9236,NIC ASIA Growth Fund-2,NICGF2,,,,0.33,,,,,,,,,,,,,,9.0,,0.03,,,,,,,7,"price_volume, live_market, summary, top_gainers, top_losers, nepse_index, supply_demand",5649
2026-08-20T14:50:54.388993+05:45,2026-08-20 14:50:54,top_gainers,top_gainers_98,True,cloud_automated,Thursday - Trading Hours: 11:00 AM - 3:00 PM NPT,2903,Liberty Energy Company Limited,LEC,,,,0.32,,,,,,,,,,,,,,221.6,,0.7,,,,,,,7,"price_volume, live_market, summary, top_gainers, top_losers, nepse_index, supply_demand",5649
2026-08-20T14:50:54.388993+05:45,2026-08-20 14:50:54,top_gainers,top_gainers_99,True,cloud_automated,Thursday - Trading Hours: 11:00 AM - 3:00 PM NPT,8030,Agricultural Bond (9 Year),ADBLB87,,,,0.3,,,,,,,,,,,,,,1015.0,,3.0,,,,,,,7,"price_volume, live_market, summary, top_gainers, top_losers, nepse_index, supply_demand",5649
2026-08-20T14:50:54.388993+05:45,2026-08-20 14:50:54,top_gainers,top_gainers_100,True,cloud_automated,Thursday - Trading Hours: 11:00 AM - 3:00 PM NPT,9259,Reliable Samriddhi Yojana,RSY,,,,0.29,,,,,,,,,,,,,,10.55,,0.03,,,,,,,7,"price_volume, live_market, summary, top_gainers, top_losers, nepse_index, supply_demand",5649
2026-08-20T14:50:54.388993+05:45,2026-08-20 14:50:54,top_gainers,top_gainers_101,True,cloud_automated,Thursday - Trading Hours: 11:00 AM - 3:00 PM NPT,2829,Swabhimaan Laghubitta Bittiya Sanstha Limited,SMFBS,,,,0.28,,,,,,,,,,,,,,1447.0,,4.0,,,,,,,7,"price_volume, live_market, summary, top_gainers, top_losers, nepse_index, supply_demand",5649
2026-08-20T14:50:54.388993+05:45,2026-08-20 14:50:54,top_gainers,top_gainers_102,True,cloud_automated,Thursday - Trading Hours: 11:00 AM - 3:00 PM NPT,9262,Trade Tower Limited,TTL,,,,0.28,,,,,,,,,,,,,,706.0,,2.0,,,,,,,7,"price_volume, live_market, summary, top_gainers, top_losers, nepse_index, supply_demand",5649
2026-08-20T14:50:54.388993+05:45,2026-08-20 14:50:54,top_gainers,top_gainers_103,True,cloud_automated,Thursday - Trading Hours: 11:00 AM - 3:00 PM NPT,184,Prabhu Insurance Ltd.,PRIN,,,,0.27,,,,,,,,,,,,,,657.8,,1.8,,,,,,,7,"price_volume, live_market, summary, top_gainers, top_losers, nepse_index, supply_demand",5649
2026-08-20T14:50:54.388993+05:45,2026-08-20 14:50:54,top_gainers,top_gainers_104,True,cloud_automated,Thursday - Trading Hours: 11:00 AM - 3:00 PM NPT,360,Arun Valley Hydropower Development Co. Ltd.,AHPC,,,,0.27,,,,,,,,,,,,,,260.7,,0.7,,,,,,,7,"price_volume, live_market, summary, top_gainers, top_losers, nepse_index, supply_demand",5649
2026-08-20T14:50:54.388993+05:45,2026-08-20 14:50:54,top_gainers,top_gainers_105,True,cloud_automated,Thursday - Trading Hours: 11:00 AM - 3:00 PM NPT,232,Goodwill Finance Limited,GFCL,,,,0.25,,,,,,,,,,,,,,593.0,,1.5,,,,,,,7,"price_volume, live_market, summary, top_gainers, top_losers, nepse_index, supply_demand",5649
2026-08-20T14:50:54.388993+05:45,2026-08-20 14:50:54,top_gainers,top_gainers_106,True,cloud_automated,Thursday - Trading Hours: 11:00 AM - 3:00 PM NPT,4947,Prabhu Select Fund,PSF,,,,0.25,,,,,,,,,,,,,,11.87,,0.03,,,,,,,7,"price_volume, live_market, summary, top_gainers, top_losers, nepse_index, supply_demand",5649
2026-08-20T14:50:54.388993+05:45,2026-08-20 14:50:54,top_gainers,top_gainers_107,True,cloud_automated,Thursday - Trading Hours: 11:00 AM - 3:00 PM NPT,418,Jyoti Bikas Bank Limited,JBBL,,,,0.24,,,,,,,,,,,,,,335.0,,0.8,,,,,,,7,"price_volume, live_market, summary, top_gainers, top_losers, nepse_index, supply_demand",5649
2026-08-20T14:50:54.388993+05:45,2026-08-20 14:50:54,top_gainers,top_gainers_108,True,cloud_automated,Thursday - Trading Hours: 11:00 AM - 3:00 PM NPT,140,Machhapuchhre Bank Limited,MBL,,,,0.24,,,,,,,,,,,,,,249.0,,0.6,,,,,,,7,"price_volume, live_market, summary, top_gainers, top_losers, nepse_index, supply_demand",5649
2026-08-20T14:50:54.388993+05:45,2026-08-20 14:50:54,top_gainers,top_gainers_109,True,cloud_automated,Thursday - Trading Hours: 11:00 AM - 3:00 PM NPT,8121,Sayapatri Hydropower Limited,SPHL,,,,0.21,,,,,,,,,,,,,,516.1,,1.1,,,,,,,7,"price_volume, live_market, summary, top_gainers, top_losers, nepse_index, supply_demand",5649
2026-08-20T14:50:54.388993+05:45,2026-08-20 14:50:54,top_gainers,top_gainers_110,True,cloud_automated,Thursday - Trading Hours: 11:00 AM - 3:00 PM NPT,9216,Sonapur Minerals And Oil Limited,SONA,,,,0.2,,,,,,,,,,,,,,400.8,,0.8,,,,,,,7,"price_volume, live_market, summary, top_gainers, top_losers, nepse_index, supply_demand",5649
2026-08-20T14:50:54.388993+05:45,2026-08-20 14:50:54,top_gainers,top_gainers_111,True,cloud_automated,Thursday - Trading Hours: 11:00 AM - 3:00 PM NPT,9303,SY Panel Nepal Limited,SYPNL,,,,0.17,,,,,,,,,,,,,,1273.2,,2.2,,,,,,,7,"price_volume, live_market, summary, top_gainers, top_losers, nepse_index, supply_demand",5649
2026-08-20T14:50:54.388993+05:45,2026-08-20 14:50:54,top_gainers,top_gainers_112,True,cloud_automated,Thursday - Trading Hours: 11:00 AM - 3:00 PM NPT,9323,Super Khudi Hydropower Limited,SKHL,,,,0.17,,,,,,,,,,,,,,809.4,,1.4,,,,,,,7,"price_volume, live_market, summary, top_gainers, top_losers, nepse_index, supply_demand",5649
2026-08-20T14:50:54.388993+05:45,2026-08-20 14:50:54,top_gainers,top_gainers_113,True,cloud_automated,Thursday - Trading Hours: 11:00 AM - 3:00 PM NPT,9293,Daramkhola Hydro Energy Limited,DHEL,,,,0.17,,,,,,,,,,,,,,585.0,,1.0,,,,,,,7,"price_volume, live_market, summary, top_gainers, top_losers, nepse_index, supply_demand",5649
2026-08-20T14:50:54.388993+05:45,2026-08-20 14:50:54,top_gainers,top_gainers_114,True,cloud_automated,Thursday - Trading Hours: 11:00 AM - 3:00 PM NPT,9287,Mabilung Energy Limited,MABEL,,,,0.17,,,,,,,,,,,,,,605.0,,1.0,,,,,,,7,"price_volume, live_market, summary, top_gainers, top_losers, nepse_index, supply_demand",5649
2026-08-20T14:50:54.388993+05:45,2026-08-20 14:50:54,top_gainers,top_gainers_115,True,cloud_automated,Thursday - Trading Hours: 11:00 AM - 3:00 PM NPT,4951,Jeevan Bikas Laghubitta  Bittya Sanstha Ltd,JBLB,,,,0.14,,,,,,,,,,,,,,1275.0,,1.8,,,,,,,7,"price_volume, live_market, summary, top_gainers, top_losers, nepse_index, supply_demand",5649
2026-08-20T14:50:54.388993+05:45,2026-08-20 14:50:54,top_gainers,top_gainers_116,True,cloud_automated,Thursday - Trading Hours: 11:00 AM - 3:00 PM NPT,235,Himalayan Distillery Limited,HDL,,,,0.14,,,,,,,,,,,,,,1179.9,,1.7,,,,,,,7,"price_volume, live_market, summary, top_gainers, top_losers, nepse_index, supply_demand",5649
2026-08-20T14:50:54.388993+05:45,2026-08-20 14:50:54,top_gainers,top_gainers_117,True,cloud_automated,Thursday - Trading Hours: 11:00 AM - 3:00 PM NPT,9329,Shikhar power Development Limited,SIPD,,,,0.14,,,,,,,,,,,,,,646.0,,0.9,,,,,,,7,"price_volume, live_market, summary, top_gainers, top_losers, nepse_index, supply_demand",5649
2026-08-20T14:50:54.388993+05:45,2026-08-20 14:50:54,top_gainers,top_gainers_118,True,cloud_automated,Thursday - Trading Hours: 11:00 AM - 3:00 PM NPT,164,Chhimek Laghubitta Bittiya Sanstha Limited,CBBL,,,,0.13,,,,,,,,,,,,,,936.2,,1.2,,,,,,,7,"price_volume, live_market, summary, top_gainers, top_losers, nepse_index, supply_demand",5649
2026-08-20T14:50:54.388993+05:45,2026-08-20 14:50:54,top_gainers,top_gainers_119,True,cloud_automated,Thursday - Trading Hours: 11:00 AM - 3:00 PM NPT,2908,Sanima GIC Insurance Limited,SGIC,,,,0.11,,,,,,,,,,,,,,449.9,,0.5,,,,,,,7,"price_volume, live_market, summary, top_gainers, top_losers, nepse_index, supply_demand",5649
2026-08-20T14:50:54.388993+05:45,2026-08-20 14:50:54,top_gainers,top_gainers_120,True,cloud_automated,Thursday - Trading Hours: 11:00 AM - 3:00 PM NPT,9349,Sanima Equity Fund-2,SAEF2,,,,0.11,,,,,,,,,,,,,,9.04,,0.01,,,,,,,7,"price_volume, live_market, summary, top_gainers, top_losers, nepse_index, supply_demand",5649
2026-08-20T14:50:54.388993+05:45,2026-08-20 14:50:54,top_gainers,top_gainers_121,True,cloud_automated,Thursday - Trading Hours: 11:00 AM - 3:00 PM NPT,9348,Siddhartha Equity Fund 2,SEF2,,,,0.11,,,,,,,,,,,,,,9.03,,0.01,,,,,,,7,"price_volume, live_market, summary, top_gainers, top_losers, nepse_index, supply_demand",5649
2026-08-20T14:50:54.388993+05:45,2026-08-20 14:50:54,top_gainers,top_gainers_122,True,cloud_automated,Thursday - Trading Hours: 11:00 AM - 3:00 PM NPT,139,NIC Asia Bank Ltd.,NICA,,,,0.1,,,,,,,,,,,,,,316.0,,0.3,,,,,,,7,"price_volume, live_market, summary, top_gainers, top_losers, nepse_index, supply_demand",5649
2026-08-20T14:50:54.388993+05:45,2026-08-20 14:50:54,top_gainers,top_gainers_123,True,cloud_automated,Thursday - Trading Hours: 11:00 AM - 3:00 PM NPT,2867,NMB 50,NMB50,,,,0.1,,,,,,,,,,,,,,9.82,,0.01,,,,,,,7,"price_volume, live_market, summary, top_gainers, top_losers, nepse_index, supply_demand",5649
2026-08-20T14:50:54.388993+05:45,2026-08-20 14:50:54,top_gainers,top_gainers_124,True,cloud_automated,Thursday - Trading Hours: 11:00 AM - 3:00 PM NPT,9254,NMB Hybrid Fund L- II,NMBHF2,,,,0.1,,,,,,,,,,,,,,9.9,,0.01,,,,,,,7,"price_volume, live_market, summary, top_gainers, top_losers, nepse_index, supply_demand",5649
2026-08-20T14:50:54.388993+05:45,2026-08-20 14:50:54,top_gainers,top_gainers_125,True,cloud_automated,Thursday - Trading Hours: 11:00 AM - 3:00 PM NPT,9139,Sanima Growth Fund,SAGF,,,,0.1,,,,,,,,,,,,,,9.99,,0.01,,,,,,,7,"price_volume, live_market, summary, top_gainers, top_losers, nepse_index, supply_demand",5649
2026-08-20T14:50:54.388993+05:45,2026-08-20 14:50:54,top_gainers,top_gainers_126,True,cloud_automated,Thursday - Trading Hours: 11:00 AM - 3:00 PM NPT,171,Sanima Bank Limited,SANIMA,,,,0.08,,,,,,,,,,,,,,370.4,,0.3,,,,,,,7,"price_volume, live_market, summary, top_gainers, top_losers, nepse_index, supply_demand",5649
2026-08-20T14:50:54.388993+05:45,2026-08-20 14:50:54,top_gainers,top_gainers_127,True,cloud_automated,Thursday - Trading Hours: 11:00 AM - 3:00 PM NPT,9221,Himalayan 80-20,H8020,,,,0.08,,,,,,,,,,,,,,11.8,,0.01,,,,,,,7,"price_volume, live_market, summary, top_gainers, top_losers, nepse_index, supply_demand",5649
2026-08-20T14:50:54.388993+05:45,2026-08-20 14:50:54,top_gainers,top_gainers_128,True,cloud_automated,Thursday - Trading Hours: 11:00 AM - 3:00 PM NPT,2810,UNIVERSAL POWER COMPANY LTD,UPCL,,,,0.06,,,,,,,,,,,,,,342.4,,0.2,,,,,,,7,"price_volume, live_market, summary, top_gainers, top_losers, nepse_index, supply_demand",5649
2026-08-20T14:50:54.388993+05:45,2026-08-20 14:50:54,top_gainers,top_gainers_129,True,cloud_automated,Thursday - Trading Hours: 11:00 AM - 3:00 PM NPT,131,Nabil Bank Limited,NABIL,,,,0.05,,,,,,,,,,,,,,548.3,,0.3,,,,,,,7,"price_volume, live_market, summary, top_gainers, top_losers, nepse_index, supply_demand",5649
2026-08-20T14:50:54.388993+05:45,2026-08-20 14:50:54,top_losers,top_losers_1,True,cloud_automated,Thursday - Trading Hours: 11:00 AM - 3:00 PM NPT,8074,Kumari Dhanabriddhi Yojana,KDBY,,,,-9.77,,,,,,,,,,,,,,9.97,,-1.08,,,,,,,7,"price_volume, live_market, summary, top_gainers, top_losers, nepse_index, supply_demand",5649
2026-08-20T14:50:54.388993+05:45,2026-08-20 14:50:54,top_losers,top_losers_2,True,cloud_automated,Thursday - Trading Hours: 11:00 AM - 3:00 PM NPT,2933,Kumari Equity Fund,KEF,,,,-9.0,,,,,,,,,,,,,,10.01,,-0.99,,,,,,,7,"price_volume, live_market, summary, top_gainers, top_losers, nepse_index, supply_demand",5649
2026-08-20T14:50:54.388993+05:45,2026-08-20 14:50:54,top_losers,top_losers_3,True,cloud_automated,Thursday - Trading Hours: 11:00 AM - 3:00 PM NPT,2751,Khanikhola Hydropower Co. Ltd.,KKHC,,,,-5.9,,,,,,,,,,,,,,279.0,,-17.5,,,,,,,7,"price_volume, live_market, summary, top_gainers, top_losers, nepse_index, supply_demand",5649
2026-08-20T14:50:54.388993+05:45,2026-08-20 14:50:54,top_losers,top_losers_4,True,cloud_automated,Thursday - Trading Hours: 11:00 AM - 3:00 PM NPT,8063,Upakar Laghubitta Bittiya Sanstha Limited,ULBSL,,,,-5.25,,,,,,,,,,,,,,2490.0,,-138.0,,,,,,,7,"price_volume, live_market, summary, top_gainers, top_losers, nepse_index, supply_demand",5649
2026-08-20T14:50:54.388993+05:45,2026-08-20 14:50:54,top_losers,top_losers_5,True,cloud_automated,Thursday - Trading Hours: 11:00 AM - 3:00 PM NPT,9138,NIBL Growth Fund,NIBLGF,,,,-4.95,,,,,,,,,,,,,,8.45,,-0.44,,,,,,,7,"price_volume, live_market, summary, top_gainers, top_losers, nepse_index, supply_demand",5649
2026-08-20T14:50:54.388993+05:45,2026-08-20 14:50:54,top_losers,top_losers_6,True,cloud_automated,Thursday - Trading Hours: 11:00 AM - 3:00 PM NPT,4968,RBB Mutual Fund 1,RMF1,,,,-4.3,,,,,,,,,,,,,,9.57,,-0.43,,,,,,,7,"price_volume, live_market, summary, top_gainers, top_losers, nepse_index, supply_demand",5649
2026-08-20T14:50:54.388993+05:45,2026-08-20 14:50:54,top_losers,top_losers_7,True,cloud_automated,Thursday - Trading Hours: 11:00 AM - 3:00 PM NPT,9233,Nepal Warehousing Company Limited ,NWCL,,,,-3.75,,,,,,,,,,,,,,646.8,,-25.2,,,,,,,7,"price_volume, live_market, summary, top_gainers, top_losers, nepse_index, supply_demand",5649
2026-08-20T14:50:54.388993+05:45,2026-08-20 14:50:54,top_losers,top_losers_8,True,cloud_automated,Thursday - Trading Hours: 11:00 AM - 3:00 PM NPT,9147,Shuvam Power Limited,SPL,,,,-3.64,,,,,,,,,,,,,,635.0,,-24.0,,,,,,,7,"price_volume, live_market, summary, top_gainers, top_losers, nepse_index, supply_demand",5649
2026-08-20T14:50:54.388993+05:45,2026-08-20 14:50:54,top_losers,top_losers_9,True,cloud_automated,Thursday - Trading Hours: 11:00 AM - 3:00 PM NPT,2789,Joshi Hydropower Development Company Ltd,JOSHI,,,,-3.59,,,,,,,,,,,,,,263.2,,-9.8,,,,,,,7,"price_volume, live_market, summary, top_gainers, top_losers, nepse_index, supply_demand",5649
2026-08-20T14:50:54.388993+05:45,2026-08-20 14:50:54,top_losers,top_losers_10,True,cloud_automated,Thursday - Trading Hours: 11:00 AM - 3:00 PM NPT,9203,Manakamana Engineering Hydropower Limited,MEHL,,,,-3.44,,,,,,,,,,,,,,250.1,,-8.9,,,,,,,7,"price_volume, live_market, summary, top_gainers, top_losers, nepse_index, supply_demand",5649
2026-08-20T14:50:54.388993+05:45,2026-08-20 14:50:54,top_losers,top_losers_11,True,cloud_automated,Thursday - Trading Hours: 11:00 AM - 3:00 PM NPT,2744,Green Development Bank Ltd.,GRDBL,,,,-3.35,,,,,,,,,,,,,,980.0,,-34.0,,,,,,,7,"price_volume, live_market, summary, top_gainers, top_losers, nepse_index, supply_demand",5649
2026-08-20T14:50:54.388993+05:45,2026-08-20 14:50:54,top_losers,top_losers_12,True,cloud_automated,Thursday - Trading Hours: 11:00 AM - 3:00 PM NPT,2860,Saptakoshi Development Bank Ltd,SAPDBL,,,,-3.3,,,,,,,,,,,,,,718.5,,-24.5,,,,,,,7,"price_volume, live_market, summary, top_gainers, top_losers, nepse_index, supply_demand",5649
2026-08-20T14:50:54.388993+05:45,2026-08-20 14:50:54,top_losers,top_losers_13,True,cloud_automated,Thursday - Trading Hours: 11:00 AM - 3:00 PM NPT,9213,Hathway Investment Nepal Limited,HATHY,,,,-3.05,,,,,,,,,,,,,,584.8,,-18.4,,,,,,,7,"price_volume, live_market, summary, top_gainers, top_losers, nepse_index, supply_demand",5649
2026-08-20T14:50:54.388993+05:45,2026-08-20 14:50:54,top_losers,top_losers_14,True,cloud_automated,Thursday - Trading Hours: 11:00 AM - 3:00 PM NPT,9258,Pure Energy Limited,PURE,,,,-3.04,,,,,,,,,,,,,,790.0,,-24.8,,,,,,,7,"price_volume, live_market, summary, top_gainers, top_losers, nepse_index, supply_demand",5649
2026-08-20T14:50:54.388993+05:45,2026-08-20 14:50:54,top_losers,top_losers_15,True,cloud_automated,Thursday - Trading Hours: 11:00 AM - 3:00 PM NPT,9232,Chirkhwa Hydropower Limited ,CKHL,,,,-3.03,,,,,,,,,,,,,,577.0,,-18.0,,,,,,,7,"price_volume, live_market, summary, top_gainers, top_losers, nepse_index, supply_demand",5649
2026-08-20T14:50:54.388993+05:45,2026-08-20 14:50:54,top_losers,top_losers_16,True,cloud_automated,Thursday - Trading Hours: 11:00 AM - 3:00 PM NPT,2923,Sanima Large Cap Fund,SLCF,,,,-3.0,,,,,,,,,,,,,,9.7,,-0.3,,,,,,,7,"price_volume, live_market, summary, top_gainers, top_losers, nepse_index, supply_demand",5649
2026-08-20T14:50:54.388993+05:45,2026-08-20 14:50:54,top_losers,top_losers_17,True,cloud_automated,Thursday - Trading Hours: 11:00 AM - 3:00 PM NPT,9218,Trishuli Jal Vidhyut Company Limited ,TVCL,,,,-2.97,,,,,,,,,,,,,,458.0,,-14.0,,,,,,,7,"price_volume, live_market, summary, top_gainers, top_losers, nepse_index, supply_demand",5649
2026-08-20T14:50:54.388993+05:45,2026-08-20 14:50:54,top_losers,top_losers_18,True,cloud_automated,Thursday - Trading Hours: 11:00 AM - 3:00 PM NPT,2877,Sunrise First Mutual Fund,SFMF,,,,-2.91,,,,,,,,,,,,,,10.0,,-0.3,,,,,,,7,"price_volume, live_market, summary, top_gainers, top_losers, nepse_index, supply_demand",5649
2026-08-20T14:50:54.388993+05:45,2026-08-20 14:50:54,top_losers,top_losers_19,True,cloud_automated,Thursday - Trading Hours: 11:00 AM - 3:00 PM NPT,9198,Laxmi Value Fund 2,LVF2,,,,-2.84,,,,,,,,,,,,,,9.58,,-0.28,,,,,,,7,"price_volume, live_market, summary, top_gainers, top_losers, nepse_index, supply_demand",5649
2026-08-20T14:50:54.388993+05:45,2026-08-20 14:50:54,top_losers,top_losers_20,True,cloud_automated,Thursday - Trading Hours: 11:00 AM - 3:00 PM NPT,450,Corporate Development Bank Limited,CORBL,,,,-2.82,,,,,,,,,,,,,,999.0,,-29.0,,,,,,,7,"price_volume, live_market, summary, top_gainers, top_losers, nepse_index, supply_demand",5649
2026-08-20T14:50:54.388993+05:45,2026-08-20 14:50:54,top_losers,top_losers_21,True,cloud_automated,Thursday - Trading Hours: 11:00 AM - 3:00 PM NPT,2760,United Modi Hydropower Ltd.,UMHL,,,,-2.81,,,,,,,,,,,,,,582.0,,-16.8,,,,,,,7,"price_volume, live_market, summary, top_gainers, top_losers, nepse_index, supply_demand",5649
2026-08-20T14:50:54.388993+05:45,2026-08-20 14:50:54,top_losers,top_losers_22,True,cloud_automated,Thursday - Trading Hours: 11:00 AM - 3:00 PM NPT,9290,HLI Large Cap Fund,HLICF,,,,-2.79,,,,,,,,,,,,,,8.37,,-0.24,,,,,,,7,"price_volume, live_market, summary, top_gainers, top_losers, nepse_index, supply_demand",5649
2026-08-20T14:50:54.388993+05:45,2026-08-20 14:50:54,top_losers,top_losers_23,True,cloud_automated,Thursday - Trading Hours: 11:00 AM - 3:00 PM NPT,8018,Manushi Laghubitta Bittiya Sanstha Limited,MLBS,,,,-2.78,,,,,,,,,,,,,,1050.0,,-30.0,,,,,,,7,"price_volume, live_market, summary, top_gainers, top_losers, nepse_index, supply_demand",5649
2026-08-20T14:50:54.388993+05:45,2026-08-20 14:50:54,top_losers,top_losers_24,True,cloud_automated,Thursday - Trading Hours: 11:00 AM - 3:00 PM NPT,8003,8.5% RBBL Debenture 2083,RBBD83,,,,-2.6,,,,,,,,,,,,,,1010.3,,-27.0,,,,,,,7,"price_volume, live_market, summary, top_gainers, top_losers, nepse_index, supply_demand",5649
2026-08-20T14:50:54.388993+05:45,2026-08-20 14:50:54,top_losers,top_losers_25,True,cloud_automated,Thursday - Trading Hours: 11:00 AM - 3:00 PM NPT,9344,Snow Rivers Limited,SNORL,,,,-2.51,,,,,,,,,,,,,,892.0,,-23.0,,,,,,,7,"price_volume, live_market, summary, top_gainers, top_losers, nepse_index, supply_demand",5649
2026-08-20T14:50:54.388993+05:45,2026-08-20 14:50:54,top_losers,top_losers_26,True,cloud_automated,Thursday - Trading Hours: 11:00 AM - 3:00 PM NPT,2902,Laxmi Unnati Kosh,LUK,,,,-2.5,,,,,,,,,,,,,,9.74,,-0.25,,,,,,,7,"price_volume, live_market, summary, top_gainers, top_losers, nepse_index, supply_demand",5649
2026-08-20T14:50:54.388993+05:45,2026-08-20 14:50:54,top_losers,top_losers_27,True,cloud_automated,Thursday - Trading Hours: 11:00 AM - 3:00 PM NPT,4949,NIBL Samriddhi Fund -2,NIBSF2,,,,-2.5,,,,,,,,,,,,,,8.58,,-0.22,,,,,,,7,"price_volume, live_market, summary, top_gainers, top_losers, nepse_index, supply_demand",5649
2026-08-20T14:50:54.388993+05:45,2026-08-20 14:50:54,top_losers,top_losers_28,True,cloud_automated,Thursday - Trading Hours: 11:00 AM - 3:00 PM NPT,9246,Guardian Micro Life Insurance Limited ,GMLI,,,,-2.46,,,,,,,,,,,,,,1030.0,,-26.0,,,,,,,7,"price_volume, live_market, summary, top_gainers, top_losers, nepse_index, supply_demand",5649
2026-08-20T14:50:54.388993+05:45,2026-08-20 14:50:54,top_losers,top_losers_29,True,cloud_automated,Thursday - Trading Hours: 11:00 AM - 3:00 PM NPT,8132,Shrijanshil Laghubitta Bittiya Sanstha Limited,SHLB,,,,-2.25,,,,,,,,,,,,,,1383.1,,-31.9,,,,,,,7,"price_volume, live_market, summary, top_gainers, top_losers, nepse_index, supply_demand",5649
2026-08-20T14:50:54.388993+05:45,2026-08-20 14:50:54,top_losers,top_losers_30,True,cloud_automated,Thursday - Trading Hours: 11:00 AM - 3:00 PM NPT,9231,10% Citizens Bank Debenture 2090,CIZBD90,,,,-2.23,,,,,,,,,,,,,,1225.0,,-28.0,,,,,,,7,"price_volume, live_market, summary, top_gainers, top_losers, nepse_index, supply_demand",5649
2026-08-20T14:50:54.388993+05:45,2026-08-20 14:50:54,top_losers,top_losers_31,True,cloud_automated,Thursday - Trading Hours: 11:00 AM - 3:00 PM NPT,9266,7% NIC ASIA Debenture 2091,NICAD2091,,,,-2.2,,,,,,,,,,,,,,1050.0,,-23.6,,,,,,,7,"price_volume, live_market, summary, top_gainers, top_losers, nepse_index, supply_demand",5649
2026-08-20T14:50:54.388993+05:45,2026-08-20 14:50:54,top_losers,top_losers_32,True,cloud_automated,Thursday - Trading Hours: 11:00 AM - 3:00 PM NPT,9312,Nepal Life Samriddhi Lagani Yojana,NSY,,,,-2.15,,,,,,,,,,,,,,9.1,,-0.2,,,,,,,7,"price_volume, live_market, summary, top_gainers, top_losers, nepse_index, supply_demand",5649
2026-08-20T14:50:54.388993+05:45,2026-08-20 14:50:54,top_losers,top_losers_33,True,cloud_automated,Thursday - Trading Hours: 11:00 AM - 3:00 PM NPT,9175,Menchhiyam Hydropower Limited,MCHL,,,,-2.13,,,,,,,,,,,,,,276.0,,-6.0,,,,,,,7,"price_volume, live_market, summary, top_gainers, top_losers, nepse_index, supply_demand",5649
2026-08-20T14:50:54.388993+05:45,2026-08-20 14:50:54,top_losers,top_losers_34,True,cloud_automated,Thursday - Trading Hours: 11:00 AM - 3:00 PM NPT,2786,Panchakanya Mai Hydropower Ltd,PMHPL,,,,-2.12,,,,,,,,,,,,,,300.5,,-6.5,,,,,,,7,"price_volume, live_market, summary, top_gainers, top_losers, nepse_index, supply_demand",5649
2026-08-20T14:50:54.388993+05:45,2026-08-20 14:50:54,top_losers,top_losers_35,True,cloud_automated,Thursday - Trading Hours: 11:00 AM - 3:00 PM NPT,9252,Crest Micro Life Insurance Limited,CREST,,,,-2.07,,,,,,,,,,,,,,1129.0,,-23.9,,,,,,,7,"price_volume, live_market, summary, top_gainers, top_losers, nepse_index, supply_demand",5649
2026-08-20T14:50:54.388993+05:45,2026-08-20 14:50:54,top_losers,top_losers_36,True,cloud_automated,Thursday - Trading Hours: 11:00 AM - 3:00 PM NPT,9267,Bikash Hydropower Company Limited,BHCL,,,,-1.94,,,,,,,,,,,,,,557.0,,-11.0,,,,,,,7,"price_volume, live_market, summary, top_gainers, top_losers, nepse_index, supply_demand",5649
2026-08-20T14:50:54.388993+05:45,2026-08-20 14:50:54,top_losers,top_losers_37,True,cloud_automated,Thursday - Trading Hours: 11:00 AM - 3:00 PM NPT,9300,Jhapa Energy Limited,JHAPA,,,,-1.91,,,,,,,,,,,,,,1025.0,,-20.0,,,,,,,7,"price_volume, live_market, summary, top_gainers, top_losers, nepse_index, supply_demand",5649
2026-08-20T14:50:54.388993+05:45,2026-08-20 14:50:54,top_losers,top_losers_38,True,cloud_automated,Thursday - Trading Hours: 11:00 AM - 3:00 PM NPT,2781,Wean Nepal Laghubitta Bittiya Sanstha Limited,WNLB,,,,-1.89,,,,,,,,,,,,,,1300.0,,-25.0,,,,,,,7,"price_volume, live_market, summary, top_gainers, top_losers, nepse_index, supply_demand",5649
2026-08-20T14:50:54.388993+05:45,2026-08-20 14:50:54,top_losers,top_losers_39,True,cloud_automated,Thursday - Trading Hours: 11:00 AM - 3:00 PM NPT,155,Salt Trading Corporation,STC,,,,-1.88,,,,,,,,,,,,,,5102.2,,-97.8,,,,,,,7,"price_volume, live_market, summary, top_gainers, top_losers, nepse_index, supply_demand",5649
2026-08-20T14:50:54.388993+05:45,2026-08-20 14:50:54,top_losers,top_losers_40,True,cloud_automated,Thursday - Trading Hours: 11:00 AM - 3:00 PM NPT,545,Swarojgar Laghubitta Bittiya Sanstha Ltd.,SLBBL,,,,-1.86,,,,,,,,,,,,,,790.0,,-15.0,,,,,,,7,"price_volume, live_market, summary, top_gainers, top_losers, nepse_index, supply_demand",5649
2026-08-20T14:50:54.388993+05:45,2026-08-20 14:50:54,top_losers,top_losers_41,True,cloud_automated,Thursday - Trading Hours: 11:00 AM - 3:00 PM NPT,8023,Mega Mutual Fund -1,MMF1,,,,-1.85,,,,,,,,,,,,,,8.51,,-0.16,,,,,,,7,"price_volume, live_market, summary, top_gainers, top_losers, nepse_index, supply_demand",5649
2026-08-20T14:50:54.388993+05:45,2026-08-20 14:50:54,top_losers,top_losers_42,True,cloud_automated,Thursday - Trading Hours: 11:00 AM - 3:00 PM NPT,9192,Upper Syange Hydropower Limited,USHL,,,,-1.83,,,,,,,,,,,,,,530.1,,-9.9,,,,,,,7,"price_volume, live_market, summary, top_gainers, top_losers, nepse_index, supply_demand",5649
2026-08-20T14:50:54.388993+05:45,2026-08-20 14:50:54,top_losers,top_losers_43,True,cloud_automated,Thursday - Trading Hours: 11:00 AM - 3:00 PM NPT,9171,Bhugol Energy Development Company Limited,BEDC,,,,-1.83,,,,,,,,,,,,,,306.2,,-5.7,,,,,,,7,"price_volume, live_market, summary, top_gainers, top_losers, nepse_index, supply_demand",5649
2026-08-20T14:50:54.388993+05:45,2026-08-20 14:50:54,top_losers,top_losers_44,True,cloud_automated,Thursday - Trading Hours: 11:00 AM - 3:00 PM NPT,9346,Kalanga Hydro Limited,KAHL,,,,-1.82,,,,,,,,,,,,,,540.0,,-10.0,,,,,,,7,"price_volume, live_market, summary, top_gainers, top_losers, nepse_index, supply_demand",5649
2026-08-20T14:50:54.388993+05:45,2026-08-20 14:50:54,top_losers,top_losers_45,True,cloud_automated,Thursday - Trading Hours: 11:00 AM - 3:00 PM NPT,9151,Kalinchowk Darshan Limited,KDL,,,,-1.78,,,,,,,,,,,,,,763.2,,-13.8,,,,,,,7,"price_volume, live_market, summary, top_gainers, top_losers, nepse_index, supply_demand",5649
2026-08-20T14:50:54.388993+05:45,2026-08-20 14:50:54,top_losers,top_losers_46,True,cloud_automated,Thursday - Trading Hours: 11:00 AM - 3:00 PM NPT,2826,Gurans Laghubitta Bittiya Sanstha Limited,GLBSL,,,,-1.77,,,,,,,,,,,,,,1711.1,,-30.9,,,,,,,7,"price_volume, live_market, summary, top_gainers, top_losers, nepse_index, supply_demand",5649
2026-08-20T14:50:54.388993+05:45,2026-08-20 14:50:54,top_losers,top_losers_47,True,cloud_automated,Thursday - Trading Hours: 11:00 AM - 3:00 PM NPT,185,Sagarmatha Lumbini Insurance Co. Limited,SALICO,,,,-1.74,,,,,,,,,,,,,,581.2,,-10.3,,,,,,,7,"price_volume, live_market, summary, top_gainers, top_losers, nepse_index, supply_demand",5649
2026-08-20T14:50:54.388993+05:45,2026-08-20 14:50:54,top_losers,top_losers_48,True,cloud_automated,Thursday - Trading Hours: 11:00 AM - 3:00 PM NPT,177,Rastriya Beema Company Limited,RBCL,,,,-1.67,,,,,,,,,,,,,,13815.0,,-234.9,,,,,,,7,"price_volume, live_market, summary, top_gainers, top_losers, nepse_index, supply_demand",5649
2026-08-20T14:50:54.388993+05:45,2026-08-20 14:50:54,top_losers,top_losers_49,True,cloud_automated,Thursday - Trading Hours: 11:00 AM - 3:00 PM NPT,2806,Ghalemdi Hydro Limited,GHL,,,,-1.67,,,,,,,,,,,,,,235.0,,-4.0,,,,,,,7,"price_volume, live_market, summary, top_gainers, top_losers, nepse_index, supply_demand",5649
2026-08-20T14:50:54.388993+05:45,2026-08-20 14:50:54,top_losers,top_losers_50,True,cloud_automated,Thursday - Trading Hours: 11:00 AM - 3:00 PM NPT,9296,Bungal Hydro Limited,BUNGAL,,,,-1.66,,,,,,,,,,,,,,588.1,,-9.9,,,,,,,7,"price_volume, live_market, summary, top_gainers, top_losers, nepse_index, supply_demand",5649
2026-08-20T14:50:54.388993+05:45,2026-08-20 14:50:54,top_losers,top_losers_51,True,cloud_automated,Thursday - Trading Hours: 11:00 AM - 3:00 PM NPT,8005,Mailung Khola Jal Vidhyut Company Limited,MKJC,,,,-1.59,,,,,,,,,,,,,,433.0,,-7.0,,,,,,,7,"price_volume, live_market, summary, top_gainers, top_losers, nepse_index, supply_demand",5649
2026-08-20T14:50:54.388993+05:45,2026-08-20 14:50:54,top_losers,top_losers_52,True,cloud_automated,Thursday - Trading Hours: 11:00 AM - 3:00 PM NPT,9135,Barahi Hydropower Public Limited,BHPL,,,,-1.55,,,,,,,,,,,,,,470.0,,-7.4,,,,,,,7,"price_volume, live_market, summary, top_gainers, top_losers, nepse_index, supply_demand",5649
2026-08-20T14:50:54.388993+05:45,2026-08-20 14:50:54,top_losers,top_losers_53,True,cloud_automated,Thursday - Trading Hours: 11:00 AM - 3:00 PM NPT,263,Guheshowori Merchant Bank & Finance Co. Ltd.,GMFIL,,,,-1.54,,,,,,,,,,,,,,442.0,,-6.9,,,,,,,7,"price_volume, live_market, summary, top_gainers, top_losers, nepse_index, supply_demand",5649
2026-08-20T14:50:54.388993+05:45,2026-08-20 14:50:54,top_losers,top_losers_54,True,cloud_automated,Thursday - Trading Hours: 11:00 AM - 3:00 PM NPT,9342,Yambaling Hydropower Limited,YMHL,,,,-1.53,,,,,,,,,,,,,,625.0,,-9.7,,,,,,,7,"price_volume, live_market, summary, top_gainers, top_losers, nepse_index, supply_demand",5649
2026-08-20T14:50:54.388993+05:45,2026-08-20 14:50:54,top_losers,top_losers_55,True,cloud_automated,Thursday - Trading Hours: 11:00 AM - 3:00 PM NPT,9170,Dolti Power Company Limited,DOLTI,,,,-1.52,,,,,,,,,,,,,,305.3,,-4.7,,,,,,,7,"price_volume, live_market, summary, top_gainers, top_losers, nepse_index, supply_demand",5649
2026-08-20T14:50:54.388993+05:45,2026-08-20 14:50:54,top_losers,top_losers_56,True,cloud_automated,Thursday - Trading Hours: 11:00 AM - 3:00 PM NPT,9225,Vision Lumbini Urja Company Limited ,VLUCL,,,,-1.5,,,,,,,,,,,,,,394.0,,-6.0,,,,,,,7,"price_volume, live_market, summary, top_gainers, top_losers, nepse_index, supply_demand",5649
2026-08-20T14:50:54.388993+05:45,2026-08-20 14:50:54,top_losers,top_losers_57,True,cloud_automated,Thursday - Trading Hours: 11:00 AM - 3:00 PM NPT,9345,Sanigad Hydro Limited,SGHL,,,,-1.47,,,,,,,,,,,,,,531.0,,-7.9,,,,,,,7,"price_volume, live_market, summary, top_gainers, top_losers, nepse_index, supply_demand",5649
2026-08-20T14:50:54.388993+05:45,2026-08-20 14:50:54,top_losers,top_losers_58,True,cloud_automated,Thursday - Trading Hours: 11:00 AM - 3:00 PM NPT,2914,United IDI Mardi RB Hydropower Limited.,UMRH,,,,-1.47,,,,,,,,,,,,,,522.2,,-7.8,,,,,,,7,"price_volume, live_market, summary, top_gainers, top_losers, nepse_index, supply_demand",5649
2026-08-20T14:50:54.388993+05:45,2026-08-20 14:50:54,top_losers,top_losers_59,True,cloud_automated,Thursday - Trading Hours: 11:00 AM - 3:00 PM NPT,601,Mithila LaghuBitta Bittiya Sanstha Limited,MLBBL,,,,-1.45,,,,,,,,,,,,,,1015.0,,-14.9,,,,,,,7,"price_volume, live_market, summary, top_gainers, top_losers, nepse_index, supply_demand",5649
2026-08-20T14:50:54.388993+05:45,2026-08-20 14:50:54,top_losers,top_losers_60,True,cloud_automated,Thursday - Trading Hours: 11:00 AM - 3:00 PM NPT,6985,Shangri-la Development Bank Debenture 2087,SDBD87,,,,-1.43,,,,,,,,,,,,,,1105.0,,-16.0,,,,,,,7,"price_volume, live_market, summary, top_gainers, top_losers, nepse_index, supply_demand",5649
2026-08-20T14:50:54.388993+05:45,2026-08-20 14:50:54,top_losers,top_losers_61,True,cloud_automated,Thursday - Trading Hours: 11:00 AM - 3:00 PM NPT,2758,Forward Microfinance Laghubitta Bittiya Sanstha Limited,FOWAD,,,,-1.4,,,,,,,,,,,,,,913.0,,-13.0,,,,,,,7,"price_volume, live_market, summary, top_gainers, top_losers, nepse_index, supply_demand",5649
2026-08-20T14:50:54.388993+05:45,2026-08-20 14:50:54,top_losers,top_losers_62,True,cloud_automated,Thursday - Trading Hours: 11:00 AM - 3:00 PM NPT,587,Reliance Finance Ltd.,RLFL,,,,-1.35,,,,,,,,,,,,,,437.0,,-6.0,,,,,,,7,"price_volume, live_market, summary, top_gainers, top_losers, nepse_index, supply_demand",5649
2026-08-20T14:50:54.388993+05:45,2026-08-20 14:50:54,top_losers,top_losers_63,True,cloud_automated,Thursday - Trading Hours: 11:00 AM - 3:00 PM NPT,9257,MBL Equity Fund,MBLEF,,,,-1.34,,,,,,,,,,,,,,9.57,,-0.13,,,,,,,7,"price_volume, live_market, summary, top_gainers, top_losers, nepse_index, supply_demand",5649
2026-08-20T14:50:54.388993+05:45,2026-08-20 14:50:54,top_losers,top_losers_64,True,cloud_automated,Thursday - Trading Hours: 11:00 AM - 3:00 PM NPT,8123,Dhaulagiri Laghubitta Bittiya Sanstha Limited,DLBS,,,,-1.32,,,,,,,,,,,,,,1084.0,,-14.5,,,,,,,7,"price_volume, live_market, summary, top_gainers, top_losers, nepse_index, supply_demand",5649
2026-08-20T14:50:54.388993+05:45,2026-08-20 14:50:54,top_losers,top_losers_65,True,cloud_automated,Thursday - Trading Hours: 11:00 AM - 3:00 PM NPT,8131,Eastern Hydropower Limited,EHPL,,,,-1.31,,,,,,,,,,,,,,330.6,,-4.4,,,,,,,7,"price_volume, live_market, summary, top_gainers, top_losers, nepse_index, supply_demand",5649
2026-08-20T14:50:54.388993+05:45,2026-08-20 14:50:54,top_losers,top_losers_66,True,cloud_automated,Thursday - Trading Hours: 11:00 AM - 3:00 PM NPT,9325,Suryakunda Hydro Electric Limited,SKHEL,,,,-1.25,,,,,,,,,,,,,,938.1,,-11.9,,,,,,,7,"price_volume, live_market, summary, top_gainers, top_losers, nepse_index, supply_demand",5649
2026-08-20T14:50:54.388993+05:45,2026-08-20 14:50:54,top_losers,top_losers_67,True,cloud_automated,Thursday - Trading Hours: 11:00 AM - 3:00 PM NPT,2759,Synergy Power Development Ltd.,SPDL,,,,-1.25,,,,,,,,,,,,,,362.3,,-4.6,,,,,,,7,"price_volume, live_market, summary, top_gainers, top_losers, nepse_index, supply_demand",5649
2026-08-20T14:50:54.388993+05:45,2026-08-20 14:50:54,top_losers,top_losers_68,True,cloud_automated,Thursday - Trading Hours: 11:00 AM - 3:00 PM NPT,9270,Him Star Urja Company Limited,HIMSTAR,,,,-1.22,,,,,,,,,,,,,,678.0,,-8.4,,,,,,,7,"price_volume, live_market, summary, top_gainers, top_losers, nepse_index, supply_demand",5649
2026-08-20T14:50:54.388993+05:45,2026-08-20 14:50:54,top_losers,top_losers_69,True,cloud_automated,Thursday - Trading Hours: 11:00 AM - 3:00 PM NPT,8025,Samling Power Company Limited,SPC,,,,-1.2,,,,,,,,,,,,,,412.0,,-5.0,,,,,,,7,"price_volume, live_market, summary, top_gainers, top_losers, nepse_index, supply_demand",5649
2026-08-20T14:50:54.388993+05:45,2026-08-20 14:50:54,top_losers,top_losers_70,True,cloud_automated,Thursday - Trading Hours: 11:00 AM - 3:00 PM NPT,188,Life Insurance Corporation (Nepal) Limited,LICN,,,,-1.16,,,,,,,,,,,,,,765.0,,-9.0,,,,,,,7,"price_volume, live_market, summary, top_gainers, top_losers, nepse_index, supply_demand",5649
2026-08-20T14:50:54.388993+05:45,2026-08-20 14:50:54,top_losers,top_losers_71,True,cloud_automated,Thursday - Trading Hours: 11:00 AM - 3:00 PM NPT,490,First Micro Finance Laghubitta Bittiya Sanstha Limited,FMDBL,,,,-1.14,,,,,,,,,,,,,,761.0,,-8.8,,,,,,,7,"price_volume, live_market, summary, top_gainers, top_losers, nepse_index, supply_demand",5649
2026-08-20T14:50:54.388993+05:45,2026-08-20 14:50:54,top_losers,top_losers_72,True,cloud_automated,Thursday - Trading Hours: 11:00 AM - 3:00 PM NPT,9193,Ghorahi Cement Industry Limited,GCIL,,,,-1.14,,,,,,,,,,,,,,338.1,,-3.9,,,,,,,7,"price_volume, live_market, summary, top_gainers, top_losers, nepse_index, supply_demand",5649
2026-08-20T14:50:54.388993+05:45,2026-08-20 14:50:54,top_losers,top_losers_73,True,cloud_automated,Thursday - Trading Hours: 11:00 AM - 3:00 PM NPT,274,Excel Development Bank Ltd.,EDBL,,,,-1.13,,,,,,,,,,,,,,577.4,,-6.6,,,,,,,7,"price_volume, live_market, summary, top_gainers, top_losers, nepse_index, supply_demand",5649
2026-08-20T14:50:54.388993+05:45,2026-08-20 14:50:54,top_losers,top_losers_74,True,cloud_automated,Thursday - Trading Hours: 11:00 AM - 3:00 PM NPT,9256,Om Megashree Pharmaceuticals Limited,OMPL,,,,-1.11,,,,,,,,,,,,,,890.0,,-10.0,,,,,,,7,"price_volume, live_market, summary, top_gainers, top_losers, nepse_index, supply_demand",5649
2026-08-20T14:50:54.388993+05:45,2026-08-20 14:50:54,top_losers,top_losers_75,True,cloud_automated,Thursday - Trading Hours: 11:00 AM - 3:00 PM NPT,2769,Nepal Hydro Developers Ltd.,NHDL,,,,-1.1,,,,,,,,,,,,,,628.0,,-7.0,,,,,,,7,"price_volume, live_market, summary, top_gainers, top_losers, nepse_index, supply_demand",5649
2026-08-20T14:50:54.388993+05:45,2026-08-20 14:50:54,top_losers,top_losers_76,True,cloud_automated,Thursday - Trading Hours: 11:00 AM - 3:00 PM NPT,9302,RBB Focus 40,RBBF40,,,,-1.1,,,,,,,,,,,,,,9.0,,-0.1,,,,,,,7,"price_volume, live_market, summary, top_gainers, top_losers, nepse_index, supply_demand",5649
2026-08-20T14:50:54.388993+05:45,2026-08-20 14:50:54,top_losers,top_losers_77,True,cloud_automated,Thursday - Trading Hours: 11:00 AM - 3:00 PM NPT,9305,Salapa Bikas Bank Limited,SABBL,,,,-1.06,,,,,,,,,,,,,,930.0,,-10.0,,,,,,,7,"price_volume, live_market, summary, top_gainers, top_losers, nepse_index, supply_demand",5649
2026-08-20T14:50:54.388993+05:45,2026-08-20 14:50:54,top_losers,top_losers_78,True,cloud_automated,Thursday - Trading Hours: 11:00 AM - 3:00 PM NPT,561,Sindhu Bikash Bank Ltd,SINDU,,,,-1.06,,,,,,,,,,,,,,665.0,,-7.1,,,,,,,7,"price_volume, live_market, summary, top_gainers, top_losers, nepse_index, supply_demand",5649
2026-08-20T14:50:54.388993+05:45,2026-08-20 14:50:54,top_losers,top_losers_79,True,cloud_automated,Thursday - Trading Hours: 11:00 AM - 3:00 PM NPT,204,Gurkhas Finance Ltd.,GUFL,,,,-1.06,,,,,,,,,,,,,,530.3,,-5.7,,,,,,,7,"price_volume, live_market, summary, top_gainers, top_losers, nepse_index, supply_demand",5649
2026-08-20T14:50:54.388993+05:45,2026-08-20 14:50:54,top_losers,top_losers_80,True,cloud_automated,Thursday - Trading Hours: 11:00 AM - 3:00 PM NPT,695,Janautthan Samudayic Laghubitta Bittya Sanstha Limited,JSLBB,,,,-1.04,,,,,,,,,,,,,,950.0,,-10.0,,,,,,,7,"price_volume, live_market, summary, top_gainers, top_losers, nepse_index, supply_demand",5649
2026-08-20T14:50:54.388993+05:45,2026-08-20 14:50:54,top_losers,top_losers_81,True,cloud_automated,Thursday - Trading Hours: 11:00 AM - 3:00 PM NPT,9234,Himalayan Reinsurance Limited,HRL,,,,-1.01,,,,,,,,,,,,,,569.0,,-5.8,,,,,,,7,"price_volume, live_market, summary, top_gainers, top_losers, nepse_index, supply_demand",5649
2026-08-20T14:50:54.388993+05:45,2026-08-20 14:50:54,top_losers,top_losers_82,True,cloud_automated,Thursday - Trading Hours: 11:00 AM - 3:00 PM NPT,9295,Swastik Laghubitta Bittiya Sanstha Limited,SWASTIK,,,,-1.0,,,,,,,,,,,,,,1969.0,,-19.9,,,,,,,7,"price_volume, live_market, summary, top_gainers, top_losers, nepse_index, supply_demand",5649
2026-08-20T14:50:54.388993+05:45,2026-08-20 14:50:54,top_losers,top_losers_83,True,cloud_automated,Thursday - Trading Hours: 11:00 AM - 3:00 PM NPT,8034,Emerging Nepal Limited,ENL,,,,-1.0,,,,,,,,,,,,,,790.0,,-8.0,,,,,,,7,"price_volume, live_market, summary, top_gainers, top_losers, nepse_index, supply_demand",5649
2026-08-20T14:50:54.388993+05:45,2026-08-20 14:50:54,top_losers,top_losers_84,True,cloud_automated,Thursday - Trading Hours: 11:00 AM - 3:00 PM NPT,244,Shree Investment Finance Co. Ltd.,SIFC,,,,-1.0,,,,,,,,,,,,,,494.0,,-5.0,,,,,,,7,"price_volume, live_market, summary, top_gainers, top_losers, nepse_index, supply_demand",5649
2026-08-20T14:50:54.388993+05:45,2026-08-20 14:50:54,top_losers,top_losers_85,True,cloud_automated,Thursday - Trading Hours: 11:00 AM - 3:00 PM NPT,396,Nerude Mirmire Laghubitta Bittiya Sanstha Limited,NMLBBL,,,,-0.99,,,,,,,,,,,,,,500.0,,-5.0,,,,,,,7,"price_volume, live_market, summary, top_gainers, top_losers, nepse_index, supply_demand",5649
2026-08-20T14:50:54.388993+05:45,2026-08-20 14:50:54,top_losers,top_losers_86,True,cloud_automated,Thursday - Trading Hours: 11:00 AM - 3:00 PM NPT,8117,Aviyan Laghubitta Bittiya Sanstha Limited,AVYAN,,,,-0.97,,,,,,,,,,,,,,1025.0,,-10.0,,,,,,,7,"price_volume, live_market, summary, top_gainers, top_losers, nepse_index, supply_demand",5649
2026-08-20T14:50:54.388993+05:45,2026-08-20 14:50:54,top_losers,top_losers_87,True,cloud_automated,Thursday - Trading Hours: 11:00 AM - 3:00 PM NPT,9214,Bhagawati Hydropower Development Company Limited,BGWT,,,,-0.97,,,,,,,,,,,,,,510.0,,-5.0,,,,,,,7,"price_volume, live_market, summary, top_gainers, top_losers, nepse_index, supply_demand",5649
2026-08-20T14:50:54.388993+05:45,2026-08-20 14:50:54,top_losers,top_losers_88,True,cloud_automated,Thursday - Trading Hours: 11:00 AM - 3:00 PM NPT,176,Nepal Insurance Co. Ltd.,NICL,,,,-0.97,,,,,,,,,,,,,,490.0,,-4.8,,,,,,,7,"price_volume, live_market, summary, top_gainers, top_losers, nepse_index, supply_demand",5649
2026-08-20T14:50:54.388993+05:45,2026-08-20 14:50:54,top_losers,top_losers_89,True,cloud_automated,Thursday - Trading Hours: 11:00 AM - 3:00 PM NPT,706,Suryodaya Womi Laghubitta Bittiya Sanstha Limited,SWMF,,,,-0.96,,,,,,,,,,,,,,598.0,,-5.8,,,,,,,7,"price_volume, live_market, summary, top_gainers, top_losers, nepse_index, supply_demand",5649
2026-08-20T14:50:54.388993+05:45,2026-08-20 14:50:54,top_losers,top_losers_90,True,cloud_automated,Thursday - Trading Hours: 11:00 AM - 3:00 PM NPT,8122,People's Power Limited,PPL,,,,-0.95,,,,,,,,,,,,,,312.0,,-3.0,,,,,,,7,"price_volume, live_market, summary, top_gainers, top_losers, nepse_index, supply_demand",5649
2026-08-20T14:50:54.388993+05:45,2026-08-20 14:50:54,top_losers,top_losers_91,True,cloud_automated,Thursday - Trading Hours: 11:00 AM - 3:00 PM NPT,9179,Modi Energy Limited,MEL,,,,-0.92,,,,,,,,,,,,,,204.0,,-1.9,,,,,,,7,"price_volume, live_market, summary, top_gainers, top_losers, nepse_index, supply_demand",5649
2026-08-20T14:50:54.388993+05:45,2026-08-20 14:50:54,top_losers,top_losers_92,True,cloud_automated,Thursday - Trading Hours: 11:00 AM - 3:00 PM NPT,2887,NIC ASIA Laghubitta Bittiya Sanstha Limited,NICLBSL,,,,-0.9,,,,,,,,,,,,,,542.0,,-4.9,,,,,,,7,"price_volume, live_market, summary, top_gainers, top_losers, nepse_index, supply_demand",5649
2026-08-20T14:50:54.388993+05:45,2026-08-20 14:50:54,top_losers,top_losers_93,True,cloud_automated,Thursday - Trading Hours: 11:00 AM - 3:00 PM NPT,2813,Panchthar Power Compant Limited,PPCL,,,,-0.9,,,,,,,,,,,,,,332.0,,-3.0,,,,,,,7,"price_volume, live_market, summary, top_gainers, top_losers, nepse_index, supply_demand",5649
2026-08-20T14:50:54.388993+05:45,2026-08-20 14:50:54,top_losers,top_losers_94,True,cloud_automated,Thursday - Trading Hours: 11:00 AM - 3:00 PM NPT,9343,Taksar Pikhuwa Khola Hydropower Limited,TPKHL,,,,-0.89,,,,,,,,,,,,,,557.0,,-5.0,,,,,,,7,"price_volume, live_market, summary, top_gainers, top_losers, nepse_index, supply_demand",5649
2026-08-20T14:50:54.388993+05:45,2026-08-20 14:50:54,top_losers,top_losers_95,True,cloud_automated,Thursday - Trading Hours: 11:00 AM - 3:00 PM NPT,186,IGI Prudential insurance Limited,IGI,,,,-0.87,,,,,,,,,,,,,,421.3,,-3.7,,,,,,,7,"price_volume, live_market, summary, top_gainers, top_losers, nepse_index, supply_demand",5649
2026-08-20T14:50:54.388993+05:45,2026-08-20 14:50:54,top_losers,top_losers_96,True,cloud_automated,Thursday - Trading Hours: 11:00 AM - 3:00 PM NPT,8041,NESDO Sambridha Laghubitta Bittiya Sanstha Limited,NESDO,,,,-0.85,,,,,,,,,,,,,,1400.0,,-12.0,,,,,,,7,"price_volume, live_market, summary, top_gainers, top_losers, nepse_index, supply_demand",5649
2026-08-20T14:50:54.388993+05:45,2026-08-20 14:50:54,top_losers,top_losers_97,True,cloud_automated,Thursday - Trading Hours: 11:00 AM - 3:00 PM NPT,9263,Sanvi Energy Limited,SANVI,,,,-0.85,,,,,,,,,,,,,,585.0,,-5.0,,,,,,,7,"price_volume, live_market, summary, top_gainers, top_losers, nepse_index, supply_demand",5649
2026-08-20T14:50:54.388993+05:45,2026-08-20 14:50:54,top_losers,top_losers_98,True,cloud_automated,Thursday - Trading Hours: 11:00 AM - 3:00 PM NPT,163,Nirdhan Utthan Laghubitta Bittiya Sanstha Limited,NUBL,,,,-0.84,,,,,,,,,,,,,,590.0,,-5.0,,,,,,,7,"price_volume, live_market, summary, top_gainers, top_losers, nepse_index, supply_demand",5649
2026-08-20T14:50:54.388993+05:45,2026-08-20 14:50:54,top_losers,top_losers_99,True,cloud_automated,Thursday - Trading Hours: 11:00 AM - 3:00 PM NPT,618,Laxmi Laghubitta Bittiya Sanstha Ltd.,LLBS,,,,-0.82,,,,,,,,,,,,,,855.0,,-7.1,,,,,,,7,"price_volume, live_market, summary, top_gainers, top_losers, nepse_index, supply_demand",5649
2026-08-20T14:50:54.388993+05:45,2026-08-20 14:50:54,top_losers,top_losers_100,True,cloud_automated,Thursday - Trading Hours: 11:00 AM - 3:00 PM NPT,471,Multipurpose Finance Company  Limited,MPFL,,,,-0.81,,,,,,,,,,,,,,610.0,,-5.0,,,,,,,7,"price_volume, live_market, summary, top_gainers, top_losers, nepse_index, supply_demand",5649
2026-08-20T14:50:54.388993+05:45,2026-08-20 14:50:54,top_losers,top_losers_101,True,cloud_automated,Thursday - Trading Hours: 11:00 AM - 3:00 PM NPT,9181,Rawa Energy Development Limited,RAWA,,,,-0.8,,,,,,,,,,,,,,419.1,,-3.4,,,,,,,7,"price_volume, live_market, summary, top_gainers, top_losers, nepse_index, supply_demand",5649
2026-08-20T14:50:54.388993+05:45,2026-08-20 14:50:54,top_losers,top_losers_102,True,cloud_automated,Thursday - Trading Hours: 11:00 AM - 3:00 PM NPT,371,Miteri Development Bank Limited,MDB,,,,-0.79,,,,,,,,,,,,,,566.0,,-4.5,,,,,,,7,"price_volume, live_market, summary, top_gainers, top_losers, nepse_index, supply_demand",5649
2026-08-20T14:50:54.388993+05:45,2026-08-20 14:50:54,top_losers,top_losers_103,True,cloud_automated,Thursday - Trading Hours: 11:00 AM - 3:00 PM NPT,687,Vijaya laghubitta Bittiya Sanstha Ltd.,VLBS,,,,-0.78,,,,,,,,,,,,,,650.0,,-5.1,,,,,,,7,"price_volume, live_market, summary, top_gainers, top_losers, nepse_index, supply_demand",5649
2026-08-20T14:50:54.388993+05:45,2026-08-20 14:50:54,top_losers,top_losers_104,True,cloud_automated,Thursday - Trading Hours: 11:00 AM - 3:00 PM NPT,2767,Himalayan Power Partner Ltd.,HPPL,,,,-0.78,,,,,,,,,,,,,,380.0,,-3.0,,,,,,,7,"price_volume, live_market, summary, top_gainers, top_losers, nepse_index, supply_demand",5649
2026-08-20T14:50:54.388993+05:45,2026-08-20 14:50:54,top_losers,top_losers_105,True,cloud_automated,Thursday - Trading Hours: 11:00 AM - 3:00 PM NPT,9336,Sopan Pharmaceuticals Limited,SOPL,,,,-0.77,,,,,,,,,,,,,,774.0,,-6.0,,,,,,,7,"price_volume, live_market, summary, top_gainers, top_losers, nepse_index, supply_demand",5649
2026-08-20T14:50:54.388993+05:45,2026-08-20 14:50:54,top_losers,top_losers_106,True,cloud_automated,Thursday - Trading Hours: 11:00 AM - 3:00 PM NPT,9308,Hotel Forest Inn Limited,HFIN,,,,-0.75,,,,,,,,,,,,,,674.0,,-5.1,,,,,,,7,"price_volume, live_market, summary, top_gainers, top_losers, nepse_index, supply_demand",5649
2026-08-20T14:50:54.388993+05:45,2026-08-20 14:50:54,top_losers,top_losers_107,True,cloud_automated,Thursday - Trading Hours: 11:00 AM - 3:00 PM NPT,8032,Buddha Bhumi Nepal Hydropower Company Limited,BNHC,,,,-0.71,,,,,,,,,,,,,,278.0,,-2.0,,,,,,,7,"price_volume, live_market, summary, top_gainers, top_losers, nepse_index, supply_demand",5649
2026-08-20T14:50:54.388993+05:45,2026-08-20 14:50:54,top_losers,top_losers_108,True,cloud_automated,Thursday - Trading Hours: 11:00 AM - 3:00 PM NPT,9294,Sagar Distillery Limited,SAGAR,,,,-0.7,,,,,,,,,,,,,,1569.0,,-11.0,,,,,,,7,"price_volume, live_market, summary, top_gainers, top_losers, nepse_index, supply_demand",5649
2026-08-20T14:50:54.388993+05:45,2026-08-20 14:50:54,top_losers,top_losers_109,True,cloud_automated,Thursday - Trading Hours: 11:00 AM - 3:00 PM NPT,9149,Maya Khola Hydropower Company Limited,MKHC,,,,-0.69,,,,,,,,,,,,,,259.2,,-1.8,,,,,,,7,"price_volume, live_market, summary, top_gainers, top_losers, nepse_index, supply_demand",5649
2026-08-20T14:50:54.388993+05:45,2026-08-20 14:50:54,top_losers,top_losers_110,True,cloud_automated,Thursday - Trading Hours: 11:00 AM - 3:00 PM NPT,1741,Mero Microfinance Bittiya Sanstha Ltd.,MERO,,,,-0.68,,,,,,,,,,,,,,641.6,,-4.4,,,,,,,7,"price_volume, live_market, summary, top_gainers, top_losers, nepse_index, supply_demand",5649
2026-08-20T14:50:54.388993+05:45,2026-08-20 14:50:54,top_losers,top_losers_111,True,cloud_automated,Thursday - Trading Hours: 11:00 AM - 3:00 PM NPT,9217,Mathillo Mailun Khola Jalvidhyut Limited,MMKJL,,,,-0.68,,,,,,,,,,,,,,440.0,,-3.0,,,,,,,7,"price_volume, live_market, summary, top_gainers, top_losers, nepse_index, supply_demand",5649
2026-08-20T14:50:54.388993+05:45,2026-08-20 14:50:54,top_losers,top_losers_112,True,cloud_automated,Thursday - Trading Hours: 11:00 AM - 3:00 PM NPT,2841,RASUWAGADHI HYDROPOWER COMPANY LIMITED,RHPL,,,,-0.68,,,,,,,,,,,,,,250.0,,-1.7,,,,,,,7,"price_volume, live_market, summary, top_gainers, top_losers, nepse_index, supply_demand",5649
2026-08-20T14:50:54.388993+05:45,2026-08-20 14:50:54,top_losers,top_losers_113,True,cloud_automated,Thursday - Trading Hours: 11:00 AM - 3:00 PM NPT,2881,Nepal Reinsurance Company Limited,NRIC,,,,-0.67,,,,,,,,,,,,,,904.9,,-6.1,,,,,,,7,"price_volume, live_market, summary, top_gainers, top_losers, nepse_index, supply_demand",5649
2026-08-20T14:50:54.388993+05:45,2026-08-20 14:50:54,top_losers,top_losers_114,True,cloud_automated,Thursday - Trading Hours: 11:00 AM - 3:00 PM NPT,245,Central Finance Co. Ltd.,CFCL,,,,-0.67,,,,,,,,,,,,,,596.0,,-4.0,,,,,,,7,"price_volume, live_market, summary, top_gainers, top_losers, nepse_index, supply_demand",5649
2026-08-20T14:50:54.388993+05:45,2026-08-20 14:50:54,top_losers,top_losers_115,True,cloud_automated,Thursday - Trading Hours: 11:00 AM - 3:00 PM NPT,9337,Appolo Hydropower Limited,APHL,,,,-0.66,,,,,,,,,,,,,,748.0,,-5.0,,,,,,,7,"price_volume, live_market, summary, top_gainers, top_losers, nepse_index, supply_demand",5649
2026-08-20T14:50:54.388993+05:45,2026-08-20 14:50:54,top_losers,top_losers_116,True,cloud_automated,Thursday - Trading Hours: 11:00 AM - 3:00 PM NPT,8076,Himalayan Hydropower Limited,HHL,,,,-0.63,,,,,,,,,,,,,,329.9,,-2.1,,,,,,,7,"price_volume, live_market, summary, top_gainers, top_losers, nepse_index, supply_demand",5649
2026-08-20T14:50:54.388993+05:45,2026-08-20 14:50:54,top_losers,top_losers_117,True,cloud_automated,Thursday - Trading Hours: 11:00 AM - 3:00 PM NPT,559,NLG Insurance Company Ltd.,NLG,,,,-0.59,,,,,,,,,,,,,,556.5,,-3.3,,,,,,,7,"price_volume, live_market, summary, top_gainers, top_losers, nepse_index, supply_demand",5649
2026-08-20T14:50:54.388993+05:45,2026-08-20 14:50:54,top_losers,top_losers_118,True,cloud_automated,Thursday - Trading Hours: 11:00 AM - 3:00 PM NPT,180,United Ajod Insurance Limited,UAIL,,,,-0.59,,,,,,,,,,,,,,423.0,,-2.5,,,,,,,7,"price_volume, live_market, summary, top_gainers, top_losers, nepse_index, supply_demand",5649
2026-08-20T14:50:54.388993+05:45,2026-08-20 14:50:54,top_losers,top_losers_119,True,cloud_automated,Thursday - Trading Hours: 11:00 AM - 3:00 PM NPT,2925,Mahila Lagubitta Bittiya Sanstha Limited ,MLBSL,,,,-0.57,,,,,,,,,,,,,,1211.0,,-7.0,,,,,,,7,"price_volume, live_market, summary, top_gainers, top_losers, nepse_index, supply_demand",5649
2026-08-20T14:50:54.388993+05:45,2026-08-20 14:50:54,top_losers,top_losers_120,True,cloud_automated,Thursday - Trading Hours: 11:00 AM - 3:00 PM NPT,693,Himalayan Laghubitta Bittiya Sanstha Limited,HLBSL,,,,-0.57,,,,,,,,,,,,,,870.0,,-5.0,,,,,,,7,"price_volume, live_market, summary, top_gainers, top_losers, nepse_index, supply_demand",5649
2026-08-20T14:50:54.388993+05:45,2026-08-20 14:50:54,top_losers,top_losers_121,True,cloud_automated,Thursday - Trading Hours: 11:00 AM - 3:00 PM NPT,459,Kamana Sewa Bikas Bank Limited,KSBBL,,,,-0.56,,,,,,,,,,,,,,476.3,,-2.7,,,,,,,7,"price_volume, live_market, summary, top_gainers, top_losers, nepse_index, supply_demand",5649
2026-08-20T14:50:54.388993+05:45,2026-08-20 14:50:54,top_losers,top_losers_122,True,cloud_automated,Thursday - Trading Hours: 11:00 AM - 3:00 PM NPT,8026,Nyadi Hydropower Limited,NYADI,,,,-0.56,,,,,,,,,,,,,,358.0,,-2.0,,,,,,,7,"price_volume, live_market, summary, top_gainers, top_losers, nepse_index, supply_demand",5649
2026-08-20T14:50:54.388993+05:45,2026-08-20 14:50:54,top_losers,top_losers_123,True,cloud_automated,Thursday - Trading Hours: 11:00 AM - 3:00 PM NPT,473,Shine Resunga Development Bank Ltd.,SHINE,,,,-0.53,,,,,,,,,,,,,,409.8,,-2.2,,,,,,,7,"price_volume, live_market, summary, top_gainers, top_losers, nepse_index, supply_demand",5649
2026-08-20T14:50:54.388993+05:45,2026-08-20 14:50:54,top_losers,top_losers_124,True,cloud_automated,Thursday - Trading Hours: 11:00 AM - 3:00 PM NPT,9173,City Hotel Limited,CITY,,,,-0.53,,,,,,,,,,,,,,358.0,,-1.9,,,,,,,7,"price_volume, live_market, summary, top_gainers, top_losers, nepse_index, supply_demand",5649
2026-08-20T14:50:54.388993+05:45,2026-08-20 14:50:54,top_losers,top_losers_125,True,cloud_automated,Thursday - Trading Hours: 11:00 AM - 3:00 PM NPT,8108,Rapti Hydro And General Construction Limited,RHGCL,,,,-0.51,,,,,,,,,,,,,,251.7,,-1.3,,,,,,,7,"price_volume, live_market, summary, top_gainers, top_losers, nepse_index, supply_demand",5649
2026-08-20T14:50:54.388993+05:45,2026-08-20 14:50:54,top_losers,top_losers_126,True,cloud_automated,Thursday - Trading Hours: 11:00 AM - 3:00 PM NPT,338,Progressive Finance Limited,PROFL,,,,-0.49,,,,,,,,,,,,,,405.0,,-2.0,,,,,,,7,"price_volume, live_market, summary, top_gainers, top_losers, nepse_index, supply_demand",5649
2026-08-20T14:50:54.388993+05:45,2026-08-20 14:50:54,top_losers,top_losers_127,True,cloud_automated,Thursday - Trading Hours: 11:00 AM - 3:00 PM NPT,192,Shikhar Insurance Co. Ltd.,SICL,,,,-0.48,,,,,,,,,,,,,,606.1,,-2.9,,,,,,,7,"price_volume, live_market, summary, top_gainers, top_losers, nepse_index, supply_demand",5649
2026-08-20T14:50:54.388993+05:45,2026-08-20 14:50:54,top_losers,top_losers_128,True,cloud_automated,Thursday - Trading Hours: 11:00 AM - 3:00 PM NPT,341,Global IME Bank Limited,GBIME,,,,-0.48,,,,,,,,,,,,,,246.7,,-1.2,,,,,,,7,"price_volume, live_market, summary, top_gainers, top_losers, nepse_index, supply_demand",5649
2026-08-20T14:50:54.388993+05:45,2026-08-20 14:50:54,top_losers,top_losers_129,True,cloud_automated,Thursday - Trading Hours: 11:00 AM - 3:00 PM NPT,9242,Sarbottam Cement Limited,SARBTM,,,,-0.47,,,,,,,,,,,,,,776.2,,-3.7,,,,,,,7,"price_volume, live_market, summary, top_gainers, top_losers, nepse_index, supply_demand",5649
2026-08-20T14:50:54.388993+05:45,2026-08-20 14:50:54,top_losers,top_losers_130,True,cloud_automated,Thursday - Trading Hours: 11:00 AM - 3:00 PM NPT,2904,10% Prabhu Bank Debenture 2084 ,PBLD84,,,,-0.46,,,,,,,,,,,,,,1065.1,,-4.9,,,,,,,7,"price_volume, live_market, summary, top_gainers, top_losers, nepse_index, supply_demand",5649
2026-08-20T14:50:54.388993+05:45,2026-08-20 14:50:54,top_losers,top_losers_131,True,cloud_automated,Thursday - Trading Hours: 11:00 AM - 3:00 PM NPT,2746,National Laghubitta Bittiya Sanstha Limited,NMFBS,,,,-0.45,,,,,,,,,,,,,,1115.0,,-5.0,,,,,,,7,"price_volume, live_market, summary, top_gainers, top_losers, nepse_index, supply_demand",5649
2026-08-20T14:50:54.388993+05:45,2026-08-20 14:50:54,top_losers,top_losers_132,True,cloud_automated,Thursday - Trading Hours: 11:00 AM - 3:00 PM NPT,9250,Nepal Micro Insurance Company Limited,NMIC,,,,-0.44,,,,,,,,,,,,,,878.1,,-3.9,,,,,,,7,"price_volume, live_market, summary, top_gainers, top_losers, nepse_index, supply_demand",5649
2026-08-20T14:50:54.388993+05:45,2026-08-20 14:50:54,top_losers,top_losers_133,True,cloud_automated,Thursday - Trading Hours: 11:00 AM - 3:00 PM NPT,9159,Sagarmatha Jalabidhyut Company Limited,SMJC,,,,-0.44,,,,,,,,,,,,,,429.0,,-1.9,,,,,,,7,"price_volume, live_market, summary, top_gainers, top_losers, nepse_index, supply_demand",5649
2026-08-20T14:50:54.388993+05:45,2026-08-20 14:50:54,top_losers,top_losers_134,True,cloud_automated,Thursday - Trading Hours: 11:00 AM - 3:00 PM NPT,2815,Ganapati Laghubitta Bittiya Sanstha Limited,GMFBS,,,,-0.43,,,,,,,,,,,,,,1165.0,,-5.0,,,,,,,7,"price_volume, live_market, summary, top_gainers, top_losers, nepse_index, supply_demand",5649
2026-08-20T14:50:54.388993+05:45,2026-08-20 14:50:54,top_losers,top_losers_135,True,cloud_automated,Thursday - Trading Hours: 11:00 AM - 3:00 PM NPT,5982,Sanima Reliance Life Insurance Limited,SRLI,,,,-0.43,,,,,,,,,,,,,,367.1,,-1.6,,,,,,,7,"price_volume, live_market, summary, top_gainers, top_losers, nepse_index, supply_demand",5649
2026-08-20T14:50:54.388993+05:45,2026-08-20 14:50:54,top_losers,top_losers_136,True,cloud_automated,Thursday - Trading Hours: 11:00 AM - 3:00 PM NPT,2770,Siddhartha Equity Fund,SEF,,,,-0.43,,,,,,,,,,,,,,9.3,,-0.04,,,,,,,7,"price_volume, live_market, summary, top_gainers, top_losers, nepse_index, supply_demand",5649
2026-08-20T14:50:54.388993+05:45,2026-08-20 14:50:54,top_losers,top_losers_137,True,cloud_automated,Thursday - Trading Hours: 11:00 AM - 3:00 PM NPT,9167,Mai Khola Hydropower Limited,MKHL,,,,-0.42,,,,,,,,,,,,,,494.0,,-2.1,,,,,,,7,"price_volume, live_market, summary, top_gainers, top_losers, nepse_index, supply_demand",5649
2026-08-20T14:50:54.388993+05:45,2026-08-20 14:50:54,top_losers,top_losers_138,True,cloud_automated,Thursday - Trading Hours: 11:00 AM - 3:00 PM NPT,8065,CYC Nepal Laghubitta Bittiya Sanstha Limited,CYCL,,,,-0.4,,,,,,,,,,,,,,1494.0,,-6.0,,,,,,,7,"price_volume, live_market, summary, top_gainers, top_losers, nepse_index, supply_demand",5649
2026-08-20T14:50:54.388993+05:45,2026-08-20 14:50:54,top_losers,top_losers_139,True,cloud_automated,Thursday - Trading Hours: 11:00 AM - 3:00 PM NPT,2907,Shiva Shree Hydropower Ltd,SSHL,,,,-0.4,,,,,,,,,,,,,,200.0,,-0.8,,,,,,,7,"price_volume, live_market, summary, top_gainers, top_losers, nepse_index, supply_demand",5649
2026-08-20T14:50:54.388993+05:45,2026-08-20 14:50:54,top_losers,top_losers_140,True,cloud_automated,Thursday - Trading Hours: 11:00 AM - 3:00 PM NPT,2842,SANJEN JALAVIDHYUT COMPANY LIMITED,SJCL,,,,-0.38,,,,,,,,,,,,,,264.0,,-1.0,,,,,,,7,"price_volume, live_market, summary, top_gainers, top_losers, nepse_index, supply_demand",5649
2026-08-20T14:50:54.388993+05:45,2026-08-20 14:50:54,top_losers,top_losers_141,True,cloud_automated,Thursday - Trading Hours: 11:00 AM - 3:00 PM NPT,583,Grameen Bikas Laghubitta Bittiya Sanstha Ltd.,GBLBS,,,,-0.37,,,,,,,,,,,,,,699.9,,-2.6,,,,,,,7,"price_volume, live_market, summary, top_gainers, top_losers, nepse_index, supply_demand",5649
2026-08-20T14:50:54.388993+05:45,2026-08-20 14:50:54,top_losers,top_losers_142,True,cloud_automated,Thursday - Trading Hours: 11:00 AM - 3:00 PM NPT,178,National Life Insurance Co. Ltd.,NLICL,,,,-0.37,,,,,,,,,,,,,,563.0,,-2.1,,,,,,,7,"price_volume, live_market, summary, top_gainers, top_losers, nepse_index, supply_demand",5649
2026-08-20T14:50:54.388993+05:45,2026-08-20 14:50:54,top_losers,top_losers_143,True,cloud_automated,Thursday - Trading Hours: 11:00 AM - 3:00 PM NPT,134,Himalayan Bank Limited,HBL,,,,-0.37,,,,,,,,,,,,,,190.8,,-0.7,,,,,,,7,"price_volume, live_market, summary, top_gainers, top_losers, nepse_index, supply_demand",5649
2026-08-20T14:50:54.388993+05:45,2026-08-20 14:50:54,top_losers,top_losers_144,True,cloud_automated,Thursday - Trading Hours: 11:00 AM - 3:00 PM NPT,2754,Dibyashwori Hydropower Ltd.,DHPL,,,,-0.36,,,,,,,,,,,,,,280.0,,-1.0,,,,,,,7,"price_volume, live_market, summary, top_gainers, top_losers, nepse_index, supply_demand",5649
2026-08-20T14:50:54.388993+05:45,2026-08-20 14:50:54,top_losers,top_losers_145,True,cloud_automated,Thursday - Trading Hours: 11:00 AM - 3:00 PM NPT,9244,NIBL Stable Fund,NIBLSTF,,,,-0.36,,,,,,,,,,,,,,8.38,,-0.03,,,,,,,7,"price_volume, live_market, summary, top_gainers, top_losers, nepse_index, supply_demand",5649
2026-08-20T14:50:54.388993+05:45,2026-08-20 14:50:54,top_losers,top_losers_146,True,cloud_automated,Thursday - Trading Hours: 11:00 AM - 3:00 PM NPT,210,Citizen Investment Trust,CIT,,,,-0.35,,,,,,,,,,,,,,1694.0,,-6.0,,,,,,,7,"price_volume, live_market, summary, top_gainers, top_losers, nepse_index, supply_demand",5649
2026-08-20T14:50:54.388993+05:45,2026-08-20 14:50:54,top_losers,top_losers_147,True,cloud_automated,Thursday - Trading Hours: 11:00 AM - 3:00 PM NPT,358,Lumbini Bikas Bank Ltd.,LBBL,,,,-0.35,,,,,,,,,,,,,,478.3,,-1.7,,,,,,,7,"price_volume, live_market, summary, top_gainers, top_losers, nepse_index, supply_demand",5649
2026-08-20T14:50:54.388993+05:45,2026-08-20 14:50:54,top_losers,top_losers_148,True,cloud_automated,Thursday - Trading Hours: 11:00 AM - 3:00 PM NPT,9334,Kalinchock Hydropower Limited,KHPL,,,,-0.33,,,,,,,,,,,,,,782.4,,-2.6,,,,,,,7,"price_volume, live_market, summary, top_gainers, top_losers, nepse_index, supply_demand",5649
2026-08-20T14:50:54.388993+05:45,2026-08-20 14:50:54,top_losers,top_losers_149,True,cloud_automated,Thursday - Trading Hours: 11:00 AM - 3:00 PM NPT,9351,Reliable Samriddhi Yojana -2,RSY2,,,,-0.33,,,,,,,,,,,,,,8.98,,-0.03,,,,,,,7,"price_volume, live_market, summary, top_gainers, top_losers, nepse_index, supply_demand",5649
2026-08-20T14:50:54.388993+05:45,2026-08-20 14:50:54,top_losers,top_losers_150,True,cloud_automated,Thursday - Trading Hours: 11:00 AM - 3:00 PM NPT,393,Himalayan Life Insurance Limited,HLI,,,,-0.32,,,,,,,,,,,,,,314.0,,-1.0,,,,,,,7,"price_volume, live_market, summary, top_gainers, top_losers, nepse_index, supply_demand",5649
2026-08-20T14:50:54.388993+05:45,2026-08-20 14:50:54,top_losers,top_losers_151,True,cloud_automated,Thursday - Trading Hours: 11:00 AM - 3:00 PM NPT,8070,Dordi Khola Jal Bidyut Company Limited,DORDI,,,,-0.32,,,,,,,,,,,,,,247.2,,-0.8,,,,,,,7,"price_volume, live_market, summary, top_gainers, top_losers, nepse_index, supply_demand",5649
2026-08-20T14:50:54.388993+05:45,2026-08-20 14:50:54,top_losers,top_losers_152,True,cloud_automated,Thursday - Trading Hours: 11:00 AM - 3:00 PM NPT,9297,Bandipur Cablecar and Tourism Limited,BANDIPUR,,,,-0.31,,,,,,,,,,,,,,680.0,,-2.1,,,,,,,7,"price_volume, live_market, summary, top_gainers, top_losers, nepse_index, supply_demand",5649
2026-08-20T14:50:54.388993+05:45,2026-08-20 14:50:54,top_losers,top_losers_153,True,cloud_automated,Thursday - Trading Hours: 11:00 AM - 3:00 PM NPT,2937,Sunrise Bluechip Fund,SBCF,,,,-0.31,,,,,,,,,,,,,,9.6,,-0.03,,,,,,,7,"price_volume, live_market, summary, top_gainers, top_losers, nepse_index, supply_demand",5649
2026-08-20T14:50:54.388993+05:45,2026-08-20 14:50:54,top_losers,top_losers_154,True,cloud_automated,Thursday - Trading Hours: 11:00 AM - 3:00 PM NPT,149,Oriental Hotels Limited,OHL,,,,-0.29,,,,,,,,,,,,,,652.0,,-1.9,,,,,,,7,"price_volume, live_market, summary, top_gainers, top_losers, nepse_index, supply_demand",5649
2026-08-20T14:50:54.388993+05:45,2026-08-20 14:50:54,top_losers,top_losers_155,True,cloud_automated,Thursday - Trading Hours: 11:00 AM - 3:00 PM NPT,9330,Palpa Cement Industries Limited,PCIL,,,,-0.29,,,,,,,,,,,,,,619.2,,-1.8,,,,,,,7,"price_volume, live_market, summary, top_gainers, top_losers, nepse_index, supply_demand",5649
2026-08-20T14:50:54.388993+05:45,2026-08-20 14:50:54,top_losers,top_losers_156,True,cloud_automated,Thursday - Trading Hours: 11:00 AM - 3:00 PM NPT,401,Mahalaxmi Bikas Bank Ltd.,MLBL,,,,-0.29,,,,,,,,,,,,,,347.0,,-1.0,,,,,,,7,"price_volume, live_market, summary, top_gainers, top_losers, nepse_index, supply_demand",5649
2026-08-20T14:50:54.388993+05:45,2026-08-20 14:50:54,top_losers,top_losers_157,True,cloud_automated,Thursday - Trading Hours: 11:00 AM - 3:00 PM NPT,194,Nepal Finance Ltd.,NFS,,,,-0.27,,,,,,,,,,,,,,555.1,,-1.5,,,,,,,7,"price_volume, live_market, summary, top_gainers, top_losers, nepse_index, supply_demand",5649
2026-08-20T14:50:54.388993+05:45,2026-08-20 14:50:54,top_losers,top_losers_158,True,cloud_automated,Thursday - Trading Hours: 11:00 AM - 3:00 PM NPT,9201,Sun Nepal Life Insurance Company Limited,SNLI,,,,-0.27,,,,,,,,,,,,,,403.0,,-1.1,,,,,,,7,"price_volume, live_market, summary, top_gainers, top_losers, nepse_index, supply_demand",5649
2026-08-20T14:50:54.388993+05:45,2026-08-20 14:50:54,top_losers,top_losers_159,True,cloud_automated,Thursday - Trading Hours: 11:00 AM - 3:00 PM NPT,187,Nepal Life Insurance Co. Ltd.,NLIC,,,,-0.26,,,,,,,,,,,,,,717.0,,-1.9,,,,,,,7,"price_volume, live_market, summary, top_gainers, top_losers, nepse_index, supply_demand",5649
2026-08-20T14:50:54.388993+05:45,2026-08-20 14:50:54,top_losers,top_losers_160,True,cloud_automated,Thursday - Trading Hours: 11:00 AM - 3:00 PM NPT,593,Kalika Laghubitta Bittiya Sanstha Ltd,KMCDB,,,,-0.25,,,,,,,,,,,,,,783.0,,-2.0,,,,,,,7,"price_volume, live_market, summary, top_gainers, top_losers, nepse_index, supply_demand",5649
2026-08-20T14:50:54.388993+05:45,2026-08-20 14:50:54,top_losers,top_losers_161,True,cloud_automated,Thursday - Trading Hours: 11:00 AM - 3:00 PM NPT,403,SuryaJyoti Life Insurance Company Limited,SJLIC,,,,-0.25,,,,,,,,,,,,,,406.0,,-1.0,,,,,,,7,"price_volume, live_market, summary, top_gainers, top_losers, nepse_index, supply_demand",5649
2026-08-20T14:50:54.388993+05:45,2026-08-20 14:50:54,top_losers,top_losers_162,True,cloud_automated,Thursday - Trading Hours: 11:00 AM - 3:00 PM NPT,9194,Three Star Hydropower Limited,TSHL,,,,-0.25,,,,,,,,,,,,,,365.0,,-0.9,,,,,,,7,"price_volume, live_market, summary, top_gainers, top_losers, nepse_index, supply_demand",5649
2026-08-20T14:50:54.388993+05:45,2026-08-20 14:50:54,top_losers,top_losers_163,True,cloud_automated,Thursday - Trading Hours: 11:00 AM - 3:00 PM NPT,686,Barun Hydropower Co. Ltd.,BARUN,,,,-0.25,,,,,,,,,,,,,,316.0,,-0.8,,,,,,,7,"price_volume, live_market, summary, top_gainers, top_losers, nepse_index, supply_demand",5649
2026-08-20T14:50:54.388993+05:45,2026-08-20 14:50:54,top_losers,top_losers_164,True,cloud_automated,Thursday - Trading Hours: 11:00 AM - 3:00 PM NPT,156,Bishal Bazar Company Limited,BBC,,,,-0.24,,,,,,,,,,,,,,4130.0,,-10.0,,,,,,,7,"price_volume, live_market, summary, top_gainers, top_losers, nepse_index, supply_demand",5649
2026-08-20T14:50:54.388993+05:45,2026-08-20 14:50:54,top_losers,top_losers_165,True,cloud_automated,Thursday - Trading Hours: 11:00 AM - 3:00 PM NPT,8031,Madhya Bhotekoshi Jalavidyut Company Limited,MBJC,,,,-0.23,,,,,,,,,,,,,,263.4,,-0.6,,,,,,,7,"price_volume, live_market, summary, top_gainers, top_losers, nepse_index, supply_demand",5649
2026-08-20T14:50:54.388993+05:45,2026-08-20 14:50:54,top_losers,top_losers_166,True,cloud_automated,Thursday - Trading Hours: 11:00 AM - 3:00 PM NPT,9196,Kutheli Bukhari Small Hydropower Limited,KBSH,,,,-0.21,,,,,,,,,,,,,,935.0,,-2.0,,,,,,,7,"price_volume, live_market, summary, top_gainers, top_losers, nepse_index, supply_demand",5649
2026-08-20T14:50:54.388993+05:45,2026-08-20 14:50:54,top_losers,top_losers_167,True,cloud_automated,Thursday - Trading Hours: 11:00 AM - 3:00 PM NPT,9230,Muktinath Krishi Company Limited,MKCL,,,,-0.21,,,,,,,,,,,,,,973.0,,-2.0,,,,,,,7,"price_volume, live_market, summary, top_gainers, top_losers, nepse_index, supply_demand",5649
2026-08-20T14:50:54.388993+05:45,2026-08-20 14:50:54,top_losers,top_losers_168,True,cloud_automated,Thursday - Trading Hours: 11:00 AM - 3:00 PM NPT,357,Prime Commercial Bank Ltd.,PCBL,,,,-0.21,,,,,,,,,,,,,,240.0,,-0.5,,,,,,,7,"price_volume, live_market, summary, top_gainers, top_losers, nepse_index, supply_demand",5649
2026-08-20T14:50:54.388993+05:45,2026-08-20 14:50:54,top_losers,top_losers_169,True,cloud_automated,Thursday - Trading Hours: 11:00 AM - 3:00 PM NPT,132,Nepal Investment Mega Bank Limited,NIMB,,,,-0.21,,,,,,,,,,,,,,187.6,,-0.4,,,,,,,7,"price_volume, live_market, summary, top_gainers, top_losers, nepse_index, supply_demand",5649
2026-08-20T14:50:54.388993+05:45,2026-08-20 14:50:54,top_losers,top_losers_170,True,cloud_automated,Thursday - Trading Hours: 11:00 AM - 3:00 PM NPT,9161,Aatmanirbhar Laghubitta Bittiya Sanstha Limited,ANLB,,,,-0.2,,,,,,,,,,,,,,5090.0,,-10.0,,,,,,,7,"price_volume, live_market, summary, top_gainers, top_losers, nepse_index, supply_demand",5649
2026-08-20T14:50:54.388993+05:45,2026-08-20 14:50:54,top_losers,top_losers_171,True,cloud_automated,Thursday - Trading Hours: 11:00 AM - 3:00 PM NPT,2859,Siddhartha Investment Growth Scheme - 2,SIGS2,,,,-0.19,,,,,,,,,,,,,,10.51,,-0.02,,,,,,,7,"price_volume, live_market, summary, top_gainers, top_losers, nepse_index, supply_demand",5649
2026-08-20T14:50:54.388993+05:45,2026-08-20 14:50:54,top_losers,top_losers_172,True,cloud_automated,Thursday - Trading Hours: 11:00 AM - 3:00 PM NPT,250,Janaki Finance Company Limited,JFL,,,,-0.18,,,,,,,,,,,,,,381.0,,-0.7,,,,,,,7,"price_volume, live_market, summary, top_gainers, top_losers, nepse_index, supply_demand",5649
2026-08-20T14:50:54.388993+05:45,2026-08-20 14:50:54,top_losers,top_losers_173,True,cloud_automated,Thursday - Trading Hours: 11:00 AM - 3:00 PM NPT,2742,Hydorelectricity Investment and Development Company Ltd,HIDCL,,,,-0.16,,,,,,,,,,,,,,250.6,,-0.4,,,,,,,7,"price_volume, live_market, summary, top_gainers, top_losers, nepse_index, supply_demand",5649
2026-08-20T14:50:54.388993+05:45,2026-08-20 14:50:54,top_losers,top_losers_174,True,cloud_automated,Thursday - Trading Hours: 11:00 AM - 3:00 PM NPT,2915,Prabhu Mahalaxmi Life Insurance Limited,PMLI,,,,-0.12,,,,,,,,,,,,,,424.5,,-0.5,,,,,,,7,"price_volume, live_market, summary, top_gainers, top_losers, nepse_index, supply_demand",5649
2026-08-20T14:50:54.388993+05:45,2026-08-20 14:50:54,top_losers,top_losers_175,True,cloud_automated,Thursday - Trading Hours: 11:00 AM - 3:00 PM NPT,2790,Aarambha Chautari Laghubitta Bittiya Sanstha Limited,ACLBSL,,,,-0.11,,,,,,,,,,,,,,899.0,,-1.0,,,,,,,7,"price_volume, live_market, summary, top_gainers, top_losers, nepse_index, supply_demand",5649
2026-08-20T14:50:54.388993+05:45,2026-08-20 14:50:54,top_losers,top_losers_176,True,cloud_automated,Thursday - Trading Hours: 11:00 AM - 3:00 PM NPT,166,Deprosc Laghubitta Bittiya Sanstha Limited,DDBL,,,,-0.11,,,,,,,,,,,,,,842.0,,-0.9,,,,,,,7,"price_volume, live_market, summary, top_gainers, top_losers, nepse_index, supply_demand",5649
2026-08-20T14:50:54.388993+05:45,2026-08-20 14:50:54,top_losers,top_losers_177,True,cloud_automated,Thursday - Trading Hours: 11:00 AM - 3:00 PM NPT,2831,Union Hydropower Limited,UNHPL,,,,-0.11,,,,,,,,,,,,,,370.6,,-0.4,,,,,,,7,"price_volume, live_market, summary, top_gainers, top_losers, nepse_index, supply_demand",5649
2026-08-20T14:50:54.388993+05:45,2026-08-20 14:50:54,top_losers,top_losers_178,True,cloud_automated,Thursday - Trading Hours: 11:00 AM - 3:00 PM NPT,9248,Garima Samriddhi Yojana,GSY,,,,-0.11,,,,,,,,,,,,,,9.32,,-0.01,,,,,,,7,"price_volume, live_market, summary, top_gainers, top_losers, nepse_index, supply_demand",5649
2026-08-20T14:50:54.388993+05:45,2026-08-20 14:50:54,top_losers,top_losers_179,True,cloud_automated,Thursday - Trading Hours: 11:00 AM - 3:00 PM NPT,9241,Kumari Sabal Yojana,KSY,,,,-0.11,,,,,,,,,,,,,,9.16,,-0.01,,,,,,,7,"price_volume, live_market, summary, top_gainers, top_losers, nepse_index, supply_demand",5649
2026-08-20T14:50:54.388993+05:45,2026-08-20 14:50:54,top_losers,top_losers_180,True,cloud_automated,Thursday - Trading Hours: 11:00 AM - 3:00 PM NPT,2792,Upper Tamakoshi Hydropower Ltd,UPPER,,,,-0.1,,,,,,,,,,,,,,191.3,,-0.2,,,,,,,7,"price_volume, live_market, summary, top_gainers, top_losers, nepse_index, supply_demand",5649
2026-08-20T14:50:54.388993+05:45,2026-08-20 14:50:54,top_losers,top_losers_181,True,cloud_automated,Thursday - Trading Hours: 11:00 AM - 3:00 PM NPT,9245,Muktinath Mutual Fund 1,MNMF1,,,,-0.1,,,,,,,,,,,,,,9.64,,-0.01,,,,,,,7,"price_volume, live_market, summary, top_gainers, top_losers, nepse_index, supply_demand",5649
2026-08-20T14:50:54.388993+05:45,2026-08-20 14:50:54,top_losers,top_losers_182,True,cloud_automated,Thursday - Trading Hours: 11:00 AM - 3:00 PM NPT,2807,Asha Laghubitta Bittiya Sanstha Ltd,ALBSL,,,,-0.08,,,,,,,,,,,,,,1098.9,,-0.9,,,,,,,7,"price_volume, live_market, summary, top_gainers, top_losers, nepse_index, supply_demand",5649
2026-08-20T14:50:54.388993+05:45,2026-08-20 14:50:54,top_losers,top_losers_183,True,cloud_automated,Thursday - Trading Hours: 11:00 AM - 3:00 PM NPT,2924,GreenLife Hydropower Limited,GLH,,,,-0.08,,,,,,,,,,,,,,252.5,,-0.2,,,,,,,7,"price_volume, live_market, summary, top_gainers, top_losers, nepse_index, supply_demand",5649
2026-08-20T14:50:54.388993+05:45,2026-08-20 14:50:54,top_losers,top_losers_184,True,cloud_automated,Thursday - Trading Hours: 11:00 AM - 3:00 PM NPT,2919,Nepal Infrastructure Bank Limited,NIFRA,,,,-0.08,,,,,,,,,,,,,,244.0,,-0.2,,,,,,,7,"price_volume, live_market, summary, top_gainers, top_losers, nepse_index, supply_demand",5649
2026-08-20T14:50:54.388993+05:45,2026-08-20 14:50:54,top_losers,top_losers_185,True,cloud_automated,Thursday - Trading Hours: 11:00 AM - 3:00 PM NPT,9174,Prabhu Smart Fund,PRSF,,,,-0.08,,,,,,,,,,,,,,12.9,,-0.01,,,,,,,7,"price_volume, live_market, summary, top_gainers, top_losers, nepse_index, supply_demand",5649
2026-08-20T14:50:54.388993+05:45,2026-08-20 14:50:54,top_losers,top_losers_186,True,cloud_automated,Thursday - Trading Hours: 11:00 AM - 3:00 PM NPT,417,Garima Bikas Bank Limited,GBBL,,,,-0.07,,,,,,,,,,,,,,422.7,,-0.3,,,,,,,7,"price_volume, live_market, summary, top_gainers, top_losers, nepse_index, supply_demand",5649
2026-08-20T14:50:54.388993+05:45,2026-08-20 14:50:54,top_losers,top_losers_187,True,cloud_automated,Thursday - Trading Hours: 11:00 AM - 3:00 PM NPT,2771,Support Microfinance Bittiya Sanstha Ltd.,SMB,,,,-0.06,,,,,,,,,,,,,,1736.0,,-1.0,,,,,,,7,"price_volume, live_market, summary, top_gainers, top_losers, nepse_index, supply_demand",5649
2026-08-20T14:50:54.388993+05:45,2026-08-20 14:50:54,top_losers,top_losers_188,True,cloud_automated,Thursday - Trading Hours: 11:00 AM - 3:00 PM NPT,516,Manjushree Finance Ltd.,MFIL,,,,-0.05,,,,,,,,,,,,,,747.5,,-0.4,,,,,,,7,"price_volume, live_market, summary, top_gainers, top_losers, nepse_index, supply_demand",5649
2026-08-20T14:50:54.388993+05:45,2026-08-20 14:50:54,top_losers,top_losers_189,True,cloud_automated,Thursday - Trading Hours: 11:00 AM - 3:00 PM NPT,2880,Himal Dolakha Hydropower Company Limited,HDHPC,,,,-0.05,,,,,,,,,,,,,,207.8,,-0.1,,,,,,,7,"price_volume, live_market, summary, top_gainers, top_losers, nepse_index, supply_demand",5649
2026-08-20T14:50:54.388993+05:45,2026-08-20 14:50:54,top_losers,top_losers_190,True,cloud_automated,Thursday - Trading Hours: 11:00 AM - 3:00 PM NPT,172,Narayani Development Bank Limited,NABBC,,,,-0.04,,,,,,,,,,,,,,804.0,,-0.3,,,,,,,7,"price_volume, live_market, summary, top_gainers, top_losers, nepse_index, supply_demand",5649
2026-08-20T14:50:54.388993+05:45,2026-08-20 14:50:54,nepse_index,nepse_index_summary,True,cloud_automated,Thursday - Trading Hours: 11:00 AM - 3:00 PM NPT,,,,,,,,,,,,,,,,,,,,,,,,"{'id': 63, 'auditId': None, 'exchangeIndexId': None, 'generatedTime': '2026-08-20T14:50:56.683', 'index': 'Sensitive Float Index', 'close': 155.76, 'high': 156.1792, 'low': 155.2064, 'previousClose': 155.758, 'change': 0.32, 'perChange': 0.21, 'fiftyTwoWeekHigh': 173.41, 'fiftyTwoWeekLow': 147.61, 'currentValue': 156.08}","{'id': 62, 'auditId': None, 'exchangeIndexId': None, 'generatedTime': '2026-08-20T14:51:00.667', 'index': 'Float Index', 'close': 179.95, 'high': 180.0986, 'low': 179.107, 'previousClose': 179.9534, 'change': 0.08, 'perChange': 0.04, 'fiftyTwoWeekHigh': 204.21, 'fiftyTwoWeekLow': 170.58, 'currentValue': 180.04}","{'id': 57, 'auditId': None, 'exchangeIndexId': None, 'generatedTime': '2026-08-20T14:50:56.68', 'index': 'Sensitive Index', 'close': 461.01, 'high': 462.5536, 'low': 459.0695, 'previousClose': 461.0093, 'change': 0.95, 'perChange': 0.2, 'fiftyTwoWeekHigh': 507.0, 'fiftyTwoWeekLow': 435.29, 'currentValue': 461.96}","{'id': 58, 'auditId': None, 'exchangeIndexId': None, 'generatedTime': '2026-08-20T14:51:00.667', 'index': 'NEPSE Index', 'close': 2622.22, 'high': 2625.0956, 'low': 2608.3893, 'previousClose': 2622.2243, 'change': 1.55, 'perChange': 0.05, 'fiftyTwoWeekHigh': 2960.4, 'fiftyTwoWeekLow': 2487.18, 'currentValue': 2623.77}",,,7,"price_volume, live_market, summary, top_gainers, top_losers, nepse_index, supply_demand",5649
2026-08-20T14:50:54.388993+05:45,2026-08-20 14:50:54,supply_demand,supply_demand_summary,True,cloud_automated,Thursday - Trading Hours: 11:00 AM - 3:00 PM NPT,,,,,,,,,,,,,,,,,,,,,,,,,,,,"[{'totalQuantity': 827645, 'totalOrder': 10, 'securityId': 9174, 'symbol': 'PRSF', 'securityName': 'Prabhu Smart Fund'}, {'totalQuantity': 594837, 'totalOrder': 5, 'securityId': 8125, 'symbol': 'NSIF2', 'securityName': 'NMB Sulav Investment Fund - 2'}, {'totalQuantity': 579050, 'totalOrder': 7, 'securityId': 9182, 'symbol': 'SIGS3', 'securityName': 'Siddhartha Investment Growth Scheme 3'}, {'totalQuantity': 524635, 'totalOrder': 6, 'securityId': 8074, 'symbol': 'KDBY', 'securityName': 'Kumari Dhanabriddhi Yojana'}, {'totalQuantity': 368519, 'totalOrder': 9, 'securityId': 9302, 'symbol': 'RBBF40', 'securityName': 'RBB Focus 40'}, {'totalQuantity': 277550, 'totalOrder': 12, 'securityId': 9254, 'symbol': 'NMBHF2', 'securityName': 'NMB Hybrid Fund L- II'}, {'totalQuantity': 216727, 'totalOrder': 10, 'securityId': 517, 'symbol': 'NBL', 'securityName': 'Nepal Bank Limited'}, {'totalQuantity': 193732, 'totalOrder': 11, 'securityId': 2767, 'symbol': 'HPPL', 'securityName': 'Himalayan Power Partner Ltd.'}, {'totalQuantity': 190500, 'totalOrder': 9, 'securityId': 9154, 'symbol': 'SFEF', 'securityName': 'Sunrise Focused Equity Fund'}, {'totalQuantity': 183367, 'totalOrder': 19, 'securityId': 9311, 'symbol': 'SOHL', 'securityName': 'Solu Hydropower Limited'}, {'totalQuantity': 176869, 'totalOrder': 9, 'securityId': 610, 'symbol': 'RIDI', 'securityName': 'Ridi Power Company Limited'}, {'totalQuantity': 165891, 'totalOrder': 7, 'securityId': 2933, 'symbol': 'KEF', 'securityName': 'Kumari Equity Fund'}, {'totalQuantity': 163389, 'totalOrder': 8, 'securityId': 2760, 'symbol': 'UMHL', 'securityName': 'United Modi Hydropower Ltd.'}, {'totalQuantity': 160100, 'totalOrder': 5, 'securityId': 8106, 'symbol': 'GIBF1', 'securityName': 'Global IME Balanced Fund-1'}, {'totalQuantity': 154648, 'totalOrder': 12, 'securityId': 8021, 'symbol': 'SAHAS', 'securityName': 'Sahas Urja Limited'}, {'totalQuantity': 127554, 'totalOrder': 7, 'securityId': 2792, 'symbol': 'UPPER', 'securityName': 'Upper Tamakoshi Hydropower Ltd'}, {'totalQuantity': 127175, 'totalOrder': 8, 'securityId': 152, 'symbol': 'NHPC', 'securityName': 'National Hydro Power Company Limited'}, {'totalQuantity': 109007, 'totalOrder': 5, 'securityId': 2806, 'symbol': 'GHL', 'securityName': 'Ghalemdi Hydro Limited'}, {'totalQuantity': 104026, 'totalOrder': 10, 'securityId': 2751, 'symbol': 'KKHC', 'securityName': 'Khanikhola Hydropower Co. Ltd.'}, {'totalQuantity': 99726, 'totalOrder': 12, 'securityId': 697, 'symbol': 'API', 'securityName': 'Api Power Company Ltd.'}, {'totalQuantity': 98796, 'totalOrder': 8, 'securityId': 2788, 'symbol': 'AKJCL', 'securityName': 'Ankhu Khola Jalvidhyut Company Ltd'}, {'totalQuantity': 93094, 'totalOrder': 13, 'securityId': 2913, 'symbol': 'MEN', 'securityName': 'Mountain Energy Nepal Limited'}, {'totalQuantity': 91980, 'totalOrder': 9, 'securityId': 142, 'symbol': 'KBL', 'securityName': 'Kumari Bank Limited'}, {'totalQuantity': 91126, 'totalOrder': 22, 'securityId': 132, 'symbol': 'NIMB', 'securityName': 'Nepal Investment Mega Bank Limited'}, {'totalQuantity': 88069, 'totalOrder': 10, 'securityId': 9146, 'symbol': 'SMHL', 'securityName': 'Super Madi Hydropower Limited'}, {'totalQuantity': 87800, 'totalOrder': 7, 'securityId': 2867, 'symbol': 'NMB50', 'securityName': 'NMB 50'}, {'totalQuantity': 85735, 'totalOrder': 9, 'securityId': 4968, 'symbol': 'RMF1', 'securityName': 'RBB Mutual Fund 1'}, {'totalQuantity': 85463, 'totalOrder': 7, 'securityId': 171, 'symbol': 'SANIMA', 'securityName': 'Sanima Bank Limited'}, {'totalQuantity': 84690, 'totalOrder': 5, 'securityId': 9259, 'symbol': 'RSY', 'securityName': 'Reliable Samriddhi Yojana'}, {'totalQuantity': 80417, 'totalOrder': 9, 'securityId': 2903, 'symbol': 'LEC', 'securityName': 'Liberty Energy Company Limited'}, {'totalQuantity': 77189, 'totalOrder': 15, 'securityId': 2810, 'symbol': 'UPCL', 'securityName': 'UNIVERSAL POWER COMPANY LTD'}, {'totalQuantity': 76950, 'totalOrder': 5, 'securityId': 2877, 'symbol': 'SFMF', 'securityName': 'Sunrise First Mutual Fund'}, {'totalQuantity': 76098, 'totalOrder': 9, 'securityId': 9245, 'symbol': 'MNMF1', 'securityName': 'Muktinath Mutual Fund 1'}, {'totalQuantity': 74748, 'totalOrder': 14, 'securityId': 341, 'symbol': 'GBIME', 'securityName': 'Global IME Bank Limited'}, {'totalQuantity': 74404, 'totalOrder': 10, 'securityId': 255, 'symbol': 'PRVU', 'securityName': 'Prabhu  Bank Limited'}, {'totalQuantity': 73277, 'totalOrder': 15, 'securityId': 9156, 'symbol': 'TAMOR', 'securityName': 'Sanima Middle Tamor Hydropower Limited'}, {'totalQuantity': 69891, 'totalOrder': 10, 'securityId': 591, 'symbol': 'SHPC', 'securityName': 'Sanima Mai Hydropower Ltd.'}, {'totalQuantity': 69200, 'totalOrder': 13, 'securityId': 2907, 'symbol': 'SSHL', 'securityName': 'Shiva Shree Hydropower Ltd'}, {'totalQuantity': 67585, 'totalOrder': 6, 'securityId': 8133, 'symbol': 'PHCL', 'securityName': 'Peoples Hydropower Company Limited'}, {'totalQuantity': 66219, 'totalOrder': 7, 'securityId': 469, 'symbol': 'NIMBPO', 'securityName': 'Nepal Investment Mega Bank Ltd. Promoter Share'}, {'totalQuantity': 66015, 'totalOrder': 8, 'securityId': 2880, 'symbol': 'HDHPC', 'securityName': 'Himal Dolakha Hydropower Company Limited'}, {'totalQuantity': 65317, 'totalOrder': 8, 'securityId': 9267, 'symbol': 'BHCL', 'securityName': 'Bikash Hydropower Company Limited'}, {'totalQuantity': 63930, 'totalOrder': 6, 'securityId': 8023, 'symbol': 'MMF1', 'securityName': 'Mega Mutual Fund -1'}, {'totalQuantity': 61866, 'totalOrder': 12, 'securityId': 2743, 'symbol': 'NGPL', 'securityName': 'Ngadi Group Power Ltd.'}, {'totalQuantity': 61316, 'totalOrder': 5, 'securityId': 8111, 'symbol': 'HIDCLP', 'securityName': 'Hydorelectricity Investment and Development Company Limited Promoter'}, {'totalQuantity': 60620, 'totalOrder': 7, 'securityId': 8099, 'symbol': 'UHEWA', 'securityName': 'Upper Hewakhola Hydropower Company Limited'}, {'totalQuantity': 59439, 'totalOrder': 7, 'securityId': 145, 'symbol': 'SBL', 'securityName': 'Siddhartha Bank Limited'}, {'totalQuantity': 58429, 'totalOrder': 11, 'securityId': 8055, 'symbol': 'BHL', 'securityName': 'Balephi Hydropower Limited'}, {'totalQuantity': 58381, 'totalOrder': 17, 'securityId': 357, 'symbol': 'PCBL', 'securityName': 'Prime Commercial Bank Ltd.'}, {'totalQuantity': 58042, 'totalOrder': 6, 'securityId': 9173, 'symbol': 'CITY', 'securityName': 'City Hotel Limited'}, {'totalQuantity': 57046, 'totalOrder': 9, 'securityId': 188, 'symbol': 'LICN', 'securityName': 'Life Insurance Corporation (Nepal) Limited'}, {'totalQuantity': 55335, 'totalOrder': 5, 'securityId': 9306, 'symbol': 'RSML', 'securityName': 'Reliance Spinning Mills Limited'}, {'totalQuantity': 52400, 'totalOrder': 5, 'securityId': 9257, 'symbol': 'MBLEF', 'securityName': 'MBL Equity Fund'}, {'totalQuantity': 51344, 'totalOrder': 6, 'securityId': 245, 'symbol': 'CFCL', 'securityName': 'Central Finance Co. Ltd.'}, {'totalQuantity': 45878, 'totalOrder': 7, 'securityId': 8073, 'symbol': 'NICFC', 'securityName': 'NIC Asia Flexi CAP Fund'}, {'totalQuantity': 45504, 'totalOrder': 10, 'securityId': 274, 'symbol': 'EDBL', 'securityName': 'Excel Development Bank Ltd.'}, {'totalQuantity': 44733, 'totalOrder': 8, 'securityId': 2742, 'symbol': 'HIDCL', 'securityName': 'Hydorelectricity Investment and Development Company Ltd'}, {'totalQuantity': 44717, 'totalOrder': 6, 'securityId': 2881, 'symbol': 'NRIC', 'securityName': 'Nepal Reinsurance Company Limited'}, {'totalQuantity': 43922, 'totalOrder': 7, 'securityId': 131, 'symbol': 'NABIL', 'securityName': 'Nabil Bank Limited'}, {'totalQuantity': 43736, 'totalOrder': 13, 'securityId': 134, 'symbol': 'HBL', 'securityName': 'Himalayan Bank Limited'}, {'totalQuantity': 43309, 'totalOrder': 15, 'securityId': 348, 'symbol': 'CZBIL', 'securityName': 'Citizens Bank International Limited'}, {'totalQuantity': 42671, 'totalOrder': 25, 'securityId': 9201, 'symbol': 'SNLI', 'securityName': 'Sun Nepal Life Insurance Company Limited'}, {'totalQuantity': 42270, 'totalOrder': 7, 'securityId': 9296, 'symbol': 'BUNGAL', 'securityName': 'Bungal Hydro Limited'}, {'totalQuantity': 41935, 'totalOrder': 15, 'securityId': 140, 'symbol': 'MBL', 'securityName': 'Machhapuchhre Bank Limited'}, {'totalQuantity': 40790, 'totalOrder': 8, 'securityId': 137, 'symbol': 'EBL', 'securityName': 'Everest Bank Limited'}, {'totalQuantity': 38928, 'totalOrder': 48, 'securityId': 307, 'symbol': 'NTC', 'securityName': 'Nepal Doorsanchar Company Limited'}, {'totalQuantity': 37321, 'totalOrder': 20, 'securityId': 2757, 'symbol': 'AKPL', 'securityName': 'Arun Kabeli Power Ltd.'}, {'totalQuantity': 36900, 'totalOrder': 9, 'securityId': 4947, 'symbol': 'PSF', 'securityName': 'Prabhu Select Fund'}, {'totalQuantity': 36850, 'totalOrder': 6, 'securityId': 2863, 'symbol': 'NICBF', 'securityName': 'NIC Asia Balanced Fund'}, {'totalQuantity': 36014, 'totalOrder': 7, 'securityId': 2934, 'symbol': 'SHEL', 'securityName': 'Singati Hydro Energy Limited'}, {'totalQuantity': 35984, 'totalOrder': 16, 'securityId': 141, 'symbol': 'LSL', 'securityName': 'Laxmi Sunrise Bank Limited'}, {'totalQuantity': 34116, 'totalOrder': 7, 'securityId': 2789, 'symbol': 'JOSHI', 'securityName': 'Joshi Hydropower Development Company Ltd'}, {'totalQuantity': 33843, 'totalOrder': 7, 'securityId': 417, 'symbol': 'GBBL', 'securityName': 'Garima Bikas Bank Limited'}, {'totalQuantity': 32900, 'totalOrder': 12, 'securityId': 2776, 'symbol': 'RADHI', 'securityName': 'Radhi Bidyut Company Ltd'}, {'totalQuantity': 31665, 'totalOrder': 5, 'securityId': 2898, 'symbol': 'NRN', 'securityName': 'NRN Infrastructure and Development Limited'}, {'totalQuantity': 31630, 'totalOrder': 12, 'securityId': 238, 'symbol': 'NMB', 'securityName': 'NMB Bank Limited'}, {'totalQuantity': 31587, 'totalOrder': 6, 'securityId': 360, 'symbol': 'AHPC', 'securityName': 'Arun Valley Hydropower Development Co. Ltd.'}, {'totalQuantity': 31079, 'totalOrder': 11, 'securityId': 9203, 'symbol': 'MEHL', 'securityName': 'Manakamana Engineering Hydropower Limited'}, {'totalQuantity': 28914, 'totalOrder': 17, 'securityId': 2824, 'symbol': 'HURJA', 'securityName': 'Himalaya Urja Bikas Company Limited'}, {'totalQuantity': 28493, 'totalOrder': 18, 'securityId': 2809, 'symbol': 'SHIVM', 'securityName': 'SHIVAM CEMENTS LTD'}, {'totalQuantity': 27640, 'totalOrder': 8, 'securityId': 9345, 'symbol': 'SGHL', 'securityName': 'Sanigad Hydro Limited'}, {'totalQuantity': 26025, 'totalOrder': 12, 'securityId': 9199, 'symbol': 'RNLI', 'securityName': 'Reliable Nepal Life Insurance Limited'}, {'totalQuantity': 25994, 'totalOrder': 6, 'securityId': 516, 'symbol': 'MFIL', 'securityName': 'Manjushree Finance Ltd.'}, {'totalQuantity': 25984, 'totalOrder': 8, 'securityId': 8045, 'symbol': 'GVL', 'securityName': 'Green Ventures Limited'}, {'totalQuantity': 25830, 'totalOrder': 6, 'securityId': 8024, 'symbol': 'NBF3', 'securityName': 'Nabil Balanced Fund-3'}, {'totalQuantity': 24917, 'totalOrder': 11, 'securityId': 135, 'symbol': 'SBI', 'securityName': 'Nepal SBI Bank Limited'}, {'totalQuantity': 24700, 'totalOrder': 5, 'securityId': 9248, 'symbol': 'GSY', 'securityName': 'Garima Samriddhi Yojana'}, {'totalQuantity': 24491, 'totalOrder': 7, 'securityId': 2759, 'symbol': 'SPDL', 'securityName': 'Synergy Power Development Ltd.'}, {'totalQuantity': 24486, 'totalOrder': 16, 'securityId': 8070, 'symbol': 'DORDI', 'securityName': 'Dordi Khola Jal Bidyut Company Limited'}, {'totalQuantity': 24456, 'totalOrder': 6, 'securityId': 8066, 'symbol': 'RFPL', 'securityName': 'River Falls Power Limited'}, {'totalQuantity': 24403, 'totalOrder': 5, 'securityId': 9343, 'symbol': 'TPKHL', 'securityName': 'Taksar Pikhuwa Khola Hydropower Limited'}, {'totalQuantity': 24248, 'totalOrder': 14, 'securityId': 139, 'symbol': 'NICA', 'securityName': 'NIC Asia Bank Ltd.'}, {'totalQuantity': 24207, 'totalOrder': 7, 'securityId': 153, 'symbol': 'BPCL', 'securityName': 'Butwal Power Company Limited'}, {'totalQuantity': 24100, 'totalOrder': 8, 'securityId': 9191, 'symbol': 'C30MF', 'securityName': 'Citizens Super 30 Mutual Fund'}, {'totalQuantity': 24041, 'totalOrder': 8, 'securityId': 9234, 'symbol': 'HRL', 'securityName': 'Himalayan Reinsurance Limited'}, {'totalQuantity': 24010, 'totalOrder': 10, 'securityId': 5982, 'symbol': 'SRLI', 'securityName': 'Sanima Reliance Life Insurance Limited'}, {'totalQuantity': 23303, 'totalOrder': 7, 'securityId': 9329, 'symbol': 'SIPD', 'securityName': 'Shikhar power Development Limited'}, {'totalQuantity': 23200, 'totalOrder': 3, 'securityId': 2770, 'symbol': 'SEF', 'securityName': 'Siddhartha Equity Fund'}, {'totalQuantity': 22168, 'totalOrder': 9, 'securityId': 9303, 'symbol': 'SYPNL', 'securityName': 'SY Panel Nepal Limited'}, {'totalQuantity': 22142, 'totalOrder': 5, 'securityId': 587, 'symbol': 'RLFL', 'securityName': 'Reliance Finance Ltd.'}, {'totalQuantity': 21837, 'totalOrder': 8, 'securityId': 9170, 'symbol': 'DOLTI', 'securityName': 'Dolti Power Company Limited'}, {'totalQuantity': 21446, 'totalOrder': 6, 'securityId': 227, 'symbol': 'BFC', 'securityName': 'Best Finance Company Ltd.'}, {'totalQuantity': 21017, 'totalOrder': 9, 'securityId': 9208, 'symbol': 'ULHC', 'securityName': 'Upper Lohore Khola Hydropower Company Limited'}, {'totalQuantity': 20817, 'totalOrder': 12, 'securityId': 2924, 'symbol': 'GLH', 'securityName': 'GreenLife Hydropower Limited'}, {'totalQuantity': 20813, 'totalOrder': 7, 'securityId': 178, 'symbol': 'NLICL', 'securityName': 'National Life Insurance Co. Ltd.'}, {'totalQuantity': 20666, 'totalOrder': 11, 'securityId': 9336, 'symbol': 'SOPL', 'securityName': 'Sopan Pharmaceuticals Limited'}, {'totalQuantity': 20033, 'totalOrder': 12, 'securityId': 235, 'symbol': 'HDL', 'securityName': 'Himalayan Distillery Limited'}, {'totalQuantity': 19851, 'totalOrder': 14, 'securityId': 9179, 'symbol': 'MEL', 'securityName': 'Modi Energy Limited'}, {'totalQuantity': 19406, 'totalOrder': 7, 'securityId': 8100, 'symbol': 'SGHC', 'securityName': 'Swet-Ganga Hydropower & Construction Limited '}, {'totalQuantity': 19369, 'totalOrder': 5, 'securityId': 9323, 'symbol': 'SKHL', 'securityName': 'Super Khudi Hydropower Limited'}, {'totalQuantity': 19258, 'totalOrder': 10, 'securityId': 9342, 'symbol': 'YMHL', 'securityName': 'Yambaling Hydropower Limited'}, {'totalQuantity': 18965, 'totalOrder': 7, 'securityId': 401, 'symbol': 'MLBL', 'securityName': 'Mahalaxmi Bikas Bank Ltd.'}, {'totalQuantity': 18784, 'totalOrder': 9, 'securityId': 2841, 'symbol': 'RHPL', 'securityName': 'RASUWAGADHI HYDROPOWER COMPANY LIMITED'}, {'totalQuantity': 18719, 'totalOrder': 9, 'securityId': 263, 'symbol': 'GMFIL', 'securityName': 'Guheshowori Merchant Bank & Finance Co. Ltd.'}, {'totalQuantity': 18634, 'totalOrder': 12, 'securityId': 459, 'symbol': 'KSBBL', 'securityName': 'Kamana Sewa Bikas Bank Limited'}, {'totalQuantity': 18590, 'totalOrder': 15, 'securityId': 8076, 'symbol': 'HHL', 'securityName': 'Himalayan Hydropower Limited'}, {'totalQuantity': 18525, 'totalOrder': 6, 'securityId': 182, 'symbol': 'SPIL', 'securityName': 'Siddhartha Premier Insurance Limited'}, {'totalQuantity': 18010, 'totalOrder': 7, 'securityId': 9149, 'symbol': 'MKHC', 'securityName': 'Maya Khola Hydropower Company Limited'}, {'totalQuantity': 17815, 'totalOrder': 10, 'securityId': 490, 'symbol': 'FMDBL', 'securityName': 'First Micro Finance Laghubitta Bittiya Sanstha Limited'}, {'totalQuantity': 17790, 'totalOrder': 6, 'securityId': 9293, 'symbol': 'DHEL', 'securityName': 'Daramkhola Hydro Energy Limited'}, {'totalQuantity': 17724, 'totalOrder': 8, 'securityId': 9242, 'symbol': 'SARBTM', 'securityName': 'Sarbottam Cement Limited'}, {'totalQuantity': 17360, 'totalOrder': 9, 'securityId': 2860, 'symbol': 'SAPDBL', 'securityName': 'Saptakoshi Development Bank Ltd'}, {'totalQuantity': 17358, 'totalOrder': 7, 'securityId': 686, 'symbol': 'BARUN', 'securityName': 'Barun Hydropower Co. Ltd.'}, {'totalQuantity': 17330, 'totalOrder': 8, 'securityId': 2919, 'symbol': 'NIFRA', 'securityName': 'Nepal Infrastructure Bank Limited'}, {'totalQuantity': 17292, 'totalOrder': 11, 'securityId': 9346, 'symbol': 'KAHL', 'securityName': 'Kalanga Hydro Limited'}, {'totalQuantity': 17080, 'totalOrder': 7, 'securityId': 9166, 'symbol': 'MAKAR', 'securityName': 'Makar Jitumaya Suri Hydropower Limited'}, {'totalQuantity': 17060, 'totalOrder': 9, 'securityId': 133, 'symbol': 'SCB', 'securityName': 'Standard Chartered Bank Limited'}, {'totalQuantity': 16759, 'totalOrder': 6, 'securityId': 473, 'symbol': 'SHINE', 'securityName': 'Shine Resunga Development Bank Ltd.'}, {'totalQuantity': 16755, 'totalOrder': 16, 'securityId': 9148, 'symbol': 'SMH', 'securityName': 'Super Mai Hydropower Limited'}, {'totalQuantity': 16543, 'totalOrder': 9, 'securityId': 154, 'symbol': 'CHCL', 'securityName': 'Chilime Hydropower Company Limited'}, {'totalQuantity': 16377, 'totalOrder': 8, 'securityId': 9330, 'symbol': 'PCIL', 'securityName': 'Palpa Cement Industries Limited'}, {'totalQuantity': 16206, 'totalOrder': 9, 'securityId': 450, 'symbol': 'CORBL', 'securityName': 'Corporate Development Bank Limited'}, {'totalQuantity': 15975, 'totalOrder': 7, 'securityId': 474, 'symbol': 'MNBBL', 'securityName': 'Muktinath Bikas Bank Ltd.'}, {'totalQuantity': 15953, 'totalOrder': 12, 'securityId': 187, 'symbol': 'NLIC', 'securityName': 'Nepal Life Insurance Co. Ltd.'}, {'totalQuantity': 15800, 'totalOrder': 6, 'securityId': 9221, 'symbol': 'H8020', 'securityName': 'Himalayan 80-20'}, {'totalQuantity': 15718, 'totalOrder': 11, 'securityId': 9301, 'symbol': 'SAIL', 'securityName': 'Shreenagar Agritech Industries Limited'}, {'totalQuantity': 15686, 'totalOrder': 7, 'securityId': 2744, 'symbol': 'GRDBL', 'securityName': 'Green Development Bank Ltd.'}, {'totalQuantity': 15521, 'totalOrder': 12, 'securityId': 186, 'symbol': 'IGI', 'securityName': 'IGI Prudential insurance Limited'}, {'totalQuantity': 15482, 'totalOrder': 14, 'securityId': 418, 'symbol': 'JBBL', 'securityName': 'Jyoti Bikas Bank Limited'}, {'totalQuantity': 15423, 'totalOrder': 13, 'securityId': 8022, 'symbol': 'TPC', 'securityName': 'Terhathum Power Company Limited'}, {'totalQuantity': 15355, 'totalOrder': 5, 'securityId': 9241, 'symbol': 'KSY', 'securityName': 'Kumari Sabal Yojana'}, {'totalQuantity': 15000, 'totalOrder': 4, 'securityId': 2937, 'symbol': 'SBCF', 'securityName': 'Sunrise Bluechip Fund'}, {'totalQuantity': 14385, 'totalOrder': 7, 'securityId': 574, 'symbol': 'SKBBL', 'securityName': 'Sana Kisan Bikas Laghubitta Bittiya Sanstha Limited'}, {'totalQuantity': 14165, 'totalOrder': 7, 'securityId': 9305, 'symbol': 'SABBL', 'securityName': 'Salapa Bikas Bank Limited'}, {'totalQuantity': 13890, 'totalOrder': 10, 'securityId': 397, 'symbol': 'ADBL', 'securityName': 'Agricultural Development Bank Limited'}, {'totalQuantity': 13874, 'totalOrder': 7, 'securityId': 204, 'symbol': 'GUFL', 'securityName': 'Gurkhas Finance Ltd.'}, {'totalQuantity': 13833, 'totalOrder': 8, 'securityId': 9171, 'symbol': 'BEDC', 'securityName': 'Bhugol Energy Development Company Limited'}, {'totalQuantity': 13797, 'totalOrder': 6, 'securityId': 147, 'symbol': 'SHL', 'securityName': 'Soaltee Hotel Limited'}, {'totalQuantity': 13610, 'totalOrder': 5, 'securityId': 4949, 'symbol': 'NIBSF2', 'securityName': 'NIBL Samriddhi Fund -2'}, {'totalQuantity': 13282, 'totalOrder': 14, 'securityId': 9159, 'symbol': 'SMJC', 'securityName': 'Sagarmatha Jalabidhyut Company Limited'}, {'totalQuantity': 13259, 'totalOrder': 23, 'securityId': 164, 'symbol': 'CBBL', 'securityName': 'Chhimek Laghubitta Bittiya Sanstha Limited'}, {'totalQuantity': 13240, 'totalOrder': 12, 'securityId': 9348, 'symbol': 'SEF2', 'securityName': 'Siddhartha Equity Fund 2'}, {'totalQuantity': 12970, 'totalOrder': 6, 'securityId': 9181, 'symbol': 'RAWA', 'securityName': 'Rawa Energy Development Limited'}, {'totalQuantity': 12850, 'totalOrder': 12, 'securityId': 9322, 'symbol': 'BJHL', 'securityName': 'Bhujung Hydropower Limited'}, {'totalQuantity': 12847, 'totalOrder': 8, 'securityId': 176, 'symbol': 'NICL', 'securityName': 'Nepal Insurance Co. Ltd.'}, {'totalQuantity': 12639, 'totalOrder': 6, 'securityId': 2859, 'symbol': 'SIGS2', 'securityName': 'Siddhartha Investment Growth Scheme - 2'}, {'totalQuantity': 12585, 'totalOrder': 6, 'securityId': 9196, 'symbol': 'KBSH', 'securityName': 'Kutheli Bukhari Small Hydropower Limited'}, {'totalQuantity': 12206, 'totalOrder': 28, 'securityId': 9209, 'symbol': 'CLI', 'securityName': 'Citizen Life Insurance Company Limited'}, {'totalQuantity': 12021, 'totalOrder': 7, 'securityId': 8025, 'symbol': 'SPC', 'securityName': 'Samling Power Company Limited'}, {'totalQuantity': 11822, 'totalOrder': 7, 'securityId': 471, 'symbol': 'MPFL', 'securityName': 'Multipurpose Finance Company  Limited'}, {'totalQuantity': 11648, 'totalOrder': 7, 'securityId': 472, 'symbol': 'SADBL', 'securityName': 'Shangrila Development Bank Ltd.'}, {'totalQuantity': 11517, 'totalOrder': 7, 'securityId': 194, 'symbol': 'NFS', 'securityName': 'Nepal Finance Ltd.'}, {'totalQuantity': 11515, 'totalOrder': 14, 'securityId': 8031, 'symbol': 'MBJC', 'securityName': 'Madhya Bhotekoshi Jalavidyut Company Limited'}, {'totalQuantity': 11358, 'totalOrder': 10, 'securityId': 9347, 'symbol': 'ECL', 'securityName': 'Everest Colour Limited'}, {'totalQuantity': 11317, 'totalOrder': 14, 'securityId': 9308, 'symbol': 'HFIN', 'securityName': 'Hotel Forest Inn Limited'}, {'totalQuantity': 11311, 'totalOrder': 11, 'securityId': 2831, 'symbol': 'UNHPL', 'securityName': 'Union Hydropower Limited'}, {'totalQuantity': 11248, 'totalOrder': 16, 'securityId': 8032, 'symbol': 'BNHC', 'securityName': 'Buddha Bhumi Nepal Hydropower Company Limited'}, {'totalQuantity': 10658, 'totalOrder': 6, 'securityId': 8075, 'symbol': 'BHDC', 'securityName': 'Bindhyabasini Hydropower Development Company Limited'}, {'totalQuantity': 10605, 'totalOrder': 13, 'securityId': 9287, 'symbol': 'MABEL', 'securityName': 'Mabilung Energy Limited'}, {'totalQuantity': 10546, 'totalOrder': 7, 'securityId': 8126, 'symbol': 'SIKLES', 'securityName': 'Sikles Hydropower Limited'}, {'totalQuantity': 10540, 'totalOrder': 11, 'securityId': 172, 'symbol': 'NABBC', 'securityName': 'Narayani Development Bank Limited'}, {'totalQuantity': 10463, 'totalOrder': 8, 'securityId': 8122, 'symbol': 'PPL', 'securityName': ""People's Power Limited""}, {'totalQuantity': 10428, 'totalOrder': 8, 'securityId': 561, 'symbol': 'SINDU', 'securityName': 'Sindhu Bikash Bank Ltd'}, {'totalQuantity': 10399, 'totalOrder': 8, 'securityId': 9225, 'symbol': 'VLUCL', 'securityName': 'Vision Lumbini Urja Company Limited '}, {'totalQuantity': 10343, 'totalOrder': 10, 'securityId': 2766, 'symbol': 'CHL', 'securityName': 'Chhyangdi Hydropower Ltd.'}, {'totalQuantity': 10292, 'totalOrder': 8, 'securityId': 705, 'symbol': 'GILB', 'securityName': 'Global IME Laghubitta Bittiya Sanstha Ltd.'}, {'totalQuantity': 10289, 'totalOrder': 5, 'securityId': 9218, 'symbol': 'TVCL', 'securityName': 'Trishuli Jal Vidhyut Company Limited '}, {'totalQuantity': 10235, 'totalOrder': 6, 'securityId': 2811, 'symbol': 'MHNL', 'securityName': 'Mountain Hydro Nepal Limited'}, {'totalQuantity': 10063, 'totalOrder': 8, 'securityId': 9252, 'symbol': 'CREST', 'securityName': 'Crest Micro Life Insurance Limited'}, {'totalQuantity': 9967, 'totalOrder': 10, 'securityId': 2813, 'symbol': 'PPCL', 'securityName': 'Panchthar Power Compant Limited'}, {'totalQuantity': 9933, 'totalOrder': 9, 'securityId': 9263, 'symbol': 'SANVI', 'securityName': 'Sanvi Energy Limited'}, {'totalQuantity': 9840, 'totalOrder': 16, 'securityId': 9212, 'symbol': 'MANDU', 'securityName': 'Mandu Hydropower Limited'}, {'totalQuantity': 9714, 'totalOrder': 12, 'securityId': 358, 'symbol': 'LBBL', 'securityName': 'Lumbini Bikas Bank Ltd.'}, {'totalQuantity': 9662, 'totalOrder': 5, 'securityId': 8104, 'symbol': 'USHEC', 'securityName': 'Upper Solu Hydro Electric Company Limited'}, {'totalQuantity': 9625, 'totalOrder': 7, 'securityId': 2786, 'symbol': 'PMHPL', 'securityName': 'Panchakanya Mai Hydropower Ltd'}, {'totalQuantity': 9545, 'totalOrder': 7, 'securityId': 371, 'symbol': 'MDB', 'securityName': 'Miteri Development Bank Limited'}, {'totalQuantity': 9460, 'totalOrder': 4, 'securityId': 2835, 'symbol': 'NBF2', 'securityName': 'NABIL BALANCED FUND-2'}, {'totalQuantity': 9451, 'totalOrder': 5, 'securityId': 268, 'symbol': 'SWBBL', 'securityName': 'Swabalamban Laghubitta Bittiya Sanstha Limited'}, {'totalQuantity': 9296, 'totalOrder': 7, 'securityId': 9213, 'symbol': 'HATHY', 'securityName': 'Hathway Investment Nepal Limited'}, {'totalQuantity': 9224, 'totalOrder': 9, 'securityId': 393, 'symbol': 'HLI', 'securityName': 'Himalayan Life Insurance Limited'}, {'totalQuantity': 9152, 'totalOrder': 9, 'securityId': 9183, 'symbol': 'NRM', 'securityName': 'Nepal Republic Media Limited'}, {'totalQuantity': 9030, 'totalOrder': 11, 'securityId': 9351, 'symbol': 'RSY2', 'securityName': 'Reliable Samriddhi Yojana -2'}, {'totalQuantity': 9004, 'totalOrder': 5, 'securityId': 9216, 'symbol': 'SONA', 'securityName': 'Sonapur Minerals And Oil Limited'}, {'totalQuantity': 8889, 'totalOrder': 5, 'securityId': 232, 'symbol': 'GFCL', 'securityName': 'Goodwill Finance Limited'}, {'totalQuantity': 8826, 'totalOrder': 9, 'securityId': 2754, 'symbol': 'DHPL', 'securityName': 'Dibyashwori Hydropower Ltd.'}, {'totalQuantity': 8724, 'totalOrder': 16, 'securityId': 9184, 'symbol': 'ILI', 'securityName': 'IME Life Insurance Company Limited'}, {'totalQuantity': 8577, 'totalOrder': 8, 'securityId': 396, 'symbol': 'NMLBBL', 'securityName': 'Nerude Mirmire Laghubitta Bittiya Sanstha Limited'}, {'totalQuantity': 8472, 'totalOrder': 7, 'securityId': 9135, 'symbol': 'BHPL', 'securityName': 'Barahi Hydropower Public Limited'}, {'totalQuantity': 8426, 'totalOrder': 8, 'securityId': 2914, 'symbol': 'UMRH', 'securityName': 'United IDI Mardi RB Hydropower Limited.'}, {'totalQuantity': 8380, 'totalOrder': 7, 'securityId': 1741, 'symbol': 'MERO', 'securityName': 'Mero Microfinance Bittiya Sanstha Ltd.'}, {'totalQuantity': 8310, 'totalOrder': 5, 'securityId': 8131, 'symbol': 'EHPL', 'securityName': 'Eastern Hydropower Limited'}, {'totalQuantity': 8125, 'totalOrder': 8, 'securityId': 2787, 'symbol': 'KPCL', 'securityName': 'Kalika power Company Ltd'}, {'totalQuantity': 8123, 'totalOrder': 9, 'securityId': 166, 'symbol': 'DDBL', 'securityName': 'Deprosc Laghubitta Bittiya Sanstha Limited'}, {'totalQuantity': 8078, 'totalOrder': 8, 'securityId': 9217, 'symbol': 'MMKJL', 'securityName': 'Mathillo Mailun Khola Jalvidhyut Limited'}, {'totalQuantity': 8010, 'totalOrder': 12, 'securityId': 338, 'symbol': 'PROFL', 'securityName': 'Progressive Finance Limited'}, {'totalQuantity': 7950, 'totalOrder': 3, 'securityId': 9304, 'symbol': 'CSY', 'securityName': 'Citizens Santulit Yojana'}, {'totalQuantity': 7800, 'totalOrder': 5, 'securityId': 2923, 'symbol': 'SLCF', 'securityName': 'Sanima Large Cap Fund'}, {'totalQuantity': 7776, 'totalOrder': 13, 'securityId': 385, 'symbol': 'ALICL', 'securityName': 'Asian Life Insurance Co. Limited'}, {'totalQuantity': 7683, 'totalOrder': 6, 'securityId': 2746, 'symbol': 'NMFBS', 'securityName': 'National Laghubitta Bittiya Sanstha Limited'}, {'totalQuantity': 7524, 'totalOrder': 11, 'securityId': 9324, 'symbol': 'RLEL', 'securityName': 'Ridge Line Energy Limited'}, {'totalQuantity': 7248, 'totalOrder': 14, 'securityId': 9344, 'symbol': 'SNORL', 'securityName': 'Snow Rivers Limited'}, {'totalQuantity': 7127, 'totalOrder': 11, 'securityId': 2908, 'symbol': 'SGIC', 'securityName': 'Sanima GIC Insurance Limited'}, {'totalQuantity': 6921, 'totalOrder': 8, 'securityId': 559, 'symbol': 'NLG', 'securityName': 'NLG Insurance Company Ltd.'}, {'totalQuantity': 6806, 'totalOrder': 7, 'securityId': 2769, 'symbol': 'NHDL', 'securityName': 'Nepal Hydro Developers Ltd.'}, {'totalQuantity': 6802, 'totalOrder': 9, 'securityId': 8108, 'symbol': 'RHGCL', 'securityName': 'Rapti Hydro And General Construction Limited'}, {'totalQuantity': 6750, 'totalOrder': 6, 'securityId': 9290, 'symbol': 'HLICF', 'securityName': 'HLI Large Cap Fund'}, {'totalQuantity': 6709, 'totalOrder': 5, 'securityId': 180, 'symbol': 'UAIL', 'securityName': 'United Ajod Insurance Limited'}, {'totalQuantity': 6550, 'totalOrder': 6, 'securityId': 8065, 'symbol': 'CYCL', 'securityName': 'CYC Nepal Laghubitta Bittiya Sanstha Limited'}, {'totalQuantity': 6500, 'totalOrder': 4, 'securityId': 4967, 'symbol': 'NICSF', 'securityName': 'NIC Asia Select Fund 30'}, {'totalQuantity': 6254, 'totalOrder': 6, 'securityId': 244, 'symbol': 'SIFC', 'securityName': 'Shree Investment Finance Co. Ltd.'}, {'totalQuantity': 6226, 'totalOrder': 6, 'securityId': 9297, 'symbol': 'BANDIPUR', 'securityName': 'Bandipur Cablecar and Tourism Limited'}, {'totalQuantity': 6218, 'totalOrder': 6, 'securityId': 8005, 'symbol': 'MKJC', 'securityName': 'Mailung Khola Jal Vidhyut Company Limited'}, {'totalQuantity': 6050, 'totalOrder': 5, 'securityId': 179, 'symbol': 'HEI', 'securityName': 'Himalayan Everest Insurance Limited'}, {'totalQuantity': 6045, 'totalOrder': 6, 'securityId': 210, 'symbol': 'CIT', 'securityName': 'Citizen Investment Trust'}, {'totalQuantity': 6007, 'totalOrder': 17, 'securityId': 9194, 'symbol': 'TSHL', 'securityName': 'Three Star Hydropower Limited'}, {'totalQuantity': 5984, 'totalOrder': 6, 'securityId': 2917, 'symbol': 'CGH', 'securityName': 'Chandragiri Hills Limited'}, {'totalQuantity': 5978, 'totalOrder': 12, 'securityId': 2768, 'symbol': 'MSLB', 'securityName': 'Mahuli Laghubitta Bittiya Sanstha Limited'}, {'totalQuantity': 5890, 'totalOrder': 11, 'securityId': 2842, 'symbol': 'SJCL', 'securityName': 'SANJEN JALAVIDHYUT COMPANY LIMITED'}, {'totalQuantity': 5713, 'totalOrder': 7, 'securityId': 9334, 'symbol': 'KHPL', 'securityName': 'Kalinchock Hydropower Limited'}, {'totalQuantity': 5681, 'totalOrder': 10, 'securityId': 250, 'symbol': 'JFL', 'securityName': 'Janaki Finance Company Limited'}, {'totalQuantity': 5607, 'totalOrder': 9, 'securityId': 9294, 'symbol': 'SAGAR', 'securityName': 'Sagar Distillery Limited'}, {'totalQuantity': 5600, 'totalOrder': 3, 'securityId': 9178, 'symbol': 'RMF2', 'securityName': 'RBB Mutual Fund 2'}, {'totalQuantity': 5503, 'totalOrder': 15, 'securityId': 9176, 'symbol': 'IHL', 'securityName': 'Ingwa Hydropower Limited'}, {'totalQuantity': 5470, 'totalOrder': 6, 'securityId': 9258, 'symbol': 'PURE', 'securityName': 'Pure Energy Limited'}, {'totalQuantity': 5319, 'totalOrder': 6, 'securityId': 185, 'symbol': 'SALICO', 'securityName': 'Sagarmatha Lumbini Insurance Co. Limited'}, {'totalQuantity': 5313, 'totalOrder': 5, 'securityId': 8098, 'symbol': 'SBLD89', 'securityName': '10.75% SBL Debenture 2089'}, {'totalQuantity': 5273, 'totalOrder': 5, 'securityId': 8123, 'symbol': 'DLBS', 'securityName': 'Dhaulagiri Laghubitta Bittiya Sanstha Limited'}, {'totalQuantity': 5188, 'totalOrder': 11, 'securityId': 545, 'symbol': 'SLBBL', 'securityName': 'Swarojgar Laghubitta Bittiya Sanstha Ltd.'}, {'totalQuantity': 5040, 'totalOrder': 6, 'securityId': 2758, 'symbol': 'FOWAD', 'securityName': 'Forward Microfinance Laghubitta Bittiya Sanstha Limited'}, {'totalQuantity': 5022, 'totalOrder': 11, 'securityId': 192, 'symbol': 'SICL', 'securityName': 'Shikhar Insurance Co. Ltd.'}, {'totalQuantity': 4952, 'totalOrder': 8, 'securityId': 9175, 'symbol': 'MCHL', 'securityName': 'Menchhiyam Hydropower Limited'}, {'totalQuantity': 4815, 'totalOrder': 11, 'securityId': 8026, 'symbol': 'NYADI', 'securityName': 'Nyadi Hydropower Limited'}, {'totalQuantity': 4762, 'totalOrder': 14, 'securityId': 4951, 'symbol': 'JBLB', 'securityName': 'Jeevan Bikas Laghubitta  Bittya Sanstha Ltd'}, {'totalQuantity': 4712, 'totalOrder': 7, 'securityId': 9262, 'symbol': 'TTL', 'securityName': 'Trade Tower Limited'}, {'totalQuantity': 4710, 'totalOrder': 6, 'securityId': 8041, 'symbol': 'NESDO', 'securityName': 'NESDO Sambridha Laghubitta Bittiya Sanstha Limited'}, {'totalQuantity': 4362, 'totalOrder': 8, 'securityId': 183, 'symbol': 'NIL', 'securityName': 'Neco Insurance Limited'}, {'totalQuantity': 4357, 'totalOrder': 5, 'securityId': 2774, 'symbol': 'USLB', 'securityName': 'Unnati Sahakarya Laghubitta Bittiya Sanstha Limited'}, {'totalQuantity': 4339, 'totalOrder': 11, 'securityId': 9193, 'symbol': 'GCIL', 'securityName': 'Ghorahi Cement Industry Limited'}, {'totalQuantity': 4239, 'totalOrder': 33, 'securityId': 403, 'symbol': 'SJLIC', 'securityName': 'SuryaJyoti Life Insurance Company Limited'}, {'totalQuantity': 4180, 'totalOrder': 5, 'securityId': 2935, 'symbol': 'RURU', 'securityName': 'Ru Ru Jalbidhyut Pariyojana Limited'}, {'totalQuantity': 4123, 'totalOrder': 11, 'securityId': 687, 'symbol': 'VLBS', 'securityName': 'Vijaya laghubitta Bittiya Sanstha Ltd.'}, {'totalQuantity': 4100, 'totalOrder': 4, 'securityId': 9139, 'symbol': 'SAGF', 'securityName': 'Sanima Growth Fund'}, {'totalQuantity': 4098, 'totalOrder': 11, 'securityId': 2887, 'symbol': 'NICLBSL', 'securityName': 'NIC ASIA Laghubitta Bittiya Sanstha Limited'}, {'totalQuantity': 4038, 'totalOrder': 5, 'securityId': 9270, 'symbol': 'HIMSTAR', 'securityName': 'Him Star Urja Company Limited'}, {'totalQuantity': 4008, 'totalOrder': 8, 'securityId': 2748, 'symbol': 'RSDC', 'securityName': 'RSDC Laghubitta Bittiya Sanstha Ltd.'}, {'totalQuantity': 3983, 'totalOrder': 8, 'securityId': 163, 'symbol': 'NUBL', 'securityName': 'Nirdhan Utthan Laghubitta Bittiya Sanstha Limited'}, {'totalQuantity': 3890, 'totalOrder': 3, 'securityId': 9236, 'symbol': 'NICGF2', 'securityName': 'NIC ASIA Growth Fund-2'}, {'totalQuantity': 3883, 'totalOrder': 6, 'securityId': 3946, 'symbol': 'CHDC', 'securityName': 'CEDB Holdings Limited'}, {'totalQuantity': 3835, 'totalOrder': 5, 'securityId': 593, 'symbol': 'KMCDB', 'securityName': 'Kalika Laghubitta Bittiya Sanstha Ltd'}, {'totalQuantity': 3785, 'totalOrder': 6, 'securityId': 2807, 'symbol': 'ALBSL', 'securityName': 'Asha Laghubitta Bittiya Sanstha Ltd'}, {'totalQuantity': 3663, 'totalOrder': 9, 'securityId': 704, 'symbol': 'NMBMF', 'securityName': 'NMB  Microfinance Bittiya Sanstha Ltd.'}, {'totalQuantity': 3606, 'totalOrder': 5, 'securityId': 9300, 'symbol': 'JHAPA', 'securityName': 'Jhapa Energy Limited'}, {'totalQuantity': 3576, 'totalOrder': 7, 'securityId': 693, 'symbol': 'HLBSL', 'securityName': 'Himalayan Laghubitta Bittiya Sanstha Limited'}, {'totalQuantity': 3459, 'totalOrder': 7, 'securityId': 273, 'symbol': 'ICFC', 'securityName': 'ICFC Finance Limited'}, {'totalQuantity': 3453, 'totalOrder': 9, 'securityId': 9167, 'symbol': 'MKHL', 'securityName': 'Mai Khola Hydropower Limited'}, {'totalQuantity': 3380, 'totalOrder': 6, 'securityId': 148, 'symbol': 'TRH', 'securityName': 'Taragaon Regency Hotel Limited'}, {'totalQuantity': 3367, 'totalOrder': 8, 'securityId': 583, 'symbol': 'GBLBS', 'securityName': 'Grameen Bikas Laghubitta Bittiya Sanstha Ltd.'}, {'totalQuantity': 3329, 'totalOrder': 8, 'securityId': 9232, 'symbol': 'CKHL', 'securityName': 'Chirkhwa Hydropower Limited '}, {'totalQuantity': 3311, 'totalOrder': 7, 'securityId': 9192, 'symbol': 'USHL', 'securityName': 'Upper Syange Hydropower Limited'}, {'totalQuantity': 3279, 'totalOrder': 9, 'securityId': 2832, 'symbol': 'ILBS', 'securityName': 'Infinity Laghubitta Bittiya Sanstha Limited'}, {'totalQuantity': 3095, 'totalOrder': 11, 'securityId': 9337, 'symbol': 'APHL', 'securityName': 'Appolo Hydropower Limited'}, {'totalQuantity': 3044, 'totalOrder': 8, 'securityId': 9246, 'symbol': 'GMLI', 'securityName': 'Guardian Micro Life Insurance Limited '}, {'totalQuantity': 3039, 'totalOrder': 8, 'securityId': 8102, 'symbol': 'MHL', 'securityName': 'Mandakini Hydropower Limited'}, {'totalQuantity': 2903, 'totalOrder': 9, 'securityId': 601, 'symbol': 'MLBBL', 'securityName': 'Mithila LaghuBitta Bittiya Sanstha Limited'}, {'totalQuantity': 2767, 'totalOrder': 10, 'securityId': 2915, 'symbol': 'PMLI', 'securityName': 'Prabhu Mahalaxmi Life Insurance Limited'}, {'totalQuantity': 2755, 'totalOrder': 9, 'securityId': 9215, 'symbol': 'MSHL', 'securityName': 'Mid Solu Hydropower Limited'}, {'totalQuantity': 2678, 'totalOrder': 7, 'securityId': 2771, 'symbol': 'SMB', 'securityName': 'Support Microfinance Bittiya Sanstha Ltd.'}, {'totalQuantity': 2583, 'totalOrder': 15, 'securityId': 9256, 'symbol': 'OMPL', 'securityName': 'Om Megashree Pharmaceuticals Limited'}, {'totalQuantity': 2479, 'totalOrder': 9, 'securityId': 184, 'symbol': 'PRIN', 'securityName': 'Prabhu Insurance Ltd.'}, {'totalQuantity': 2420, 'totalOrder': 4, 'securityId': 9198, 'symbol': 'LVF2', 'securityName': 'Laxmi Value Fund 2'}, {'totalQuantity': 2415, 'totalOrder': 6, 'securityId': 8117, 'symbol': 'AVYAN', 'securityName': 'Aviyan Laghubitta Bittiya Sanstha Limited'}, {'totalQuantity': 2360, 'totalOrder': 6, 'securityId': 149, 'symbol': 'OHL', 'securityName': 'Oriental Hotels Limited'}, {'totalQuantity': 2359, 'totalOrder': 7, 'securityId': 8121, 'symbol': 'SPHL', 'securityName': 'Sayapatri Hydropower Limited'}, {'totalQuantity': 2252, 'totalOrder': 8, 'securityId': 9147, 'symbol': 'SPL', 'securityName': 'Shuvam Power Limited'}, {'totalQuantity': 2233, 'totalOrder': 6, 'securityId': 706, 'symbol': 'SWMF', 'securityName': 'Suryodaya Womi Laghubitta Bittiya Sanstha Limited'}, {'totalQuantity': 2196, 'totalOrder': 8, 'securityId': 9250, 'symbol': 'NMIC', 'securityName': 'Nepal Micro Insurance Company Limited'}, {'totalQuantity': 2097, 'totalOrder': 6, 'securityId': 9214, 'symbol': 'BGWT', 'securityName': 'Bhagawati Hydropower Development Company Limited'}, {'totalQuantity': 2094, 'totalOrder': 5, 'securityId': 2886, 'symbol': 'ADBLD83', 'securityName': '10.35% Agricultural Bank Debenture 2083'}, {'totalQuantity': 2072, 'totalOrder': 10, 'securityId': 9158, 'symbol': 'MHCL', 'securityName': 'Molung Hydropower Company Limited'}, {'totalQuantity': 1928, 'totalOrder': 5, 'securityId': 2804, 'symbol': 'SLBSL', 'securityName': 'Samudayik Laghubitta Bittiya Sanstha Limited'}, {'totalQuantity': 1870, 'totalOrder': 5, 'securityId': 8063, 'symbol': 'ULBSL', 'securityName': 'Upakar Laghubitta Bittiya Sanstha Limited'}, {'totalQuantity': 1800, 'totalOrder': 12, 'securityId': 9349, 'symbol': 'SAEF2', 'securityName': 'Sanima Equity Fund-2'}, {'totalQuantity': 1787, 'totalOrder': 6, 'securityId': 2815, 'symbol': 'GMFBS', 'securityName': 'Ganapati Laghubitta Bittiya Sanstha Limited'}, {'totalQuantity': 1719, 'totalOrder': 7, 'securityId': 9151, 'symbol': 'KDL', 'securityName': 'Kalinchowk Darshan Limited'}, {'totalQuantity': 1715, 'totalOrder': 12, 'securityId': 2896, 'symbol': 'SMPDA', 'securityName': 'Sampada Laghubitta Bittiya Sanstha Limited'}, {'totalQuantity': 1540, 'totalOrder': 6, 'securityId': 9233, 'symbol': 'NWCL', 'securityName': 'Nepal Warehousing Company Limited '}, {'totalQuantity': 1533, 'totalOrder': 9, 'securityId': 2761, 'symbol': 'SMATA', 'securityName': 'Samata Gharelu Laghubitta Bittiya Sanstha Limited'}, {'totalQuantity': 1525, 'totalOrder': 5, 'securityId': 9299, 'symbol': 'NABILD2089', 'securityName': '7% Nabil Debenture 2089'}, {'totalQuantity': 1473, 'totalOrder': 7, 'securityId': 9150, 'symbol': 'AHL', 'securityName': 'Asian Hydropower Limited'}, {'totalQuantity': 1413, 'totalOrder': 6, 'securityId': 155, 'symbol': 'STC', 'securityName': 'Salt Trading Corporation'}, {'totalQuantity': 1374, 'totalOrder': 6, 'securityId': 156, 'symbol': 'BBC', 'securityName': 'Bishal Bazar Company Limited'}, {'totalQuantity': 1320, 'totalOrder': 6, 'securityId': 2829, 'symbol': 'SMFBS', 'securityName': 'Swabhimaan Laghubitta Bittiya Sanstha Limited'}, {'totalQuantity': 1317, 'totalOrder': 9, 'securityId': 9140, 'symbol': 'UNLB', 'securityName': 'Unique Nepal Laghubitta Bittiya Sanstha Limited'}, {'totalQuantity': 1300, 'totalOrder': 5, 'securityId': 9312, 'symbol': 'NSY', 'securityName': 'Nepal Life Samriddhi Lagani Yojana'}, {'totalQuantity': 1205, 'totalOrder': 7, 'securityId': 2790, 'symbol': 'ACLBSL', 'securityName': 'Aarambha Chautari Laghubitta Bittiya Sanstha Limited'}, {'totalQuantity': 1202, 'totalOrder': 11, 'securityId': 9230, 'symbol': 'MKCL', 'securityName': 'Muktinath Krishi Company Limited'}, {'totalQuantity': 1100, 'totalOrder': 10, 'securityId': 9325, 'symbol': 'SKHEL', 'securityName': 'Suryakunda Hydro Electric Limited'}, {'totalQuantity': 1023, 'totalOrder': 3, 'securityId': 2864, 'symbol': 'SBLD83', 'securityName': '10.25% SBL Debenture 2083'}, {'totalQuantity': 1001, 'totalOrder': 6, 'securityId': 2784, 'symbol': 'NADEP', 'securityName': 'Nadep Laghubittiya bittya Sanstha Ltd.'}, {'totalQuantity': 1000, 'totalOrder': 5, 'securityId': 9350, 'symbol': 'LSH12', 'securityName': 'LS Horizon 12'}, {'totalQuantity': 940, 'totalOrder': 5, 'securityId': 2868, 'symbol': 'NICD83/84', 'securityName': '10.25% NIC Asia Debenture 2083/84'}, {'totalQuantity': 930, 'totalOrder': 7, 'securityId': 2925, 'symbol': 'MLBSL', 'securityName': 'Mahila Lagubitta Bittiya Sanstha Limited '}, {'totalQuantity': 926, 'totalOrder': 6, 'securityId': 618, 'symbol': 'LLBS', 'securityName': 'Laxmi Laghubitta Bittiya Sanstha Ltd.'}, {'totalQuantity': 922, 'totalOrder': 9, 'securityId': 694, 'symbol': 'MATRI', 'securityName': 'Matribhumi Lagubitta Bittiya Sanstha Limited'}, {'totalQuantity': 880, 'totalOrder': 9, 'securityId': 8034, 'symbol': 'ENL', 'securityName': 'Emerging Nepal Limited'}, {'totalQuantity': 878, 'totalOrder': 6, 'securityId': 9161, 'symbol': 'ANLB', 'securityName': 'Aatmanirbhar Laghubitta Bittiya Sanstha Limited'}, {'totalQuantity': 840, 'totalOrder': 6, 'securityId': 213, 'symbol': 'BNT', 'securityName': 'Bottlers Nepal (Terai) Limited'}, {'totalQuantity': 837, 'totalOrder': 7, 'securityId': 2826, 'symbol': 'GLBSL', 'securityName': 'Gurans Laghubitta Bittiya Sanstha Limited'}, {'totalQuantity': 821, 'totalOrder': 5, 'securityId': 9295, 'symbol': 'SWASTIK', 'securityName': 'Swastik Laghubitta Bittiya Sanstha Limited'}, {'totalQuantity': 819, 'totalOrder': 6, 'securityId': 9266, 'symbol': 'NICAD2091', 'securityName': '7% NIC ASIA Debenture 2091'}, {'totalQuantity': 812, 'totalOrder': 8, 'securityId': 8132, 'symbol': 'SHLB', 'securityName': 'Shrijanshil Laghubitta Bittiya Sanstha Limited'}, {'totalQuantity': 749, 'totalOrder': 7, 'securityId': 8119, 'symbol': 'EBLD85', 'securityName': '10.50% Everest Bank Limited Debenture 2085'}, {'totalQuantity': 741, 'totalOrder': 7, 'securityId': 9264, 'symbol': 'RBBD2088', 'securityName': '7% RBBL Debenture 2088'}, {'totalQuantity': 734, 'totalOrder': 6, 'securityId': 8043, 'symbol': 'CBLD88', 'securityName': 'Civil Bank Debenture 2088'}, {'totalQuantity': 700, 'totalOrder': 2, 'securityId': 9269, 'symbol': 'GBIMESY2', 'securityName': 'Global IME Sammunat Yojana -2'}, {'totalQuantity': 691, 'totalOrder': 5, 'securityId': 695, 'symbol': 'JSLBB', 'securityName': 'Janautthan Samudayic Laghubitta Bittya Sanstha Limited'}, {'totalQuantity': 630, 'totalOrder': 6, 'securityId': 2931, 'symbol': 'NIBD84', 'securityName': '8.5% Nepal Investment Bank Debenture 2084'}, {'totalQuantity': 609, 'totalOrder': 5, 'securityId': 2873, 'symbol': 'HBLD83', 'securityName': '10% Himalayan Bank Debenture 2083'}, {'totalQuantity': 600, 'totalOrder': 6, 'securityId': 9138, 'symbol': 'NIBLGF', 'securityName': 'NIBL Growth Fund'}, {'totalQuantity': 590, 'totalOrder': 6, 'securityId': 8018, 'symbol': 'MLBS', 'securityName': 'Manushi Laghubitta Bittiya Sanstha Limited'}, {'totalQuantity': 574, 'totalOrder': 3, 'securityId': 700, 'symbol': 'HEIP', 'securityName': 'Himalayan Everest Insurance Limited Promoter'}, {'totalQuantity': 510, 'totalOrder': 6, 'securityId': 8110, 'symbol': 'SBID83', 'securityName': '10.25% Nepal SBI Bank Debenture 2083'}, {'totalQuantity': 500, 'totalOrder': 5, 'securityId': 9231, 'symbol': 'CIZBD90', 'securityName': '10% Citizens Bank Debenture 2090'}, {'totalQuantity': 435, 'totalOrder': 6, 'securityId': 9286, 'symbol': 'SHINED', 'securityName': 'Shine Resunga Debenture'}, {'totalQuantity': 399, 'totalOrder': 13, 'securityId': 2781, 'symbol': 'WNLB', 'securityName': 'Wean Nepal Laghubitta Bittiya Sanstha Limited'}, {'totalQuantity': 346, 'totalOrder': 6, 'securityId': 2889, 'symbol': 'CIZBD86', 'securityName': '10.25% Citizens Bank Debenture 2086'}, {'totalQuantity': 336, 'totalOrder': 5, 'securityId': 9271, 'symbol': 'SBLD2091', 'securityName': '7.25% SBL Debenture 2091'}, {'totalQuantity': 330, 'totalOrder': 2, 'securityId': 8033, 'symbol': 'GBBD85', 'securityName': 'Garima Debenture, 2085'}, {'totalQuantity': 325, 'totalOrder': 3, 'securityId': 4962, 'symbol': 'PBLD87', 'securityName': '8.5% Prabhu Bank Debenture 2087'}, {'totalQuantity': 275, 'totalOrder': 4, 'securityId': 8003, 'symbol': 'RBBD83', 'securityName': '8.5% RBBL Debenture 2083'}, {'totalQuantity': 257, 'totalOrder': 5, 'securityId': 9255, 'symbol': 'EBLD91', 'securityName': 'Everest Bank Limited Debenture 2091'}, {'totalQuantity': 254, 'totalOrder': 5, 'securityId': 2892, 'symbol': 'NBLD82', 'securityName': '10% Nabil Debenture 2082'}, {'totalQuantity': 250, 'totalOrder': 5, 'securityId': 2883, 'symbol': 'GWFD83', 'securityName': '12 % Goodwill Finance Limited Debenture 2083'}, {'totalQuantity': 245, 'totalOrder': 5, 'securityId': 9327, 'symbol': 'ICFCD89', 'securityName': '8% ICFC Finance Limited Debenture 2089'}, {'totalQuantity': 220, 'totalOrder': 2, 'securityId': 2936, 'symbol': 'NCCD86', 'securityName': '9.5% NCC Debenture 2086'}, {'totalQuantity': 165, 'totalOrder': 5, 'securityId': 177, 'symbol': 'RBCL', 'securityName': 'Rastriya Beema Company Limited'}, {'totalQuantity': 145, 'totalOrder': 5, 'securityId': 2828, 'symbol': 'SAND2085', 'securityName': '10% Sanima Bank Limited Debenture'}, {'totalQuantity': 145, 'totalOrder': 5, 'securityId': 9168, 'symbol': 'GBILD84/85', 'securityName': 'Global IME Bank Debenture, 2084/85'}, {'totalQuantity': 141, 'totalOrder': 3, 'securityId': 2878, 'symbol': 'SRBLD83', 'securityName': '10.25% Sunrise Bank Debenture 2083'}, {'totalQuantity': 100, 'totalOrder': 1, 'securityId': 9244, 'symbol': 'NIBLSTF', 'securityName': 'NIBL Stable Fund'}, {'totalQuantity': 90, 'totalOrder': 4, 'securityId': 9152, 'symbol': 'EBLEB89', 'securityName': 'Everest Bank Limited Energy Bond, 2089'}, {'totalQuantity': 90, 'totalOrder': 3, 'securityId': 2825, 'symbol': 'NICAD85/86', 'securityName': '10% NIC Asia Debenture 2085/86'}, {'totalQuantity': 85, 'totalOrder': 3, 'securityId': 8097, 'symbol': 'PBD88', 'securityName': '10% Prime Debenture 2088'}, {'totalQuantity': 70, 'totalOrder': 3, 'securityId': 7986, 'symbol': 'NICD88', 'securityName': 'NIC ASIA Rinpatra 2088'}, {'totalQuantity': 70, 'totalOrder': 3, 'securityId': 8027, 'symbol': 'NBLD85', 'securityName': 'Nabil Debenture 2085'}, {'totalQuantity': 66, 'totalOrder': 2, 'securityId': 9220, 'symbol': 'KBLD90', 'securityName': '10% KBL Debenture 2090'}, {'totalQuantity': 65, 'totalOrder': 4, 'securityId': 8068, 'symbol': 'CCBD88', 'securityName': 'Century Debenture 2088'}, {'totalQuantity': 65, 'totalOrder': 3, 'securityId': 2912, 'symbol': 'SBLD84', 'securityName': '8.5% SBL Debenture 2084'}, {'totalQuantity': 60, 'totalOrder': 2, 'securityId': 2904, 'symbol': 'PBLD84', 'securityName': '10% Prabhu Bank Debenture 2084 '}, {'totalQuantity': 60, 'totalOrder': 4, 'securityId': 634, 'symbol': 'RBCLPO', 'securityName': 'Rastriya Beema Company Limited Promoter Share'}, {'totalQuantity': 53, 'totalOrder': 3, 'securityId': 9211, 'symbol': 'SBID89', 'securityName': '9% Nepal SBI Bank Rinpatra 2089'}, {'totalQuantity': 50, 'totalOrder': 1, 'securityId': 9261, 'symbol': 'NIFRAGED', 'securityName': 'Nifra Green Energy Debenture 6% - 2088/89'}, {'totalQuantity': 40, 'totalOrder': 2, 'securityId': 8116, 'symbol': 'PBD84', 'securityName': '10.15% Prime Debenture 2084'}, {'totalQuantity': 30, 'totalOrder': 1, 'securityId': 4969, 'symbol': 'MND84/85', 'securityName': 'Muktinath Debenture 2084/85'}, {'totalQuantity': 30, 'totalOrder': 1, 'securityId': 4948, 'symbol': 'KSBBLD87', 'securityName': '9% Kamana Sewa Bikas Bank Limited Debenture 2087'}, {'totalQuantity': 30, 'totalOrder': 1, 'securityId': 9289, 'symbol': 'SBID2090', 'securityName': '7% Nepal SBI Bank Debenture 2090'}, {'totalQuantity': 25, 'totalOrder': 1, 'securityId': 8020, 'symbol': 'JBBD87', 'securityName': 'Jyoti Bikash Bank Bond 2087'}, {'totalQuantity': 20, 'totalOrder': 2, 'securityId': 219, 'symbol': 'UNL', 'securityName': 'Unilever Nepal Limited'}, {'totalQuantity': 20, 'totalOrder': 2, 'securityId': 195, 'symbol': 'BNL', 'securityName': 'Bottlers Nepal (Balaju) Limited'}, {'totalQuantity': 15, 'totalOrder': 1, 'securityId': 2866, 'symbol': 'MBLD2085', 'securityName': '10.25% Machhapuchhre Bank Debenture 2085'}, {'totalQuantity': 15, 'totalOrder': 1, 'securityId': 4963, 'symbol': 'NMBD87/88', 'securityName': 'NMB Debenture 8.50% - 2087/88'}, {'totalQuantity': 14, 'totalOrder': 1, 'securityId': 4961, 'symbol': 'BOKD86', 'securityName': '8.5% BOK Debenture 2086'}, {'totalQuantity': 10, 'totalOrder': 1, 'securityId': 8109, 'symbol': 'SBD89', 'securityName': '10.25% Sanima Debenture 2089'}, {'totalQuantity': 10, 'totalOrder': 1, 'securityId': 9195, 'symbol': 'MLBLD89', 'securityName': '11% Mahalaxmi Debenture 2089'}]","[{'totalQuantity': 971000, 'totalOrder': 9, 'securityId': 9269, 'symbol': 'GBIMESY2', 'securityName': 'Global IME Sammunat Yojana -2'}, {'totalQuantity': 899201, 'totalOrder': 12, 'securityId': 9182, 'symbol': 'SIGS3', 'securityName': 'Siddhartha Investment Growth Scheme 3'}, {'totalQuantity': 702217, 'totalOrder': 9, 'securityId': 152, 'symbol': 'NHPC', 'securityName': 'National Hydro Power Company Limited'}, {'totalQuantity': 641500, 'totalOrder': 7, 'securityId': 9245, 'symbol': 'MNMF1', 'securityName': 'Muktinath Mutual Fund 1'}, {'totalQuantity': 596900, 'totalOrder': 5, 'securityId': 2770, 'symbol': 'SEF', 'securityName': 'Siddhartha Equity Fund'}, {'totalQuantity': 529300, 'totalOrder': 7, 'securityId': 9248, 'symbol': 'GSY', 'securityName': 'Garima Samriddhi Yojana'}, {'totalQuantity': 507100, 'totalOrder': 5, 'securityId': 9302, 'symbol': 'RBBF40', 'securityName': 'RBB Focus 40'}, {'totalQuantity': 451906, 'totalOrder': 11, 'securityId': 2743, 'symbol': 'NGPL', 'securityName': 'Ngadi Group Power Ltd.'}, {'totalQuantity': 446303, 'totalOrder': 14, 'securityId': 142, 'symbol': 'KBL', 'securityName': 'Kumari Bank Limited'}, {'totalQuantity': 438392, 'totalOrder': 9, 'securityId': 8106, 'symbol': 'GIBF1', 'securityName': 'Global IME Balanced Fund-1'}, {'totalQuantity': 382576, 'totalOrder': 9, 'securityId': 2903, 'symbol': 'LEC', 'securityName': 'Liberty Energy Company Limited'}, {'totalQuantity': 381824, 'totalOrder': 6, 'securityId': 8125, 'symbol': 'NSIF2', 'securityName': 'NMB Sulav Investment Fund - 2'}, {'totalQuantity': 365104, 'totalOrder': 7, 'securityId': 2867, 'symbol': 'NMB50', 'securityName': 'NMB 50'}, {'totalQuantity': 323798, 'totalOrder': 8, 'securityId': 591, 'symbol': 'SHPC', 'securityName': 'Sanima Mai Hydropower Ltd.'}, {'totalQuantity': 314575, 'totalOrder': 5, 'securityId': 145, 'symbol': 'SBL', 'securityName': 'Siddhartha Bank Limited'}, {'totalQuantity': 302868, 'totalOrder': 6, 'securityId': 9311, 'symbol': 'SOHL', 'securityName': 'Solu Hydropower Limited'}, {'totalQuantity': 295735, 'totalOrder': 21, 'securityId': 255, 'symbol': 'PRVU', 'securityName': 'Prabhu  Bank Limited'}, {'totalQuantity': 269290, 'totalOrder': 12, 'securityId': 2913, 'symbol': 'MEN', 'securityName': 'Mountain Energy Nepal Limited'}, {'totalQuantity': 268261, 'totalOrder': 10, 'securityId': 610, 'symbol': 'RIDI', 'securityName': 'Ridi Power Company Limited'}, {'totalQuantity': 251107, 'totalOrder': 15, 'securityId': 2788, 'symbol': 'AKJCL', 'securityName': 'Ankhu Khola Jalvidhyut Company Ltd'}, {'totalQuantity': 244557, 'totalOrder': 7, 'securityId': 517, 'symbol': 'NBL', 'securityName': 'Nepal Bank Limited'}, {'totalQuantity': 232626, 'totalOrder': 12, 'securityId': 348, 'symbol': 'CZBIL', 'securityName': 'Citizens Bank International Limited'}, {'totalQuantity': 219183, 'totalOrder': 18, 'securityId': 132, 'symbol': 'NIMB', 'securityName': 'Nepal Investment Mega Bank Limited'}, {'totalQuantity': 219107, 'totalOrder': 14, 'securityId': 360, 'symbol': 'AHPC', 'securityName': 'Arun Valley Hydropower Development Co. Ltd.'}, {'totalQuantity': 214536, 'totalOrder': 10, 'securityId': 8074, 'symbol': 'KDBY', 'securityName': 'Kumari Dhanabriddhi Yojana'}, {'totalQuantity': 204303, 'totalOrder': 10, 'securityId': 9343, 'symbol': 'TPKHL', 'securityName': 'Taksar Pikhuwa Khola Hydropower Limited'}, {'totalQuantity': 202600, 'totalOrder': 7, 'securityId': 8073, 'symbol': 'NICFC', 'securityName': 'NIC Asia Flexi CAP Fund'}, {'totalQuantity': 187240, 'totalOrder': 5, 'securityId': 9244, 'symbol': 'NIBLSTF', 'securityName': 'NIBL Stable Fund'}, {'totalQuantity': 184785, 'totalOrder': 17, 'securityId': 2760, 'symbol': 'UMHL', 'securityName': 'United Modi Hydropower Ltd.'}, {'totalQuantity': 179500, 'totalOrder': 7, 'securityId': 9236, 'symbol': 'NICGF2', 'securityName': 'NIC ASIA Growth Fund-2'}, {'totalQuantity': 176812, 'totalOrder': 7, 'securityId': 8099, 'symbol': 'UHEWA', 'securityName': 'Upper Hewakhola Hydropower Company Limited'}, {'totalQuantity': 172500, 'totalOrder': 5, 'securityId': 4947, 'symbol': 'PSF', 'securityName': 'Prabhu Select Fund'}, {'totalQuantity': 169947, 'totalOrder': 8, 'securityId': 140, 'symbol': 'MBL', 'securityName': 'Machhapuchhre Bank Limited'}, {'totalQuantity': 168120, 'totalOrder': 25, 'securityId': 8021, 'symbol': 'SAHAS', 'securityName': 'Sahas Urja Limited'}, {'totalQuantity': 165625, 'totalOrder': 7, 'securityId': 141, 'symbol': 'LSL', 'securityName': 'Laxmi Sunrise Bank Limited'}, {'totalQuantity': 165110, 'totalOrder': 5, 'securityId': 9138, 'symbol': 'NIBLGF', 'securityName': 'NIBL Growth Fund'}, {'totalQuantity': 164653, 'totalOrder': 5, 'securityId': 9330, 'symbol': 'PCIL', 'securityName': 'Palpa Cement Industries Limited'}, {'totalQuantity': 163029, 'totalOrder': 8, 'securityId': 2934, 'symbol': 'SHEL', 'securityName': 'Singati Hydro Energy Limited'}, {'totalQuantity': 149944, 'totalOrder': 7, 'securityId': 2880, 'symbol': 'HDHPC', 'securityName': 'Himal Dolakha Hydropower Company Limited'}, {'totalQuantity': 146331, 'totalOrder': 6, 'securityId': 135, 'symbol': 'SBI', 'securityName': 'Nepal SBI Bank Limited'}, {'totalQuantity': 146000, 'totalOrder': 5, 'securityId': 2859, 'symbol': 'SIGS2', 'securityName': 'Siddhartha Investment Growth Scheme - 2'}, {'totalQuantity': 144300, 'totalOrder': 5, 'securityId': 9351, 'symbol': 'RSY2', 'securityName': 'Reliable Samriddhi Yojana -2'}, {'totalQuantity': 140480, 'totalOrder': 6, 'securityId': 9174, 'symbol': 'PRSF', 'securityName': 'Prabhu Smart Fund'}, {'totalQuantity': 136569, 'totalOrder': 11, 'securityId': 9146, 'symbol': 'SMHL', 'securityName': 'Super Madi Hydropower Limited'}, {'totalQuantity': 136568, 'totalOrder': 8, 'securityId': 341, 'symbol': 'GBIME', 'securityName': 'Global IME Bank Limited'}, {'totalQuantity': 132652, 'totalOrder': 15, 'securityId': 171, 'symbol': 'SANIMA', 'securityName': 'Sanima Bank Limited'}, {'totalQuantity': 132401, 'totalOrder': 32, 'securityId': 8111, 'symbol': 'HIDCLP', 'securityName': 'Hydorelectricity Investment and Development Company Limited Promoter'}, {'totalQuantity': 131496, 'totalOrder': 7, 'securityId': 9259, 'symbol': 'RSY', 'securityName': 'Reliable Samriddhi Yojana'}, {'totalQuantity': 130977, 'totalOrder': 7, 'securityId': 2767, 'symbol': 'HPPL', 'securityName': 'Himalayan Power Partner Ltd.'}, {'totalQuantity': 128594, 'totalOrder': 14, 'securityId': 2810, 'symbol': 'UPCL', 'securityName': 'UNIVERSAL POWER COMPANY LTD'}, {'totalQuantity': 128339, 'totalOrder': 10, 'securityId': 2776, 'symbol': 'RADHI', 'securityName': 'Radhi Bidyut Company Ltd'}, {'totalQuantity': 127500, 'totalOrder': 7, 'securityId': 9254, 'symbol': 'NMBHF2', 'securityName': 'NMB Hybrid Fund L- II'}, {'totalQuantity': 125698, 'totalOrder': 10, 'securityId': 238, 'symbol': 'NMB', 'securityName': 'NMB Bank Limited'}, {'totalQuantity': 124639, 'totalOrder': 6, 'securityId': 697, 'symbol': 'API', 'securityName': 'Api Power Company Ltd.'}, {'totalQuantity': 118104, 'totalOrder': 14, 'securityId': 2792, 'symbol': 'UPPER', 'securityName': 'Upper Tamakoshi Hydropower Ltd'}, {'totalQuantity': 115073, 'totalOrder': 5, 'securityId': 2809, 'symbol': 'SHIVM', 'securityName': 'SHIVAM CEMENTS LTD'}, {'totalQuantity': 113625, 'totalOrder': 9, 'securityId': 4967, 'symbol': 'NICSF', 'securityName': 'NIC Asia Select Fund 30'}, {'totalQuantity': 109600, 'totalOrder': 3, 'securityId': 9154, 'symbol': 'SFEF', 'securityName': 'Sunrise Focused Equity Fund'}, {'totalQuantity': 108991, 'totalOrder': 7, 'securityId': 9156, 'symbol': 'TAMOR', 'securityName': 'Sanima Middle Tamor Hydropower Limited'}, {'totalQuantity': 107475, 'totalOrder': 6, 'securityId': 8133, 'symbol': 'PHCL', 'securityName': 'Peoples Hydropower Company Limited'}, {'totalQuantity': 107300, 'totalOrder': 5, 'securityId': 9257, 'symbol': 'MBLEF', 'securityName': 'MBL Equity Fund'}, {'totalQuantity': 105698, 'totalOrder': 16, 'securityId': 2757, 'symbol': 'AKPL', 'securityName': 'Arun Kabeli Power Ltd.'}, {'totalQuantity': 104505, 'totalOrder': 10, 'securityId': 2907, 'symbol': 'SSHL', 'securityName': 'Shiva Shree Hydropower Ltd'}, {'totalQuantity': 103522, 'totalOrder': 689, 'securityId': 9353, 'symbol': 'SAPIL', 'securityName': 'Sarvottam Paints Industries Limited'}, {'totalQuantity': 99760, 'totalOrder': 11, 'securityId': 2742, 'symbol': 'HIDCL', 'securityName': 'Hydorelectricity Investment and Development Company Ltd'}, {'totalQuantity': 97956, 'totalOrder': 12, 'securityId': 2806, 'symbol': 'GHL', 'securityName': 'Ghalemdi Hydro Limited'}, {'totalQuantity': 94315, 'totalOrder': 12, 'securityId': 8055, 'symbol': 'BHL', 'securityName': 'Balephi Hydropower Limited'}, {'totalQuantity': 91908, 'totalOrder': 6, 'securityId': 9306, 'symbol': 'RSML', 'securityName': 'Reliance Spinning Mills Limited'}, {'totalQuantity': 90215, 'totalOrder': 12, 'securityId': 2919, 'symbol': 'NIFRA', 'securityName': 'Nepal Infrastructure Bank Limited'}, {'totalQuantity': 90200, 'totalOrder': 7, 'securityId': 9203, 'symbol': 'MEHL', 'securityName': 'Manakamana Engineering Hydropower Limited'}, {'totalQuantity': 88750, 'totalOrder': 5, 'securityId': 2824, 'symbol': 'HURJA', 'securityName': 'Himalaya Urja Bikas Company Limited'}, {'totalQuantity': 87192, 'totalOrder': 6, 'securityId': 357, 'symbol': 'PCBL', 'securityName': 'Prime Commercial Bank Ltd.'}, {'totalQuantity': 86249, 'totalOrder': 8, 'securityId': 2898, 'symbol': 'NRN', 'securityName': 'NRN Infrastructure and Development Limited'}, {'totalQuantity': 85793, 'totalOrder': 9, 'securityId': 134, 'symbol': 'HBL', 'securityName': 'Himalayan Bank Limited'}, {'totalQuantity': 74024, 'totalOrder': 7, 'securityId': 8066, 'symbol': 'RFPL', 'securityName': 'River Falls Power Limited'}, {'totalQuantity': 72285, 'totalOrder': 13, 'securityId': 153, 'symbol': 'BPCL', 'securityName': 'Butwal Power Company Limited'}, {'totalQuantity': 69679, 'totalOrder': 5, 'securityId': 2924, 'symbol': 'GLH', 'securityName': 'GreenLife Hydropower Limited'}, {'totalQuantity': 69341, 'totalOrder': 6, 'securityId': 358, 'symbol': 'LBBL', 'securityName': 'Lumbini Bikas Bank Ltd.'}, {'totalQuantity': 67690, 'totalOrder': 7, 'securityId': 245, 'symbol': 'CFCL', 'securityName': 'Central Finance Co. Ltd.'}, {'totalQuantity': 66148, 'totalOrder': 5, 'securityId': 516, 'symbol': 'MFIL', 'securityName': 'Manjushree Finance Ltd.'}, {'totalQuantity': 65341, 'totalOrder': 6, 'securityId': 9267, 'symbol': 'BHCL', 'securityName': 'Bikash Hydropower Company Limited'}, {'totalQuantity': 64621, 'totalOrder': 7, 'securityId': 9173, 'symbol': 'CITY', 'securityName': 'City Hotel Limited'}, {'totalQuantity': 64118, 'totalOrder': 10, 'securityId': 2759, 'symbol': 'SPDL', 'securityName': 'Synergy Power Development Ltd.'}, {'totalQuantity': 61461, 'totalOrder': 6, 'securityId': 9234, 'symbol': 'HRL', 'securityName': 'Himalayan Reinsurance Limited'}, {'totalQuantity': 59021, 'totalOrder': 13, 'securityId': 397, 'symbol': 'ADBL', 'securityName': 'Agricultural Development Bank Limited'}, {'totalQuantity': 58548, 'totalOrder': 8, 'securityId': 9166, 'symbol': 'MAKAR', 'securityName': 'Makar Jitumaya Suri Hydropower Limited'}, {'totalQuantity': 57033, 'totalOrder': 8, 'securityId': 8045, 'symbol': 'GVL', 'securityName': 'Green Ventures Limited'}, {'totalQuantity': 55791, 'totalOrder': 6, 'securityId': 2831, 'symbol': 'UNHPL', 'securityName': 'Union Hydropower Limited'}, {'totalQuantity': 55725, 'totalOrder': 14, 'securityId': 139, 'symbol': 'NICA', 'securityName': 'NIC Asia Bank Ltd.'}, {'totalQuantity': 55264, 'totalOrder': 135, 'securityId': 198, 'symbol': 'NLO', 'securityName': 'Nepal Lube Oil Limited'}, {'totalQuantity': 54985, 'totalOrder': 11, 'securityId': 5982, 'symbol': 'SRLI', 'securityName': 'Sanima Reliance Life Insurance Limited'}, {'totalQuantity': 54010, 'totalOrder': 8, 'securityId': 2766, 'symbol': 'CHL', 'securityName': 'Chhyangdi Hydropower Ltd.'}, {'totalQuantity': 53851, 'totalOrder': 9, 'securityId': 9345, 'symbol': 'SGHL', 'securityName': 'Sanigad Hydro Limited'}, {'totalQuantity': 53619, 'totalOrder': 8, 'securityId': 9323, 'symbol': 'SKHL', 'securityName': 'Super Khudi Hydropower Limited'}, {'totalQuantity': 53305, 'totalOrder': 9, 'securityId': 393, 'symbol': 'HLI', 'securityName': 'Himalayan Life Insurance Limited'}, {'totalQuantity': 53081, 'totalOrder': 5, 'securityId': 8104, 'symbol': 'USHEC', 'securityName': 'Upper Solu Hydro Electric Company Limited'}, {'totalQuantity': 51210, 'totalOrder': 10, 'securityId': 9218, 'symbol': 'TVCL', 'securityName': 'Trishuli Jal Vidhyut Company Limited '}, {'totalQuantity': 49732, 'totalOrder': 13, 'securityId': 154, 'symbol': 'CHCL', 'securityName': 'Chilime Hydropower Company Limited'}, {'totalQuantity': 49018, 'totalOrder': 6, 'securityId': 8122, 'symbol': 'PPL', 'securityName': ""People's Power Limited""}, {'totalQuantity': 48589, 'totalOrder': 7, 'securityId': 8100, 'symbol': 'SGHC', 'securityName': 'Swet-Ganga Hydropower & Construction Limited '}, {'totalQuantity': 48288, 'totalOrder': 5, 'securityId': 9324, 'symbol': 'RLEL', 'securityName': 'Ridge Line Energy Limited'}, {'totalQuantity': 47569, 'totalOrder': 10, 'securityId': 9148, 'symbol': 'SMH', 'securityName': 'Super Mai Hydropower Limited'}, {'totalQuantity': 47067, 'totalOrder': 5, 'securityId': 8024, 'symbol': 'NBF3', 'securityName': 'Nabil Balanced Fund-3'}, {'totalQuantity': 46325, 'totalOrder': 7, 'securityId': 8070, 'symbol': 'DORDI', 'securityName': 'Dordi Khola Jal Bidyut Company Limited'}, {'totalQuantity': 45870, 'totalOrder': 5, 'securityId': 472, 'symbol': 'SADBL', 'securityName': 'Shangrila Development Bank Ltd.'}, {'totalQuantity': 45528, 'totalOrder': 7, 'securityId': 417, 'symbol': 'GBBL', 'securityName': 'Garima Bikas Bank Limited'}, {'totalQuantity': 44905, 'totalOrder': 6, 'securityId': 9216, 'symbol': 'SONA', 'securityName': 'Sonapur Minerals And Oil Limited'}, {'totalQuantity': 44716, 'totalOrder': 6, 'securityId': 9252, 'symbol': 'CREST', 'securityName': 'Crest Micro Life Insurance Limited'}, {'totalQuantity': 44193, 'totalOrder': 17, 'securityId': 9303, 'symbol': 'SYPNL', 'securityName': 'SY Panel Nepal Limited'}, {'totalQuantity': 43891, 'totalOrder': 7, 'securityId': 2811, 'symbol': 'MHNL', 'securityName': 'Mountain Hydro Nepal Limited'}, {'totalQuantity': 39349, 'totalOrder': 6, 'securityId': 401, 'symbol': 'MLBL', 'securityName': 'Mahalaxmi Bikas Bank Ltd.'}, {'totalQuantity': 39050, 'totalOrder': 6, 'securityId': 9312, 'symbol': 'NSY', 'securityName': 'Nepal Life Samriddhi Lagani Yojana'}, {'totalQuantity': 38769, 'totalOrder': 28, 'securityId': 474, 'symbol': 'MNBBL', 'securityName': 'Muktinath Bikas Bank Ltd.'}, {'totalQuantity': 38495, 'totalOrder': 6, 'securityId': 9347, 'symbol': 'ECL', 'securityName': 'Everest Colour Limited'}, {'totalQuantity': 37597, 'totalOrder': 6, 'securityId': 8022, 'symbol': 'TPC', 'securityName': 'Terhathum Power Company Limited'}, {'totalQuantity': 37089, 'totalOrder': 11, 'securityId': 686, 'symbol': 'BARUN', 'securityName': 'Barun Hydropower Co. Ltd.'}, {'totalQuantity': 35976, 'totalOrder': 6, 'securityId': 2748, 'symbol': 'RSDC', 'securityName': 'RSDC Laghubitta Bittiya Sanstha Ltd.'}, {'totalQuantity': 35890, 'totalOrder': 10, 'securityId': 9209, 'symbol': 'CLI', 'securityName': 'Citizen Life Insurance Company Limited'}, {'totalQuantity': 35601, 'totalOrder': 7, 'securityId': 2751, 'symbol': 'KKHC', 'securityName': 'Khanikhola Hydropower Co. Ltd.'}, {'totalQuantity': 35400, 'totalOrder': 6, 'securityId': 2835, 'symbol': 'NBF2', 'securityName': 'NABIL BALANCED FUND-2'}, {'totalQuantity': 34690, 'totalOrder': 5, 'securityId': 9304, 'symbol': 'CSY', 'securityName': 'Citizens Santulit Yojana'}, {'totalQuantity': 34647, 'totalOrder': 9, 'securityId': 9199, 'symbol': 'RNLI', 'securityName': 'Reliable Nepal Life Insurance Limited'}, {'totalQuantity': 34103, 'totalOrder': 7, 'securityId': 9149, 'symbol': 'MKHC', 'securityName': 'Maya Khola Hydropower Company Limited'}, {'totalQuantity': 34023, 'totalOrder': 5, 'securityId': 8075, 'symbol': 'BHDC', 'securityName': 'Bindhyabasini Hydropower Development Company Limited'}, {'totalQuantity': 33101, 'totalOrder': 5, 'securityId': 9301, 'symbol': 'SAIL', 'securityName': 'Shreenagar Agritech Industries Limited'}, {'totalQuantity': 32851, 'totalOrder': 386, 'securityId': 9352, 'symbol': 'MEPDL', 'securityName': 'Mount Everest Power Development Limited'}, {'totalQuantity': 32700, 'totalOrder': 5, 'securityId': 4968, 'symbol': 'RMF1', 'securityName': 'RBB Mutual Fund 1'}, {'totalQuantity': 32623, 'totalOrder': 6, 'securityId': 9346, 'symbol': 'KAHL', 'securityName': 'Kalanga Hydro Limited'}, {'totalQuantity': 32489, 'totalOrder': 8, 'securityId': 403, 'symbol': 'SJLIC', 'securityName': 'SuryaJyoti Life Insurance Company Limited'}, {'totalQuantity': 32434, 'totalOrder': 15, 'securityId': 2860, 'symbol': 'SAPDBL', 'securityName': 'Saptakoshi Development Bank Ltd'}, {'totalQuantity': 31771, 'totalOrder': 5, 'securityId': 9305, 'symbol': 'SABBL', 'securityName': 'Salapa Bikas Bank Limited'}, {'totalQuantity': 31740, 'totalOrder': 5, 'securityId': 274, 'symbol': 'EDBL', 'securityName': 'Excel Development Bank Ltd.'}, {'totalQuantity': 31580, 'totalOrder': 4, 'securityId': 9178, 'symbol': 'RMF2', 'securityName': 'RBB Mutual Fund 2'}, {'totalQuantity': 31565, 'totalOrder': 9, 'securityId': 166, 'symbol': 'DDBL', 'securityName': 'Deprosc Laghubitta Bittiya Sanstha Limited'}, {'totalQuantity': 31435, 'totalOrder': 7, 'securityId': 9221, 'symbol': 'H8020', 'securityName': 'Himalayan 80-20'}, {'totalQuantity': 31193, 'totalOrder': 8, 'securityId': 2915, 'symbol': 'PMLI', 'securityName': 'Prabhu Mahalaxmi Life Insurance Limited'}, {'totalQuantity': 31145, 'totalOrder': 11, 'securityId': 176, 'symbol': 'NICL', 'securityName': 'Nepal Insurance Co. Ltd.'}, {'totalQuantity': 30001, 'totalOrder': 5, 'securityId': 8108, 'symbol': 'RHGCL', 'securityName': 'Rapti Hydro And General Construction Limited'}, {'totalQuantity': 29870, 'totalOrder': 9, 'securityId': 561, 'symbol': 'SINDU', 'securityName': 'Sindhu Bikash Bank Ltd'}, {'totalQuantity': 29783, 'totalOrder': 6, 'securityId': 263, 'symbol': 'GMFIL', 'securityName': 'Guheshowori Merchant Bank & Finance Co. Ltd.'}, {'totalQuantity': 29495, 'totalOrder': 5, 'securityId': 4949, 'symbol': 'NIBSF2', 'securityName': 'NIBL Samriddhi Fund -2'}, {'totalQuantity': 29394, 'totalOrder': 12, 'securityId': 9336, 'symbol': 'SOPL', 'securityName': 'Sopan Pharmaceuticals Limited'}, {'totalQuantity': 28969, 'totalOrder': 5, 'securityId': 473, 'symbol': 'SHINE', 'securityName': 'Shine Resunga Development Bank Ltd.'}, {'totalQuantity': 28744, 'totalOrder': 14, 'securityId': 9171, 'symbol': 'BEDC', 'securityName': 'Bhugol Energy Development Company Limited'}, {'totalQuantity': 28703, 'totalOrder': 7, 'securityId': 385, 'symbol': 'ALICL', 'securityName': 'Asian Life Insurance Co. Limited'}, {'totalQuantity': 28140, 'totalOrder': 16, 'securityId': 459, 'symbol': 'KSBBL', 'securityName': 'Kamana Sewa Bikas Bank Limited'}, {'totalQuantity': 27460, 'totalOrder': 7, 'securityId': 418, 'symbol': 'JBBL', 'securityName': 'Jyoti Bikas Bank Limited'}, {'totalQuantity': 27396, 'totalOrder': 7, 'securityId': 9349, 'symbol': 'SAEF2', 'securityName': 'Sanima Equity Fund-2'}, {'totalQuantity': 27219, 'totalOrder': 10, 'securityId': 9170, 'symbol': 'DOLTI', 'securityName': 'Dolti Power Company Limited'}, {'totalQuantity': 26760, 'totalOrder': 5, 'securityId': 9342, 'symbol': 'YMHL', 'securityName': 'Yambaling Hydropower Limited'}, {'totalQuantity': 25657, 'totalOrder': 12, 'securityId': 396, 'symbol': 'NMLBBL', 'securityName': 'Nerude Mirmire Laghubitta Bittiya Sanstha Limited'}, {'totalQuantity': 25535, 'totalOrder': 7, 'securityId': 2841, 'symbol': 'RHPL', 'securityName': 'RASUWAGADHI HYDROPOWER COMPANY LIMITED'}, {'totalQuantity': 24732, 'totalOrder': 7, 'securityId': 180, 'symbol': 'UAIL', 'securityName': 'United Ajod Insurance Limited'}, {'totalQuantity': 24687, 'totalOrder': 10, 'securityId': 8031, 'symbol': 'MBJC', 'securityName': 'Madhya Bhotekoshi Jalavidyut Company Limited'}, {'totalQuantity': 24635, 'totalOrder': 8, 'securityId': 3946, 'symbol': 'CHDC', 'securityName': 'CEDB Holdings Limited'}, {'totalQuantity': 24461, 'totalOrder': 19, 'securityId': 131, 'symbol': 'NABIL', 'securityName': 'Nabil Bank Limited'}, {'totalQuantity': 24179, 'totalOrder': 5, 'securityId': 187, 'symbol': 'NLIC', 'securityName': 'Nepal Life Insurance Co. Ltd.'}, {'totalQuantity': 23793, 'totalOrder': 18, 'securityId': 9201, 'symbol': 'SNLI', 'securityName': 'Sun Nepal Life Insurance Company Limited'}, {'totalQuantity': 23580, 'totalOrder': 6, 'securityId': 9208, 'symbol': 'ULHC', 'securityName': 'Upper Lohore Khola Hydropower Company Limited'}, {'totalQuantity': 23475, 'totalOrder': 7, 'securityId': 2917, 'symbol': 'CGH', 'securityName': 'Chandragiri Hills Limited'}, {'totalQuantity': 23320, 'totalOrder': 13, 'securityId': 147, 'symbol': 'SHL', 'securityName': 'Soaltee Hotel Limited'}, {'totalQuantity': 23277, 'totalOrder': 6, 'securityId': 8032, 'symbol': 'BNHC', 'securityName': 'Buddha Bhumi Nepal Hydropower Company Limited'}, {'totalQuantity': 23193, 'totalOrder': 24, 'securityId': 2881, 'symbol': 'NRIC', 'securityName': 'Nepal Reinsurance Company Limited'}, {'totalQuantity': 22789, 'totalOrder': 10, 'securityId': 9179, 'symbol': 'MEL', 'securityName': 'Modi Energy Limited'}, {'totalQuantity': 22590, 'totalOrder': 10, 'securityId': 2807, 'symbol': 'ALBSL', 'securityName': 'Asha Laghubitta Bittiya Sanstha Ltd'}, {'totalQuantity': 22511, 'totalOrder': 12, 'securityId': 450, 'symbol': 'CORBL', 'securityName': 'Corporate Development Bank Limited'}, {'totalQuantity': 22153, 'totalOrder': 8, 'securityId': 490, 'symbol': 'FMDBL', 'securityName': 'First Micro Finance Laghubitta Bittiya Sanstha Limited'}, {'totalQuantity': 22011, 'totalOrder': 6, 'securityId': 9350, 'symbol': 'LSH12', 'securityName': 'LS Horizon 12'}, {'totalQuantity': 21847, 'totalOrder': 8, 'securityId': 9135, 'symbol': 'BHPL', 'securityName': 'Barahi Hydropower Public Limited'}, {'totalQuantity': 21830, 'totalOrder': 8, 'securityId': 8126, 'symbol': 'SIKLES', 'securityName': 'Sikles Hydropower Limited'}, {'totalQuantity': 21659, 'totalOrder': 7, 'securityId': 9293, 'symbol': 'DHEL', 'securityName': 'Daramkhola Hydro Energy Limited'}, {'totalQuantity': 20854, 'totalOrder': 7, 'securityId': 2787, 'symbol': 'KPCL', 'securityName': 'Kalika power Company Ltd'}, {'totalQuantity': 20727, 'totalOrder': 6, 'securityId': 2914, 'symbol': 'UMRH', 'securityName': 'United IDI Mardi RB Hydropower Limited.'}, {'totalQuantity': 20096, 'totalOrder': 10, 'securityId': 204, 'symbol': 'GUFL', 'securityName': 'Gurkhas Finance Ltd.'}, {'totalQuantity': 19860, 'totalOrder': 8, 'securityId': 2902, 'symbol': 'LUK', 'securityName': 'Laxmi Unnati Kosh'}, {'totalQuantity': 19307, 'totalOrder': 7, 'securityId': 2908, 'symbol': 'SGIC', 'securityName': 'Sanima GIC Insurance Limited'}, {'totalQuantity': 19060, 'totalOrder': 5, 'securityId': 8121, 'symbol': 'SPHL', 'securityName': 'Sayapatri Hydropower Limited'}, {'totalQuantity': 18999, 'totalOrder': 6, 'securityId': 8076, 'symbol': 'HHL', 'securityName': 'Himalayan Hydropower Limited'}, {'totalQuantity': 18932, 'totalOrder': 10, 'securityId': 2789, 'symbol': 'JOSHI', 'securityName': 'Joshi Hydropower Development Company Ltd'}, {'totalQuantity': 18796, 'totalOrder': 6, 'securityId': 2744, 'symbol': 'GRDBL', 'securityName': 'Green Development Bank Ltd.'}, {'totalQuantity': 18735, 'totalOrder': 5, 'securityId': 9294, 'symbol': 'SAGAR', 'securityName': 'Sagar Distillery Limited'}, {'totalQuantity': 18656, 'totalOrder': 5, 'securityId': 9297, 'symbol': 'BANDIPUR', 'securityName': 'Bandipur Cablecar and Tourism Limited'}, {'totalQuantity': 18600, 'totalOrder': 5, 'securityId': 9191, 'symbol': 'C30MF', 'securityName': 'Citizens Super 30 Mutual Fund'}, {'totalQuantity': 18526, 'totalOrder': 7, 'securityId': 9184, 'symbol': 'ILI', 'securityName': 'IME Life Insurance Company Limited'}, {'totalQuantity': 18409, 'totalOrder': 7, 'securityId': 9296, 'symbol': 'BUNGAL', 'securityName': 'Bungal Hydro Limited'}, {'totalQuantity': 17753, 'totalOrder': 13, 'securityId': 307, 'symbol': 'NTC', 'securityName': 'Nepal Doorsanchar Company Limited'}, {'totalQuantity': 17314, 'totalOrder': 7, 'securityId': 9322, 'symbol': 'BJHL', 'securityName': 'Bhujung Hydropower Limited'}, {'totalQuantity': 17091, 'totalOrder': 6, 'securityId': 137, 'symbol': 'EBL', 'securityName': 'Everest Bank Limited'}, {'totalQuantity': 17065, 'totalOrder': 6, 'securityId': 2887, 'symbol': 'NICLBSL', 'securityName': 'NIC ASIA Laghubitta Bittiya Sanstha Limited'}, {'totalQuantity': 16782, 'totalOrder': 7, 'securityId': 9308, 'symbol': 'HFIN', 'securityName': 'Hotel Forest Inn Limited'}, {'totalQuantity': 16369, 'totalOrder': 7, 'securityId': 235, 'symbol': 'HDL', 'securityName': 'Himalayan Distillery Limited'}, {'totalQuantity': 16341, 'totalOrder': 7, 'securityId': 2813, 'symbol': 'PPCL', 'securityName': 'Panchthar Power Compant Limited'}, {'totalQuantity': 16029, 'totalOrder': 11, 'securityId': 186, 'symbol': 'IGI', 'securityName': 'IGI Prudential insurance Limited'}, {'totalQuantity': 15811, 'totalOrder': 6, 'securityId': 133, 'symbol': 'SCB', 'securityName': 'Standard Chartered Bank Limited'}, {'totalQuantity': 15661, 'totalOrder': 9, 'securityId': 9263, 'symbol': 'SANVI', 'securityName': 'Sanvi Energy Limited'}, {'totalQuantity': 15596, 'totalOrder': 10, 'securityId': 192, 'symbol': 'SICL', 'securityName': 'Shikhar Insurance Co. Ltd.'}, {'totalQuantity': 15503, 'totalOrder': 9, 'securityId': 244, 'symbol': 'SIFC', 'securityName': 'Shree Investment Finance Co. Ltd.'}, {'totalQuantity': 15410, 'totalOrder': 6, 'securityId': 227, 'symbol': 'BFC', 'securityName': 'Best Finance Company Ltd.'}, {'totalQuantity': 15110, 'totalOrder': 7, 'securityId': 2842, 'symbol': 'SJCL', 'securityName': 'SANJEN JALAVIDHYUT COMPANY LIMITED'}, {'totalQuantity': 14405, 'totalOrder': 7, 'securityId': 8025, 'symbol': 'SPC', 'securityName': 'Samling Power Company Limited'}, {'totalQuantity': 14376, 'totalOrder': 10, 'securityId': 9159, 'symbol': 'SMJC', 'securityName': 'Sagarmatha Jalabidhyut Company Limited'}, {'totalQuantity': 14337, 'totalOrder': 6, 'securityId': 9287, 'symbol': 'MABEL', 'securityName': 'Mabilung Energy Limited'}, {'totalQuantity': 14011, 'totalOrder': 9, 'securityId': 8131, 'symbol': 'EHPL', 'securityName': 'Eastern Hydropower Limited'}, {'totalQuantity': 13986, 'totalOrder': 5, 'securityId': 8005, 'symbol': 'MKJC', 'securityName': 'Mailung Khola Jal Vidhyut Company Limited'}, {'totalQuantity': 13929, 'totalOrder': 7, 'securityId': 9175, 'symbol': 'MCHL', 'securityName': 'Menchhiyam Hydropower Limited'}, {'totalQuantity': 13800, 'totalOrder': 6, 'securityId': 9139, 'symbol': 'SAGF', 'securityName': 'Sanima Growth Fund'}, {'totalQuantity': 13775, 'totalOrder': 10, 'securityId': 188, 'symbol': 'LICN', 'securityName': 'Life Insurance Corporation (Nepal) Limited'}, {'totalQuantity': 13400, 'totalOrder': 5, 'securityId': 2923, 'symbol': 'SLCF', 'securityName': 'Sanima Large Cap Fund'}, {'totalQuantity': 13279, 'totalOrder': 7, 'securityId': 9348, 'symbol': 'SEF2', 'securityName': 'Siddhartha Equity Fund 2'}, {'totalQuantity': 13083, 'totalOrder': 7, 'securityId': 545, 'symbol': 'SLBBL', 'securityName': 'Swarojgar Laghubitta Bittiya Sanstha Ltd.'}, {'totalQuantity': 12947, 'totalOrder': 6, 'securityId': 9193, 'symbol': 'GCIL', 'securityName': 'Ghorahi Cement Industry Limited'}, {'totalQuantity': 12847, 'totalOrder': 6, 'securityId': 184, 'symbol': 'PRIN', 'securityName': 'Prabhu Insurance Ltd.'}, {'totalQuantity': 12742, 'totalOrder': 7, 'securityId': 574, 'symbol': 'SKBBL', 'securityName': 'Sana Kisan Bikas Laghubitta Bittiya Sanstha Limited'}, {'totalQuantity': 12713, 'totalOrder': 9, 'securityId': 164, 'symbol': 'CBBL', 'securityName': 'Chhimek Laghubitta Bittiya Sanstha Limited'}, {'totalQuantity': 12564, 'totalOrder': 10, 'securityId': 2935, 'symbol': 'RURU', 'securityName': 'Ru Ru Jalbidhyut Pariyojana Limited'}, {'totalQuantity': 12375, 'totalOrder': 6, 'securityId': 371, 'symbol': 'MDB', 'securityName': 'Miteri Development Bank Limited'}, {'totalQuantity': 12296, 'totalOrder': 7, 'securityId': 273, 'symbol': 'ICFC', 'securityName': 'ICFC Finance Limited'}, {'totalQuantity': 12244, 'totalOrder': 5, 'securityId': 9147, 'symbol': 'SPL', 'securityName': 'Shuvam Power Limited'}, {'totalQuantity': 12054, 'totalOrder': 5, 'securityId': 2786, 'symbol': 'PMHPL', 'securityName': 'Panchakanya Mai Hydropower Ltd'}, {'totalQuantity': 11933, 'totalOrder': 7, 'securityId': 9196, 'symbol': 'KBSH', 'securityName': 'Kutheli Bukhari Small Hydropower Limited'}, {'totalQuantity': 11802, 'totalOrder': 6, 'securityId': 9325, 'symbol': 'SKHEL', 'securityName': 'Suryakunda Hydro Electric Limited'}, {'totalQuantity': 11789, 'totalOrder': 14, 'securityId': 9262, 'symbol': 'TTL', 'securityName': 'Trade Tower Limited'}, {'totalQuantity': 11720, 'totalOrder': 6, 'securityId': 9181, 'symbol': 'RAWA', 'securityName': 'Rawa Energy Development Limited'}, {'totalQuantity': 11480, 'totalOrder': 5, 'securityId': 8026, 'symbol': 'NYADI', 'securityName': 'Nyadi Hydropower Limited'}, {'totalQuantity': 11360, 'totalOrder': 17, 'securityId': 194, 'symbol': 'NFS', 'securityName': 'Nepal Finance Ltd.'}, {'totalQuantity': 11344, 'totalOrder': 6, 'securityId': 9290, 'symbol': 'HLICF', 'securityName': 'HLI Large Cap Fund'}, {'totalQuantity': 11100, 'totalOrder': 5, 'securityId': 2933, 'symbol': 'KEF', 'securityName': 'Kumari Equity Fund'}, {'totalQuantity': 10895, 'totalOrder': 7, 'securityId': 9212, 'symbol': 'MANDU', 'securityName': 'Mandu Hydropower Limited'}, {'totalQuantity': 10695, 'totalOrder': 5, 'securityId': 9258, 'symbol': 'PURE', 'securityName': 'Pure Energy Limited'}, {'totalQuantity': 10494, 'totalOrder': 10, 'securityId': 9329, 'symbol': 'SIPD', 'securityName': 'Shikhar power Development Limited'}, {'totalQuantity': 10364, 'totalOrder': 6, 'securityId': 268, 'symbol': 'SWBBL', 'securityName': 'Swabalamban Laghubitta Bittiya Sanstha Limited'}, {'totalQuantity': 10344, 'totalOrder': 6, 'securityId': 8102, 'symbol': 'MHL', 'securityName': 'Mandakini Hydropower Limited'}, {'totalQuantity': 10334, 'totalOrder': 6, 'securityId': 2746, 'symbol': 'NMFBS', 'securityName': 'National Laghubitta Bittiya Sanstha Limited'}, {'totalQuantity': 10136, 'totalOrder': 11, 'securityId': 9183, 'symbol': 'NRM', 'securityName': 'Nepal Republic Media Limited'}, {'totalQuantity': 10125, 'totalOrder': 9, 'securityId': 178, 'symbol': 'NLICL', 'securityName': 'National Life Insurance Co. Ltd.'}, {'totalQuantity': 10003, 'totalOrder': 15, 'securityId': 338, 'symbol': 'PROFL', 'securityName': 'Progressive Finance Limited'}, {'totalQuantity': 9786, 'totalOrder': 5, 'securityId': 559, 'symbol': 'NLG', 'securityName': 'NLG Insurance Company Ltd.'}, {'totalQuantity': 9679, 'totalOrder': 5, 'securityId': 706, 'symbol': 'SWMF', 'securityName': 'Suryodaya Womi Laghubitta Bittiya Sanstha Limited'}, {'totalQuantity': 9437, 'totalOrder': 6, 'securityId': 183, 'symbol': 'NIL', 'securityName': 'Neco Insurance Limited'}, {'totalQuantity': 9435, 'totalOrder': 6, 'securityId': 2769, 'symbol': 'NHDL', 'securityName': 'Nepal Hydro Developers Ltd.'}, {'totalQuantity': 9412, 'totalOrder': 10, 'securityId': 9213, 'symbol': 'HATHY', 'securityName': 'Hathway Investment Nepal Limited'}, {'totalQuantity': 9377, 'totalOrder': 8, 'securityId': 583, 'symbol': 'GBLBS', 'securityName': 'Grameen Bikas Laghubitta Bittiya Sanstha Ltd.'}, {'totalQuantity': 9072, 'totalOrder': 11, 'securityId': 9250, 'symbol': 'NMIC', 'securityName': 'Nepal Micro Insurance Company Limited'}, {'totalQuantity': 8820, 'totalOrder': 7, 'securityId': 8023, 'symbol': 'MMF1', 'securityName': 'Mega Mutual Fund -1'}, {'totalQuantity': 8736, 'totalOrder': 5, 'securityId': 2754, 'symbol': 'DHPL', 'securityName': 'Dibyashwori Hydropower Ltd.'}, {'totalQuantity': 8718, 'totalOrder': 7, 'securityId': 9334, 'symbol': 'KHPL', 'securityName': 'Kalinchock Hydropower Limited'}, {'totalQuantity': 8546, 'totalOrder': 6, 'securityId': 179, 'symbol': 'HEI', 'securityName': 'Himalayan Everest Insurance Limited'}, {'totalQuantity': 8506, 'totalOrder': 10, 'securityId': 232, 'symbol': 'GFCL', 'securityName': 'Goodwill Finance Limited'}, {'totalQuantity': 8366, 'totalOrder': 7, 'securityId': 9242, 'symbol': 'SARBTM', 'securityName': 'Sarbottam Cement Limited'}, {'totalQuantity': 8245, 'totalOrder': 5, 'securityId': 687, 'symbol': 'VLBS', 'securityName': 'Vijaya laghubitta Bittiya Sanstha Ltd.'}, {'totalQuantity': 7900, 'totalOrder': 4, 'securityId': 9241, 'symbol': 'KSY', 'securityName': 'Kumari Sabal Yojana'}, {'totalQuantity': 7548, 'totalOrder': 5, 'securityId': 9158, 'symbol': 'MHCL', 'securityName': 'Molung Hydropower Company Limited'}, {'totalQuantity': 7540, 'totalOrder': 5, 'securityId': 250, 'symbol': 'JFL', 'securityName': 'Janaki Finance Company Limited'}, {'totalQuantity': 7500, 'totalOrder': 4, 'securityId': 700, 'symbol': 'HEIP', 'securityName': 'Himalayan Everest Insurance Limited Promoter'}, {'totalQuantity': 7344, 'totalOrder': 7, 'securityId': 8063, 'symbol': 'ULBSL', 'securityName': 'Upakar Laghubitta Bittiya Sanstha Limited'}, {'totalQuantity': 7193, 'totalOrder': 7, 'securityId': 4951, 'symbol': 'JBLB', 'securityName': 'Jeevan Bikas Laghubitta  Bittya Sanstha Ltd'}, {'totalQuantity': 6946, 'totalOrder': 6, 'securityId': 2761, 'symbol': 'SMATA', 'securityName': 'Samata Gharelu Laghubitta Bittiya Sanstha Limited'}, {'totalQuantity': 6929, 'totalOrder': 5, 'securityId': 9344, 'symbol': 'SNORL', 'securityName': 'Snow Rivers Limited'}, {'totalQuantity': 6731, 'totalOrder': 8, 'securityId': 185, 'symbol': 'SALICO', 'securityName': 'Sagarmatha Lumbini Insurance Co. Limited'}, {'totalQuantity': 6664, 'totalOrder': 6, 'securityId': 9161, 'symbol': 'ANLB', 'securityName': 'Aatmanirbhar Laghubitta Bittiya Sanstha Limited'}, {'totalQuantity': 6580, 'totalOrder': 7, 'securityId': 704, 'symbol': 'NMBMF', 'securityName': 'NMB  Microfinance Bittiya Sanstha Ltd.'}, {'totalQuantity': 6500, 'totalOrder': 5, 'securityId': 9198, 'symbol': 'LVF2', 'securityName': 'Laxmi Value Fund 2'}, {'totalQuantity': 6335, 'totalOrder': 5, 'securityId': 8065, 'symbol': 'CYCL', 'securityName': 'CYC Nepal Laghubitta Bittiya Sanstha Limited'}, {'totalQuantity': 6332, 'totalOrder': 5, 'securityId': 2832, 'symbol': 'ILBS', 'securityName': 'Infinity Laghubitta Bittiya Sanstha Limited'}, {'totalQuantity': 6263, 'totalOrder': 6, 'securityId': 9176, 'symbol': 'IHL', 'securityName': 'Ingwa Hydropower Limited'}, {'totalQuantity': 6033, 'totalOrder': 6, 'securityId': 9194, 'symbol': 'TSHL', 'securityName': 'Three Star Hydropower Limited'}, {'totalQuantity': 5953, 'totalOrder': 5, 'securityId': 9167, 'symbol': 'MKHL', 'securityName': 'Mai Khola Hydropower Limited'}, {'totalQuantity': 5901, 'totalOrder': 5, 'securityId': 705, 'symbol': 'GILB', 'securityName': 'Global IME Laghubitta Bittiya Sanstha Ltd.'}, {'totalQuantity': 5732, 'totalOrder': 8, 'securityId': 471, 'symbol': 'MPFL', 'securityName': 'Multipurpose Finance Company  Limited'}, {'totalQuantity': 5689, 'totalOrder': 9, 'securityId': 210, 'symbol': 'CIT', 'securityName': 'Citizen Investment Trust'}, {'totalQuantity': 5672, 'totalOrder': 6, 'securityId': 9270, 'symbol': 'HIMSTAR', 'securityName': 'Him Star Urja Company Limited'}, {'totalQuantity': 5625, 'totalOrder': 8, 'securityId': 1741, 'symbol': 'MERO', 'securityName': 'Mero Microfinance Bittiya Sanstha Ltd.'}, {'totalQuantity': 5314, 'totalOrder': 6, 'securityId': 148, 'symbol': 'TRH', 'securityName': 'Taragaon Regency Hotel Limited'}, {'totalQuantity': 5285, 'totalOrder': 12, 'securityId': 9225, 'symbol': 'VLUCL', 'securityName': 'Vision Lumbini Urja Company Limited '}, {'totalQuantity': 4814, 'totalOrder': 5, 'securityId': 172, 'symbol': 'NABBC', 'securityName': 'Narayani Development Bank Limited'}, {'totalQuantity': 4746, 'totalOrder': 6, 'securityId': 587, 'symbol': 'RLFL', 'securityName': 'Reliance Finance Ltd.'}, {'totalQuantity': 4621, 'totalOrder': 5, 'securityId': 593, 'symbol': 'KMCDB', 'securityName': 'Kalika Laghubitta Bittiya Sanstha Ltd'}, {'totalQuantity': 4400, 'totalOrder': 6, 'securityId': 693, 'symbol': 'HLBSL', 'securityName': 'Himalayan Laghubitta Bittiya Sanstha Limited'}, {'totalQuantity': 4374, 'totalOrder': 13, 'securityId': 9150, 'symbol': 'AHL', 'securityName': 'Asian Hydropower Limited'}, {'totalQuantity': 4310, 'totalOrder': 6, 'securityId': 2868, 'symbol': 'NICD83/84', 'securityName': '10.25% NIC Asia Debenture 2083/84'}, {'totalQuantity': 4234, 'totalOrder': 8, 'securityId': 2758, 'symbol': 'FOWAD', 'securityName': 'Forward Microfinance Laghubitta Bittiya Sanstha Limited'}, {'totalQuantity': 4064, 'totalOrder': 10, 'securityId': 9300, 'symbol': 'JHAPA', 'securityName': 'Jhapa Energy Limited'}, {'totalQuantity': 4048, 'totalOrder': 7, 'securityId': 2896, 'symbol': 'SMPDA', 'securityName': 'Sampada Laghubitta Bittiya Sanstha Limited'}, {'totalQuantity': 3935, 'totalOrder': 5, 'securityId': 9233, 'symbol': 'NWCL', 'securityName': 'Nepal Warehousing Company Limited '}, {'totalQuantity': 3898, 'totalOrder': 8, 'securityId': 9246, 'symbol': 'GMLI', 'securityName': 'Guardian Micro Life Insurance Limited '}, {'totalQuantity': 3869, 'totalOrder': 9, 'securityId': 163, 'symbol': 'NUBL', 'securityName': 'Nirdhan Utthan Laghubitta Bittiya Sanstha Limited'}, {'totalQuantity': 3759, 'totalOrder': 10, 'securityId': 182, 'symbol': 'SPIL', 'securityName': 'Siddhartha Premier Insurance Limited'}, {'totalQuantity': 3615, 'totalOrder': 5, 'securityId': 8117, 'symbol': 'AVYAN', 'securityName': 'Aviyan Laghubitta Bittiya Sanstha Limited'}, {'totalQuantity': 3575, 'totalOrder': 4, 'securityId': 2873, 'symbol': 'HBLD83', 'securityName': '10% Himalayan Bank Debenture 2083'}, {'totalQuantity': 3478, 'totalOrder': 5, 'securityId': 9214, 'symbol': 'BGWT', 'securityName': 'Bhagawati Hydropower Development Company Limited'}, {'totalQuantity': 3406, 'totalOrder': 9, 'securityId': 9217, 'symbol': 'MMKJL', 'securityName': 'Mathillo Mailun Khola Jalvidhyut Limited'}, {'totalQuantity': 3351, 'totalOrder': 8, 'securityId': 9151, 'symbol': 'KDL', 'securityName': 'Kalinchowk Darshan Limited'}, {'totalQuantity': 3327, 'totalOrder': 5, 'securityId': 694, 'symbol': 'MATRI', 'securityName': 'Matribhumi Lagubitta Bittiya Sanstha Limited'}, {'totalQuantity': 3276, 'totalOrder': 7, 'securityId': 2784, 'symbol': 'NADEP', 'securityName': 'Nadep Laghubittiya bittya Sanstha Ltd.'}, {'totalQuantity': 3138, 'totalOrder': 5, 'securityId': 149, 'symbol': 'OHL', 'securityName': 'Oriental Hotels Limited'}, {'totalQuantity': 3060, 'totalOrder': 7, 'securityId': 9337, 'symbol': 'APHL', 'securityName': 'Appolo Hydropower Limited'}, {'totalQuantity': 2870, 'totalOrder': 6, 'securityId': 9256, 'symbol': 'OMPL', 'securityName': 'Om Megashree Pharmaceuticals Limited'}, {'totalQuantity': 2793, 'totalOrder': 5, 'securityId': 2804, 'symbol': 'SLBSL', 'securityName': 'Samudayik Laghubitta Bittiya Sanstha Limited'}, {'totalQuantity': 2744, 'totalOrder': 5, 'securityId': 2768, 'symbol': 'MSLB', 'securityName': 'Mahuli Laghubitta Bittiya Sanstha Limited'}, {'totalQuantity': 2415, 'totalOrder': 9, 'securityId': 618, 'symbol': 'LLBS', 'securityName': 'Laxmi Laghubitta Bittiya Sanstha Ltd.'}, {'totalQuantity': 2301, 'totalOrder': 8, 'securityId': 469, 'symbol': 'NIMBPO', 'securityName': 'Nepal Investment Mega Bank Ltd. Promoter Share'}, {'totalQuantity': 2256, 'totalOrder': 5, 'securityId': 2771, 'symbol': 'SMB', 'securityName': 'Support Microfinance Bittiya Sanstha Ltd.'}, {'totalQuantity': 2081, 'totalOrder': 7, 'securityId': 155, 'symbol': 'STC', 'securityName': 'Salt Trading Corporation'}, {'totalQuantity': 2069, 'totalOrder': 8, 'securityId': 601, 'symbol': 'MLBBL', 'securityName': 'Mithila LaghuBitta Bittiya Sanstha Limited'}, {'totalQuantity': 2008, 'totalOrder': 13, 'securityId': 9192, 'symbol': 'USHL', 'securityName': 'Upper Syange Hydropower Limited'}, {'totalQuantity': 1974, 'totalOrder': 9, 'securityId': 9230, 'symbol': 'MKCL', 'securityName': 'Muktinath Krishi Company Limited'}, {'totalQuantity': 1904, 'totalOrder': 5, 'securityId': 9295, 'symbol': 'SWASTIK', 'securityName': 'Swastik Laghubitta Bittiya Sanstha Limited'}, {'totalQuantity': 1826, 'totalOrder': 8, 'securityId': 2790, 'symbol': 'ACLBSL', 'securityName': 'Aarambha Chautari Laghubitta Bittiya Sanstha Limited'}, {'totalQuantity': 1641, 'totalOrder': 6, 'securityId': 4962, 'symbol': 'PBLD87', 'securityName': '8.5% Prabhu Bank Debenture 2087'}, {'totalQuantity': 1513, 'totalOrder': 7, 'securityId': 9215, 'symbol': 'MSHL', 'securityName': 'Mid Solu Hydropower Limited'}, {'totalQuantity': 1371, 'totalOrder': 5, 'securityId': 8003, 'symbol': 'RBBD83', 'securityName': '8.5% RBBL Debenture 2083'}, {'totalQuantity': 1320, 'totalOrder': 5, 'securityId': 2829, 'symbol': 'SMFBS', 'securityName': 'Swabhimaan Laghubitta Bittiya Sanstha Limited'}, {'totalQuantity': 1291, 'totalOrder': 5, 'securityId': 4959, 'symbol': 'NBLD87', 'securityName': '8.5% Nepal Bank Debenture 2087'}, {'totalQuantity': 1250, 'totalOrder': 5, 'securityId': 2878, 'symbol': 'SRBLD83', 'securityName': '10.25% Sunrise Bank Debenture 2083'}, {'totalQuantity': 1225, 'totalOrder': 5, 'securityId': 8068, 'symbol': 'CCBD88', 'securityName': 'Century Debenture 2088'}, {'totalQuantity': 1223, 'totalOrder': 10, 'securityId': 8041, 'symbol': 'NESDO', 'securityName': 'NESDO Sambridha Laghubitta Bittiya Sanstha Limited'}, {'totalQuantity': 1146, 'totalOrder': 8, 'securityId': 2925, 'symbol': 'MLBSL', 'securityName': 'Mahila Lagubitta Bittiya Sanstha Limited '}, {'totalQuantity': 1095, 'totalOrder': 5, 'securityId': 2864, 'symbol': 'SBLD83', 'securityName': '10.25% SBL Debenture 2083'}, {'totalQuantity': 1077, 'totalOrder': 5, 'securityId': 9232, 'symbol': 'CKHL', 'securityName': 'Chirkhwa Hydropower Limited '}, {'totalQuantity': 1050, 'totalOrder': 2, 'securityId': 2922, 'symbol': 'SBD87', 'securityName': '8.5% Sanima Debenture 2087'}, {'totalQuantity': 1040, 'totalOrder': 3, 'securityId': 8004, 'symbol': 'GBILD86/87', 'securityName': 'Global IME Bank Limited Debenture 2086/87'}, {'totalQuantity': 1025, 'totalOrder': 3, 'securityId': 9255, 'symbol': 'EBLD91', 'securityName': 'Everest Bank Limited Debenture 2091'}, {'totalQuantity': 1001, 'totalOrder': 6, 'securityId': 2774, 'symbol': 'USLB', 'securityName': 'Unnati Sahakarya Laghubitta Bittiya Sanstha Limited'}, {'totalQuantity': 1000, 'totalOrder': 1, 'securityId': 8030, 'symbol': 'ADBLB87', 'securityName': 'Agricultural Bond (9 Year)'}, {'totalQuantity': 945, 'totalOrder': 16, 'securityId': 2882, 'symbol': 'ICFCD83', 'securityName': '12% ICFC Finance Limited Debenture 2083'}, {'totalQuantity': 905, 'totalOrder': 5, 'securityId': 2886, 'symbol': 'ADBLD83', 'securityName': '10.35% Agricultural Bank Debenture 2083'}, {'totalQuantity': 851, 'totalOrder': 7, 'securityId': 8018, 'symbol': 'MLBS', 'securityName': 'Manushi Laghubitta Bittiya Sanstha Limited'}, {'totalQuantity': 791, 'totalOrder': 5, 'securityId': 8034, 'symbol': 'ENL', 'securityName': 'Emerging Nepal Limited'}, {'totalQuantity': 780, 'totalOrder': 6, 'securityId': 177, 'symbol': 'RBCL', 'securityName': 'Rastriya Beema Company Limited'}, {'totalQuantity': 725, 'totalOrder': 3, 'securityId': 9266, 'symbol': 'NICAD2091', 'securityName': '7% NIC ASIA Debenture 2091'}, {'totalQuantity': 691, 'totalOrder': 5, 'securityId': 2815, 'symbol': 'GMFBS', 'securityName': 'Ganapati Laghubitta Bittiya Sanstha Limited'}, {'totalQuantity': 691, 'totalOrder': 7, 'securityId': 2885, 'symbol': 'KBLD86', 'securityName': '10.25% KBL Debenture 2086'}, {'totalQuantity': 683, 'totalOrder': 6, 'securityId': 2781, 'symbol': 'WNLB', 'securityName': 'Wean Nepal Laghubitta Bittiya Sanstha Limited'}, {'totalQuantity': 681, 'totalOrder': 5, 'securityId': 2879, 'symbol': 'LBLD86', 'securityName': '10% Laxmi Bank Debenture 2086'}, {'totalQuantity': 540, 'totalOrder': 3, 'securityId': 9264, 'symbol': 'RBBD2088', 'securityName': '7% RBBL Debenture 2088'}, {'totalQuantity': 515, 'totalOrder': 6, 'securityId': 8123, 'symbol': 'DLBS', 'securityName': 'Dhaulagiri Laghubitta Bittiya Sanstha Limited'}, {'totalQuantity': 500, 'totalOrder': 5, 'securityId': 2904, 'symbol': 'PBLD84', 'securityName': '10% Prabhu Bank Debenture 2084 '}, {'totalQuantity': 500, 'totalOrder': 6, 'securityId': 695, 'symbol': 'JSLBB', 'securityName': 'Janautthan Samudayic Laghubitta Bittya Sanstha Limited'}, {'totalQuantity': 500, 'totalOrder': 5, 'securityId': 9271, 'symbol': 'SBLD2091', 'securityName': '7.25% SBL Debenture 2091'}, {'totalQuantity': 465, 'totalOrder': 5, 'securityId': 4948, 'symbol': 'KSBBLD87', 'securityName': '9% Kamana Sewa Bikas Bank Limited Debenture 2087'}, {'totalQuantity': 460, 'totalOrder': 5, 'securityId': 2936, 'symbol': 'NCCD86', 'securityName': '9.5% NCC Debenture 2086'}, {'totalQuantity': 457, 'totalOrder': 5, 'securityId': 2826, 'symbol': 'GLBSL', 'securityName': 'Gurans Laghubitta Bittiya Sanstha Limited'}, {'totalQuantity': 456, 'totalOrder': 5, 'securityId': 9286, 'symbol': 'SHINED', 'securityName': 'Shine Resunga Debenture'}, {'totalQuantity': 454, 'totalOrder': 6, 'securityId': 156, 'symbol': 'BBC', 'securityName': 'Bishal Bazar Company Limited'}, {'totalQuantity': 435, 'totalOrder': 5, 'securityId': 9327, 'symbol': 'ICFCD89', 'securityName': '8% ICFC Finance Limited Debenture 2089'}, {'totalQuantity': 430, 'totalOrder': 3, 'securityId': 9289, 'symbol': 'SBID2090', 'securityName': '7% Nepal SBI Bank Debenture 2090'}, {'totalQuantity': 390, 'totalOrder': 5, 'securityId': 9249, 'symbol': 'ICFCD88', 'securityName': '9% ICFC Finance Limited Debenture 2088'}, {'totalQuantity': 383, 'totalOrder': 6, 'securityId': 8119, 'symbol': 'EBLD85', 'securityName': '10.50% Everest Bank Limited Debenture 2085'}, {'totalQuantity': 381, 'totalOrder': 6, 'securityId': 213, 'symbol': 'BNT', 'securityName': 'Bottlers Nepal (Terai) Limited'}, {'totalQuantity': 370, 'totalOrder': 5, 'securityId': 2932, 'symbol': 'MFLD85', 'securityName': '9.5% Manjushree Finance Limited Debenture 2085'}, {'totalQuantity': 370, 'totalOrder': 4, 'securityId': 9261, 'symbol': 'NIFRAGED', 'securityName': 'Nifra Green Energy Debenture 6% - 2088/89'}, {'totalQuantity': 363, 'totalOrder': 6, 'securityId': 9140, 'symbol': 'UNLB', 'securityName': 'Unique Nepal Laghubitta Bittiya Sanstha Limited'}, {'totalQuantity': 355, 'totalOrder': 5, 'securityId': 8097, 'symbol': 'PBD88', 'securityName': '10% Prime Debenture 2088'}, {'totalQuantity': 312, 'totalOrder': 5, 'securityId': 6985, 'symbol': 'SDBD87', 'securityName': 'Shangri-la Development Bank Debenture 2087'}, {'totalQuantity': 309, 'totalOrder': 5, 'securityId': 2931, 'symbol': 'NIBD84', 'securityName': '8.5% Nepal Investment Bank Debenture 2084'}, {'totalQuantity': 285, 'totalOrder': 5, 'securityId': 8110, 'symbol': 'SBID83', 'securityName': '10.25% Nepal SBI Bank Debenture 2083'}, {'totalQuantity': 281, 'totalOrder': 6, 'securityId': 8132, 'symbol': 'SHLB', 'securityName': 'Shrijanshil Laghubitta Bittiya Sanstha Limited'}, {'totalQuantity': 275, 'totalOrder': 4, 'securityId': 8109, 'symbol': 'SBD89', 'securityName': '10.25% Sanima Debenture 2089'}, {'totalQuantity': 241, 'totalOrder': 5, 'securityId': 4969, 'symbol': 'MND84/85', 'securityName': 'Muktinath Debenture 2084/85'}, {'totalQuantity': 235, 'totalOrder': 7, 'securityId': 634, 'symbol': 'RBCLPO', 'securityName': 'Rastriya Beema Company Limited Promoter Share'}, {'totalQuantity': 226, 'totalOrder': 5, 'securityId': 2892, 'symbol': 'NBLD82', 'securityName': '10% Nabil Debenture 2082'}, {'totalQuantity': 216, 'totalOrder': 5, 'securityId': 8044, 'symbol': 'EBLD86', 'securityName': 'Everest Bank Limited'}, {'totalQuantity': 182, 'totalOrder': 5, 'securityId': 8020, 'symbol': 'JBBD87', 'securityName': 'Jyoti Bikash Bank Bond 2087'}, {'totalQuantity': 167, 'totalOrder': 5, 'securityId': 8098, 'symbol': 'SBLD89', 'securityName': '10.75% SBL Debenture 2089'}, {'totalQuantity': 161, 'totalOrder': 5, 'securityId': 8033, 'symbol': 'GBBD85', 'securityName': 'Garima Debenture, 2085'}, {'totalQuantity': 153, 'totalOrder': 5, 'securityId': 9177, 'symbol': 'SCBD', 'securityName': '10.30% Standard Chartered Bank Limited Debenture'}, {'totalQuantity': 152, 'totalOrder': 5, 'securityId': 9136, 'symbol': 'BOKD86KA', 'securityName': 'BOK Debenture 2086 ""KA""'}, {'totalQuantity': 150, 'totalOrder': 3, 'securityId': 2889, 'symbol': 'CIZBD86', 'securityName': '10.25% Citizens Bank Debenture 2086'}, {'totalQuantity': 135, 'totalOrder': 3, 'securityId': 9195, 'symbol': 'MLBLD89', 'securityName': '11% Mahalaxmi Debenture 2089'}, {'totalQuantity': 125, 'totalOrder': 2, 'securityId': 9197, 'symbol': 'LBBLD89', 'securityName': '11% L.B.B.L. Debenture 2089'}, {'totalQuantity': 125, 'totalOrder': 2, 'securityId': 8127, 'symbol': 'KBLD89', 'securityName': '11% KBL Debenture 2089'}, {'totalQuantity': 121, 'totalOrder': 5, 'securityId': 9141, 'symbol': 'NIFRAUR85/86', 'securityName': 'NIFRA Uraj Rinpatra7%-2085/86'}, {'totalQuantity': 115, 'totalOrder': 5, 'securityId': 2875, 'symbol': 'PBLD86', 'securityName': '10.25% Prabhu Bank  Debenture 2086'}, {'totalQuantity': 101, 'totalOrder': 3, 'securityId': 7986, 'symbol': 'NICD88', 'securityName': 'NIC ASIA Rinpatra 2088'}, {'totalQuantity': 100, 'totalOrder': 1, 'securityId': 5984, 'symbol': 'LBLD88', 'securityName': '8.5% Laxmi Bank Debenture 2088'}, {'totalQuantity': 100, 'totalOrder': 1, 'securityId': 4963, 'symbol': 'NMBD87/88', 'securityName': 'NMB Debenture 8.50% - 2087/88'}, {'totalQuantity': 100, 'totalOrder': 1, 'securityId': 2863, 'symbol': 'NICBF', 'securityName': 'NIC Asia Balanced Fund'}, {'totalQuantity': 100, 'totalOrder': 5, 'securityId': 219, 'symbol': 'UNL', 'securityName': 'Unilever Nepal Limited'}, {'totalQuantity': 99, 'totalOrder': 5, 'securityId': 9168, 'symbol': 'GBILD84/85', 'securityName': 'Global IME Bank Debenture, 2084/85'}, {'totalQuantity': 91, 'totalOrder': 3, 'securityId': 8027, 'symbol': 'NBLD85', 'securityName': 'Nabil Debenture 2085'}, {'totalQuantity': 91, 'totalOrder': 5, 'securityId': 9243, 'symbol': 'NIMBD90', 'securityName': '10% NIMB Debenture 2090'}, {'totalQuantity': 80, 'totalOrder': 1, 'securityId': 2825, 'symbol': 'NICAD85/86', 'securityName': '10% NIC Asia Debenture 2085/86'}, {'totalQuantity': 77, 'totalOrder': 3, 'securityId': 4961, 'symbol': 'BOKD86', 'securityName': '8.5% BOK Debenture 2086'}, {'totalQuantity': 76, 'totalOrder': 2, 'securityId': 9238, 'symbol': 'NABILD87', 'securityName': '9% Nabil Debenture 2087'}, {'totalQuantity': 70, 'totalOrder': 3, 'securityId': 9231, 'symbol': 'CIZBD90', 'securityName': '10% Citizens Bank Debenture 2090'}, {'totalQuantity': 51, 'totalOrder': 2, 'securityId': 2912, 'symbol': 'SBLD84', 'securityName': '8.5% SBL Debenture 2084'}, {'totalQuantity': 50, 'totalOrder': 2, 'securityId': 9299, 'symbol': 'NABILD2089', 'securityName': '7% Nabil Debenture 2089'}, {'totalQuantity': 36, 'totalOrder': 2, 'securityId': 8043, 'symbol': 'CBLD88', 'securityName': 'Civil Bank Debenture 2088'}, {'totalQuantity': 25, 'totalOrder': 2, 'securityId': 8116, 'symbol': 'PBD84', 'securityName': '10.15% Prime Debenture 2084'}, {'totalQuantity': 10, 'totalOrder': 1, 'securityId': 9152, 'symbol': 'EBLEB89', 'securityName': 'Everest Bank Limited Energy Bond, 2089'}, {'totalQuantity': 10, 'totalOrder': 1, 'securityId': 195, 'symbol': 'BNL', 'securityName': 'Bottlers Nepal (Balaju) Limited'}]",7,"price_volume, live_market, summary, top_gainers, top_losers, nepse_index, supply_demand",5649
