collection_timestamp,collection_time_npt,data_source,record_id,market_open,collection_method,market_schedule,securityid,securityname,symbol,indexid,totaltradequantity,lasttradedprice,percentagechange,previousclose,closeprice,openprice,highprice,lowprice,totaltradevalue,lastupdateddatetime,lasttradedvolume,averagetradedprice,total_turnover_rs:,total_traded_shares,total_transactions,total_scrips_traded,ltp,cp,pointchange,float_index,sensitive_float_index,nepse_index,sensitive_index,supplylist,demandlist,total_endpoints_collected,endpoints_collected,github_run_number
2026-08-11T14:20:04.325163+05:45,2026-08-11 14:20:04,price_volume,price_volume_1,True,cloud_automated,Tuesday - Trading Hours: 11:00 AM - 3:00 PM NPT,2790,Aarambha Chautari Laghubitta Bittiya Sanstha Limited,ACLBSL,58.0,276.0,915.0,0.0,915.0,,,,,,,,,,,,,,,,,,,,,,7,"price_volume, live_market, summary, top_gainers, top_losers, nepse_index, supply_demand",5517
2026-08-11T14:20:04.325163+05:45,2026-08-11 14:20:04,price_volume,price_volume_2,True,cloud_automated,Tuesday - Trading Hours: 11:00 AM - 3:00 PM NPT,397,Agricultural Development Bank Limited,ADBL,58.0,48020.0,303.0,-0.655737705,305.0,,,,,,,,,,,,,,,,,,,,,,7,"price_volume, live_market, summary, top_gainers, top_losers, nepse_index, supply_demand",5517
2026-08-11T14:20:04.325163+05:45,2026-08-11 14:20:04,price_volume,price_volume_3,True,cloud_automated,Tuesday - Trading Hours: 11:00 AM - 3:00 PM NPT,9150,Asian Hydropower Limited,AHL,58.0,474.0,410.3,0.073170732,410.0,,,,,,,,,,,,,,,,,,,,,,7,"price_volume, live_market, summary, top_gainers, top_losers, nepse_index, supply_demand",5517
2026-08-11T14:20:04.325163+05:45,2026-08-11 14:20:04,price_volume,price_volume_4,True,cloud_automated,Tuesday - Trading Hours: 11:00 AM - 3:00 PM NPT,360,Arun Valley Hydropower Development Co. Ltd.,AHPC,58.0,44257.0,265.0,0.0,265.0,,,,,,,,,,,,,,,,,,,,,,7,"price_volume, live_market, summary, top_gainers, top_losers, nepse_index, supply_demand",5517
2026-08-11T14:20:04.325163+05:45,2026-08-11 14:20:04,price_volume,price_volume_5,True,cloud_automated,Tuesday - Trading Hours: 11:00 AM - 3:00 PM NPT,2788,Ankhu Khola Jalvidhyut Company Ltd,AKJCL,58.0,178681.0,365.7,-0.327064595,366.9,,,,,,,,,,,,,,,,,,,,,,7,"price_volume, live_market, summary, top_gainers, top_losers, nepse_index, supply_demand",5517
2026-08-11T14:20:04.325163+05:45,2026-08-11 14:20:04,price_volume,price_volume_6,True,cloud_automated,Tuesday - Trading Hours: 11:00 AM - 3:00 PM NPT,2757,Arun Kabeli Power Ltd.,AKPL,58.0,30124.0,254.0,-0.274833137,254.7,,,,,,,,,,,,,,,,,,,,,,7,"price_volume, live_market, summary, top_gainers, top_losers, nepse_index, supply_demand",5517
2026-08-11T14:20:04.325163+05:45,2026-08-11 14:20:04,price_volume,price_volume_7,True,cloud_automated,Tuesday - Trading Hours: 11:00 AM - 3:00 PM NPT,2807,Asha Laghubitta Bittiya Sanstha Ltd,ALBSL,58.0,30243.0,1113.0,2.110091743,1090.0,,,,,,,,,,,,,,,,,,,,,,7,"price_volume, live_market, summary, top_gainers, top_losers, nepse_index, supply_demand",5517
2026-08-11T14:20:04.325163+05:45,2026-08-11 14:20:04,price_volume,price_volume_8,True,cloud_automated,Tuesday - Trading Hours: 11:00 AM - 3:00 PM NPT,385,Asian Life Insurance Co. Limited,ALICL,58.0,7912.0,420.1,0.502392344,418.0,,,,,,,,,,,,,,,,,,,,,,7,"price_volume, live_market, summary, top_gainers, top_losers, nepse_index, supply_demand",5517
2026-08-11T14:20:04.325163+05:45,2026-08-11 14:20:04,price_volume,price_volume_9,True,cloud_automated,Tuesday - Trading Hours: 11:00 AM - 3:00 PM NPT,9161,Aatmanirbhar Laghubitta Bittiya Sanstha Limited,ANLB,58.0,1849.0,5360.0,-1.957197732,5467.0,,,,,,,,,,,,,,,,,,,,,,7,"price_volume, live_market, summary, top_gainers, top_losers, nepse_index, supply_demand",5517
2026-08-11T14:20:04.325163+05:45,2026-08-11 14:20:04,price_volume,price_volume_10,True,cloud_automated,Tuesday - Trading Hours: 11:00 AM - 3:00 PM NPT,9337,Appolo Hydropower Limited,APHL,58.0,6189.0,828.0,0.0,828.0,,,,,,,,,,,,,,,,,,,,,,7,"price_volume, live_market, summary, top_gainers, top_losers, nepse_index, supply_demand",5517
2026-08-11T14:20:04.325163+05:45,2026-08-11 14:20:04,price_volume,price_volume_11,True,cloud_automated,Tuesday - Trading Hours: 11:00 AM - 3:00 PM NPT,697,Api Power Company Ltd.,API,58.0,190247.0,330.1,0.487062405,328.5,,,,,,,,,,,,,,,,,,,,,,7,"price_volume, live_market, summary, top_gainers, top_losers, nepse_index, supply_demand",5517
2026-08-11T14:20:04.325163+05:45,2026-08-11 14:20:04,price_volume,price_volume_12,True,cloud_automated,Tuesday - Trading Hours: 11:00 AM - 3:00 PM NPT,8117,Aviyan Laghubitta Bittiya Sanstha Limited,AVYAN,58.0,348.0,1044.6,-0.608943863,1051.0,,,,,,,,,,,,,,,,,,,,,,7,"price_volume, live_market, summary, top_gainers, top_losers, nepse_index, supply_demand",5517
2026-08-11T14:20:04.325163+05:45,2026-08-11 14:20:04,price_volume,price_volume_13,True,cloud_automated,Tuesday - Trading Hours: 11:00 AM - 3:00 PM NPT,9297,Bandipur Cablecar and Tourism Limited,BANDIPUR,58.0,18718.0,686.0,0.882352941,680.0,,,,,,,,,,,,,,,,,,,,,,7,"price_volume, live_market, summary, top_gainers, top_losers, nepse_index, supply_demand",5517
2026-08-11T14:20:04.325163+05:45,2026-08-11 14:20:04,price_volume,price_volume_14,True,cloud_automated,Tuesday - Trading Hours: 11:00 AM - 3:00 PM NPT,686,Barun Hydropower Co. Ltd.,BARUN,58.0,5702.0,320.0,0.407907123,318.7,,,,,,,,,,,,,,,,,,,,,,7,"price_volume, live_market, summary, top_gainers, top_losers, nepse_index, supply_demand",5517
2026-08-11T14:20:04.325163+05:45,2026-08-11 14:20:04,price_volume,price_volume_15,True,cloud_automated,Tuesday - Trading Hours: 11:00 AM - 3:00 PM NPT,156,Bishal Bazar Company Limited,BBC,58.0,114.0,4200.0,-1.153212521,4249.0,,,,,,,,,,,,,,,,,,,,,,7,"price_volume, live_market, summary, top_gainers, top_losers, nepse_index, supply_demand",5517
2026-08-11T14:20:04.325163+05:45,2026-08-11 14:20:04,price_volume,price_volume_16,True,cloud_automated,Tuesday - Trading Hours: 11:00 AM - 3:00 PM NPT,9171,Bhugol Energy Development Company Limited,BEDC,58.0,11000.0,318.0,-0.344719524,319.1,,,,,,,,,,,,,,,,,,,,,,7,"price_volume, live_market, summary, top_gainers, top_losers, nepse_index, supply_demand",5517
2026-08-11T14:20:04.325163+05:45,2026-08-11 14:20:04,price_volume,price_volume_17,True,cloud_automated,Tuesday - Trading Hours: 11:00 AM - 3:00 PM NPT,227,Best Finance Company Ltd.,BFC,58.0,22084.0,495.0,0.080873433,494.6,,,,,,,,,,,,,,,,,,,,,,7,"price_volume, live_market, summary, top_gainers, top_losers, nepse_index, supply_demand",5517
2026-08-11T14:20:04.325163+05:45,2026-08-11 14:20:04,price_volume,price_volume_18,True,cloud_automated,Tuesday - Trading Hours: 11:00 AM - 3:00 PM NPT,9214,Bhagawati Hydropower Development Company Limited,BGWT,58.0,383.0,541.1,-1.259124088,548.0,,,,,,,,,,,,,,,,,,,,,,7,"price_volume, live_market, summary, top_gainers, top_losers, nepse_index, supply_demand",5517
2026-08-11T14:20:04.325163+05:45,2026-08-11 14:20:04,price_volume,price_volume_19,True,cloud_automated,Tuesday - Trading Hours: 11:00 AM - 3:00 PM NPT,9267,Bikash Hydropower Company Limited,BHCL,58.0,8734.0,492.9,0.591836735,490.0,,,,,,,,,,,,,,,,,,,,,,7,"price_volume, live_market, summary, top_gainers, top_losers, nepse_index, supply_demand",5517
2026-08-11T14:20:04.325163+05:45,2026-08-11 14:20:04,price_volume,price_volume_20,True,cloud_automated,Tuesday - Trading Hours: 11:00 AM - 3:00 PM NPT,8075,Bindhyabasini Hydropower Development Company Limited,BHDC,58.0,3332.0,426.6,0.14084507,426.0,,,,,,,,,,,,,,,,,,,,,,7,"price_volume, live_market, summary, top_gainers, top_losers, nepse_index, supply_demand",5517
2026-08-11T14:20:04.325163+05:45,2026-08-11 14:20:04,price_volume,price_volume_21,True,cloud_automated,Tuesday - Trading Hours: 11:00 AM - 3:00 PM NPT,8055,Balephi Hydropower Limited,BHL,58.0,29408.0,207.0,0.048332528,206.9,,,,,,,,,,,,,,,,,,,,,,7,"price_volume, live_market, summary, top_gainers, top_losers, nepse_index, supply_demand",5517
2026-08-11T14:20:04.325163+05:45,2026-08-11 14:20:04,price_volume,price_volume_22,True,cloud_automated,Tuesday - Trading Hours: 11:00 AM - 3:00 PM NPT,9135,Barahi Hydropower Public Limited,BHPL,58.0,1301.0,476.0,-1.347150259,482.5,,,,,,,,,,,,,,,,,,,,,,7,"price_volume, live_market, summary, top_gainers, top_losers, nepse_index, supply_demand",5517
2026-08-11T14:20:04.325163+05:45,2026-08-11 14:20:04,price_volume,price_volume_23,True,cloud_automated,Tuesday - Trading Hours: 11:00 AM - 3:00 PM NPT,9322,Bhujung Hydropower Limited,BJHL,58.0,6701.0,676.1,0.910447761,670.0,,,,,,,,,,,,,,,,,,,,,,7,"price_volume, live_market, summary, top_gainers, top_losers, nepse_index, supply_demand",5517
2026-08-11T14:20:04.325163+05:45,2026-08-11 14:20:04,price_volume,price_volume_24,True,cloud_automated,Tuesday - Trading Hours: 11:00 AM - 3:00 PM NPT,8032,Buddha Bhumi Nepal Hydropower Company Limited,BNHC,58.0,9868.0,281.4,-0.212765957,282.0,,,,,,,,,,,,,,,,,,,,,,7,"price_volume, live_market, summary, top_gainers, top_losers, nepse_index, supply_demand",5517
2026-08-11T14:20:04.325163+05:45,2026-08-11 14:20:04,price_volume,price_volume_25,True,cloud_automated,Tuesday - Trading Hours: 11:00 AM - 3:00 PM NPT,213,Bottlers Nepal (Terai) Limited,BNT,58.0,30.0,11500.2,-0.432030892,11550.1,,,,,,,,,,,,,,,,,,,,,,7,"price_volume, live_market, summary, top_gainers, top_losers, nepse_index, supply_demand",5517
2026-08-11T14:20:04.325163+05:45,2026-08-11 14:20:04,price_volume,price_volume_26,True,cloud_automated,Tuesday - Trading Hours: 11:00 AM - 3:00 PM NPT,153,Butwal Power Company Limited,BPCL,58.0,6556.0,644.7,-0.784856879,649.8,,,,,,,,,,,,,,,,,,,,,,7,"price_volume, live_market, summary, top_gainers, top_losers, nepse_index, supply_demand",5517
2026-08-11T14:20:04.325163+05:45,2026-08-11 14:20:04,price_volume,price_volume_27,True,cloud_automated,Tuesday - Trading Hours: 11:00 AM - 3:00 PM NPT,9296,Bungal Hydro Limited,BUNGAL,58.0,17341.0,594.0,1.712328767,584.0,,,,,,,,,,,,,,,,,,,,,,7,"price_volume, live_market, summary, top_gainers, top_losers, nepse_index, supply_demand",5517
2026-08-11T14:20:04.325163+05:45,2026-08-11 14:20:04,price_volume,price_volume_28,True,cloud_automated,Tuesday - Trading Hours: 11:00 AM - 3:00 PM NPT,164,Chhimek Laghubitta Bittiya Sanstha Limited,CBBL,58.0,7502.0,929.5,-0.053763441,930.0,,,,,,,,,,,,,,,,,,,,,,7,"price_volume, live_market, summary, top_gainers, top_losers, nepse_index, supply_demand",5517
2026-08-11T14:20:04.325163+05:45,2026-08-11 14:20:04,price_volume,price_volume_29,True,cloud_automated,Tuesday - Trading Hours: 11:00 AM - 3:00 PM NPT,245,Central Finance Co. Ltd.,CFCL,58.0,39600.0,650.1,-0.974866717,656.5,,,,,,,,,,,,,,,,,,,,,,7,"price_volume, live_market, summary, top_gainers, top_losers, nepse_index, supply_demand",5517
2026-08-11T14:20:04.325163+05:45,2026-08-11 14:20:04,price_volume,price_volume_30,True,cloud_automated,Tuesday - Trading Hours: 11:00 AM - 3:00 PM NPT,2917,Chandragiri Hills Limited,CGH,58.0,2634.0,784.0,0.525708424,779.9,,,,,,,,,,,,,,,,,,,,,,7,"price_volume, live_market, summary, top_gainers, top_losers, nepse_index, supply_demand",5517
2026-08-11T14:20:04.325163+05:45,2026-08-11 14:20:04,price_volume,price_volume_31,True,cloud_automated,Tuesday - Trading Hours: 11:00 AM - 3:00 PM NPT,154,Chilime Hydropower Company Limited,CHCL,58.0,7439.0,481.9,-0.433884298,484.0,,,,,,,,,,,,,,,,,,,,,,7,"price_volume, live_market, summary, top_gainers, top_losers, nepse_index, supply_demand",5517
2026-08-11T14:20:04.325163+05:45,2026-08-11 14:20:04,price_volume,price_volume_32,True,cloud_automated,Tuesday - Trading Hours: 11:00 AM - 3:00 PM NPT,3946,CEDB Holdings Limited,CHDC,58.0,3569.0,2180.0,0.669591318,2165.5,,,,,,,,,,,,,,,,,,,,,,7,"price_volume, live_market, summary, top_gainers, top_losers, nepse_index, supply_demand",5517
2026-08-11T14:20:04.325163+05:45,2026-08-11 14:20:04,price_volume,price_volume_33,True,cloud_automated,Tuesday - Trading Hours: 11:00 AM - 3:00 PM NPT,2766,Chhyangdi Hydropower Ltd.,CHL,58.0,12008.0,265.4,-0.933184024,267.9,,,,,,,,,,,,,,,,,,,,,,7,"price_volume, live_market, summary, top_gainers, top_losers, nepse_index, supply_demand",5517
2026-08-11T14:20:04.325163+05:45,2026-08-11 14:20:04,price_volume,price_volume_34,True,cloud_automated,Tuesday - Trading Hours: 11:00 AM - 3:00 PM NPT,210,Citizen Investment Trust,CIT,58.0,3934.0,1704.0,0.235294118,1700.0,,,,,,,,,,,,,,,,,,,,,,7,"price_volume, live_market, summary, top_gainers, top_losers, nepse_index, supply_demand",5517
2026-08-11T14:20:04.325163+05:45,2026-08-11 14:20:04,price_volume,price_volume_35,True,cloud_automated,Tuesday - Trading Hours: 11:00 AM - 3:00 PM NPT,9173,City Hotel Limited,CITY,58.0,46480.0,370.7,1.008174387,367.0,,,,,,,,,,,,,,,,,,,,,,7,"price_volume, live_market, summary, top_gainers, top_losers, nepse_index, supply_demand",5517
2026-08-11T14:20:04.325163+05:45,2026-08-11 14:20:04,price_volume,price_volume_36,True,cloud_automated,Tuesday - Trading Hours: 11:00 AM - 3:00 PM NPT,9232,Chirkhwa Hydropower Limited ,CKHL,58.0,10230.0,573.0,-1.376936317,581.0,,,,,,,,,,,,,,,,,,,,,,7,"price_volume, live_market, summary, top_gainers, top_losers, nepse_index, supply_demand",5517
2026-08-11T14:20:04.325163+05:45,2026-08-11 14:20:04,price_volume,price_volume_37,True,cloud_automated,Tuesday - Trading Hours: 11:00 AM - 3:00 PM NPT,9209,Citizen Life Insurance Company Limited,CLI,58.0,6084.0,437.0,-0.681818182,440.0,,,,,,,,,,,,,,,,,,,,,,7,"price_volume, live_market, summary, top_gainers, top_losers, nepse_index, supply_demand",5517
2026-08-11T14:20:04.325163+05:45,2026-08-11 14:20:04,price_volume,price_volume_38,True,cloud_automated,Tuesday - Trading Hours: 11:00 AM - 3:00 PM NPT,450,Corporate Development Bank Limited,CORBL,58.0,30460.0,1145.0,-0.882963989,1155.2,,,,,,,,,,,,,,,,,,,,,,7,"price_volume, live_market, summary, top_gainers, top_losers, nepse_index, supply_demand",5517
2026-08-11T14:20:04.325163+05:45,2026-08-11 14:20:04,price_volume,price_volume_39,True,cloud_automated,Tuesday - Trading Hours: 11:00 AM - 3:00 PM NPT,9252,Crest Micro Life Insurance Limited,CREST,58.0,11707.0,1170.1,-0.813766212,1179.7,,,,,,,,,,,,,,,,,,,,,,7,"price_volume, live_market, summary, top_gainers, top_losers, nepse_index, supply_demand",5517
2026-08-11T14:20:04.325163+05:45,2026-08-11 14:20:04,price_volume,price_volume_40,True,cloud_automated,Tuesday - Trading Hours: 11:00 AM - 3:00 PM NPT,8065,CYC Nepal Laghubitta Bittiya Sanstha Limited,CYCL,58.0,70.0,1294.0,1.251956182,1278.0,,,,,,,,,,,,,,,,,,,,,,7,"price_volume, live_market, summary, top_gainers, top_losers, nepse_index, supply_demand",5517
2026-08-11T14:20:04.325163+05:45,2026-08-11 14:20:04,price_volume,price_volume_41,True,cloud_automated,Tuesday - Trading Hours: 11:00 AM - 3:00 PM NPT,348,Citizens Bank International Limited,CZBIL,58.0,51734.0,202.0,0.899100899,200.2,,,,,,,,,,,,,,,,,,,,,,7,"price_volume, live_market, summary, top_gainers, top_losers, nepse_index, supply_demand",5517
2026-08-11T14:20:04.325163+05:45,2026-08-11 14:20:04,price_volume,price_volume_42,True,cloud_automated,Tuesday - Trading Hours: 11:00 AM - 3:00 PM NPT,166,Deprosc Laghubitta Bittiya Sanstha Limited,DDBL,58.0,5728.0,833.5,-0.773809524,840.0,,,,,,,,,,,,,,,,,,,,,,7,"price_volume, live_market, summary, top_gainers, top_losers, nepse_index, supply_demand",5517
2026-08-11T14:20:04.325163+05:45,2026-08-11 14:20:04,price_volume,price_volume_43,True,cloud_automated,Tuesday - Trading Hours: 11:00 AM - 3:00 PM NPT,9293,Daramkhola Hydro Energy Limited,DHEL,58.0,19189.0,613.7,-1.016129032,620.0,,,,,,,,,,,,,,,,,,,,,,7,"price_volume, live_market, summary, top_gainers, top_losers, nepse_index, supply_demand",5517
2026-08-11T14:20:04.325163+05:45,2026-08-11 14:20:04,price_volume,price_volume_44,True,cloud_automated,Tuesday - Trading Hours: 11:00 AM - 3:00 PM NPT,2754,Dibyashwori Hydropower Ltd.,DHPL,58.0,2575.0,286.0,-0.694444444,288.0,,,,,,,,,,,,,,,,,,,,,,7,"price_volume, live_market, summary, top_gainers, top_losers, nepse_index, supply_demand",5517
2026-08-11T14:20:04.325163+05:45,2026-08-11 14:20:04,price_volume,price_volume_45,True,cloud_automated,Tuesday - Trading Hours: 11:00 AM - 3:00 PM NPT,8123,Dhaulagiri Laghubitta Bittiya Sanstha Limited,DLBS,58.0,290.0,1160.4,-1.661016949,1180.0,,,,,,,,,,,,,,,,,,,,,,7,"price_volume, live_market, summary, top_gainers, top_losers, nepse_index, supply_demand",5517
2026-08-11T14:20:04.325163+05:45,2026-08-11 14:20:04,price_volume,price_volume_46,True,cloud_automated,Tuesday - Trading Hours: 11:00 AM - 3:00 PM NPT,9170,Dolti Power Company Limited,DOLTI,58.0,7728.0,318.0,-0.625,320.0,,,,,,,,,,,,,,,,,,,,,,7,"price_volume, live_market, summary, top_gainers, top_losers, nepse_index, supply_demand",5517
2026-08-11T14:20:04.325163+05:45,2026-08-11 14:20:04,price_volume,price_volume_47,True,cloud_automated,Tuesday - Trading Hours: 11:00 AM - 3:00 PM NPT,8070,Dordi Khola Jal Bidyut Company Limited,DORDI,58.0,6076.0,249.7,-0.080032013,249.9,,,,,,,,,,,,,,,,,,,,,,7,"price_volume, live_market, summary, top_gainers, top_losers, nepse_index, supply_demand",5517
2026-08-11T14:20:04.325163+05:45,2026-08-11 14:20:04,price_volume,price_volume_48,True,cloud_automated,Tuesday - Trading Hours: 11:00 AM - 3:00 PM NPT,137,Everest Bank Limited,EBL,58.0,25323.0,719.8,0.671328671,715.0,,,,,,,,,,,,,,,,,,,,,,7,"price_volume, live_market, summary, top_gainers, top_losers, nepse_index, supply_demand",5517
2026-08-11T14:20:04.325163+05:45,2026-08-11 14:20:04,price_volume,price_volume_49,True,cloud_automated,Tuesday - Trading Hours: 11:00 AM - 3:00 PM NPT,9347,Everest Colour Limited,ECL,58.0,26092.0,1531.0,-3.345959596,1584.0,,,,,,,,,,,,,,,,,,,,,,7,"price_volume, live_market, summary, top_gainers, top_losers, nepse_index, supply_demand",5517
2026-08-11T14:20:04.325163+05:45,2026-08-11 14:20:04,price_volume,price_volume_50,True,cloud_automated,Tuesday - Trading Hours: 11:00 AM - 3:00 PM NPT,274,Excel Development Bank Ltd.,EDBL,58.0,3153.0,587.9,1.362068966,580.0,,,,,,,,,,,,,,,,,,,,,,7,"price_volume, live_market, summary, top_gainers, top_losers, nepse_index, supply_demand",5517
2026-08-11T14:20:04.325163+05:45,2026-08-11 14:20:04,price_volume,price_volume_51,True,cloud_automated,Tuesday - Trading Hours: 11:00 AM - 3:00 PM NPT,8131,Eastern Hydropower Limited,EHPL,58.0,3392.0,340.0,0.294985251,339.0,,,,,,,,,,,,,,,,,,,,,,7,"price_volume, live_market, summary, top_gainers, top_losers, nepse_index, supply_demand",5517
2026-08-11T14:20:04.325163+05:45,2026-08-11 14:20:04,price_volume,price_volume_52,True,cloud_automated,Tuesday - Trading Hours: 11:00 AM - 3:00 PM NPT,8034,Emerging Nepal Limited,ENL,58.0,30.0,783.2,-1.842336132,797.9,,,,,,,,,,,,,,,,,,,,,,7,"price_volume, live_market, summary, top_gainers, top_losers, nepse_index, supply_demand",5517
2026-08-11T14:20:04.325163+05:45,2026-08-11 14:20:04,price_volume,price_volume_53,True,cloud_automated,Tuesday - Trading Hours: 11:00 AM - 3:00 PM NPT,490,First Micro Finance Laghubitta Bittiya Sanstha Limited,FMDBL,58.0,106811.0,802.0,-1.835985312,817.0,,,,,,,,,,,,,,,,,,,,,,7,"price_volume, live_market, summary, top_gainers, top_losers, nepse_index, supply_demand",5517
2026-08-11T14:20:04.325163+05:45,2026-08-11 14:20:04,price_volume,price_volume_54,True,cloud_automated,Tuesday - Trading Hours: 11:00 AM - 3:00 PM NPT,2758,Forward Microfinance Laghubitta Bittiya Sanstha Limited,FOWAD,58.0,434.0,940.0,-0.529100529,945.0,,,,,,,,,,,,,,,,,,,,,,7,"price_volume, live_market, summary, top_gainers, top_losers, nepse_index, supply_demand",5517
2026-08-11T14:20:04.325163+05:45,2026-08-11 14:20:04,price_volume,price_volume_55,True,cloud_automated,Tuesday - Trading Hours: 11:00 AM - 3:00 PM NPT,417,Garima Bikas Bank Limited,GBBL,58.0,16170.0,418.6,0.0,418.6,,,,,,,,,,,,,,,,,,,,,,7,"price_volume, live_market, summary, top_gainers, top_losers, nepse_index, supply_demand",5517
2026-08-11T14:20:04.325163+05:45,2026-08-11 14:20:04,price_volume,price_volume_56,True,cloud_automated,Tuesday - Trading Hours: 11:00 AM - 3:00 PM NPT,341,Global IME Bank Limited,GBIME,58.0,166822.0,250.5,-0.199203187,251.0,,,,,,,,,,,,,,,,,,,,,,7,"price_volume, live_market, summary, top_gainers, top_losers, nepse_index, supply_demand",5517
2026-08-11T14:20:04.325163+05:45,2026-08-11 14:20:04,price_volume,price_volume_57,True,cloud_automated,Tuesday - Trading Hours: 11:00 AM - 3:00 PM NPT,583,Grameen Bikas Laghubitta Bittiya Sanstha Ltd.,GBLBS,58.0,5218.0,732.1,-0.933694181,739.0,,,,,,,,,,,,,,,,,,,,,,7,"price_volume, live_market, summary, top_gainers, top_losers, nepse_index, supply_demand",5517
2026-08-11T14:20:04.325163+05:45,2026-08-11 14:20:04,price_volume,price_volume_58,True,cloud_automated,Tuesday - Trading Hours: 11:00 AM - 3:00 PM NPT,9193,Ghorahi Cement Industry Limited,GCIL,58.0,10512.0,346.9,0.521587946,345.1,,,,,,,,,,,,,,,,,,,,,,7,"price_volume, live_market, summary, top_gainers, top_losers, nepse_index, supply_demand",5517
2026-08-11T14:20:04.325163+05:45,2026-08-11 14:20:04,price_volume,price_volume_59,True,cloud_automated,Tuesday - Trading Hours: 11:00 AM - 3:00 PM NPT,232,Goodwill Finance Limited,GFCL,58.0,4430.0,598.0,-0.333333333,600.0,,,,,,,,,,,,,,,,,,,,,,7,"price_volume, live_market, summary, top_gainers, top_losers, nepse_index, supply_demand",5517
2026-08-11T14:20:04.325163+05:45,2026-08-11 14:20:04,price_volume,price_volume_60,True,cloud_automated,Tuesday - Trading Hours: 11:00 AM - 3:00 PM NPT,2806,Ghalemdi Hydro Limited,GHL,58.0,58622.0,230.1,0.130548303,229.8,,,,,,,,,,,,,,,,,,,,,,7,"price_volume, live_market, summary, top_gainers, top_losers, nepse_index, supply_demand",5517
2026-08-11T14:20:04.325163+05:45,2026-08-11 14:20:04,price_volume,price_volume_61,True,cloud_automated,Tuesday - Trading Hours: 11:00 AM - 3:00 PM NPT,705,Global IME Laghubitta Bittiya Sanstha Ltd.,GILB,58.0,345.0,1071.0,-1.5625,1088.0,,,,,,,,,,,,,,,,,,,,,,7,"price_volume, live_market, summary, top_gainers, top_losers, nepse_index, supply_demand",5517
2026-08-11T14:20:04.325163+05:45,2026-08-11 14:20:04,price_volume,price_volume_62,True,cloud_automated,Tuesday - Trading Hours: 11:00 AM - 3:00 PM NPT,2826,Gurans Laghubitta Bittiya Sanstha Limited,GLBSL,58.0,225.0,1774.0,-0.616246499,1785.0,,,,,,,,,,,,,,,,,,,,,,7,"price_volume, live_market, summary, top_gainers, top_losers, nepse_index, supply_demand",5517
2026-08-11T14:20:04.325163+05:45,2026-08-11 14:20:04,price_volume,price_volume_63,True,cloud_automated,Tuesday - Trading Hours: 11:00 AM - 3:00 PM NPT,2924,GreenLife Hydropower Limited,GLH,58.0,12712.0,255.5,-0.815217391,257.6,,,,,,,,,,,,,,,,,,,,,,7,"price_volume, live_market, summary, top_gainers, top_losers, nepse_index, supply_demand",5517
2026-08-11T14:20:04.325163+05:45,2026-08-11 14:20:04,price_volume,price_volume_64,True,cloud_automated,Tuesday - Trading Hours: 11:00 AM - 3:00 PM NPT,2815,Ganapati Laghubitta Bittiya Sanstha Limited,GMFBS,58.0,433.0,1150.0,-2.044293015,1174.0,,,,,,,,,,,,,,,,,,,,,,7,"price_volume, live_market, summary, top_gainers, top_losers, nepse_index, supply_demand",5517
2026-08-11T14:20:04.325163+05:45,2026-08-11 14:20:04,price_volume,price_volume_65,True,cloud_automated,Tuesday - Trading Hours: 11:00 AM - 3:00 PM NPT,263,Guheshowori Merchant Bank & Finance Co. Ltd.,GMFIL,58.0,1777.0,457.5,0.10940919,457.0,,,,,,,,,,,,,,,,,,,,,,7,"price_volume, live_market, summary, top_gainers, top_losers, nepse_index, supply_demand",5517
2026-08-11T14:20:04.325163+05:45,2026-08-11 14:20:04,price_volume,price_volume_66,True,cloud_automated,Tuesday - Trading Hours: 11:00 AM - 3:00 PM NPT,9246,Guardian Micro Life Insurance Limited ,GMLI,58.0,2444.0,1099.0,-0.090909091,1100.0,,,,,,,,,,,,,,,,,,,,,,7,"price_volume, live_market, summary, top_gainers, top_losers, nepse_index, supply_demand",5517
2026-08-11T14:20:04.325163+05:45,2026-08-11 14:20:04,price_volume,price_volume_67,True,cloud_automated,Tuesday - Trading Hours: 11:00 AM - 3:00 PM NPT,2744,Green Development Bank Ltd.,GRDBL,58.0,3603.0,1055.0,-0.377714825,1059.0,,,,,,,,,,,,,,,,,,,,,,7,"price_volume, live_market, summary, top_gainers, top_losers, nepse_index, supply_demand",5517
2026-08-11T14:20:04.325163+05:45,2026-08-11 14:20:04,price_volume,price_volume_68,True,cloud_automated,Tuesday - Trading Hours: 11:00 AM - 3:00 PM NPT,204,Gurkhas Finance Ltd.,GUFL,58.0,23502.0,572.1,2.087794433,560.4,,,,,,,,,,,,,,,,,,,,,,7,"price_volume, live_market, summary, top_gainers, top_losers, nepse_index, supply_demand",5517
2026-08-11T14:20:04.325163+05:45,2026-08-11 14:20:04,price_volume,price_volume_69,True,cloud_automated,Tuesday - Trading Hours: 11:00 AM - 3:00 PM NPT,8045,Green Ventures Limited,GVL,58.0,8591.0,480.0,0.0,480.0,,,,,,,,,,,,,,,,,,,,,,7,"price_volume, live_market, summary, top_gainers, top_losers, nepse_index, supply_demand",5517
2026-08-11T14:20:04.325163+05:45,2026-08-11 14:20:04,price_volume,price_volume_70,True,cloud_automated,Tuesday - Trading Hours: 11:00 AM - 3:00 PM NPT,9213,Hathway Investment Nepal Limited,HATHY,58.0,6502.0,680.0,0.0,680.0,,,,,,,,,,,,,,,,,,,,,,7,"price_volume, live_market, summary, top_gainers, top_losers, nepse_index, supply_demand",5517
2026-08-11T14:20:04.325163+05:45,2026-08-11 14:20:04,price_volume,price_volume_71,True,cloud_automated,Tuesday - Trading Hours: 11:00 AM - 3:00 PM NPT,134,Himalayan Bank Limited,HBL,58.0,40161.0,194.0,-0.410677618,194.8,,,,,,,,,,,,,,,,,,,,,,7,"price_volume, live_market, summary, top_gainers, top_losers, nepse_index, supply_demand",5517
2026-08-11T14:20:04.325163+05:45,2026-08-11 14:20:04,price_volume,price_volume_72,True,cloud_automated,Tuesday - Trading Hours: 11:00 AM - 3:00 PM NPT,2880,Himal Dolakha Hydropower Company Limited,HDHPC,58.0,47955.0,208.7,0.821256039,207.0,,,,,,,,,,,,,,,,,,,,,,7,"price_volume, live_market, summary, top_gainers, top_losers, nepse_index, supply_demand",5517
2026-08-11T14:20:04.325163+05:45,2026-08-11 14:20:04,price_volume,price_volume_73,True,cloud_automated,Tuesday - Trading Hours: 11:00 AM - 3:00 PM NPT,235,Himalayan Distillery Limited,HDL,58.0,11646.0,1164.8,-0.025748863,1165.1,,,,,,,,,,,,,,,,,,,,,,7,"price_volume, live_market, summary, top_gainers, top_losers, nepse_index, supply_demand",5517
2026-08-11T14:20:04.325163+05:45,2026-08-11 14:20:04,price_volume,price_volume_74,True,cloud_automated,Tuesday - Trading Hours: 11:00 AM - 3:00 PM NPT,179,Himalayan Everest Insurance Limited,HEI,58.0,2444.0,534.7,0.696798493,531.0,,,,,,,,,,,,,,,,,,,,,,7,"price_volume, live_market, summary, top_gainers, top_losers, nepse_index, supply_demand",5517
2026-08-11T14:20:04.325163+05:45,2026-08-11 14:20:04,price_volume,price_volume_75,True,cloud_automated,Tuesday - Trading Hours: 11:00 AM - 3:00 PM NPT,9308,Hotel Forest Inn Limited,HFIN,58.0,15360.0,678.5,-1.136529215,686.3,,,,,,,,,,,,,,,,,,,,,,7,"price_volume, live_market, summary, top_gainers, top_losers, nepse_index, supply_demand",5517
2026-08-11T14:20:04.325163+05:45,2026-08-11 14:20:04,price_volume,price_volume_76,True,cloud_automated,Tuesday - Trading Hours: 11:00 AM - 3:00 PM NPT,8076,Himalayan Hydropower Limited,HHL,58.0,13441.0,332.0,-0.865930128,334.9,,,,,,,,,,,,,,,,,,,,,,7,"price_volume, live_market, summary, top_gainers, top_losers, nepse_index, supply_demand",5517
2026-08-11T14:20:04.325163+05:45,2026-08-11 14:20:04,price_volume,price_volume_77,True,cloud_automated,Tuesday - Trading Hours: 11:00 AM - 3:00 PM NPT,2742,Hydorelectricity Investment and Development Company Ltd,HIDCL,58.0,19111.0,253.1,0.039525692,253.0,,,,,,,,,,,,,,,,,,,,,,7,"price_volume, live_market, summary, top_gainers, top_losers, nepse_index, supply_demand",5517
2026-08-11T14:20:04.325163+05:45,2026-08-11 14:20:04,price_volume,price_volume_78,True,cloud_automated,Tuesday - Trading Hours: 11:00 AM - 3:00 PM NPT,9270,Him Star Urja Company Limited,HIMSTAR,58.0,3225.0,709.0,2.308802309,693.0,,,,,,,,,,,,,,,,,,,,,,7,"price_volume, live_market, summary, top_gainers, top_losers, nepse_index, supply_demand",5517
2026-08-11T14:20:04.325163+05:45,2026-08-11 14:20:04,price_volume,price_volume_79,True,cloud_automated,Tuesday - Trading Hours: 11:00 AM - 3:00 PM NPT,693,Himalayan Laghubitta Bittiya Sanstha Limited,HLBSL,58.0,340.0,885.0,0.113122172,884.0,,,,,,,,,,,,,,,,,,,,,,7,"price_volume, live_market, summary, top_gainers, top_losers, nepse_index, supply_demand",5517
2026-08-11T14:20:04.325163+05:45,2026-08-11 14:20:04,price_volume,price_volume_80,True,cloud_automated,Tuesday - Trading Hours: 11:00 AM - 3:00 PM NPT,393,Himalayan Life Insurance Limited,HLI,58.0,11288.0,319.4,0.757097792,317.0,,,,,,,,,,,,,,,,,,,,,,7,"price_volume, live_market, summary, top_gainers, top_losers, nepse_index, supply_demand",5517
2026-08-11T14:20:04.325163+05:45,2026-08-11 14:20:04,price_volume,price_volume_81,True,cloud_automated,Tuesday - Trading Hours: 11:00 AM - 3:00 PM NPT,2767,Himalayan Power Partner Ltd.,HPPL,58.0,66437.0,375.7,-1.64921466,382.0,,,,,,,,,,,,,,,,,,,,,,7,"price_volume, live_market, summary, top_gainers, top_losers, nepse_index, supply_demand",5517
2026-08-11T14:20:04.325163+05:45,2026-08-11 14:20:04,price_volume,price_volume_82,True,cloud_automated,Tuesday - Trading Hours: 11:00 AM - 3:00 PM NPT,9234,Himalayan Reinsurance Limited,HRL,58.0,22260.0,579.0,0.173010381,578.0,,,,,,,,,,,,,,,,,,,,,,7,"price_volume, live_market, summary, top_gainers, top_losers, nepse_index, supply_demand",5517
2026-08-11T14:20:04.325163+05:45,2026-08-11 14:20:04,price_volume,price_volume_83,True,cloud_automated,Tuesday - Trading Hours: 11:00 AM - 3:00 PM NPT,2824,Himalaya Urja Bikas Company Limited,HURJA,58.0,20442.0,239.4,0.167364017,239.0,,,,,,,,,,,,,,,,,,,,,,7,"price_volume, live_market, summary, top_gainers, top_losers, nepse_index, supply_demand",5517
2026-08-11T14:20:04.325163+05:45,2026-08-11 14:20:04,price_volume,price_volume_84,True,cloud_automated,Tuesday - Trading Hours: 11:00 AM - 3:00 PM NPT,273,ICFC Finance Limited,ICFC,58.0,6498.0,599.0,0.0,599.0,,,,,,,,,,,,,,,,,,,,,,7,"price_volume, live_market, summary, top_gainers, top_losers, nepse_index, supply_demand",5517
2026-08-11T14:20:04.325163+05:45,2026-08-11 14:20:04,price_volume,price_volume_85,True,cloud_automated,Tuesday - Trading Hours: 11:00 AM - 3:00 PM NPT,186,IGI Prudential insurance Limited,IGI,58.0,1602.0,428.0,0.0,428.0,,,,,,,,,,,,,,,,,,,,,,7,"price_volume, live_market, summary, top_gainers, top_losers, nepse_index, supply_demand",5517
2026-08-11T14:20:04.325163+05:45,2026-08-11 14:20:04,price_volume,price_volume_86,True,cloud_automated,Tuesday - Trading Hours: 11:00 AM - 3:00 PM NPT,9176,Ingwa Hydropower Limited,IHL,58.0,1775.0,340.5,-1.304347826,345.0,,,,,,,,,,,,,,,,,,,,,,7,"price_volume, live_market, summary, top_gainers, top_losers, nepse_index, supply_demand",5517
2026-08-11T14:20:04.325163+05:45,2026-08-11 14:20:04,price_volume,price_volume_87,True,cloud_automated,Tuesday - Trading Hours: 11:00 AM - 3:00 PM NPT,2832,Infinity Laghubitta Bittiya Sanstha Limited,ILBS,58.0,1496.0,868.3,0.38150289,865.0,,,,,,,,,,,,,,,,,,,,,,7,"price_volume, live_market, summary, top_gainers, top_losers, nepse_index, supply_demand",5517
2026-08-11T14:20:04.325163+05:45,2026-08-11 14:20:04,price_volume,price_volume_88,True,cloud_automated,Tuesday - Trading Hours: 11:00 AM - 3:00 PM NPT,9184,IME Life Insurance Company Limited,ILI,58.0,4169.0,411.0,0.685938266,408.2,,,,,,,,,,,,,,,,,,,,,,7,"price_volume, live_market, summary, top_gainers, top_losers, nepse_index, supply_demand",5517
2026-08-11T14:20:04.325163+05:45,2026-08-11 14:20:04,price_volume,price_volume_89,True,cloud_automated,Tuesday - Trading Hours: 11:00 AM - 3:00 PM NPT,418,Jyoti Bikas Bank Limited,JBBL,58.0,9533.0,338.0,-0.294985251,339.0,,,,,,,,,,,,,,,,,,,,,,7,"price_volume, live_market, summary, top_gainers, top_losers, nepse_index, supply_demand",5517
2026-08-11T14:20:04.325163+05:45,2026-08-11 14:20:04,price_volume,price_volume_90,True,cloud_automated,Tuesday - Trading Hours: 11:00 AM - 3:00 PM NPT,4951,Jeevan Bikas Laghubitta  Bittya Sanstha Ltd,JBLB,58.0,1862.0,1255.3,0.023904382,1255.0,,,,,,,,,,,,,,,,,,,,,,7,"price_volume, live_market, summary, top_gainers, top_losers, nepse_index, supply_demand",5517
2026-08-11T14:20:04.325163+05:45,2026-08-11 14:20:04,price_volume,price_volume_91,True,cloud_automated,Tuesday - Trading Hours: 11:00 AM - 3:00 PM NPT,250,Janaki Finance Company Limited,JFL,58.0,1134.0,384.0,-1.030927835,388.0,,,,,,,,,,,,,,,,,,,,,,7,"price_volume, live_market, summary, top_gainers, top_losers, nepse_index, supply_demand",5517
2026-08-11T14:20:04.325163+05:45,2026-08-11 14:20:04,price_volume,price_volume_92,True,cloud_automated,Tuesday - Trading Hours: 11:00 AM - 3:00 PM NPT,9300,Jhapa Energy Limited,JHAPA,58.0,4130.0,1101.0,2.897196262,1070.0,,,,,,,,,,,,,,,,,,,,,,7,"price_volume, live_market, summary, top_gainers, top_losers, nepse_index, supply_demand",5517
2026-08-11T14:20:04.325163+05:45,2026-08-11 14:20:04,price_volume,price_volume_93,True,cloud_automated,Tuesday - Trading Hours: 11:00 AM - 3:00 PM NPT,2789,Joshi Hydropower Development Company Ltd,JOSHI,58.0,24337.0,282.0,1.475350846,277.9,,,,,,,,,,,,,,,,,,,,,,7,"price_volume, live_market, summary, top_gainers, top_losers, nepse_index, supply_demand",5517
2026-08-11T14:20:04.325163+05:45,2026-08-11 14:20:04,price_volume,price_volume_94,True,cloud_automated,Tuesday - Trading Hours: 11:00 AM - 3:00 PM NPT,9346,Kalanga Hydro Limited,KAHL,58.0,37300.0,542.0,0.0,542.0,,,,,,,,,,,,,,,,,,,,,,7,"price_volume, live_market, summary, top_gainers, top_losers, nepse_index, supply_demand",5517
2026-08-11T14:20:04.325163+05:45,2026-08-11 14:20:04,price_volume,price_volume_95,True,cloud_automated,Tuesday - Trading Hours: 11:00 AM - 3:00 PM NPT,142,Kumari Bank Limited,KBL,58.0,102777.0,215.0,0.0,215.0,,,,,,,,,,,,,,,,,,,,,,7,"price_volume, live_market, summary, top_gainers, top_losers, nepse_index, supply_demand",5517
2026-08-11T14:20:04.325163+05:45,2026-08-11 14:20:04,price_volume,price_volume_96,True,cloud_automated,Tuesday - Trading Hours: 11:00 AM - 3:00 PM NPT,9196,Kutheli Bukhari Small Hydropower Limited,KBSH,58.0,8468.0,975.0,0.931677019,966.0,,,,,,,,,,,,,,,,,,,,,,7,"price_volume, live_market, summary, top_gainers, top_losers, nepse_index, supply_demand",5517
2026-08-11T14:20:04.325163+05:45,2026-08-11 14:20:04,price_volume,price_volume_97,True,cloud_automated,Tuesday - Trading Hours: 11:00 AM - 3:00 PM NPT,9151,Kalinchowk Darshan Limited,KDL,58.0,214.0,770.0,-1.028277635,778.0,,,,,,,,,,,,,,,,,,,,,,7,"price_volume, live_market, summary, top_gainers, top_losers, nepse_index, supply_demand",5517
2026-08-11T14:20:04.325163+05:45,2026-08-11 14:20:04,price_volume,price_volume_98,True,cloud_automated,Tuesday - Trading Hours: 11:00 AM - 3:00 PM NPT,9334,Kalinchock Hydropower Limited,KHPL,58.0,6483.0,807.0,0.09923096,806.2,,,,,,,,,,,,,,,,,,,,,,7,"price_volume, live_market, summary, top_gainers, top_losers, nepse_index, supply_demand",5517
2026-08-11T14:20:04.325163+05:45,2026-08-11 14:20:04,price_volume,price_volume_99,True,cloud_automated,Tuesday - Trading Hours: 11:00 AM - 3:00 PM NPT,2751,Khanikhola Hydropower Co. Ltd.,KKHC,58.0,365347.0,317.5,-1.336233686,321.8,,,,,,,,,,,,,,,,,,,,,,7,"price_volume, live_market, summary, top_gainers, top_losers, nepse_index, supply_demand",5517
2026-08-11T14:20:04.325163+05:45,2026-08-11 14:20:04,price_volume,price_volume_100,True,cloud_automated,Tuesday - Trading Hours: 11:00 AM - 3:00 PM NPT,593,Kalika Laghubitta Bittiya Sanstha Ltd,KMCDB,58.0,2243.0,799.1,-1.089243718,807.9,,,,,,,,,,,,,,,,,,,,,,7,"price_volume, live_market, summary, top_gainers, top_losers, nepse_index, supply_demand",5517
2026-08-11T14:20:04.325163+05:45,2026-08-11 14:20:04,price_volume,price_volume_101,True,cloud_automated,Tuesday - Trading Hours: 11:00 AM - 3:00 PM NPT,2787,Kalika power Company Ltd,KPCL,58.0,3749.0,467.1,-0.405117271,469.0,,,,,,,,,,,,,,,,,,,,,,7,"price_volume, live_market, summary, top_gainers, top_losers, nepse_index, supply_demand",5517
2026-08-11T14:20:04.325163+05:45,2026-08-11 14:20:04,price_volume,price_volume_102,True,cloud_automated,Tuesday - Trading Hours: 11:00 AM - 3:00 PM NPT,459,Kamana Sewa Bikas Bank Limited,KSBBL,58.0,37288.0,465.3,-0.576923077,468.0,,,,,,,,,,,,,,,,,,,,,,7,"price_volume, live_market, summary, top_gainers, top_losers, nepse_index, supply_demand",5517
2026-08-11T14:20:04.325163+05:45,2026-08-11 14:20:04,price_volume,price_volume_103,True,cloud_automated,Tuesday - Trading Hours: 11:00 AM - 3:00 PM NPT,358,Lumbini Bikas Bank Ltd.,LBBL,58.0,14474.0,484.0,-0.206185567,485.0,,,,,,,,,,,,,,,,,,,,,,7,"price_volume, live_market, summary, top_gainers, top_losers, nepse_index, supply_demand",5517
2026-08-11T14:20:04.325163+05:45,2026-08-11 14:20:04,price_volume,price_volume_104,True,cloud_automated,Tuesday - Trading Hours: 11:00 AM - 3:00 PM NPT,2903,Liberty Energy Company Limited,LEC,58.0,42115.0,220.0,0.917431193,218.0,,,,,,,,,,,,,,,,,,,,,,7,"price_volume, live_market, summary, top_gainers, top_losers, nepse_index, supply_demand",5517
2026-08-11T14:20:04.325163+05:45,2026-08-11 14:20:04,price_volume,price_volume_105,True,cloud_automated,Tuesday - Trading Hours: 11:00 AM - 3:00 PM NPT,188,Life Insurance Corporation (Nepal) Limited,LICN,58.0,1373.0,770.0,0.0,770.0,,,,,,,,,,,,,,,,,,,,,,7,"price_volume, live_market, summary, top_gainers, top_losers, nepse_index, supply_demand",5517
2026-08-11T14:20:04.325163+05:45,2026-08-11 14:20:04,price_volume,price_volume_106,True,cloud_automated,Tuesday - Trading Hours: 11:00 AM - 3:00 PM NPT,618,Laxmi Laghubitta Bittiya Sanstha Ltd.,LLBS,58.0,637.0,884.0,2.07852194,866.0,,,,,,,,,,,,,,,,,,,,,,7,"price_volume, live_market, summary, top_gainers, top_losers, nepse_index, supply_demand",5517
2026-08-11T14:20:04.325163+05:45,2026-08-11 14:20:04,price_volume,price_volume_107,True,cloud_automated,Tuesday - Trading Hours: 11:00 AM - 3:00 PM NPT,141,Laxmi Sunrise Bank Limited,LSL,58.0,18774.0,220.0,0.0,220.0,,,,,,,,,,,,,,,,,,,,,,7,"price_volume, live_market, summary, top_gainers, top_losers, nepse_index, supply_demand",5517
2026-08-11T14:20:04.325163+05:45,2026-08-11 14:20:04,price_volume,price_volume_108,True,cloud_automated,Tuesday - Trading Hours: 11:00 AM - 3:00 PM NPT,9287,Mabilung Energy Limited,MABEL,58.0,3976.0,593.0,-0.168350168,594.0,,,,,,,,,,,,,,,,,,,,,,7,"price_volume, live_market, summary, top_gainers, top_losers, nepse_index, supply_demand",5517
2026-08-11T14:20:04.325163+05:45,2026-08-11 14:20:04,price_volume,price_volume_109,True,cloud_automated,Tuesday - Trading Hours: 11:00 AM - 3:00 PM NPT,9166,Makar Jitumaya Suri Hydropower Limited,MAKAR,58.0,23901.0,420.0,-1.176470588,425.0,,,,,,,,,,,,,,,,,,,,,,7,"price_volume, live_market, summary, top_gainers, top_losers, nepse_index, supply_demand",5517
2026-08-11T14:20:04.325163+05:45,2026-08-11 14:20:04,price_volume,price_volume_110,True,cloud_automated,Tuesday - Trading Hours: 11:00 AM - 3:00 PM NPT,9212,Mandu Hydropower Limited,MANDU,58.0,3640.0,799.0,-0.125,800.0,,,,,,,,,,,,,,,,,,,,,,7,"price_volume, live_market, summary, top_gainers, top_losers, nepse_index, supply_demand",5517
2026-08-11T14:20:04.325163+05:45,2026-08-11 14:20:04,price_volume,price_volume_111,True,cloud_automated,Tuesday - Trading Hours: 11:00 AM - 3:00 PM NPT,694,Matribhumi Lagubitta Bittiya Sanstha Limited,MATRI,58.0,165.0,806.0,0.486223663,802.1,,,,,,,,,,,,,,,,,,,,,,7,"price_volume, live_market, summary, top_gainers, top_losers, nepse_index, supply_demand",5517
2026-08-11T14:20:04.325163+05:45,2026-08-11 14:20:04,price_volume,price_volume_112,True,cloud_automated,Tuesday - Trading Hours: 11:00 AM - 3:00 PM NPT,8031,Madhya Bhotekoshi Jalavidyut Company Limited,MBJC,58.0,20142.0,265.6,0.150829563,265.2,,,,,,,,,,,,,,,,,,,,,,7,"price_volume, live_market, summary, top_gainers, top_losers, nepse_index, supply_demand",5517
2026-08-11T14:20:04.325163+05:45,2026-08-11 14:20:04,price_volume,price_volume_113,True,cloud_automated,Tuesday - Trading Hours: 11:00 AM - 3:00 PM NPT,140,Machhapuchhre Bank Limited,MBL,58.0,29362.0,251.5,0.47942469,250.3,,,,,,,,,,,,,,,,,,,,,,7,"price_volume, live_market, summary, top_gainers, top_losers, nepse_index, supply_demand",5517
2026-08-11T14:20:04.325163+05:45,2026-08-11 14:20:04,price_volume,price_volume_114,True,cloud_automated,Tuesday - Trading Hours: 11:00 AM - 3:00 PM NPT,9175,Menchhiyam Hydropower Limited,MCHL,58.0,343.0,276.5,0.18115942,276.0,,,,,,,,,,,,,,,,,,,,,,7,"price_volume, live_market, summary, top_gainers, top_losers, nepse_index, supply_demand",5517
2026-08-11T14:20:04.325163+05:45,2026-08-11 14:20:04,price_volume,price_volume_115,True,cloud_automated,Tuesday - Trading Hours: 11:00 AM - 3:00 PM NPT,371,Miteri Development Bank Limited,MDB,58.0,503.0,576.0,-0.346020761,578.0,,,,,,,,,,,,,,,,,,,,,,7,"price_volume, live_market, summary, top_gainers, top_losers, nepse_index, supply_demand",5517
2026-08-11T14:20:04.325163+05:45,2026-08-11 14:20:04,price_volume,price_volume_116,True,cloud_automated,Tuesday - Trading Hours: 11:00 AM - 3:00 PM NPT,9203,Manakamana Engineering Hydropower Limited,MEHL,58.0,5410.0,284.0,-1.388888889,288.0,,,,,,,,,,,,,,,,,,,,,,7,"price_volume, live_market, summary, top_gainers, top_losers, nepse_index, supply_demand",5517
2026-08-11T14:20:04.325163+05:45,2026-08-11 14:20:04,price_volume,price_volume_117,True,cloud_automated,Tuesday - Trading Hours: 11:00 AM - 3:00 PM NPT,9179,Modi Energy Limited,MEL,58.0,5483.0,210.0,0.430416069,209.1,,,,,,,,,,,,,,,,,,,,,,7,"price_volume, live_market, summary, top_gainers, top_losers, nepse_index, supply_demand",5517
2026-08-11T14:20:04.325163+05:45,2026-08-11 14:20:04,price_volume,price_volume_118,True,cloud_automated,Tuesday - Trading Hours: 11:00 AM - 3:00 PM NPT,2913,Mountain Energy Nepal Limited,MEN,58.0,82371.0,609.0,1.331114809,601.0,,,,,,,,,,,,,,,,,,,,,,7,"price_volume, live_market, summary, top_gainers, top_losers, nepse_index, supply_demand",5517
2026-08-11T14:20:04.325163+05:45,2026-08-11 14:20:04,price_volume,price_volume_119,True,cloud_automated,Tuesday - Trading Hours: 11:00 AM - 3:00 PM NPT,1741,Mero Microfinance Bittiya Sanstha Ltd.,MERO,58.0,2686.0,674.0,0.297619048,672.0,,,,,,,,,,,,,,,,,,,,,,7,"price_volume, live_market, summary, top_gainers, top_losers, nepse_index, supply_demand",5517
2026-08-11T14:20:04.325163+05:45,2026-08-11 14:20:04,price_volume,price_volume_120,True,cloud_automated,Tuesday - Trading Hours: 11:00 AM - 3:00 PM NPT,516,Manjushree Finance Ltd.,MFIL,58.0,10937.0,757.1,-1.930051813,772.0,,,,,,,,,,,,,,,,,,,,,,7,"price_volume, live_market, summary, top_gainers, top_losers, nepse_index, supply_demand",5517
2026-08-11T14:20:04.325163+05:45,2026-08-11 14:20:04,price_volume,price_volume_121,True,cloud_automated,Tuesday - Trading Hours: 11:00 AM - 3:00 PM NPT,9158,Molung Hydropower Company Limited,MHCL,58.0,750.0,311.0,0.322580645,310.0,,,,,,,,,,,,,,,,,,,,,,7,"price_volume, live_market, summary, top_gainers, top_losers, nepse_index, supply_demand",5517
2026-08-11T14:20:04.325163+05:45,2026-08-11 14:20:04,price_volume,price_volume_122,True,cloud_automated,Tuesday - Trading Hours: 11:00 AM - 3:00 PM NPT,8102,Mandakini Hydropower Limited,MHL,58.0,455.0,471.0,0.641025641,468.0,,,,,,,,,,,,,,,,,,,,,,7,"price_volume, live_market, summary, top_gainers, top_losers, nepse_index, supply_demand",5517
2026-08-11T14:20:04.325163+05:45,2026-08-11 14:20:04,price_volume,price_volume_123,True,cloud_automated,Tuesday - Trading Hours: 11:00 AM - 3:00 PM NPT,2811,Mountain Hydro Nepal Limited,MHNL,58.0,5799.0,239.0,-0.788709008,240.9,,,,,,,,,,,,,,,,,,,,,,7,"price_volume, live_market, summary, top_gainers, top_losers, nepse_index, supply_demand",5517
2026-08-11T14:20:04.325163+05:45,2026-08-11 14:20:04,price_volume,price_volume_124,True,cloud_automated,Tuesday - Trading Hours: 11:00 AM - 3:00 PM NPT,9230,Muktinath Krishi Company Limited,MKCL,58.0,2327.0,1065.0,1.3320647,1051.0,,,,,,,,,,,,,,,,,,,,,,7,"price_volume, live_market, summary, top_gainers, top_losers, nepse_index, supply_demand",5517
2026-08-11T14:20:04.325163+05:45,2026-08-11 14:20:04,price_volume,price_volume_125,True,cloud_automated,Tuesday - Trading Hours: 11:00 AM - 3:00 PM NPT,9149,Maya Khola Hydropower Company Limited,MKHC,58.0,35965.0,270.0,-0.36900369,271.0,,,,,,,,,,,,,,,,,,,,,,7,"price_volume, live_market, summary, top_gainers, top_losers, nepse_index, supply_demand",5517
2026-08-11T14:20:04.325163+05:45,2026-08-11 14:20:04,price_volume,price_volume_126,True,cloud_automated,Tuesday - Trading Hours: 11:00 AM - 3:00 PM NPT,9167,Mai Khola Hydropower Limited,MKHL,58.0,924.0,493.2,-0.724637681,496.8,,,,,,,,,,,,,,,,,,,,,,7,"price_volume, live_market, summary, top_gainers, top_losers, nepse_index, supply_demand",5517
2026-08-11T14:20:04.325163+05:45,2026-08-11 14:20:04,price_volume,price_volume_127,True,cloud_automated,Tuesday - Trading Hours: 11:00 AM - 3:00 PM NPT,8005,Mailung Khola Jal Vidhyut Company Limited,MKJC,58.0,7371.0,445.8,-2.021978022,455.0,,,,,,,,,,,,,,,,,,,,,,7,"price_volume, live_market, summary, top_gainers, top_losers, nepse_index, supply_demand",5517
2026-08-11T14:20:04.325163+05:45,2026-08-11 14:20:04,price_volume,price_volume_128,True,cloud_automated,Tuesday - Trading Hours: 11:00 AM - 3:00 PM NPT,601,Mithila LaghuBitta Bittiya Sanstha Limited,MLBBL,58.0,1847.0,1100.0,-1.952045637,1121.9,,,,,,,,,,,,,,,,,,,,,,7,"price_volume, live_market, summary, top_gainers, top_losers, nepse_index, supply_demand",5517
2026-08-11T14:20:04.325163+05:45,2026-08-11 14:20:04,price_volume,price_volume_129,True,cloud_automated,Tuesday - Trading Hours: 11:00 AM - 3:00 PM NPT,401,Mahalaxmi Bikas Bank Ltd.,MLBL,58.0,5342.0,349.0,0.287356322,348.0,,,,,,,,,,,,,,,,,,,,,,7,"price_volume, live_market, summary, top_gainers, top_losers, nepse_index, supply_demand",5517
2026-08-11T14:20:04.325163+05:45,2026-08-11 14:20:04,price_volume,price_volume_130,True,cloud_automated,Tuesday - Trading Hours: 11:00 AM - 3:00 PM NPT,8018,Manushi Laghubitta Bittiya Sanstha Limited,MLBS,58.0,540.0,1116.0,-1.238938053,1130.0,,,,,,,,,,,,,,,,,,,,,,7,"price_volume, live_market, summary, top_gainers, top_losers, nepse_index, supply_demand",5517
2026-08-11T14:20:04.325163+05:45,2026-08-11 14:20:04,price_volume,price_volume_131,True,cloud_automated,Tuesday - Trading Hours: 11:00 AM - 3:00 PM NPT,2925,Mahila Lagubitta Bittiya Sanstha Limited ,MLBSL,58.0,25997.0,1371.0,-14.844720497,1610.0,,,,,,,,,,,,,,,,,,,,,,7,"price_volume, live_market, summary, top_gainers, top_losers, nepse_index, supply_demand",5517
2026-08-11T14:20:04.325163+05:45,2026-08-11 14:20:04,price_volume,price_volume_132,True,cloud_automated,Tuesday - Trading Hours: 11:00 AM - 3:00 PM NPT,9217,Mathillo Mailun Khola Jalvidhyut Limited,MMKJL,58.0,1143.0,440.0,-2.222222222,450.0,,,,,,,,,,,,,,,,,,,,,,7,"price_volume, live_market, summary, top_gainers, top_losers, nepse_index, supply_demand",5517
2026-08-11T14:20:04.325163+05:45,2026-08-11 14:20:04,price_volume,price_volume_133,True,cloud_automated,Tuesday - Trading Hours: 11:00 AM - 3:00 PM NPT,474,Muktinath Bikas Bank Ltd.,MNBBL,58.0,12706.0,367.0,0.054525627,366.8,,,,,,,,,,,,,,,,,,,,,,7,"price_volume, live_market, summary, top_gainers, top_losers, nepse_index, supply_demand",5517
2026-08-11T14:20:04.325163+05:45,2026-08-11 14:20:04,price_volume,price_volume_134,True,cloud_automated,Tuesday - Trading Hours: 11:00 AM - 3:00 PM NPT,471,Multipurpose Finance Company  Limited,MPFL,58.0,5120.0,616.0,0.0,616.0,,,,,,,,,,,,,,,,,,,,,,7,"price_volume, live_market, summary, top_gainers, top_losers, nepse_index, supply_demand",5517
2026-08-11T14:20:04.325163+05:45,2026-08-11 14:20:04,price_volume,price_volume_135,True,cloud_automated,Tuesday - Trading Hours: 11:00 AM - 3:00 PM NPT,9215,Mid Solu Hydropower Limited,MSHL,58.0,360.0,604.0,-0.330033003,606.0,,,,,,,,,,,,,,,,,,,,,,7,"price_volume, live_market, summary, top_gainers, top_losers, nepse_index, supply_demand",5517
2026-08-11T14:20:04.325163+05:45,2026-08-11 14:20:04,price_volume,price_volume_136,True,cloud_automated,Tuesday - Trading Hours: 11:00 AM - 3:00 PM NPT,2768,Mahuli Laghubitta Bittiya Sanstha Limited,MSLB,58.0,179.0,1245.0,-1.111993646,1259.0,,,,,,,,,,,,,,,,,,,,,,7,"price_volume, live_market, summary, top_gainers, top_losers, nepse_index, supply_demand",5517
2026-08-11T14:20:04.325163+05:45,2026-08-11 14:20:04,price_volume,price_volume_137,True,cloud_automated,Tuesday - Trading Hours: 11:00 AM - 3:00 PM NPT,172,Narayani Development Bank Limited,NABBC,58.0,7584.0,815.0,0.344742674,812.2,,,,,,,,,,,,,,,,,,,,,,7,"price_volume, live_market, summary, top_gainers, top_losers, nepse_index, supply_demand",5517
2026-08-11T14:20:04.325163+05:45,2026-08-11 14:20:04,price_volume,price_volume_138,True,cloud_automated,Tuesday - Trading Hours: 11:00 AM - 3:00 PM NPT,131,Nabil Bank Limited,NABIL,58.0,19189.0,550.0,0.109210047,549.4,,,,,,,,,,,,,,,,,,,,,,7,"price_volume, live_market, summary, top_gainers, top_losers, nepse_index, supply_demand",5517
2026-08-11T14:20:04.325163+05:45,2026-08-11 14:20:04,price_volume,price_volume_139,True,cloud_automated,Tuesday - Trading Hours: 11:00 AM - 3:00 PM NPT,2784,Nadep Laghubittiya bittya Sanstha Ltd.,NADEP,58.0,398.0,717.0,0.81552306,711.2,,,,,,,,,,,,,,,,,,,,,,7,"price_volume, live_market, summary, top_gainers, top_losers, nepse_index, supply_demand",5517
2026-08-11T14:20:04.325163+05:45,2026-08-11 14:20:04,price_volume,price_volume_140,True,cloud_automated,Tuesday - Trading Hours: 11:00 AM - 3:00 PM NPT,517,Nepal Bank Limited,NBL,58.0,34222.0,265.9,-0.037593985,266.0,,,,,,,,,,,,,,,,,,,,,,7,"price_volume, live_market, summary, top_gainers, top_losers, nepse_index, supply_demand",5517
2026-08-11T14:20:04.325163+05:45,2026-08-11 14:20:04,price_volume,price_volume_141,True,cloud_automated,Tuesday - Trading Hours: 11:00 AM - 3:00 PM NPT,8041,NESDO Sambridha Laghubitta Bittiya Sanstha Limited,NESDO,58.0,378.0,1446.2,-0.809327846,1458.0,,,,,,,,,,,,,,,,,,,,,,7,"price_volume, live_market, summary, top_gainers, top_losers, nepse_index, supply_demand",5517
2026-08-11T14:20:04.325163+05:45,2026-08-11 14:20:04,price_volume,price_volume_142,True,cloud_automated,Tuesday - Trading Hours: 11:00 AM - 3:00 PM NPT,194,Nepal Finance Ltd.,NFS,58.0,2553.0,565.1,0.177273533,564.1,,,,,,,,,,,,,,,,,,,,,,7,"price_volume, live_market, summary, top_gainers, top_losers, nepse_index, supply_demand",5517
2026-08-11T14:20:04.325163+05:45,2026-08-11 14:20:04,price_volume,price_volume_143,True,cloud_automated,Tuesday - Trading Hours: 11:00 AM - 3:00 PM NPT,2743,Ngadi Group Power Ltd.,NGPL,58.0,368277.0,421.8,3.255813953,408.5,,,,,,,,,,,,,,,,,,,,,,7,"price_volume, live_market, summary, top_gainers, top_losers, nepse_index, supply_demand",5517
2026-08-11T14:20:04.325163+05:45,2026-08-11 14:20:04,price_volume,price_volume_144,True,cloud_automated,Tuesday - Trading Hours: 11:00 AM - 3:00 PM NPT,2769,Nepal Hydro Developers Ltd.,NHDL,58.0,32.0,638.0,-0.3125,640.0,,,,,,,,,,,,,,,,,,,,,,7,"price_volume, live_market, summary, top_gainers, top_losers, nepse_index, supply_demand",5517
2026-08-11T14:20:04.325163+05:45,2026-08-11 14:20:04,price_volume,price_volume_145,True,cloud_automated,Tuesday - Trading Hours: 11:00 AM - 3:00 PM NPT,152,National Hydro Power Company Limited,NHPC,58.0,140132.0,272.3,0.036737693,272.2,,,,,,,,,,,,,,,,,,,,,,7,"price_volume, live_market, summary, top_gainers, top_losers, nepse_index, supply_demand",5517
2026-08-11T14:20:04.325163+05:45,2026-08-11 14:20:04,price_volume,price_volume_146,True,cloud_automated,Tuesday - Trading Hours: 11:00 AM - 3:00 PM NPT,139,NIC Asia Bank Ltd.,NICA,58.0,19329.0,325.5,0.153846154,325.0,,,,,,,,,,,,,,,,,,,,,,7,"price_volume, live_market, summary, top_gainers, top_losers, nepse_index, supply_demand",5517
2026-08-11T14:20:04.325163+05:45,2026-08-11 14:20:04,price_volume,price_volume_147,True,cloud_automated,Tuesday - Trading Hours: 11:00 AM - 3:00 PM NPT,176,Nepal Insurance Co. Ltd.,NICL,58.0,13129.0,499.1,-1.538765042,506.9,,,,,,,,,,,,,,,,,,,,,,7,"price_volume, live_market, summary, top_gainers, top_losers, nepse_index, supply_demand",5517
2026-08-11T14:20:04.325163+05:45,2026-08-11 14:20:04,price_volume,price_volume_148,True,cloud_automated,Tuesday - Trading Hours: 11:00 AM - 3:00 PM NPT,2887,NIC ASIA Laghubitta Bittiya Sanstha Limited,NICLBSL,58.0,1005.0,546.0,0.183486239,545.0,,,,,,,,,,,,,,,,,,,,,,7,"price_volume, live_market, summary, top_gainers, top_losers, nepse_index, supply_demand",5517
2026-08-11T14:20:04.325163+05:45,2026-08-11 14:20:04,price_volume,price_volume_149,True,cloud_automated,Tuesday - Trading Hours: 11:00 AM - 3:00 PM NPT,2919,Nepal Infrastructure Bank Limited,NIFRA,58.0,42327.0,242.5,-0.614754098,244.0,,,,,,,,,,,,,,,,,,,,,,7,"price_volume, live_market, summary, top_gainers, top_losers, nepse_index, supply_demand",5517
2026-08-11T14:20:04.325163+05:45,2026-08-11 14:20:04,price_volume,price_volume_150,True,cloud_automated,Tuesday - Trading Hours: 11:00 AM - 3:00 PM NPT,183,Neco Insurance Limited,NIL,58.0,2525.0,605.0,-1.14379085,612.0,,,,,,,,,,,,,,,,,,,,,,7,"price_volume, live_market, summary, top_gainers, top_losers, nepse_index, supply_demand",5517
2026-08-11T14:20:04.325163+05:45,2026-08-11 14:20:04,price_volume,price_volume_151,True,cloud_automated,Tuesday - Trading Hours: 11:00 AM - 3:00 PM NPT,132,Nepal Investment Mega Bank Limited,NIMB,58.0,148160.0,193.9,0.518403318,192.9,,,,,,,,,,,,,,,,,,,,,,7,"price_volume, live_market, summary, top_gainers, top_losers, nepse_index, supply_demand",5517
2026-08-11T14:20:04.325163+05:45,2026-08-11 14:20:04,price_volume,price_volume_152,True,cloud_automated,Tuesday - Trading Hours: 11:00 AM - 3:00 PM NPT,559,NLG Insurance Company Ltd.,NLG,58.0,3551.0,564.1,-0.686619718,568.0,,,,,,,,,,,,,,,,,,,,,,7,"price_volume, live_market, summary, top_gainers, top_losers, nepse_index, supply_demand",5517
2026-08-11T14:20:04.325163+05:45,2026-08-11 14:20:04,price_volume,price_volume_153,True,cloud_automated,Tuesday - Trading Hours: 11:00 AM - 3:00 PM NPT,187,Nepal Life Insurance Co. Ltd.,NLIC,58.0,19666.0,738.0,0.0,738.0,,,,,,,,,,,,,,,,,,,,,,7,"price_volume, live_market, summary, top_gainers, top_losers, nepse_index, supply_demand",5517
2026-08-11T14:20:04.325163+05:45,2026-08-11 14:20:04,price_volume,price_volume_154,True,cloud_automated,Tuesday - Trading Hours: 11:00 AM - 3:00 PM NPT,178,National Life Insurance Co. Ltd.,NLICL,58.0,5127.0,567.0,0.0,567.0,,,,,,,,,,,,,,,,,,,,,,7,"price_volume, live_market, summary, top_gainers, top_losers, nepse_index, supply_demand",5517
2026-08-11T14:20:04.325163+05:45,2026-08-11 14:20:04,price_volume,price_volume_155,True,cloud_automated,Tuesday - Trading Hours: 11:00 AM - 3:00 PM NPT,238,NMB Bank Limited,NMB,58.0,11285.0,242.3,-0.288065844,243.0,,,,,,,,,,,,,,,,,,,,,,7,"price_volume, live_market, summary, top_gainers, top_losers, nepse_index, supply_demand",5517
2026-08-11T14:20:04.325163+05:45,2026-08-11 14:20:04,price_volume,price_volume_156,True,cloud_automated,Tuesday - Trading Hours: 11:00 AM - 3:00 PM NPT,704,NMB  Microfinance Bittiya Sanstha Ltd.,NMBMF,58.0,316.0,610.0,1.244813278,602.5,,,,,,,,,,,,,,,,,,,,,,7,"price_volume, live_market, summary, top_gainers, top_losers, nepse_index, supply_demand",5517
2026-08-11T14:20:04.325163+05:45,2026-08-11 14:20:04,price_volume,price_volume_157,True,cloud_automated,Tuesday - Trading Hours: 11:00 AM - 3:00 PM NPT,2746,National Laghubitta Bittiya Sanstha Limited,NMFBS,58.0,1689.0,1100.0,-0.362318841,1104.0,,,,,,,,,,,,,,,,,,,,,,7,"price_volume, live_market, summary, top_gainers, top_losers, nepse_index, supply_demand",5517
2026-08-11T14:20:04.325163+05:45,2026-08-11 14:20:04,price_volume,price_volume_158,True,cloud_automated,Tuesday - Trading Hours: 11:00 AM - 3:00 PM NPT,9250,Nepal Micro Insurance Company Limited,NMIC,58.0,2244.0,898.1,0.011135857,898.0,,,,,,,,,,,,,,,,,,,,,,7,"price_volume, live_market, summary, top_gainers, top_losers, nepse_index, supply_demand",5517
2026-08-11T14:20:04.325163+05:45,2026-08-11 14:20:04,price_volume,price_volume_159,True,cloud_automated,Tuesday - Trading Hours: 11:00 AM - 3:00 PM NPT,396,Nerude Mirmire Laghubitta Bittiya Sanstha Limited,NMLBBL,58.0,4144.0,516.1,-0.73090979,519.9,,,,,,,,,,,,,,,,,,,,,,7,"price_volume, live_market, summary, top_gainers, top_losers, nepse_index, supply_demand",5517
2026-08-11T14:20:04.325163+05:45,2026-08-11 14:20:04,price_volume,price_volume_160,True,cloud_automated,Tuesday - Trading Hours: 11:00 AM - 3:00 PM NPT,2881,Nepal Reinsurance Company Limited,NRIC,58.0,7857.0,927.0,-0.215285253,929.0,,,,,,,,,,,,,,,,,,,,,,7,"price_volume, live_market, summary, top_gainers, top_losers, nepse_index, supply_demand",5517
2026-08-11T14:20:04.325163+05:45,2026-08-11 14:20:04,price_volume,price_volume_161,True,cloud_automated,Tuesday - Trading Hours: 11:00 AM - 3:00 PM NPT,9183,Nepal Republic Media Limited,NRM,58.0,1342.0,305.0,-0.45691906,306.4,,,,,,,,,,,,,,,,,,,,,,7,"price_volume, live_market, summary, top_gainers, top_losers, nepse_index, supply_demand",5517
2026-08-11T14:20:04.325163+05:45,2026-08-11 14:20:04,price_volume,price_volume_162,True,cloud_automated,Tuesday - Trading Hours: 11:00 AM - 3:00 PM NPT,2898,NRN Infrastructure and Development Limited,NRN,58.0,16417.0,1371.1,-0.356104651,1376.0,,,,,,,,,,,,,,,,,,,,,,7,"price_volume, live_market, summary, top_gainers, top_losers, nepse_index, supply_demand",5517
2026-08-11T14:20:04.325163+05:45,2026-08-11 14:20:04,price_volume,price_volume_163,True,cloud_automated,Tuesday - Trading Hours: 11:00 AM - 3:00 PM NPT,307,Nepal Doorsanchar Company Limited,NTC,58.0,2051.0,863.0,0.348837209,860.0,,,,,,,,,,,,,,,,,,,,,,7,"price_volume, live_market, summary, top_gainers, top_losers, nepse_index, supply_demand",5517
2026-08-11T14:20:04.325163+05:45,2026-08-11 14:20:04,price_volume,price_volume_164,True,cloud_automated,Tuesday - Trading Hours: 11:00 AM - 3:00 PM NPT,163,Nirdhan Utthan Laghubitta Bittiya Sanstha Limited,NUBL,58.0,3596.0,601.1,-1.459016393,610.0,,,,,,,,,,,,,,,,,,,,,,7,"price_volume, live_market, summary, top_gainers, top_losers, nepse_index, supply_demand",5517
2026-08-11T14:20:04.325163+05:45,2026-08-11 14:20:04,price_volume,price_volume_165,True,cloud_automated,Tuesday - Trading Hours: 11:00 AM - 3:00 PM NPT,9233,Nepal Warehousing Company Limited ,NWCL,58.0,1838.0,688.0,-0.807381776,693.6,,,,,,,,,,,,,,,,,,,,,,7,"price_volume, live_market, summary, top_gainers, top_losers, nepse_index, supply_demand",5517
2026-08-11T14:20:04.325163+05:45,2026-08-11 14:20:04,price_volume,price_volume_166,True,cloud_automated,Tuesday - Trading Hours: 11:00 AM - 3:00 PM NPT,8026,Nyadi Hydropower Limited,NYADI,58.0,2939.0,365.0,0.0,365.0,,,,,,,,,,,,,,,,,,,,,,7,"price_volume, live_market, summary, top_gainers, top_losers, nepse_index, supply_demand",5517
2026-08-11T14:20:04.325163+05:45,2026-08-11 14:20:04,price_volume,price_volume_167,True,cloud_automated,Tuesday - Trading Hours: 11:00 AM - 3:00 PM NPT,149,Oriental Hotels Limited,OHL,58.0,1150.0,660.0,1.382488479,651.0,,,,,,,,,,,,,,,,,,,,,,7,"price_volume, live_market, summary, top_gainers, top_losers, nepse_index, supply_demand",5517
2026-08-11T14:20:04.325163+05:45,2026-08-11 14:20:04,price_volume,price_volume_168,True,cloud_automated,Tuesday - Trading Hours: 11:00 AM - 3:00 PM NPT,9256,Om Megashree Pharmaceuticals Limited,OMPL,58.0,2730.0,893.0,-0.111856823,894.0,,,,,,,,,,,,,,,,,,,,,,7,"price_volume, live_market, summary, top_gainers, top_losers, nepse_index, supply_demand",5517
2026-08-11T14:20:04.325163+05:45,2026-08-11 14:20:04,price_volume,price_volume_169,True,cloud_automated,Tuesday - Trading Hours: 11:00 AM - 3:00 PM NPT,357,Prime Commercial Bank Ltd.,PCBL,58.0,18629.0,240.0,0.418410042,239.0,,,,,,,,,,,,,,,,,,,,,,7,"price_volume, live_market, summary, top_gainers, top_losers, nepse_index, supply_demand",5517
2026-08-11T14:20:04.325163+05:45,2026-08-11 14:20:04,price_volume,price_volume_170,True,cloud_automated,Tuesday - Trading Hours: 11:00 AM - 3:00 PM NPT,9330,Palpa Cement Industries Limited,PCIL,58.0,15650.0,618.0,-1.12,625.0,,,,,,,,,,,,,,,,,,,,,,7,"price_volume, live_market, summary, top_gainers, top_losers, nepse_index, supply_demand",5517
2026-08-11T14:20:04.325163+05:45,2026-08-11 14:20:04,price_volume,price_volume_171,True,cloud_automated,Tuesday - Trading Hours: 11:00 AM - 3:00 PM NPT,8133,Peoples Hydropower Company Limited,PHCL,58.0,21010.0,295.1,0.476676881,293.7,,,,,,,,,,,,,,,,,,,,,,7,"price_volume, live_market, summary, top_gainers, top_losers, nepse_index, supply_demand",5517
2026-08-11T14:20:04.325163+05:45,2026-08-11 14:20:04,price_volume,price_volume_172,True,cloud_automated,Tuesday - Trading Hours: 11:00 AM - 3:00 PM NPT,2786,Panchakanya Mai Hydropower Ltd,PMHPL,58.0,1721.0,315.0,-1.222953904,318.9,,,,,,,,,,,,,,,,,,,,,,7,"price_volume, live_market, summary, top_gainers, top_losers, nepse_index, supply_demand",5517
2026-08-11T14:20:04.325163+05:45,2026-08-11 14:20:04,price_volume,price_volume_173,True,cloud_automated,Tuesday - Trading Hours: 11:00 AM - 3:00 PM NPT,2915,Prabhu Mahalaxmi Life Insurance Limited,PMLI,58.0,4515.0,433.0,0.0,433.0,,,,,,,,,,,,,,,,,,,,,,7,"price_volume, live_market, summary, top_gainers, top_losers, nepse_index, supply_demand",5517
2026-08-11T14:20:04.325163+05:45,2026-08-11 14:20:04,price_volume,price_volume_174,True,cloud_automated,Tuesday - Trading Hours: 11:00 AM - 3:00 PM NPT,2813,Panchthar Power Compant Limited,PPCL,58.0,4080.0,335.0,0.0,335.0,,,,,,,,,,,,,,,,,,,,,,7,"price_volume, live_market, summary, top_gainers, top_losers, nepse_index, supply_demand",5517
2026-08-11T14:20:04.325163+05:45,2026-08-11 14:20:04,price_volume,price_volume_175,True,cloud_automated,Tuesday - Trading Hours: 11:00 AM - 3:00 PM NPT,8122,People's Power Limited,PPL,58.0,10034.0,323.0,-1.071975498,326.5,,,,,,,,,,,,,,,,,,,,,,7,"price_volume, live_market, summary, top_gainers, top_losers, nepse_index, supply_demand",5517
2026-08-11T14:20:04.325163+05:45,2026-08-11 14:20:04,price_volume,price_volume_176,True,cloud_automated,Tuesday - Trading Hours: 11:00 AM - 3:00 PM NPT,184,Prabhu Insurance Ltd.,PRIN,58.0,809.0,666.5,-0.224550898,668.0,,,,,,,,,,,,,,,,,,,,,,7,"price_volume, live_market, summary, top_gainers, top_losers, nepse_index, supply_demand",5517
2026-08-11T14:20:04.325163+05:45,2026-08-11 14:20:04,price_volume,price_volume_177,True,cloud_automated,Tuesday - Trading Hours: 11:00 AM - 3:00 PM NPT,338,Progressive Finance Limited,PROFL,58.0,2605.0,417.3,-0.405727924,419.0,,,,,,,,,,,,,,,,,,,,,,7,"price_volume, live_market, summary, top_gainers, top_losers, nepse_index, supply_demand",5517
2026-08-11T14:20:04.325163+05:45,2026-08-11 14:20:04,price_volume,price_volume_178,True,cloud_automated,Tuesday - Trading Hours: 11:00 AM - 3:00 PM NPT,255,Prabhu  Bank Limited,PRVU,58.0,80552.0,190.0,0.795755968,188.5,,,,,,,,,,,,,,,,,,,,,,7,"price_volume, live_market, summary, top_gainers, top_losers, nepse_index, supply_demand",5517
2026-08-11T14:20:04.325163+05:45,2026-08-11 14:20:04,price_volume,price_volume_179,True,cloud_automated,Tuesday - Trading Hours: 11:00 AM - 3:00 PM NPT,9258,Pure Energy Limited,PURE,58.0,1462.0,817.1,-0.353658537,820.0,,,,,,,,,,,,,,,,,,,,,,7,"price_volume, live_market, summary, top_gainers, top_losers, nepse_index, supply_demand",5517
2026-08-11T14:20:04.325163+05:45,2026-08-11 14:20:04,price_volume,price_volume_180,True,cloud_automated,Tuesday - Trading Hours: 11:00 AM - 3:00 PM NPT,2776,Radhi Bidyut Company Ltd,RADHI,58.0,30510.0,716.5,1.631205674,705.0,,,,,,,,,,,,,,,,,,,,,,7,"price_volume, live_market, summary, top_gainers, top_losers, nepse_index, supply_demand",5517
2026-08-11T14:20:04.325163+05:45,2026-08-11 14:20:04,price_volume,price_volume_181,True,cloud_automated,Tuesday - Trading Hours: 11:00 AM - 3:00 PM NPT,9181,Rawa Energy Development Limited,RAWA,58.0,8449.0,420.4,0.622307324,417.8,,,,,,,,,,,,,,,,,,,,,,7,"price_volume, live_market, summary, top_gainers, top_losers, nepse_index, supply_demand",5517
2026-08-11T14:20:04.325163+05:45,2026-08-11 14:20:04,price_volume,price_volume_182,True,cloud_automated,Tuesday - Trading Hours: 11:00 AM - 3:00 PM NPT,177,Rastriya Beema Company Limited,RBCL,58.0,50.0,14108.1,-2.156182814,14419.0,,,,,,,,,,,,,,,,,,,,,,7,"price_volume, live_market, summary, top_gainers, top_losers, nepse_index, supply_demand",5517
2026-08-11T14:20:04.325163+05:45,2026-08-11 14:20:04,price_volume,price_volume_183,True,cloud_automated,Tuesday - Trading Hours: 11:00 AM - 3:00 PM NPT,8066,River Falls Power Limited,RFPL,58.0,21081.0,340.0,2.255639098,332.5,,,,,,,,,,,,,,,,,,,,,,7,"price_volume, live_market, summary, top_gainers, top_losers, nepse_index, supply_demand",5517
2026-08-11T14:20:04.325163+05:45,2026-08-11 14:20:04,price_volume,price_volume_184,True,cloud_automated,Tuesday - Trading Hours: 11:00 AM - 3:00 PM NPT,8108,Rapti Hydro And General Construction Limited,RHGCL,58.0,10832.0,258.0,0.389105058,257.0,,,,,,,,,,,,,,,,,,,,,,7,"price_volume, live_market, summary, top_gainers, top_losers, nepse_index, supply_demand",5517
2026-08-11T14:20:04.325163+05:45,2026-08-11 14:20:04,price_volume,price_volume_185,True,cloud_automated,Tuesday - Trading Hours: 11:00 AM - 3:00 PM NPT,2841,RASUWAGADHI HYDROPOWER COMPANY LIMITED,RHPL,58.0,5120.0,256.0,-1.538461538,260.0,,,,,,,,,,,,,,,,,,,,,,7,"price_volume, live_market, summary, top_gainers, top_losers, nepse_index, supply_demand",5517
2026-08-11T14:20:04.325163+05:45,2026-08-11 14:20:04,price_volume,price_volume_186,True,cloud_automated,Tuesday - Trading Hours: 11:00 AM - 3:00 PM NPT,610,Ridi Power Company Limited,RIDI,58.0,521362.0,381.6,-1.139896373,386.0,,,,,,,,,,,,,,,,,,,,,,7,"price_volume, live_market, summary, top_gainers, top_losers, nepse_index, supply_demand",5517
2026-08-11T14:20:04.325163+05:45,2026-08-11 14:20:04,price_volume,price_volume_187,True,cloud_automated,Tuesday - Trading Hours: 11:00 AM - 3:00 PM NPT,9324,Ridge Line Energy Limited,RLEL,58.0,3265.0,859.0,-0.92272203,867.0,,,,,,,,,,,,,,,,,,,,,,7,"price_volume, live_market, summary, top_gainers, top_losers, nepse_index, supply_demand",5517
2026-08-11T14:20:04.325163+05:45,2026-08-11 14:20:04,price_volume,price_volume_188,True,cloud_automated,Tuesday - Trading Hours: 11:00 AM - 3:00 PM NPT,587,Reliance Finance Ltd.,RLFL,58.0,5282.0,452.0,1.118568233,447.0,,,,,,,,,,,,,,,,,,,,,,7,"price_volume, live_market, summary, top_gainers, top_losers, nepse_index, supply_demand",5517
2026-08-11T14:20:04.325163+05:45,2026-08-11 14:20:04,price_volume,price_volume_189,True,cloud_automated,Tuesday - Trading Hours: 11:00 AM - 3:00 PM NPT,9199,Reliable Nepal Life Insurance Limited,RNLI,58.0,19367.0,422.0,-0.471698113,424.0,,,,,,,,,,,,,,,,,,,,,,7,"price_volume, live_market, summary, top_gainers, top_losers, nepse_index, supply_demand",5517
2026-08-11T14:20:04.325163+05:45,2026-08-11 14:20:04,price_volume,price_volume_190,True,cloud_automated,Tuesday - Trading Hours: 11:00 AM - 3:00 PM NPT,2748,RSDC Laghubitta Bittiya Sanstha Ltd.,RSDC,58.0,1991.0,644.0,-1.97869102,657.0,,,,,,,,,,,,,,,,,,,,,,7,"price_volume, live_market, summary, top_gainers, top_losers, nepse_index, supply_demand",5517
2026-08-11T14:20:04.325163+05:45,2026-08-11 14:20:04,price_volume,price_volume_191,True,cloud_automated,Tuesday - Trading Hours: 11:00 AM - 3:00 PM NPT,9306,Reliance Spinning Mills Limited,RSML,58.0,23793.0,2657.0,0.892348586,2633.5,,,,,,,,,,,,,,,,,,,,,,7,"price_volume, live_market, summary, top_gainers, top_losers, nepse_index, supply_demand",5517
2026-08-11T14:20:04.325163+05:45,2026-08-11 14:20:04,price_volume,price_volume_192,True,cloud_automated,Tuesday - Trading Hours: 11:00 AM - 3:00 PM NPT,2935,Ru Ru Jalbidhyut Pariyojana Limited,RURU,58.0,1087.0,608.8,-0.032840722,609.0,,,,,,,,,,,,,,,,,,,,,,7,"price_volume, live_market, summary, top_gainers, top_losers, nepse_index, supply_demand",5517
2026-08-11T14:20:04.325163+05:45,2026-08-11 14:20:04,price_volume,price_volume_193,True,cloud_automated,Tuesday - Trading Hours: 11:00 AM - 3:00 PM NPT,9305,Salapa Bikas Bank Limited,SABBL,58.0,7357.0,972.2,-0.886940565,980.9,,,,,,,,,,,,,,,,,,,,,,7,"price_volume, live_market, summary, top_gainers, top_losers, nepse_index, supply_demand",5517
2026-08-11T14:20:04.325163+05:45,2026-08-11 14:20:04,price_volume,price_volume_194,True,cloud_automated,Tuesday - Trading Hours: 11:00 AM - 3:00 PM NPT,472,Shangrila Development Bank Ltd.,SADBL,58.0,9766.0,406.3,-0.416666667,408.0,,,,,,,,,,,,,,,,,,,,,,7,"price_volume, live_market, summary, top_gainers, top_losers, nepse_index, supply_demand",5517
2026-08-11T14:20:04.325163+05:45,2026-08-11 14:20:04,price_volume,price_volume_195,True,cloud_automated,Tuesday - Trading Hours: 11:00 AM - 3:00 PM NPT,9294,Sagar Distillery Limited,SAGAR,58.0,6452.0,1706.0,-1.387283237,1730.0,,,,,,,,,,,,,,,,,,,,,,7,"price_volume, live_market, summary, top_gainers, top_losers, nepse_index, supply_demand",5517
2026-08-11T14:20:04.325163+05:45,2026-08-11 14:20:04,price_volume,price_volume_196,True,cloud_automated,Tuesday - Trading Hours: 11:00 AM - 3:00 PM NPT,8021,Sahas Urja Limited,SAHAS,58.0,34771.0,672.5,0.328211249,670.3,,,,,,,,,,,,,,,,,,,,,,7,"price_volume, live_market, summary, top_gainers, top_losers, nepse_index, supply_demand",5517
2026-08-11T14:20:04.325163+05:45,2026-08-11 14:20:04,price_volume,price_volume_197,True,cloud_automated,Tuesday - Trading Hours: 11:00 AM - 3:00 PM NPT,9301,Shreenagar Agritech Industries Limited,SAIL,58.0,33688.0,1110.0,-0.892857143,1120.0,,,,,,,,,,,,,,,,,,,,,,7,"price_volume, live_market, summary, top_gainers, top_losers, nepse_index, supply_demand",5517
2026-08-11T14:20:04.325163+05:45,2026-08-11 14:20:04,price_volume,price_volume_198,True,cloud_automated,Tuesday - Trading Hours: 11:00 AM - 3:00 PM NPT,185,Sagarmatha Lumbini Insurance Co. Limited,SALICO,58.0,1992.0,586.0,-0.509337861,589.0,,,,,,,,,,,,,,,,,,,,,,7,"price_volume, live_market, summary, top_gainers, top_losers, nepse_index, supply_demand",5517
2026-08-11T14:20:04.325163+05:45,2026-08-11 14:20:04,price_volume,price_volume_199,True,cloud_automated,Tuesday - Trading Hours: 11:00 AM - 3:00 PM NPT,171,Sanima Bank Limited,SANIMA,58.0,36430.0,371.0,0.32449973,369.8,,,,,,,,,,,,,,,,,,,,,,7,"price_volume, live_market, summary, top_gainers, top_losers, nepse_index, supply_demand",5517
2026-08-11T14:20:04.325163+05:45,2026-08-11 14:20:04,price_volume,price_volume_200,True,cloud_automated,Tuesday - Trading Hours: 11:00 AM - 3:00 PM NPT,9263,Sanvi Energy Limited,SANVI,58.0,5495.0,585.0,-0.340715503,587.0,,,,,,,,,,,,,,,,,,,,,,7,"price_volume, live_market, summary, top_gainers, top_losers, nepse_index, supply_demand",5517
2026-08-11T14:20:04.325163+05:45,2026-08-11 14:20:04,price_volume,price_volume_201,True,cloud_automated,Tuesday - Trading Hours: 11:00 AM - 3:00 PM NPT,2860,Saptakoshi Development Bank Ltd,SAPDBL,58.0,35556.0,800.0,-4.191616766,835.0,,,,,,,,,,,,,,,,,,,,,,7,"price_volume, live_market, summary, top_gainers, top_losers, nepse_index, supply_demand",5517
2026-08-11T14:20:04.325163+05:45,2026-08-11 14:20:04,price_volume,price_volume_202,True,cloud_automated,Tuesday - Trading Hours: 11:00 AM - 3:00 PM NPT,9242,Sarbottam Cement Limited,SARBTM,58.0,8608.0,786.0,0.769230769,780.0,,,,,,,,,,,,,,,,,,,,,,7,"price_volume, live_market, summary, top_gainers, top_losers, nepse_index, supply_demand",5517
2026-08-11T14:20:04.325163+05:45,2026-08-11 14:20:04,price_volume,price_volume_203,True,cloud_automated,Tuesday - Trading Hours: 11:00 AM - 3:00 PM NPT,135,Nepal SBI Bank Limited,SBI,58.0,6637.0,401.0,0.0,401.0,,,,,,,,,,,,,,,,,,,,,,7,"price_volume, live_market, summary, top_gainers, top_losers, nepse_index, supply_demand",5517
2026-08-11T14:20:04.325163+05:45,2026-08-11 14:20:04,price_volume,price_volume_204,True,cloud_automated,Tuesday - Trading Hours: 11:00 AM - 3:00 PM NPT,145,Siddhartha Bank Limited,SBL,58.0,65837.0,410.0,1.209577882,405.1,,,,,,,,,,,,,,,,,,,,,,7,"price_volume, live_market, summary, top_gainers, top_losers, nepse_index, supply_demand",5517
2026-08-11T14:20:04.325163+05:45,2026-08-11 14:20:04,price_volume,price_volume_205,True,cloud_automated,Tuesday - Trading Hours: 11:00 AM - 3:00 PM NPT,133,Standard Chartered Bank Limited,SCB,58.0,11778.0,650.0,1.05721393,643.2,,,,,,,,,,,,,,,,,,,,,,7,"price_volume, live_market, summary, top_gainers, top_losers, nepse_index, supply_demand",5517
2026-08-11T14:20:04.325163+05:45,2026-08-11 14:20:04,price_volume,price_volume_206,True,cloud_automated,Tuesday - Trading Hours: 11:00 AM - 3:00 PM NPT,8100,Swet-Ganga Hydropower & Construction Limited ,SGHC,58.0,48814.0,310.0,-0.8,312.5,,,,,,,,,,,,,,,,,,,,,,7,"price_volume, live_market, summary, top_gainers, top_losers, nepse_index, supply_demand",5517
2026-08-11T14:20:04.325163+05:45,2026-08-11 14:20:04,price_volume,price_volume_207,True,cloud_automated,Tuesday - Trading Hours: 11:00 AM - 3:00 PM NPT,9345,Sanigad Hydro Limited,SGHL,58.0,62656.0,523.0,-0.909435392,527.8,,,,,,,,,,,,,,,,,,,,,,7,"price_volume, live_market, summary, top_gainers, top_losers, nepse_index, supply_demand",5517
2026-08-11T14:20:04.325163+05:45,2026-08-11 14:20:04,price_volume,price_volume_208,True,cloud_automated,Tuesday - Trading Hours: 11:00 AM - 3:00 PM NPT,2908,Sanima GIC Insurance Limited,SGIC,58.0,4232.0,451.3,0.19982238,450.4,,,,,,,,,,,,,,,,,,,,,,7,"price_volume, live_market, summary, top_gainers, top_losers, nepse_index, supply_demand",5517
2026-08-11T14:20:04.325163+05:45,2026-08-11 14:20:04,price_volume,price_volume_209,True,cloud_automated,Tuesday - Trading Hours: 11:00 AM - 3:00 PM NPT,2934,Singati Hydro Energy Limited,SHEL,58.0,30425.0,306.0,0.591715976,304.2,,,,,,,,,,,,,,,,,,,,,,7,"price_volume, live_market, summary, top_gainers, top_losers, nepse_index, supply_demand",5517
2026-08-11T14:20:04.325163+05:45,2026-08-11 14:20:04,price_volume,price_volume_210,True,cloud_automated,Tuesday - Trading Hours: 11:00 AM - 3:00 PM NPT,473,Shine Resunga Development Bank Ltd.,SHINE,58.0,10415.0,408.5,0.368550369,407.0,,,,,,,,,,,,,,,,,,,,,,7,"price_volume, live_market, summary, top_gainers, top_losers, nepse_index, supply_demand",5517
2026-08-11T14:20:04.325163+05:45,2026-08-11 14:20:04,price_volume,price_volume_211,True,cloud_automated,Tuesday - Trading Hours: 11:00 AM - 3:00 PM NPT,2809,SHIVAM CEMENTS LTD,SHIVM,58.0,27649.0,636.0,0.426338228,633.3,,,,,,,,,,,,,,,,,,,,,,7,"price_volume, live_market, summary, top_gainers, top_losers, nepse_index, supply_demand",5517
2026-08-11T14:20:04.325163+05:45,2026-08-11 14:20:04,price_volume,price_volume_212,True,cloud_automated,Tuesday - Trading Hours: 11:00 AM - 3:00 PM NPT,147,Soaltee Hotel Limited,SHL,58.0,17641.0,503.9,1.184738956,498.0,,,,,,,,,,,,,,,,,,,,,,7,"price_volume, live_market, summary, top_gainers, top_losers, nepse_index, supply_demand",5517
2026-08-11T14:20:04.325163+05:45,2026-08-11 14:20:04,price_volume,price_volume_213,True,cloud_automated,Tuesday - Trading Hours: 11:00 AM - 3:00 PM NPT,8132,Shrijanshil Laghubitta Bittiya Sanstha Limited,SHLB,58.0,10.0,1434.0,0.0,1434.0,,,,,,,,,,,,,,,,,,,,,,7,"price_volume, live_market, summary, top_gainers, top_losers, nepse_index, supply_demand",5517
2026-08-11T14:20:04.325163+05:45,2026-08-11 14:20:04,price_volume,price_volume_214,True,cloud_automated,Tuesday - Trading Hours: 11:00 AM - 3:00 PM NPT,591,Sanima Mai Hydropower Ltd.,SHPC,58.0,26724.0,495.1,0.02020202,495.0,,,,,,,,,,,,,,,,,,,,,,7,"price_volume, live_market, summary, top_gainers, top_losers, nepse_index, supply_demand",5517
2026-08-11T14:20:04.325163+05:45,2026-08-11 14:20:04,price_volume,price_volume_215,True,cloud_automated,Tuesday - Trading Hours: 11:00 AM - 3:00 PM NPT,192,Shikhar Insurance Co. Ltd.,SICL,58.0,2078.0,614.9,0.770239266,610.2,,,,,,,,,,,,,,,,,,,,,,7,"price_volume, live_market, summary, top_gainers, top_losers, nepse_index, supply_demand",5517
2026-08-11T14:20:04.325163+05:45,2026-08-11 14:20:04,price_volume,price_volume_216,True,cloud_automated,Tuesday - Trading Hours: 11:00 AM - 3:00 PM NPT,244,Shree Investment Finance Co. Ltd.,SIFC,58.0,1636.0,505.5,0.497017893,503.0,,,,,,,,,,,,,,,,,,,,,,7,"price_volume, live_market, summary, top_gainers, top_losers, nepse_index, supply_demand",5517
2026-08-11T14:20:04.325163+05:45,2026-08-11 14:20:04,price_volume,price_volume_217,True,cloud_automated,Tuesday - Trading Hours: 11:00 AM - 3:00 PM NPT,8126,Sikles Hydropower Limited,SIKLES,58.0,2928.0,556.8,0.288184438,555.2,,,,,,,,,,,,,,,,,,,,,,7,"price_volume, live_market, summary, top_gainers, top_losers, nepse_index, supply_demand",5517
2026-08-11T14:20:04.325163+05:45,2026-08-11 14:20:04,price_volume,price_volume_218,True,cloud_automated,Tuesday - Trading Hours: 11:00 AM - 3:00 PM NPT,561,Sindhu Bikash Bank Ltd,SINDU,58.0,3748.0,687.0,-0.578871201,691.0,,,,,,,,,,,,,,,,,,,,,,7,"price_volume, live_market, summary, top_gainers, top_losers, nepse_index, supply_demand",5517
2026-08-11T14:20:04.325163+05:45,2026-08-11 14:20:04,price_volume,price_volume_219,True,cloud_automated,Tuesday - Trading Hours: 11:00 AM - 3:00 PM NPT,9329,Shikhar power Development Limited,SIPD,58.0,10611.0,672.0,-1.016349978,678.9,,,,,,,,,,,,,,,,,,,,,,7,"price_volume, live_market, summary, top_gainers, top_losers, nepse_index, supply_demand",5517
2026-08-11T14:20:04.325163+05:45,2026-08-11 14:20:04,price_volume,price_volume_220,True,cloud_automated,Tuesday - Trading Hours: 11:00 AM - 3:00 PM NPT,2842,SANJEN JALAVIDHYUT COMPANY LIMITED,SJCL,58.0,3535.0,269.0,-0.37037037,270.0,,,,,,,,,,,,,,,,,,,,,,7,"price_volume, live_market, summary, top_gainers, top_losers, nepse_index, supply_demand",5517
2026-08-11T14:20:04.325163+05:45,2026-08-11 14:20:04,price_volume,price_volume_221,True,cloud_automated,Tuesday - Trading Hours: 11:00 AM - 3:00 PM NPT,403,SuryaJyoti Life Insurance Company Limited,SJLIC,58.0,15659.0,407.2,-0.682926829,410.0,,,,,,,,,,,,,,,,,,,,,,7,"price_volume, live_market, summary, top_gainers, top_losers, nepse_index, supply_demand",5517
2026-08-11T14:20:04.325163+05:45,2026-08-11 14:20:04,price_volume,price_volume_222,True,cloud_automated,Tuesday - Trading Hours: 11:00 AM - 3:00 PM NPT,574,Sana Kisan Bikas Laghubitta Bittiya Sanstha Limited,SKBBL,58.0,7527.0,745.1,-0.254350736,747.0,,,,,,,,,,,,,,,,,,,,,,7,"price_volume, live_market, summary, top_gainers, top_losers, nepse_index, supply_demand",5517
2026-08-11T14:20:04.325163+05:45,2026-08-11 14:20:04,price_volume,price_volume_223,True,cloud_automated,Tuesday - Trading Hours: 11:00 AM - 3:00 PM NPT,9325,Suryakunda Hydro Electric Limited,SKHEL,58.0,1735.0,970.1,-1.010204082,980.0,,,,,,,,,,,,,,,,,,,,,,7,"price_volume, live_market, summary, top_gainers, top_losers, nepse_index, supply_demand",5517
2026-08-11T14:20:04.325163+05:45,2026-08-11 14:20:04,price_volume,price_volume_224,True,cloud_automated,Tuesday - Trading Hours: 11:00 AM - 3:00 PM NPT,9323,Super Khudi Hydropower Limited,SKHL,58.0,5769.0,876.0,-2.232142857,896.0,,,,,,,,,,,,,,,,,,,,,,7,"price_volume, live_market, summary, top_gainers, top_losers, nepse_index, supply_demand",5517
2026-08-11T14:20:04.325163+05:45,2026-08-11 14:20:04,price_volume,price_volume_225,True,cloud_automated,Tuesday - Trading Hours: 11:00 AM - 3:00 PM NPT,545,Swarojgar Laghubitta Bittiya Sanstha Ltd.,SLBBL,58.0,4377.0,795.0,-0.500625782,799.0,,,,,,,,,,,,,,,,,,,,,,7,"price_volume, live_market, summary, top_gainers, top_losers, nepse_index, supply_demand",5517
2026-08-11T14:20:04.325163+05:45,2026-08-11 14:20:04,price_volume,price_volume_226,True,cloud_automated,Tuesday - Trading Hours: 11:00 AM - 3:00 PM NPT,2804,Samudayik Laghubitta Bittiya Sanstha Limited,SLBSL,58.0,3780.0,940.9,-3.0,970.0,,,,,,,,,,,,,,,,,,,,,,7,"price_volume, live_market, summary, top_gainers, top_losers, nepse_index, supply_demand",5517
2026-08-11T14:20:04.325163+05:45,2026-08-11 14:20:04,price_volume,price_volume_227,True,cloud_automated,Tuesday - Trading Hours: 11:00 AM - 3:00 PM NPT,2761,Samata Gharelu Laghubitta Bittiya Sanstha Limited,SMATA,58.0,443.0,726.0,-0.547945205,730.0,,,,,,,,,,,,,,,,,,,,,,7,"price_volume, live_market, summary, top_gainers, top_losers, nepse_index, supply_demand",5517
2026-08-11T14:20:04.325163+05:45,2026-08-11 14:20:04,price_volume,price_volume_228,True,cloud_automated,Tuesday - Trading Hours: 11:00 AM - 3:00 PM NPT,2771,Support Microfinance Bittiya Sanstha Ltd.,SMB,58.0,895.0,1820.0,-1.515151515,1848.0,,,,,,,,,,,,,,,,,,,,,,7,"price_volume, live_market, summary, top_gainers, top_losers, nepse_index, supply_demand",5517
2026-08-11T14:20:04.325163+05:45,2026-08-11 14:20:04,price_volume,price_volume_229,True,cloud_automated,Tuesday - Trading Hours: 11:00 AM - 3:00 PM NPT,2829,Swabhimaan Laghubitta Bittiya Sanstha Limited,SMFBS,58.0,322.0,1530.0,2.0,1500.0,,,,,,,,,,,,,,,,,,,,,,7,"price_volume, live_market, summary, top_gainers, top_losers, nepse_index, supply_demand",5517
2026-08-11T14:20:04.325163+05:45,2026-08-11 14:20:04,price_volume,price_volume_230,True,cloud_automated,Tuesday - Trading Hours: 11:00 AM - 3:00 PM NPT,9148,Super Mai Hydropower Limited,SMH,58.0,2062.0,511.7,0.927021696,507.0,,,,,,,,,,,,,,,,,,,,,,7,"price_volume, live_market, summary, top_gainers, top_losers, nepse_index, supply_demand",5517
2026-08-11T14:20:04.325163+05:45,2026-08-11 14:20:04,price_volume,price_volume_231,True,cloud_automated,Tuesday - Trading Hours: 11:00 AM - 3:00 PM NPT,9146,Super Madi Hydropower Limited,SMHL,58.0,15272.0,494.8,0.365111562,493.0,,,,,,,,,,,,,,,,,,,,,,7,"price_volume, live_market, summary, top_gainers, top_losers, nepse_index, supply_demand",5517
2026-08-11T14:20:04.325163+05:45,2026-08-11 14:20:04,price_volume,price_volume_232,True,cloud_automated,Tuesday - Trading Hours: 11:00 AM - 3:00 PM NPT,9159,Sagarmatha Jalabidhyut Company Limited,SMJC,58.0,14861.0,441.0,-0.898876404,445.0,,,,,,,,,,,,,,,,,,,,,,7,"price_volume, live_market, summary, top_gainers, top_losers, nepse_index, supply_demand",5517
2026-08-11T14:20:04.325163+05:45,2026-08-11 14:20:04,price_volume,price_volume_233,True,cloud_automated,Tuesday - Trading Hours: 11:00 AM - 3:00 PM NPT,2896,Sampada Laghubitta Bittiya Sanstha Limited,SMPDA,58.0,675.0,755.0,0.666666667,750.0,,,,,,,,,,,,,,,,,,,,,,7,"price_volume, live_market, summary, top_gainers, top_losers, nepse_index, supply_demand",5517
2026-08-11T14:20:04.325163+05:45,2026-08-11 14:20:04,price_volume,price_volume_234,True,cloud_automated,Tuesday - Trading Hours: 11:00 AM - 3:00 PM NPT,9201,Sun Nepal Life Insurance Company Limited,SNLI,58.0,9051.0,413.0,0.242718447,412.0,,,,,,,,,,,,,,,,,,,,,,7,"price_volume, live_market, summary, top_gainers, top_losers, nepse_index, supply_demand",5517
2026-08-11T14:20:04.325163+05:45,2026-08-11 14:20:04,price_volume,price_volume_235,True,cloud_automated,Tuesday - Trading Hours: 11:00 AM - 3:00 PM NPT,9344,Snow Rivers Limited,SNORL,58.0,16078.0,912.7,-1.446927978,926.1,,,,,,,,,,,,,,,,,,,,,,7,"price_volume, live_market, summary, top_gainers, top_losers, nepse_index, supply_demand",5517
2026-08-11T14:20:04.325163+05:45,2026-08-11 14:20:04,price_volume,price_volume_236,True,cloud_automated,Tuesday - Trading Hours: 11:00 AM - 3:00 PM NPT,9311,Solu Hydropower Limited,SOHL,58.0,355625.0,709.0,-0.281293952,711.0,,,,,,,,,,,,,,,,,,,,,,7,"price_volume, live_market, summary, top_gainers, top_losers, nepse_index, supply_demand",5517
2026-08-11T14:20:04.325163+05:45,2026-08-11 14:20:04,price_volume,price_volume_237,True,cloud_automated,Tuesday - Trading Hours: 11:00 AM - 3:00 PM NPT,9216,Sonapur Minerals And Oil Limited,SONA,58.0,8822.0,403.6,-0.835380835,407.0,,,,,,,,,,,,,,,,,,,,,,7,"price_volume, live_market, summary, top_gainers, top_losers, nepse_index, supply_demand",5517
2026-08-11T14:20:04.325163+05:45,2026-08-11 14:20:04,price_volume,price_volume_238,True,cloud_automated,Tuesday - Trading Hours: 11:00 AM - 3:00 PM NPT,9336,Sopan Pharmaceuticals Limited,SOPL,58.0,25503.0,812.0,2.010050251,796.0,,,,,,,,,,,,,,,,,,,,,,7,"price_volume, live_market, summary, top_gainers, top_losers, nepse_index, supply_demand",5517
2026-08-11T14:20:04.325163+05:45,2026-08-11 14:20:04,price_volume,price_volume_239,True,cloud_automated,Tuesday - Trading Hours: 11:00 AM - 3:00 PM NPT,8025,Samling Power Company Limited,SPC,58.0,1615.0,416.2,-0.43062201,418.0,,,,,,,,,,,,,,,,,,,,,,7,"price_volume, live_market, summary, top_gainers, top_losers, nepse_index, supply_demand",5517
2026-08-11T14:20:04.325163+05:45,2026-08-11 14:20:04,price_volume,price_volume_240,True,cloud_automated,Tuesday - Trading Hours: 11:00 AM - 3:00 PM NPT,2759,Synergy Power Development Ltd.,SPDL,58.0,26496.0,373.4,0.376344086,372.0,,,,,,,,,,,,,,,,,,,,,,7,"price_volume, live_market, summary, top_gainers, top_losers, nepse_index, supply_demand",5517
2026-08-11T14:20:04.325163+05:45,2026-08-11 14:20:04,price_volume,price_volume_241,True,cloud_automated,Tuesday - Trading Hours: 11:00 AM - 3:00 PM NPT,8121,Sayapatri Hydropower Limited,SPHL,58.0,5800.0,511.1,-1.711538462,520.0,,,,,,,,,,,,,,,,,,,,,,7,"price_volume, live_market, summary, top_gainers, top_losers, nepse_index, supply_demand",5517
2026-08-11T14:20:04.325163+05:45,2026-08-11 14:20:04,price_volume,price_volume_242,True,cloud_automated,Tuesday - Trading Hours: 11:00 AM - 3:00 PM NPT,182,Siddhartha Premier Insurance Limited,SPIL,58.0,7702.0,685.0,-0.07293946,685.5,,,,,,,,,,,,,,,,,,,,,,7,"price_volume, live_market, summary, top_gainers, top_losers, nepse_index, supply_demand",5517
2026-08-11T14:20:04.325163+05:45,2026-08-11 14:20:04,price_volume,price_volume_243,True,cloud_automated,Tuesday - Trading Hours: 11:00 AM - 3:00 PM NPT,9147,Shuvam Power Limited,SPL,58.0,990.0,636.0,-0.360332132,638.3,,,,,,,,,,,,,,,,,,,,,,7,"price_volume, live_market, summary, top_gainers, top_losers, nepse_index, supply_demand",5517
2026-08-11T14:20:04.325163+05:45,2026-08-11 14:20:04,price_volume,price_volume_244,True,cloud_automated,Tuesday - Trading Hours: 11:00 AM - 3:00 PM NPT,5982,Sanima Reliance Life Insurance Limited,SRLI,58.0,12014.0,369.1,0.135648399,368.6,,,,,,,,,,,,,,,,,,,,,,7,"price_volume, live_market, summary, top_gainers, top_losers, nepse_index, supply_demand",5517
2026-08-11T14:20:04.325163+05:45,2026-08-11 14:20:04,price_volume,price_volume_245,True,cloud_automated,Tuesday - Trading Hours: 11:00 AM - 3:00 PM NPT,2907,Shiva Shree Hydropower Ltd,SSHL,58.0,45495.0,201.3,0.399002494,200.5,,,,,,,,,,,,,,,,,,,,,,7,"price_volume, live_market, summary, top_gainers, top_losers, nepse_index, supply_demand",5517
2026-08-11T14:20:04.325163+05:45,2026-08-11 14:20:04,price_volume,price_volume_246,True,cloud_automated,Tuesday - Trading Hours: 11:00 AM - 3:00 PM NPT,155,Salt Trading Corporation,STC,58.0,1255.0,5140.0,-0.580270793,5170.0,,,,,,,,,,,,,,,,,,,,,,7,"price_volume, live_market, summary, top_gainers, top_losers, nepse_index, supply_demand",5517
2026-08-11T14:20:04.325163+05:45,2026-08-11 14:20:04,price_volume,price_volume_247,True,cloud_automated,Tuesday - Trading Hours: 11:00 AM - 3:00 PM NPT,9295,Swastik Laghubitta Bittiya Sanstha Limited,SWASTIK,58.0,179.0,1995.0,-0.992555831,2015.0,,,,,,,,,,,,,,,,,,,,,,7,"price_volume, live_market, summary, top_gainers, top_losers, nepse_index, supply_demand",5517
2026-08-11T14:20:04.325163+05:45,2026-08-11 14:20:04,price_volume,price_volume_248,True,cloud_automated,Tuesday - Trading Hours: 11:00 AM - 3:00 PM NPT,268,Swabalamban Laghubitta Bittiya Sanstha Limited,SWBBL,58.0,5703.0,670.0,0.0,670.0,,,,,,,,,,,,,,,,,,,,,,7,"price_volume, live_market, summary, top_gainers, top_losers, nepse_index, supply_demand",5517
2026-08-11T14:20:04.325163+05:45,2026-08-11 14:20:04,price_volume,price_volume_249,True,cloud_automated,Tuesday - Trading Hours: 11:00 AM - 3:00 PM NPT,706,Suryodaya Womi Laghubitta Bittiya Sanstha Limited,SWMF,58.0,542.0,604.1,-2.407108239,619.0,,,,,,,,,,,,,,,,,,,,,,7,"price_volume, live_market, summary, top_gainers, top_losers, nepse_index, supply_demand",5517
2026-08-11T14:20:04.325163+05:45,2026-08-11 14:20:04,price_volume,price_volume_250,True,cloud_automated,Tuesday - Trading Hours: 11:00 AM - 3:00 PM NPT,9303,SY Panel Nepal Limited,SYPNL,58.0,12329.0,1333.0,-0.074962519,1334.0,,,,,,,,,,,,,,,,,,,,,,7,"price_volume, live_market, summary, top_gainers, top_losers, nepse_index, supply_demand",5517
2026-08-11T14:20:04.325163+05:45,2026-08-11 14:20:04,price_volume,price_volume_251,True,cloud_automated,Tuesday - Trading Hours: 11:00 AM - 3:00 PM NPT,9156,Sanima Middle Tamor Hydropower Limited,TAMOR,58.0,11289.0,450.0,0.0,450.0,,,,,,,,,,,,,,,,,,,,,,7,"price_volume, live_market, summary, top_gainers, top_losers, nepse_index, supply_demand",5517
2026-08-11T14:20:04.325163+05:45,2026-08-11 14:20:04,price_volume,price_volume_252,True,cloud_automated,Tuesday - Trading Hours: 11:00 AM - 3:00 PM NPT,8022,Terhathum Power Company Limited,TPC,58.0,8389.0,361.0,-0.138312586,361.5,,,,,,,,,,,,,,,,,,,,,,7,"price_volume, live_market, summary, top_gainers, top_losers, nepse_index, supply_demand",5517
2026-08-11T14:20:04.325163+05:45,2026-08-11 14:20:04,price_volume,price_volume_253,True,cloud_automated,Tuesday - Trading Hours: 11:00 AM - 3:00 PM NPT,9343,Taksar Pikhuwa Khola Hydropower Limited,TPKHL,58.0,27493.0,557.0,-0.535714286,560.0,,,,,,,,,,,,,,,,,,,,,,7,"price_volume, live_market, summary, top_gainers, top_losers, nepse_index, supply_demand",5517
2026-08-11T14:20:04.325163+05:45,2026-08-11 14:20:04,price_volume,price_volume_254,True,cloud_automated,Tuesday - Trading Hours: 11:00 AM - 3:00 PM NPT,148,Taragaon Regency Hotel Limited,TRH,58.0,9698.0,798.0,0.757575758,792.0,,,,,,,,,,,,,,,,,,,,,,7,"price_volume, live_market, summary, top_gainers, top_losers, nepse_index, supply_demand",5517
2026-08-11T14:20:04.325163+05:45,2026-08-11 14:20:04,price_volume,price_volume_255,True,cloud_automated,Tuesday - Trading Hours: 11:00 AM - 3:00 PM NPT,9194,Three Star Hydropower Limited,TSHL,58.0,6728.0,361.3,-0.468319559,363.0,,,,,,,,,,,,,,,,,,,,,,7,"price_volume, live_market, summary, top_gainers, top_losers, nepse_index, supply_demand",5517
2026-08-11T14:20:04.325163+05:45,2026-08-11 14:20:04,price_volume,price_volume_256,True,cloud_automated,Tuesday - Trading Hours: 11:00 AM - 3:00 PM NPT,9262,Trade Tower Limited,TTL,58.0,6117.0,715.0,-2.18878249,731.0,,,,,,,,,,,,,,,,,,,,,,7,"price_volume, live_market, summary, top_gainers, top_losers, nepse_index, supply_demand",5517
2026-08-11T14:20:04.325163+05:45,2026-08-11 14:20:04,price_volume,price_volume_257,True,cloud_automated,Tuesday - Trading Hours: 11:00 AM - 3:00 PM NPT,9218,Trishuli Jal Vidhyut Company Limited ,TVCL,58.0,2798.0,474.0,1.260414441,468.1,,,,,,,,,,,,,,,,,,,,,,7,"price_volume, live_market, summary, top_gainers, top_losers, nepse_index, supply_demand",5517
2026-08-11T14:20:04.325163+05:45,2026-08-11 14:20:04,price_volume,price_volume_258,True,cloud_automated,Tuesday - Trading Hours: 11:00 AM - 3:00 PM NPT,180,United Ajod Insurance Limited,UAIL,58.0,4301.0,432.0,0.0,432.0,,,,,,,,,,,,,,,,,,,,,,7,"price_volume, live_market, summary, top_gainers, top_losers, nepse_index, supply_demand",5517
2026-08-11T14:20:04.325163+05:45,2026-08-11 14:20:04,price_volume,price_volume_259,True,cloud_automated,Tuesday - Trading Hours: 11:00 AM - 3:00 PM NPT,8099,Upper Hewakhola Hydropower Company Limited,UHEWA,58.0,154766.0,633.8,4.243421053,608.0,,,,,,,,,,,,,,,,,,,,,,7,"price_volume, live_market, summary, top_gainers, top_losers, nepse_index, supply_demand",5517
2026-08-11T14:20:04.325163+05:45,2026-08-11 14:20:04,price_volume,price_volume_260,True,cloud_automated,Tuesday - Trading Hours: 11:00 AM - 3:00 PM NPT,8063,Upakar Laghubitta Bittiya Sanstha Limited,ULBSL,58.0,423.0,2750.0,0.036376864,2749.0,,,,,,,,,,,,,,,,,,,,,,7,"price_volume, live_market, summary, top_gainers, top_losers, nepse_index, supply_demand",5517
2026-08-11T14:20:04.325163+05:45,2026-08-11 14:20:04,price_volume,price_volume_261,True,cloud_automated,Tuesday - Trading Hours: 11:00 AM - 3:00 PM NPT,9208,Upper Lohore Khola Hydropower Company Limited,ULHC,58.0,39833.0,364.9,-3.897814064,379.7,,,,,,,,,,,,,,,,,,,,,,7,"price_volume, live_market, summary, top_gainers, top_losers, nepse_index, supply_demand",5517
2026-08-11T14:20:04.325163+05:45,2026-08-11 14:20:04,price_volume,price_volume_262,True,cloud_automated,Tuesday - Trading Hours: 11:00 AM - 3:00 PM NPT,2760,United Modi Hydropower Ltd.,UMHL,58.0,36917.0,576.9,-0.44866264,579.5,,,,,,,,,,,,,,,,,,,,,,7,"price_volume, live_market, summary, top_gainers, top_losers, nepse_index, supply_demand",5517
2026-08-11T14:20:04.325163+05:45,2026-08-11 14:20:04,price_volume,price_volume_263,True,cloud_automated,Tuesday - Trading Hours: 11:00 AM - 3:00 PM NPT,2914,United IDI Mardi RB Hydropower Limited.,UMRH,58.0,3111.0,528.0,-0.377358491,530.0,,,,,,,,,,,,,,,,,,,,,,7,"price_volume, live_market, summary, top_gainers, top_losers, nepse_index, supply_demand",5517
2026-08-11T14:20:04.325163+05:45,2026-08-11 14:20:04,price_volume,price_volume_264,True,cloud_automated,Tuesday - Trading Hours: 11:00 AM - 3:00 PM NPT,2831,Union Hydropower Limited,UNHPL,58.0,7114.0,371.3,-0.721925134,374.0,,,,,,,,,,,,,,,,,,,,,,7,"price_volume, live_market, summary, top_gainers, top_losers, nepse_index, supply_demand",5517
2026-08-11T14:20:04.325163+05:45,2026-08-11 14:20:04,price_volume,price_volume_265,True,cloud_automated,Tuesday - Trading Hours: 11:00 AM - 3:00 PM NPT,219,Unilever Nepal Limited,UNL,58.0,45.0,48500.0,0.0,48500.0,,,,,,,,,,,,,,,,,,,,,,7,"price_volume, live_market, summary, top_gainers, top_losers, nepse_index, supply_demand",5517
2026-08-11T14:20:04.325163+05:45,2026-08-11 14:20:04,price_volume,price_volume_266,True,cloud_automated,Tuesday - Trading Hours: 11:00 AM - 3:00 PM NPT,9140,Unique Nepal Laghubitta Bittiya Sanstha Limited,UNLB,58.0,1000.0,1287.0,1.338582677,1270.0,,,,,,,,,,,,,,,,,,,,,,7,"price_volume, live_market, summary, top_gainers, top_losers, nepse_index, supply_demand",5517
2026-08-11T14:20:04.325163+05:45,2026-08-11 14:20:04,price_volume,price_volume_267,True,cloud_automated,Tuesday - Trading Hours: 11:00 AM - 3:00 PM NPT,2810,UNIVERSAL POWER COMPANY LTD,UPCL,58.0,25338.0,348.2,0.927536232,345.0,,,,,,,,,,,,,,,,,,,,,,7,"price_volume, live_market, summary, top_gainers, top_losers, nepse_index, supply_demand",5517
2026-08-11T14:20:04.325163+05:45,2026-08-11 14:20:04,price_volume,price_volume_268,True,cloud_automated,Tuesday - Trading Hours: 11:00 AM - 3:00 PM NPT,2792,Upper Tamakoshi Hydropower Ltd,UPPER,58.0,39618.0,191.8,0.0,191.8,,,,,,,,,,,,,,,,,,,,,,7,"price_volume, live_market, summary, top_gainers, top_losers, nepse_index, supply_demand",5517
2026-08-11T14:20:04.325163+05:45,2026-08-11 14:20:04,price_volume,price_volume_269,True,cloud_automated,Tuesday - Trading Hours: 11:00 AM - 3:00 PM NPT,8104,Upper Solu Hydro Electric Company Limited,USHEC,58.0,2753.0,499.9,0.583501006,497.0,,,,,,,,,,,,,,,,,,,,,,7,"price_volume, live_market, summary, top_gainers, top_losers, nepse_index, supply_demand",5517
2026-08-11T14:20:04.325163+05:45,2026-08-11 14:20:04,price_volume,price_volume_270,True,cloud_automated,Tuesday - Trading Hours: 11:00 AM - 3:00 PM NPT,9192,Upper Syange Hydropower Limited,USHL,58.0,1103.0,530.0,-2.734446687,544.9,,,,,,,,,,,,,,,,,,,,,,7,"price_volume, live_market, summary, top_gainers, top_losers, nepse_index, supply_demand",5517
2026-08-11T14:20:04.325163+05:45,2026-08-11 14:20:04,price_volume,price_volume_271,True,cloud_automated,Tuesday - Trading Hours: 11:00 AM - 3:00 PM NPT,2774,Unnati Sahakarya Laghubitta Bittiya Sanstha Limited,USLB,58.0,594.0,1122.0,-0.089047195,1123.0,,,,,,,,,,,,,,,,,,,,,,7,"price_volume, live_market, summary, top_gainers, top_losers, nepse_index, supply_demand",5517
2026-08-11T14:20:04.325163+05:45,2026-08-11 14:20:04,price_volume,price_volume_272,True,cloud_automated,Tuesday - Trading Hours: 11:00 AM - 3:00 PM NPT,687,Vijaya laghubitta Bittiya Sanstha Ltd.,VLBS,58.0,726.0,659.1,-0.287443268,661.0,,,,,,,,,,,,,,,,,,,,,,7,"price_volume, live_market, summary, top_gainers, top_losers, nepse_index, supply_demand",5517
2026-08-11T14:20:04.325163+05:45,2026-08-11 14:20:04,price_volume,price_volume_273,True,cloud_automated,Tuesday - Trading Hours: 11:00 AM - 3:00 PM NPT,9225,Vision Lumbini Urja Company Limited ,VLUCL,58.0,2153.0,411.3,-0.891566265,415.0,,,,,,,,,,,,,,,,,,,,,,7,"price_volume, live_market, summary, top_gainers, top_losers, nepse_index, supply_demand",5517
2026-08-11T14:20:04.325163+05:45,2026-08-11 14:20:04,price_volume,price_volume_274,True,cloud_automated,Tuesday - Trading Hours: 11:00 AM - 3:00 PM NPT,2781,Wean Nepal Laghubitta Bittiya Sanstha Limited,WNLB,58.0,237.0,1356.0,1.801801802,1332.0,,,,,,,,,,,,,,,,,,,,,,7,"price_volume, live_market, summary, top_gainers, top_losers, nepse_index, supply_demand",5517
2026-08-11T14:20:04.325163+05:45,2026-08-11 14:20:04,price_volume,price_volume_275,True,cloud_automated,Tuesday - Trading Hours: 11:00 AM - 3:00 PM NPT,9342,Yambaling Hydropower Limited,YMHL,58.0,13040.0,618.9,-0.817307692,624.0,,,,,,,,,,,,,,,,,,,,,,7,"price_volume, live_market, summary, top_gainers, top_losers, nepse_index, supply_demand",5517
2026-08-11T14:20:04.325163+05:45,2026-08-11 14:20:04,live_market,live_market_1,True,cloud_automated,Tuesday - Trading Hours: 11:00 AM - 3:00 PM NPT,9311,Solu Hydropower Limited,SOHL,58.0,355665.0,709.0,-0.28,711.0,,680.0,725.0,680.0,254173467.7,2026-08-11 14:19:59.358831,10.0,714.64,,,,,,,,,,,,,,7,"price_volume, live_market, summary, top_gainers, top_losers, nepse_index, supply_demand",5517
2026-08-11T14:20:04.325163+05:45,2026-08-11 14:20:04,live_market,live_market_2,True,cloud_automated,Tuesday - Trading Hours: 11:00 AM - 3:00 PM NPT,9256,Om Megashree Pharmaceuticals Limited,OMPL,58.0,2760.0,905.0,1.23,894.0,,905.0,910.0,892.5,2488596.6,2026-08-11 14:19:59.111942,10.0,901.67,,,,,,,,,,,,,,7,"price_volume, live_market, summary, top_gainers, top_losers, nepse_index, supply_demand",5517
2026-08-11T14:20:04.325163+05:45,2026-08-11 14:20:04,live_market,live_market_3,True,cloud_automated,Tuesday - Trading Hours: 11:00 AM - 3:00 PM NPT,8045,Green Ventures Limited,GVL,58.0,10468.0,480.0,0.0,480.0,,473.0,480.0,473.0,5019416.6,2026-08-11 14:19:58.090654,1000.0,479.5,,,,,,,,,,,,,,7,"price_volume, live_market, summary, top_gainers, top_losers, nepse_index, supply_demand",5517
2026-08-11T14:20:04.325163+05:45,2026-08-11 14:20:04,live_market,live_market_4,True,cloud_automated,Tuesday - Trading Hours: 11:00 AM - 3:00 PM NPT,9346,Kalanga Hydro Limited,KAHL,58.0,37340.0,542.1,0.02,542.0,,537.0,555.2,537.0,20442957.3,2026-08-11 14:19:57.490417,10.0,547.48,,,,,,,,,,,,,,7,"price_volume, live_market, summary, top_gainers, top_losers, nepse_index, supply_demand",5517
2026-08-11T14:20:04.325163+05:45,2026-08-11 14:20:04,live_market,live_market_5,True,cloud_automated,Tuesday - Trading Hours: 11:00 AM - 3:00 PM NPT,9146,Super Madi Hydropower Limited,SMHL,58.0,15761.0,494.8,0.37,493.0,,493.0,501.0,493.0,7821799.2,2026-08-11 14:19:57.470221,489.0,496.28,,,,,,,,,,,,,,7,"price_volume, live_market, summary, top_gainers, top_losers, nepse_index, supply_demand",5517
2026-08-11T14:20:04.325163+05:45,2026-08-11 14:20:04,live_market,live_market_6,True,cloud_automated,Tuesday - Trading Hours: 11:00 AM - 3:00 PM NPT,9175,Menchhiyam Hydropower Limited,MCHL,58.0,353.0,276.2,0.07,276.0,,275.0,278.0,275.0,97382.0,2026-08-11 14:19:55.972814,10.0,275.87,,,,,,,,,,,,,,7,"price_volume, live_market, summary, top_gainers, top_losers, nepse_index, supply_demand",5517
2026-08-11T14:20:04.325163+05:45,2026-08-11 14:20:04,live_market,live_market_7,True,cloud_automated,Tuesday - Trading Hours: 11:00 AM - 3:00 PM NPT,9345,Sanigad Hydro Limited,SGHL,58.0,62785.0,523.0,-0.91,527.8,,527.0,538.59,522.3,33112262.3,2026-08-11 14:19:55.789969,10.0,527.39,,,,,,,,,,,,,,7,"price_volume, live_market, summary, top_gainers, top_losers, nepse_index, supply_demand",5517
2026-08-11T14:20:04.325163+05:45,2026-08-11 14:20:04,live_market,live_market_8,True,cloud_automated,Tuesday - Trading Hours: 11:00 AM - 3:00 PM NPT,686,Barun Hydropower Co. Ltd.,BARUN,58.0,5783.0,319.9,0.38,318.7,,320.0,323.3,318.2,1848203.3,2026-08-11 14:19:55.481875,81.0,319.59,,,,,,,,,,,,,,7,"price_volume, live_market, summary, top_gainers, top_losers, nepse_index, supply_demand",5517
2026-08-11T14:20:04.325163+05:45,2026-08-11 14:20:04,live_market,live_market_9,True,cloud_automated,Tuesday - Trading Hours: 11:00 AM - 3:00 PM NPT,9337,Appolo Hydropower Limited,APHL,58.0,6509.0,830.0,0.24,828.0,,820.0,840.0,820.0,5407756.3,2026-08-11 14:19:55.293257,290.0,830.81,,,,,,,,,,,,,,7,"price_volume, live_market, summary, top_gainers, top_losers, nepse_index, supply_demand",5517
2026-08-11T14:20:04.325163+05:45,2026-08-11 14:20:04,live_market,live_market_10,True,cloud_automated,Tuesday - Trading Hours: 11:00 AM - 3:00 PM NPT,561,Sindhu Bikash Bank Ltd,SINDU,58.0,4248.0,686.1,-0.71,691.0,,666.0,695.0,666.0,2923077.7,2026-08-11 14:19:54.588217,500.0,688.11,,,,,,,,,,,,,,7,"price_volume, live_market, summary, top_gainers, top_losers, nepse_index, supply_demand",5517
2026-08-11T14:20:04.325163+05:45,2026-08-11 14:20:04,live_market,live_market_11,True,cloud_automated,Tuesday - Trading Hours: 11:00 AM - 3:00 PM NPT,2743,Ngadi Group Power Ltd.,NGPL,58.0,368317.0,421.9,3.28,408.5,,409.8,424.0,407.0,153736350.0,2026-08-11 14:19:54.331455,30.0,417.4,,,,,,,,,,,,,,7,"price_volume, live_market, summary, top_gainers, top_losers, nepse_index, supply_demand",5517
2026-08-11T14:20:04.325163+05:45,2026-08-11 14:20:04,live_market,live_market_12,True,cloud_automated,Tuesday - Trading Hours: 11:00 AM - 3:00 PM NPT,490,First Micro Finance Laghubitta Bittiya Sanstha Limited,FMDBL,58.0,108211.0,799.1,-2.19,817.0,,850.0,850.0,796.0,88712365.0,2026-08-11 14:19:53.748289,400.0,819.81,,,,,,,,,,,,,,7,"price_volume, live_market, summary, top_gainers, top_losers, nepse_index, supply_demand",5517
2026-08-11T14:20:04.325163+05:45,2026-08-11 14:20:04,live_market,live_market_13,True,cloud_automated,Tuesday - Trading Hours: 11:00 AM - 3:00 PM NPT,9199,Reliable Nepal Life Insurance Limited,RNLI,58.0,19594.0,422.5,-0.35,424.0,,421.0,426.0,418.0,8259208.6,2026-08-11 14:19:53.612001,12.0,421.52,,,,,,,,,,,,,,7,"price_volume, live_market, summary, top_gainers, top_losers, nepse_index, supply_demand",5517
2026-08-11T14:20:04.325163+05:45,2026-08-11 14:20:04,live_market,live_market_14,True,cloud_automated,Tuesday - Trading Hours: 11:00 AM - 3:00 PM NPT,2925,Mahila Lagubitta Bittiya Sanstha Limited ,MLBSL,58.0,26087.0,1371.0,-14.84,1610.0,,1560.0,1560.0,1368.5,36523984.7,2026-08-11 14:19:53.095156,30.0,1400.08,,,,,,,,,,,,,,7,"price_volume, live_market, summary, top_gainers, top_losers, nepse_index, supply_demand",5517
2026-08-11T14:20:04.325163+05:45,2026-08-11 14:20:04,live_market,live_market_15,True,cloud_automated,Tuesday - Trading Hours: 11:00 AM - 3:00 PM NPT,2860,Saptakoshi Development Bank Ltd,SAPDBL,58.0,35656.0,800.0,-4.19,835.0,,835.0,835.0,786.0,28530507.4,2026-08-11 14:19:52.975221,100.0,800.16,,,,,,,,,,,,,,7,"price_volume, live_market, summary, top_gainers, top_losers, nepse_index, supply_demand",5517
2026-08-11T14:20:04.325163+05:45,2026-08-11 14:20:04,live_market,live_market_16,True,cloud_automated,Tuesday - Trading Hours: 11:00 AM - 3:00 PM NPT,348,Citizens Bank International Limited,CZBIL,58.0,52053.0,200.5,0.15,200.2,,200.0,203.0,200.0,10449263.0,2026-08-11 14:19:52.020752,12.0,200.74,,,,,,,,,,,,,,7,"price_volume, live_market, summary, top_gainers, top_losers, nepse_index, supply_demand",5517
2026-08-11T14:20:04.325163+05:45,2026-08-11 14:20:04,live_market,live_market_17,True,cloud_automated,Tuesday - Trading Hours: 11:00 AM - 3:00 PM NPT,9330,Palpa Cement Industries Limited,PCIL,58.0,15680.0,618.1,-1.1,625.0,,620.0,629.0,617.0,9726663.7,2026-08-11 14:19:50.074878,10.0,620.32,,,,,,,,,,,,,,7,"price_volume, live_market, summary, top_gainers, top_losers, nepse_index, supply_demand",5517
2026-08-11T14:20:04.325163+05:45,2026-08-11 14:20:04,live_market,live_market_18,True,cloud_automated,Tuesday - Trading Hours: 11:00 AM - 3:00 PM NPT,9344,Snow Rivers Limited,SNORL,58.0,16098.0,912.7,-1.45,926.1,,879.8,945.0,879.8,14885501.1,2026-08-11 14:19:49.814248,10.0,924.68,,,,,,,,,,,,,,7,"price_volume, live_market, summary, top_gainers, top_losers, nepse_index, supply_demand",5517
2026-08-11T14:20:04.325163+05:45,2026-08-11 14:20:04,live_market,live_market_19,True,cloud_automated,Tuesday - Trading Hours: 11:00 AM - 3:00 PM NPT,255,Prabhu  Bank Limited,PRVU,58.0,80602.0,190.0,0.8,188.5,,190.0,190.4,188.5,15280252.1,2026-08-11 14:19:48.653009,30.0,189.58,,,,,,,,,,,,,,7,"price_volume, live_market, summary, top_gainers, top_losers, nepse_index, supply_demand",5517
2026-08-11T14:20:04.325163+05:45,2026-08-11 14:20:04,live_market,live_market_20,True,cloud_automated,Tuesday - Trading Hours: 11:00 AM - 3:00 PM NPT,9324,Ridge Line Energy Limited,RLEL,58.0,3275.0,859.0,-0.92,867.0,,867.0,874.0,855.1,2827653.0,2026-08-11 14:19:48.560858,10.0,863.41,,,,,,,,,,,,,,7,"price_volume, live_market, summary, top_gainers, top_losers, nepse_index, supply_demand",5517
2026-08-11T14:20:04.325163+05:45,2026-08-11 14:20:04,live_market,live_market_21,True,cloud_automated,Tuesday - Trading Hours: 11:00 AM - 3:00 PM NPT,2924,GreenLife Hydropower Limited,GLH,58.0,12812.0,256.0,-0.62,257.6,,257.1,260.0,255.5,3304418.6,2026-08-11 14:19:48.535103,100.0,257.92,,,,,,,,,,,,,,7,"price_volume, live_market, summary, top_gainers, top_losers, nepse_index, supply_demand",5517
2026-08-11T14:20:04.325163+05:45,2026-08-11 14:20:04,live_market,live_market_22,True,cloud_automated,Tuesday - Trading Hours: 11:00 AM - 3:00 PM NPT,9159,Sagarmatha Jalabidhyut Company Limited,SMJC,58.0,14866.0,441.0,-0.9,445.0,,445.0,449.0,439.0,6558471.1,2026-08-11 14:19:47.966954,5.0,441.17,,,,,,,,,,,,,,7,"price_volume, live_market, summary, top_gainers, top_losers, nepse_index, supply_demand",5517
2026-08-11T14:20:04.325163+05:45,2026-08-11 14:20:04,live_market,live_market_23,True,cloud_automated,Tuesday - Trading Hours: 11:00 AM - 3:00 PM NPT,9173,City Hotel Limited,CITY,58.0,46541.0,370.7,1.01,367.0,,365.0,400.0,365.0,17304711.7,2026-08-11 14:19:47.885565,51.0,371.82,,,,,,,,,,,,,,7,"price_volume, live_market, summary, top_gainers, top_losers, nepse_index, supply_demand",5517
2026-08-11T14:20:04.325163+05:45,2026-08-11 14:20:04,live_market,live_market_24,True,cloud_automated,Tuesday - Trading Hours: 11:00 AM - 3:00 PM NPT,2748,RSDC Laghubitta Bittiya Sanstha Ltd.,RSDC,58.0,2181.0,645.0,-1.83,657.0,,669.0,669.0,644.0,1414619.5,2026-08-11 14:19:47.482091,170.0,648.61,,,,,,,,,,,,,,7,"price_volume, live_market, summary, top_gainers, top_losers, nepse_index, supply_demand",5517
2026-08-11T14:20:04.325163+05:45,2026-08-11 14:20:04,live_market,live_market_25,True,cloud_automated,Tuesday - Trading Hours: 11:00 AM - 3:00 PM NPT,450,Corporate Development Bank Limited,CORBL,58.0,30620.0,1141.0,-1.23,1155.2,,1150.0,1190.0,1120.0,35655318.1,2026-08-11 14:19:46.319116,50.0,1164.45,,,,,,,,,,,,,,7,"price_volume, live_market, summary, top_gainers, top_losers, nepse_index, supply_demand",5517
2026-08-11T14:20:04.325163+05:45,2026-08-11 14:20:04,live_market,live_market_26,True,cloud_automated,Tuesday - Trading Hours: 11:00 AM - 3:00 PM NPT,8100,Swet-Ganga Hydropower & Construction Limited ,SGHC,58.0,49104.0,310.0,-0.8,312.5,,315.0,315.1,309.1,15274275.8,2026-08-11 14:19:46.215127,10.0,311.06,,,,,,,,,,,,,,7,"price_volume, live_market, summary, top_gainers, top_losers, nepse_index, supply_demand",5517
2026-08-11T14:20:04.325163+05:45,2026-08-11 14:20:04,live_market,live_market_27,True,cloud_automated,Tuesday - Trading Hours: 11:00 AM - 3:00 PM NPT,132,Nepal Investment Mega Bank Limited,NIMB,58.0,149446.0,192.4,-0.26,192.9,,183.3,195.5,183.3,28846932.9,2026-08-11 14:19:45.896646,1106.0,193.03,,,,,,,,,,,,,,7,"price_volume, live_market, summary, top_gainers, top_losers, nepse_index, supply_demand",5517
2026-08-11T14:20:04.325163+05:45,2026-08-11 14:20:04,live_market,live_market_28,True,cloud_automated,Tuesday - Trading Hours: 11:00 AM - 3:00 PM NPT,610,Ridi Power Company Limited,RIDI,58.0,521912.0,381.6,-1.14,386.0,,375.0,396.4,375.0,201180661.2,2026-08-11 14:19:44.312021,15.0,385.47,,,,,,,,,,,,,,7,"price_volume, live_market, summary, top_gainers, top_losers, nepse_index, supply_demand",5517
2026-08-11T14:20:04.325163+05:45,2026-08-11 14:20:04,live_market,live_market_29,True,cloud_automated,Tuesday - Trading Hours: 11:00 AM - 3:00 PM NPT,9329,Shikhar power Development Limited,SIPD,58.0,11111.0,671.0,-1.16,678.9,,679.0,690.0,664.0,7513446.9,2026-08-11 14:19:43.664622,200.0,676.22,,,,,,,,,,,,,,7,"price_volume, live_market, summary, top_gainers, top_losers, nepse_index, supply_demand",5517
2026-08-11T14:20:04.325163+05:45,2026-08-11 14:20:04,live_market,live_market_30,True,cloud_automated,Tuesday - Trading Hours: 11:00 AM - 3:00 PM NPT,8031,Madhya Bhotekoshi Jalavidyut Company Limited,MBJC,58.0,20182.0,265.5,0.11,265.2,,261.4,272.0,261.2,5402888.7,2026-08-11 14:19:43.415108,40.0,267.71,,,,,,,,,,,,,,7,"price_volume, live_market, summary, top_gainers, top_losers, nepse_index, supply_demand",5517
2026-08-11T14:20:04.325163+05:45,2026-08-11 14:20:04,live_market,live_market_31,True,cloud_automated,Tuesday - Trading Hours: 11:00 AM - 3:00 PM NPT,2809,SHIVAM CEMENTS LTD,SHIVM,58.0,28148.0,636.0,0.43,633.3,,603.5,638.0,603.5,17895584.1,2026-08-11 14:19:41.779036,20.0,635.77,,,,,,,,,,,,,,7,"price_volume, live_market, summary, top_gainers, top_losers, nepse_index, supply_demand",5517
2026-08-11T14:20:04.325163+05:45,2026-08-11 14:20:04,live_market,live_market_32,True,cloud_automated,Tuesday - Trading Hours: 11:00 AM - 3:00 PM NPT,8099,Upper Hewakhola Hydropower Company Limited,UHEWA,58.0,154966.0,633.8,4.24,608.0,,598.0,638.0,598.0,96430859.8,2026-08-11 14:19:41.714842,200.0,622.27,,,,,,,,,,,,,,7,"price_volume, live_market, summary, top_gainers, top_losers, nepse_index, supply_demand",5517
2026-08-11T14:20:04.325163+05:45,2026-08-11 14:20:04,live_market,live_market_33,True,cloud_automated,Tuesday - Trading Hours: 11:00 AM - 3:00 PM NPT,9336,Sopan Pharmaceuticals Limited,SOPL,58.0,25533.0,812.1,2.02,796.0,,792.0,824.0,790.2,20756307.7,2026-08-11 14:19:40.583055,10.0,812.92,,,,,,,,,,,,,,7,"price_volume, live_market, summary, top_gainers, top_losers, nepse_index, supply_demand",5517
2026-08-11T14:20:04.325163+05:45,2026-08-11 14:20:04,live_market,live_market_34,True,cloud_automated,Tuesday - Trading Hours: 11:00 AM - 3:00 PM NPT,9293,Daramkhola Hydro Energy Limited,DHEL,58.0,19199.0,611.0,-1.45,620.0,,608.2,626.0,605.1,11822650.9,2026-08-11 14:19:38.984692,10.0,615.8,,,,,,,,,,,,,,7,"price_volume, live_market, summary, top_gainers, top_losers, nepse_index, supply_demand",5517
2026-08-11T14:20:04.325163+05:45,2026-08-11 14:20:04,live_market,live_market_35,True,cloud_automated,Tuesday - Trading Hours: 11:00 AM - 3:00 PM NPT,2757,Arun Kabeli Power Ltd.,AKPL,58.0,30135.0,254.0,-0.27,254.7,,252.5,256.5,252.5,7674014.8,2026-08-11 14:19:38.750051,11.0,254.65,,,,,,,,,,,,,,7,"price_volume, live_market, summary, top_gainers, top_losers, nepse_index, supply_demand",5517
2026-08-11T14:20:04.325163+05:45,2026-08-11 14:20:04,live_market,live_market_36,True,cloud_automated,Tuesday - Trading Hours: 11:00 AM - 3:00 PM NPT,9347,Everest Colour Limited,ECL,58.0,26162.0,1533.0,-3.22,1584.0,,1577.0,1600.4,1526.3,40519620.0,2026-08-11 14:19:38.717185,10.0,1548.8,,,,,,,,,,,,,,7,"price_volume, live_market, summary, top_gainers, top_losers, nepse_index, supply_demand",5517
2026-08-11T14:20:04.325163+05:45,2026-08-11 14:20:04,live_market,live_market_37,True,cloud_automated,Tuesday - Trading Hours: 11:00 AM - 3:00 PM NPT,9308,Hotel Forest Inn Limited,HFIN,58.0,15440.0,678.4,-1.15,686.3,,687.0,698.0,676.2,10626941.5,2026-08-11 14:19:37.513173,10.0,688.27,,,,,,,,,,,,,,7,"price_volume, live_market, summary, top_gainers, top_losers, nepse_index, supply_demand",5517
2026-08-11T14:20:04.325163+05:45,2026-08-11 14:20:04,live_market,live_market_38,True,cloud_automated,Tuesday - Trading Hours: 11:00 AM - 3:00 PM NPT,8055,Balephi Hydropower Limited,BHL,58.0,29493.0,207.0,0.05,206.9,,196.6,211.0,196.6,6139836.3,2026-08-11 14:19:37.308281,30.0,208.18,,,,,,,,,,,,,,7,"price_volume, live_market, summary, top_gainers, top_losers, nepse_index, supply_demand",5517
2026-08-11T14:20:04.325163+05:45,2026-08-11 14:20:04,live_market,live_market_39,True,cloud_automated,Tuesday - Trading Hours: 11:00 AM - 3:00 PM NPT,2766,Chhyangdi Hydropower Ltd.,CHL,58.0,12074.0,266.0,-0.71,267.9,,260.0,270.0,260.0,3213992.4,2026-08-11 14:19:36.269657,66.0,266.19,,,,,,,,,,,,,,7,"price_volume, live_market, summary, top_gainers, top_losers, nepse_index, supply_demand",5517
2026-08-11T14:20:04.325163+05:45,2026-08-11 14:20:04,live_market,live_market_40,True,cloud_automated,Tuesday - Trading Hours: 11:00 AM - 3:00 PM NPT,4951,Jeevan Bikas Laghubitta  Bittya Sanstha Ltd,JBLB,58.0,1863.0,1255.3,0.02,1255.0,,1255.0,1260.0,1252.0,2339604.9,2026-08-11 14:19:34.837747,1.0,1255.83,,,,,,,,,,,,,,7,"price_volume, live_market, summary, top_gainers, top_losers, nepse_index, supply_demand",5517
2026-08-11T14:20:04.325163+05:45,2026-08-11 14:20:04,live_market,live_market_41,True,cloud_automated,Tuesday - Trading Hours: 11:00 AM - 3:00 PM NPT,9252,Crest Micro Life Insurance Limited,CREST,58.0,11907.0,1170.1,-0.81,1179.7,,1172.0,1230.0,1160.0,13996919.5,2026-08-11 14:19:34.202228,200.0,1175.52,,,,,,,,,,,,,,7,"price_volume, live_market, summary, top_gainers, top_losers, nepse_index, supply_demand",5517
2026-08-11T14:20:04.325163+05:45,2026-08-11 14:20:04,live_market,live_market_42,True,cloud_automated,Tuesday - Trading Hours: 11:00 AM - 3:00 PM NPT,9301,Shreenagar Agritech Industries Limited,SAIL,58.0,33748.0,1110.0,-0.89,1120.0,,1100.0,1132.0,1100.0,37696689.8,2026-08-11 14:19:33.622977,60.0,1117.01,,,,,,,,,,,,,,7,"price_volume, live_market, summary, top_gainers, top_losers, nepse_index, supply_demand",5517
2026-08-11T14:20:04.325163+05:45,2026-08-11 14:20:04,live_market,live_market_43,True,cloud_automated,Tuesday - Trading Hours: 11:00 AM - 3:00 PM NPT,9343,Taksar Pikhuwa Khola Hydropower Limited,TPKHL,58.0,27523.0,556.2,-0.68,560.0,,532.5,570.0,532.5,15427137.0,2026-08-11 14:19:32.278986,10.0,560.52,,,,,,,,,,,,,,7,"price_volume, live_market, summary, top_gainers, top_losers, nepse_index, supply_demand",5517
2026-08-11T14:20:04.325163+05:45,2026-08-11 14:20:04,live_market,live_market_44,True,cloud_automated,Tuesday - Trading Hours: 11:00 AM - 3:00 PM NPT,9296,Bungal Hydro Limited,BUNGAL,58.0,17541.0,593.9,1.7,584.0,,585.0,599.0,585.0,10381774.0,2026-08-11 14:19:31.79488,200.0,591.86,,,,,,,,,,,,,,7,"price_volume, live_market, summary, top_gainers, top_losers, nepse_index, supply_demand",5517
2026-08-11T14:20:04.325163+05:45,2026-08-11 14:20:04,live_market,live_market_45,True,cloud_automated,Tuesday - Trading Hours: 11:00 AM - 3:00 PM NPT,2915,Prabhu Mahalaxmi Life Insurance Limited,PMLI,58.0,4541.0,433.0,0.0,433.0,,433.0,441.0,431.0,1962833.3,2026-08-11 14:19:31.259852,13.0,432.25,,,,,,,,,,,,,,7,"price_volume, live_market, summary, top_gainers, top_losers, nepse_index, supply_demand",5517
2026-08-11T14:20:04.325163+05:45,2026-08-11 14:20:04,live_market,live_market_46,True,cloud_automated,Tuesday - Trading Hours: 11:00 AM - 3:00 PM NPT,2768,Mahuli Laghubitta Bittiya Sanstha Limited,MSLB,58.0,189.0,1245.5,-1.07,1259.0,,1229.0,1255.0,1229.0,234611.8,2026-08-11 14:19:30.913222,10.0,1241.33,,,,,,,,,,,,,,7,"price_volume, live_market, summary, top_gainers, top_losers, nepse_index, supply_demand",5517
2026-08-11T14:20:04.325163+05:45,2026-08-11 14:20:04,live_market,live_market_47,True,cloud_automated,Tuesday - Trading Hours: 11:00 AM - 3:00 PM NPT,9148,Super Mai Hydropower Limited,SMH,58.0,2074.0,510.0,0.59,507.0,,514.0,514.0,508.0,1057625.6,2026-08-11 14:19:28.993884,12.0,509.94,,,,,,,,,,,,,,7,"price_volume, live_market, summary, top_gainers, top_losers, nepse_index, supply_demand",5517
2026-08-11T14:20:04.325163+05:45,2026-08-11 14:20:04,live_market,live_market_48,True,cloud_automated,Tuesday - Trading Hours: 11:00 AM - 3:00 PM NPT,9334,Kalinchock Hydropower Limited,KHPL,58.0,6493.0,806.8,0.07,806.2,,806.2,820.1,800.0,5252481.5,2026-08-11 14:19:27.196695,10.0,808.95,,,,,,,,,,,,,,7,"price_volume, live_market, summary, top_gainers, top_losers, nepse_index, supply_demand",5517
2026-08-11T14:20:04.325163+05:45,2026-08-11 14:20:04,live_market,live_market_49,True,cloud_automated,Tuesday - Trading Hours: 11:00 AM - 3:00 PM NPT,2907,Shiva Shree Hydropower Ltd,SSHL,58.0,46395.0,201.9,0.7,200.5,,191.0,204.8,191.0,9412563.9,2026-08-11 14:19:27.052154,900.0,202.88,,,,,,,,,,,,,,7,"price_volume, live_market, summary, top_gainers, top_losers, nepse_index, supply_demand",5517
2026-08-11T14:20:04.325163+05:45,2026-08-11 14:20:04,live_market,live_market_50,True,cloud_automated,Tuesday - Trading Hours: 11:00 AM - 3:00 PM NPT,2880,Himal Dolakha Hydropower Company Limited,HDHPC,58.0,48085.0,208.0,0.48,207.0,,207.0,211.0,205.0,10019178.8,2026-08-11 14:19:26.739955,30.0,208.36,,,,,,,,,,,,,,7,"price_volume, live_market, summary, top_gainers, top_losers, nepse_index, supply_demand",5517
2026-08-11T14:20:04.325163+05:45,2026-08-11 14:20:04,live_market,live_market_51,True,cloud_automated,Tuesday - Trading Hours: 11:00 AM - 3:00 PM NPT,591,Sanima Mai Hydropower Ltd.,SHPC,58.0,26799.0,495.1,0.02,495.0,,495.0,500.0,495.0,13288876.2,2026-08-11 14:19:26.000625,75.0,495.87,,,,,,,,,,,,,,7,"price_volume, live_market, summary, top_gainers, top_losers, nepse_index, supply_demand",5517
2026-08-11T14:20:04.325163+05:45,2026-08-11 14:20:04,live_market,live_market_52,True,cloud_automated,Tuesday - Trading Hours: 11:00 AM - 3:00 PM NPT,142,Kumari Bank Limited,KBL,58.0,103927.0,215.0,0.0,215.0,,215.0,217.0,214.0,22407819.2,2026-08-11 14:19:25.805114,423.0,215.61,,,,,,,,,,,,,,7,"price_volume, live_market, summary, top_gainers, top_losers, nepse_index, supply_demand",5517
2026-08-11T14:20:04.325163+05:45,2026-08-11 14:20:04,live_market,live_market_53,True,cloud_automated,Tuesday - Trading Hours: 11:00 AM - 3:00 PM NPT,397,Agricultural Development Bank Limited,ADBL,58.0,48030.0,303.0,-0.66,305.0,,302.1,305.9,301.0,14547369.4,2026-08-11 14:19:24.669863,10.0,302.88,,,,,,,,,,,,,,7,"price_volume, live_market, summary, top_gainers, top_losers, nepse_index, supply_demand",5517
2026-08-11T14:20:04.325163+05:45,2026-08-11 14:20:04,live_market,live_market_54,True,cloud_automated,Tuesday - Trading Hours: 11:00 AM - 3:00 PM NPT,8097,10% Prime Debenture 2088,PBD88,58.0,60.0,1147.0,-4.42,1200.0,,1170.0,1170.0,1147.0,69575.0,2026-08-11 14:19:22.87257,25.0,1159.58,,,,,,,,,,,,,,7,"price_volume, live_market, summary, top_gainers, top_losers, nepse_index, supply_demand",5517
2026-08-11T14:20:04.325163+05:45,2026-08-11 14:20:04,live_market,live_market_55,True,cloud_automated,Tuesday - Trading Hours: 11:00 AM - 3:00 PM NPT,9184,IME Life Insurance Company Limited,ILI,58.0,4181.0,411.0,0.69,408.2,,408.0,413.0,406.1,1714441.6,2026-08-11 14:19:22.282135,12.0,410.06,,,,,,,,,,,,,,7,"price_volume, live_market, summary, top_gainers, top_losers, nepse_index, supply_demand",5517
2026-08-11T14:20:04.325163+05:45,2026-08-11 14:20:04,live_market,live_market_56,True,cloud_automated,Tuesday - Trading Hours: 11:00 AM - 3:00 PM NPT,2742,Hydorelectricity Investment and Development Company Ltd,HIDCL,58.0,19382.0,252.1,-0.36,253.0,,265.5,265.5,252.0,4907417.7,2026-08-11 14:19:20.610493,56.0,253.19,,,,,,,,,,,,,,7,"price_volume, live_market, summary, top_gainers, top_losers, nepse_index, supply_demand",5517
2026-08-11T14:20:04.325163+05:45,2026-08-11 14:20:04,live_market,live_market_57,True,cloud_automated,Tuesday - Trading Hours: 11:00 AM - 3:00 PM NPT,393,Himalayan Life Insurance Limited,HLI,58.0,11289.0,319.4,0.76,317.0,,316.1,320.0,316.1,3597652.9,2026-08-11 14:19:20.140568,1.0,318.69,,,,,,,,,,,,,,7,"price_volume, live_market, summary, top_gainers, top_losers, nepse_index, supply_demand",5517
2026-08-11T14:20:04.325163+05:45,2026-08-11 14:20:04,live_market,live_market_58,True,cloud_automated,Tuesday - Trading Hours: 11:00 AM - 3:00 PM NPT,2881,Nepal Reinsurance Company Limited,NRIC,58.0,7877.0,927.0,-0.22,929.0,,883.0,950.0,883.0,7344101.5,2026-08-11 14:19:18.697948,20.0,932.35,,,,,,,,,,,,,,7,"price_volume, live_market, summary, top_gainers, top_losers, nepse_index, supply_demand",5517
2026-08-11T14:20:04.325163+05:45,2026-08-11 14:20:04,live_market,live_market_59,True,cloud_automated,Tuesday - Trading Hours: 11:00 AM - 3:00 PM NPT,250,Janaki Finance Company Limited,JFL,58.0,1184.0,384.2,-0.98,388.0,,385.0,385.0,384.0,455515.0,2026-08-11 14:19:15.674995,50.0,384.73,,,,,,,,,,,,,,7,"price_volume, live_market, summary, top_gainers, top_losers, nepse_index, supply_demand",5517
2026-08-11T14:20:04.325163+05:45,2026-08-11 14:20:04,live_market,live_market_60,True,cloud_automated,Tuesday - Trading Hours: 11:00 AM - 3:00 PM NPT,172,Narayani Development Bank Limited,NABBC,58.0,7609.0,814.9,0.33,812.2,,806.2,818.7,804.2,6169986.9,2026-08-11 14:19:15.284515,25.0,810.88,,,,,,,,,,,,,,7,"price_volume, live_market, summary, top_gainers, top_losers, nepse_index, supply_demand",5517
2026-08-11T14:20:04.325163+05:45,2026-08-11 14:20:04,live_market,live_market_61,True,cloud_automated,Tuesday - Trading Hours: 11:00 AM - 3:00 PM NPT,9151,Kalinchowk Darshan Limited,KDL,58.0,264.0,770.0,-1.03,778.0,,777.0,798.0,770.0,204102.3,2026-08-11 14:19:13.123869,50.0,773.11,,,,,,,,,,,,,,7,"price_volume, live_market, summary, top_gainers, top_losers, nepse_index, supply_demand",5517
2026-08-11T14:20:04.325163+05:45,2026-08-11 14:20:04,live_market,live_market_62,True,cloud_automated,Tuesday - Trading Hours: 11:00 AM - 3:00 PM NPT,9342,Yambaling Hydropower Limited,YMHL,58.0,13060.0,618.8,-0.83,624.0,,620.0,634.8,617.5,8151284.7,2026-08-11 14:19:13.038062,10.0,624.14,,,,,,,,,,,,,,7,"price_volume, live_market, summary, top_gainers, top_losers, nepse_index, supply_demand",5517
2026-08-11T14:20:04.325163+05:45,2026-08-11 14:20:04,live_market,live_market_63,True,cloud_automated,Tuesday - Trading Hours: 11:00 AM - 3:00 PM NPT,9213,Hathway Investment Nepal Limited,HATHY,58.0,6512.0,684.0,0.59,680.0,,646.0,705.0,646.0,4463433.6,2026-08-11 14:19:12.109804,10.0,685.42,,,,,,,,,,,,,,7,"price_volume, live_market, summary, top_gainers, top_losers, nepse_index, supply_demand",5517
2026-08-11T14:20:04.325163+05:45,2026-08-11 14:20:04,live_market,live_market_64,True,cloud_automated,Tuesday - Trading Hours: 11:00 AM - 3:00 PM NPT,9209,Citizen Life Insurance Company Limited,CLI,58.0,6107.0,437.0,-0.68,440.0,,435.2,439.9,435.0,2665680.4,2026-08-11 14:19:11.781842,10.0,436.5,,,,,,,,,,,,,,7,"price_volume, live_market, summary, top_gainers, top_losers, nepse_index, supply_demand",5517
2026-08-11T14:20:04.325163+05:45,2026-08-11 14:20:04,live_market,live_market_65,True,cloud_automated,Tuesday - Trading Hours: 11:00 AM - 3:00 PM NPT,2919,Nepal Infrastructure Bank Limited,NIFRA,58.0,42435.0,243.0,-0.41,244.0,,243.3,247.0,242.1,10333361.0,2026-08-11 14:19:11.566373,54.0,243.51,,,,,,,,,,,,,,7,"price_volume, live_market, summary, top_gainers, top_losers, nepse_index, supply_demand",5517
2026-08-11T14:20:04.325163+05:45,2026-08-11 14:20:04,live_market,live_market_66,True,cloud_automated,Tuesday - Trading Hours: 11:00 AM - 3:00 PM NPT,2761,Samata Gharelu Laghubitta Bittiya Sanstha Limited,SMATA,58.0,467.0,724.2,-0.79,730.0,,730.0,730.0,721.0,339033.7,2026-08-11 14:19:11.145591,24.0,725.98,,,,,,,,,,,,,,7,"price_volume, live_market, summary, top_gainers, top_losers, nepse_index, supply_demand",5517
2026-08-11T14:20:04.325163+05:45,2026-08-11 14:20:04,live_market,live_market_67,True,cloud_automated,Tuesday - Trading Hours: 11:00 AM - 3:00 PM NPT,8104,Upper Solu Hydro Electric Company Limited,USHEC,58.0,3223.0,498.0,0.2,497.0,,486.4,502.0,486.3,1598031.0,2026-08-11 14:19:11.012154,270.0,495.82,,,,,,,,,,,,,,7,"price_volume, live_market, summary, top_gainers, top_losers, nepse_index, supply_demand",5517
2026-08-11T14:20:04.325163+05:45,2026-08-11 14:20:04,live_market,live_market_68,True,cloud_automated,Tuesday - Trading Hours: 11:00 AM - 3:00 PM NPT,9270,Him Star Urja Company Limited,HIMSTAR,58.0,3235.0,701.0,1.15,693.0,,682.1,711.0,682.0,2269166.0,2026-08-11 14:19:10.613589,10.0,701.44,,,,,,,,,,,,,,7,"price_volume, live_market, summary, top_gainers, top_losers, nepse_index, supply_demand",5517
2026-08-11T14:20:04.325163+05:45,2026-08-11 14:20:04,live_market,live_market_69,True,cloud_automated,Tuesday - Trading Hours: 11:00 AM - 3:00 PM NPT,9349,Sanima Equity Fund-2,SAEF2,58.0,8900.0,9.1,-1.73,9.26,,9.1,9.11,9.0,80514.0,2026-08-11 14:19:09.246649,100.0,9.05,,,,,,,,,,,,,,7,"price_volume, live_market, summary, top_gainers, top_losers, nepse_index, supply_demand",5517
2026-08-11T14:20:04.325163+05:45,2026-08-11 14:20:04,live_market,live_market_70,True,cloud_automated,Tuesday - Trading Hours: 11:00 AM - 3:00 PM NPT,418,Jyoti Bikas Bank Limited,JBBL,58.0,9607.0,337.2,-0.53,339.0,,330.0,341.7,330.0,3258080.8,2026-08-11 14:19:07.569151,74.0,339.14,,,,,,,,,,,,,,7,"price_volume, live_market, summary, top_gainers, top_losers, nepse_index, supply_demand",5517
2026-08-11T14:20:04.325163+05:45,2026-08-11 14:20:04,live_market,live_market_71,True,cloud_automated,Tuesday - Trading Hours: 11:00 AM - 3:00 PM NPT,9306,Reliance Spinning Mills Limited,RSML,58.0,23803.0,2645.1,0.44,2633.5,,2502.0,2690.0,2502.0,63344760.3,2026-08-11 14:19:07.028496,10.0,2661.21,,,,,,,,,,,,,,7,"price_volume, live_market, summary, top_gainers, top_losers, nepse_index, supply_demand",5517
2026-08-11T14:20:04.325163+05:45,2026-08-11 14:20:04,live_market,live_market_72,True,cloud_automated,Tuesday - Trading Hours: 11:00 AM - 3:00 PM NPT,9166,Makar Jitumaya Suri Hydropower Limited,MAKAR,58.0,24901.0,421.0,-0.94,425.0,,446.2,446.2,420.0,10492818.8,2026-08-11 14:19:04.921034,1000.0,421.38,,,,,,,,,,,,,,7,"price_volume, live_market, summary, top_gainers, top_losers, nepse_index, supply_demand",5517
2026-08-11T14:20:04.325163+05:45,2026-08-11 14:20:04,live_market,live_market_73,True,cloud_automated,Tuesday - Trading Hours: 11:00 AM - 3:00 PM NPT,697,Api Power Company Ltd.,API,58.0,191547.0,330.0,0.46,328.5,,330.0,335.0,325.1,62939550.1,2026-08-11 14:19:04.832155,206.0,328.59,,,,,,,,,,,,,,7,"price_volume, live_market, summary, top_gainers, top_losers, nepse_index, supply_demand",5517
2026-08-11T14:20:04.325163+05:45,2026-08-11 14:20:04,live_market,live_market_74,True,cloud_automated,Tuesday - Trading Hours: 11:00 AM - 3:00 PM NPT,2913,Mountain Energy Nepal Limited,MEN,58.0,82981.0,610.9,1.65,601.0,,609.0,610.9,603.8,50407889.4,2026-08-11 14:19:04.692539,240.0,607.46,,,,,,,,,,,,,,7,"price_volume, live_market, summary, top_gainers, top_losers, nepse_index, supply_demand",5517
2026-08-11T14:20:04.325163+05:45,2026-08-11 14:20:04,live_market,live_market_75,True,cloud_automated,Tuesday - Trading Hours: 11:00 AM - 3:00 PM NPT,9193,Ghorahi Cement Industry Limited,GCIL,58.0,10522.0,347.0,0.55,345.1,,344.0,350.0,344.0,3659653.2,2026-08-11 14:19:04.638967,10.0,347.81,,,,,,,,,,,,,,7,"price_volume, live_market, summary, top_gainers, top_losers, nepse_index, supply_demand",5517
2026-08-11T14:20:04.325163+05:45,2026-08-11 14:20:04,live_market,live_market_76,True,cloud_automated,Tuesday - Trading Hours: 11:00 AM - 3:00 PM NPT,9203,Manakamana Engineering Hydropower Limited,MEHL,58.0,5420.0,283.0,-1.74,288.0,,288.5,289.0,280.0,1537398.0,2026-08-11 14:19:04.065309,10.0,283.65,,,,,,,,,,,,,,7,"price_volume, live_market, summary, top_gainers, top_losers, nepse_index, supply_demand",5517
2026-08-11T14:20:04.325163+05:45,2026-08-11 14:20:04,live_market,live_market_77,True,cloud_automated,Tuesday - Trading Hours: 11:00 AM - 3:00 PM NPT,9287,Mabilung Energy Limited,MABEL,58.0,3986.0,593.0,-0.17,594.0,,596.0,609.9,592.0,2381441.4,2026-08-11 14:19:04.033084,10.0,597.45,,,,,,,,,,,,,,7,"price_volume, live_market, summary, top_gainers, top_losers, nepse_index, supply_demand",5517
2026-08-11T14:20:04.325163+05:45,2026-08-11 14:20:04,live_market,live_market_78,True,cloud_automated,Tuesday - Trading Hours: 11:00 AM - 3:00 PM NPT,8121,Sayapatri Hydropower Limited,SPHL,58.0,5810.0,511.1,-1.71,520.0,,506.0,524.0,506.0,3020643.9,2026-08-11 14:19:03.795771,10.0,519.9,,,,,,,,,,,,,,7,"price_volume, live_market, summary, top_gainers, top_losers, nepse_index, supply_demand",5517
2026-08-11T14:20:04.325163+05:45,2026-08-11 14:20:04,live_market,live_market_79,True,cloud_automated,Tuesday - Trading Hours: 11:00 AM - 3:00 PM NPT,8025,Samling Power Company Limited,SPC,58.0,1642.0,416.2,-0.43,418.0,,417.0,420.0,412.0,682264.4,2026-08-11 14:19:01.259954,27.0,415.51,,,,,,,,,,,,,,7,"price_volume, live_market, summary, top_gainers, top_losers, nepse_index, supply_demand",5517
2026-08-11T14:20:04.325163+05:45,2026-08-11 14:20:04,live_market,live_market_80,True,cloud_automated,Tuesday - Trading Hours: 11:00 AM - 3:00 PM NPT,9201,Sun Nepal Life Insurance Company Limited,SNLI,58.0,9051.0,413.0,0.24,412.0,,410.0,416.0,410.0,3727716.1,2026-08-11 14:18:59.806634,17.0,411.86,,,,,,,,,,,,,,7,"price_volume, live_market, summary, top_gainers, top_losers, nepse_index, supply_demand",5517
2026-08-11T14:20:04.325163+05:45,2026-08-11 14:20:04,live_market,live_market_81,True,cloud_automated,Tuesday - Trading Hours: 11:00 AM - 3:00 PM NPT,358,Lumbini Bikas Bank Ltd.,LBBL,58.0,14474.0,484.0,-0.21,485.0,,485.1,491.0,484.0,7028538.5,2026-08-11 14:18:53.756096,75.0,485.6,,,,,,,,,,,,,,7,"price_volume, live_market, summary, top_gainers, top_losers, nepse_index, supply_demand",5517
2026-08-11T14:20:04.325163+05:45,2026-08-11 14:20:04,live_market,live_market_82,True,cloud_automated,Tuesday - Trading Hours: 11:00 AM - 3:00 PM NPT,2792,Upper Tamakoshi Hydropower Ltd,UPPER,58.0,39618.0,191.8,0.0,191.8,,191.8,193.9,191.0,7608939.7,2026-08-11 14:18:52.360557,111.0,192.06,,,,,,,,,,,,,,7,"price_volume, live_market, summary, top_gainers, top_losers, nepse_index, supply_demand",5517
2026-08-11T14:20:04.325163+05:45,2026-08-11 14:20:04,live_market,live_market_83,True,cloud_automated,Tuesday - Trading Hours: 11:00 AM - 3:00 PM NPT,9234,Himalayan Reinsurance Limited,HRL,58.0,22260.0,579.0,0.17,578.0,,583.0,587.0,578.0,12920293.1,2026-08-11 14:18:49.110149,33.0,580.43,,,,,,,,,,,,,,7,"price_volume, live_market, summary, top_gainers, top_losers, nepse_index, supply_demand",5517
2026-08-11T14:20:04.325163+05:45,2026-08-11 14:20:04,live_market,live_market_84,True,cloud_automated,Tuesday - Trading Hours: 11:00 AM - 3:00 PM NPT,9216,Sonapur Minerals And Oil Limited,SONA,58.0,8822.0,403.6,-0.84,407.0,,403.0,407.0,402.0,3574456.4,2026-08-11 14:18:48.650664,10.0,405.18,,,,,,,,,,,,,,7,"price_volume, live_market, summary, top_gainers, top_losers, nepse_index, supply_demand",5517
2026-08-11T14:20:04.325163+05:45,2026-08-11 14:20:04,live_market,live_market_85,True,cloud_automated,Tuesday - Trading Hours: 11:00 AM - 3:00 PM NPT,2751,Khanikhola Hydropower Co. Ltd.,KKHC,58.0,365347.0,317.5,-1.34,321.8,,331.0,331.0,313.0,116232477.6,2026-08-11 14:18:48.061277,10.0,318.14,,,,,,,,,,,,,,7,"price_volume, live_market, summary, top_gainers, top_losers, nepse_index, supply_demand",5517
2026-08-11T14:20:04.325163+05:45,2026-08-11 14:20:04,live_market,live_market_86,True,cloud_automated,Tuesday - Trading Hours: 11:00 AM - 3:00 PM NPT,385,Asian Life Insurance Co. Limited,ALICL,58.0,7912.0,420.1,0.5,418.0,,418.0,423.0,418.0,3326794.5,2026-08-11 14:18:47.907869,100.0,420.47,,,,,,,,,,,,,,7,"price_volume, live_market, summary, top_gainers, top_losers, nepse_index, supply_demand",5517
2026-08-11T14:20:04.325163+05:45,2026-08-11 14:20:04,live_market,live_market_87,True,cloud_automated,Tuesday - Trading Hours: 11:00 AM - 3:00 PM NPT,9297,Bandipur Cablecar and Tourism Limited,BANDIPUR,58.0,18718.0,686.0,0.88,680.0,,675.0,699.0,675.0,12886695.5,2026-08-11 14:18:46.598528,10.0,688.47,,,,,,,,,,,,,,7,"price_volume, live_market, summary, top_gainers, top_losers, nepse_index, supply_demand",5517
2026-08-11T14:20:04.325163+05:45,2026-08-11 14:20:04,live_market,live_market_88,True,cloud_automated,Tuesday - Trading Hours: 11:00 AM - 3:00 PM NPT,9323,Super Khudi Hydropower Limited,SKHL,58.0,5769.0,876.0,-2.23,896.0,,890.0,894.5,870.1,5103951.1,2026-08-11 14:18:45.868729,180.0,884.72,,,,,,,,,,,,,,7,"price_volume, live_market, summary, top_gainers, top_losers, nepse_index, supply_demand",5517
2026-08-11T14:20:04.325163+05:45,2026-08-11 14:20:04,live_market,live_market_89,True,cloud_automated,Tuesday - Trading Hours: 11:00 AM - 3:00 PM NPT,9294,Sagar Distillery Limited,SAGAR,58.0,6452.0,1706.0,-1.39,1730.0,,1700.0,1735.0,1700.0,11052549.6,2026-08-11 14:18:44.916987,15.0,1713.04,,,,,,,,,,,,,,7,"price_volume, live_market, summary, top_gainers, top_losers, nepse_index, supply_demand",5517
2026-08-11T14:20:04.325163+05:45,2026-08-11 14:20:04,live_market,live_market_90,True,cloud_automated,Tuesday - Trading Hours: 11:00 AM - 3:00 PM NPT,9214,Bhagawati Hydropower Development Company Limited,BGWT,58.0,383.0,541.1,-1.26,548.0,,535.0,545.0,535.0,207845.0,2026-08-11 14:18:44.719662,10.0,542.68,,,,,,,,,,,,,,7,"price_volume, live_market, summary, top_gainers, top_losers, nepse_index, supply_demand",5517
2026-08-11T14:20:04.325163+05:45,2026-08-11 14:20:04,live_market,live_market_91,True,cloud_automated,Tuesday - Trading Hours: 11:00 AM - 3:00 PM NPT,2804,Samudayik Laghubitta Bittiya Sanstha Limited,SLBSL,58.0,3780.0,940.9,-3.0,970.0,,962.1,970.0,925.0,3558266.7,2026-08-11 14:18:44.672755,20.0,941.34,,,,,,,,,,,,,,7,"price_volume, live_market, summary, top_gainers, top_losers, nepse_index, supply_demand",5517
2026-08-11T14:20:04.325163+05:45,2026-08-11 14:20:04,live_market,live_market_92,True,cloud_automated,Tuesday - Trading Hours: 11:00 AM - 3:00 PM NPT,9262,Trade Tower Limited,TTL,58.0,6117.0,715.0,-2.19,731.0,,726.3,730.0,715.0,4424230.2,2026-08-11 14:18:44.513647,278.0,723.27,,,,,,,,,,,,,,7,"price_volume, live_market, summary, top_gainers, top_losers, nepse_index, supply_demand",5517
2026-08-11T14:20:04.325163+05:45,2026-08-11 14:20:04,live_market,live_market_93,True,cloud_automated,Tuesday - Trading Hours: 11:00 AM - 3:00 PM NPT,9322,Bhujung Hydropower Limited,BJHL,58.0,6701.0,676.1,0.91,670.0,,637.0,695.0,637.0,4581226.0,2026-08-11 14:18:41.999569,10.0,683.66,,,,,,,,,,,,,,7,"price_volume, live_market, summary, top_gainers, top_losers, nepse_index, supply_demand",5517
2026-08-11T14:20:04.325163+05:45,2026-08-11 14:20:04,live_market,live_market_94,True,cloud_automated,Tuesday - Trading Hours: 11:00 AM - 3:00 PM NPT,396,Nerude Mirmire Laghubitta Bittiya Sanstha Limited,NMLBBL,58.0,4144.0,516.1,-0.73,519.9,,520.0,526.0,515.2,2157201.0,2026-08-11 14:18:41.935816,15.0,520.56,,,,,,,,,,,,,,7,"price_volume, live_market, summary, top_gainers, top_losers, nepse_index, supply_demand",5517
2026-08-11T14:20:04.325163+05:45,2026-08-11 14:20:04,live_market,live_market_95,True,cloud_automated,Tuesday - Trading Hours: 11:00 AM - 3:00 PM NPT,9242,Sarbottam Cement Limited,SARBTM,58.0,8608.0,786.0,0.77,780.0,,783.0,798.3,783.0,6851170.6,2026-08-11 14:18:37.962889,22.0,795.91,,,,,,,,,,,,,,7,"price_volume, live_market, summary, top_gainers, top_losers, nepse_index, supply_demand",5517
2026-08-11T14:20:04.325163+05:45,2026-08-11 14:20:04,live_market,live_market_96,True,cloud_automated,Tuesday - Trading Hours: 11:00 AM - 3:00 PM NPT,705,Global IME Laghubitta Bittiya Sanstha Ltd.,GILB,58.0,345.0,1071.0,-1.56,1088.0,,1065.0,1080.0,1065.0,369560.0,2026-08-11 14:18:36.490313,189.0,1071.19,,,,,,,,,,,,,,7,"price_volume, live_market, summary, top_gainers, top_losers, nepse_index, supply_demand",5517
2026-08-11T14:20:04.325163+05:45,2026-08-11 14:20:04,live_market,live_market_97,True,cloud_automated,Tuesday - Trading Hours: 11:00 AM - 3:00 PM NPT,134,Himalayan Bank Limited,HBL,58.0,40161.0,194.0,-0.41,194.8,,190.0,197.0,190.0,7796706.2,2026-08-11 14:18:35.701394,10.0,194.14,,,,,,,,,,,,,,7,"price_volume, live_market, summary, top_gainers, top_losers, nepse_index, supply_demand",5517
2026-08-11T14:20:04.325163+05:45,2026-08-11 14:20:04,live_market,live_market_98,True,cloud_automated,Tuesday - Trading Hours: 11:00 AM - 3:00 PM NPT,8021,Sahas Urja Limited,SAHAS,58.0,34771.0,672.5,0.33,670.3,,671.0,674.0,671.0,23396261.4,2026-08-11 14:18:33.803035,500.0,672.87,,,,,,,,,,,,,,7,"price_volume, live_market, summary, top_gainers, top_losers, nepse_index, supply_demand",5517
2026-08-11T14:20:04.325163+05:45,2026-08-11 14:20:04,live_market,live_market_99,True,cloud_automated,Tuesday - Trading Hours: 11:00 AM - 3:00 PM NPT,2787,Kalika power Company Ltd,KPCL,58.0,3749.0,467.1,-0.41,469.0,,469.0,471.6,466.0,1755718.6,2026-08-11 14:18:30.662538,275.0,468.32,,,,,,,,,,,,,,7,"price_volume, live_market, summary, top_gainers, top_losers, nepse_index, supply_demand",5517
2026-08-11T14:20:04.325163+05:45,2026-08-11 14:20:04,live_market,live_market_100,True,cloud_automated,Tuesday - Trading Hours: 11:00 AM - 3:00 PM NPT,137,Everest Bank Limited,EBL,58.0,25323.0,719.8,0.67,715.0,,715.0,724.9,714.0,18167934.5,2026-08-11 14:18:29.704278,10.0,717.45,,,,,,,,,,,,,,7,"price_volume, live_market, summary, top_gainers, top_losers, nepse_index, supply_demand",5517
2026-08-11T14:20:04.325163+05:45,2026-08-11 14:20:04,live_market,live_market_101,True,cloud_automated,Tuesday - Trading Hours: 11:00 AM - 3:00 PM NPT,153,Butwal Power Company Limited,BPCL,58.0,6556.0,644.7,-0.78,649.8,,650.0,651.0,642.0,4232691.9,2026-08-11 14:18:29.147496,15.0,645.62,,,,,,,,,,,,,,7,"price_volume, live_market, summary, top_gainers, top_losers, nepse_index, supply_demand",5517
2026-08-11T14:20:04.325163+05:45,2026-08-11 14:20:04,live_market,live_market_102,True,cloud_automated,Tuesday - Trading Hours: 11:00 AM - 3:00 PM NPT,341,Global IME Bank Limited,GBIME,58.0,166822.0,250.5,-0.2,251.0,,238.5,255.0,238.5,41848175.5,2026-08-11 14:18:26.514549,18.0,250.86,,,,,,,,,,,,,,7,"price_volume, live_market, summary, top_gainers, top_losers, nepse_index, supply_demand",5517
2026-08-11T14:20:04.325163+05:45,2026-08-11 14:20:04,live_market,live_market_103,True,cloud_automated,Tuesday - Trading Hours: 11:00 AM - 3:00 PM NPT,180,United Ajod Insurance Limited,UAIL,58.0,4301.0,432.0,0.0,432.0,,432.0,438.0,431.3,1863971.5,2026-08-11 14:18:24.84935,10.0,433.38,,,,,,,,,,,,,,7,"price_volume, live_market, summary, top_gainers, top_losers, nepse_index, supply_demand",5517
2026-08-11T14:20:04.325163+05:45,2026-08-11 14:20:04,live_market,live_market_104,True,cloud_automated,Tuesday - Trading Hours: 11:00 AM - 3:00 PM NPT,9259,Reliable Samriddhi Yojana,RSY,58.0,2050.0,10.27,-1.25,10.4,,10.14,10.28,10.14,21019.0,2026-08-11 14:18:22.641323,100.0,10.25,,,,,,,,,,,,,,7,"price_volume, live_market, summary, top_gainers, top_losers, nepse_index, supply_demand",5517
2026-08-11T14:20:04.325163+05:45,2026-08-11 14:20:04,live_market,live_market_105,True,cloud_automated,Tuesday - Trading Hours: 11:00 AM - 3:00 PM NPT,9171,Bhugol Energy Development Company Limited,BEDC,58.0,11000.0,318.0,-0.34,319.1,,328.6,328.6,318.0,3511969.7,2026-08-11 14:18:21.900465,1000.0,319.27,,,,,,,,,,,,,,7,"price_volume, live_market, summary, top_gainers, top_losers, nepse_index, supply_demand",5517
2026-08-11T14:20:04.325163+05:45,2026-08-11 14:20:04,live_market,live_market_106,True,cloud_automated,Tuesday - Trading Hours: 11:00 AM - 3:00 PM NPT,178,National Life Insurance Co. Ltd.,NLICL,58.0,5127.0,567.0,0.0,567.0,,568.0,569.0,565.0,2905459.0,2026-08-11 14:18:19.014402,2000.0,566.7,,,,,,,,,,,,,,7,"price_volume, live_market, summary, top_gainers, top_losers, nepse_index, supply_demand",5517
2026-08-11T14:20:04.325163+05:45,2026-08-11 14:20:04,live_market,live_market_107,True,cloud_automated,Tuesday - Trading Hours: 11:00 AM - 3:00 PM NPT,517,Nepal Bank Limited,NBL,58.0,34222.0,265.9,-0.04,266.0,,266.0,267.5,264.7,9077066.8,2026-08-11 14:18:18.839547,100.0,265.24,,,,,,,,,,,,,,7,"price_volume, live_market, summary, top_gainers, top_losers, nepse_index, supply_demand",5517
2026-08-11T14:20:04.325163+05:45,2026-08-11 14:20:04,live_market,live_market_108,True,cloud_automated,Tuesday - Trading Hours: 11:00 AM - 3:00 PM NPT,357,Prime Commercial Bank Ltd.,PCBL,58.0,18629.0,240.0,0.42,239.0,,239.1,241.0,238.2,4461631.3,2026-08-11 14:18:17.697575,135.0,239.5,,,,,,,,,,,,,,7,"price_volume, live_market, summary, top_gainers, top_losers, nepse_index, supply_demand",5517
2026-08-11T14:20:04.325163+05:45,2026-08-11 14:20:04,live_market,live_market_109,True,cloud_automated,Tuesday - Trading Hours: 11:00 AM - 3:00 PM NPT,9170,Dolti Power Company Limited,DOLTI,58.0,7728.0,318.0,-0.63,320.0,,320.0,320.9,317.0,2463533.5,2026-08-11 14:18:17.44436,30.0,318.78,,,,,,,,,,,,,,7,"price_volume, live_market, summary, top_gainers, top_losers, nepse_index, supply_demand",5517
2026-08-11T14:20:04.325163+05:45,2026-08-11 14:20:04,live_market,live_market_110,True,cloud_automated,Tuesday - Trading Hours: 11:00 AM - 3:00 PM NPT,2934,Singati Hydro Energy Limited,SHEL,58.0,30425.0,306.0,0.59,304.2,,309.0,309.0,303.0,9272749.4,2026-08-11 14:18:14.719992,46.0,304.77,,,,,,,,,,,,,,7,"price_volume, live_market, summary, top_gainers, top_losers, nepse_index, supply_demand",5517
2026-08-11T14:20:04.325163+05:45,2026-08-11 14:20:04,live_market,live_market_111,True,cloud_automated,Tuesday - Trading Hours: 11:00 AM - 3:00 PM NPT,187,Nepal Life Insurance Co. Ltd.,NLIC,58.0,19666.0,738.0,0.0,738.0,,738.0,750.0,736.1,14540906.6,2026-08-11 14:18:14.458698,12.0,739.39,,,,,,,,,,,,,,7,"price_volume, live_market, summary, top_gainers, top_losers, nepse_index, supply_demand",5517
2026-08-11T14:20:04.325163+05:45,2026-08-11 14:20:04,live_market,live_market_112,True,cloud_automated,Tuesday - Trading Hours: 11:00 AM - 3:00 PM NPT,2760,United Modi Hydropower Ltd.,UMHL,58.0,36917.0,576.9,-0.45,579.5,,570.0,579.5,570.0,21176232.2,2026-08-11 14:18:12.729844,10.0,573.62,,,,,,,,,,,,,,7,"price_volume, live_market, summary, top_gainers, top_losers, nepse_index, supply_demand",5517
2026-08-11T14:20:04.325163+05:45,2026-08-11 14:20:04,live_market,live_market_113,True,cloud_automated,Tuesday - Trading Hours: 11:00 AM - 3:00 PM NPT,204,Gurkhas Finance Ltd.,GUFL,58.0,23502.0,572.1,2.09,560.4,,573.0,575.0,561.0,13424030.7,2026-08-11 14:18:06.977421,70.0,571.19,,,,,,,,,,,,,,7,"price_volume, live_market, summary, top_gainers, top_losers, nepse_index, supply_demand",5517
2026-08-11T14:20:04.325163+05:45,2026-08-11 14:20:04,live_market,live_market_114,True,cloud_automated,Tuesday - Trading Hours: 11:00 AM - 3:00 PM NPT,9263,Sanvi Energy Limited,SANVI,58.0,5495.0,585.0,-0.34,587.0,,580.0,597.4,580.0,3225300.6,2026-08-11 14:18:06.249819,20.0,586.95,,,,,,,,,,,,,,7,"price_volume, live_market, summary, top_gainers, top_losers, nepse_index, supply_demand",5517
2026-08-11T14:20:04.325163+05:45,2026-08-11 14:20:04,live_market,live_market_115,True,cloud_automated,Tuesday - Trading Hours: 11:00 AM - 3:00 PM NPT,274,Excel Development Bank Ltd.,EDBL,58.0,3153.0,587.9,1.36,580.0,,580.0,587.9,580.0,1850585.0,2026-08-11 14:18:04.286456,1.0,586.93,,,,,,,,,,,,,,7,"price_volume, live_market, summary, top_gainers, top_losers, nepse_index, supply_demand",5517
2026-08-11T14:20:04.325163+05:45,2026-08-11 14:20:04,live_market,live_market_116,True,cloud_automated,Tuesday - Trading Hours: 11:00 AM - 3:00 PM NPT,307,Nepal Doorsanchar Company Limited,NTC,58.0,2051.0,863.0,0.35,860.0,,869.9,869.9,860.0,1769975.8,2026-08-11 14:18:03.709842,15.0,862.98,,,,,,,,,,,,,,7,"price_volume, live_market, summary, top_gainers, top_losers, nepse_index, supply_demand",5517
2026-08-11T14:20:04.325163+05:45,2026-08-11 14:20:04,live_market,live_market_117,True,cloud_automated,Tuesday - Trading Hours: 11:00 AM - 3:00 PM NPT,8133,Peoples Hydropower Company Limited,PHCL,58.0,21010.0,295.1,0.48,293.7,,292.0,300.0,292.0,6266599.5,2026-08-11 14:18:00.761365,10.0,298.27,,,,,,,,,,,,,,7,"price_volume, live_market, summary, top_gainers, top_losers, nepse_index, supply_demand",5517
2026-08-11T14:20:04.325163+05:45,2026-08-11 14:20:04,live_market,live_market_118,True,cloud_automated,Tuesday - Trading Hours: 11:00 AM - 3:00 PM NPT,5982,Sanima Reliance Life Insurance Limited,SRLI,58.0,12014.0,369.1,0.14,368.6,,368.0,373.6,368.0,4458401.9,2026-08-11 14:18:00.230492,11.0,371.1,,,,,,,,,,,,,,7,"price_volume, live_market, summary, top_gainers, top_losers, nepse_index, supply_demand",5517
2026-08-11T14:20:04.325163+05:45,2026-08-11 14:20:04,live_market,live_market_119,True,cloud_automated,Tuesday - Trading Hours: 11:00 AM - 3:00 PM NPT,9351,Reliable Samriddhi Yojana -2,RSY2,58.0,17820.0,9.0,-0.33,9.03,,8.58,9.41,8.58,160692.0,2026-08-11 14:17:54.772415,100.0,9.02,,,,,,,,,,,,,,7,"price_volume, live_market, summary, top_gainers, top_losers, nepse_index, supply_demand",5517
2026-08-11T14:20:04.325163+05:45,2026-08-11 14:20:04,live_market,live_market_120,True,cloud_automated,Tuesday - Trading Hours: 11:00 AM - 3:00 PM NPT,9305,Salapa Bikas Bank Limited,SABBL,58.0,7357.0,972.2,-0.89,980.9,,970.0,1010.3,970.0,7226789.1,2026-08-11 14:17:50.457741,10.0,982.3,,,,,,,,,,,,,,7,"price_volume, live_market, summary, top_gainers, top_losers, nepse_index, supply_demand",5517
2026-08-11T14:20:04.325163+05:45,2026-08-11 14:20:04,live_market,live_market_121,True,cloud_automated,Tuesday - Trading Hours: 11:00 AM - 3:00 PM NPT,2806,Ghalemdi Hydro Limited,GHL,58.0,58622.0,230.1,0.13,229.8,,233.9,233.9,229.3,13556093.9,2026-08-11 14:17:49.964728,900.0,231.25,,,,,,,,,,,,,,7,"price_volume, live_market, summary, top_gainers, top_losers, nepse_index, supply_demand",5517
2026-08-11T14:20:04.325163+05:45,2026-08-11 14:20:04,live_market,live_market_122,True,cloud_automated,Tuesday - Trading Hours: 11:00 AM - 3:00 PM NPT,473,Shine Resunga Development Bank Ltd.,SHINE,58.0,10415.0,408.5,0.37,407.0,,418.1,418.1,406.0,4249096.4,2026-08-11 14:17:47.795802,13.0,407.98,,,,,,,,,,,,,,7,"price_volume, live_market, summary, top_gainers, top_losers, nepse_index, supply_demand",5517
2026-08-11T14:20:04.325163+05:45,2026-08-11 14:20:04,live_market,live_market_123,True,cloud_automated,Tuesday - Trading Hours: 11:00 AM - 3:00 PM NPT,8108,Rapti Hydro And General Construction Limited,RHGCL,58.0,10832.0,258.0,0.39,257.0,,257.8,258.8,254.1,2790106.7,2026-08-11 14:17:45.888666,10.0,257.58,,,,,,,,,,,,,,7,"price_volume, live_market, summary, top_gainers, top_losers, nepse_index, supply_demand",5517
2026-08-11T14:20:04.325163+05:45,2026-08-11 14:20:04,live_market,live_market_124,True,cloud_automated,Tuesday - Trading Hours: 11:00 AM - 3:00 PM NPT,9181,Rawa Energy Development Limited,RAWA,58.0,8449.0,420.4,0.62,417.8,,429.0,429.0,418.0,3560514.8,2026-08-11 14:17:43.877549,69.0,421.41,,,,,,,,,,,,,,7,"price_volume, live_market, summary, top_gainers, top_losers, nepse_index, supply_demand",5517
2026-08-11T14:20:04.325163+05:45,2026-08-11 14:20:04,live_market,live_market_125,True,cloud_automated,Tuesday - Trading Hours: 11:00 AM - 3:00 PM NPT,545,Swarojgar Laghubitta Bittiya Sanstha Ltd.,SLBBL,58.0,4377.0,795.0,-0.5,799.0,,790.1,800.0,790.1,3477304.8,2026-08-11 14:17:43.248237,15.0,794.45,,,,,,,,,,,,,,7,"price_volume, live_market, summary, top_gainers, top_losers, nepse_index, supply_demand",5517
2026-08-11T14:20:04.325163+05:45,2026-08-11 14:20:04,live_market,live_market_126,True,cloud_automated,Tuesday - Trading Hours: 11:00 AM - 3:00 PM NPT,8075,Bindhyabasini Hydropower Development Company Limited,BHDC,58.0,3332.0,426.6,0.14,426.0,,426.0,429.0,426.0,1424024.6,2026-08-11 14:17:30.861841,181.0,427.38,,,,,,,,,,,,,,7,"price_volume, live_market, summary, top_gainers, top_losers, nepse_index, supply_demand",5517
2026-08-11T14:20:04.325163+05:45,2026-08-11 14:20:04,live_market,live_market_127,True,cloud_automated,Tuesday - Trading Hours: 11:00 AM - 3:00 PM NPT,403,SuryaJyoti Life Insurance Company Limited,SJLIC,58.0,15659.0,407.2,-0.68,410.0,,422.0,422.0,406.3,6412309.8,2026-08-11 14:17:30.157056,10.0,409.5,,,,,,,,,,,,,,7,"price_volume, live_market, summary, top_gainers, top_losers, nepse_index, supply_demand",5517
2026-08-11T14:20:04.325163+05:45,2026-08-11 14:20:04,live_market,live_market_128,True,cloud_automated,Tuesday - Trading Hours: 11:00 AM - 3:00 PM NPT,145,Siddhartha Bank Limited,SBL,58.0,65837.0,410.0,1.21,405.1,,405.0,410.0,401.3,26782508.1,2026-08-11 14:17:28.304261,100.0,406.8,,,,,,,,,,,,,,7,"price_volume, live_market, summary, top_gainers, top_losers, nepse_index, supply_demand",5517
2026-08-11T14:20:04.325163+05:45,2026-08-11 14:20:04,live_market,live_market_129,True,cloud_automated,Tuesday - Trading Hours: 11:00 AM - 3:00 PM NPT,2914,United IDI Mardi RB Hydropower Limited.,UMRH,58.0,3111.0,528.0,-0.38,530.0,,520.2,533.9,520.2,1652611.9,2026-08-11 14:17:27.907122,11.0,531.22,,,,,,,,,,,,,,7,"price_volume, live_market, summary, top_gainers, top_losers, nepse_index, supply_demand",5517
2026-08-11T14:20:04.325163+05:45,2026-08-11 14:20:04,live_market,live_market_130,True,cloud_automated,Tuesday - Trading Hours: 11:00 AM - 3:00 PM NPT,245,Central Finance Co. Ltd.,CFCL,58.0,39600.0,650.1,-0.97,656.5,,648.1,659.7,648.1,25871638.4,2026-08-11 14:17:23.549646,100.0,653.32,,,,,,,,,,,,,,7,"price_volume, live_market, summary, top_gainers, top_losers, nepse_index, supply_demand",5517
2026-08-11T14:20:04.325163+05:45,2026-08-11 14:20:04,live_market,live_market_131,True,cloud_automated,Tuesday - Trading Hours: 11:00 AM - 3:00 PM NPT,2789,Joshi Hydropower Development Company Ltd,JOSHI,58.0,24337.0,282.0,1.48,277.9,,278.0,285.0,276.0,6876450.7,2026-08-11 14:17:22.883651,20.0,282.55,,,,,,,,,,,,,,7,"price_volume, live_market, summary, top_gainers, top_losers, nepse_index, supply_demand",5517
2026-08-11T14:20:04.325163+05:45,2026-08-11 14:20:04,live_market,live_market_132,True,cloud_automated,Tuesday - Trading Hours: 11:00 AM - 3:00 PM NPT,9196,Kutheli Bukhari Small Hydropower Limited,KBSH,58.0,8468.0,975.0,0.93,966.0,,960.1,980.0,960.0,8222174.1,2026-08-11 14:17:21.360291,20.0,970.97,,,,,,,,,,,,,,7,"price_volume, live_market, summary, top_gainers, top_losers, nepse_index, supply_demand",5517
2026-08-11T14:20:04.325163+05:45,2026-08-11 14:20:04,live_market,live_market_133,True,cloud_automated,Tuesday - Trading Hours: 11:00 AM - 3:00 PM NPT,9267,Bikash Hydropower Company Limited,BHCL,58.0,8734.0,492.9,0.59,490.0,,490.0,498.0,488.0,4303746.6,2026-08-11 14:17:20.423231,1000.0,492.76,,,,,,,,,,,,,,7,"price_volume, live_market, summary, top_gainers, top_losers, nepse_index, supply_demand",5517
2026-08-11T14:20:04.325163+05:45,2026-08-11 14:20:04,live_market,live_market_134,True,cloud_automated,Tuesday - Trading Hours: 11:00 AM - 3:00 PM NPT,133,Standard Chartered Bank Limited,SCB,58.0,11778.0,650.0,1.06,643.2,,653.0,653.0,642.0,7632748.2,2026-08-11 14:17:17.764262,2.0,648.05,,,,,,,,,,,,,,7,"price_volume, live_market, summary, top_gainers, top_losers, nepse_index, supply_demand",5517
2026-08-11T14:20:04.325163+05:45,2026-08-11 14:20:04,live_market,live_market_135,True,cloud_automated,Tuesday - Trading Hours: 11:00 AM - 3:00 PM NPT,2908,Sanima GIC Insurance Limited,SGIC,58.0,4232.0,451.3,0.2,450.4,,430.0,455.0,430.0,1913875.1,2026-08-11 14:17:17.057416,10.0,452.24,,,,,,,,,,,,,,7,"price_volume, live_market, summary, top_gainers, top_losers, nepse_index, supply_demand",5517
2026-08-11T14:20:04.325163+05:45,2026-08-11 14:20:04,live_market,live_market_136,True,cloud_automated,Tuesday - Trading Hours: 11:00 AM - 3:00 PM NPT,152,National Hydro Power Company Limited,NHPC,58.0,140132.0,272.3,0.04,272.2,,273.0,278.9,272.0,38490543.3,2026-08-11 14:17:16.840574,20.0,274.67,,,,,,,,,,,,,,7,"price_volume, live_market, summary, top_gainers, top_losers, nepse_index, supply_demand",5517
2026-08-11T14:20:04.325163+05:45,2026-08-11 14:20:04,live_market,live_market_137,True,cloud_automated,Tuesday - Trading Hours: 11:00 AM - 3:00 PM NPT,9149,Maya Khola Hydropower Company Limited,MKHC,58.0,35965.0,270.0,-0.37,271.0,,272.1,279.1,269.7,9782549.0,2026-08-11 14:17:15.28314,1500.0,272.0,,,,,,,,,,,,,,7,"price_volume, live_market, summary, top_gainers, top_losers, nepse_index, supply_demand",5517
2026-08-11T14:20:04.325163+05:45,2026-08-11 14:20:04,live_market,live_market_138,True,cloud_automated,Tuesday - Trading Hours: 11:00 AM - 3:00 PM NPT,171,Sanima Bank Limited,SANIMA,58.0,36430.0,371.0,0.32,369.8,,370.1,372.0,368.0,13465222.4,2026-08-11 14:17:11.697356,20.0,369.62,,,,,,,,,,,,,,7,"price_volume, live_market, summary, top_gainers, top_losers, nepse_index, supply_demand",5517
2026-08-11T14:20:04.325163+05:45,2026-08-11 14:20:04,live_market,live_market_139,True,cloud_automated,Tuesday - Trading Hours: 11:00 AM - 3:00 PM NPT,8066,River Falls Power Limited,RFPL,58.0,21081.0,340.0,2.26,332.5,,332.5,342.4,332.5,7134005.4,2026-08-11 14:17:11.351468,10.0,338.41,,,,,,,,,,,,,,7,"price_volume, live_market, summary, top_gainers, top_losers, nepse_index, supply_demand",5517
2026-08-11T14:20:04.325163+05:45,2026-08-11 14:20:04,live_market,live_market_140,True,cloud_automated,Tuesday - Trading Hours: 11:00 AM - 3:00 PM NPT,2776,Radhi Bidyut Company Ltd,RADHI,58.0,30510.0,716.5,1.63,705.0,,670.0,725.0,670.0,21800863.1,2026-08-11 14:17:11.074501,250.0,714.55,,,,,,,,,,,,,,7,"price_volume, live_market, summary, top_gainers, top_losers, nepse_index, supply_demand",5517
2026-08-11T14:20:04.325163+05:45,2026-08-11 14:20:04,live_market,live_market_141,True,cloud_automated,Tuesday - Trading Hours: 11:00 AM - 3:00 PM NPT,8005,Mailung Khola Jal Vidhyut Company Limited,MKJC,58.0,7371.0,445.8,-2.02,455.0,,455.0,455.0,445.8,3318941.5,2026-08-11 14:17:08.719614,31.0,450.27,,,,,,,,,,,,,,7,"price_volume, live_market, summary, top_gainers, top_losers, nepse_index, supply_demand",5517
2026-08-11T14:20:04.325163+05:45,2026-08-11 14:20:04,live_market,live_market_142,True,cloud_automated,Tuesday - Trading Hours: 11:00 AM - 3:00 PM NPT,238,NMB Bank Limited,NMB,58.0,11285.0,242.3,-0.29,243.0,,243.0,243.4,242.0,2739441.0,2026-08-11 14:17:08.645427,30.0,242.75,,,,,,,,,,,,,,7,"price_volume, live_market, summary, top_gainers, top_losers, nepse_index, supply_demand",5517
2026-08-11T14:20:04.325163+05:45,2026-08-11 14:20:04,live_market,live_market_143,True,cloud_automated,Tuesday - Trading Hours: 11:00 AM - 3:00 PM NPT,235,Himalayan Distillery Limited,HDL,58.0,11646.0,1164.8,-0.03,1165.1,,1164.0,1174.0,1161.0,13571600.9,2026-08-11 14:17:05.389953,10.0,1165.34,,,,,,,,,,,,,,7,"price_volume, live_market, summary, top_gainers, top_losers, nepse_index, supply_demand",5517
2026-08-11T14:20:04.325163+05:45,2026-08-11 14:20:04,live_market,live_market_144,True,cloud_automated,Tuesday - Trading Hours: 11:00 AM - 3:00 PM NPT,2784,Nadep Laghubittiya bittya Sanstha Ltd.,NADEP,58.0,398.0,717.0,0.82,711.2,,731.0,731.0,717.0,288575.5,2026-08-11 14:17:03.291927,30.0,725.06,,,,,,,,,,,,,,7,"price_volume, live_market, summary, top_gainers, top_losers, nepse_index, supply_demand",5517
2026-08-11T14:20:04.325163+05:45,2026-08-11 14:20:04,live_market,live_market_145,True,cloud_automated,Tuesday - Trading Hours: 11:00 AM - 3:00 PM NPT,9246,Guardian Micro Life Insurance Limited ,GMLI,58.0,2444.0,1099.0,-0.09,1100.0,,1086.0,1161.6,1011.0,2679936.0,2026-08-11 14:17:01.184046,10.0,1096.54,,,,,,,,,,,,,,7,"price_volume, live_market, summary, top_gainers, top_losers, nepse_index, supply_demand",5517
2026-08-11T14:20:04.325163+05:45,2026-08-11 14:20:04,live_market,live_market_146,True,cloud_automated,Tuesday - Trading Hours: 11:00 AM - 3:00 PM NPT,9325,Suryakunda Hydro Electric Limited,SKHEL,58.0,1735.0,970.1,-1.01,980.0,,960.0,991.0,960.0,1695091.0,2026-08-11 14:16:55.185773,10.0,977.0,,,,,,,,,,,,,,7,"price_volume, live_market, summary, top_gainers, top_losers, nepse_index, supply_demand",5517
2026-08-11T14:20:04.325163+05:45,2026-08-11 14:20:04,live_market,live_market_147,True,cloud_automated,Tuesday - Trading Hours: 11:00 AM - 3:00 PM NPT,2826,Gurans Laghubitta Bittiya Sanstha Limited,GLBSL,58.0,225.0,1774.0,-0.62,1785.0,,1755.0,1774.0,1755.0,396332.8,2026-08-11 14:16:55.155959,20.0,1761.48,,,,,,,,,,,,,,7,"price_volume, live_market, summary, top_gainers, top_losers, nepse_index, supply_demand",5517
2026-08-11T14:20:04.325163+05:45,2026-08-11 14:20:04,live_market,live_market_148,True,cloud_automated,Tuesday - Trading Hours: 11:00 AM - 3:00 PM NPT,9350,LS Horizon 12,LSH12,58.0,5600.0,9.1,0.55,9.05,,9.0,9.27,8.91,50713.0,2026-08-11 14:16:54.998886,100.0,9.06,,,,,,,,,,,,,,7,"price_volume, live_market, summary, top_gainers, top_losers, nepse_index, supply_demand",5517
2026-08-11T14:20:04.325163+05:45,2026-08-11 14:20:04,live_market,live_market_149,True,cloud_automated,Tuesday - Trading Hours: 11:00 AM - 3:00 PM NPT,2896,Sampada Laghubitta Bittiya Sanstha Limited,SMPDA,58.0,675.0,755.0,0.67,750.0,,750.0,760.0,740.0,501798.1,2026-08-11 14:16:52.712438,20.0,743.4,,,,,,,,,,,,,,7,"price_volume, live_market, summary, top_gainers, top_losers, nepse_index, supply_demand",5517
2026-08-11T14:20:04.325163+05:45,2026-08-11 14:20:04,live_market,live_market_150,True,cloud_automated,Tuesday - Trading Hours: 11:00 AM - 3:00 PM NPT,9208,Upper Lohore Khola Hydropower Company Limited,ULHC,58.0,39833.0,364.9,-3.9,379.7,,365.0,432.0,364.0,14648115.0,2026-08-11 14:16:45.84325,10.0,367.74,,,,,,,,,,,,,,7,"price_volume, live_market, summary, top_gainers, top_losers, nepse_index, supply_demand",5517
2026-08-11T14:20:04.325163+05:45,2026-08-11 14:20:04,live_market,live_market_151,True,cloud_automated,Tuesday - Trading Hours: 11:00 AM - 3:00 PM NPT,9176,Ingwa Hydropower Limited,IHL,58.0,1775.0,340.5,-1.3,345.0,,344.0,344.0,340.1,606664.5,2026-08-11 14:16:43.169877,30.0,341.78,,,,,,,,,,,,,,7,"price_volume, live_market, summary, top_gainers, top_losers, nepse_index, supply_demand",5517
2026-08-11T14:20:04.325163+05:45,2026-08-11 14:20:04,live_market,live_market_152,True,cloud_automated,Tuesday - Trading Hours: 11:00 AM - 3:00 PM NPT,9233,Nepal Warehousing Company Limited ,NWCL,58.0,1838.0,688.0,-0.81,693.6,,700.0,714.0,684.0,1272237.0,2026-08-11 14:16:40.28063,37.0,692.19,,,,,,,,,,,,,,7,"price_volume, live_market, summary, top_gainers, top_losers, nepse_index, supply_demand",5517
2026-08-11T14:20:04.325163+05:45,2026-08-11 14:20:04,live_market,live_market_153,True,cloud_automated,Tuesday - Trading Hours: 11:00 AM - 3:00 PM NPT,4949,NIBL Samriddhi Fund -2,NIBSF2,58.0,4100.0,8.87,0.0,8.87,,8.79,8.87,8.79,36327.0,2026-08-11 14:16:34.154844,100.0,8.86,,,,,,,,,,,,,,7,"price_volume, live_market, summary, top_gainers, top_losers, nepse_index, supply_demand",5517
2026-08-11T14:20:04.325163+05:45,2026-08-11 14:20:04,live_market,live_market_154,True,cloud_automated,Tuesday - Trading Hours: 11:00 AM - 3:00 PM NPT,371,Miteri Development Bank Limited,MDB,58.0,503.0,576.0,-0.35,578.0,,570.0,580.0,570.0,290604.0,2026-08-11 14:16:30.03836,20.0,577.74,,,,,,,,,,,,,,7,"price_volume, live_market, summary, top_gainers, top_losers, nepse_index, supply_demand",5517
2026-08-11T14:20:04.325163+05:45,2026-08-11 14:20:04,live_market,live_market_155,True,cloud_automated,Tuesday - Trading Hours: 11:00 AM - 3:00 PM NPT,210,Citizen Investment Trust,CIT,58.0,3934.0,1704.0,0.24,1700.0,,1700.0,1710.0,1700.0,6707868.5,2026-08-11 14:16:19.926753,10.0,1705.1,,,,,,,,,,,,,,7,"price_volume, live_market, summary, top_gainers, top_losers, nepse_index, supply_demand",5517
2026-08-11T14:20:04.325163+05:45,2026-08-11 14:20:04,live_market,live_market_156,True,cloud_automated,Tuesday - Trading Hours: 11:00 AM - 3:00 PM NPT,2807,Asha Laghubitta Bittiya Sanstha Ltd,ALBSL,58.0,30243.0,1113.0,2.11,1090.0,,1055.0,1119.0,1055.0,33097853.8,2026-08-11 14:16:18.860397,10.0,1094.4,,,,,,,,,,,,,,7,"price_volume, live_market, summary, top_gainers, top_losers, nepse_index, supply_demand",5517
2026-08-11T14:20:04.325163+05:45,2026-08-11 14:20:04,live_market,live_market_157,True,cloud_automated,Tuesday - Trading Hours: 11:00 AM - 3:00 PM NPT,8074,Kumari Dhanabriddhi Yojana,KDBY,58.0,388866.0,10.88,-1.09,11.0,,10.96,11.1,10.88,4261876.22,2026-08-11 14:16:18.296295,4273.0,10.96,,,,,,,,,,,,,,7,"price_volume, live_market, summary, top_gainers, top_losers, nepse_index, supply_demand",5517
2026-08-11T14:20:04.325163+05:45,2026-08-11 14:20:04,live_market,live_market_158,True,cloud_automated,Tuesday - Trading Hours: 11:00 AM - 3:00 PM NPT,417,Garima Bikas Bank Limited,GBBL,58.0,16170.0,418.6,0.0,418.6,,418.0,421.5,418.0,6776416.5,2026-08-11 14:16:18.058516,100.0,419.07,,,,,,,,,,,,,,7,"price_volume, live_market, summary, top_gainers, top_losers, nepse_index, supply_demand",5517
2026-08-11T14:20:04.325163+05:45,2026-08-11 14:20:04,live_market,live_market_159,True,cloud_automated,Tuesday - Trading Hours: 11:00 AM - 3:00 PM NPT,2813,Panchthar Power Compant Limited,PPCL,58.0,4080.0,335.0,0.0,335.0,,335.0,338.9,330.1,1363646.5,2026-08-11 14:16:07.285257,500.0,334.23,,,,,,,,,,,,,,7,"price_volume, live_market, summary, top_gainers, top_losers, nepse_index, supply_demand",5517
2026-08-11T14:20:04.325163+05:45,2026-08-11 14:20:04,live_market,live_market_160,True,cloud_automated,Tuesday - Trading Hours: 11:00 AM - 3:00 PM NPT,2788,Ankhu Khola Jalvidhyut Company Ltd,AKJCL,58.0,178681.0,365.7,-0.33,366.9,,350.0,371.9,350.0,65825116.2,2026-08-11 14:16:03.838031,90.0,368.39,,,,,,,,,,,,,,7,"price_volume, live_market, summary, top_gainers, top_losers, nepse_index, supply_demand",5517
2026-08-11T14:20:04.325163+05:45,2026-08-11 14:20:04,live_market,live_market_161,True,cloud_automated,Tuesday - Trading Hours: 11:00 AM - 3:00 PM NPT,474,Muktinath Bikas Bank Ltd.,MNBBL,58.0,12706.0,367.0,0.05,366.8,,365.0,368.0,365.0,4663279.0,2026-08-11 14:15:58.929048,82.0,367.01,,,,,,,,,,,,,,7,"price_volume, live_market, summary, top_gainers, top_losers, nepse_index, supply_demand",5517
2026-08-11T14:20:04.325163+05:45,2026-08-11 14:20:04,live_market,live_market_162,True,cloud_automated,Tuesday - Trading Hours: 11:00 AM - 3:00 PM NPT,2767,Himalayan Power Partner Ltd.,HPPL,58.0,66437.0,375.7,-1.65,382.0,,370.0,390.0,370.0,25178835.1,2026-08-11 14:15:58.097593,1582.0,378.99,,,,,,,,,,,,,,7,"price_volume, live_market, summary, top_gainers, top_losers, nepse_index, supply_demand",5517
2026-08-11T14:20:04.325163+05:45,2026-08-11 14:20:04,live_market,live_market_163,True,cloud_automated,Tuesday - Trading Hours: 11:00 AM - 3:00 PM NPT,601,Mithila LaghuBitta Bittiya Sanstha Limited,MLBBL,58.0,1847.0,1100.0,-1.95,1121.9,,1110.0,1113.9,1098.0,2032427.5,2026-08-11 14:15:53.09287,1.0,1100.39,,,,,,,,,,,,,,7,"price_volume, live_market, summary, top_gainers, top_losers, nepse_index, supply_demand",5517
2026-08-11T14:20:04.325163+05:45,2026-08-11 14:20:04,live_market,live_market_164,True,cloud_automated,Tuesday - Trading Hours: 11:00 AM - 3:00 PM NPT,273,ICFC Finance Limited,ICFC,58.0,6498.0,599.0,0.0,599.0,,614.9,614.9,597.0,3886232.3,2026-08-11 14:15:51.445111,10.0,598.07,,,,,,,,,,,,,,7,"price_volume, live_market, summary, top_gainers, top_losers, nepse_index, supply_demand",5517
2026-08-11T14:20:04.325163+05:45,2026-08-11 14:20:04,live_market,live_market_165,True,cloud_automated,Tuesday - Trading Hours: 11:00 AM - 3:00 PM NPT,8131,Eastern Hydropower Limited,EHPL,58.0,3392.0,340.0,0.29,339.0,,355.9,355.9,335.1,1143478.8,2026-08-11 14:15:50.300849,10.0,337.11,,,,,,,,,,,,,,7,"price_volume, live_market, summary, top_gainers, top_losers, nepse_index, supply_demand",5517
2026-08-11T14:20:04.325163+05:45,2026-08-11 14:20:04,live_market,live_market_166,True,cloud_automated,Tuesday - Trading Hours: 11:00 AM - 3:00 PM NPT,2824,Himalaya Urja Bikas Company Limited,HURJA,58.0,20442.0,239.4,0.17,239.0,,240.5,241.8,237.5,4893017.4,2026-08-11 14:15:50.189974,10.0,239.36,,,,,,,,,,,,,,7,"price_volume, live_market, summary, top_gainers, top_losers, nepse_index, supply_demand",5517
2026-08-11T14:20:04.325163+05:45,2026-08-11 14:20:04,live_market,live_market_167,True,cloud_automated,Tuesday - Trading Hours: 11:00 AM - 3:00 PM NPT,459,Kamana Sewa Bikas Bank Limited,KSBBL,58.0,37288.0,465.3,-0.58,468.0,,464.0,471.5,464.0,17450600.5,2026-08-11 14:15:47.049882,1000.0,468.0,,,,,,,,,,,,,,7,"price_volume, live_market, summary, top_gainers, top_losers, nepse_index, supply_demand",5517
2026-08-11T14:20:04.325163+05:45,2026-08-11 14:20:04,live_market,live_market_168,True,cloud_automated,Tuesday - Trading Hours: 11:00 AM - 3:00 PM NPT,9248,Garima Samriddhi Yojana,GSY,58.0,4460.0,9.55,0.42,9.51,,9.5,9.7,9.45,42367.5,2026-08-11 14:15:46.451638,100.0,9.5,,,,,,,,,,,,,,7,"price_volume, live_market, summary, top_gainers, top_losers, nepse_index, supply_demand",5517
2026-08-11T14:20:04.325163+05:45,2026-08-11 14:20:04,live_market,live_market_169,True,cloud_automated,Tuesday - Trading Hours: 11:00 AM - 3:00 PM NPT,687,Vijaya laghubitta Bittiya Sanstha Ltd.,VLBS,58.0,726.0,659.1,-0.29,661.0,,655.1,661.5,655.1,479164.8,2026-08-11 14:15:44.392153,10.0,660.01,,,,,,,,,,,,,,7,"price_volume, live_market, summary, top_gainers, top_losers, nepse_index, supply_demand",5517
2026-08-11T14:20:04.325163+05:45,2026-08-11 14:20:04,live_market,live_market_170,True,cloud_automated,Tuesday - Trading Hours: 11:00 AM - 3:00 PM NPT,164,Chhimek Laghubitta Bittiya Sanstha Limited,CBBL,58.0,7502.0,929.5,-0.05,930.0,,934.0,934.0,929.0,6973165.5,2026-08-11 14:15:42.19479,50.0,929.51,,,,,,,,,,,,,,7,"price_volume, live_market, summary, top_gainers, top_losers, nepse_index, supply_demand",5517
2026-08-11T14:20:04.325163+05:45,2026-08-11 14:20:04,live_market,live_market_171,True,cloud_automated,Tuesday - Trading Hours: 11:00 AM - 3:00 PM NPT,2887,NIC ASIA Laghubitta Bittiya Sanstha Limited,NICLBSL,58.0,1005.0,546.0,0.18,545.0,,547.0,550.0,545.1,550448.0,2026-08-11 14:15:41.721406,10.0,547.71,,,,,,,,,,,,,,7,"price_volume, live_market, summary, top_gainers, top_losers, nepse_index, supply_demand",5517
2026-08-11T14:20:04.325163+05:45,2026-08-11 14:20:04,live_market,live_market_172,True,cloud_automated,Tuesday - Trading Hours: 11:00 AM - 3:00 PM NPT,2810,UNIVERSAL POWER COMPANY LTD,UPCL,58.0,25338.0,348.2,0.93,345.0,,345.0,354.0,345.0,8859212.1,2026-08-11 14:15:36.96206,492.0,349.64,,,,,,,,,,,,,,7,"price_volume, live_market, summary, top_gainers, top_losers, nepse_index, supply_demand",5517
2026-08-11T14:20:04.325163+05:45,2026-08-11 14:20:04,live_market,live_market_173,True,cloud_automated,Tuesday - Trading Hours: 11:00 AM - 3:00 PM NPT,9303,SY Panel Nepal Limited,SYPNL,58.0,12329.0,1333.0,-0.07,1334.0,,1277.0,1355.9,1277.0,16407599.5,2026-08-11 14:15:35.22377,100.0,1330.81,,,,,,,,,,,,,,7,"price_volume, live_market, summary, top_gainers, top_losers, nepse_index, supply_demand",5517
2026-08-11T14:20:04.325163+05:45,2026-08-11 14:20:04,live_market,live_market_174,True,cloud_automated,Tuesday - Trading Hours: 11:00 AM - 3:00 PM NPT,9150,Asian Hydropower Limited,AHL,58.0,474.0,410.3,0.07,410.0,,410.0,412.0,410.0,194582.0,2026-08-11 14:15:33.88521,10.0,410.51,,,,,,,,,,,,,,7,"price_volume, live_market, summary, top_gainers, top_losers, nepse_index, supply_demand",5517
2026-08-11T14:20:04.325163+05:45,2026-08-11 14:20:04,live_market,live_market_175,True,cloud_automated,Tuesday - Trading Hours: 11:00 AM - 3:00 PM NPT,2774,Unnati Sahakarya Laghubitta Bittiya Sanstha Limited,USLB,58.0,594.0,1122.0,-0.09,1123.0,,1116.0,1122.0,1110.0,660600.0,2026-08-11 14:15:33.515359,10.0,1112.12,,,,,,,,,,,,,,7,"price_volume, live_market, summary, top_gainers, top_losers, nepse_index, supply_demand",5517
2026-08-11T14:20:04.325163+05:45,2026-08-11 14:20:04,live_market,live_market_176,True,cloud_automated,Tuesday - Trading Hours: 11:00 AM - 3:00 PM NPT,141,Laxmi Sunrise Bank Limited,LSL,58.0,18774.0,220.0,0.0,220.0,,219.0,222.4,219.0,4135476.8,2026-08-11 14:15:31.19743,157.0,220.28,,,,,,,,,,,,,,7,"price_volume, live_market, summary, top_gainers, top_losers, nepse_index, supply_demand",5517
2026-08-11T14:20:04.325163+05:45,2026-08-11 14:20:04,live_market,live_market_177,True,cloud_automated,Tuesday - Trading Hours: 11:00 AM - 3:00 PM NPT,2935,Ru Ru Jalbidhyut Pariyojana Limited,RURU,58.0,1087.0,608.8,-0.03,609.0,,610.0,619.9,606.1,662142.0,2026-08-11 14:15:31.192496,10.0,609.15,,,,,,,,,,,,,,7,"price_volume, live_market, summary, top_gainers, top_losers, nepse_index, supply_demand",5517
2026-08-11T14:20:04.325163+05:45,2026-08-11 14:20:04,live_market,live_market_178,True,cloud_automated,Tuesday - Trading Hours: 11:00 AM - 3:00 PM NPT,155,Salt Trading Corporation,STC,58.0,1255.0,5140.0,-0.58,5170.0,,5151.0,5200.0,5135.0,6455401.0,2026-08-11 14:15:25.878633,390.0,5143.75,,,,,,,,,,,,,,7,"price_volume, live_market, summary, top_gainers, top_losers, nepse_index, supply_demand",5517
2026-08-11T14:20:04.325163+05:45,2026-08-11 14:20:04,live_market,live_market_179,True,cloud_automated,Tuesday - Trading Hours: 11:00 AM - 3:00 PM NPT,154,Chilime Hydropower Company Limited,CHCL,58.0,7439.0,481.9,-0.43,484.0,,490.0,490.0,481.5,3590965.0,2026-08-11 14:15:11.924391,22.0,482.72,,,,,,,,,,,,,,7,"price_volume, live_market, summary, top_gainers, top_losers, nepse_index, supply_demand",5517
2026-08-11T14:20:04.325163+05:45,2026-08-11 14:20:04,live_market,live_market_180,True,cloud_automated,Tuesday - Trading Hours: 11:00 AM - 3:00 PM NPT,140,Machhapuchhre Bank Limited,MBL,58.0,29362.0,251.5,0.48,250.3,,250.5,255.0,250.5,7409787.5,2026-08-11 14:15:09.760495,150.0,252.36,,,,,,,,,,,,,,7,"price_volume, live_market, summary, top_gainers, top_losers, nepse_index, supply_demand",5517
2026-08-11T14:20:04.325163+05:45,2026-08-11 14:20:04,live_market,live_market_181,True,cloud_automated,Tuesday - Trading Hours: 11:00 AM - 3:00 PM NPT,2903,Liberty Energy Company Limited,LEC,58.0,42115.0,220.0,0.92,218.0,,220.9,222.7,219.1,9285929.3,2026-08-11 14:15:07.788916,1000.0,220.49,,,,,,,,,,,,,,7,"price_volume, live_market, summary, top_gainers, top_losers, nepse_index, supply_demand",5517
2026-08-11T14:20:04.325163+05:45,2026-08-11 14:20:04,live_market,live_market_182,True,cloud_automated,Tuesday - Trading Hours: 11:00 AM - 3:00 PM NPT,9250,Nepal Micro Insurance Company Limited,NMIC,58.0,2244.0,898.1,0.01,898.0,,919.0,919.0,896.2,2026842.4,2026-08-11 14:15:04.032685,10.0,903.23,,,,,,,,,,,,,,7,"price_volume, live_market, summary, top_gainers, top_losers, nepse_index, supply_demand",5517
2026-08-11T14:20:04.325163+05:45,2026-08-11 14:20:04,live_market,live_market_183,True,cloud_automated,Tuesday - Trading Hours: 11:00 AM - 3:00 PM NPT,268,Swabalamban Laghubitta Bittiya Sanstha Limited,SWBBL,58.0,5703.0,670.0,0.0,670.0,,672.0,679.9,661.0,3784778.0,2026-08-11 14:15:03.529557,45.0,663.65,,,,,,,,,,,,,,7,"price_volume, live_market, summary, top_gainers, top_losers, nepse_index, supply_demand",5517
2026-08-11T14:20:04.325163+05:45,2026-08-11 14:20:04,live_market,live_market_184,True,cloud_automated,Tuesday - Trading Hours: 11:00 AM - 3:00 PM NPT,131,Nabil Bank Limited,NABIL,58.0,19189.0,550.0,0.11,549.4,,556.0,556.0,549.0,10560811.2,2026-08-11 14:14:56.615793,5.0,550.36,,,,,,,,,,,,,,7,"price_volume, live_market, summary, top_gainers, top_losers, nepse_index, supply_demand",5517
2026-08-11T14:20:04.325163+05:45,2026-08-11 14:20:04,live_market,live_market_185,True,cloud_automated,Tuesday - Trading Hours: 11:00 AM - 3:00 PM NPT,8026,Nyadi Hydropower Limited,NYADI,58.0,2939.0,365.0,0.0,365.0,,365.0,375.9,361.2,1078478.0,2026-08-11 14:14:44.99166,10.0,366.95,,,,,,,,,,,,,,7,"price_volume, live_market, summary, top_gainers, top_losers, nepse_index, supply_demand",5517
2026-08-11T14:20:04.325163+05:45,2026-08-11 14:20:04,live_market,live_market_186,True,cloud_automated,Tuesday - Trading Hours: 11:00 AM - 3:00 PM NPT,8126,Sikles Hydropower Limited,SIKLES,58.0,2928.0,556.8,0.29,555.2,,555.0,556.8,553.2,1624033.3,2026-08-11 14:14:44.452721,1.0,554.66,,,,,,,,,,,,,,7,"price_volume, live_market, summary, top_gainers, top_losers, nepse_index, supply_demand",5517
2026-08-11T14:20:04.325163+05:45,2026-08-11 14:20:04,live_market,live_market_187,True,cloud_automated,Tuesday - Trading Hours: 11:00 AM - 3:00 PM NPT,139,NIC Asia Bank Ltd.,NICA,58.0,19329.0,325.5,0.15,325.0,,325.0,328.0,325.0,6297994.6,2026-08-11 14:14:38.984176,50.0,325.83,,,,,,,,,,,,,,7,"price_volume, live_market, summary, top_gainers, top_losers, nepse_index, supply_demand",5517
2026-08-11T14:20:04.325163+05:45,2026-08-11 14:20:04,live_market,live_market_188,True,cloud_automated,Tuesday - Trading Hours: 11:00 AM - 3:00 PM NPT,8076,Himalayan Hydropower Limited,HHL,58.0,13441.0,332.0,-0.87,334.9,,344.0,344.0,331.0,4483942.0,2026-08-11 14:14:35.424202,30.0,333.6,,,,,,,,,,,,,,7,"price_volume, live_market, summary, top_gainers, top_losers, nepse_index, supply_demand",5517
2026-08-11T14:20:04.325163+05:45,2026-08-11 14:20:04,live_market,live_market_189,True,cloud_automated,Tuesday - Trading Hours: 11:00 AM - 3:00 PM NPT,2898,NRN Infrastructure and Development Limited,NRN,58.0,16417.0,1371.1,-0.36,1376.0,,1377.1,1389.0,1371.1,22675735.9,2026-08-11 14:14:27.790685,453.0,1381.24,,,,,,,,,,,,,,7,"price_volume, live_market, summary, top_gainers, top_losers, nepse_index, supply_demand",5517
2026-08-11T14:20:04.325163+05:45,2026-08-11 14:20:04,live_market,live_market_190,True,cloud_automated,Tuesday - Trading Hours: 11:00 AM - 3:00 PM NPT,179,Himalayan Everest Insurance Limited,HEI,58.0,2444.0,534.7,0.7,531.0,,542.9,542.9,531.0,1302556.3,2026-08-11 14:14:26.261856,191.0,532.96,,,,,,,,,,,,,,7,"price_volume, live_market, summary, top_gainers, top_losers, nepse_index, supply_demand",5517
2026-08-11T14:20:04.325163+05:45,2026-08-11 14:20:04,live_market,live_market_191,True,cloud_automated,Tuesday - Trading Hours: 11:00 AM - 3:00 PM NPT,8024,Nabil Balanced Fund-3,NBF3,58.0,4150.0,9.56,-0.93,9.65,,9.65,9.8,9.54,40127.0,2026-08-11 14:14:25.855941,350.0,9.67,,,,,,,,,,,,,,7,"price_volume, live_market, summary, top_gainers, top_losers, nepse_index, supply_demand",5517
2026-08-11T14:20:04.325163+05:45,2026-08-11 14:20:04,live_market,live_market_192,True,cloud_automated,Tuesday - Trading Hours: 11:00 AM - 3:00 PM NPT,2842,SANJEN JALAVIDHYUT COMPANY LIMITED,SJCL,58.0,3535.0,269.0,-0.37,270.0,,270.0,273.0,269.0,954766.2,2026-08-11 14:14:21.036937,100.0,270.09,,,,,,,,,,,,,,7,"price_volume, live_market, summary, top_gainers, top_losers, nepse_index, supply_demand",5517
2026-08-11T14:20:04.325163+05:45,2026-08-11 14:20:04,live_market,live_market_193,True,cloud_automated,Tuesday - Trading Hours: 11:00 AM - 3:00 PM NPT,693,Himalayan Laghubitta Bittiya Sanstha Limited,HLBSL,58.0,340.0,885.0,0.11,884.0,,883.0,885.0,883.0,300350.0,2026-08-11 14:14:16.329019,10.0,883.38,,,,,,,,,,,,,,7,"price_volume, live_market, summary, top_gainers, top_losers, nepse_index, supply_demand",5517
2026-08-11T14:20:04.325163+05:45,2026-08-11 14:20:04,live_market,live_market_194,True,cloud_automated,Tuesday - Trading Hours: 11:00 AM - 3:00 PM NPT,263,Guheshowori Merchant Bank & Finance Co. Ltd.,GMFIL,58.0,1777.0,457.5,0.11,457.0,,457.0,458.0,457.0,813157.5,2026-08-11 14:13:58.844582,106.0,457.6,,,,,,,,,,,,,,7,"price_volume, live_market, summary, top_gainers, top_losers, nepse_index, supply_demand",5517
2026-08-11T14:20:04.325163+05:45,2026-08-11 14:20:04,live_market,live_market_195,True,cloud_automated,Tuesday - Trading Hours: 11:00 AM - 3:00 PM NPT,9156,Sanima Middle Tamor Hydropower Limited,TAMOR,58.0,11289.0,450.0,0.0,450.0,,440.1,453.2,440.1,5084267.5,2026-08-11 14:13:56.867497,30.0,450.37,,,,,,,,,,,,,,7,"price_volume, live_market, summary, top_gainers, top_losers, nepse_index, supply_demand",5517
2026-08-11T14:20:04.325163+05:45,2026-08-11 14:20:04,live_market,live_market_196,True,cloud_automated,Tuesday - Trading Hours: 11:00 AM - 3:00 PM NPT,3946,CEDB Holdings Limited,CHDC,58.0,3569.0,2180.0,0.67,2165.5,,2170.0,2184.7,2170.0,7775785.3,2026-08-11 14:13:56.713531,925.0,2178.7,,,,,,,,,,,,,,7,"price_volume, live_market, summary, top_gainers, top_losers, nepse_index, supply_demand",5517
2026-08-11T14:20:04.325163+05:45,2026-08-11 14:20:04,live_market,live_market_197,True,cloud_automated,Tuesday - Trading Hours: 11:00 AM - 3:00 PM NPT,2933,Kumari Equity Fund,KEF,58.0,3100.0,10.73,-0.65,10.8,,10.61,10.73,10.61,33066.0,2026-08-11 14:13:49.944524,100.0,10.67,,,,,,,,,,,,,,7,"price_volume, live_market, summary, top_gainers, top_losers, nepse_index, supply_demand",5517
2026-08-11T14:20:04.325163+05:45,2026-08-11 14:20:04,live_market,live_market_198,True,cloud_automated,Tuesday - Trading Hours: 11:00 AM - 3:00 PM NPT,9158,Molung Hydropower Company Limited,MHCL,58.0,750.0,311.0,0.32,310.0,,307.5,314.0,307.5,233259.0,2026-08-11 14:13:47.887233,65.0,311.01,,,,,,,,,,,,,,7,"price_volume, live_market, summary, top_gainers, top_losers, nepse_index, supply_demand",5517
2026-08-11T14:20:04.325163+05:45,2026-08-11 14:20:04,live_market,live_market_199,True,cloud_automated,Tuesday - Trading Hours: 11:00 AM - 3:00 PM NPT,360,Arun Valley Hydropower Development Co. Ltd.,AHPC,58.0,44257.0,265.0,0.0,265.0,,265.0,267.5,263.5,11708644.9,2026-08-11 14:13:45.319397,17.0,264.56,,,,,,,,,,,,,,7,"price_volume, live_market, summary, top_gainers, top_losers, nepse_index, supply_demand",5517
2026-08-11T14:20:04.325163+05:45,2026-08-11 14:20:04,live_market,live_market_200,True,cloud_automated,Tuesday - Trading Hours: 11:00 AM - 3:00 PM NPT,232,Goodwill Finance Limited,GFCL,58.0,4430.0,598.0,-0.33,600.0,,605.0,605.0,598.0,2662622.9,2026-08-11 14:13:39.976639,700.0,601.04,,,,,,,,,,,,,,7,"price_volume, live_market, summary, top_gainers, top_losers, nepse_index, supply_demand",5517
2026-08-11T14:20:04.325163+05:45,2026-08-11 14:20:04,live_market,live_market_201,True,cloud_automated,Tuesday - Trading Hours: 11:00 AM - 3:00 PM NPT,8073,NIC Asia Flexi CAP Fund,NICFC,58.0,900.0,9.2,0.0,9.2,,9.1,9.2,9.1,8240.0,2026-08-11 14:13:36.49268,100.0,9.16,,,,,,,,,,,,,,7,"price_volume, live_market, summary, top_gainers, top_losers, nepse_index, supply_demand",5517
2026-08-11T14:20:04.325163+05:45,2026-08-11 14:20:04,live_market,live_market_202,True,cloud_automated,Tuesday - Trading Hours: 11:00 AM - 3:00 PM NPT,471,Multipurpose Finance Company  Limited,MPFL,58.0,5120.0,616.0,0.0,616.0,,615.0,618.0,612.0,3150727.2,2026-08-11 14:13:34.538154,10.0,615.38,,,,,,,,,,,,,,7,"price_volume, live_market, summary, top_gainers, top_losers, nepse_index, supply_demand",5517
2026-08-11T14:20:04.325163+05:45,2026-08-11 14:20:04,live_market,live_market_203,True,cloud_automated,Tuesday - Trading Hours: 11:00 AM - 3:00 PM NPT,9179,Modi Energy Limited,MEL,58.0,5483.0,210.0,0.43,209.1,,198.7,215.0,198.7,1156236.2,2026-08-11 14:13:25.776073,10.0,210.88,,,,,,,,,,,,,,7,"price_volume, live_market, summary, top_gainers, top_losers, nepse_index, supply_demand",5517
2026-08-11T14:20:04.325163+05:45,2026-08-11 14:20:04,live_market,live_market_204,True,cloud_automated,Tuesday - Trading Hours: 11:00 AM - 3:00 PM NPT,244,Shree Investment Finance Co. Ltd.,SIFC,58.0,1636.0,505.5,0.5,503.0,,505.0,507.0,505.0,827519.6,2026-08-11 14:13:05.080351,10.0,505.82,,,,,,,,,,,,,,7,"price_volume, live_market, summary, top_gainers, top_losers, nepse_index, supply_demand",5517
2026-08-11T14:20:04.325163+05:45,2026-08-11 14:20:04,live_market,live_market_205,True,cloud_automated,Tuesday - Trading Hours: 11:00 AM - 3:00 PM NPT,401,Mahalaxmi Bikas Bank Ltd.,MLBL,58.0,5342.0,349.0,0.29,348.0,,348.0,351.0,348.0,1869840.5,2026-08-11 14:13:01.176867,300.0,350.03,,,,,,,,,,,,,,7,"price_volume, live_market, summary, top_gainers, top_losers, nepse_index, supply_demand",5517
2026-08-11T14:20:04.325163+05:45,2026-08-11 14:20:04,live_market,live_market_206,True,cloud_automated,Tuesday - Trading Hours: 11:00 AM - 3:00 PM NPT,9230,Muktinath Krishi Company Limited,MKCL,58.0,2327.0,1065.0,1.33,1051.0,,1042.5,1082.5,1042.5,2465725.3,2026-08-11 14:13:01.111565,68.0,1059.62,,,,,,,,,,,,,,7,"price_volume, live_market, summary, top_gainers, top_losers, nepse_index, supply_demand",5517
2026-08-11T14:20:04.325163+05:45,2026-08-11 14:20:04,live_market,live_market_207,True,cloud_automated,Tuesday - Trading Hours: 11:00 AM - 3:00 PM NPT,9295,Swastik Laghubitta Bittiya Sanstha Limited,SWASTIK,58.0,179.0,1995.0,-0.99,2015.0,,2023.0,2023.0,1995.0,358318.0,2026-08-11 14:13:00.986216,30.0,2001.78,,,,,,,,,,,,,,7,"price_volume, live_market, summary, top_gainers, top_losers, nepse_index, supply_demand",5517
2026-08-11T14:20:04.325163+05:45,2026-08-11 14:20:04,live_market,live_market_208,True,cloud_automated,Tuesday - Trading Hours: 11:00 AM - 3:00 PM NPT,8122,People's Power Limited,PPL,58.0,10034.0,323.0,-1.07,326.5,,325.0,330.0,322.0,3266903.0,2026-08-11 14:12:57.574949,150.0,325.58,,,,,,,,,,,,,,7,"price_volume, live_market, summary, top_gainers, top_losers, nepse_index, supply_demand",5517
2026-08-11T14:20:04.325163+05:45,2026-08-11 14:20:04,live_market,live_market_209,True,cloud_automated,Tuesday - Trading Hours: 11:00 AM - 3:00 PM NPT,704,NMB  Microfinance Bittiya Sanstha Ltd.,NMBMF,58.0,316.0,610.0,1.24,602.5,,602.5,612.9,601.2,191437.8,2026-08-11 14:12:30.557799,10.0,605.82,,,,,,,,,,,,,,7,"price_volume, live_market, summary, top_gainers, top_losers, nepse_index, supply_demand",5517
2026-08-11T14:20:04.325163+05:45,2026-08-11 14:20:04,live_market,live_market_210,True,cloud_automated,Tuesday - Trading Hours: 11:00 AM - 3:00 PM NPT,8111,Hydorelectricity Investment and Development Company Limited Promoter,HIDCLP,58.0,48686.0,187.9,0.48,187.0,,189.5,189.5,187.0,9157482.5,2026-08-11 14:12:14.52612,90.0,188.09,,,,,,,,,,,,,,7,"price_volume, live_market, summary, top_gainers, top_losers, nepse_index, supply_demand",5517
2026-08-11T14:20:04.325163+05:45,2026-08-11 14:20:04,live_market,live_market_211,True,cloud_automated,Tuesday - Trading Hours: 11:00 AM - 3:00 PM NPT,1741,Mero Microfinance Bittiya Sanstha Ltd.,MERO,58.0,2686.0,674.0,0.3,672.0,,664.0,674.0,662.0,1783111.9,2026-08-11 14:12:11.814025,100.0,663.85,,,,,,,,,,,,,,7,"price_volume, live_market, summary, top_gainers, top_losers, nepse_index, supply_demand",5517
2026-08-11T14:20:04.325163+05:45,2026-08-11 14:20:04,live_market,live_market_212,True,cloud_automated,Tuesday - Trading Hours: 11:00 AM - 3:00 PM NPT,176,Nepal Insurance Co. Ltd.,NICL,58.0,13129.0,499.1,-1.54,506.9,,509.9,509.9,497.0,6602552.9,2026-08-11 14:11:57.325521,290.0,502.9,,,,,,,,,,,,,,7,"price_volume, live_market, summary, top_gainers, top_losers, nepse_index, supply_demand",5517
2026-08-11T14:20:04.325163+05:45,2026-08-11 14:20:04,live_market,live_market_213,True,cloud_automated,Tuesday - Trading Hours: 11:00 AM - 3:00 PM NPT,8022,Terhathum Power Company Limited,TPC,58.0,8389.0,361.0,-0.14,361.5,,361.5,369.0,360.5,3039990.7,2026-08-11 14:11:56.023721,47.0,362.38,,,,,,,,,,,,,,7,"price_volume, live_market, summary, top_gainers, top_losers, nepse_index, supply_demand",5517
2026-08-11T14:20:04.325163+05:45,2026-08-11 14:20:04,live_market,live_market_214,True,cloud_automated,Tuesday - Trading Hours: 11:00 AM - 3:00 PM NPT,9236,NIC ASIA Growth Fund-2,NICGF2,58.0,600.0,9.02,-2.28,9.23,,9.0,9.02,9.0,5402.0,2026-08-11 14:11:51.658855,100.0,9.0,,,,,,,,,,,,,,7,"price_volume, live_market, summary, top_gainers, top_losers, nepse_index, supply_demand",5517
2026-08-11T14:20:04.325163+05:45,2026-08-11 14:20:04,live_market,live_market_215,True,cloud_automated,Tuesday - Trading Hours: 11:00 AM - 3:00 PM NPT,4947,Prabhu Select Fund,PSF,58.0,2980.0,11.83,-0.59,11.9,,11.8,12.0,11.8,35217.4,2026-08-11 14:11:49.755819,100.0,11.82,,,,,,,,,,,,,,7,"price_volume, live_market, summary, top_gainers, top_losers, nepse_index, supply_demand",5517
2026-08-11T14:20:04.325163+05:45,2026-08-11 14:20:04,live_market,live_market_216,True,cloud_automated,Tuesday - Trading Hours: 11:00 AM - 3:00 PM NPT,9302,RBB Focus 40,RBBF40,58.0,2000.0,9.03,-0.99,9.12,,9.1,9.11,9.01,18179.0,2026-08-11 14:11:35.87245,100.0,9.09,,,,,,,,,,,,,,7,"price_volume, live_market, summary, top_gainers, top_losers, nepse_index, supply_demand",5517
2026-08-11T14:20:04.325163+05:45,2026-08-11 14:20:04,live_market,live_market_217,True,cloud_automated,Tuesday - Trading Hours: 11:00 AM - 3:00 PM NPT,472,Shangrila Development Bank Ltd.,SADBL,58.0,9766.0,406.3,-0.42,408.0,,415.0,415.0,405.1,3974693.4,2026-08-11 14:11:33.841811,881.0,406.99,,,,,,,,,,,,,,7,"price_volume, live_market, summary, top_gainers, top_losers, nepse_index, supply_demand",5517
2026-08-11T14:20:04.325163+05:45,2026-08-11 14:20:04,live_market,live_market_218,True,cloud_automated,Tuesday - Trading Hours: 11:00 AM - 3:00 PM NPT,2754,Dibyashwori Hydropower Ltd.,DHPL,58.0,2575.0,286.0,-0.69,288.0,,288.0,288.0,285.0,737483.0,2026-08-11 14:11:33.052055,10.0,286.4,,,,,,,,,,,,,,7,"price_volume, live_market, summary, top_gainers, top_losers, nepse_index, supply_demand",5517
2026-08-11T14:20:04.325163+05:45,2026-08-11 14:20:04,live_market,live_market_219,True,cloud_automated,Tuesday - Trading Hours: 11:00 AM - 3:00 PM NPT,9218,Trishuli Jal Vidhyut Company Limited ,TVCL,58.0,2798.0,474.0,1.26,468.1,,470.0,484.1,470.0,1336955.5,2026-08-11 14:11:27.306221,10.0,477.83,,,,,,,,,,,,,,7,"price_volume, live_market, summary, top_gainers, top_losers, nepse_index, supply_demand",5517
2026-08-11T14:20:04.325163+05:45,2026-08-11 14:20:04,live_market,live_market_220,True,cloud_automated,Tuesday - Trading Hours: 11:00 AM - 3:00 PM NPT,9304,Citizens Santulit Yojana,CSY,58.0,4500.0,9.24,4.05,8.88,,8.9,9.35,8.9,41017.0,2026-08-11 14:11:19.727116,100.0,9.11,,,,,,,,,,,,,,7,"price_volume, live_market, summary, top_gainers, top_losers, nepse_index, supply_demand",5517
2026-08-11T14:20:04.325163+05:45,2026-08-11 14:20:04,live_market,live_market_221,True,cloud_automated,Tuesday - Trading Hours: 11:00 AM - 3:00 PM NPT,166,Deprosc Laghubitta Bittiya Sanstha Limited,DDBL,58.0,5728.0,833.5,-0.77,840.0,,840.0,845.0,833.0,4796799.9,2026-08-11 14:11:05.402924,352.0,837.43,,,,,,,,,,,,,,7,"price_volume, live_market, summary, top_gainers, top_losers, nepse_index, supply_demand",5517
2026-08-11T14:20:04.325163+05:45,2026-08-11 14:20:04,live_market,live_market_222,True,cloud_automated,Tuesday - Trading Hours: 11:00 AM - 3:00 PM NPT,2811,Mountain Hydro Nepal Limited,MHNL,58.0,5799.0,239.0,-0.79,240.9,,238.0,239.5,235.2,1381367.9,2026-08-11 14:10:59.943309,10.0,238.21,,,,,,,,,,,,,,7,"price_volume, live_market, summary, top_gainers, top_losers, nepse_index, supply_demand",5517
2026-08-11T14:20:04.325163+05:45,2026-08-11 14:20:04,live_market,live_market_223,True,cloud_automated,Tuesday - Trading Hours: 11:00 AM - 3:00 PM NPT,194,Nepal Finance Ltd.,NFS,58.0,2553.0,565.1,0.18,564.1,,565.5,570.0,565.0,1449346.2,2026-08-11 14:10:48.785348,122.0,567.7,,,,,,,,,,,,,,7,"price_volume, live_market, summary, top_gainers, top_losers, nepse_index, supply_demand",5517
2026-08-11T14:20:04.325163+05:45,2026-08-11 14:20:04,live_market,live_market_224,True,cloud_automated,Tuesday - Trading Hours: 11:00 AM - 3:00 PM NPT,2790,Aarambha Chautari Laghubitta Bittiya Sanstha Limited,ACLBSL,58.0,276.0,915.0,0.0,915.0,,915.0,915.0,914.0,252514.0,2026-08-11 14:10:33.539576,10.0,914.91,,,,,,,,,,,,,,7,"price_volume, live_market, summary, top_gainers, top_losers, nepse_index, supply_demand",5517
2026-08-11T14:20:04.325163+05:45,2026-08-11 14:20:04,live_market,live_market_225,True,cloud_automated,Tuesday - Trading Hours: 11:00 AM - 3:00 PM NPT,574,Sana Kisan Bikas Laghubitta Bittiya Sanstha Limited,SKBBL,58.0,7527.0,745.1,-0.25,747.0,,745.0,749.9,744.0,5619600.5,2026-08-11 14:10:31.108476,4.0,746.59,,,,,,,,,,,,,,7,"price_volume, live_market, summary, top_gainers, top_losers, nepse_index, supply_demand",5517
2026-08-11T14:20:04.325163+05:45,2026-08-11 14:20:04,live_market,live_market_226,True,cloud_automated,Tuesday - Trading Hours: 11:00 AM - 3:00 PM NPT,2841,RASUWAGADHI HYDROPOWER COMPANY LIMITED,RHPL,58.0,5120.0,256.0,-1.54,260.0,,254.1,259.0,254.1,1317622.0,2026-08-11 14:10:26.082961,325.0,257.35,,,,,,,,,,,,,,7,"price_volume, live_market, summary, top_gainers, top_losers, nepse_index, supply_demand",5517
2026-08-11T14:20:04.325163+05:45,2026-08-11 14:20:04,live_market,live_market_227,True,cloud_automated,Tuesday - Trading Hours: 11:00 AM - 3:00 PM NPT,186,IGI Prudential insurance Limited,IGI,58.0,1602.0,428.0,0.0,428.0,,428.0,430.1,428.0,687300.5,2026-08-11 14:10:09.605071,100.0,429.03,,,,,,,,,,,,,,7,"price_volume, live_market, summary, top_gainers, top_losers, nepse_index, supply_demand",5517
2026-08-11T14:20:04.325163+05:45,2026-08-11 14:20:04,live_market,live_market_228,True,cloud_automated,Tuesday - Trading Hours: 11:00 AM - 3:00 PM NPT,177,Rastriya Beema Company Limited,RBCL,58.0,50.0,14108.1,-2.16,14419.0,,14399.0,14399.0,14108.1,712132.0,2026-08-11 14:09:52.290613,20.0,14242.64,,,,,,,,,,,,,,7,"price_volume, live_market, summary, top_gainers, top_losers, nepse_index, supply_demand",5517
2026-08-11T14:20:04.325163+05:45,2026-08-11 14:20:04,live_market,live_market_229,True,cloud_automated,Tuesday - Trading Hours: 11:00 AM - 3:00 PM NPT,9212,Mandu Hydropower Limited,MANDU,58.0,3640.0,799.0,-0.13,800.0,,798.0,800.1,790.0,2906264.5,2026-08-11 14:09:49.946121,200.0,798.42,,,,,,,,,,,,,,7,"price_volume, live_market, summary, top_gainers, top_losers, nepse_index, supply_demand",5517
2026-08-11T14:20:04.325163+05:45,2026-08-11 14:20:04,live_market,live_market_230,True,cloud_automated,Tuesday - Trading Hours: 11:00 AM - 3:00 PM NPT,2770,Siddhartha Equity Fund,SEF,58.0,5805.0,9.99,0.91,9.9,,10.0,10.0,9.7,57910.0,2026-08-11 14:09:36.962921,4700.0,9.98,,,,,,,,,,,,,,7,"price_volume, live_market, summary, top_gainers, top_losers, nepse_index, supply_demand",5517
2026-08-11T14:20:04.325163+05:45,2026-08-11 14:20:04,live_market,live_market_231,True,cloud_automated,Tuesday - Trading Hours: 11:00 AM - 3:00 PM NPT,2832,Infinity Laghubitta Bittiya Sanstha Limited,ILBS,58.0,1496.0,868.3,0.38,865.0,,840.0,890.0,840.0,1299474.7,2026-08-11 14:09:29.495004,60.0,868.63,,,,,,,,,,,,,,7,"price_volume, live_market, summary, top_gainers, top_losers, nepse_index, supply_demand",5517
2026-08-11T14:20:04.325163+05:45,2026-08-11 14:20:04,live_market,live_market_232,True,cloud_automated,Tuesday - Trading Hours: 11:00 AM - 3:00 PM NPT,184,Prabhu Insurance Ltd.,PRIN,58.0,809.0,666.5,-0.22,668.0,,668.0,680.0,663.8,540563.0,2026-08-11 14:09:26.793638,200.0,668.19,,,,,,,,,,,,,,7,"price_volume, live_market, summary, top_gainers, top_losers, nepse_index, supply_demand",5517
2026-08-11T14:20:04.325163+05:45,2026-08-11 14:20:04,live_market,live_market_233,True,cloud_automated,Tuesday - Trading Hours: 11:00 AM - 3:00 PM NPT,188,Life Insurance Corporation (Nepal) Limited,LICN,58.0,1373.0,770.0,0.0,770.0,,770.0,780.0,767.1,1057692.3,2026-08-11 14:08:35.989697,42.0,770.35,,,,,,,,,,,,,,7,"price_volume, live_market, summary, top_gainers, top_losers, nepse_index, supply_demand",5517
2026-08-11T14:20:04.325163+05:45,2026-08-11 14:20:04,live_market,live_market_234,True,cloud_automated,Tuesday - Trading Hours: 11:00 AM - 3:00 PM NPT,2759,Synergy Power Development Ltd.,SPDL,58.0,26496.0,373.4,0.38,372.0,,368.0,376.4,368.0,9931463.9,2026-08-11 14:08:35.781674,17.0,374.83,,,,,,,,,,,,,,7,"price_volume, live_market, summary, top_gainers, top_losers, nepse_index, supply_demand",5517
2026-08-11T14:20:04.325163+05:45,2026-08-11 14:20:04,live_market,live_market_235,True,cloud_automated,Tuesday - Trading Hours: 11:00 AM - 3:00 PM NPT,9232,Chirkhwa Hydropower Limited ,CKHL,58.0,10230.0,573.0,-1.38,581.0,,565.0,621.6,565.0,5905551.0,2026-08-11 14:08:32.549829,3000.0,577.28,,,,,,,,,,,,,,7,"price_volume, live_market, summary, top_gainers, top_losers, nepse_index, supply_demand",5517
2026-08-11T14:20:04.325163+05:45,2026-08-11 14:20:04,live_market,live_market_236,True,cloud_automated,Tuesday - Trading Hours: 11:00 AM - 3:00 PM NPT,8125,NMB Sulav Investment Fund - 2,NSIF2,58.0,400.0,10.7,0.0,10.7,,10.66,10.7,10.66,4268.0,2026-08-11 14:08:30.833651,100.0,10.67,,,,,,,,,,,,,,7,"price_volume, live_market, summary, top_gainers, top_losers, nepse_index, supply_demand",5517
2026-08-11T14:20:04.325163+05:45,2026-08-11 14:20:04,live_market,live_market_237,True,cloud_automated,Tuesday - Trading Hours: 11:00 AM - 3:00 PM NPT,8032,Buddha Bhumi Nepal Hydropower Company Limited,BNHC,58.0,9868.0,281.4,-0.21,282.0,,267.9,289.9,267.9,2793552.3,2026-08-11 14:08:30.683934,20.0,283.09,,,,,,,,,,,,,,7,"price_volume, live_market, summary, top_gainers, top_losers, nepse_index, supply_demand",5517
2026-08-11T14:20:04.325163+05:45,2026-08-11 14:20:04,live_market,live_market_238,True,cloud_automated,Tuesday - Trading Hours: 11:00 AM - 3:00 PM NPT,593,Kalika Laghubitta Bittiya Sanstha Ltd,KMCDB,58.0,2243.0,799.1,-1.09,807.9,,807.9,815.0,799.1,1798852.6,2026-08-11 14:08:22.993341,17.0,801.99,,,,,,,,,,,,,,7,"price_volume, live_market, summary, top_gainers, top_losers, nepse_index, supply_demand",5517
2026-08-11T14:20:04.325163+05:45,2026-08-11 14:20:04,live_market,live_market_239,True,cloud_automated,Tuesday - Trading Hours: 11:00 AM - 3:00 PM NPT,9245,Muktinath Mutual Fund 1,MNMF1,58.0,117560.0,9.52,-0.42,9.56,,9.51,9.65,9.51,1124190.0,2026-08-11 14:08:00.262426,11750.0,9.56,,,,,,,,,,,,,,7,"price_volume, live_market, summary, top_gainers, top_losers, nepse_index, supply_demand",5517
2026-08-11T14:20:04.325163+05:45,2026-08-11 14:20:04,live_market,live_market_240,True,cloud_automated,Tuesday - Trading Hours: 11:00 AM - 3:00 PM NPT,9312,Nepal Life Samriddhi Lagani Yojana,NSY,58.0,1400.0,9.16,-3.38,9.48,,9.3,9.4,9.13,12893.0,2026-08-11 14:07:58.340268,100.0,9.21,,,,,,,,,,,,,,7,"price_volume, live_market, summary, top_gainers, top_losers, nepse_index, supply_demand",5517
2026-08-11T14:20:04.325163+05:45,2026-08-11 14:20:04,live_market,live_market_241,True,cloud_automated,Tuesday - Trading Hours: 11:00 AM - 3:00 PM NPT,9194,Three Star Hydropower Limited,TSHL,58.0,6728.0,361.3,-0.47,363.0,,363.5,370.0,353.0,2432371.9,2026-08-11 14:07:49.734164,10.0,361.53,,,,,,,,,,,,,,7,"price_volume, live_market, summary, top_gainers, top_losers, nepse_index, supply_demand",5517
2026-08-11T14:20:04.325163+05:45,2026-08-11 14:20:04,live_market,live_market_242,True,cloud_automated,Tuesday - Trading Hours: 11:00 AM - 3:00 PM NPT,185,Sagarmatha Lumbini Insurance Co. Limited,SALICO,58.0,1992.0,586.0,-0.51,589.0,,589.0,589.0,586.0,1171811.8,2026-08-11 14:07:49.423415,2.0,588.26,,,,,,,,,,,,,,7,"price_volume, live_market, summary, top_gainers, top_losers, nepse_index, supply_demand",5517
2026-08-11T14:20:04.325163+05:45,2026-08-11 14:20:04,live_market,live_market_243,True,cloud_automated,Tuesday - Trading Hours: 11:00 AM - 3:00 PM NPT,9225,Vision Lumbini Urja Company Limited ,VLUCL,58.0,2153.0,411.3,-0.89,415.0,,435.7,435.7,410.1,895875.5,2026-08-11 14:07:07.988427,10.0,416.11,,,,,,,,,,,,,,7,"price_volume, live_market, summary, top_gainers, top_losers, nepse_index, supply_demand",5517
2026-08-11T14:20:04.325163+05:45,2026-08-11 14:20:04,live_market,live_market_244,True,cloud_automated,Tuesday - Trading Hours: 11:00 AM - 3:00 PM NPT,9269,Global IME Sammunat Yojana -2,GBIMESY2,58.0,5700.0,9.1,-1.62,9.25,,9.0,9.24,9.0,51780.0,2026-08-11 14:06:47.385497,100.0,9.08,,,,,,,,,,,,,,7,"price_volume, live_market, summary, top_gainers, top_losers, nepse_index, supply_demand",5517
2026-08-11T14:20:04.325163+05:45,2026-08-11 14:20:04,live_market,live_market_245,True,cloud_automated,Tuesday - Trading Hours: 11:00 AM - 3:00 PM NPT,2815,Ganapati Laghubitta Bittiya Sanstha Limited,GMFBS,58.0,433.0,1150.0,-2.04,1174.0,,1205.0,1205.0,1150.0,502770.0,2026-08-11 14:06:19.547248,10.0,1161.13,,,,,,,,,,,,,,7,"price_volume, live_market, summary, top_gainers, top_losers, nepse_index, supply_demand",5517
2026-08-11T14:20:04.325163+05:45,2026-08-11 14:20:04,live_market,live_market_246,True,cloud_automated,Tuesday - Trading Hours: 11:00 AM - 3:00 PM NPT,148,Taragaon Regency Hotel Limited,TRH,58.0,9698.0,798.0,0.76,792.0,,783.1,798.0,783.1,7660856.0,2026-08-11 14:06:12.057546,67.0,789.94,,,,,,,,,,,,,,7,"price_volume, live_market, summary, top_gainers, top_losers, nepse_index, supply_demand",5517
2026-08-11T14:20:04.325163+05:45,2026-08-11 14:20:04,live_market,live_market_247,True,cloud_automated,Tuesday - Trading Hours: 11:00 AM - 3:00 PM NPT,183,Neco Insurance Limited,NIL,58.0,2525.0,605.0,-1.14,612.0,,620.0,620.0,602.2,1541581.0,2026-08-11 14:05:58.989347,3.0,610.53,,,,,,,,,,,,,,7,"price_volume, live_market, summary, top_gainers, top_losers, nepse_index, supply_demand",5517
2026-08-11T14:20:04.325163+05:45,2026-08-11 14:20:04,live_market,live_market_248,True,cloud_automated,Tuesday - Trading Hours: 11:00 AM - 3:00 PM NPT,9300,Jhapa Energy Limited,JHAPA,58.0,4130.0,1101.0,2.9,1070.0,,1070.0,1117.0,1070.0,4570735.8,2026-08-11 14:05:58.422619,150.0,1106.72,,,,,,,,,,,,,,7,"price_volume, live_market, summary, top_gainers, top_losers, nepse_index, supply_demand",5517
2026-08-11T14:20:04.325163+05:45,2026-08-11 14:20:04,live_market,live_market_249,True,cloud_automated,Tuesday - Trading Hours: 11:00 AM - 3:00 PM NPT,2746,National Laghubitta Bittiya Sanstha Limited,NMFBS,58.0,1689.0,1100.0,-0.36,1104.0,,1127.9,1127.9,1100.0,1864879.3,2026-08-11 14:05:42.999728,15.0,1104.13,,,,,,,,,,,,,,7,"price_volume, live_market, summary, top_gainers, top_losers, nepse_index, supply_demand",5517
2026-08-11T14:20:04.325163+05:45,2026-08-11 14:20:04,live_market,live_market_250,True,cloud_automated,Tuesday - Trading Hours: 11:00 AM - 3:00 PM NPT,2781,Wean Nepal Laghubitta Bittiya Sanstha Limited,WNLB,58.0,237.0,1356.0,1.8,1332.0,,1370.0,1449.0,1356.0,326621.0,2026-08-11 14:05:35.329751,45.0,1378.15,,,,,,,,,,,,,,7,"price_volume, live_market, summary, top_gainers, top_losers, nepse_index, supply_demand",5517
2026-08-11T14:20:04.325163+05:45,2026-08-11 14:20:04,live_market,live_market_251,True,cloud_automated,Tuesday - Trading Hours: 11:00 AM - 3:00 PM NPT,583,Grameen Bikas Laghubitta Bittiya Sanstha Ltd.,GBLBS,58.0,5218.0,732.1,-0.93,739.0,,775.9,775.9,732.1,3834815.2,2026-08-11 14:05:29.126847,736.0,734.92,,,,,,,,,,,,,,7,"price_volume, live_market, summary, top_gainers, top_losers, nepse_index, supply_demand",5517
2026-08-11T14:20:04.325163+05:45,2026-08-11 14:20:04,live_market,live_market_252,True,cloud_automated,Tuesday - Trading Hours: 11:00 AM - 3:00 PM NPT,8041,NESDO Sambridha Laghubitta Bittiya Sanstha Limited,NESDO,58.0,378.0,1446.2,-0.81,1458.0,,1450.0,1460.0,1445.0,549273.4,2026-08-11 14:05:17.681245,11.0,1453.1,,,,,,,,,,,,,,7,"price_volume, live_market, summary, top_gainers, top_losers, nepse_index, supply_demand",5517
2026-08-11T14:20:04.325163+05:45,2026-08-11 14:20:04,live_market,live_market_253,True,cloud_automated,Tuesday - Trading Hours: 11:00 AM - 3:00 PM NPT,8023,Mega Mutual Fund -1,MMF1,58.0,5930.0,8.75,-2.56,8.98,,8.73,8.99,8.73,52240.7,2026-08-11 14:05:15.080142,200.0,8.81,,,,,,,,,,,,,,7,"price_volume, live_market, summary, top_gainers, top_losers, nepse_index, supply_demand",5517
2026-08-11T14:20:04.325163+05:45,2026-08-11 14:20:04,live_market,live_market_254,True,cloud_automated,Tuesday - Trading Hours: 11:00 AM - 3:00 PM NPT,9161,Aatmanirbhar Laghubitta Bittiya Sanstha Limited,ANLB,58.0,1849.0,5360.0,-1.96,5467.0,,5300.0,5790.0,5300.0,9940375.4,2026-08-11 14:05:14.548,4.0,5376.08,,,,,,,,,,,,,,7,"price_volume, live_market, summary, top_gainers, top_losers, nepse_index, supply_demand",5517
2026-08-11T14:20:04.325163+05:45,2026-08-11 14:20:04,live_market,live_market_255,True,cloud_automated,Tuesday - Trading Hours: 11:00 AM - 3:00 PM NPT,9254,NMB Hybrid Fund L- II,NMBHF2,58.0,1600.0,9.54,0.0,9.54,,9.56,9.56,9.54,15292.0,2026-08-11 14:05:00.535742,100.0,9.56,,,,,,,,,,,,,,7,"price_volume, live_market, summary, top_gainers, top_losers, nepse_index, supply_demand",5517
2026-08-11T14:20:04.325163+05:45,2026-08-11 14:20:04,live_market,live_market_256,True,cloud_automated,Tuesday - Trading Hours: 11:00 AM - 3:00 PM NPT,8117,Aviyan Laghubitta Bittiya Sanstha Limited,AVYAN,58.0,348.0,1044.6,-0.61,1051.0,,1042.0,1051.0,1042.0,364732.0,2026-08-11 14:04:56.345193,10.0,1048.08,,,,,,,,,,,,,,7,"price_volume, live_market, summary, top_gainers, top_losers, nepse_index, supply_demand",5517
2026-08-11T14:20:04.325163+05:45,2026-08-11 14:20:04,live_market,live_market_257,True,cloud_automated,Tuesday - Trading Hours: 11:00 AM - 3:00 PM NPT,338,Progressive Finance Limited,PROFL,58.0,2605.0,417.3,-0.41,419.0,,425.0,425.0,415.0,1088516.7,2026-08-11 14:04:25.649944,10.0,417.86,,,,,,,,,,,,,,7,"price_volume, live_market, summary, top_gainers, top_losers, nepse_index, supply_demand",5517
2026-08-11T14:20:04.325163+05:45,2026-08-11 14:20:04,live_market,live_market_258,True,cloud_automated,Tuesday - Trading Hours: 11:00 AM - 3:00 PM NPT,2786,Panchakanya Mai Hydropower Ltd,PMHPL,58.0,1721.0,315.0,-1.22,318.9,,312.1,320.0,312.1,542361.0,2026-08-11 14:04:10.721269,10.0,315.14,,,,,,,,,,,,,,7,"price_volume, live_market, summary, top_gainers, top_losers, nepse_index, supply_demand",5517
2026-08-11T14:20:04.325163+05:45,2026-08-11 14:20:04,live_market,live_market_259,True,cloud_automated,Tuesday - Trading Hours: 11:00 AM - 3:00 PM NPT,559,NLG Insurance Company Ltd.,NLG,58.0,3551.0,564.1,-0.69,568.0,,575.0,579.9,564.1,2007120.1,2026-08-11 14:03:45.261676,10.0,565.23,,,,,,,,,,,,,,7,"price_volume, live_market, summary, top_gainers, top_losers, nepse_index, supply_demand",5517
2026-08-11T14:20:04.325163+05:45,2026-08-11 14:20:04,live_market,live_market_260,True,cloud_automated,Tuesday - Trading Hours: 11:00 AM - 3:00 PM NPT,516,Manjushree Finance Ltd.,MFIL,58.0,10937.0,757.1,-1.93,772.0,,755.0,777.5,755.0,8314244.3,2026-08-11 14:03:43.514638,60.0,760.19,,,,,,,,,,,,,,7,"price_volume, live_market, summary, top_gainers, top_losers, nepse_index, supply_demand",5517
2026-08-11T14:20:04.325163+05:45,2026-08-11 14:20:04,live_market,live_market_261,True,cloud_automated,Tuesday - Trading Hours: 11:00 AM - 3:00 PM NPT,192,Shikhar Insurance Co. Ltd.,SICL,58.0,2078.0,614.9,0.77,610.2,,610.0,620.0,610.0,1270648.3,2026-08-11 14:03:41.296265,35.0,611.48,,,,,,,,,,,,,,7,"price_volume, live_market, summary, top_gainers, top_losers, nepse_index, supply_demand",5517
2026-08-11T14:20:04.325163+05:45,2026-08-11 14:20:04,live_market,live_market_262,True,cloud_automated,Tuesday - Trading Hours: 11:00 AM - 3:00 PM NPT,2744,Green Development Bank Ltd.,GRDBL,58.0,3603.0,1055.0,-0.38,1059.0,,1090.0,1090.0,1030.0,3811239.7,2026-08-11 14:03:41.026124,10.0,1057.8,,,,,,,,,,,,,,7,"price_volume, live_market, summary, top_gainers, top_losers, nepse_index, supply_demand",5517
2026-08-11T14:20:04.325163+05:45,2026-08-11 14:20:04,live_market,live_market_263,True,cloud_automated,Tuesday - Trading Hours: 11:00 AM - 3:00 PM NPT,469,Nepal Investment Mega Bank Ltd. Promoter Share,NIMBPO,58.0,1.0,144.0,0.0,144.0,,144.0,144.0,144.0,139.9,2026-08-11 14:03:28.595739,1.0,139.9,,,,,,,,,,,,,,7,"price_volume, live_market, summary, top_gainers, top_losers, nepse_index, supply_demand",5517
2026-08-11T14:20:04.325163+05:45,2026-08-11 14:20:04,live_market,live_market_264,True,cloud_automated,Tuesday - Trading Hours: 11:00 AM - 3:00 PM NPT,9348,Siddhartha Equity Fund 2,SEF2,58.0,5740.0,9.05,-2.16,9.25,,9.0,9.11,8.93,51800.8,2026-08-11 14:03:17.134584,100.0,9.02,,,,,,,,,,,,,,7,"price_volume, live_market, summary, top_gainers, top_losers, nepse_index, supply_demand",5517
2026-08-11T14:20:04.325163+05:45,2026-08-11 14:20:04,live_market,live_market_265,True,cloud_automated,Tuesday - Trading Hours: 11:00 AM - 3:00 PM NPT,227,Best Finance Company Ltd.,BFC,58.0,22084.0,495.0,0.08,494.6,,502.9,502.9,495.0,10977250.0,2026-08-11 14:02:48.386395,100.0,497.07,,,,,,,,,,,,,,7,"price_volume, live_market, summary, top_gainers, top_losers, nepse_index, supply_demand",5517
2026-08-11T14:20:04.325163+05:45,2026-08-11 14:20:04,live_market,live_market_266,True,cloud_automated,Tuesday - Trading Hours: 11:00 AM - 3:00 PM NPT,182,Siddhartha Premier Insurance Limited,SPIL,58.0,7702.0,685.0,-0.07,685.5,,674.0,695.0,674.0,5298315.1,2026-08-11 14:02:32.077849,30.0,687.91,,,,,,,,,,,,,,7,"price_volume, live_market, summary, top_gainers, top_losers, nepse_index, supply_demand",5517
2026-08-11T14:20:04.325163+05:45,2026-08-11 14:20:04,live_market,live_market_267,True,cloud_automated,Tuesday - Trading Hours: 11:00 AM - 3:00 PM NPT,2877,Sunrise First Mutual Fund,SFMF,58.0,9500.0,10.02,0.1,10.01,,10.02,10.02,10.02,95190.0,2026-08-11 14:02:07.4352,1925.0,10.02,,,,,,,,,,,,,,7,"price_volume, live_market, summary, top_gainers, top_losers, nepse_index, supply_demand",5517
2026-08-11T14:20:04.325163+05:45,2026-08-11 14:20:04,live_market,live_market_268,True,cloud_automated,Tuesday - Trading Hours: 11:00 AM - 3:00 PM NPT,8070,Dordi Khola Jal Bidyut Company Limited,DORDI,58.0,6076.0,249.7,-0.08,249.9,,250.0,253.9,249.7,1524661.6,2026-08-11 14:01:26.262481,130.0,250.93,,,,,,,,,,,,,,7,"price_volume, live_market, summary, top_gainers, top_losers, nepse_index, supply_demand",5517
2026-08-11T14:20:04.325163+05:45,2026-08-11 14:20:04,live_market,live_market_269,True,cloud_automated,Tuesday - Trading Hours: 11:00 AM - 3:00 PM NPT,9198,Laxmi Value Fund 2,LVF2,58.0,700.0,9.16,0.66,9.1,,9.15,9.16,9.15,6408.0,2026-08-11 13:59:21.811177,100.0,9.15,,,,,,,,,,,,,,7,"price_volume, live_market, summary, top_gainers, top_losers, nepse_index, supply_demand",5517
2026-08-11T14:20:04.325163+05:45,2026-08-11 14:20:04,live_market,live_market_270,True,cloud_automated,Tuesday - Trading Hours: 11:00 AM - 3:00 PM NPT,587,Reliance Finance Ltd.,RLFL,58.0,5282.0,452.0,1.12,447.0,,457.9,457.9,447.0,2387281.0,2026-08-11 13:59:15.93665,10.0,451.97,,,,,,,,,,,,,,7,"price_volume, live_market, summary, top_gainers, top_losers, nepse_index, supply_demand",5517
2026-08-11T14:20:04.325163+05:45,2026-08-11 14:20:04,live_market,live_market_271,True,cloud_automated,Tuesday - Trading Hours: 11:00 AM - 3:00 PM NPT,9290,HLI Large Cap Fund,HLICF,58.0,3100.0,8.5,-2.52,8.72,,8.47,8.75,8.47,26691.0,2026-08-11 13:58:41.813369,500.0,8.61,,,,,,,,,,,,,,7,"price_volume, live_market, summary, top_gainers, top_losers, nepse_index, supply_demand",5517
2026-08-11T14:20:04.325163+05:45,2026-08-11 14:20:04,live_market,live_market_272,True,cloud_automated,Tuesday - Trading Hours: 11:00 AM - 3:00 PM NPT,135,Nepal SBI Bank Limited,SBI,58.0,6637.0,401.0,0.0,401.0,,401.0,404.0,398.1,2655075.9,2026-08-11 13:58:11.793044,10.0,400.04,,,,,,,,,,,,,,7,"price_volume, live_market, summary, top_gainers, top_losers, nepse_index, supply_demand",5517
2026-08-11T14:20:04.325163+05:45,2026-08-11 14:20:04,live_market,live_market_273,True,cloud_automated,Tuesday - Trading Hours: 11:00 AM - 3:00 PM NPT,9183,Nepal Republic Media Limited,NRM,58.0,1342.0,305.0,-0.46,306.4,,306.0,310.0,305.0,413573.0,2026-08-11 13:57:35.706523,10.0,308.18,,,,,,,,,,,,,,7,"price_volume, live_market, summary, top_gainers, top_losers, nepse_index, supply_demand",5517
2026-08-11T14:20:04.325163+05:45,2026-08-11 14:20:04,live_market,live_market_274,True,cloud_automated,Tuesday - Trading Hours: 11:00 AM - 3:00 PM NPT,9167,Mai Khola Hydropower Limited,MKHL,58.0,924.0,493.2,-0.72,496.8,,472.0,495.0,472.0,454192.0,2026-08-11 13:56:42.542468,10.0,491.55,,,,,,,,,,,,,,7,"price_volume, live_market, summary, top_gainers, top_losers, nepse_index, supply_demand",5517
2026-08-11T14:20:04.325163+05:45,2026-08-11 14:20:04,live_market,live_market_275,True,cloud_automated,Tuesday - Trading Hours: 11:00 AM - 3:00 PM NPT,2923,Sanima Large Cap Fund,SLCF,58.0,1000.0,9.35,-1.58,9.5,,9.22,9.35,9.22,9268.0,2026-08-11 13:56:16.804656,100.0,9.27,,,,,,,,,,,,,,7,"price_volume, live_market, summary, top_gainers, top_losers, nepse_index, supply_demand",5517
2026-08-11T14:20:04.325163+05:45,2026-08-11 14:20:04,live_market,live_market_276,True,cloud_automated,Tuesday - Trading Hours: 11:00 AM - 3:00 PM NPT,9257,MBL Equity Fund,MBLEF,58.0,19400.0,10.25,-0.29,10.28,,10.21,10.34,10.21,199684.0,2026-08-11 13:56:15.697477,100.0,10.29,,,,,,,,,,,,,,7,"price_volume, live_market, summary, top_gainers, top_losers, nepse_index, supply_demand",5517
2026-08-11T14:20:04.325163+05:45,2026-08-11 14:20:04,live_market,live_market_277,True,cloud_automated,Tuesday - Trading Hours: 11:00 AM - 3:00 PM NPT,694,Matribhumi Lagubitta Bittiya Sanstha Limited,MATRI,58.0,165.0,806.0,0.49,802.1,,800.0,810.0,800.0,132913.4,2026-08-11 13:55:46.097418,19.0,805.54,,,,,,,,,,,,,,7,"price_volume, live_market, summary, top_gainers, top_losers, nepse_index, supply_demand",5517
2026-08-11T14:20:04.325163+05:45,2026-08-11 14:20:04,live_market,live_market_278,True,cloud_automated,Tuesday - Trading Hours: 11:00 AM - 3:00 PM NPT,9192,Upper Syange Hydropower Limited,USHL,58.0,1103.0,530.0,-2.73,544.9,,523.0,555.0,523.0,592238.5,2026-08-11 13:55:28.524475,10.0,536.93,,,,,,,,,,,,,,7,"price_volume, live_market, summary, top_gainers, top_losers, nepse_index, supply_demand",5517
2026-08-11T14:20:04.325163+05:45,2026-08-11 14:20:04,live_market,live_market_279,True,cloud_automated,Tuesday - Trading Hours: 11:00 AM - 3:00 PM NPT,9258,Pure Energy Limited,PURE,58.0,1462.0,817.1,-0.35,820.0,,815.0,825.0,815.0,1197852.0,2026-08-11 13:53:21.755347,10.0,819.32,,,,,,,,,,,,,,7,"price_volume, live_market, summary, top_gainers, top_losers, nepse_index, supply_demand",5517
2026-08-11T14:20:04.325163+05:45,2026-08-11 14:20:04,live_market,live_market_280,True,cloud_automated,Tuesday - Trading Hours: 11:00 AM - 3:00 PM NPT,147,Soaltee Hotel Limited,SHL,58.0,17641.0,503.9,1.18,498.0,,502.0,507.7,489.5,8833109.6,2026-08-11 13:53:09.788875,220.0,500.71,,,,,,,,,,,,,,7,"price_volume, live_market, summary, top_gainers, top_losers, nepse_index, supply_demand",5517
2026-08-11T14:20:04.325163+05:45,2026-08-11 14:20:04,live_market,live_market_281,True,cloud_automated,Tuesday - Trading Hours: 11:00 AM - 3:00 PM NPT,9174,Prabhu Smart Fund,PRSF,58.0,11755.0,12.71,-1.09,12.85,,12.73,12.73,12.71,149531.6,2026-08-11 13:52:51.904022,100.0,12.72,,,,,,,,,,,,,,7,"price_volume, live_market, summary, top_gainers, top_losers, nepse_index, supply_demand",5517
2026-08-11T14:20:04.325163+05:45,2026-08-11 14:20:04,live_market,live_market_282,True,cloud_automated,Tuesday - Trading Hours: 11:00 AM - 3:00 PM NPT,9215,Mid Solu Hydropower Limited,MSHL,58.0,360.0,604.0,-0.33,606.0,,606.0,618.0,602.1,217255.3,2026-08-11 13:51:32.878793,22.0,603.49,,,,,,,,,,,,,,7,"price_volume, live_market, summary, top_gainers, top_losers, nepse_index, supply_demand",5517
2026-08-11T14:20:04.325163+05:45,2026-08-11 14:20:04,live_market,live_market_283,True,cloud_automated,Tuesday - Trading Hours: 11:00 AM - 3:00 PM NPT,9241,Kumari Sabal Yojana,KSY,58.0,6350.0,9.33,-1.48,9.47,,9.19,9.33,9.19,58410.5,2026-08-11 13:49:57.106223,250.0,9.2,,,,,,,,,,,,,,7,"price_volume, live_market, summary, top_gainers, top_losers, nepse_index, supply_demand",5517
2026-08-11T14:20:04.325163+05:45,2026-08-11 14:20:04,live_market,live_market_284,True,cloud_automated,Tuesday - Trading Hours: 11:00 AM - 3:00 PM NPT,8106,Global IME Balanced Fund-1,GIBF1,58.0,1300.0,10.9,-0.91,11.0,,10.7,10.9,10.7,14030.0,2026-08-11 13:49:39.278425,600.0,10.79,,,,,,,,,,,,,,7,"price_volume, live_market, summary, top_gainers, top_losers, nepse_index, supply_demand",5517
2026-08-11T14:20:04.325163+05:45,2026-08-11 14:20:04,live_market,live_market_285,True,cloud_automated,Tuesday - Trading Hours: 11:00 AM - 3:00 PM NPT,149,Oriental Hotels Limited,OHL,58.0,1150.0,660.0,1.38,651.0,,642.0,661.2,642.0,760070.0,2026-08-11 13:49:15.511714,90.0,660.93,,,,,,,,,,,,,,7,"price_volume, live_market, summary, top_gainers, top_losers, nepse_index, supply_demand",5517
2026-08-11T14:20:04.325163+05:45,2026-08-11 14:20:04,live_market,live_market_286,True,cloud_automated,Tuesday - Trading Hours: 11:00 AM - 3:00 PM NPT,156,Bishal Bazar Company Limited,BBC,58.0,114.0,4200.0,-1.15,4249.0,,4280.0,4280.0,4155.0,480239.0,2026-08-11 13:48:31.664276,10.0,4212.62,,,,,,,,,,,,,,7,"price_volume, live_market, summary, top_gainers, top_losers, nepse_index, supply_demand",5517
2026-08-11T14:20:04.325163+05:45,2026-08-11 14:20:04,live_market,live_market_287,True,cloud_automated,Tuesday - Trading Hours: 11:00 AM - 3:00 PM NPT,2831,Union Hydropower Limited,UNHPL,58.0,7114.0,371.3,-0.72,374.0,,368.0,377.1,368.0,2657045.1,2026-08-11 13:47:42.162109,500.0,373.5,,,,,,,,,,,,,,7,"price_volume, live_market, summary, top_gainers, top_losers, nepse_index, supply_demand",5517
2026-08-11T14:20:04.325163+05:45,2026-08-11 14:20:04,live_market,live_market_288,True,cloud_automated,Tuesday - Trading Hours: 11:00 AM - 3:00 PM NPT,163,Nirdhan Utthan Laghubitta Bittiya Sanstha Limited,NUBL,58.0,3596.0,601.1,-1.46,610.0,,610.0,610.0,601.0,2164832.4,2026-08-11 13:47:21.465344,131.0,602.01,,,,,,,,,,,,,,7,"price_volume, live_market, summary, top_gainers, top_losers, nepse_index, supply_demand",5517
2026-08-11T14:20:04.325163+05:45,2026-08-11 14:20:04,live_market,live_market_289,True,cloud_automated,Tuesday - Trading Hours: 11:00 AM - 3:00 PM NPT,8132,Shrijanshil Laghubitta Bittiya Sanstha Limited,SHLB,58.0,10.0,1434.0,0.0,1434.0,,1434.0,1434.0,1434.0,14340.0,2026-08-11 13:47:06.529442,10.0,1434.0,,,,,,,,,,,,,,7,"price_volume, live_market, summary, top_gainers, top_losers, nepse_index, supply_demand",5517
2026-08-11T14:20:04.325163+05:45,2026-08-11 14:20:04,live_market,live_market_290,True,cloud_automated,Tuesday - Trading Hours: 11:00 AM - 3:00 PM NPT,2937,Sunrise Bluechip Fund,SBCF,58.0,12150.0,9.4,0.0,9.4,,9.57,9.6,9.4,116049.5,2026-08-11 13:47:04.809056,500.0,9.55,,,,,,,,,,,,,,7,"price_volume, live_market, summary, top_gainers, top_losers, nepse_index, supply_demand",5517
2026-08-11T14:20:04.325163+05:45,2026-08-11 14:20:04,live_market,live_market_291,True,cloud_automated,Tuesday - Trading Hours: 11:00 AM - 3:00 PM NPT,618,Laxmi Laghubitta Bittiya Sanstha Ltd.,LLBS,58.0,637.0,884.0,2.08,866.0,,860.0,912.0,840.0,546424.5,2026-08-11 13:46:51.757094,10.0,857.81,,,,,,,,,,,,,,7,"price_volume, live_market, summary, top_gainers, top_losers, nepse_index, supply_demand",5517
2026-08-11T14:20:04.325163+05:45,2026-08-11 14:20:04,live_market,live_market_292,True,cloud_automated,Tuesday - Trading Hours: 11:00 AM - 3:00 PM NPT,2917,Chandragiri Hills Limited,CGH,58.0,2634.0,784.0,0.53,779.9,,779.9,795.1,775.0,2053873.8,2026-08-11 13:46:36.012756,340.0,779.75,,,,,,,,,,,,,,7,"price_volume, live_market, summary, top_gainers, top_losers, nepse_index, supply_demand",5517
2026-08-11T14:20:04.325163+05:45,2026-08-11 14:20:04,live_market,live_market_293,True,cloud_automated,Tuesday - Trading Hours: 11:00 AM - 3:00 PM NPT,4967,NIC Asia Select Fund 30,NICSF,58.0,200.0,8.66,0.23,8.64,,8.6,8.66,8.6,1726.0,2026-08-11 13:46:06.934778,100.0,8.63,,,,,,,,,,,,,,7,"price_volume, live_market, summary, top_gainers, top_losers, nepse_index, supply_demand",5517
2026-08-11T14:20:04.325163+05:45,2026-08-11 14:20:04,live_market,live_market_294,True,cloud_automated,Tuesday - Trading Hours: 11:00 AM - 3:00 PM NPT,9147,Shuvam Power Limited,SPL,58.0,990.0,636.0,-0.36,638.3,,606.4,653.0,606.4,628899.0,2026-08-11 13:46:03.845223,10.0,635.25,,,,,,,,,,,,,,7,"price_volume, live_market, summary, top_gainers, top_losers, nepse_index, supply_demand",5517
2026-08-11T14:20:04.325163+05:45,2026-08-11 14:20:04,live_market,live_market_295,True,cloud_automated,Tuesday - Trading Hours: 11:00 AM - 3:00 PM NPT,4968,RBB Mutual Fund 1,RMF1,58.0,500.0,9.62,-0.82,9.7,,9.6,9.62,9.6,4804.0,2026-08-11 13:40:56.126779,100.0,9.61,,,,,,,,,,,,,,7,"price_volume, live_market, summary, top_gainers, top_losers, nepse_index, supply_demand",5517
2026-08-11T14:20:04.325163+05:45,2026-08-11 14:20:04,live_market,live_market_296,True,cloud_automated,Tuesday - Trading Hours: 11:00 AM - 3:00 PM NPT,2758,Forward Microfinance Laghubitta Bittiya Sanstha Limited,FOWAD,58.0,434.0,940.0,-0.53,945.0,,950.0,950.0,932.0,405575.9,2026-08-11 13:36:39.371052,11.0,934.51,,,,,,,,,,,,,,7,"price_volume, live_market, summary, top_gainers, top_losers, nepse_index, supply_demand",5517
2026-08-11T14:20:04.325163+05:45,2026-08-11 14:20:04,live_market,live_market_297,True,cloud_automated,Tuesday - Trading Hours: 11:00 AM - 3:00 PM NPT,9217,Mathillo Mailun Khola Jalvidhyut Limited,MMKJL,58.0,1143.0,440.0,-2.22,450.0,,440.1,449.0,440.0,504978.0,2026-08-11 13:36:38.600675,10.0,441.8,,,,,,,,,,,,,,7,"price_volume, live_market, summary, top_gainers, top_losers, nepse_index, supply_demand",5517
2026-08-11T14:20:04.325163+05:45,2026-08-11 14:20:04,live_market,live_market_298,True,cloud_automated,Tuesday - Trading Hours: 11:00 AM - 3:00 PM NPT,2829,Swabhimaan Laghubitta Bittiya Sanstha Limited,SMFBS,58.0,322.0,1530.0,2.0,1500.0,,1538.0,1544.0,1529.9,494104.9,2026-08-11 13:34:57.27609,60.0,1534.49,,,,,,,,,,,,,,7,"price_volume, live_market, summary, top_gainers, top_losers, nepse_index, supply_demand",5517
2026-08-11T14:20:04.325163+05:45,2026-08-11 14:20:04,live_market,live_market_299,True,cloud_automated,Tuesday - Trading Hours: 11:00 AM - 3:00 PM NPT,9266,7% NIC ASIA Debenture 2091,NICAD2091,58.0,25.0,1022.3,-2.55,1049.0,,1022.3,1022.3,1022.3,25557.5,2026-08-11 13:34:53.015144,25.0,1022.3,,,,,,,,,,,,,,7,"price_volume, live_market, summary, top_gainers, top_losers, nepse_index, supply_demand",5517
2026-08-11T14:20:04.325163+05:45,2026-08-11 14:20:04,live_market,live_market_300,True,cloud_automated,Tuesday - Trading Hours: 11:00 AM - 3:00 PM NPT,8063,Upakar Laghubitta Bittiya Sanstha Limited,ULBSL,58.0,423.0,2750.0,0.04,2749.0,,2660.0,2850.0,2660.0,1150896.5,2026-08-11 13:31:25.97986,10.0,2720.8,,,,,,,,,,,,,,7,"price_volume, live_market, summary, top_gainers, top_losers, nepse_index, supply_demand",5517
2026-08-11T14:20:04.325163+05:45,2026-08-11 14:20:04,live_market,live_market_301,True,cloud_automated,Tuesday - Trading Hours: 11:00 AM - 3:00 PM NPT,8123,Dhaulagiri Laghubitta Bittiya Sanstha Limited,DLBS,58.0,290.0,1160.4,-1.66,1180.0,,1160.0,1189.0,1160.0,337405.0,2026-08-11 13:30:50.280269,60.0,1163.47,,,,,,,,,,,,,,7,"price_volume, live_market, summary, top_gainers, top_losers, nepse_index, supply_demand",5517
2026-08-11T14:20:04.325163+05:45,2026-08-11 14:20:04,live_market,live_market_302,True,cloud_automated,Tuesday - Trading Hours: 11:00 AM - 3:00 PM NPT,2902,Laxmi Unnati Kosh,LUK,58.0,1904.0,10.29,2.29,10.06,,10.1,10.6,10.1,19598.0,2026-08-11 13:26:49.002259,100.0,10.29,,,,,,,,,,,,,,7,"price_volume, live_market, summary, top_gainers, top_losers, nepse_index, supply_demand",5517
2026-08-11T14:20:04.325163+05:45,2026-08-11 14:20:04,live_market,live_market_303,True,cloud_automated,Tuesday - Trading Hours: 11:00 AM - 3:00 PM NPT,9135,Barahi Hydropower Public Limited,BHPL,58.0,1301.0,476.0,-1.35,482.5,,475.0,487.0,473.1,620576.0,2026-08-11 13:26:30.877975,10.0,477.0,,,,,,,,,,,,,,7,"price_volume, live_market, summary, top_gainers, top_losers, nepse_index, supply_demand",5517
2026-08-11T14:20:04.325163+05:45,2026-08-11 14:20:04,live_market,live_market_304,True,cloud_automated,Tuesday - Trading Hours: 11:00 AM - 3:00 PM NPT,213,Bottlers Nepal (Terai) Limited,BNT,58.0,30.0,11500.2,-0.43,11550.1,,11550.0,11550.0,11500.2,345512.0,2026-08-11 13:24:32.412207,10.0,11517.07,,,,,,,,,,,,,,7,"price_volume, live_market, summary, top_gainers, top_losers, nepse_index, supply_demand",5517
2026-08-11T14:20:04.325163+05:45,2026-08-11 14:20:04,live_market,live_market_305,True,cloud_automated,Tuesday - Trading Hours: 11:00 AM - 3:00 PM NPT,9221,Himalayan 80-20,H8020,58.0,700.0,11.67,-2.83,12.01,,12.0,12.0,11.67,8367.0,2026-08-11 13:22:18.963068,100.0,11.95,,,,,,,,,,,,,,7,"price_volume, live_market, summary, top_gainers, top_losers, nepse_index, supply_demand",5517
2026-08-11T14:20:04.325163+05:45,2026-08-11 14:20:04,live_market,live_market_306,True,cloud_automated,Tuesday - Trading Hours: 11:00 AM - 3:00 PM NPT,9138,NIBL Growth Fund,NIBLGF,58.0,2535.0,8.86,0.68,8.8,,8.81,9.02,8.8,22348.35,2026-08-11 13:21:17.763724,100.0,8.82,,,,,,,,,,,,,,7,"price_volume, live_market, summary, top_gainers, top_losers, nepse_index, supply_demand",5517
2026-08-11T14:20:04.325163+05:45,2026-08-11 14:20:04,live_market,live_market_307,True,cloud_automated,Tuesday - Trading Hours: 11:00 AM - 3:00 PM NPT,706,Suryodaya Womi Laghubitta Bittiya Sanstha Limited,SWMF,58.0,542.0,604.1,-2.41,619.0,,649.9,649.9,604.1,332890.7,2026-08-11 13:20:25.639968,47.0,614.19,,,,,,,,,,,,,,7,"price_volume, live_market, summary, top_gainers, top_losers, nepse_index, supply_demand",5517
2026-08-11T14:20:04.325163+05:45,2026-08-11 14:20:04,live_market,live_market_308,True,cloud_automated,Tuesday - Trading Hours: 11:00 AM - 3:00 PM NPT,9255,Everest Bank Limited Debenture 2091,EBLD91,58.0,126.0,1088.0,0.0,1088.0,,1060.0,1088.0,1060.0,136390.0,2026-08-11 13:16:45.707371,100.0,1082.46,,,,,,,,,,,,,,7,"price_volume, live_market, summary, top_gainers, top_losers, nepse_index, supply_demand",5517
2026-08-11T14:20:04.325163+05:45,2026-08-11 14:20:04,live_market,live_market_309,True,cloud_automated,Tuesday - Trading Hours: 11:00 AM - 3:00 PM NPT,9140,Unique Nepal Laghubitta Bittiya Sanstha Limited,UNLB,58.0,1000.0,1287.0,1.34,1270.0,,1300.0,1300.0,1230.8,1248566.0,2026-08-11 13:16:08.777291,10.0,1248.57,,,,,,,,,,,,,,7,"price_volume, live_market, summary, top_gainers, top_losers, nepse_index, supply_demand",5517
2026-08-11T14:20:04.325163+05:45,2026-08-11 14:20:04,live_market,live_market_310,True,cloud_automated,Tuesday - Trading Hours: 11:00 AM - 3:00 PM NPT,2769,Nepal Hydro Developers Ltd.,NHDL,58.0,32.0,638.0,-0.31,640.0,,635.0,638.0,635.0,20248.5,2026-08-11 13:15:57.986663,1.0,632.77,,,,,,,,,,,,,,7,"price_volume, live_market, summary, top_gainers, top_losers, nepse_index, supply_demand",5517
2026-08-11T14:20:04.325163+05:45,2026-08-11 14:20:04,live_market,live_market_311,True,cloud_automated,Tuesday - Trading Hours: 11:00 AM - 3:00 PM NPT,2771,Support Microfinance Bittiya Sanstha Ltd.,SMB,58.0,895.0,1820.0,-1.52,1848.0,,1825.0,1835.0,1820.0,1633343.0,2026-08-11 13:15:49.690021,26.0,1824.96,,,,,,,,,,,,,,7,"price_volume, live_market, summary, top_gainers, top_losers, nepse_index, supply_demand",5517
2026-08-11T14:20:04.325163+05:45,2026-08-11 14:20:04,live_market,live_market_312,True,cloud_automated,Tuesday - Trading Hours: 11:00 AM - 3:00 PM NPT,2835,NABIL BALANCED FUND-2,NBF2,58.0,300.0,9.83,-0.3,9.86,,9.81,9.83,9.81,2945.0,2026-08-11 13:15:01.541575,100.0,9.82,,,,,,,,,,,,,,7,"price_volume, live_market, summary, top_gainers, top_losers, nepse_index, supply_demand",5517
2026-08-11T14:20:04.325163+05:45,2026-08-11 14:20:04,live_market,live_market_313,True,cloud_automated,Tuesday - Trading Hours: 11:00 AM - 3:00 PM NPT,9244,NIBL Stable Fund,NIBLSTF,58.0,1100.0,8.58,0.47,8.54,,8.54,8.8,8.54,9437.0,2026-08-11 13:15:00.463905,200.0,8.58,,,,,,,,,,,,,,7,"price_volume, live_market, summary, top_gainers, top_losers, nepse_index, supply_demand",5517
2026-08-11T14:20:04.325163+05:45,2026-08-11 14:20:04,live_market,live_market_314,True,cloud_automated,Tuesday - Trading Hours: 11:00 AM - 3:00 PM NPT,8034,Emerging Nepal Limited,ENL,58.0,30.0,783.2,-1.84,797.9,,782.0,783.2,782.0,23483.0,2026-08-11 13:10:58.435662,10.0,782.77,,,,,,,,,,,,,,7,"price_volume, live_market, summary, top_gainers, top_losers, nepse_index, supply_demand",5517
2026-08-11T14:20:04.325163+05:45,2026-08-11 14:20:04,live_market,live_market_315,True,cloud_automated,Tuesday - Trading Hours: 11:00 AM - 3:00 PM NPT,9182,Siddhartha Investment Growth Scheme 3,SIGS3,58.0,10200.0,10.66,-2.11,10.89,,10.95,10.95,10.66,111632.0,2026-08-11 13:10:31.291208,100.0,10.94,,,,,,,,,,,,,,7,"price_volume, live_market, summary, top_gainers, top_losers, nepse_index, supply_demand",5517
2026-08-11T14:20:04.325163+05:45,2026-08-11 14:20:04,live_market,live_market_316,True,cloud_automated,Tuesday - Trading Hours: 11:00 AM - 3:00 PM NPT,2863,NIC Asia Balanced Fund,NICBF,58.0,100.0,9.3,0.0,9.3,,9.3,9.3,9.3,930.0,2026-08-11 13:06:32.869353,100.0,9.3,,,,,,,,,,,,,,7,"price_volume, live_market, summary, top_gainers, top_losers, nepse_index, supply_demand",5517
2026-08-11T14:20:04.325163+05:45,2026-08-11 14:20:04,live_market,live_market_317,True,cloud_automated,Tuesday - Trading Hours: 11:00 AM - 3:00 PM NPT,8018,Manushi Laghubitta Bittiya Sanstha Limited,MLBS,58.0,540.0,1116.0,-1.24,1130.0,,1146.1,1146.1,1116.0,603130.0,2026-08-11 12:57:44.872663,440.0,1116.91,,,,,,,,,,,,,,7,"price_volume, live_market, summary, top_gainers, top_losers, nepse_index, supply_demand",5517
2026-08-11T14:20:04.325163+05:45,2026-08-11 14:20:04,live_market,live_market_318,True,cloud_automated,Tuesday - Trading Hours: 11:00 AM - 3:00 PM NPT,4959,8.5% Nepal Bank Debenture 2087,NBLD87,58.0,25.0,1075.3,-1.53,1092.0,,1075.3,1075.3,1075.3,26882.5,2026-08-11 12:57:16.614924,25.0,1075.3,,,,,,,,,,,,,,7,"price_volume, live_market, summary, top_gainers, top_losers, nepse_index, supply_demand",5517
2026-08-11T14:20:04.325163+05:45,2026-08-11 14:20:04,live_market,live_market_319,True,cloud_automated,Tuesday - Trading Hours: 11:00 AM - 3:00 PM NPT,8065,CYC Nepal Laghubitta Bittiya Sanstha Limited,CYCL,58.0,70.0,1294.0,1.25,1278.0,,1271.0,1295.0,1271.0,89653.0,2026-08-11 12:54:47.026319,15.0,1280.76,,,,,,,,,,,,,,7,"price_volume, live_market, summary, top_gainers, top_losers, nepse_index, supply_demand",5517
2026-08-11T14:20:04.325163+05:45,2026-08-11 14:20:04,live_market,live_market_320,True,cloud_automated,Tuesday - Trading Hours: 11:00 AM - 3:00 PM NPT,9264,7% RBBL Debenture 2088,RBBD2088,58.0,1.0,994.1,0.0,994.1,,994.1,994.1,994.1,1023.9,2026-08-11 12:42:45.756573,1.0,1023.9,,,,,,,,,,,,,,7,"price_volume, live_market, summary, top_gainers, top_losers, nepse_index, supply_demand",5517
2026-08-11T14:20:04.325163+05:45,2026-08-11 14:20:04,live_market,live_market_321,True,cloud_automated,Tuesday - Trading Hours: 11:00 AM - 3:00 PM NPT,8068,Century Debenture 2088,CCBD88,58.0,25.0,1182.0,1.46,1165.0,,1182.0,1182.0,1182.0,29550.0,2026-08-11 12:41:12.043934,25.0,1182.0,,,,,,,,,,,,,,7,"price_volume, live_market, summary, top_gainers, top_losers, nepse_index, supply_demand",5517
2026-08-11T14:20:04.325163+05:45,2026-08-11 14:20:04,live_market,live_market_322,True,cloud_automated,Tuesday - Trading Hours: 11:00 AM - 3:00 PM NPT,8102,Mandakini Hydropower Limited,MHL,58.0,455.0,471.0,0.64,468.0,,464.1,472.0,464.1,213936.5,2026-08-11 12:36:06.762589,15.0,470.19,,,,,,,,,,,,,,7,"price_volume, live_market, summary, top_gainers, top_losers, nepse_index, supply_demand",5517
2026-08-11T14:20:04.325163+05:45,2026-08-11 14:20:04,live_market,live_market_323,True,cloud_automated,Tuesday - Trading Hours: 11:00 AM - 3:00 PM NPT,9271,7.25% SBL Debenture 2091,SBLD2091,58.0,25.0,1055.0,-1.72,1073.5,,1055.0,1055.0,1055.0,26375.0,2026-08-11 12:29:16.440296,25.0,1055.0,,,,,,,,,,,,,,7,"price_volume, live_market, summary, top_gainers, top_losers, nepse_index, supply_demand",5517
2026-08-11T14:20:04.325163+05:45,2026-08-11 14:20:04,live_market,live_market_324,True,cloud_automated,Tuesday - Trading Hours: 11:00 AM - 3:00 PM NPT,9139,Sanima Growth Fund,SAGF,58.0,300.0,10.0,-1.09,10.11,,10.11,10.11,10.0,3011.0,2026-08-11 12:25:30.209652,200.0,10.04,,,,,,,,,,,,,,7,"price_volume, live_market, summary, top_gainers, top_losers, nepse_index, supply_demand",5517
2026-08-11T14:20:04.325163+05:45,2026-08-11 14:20:04,live_market,live_market_325,True,cloud_automated,Tuesday - Trading Hours: 11:00 AM - 3:00 PM NPT,8098,10.75% SBL Debenture 2089,SBLD89,58.0,10.0,1225.1,0.34,1221.0,,1225.1,1225.1,1225.1,12251.0,2026-08-11 12:23:44.279502,10.0,1225.1,,,,,,,,,,,,,,7,"price_volume, live_market, summary, top_gainers, top_losers, nepse_index, supply_demand",5517
2026-08-11T14:20:04.325163+05:45,2026-08-11 14:20:04,live_market,live_market_326,True,cloud_automated,Tuesday - Trading Hours: 11:00 AM - 3:00 PM NPT,2922,8.5% Sanima Debenture 2087,SBD87,58.0,50.0,1080.0,0.0,1080.0,,1080.0,1080.0,1080.0,54000.0,2026-08-11 12:13:53.449424,50.0,1080.0,,,,,,,,,,,,,,7,"price_volume, live_market, summary, top_gainers, top_losers, nepse_index, supply_demand",5517
2026-08-11T14:20:04.325163+05:45,2026-08-11 14:20:04,live_market,live_market_327,True,cloud_automated,Tuesday - Trading Hours: 11:00 AM - 3:00 PM NPT,2859,Siddhartha Investment Growth Scheme - 2,SIGS2,58.0,3000.0,10.5,-2.78,10.8,,10.5,10.5,10.5,31500.0,2026-08-11 12:12:02.439778,2000.0,10.5,,,,,,,,,,,,,,7,"price_volume, live_market, summary, top_gainers, top_losers, nepse_index, supply_demand",5517
2026-08-11T14:20:04.325163+05:45,2026-08-11 14:20:04,live_market,live_market_328,True,cloud_automated,Tuesday - Trading Hours: 11:00 AM - 3:00 PM NPT,8033,"Garima Debenture, 2085",GBBD85,58.0,25.0,1058.6,1.25,1045.5,,1058.6,1058.6,1058.6,26465.0,2026-08-11 11:52:08.669268,25.0,1058.6,,,,,,,,,,,,,,7,"price_volume, live_market, summary, top_gainers, top_losers, nepse_index, supply_demand",5517
2026-08-11T14:20:04.325163+05:45,2026-08-11 14:20:04,live_market,live_market_329,True,cloud_automated,Tuesday - Trading Hours: 11:00 AM - 3:00 PM NPT,219,Unilever Nepal Limited,UNL,58.0,45.0,48500.0,0.0,48500.0,,48300.0,48500.0,48300.0,2178500.0,2026-08-11 11:45:15.031976,25.0,48411.11,,,,,,,,,,,,,,7,"price_volume, live_market, summary, top_gainers, top_losers, nepse_index, supply_demand",5517
2026-08-11T14:20:04.325163+05:45,2026-08-11 14:20:04,live_market,live_market_330,True,cloud_automated,Tuesday - Trading Hours: 11:00 AM - 3:00 PM NPT,9154,Sunrise Focused Equity Fund,SFEF,58.0,100.0,9.8,-1.11,9.91,,9.8,9.8,9.8,980.0,2026-08-11 11:15:52.600982,100.0,9.8,,,,,,,,,,,,,,7,"price_volume, live_market, summary, top_gainers, top_losers, nepse_index, supply_demand",5517
2026-08-11T14:20:04.325163+05:45,2026-08-11 14:20:04,live_market,live_market_331,True,cloud_automated,Tuesday - Trading Hours: 11:00 AM - 3:00 PM NPT,8044,Everest Bank Limited,EBLD86,58.0,25.0,1050.8,-2.79,1081.0,,1050.8,1050.8,1050.8,26270.0,2026-08-11 11:06:15.261115,25.0,1050.8,,,,,,,,,,,,,,7,"price_volume, live_market, summary, top_gainers, top_losers, nepse_index, supply_demand",5517
2026-08-11T14:20:04.325163+05:45,2026-08-11 14:20:04,live_market,live_market_332,True,cloud_automated,Tuesday - Trading Hours: 11:00 AM - 3:00 PM NPT,6984,8.75 % Prime Debenture 2085,PBD85,58.0,50.0,1091.8,3.0,1060.0,,1091.8,1091.8,1091.8,54590.0,2026-08-11 11:04:58.710227,50.0,1091.8,,,,,,,,,,,,,,7,"price_volume, live_market, summary, top_gainers, top_losers, nepse_index, supply_demand",5517
2026-08-11T14:20:04.325163+05:45,2026-08-11 14:20:04,live_market,live_market_333,True,cloud_automated,Tuesday - Trading Hours: 11:00 AM - 3:00 PM NPT,9141,NIFRA Uraj Rinpatra7%-2085/86,NIFRAUR85/86,58.0,50.0,1010.0,-2.23,1033.0,,1010.0,1010.0,1010.0,50500.0,2026-08-11 11:02:42.84715,50.0,1010.0,,,,,,,,,,,,,,7,"price_volume, live_market, summary, top_gainers, top_losers, nepse_index, supply_demand",5517
2026-08-11T14:20:04.325163+05:45,2026-08-11 14:20:04,summary,summary_summary,True,cloud_automated,Tuesday - Trading Hours: 11:00 AM - 3:00 PM NPT,,,,,,,,,,,,,,,,,2826228566.27,6671185.0,38107.0,333.0,,,,,,,,,,7,"price_volume, live_market, summary, top_gainers, top_losers, nepse_index, supply_demand",5517
2026-08-11T14:20:04.325163+05:45,2026-08-11 14:20:04,top_gainers,top_gainers_1,True,cloud_automated,Tuesday - Trading Hours: 11:00 AM - 3:00 PM NPT,8099,Upper Hewakhola Hydropower Company Limited,UHEWA,,,,4.24,,,,,,,,,,,,,,633.8,,25.8,,,,,,,7,"price_volume, live_market, summary, top_gainers, top_losers, nepse_index, supply_demand",5517
2026-08-11T14:20:04.325163+05:45,2026-08-11 14:20:04,top_gainers,top_gainers_2,True,cloud_automated,Tuesday - Trading Hours: 11:00 AM - 3:00 PM NPT,9304,Citizens Santulit Yojana,CSY,,,,4.05,,,,,,,,,,,,,,9.24,,0.36,,,,,,,7,"price_volume, live_market, summary, top_gainers, top_losers, nepse_index, supply_demand",5517
2026-08-11T14:20:04.325163+05:45,2026-08-11 14:20:04,top_gainers,top_gainers_3,True,cloud_automated,Tuesday - Trading Hours: 11:00 AM - 3:00 PM NPT,2743,Ngadi Group Power Ltd.,NGPL,,,,3.26,,,,,,,,,,,,,,421.8,,13.3,,,,,,,7,"price_volume, live_market, summary, top_gainers, top_losers, nepse_index, supply_demand",5517
2026-08-11T14:20:04.325163+05:45,2026-08-11 14:20:04,top_gainers,top_gainers_4,True,cloud_automated,Tuesday - Trading Hours: 11:00 AM - 3:00 PM NPT,6984,8.75 % Prime Debenture 2085,PBD85,,,,3.0,,,,,,,,,,,,,,1091.8,,31.8,,,,,,,7,"price_volume, live_market, summary, top_gainers, top_losers, nepse_index, supply_demand",5517
2026-08-11T14:20:04.325163+05:45,2026-08-11 14:20:04,top_gainers,top_gainers_5,True,cloud_automated,Tuesday - Trading Hours: 11:00 AM - 3:00 PM NPT,9300,Jhapa Energy Limited,JHAPA,,,,2.9,,,,,,,,,,,,,,1101.0,,31.0,,,,,,,7,"price_volume, live_market, summary, top_gainers, top_losers, nepse_index, supply_demand",5517
2026-08-11T14:20:04.325163+05:45,2026-08-11 14:20:04,top_gainers,top_gainers_6,True,cloud_automated,Tuesday - Trading Hours: 11:00 AM - 3:00 PM NPT,9270,Him Star Urja Company Limited,HIMSTAR,,,,2.31,,,,,,,,,,,,,,709.0,,16.0,,,,,,,7,"price_volume, live_market, summary, top_gainers, top_losers, nepse_index, supply_demand",5517
2026-08-11T14:20:04.325163+05:45,2026-08-11 14:20:04,top_gainers,top_gainers_7,True,cloud_automated,Tuesday - Trading Hours: 11:00 AM - 3:00 PM NPT,2902,Laxmi Unnati Kosh,LUK,,,,2.29,,,,,,,,,,,,,,10.29,,0.23,,,,,,,7,"price_volume, live_market, summary, top_gainers, top_losers, nepse_index, supply_demand",5517
2026-08-11T14:20:04.325163+05:45,2026-08-11 14:20:04,top_gainers,top_gainers_8,True,cloud_automated,Tuesday - Trading Hours: 11:00 AM - 3:00 PM NPT,8066,River Falls Power Limited,RFPL,,,,2.26,,,,,,,,,,,,,,340.0,,7.5,,,,,,,7,"price_volume, live_market, summary, top_gainers, top_losers, nepse_index, supply_demand",5517
2026-08-11T14:20:04.325163+05:45,2026-08-11 14:20:04,top_gainers,top_gainers_9,True,cloud_automated,Tuesday - Trading Hours: 11:00 AM - 3:00 PM NPT,2807,Asha Laghubitta Bittiya Sanstha Ltd,ALBSL,,,,2.11,,,,,,,,,,,,,,1113.0,,23.0,,,,,,,7,"price_volume, live_market, summary, top_gainers, top_losers, nepse_index, supply_demand",5517
2026-08-11T14:20:04.325163+05:45,2026-08-11 14:20:04,top_gainers,top_gainers_10,True,cloud_automated,Tuesday - Trading Hours: 11:00 AM - 3:00 PM NPT,204,Gurkhas Finance Ltd.,GUFL,,,,2.09,,,,,,,,,,,,,,572.1,,11.7,,,,,,,7,"price_volume, live_market, summary, top_gainers, top_losers, nepse_index, supply_demand",5517
2026-08-11T14:20:04.325163+05:45,2026-08-11 14:20:04,top_gainers,top_gainers_11,True,cloud_automated,Tuesday - Trading Hours: 11:00 AM - 3:00 PM NPT,618,Laxmi Laghubitta Bittiya Sanstha Ltd.,LLBS,,,,2.08,,,,,,,,,,,,,,884.0,,18.0,,,,,,,7,"price_volume, live_market, summary, top_gainers, top_losers, nepse_index, supply_demand",5517
2026-08-11T14:20:04.325163+05:45,2026-08-11 14:20:04,top_gainers,top_gainers_12,True,cloud_automated,Tuesday - Trading Hours: 11:00 AM - 3:00 PM NPT,9336,Sopan Pharmaceuticals Limited,SOPL,,,,2.01,,,,,,,,,,,,,,812.0,,16.0,,,,,,,7,"price_volume, live_market, summary, top_gainers, top_losers, nepse_index, supply_demand",5517
2026-08-11T14:20:04.325163+05:45,2026-08-11 14:20:04,top_gainers,top_gainers_13,True,cloud_automated,Tuesday - Trading Hours: 11:00 AM - 3:00 PM NPT,2829,Swabhimaan Laghubitta Bittiya Sanstha Limited,SMFBS,,,,2.0,,,,,,,,,,,,,,1530.0,,30.0,,,,,,,7,"price_volume, live_market, summary, top_gainers, top_losers, nepse_index, supply_demand",5517
2026-08-11T14:20:04.325163+05:45,2026-08-11 14:20:04,top_gainers,top_gainers_14,True,cloud_automated,Tuesday - Trading Hours: 11:00 AM - 3:00 PM NPT,2781,Wean Nepal Laghubitta Bittiya Sanstha Limited,WNLB,,,,1.8,,,,,,,,,,,,,,1356.0,,24.0,,,,,,,7,"price_volume, live_market, summary, top_gainers, top_losers, nepse_index, supply_demand",5517
2026-08-11T14:20:04.325163+05:45,2026-08-11 14:20:04,top_gainers,top_gainers_15,True,cloud_automated,Tuesday - Trading Hours: 11:00 AM - 3:00 PM NPT,9296,Bungal Hydro Limited,BUNGAL,,,,1.71,,,,,,,,,,,,,,594.0,,10.0,,,,,,,7,"price_volume, live_market, summary, top_gainers, top_losers, nepse_index, supply_demand",5517
2026-08-11T14:20:04.325163+05:45,2026-08-11 14:20:04,top_gainers,top_gainers_16,True,cloud_automated,Tuesday - Trading Hours: 11:00 AM - 3:00 PM NPT,2776,Radhi Bidyut Company Ltd,RADHI,,,,1.63,,,,,,,,,,,,,,716.5,,11.5,,,,,,,7,"price_volume, live_market, summary, top_gainers, top_losers, nepse_index, supply_demand",5517
2026-08-11T14:20:04.325163+05:45,2026-08-11 14:20:04,top_gainers,top_gainers_17,True,cloud_automated,Tuesday - Trading Hours: 11:00 AM - 3:00 PM NPT,2789,Joshi Hydropower Development Company Ltd,JOSHI,,,,1.48,,,,,,,,,,,,,,282.0,,4.1,,,,,,,7,"price_volume, live_market, summary, top_gainers, top_losers, nepse_index, supply_demand",5517
2026-08-11T14:20:04.325163+05:45,2026-08-11 14:20:04,top_gainers,top_gainers_18,True,cloud_automated,Tuesday - Trading Hours: 11:00 AM - 3:00 PM NPT,8068,Century Debenture 2088,CCBD88,,,,1.46,,,,,,,,,,,,,,1182.0,,17.0,,,,,,,7,"price_volume, live_market, summary, top_gainers, top_losers, nepse_index, supply_demand",5517
2026-08-11T14:20:04.325163+05:45,2026-08-11 14:20:04,top_gainers,top_gainers_19,True,cloud_automated,Tuesday - Trading Hours: 11:00 AM - 3:00 PM NPT,149,Oriental Hotels Limited,OHL,,,,1.38,,,,,,,,,,,,,,660.0,,9.0,,,,,,,7,"price_volume, live_market, summary, top_gainers, top_losers, nepse_index, supply_demand",5517
2026-08-11T14:20:04.325163+05:45,2026-08-11 14:20:04,top_gainers,top_gainers_20,True,cloud_automated,Tuesday - Trading Hours: 11:00 AM - 3:00 PM NPT,274,Excel Development Bank Ltd.,EDBL,,,,1.36,,,,,,,,,,,,,,587.9,,7.9,,,,,,,7,"price_volume, live_market, summary, top_gainers, top_losers, nepse_index, supply_demand",5517
2026-08-11T14:20:04.325163+05:45,2026-08-11 14:20:04,top_gainers,top_gainers_21,True,cloud_automated,Tuesday - Trading Hours: 11:00 AM - 3:00 PM NPT,9140,Unique Nepal Laghubitta Bittiya Sanstha Limited,UNLB,,,,1.34,,,,,,,,,,,,,,1287.0,,17.0,,,,,,,7,"price_volume, live_market, summary, top_gainers, top_losers, nepse_index, supply_demand",5517
2026-08-11T14:20:04.325163+05:45,2026-08-11 14:20:04,top_gainers,top_gainers_22,True,cloud_automated,Tuesday - Trading Hours: 11:00 AM - 3:00 PM NPT,9230,Muktinath Krishi Company Limited,MKCL,,,,1.33,,,,,,,,,,,,,,1065.0,,14.0,,,,,,,7,"price_volume, live_market, summary, top_gainers, top_losers, nepse_index, supply_demand",5517
2026-08-11T14:20:04.325163+05:45,2026-08-11 14:20:04,top_gainers,top_gainers_23,True,cloud_automated,Tuesday - Trading Hours: 11:00 AM - 3:00 PM NPT,2913,Mountain Energy Nepal Limited,MEN,,,,1.33,,,,,,,,,,,,,,609.0,,8.0,,,,,,,7,"price_volume, live_market, summary, top_gainers, top_losers, nepse_index, supply_demand",5517
2026-08-11T14:20:04.325163+05:45,2026-08-11 14:20:04,top_gainers,top_gainers_24,True,cloud_automated,Tuesday - Trading Hours: 11:00 AM - 3:00 PM NPT,9218,Trishuli Jal Vidhyut Company Limited ,TVCL,,,,1.26,,,,,,,,,,,,,,474.0,,5.9,,,,,,,7,"price_volume, live_market, summary, top_gainers, top_losers, nepse_index, supply_demand",5517
2026-08-11T14:20:04.325163+05:45,2026-08-11 14:20:04,top_gainers,top_gainers_25,True,cloud_automated,Tuesday - Trading Hours: 11:00 AM - 3:00 PM NPT,8065,CYC Nepal Laghubitta Bittiya Sanstha Limited,CYCL,,,,1.25,,,,,,,,,,,,,,1294.0,,16.0,,,,,,,7,"price_volume, live_market, summary, top_gainers, top_losers, nepse_index, supply_demand",5517
2026-08-11T14:20:04.325163+05:45,2026-08-11 14:20:04,top_gainers,top_gainers_26,True,cloud_automated,Tuesday - Trading Hours: 11:00 AM - 3:00 PM NPT,8033,"Garima Debenture, 2085",GBBD85,,,,1.25,,,,,,,,,,,,,,1058.6,,13.1,,,,,,,7,"price_volume, live_market, summary, top_gainers, top_losers, nepse_index, supply_demand",5517
2026-08-11T14:20:04.325163+05:45,2026-08-11 14:20:04,top_gainers,top_gainers_27,True,cloud_automated,Tuesday - Trading Hours: 11:00 AM - 3:00 PM NPT,704,NMB  Microfinance Bittiya Sanstha Ltd.,NMBMF,,,,1.24,,,,,,,,,,,,,,610.0,,7.5,,,,,,,7,"price_volume, live_market, summary, top_gainers, top_losers, nepse_index, supply_demand",5517
2026-08-11T14:20:04.325163+05:45,2026-08-11 14:20:04,top_gainers,top_gainers_28,True,cloud_automated,Tuesday - Trading Hours: 11:00 AM - 3:00 PM NPT,145,Siddhartha Bank Limited,SBL,,,,1.21,,,,,,,,,,,,,,410.0,,4.9,,,,,,,7,"price_volume, live_market, summary, top_gainers, top_losers, nepse_index, supply_demand",5517
2026-08-11T14:20:04.325163+05:45,2026-08-11 14:20:04,top_gainers,top_gainers_29,True,cloud_automated,Tuesday - Trading Hours: 11:00 AM - 3:00 PM NPT,147,Soaltee Hotel Limited,SHL,,,,1.18,,,,,,,,,,,,,,503.9,,5.9,,,,,,,7,"price_volume, live_market, summary, top_gainers, top_losers, nepse_index, supply_demand",5517
2026-08-11T14:20:04.325163+05:45,2026-08-11 14:20:04,top_gainers,top_gainers_30,True,cloud_automated,Tuesday - Trading Hours: 11:00 AM - 3:00 PM NPT,587,Reliance Finance Ltd.,RLFL,,,,1.12,,,,,,,,,,,,,,452.0,,5.0,,,,,,,7,"price_volume, live_market, summary, top_gainers, top_losers, nepse_index, supply_demand",5517
2026-08-11T14:20:04.325163+05:45,2026-08-11 14:20:04,top_gainers,top_gainers_31,True,cloud_automated,Tuesday - Trading Hours: 11:00 AM - 3:00 PM NPT,133,Standard Chartered Bank Limited,SCB,,,,1.06,,,,,,,,,,,,,,650.0,,6.8,,,,,,,7,"price_volume, live_market, summary, top_gainers, top_losers, nepse_index, supply_demand",5517
2026-08-11T14:20:04.325163+05:45,2026-08-11 14:20:04,top_gainers,top_gainers_32,True,cloud_automated,Tuesday - Trading Hours: 11:00 AM - 3:00 PM NPT,9173,City Hotel Limited,CITY,,,,1.01,,,,,,,,,,,,,,370.7,,3.7,,,,,,,7,"price_volume, live_market, summary, top_gainers, top_losers, nepse_index, supply_demand",5517
2026-08-11T14:20:04.325163+05:45,2026-08-11 14:20:04,top_gainers,top_gainers_33,True,cloud_automated,Tuesday - Trading Hours: 11:00 AM - 3:00 PM NPT,9196,Kutheli Bukhari Small Hydropower Limited,KBSH,,,,0.93,,,,,,,,,,,,,,975.0,,9.0,,,,,,,7,"price_volume, live_market, summary, top_gainers, top_losers, nepse_index, supply_demand",5517
2026-08-11T14:20:04.325163+05:45,2026-08-11 14:20:04,top_gainers,top_gainers_34,True,cloud_automated,Tuesday - Trading Hours: 11:00 AM - 3:00 PM NPT,9148,Super Mai Hydropower Limited,SMH,,,,0.93,,,,,,,,,,,,,,511.7,,4.7,,,,,,,7,"price_volume, live_market, summary, top_gainers, top_losers, nepse_index, supply_demand",5517
2026-08-11T14:20:04.325163+05:45,2026-08-11 14:20:04,top_gainers,top_gainers_35,True,cloud_automated,Tuesday - Trading Hours: 11:00 AM - 3:00 PM NPT,2810,UNIVERSAL POWER COMPANY LTD,UPCL,,,,0.93,,,,,,,,,,,,,,348.2,,3.2,,,,,,,7,"price_volume, live_market, summary, top_gainers, top_losers, nepse_index, supply_demand",5517
2026-08-11T14:20:04.325163+05:45,2026-08-11 14:20:04,top_gainers,top_gainers_36,True,cloud_automated,Tuesday - Trading Hours: 11:00 AM - 3:00 PM NPT,2903,Liberty Energy Company Limited,LEC,,,,0.92,,,,,,,,,,,,,,220.0,,2.0,,,,,,,7,"price_volume, live_market, summary, top_gainers, top_losers, nepse_index, supply_demand",5517
2026-08-11T14:20:04.325163+05:45,2026-08-11 14:20:04,top_gainers,top_gainers_37,True,cloud_automated,Tuesday - Trading Hours: 11:00 AM - 3:00 PM NPT,9322,Bhujung Hydropower Limited,BJHL,,,,0.91,,,,,,,,,,,,,,676.1,,6.1,,,,,,,7,"price_volume, live_market, summary, top_gainers, top_losers, nepse_index, supply_demand",5517
2026-08-11T14:20:04.325163+05:45,2026-08-11 14:20:04,top_gainers,top_gainers_38,True,cloud_automated,Tuesday - Trading Hours: 11:00 AM - 3:00 PM NPT,2770,Siddhartha Equity Fund,SEF,,,,0.91,,,,,,,,,,,,,,9.99,,0.09,,,,,,,7,"price_volume, live_market, summary, top_gainers, top_losers, nepse_index, supply_demand",5517
2026-08-11T14:20:04.325163+05:45,2026-08-11 14:20:04,top_gainers,top_gainers_39,True,cloud_automated,Tuesday - Trading Hours: 11:00 AM - 3:00 PM NPT,348,Citizens Bank International Limited,CZBIL,,,,0.9,,,,,,,,,,,,,,202.0,,1.8,,,,,,,7,"price_volume, live_market, summary, top_gainers, top_losers, nepse_index, supply_demand",5517
2026-08-11T14:20:04.325163+05:45,2026-08-11 14:20:04,top_gainers,top_gainers_40,True,cloud_automated,Tuesday - Trading Hours: 11:00 AM - 3:00 PM NPT,9306,Reliance Spinning Mills Limited,RSML,,,,0.89,,,,,,,,,,,,,,2657.0,,23.5,,,,,,,7,"price_volume, live_market, summary, top_gainers, top_losers, nepse_index, supply_demand",5517
2026-08-11T14:20:04.325163+05:45,2026-08-11 14:20:04,top_gainers,top_gainers_41,True,cloud_automated,Tuesday - Trading Hours: 11:00 AM - 3:00 PM NPT,9297,Bandipur Cablecar and Tourism Limited,BANDIPUR,,,,0.88,,,,,,,,,,,,,,686.0,,6.0,,,,,,,7,"price_volume, live_market, summary, top_gainers, top_losers, nepse_index, supply_demand",5517
2026-08-11T14:20:04.325163+05:45,2026-08-11 14:20:04,top_gainers,top_gainers_42,True,cloud_automated,Tuesday - Trading Hours: 11:00 AM - 3:00 PM NPT,2784,Nadep Laghubittiya bittya Sanstha Ltd.,NADEP,,,,0.82,,,,,,,,,,,,,,717.0,,5.8,,,,,,,7,"price_volume, live_market, summary, top_gainers, top_losers, nepse_index, supply_demand",5517
2026-08-11T14:20:04.325163+05:45,2026-08-11 14:20:04,top_gainers,top_gainers_43,True,cloud_automated,Tuesday - Trading Hours: 11:00 AM - 3:00 PM NPT,2880,Himal Dolakha Hydropower Company Limited,HDHPC,,,,0.82,,,,,,,,,,,,,,208.7,,1.7,,,,,,,7,"price_volume, live_market, summary, top_gainers, top_losers, nepse_index, supply_demand",5517
2026-08-11T14:20:04.325163+05:45,2026-08-11 14:20:04,top_gainers,top_gainers_44,True,cloud_automated,Tuesday - Trading Hours: 11:00 AM - 3:00 PM NPT,255,Prabhu  Bank Limited,PRVU,,,,0.8,,,,,,,,,,,,,,190.0,,1.5,,,,,,,7,"price_volume, live_market, summary, top_gainers, top_losers, nepse_index, supply_demand",5517
2026-08-11T14:20:04.325163+05:45,2026-08-11 14:20:04,top_gainers,top_gainers_45,True,cloud_automated,Tuesday - Trading Hours: 11:00 AM - 3:00 PM NPT,9242,Sarbottam Cement Limited,SARBTM,,,,0.77,,,,,,,,,,,,,,786.0,,6.0,,,,,,,7,"price_volume, live_market, summary, top_gainers, top_losers, nepse_index, supply_demand",5517
2026-08-11T14:20:04.325163+05:45,2026-08-11 14:20:04,top_gainers,top_gainers_46,True,cloud_automated,Tuesday - Trading Hours: 11:00 AM - 3:00 PM NPT,192,Shikhar Insurance Co. Ltd.,SICL,,,,0.77,,,,,,,,,,,,,,614.9,,4.7,,,,,,,7,"price_volume, live_market, summary, top_gainers, top_losers, nepse_index, supply_demand",5517
2026-08-11T14:20:04.325163+05:45,2026-08-11 14:20:04,top_gainers,top_gainers_47,True,cloud_automated,Tuesday - Trading Hours: 11:00 AM - 3:00 PM NPT,148,Taragaon Regency Hotel Limited,TRH,,,,0.76,,,,,,,,,,,,,,798.0,,6.0,,,,,,,7,"price_volume, live_market, summary, top_gainers, top_losers, nepse_index, supply_demand",5517
2026-08-11T14:20:04.325163+05:45,2026-08-11 14:20:04,top_gainers,top_gainers_48,True,cloud_automated,Tuesday - Trading Hours: 11:00 AM - 3:00 PM NPT,393,Himalayan Life Insurance Limited,HLI,,,,0.76,,,,,,,,,,,,,,319.4,,2.4,,,,,,,7,"price_volume, live_market, summary, top_gainers, top_losers, nepse_index, supply_demand",5517
2026-08-11T14:20:04.325163+05:45,2026-08-11 14:20:04,top_gainers,top_gainers_49,True,cloud_automated,Tuesday - Trading Hours: 11:00 AM - 3:00 PM NPT,179,Himalayan Everest Insurance Limited,HEI,,,,0.7,,,,,,,,,,,,,,534.7,,3.7,,,,,,,7,"price_volume, live_market, summary, top_gainers, top_losers, nepse_index, supply_demand",5517
2026-08-11T14:20:04.325163+05:45,2026-08-11 14:20:04,top_gainers,top_gainers_50,True,cloud_automated,Tuesday - Trading Hours: 11:00 AM - 3:00 PM NPT,9184,IME Life Insurance Company Limited,ILI,,,,0.69,,,,,,,,,,,,,,411.0,,2.8,,,,,,,7,"price_volume, live_market, summary, top_gainers, top_losers, nepse_index, supply_demand",5517
2026-08-11T14:20:04.325163+05:45,2026-08-11 14:20:04,top_gainers,top_gainers_51,True,cloud_automated,Tuesday - Trading Hours: 11:00 AM - 3:00 PM NPT,9138,NIBL Growth Fund,NIBLGF,,,,0.68,,,,,,,,,,,,,,8.86,,0.06,,,,,,,7,"price_volume, live_market, summary, top_gainers, top_losers, nepse_index, supply_demand",5517
2026-08-11T14:20:04.325163+05:45,2026-08-11 14:20:04,top_gainers,top_gainers_52,True,cloud_automated,Tuesday - Trading Hours: 11:00 AM - 3:00 PM NPT,3946,CEDB Holdings Limited,CHDC,,,,0.67,,,,,,,,,,,,,,2180.0,,14.5,,,,,,,7,"price_volume, live_market, summary, top_gainers, top_losers, nepse_index, supply_demand",5517
2026-08-11T14:20:04.325163+05:45,2026-08-11 14:20:04,top_gainers,top_gainers_53,True,cloud_automated,Tuesday - Trading Hours: 11:00 AM - 3:00 PM NPT,2896,Sampada Laghubitta Bittiya Sanstha Limited,SMPDA,,,,0.67,,,,,,,,,,,,,,755.0,,5.0,,,,,,,7,"price_volume, live_market, summary, top_gainers, top_losers, nepse_index, supply_demand",5517
2026-08-11T14:20:04.325163+05:45,2026-08-11 14:20:04,top_gainers,top_gainers_54,True,cloud_automated,Tuesday - Trading Hours: 11:00 AM - 3:00 PM NPT,137,Everest Bank Limited,EBL,,,,0.67,,,,,,,,,,,,,,719.8,,4.8,,,,,,,7,"price_volume, live_market, summary, top_gainers, top_losers, nepse_index, supply_demand",5517
2026-08-11T14:20:04.325163+05:45,2026-08-11 14:20:04,top_gainers,top_gainers_55,True,cloud_automated,Tuesday - Trading Hours: 11:00 AM - 3:00 PM NPT,9198,Laxmi Value Fund 2,LVF2,,,,0.66,,,,,,,,,,,,,,9.16,,0.06,,,,,,,7,"price_volume, live_market, summary, top_gainers, top_losers, nepse_index, supply_demand",5517
2026-08-11T14:20:04.325163+05:45,2026-08-11 14:20:04,top_gainers,top_gainers_56,True,cloud_automated,Tuesday - Trading Hours: 11:00 AM - 3:00 PM NPT,8102,Mandakini Hydropower Limited,MHL,,,,0.64,,,,,,,,,,,,,,471.0,,3.0,,,,,,,7,"price_volume, live_market, summary, top_gainers, top_losers, nepse_index, supply_demand",5517
2026-08-11T14:20:04.325163+05:45,2026-08-11 14:20:04,top_gainers,top_gainers_57,True,cloud_automated,Tuesday - Trading Hours: 11:00 AM - 3:00 PM NPT,9181,Rawa Energy Development Limited,RAWA,,,,0.62,,,,,,,,,,,,,,420.4,,2.6,,,,,,,7,"price_volume, live_market, summary, top_gainers, top_losers, nepse_index, supply_demand",5517
2026-08-11T14:20:04.325163+05:45,2026-08-11 14:20:04,top_gainers,top_gainers_58,True,cloud_automated,Tuesday - Trading Hours: 11:00 AM - 3:00 PM NPT,9267,Bikash Hydropower Company Limited,BHCL,,,,0.59,,,,,,,,,,,,,,492.9,,2.9,,,,,,,7,"price_volume, live_market, summary, top_gainers, top_losers, nepse_index, supply_demand",5517
2026-08-11T14:20:04.325163+05:45,2026-08-11 14:20:04,top_gainers,top_gainers_59,True,cloud_automated,Tuesday - Trading Hours: 11:00 AM - 3:00 PM NPT,2934,Singati Hydro Energy Limited,SHEL,,,,0.59,,,,,,,,,,,,,,306.0,,1.8,,,,,,,7,"price_volume, live_market, summary, top_gainers, top_losers, nepse_index, supply_demand",5517
2026-08-11T14:20:04.325163+05:45,2026-08-11 14:20:04,top_gainers,top_gainers_60,True,cloud_automated,Tuesday - Trading Hours: 11:00 AM - 3:00 PM NPT,8104,Upper Solu Hydro Electric Company Limited,USHEC,,,,0.58,,,,,,,,,,,,,,499.9,,2.9,,,,,,,7,"price_volume, live_market, summary, top_gainers, top_losers, nepse_index, supply_demand",5517
2026-08-11T14:20:04.325163+05:45,2026-08-11 14:20:04,top_gainers,top_gainers_61,True,cloud_automated,Tuesday - Trading Hours: 11:00 AM - 3:00 PM NPT,9350,LS Horizon 12,LSH12,,,,0.55,,,,,,,,,,,,,,9.1,,0.05,,,,,,,7,"price_volume, live_market, summary, top_gainers, top_losers, nepse_index, supply_demand",5517
2026-08-11T14:20:04.325163+05:45,2026-08-11 14:20:04,top_gainers,top_gainers_62,True,cloud_automated,Tuesday - Trading Hours: 11:00 AM - 3:00 PM NPT,2917,Chandragiri Hills Limited,CGH,,,,0.53,,,,,,,,,,,,,,784.0,,4.1,,,,,,,7,"price_volume, live_market, summary, top_gainers, top_losers, nepse_index, supply_demand",5517
2026-08-11T14:20:04.325163+05:45,2026-08-11 14:20:04,top_gainers,top_gainers_63,True,cloud_automated,Tuesday - Trading Hours: 11:00 AM - 3:00 PM NPT,9193,Ghorahi Cement Industry Limited,GCIL,,,,0.52,,,,,,,,,,,,,,346.9,,1.8,,,,,,,7,"price_volume, live_market, summary, top_gainers, top_losers, nepse_index, supply_demand",5517
2026-08-11T14:20:04.325163+05:45,2026-08-11 14:20:04,top_gainers,top_gainers_64,True,cloud_automated,Tuesday - Trading Hours: 11:00 AM - 3:00 PM NPT,132,Nepal Investment Mega Bank Limited,NIMB,,,,0.52,,,,,,,,,,,,,,193.9,,1.0,,,,,,,7,"price_volume, live_market, summary, top_gainers, top_losers, nepse_index, supply_demand",5517
2026-08-11T14:20:04.325163+05:45,2026-08-11 14:20:04,top_gainers,top_gainers_65,True,cloud_automated,Tuesday - Trading Hours: 11:00 AM - 3:00 PM NPT,244,Shree Investment Finance Co. Ltd.,SIFC,,,,0.5,,,,,,,,,,,,,,505.5,,2.5,,,,,,,7,"price_volume, live_market, summary, top_gainers, top_losers, nepse_index, supply_demand",5517
2026-08-11T14:20:04.325163+05:45,2026-08-11 14:20:04,top_gainers,top_gainers_66,True,cloud_automated,Tuesday - Trading Hours: 11:00 AM - 3:00 PM NPT,385,Asian Life Insurance Co. Limited,ALICL,,,,0.5,,,,,,,,,,,,,,420.1,,2.1,,,,,,,7,"price_volume, live_market, summary, top_gainers, top_losers, nepse_index, supply_demand",5517
2026-08-11T14:20:04.325163+05:45,2026-08-11 14:20:04,top_gainers,top_gainers_67,True,cloud_automated,Tuesday - Trading Hours: 11:00 AM - 3:00 PM NPT,694,Matribhumi Lagubitta Bittiya Sanstha Limited,MATRI,,,,0.49,,,,,,,,,,,,,,806.0,,3.9,,,,,,,7,"price_volume, live_market, summary, top_gainers, top_losers, nepse_index, supply_demand",5517
2026-08-11T14:20:04.325163+05:45,2026-08-11 14:20:04,top_gainers,top_gainers_68,True,cloud_automated,Tuesday - Trading Hours: 11:00 AM - 3:00 PM NPT,697,Api Power Company Ltd.,API,,,,0.49,,,,,,,,,,,,,,330.1,,1.6,,,,,,,7,"price_volume, live_market, summary, top_gainers, top_losers, nepse_index, supply_demand",5517
2026-08-11T14:20:04.325163+05:45,2026-08-11 14:20:04,top_gainers,top_gainers_69,True,cloud_automated,Tuesday - Trading Hours: 11:00 AM - 3:00 PM NPT,8133,Peoples Hydropower Company Limited,PHCL,,,,0.48,,,,,,,,,,,,,,295.1,,1.4,,,,,,,7,"price_volume, live_market, summary, top_gainers, top_losers, nepse_index, supply_demand",5517
2026-08-11T14:20:04.325163+05:45,2026-08-11 14:20:04,top_gainers,top_gainers_70,True,cloud_automated,Tuesday - Trading Hours: 11:00 AM - 3:00 PM NPT,140,Machhapuchhre Bank Limited,MBL,,,,0.48,,,,,,,,,,,,,,251.5,,1.2,,,,,,,7,"price_volume, live_market, summary, top_gainers, top_losers, nepse_index, supply_demand",5517
2026-08-11T14:20:04.325163+05:45,2026-08-11 14:20:04,top_gainers,top_gainers_71,True,cloud_automated,Tuesday - Trading Hours: 11:00 AM - 3:00 PM NPT,9244,NIBL Stable Fund,NIBLSTF,,,,0.47,,,,,,,,,,,,,,8.58,,0.04,,,,,,,7,"price_volume, live_market, summary, top_gainers, top_losers, nepse_index, supply_demand",5517
2026-08-11T14:20:04.325163+05:45,2026-08-11 14:20:04,top_gainers,top_gainers_72,True,cloud_automated,Tuesday - Trading Hours: 11:00 AM - 3:00 PM NPT,2809,SHIVAM CEMENTS LTD,SHIVM,,,,0.43,,,,,,,,,,,,,,636.0,,2.7,,,,,,,7,"price_volume, live_market, summary, top_gainers, top_losers, nepse_index, supply_demand",5517
2026-08-11T14:20:04.325163+05:45,2026-08-11 14:20:04,top_gainers,top_gainers_73,True,cloud_automated,Tuesday - Trading Hours: 11:00 AM - 3:00 PM NPT,9179,Modi Energy Limited,MEL,,,,0.43,,,,,,,,,,,,,,210.0,,0.9,,,,,,,7,"price_volume, live_market, summary, top_gainers, top_losers, nepse_index, supply_demand",5517
2026-08-11T14:20:04.325163+05:45,2026-08-11 14:20:04,top_gainers,top_gainers_74,True,cloud_automated,Tuesday - Trading Hours: 11:00 AM - 3:00 PM NPT,357,Prime Commercial Bank Ltd.,PCBL,,,,0.42,,,,,,,,,,,,,,240.0,,1.0,,,,,,,7,"price_volume, live_market, summary, top_gainers, top_losers, nepse_index, supply_demand",5517
2026-08-11T14:20:04.325163+05:45,2026-08-11 14:20:04,top_gainers,top_gainers_75,True,cloud_automated,Tuesday - Trading Hours: 11:00 AM - 3:00 PM NPT,9248,Garima Samriddhi Yojana,GSY,,,,0.42,,,,,,,,,,,,,,9.55,,0.04,,,,,,,7,"price_volume, live_market, summary, top_gainers, top_losers, nepse_index, supply_demand",5517
2026-08-11T14:20:04.325163+05:45,2026-08-11 14:20:04,top_gainers,top_gainers_76,True,cloud_automated,Tuesday - Trading Hours: 11:00 AM - 3:00 PM NPT,686,Barun Hydropower Co. Ltd.,BARUN,,,,0.41,,,,,,,,,,,,,,320.0,,1.3,,,,,,,7,"price_volume, live_market, summary, top_gainers, top_losers, nepse_index, supply_demand",5517
2026-08-11T14:20:04.325163+05:45,2026-08-11 14:20:04,top_gainers,top_gainers_77,True,cloud_automated,Tuesday - Trading Hours: 11:00 AM - 3:00 PM NPT,2907,Shiva Shree Hydropower Ltd,SSHL,,,,0.4,,,,,,,,,,,,,,201.3,,0.8,,,,,,,7,"price_volume, live_market, summary, top_gainers, top_losers, nepse_index, supply_demand",5517
2026-08-11T14:20:04.325163+05:45,2026-08-11 14:20:04,top_gainers,top_gainers_78,True,cloud_automated,Tuesday - Trading Hours: 11:00 AM - 3:00 PM NPT,8108,Rapti Hydro And General Construction Limited,RHGCL,,,,0.39,,,,,,,,,,,,,,258.0,,1.0,,,,,,,7,"price_volume, live_market, summary, top_gainers, top_losers, nepse_index, supply_demand",5517
2026-08-11T14:20:04.325163+05:45,2026-08-11 14:20:04,top_gainers,top_gainers_79,True,cloud_automated,Tuesday - Trading Hours: 11:00 AM - 3:00 PM NPT,2832,Infinity Laghubitta Bittiya Sanstha Limited,ILBS,,,,0.38,,,,,,,,,,,,,,868.3,,3.3,,,,,,,7,"price_volume, live_market, summary, top_gainers, top_losers, nepse_index, supply_demand",5517
2026-08-11T14:20:04.325163+05:45,2026-08-11 14:20:04,top_gainers,top_gainers_80,True,cloud_automated,Tuesday - Trading Hours: 11:00 AM - 3:00 PM NPT,2759,Synergy Power Development Ltd.,SPDL,,,,0.38,,,,,,,,,,,,,,373.4,,1.4,,,,,,,7,"price_volume, live_market, summary, top_gainers, top_losers, nepse_index, supply_demand",5517
2026-08-11T14:20:04.325163+05:45,2026-08-11 14:20:04,top_gainers,top_gainers_81,True,cloud_automated,Tuesday - Trading Hours: 11:00 AM - 3:00 PM NPT,9146,Super Madi Hydropower Limited,SMHL,,,,0.37,,,,,,,,,,,,,,494.8,,1.8,,,,,,,7,"price_volume, live_market, summary, top_gainers, top_losers, nepse_index, supply_demand",5517
2026-08-11T14:20:04.325163+05:45,2026-08-11 14:20:04,top_gainers,top_gainers_82,True,cloud_automated,Tuesday - Trading Hours: 11:00 AM - 3:00 PM NPT,473,Shine Resunga Development Bank Ltd.,SHINE,,,,0.37,,,,,,,,,,,,,,408.5,,1.5,,,,,,,7,"price_volume, live_market, summary, top_gainers, top_losers, nepse_index, supply_demand",5517
2026-08-11T14:20:04.325163+05:45,2026-08-11 14:20:04,top_gainers,top_gainers_83,True,cloud_automated,Tuesday - Trading Hours: 11:00 AM - 3:00 PM NPT,307,Nepal Doorsanchar Company Limited,NTC,,,,0.35,,,,,,,,,,,,,,863.0,,3.0,,,,,,,7,"price_volume, live_market, summary, top_gainers, top_losers, nepse_index, supply_demand",5517
2026-08-11T14:20:04.325163+05:45,2026-08-11 14:20:04,top_gainers,top_gainers_84,True,cloud_automated,Tuesday - Trading Hours: 11:00 AM - 3:00 PM NPT,8098,10.75% SBL Debenture 2089,SBLD89,,,,0.34,,,,,,,,,,,,,,1225.1,,4.1,,,,,,,7,"price_volume, live_market, summary, top_gainers, top_losers, nepse_index, supply_demand",5517
2026-08-11T14:20:04.325163+05:45,2026-08-11 14:20:04,top_gainers,top_gainers_85,True,cloud_automated,Tuesday - Trading Hours: 11:00 AM - 3:00 PM NPT,172,Narayani Development Bank Limited,NABBC,,,,0.34,,,,,,,,,,,,,,815.0,,2.8,,,,,,,7,"price_volume, live_market, summary, top_gainers, top_losers, nepse_index, supply_demand",5517
2026-08-11T14:20:04.325163+05:45,2026-08-11 14:20:04,top_gainers,top_gainers_86,True,cloud_automated,Tuesday - Trading Hours: 11:00 AM - 3:00 PM NPT,8021,Sahas Urja Limited,SAHAS,,,,0.33,,,,,,,,,,,,,,672.5,,2.2,,,,,,,7,"price_volume, live_market, summary, top_gainers, top_losers, nepse_index, supply_demand",5517
2026-08-11T14:20:04.325163+05:45,2026-08-11 14:20:04,top_gainers,top_gainers_87,True,cloud_automated,Tuesday - Trading Hours: 11:00 AM - 3:00 PM NPT,171,Sanima Bank Limited,SANIMA,,,,0.32,,,,,,,,,,,,,,371.0,,1.2,,,,,,,7,"price_volume, live_market, summary, top_gainers, top_losers, nepse_index, supply_demand",5517
2026-08-11T14:20:04.325163+05:45,2026-08-11 14:20:04,top_gainers,top_gainers_88,True,cloud_automated,Tuesday - Trading Hours: 11:00 AM - 3:00 PM NPT,9158,Molung Hydropower Company Limited,MHCL,,,,0.32,,,,,,,,,,,,,,311.0,,1.0,,,,,,,7,"price_volume, live_market, summary, top_gainers, top_losers, nepse_index, supply_demand",5517
2026-08-11T14:20:04.325163+05:45,2026-08-11 14:20:04,top_gainers,top_gainers_89,True,cloud_automated,Tuesday - Trading Hours: 11:00 AM - 3:00 PM NPT,1741,Mero Microfinance Bittiya Sanstha Ltd.,MERO,,,,0.3,,,,,,,,,,,,,,674.0,,2.0,,,,,,,7,"price_volume, live_market, summary, top_gainers, top_losers, nepse_index, supply_demand",5517
2026-08-11T14:20:04.325163+05:45,2026-08-11 14:20:04,top_gainers,top_gainers_90,True,cloud_automated,Tuesday - Trading Hours: 11:00 AM - 3:00 PM NPT,8126,Sikles Hydropower Limited,SIKLES,,,,0.29,,,,,,,,,,,,,,556.8,,1.6,,,,,,,7,"price_volume, live_market, summary, top_gainers, top_losers, nepse_index, supply_demand",5517
2026-08-11T14:20:04.325163+05:45,2026-08-11 14:20:04,top_gainers,top_gainers_91,True,cloud_automated,Tuesday - Trading Hours: 11:00 AM - 3:00 PM NPT,8131,Eastern Hydropower Limited,EHPL,,,,0.29,,,,,,,,,,,,,,340.0,,1.0,,,,,,,7,"price_volume, live_market, summary, top_gainers, top_losers, nepse_index, supply_demand",5517
2026-08-11T14:20:04.325163+05:45,2026-08-11 14:20:04,top_gainers,top_gainers_92,True,cloud_automated,Tuesday - Trading Hours: 11:00 AM - 3:00 PM NPT,401,Mahalaxmi Bikas Bank Ltd.,MLBL,,,,0.29,,,,,,,,,,,,,,349.0,,1.0,,,,,,,7,"price_volume, live_market, summary, top_gainers, top_losers, nepse_index, supply_demand",5517
2026-08-11T14:20:04.325163+05:45,2026-08-11 14:20:04,top_gainers,top_gainers_93,True,cloud_automated,Tuesday - Trading Hours: 11:00 AM - 3:00 PM NPT,210,Citizen Investment Trust,CIT,,,,0.24,,,,,,,,,,,,,,1704.0,,4.0,,,,,,,7,"price_volume, live_market, summary, top_gainers, top_losers, nepse_index, supply_demand",5517
2026-08-11T14:20:04.325163+05:45,2026-08-11 14:20:04,top_gainers,top_gainers_94,True,cloud_automated,Tuesday - Trading Hours: 11:00 AM - 3:00 PM NPT,9201,Sun Nepal Life Insurance Company Limited,SNLI,,,,0.24,,,,,,,,,,,,,,413.0,,1.0,,,,,,,7,"price_volume, live_market, summary, top_gainers, top_losers, nepse_index, supply_demand",5517
2026-08-11T14:20:04.325163+05:45,2026-08-11 14:20:04,top_gainers,top_gainers_95,True,cloud_automated,Tuesday - Trading Hours: 11:00 AM - 3:00 PM NPT,4967,NIC Asia Select Fund 30,NICSF,,,,0.23,,,,,,,,,,,,,,8.66,,0.02,,,,,,,7,"price_volume, live_market, summary, top_gainers, top_losers, nepse_index, supply_demand",5517
2026-08-11T14:20:04.325163+05:45,2026-08-11 14:20:04,top_gainers,top_gainers_96,True,cloud_automated,Tuesday - Trading Hours: 11:00 AM - 3:00 PM NPT,2908,Sanima GIC Insurance Limited,SGIC,,,,0.2,,,,,,,,,,,,,,451.3,,0.9,,,,,,,7,"price_volume, live_market, summary, top_gainers, top_losers, nepse_index, supply_demand",5517
2026-08-11T14:20:04.325163+05:45,2026-08-11 14:20:04,top_gainers,top_gainers_97,True,cloud_automated,Tuesday - Trading Hours: 11:00 AM - 3:00 PM NPT,194,Nepal Finance Ltd.,NFS,,,,0.18,,,,,,,,,,,,,,565.1,,1.0,,,,,,,7,"price_volume, live_market, summary, top_gainers, top_losers, nepse_index, supply_demand",5517
2026-08-11T14:20:04.325163+05:45,2026-08-11 14:20:04,top_gainers,top_gainers_98,True,cloud_automated,Tuesday - Trading Hours: 11:00 AM - 3:00 PM NPT,2887,NIC ASIA Laghubitta Bittiya Sanstha Limited,NICLBSL,,,,0.18,,,,,,,,,,,,,,546.0,,1.0,,,,,,,7,"price_volume, live_market, summary, top_gainers, top_losers, nepse_index, supply_demand",5517
2026-08-11T14:20:04.325163+05:45,2026-08-11 14:20:04,top_gainers,top_gainers_99,True,cloud_automated,Tuesday - Trading Hours: 11:00 AM - 3:00 PM NPT,9175,Menchhiyam Hydropower Limited,MCHL,,,,0.18,,,,,,,,,,,,,,276.5,,0.5,,,,,,,7,"price_volume, live_market, summary, top_gainers, top_losers, nepse_index, supply_demand",5517
2026-08-11T14:20:04.325163+05:45,2026-08-11 14:20:04,top_gainers,top_gainers_100,True,cloud_automated,Tuesday - Trading Hours: 11:00 AM - 3:00 PM NPT,9234,Himalayan Reinsurance Limited,HRL,,,,0.17,,,,,,,,,,,,,,579.0,,1.0,,,,,,,7,"price_volume, live_market, summary, top_gainers, top_losers, nepse_index, supply_demand",5517
2026-08-11T14:20:04.325163+05:45,2026-08-11 14:20:04,top_gainers,top_gainers_101,True,cloud_automated,Tuesday - Trading Hours: 11:00 AM - 3:00 PM NPT,2824,Himalaya Urja Bikas Company Limited,HURJA,,,,0.17,,,,,,,,,,,,,,239.4,,0.4,,,,,,,7,"price_volume, live_market, summary, top_gainers, top_losers, nepse_index, supply_demand",5517
2026-08-11T14:20:04.325163+05:45,2026-08-11 14:20:04,top_gainers,top_gainers_102,True,cloud_automated,Tuesday - Trading Hours: 11:00 AM - 3:00 PM NPT,139,NIC Asia Bank Ltd.,NICA,,,,0.15,,,,,,,,,,,,,,325.5,,0.5,,,,,,,7,"price_volume, live_market, summary, top_gainers, top_losers, nepse_index, supply_demand",5517
2026-08-11T14:20:04.325163+05:45,2026-08-11 14:20:04,top_gainers,top_gainers_103,True,cloud_automated,Tuesday - Trading Hours: 11:00 AM - 3:00 PM NPT,8031,Madhya Bhotekoshi Jalavidyut Company Limited,MBJC,,,,0.15,,,,,,,,,,,,,,265.6,,0.4,,,,,,,7,"price_volume, live_market, summary, top_gainers, top_losers, nepse_index, supply_demand",5517
2026-08-11T14:20:04.325163+05:45,2026-08-11 14:20:04,top_gainers,top_gainers_104,True,cloud_automated,Tuesday - Trading Hours: 11:00 AM - 3:00 PM NPT,8075,Bindhyabasini Hydropower Development Company Limited,BHDC,,,,0.14,,,,,,,,,,,,,,426.6,,0.6,,,,,,,7,"price_volume, live_market, summary, top_gainers, top_losers, nepse_index, supply_demand",5517
2026-08-11T14:20:04.325163+05:45,2026-08-11 14:20:04,top_gainers,top_gainers_105,True,cloud_automated,Tuesday - Trading Hours: 11:00 AM - 3:00 PM NPT,5982,Sanima Reliance Life Insurance Limited,SRLI,,,,0.14,,,,,,,,,,,,,,369.1,,0.5,,,,,,,7,"price_volume, live_market, summary, top_gainers, top_losers, nepse_index, supply_demand",5517
2026-08-11T14:20:04.325163+05:45,2026-08-11 14:20:04,top_gainers,top_gainers_106,True,cloud_automated,Tuesday - Trading Hours: 11:00 AM - 3:00 PM NPT,2806,Ghalemdi Hydro Limited,GHL,,,,0.13,,,,,,,,,,,,,,230.1,,0.3,,,,,,,7,"price_volume, live_market, summary, top_gainers, top_losers, nepse_index, supply_demand",5517
2026-08-11T14:20:04.325163+05:45,2026-08-11 14:20:04,top_gainers,top_gainers_107,True,cloud_automated,Tuesday - Trading Hours: 11:00 AM - 3:00 PM NPT,693,Himalayan Laghubitta Bittiya Sanstha Limited,HLBSL,,,,0.11,,,,,,,,,,,,,,885.0,,1.0,,,,,,,7,"price_volume, live_market, summary, top_gainers, top_losers, nepse_index, supply_demand",5517
2026-08-11T14:20:04.325163+05:45,2026-08-11 14:20:04,top_gainers,top_gainers_108,True,cloud_automated,Tuesday - Trading Hours: 11:00 AM - 3:00 PM NPT,131,Nabil Bank Limited,NABIL,,,,0.11,,,,,,,,,,,,,,550.0,,0.6,,,,,,,7,"price_volume, live_market, summary, top_gainers, top_losers, nepse_index, supply_demand",5517
2026-08-11T14:20:04.325163+05:45,2026-08-11 14:20:04,top_gainers,top_gainers_109,True,cloud_automated,Tuesday - Trading Hours: 11:00 AM - 3:00 PM NPT,263,Guheshowori Merchant Bank & Finance Co. Ltd.,GMFIL,,,,0.11,,,,,,,,,,,,,,457.5,,0.5,,,,,,,7,"price_volume, live_market, summary, top_gainers, top_losers, nepse_index, supply_demand",5517
2026-08-11T14:20:04.325163+05:45,2026-08-11 14:20:04,top_gainers,top_gainers_110,True,cloud_automated,Tuesday - Trading Hours: 11:00 AM - 3:00 PM NPT,9334,Kalinchock Hydropower Limited,KHPL,,,,0.1,,,,,,,,,,,,,,807.0,,0.8,,,,,,,7,"price_volume, live_market, summary, top_gainers, top_losers, nepse_index, supply_demand",5517
2026-08-11T14:20:04.325163+05:45,2026-08-11 14:20:04,top_gainers,top_gainers_111,True,cloud_automated,Tuesday - Trading Hours: 11:00 AM - 3:00 PM NPT,2877,Sunrise First Mutual Fund,SFMF,,,,0.1,,,,,,,,,,,,,,10.02,,0.01,,,,,,,7,"price_volume, live_market, summary, top_gainers, top_losers, nepse_index, supply_demand",5517
2026-08-11T14:20:04.325163+05:45,2026-08-11 14:20:04,top_gainers,top_gainers_112,True,cloud_automated,Tuesday - Trading Hours: 11:00 AM - 3:00 PM NPT,227,Best Finance Company Ltd.,BFC,,,,0.08,,,,,,,,,,,,,,495.0,,0.4,,,,,,,7,"price_volume, live_market, summary, top_gainers, top_losers, nepse_index, supply_demand",5517
2026-08-11T14:20:04.325163+05:45,2026-08-11 14:20:04,top_gainers,top_gainers_113,True,cloud_automated,Tuesday - Trading Hours: 11:00 AM - 3:00 PM NPT,9150,Asian Hydropower Limited,AHL,,,,0.07,,,,,,,,,,,,,,410.3,,0.3,,,,,,,7,"price_volume, live_market, summary, top_gainers, top_losers, nepse_index, supply_demand",5517
2026-08-11T14:20:04.325163+05:45,2026-08-11 14:20:04,top_gainers,top_gainers_114,True,cloud_automated,Tuesday - Trading Hours: 11:00 AM - 3:00 PM NPT,474,Muktinath Bikas Bank Ltd.,MNBBL,,,,0.05,,,,,,,,,,,,,,367.0,,0.2,,,,,,,7,"price_volume, live_market, summary, top_gainers, top_losers, nepse_index, supply_demand",5517
2026-08-11T14:20:04.325163+05:45,2026-08-11 14:20:04,top_gainers,top_gainers_115,True,cloud_automated,Tuesday - Trading Hours: 11:00 AM - 3:00 PM NPT,8055,Balephi Hydropower Limited,BHL,,,,0.05,,,,,,,,,,,,,,207.0,,0.1,,,,,,,7,"price_volume, live_market, summary, top_gainers, top_losers, nepse_index, supply_demand",5517
2026-08-11T14:20:04.325163+05:45,2026-08-11 14:20:04,top_gainers,top_gainers_116,True,cloud_automated,Tuesday - Trading Hours: 11:00 AM - 3:00 PM NPT,8063,Upakar Laghubitta Bittiya Sanstha Limited,ULBSL,,,,0.04,,,,,,,,,,,,,,2750.0,,1.0,,,,,,,7,"price_volume, live_market, summary, top_gainers, top_losers, nepse_index, supply_demand",5517
2026-08-11T14:20:04.325163+05:45,2026-08-11 14:20:04,top_gainers,top_gainers_117,True,cloud_automated,Tuesday - Trading Hours: 11:00 AM - 3:00 PM NPT,2742,Hydorelectricity Investment and Development Company Ltd,HIDCL,,,,0.04,,,,,,,,,,,,,,253.1,,0.1,,,,,,,7,"price_volume, live_market, summary, top_gainers, top_losers, nepse_index, supply_demand",5517
2026-08-11T14:20:04.325163+05:45,2026-08-11 14:20:04,top_gainers,top_gainers_118,True,cloud_automated,Tuesday - Trading Hours: 11:00 AM - 3:00 PM NPT,152,National Hydro Power Company Limited,NHPC,,,,0.04,,,,,,,,,,,,,,272.3,,0.1,,,,,,,7,"price_volume, live_market, summary, top_gainers, top_losers, nepse_index, supply_demand",5517
2026-08-11T14:20:04.325163+05:45,2026-08-11 14:20:04,top_gainers,top_gainers_119,True,cloud_automated,Tuesday - Trading Hours: 11:00 AM - 3:00 PM NPT,4951,Jeevan Bikas Laghubitta  Bittya Sanstha Ltd,JBLB,,,,0.02,,,,,,,,,,,,,,1255.3,,0.3,,,,,,,7,"price_volume, live_market, summary, top_gainers, top_losers, nepse_index, supply_demand",5517
2026-08-11T14:20:04.325163+05:45,2026-08-11 14:20:04,top_gainers,top_gainers_120,True,cloud_automated,Tuesday - Trading Hours: 11:00 AM - 3:00 PM NPT,591,Sanima Mai Hydropower Ltd.,SHPC,,,,0.02,,,,,,,,,,,,,,495.1,,0.1,,,,,,,7,"price_volume, live_market, summary, top_gainers, top_losers, nepse_index, supply_demand",5517
2026-08-11T14:20:04.325163+05:45,2026-08-11 14:20:04,top_gainers,top_gainers_121,True,cloud_automated,Tuesday - Trading Hours: 11:00 AM - 3:00 PM NPT,9250,Nepal Micro Insurance Company Limited,NMIC,,,,0.01,,,,,,,,,,,,,,898.1,,0.1,,,,,,,7,"price_volume, live_market, summary, top_gainers, top_losers, nepse_index, supply_demand",5517
2026-08-11T14:20:04.325163+05:45,2026-08-11 14:20:04,top_losers,top_losers_1,True,cloud_automated,Tuesday - Trading Hours: 11:00 AM - 3:00 PM NPT,2925,Mahila Lagubitta Bittiya Sanstha Limited ,MLBSL,,,,-14.84,,,,,,,,,,,,,,1371.0,,-239.0,,,,,,,7,"price_volume, live_market, summary, top_gainers, top_losers, nepse_index, supply_demand",5517
2026-08-11T14:20:04.325163+05:45,2026-08-11 14:20:04,top_losers,top_losers_2,True,cloud_automated,Tuesday - Trading Hours: 11:00 AM - 3:00 PM NPT,2860,Saptakoshi Development Bank Ltd,SAPDBL,,,,-4.19,,,,,,,,,,,,,,800.0,,-35.0,,,,,,,7,"price_volume, live_market, summary, top_gainers, top_losers, nepse_index, supply_demand",5517
2026-08-11T14:20:04.325163+05:45,2026-08-11 14:20:04,top_losers,top_losers_3,True,cloud_automated,Tuesday - Trading Hours: 11:00 AM - 3:00 PM NPT,9208,Upper Lohore Khola Hydropower Company Limited,ULHC,,,,-3.9,,,,,,,,,,,,,,364.9,,-14.8,,,,,,,7,"price_volume, live_market, summary, top_gainers, top_losers, nepse_index, supply_demand",5517
2026-08-11T14:20:04.325163+05:45,2026-08-11 14:20:04,top_losers,top_losers_4,True,cloud_automated,Tuesday - Trading Hours: 11:00 AM - 3:00 PM NPT,9312,Nepal Life Samriddhi Lagani Yojana,NSY,,,,-3.38,,,,,,,,,,,,,,9.16,,-0.32,,,,,,,7,"price_volume, live_market, summary, top_gainers, top_losers, nepse_index, supply_demand",5517
2026-08-11T14:20:04.325163+05:45,2026-08-11 14:20:04,top_losers,top_losers_5,True,cloud_automated,Tuesday - Trading Hours: 11:00 AM - 3:00 PM NPT,9347,Everest Colour Limited,ECL,,,,-3.35,,,,,,,,,,,,,,1531.0,,-53.0,,,,,,,7,"price_volume, live_market, summary, top_gainers, top_losers, nepse_index, supply_demand",5517
2026-08-11T14:20:04.325163+05:45,2026-08-11 14:20:04,top_losers,top_losers_6,True,cloud_automated,Tuesday - Trading Hours: 11:00 AM - 3:00 PM NPT,2804,Samudayik Laghubitta Bittiya Sanstha Limited,SLBSL,,,,-3.0,,,,,,,,,,,,,,940.9,,-29.1,,,,,,,7,"price_volume, live_market, summary, top_gainers, top_losers, nepse_index, supply_demand",5517
2026-08-11T14:20:04.325163+05:45,2026-08-11 14:20:04,top_losers,top_losers_7,True,cloud_automated,Tuesday - Trading Hours: 11:00 AM - 3:00 PM NPT,8097,10% Prime Debenture 2088,PBD88,,,,-2.92,,,,,,,,,,,,,,1165.0,,-35.0,,,,,,,7,"price_volume, live_market, summary, top_gainers, top_losers, nepse_index, supply_demand",5517
2026-08-11T14:20:04.325163+05:45,2026-08-11 14:20:04,top_losers,top_losers_8,True,cloud_automated,Tuesday - Trading Hours: 11:00 AM - 3:00 PM NPT,9221,Himalayan 80-20,H8020,,,,-2.83,,,,,,,,,,,,,,11.67,,-0.34,,,,,,,7,"price_volume, live_market, summary, top_gainers, top_losers, nepse_index, supply_demand",5517
2026-08-11T14:20:04.325163+05:45,2026-08-11 14:20:04,top_losers,top_losers_9,True,cloud_automated,Tuesday - Trading Hours: 11:00 AM - 3:00 PM NPT,8044,Everest Bank Limited,EBLD86,,,,-2.79,,,,,,,,,,,,,,1050.8,,-30.2,,,,,,,7,"price_volume, live_market, summary, top_gainers, top_losers, nepse_index, supply_demand",5517
2026-08-11T14:20:04.325163+05:45,2026-08-11 14:20:04,top_losers,top_losers_10,True,cloud_automated,Tuesday - Trading Hours: 11:00 AM - 3:00 PM NPT,2859,Siddhartha Investment Growth Scheme - 2,SIGS2,,,,-2.78,,,,,,,,,,,,,,10.5,,-0.3,,,,,,,7,"price_volume, live_market, summary, top_gainers, top_losers, nepse_index, supply_demand",5517
2026-08-11T14:20:04.325163+05:45,2026-08-11 14:20:04,top_losers,top_losers_11,True,cloud_automated,Tuesday - Trading Hours: 11:00 AM - 3:00 PM NPT,9192,Upper Syange Hydropower Limited,USHL,,,,-2.73,,,,,,,,,,,,,,530.0,,-14.9,,,,,,,7,"price_volume, live_market, summary, top_gainers, top_losers, nepse_index, supply_demand",5517
2026-08-11T14:20:04.325163+05:45,2026-08-11 14:20:04,top_losers,top_losers_12,True,cloud_automated,Tuesday - Trading Hours: 11:00 AM - 3:00 PM NPT,8023,Mega Mutual Fund -1,MMF1,,,,-2.56,,,,,,,,,,,,,,8.75,,-0.23,,,,,,,7,"price_volume, live_market, summary, top_gainers, top_losers, nepse_index, supply_demand",5517
2026-08-11T14:20:04.325163+05:45,2026-08-11 14:20:04,top_losers,top_losers_13,True,cloud_automated,Tuesday - Trading Hours: 11:00 AM - 3:00 PM NPT,9266,7% NIC ASIA Debenture 2091,NICAD2091,,,,-2.55,,,,,,,,,,,,,,1022.3,,-26.7,,,,,,,7,"price_volume, live_market, summary, top_gainers, top_losers, nepse_index, supply_demand",5517
2026-08-11T14:20:04.325163+05:45,2026-08-11 14:20:04,top_losers,top_losers_14,True,cloud_automated,Tuesday - Trading Hours: 11:00 AM - 3:00 PM NPT,9290,HLI Large Cap Fund,HLICF,,,,-2.52,,,,,,,,,,,,,,8.5,,-0.22,,,,,,,7,"price_volume, live_market, summary, top_gainers, top_losers, nepse_index, supply_demand",5517
2026-08-11T14:20:04.325163+05:45,2026-08-11 14:20:04,top_losers,top_losers_15,True,cloud_automated,Tuesday - Trading Hours: 11:00 AM - 3:00 PM NPT,706,Suryodaya Womi Laghubitta Bittiya Sanstha Limited,SWMF,,,,-2.41,,,,,,,,,,,,,,604.1,,-14.9,,,,,,,7,"price_volume, live_market, summary, top_gainers, top_losers, nepse_index, supply_demand",5517
2026-08-11T14:20:04.325163+05:45,2026-08-11 14:20:04,top_losers,top_losers_16,True,cloud_automated,Tuesday - Trading Hours: 11:00 AM - 3:00 PM NPT,9236,NIC ASIA Growth Fund-2,NICGF2,,,,-2.28,,,,,,,,,,,,,,9.02,,-0.21,,,,,,,7,"price_volume, live_market, summary, top_gainers, top_losers, nepse_index, supply_demand",5517
2026-08-11T14:20:04.325163+05:45,2026-08-11 14:20:04,top_losers,top_losers_17,True,cloud_automated,Tuesday - Trading Hours: 11:00 AM - 3:00 PM NPT,9141,NIFRA Uraj Rinpatra7%-2085/86,NIFRAUR85/86,,,,-2.23,,,,,,,,,,,,,,1010.0,,-23.0,,,,,,,7,"price_volume, live_market, summary, top_gainers, top_losers, nepse_index, supply_demand",5517
2026-08-11T14:20:04.325163+05:45,2026-08-11 14:20:04,top_losers,top_losers_18,True,cloud_automated,Tuesday - Trading Hours: 11:00 AM - 3:00 PM NPT,9323,Super Khudi Hydropower Limited,SKHL,,,,-2.23,,,,,,,,,,,,,,876.0,,-20.0,,,,,,,7,"price_volume, live_market, summary, top_gainers, top_losers, nepse_index, supply_demand",5517
2026-08-11T14:20:04.325163+05:45,2026-08-11 14:20:04,top_losers,top_losers_19,True,cloud_automated,Tuesday - Trading Hours: 11:00 AM - 3:00 PM NPT,9217,Mathillo Mailun Khola Jalvidhyut Limited,MMKJL,,,,-2.22,,,,,,,,,,,,,,440.0,,-10.0,,,,,,,7,"price_volume, live_market, summary, top_gainers, top_losers, nepse_index, supply_demand",5517
2026-08-11T14:20:04.325163+05:45,2026-08-11 14:20:04,top_losers,top_losers_20,True,cloud_automated,Tuesday - Trading Hours: 11:00 AM - 3:00 PM NPT,9262,Trade Tower Limited,TTL,,,,-2.19,,,,,,,,,,,,,,715.0,,-16.0,,,,,,,7,"price_volume, live_market, summary, top_gainers, top_losers, nepse_index, supply_demand",5517
2026-08-11T14:20:04.325163+05:45,2026-08-11 14:20:04,top_losers,top_losers_21,True,cloud_automated,Tuesday - Trading Hours: 11:00 AM - 3:00 PM NPT,177,Rastriya Beema Company Limited,RBCL,,,,-2.16,,,,,,,,,,,,,,14108.1,,-310.9,,,,,,,7,"price_volume, live_market, summary, top_gainers, top_losers, nepse_index, supply_demand",5517
2026-08-11T14:20:04.325163+05:45,2026-08-11 14:20:04,top_losers,top_losers_22,True,cloud_automated,Tuesday - Trading Hours: 11:00 AM - 3:00 PM NPT,9348,Siddhartha Equity Fund 2,SEF2,,,,-2.16,,,,,,,,,,,,,,9.05,,-0.2,,,,,,,7,"price_volume, live_market, summary, top_gainers, top_losers, nepse_index, supply_demand",5517
2026-08-11T14:20:04.325163+05:45,2026-08-11 14:20:04,top_losers,top_losers_23,True,cloud_automated,Tuesday - Trading Hours: 11:00 AM - 3:00 PM NPT,9182,Siddhartha Investment Growth Scheme 3,SIGS3,,,,-2.11,,,,,,,,,,,,,,10.66,,-0.23,,,,,,,7,"price_volume, live_market, summary, top_gainers, top_losers, nepse_index, supply_demand",5517
2026-08-11T14:20:04.325163+05:45,2026-08-11 14:20:04,top_losers,top_losers_24,True,cloud_automated,Tuesday - Trading Hours: 11:00 AM - 3:00 PM NPT,2815,Ganapati Laghubitta Bittiya Sanstha Limited,GMFBS,,,,-2.04,,,,,,,,,,,,,,1150.0,,-24.0,,,,,,,7,"price_volume, live_market, summary, top_gainers, top_losers, nepse_index, supply_demand",5517
2026-08-11T14:20:04.325163+05:45,2026-08-11 14:20:04,top_losers,top_losers_25,True,cloud_automated,Tuesday - Trading Hours: 11:00 AM - 3:00 PM NPT,8005,Mailung Khola Jal Vidhyut Company Limited,MKJC,,,,-2.02,,,,,,,,,,,,,,445.8,,-9.2,,,,,,,7,"price_volume, live_market, summary, top_gainers, top_losers, nepse_index, supply_demand",5517
2026-08-11T14:20:04.325163+05:45,2026-08-11 14:20:04,top_losers,top_losers_26,True,cloud_automated,Tuesday - Trading Hours: 11:00 AM - 3:00 PM NPT,2748,RSDC Laghubitta Bittiya Sanstha Ltd.,RSDC,,,,-1.98,,,,,,,,,,,,,,644.0,,-13.0,,,,,,,7,"price_volume, live_market, summary, top_gainers, top_losers, nepse_index, supply_demand",5517
2026-08-11T14:20:04.325163+05:45,2026-08-11 14:20:04,top_losers,top_losers_27,True,cloud_automated,Tuesday - Trading Hours: 11:00 AM - 3:00 PM NPT,9161,Aatmanirbhar Laghubitta Bittiya Sanstha Limited,ANLB,,,,-1.96,,,,,,,,,,,,,,5360.0,,-107.0,,,,,,,7,"price_volume, live_market, summary, top_gainers, top_losers, nepse_index, supply_demand",5517
2026-08-11T14:20:04.325163+05:45,2026-08-11 14:20:04,top_losers,top_losers_28,True,cloud_automated,Tuesday - Trading Hours: 11:00 AM - 3:00 PM NPT,601,Mithila LaghuBitta Bittiya Sanstha Limited,MLBBL,,,,-1.95,,,,,,,,,,,,,,1100.0,,-21.9,,,,,,,7,"price_volume, live_market, summary, top_gainers, top_losers, nepse_index, supply_demand",5517
2026-08-11T14:20:04.325163+05:45,2026-08-11 14:20:04,top_losers,top_losers_29,True,cloud_automated,Tuesday - Trading Hours: 11:00 AM - 3:00 PM NPT,516,Manjushree Finance Ltd.,MFIL,,,,-1.93,,,,,,,,,,,,,,757.1,,-14.9,,,,,,,7,"price_volume, live_market, summary, top_gainers, top_losers, nepse_index, supply_demand",5517
2026-08-11T14:20:04.325163+05:45,2026-08-11 14:20:04,top_losers,top_losers_30,True,cloud_automated,Tuesday - Trading Hours: 11:00 AM - 3:00 PM NPT,490,First Micro Finance Laghubitta Bittiya Sanstha Limited,FMDBL,,,,-1.84,,,,,,,,,,,,,,802.0,,-15.0,,,,,,,7,"price_volume, live_market, summary, top_gainers, top_losers, nepse_index, supply_demand",5517
2026-08-11T14:20:04.325163+05:45,2026-08-11 14:20:04,top_losers,top_losers_31,True,cloud_automated,Tuesday - Trading Hours: 11:00 AM - 3:00 PM NPT,8034,Emerging Nepal Limited,ENL,,,,-1.84,,,,,,,,,,,,,,783.2,,-14.7,,,,,,,7,"price_volume, live_market, summary, top_gainers, top_losers, nepse_index, supply_demand",5517
2026-08-11T14:20:04.325163+05:45,2026-08-11 14:20:04,top_losers,top_losers_32,True,cloud_automated,Tuesday - Trading Hours: 11:00 AM - 3:00 PM NPT,9271,7.25% SBL Debenture 2091,SBLD2091,,,,-1.72,,,,,,,,,,,,,,1055.0,,-18.5,,,,,,,7,"price_volume, live_market, summary, top_gainers, top_losers, nepse_index, supply_demand",5517
2026-08-11T14:20:04.325163+05:45,2026-08-11 14:20:04,top_losers,top_losers_33,True,cloud_automated,Tuesday - Trading Hours: 11:00 AM - 3:00 PM NPT,8121,Sayapatri Hydropower Limited,SPHL,,,,-1.71,,,,,,,,,,,,,,511.1,,-8.9,,,,,,,7,"price_volume, live_market, summary, top_gainers, top_losers, nepse_index, supply_demand",5517
2026-08-11T14:20:04.325163+05:45,2026-08-11 14:20:04,top_losers,top_losers_34,True,cloud_automated,Tuesday - Trading Hours: 11:00 AM - 3:00 PM NPT,8123,Dhaulagiri Laghubitta Bittiya Sanstha Limited,DLBS,,,,-1.66,,,,,,,,,,,,,,1160.4,,-19.6,,,,,,,7,"price_volume, live_market, summary, top_gainers, top_losers, nepse_index, supply_demand",5517
2026-08-11T14:20:04.325163+05:45,2026-08-11 14:20:04,top_losers,top_losers_35,True,cloud_automated,Tuesday - Trading Hours: 11:00 AM - 3:00 PM NPT,2767,Himalayan Power Partner Ltd.,HPPL,,,,-1.65,,,,,,,,,,,,,,375.7,,-6.3,,,,,,,7,"price_volume, live_market, summary, top_gainers, top_losers, nepse_index, supply_demand",5517
2026-08-11T14:20:04.325163+05:45,2026-08-11 14:20:04,top_losers,top_losers_36,True,cloud_automated,Tuesday - Trading Hours: 11:00 AM - 3:00 PM NPT,9269,Global IME Sammunat Yojana -2,GBIMESY2,,,,-1.62,,,,,,,,,,,,,,9.1,,-0.15,,,,,,,7,"price_volume, live_market, summary, top_gainers, top_losers, nepse_index, supply_demand",5517
2026-08-11T14:20:04.325163+05:45,2026-08-11 14:20:04,top_losers,top_losers_37,True,cloud_automated,Tuesday - Trading Hours: 11:00 AM - 3:00 PM NPT,9349,Sanima Equity Fund-2,SAEF2,,,,-1.62,,,,,,,,,,,,,,9.11,,-0.15,,,,,,,7,"price_volume, live_market, summary, top_gainers, top_losers, nepse_index, supply_demand",5517
2026-08-11T14:20:04.325163+05:45,2026-08-11 14:20:04,top_losers,top_losers_38,True,cloud_automated,Tuesday - Trading Hours: 11:00 AM - 3:00 PM NPT,2923,Sanima Large Cap Fund,SLCF,,,,-1.58,,,,,,,,,,,,,,9.35,,-0.15,,,,,,,7,"price_volume, live_market, summary, top_gainers, top_losers, nepse_index, supply_demand",5517
2026-08-11T14:20:04.325163+05:45,2026-08-11 14:20:04,top_losers,top_losers_39,True,cloud_automated,Tuesday - Trading Hours: 11:00 AM - 3:00 PM NPT,705,Global IME Laghubitta Bittiya Sanstha Ltd.,GILB,,,,-1.56,,,,,,,,,,,,,,1071.0,,-17.0,,,,,,,7,"price_volume, live_market, summary, top_gainers, top_losers, nepse_index, supply_demand",5517
2026-08-11T14:20:04.325163+05:45,2026-08-11 14:20:04,top_losers,top_losers_40,True,cloud_automated,Tuesday - Trading Hours: 11:00 AM - 3:00 PM NPT,176,Nepal Insurance Co. Ltd.,NICL,,,,-1.54,,,,,,,,,,,,,,499.1,,-7.8,,,,,,,7,"price_volume, live_market, summary, top_gainers, top_losers, nepse_index, supply_demand",5517
2026-08-11T14:20:04.325163+05:45,2026-08-11 14:20:04,top_losers,top_losers_41,True,cloud_automated,Tuesday - Trading Hours: 11:00 AM - 3:00 PM NPT,2841,RASUWAGADHI HYDROPOWER COMPANY LIMITED,RHPL,,,,-1.54,,,,,,,,,,,,,,256.0,,-4.0,,,,,,,7,"price_volume, live_market, summary, top_gainers, top_losers, nepse_index, supply_demand",5517
2026-08-11T14:20:04.325163+05:45,2026-08-11 14:20:04,top_losers,top_losers_42,True,cloud_automated,Tuesday - Trading Hours: 11:00 AM - 3:00 PM NPT,4959,8.5% Nepal Bank Debenture 2087,NBLD87,,,,-1.53,,,,,,,,,,,,,,1075.3,,-16.7,,,,,,,7,"price_volume, live_market, summary, top_gainers, top_losers, nepse_index, supply_demand",5517
2026-08-11T14:20:04.325163+05:45,2026-08-11 14:20:04,top_losers,top_losers_43,True,cloud_automated,Tuesday - Trading Hours: 11:00 AM - 3:00 PM NPT,2771,Support Microfinance Bittiya Sanstha Ltd.,SMB,,,,-1.52,,,,,,,,,,,,,,1820.0,,-28.0,,,,,,,7,"price_volume, live_market, summary, top_gainers, top_losers, nepse_index, supply_demand",5517
2026-08-11T14:20:04.325163+05:45,2026-08-11 14:20:04,top_losers,top_losers_44,True,cloud_automated,Tuesday - Trading Hours: 11:00 AM - 3:00 PM NPT,9241,Kumari Sabal Yojana,KSY,,,,-1.48,,,,,,,,,,,,,,9.33,,-0.14,,,,,,,7,"price_volume, live_market, summary, top_gainers, top_losers, nepse_index, supply_demand",5517
2026-08-11T14:20:04.325163+05:45,2026-08-11 14:20:04,top_losers,top_losers_45,True,cloud_automated,Tuesday - Trading Hours: 11:00 AM - 3:00 PM NPT,163,Nirdhan Utthan Laghubitta Bittiya Sanstha Limited,NUBL,,,,-1.46,,,,,,,,,,,,,,601.1,,-8.9,,,,,,,7,"price_volume, live_market, summary, top_gainers, top_losers, nepse_index, supply_demand",5517
2026-08-11T14:20:04.325163+05:45,2026-08-11 14:20:04,top_losers,top_losers_46,True,cloud_automated,Tuesday - Trading Hours: 11:00 AM - 3:00 PM NPT,9344,Snow Rivers Limited,SNORL,,,,-1.45,,,,,,,,,,,,,,912.7,,-13.4,,,,,,,7,"price_volume, live_market, summary, top_gainers, top_losers, nepse_index, supply_demand",5517
2026-08-11T14:20:04.325163+05:45,2026-08-11 14:20:04,top_losers,top_losers_47,True,cloud_automated,Tuesday - Trading Hours: 11:00 AM - 3:00 PM NPT,9294,Sagar Distillery Limited,SAGAR,,,,-1.39,,,,,,,,,,,,,,1706.0,,-24.0,,,,,,,7,"price_volume, live_market, summary, top_gainers, top_losers, nepse_index, supply_demand",5517
2026-08-11T14:20:04.325163+05:45,2026-08-11 14:20:04,top_losers,top_losers_48,True,cloud_automated,Tuesday - Trading Hours: 11:00 AM - 3:00 PM NPT,9203,Manakamana Engineering Hydropower Limited,MEHL,,,,-1.39,,,,,,,,,,,,,,284.0,,-4.0,,,,,,,7,"price_volume, live_market, summary, top_gainers, top_losers, nepse_index, supply_demand",5517
2026-08-11T14:20:04.325163+05:45,2026-08-11 14:20:04,top_losers,top_losers_49,True,cloud_automated,Tuesday - Trading Hours: 11:00 AM - 3:00 PM NPT,9232,Chirkhwa Hydropower Limited ,CKHL,,,,-1.38,,,,,,,,,,,,,,573.0,,-8.0,,,,,,,7,"price_volume, live_market, summary, top_gainers, top_losers, nepse_index, supply_demand",5517
2026-08-11T14:20:04.325163+05:45,2026-08-11 14:20:04,top_losers,top_losers_50,True,cloud_automated,Tuesday - Trading Hours: 11:00 AM - 3:00 PM NPT,9135,Barahi Hydropower Public Limited,BHPL,,,,-1.35,,,,,,,,,,,,,,476.0,,-6.5,,,,,,,7,"price_volume, live_market, summary, top_gainers, top_losers, nepse_index, supply_demand",5517
2026-08-11T14:20:04.325163+05:45,2026-08-11 14:20:04,top_losers,top_losers_51,True,cloud_automated,Tuesday - Trading Hours: 11:00 AM - 3:00 PM NPT,2751,Khanikhola Hydropower Co. Ltd.,KKHC,,,,-1.34,,,,,,,,,,,,,,317.5,,-4.3,,,,,,,7,"price_volume, live_market, summary, top_gainers, top_losers, nepse_index, supply_demand",5517
2026-08-11T14:20:04.325163+05:45,2026-08-11 14:20:04,top_losers,top_losers_52,True,cloud_automated,Tuesday - Trading Hours: 11:00 AM - 3:00 PM NPT,9176,Ingwa Hydropower Limited,IHL,,,,-1.3,,,,,,,,,,,,,,340.5,,-4.5,,,,,,,7,"price_volume, live_market, summary, top_gainers, top_losers, nepse_index, supply_demand",5517
2026-08-11T14:20:04.325163+05:45,2026-08-11 14:20:04,top_losers,top_losers_53,True,cloud_automated,Tuesday - Trading Hours: 11:00 AM - 3:00 PM NPT,9214,Bhagawati Hydropower Development Company Limited,BGWT,,,,-1.26,,,,,,,,,,,,,,541.1,,-6.9,,,,,,,7,"price_volume, live_market, summary, top_gainers, top_losers, nepse_index, supply_demand",5517
2026-08-11T14:20:04.325163+05:45,2026-08-11 14:20:04,top_losers,top_losers_54,True,cloud_automated,Tuesday - Trading Hours: 11:00 AM - 3:00 PM NPT,9259,Reliable Samriddhi Yojana,RSY,,,,-1.25,,,,,,,,,,,,,,10.27,,-0.13,,,,,,,7,"price_volume, live_market, summary, top_gainers, top_losers, nepse_index, supply_demand",5517
2026-08-11T14:20:04.325163+05:45,2026-08-11 14:20:04,top_losers,top_losers_55,True,cloud_automated,Tuesday - Trading Hours: 11:00 AM - 3:00 PM NPT,8018,Manushi Laghubitta Bittiya Sanstha Limited,MLBS,,,,-1.24,,,,,,,,,,,,,,1116.0,,-14.0,,,,,,,7,"price_volume, live_market, summary, top_gainers, top_losers, nepse_index, supply_demand",5517
2026-08-11T14:20:04.325163+05:45,2026-08-11 14:20:04,top_losers,top_losers_56,True,cloud_automated,Tuesday - Trading Hours: 11:00 AM - 3:00 PM NPT,2786,Panchakanya Mai Hydropower Ltd,PMHPL,,,,-1.22,,,,,,,,,,,,,,315.0,,-3.9,,,,,,,7,"price_volume, live_market, summary, top_gainers, top_losers, nepse_index, supply_demand",5517
2026-08-11T14:20:04.325163+05:45,2026-08-11 14:20:04,top_losers,top_losers_57,True,cloud_automated,Tuesday - Trading Hours: 11:00 AM - 3:00 PM NPT,9166,Makar Jitumaya Suri Hydropower Limited,MAKAR,,,,-1.18,,,,,,,,,,,,,,420.0,,-5.0,,,,,,,7,"price_volume, live_market, summary, top_gainers, top_losers, nepse_index, supply_demand",5517
2026-08-11T14:20:04.325163+05:45,2026-08-11 14:20:04,top_losers,top_losers_58,True,cloud_automated,Tuesday - Trading Hours: 11:00 AM - 3:00 PM NPT,156,Bishal Bazar Company Limited,BBC,,,,-1.15,,,,,,,,,,,,,,4200.0,,-49.0,,,,,,,7,"price_volume, live_market, summary, top_gainers, top_losers, nepse_index, supply_demand",5517
2026-08-11T14:20:04.325163+05:45,2026-08-11 14:20:04,top_losers,top_losers_59,True,cloud_automated,Tuesday - Trading Hours: 11:00 AM - 3:00 PM NPT,9308,Hotel Forest Inn Limited,HFIN,,,,-1.14,,,,,,,,,,,,,,678.5,,-7.8,,,,,,,7,"price_volume, live_market, summary, top_gainers, top_losers, nepse_index, supply_demand",5517
2026-08-11T14:20:04.325163+05:45,2026-08-11 14:20:04,top_losers,top_losers_60,True,cloud_automated,Tuesday - Trading Hours: 11:00 AM - 3:00 PM NPT,183,Neco Insurance Limited,NIL,,,,-1.14,,,,,,,,,,,,,,605.0,,-7.0,,,,,,,7,"price_volume, live_market, summary, top_gainers, top_losers, nepse_index, supply_demand",5517
2026-08-11T14:20:04.325163+05:45,2026-08-11 14:20:04,top_losers,top_losers_61,True,cloud_automated,Tuesday - Trading Hours: 11:00 AM - 3:00 PM NPT,610,Ridi Power Company Limited,RIDI,,,,-1.14,,,,,,,,,,,,,,381.6,,-4.4,,,,,,,7,"price_volume, live_market, summary, top_gainers, top_losers, nepse_index, supply_demand",5517
2026-08-11T14:20:04.325163+05:45,2026-08-11 14:20:04,top_losers,top_losers_62,True,cloud_automated,Tuesday - Trading Hours: 11:00 AM - 3:00 PM NPT,9330,Palpa Cement Industries Limited,PCIL,,,,-1.12,,,,,,,,,,,,,,618.0,,-7.0,,,,,,,7,"price_volume, live_market, summary, top_gainers, top_losers, nepse_index, supply_demand",5517
2026-08-11T14:20:04.325163+05:45,2026-08-11 14:20:04,top_losers,top_losers_63,True,cloud_automated,Tuesday - Trading Hours: 11:00 AM - 3:00 PM NPT,2768,Mahuli Laghubitta Bittiya Sanstha Limited,MSLB,,,,-1.11,,,,,,,,,,,,,,1245.0,,-14.0,,,,,,,7,"price_volume, live_market, summary, top_gainers, top_losers, nepse_index, supply_demand",5517
2026-08-11T14:20:04.325163+05:45,2026-08-11 14:20:04,top_losers,top_losers_64,True,cloud_automated,Tuesday - Trading Hours: 11:00 AM - 3:00 PM NPT,9154,Sunrise Focused Equity Fund,SFEF,,,,-1.11,,,,,,,,,,,,,,9.8,,-0.11,,,,,,,7,"price_volume, live_market, summary, top_gainers, top_losers, nepse_index, supply_demand",5517
2026-08-11T14:20:04.325163+05:45,2026-08-11 14:20:04,top_losers,top_losers_65,True,cloud_automated,Tuesday - Trading Hours: 11:00 AM - 3:00 PM NPT,593,Kalika Laghubitta Bittiya Sanstha Ltd,KMCDB,,,,-1.09,,,,,,,,,,,,,,799.1,,-8.8,,,,,,,7,"price_volume, live_market, summary, top_gainers, top_losers, nepse_index, supply_demand",5517
2026-08-11T14:20:04.325163+05:45,2026-08-11 14:20:04,top_losers,top_losers_66,True,cloud_automated,Tuesday - Trading Hours: 11:00 AM - 3:00 PM NPT,9174,Prabhu Smart Fund,PRSF,,,,-1.09,,,,,,,,,,,,,,12.71,,-0.14,,,,,,,7,"price_volume, live_market, summary, top_gainers, top_losers, nepse_index, supply_demand",5517
2026-08-11T14:20:04.325163+05:45,2026-08-11 14:20:04,top_losers,top_losers_67,True,cloud_automated,Tuesday - Trading Hours: 11:00 AM - 3:00 PM NPT,8074,Kumari Dhanabriddhi Yojana,KDBY,,,,-1.09,,,,,,,,,,,,,,10.88,,-0.12,,,,,,,7,"price_volume, live_market, summary, top_gainers, top_losers, nepse_index, supply_demand",5517
2026-08-11T14:20:04.325163+05:45,2026-08-11 14:20:04,top_losers,top_losers_68,True,cloud_automated,Tuesday - Trading Hours: 11:00 AM - 3:00 PM NPT,9139,Sanima Growth Fund,SAGF,,,,-1.09,,,,,,,,,,,,,,10.0,,-0.11,,,,,,,7,"price_volume, live_market, summary, top_gainers, top_losers, nepse_index, supply_demand",5517
2026-08-11T14:20:04.325163+05:45,2026-08-11 14:20:04,top_losers,top_losers_69,True,cloud_automated,Tuesday - Trading Hours: 11:00 AM - 3:00 PM NPT,8122,People's Power Limited,PPL,,,,-1.07,,,,,,,,,,,,,,323.0,,-3.5,,,,,,,7,"price_volume, live_market, summary, top_gainers, top_losers, nepse_index, supply_demand",5517
2026-08-11T14:20:04.325163+05:45,2026-08-11 14:20:04,top_losers,top_losers_70,True,cloud_automated,Tuesday - Trading Hours: 11:00 AM - 3:00 PM NPT,9151,Kalinchowk Darshan Limited,KDL,,,,-1.03,,,,,,,,,,,,,,770.0,,-8.0,,,,,,,7,"price_volume, live_market, summary, top_gainers, top_losers, nepse_index, supply_demand",5517
2026-08-11T14:20:04.325163+05:45,2026-08-11 14:20:04,top_losers,top_losers_71,True,cloud_automated,Tuesday - Trading Hours: 11:00 AM - 3:00 PM NPT,250,Janaki Finance Company Limited,JFL,,,,-1.03,,,,,,,,,,,,,,384.0,,-4.0,,,,,,,7,"price_volume, live_market, summary, top_gainers, top_losers, nepse_index, supply_demand",5517
2026-08-11T14:20:04.325163+05:45,2026-08-11 14:20:04,top_losers,top_losers_72,True,cloud_automated,Tuesday - Trading Hours: 11:00 AM - 3:00 PM NPT,9329,Shikhar power Development Limited,SIPD,,,,-1.02,,,,,,,,,,,,,,672.0,,-6.9,,,,,,,7,"price_volume, live_market, summary, top_gainers, top_losers, nepse_index, supply_demand",5517
2026-08-11T14:20:04.325163+05:45,2026-08-11 14:20:04,top_losers,top_losers_73,True,cloud_automated,Tuesday - Trading Hours: 11:00 AM - 3:00 PM NPT,9293,Daramkhola Hydro Energy Limited,DHEL,,,,-1.02,,,,,,,,,,,,,,613.7,,-6.3,,,,,,,7,"price_volume, live_market, summary, top_gainers, top_losers, nepse_index, supply_demand",5517
2026-08-11T14:20:04.325163+05:45,2026-08-11 14:20:04,top_losers,top_losers_74,True,cloud_automated,Tuesday - Trading Hours: 11:00 AM - 3:00 PM NPT,9325,Suryakunda Hydro Electric Limited,SKHEL,,,,-1.01,,,,,,,,,,,,,,970.1,,-9.9,,,,,,,7,"price_volume, live_market, summary, top_gainers, top_losers, nepse_index, supply_demand",5517
2026-08-11T14:20:04.325163+05:45,2026-08-11 14:20:04,top_losers,top_losers_75,True,cloud_automated,Tuesday - Trading Hours: 11:00 AM - 3:00 PM NPT,9295,Swastik Laghubitta Bittiya Sanstha Limited,SWASTIK,,,,-0.99,,,,,,,,,,,,,,1995.0,,-20.0,,,,,,,7,"price_volume, live_market, summary, top_gainers, top_losers, nepse_index, supply_demand",5517
2026-08-11T14:20:04.325163+05:45,2026-08-11 14:20:04,top_losers,top_losers_76,True,cloud_automated,Tuesday - Trading Hours: 11:00 AM - 3:00 PM NPT,9302,RBB Focus 40,RBBF40,,,,-0.99,,,,,,,,,,,,,,9.03,,-0.09,,,,,,,7,"price_volume, live_market, summary, top_gainers, top_losers, nepse_index, supply_demand",5517
2026-08-11T14:20:04.325163+05:45,2026-08-11 14:20:04,top_losers,top_losers_77,True,cloud_automated,Tuesday - Trading Hours: 11:00 AM - 3:00 PM NPT,245,Central Finance Co. Ltd.,CFCL,,,,-0.97,,,,,,,,,,,,,,650.1,,-6.4,,,,,,,7,"price_volume, live_market, summary, top_gainers, top_losers, nepse_index, supply_demand",5517
2026-08-11T14:20:04.325163+05:45,2026-08-11 14:20:04,top_losers,top_losers_78,True,cloud_automated,Tuesday - Trading Hours: 11:00 AM - 3:00 PM NPT,583,Grameen Bikas Laghubitta Bittiya Sanstha Ltd.,GBLBS,,,,-0.93,,,,,,,,,,,,,,732.1,,-6.9,,,,,,,7,"price_volume, live_market, summary, top_gainers, top_losers, nepse_index, supply_demand",5517
2026-08-11T14:20:04.325163+05:45,2026-08-11 14:20:04,top_losers,top_losers_79,True,cloud_automated,Tuesday - Trading Hours: 11:00 AM - 3:00 PM NPT,2766,Chhyangdi Hydropower Ltd.,CHL,,,,-0.93,,,,,,,,,,,,,,265.4,,-2.5,,,,,,,7,"price_volume, live_market, summary, top_gainers, top_losers, nepse_index, supply_demand",5517
2026-08-11T14:20:04.325163+05:45,2026-08-11 14:20:04,top_losers,top_losers_80,True,cloud_automated,Tuesday - Trading Hours: 11:00 AM - 3:00 PM NPT,8024,Nabil Balanced Fund-3,NBF3,,,,-0.93,,,,,,,,,,,,,,9.56,,-0.09,,,,,,,7,"price_volume, live_market, summary, top_gainers, top_losers, nepse_index, supply_demand",5517
2026-08-11T14:20:04.325163+05:45,2026-08-11 14:20:04,top_losers,top_losers_81,True,cloud_automated,Tuesday - Trading Hours: 11:00 AM - 3:00 PM NPT,9324,Ridge Line Energy Limited,RLEL,,,,-0.92,,,,,,,,,,,,,,859.0,,-8.0,,,,,,,7,"price_volume, live_market, summary, top_gainers, top_losers, nepse_index, supply_demand",5517
2026-08-11T14:20:04.325163+05:45,2026-08-11 14:20:04,top_losers,top_losers_82,True,cloud_automated,Tuesday - Trading Hours: 11:00 AM - 3:00 PM NPT,9345,Sanigad Hydro Limited,SGHL,,,,-0.91,,,,,,,,,,,,,,523.0,,-4.8,,,,,,,7,"price_volume, live_market, summary, top_gainers, top_losers, nepse_index, supply_demand",5517
2026-08-11T14:20:04.325163+05:45,2026-08-11 14:20:04,top_losers,top_losers_83,True,cloud_automated,Tuesday - Trading Hours: 11:00 AM - 3:00 PM NPT,8106,Global IME Balanced Fund-1,GIBF1,,,,-0.91,,,,,,,,,,,,,,10.9,,-0.1,,,,,,,7,"price_volume, live_market, summary, top_gainers, top_losers, nepse_index, supply_demand",5517
2026-08-11T14:20:04.325163+05:45,2026-08-11 14:20:04,top_losers,top_losers_84,True,cloud_automated,Tuesday - Trading Hours: 11:00 AM - 3:00 PM NPT,9159,Sagarmatha Jalabidhyut Company Limited,SMJC,,,,-0.9,,,,,,,,,,,,,,441.0,,-4.0,,,,,,,7,"price_volume, live_market, summary, top_gainers, top_losers, nepse_index, supply_demand",5517
2026-08-11T14:20:04.325163+05:45,2026-08-11 14:20:04,top_losers,top_losers_85,True,cloud_automated,Tuesday - Trading Hours: 11:00 AM - 3:00 PM NPT,9301,Shreenagar Agritech Industries Limited,SAIL,,,,-0.89,,,,,,,,,,,,,,1110.0,,-10.0,,,,,,,7,"price_volume, live_market, summary, top_gainers, top_losers, nepse_index, supply_demand",5517
2026-08-11T14:20:04.325163+05:45,2026-08-11 14:20:04,top_losers,top_losers_86,True,cloud_automated,Tuesday - Trading Hours: 11:00 AM - 3:00 PM NPT,9305,Salapa Bikas Bank Limited,SABBL,,,,-0.89,,,,,,,,,,,,,,972.2,,-8.7,,,,,,,7,"price_volume, live_market, summary, top_gainers, top_losers, nepse_index, supply_demand",5517
2026-08-11T14:20:04.325163+05:45,2026-08-11 14:20:04,top_losers,top_losers_87,True,cloud_automated,Tuesday - Trading Hours: 11:00 AM - 3:00 PM NPT,9225,Vision Lumbini Urja Company Limited ,VLUCL,,,,-0.89,,,,,,,,,,,,,,411.3,,-3.7,,,,,,,7,"price_volume, live_market, summary, top_gainers, top_losers, nepse_index, supply_demand",5517
2026-08-11T14:20:04.325163+05:45,2026-08-11 14:20:04,top_losers,top_losers_88,True,cloud_automated,Tuesday - Trading Hours: 11:00 AM - 3:00 PM NPT,450,Corporate Development Bank Limited,CORBL,,,,-0.88,,,,,,,,,,,,,,1145.0,,-10.2,,,,,,,7,"price_volume, live_market, summary, top_gainers, top_losers, nepse_index, supply_demand",5517
2026-08-11T14:20:04.325163+05:45,2026-08-11 14:20:04,top_losers,top_losers_89,True,cloud_automated,Tuesday - Trading Hours: 11:00 AM - 3:00 PM NPT,8076,Himalayan Hydropower Limited,HHL,,,,-0.87,,,,,,,,,,,,,,332.0,,-2.9,,,,,,,7,"price_volume, live_market, summary, top_gainers, top_losers, nepse_index, supply_demand",5517
2026-08-11T14:20:04.325163+05:45,2026-08-11 14:20:04,top_losers,top_losers_90,True,cloud_automated,Tuesday - Trading Hours: 11:00 AM - 3:00 PM NPT,9216,Sonapur Minerals And Oil Limited,SONA,,,,-0.84,,,,,,,,,,,,,,403.6,,-3.4,,,,,,,7,"price_volume, live_market, summary, top_gainers, top_losers, nepse_index, supply_demand",5517
2026-08-11T14:20:04.325163+05:45,2026-08-11 14:20:04,top_losers,top_losers_91,True,cloud_automated,Tuesday - Trading Hours: 11:00 AM - 3:00 PM NPT,9342,Yambaling Hydropower Limited,YMHL,,,,-0.82,,,,,,,,,,,,,,618.9,,-5.1,,,,,,,7,"price_volume, live_market, summary, top_gainers, top_losers, nepse_index, supply_demand",5517
2026-08-11T14:20:04.325163+05:45,2026-08-11 14:20:04,top_losers,top_losers_92,True,cloud_automated,Tuesday - Trading Hours: 11:00 AM - 3:00 PM NPT,2924,GreenLife Hydropower Limited,GLH,,,,-0.82,,,,,,,,,,,,,,255.5,,-2.1,,,,,,,7,"price_volume, live_market, summary, top_gainers, top_losers, nepse_index, supply_demand",5517
2026-08-11T14:20:04.325163+05:45,2026-08-11 14:20:04,top_losers,top_losers_93,True,cloud_automated,Tuesday - Trading Hours: 11:00 AM - 3:00 PM NPT,4968,RBB Mutual Fund 1,RMF1,,,,-0.82,,,,,,,,,,,,,,9.62,,-0.08,,,,,,,7,"price_volume, live_market, summary, top_gainers, top_losers, nepse_index, supply_demand",5517
2026-08-11T14:20:04.325163+05:45,2026-08-11 14:20:04,top_losers,top_losers_94,True,cloud_automated,Tuesday - Trading Hours: 11:00 AM - 3:00 PM NPT,8041,NESDO Sambridha Laghubitta Bittiya Sanstha Limited,NESDO,,,,-0.81,,,,,,,,,,,,,,1446.2,,-11.8,,,,,,,7,"price_volume, live_market, summary, top_gainers, top_losers, nepse_index, supply_demand",5517
2026-08-11T14:20:04.325163+05:45,2026-08-11 14:20:04,top_losers,top_losers_95,True,cloud_automated,Tuesday - Trading Hours: 11:00 AM - 3:00 PM NPT,9252,Crest Micro Life Insurance Limited,CREST,,,,-0.81,,,,,,,,,,,,,,1170.1,,-9.6,,,,,,,7,"price_volume, live_market, summary, top_gainers, top_losers, nepse_index, supply_demand",5517
2026-08-11T14:20:04.325163+05:45,2026-08-11 14:20:04,top_losers,top_losers_96,True,cloud_automated,Tuesday - Trading Hours: 11:00 AM - 3:00 PM NPT,9233,Nepal Warehousing Company Limited ,NWCL,,,,-0.81,,,,,,,,,,,,,,688.0,,-5.6,,,,,,,7,"price_volume, live_market, summary, top_gainers, top_losers, nepse_index, supply_demand",5517
2026-08-11T14:20:04.325163+05:45,2026-08-11 14:20:04,top_losers,top_losers_97,True,cloud_automated,Tuesday - Trading Hours: 11:00 AM - 3:00 PM NPT,8100,Swet-Ganga Hydropower & Construction Limited ,SGHC,,,,-0.8,,,,,,,,,,,,,,310.0,,-2.5,,,,,,,7,"price_volume, live_market, summary, top_gainers, top_losers, nepse_index, supply_demand",5517
2026-08-11T14:20:04.325163+05:45,2026-08-11 14:20:04,top_losers,top_losers_98,True,cloud_automated,Tuesday - Trading Hours: 11:00 AM - 3:00 PM NPT,2811,Mountain Hydro Nepal Limited,MHNL,,,,-0.79,,,,,,,,,,,,,,239.0,,-1.9,,,,,,,7,"price_volume, live_market, summary, top_gainers, top_losers, nepse_index, supply_demand",5517
2026-08-11T14:20:04.325163+05:45,2026-08-11 14:20:04,top_losers,top_losers_99,True,cloud_automated,Tuesday - Trading Hours: 11:00 AM - 3:00 PM NPT,153,Butwal Power Company Limited,BPCL,,,,-0.78,,,,,,,,,,,,,,644.7,,-5.1,,,,,,,7,"price_volume, live_market, summary, top_gainers, top_losers, nepse_index, supply_demand",5517
2026-08-11T14:20:04.325163+05:45,2026-08-11 14:20:04,top_losers,top_losers_100,True,cloud_automated,Tuesday - Trading Hours: 11:00 AM - 3:00 PM NPT,166,Deprosc Laghubitta Bittiya Sanstha Limited,DDBL,,,,-0.77,,,,,,,,,,,,,,833.5,,-6.5,,,,,,,7,"price_volume, live_market, summary, top_gainers, top_losers, nepse_index, supply_demand",5517
2026-08-11T14:20:04.325163+05:45,2026-08-11 14:20:04,top_losers,top_losers_101,True,cloud_automated,Tuesday - Trading Hours: 11:00 AM - 3:00 PM NPT,396,Nerude Mirmire Laghubitta Bittiya Sanstha Limited,NMLBBL,,,,-0.73,,,,,,,,,,,,,,516.1,,-3.8,,,,,,,7,"price_volume, live_market, summary, top_gainers, top_losers, nepse_index, supply_demand",5517
2026-08-11T14:20:04.325163+05:45,2026-08-11 14:20:04,top_losers,top_losers_102,True,cloud_automated,Tuesday - Trading Hours: 11:00 AM - 3:00 PM NPT,9167,Mai Khola Hydropower Limited,MKHL,,,,-0.72,,,,,,,,,,,,,,493.2,,-3.6,,,,,,,7,"price_volume, live_market, summary, top_gainers, top_losers, nepse_index, supply_demand",5517
2026-08-11T14:20:04.325163+05:45,2026-08-11 14:20:04,top_losers,top_losers_103,True,cloud_automated,Tuesday - Trading Hours: 11:00 AM - 3:00 PM NPT,2831,Union Hydropower Limited,UNHPL,,,,-0.72,,,,,,,,,,,,,,371.3,,-2.7,,,,,,,7,"price_volume, live_market, summary, top_gainers, top_losers, nepse_index, supply_demand",5517
2026-08-11T14:20:04.325163+05:45,2026-08-11 14:20:04,top_losers,top_losers_104,True,cloud_automated,Tuesday - Trading Hours: 11:00 AM - 3:00 PM NPT,559,NLG Insurance Company Ltd.,NLG,,,,-0.69,,,,,,,,,,,,,,564.1,,-3.9,,,,,,,7,"price_volume, live_market, summary, top_gainers, top_losers, nepse_index, supply_demand",5517
2026-08-11T14:20:04.325163+05:45,2026-08-11 14:20:04,top_losers,top_losers_105,True,cloud_automated,Tuesday - Trading Hours: 11:00 AM - 3:00 PM NPT,2754,Dibyashwori Hydropower Ltd.,DHPL,,,,-0.69,,,,,,,,,,,,,,286.0,,-2.0,,,,,,,7,"price_volume, live_market, summary, top_gainers, top_losers, nepse_index, supply_demand",5517
2026-08-11T14:20:04.325163+05:45,2026-08-11 14:20:04,top_losers,top_losers_106,True,cloud_automated,Tuesday - Trading Hours: 11:00 AM - 3:00 PM NPT,9209,Citizen Life Insurance Company Limited,CLI,,,,-0.68,,,,,,,,,,,,,,437.0,,-3.0,,,,,,,7,"price_volume, live_market, summary, top_gainers, top_losers, nepse_index, supply_demand",5517
2026-08-11T14:20:04.325163+05:45,2026-08-11 14:20:04,top_losers,top_losers_107,True,cloud_automated,Tuesday - Trading Hours: 11:00 AM - 3:00 PM NPT,403,SuryaJyoti Life Insurance Company Limited,SJLIC,,,,-0.68,,,,,,,,,,,,,,407.2,,-2.8,,,,,,,7,"price_volume, live_market, summary, top_gainers, top_losers, nepse_index, supply_demand",5517
2026-08-11T14:20:04.325163+05:45,2026-08-11 14:20:04,top_losers,top_losers_108,True,cloud_automated,Tuesday - Trading Hours: 11:00 AM - 3:00 PM NPT,397,Agricultural Development Bank Limited,ADBL,,,,-0.66,,,,,,,,,,,,,,303.0,,-2.0,,,,,,,7,"price_volume, live_market, summary, top_gainers, top_losers, nepse_index, supply_demand",5517
2026-08-11T14:20:04.325163+05:45,2026-08-11 14:20:04,top_losers,top_losers_109,True,cloud_automated,Tuesday - Trading Hours: 11:00 AM - 3:00 PM NPT,2933,Kumari Equity Fund,KEF,,,,-0.65,,,,,,,,,,,,,,10.73,,-0.07,,,,,,,7,"price_volume, live_market, summary, top_gainers, top_losers, nepse_index, supply_demand",5517
2026-08-11T14:20:04.325163+05:45,2026-08-11 14:20:04,top_losers,top_losers_110,True,cloud_automated,Tuesday - Trading Hours: 11:00 AM - 3:00 PM NPT,9170,Dolti Power Company Limited,DOLTI,,,,-0.63,,,,,,,,,,,,,,318.0,,-2.0,,,,,,,7,"price_volume, live_market, summary, top_gainers, top_losers, nepse_index, supply_demand",5517
2026-08-11T14:20:04.325163+05:45,2026-08-11 14:20:04,top_losers,top_losers_111,True,cloud_automated,Tuesday - Trading Hours: 11:00 AM - 3:00 PM NPT,2826,Gurans Laghubitta Bittiya Sanstha Limited,GLBSL,,,,-0.62,,,,,,,,,,,,,,1774.0,,-11.0,,,,,,,7,"price_volume, live_market, summary, top_gainers, top_losers, nepse_index, supply_demand",5517
2026-08-11T14:20:04.325163+05:45,2026-08-11 14:20:04,top_losers,top_losers_112,True,cloud_automated,Tuesday - Trading Hours: 11:00 AM - 3:00 PM NPT,8117,Aviyan Laghubitta Bittiya Sanstha Limited,AVYAN,,,,-0.61,,,,,,,,,,,,,,1044.6,,-6.4,,,,,,,7,"price_volume, live_market, summary, top_gainers, top_losers, nepse_index, supply_demand",5517
2026-08-11T14:20:04.325163+05:45,2026-08-11 14:20:04,top_losers,top_losers_113,True,cloud_automated,Tuesday - Trading Hours: 11:00 AM - 3:00 PM NPT,2919,Nepal Infrastructure Bank Limited,NIFRA,,,,-0.61,,,,,,,,,,,,,,242.5,,-1.5,,,,,,,7,"price_volume, live_market, summary, top_gainers, top_losers, nepse_index, supply_demand",5517
2026-08-11T14:20:04.325163+05:45,2026-08-11 14:20:04,top_losers,top_losers_114,True,cloud_automated,Tuesday - Trading Hours: 11:00 AM - 3:00 PM NPT,4947,Prabhu Select Fund,PSF,,,,-0.59,,,,,,,,,,,,,,11.83,,-0.07,,,,,,,7,"price_volume, live_market, summary, top_gainers, top_losers, nepse_index, supply_demand",5517
2026-08-11T14:20:04.325163+05:45,2026-08-11 14:20:04,top_losers,top_losers_115,True,cloud_automated,Tuesday - Trading Hours: 11:00 AM - 3:00 PM NPT,155,Salt Trading Corporation,STC,,,,-0.58,,,,,,,,,,,,,,5140.0,,-30.0,,,,,,,7,"price_volume, live_market, summary, top_gainers, top_losers, nepse_index, supply_demand",5517
2026-08-11T14:20:04.325163+05:45,2026-08-11 14:20:04,top_losers,top_losers_116,True,cloud_automated,Tuesday - Trading Hours: 11:00 AM - 3:00 PM NPT,561,Sindhu Bikash Bank Ltd,SINDU,,,,-0.58,,,,,,,,,,,,,,687.0,,-4.0,,,,,,,7,"price_volume, live_market, summary, top_gainers, top_losers, nepse_index, supply_demand",5517
2026-08-11T14:20:04.325163+05:45,2026-08-11 14:20:04,top_losers,top_losers_117,True,cloud_automated,Tuesday - Trading Hours: 11:00 AM - 3:00 PM NPT,459,Kamana Sewa Bikas Bank Limited,KSBBL,,,,-0.58,,,,,,,,,,,,,,465.3,,-2.7,,,,,,,7,"price_volume, live_market, summary, top_gainers, top_losers, nepse_index, supply_demand",5517
2026-08-11T14:20:04.325163+05:45,2026-08-11 14:20:04,top_losers,top_losers_118,True,cloud_automated,Tuesday - Trading Hours: 11:00 AM - 3:00 PM NPT,2761,Samata Gharelu Laghubitta Bittiya Sanstha Limited,SMATA,,,,-0.55,,,,,,,,,,,,,,726.0,,-4.0,,,,,,,7,"price_volume, live_market, summary, top_gainers, top_losers, nepse_index, supply_demand",5517
2026-08-11T14:20:04.325163+05:45,2026-08-11 14:20:04,top_losers,top_losers_119,True,cloud_automated,Tuesday - Trading Hours: 11:00 AM - 3:00 PM NPT,9343,Taksar Pikhuwa Khola Hydropower Limited,TPKHL,,,,-0.54,,,,,,,,,,,,,,557.0,,-3.0,,,,,,,7,"price_volume, live_market, summary, top_gainers, top_losers, nepse_index, supply_demand",5517
2026-08-11T14:20:04.325163+05:45,2026-08-11 14:20:04,top_losers,top_losers_120,True,cloud_automated,Tuesday - Trading Hours: 11:00 AM - 3:00 PM NPT,2758,Forward Microfinance Laghubitta Bittiya Sanstha Limited,FOWAD,,,,-0.53,,,,,,,,,,,,,,940.0,,-5.0,,,,,,,7,"price_volume, live_market, summary, top_gainers, top_losers, nepse_index, supply_demand",5517
2026-08-11T14:20:04.325163+05:45,2026-08-11 14:20:04,top_losers,top_losers_121,True,cloud_automated,Tuesday - Trading Hours: 11:00 AM - 3:00 PM NPT,185,Sagarmatha Lumbini Insurance Co. Limited,SALICO,,,,-0.51,,,,,,,,,,,,,,586.0,,-3.0,,,,,,,7,"price_volume, live_market, summary, top_gainers, top_losers, nepse_index, supply_demand",5517
2026-08-11T14:20:04.325163+05:45,2026-08-11 14:20:04,top_losers,top_losers_122,True,cloud_automated,Tuesday - Trading Hours: 11:00 AM - 3:00 PM NPT,545,Swarojgar Laghubitta Bittiya Sanstha Ltd.,SLBBL,,,,-0.5,,,,,,,,,,,,,,795.0,,-4.0,,,,,,,7,"price_volume, live_market, summary, top_gainers, top_losers, nepse_index, supply_demand",5517
2026-08-11T14:20:04.325163+05:45,2026-08-11 14:20:04,top_losers,top_losers_123,True,cloud_automated,Tuesday - Trading Hours: 11:00 AM - 3:00 PM NPT,9199,Reliable Nepal Life Insurance Limited,RNLI,,,,-0.47,,,,,,,,,,,,,,422.0,,-2.0,,,,,,,7,"price_volume, live_market, summary, top_gainers, top_losers, nepse_index, supply_demand",5517
2026-08-11T14:20:04.325163+05:45,2026-08-11 14:20:04,top_losers,top_losers_124,True,cloud_automated,Tuesday - Trading Hours: 11:00 AM - 3:00 PM NPT,9194,Three Star Hydropower Limited,TSHL,,,,-0.47,,,,,,,,,,,,,,361.3,,-1.7,,,,,,,7,"price_volume, live_market, summary, top_gainers, top_losers, nepse_index, supply_demand",5517
2026-08-11T14:20:04.325163+05:45,2026-08-11 14:20:04,top_losers,top_losers_125,True,cloud_automated,Tuesday - Trading Hours: 11:00 AM - 3:00 PM NPT,9183,Nepal Republic Media Limited,NRM,,,,-0.46,,,,,,,,,,,,,,305.0,,-1.4,,,,,,,7,"price_volume, live_market, summary, top_gainers, top_losers, nepse_index, supply_demand",5517
2026-08-11T14:20:04.325163+05:45,2026-08-11 14:20:04,top_losers,top_losers_126,True,cloud_automated,Tuesday - Trading Hours: 11:00 AM - 3:00 PM NPT,2760,United Modi Hydropower Ltd.,UMHL,,,,-0.45,,,,,,,,,,,,,,576.9,,-2.6,,,,,,,7,"price_volume, live_market, summary, top_gainers, top_losers, nepse_index, supply_demand",5517
2026-08-11T14:20:04.325163+05:45,2026-08-11 14:20:04,top_losers,top_losers_127,True,cloud_automated,Tuesday - Trading Hours: 11:00 AM - 3:00 PM NPT,213,Bottlers Nepal (Terai) Limited,BNT,,,,-0.43,,,,,,,,,,,,,,11500.2,,-49.9,,,,,,,7,"price_volume, live_market, summary, top_gainers, top_losers, nepse_index, supply_demand",5517
2026-08-11T14:20:04.325163+05:45,2026-08-11 14:20:04,top_losers,top_losers_128,True,cloud_automated,Tuesday - Trading Hours: 11:00 AM - 3:00 PM NPT,154,Chilime Hydropower Company Limited,CHCL,,,,-0.43,,,,,,,,,,,,,,481.9,,-2.1,,,,,,,7,"price_volume, live_market, summary, top_gainers, top_losers, nepse_index, supply_demand",5517
2026-08-11T14:20:04.325163+05:45,2026-08-11 14:20:04,top_losers,top_losers_129,True,cloud_automated,Tuesday - Trading Hours: 11:00 AM - 3:00 PM NPT,8025,Samling Power Company Limited,SPC,,,,-0.43,,,,,,,,,,,,,,416.2,,-1.8,,,,,,,7,"price_volume, live_market, summary, top_gainers, top_losers, nepse_index, supply_demand",5517
2026-08-11T14:20:04.325163+05:45,2026-08-11 14:20:04,top_losers,top_losers_130,True,cloud_automated,Tuesday - Trading Hours: 11:00 AM - 3:00 PM NPT,472,Shangrila Development Bank Ltd.,SADBL,,,,-0.42,,,,,,,,,,,,,,406.3,,-1.7,,,,,,,7,"price_volume, live_market, summary, top_gainers, top_losers, nepse_index, supply_demand",5517
2026-08-11T14:20:04.325163+05:45,2026-08-11 14:20:04,top_losers,top_losers_131,True,cloud_automated,Tuesday - Trading Hours: 11:00 AM - 3:00 PM NPT,9245,Muktinath Mutual Fund 1,MNMF1,,,,-0.42,,,,,,,,,,,,,,9.52,,-0.04,,,,,,,7,"price_volume, live_market, summary, top_gainers, top_losers, nepse_index, supply_demand",5517
2026-08-11T14:20:04.325163+05:45,2026-08-11 14:20:04,top_losers,top_losers_132,True,cloud_automated,Tuesday - Trading Hours: 11:00 AM - 3:00 PM NPT,2787,Kalika power Company Ltd,KPCL,,,,-0.41,,,,,,,,,,,,,,467.1,,-1.9,,,,,,,7,"price_volume, live_market, summary, top_gainers, top_losers, nepse_index, supply_demand",5517
2026-08-11T14:20:04.325163+05:45,2026-08-11 14:20:04,top_losers,top_losers_133,True,cloud_automated,Tuesday - Trading Hours: 11:00 AM - 3:00 PM NPT,338,Progressive Finance Limited,PROFL,,,,-0.41,,,,,,,,,,,,,,417.3,,-1.7,,,,,,,7,"price_volume, live_market, summary, top_gainers, top_losers, nepse_index, supply_demand",5517
2026-08-11T14:20:04.325163+05:45,2026-08-11 14:20:04,top_losers,top_losers_134,True,cloud_automated,Tuesday - Trading Hours: 11:00 AM - 3:00 PM NPT,134,Himalayan Bank Limited,HBL,,,,-0.41,,,,,,,,,,,,,,194.0,,-0.8,,,,,,,7,"price_volume, live_market, summary, top_gainers, top_losers, nepse_index, supply_demand",5517
2026-08-11T14:20:04.325163+05:45,2026-08-11 14:20:04,top_losers,top_losers_135,True,cloud_automated,Tuesday - Trading Hours: 11:00 AM - 3:00 PM NPT,2744,Green Development Bank Ltd.,GRDBL,,,,-0.38,,,,,,,,,,,,,,1055.0,,-4.0,,,,,,,7,"price_volume, live_market, summary, top_gainers, top_losers, nepse_index, supply_demand",5517
2026-08-11T14:20:04.325163+05:45,2026-08-11 14:20:04,top_losers,top_losers_136,True,cloud_automated,Tuesday - Trading Hours: 11:00 AM - 3:00 PM NPT,2914,United IDI Mardi RB Hydropower Limited.,UMRH,,,,-0.38,,,,,,,,,,,,,,528.0,,-2.0,,,,,,,7,"price_volume, live_market, summary, top_gainers, top_losers, nepse_index, supply_demand",5517
2026-08-11T14:20:04.325163+05:45,2026-08-11 14:20:04,top_losers,top_losers_137,True,cloud_automated,Tuesday - Trading Hours: 11:00 AM - 3:00 PM NPT,9149,Maya Khola Hydropower Company Limited,MKHC,,,,-0.37,,,,,,,,,,,,,,270.0,,-1.0,,,,,,,7,"price_volume, live_market, summary, top_gainers, top_losers, nepse_index, supply_demand",5517
2026-08-11T14:20:04.325163+05:45,2026-08-11 14:20:04,top_losers,top_losers_138,True,cloud_automated,Tuesday - Trading Hours: 11:00 AM - 3:00 PM NPT,2842,SANJEN JALAVIDHYUT COMPANY LIMITED,SJCL,,,,-0.37,,,,,,,,,,,,,,269.0,,-1.0,,,,,,,7,"price_volume, live_market, summary, top_gainers, top_losers, nepse_index, supply_demand",5517
2026-08-11T14:20:04.325163+05:45,2026-08-11 14:20:04,top_losers,top_losers_139,True,cloud_automated,Tuesday - Trading Hours: 11:00 AM - 3:00 PM NPT,2898,NRN Infrastructure and Development Limited,NRN,,,,-0.36,,,,,,,,,,,,,,1371.1,,-4.9,,,,,,,7,"price_volume, live_market, summary, top_gainers, top_losers, nepse_index, supply_demand",5517
2026-08-11T14:20:04.325163+05:45,2026-08-11 14:20:04,top_losers,top_losers_140,True,cloud_automated,Tuesday - Trading Hours: 11:00 AM - 3:00 PM NPT,2746,National Laghubitta Bittiya Sanstha Limited,NMFBS,,,,-0.36,,,,,,,,,,,,,,1100.0,,-4.0,,,,,,,7,"price_volume, live_market, summary, top_gainers, top_losers, nepse_index, supply_demand",5517
2026-08-11T14:20:04.325163+05:45,2026-08-11 14:20:04,top_losers,top_losers_141,True,cloud_automated,Tuesday - Trading Hours: 11:00 AM - 3:00 PM NPT,9147,Shuvam Power Limited,SPL,,,,-0.36,,,,,,,,,,,,,,636.0,,-2.3,,,,,,,7,"price_volume, live_market, summary, top_gainers, top_losers, nepse_index, supply_demand",5517
2026-08-11T14:20:04.325163+05:45,2026-08-11 14:20:04,top_losers,top_losers_142,True,cloud_automated,Tuesday - Trading Hours: 11:00 AM - 3:00 PM NPT,9258,Pure Energy Limited,PURE,,,,-0.35,,,,,,,,,,,,,,817.1,,-2.9,,,,,,,7,"price_volume, live_market, summary, top_gainers, top_losers, nepse_index, supply_demand",5517
2026-08-11T14:20:04.325163+05:45,2026-08-11 14:20:04,top_losers,top_losers_143,True,cloud_automated,Tuesday - Trading Hours: 11:00 AM - 3:00 PM NPT,371,Miteri Development Bank Limited,MDB,,,,-0.35,,,,,,,,,,,,,,576.0,,-2.0,,,,,,,7,"price_volume, live_market, summary, top_gainers, top_losers, nepse_index, supply_demand",5517
2026-08-11T14:20:04.325163+05:45,2026-08-11 14:20:04,top_losers,top_losers_144,True,cloud_automated,Tuesday - Trading Hours: 11:00 AM - 3:00 PM NPT,9263,Sanvi Energy Limited,SANVI,,,,-0.34,,,,,,,,,,,,,,585.0,,-2.0,,,,,,,7,"price_volume, live_market, summary, top_gainers, top_losers, nepse_index, supply_demand",5517
2026-08-11T14:20:04.325163+05:45,2026-08-11 14:20:04,top_losers,top_losers_145,True,cloud_automated,Tuesday - Trading Hours: 11:00 AM - 3:00 PM NPT,9171,Bhugol Energy Development Company Limited,BEDC,,,,-0.34,,,,,,,,,,,,,,318.0,,-1.1,,,,,,,7,"price_volume, live_market, summary, top_gainers, top_losers, nepse_index, supply_demand",5517
2026-08-11T14:20:04.325163+05:45,2026-08-11 14:20:04,top_losers,top_losers_146,True,cloud_automated,Tuesday - Trading Hours: 11:00 AM - 3:00 PM NPT,232,Goodwill Finance Limited,GFCL,,,,-0.33,,,,,,,,,,,,,,598.0,,-2.0,,,,,,,7,"price_volume, live_market, summary, top_gainers, top_losers, nepse_index, supply_demand",5517
2026-08-11T14:20:04.325163+05:45,2026-08-11 14:20:04,top_losers,top_losers_147,True,cloud_automated,Tuesday - Trading Hours: 11:00 AM - 3:00 PM NPT,9215,Mid Solu Hydropower Limited,MSHL,,,,-0.33,,,,,,,,,,,,,,604.0,,-2.0,,,,,,,7,"price_volume, live_market, summary, top_gainers, top_losers, nepse_index, supply_demand",5517
2026-08-11T14:20:04.325163+05:45,2026-08-11 14:20:04,top_losers,top_losers_148,True,cloud_automated,Tuesday - Trading Hours: 11:00 AM - 3:00 PM NPT,2788,Ankhu Khola Jalvidhyut Company Ltd,AKJCL,,,,-0.33,,,,,,,,,,,,,,365.7,,-1.2,,,,,,,7,"price_volume, live_market, summary, top_gainers, top_losers, nepse_index, supply_demand",5517
2026-08-11T14:20:04.325163+05:45,2026-08-11 14:20:04,top_losers,top_losers_149,True,cloud_automated,Tuesday - Trading Hours: 11:00 AM - 3:00 PM NPT,9351,Reliable Samriddhi Yojana -2,RSY2,,,,-0.33,,,,,,,,,,,,,,9.0,,-0.03,,,,,,,7,"price_volume, live_market, summary, top_gainers, top_losers, nepse_index, supply_demand",5517
2026-08-11T14:20:04.325163+05:45,2026-08-11 14:20:04,top_losers,top_losers_150,True,cloud_automated,Tuesday - Trading Hours: 11:00 AM - 3:00 PM NPT,2769,Nepal Hydro Developers Ltd.,NHDL,,,,-0.31,,,,,,,,,,,,,,638.0,,-2.0,,,,,,,7,"price_volume, live_market, summary, top_gainers, top_losers, nepse_index, supply_demand",5517
2026-08-11T14:20:04.325163+05:45,2026-08-11 14:20:04,top_losers,top_losers_151,True,cloud_automated,Tuesday - Trading Hours: 11:00 AM - 3:00 PM NPT,2835,NABIL BALANCED FUND-2,NBF2,,,,-0.3,,,,,,,,,,,,,,9.83,,-0.03,,,,,,,7,"price_volume, live_market, summary, top_gainers, top_losers, nepse_index, supply_demand",5517
2026-08-11T14:20:04.325163+05:45,2026-08-11 14:20:04,top_losers,top_losers_152,True,cloud_automated,Tuesday - Trading Hours: 11:00 AM - 3:00 PM NPT,687,Vijaya laghubitta Bittiya Sanstha Ltd.,VLBS,,,,-0.29,,,,,,,,,,,,,,659.1,,-1.9,,,,,,,7,"price_volume, live_market, summary, top_gainers, top_losers, nepse_index, supply_demand",5517
2026-08-11T14:20:04.325163+05:45,2026-08-11 14:20:04,top_losers,top_losers_153,True,cloud_automated,Tuesday - Trading Hours: 11:00 AM - 3:00 PM NPT,418,Jyoti Bikas Bank Limited,JBBL,,,,-0.29,,,,,,,,,,,,,,338.0,,-1.0,,,,,,,7,"price_volume, live_market, summary, top_gainers, top_losers, nepse_index, supply_demand",5517
2026-08-11T14:20:04.325163+05:45,2026-08-11 14:20:04,top_losers,top_losers_154,True,cloud_automated,Tuesday - Trading Hours: 11:00 AM - 3:00 PM NPT,238,NMB Bank Limited,NMB,,,,-0.29,,,,,,,,,,,,,,242.3,,-0.7,,,,,,,7,"price_volume, live_market, summary, top_gainers, top_losers, nepse_index, supply_demand",5517
2026-08-11T14:20:04.325163+05:45,2026-08-11 14:20:04,top_losers,top_losers_155,True,cloud_automated,Tuesday - Trading Hours: 11:00 AM - 3:00 PM NPT,9257,MBL Equity Fund,MBLEF,,,,-0.29,,,,,,,,,,,,,,10.25,,-0.03,,,,,,,7,"price_volume, live_market, summary, top_gainers, top_losers, nepse_index, supply_demand",5517
2026-08-11T14:20:04.325163+05:45,2026-08-11 14:20:04,top_losers,top_losers_156,True,cloud_automated,Tuesday - Trading Hours: 11:00 AM - 3:00 PM NPT,9311,Solu Hydropower Limited,SOHL,,,,-0.28,,,,,,,,,,,,,,709.0,,-2.0,,,,,,,7,"price_volume, live_market, summary, top_gainers, top_losers, nepse_index, supply_demand",5517
2026-08-11T14:20:04.325163+05:45,2026-08-11 14:20:04,top_losers,top_losers_157,True,cloud_automated,Tuesday - Trading Hours: 11:00 AM - 3:00 PM NPT,2757,Arun Kabeli Power Ltd.,AKPL,,,,-0.27,,,,,,,,,,,,,,254.0,,-0.7,,,,,,,7,"price_volume, live_market, summary, top_gainers, top_losers, nepse_index, supply_demand",5517
2026-08-11T14:20:04.325163+05:45,2026-08-11 14:20:04,top_losers,top_losers_158,True,cloud_automated,Tuesday - Trading Hours: 11:00 AM - 3:00 PM NPT,574,Sana Kisan Bikas Laghubitta Bittiya Sanstha Limited,SKBBL,,,,-0.25,,,,,,,,,,,,,,745.1,,-1.9,,,,,,,7,"price_volume, live_market, summary, top_gainers, top_losers, nepse_index, supply_demand",5517
2026-08-11T14:20:04.325163+05:45,2026-08-11 14:20:04,top_losers,top_losers_159,True,cloud_automated,Tuesday - Trading Hours: 11:00 AM - 3:00 PM NPT,2881,Nepal Reinsurance Company Limited,NRIC,,,,-0.22,,,,,,,,,,,,,,927.0,,-2.0,,,,,,,7,"price_volume, live_market, summary, top_gainers, top_losers, nepse_index, supply_demand",5517
2026-08-11T14:20:04.325163+05:45,2026-08-11 14:20:04,top_losers,top_losers_160,True,cloud_automated,Tuesday - Trading Hours: 11:00 AM - 3:00 PM NPT,184,Prabhu Insurance Ltd.,PRIN,,,,-0.22,,,,,,,,,,,,,,666.5,,-1.5,,,,,,,7,"price_volume, live_market, summary, top_gainers, top_losers, nepse_index, supply_demand",5517
2026-08-11T14:20:04.325163+05:45,2026-08-11 14:20:04,top_losers,top_losers_161,True,cloud_automated,Tuesday - Trading Hours: 11:00 AM - 3:00 PM NPT,358,Lumbini Bikas Bank Ltd.,LBBL,,,,-0.21,,,,,,,,,,,,,,484.0,,-1.0,,,,,,,7,"price_volume, live_market, summary, top_gainers, top_losers, nepse_index, supply_demand",5517
2026-08-11T14:20:04.325163+05:45,2026-08-11 14:20:04,top_losers,top_losers_162,True,cloud_automated,Tuesday - Trading Hours: 11:00 AM - 3:00 PM NPT,8032,Buddha Bhumi Nepal Hydropower Company Limited,BNHC,,,,-0.21,,,,,,,,,,,,,,281.4,,-0.6,,,,,,,7,"price_volume, live_market, summary, top_gainers, top_losers, nepse_index, supply_demand",5517
2026-08-11T14:20:04.325163+05:45,2026-08-11 14:20:04,top_losers,top_losers_163,True,cloud_automated,Tuesday - Trading Hours: 11:00 AM - 3:00 PM NPT,341,Global IME Bank Limited,GBIME,,,,-0.2,,,,,,,,,,,,,,250.5,,-0.5,,,,,,,7,"price_volume, live_market, summary, top_gainers, top_losers, nepse_index, supply_demand",5517
2026-08-11T14:20:04.325163+05:45,2026-08-11 14:20:04,top_losers,top_losers_164,True,cloud_automated,Tuesday - Trading Hours: 11:00 AM - 3:00 PM NPT,9287,Mabilung Energy Limited,MABEL,,,,-0.17,,,,,,,,,,,,,,593.0,,-1.0,,,,,,,7,"price_volume, live_market, summary, top_gainers, top_losers, nepse_index, supply_demand",5517
2026-08-11T14:20:04.325163+05:45,2026-08-11 14:20:04,top_losers,top_losers_165,True,cloud_automated,Tuesday - Trading Hours: 11:00 AM - 3:00 PM NPT,8022,Terhathum Power Company Limited,TPC,,,,-0.14,,,,,,,,,,,,,,361.0,,-0.5,,,,,,,7,"price_volume, live_market, summary, top_gainers, top_losers, nepse_index, supply_demand",5517
2026-08-11T14:20:04.325163+05:45,2026-08-11 14:20:04,top_losers,top_losers_166,True,cloud_automated,Tuesday - Trading Hours: 11:00 AM - 3:00 PM NPT,9212,Mandu Hydropower Limited,MANDU,,,,-0.13,,,,,,,,,,,,,,799.0,,-1.0,,,,,,,7,"price_volume, live_market, summary, top_gainers, top_losers, nepse_index, supply_demand",5517
2026-08-11T14:20:04.325163+05:45,2026-08-11 14:20:04,top_losers,top_losers_167,True,cloud_automated,Tuesday - Trading Hours: 11:00 AM - 3:00 PM NPT,9256,Om Megashree Pharmaceuticals Limited,OMPL,,,,-0.11,,,,,,,,,,,,,,893.0,,-1.0,,,,,,,7,"price_volume, live_market, summary, top_gainers, top_losers, nepse_index, supply_demand",5517
2026-08-11T14:20:04.325163+05:45,2026-08-11 14:20:04,top_losers,top_losers_168,True,cloud_automated,Tuesday - Trading Hours: 11:00 AM - 3:00 PM NPT,9246,Guardian Micro Life Insurance Limited ,GMLI,,,,-0.09,,,,,,,,,,,,,,1099.0,,-1.0,,,,,,,7,"price_volume, live_market, summary, top_gainers, top_losers, nepse_index, supply_demand",5517
2026-08-11T14:20:04.325163+05:45,2026-08-11 14:20:04,top_losers,top_losers_169,True,cloud_automated,Tuesday - Trading Hours: 11:00 AM - 3:00 PM NPT,2774,Unnati Sahakarya Laghubitta Bittiya Sanstha Limited,USLB,,,,-0.09,,,,,,,,,,,,,,1122.0,,-1.0,,,,,,,7,"price_volume, live_market, summary, top_gainers, top_losers, nepse_index, supply_demand",5517
2026-08-11T14:20:04.325163+05:45,2026-08-11 14:20:04,top_losers,top_losers_170,True,cloud_automated,Tuesday - Trading Hours: 11:00 AM - 3:00 PM NPT,8070,Dordi Khola Jal Bidyut Company Limited,DORDI,,,,-0.08,,,,,,,,,,,,,,249.7,,-0.2,,,,,,,7,"price_volume, live_market, summary, top_gainers, top_losers, nepse_index, supply_demand",5517
2026-08-11T14:20:04.325163+05:45,2026-08-11 14:20:04,top_losers,top_losers_171,True,cloud_automated,Tuesday - Trading Hours: 11:00 AM - 3:00 PM NPT,9303,SY Panel Nepal Limited,SYPNL,,,,-0.07,,,,,,,,,,,,,,1333.0,,-1.0,,,,,,,7,"price_volume, live_market, summary, top_gainers, top_losers, nepse_index, supply_demand",5517
2026-08-11T14:20:04.325163+05:45,2026-08-11 14:20:04,top_losers,top_losers_172,True,cloud_automated,Tuesday - Trading Hours: 11:00 AM - 3:00 PM NPT,182,Siddhartha Premier Insurance Limited,SPIL,,,,-0.07,,,,,,,,,,,,,,685.0,,-0.5,,,,,,,7,"price_volume, live_market, summary, top_gainers, top_losers, nepse_index, supply_demand",5517
2026-08-11T14:20:04.325163+05:45,2026-08-11 14:20:04,top_losers,top_losers_173,True,cloud_automated,Tuesday - Trading Hours: 11:00 AM - 3:00 PM NPT,164,Chhimek Laghubitta Bittiya Sanstha Limited,CBBL,,,,-0.05,,,,,,,,,,,,,,929.5,,-0.5,,,,,,,7,"price_volume, live_market, summary, top_gainers, top_losers, nepse_index, supply_demand",5517
2026-08-11T14:20:04.325163+05:45,2026-08-11 14:20:04,top_losers,top_losers_174,True,cloud_automated,Tuesday - Trading Hours: 11:00 AM - 3:00 PM NPT,517,Nepal Bank Limited,NBL,,,,-0.04,,,,,,,,,,,,,,265.9,,-0.1,,,,,,,7,"price_volume, live_market, summary, top_gainers, top_losers, nepse_index, supply_demand",5517
2026-08-11T14:20:04.325163+05:45,2026-08-11 14:20:04,top_losers,top_losers_175,True,cloud_automated,Tuesday - Trading Hours: 11:00 AM - 3:00 PM NPT,235,Himalayan Distillery Limited,HDL,,,,-0.03,,,,,,,,,,,,,,1164.8,,-0.3,,,,,,,7,"price_volume, live_market, summary, top_gainers, top_losers, nepse_index, supply_demand",5517
2026-08-11T14:20:04.325163+05:45,2026-08-11 14:20:04,top_losers,top_losers_176,True,cloud_automated,Tuesday - Trading Hours: 11:00 AM - 3:00 PM NPT,2935,Ru Ru Jalbidhyut Pariyojana Limited,RURU,,,,-0.03,,,,,,,,,,,,,,608.8,,-0.2,,,,,,,7,"price_volume, live_market, summary, top_gainers, top_losers, nepse_index, supply_demand",5517
2026-08-11T14:20:04.325163+05:45,2026-08-11 14:20:04,nepse_index,nepse_index_summary,True,cloud_automated,Tuesday - Trading Hours: 11:00 AM - 3:00 PM NPT,,,,,,,,,,,,,,,,,,,,,,,,"{'id': 62, 'auditId': None, 'exchangeIndexId': None, 'generatedTime': '2026-08-11T14:18:55.36', 'index': 'Float Index', 'close': 181.18, 'high': 182.1312, 'low': 180.6465, 'previousClose': 181.1824, 'change': -0.01, 'perChange': 0.0, 'fiftyTwoWeekHigh': 204.21, 'fiftyTwoWeekLow': 170.58, 'currentValue': 181.16}","{'id': 63, 'auditId': None, 'exchangeIndexId': None, 'generatedTime': '2026-08-11T14:18:48.607', 'index': 'Sensitive Float Index', 'close': 156.18, 'high': 157.085, 'low': 156.0212, 'previousClose': 156.1762, 'change': 0.13, 'perChange': 0.08, 'fiftyTwoWeekHigh': 173.41, 'fiftyTwoWeekLow': 147.61, 'currentValue': 156.3}","{'id': 58, 'auditId': None, 'exchangeIndexId': None, 'generatedTime': '2026-08-11T14:18:55.357', 'index': 'NEPSE Index', 'close': 2641.06, 'high': 2656.2171, 'low': 2629.7675, 'previousClose': 2641.063, 'change': -0.93, 'perChange': -0.03, 'fiftyTwoWeekHigh': 2960.4, 'fiftyTwoWeekLow': 2487.18, 'currentValue': 2640.12}","{'id': 57, 'auditId': None, 'exchangeIndexId': None, 'generatedTime': '2026-08-11T14:18:48.607', 'index': 'Sensitive Index', 'close': 461.37, 'high': 464.1123, 'low': 460.9853, 'previousClose': 461.3684, 'change': 0.5, 'perChange': 0.1, 'fiftyTwoWeekHigh': 507.0, 'fiftyTwoWeekLow': 435.29, 'currentValue': 461.87}",,,7,"price_volume, live_market, summary, top_gainers, top_losers, nepse_index, supply_demand",5517
2026-08-11T14:20:04.325163+05:45,2026-08-11 14:20:04,supply_demand,supply_demand_summary,True,cloud_automated,Tuesday - Trading Hours: 11:00 AM - 3:00 PM NPT,,,,,,,,,,,,,,,,,,,,,,,,,,,,"[{'totalQuantity': 939364, 'totalOrder': 6, 'securityId': 2751, 'symbol': 'KKHC', 'securityName': 'Khanikhola Hydropower Co. Ltd.'}, {'totalQuantity': 812665, 'totalOrder': 7, 'securityId': 9174, 'symbol': 'PRSF', 'securityName': 'Prabhu Smart Fund'}, {'totalQuantity': 805506, 'totalOrder': 7, 'securityId': 610, 'symbol': 'RIDI', 'securityName': 'Ridi Power Company Limited'}, {'totalQuantity': 564469, 'totalOrder': 8, 'securityId': 8074, 'symbol': 'KDBY', 'securityName': 'Kumari Dhanabriddhi Yojana'}, {'totalQuantity': 383852, 'totalOrder': 8, 'securityId': 9302, 'symbol': 'RBBF40', 'securityName': 'RBB Focus 40'}, {'totalQuantity': 347892, 'totalOrder': 5, 'securityId': 8125, 'symbol': 'NSIF2', 'securityName': 'NMB Sulav Investment Fund - 2'}, {'totalQuantity': 334450, 'totalOrder': 8, 'securityId': 9154, 'symbol': 'SFEF', 'securityName': 'Sunrise Focused Equity Fund'}, {'totalQuantity': 306418, 'totalOrder': 11, 'securityId': 2788, 'symbol': 'AKJCL', 'securityName': 'Ankhu Khola Jalvidhyut Company Ltd'}, {'totalQuantity': 277754, 'totalOrder': 19, 'securityId': 9311, 'symbol': 'SOHL', 'securityName': 'Solu Hydropower Limited'}, {'totalQuantity': 254665, 'totalOrder': 7, 'securityId': 8106, 'symbol': 'GIBF1', 'securityName': 'Global IME Balanced Fund-1'}, {'totalQuantity': 249727, 'totalOrder': 12, 'securityId': 9259, 'symbol': 'RSY', 'securityName': 'Reliable Samriddhi Yojana'}, {'totalQuantity': 226538, 'totalOrder': 7, 'securityId': 152, 'symbol': 'NHPC', 'securityName': 'National Hydro Power Company Limited'}, {'totalQuantity': 220200, 'totalOrder': 8, 'securityId': 9257, 'symbol': 'MBLEF', 'securityName': 'MBL Equity Fund'}, {'totalQuantity': 217922, 'totalOrder': 6, 'securityId': 2933, 'symbol': 'KEF', 'securityName': 'Kumari Equity Fund'}, {'totalQuantity': 212145, 'totalOrder': 9, 'securityId': 2767, 'symbol': 'HPPL', 'securityName': 'Himalayan Power Partner Ltd.'}, {'totalQuantity': 191922, 'totalOrder': 18, 'securityId': 2743, 'symbol': 'NGPL', 'securityName': 'Ngadi Group Power Ltd.'}, {'totalQuantity': 180506, 'totalOrder': 19, 'securityId': 341, 'symbol': 'GBIME', 'securityName': 'Global IME Bank Limited'}, {'totalQuantity': 178814, 'totalOrder': 6, 'securityId': 9139, 'symbol': 'SAGF', 'securityName': 'Sanima Growth Fund'}, {'totalQuantity': 162394, 'totalOrder': 6, 'securityId': 9182, 'symbol': 'SIGS3', 'securityName': 'Siddhartha Investment Growth Scheme 3'}, {'totalQuantity': 129711, 'totalOrder': 8, 'securityId': 9244, 'symbol': 'NIBLSTF', 'securityName': 'NIBL Stable Fund'}, {'totalQuantity': 112816, 'totalOrder': 4, 'securityId': 2835, 'symbol': 'NBF2', 'securityName': 'NABIL BALANCED FUND-2'}, {'totalQuantity': 104470, 'totalOrder': 23, 'securityId': 8099, 'symbol': 'UHEWA', 'securityName': 'Upper Hewakhola Hydropower Company Limited'}, {'totalQuantity': 95549, 'totalOrder': 8, 'securityId': 9146, 'symbol': 'SMHL', 'securityName': 'Super Madi Hydropower Limited'}, {'totalQuantity': 94271, 'totalOrder': 8, 'securityId': 2880, 'symbol': 'HDHPC', 'securityName': 'Himal Dolakha Hydropower Company Limited'}, {'totalQuantity': 93846, 'totalOrder': 10, 'securityId': 142, 'symbol': 'KBL', 'securityName': 'Kumari Bank Limited'}, {'totalQuantity': 93400, 'totalOrder': 5, 'securityId': 9221, 'symbol': 'H8020', 'securityName': 'Himalayan 80-20'}, {'totalQuantity': 92960, 'totalOrder': 7, 'securityId': 490, 'symbol': 'FMDBL', 'securityName': 'First Micro Finance Laghubitta Bittiya Sanstha Limited'}, {'totalQuantity': 91805, 'totalOrder': 6, 'securityId': 9173, 'symbol': 'CITY', 'securityName': 'City Hotel Limited'}, {'totalQuantity': 89053, 'totalOrder': 10, 'securityId': 132, 'symbol': 'NIMB', 'securityName': 'Nepal Investment Mega Bank Limited'}, {'totalQuantity': 86156, 'totalOrder': 10, 'securityId': 9254, 'symbol': 'NMBHF2', 'securityName': 'NMB Hybrid Fund L- II'}, {'totalQuantity': 81302, 'totalOrder': 11, 'securityId': 9245, 'symbol': 'MNMF1', 'securityName': 'Muktinath Mutual Fund 1'}, {'totalQuantity': 80873, 'totalOrder': 14, 'securityId': 2907, 'symbol': 'SSHL', 'securityName': 'Shiva Shree Hydropower Ltd'}, {'totalQuantity': 77034, 'totalOrder': 9, 'securityId': 8055, 'symbol': 'BHL', 'securityName': 'Balephi Hydropower Limited'}, {'totalQuantity': 76921, 'totalOrder': 9, 'securityId': 2810, 'symbol': 'UPCL', 'securityName': 'UNIVERSAL POWER COMPANY LTD'}, {'totalQuantity': 74974, 'totalOrder': 8, 'securityId': 8021, 'symbol': 'SAHAS', 'securityName': 'Sahas Urja Limited'}, {'totalQuantity': 73800, 'totalOrder': 7, 'securityId': 245, 'symbol': 'CFCL', 'securityName': 'Central Finance Co. Ltd.'}, {'totalQuantity': 70085, 'totalOrder': 14, 'securityId': 171, 'symbol': 'SANIMA', 'securityName': 'Sanima Bank Limited'}, {'totalQuantity': 68621, 'totalOrder': 6, 'securityId': 4968, 'symbol': 'RMF1', 'securityName': 'RBB Mutual Fund 1'}, {'totalQuantity': 67225, 'totalOrder': 11, 'securityId': 517, 'symbol': 'NBL', 'securityName': 'Nepal Bank Limited'}, {'totalQuantity': 66916, 'totalOrder': 6, 'securityId': 469, 'symbol': 'NIMBPO', 'securityName': 'Nepal Investment Mega Bank Ltd. Promoter Share'}, {'totalQuantity': 65503, 'totalOrder': 8, 'securityId': 8111, 'symbol': 'HIDCLP', 'securityName': 'Hydorelectricity Investment and Development Company Limited Promoter'}, {'totalQuantity': 65434, 'totalOrder': 11, 'securityId': 2903, 'symbol': 'LEC', 'securityName': 'Liberty Energy Company Limited'}, {'totalQuantity': 64813, 'totalOrder': 11, 'securityId': 2824, 'symbol': 'HURJA', 'securityName': 'Himalaya Urja Bikas Company Limited'}, {'totalQuantity': 64079, 'totalOrder': 7, 'securityId': 2860, 'symbol': 'SAPDBL', 'securityName': 'Saptakoshi Development Bank Ltd'}, {'totalQuantity': 62411, 'totalOrder': 19, 'securityId': 2919, 'symbol': 'NIFRA', 'securityName': 'Nepal Infrastructure Bank Limited'}, {'totalQuantity': 61685, 'totalOrder': 10, 'securityId': 2934, 'symbol': 'SHEL', 'securityName': 'Singati Hydro Energy Limited'}, {'totalQuantity': 57313, 'totalOrder': 8, 'securityId': 188, 'symbol': 'LICN', 'securityName': 'Life Insurance Corporation (Nepal) Limited'}, {'totalQuantity': 57273, 'totalOrder': 11, 'securityId': 2806, 'symbol': 'GHL', 'securityName': 'Ghalemdi Hydro Limited'}, {'totalQuantity': 55599, 'totalOrder': 22, 'securityId': 134, 'symbol': 'HBL', 'securityName': 'Himalayan Bank Limited'}, {'totalQuantity': 55551, 'totalOrder': 6, 'securityId': 9301, 'symbol': 'SAIL', 'securityName': 'Shreenagar Agritech Industries Limited'}, {'totalQuantity': 55361, 'totalOrder': 9, 'securityId': 348, 'symbol': 'CZBIL', 'securityName': 'Citizens Bank International Limited'}, {'totalQuantity': 54981, 'totalOrder': 9, 'securityId': 140, 'symbol': 'MBL', 'securityName': 'Machhapuchhre Bank Limited'}, {'totalQuantity': 54438, 'totalOrder': 5, 'securityId': 2759, 'symbol': 'SPDL', 'securityName': 'Synergy Power Development Ltd.'}, {'totalQuantity': 53597, 'totalOrder': 6, 'securityId': 137, 'symbol': 'EBL', 'securityName': 'Everest Bank Limited'}, {'totalQuantity': 52800, 'totalOrder': 11, 'securityId': 255, 'symbol': 'PRVU', 'securityName': 'Prabhu  Bank Limited'}, {'totalQuantity': 52612, 'totalOrder': 7, 'securityId': 2742, 'symbol': 'HIDCL', 'securityName': 'Hydorelectricity Investment and Development Company Ltd'}, {'totalQuantity': 50721, 'totalOrder': 11, 'securityId': 2792, 'symbol': 'UPPER', 'securityName': 'Upper Tamakoshi Hydropower Ltd'}, {'totalQuantity': 50352, 'totalOrder': 6, 'securityId': 9303, 'symbol': 'SYPNL', 'securityName': 'SY Panel Nepal Limited'}, {'totalQuantity': 49685, 'totalOrder': 17, 'securityId': 360, 'symbol': 'AHPC', 'securityName': 'Arun Valley Hydropower Development Co. Ltd.'}, {'totalQuantity': 49601, 'totalOrder': 16, 'securityId': 357, 'symbol': 'PCBL', 'securityName': 'Prime Commercial Bank Ltd.'}, {'totalQuantity': 47204, 'totalOrder': 8, 'securityId': 2760, 'symbol': 'UMHL', 'securityName': 'United Modi Hydropower Ltd.'}, {'totalQuantity': 46646, 'totalOrder': 9, 'securityId': 2757, 'symbol': 'AKPL', 'securityName': 'Arun Kabeli Power Ltd.'}, {'totalQuantity': 45218, 'totalOrder': 15, 'securityId': 9201, 'symbol': 'SNLI', 'securityName': 'Sun Nepal Life Insurance Company Limited'}, {'totalQuantity': 44828, 'totalOrder': 44, 'securityId': 9345, 'symbol': 'SGHL', 'securityName': 'Sanigad Hydro Limited'}, {'totalQuantity': 43376, 'totalOrder': 10, 'securityId': 2924, 'symbol': 'GLH', 'securityName': 'GreenLife Hydropower Limited'}, {'totalQuantity': 42238, 'totalOrder': 10, 'securityId': 2776, 'symbol': 'RADHI', 'securityName': 'Radhi Bidyut Company Ltd'}, {'totalQuantity': 42023, 'totalOrder': 3, 'securityId': 2867, 'symbol': 'NMB50', 'securityName': 'NMB 50'}, {'totalQuantity': 41298, 'totalOrder': 8, 'securityId': 8076, 'symbol': 'HHL', 'securityName': 'Himalayan Hydropower Limited'}, {'totalQuantity': 40292, 'totalOrder': 6, 'securityId': 397, 'symbol': 'ADBL', 'securityName': 'Agricultural Development Bank Limited'}, {'totalQuantity': 40143, 'totalOrder': 9, 'securityId': 697, 'symbol': 'API', 'securityName': 'Api Power Company Ltd.'}, {'totalQuantity': 39615, 'totalOrder': 27, 'securityId': 147, 'symbol': 'SHL', 'securityName': 'Soaltee Hotel Limited'}, {'totalQuantity': 39262, 'totalOrder': 6, 'securityId': 238, 'symbol': 'NMB', 'securityName': 'NMB Bank Limited'}, {'totalQuantity': 39173, 'totalOrder': 5, 'securityId': 2744, 'symbol': 'GRDBL', 'securityName': 'Green Development Bank Ltd.'}, {'totalQuantity': 39084, 'totalOrder': 13, 'securityId': 131, 'symbol': 'NABIL', 'securityName': 'Nabil Bank Limited'}, {'totalQuantity': 38627, 'totalOrder': 11, 'securityId': 9293, 'symbol': 'DHEL', 'securityName': 'Daramkhola Hydro Energy Limited'}, {'totalQuantity': 38062, 'totalOrder': 5, 'securityId': 2859, 'symbol': 'SIGS2', 'securityName': 'Siddhartha Investment Growth Scheme - 2'}, {'totalQuantity': 37990, 'totalOrder': 8, 'securityId': 227, 'symbol': 'BFC', 'securityName': 'Best Finance Company Ltd.'}, {'totalQuantity': 36833, 'totalOrder': 11, 'securityId': 145, 'symbol': 'SBL', 'securityName': 'Siddhartha Bank Limited'}, {'totalQuantity': 36328, 'totalOrder': 11, 'securityId': 2841, 'symbol': 'RHPL', 'securityName': 'RASUWAGADHI HYDROPOWER COMPANY LIMITED'}, {'totalQuantity': 36118, 'totalOrder': 13, 'securityId': 473, 'symbol': 'SHINE', 'securityName': 'Shine Resunga Development Bank Ltd.'}, {'totalQuantity': 35837, 'totalOrder': 9, 'securityId': 8133, 'symbol': 'PHCL', 'securityName': 'Peoples Hydropower Company Limited'}, {'totalQuantity': 35664, 'totalOrder': 9, 'securityId': 358, 'symbol': 'LBBL', 'securityName': 'Lumbini Bikas Bank Ltd.'}, {'totalQuantity': 35595, 'totalOrder': 9, 'securityId': 2898, 'symbol': 'NRN', 'securityName': 'NRN Infrastructure and Development Limited'}, {'totalQuantity': 35050, 'totalOrder': 10, 'securityId': 8023, 'symbol': 'MMF1', 'securityName': 'Mega Mutual Fund -1'}, {'totalQuantity': 34126, 'totalOrder': 16, 'securityId': 2913, 'symbol': 'MEN', 'securityName': 'Mountain Energy Nepal Limited'}, {'totalQuantity': 31941, 'totalOrder': 12, 'securityId': 9199, 'symbol': 'RNLI', 'securityName': 'Reliable Nepal Life Insurance Limited'}, {'totalQuantity': 31300, 'totalOrder': 13, 'securityId': 9304, 'symbol': 'CSY', 'securityName': 'Citizens Santulit Yojana'}, {'totalQuantity': 31216, 'totalOrder': 12, 'securityId': 8024, 'symbol': 'NBF3', 'securityName': 'Nabil Balanced Fund-3'}, {'totalQuantity': 30959, 'totalOrder': 9, 'securityId': 418, 'symbol': 'JBBL', 'securityName': 'Jyoti Bikas Bank Limited'}, {'totalQuantity': 30008, 'totalOrder': 6, 'securityId': 516, 'symbol': 'MFIL', 'securityName': 'Manjushree Finance Ltd.'}, {'totalQuantity': 28878, 'totalOrder': 12, 'securityId': 141, 'symbol': 'LSL', 'securityName': 'Laxmi Sunrise Bank Limited'}, {'totalQuantity': 28473, 'totalOrder': 6, 'securityId': 139, 'symbol': 'NICA', 'securityName': 'NIC Asia Bank Ltd.'}, {'totalQuantity': 28174, 'totalOrder': 9, 'securityId': 9149, 'symbol': 'MKHC', 'securityName': 'Maya Khola Hydropower Company Limited'}, {'totalQuantity': 27989, 'totalOrder': 5, 'securityId': 9171, 'symbol': 'BEDC', 'securityName': 'Bhugol Energy Development Company Limited'}, {'totalQuantity': 26846, 'totalOrder': 9, 'securityId': 9156, 'symbol': 'TAMOR', 'securityName': 'Sanima Middle Tamor Hydropower Limited'}, {'totalQuantity': 26763, 'totalOrder': 8, 'securityId': 450, 'symbol': 'CORBL', 'securityName': 'Corporate Development Bank Limited'}, {'totalQuantity': 26605, 'totalOrder': 7, 'securityId': 401, 'symbol': 'MLBL', 'securityName': 'Mahalaxmi Bikas Bank Ltd.'}, {'totalQuantity': 26273, 'totalOrder': 9, 'securityId': 417, 'symbol': 'GBBL', 'securityName': 'Garima Bikas Bank Limited'}, {'totalQuantity': 26252, 'totalOrder': 9, 'securityId': 2809, 'symbol': 'SHIVM', 'securityName': 'SHIVAM CEMENTS LTD'}, {'totalQuantity': 26193, 'totalOrder': 10, 'securityId': 235, 'symbol': 'HDL', 'securityName': 'Himalayan Distillery Limited'}, {'totalQuantity': 26113, 'totalOrder': 12, 'securityId': 686, 'symbol': 'BARUN', 'securityName': 'Barun Hydropower Co. Ltd.'}, {'totalQuantity': 25994, 'totalOrder': 15, 'securityId': 9296, 'symbol': 'BUNGAL', 'securityName': 'Bungal Hydro Limited'}, {'totalQuantity': 25830, 'totalOrder': 8, 'securityId': 472, 'symbol': 'SADBL', 'securityName': 'Shangrila Development Bank Ltd.'}, {'totalQuantity': 25711, 'totalOrder': 9, 'securityId': 2881, 'symbol': 'NRIC', 'securityName': 'Nepal Reinsurance Company Limited'}, {'totalQuantity': 25325, 'totalOrder': 5, 'securityId': 2770, 'symbol': 'SEF', 'securityName': 'Siddhartha Equity Fund'}, {'totalQuantity': 25100, 'totalOrder': 5, 'securityId': 2937, 'symbol': 'SBCF', 'securityName': 'Sunrise Bluechip Fund'}, {'totalQuantity': 24545, 'totalOrder': 7, 'securityId': 9248, 'symbol': 'GSY', 'securityName': 'Garima Samriddhi Yojana'}, {'totalQuantity': 24327, 'totalOrder': 14, 'securityId': 9267, 'symbol': 'BHCL', 'securityName': 'Bikash Hydropower Company Limited'}, {'totalQuantity': 24274, 'totalOrder': 11, 'securityId': 9323, 'symbol': 'SKHL', 'securityName': 'Super Khudi Hydropower Limited'}, {'totalQuantity': 23989, 'totalOrder': 14, 'securityId': 8070, 'symbol': 'DORDI', 'securityName': 'Dordi Khola Jal Bidyut Company Limited'}, {'totalQuantity': 23615, 'totalOrder': 13, 'securityId': 9166, 'symbol': 'MAKAR', 'securityName': 'Makar Jitumaya Suri Hydropower Limited'}, {'totalQuantity': 23557, 'totalOrder': 11, 'securityId': 8100, 'symbol': 'SGHC', 'securityName': 'Swet-Ganga Hydropower & Construction Limited '}, {'totalQuantity': 23530, 'totalOrder': 8, 'securityId': 274, 'symbol': 'EDBL', 'securityName': 'Excel Development Bank Ltd.'}, {'totalQuantity': 23445, 'totalOrder': 5, 'securityId': 459, 'symbol': 'KSBBL', 'securityName': 'Kamana Sewa Bikas Bank Limited'}, {'totalQuantity': 23324, 'totalOrder': 6, 'securityId': 8022, 'symbol': 'TPC', 'securityName': 'Terhathum Power Company Limited'}, {'totalQuantity': 23140, 'totalOrder': 6, 'securityId': 9329, 'symbol': 'SIPD', 'securityName': 'Shikhar power Development Limited'}, {'totalQuantity': 22642, 'totalOrder': 7, 'securityId': 204, 'symbol': 'GUFL', 'securityName': 'Gurkhas Finance Ltd.'}, {'totalQuantity': 22197, 'totalOrder': 17, 'securityId': 9234, 'symbol': 'HRL', 'securityName': 'Himalayan Reinsurance Limited'}, {'totalQuantity': 21904, 'totalOrder': 14, 'securityId': 9179, 'symbol': 'MEL', 'securityName': 'Modi Energy Limited'}, {'totalQuantity': 21427, 'totalOrder': 10, 'securityId': 9148, 'symbol': 'SMH', 'securityName': 'Super Mai Hydropower Limited'}, {'totalQuantity': 20939, 'totalOrder': 6, 'securityId': 587, 'symbol': 'RLFL', 'securityName': 'Reliance Finance Ltd.'}, {'totalQuantity': 20927, 'totalOrder': 8, 'securityId': 9343, 'symbol': 'TPKHL', 'securityName': 'Taksar Pikhuwa Khola Hydropower Limited'}, {'totalQuantity': 20835, 'totalOrder': 6, 'securityId': 4949, 'symbol': 'NIBSF2', 'securityName': 'NIBL Samriddhi Fund -2'}, {'totalQuantity': 20734, 'totalOrder': 10, 'securityId': 187, 'symbol': 'NLIC', 'securityName': 'Nepal Life Insurance Co. Ltd.'}, {'totalQuantity': 20275, 'totalOrder': 8, 'securityId': 8122, 'symbol': 'PPL', 'securityName': ""People's Power Limited""}, {'totalQuantity': 20137, 'totalOrder': 9, 'securityId': 154, 'symbol': 'CHCL', 'securityName': 'Chilime Hydropower Company Limited'}, {'totalQuantity': 19825, 'totalOrder': 6, 'securityId': 4947, 'symbol': 'PSF', 'securityName': 'Prabhu Select Fund'}, {'totalQuantity': 19723, 'totalOrder': 9, 'securityId': 153, 'symbol': 'BPCL', 'securityName': 'Butwal Power Company Limited'}, {'totalQuantity': 19617, 'totalOrder': 5, 'securityId': 273, 'symbol': 'ICFC', 'securityName': 'ICFC Finance Limited'}, {'totalQuantity': 19504, 'totalOrder': 5, 'securityId': 176, 'symbol': 'NICL', 'securityName': 'Nepal Insurance Co. Ltd.'}, {'totalQuantity': 19410, 'totalOrder': 13, 'securityId': 8108, 'symbol': 'RHGCL', 'securityName': 'Rapti Hydro And General Construction Limited'}, {'totalQuantity': 19387, 'totalOrder': 5, 'securityId': 2917, 'symbol': 'CGH', 'securityName': 'Chandragiri Hills Limited'}, {'totalQuantity': 19335, 'totalOrder': 12, 'securityId': 474, 'symbol': 'MNBBL', 'securityName': 'Muktinath Bikas Bank Ltd.'}, {'totalQuantity': 19300, 'totalOrder': 7, 'securityId': 9312, 'symbol': 'NSY', 'securityName': 'Nepal Life Samriddhi Lagani Yojana'}, {'totalQuantity': 19266, 'totalOrder': 7, 'securityId': 591, 'symbol': 'SHPC', 'securityName': 'Sanima Mai Hydropower Ltd.'}, {'totalQuantity': 19153, 'totalOrder': 7, 'securityId': 2789, 'symbol': 'JOSHI', 'securityName': 'Joshi Hydropower Development Company Ltd'}, {'totalQuantity': 18979, 'totalOrder': 11, 'securityId': 180, 'symbol': 'UAIL', 'securityName': 'United Ajod Insurance Limited'}, {'totalQuantity': 18697, 'totalOrder': 9, 'securityId': 9159, 'symbol': 'SMJC', 'securityName': 'Sagarmatha Jalabidhyut Company Limited'}, {'totalQuantity': 18536, 'totalOrder': 9, 'securityId': 371, 'symbol': 'MDB', 'securityName': 'Miteri Development Bank Limited'}, {'totalQuantity': 18243, 'totalOrder': 9, 'securityId': 135, 'symbol': 'SBI', 'securityName': 'Nepal SBI Bank Limited'}, {'totalQuantity': 18139, 'totalOrder': 11, 'securityId': 5982, 'symbol': 'SRLI', 'securityName': 'Sanima Reliance Life Insurance Limited'}, {'totalQuantity': 18132, 'totalOrder': 10, 'securityId': 9181, 'symbol': 'RAWA', 'securityName': 'Rawa Energy Development Limited'}, {'totalQuantity': 18004, 'totalOrder': 7, 'securityId': 9252, 'symbol': 'CREST', 'securityName': 'Crest Micro Life Insurance Limited'}, {'totalQuantity': 17649, 'totalOrder': 5, 'securityId': 183, 'symbol': 'NIL', 'securityName': 'Neco Insurance Limited'}, {'totalQuantity': 17431, 'totalOrder': 10, 'securityId': 263, 'symbol': 'GMFIL', 'securityName': 'Guheshowori Merchant Bank & Finance Co. Ltd.'}, {'totalQuantity': 17422, 'totalOrder': 6, 'securityId': 9170, 'symbol': 'DOLTI', 'securityName': 'Dolti Power Company Limited'}, {'totalQuantity': 16877, 'totalOrder': 7, 'securityId': 8066, 'symbol': 'RFPL', 'securityName': 'River Falls Power Limited'}, {'totalQuantity': 16556, 'totalOrder': 6, 'securityId': 9346, 'symbol': 'KAHL', 'securityName': 'Kalanga Hydro Limited'}, {'totalQuantity': 16313, 'totalOrder': 6, 'securityId': 9344, 'symbol': 'SNORL', 'securityName': 'Snow Rivers Limited'}, {'totalQuantity': 16239, 'totalOrder': 8, 'securityId': 9196, 'symbol': 'KBSH', 'securityName': 'Kutheli Bukhari Small Hydropower Limited'}, {'totalQuantity': 16209, 'totalOrder': 8, 'securityId': 403, 'symbol': 'SJLIC', 'securityName': 'SuryaJyoti Life Insurance Company Limited'}, {'totalQuantity': 16157, 'totalOrder': 7, 'securityId': 9208, 'symbol': 'ULHC', 'securityName': 'Upper Lohore Khola Hydropower Company Limited'}, {'totalQuantity': 15987, 'totalOrder': 6, 'securityId': 561, 'symbol': 'SINDU', 'securityName': 'Sindhu Bikash Bank Ltd'}, {'totalQuantity': 15897, 'totalOrder': 12, 'securityId': 8032, 'symbol': 'BNHC', 'securityName': 'Buddha Bhumi Nepal Hydropower Company Limited'}, {'totalQuantity': 15731, 'totalOrder': 6, 'securityId': 2786, 'symbol': 'PMHPL', 'securityName': 'Panchakanya Mai Hydropower Ltd'}, {'totalQuantity': 15657, 'totalOrder': 9, 'securityId': 9308, 'symbol': 'HFIN', 'securityName': 'Hotel Forest Inn Limited'}, {'totalQuantity': 15623, 'totalOrder': 7, 'securityId': 166, 'symbol': 'DDBL', 'securityName': 'Deprosc Laghubitta Bittiya Sanstha Limited'}, {'totalQuantity': 15573, 'totalOrder': 9, 'securityId': 2831, 'symbol': 'UNHPL', 'securityName': 'Union Hydropower Limited'}, {'totalQuantity': 15315, 'totalOrder': 34, 'securityId': 9336, 'symbol': 'SOPL', 'securityName': 'Sopan Pharmaceuticals Limited'}, {'totalQuantity': 14570, 'totalOrder': 19, 'securityId': 9348, 'symbol': 'SEF2', 'securityName': 'Siddhartha Equity Fund 2'}, {'totalQuantity': 14443, 'totalOrder': 12, 'securityId': 307, 'symbol': 'NTC', 'securityName': 'Nepal Doorsanchar Company Limited'}, {'totalQuantity': 14366, 'totalOrder': 5, 'securityId': 179, 'symbol': 'HEI', 'securityName': 'Himalayan Everest Insurance Limited'}, {'totalQuantity': 14083, 'totalOrder': 8, 'securityId': 178, 'symbol': 'NLICL', 'securityName': 'National Life Insurance Co. Ltd.'}, {'totalQuantity': 13930, 'totalOrder': 6, 'securityId': 9306, 'symbol': 'RSML', 'securityName': 'Reliance Spinning Mills Limited'}, {'totalQuantity': 13678, 'totalOrder': 22, 'securityId': 9330, 'symbol': 'PCIL', 'securityName': 'Palpa Cement Industries Limited'}, {'totalQuantity': 13504, 'totalOrder': 17, 'securityId': 9342, 'symbol': 'YMHL', 'securityName': 'Yambaling Hydropower Limited'}, {'totalQuantity': 13478, 'totalOrder': 6, 'securityId': 706, 'symbol': 'SWMF', 'securityName': 'Suryodaya Womi Laghubitta Bittiya Sanstha Limited'}, {'totalQuantity': 13423, 'totalOrder': 6, 'securityId': 396, 'symbol': 'NMLBBL', 'securityName': 'Nerude Mirmire Laghubitta Bittiya Sanstha Limited'}, {'totalQuantity': 13186, 'totalOrder': 11, 'securityId': 9297, 'symbol': 'BANDIPUR', 'securityName': 'Bandipur Cablecar and Tourism Limited'}, {'totalQuantity': 13162, 'totalOrder': 25, 'securityId': 9216, 'symbol': 'SONA', 'securityName': 'Sonapur Minerals And Oil Limited'}, {'totalQuantity': 13128, 'totalOrder': 21, 'securityId': 8104, 'symbol': 'USHEC', 'securityName': 'Upper Solu Hydro Electric Company Limited'}, {'totalQuantity': 13085, 'totalOrder': 6, 'securityId': 700, 'symbol': 'HEIP', 'securityName': 'Himalayan Everest Insurance Limited Promoter'}, {'totalQuantity': 12934, 'totalOrder': 7, 'securityId': 393, 'symbol': 'HLI', 'securityName': 'Himalayan Life Insurance Limited'}, {'totalQuantity': 12900, 'totalOrder': 10, 'securityId': 9349, 'symbol': 'SAEF2', 'securityName': 'Sanima Equity Fund-2'}, {'totalQuantity': 12789, 'totalOrder': 5, 'securityId': 9305, 'symbol': 'SABBL', 'securityName': 'Salapa Bikas Bank Limited'}, {'totalQuantity': 12522, 'totalOrder': 8, 'securityId': 164, 'symbol': 'CBBL', 'securityName': 'Chhimek Laghubitta Bittiya Sanstha Limited'}, {'totalQuantity': 12516, 'totalOrder': 11, 'securityId': 2811, 'symbol': 'MHNL', 'securityName': 'Mountain Hydro Nepal Limited'}, {'totalQuantity': 12479, 'totalOrder': 19, 'securityId': 9193, 'symbol': 'GCIL', 'securityName': 'Ghorahi Cement Industry Limited'}, {'totalQuantity': 12202, 'totalOrder': 7, 'securityId': 2748, 'symbol': 'RSDC', 'securityName': 'RSDC Laghubitta Bittiya Sanstha Ltd.'}, {'totalQuantity': 11992, 'totalOrder': 7, 'securityId': 8031, 'symbol': 'MBJC', 'securityName': 'Madhya Bhotekoshi Jalavidyut Company Limited'}, {'totalQuantity': 11950, 'totalOrder': 14, 'securityId': 8045, 'symbol': 'GVL', 'securityName': 'Green Ventures Limited'}, {'totalQuantity': 11916, 'totalOrder': 6, 'securityId': 9262, 'symbol': 'TTL', 'securityName': 'Trade Tower Limited'}, {'totalQuantity': 11863, 'totalOrder': 5, 'securityId': 2766, 'symbol': 'CHL', 'securityName': 'Chhyangdi Hydropower Ltd.'}, {'totalQuantity': 11734, 'totalOrder': 8, 'securityId': 2807, 'symbol': 'ALBSL', 'securityName': 'Asha Laghubitta Bittiya Sanstha Ltd'}, {'totalQuantity': 11429, 'totalOrder': 7, 'securityId': 9242, 'symbol': 'SARBTM', 'securityName': 'Sarbottam Cement Limited'}, {'totalQuantity': 11417, 'totalOrder': 7, 'securityId': 9213, 'symbol': 'HATHY', 'securityName': 'Hathway Investment Nepal Limited'}, {'totalQuantity': 11223, 'totalOrder': 3, 'securityId': 2902, 'symbol': 'LUK', 'securityName': 'Laxmi Unnati Kosh'}, {'totalQuantity': 11100, 'totalOrder': 3, 'securityId': 2877, 'symbol': 'SFMF', 'securityName': 'Sunrise First Mutual Fund'}, {'totalQuantity': 11096, 'totalOrder': 10, 'securityId': 8131, 'symbol': 'EHPL', 'securityName': 'Eastern Hydropower Limited'}, {'totalQuantity': 11094, 'totalOrder': 21, 'securityId': 9209, 'symbol': 'CLI', 'securityName': 'Citizen Life Insurance Company Limited'}, {'totalQuantity': 11046, 'totalOrder': 11, 'securityId': 9218, 'symbol': 'TVCL', 'securityName': 'Trishuli Jal Vidhyut Company Limited '}, {'totalQuantity': 10885, 'totalOrder': 12, 'securityId': 9347, 'symbol': 'ECL', 'securityName': 'Everest Colour Limited'}, {'totalQuantity': 10872, 'totalOrder': 6, 'securityId': 8005, 'symbol': 'MKJC', 'securityName': 'Mailung Khola Jal Vidhyut Company Limited'}, {'totalQuantity': 10831, 'totalOrder': 5, 'securityId': 559, 'symbol': 'NLG', 'securityName': 'NLG Insurance Company Ltd.'}, {'totalQuantity': 10806, 'totalOrder': 9, 'securityId': 186, 'symbol': 'IGI', 'securityName': 'IGI Prudential insurance Limited'}, {'totalQuantity': 10798, 'totalOrder': 9, 'securityId': 385, 'symbol': 'ALICL', 'securityName': 'Asian Life Insurance Co. Limited'}, {'totalQuantity': 10742, 'totalOrder': 8, 'securityId': 9225, 'symbol': 'VLUCL', 'securityName': 'Vision Lumbini Urja Company Limited '}, {'totalQuantity': 10597, 'totalOrder': 6, 'securityId': 9135, 'symbol': 'BHPL', 'securityName': 'Barahi Hydropower Public Limited'}, {'totalQuantity': 10594, 'totalOrder': 6, 'securityId': 3946, 'symbol': 'CHDC', 'securityName': 'CEDB Holdings Limited'}, {'totalQuantity': 10564, 'totalOrder': 8, 'securityId': 9334, 'symbol': 'KHPL', 'securityName': 'Kalinchock Hydropower Limited'}, {'totalQuantity': 10320, 'totalOrder': 8, 'securityId': 192, 'symbol': 'SICL', 'securityName': 'Shikhar Insurance Co. Ltd.'}, {'totalQuantity': 10132, 'totalOrder': 10, 'securityId': 2813, 'symbol': 'PPCL', 'securityName': 'Panchthar Power Compant Limited'}, {'totalQuantity': 9897, 'totalOrder': 8, 'securityId': 232, 'symbol': 'GFCL', 'securityName': 'Goodwill Finance Limited'}, {'totalQuantity': 9871, 'totalOrder': 7, 'securityId': 471, 'symbol': 'MPFL', 'securityName': 'Multipurpose Finance Company  Limited'}, {'totalQuantity': 9634, 'totalOrder': 7, 'securityId': 2915, 'symbol': 'PMLI', 'securityName': 'Prabhu Mahalaxmi Life Insurance Limited'}, {'totalQuantity': 9612, 'totalOrder': 7, 'securityId': 593, 'symbol': 'KMCDB', 'securityName': 'Kalika Laghubitta Bittiya Sanstha Ltd'}, {'totalQuantity': 9599, 'totalOrder': 8, 'securityId': 133, 'symbol': 'SCB', 'securityName': 'Standard Chartered Bank Limited'}, {'totalQuantity': 9583, 'totalOrder': 6, 'securityId': 583, 'symbol': 'GBLBS', 'securityName': 'Grameen Bikas Laghubitta Bittiya Sanstha Ltd.'}, {'totalQuantity': 9547, 'totalOrder': 8, 'securityId': 250, 'symbol': 'JFL', 'securityName': 'Janaki Finance Company Limited'}, {'totalQuantity': 9061, 'totalOrder': 10, 'securityId': 338, 'symbol': 'PROFL', 'securityName': 'Progressive Finance Limited'}, {'totalQuantity': 8868, 'totalOrder': 7, 'securityId': 194, 'symbol': 'NFS', 'securityName': 'Nepal Finance Ltd.'}, {'totalQuantity': 8857, 'totalOrder': 7, 'securityId': 9287, 'symbol': 'MABEL', 'securityName': 'Mabilung Energy Limited'}, {'totalQuantity': 8854, 'totalOrder': 8, 'securityId': 268, 'symbol': 'SWBBL', 'securityName': 'Swabalamban Laghubitta Bittiya Sanstha Limited'}, {'totalQuantity': 8620, 'totalOrder': 5, 'securityId': 184, 'symbol': 'PRIN', 'securityName': 'Prabhu Insurance Ltd.'}, {'totalQuantity': 8066, 'totalOrder': 9, 'securityId': 8102, 'symbol': 'MHL', 'securityName': 'Mandakini Hydropower Limited'}, {'totalQuantity': 7999, 'totalOrder': 6, 'securityId': 8121, 'symbol': 'SPHL', 'securityName': 'Sayapatri Hydropower Limited'}, {'totalQuantity': 7870, 'totalOrder': 6, 'securityId': 9300, 'symbol': 'JHAPA', 'securityName': 'Jhapa Energy Limited'}, {'totalQuantity': 7798, 'totalOrder': 8, 'securityId': 2935, 'symbol': 'RURU', 'securityName': 'Ru Ru Jalbidhyut Pariyojana Limited'}, {'totalQuantity': 7672, 'totalOrder': 6, 'securityId': 2787, 'symbol': 'KPCL', 'securityName': 'Kalika power Company Ltd'}, {'totalQuantity': 7480, 'totalOrder': 5, 'securityId': 149, 'symbol': 'OHL', 'securityName': 'Oriental Hotels Limited'}, {'totalQuantity': 7220, 'totalOrder': 10, 'securityId': 9322, 'symbol': 'BJHL', 'securityName': 'Bhujung Hydropower Limited'}, {'totalQuantity': 7195, 'totalOrder': 8, 'securityId': 8126, 'symbol': 'SIKLES', 'securityName': 'Sikles Hydropower Limited'}, {'totalQuantity': 7172, 'totalOrder': 5, 'securityId': 574, 'symbol': 'SKBBL', 'securityName': 'Sana Kisan Bikas Laghubitta Bittiya Sanstha Limited'}, {'totalQuantity': 6854, 'totalOrder': 6, 'securityId': 8075, 'symbol': 'BHDC', 'securityName': 'Bindhyabasini Hydropower Development Company Limited'}, {'totalQuantity': 6814, 'totalOrder': 6, 'securityId': 2908, 'symbol': 'SGIC', 'securityName': 'Sanima GIC Insurance Limited'}, {'totalQuantity': 6692, 'totalOrder': 11, 'securityId': 8026, 'symbol': 'NYADI', 'securityName': 'Nyadi Hydropower Limited'}, {'totalQuantity': 6601, 'totalOrder': 7, 'securityId': 2832, 'symbol': 'ILBS', 'securityName': 'Infinity Laghubitta Bittiya Sanstha Limited'}, {'totalQuantity': 6577, 'totalOrder': 9, 'securityId': 9176, 'symbol': 'IHL', 'securityName': 'Ingwa Hydropower Limited'}, {'totalQuantity': 6513, 'totalOrder': 9, 'securityId': 2914, 'symbol': 'UMRH', 'securityName': 'United IDI Mardi RB Hydropower Limited.'}, {'totalQuantity': 6441, 'totalOrder': 6, 'securityId': 2769, 'symbol': 'NHDL', 'securityName': 'Nepal Hydro Developers Ltd.'}, {'totalQuantity': 6430, 'totalOrder': 7, 'securityId': 9232, 'symbol': 'CKHL', 'securityName': 'Chirkhwa Hydropower Limited '}, {'totalQuantity': 6280, 'totalOrder': 25, 'securityId': 9158, 'symbol': 'MHCL', 'securityName': 'Molung Hydropower Company Limited'}, {'totalQuantity': 6202, 'totalOrder': 8, 'securityId': 2746, 'symbol': 'NMFBS', 'securityName': 'National Laghubitta Bittiya Sanstha Limited'}, {'totalQuantity': 6070, 'totalOrder': 7, 'securityId': 172, 'symbol': 'NABBC', 'securityName': 'Narayani Development Bank Limited'}, {'totalQuantity': 6007, 'totalOrder': 17, 'securityId': 2887, 'symbol': 'NICLBSL', 'securityName': 'NIC ASIA Laghubitta Bittiya Sanstha Limited'}, {'totalQuantity': 5881, 'totalOrder': 6, 'securityId': 8025, 'symbol': 'SPC', 'securityName': 'Samling Power Company Limited'}, {'totalQuantity': 5750, 'totalOrder': 9, 'securityId': 9217, 'symbol': 'MMKJL', 'securityName': 'Mathillo Mailun Khola Jalvidhyut Limited'}, {'totalQuantity': 5735, 'totalOrder': 17, 'securityId': 9183, 'symbol': 'NRM', 'securityName': 'Nepal Republic Media Limited'}, {'totalQuantity': 5680, 'totalOrder': 13, 'securityId': 2842, 'symbol': 'SJCL', 'securityName': 'SANJEN JALAVIDHYUT COMPANY LIMITED'}, {'totalQuantity': 5541, 'totalOrder': 9, 'securityId': 9203, 'symbol': 'MEHL', 'securityName': 'Manakamana Engineering Hydropower Limited'}, {'totalQuantity': 5447, 'totalOrder': 16, 'securityId': 9263, 'symbol': 'SANVI', 'securityName': 'Sanvi Energy Limited'}, {'totalQuantity': 5386, 'totalOrder': 16, 'securityId': 9337, 'symbol': 'APHL', 'securityName': 'Appolo Hydropower Limited'}, {'totalQuantity': 5368, 'totalOrder': 6, 'securityId': 9294, 'symbol': 'SAGAR', 'securityName': 'Sagar Distillery Limited'}, {'totalQuantity': 5200, 'totalOrder': 3, 'securityId': 9269, 'symbol': 'GBIMESY2', 'securityName': 'Global IME Sammunat Yojana -2'}, {'totalQuantity': 5191, 'totalOrder': 8, 'securityId': 2758, 'symbol': 'FOWAD', 'securityName': 'Forward Microfinance Laghubitta Bittiya Sanstha Limited'}, {'totalQuantity': 4900, 'totalOrder': 1, 'securityId': 9138, 'symbol': 'NIBLGF', 'securityName': 'NIBL Growth Fund'}, {'totalQuantity': 4781, 'totalOrder': 8, 'securityId': 210, 'symbol': 'CIT', 'securityName': 'Citizen Investment Trust'}, {'totalQuantity': 4750, 'totalOrder': 6, 'securityId': 185, 'symbol': 'SALICO', 'securityName': 'Sagarmatha Lumbini Insurance Co. Limited'}, {'totalQuantity': 4718, 'totalOrder': 8, 'securityId': 9192, 'symbol': 'USHL', 'securityName': 'Upper Syange Hydropower Limited'}, {'totalQuantity': 4569, 'totalOrder': 12, 'securityId': 9325, 'symbol': 'SKHEL', 'securityName': 'Suryakunda Hydro Electric Limited'}, {'totalQuantity': 4453, 'totalOrder': 6, 'securityId': 618, 'symbol': 'LLBS', 'securityName': 'Laxmi Laghubitta Bittiya Sanstha Ltd.'}, {'totalQuantity': 4418, 'totalOrder': 8, 'securityId': 2925, 'symbol': 'MLBSL', 'securityName': 'Mahila Lagubitta Bittiya Sanstha Limited '}, {'totalQuantity': 4325, 'totalOrder': 7, 'securityId': 9258, 'symbol': 'PURE', 'securityName': 'Pure Energy Limited'}, {'totalQuantity': 4162, 'totalOrder': 8, 'securityId': 244, 'symbol': 'SIFC', 'securityName': 'Shree Investment Finance Co. Ltd.'}, {'totalQuantity': 4139, 'totalOrder': 6, 'securityId': 8041, 'symbol': 'NESDO', 'securityName': 'NESDO Sambridha Laghubitta Bittiya Sanstha Limited'}, {'totalQuantity': 4092, 'totalOrder': 7, 'securityId': 9270, 'symbol': 'HIMSTAR', 'securityName': 'Him Star Urja Company Limited'}, {'totalQuantity': 4009, 'totalOrder': 11, 'securityId': 148, 'symbol': 'TRH', 'securityName': 'Taragaon Regency Hotel Limited'}, {'totalQuantity': 3973, 'totalOrder': 11, 'securityId': 9212, 'symbol': 'MANDU', 'securityName': 'Mandu Hydropower Limited'}, {'totalQuantity': 3893, 'totalOrder': 7, 'securityId': 4951, 'symbol': 'JBLB', 'securityName': 'Jeevan Bikas Laghubitta  Bittya Sanstha Ltd'}, {'totalQuantity': 3760, 'totalOrder': 8, 'securityId': 2754, 'symbol': 'DHPL', 'securityName': 'Dibyashwori Hydropower Ltd.'}, {'totalQuantity': 3742, 'totalOrder': 5, 'securityId': 1741, 'symbol': 'MERO', 'securityName': 'Mero Microfinance Bittiya Sanstha Ltd.'}, {'totalQuantity': 3731, 'totalOrder': 19, 'securityId': 9184, 'symbol': 'ILI', 'securityName': 'IME Life Insurance Company Limited'}, {'totalQuantity': 3648, 'totalOrder': 6, 'securityId': 9324, 'symbol': 'RLEL', 'securityName': 'Ridge Line Energy Limited'}, {'totalQuantity': 3575, 'totalOrder': 11, 'securityId': 9150, 'symbol': 'AHL', 'securityName': 'Asian Hydropower Limited'}, {'totalQuantity': 3520, 'totalOrder': 12, 'securityId': 9250, 'symbol': 'NMIC', 'securityName': 'Nepal Micro Insurance Company Limited'}, {'totalQuantity': 3320, 'totalOrder': 7, 'securityId': 8063, 'symbol': 'ULBSL', 'securityName': 'Upakar Laghubitta Bittiya Sanstha Limited'}, {'totalQuantity': 3216, 'totalOrder': 13, 'securityId': 9194, 'symbol': 'TSHL', 'securityName': 'Three Star Hydropower Limited'}, {'totalQuantity': 3214, 'totalOrder': 8, 'securityId': 9151, 'symbol': 'KDL', 'securityName': 'Kalinchowk Darshan Limited'}, {'totalQuantity': 3115, 'totalOrder': 8, 'securityId': 2784, 'symbol': 'NADEP', 'securityName': 'Nadep Laghubittiya bittya Sanstha Ltd.'}, {'totalQuantity': 3015, 'totalOrder': 6, 'securityId': 9147, 'symbol': 'SPL', 'securityName': 'Shuvam Power Limited'}, {'totalQuantity': 3000, 'totalOrder': 2, 'securityId': 2863, 'symbol': 'NICBF', 'securityName': 'NIC Asia Balanced Fund'}, {'totalQuantity': 2985, 'totalOrder': 6, 'securityId': 8117, 'symbol': 'AVYAN', 'securityName': 'Aviyan Laghubitta Bittiya Sanstha Limited'}, {'totalQuantity': 2908, 'totalOrder': 6, 'securityId': 2815, 'symbol': 'GMFBS', 'securityName': 'Ganapati Laghubitta Bittiya Sanstha Limited'}, {'totalQuantity': 2853, 'totalOrder': 6, 'securityId': 2896, 'symbol': 'SMPDA', 'securityName': 'Sampada Laghubitta Bittiya Sanstha Limited'}, {'totalQuantity': 2716, 'totalOrder': 6, 'securityId': 163, 'symbol': 'NUBL', 'securityName': 'Nirdhan Utthan Laghubitta Bittiya Sanstha Limited'}, {'totalQuantity': 2616, 'totalOrder': 5, 'securityId': 601, 'symbol': 'MLBBL', 'securityName': 'Mithila LaghuBitta Bittiya Sanstha Limited'}, {'totalQuantity': 2600, 'totalOrder': 2, 'securityId': 9191, 'symbol': 'C30MF', 'securityName': 'Citizens Super 30 Mutual Fund'}, {'totalQuantity': 2520, 'totalOrder': 7, 'securityId': 693, 'symbol': 'HLBSL', 'securityName': 'Himalayan Laghubitta Bittiya Sanstha Limited'}, {'totalQuantity': 2500, 'totalOrder': 2, 'securityId': 9290, 'symbol': 'HLICF', 'securityName': 'HLI Large Cap Fund'}, {'totalQuantity': 2476, 'totalOrder': 7, 'securityId': 9230, 'symbol': 'MKCL', 'securityName': 'Muktinath Krishi Company Limited'}, {'totalQuantity': 2448, 'totalOrder': 11, 'securityId': 9256, 'symbol': 'OMPL', 'securityName': 'Om Megashree Pharmaceuticals Limited'}, {'totalQuantity': 2379, 'totalOrder': 8, 'securityId': 9246, 'symbol': 'GMLI', 'securityName': 'Guardian Micro Life Insurance Limited '}, {'totalQuantity': 2350, 'totalOrder': 8, 'securityId': 9175, 'symbol': 'MCHL', 'securityName': 'Menchhiyam Hydropower Limited'}, {'totalQuantity': 2310, 'totalOrder': 9, 'securityId': 2761, 'symbol': 'SMATA', 'securityName': 'Samata Gharelu Laghubitta Bittiya Sanstha Limited'}, {'totalQuantity': 2232, 'totalOrder': 7, 'securityId': 8065, 'symbol': 'CYCL', 'securityName': 'CYC Nepal Laghubitta Bittiya Sanstha Limited'}, {'totalQuantity': 2186, 'totalOrder': 9, 'securityId': 9233, 'symbol': 'NWCL', 'securityName': 'Nepal Warehousing Company Limited '}, {'totalQuantity': 2081, 'totalOrder': 6, 'securityId': 2829, 'symbol': 'SMFBS', 'securityName': 'Swabhimaan Laghubitta Bittiya Sanstha Limited'}, {'totalQuantity': 2020, 'totalOrder': 9, 'securityId': 9167, 'symbol': 'MKHL', 'securityName': 'Mai Khola Hydropower Limited'}, {'totalQuantity': 2019, 'totalOrder': 6, 'securityId': 545, 'symbol': 'SLBBL', 'securityName': 'Swarojgar Laghubitta Bittiya Sanstha Ltd.'}, {'totalQuantity': 2004, 'totalOrder': 7, 'securityId': 2781, 'symbol': 'WNLB', 'securityName': 'Wean Nepal Laghubitta Bittiya Sanstha Limited'}, {'totalQuantity': 1990, 'totalOrder': 6, 'securityId': 9236, 'symbol': 'NICGF2', 'securityName': 'NIC ASIA Growth Fund-2'}, {'totalQuantity': 1948, 'totalOrder': 7, 'securityId': 182, 'symbol': 'SPIL', 'securityName': 'Siddhartha Premier Insurance Limited'}, {'totalQuantity': 1874, 'totalOrder': 8, 'securityId': 687, 'symbol': 'VLBS', 'securityName': 'Vijaya laghubitta Bittiya Sanstha Ltd.'}, {'totalQuantity': 1759, 'totalOrder': 5, 'securityId': 704, 'symbol': 'NMBMF', 'securityName': 'NMB  Microfinance Bittiya Sanstha Ltd.'}, {'totalQuantity': 1485, 'totalOrder': 6, 'securityId': 2804, 'symbol': 'SLBSL', 'securityName': 'Samudayik Laghubitta Bittiya Sanstha Limited'}, {'totalQuantity': 1449, 'totalOrder': 5, 'securityId': 9299, 'symbol': 'NABILD2089', 'securityName': '7% Nabil Debenture 2089'}, {'totalQuantity': 1447, 'totalOrder': 6, 'securityId': 2771, 'symbol': 'SMB', 'securityName': 'Support Microfinance Bittiya Sanstha Ltd.'}, {'totalQuantity': 1412, 'totalOrder': 6, 'securityId': 705, 'symbol': 'GILB', 'securityName': 'Global IME Laghubitta Bittiya Sanstha Ltd.'}, {'totalQuantity': 1394, 'totalOrder': 6, 'securityId': 8018, 'symbol': 'MLBS', 'securityName': 'Manushi Laghubitta Bittiya Sanstha Limited'}, {'totalQuantity': 1307, 'totalOrder': 5, 'securityId': 9140, 'symbol': 'UNLB', 'securityName': 'Unique Nepal Laghubitta Bittiya Sanstha Limited'}, {'totalQuantity': 1273, 'totalOrder': 11, 'securityId': 2882, 'symbol': 'ICFCD83', 'securityName': '12% ICFC Finance Limited Debenture 2083'}, {'totalQuantity': 1093, 'totalOrder': 5, 'securityId': 8123, 'symbol': 'DLBS', 'securityName': 'Dhaulagiri Laghubitta Bittiya Sanstha Limited'}, {'totalQuantity': 1069, 'totalOrder': 6, 'securityId': 2790, 'symbol': 'ACLBSL', 'securityName': 'Aarambha Chautari Laghubitta Bittiya Sanstha Limited'}, {'totalQuantity': 1066, 'totalOrder': 7, 'securityId': 2768, 'symbol': 'MSLB', 'securityName': 'Mahuli Laghubitta Bittiya Sanstha Limited'}, {'totalQuantity': 1056, 'totalOrder': 5, 'securityId': 156, 'symbol': 'BBC', 'securityName': 'Bishal Bazar Company Limited'}, {'totalQuantity': 1009, 'totalOrder': 6, 'securityId': 9161, 'symbol': 'ANLB', 'securityName': 'Aatmanirbhar Laghubitta Bittiya Sanstha Limited'}, {'totalQuantity': 1000, 'totalOrder': 5, 'securityId': 8034, 'symbol': 'ENL', 'securityName': 'Emerging Nepal Limited'}, {'totalQuantity': 978, 'totalOrder': 9, 'securityId': 9214, 'symbol': 'BGWT', 'securityName': 'Bhagawati Hydropower Development Company Limited'}, {'totalQuantity': 908, 'totalOrder': 6, 'securityId': 2774, 'symbol': 'USLB', 'securityName': 'Unnati Sahakarya Laghubitta Bittiya Sanstha Limited'}, {'totalQuantity': 890, 'totalOrder': 6, 'securityId': 6985, 'symbol': 'SDBD87', 'securityName': 'Shangri-la Development Bank Debenture 2087'}, {'totalQuantity': 795, 'totalOrder': 6, 'securityId': 2883, 'symbol': 'GWFD83', 'securityName': '12 % Goodwill Finance Limited Debenture 2083'}, {'totalQuantity': 789, 'totalOrder': 6, 'securityId': 8043, 'symbol': 'CBLD88', 'securityName': 'Civil Bank Debenture 2088'}, {'totalQuantity': 787, 'totalOrder': 8, 'securityId': 155, 'symbol': 'STC', 'securityName': 'Salt Trading Corporation'}, {'totalQuantity': 781, 'totalOrder': 5, 'securityId': 2826, 'symbol': 'GLBSL', 'securityName': 'Gurans Laghubitta Bittiya Sanstha Limited'}, {'totalQuantity': 700, 'totalOrder': 7, 'securityId': 694, 'symbol': 'MATRI', 'securityName': 'Matribhumi Lagubitta Bittiya Sanstha Limited'}, {'totalQuantity': 700, 'totalOrder': 7, 'securityId': 9351, 'symbol': 'RSY2', 'securityName': 'Reliable Samriddhi Yojana -2'}, {'totalQuantity': 625, 'totalOrder': 6, 'securityId': 2873, 'symbol': 'HBLD83', 'securityName': '10% Himalayan Bank Debenture 2083'}, {'totalQuantity': 617, 'totalOrder': 7, 'securityId': 9295, 'symbol': 'SWASTIK', 'securityName': 'Swastik Laghubitta Bittiya Sanstha Limited'}, {'totalQuantity': 581, 'totalOrder': 5, 'securityId': 695, 'symbol': 'JSLBB', 'securityName': 'Janautthan Samudayic Laghubitta Bittya Sanstha Limited'}, {'totalQuantity': 557, 'totalOrder': 10, 'securityId': 213, 'symbol': 'BNT', 'securityName': 'Bottlers Nepal (Terai) Limited'}, {'totalQuantity': 500, 'totalOrder': 5, 'securityId': 8003, 'symbol': 'RBBD83', 'securityName': '8.5% RBBL Debenture 2083'}, {'totalQuantity': 485, 'totalOrder': 5, 'securityId': 8132, 'symbol': 'SHLB', 'securityName': 'Shrijanshil Laghubitta Bittiya Sanstha Limited'}, {'totalQuantity': 400, 'totalOrder': 3, 'securityId': 4967, 'symbol': 'NICSF', 'securityName': 'NIC Asia Select Fund 30'}, {'totalQuantity': 350, 'totalOrder': 5, 'securityId': 8033, 'symbol': 'GBBD85', 'securityName': 'Garima Debenture, 2085'}, {'totalQuantity': 350, 'totalOrder': 5, 'securityId': 9231, 'symbol': 'CIZBD90', 'securityName': '10% Citizens Bank Debenture 2090'}, {'totalQuantity': 275, 'totalOrder': 5, 'securityId': 2854, 'symbol': 'NBBD2085', 'securityName': '10.25% NBBL Debenture 2085'}, {'totalQuantity': 267, 'totalOrder': 7, 'securityId': 9215, 'symbol': 'MSHL', 'securityName': 'Mid Solu Hydropower Limited'}, {'totalQuantity': 259, 'totalOrder': 5, 'securityId': 8127, 'symbol': 'KBLD89', 'securityName': '11% KBL Debenture 2089'}, {'totalQuantity': 241, 'totalOrder': 4, 'securityId': 9271, 'symbol': 'SBLD2091', 'securityName': '7.25% SBL Debenture 2091'}, {'totalQuantity': 240, 'totalOrder': 3, 'securityId': 9266, 'symbol': 'NICAD2091', 'securityName': '7% NIC ASIA Debenture 2091'}, {'totalQuantity': 225, 'totalOrder': 1, 'securityId': 2886, 'symbol': 'ADBLD83', 'securityName': '10.35% Agricultural Bank Debenture 2083'}, {'totalQuantity': 215, 'totalOrder': 4, 'securityId': 2868, 'symbol': 'NICD83/84', 'securityName': '10.25% NIC Asia Debenture 2083/84'}, {'totalQuantity': 210, 'totalOrder': 8, 'securityId': 177, 'symbol': 'RBCL', 'securityName': 'Rastriya Beema Company Limited'}, {'totalQuantity': 205, 'totalOrder': 4, 'securityId': 9286, 'symbol': 'SHINED', 'securityName': 'Shine Resunga Debenture'}, {'totalQuantity': 202, 'totalOrder': 2, 'securityId': 2912, 'symbol': 'SBLD84', 'securityName': '8.5% SBL Debenture 2084'}, {'totalQuantity': 200, 'totalOrder': 2, 'securityId': 9350, 'symbol': 'LSH12', 'securityName': 'LS Horizon 12'}, {'totalQuantity': 170, 'totalOrder': 5, 'securityId': 8020, 'symbol': 'JBBD87', 'securityName': 'Jyoti Bikash Bank Bond 2087'}, {'totalQuantity': 160, 'totalOrder': 3, 'securityId': 8110, 'symbol': 'SBID83', 'securityName': '10.25% Nepal SBI Bank Debenture 2083'}, {'totalQuantity': 160, 'totalOrder': 5, 'securityId': 2850, 'symbol': 'NMBD2085', 'securityName': '10 % NMB DEBENTURE 2085'}, {'totalQuantity': 160, 'totalOrder': 5, 'securityId': 2828, 'symbol': 'SAND2085', 'securityName': '10% Sanima Bank Limited Debenture'}, {'totalQuantity': 150, 'totalOrder': 1, 'securityId': 8029, 'symbol': 'ADBLB86', 'securityName': 'Agricultural Bond (8 Year)'}, {'totalQuantity': 140, 'totalOrder': 5, 'securityId': 9211, 'symbol': 'SBID89', 'securityName': '9% Nepal SBI Bank Rinpatra 2089'}, {'totalQuantity': 135, 'totalOrder': 5, 'securityId': 2825, 'symbol': 'NICAD85/86', 'securityName': '10% NIC Asia Debenture 2085/86'}, {'totalQuantity': 134, 'totalOrder': 3, 'securityId': 9255, 'symbol': 'EBLD91', 'securityName': 'Everest Bank Limited Debenture 2091'}, {'totalQuantity': 130, 'totalOrder': 3, 'securityId': 2932, 'symbol': 'MFLD85', 'securityName': '9.5% Manjushree Finance Limited Debenture 2085'}, {'totalQuantity': 115, 'totalOrder': 4, 'securityId': 2936, 'symbol': 'NCCD86', 'securityName': '9.5% NCC Debenture 2086'}, {'totalQuantity': 109, 'totalOrder': 4, 'securityId': 8097, 'symbol': 'PBD88', 'securityName': '10% Prime Debenture 2088'}, {'totalQuantity': 105, 'totalOrder': 6, 'securityId': 634, 'symbol': 'RBCLPO', 'securityName': 'Rastriya Beema Company Limited Promoter Share'}, {'totalQuantity': 104, 'totalOrder': 3, 'securityId': 9220, 'symbol': 'KBLD90', 'securityName': '10% KBL Debenture 2090'}, {'totalQuantity': 100, 'totalOrder': 1, 'securityId': 9241, 'symbol': 'KSY', 'securityName': 'Kumari Sabal Yojana'}, {'totalQuantity': 100, 'totalOrder': 1, 'securityId': 8073, 'symbol': 'NICFC', 'securityName': 'NIC Asia Flexi CAP Fund'}, {'totalQuantity': 100, 'totalOrder': 1, 'securityId': 2892, 'symbol': 'NBLD82', 'securityName': '10% Nabil Debenture 2082'}, {'totalQuantity': 91, 'totalOrder': 2, 'securityId': 2878, 'symbol': 'SRBLD83', 'securityName': '10.25% Sunrise Bank Debenture 2083'}, {'totalQuantity': 90, 'totalOrder': 7, 'securityId': 219, 'symbol': 'UNL', 'securityName': 'Unilever Nepal Limited'}, {'totalQuantity': 85, 'totalOrder': 4, 'securityId': 9249, 'symbol': 'ICFCD88', 'securityName': '9% ICFC Finance Limited Debenture 2088'}, {'totalQuantity': 80, 'totalOrder': 3, 'securityId': 9243, 'symbol': 'NIMBD90', 'securityName': '10% NIMB Debenture 2090'}, {'totalQuantity': 80, 'totalOrder': 4, 'securityId': 9195, 'symbol': 'MLBLD89', 'securityName': '11% Mahalaxmi Debenture 2089'}, {'totalQuantity': 80, 'totalOrder': 2, 'securityId': 2931, 'symbol': 'NIBD84', 'securityName': '8.5% Nepal Investment Bank Debenture 2084'}, {'totalQuantity': 75, 'totalOrder': 2, 'securityId': 8004, 'symbol': 'GBILD86/87', 'securityName': 'Global IME Bank Limited Debenture 2086/87'}, {'totalQuantity': 75, 'totalOrder': 2, 'securityId': 4963, 'symbol': 'NMBD87/88', 'securityName': 'NMB Debenture 8.50% - 2087/88'}, {'totalQuantity': 61, 'totalOrder': 3, 'securityId': 9264, 'symbol': 'RBBD2088', 'securityName': '7% RBBL Debenture 2088'}, {'totalQuantity': 60, 'totalOrder': 3, 'securityId': 6984, 'symbol': 'PBD85', 'securityName': '8.75 % Prime Debenture 2085'}, {'totalQuantity': 50, 'totalOrder': 2, 'securityId': 8116, 'symbol': 'PBD84', 'securityName': '10.15% Prime Debenture 2084'}, {'totalQuantity': 49, 'totalOrder': 5, 'securityId': 2879, 'symbol': 'LBLD86', 'securityName': '10% Laxmi Bank Debenture 2086'}, {'totalQuantity': 30, 'totalOrder': 1, 'securityId': 2875, 'symbol': 'PBLD86', 'securityName': '10.25% Prabhu Bank  Debenture 2086'}, {'totalQuantity': 30, 'totalOrder': 1, 'securityId': 4948, 'symbol': 'KSBBLD87', 'securityName': '9% Kamana Sewa Bikas Bank Limited Debenture 2087'}, {'totalQuantity': 30, 'totalOrder': 1, 'securityId': 9261, 'symbol': 'NIFRAGED', 'securityName': 'Nifra Green Energy Debenture 6% - 2088/89'}, {'totalQuantity': 25, 'totalOrder': 1, 'securityId': 9180, 'symbol': 'NMBD89/90', 'securityName': 'NMB Debenture 10.75%-2089/90'}, {'totalQuantity': 25, 'totalOrder': 1, 'securityId': 9168, 'symbol': 'GBILD84/85', 'securityName': 'Global IME Bank Debenture, 2084/85'}, {'totalQuantity': 25, 'totalOrder': 1, 'securityId': 4959, 'symbol': 'NBLD87', 'securityName': '8.5% Nepal Bank Debenture 2087'}, {'totalQuantity': 25, 'totalOrder': 1, 'securityId': 4962, 'symbol': 'PBLD87', 'securityName': '8.5% Prabhu Bank Debenture 2087'}, {'totalQuantity': 25, 'totalOrder': 1, 'securityId': 9327, 'symbol': 'ICFCD89', 'securityName': '8% ICFC Finance Limited Debenture 2089'}, {'totalQuantity': 24, 'totalOrder': 1, 'securityId': 5984, 'symbol': 'LBLD88', 'securityName': '8.5% Laxmi Bank Debenture 2088'}, {'totalQuantity': 21, 'totalOrder': 2, 'securityId': 2889, 'symbol': 'CIZBD86', 'securityName': '10.25% Citizens Bank Debenture 2086'}, {'totalQuantity': 17, 'totalOrder': 1, 'securityId': 9177, 'symbol': 'SCBD', 'securityName': '10.30% Standard Chartered Bank Limited Debenture'}, {'totalQuantity': 10, 'totalOrder': 1, 'securityId': 195, 'symbol': 'BNL', 'securityName': 'Bottlers Nepal (Balaju) Limited'}]","[{'totalQuantity': 895255, 'totalOrder': 8, 'securityId': 227, 'symbol': 'BFC', 'securityName': 'Best Finance Company Ltd.'}, {'totalQuantity': 792589, 'totalOrder': 6, 'securityId': 204, 'symbol': 'GUFL', 'securityName': 'Gurkhas Finance Ltd.'}, {'totalQuantity': 773320, 'totalOrder': 6, 'securityId': 9259, 'symbol': 'RSY', 'securityName': 'Reliable Samriddhi Yojana'}, {'totalQuantity': 714150, 'totalOrder': 7, 'securityId': 9245, 'symbol': 'MNMF1', 'securityName': 'Muktinath Mutual Fund 1'}, {'totalQuantity': 702045, 'totalOrder': 7, 'securityId': 2743, 'symbol': 'NGPL', 'securityName': 'Ngadi Group Power Ltd.'}, {'totalQuantity': 593720, 'totalOrder': 8, 'securityId': 9198, 'symbol': 'LVF2', 'securityName': 'Laxmi Value Fund 2'}, {'totalQuantity': 548600, 'totalOrder': 10, 'securityId': 9302, 'symbol': 'RBBF40', 'securityName': 'RBB Focus 40'}, {'totalQuantity': 527400, 'totalOrder': 7, 'securityId': 9221, 'symbol': 'H8020', 'securityName': 'Himalayan 80-20'}, {'totalQuantity': 477200, 'totalOrder': 5, 'securityId': 9174, 'symbol': 'PRSF', 'securityName': 'Prabhu Smart Fund'}, {'totalQuantity': 472715, 'totalOrder': 8, 'securityId': 8125, 'symbol': 'NSIF2', 'securityName': 'NMB Sulav Investment Fund - 2'}, {'totalQuantity': 448800, 'totalOrder': 9, 'securityId': 9351, 'symbol': 'RSY2', 'securityName': 'Reliable Samriddhi Yojana -2'}, {'totalQuantity': 403500, 'totalOrder': 8, 'securityId': 8106, 'symbol': 'GIBF1', 'securityName': 'Global IME Balanced Fund-1'}, {'totalQuantity': 401662, 'totalOrder': 7, 'securityId': 2759, 'symbol': 'SPDL', 'securityName': 'Synergy Power Development Ltd.'}, {'totalQuantity': 378155, 'totalOrder': 7, 'securityId': 145, 'symbol': 'SBL', 'securityName': 'Siddhartha Bank Limited'}, {'totalQuantity': 377201, 'totalOrder': 6, 'securityId': 9257, 'symbol': 'MBLEF', 'securityName': 'MBL Equity Fund'}, {'totalQuantity': 367673, 'totalOrder': 9, 'securityId': 610, 'symbol': 'RIDI', 'securityName': 'Ridi Power Company Limited'}, {'totalQuantity': 365691, 'totalOrder': 7, 'securityId': 9173, 'symbol': 'CITY', 'securityName': 'City Hotel Limited'}, {'totalQuantity': 358687, 'totalOrder': 6, 'securityId': 2788, 'symbol': 'AKJCL', 'securityName': 'Ankhu Khola Jalvidhyut Company Ltd'}, {'totalQuantity': 341252, 'totalOrder': 10, 'securityId': 697, 'symbol': 'API', 'securityName': 'Api Power Company Ltd.'}, {'totalQuantity': 318828, 'totalOrder': 7, 'securityId': 348, 'symbol': 'CZBIL', 'securityName': 'Citizens Bank International Limited'}, {'totalQuantity': 287100, 'totalOrder': 6, 'securityId': 8073, 'symbol': 'NICFC', 'securityName': 'NIC Asia Flexi CAP Fund'}, {'totalQuantity': 266963, 'totalOrder': 13, 'securityId': 152, 'symbol': 'NHPC', 'securityName': 'National Hydro Power Company Limited'}, {'totalQuantity': 248600, 'totalOrder': 8, 'securityId': 9154, 'symbol': 'SFEF', 'securityName': 'Sunrise Focused Equity Fund'}, {'totalQuantity': 246644, 'totalOrder': 6, 'securityId': 341, 'symbol': 'GBIME', 'securityName': 'Global IME Bank Limited'}, {'totalQuantity': 241955, 'totalOrder': 6, 'securityId': 4947, 'symbol': 'PSF', 'securityName': 'Prabhu Select Fund'}, {'totalQuantity': 241383, 'totalOrder': 6, 'securityId': 132, 'symbol': 'NIMB', 'securityName': 'Nepal Investment Mega Bank Limited'}, {'totalQuantity': 237139, 'totalOrder': 8, 'securityId': 9311, 'symbol': 'SOHL', 'securityName': 'Solu Hydropower Limited'}, {'totalQuantity': 221714, 'totalOrder': 6, 'securityId': 9138, 'symbol': 'NIBLGF', 'securityName': 'NIBL Growth Fund'}, {'totalQuantity': 206155, 'totalOrder': 18, 'securityId': 171, 'symbol': 'SANIMA', 'securityName': 'Sanima Bank Limited'}, {'totalQuantity': 204389, 'totalOrder': 6, 'securityId': 2776, 'symbol': 'RADHI', 'securityName': 'Radhi Bidyut Company Ltd'}, {'totalQuantity': 192368, 'totalOrder': 12, 'securityId': 2913, 'symbol': 'MEN', 'securityName': 'Mountain Energy Nepal Limited'}, {'totalQuantity': 188900, 'totalOrder': 12, 'securityId': 9350, 'symbol': 'LSH12', 'securityName': 'LS Horizon 12'}, {'totalQuantity': 186350, 'totalOrder': 5, 'securityId': 9182, 'symbol': 'SIGS3', 'securityName': 'Siddhartha Investment Growth Scheme 3'}, {'totalQuantity': 185210, 'totalOrder': 9, 'securityId': 9348, 'symbol': 'SEF2', 'securityName': 'Siddhartha Equity Fund 2'}, {'totalQuantity': 184080, 'totalOrder': 10, 'securityId': 9269, 'symbol': 'GBIMESY2', 'securityName': 'Global IME Sammunat Yojana -2'}, {'totalQuantity': 181253, 'totalOrder': 7, 'securityId': 2806, 'symbol': 'GHL', 'securityName': 'Ghalemdi Hydro Limited'}, {'totalQuantity': 180200, 'totalOrder': 5, 'securityId': 4967, 'symbol': 'NICSF', 'securityName': 'NIC Asia Select Fund 30'}, {'totalQuantity': 179781, 'totalOrder': 19, 'securityId': 2907, 'symbol': 'SSHL', 'securityName': 'Shiva Shree Hydropower Ltd'}, {'totalQuantity': 179027, 'totalOrder': 6, 'securityId': 8074, 'symbol': 'KDBY', 'securityName': 'Kumari Dhanabriddhi Yojana'}, {'totalQuantity': 175400, 'totalOrder': 8, 'securityId': 9254, 'symbol': 'NMBHF2', 'securityName': 'NMB Hybrid Fund L- II'}, {'totalQuantity': 172509, 'totalOrder': 11, 'securityId': 142, 'symbol': 'KBL', 'securityName': 'Kumari Bank Limited'}, {'totalQuantity': 167856, 'totalOrder': 8, 'securityId': 134, 'symbol': 'HBL', 'securityName': 'Himalayan Bank Limited'}, {'totalQuantity': 166692, 'totalOrder': 5, 'securityId': 9208, 'symbol': 'ULHC', 'securityName': 'Upper Lohore Khola Hydropower Company Limited'}, {'totalQuantity': 162314, 'totalOrder': 32, 'securityId': 8055, 'symbol': 'BHL', 'securityName': 'Balephi Hydropower Limited'}, {'totalQuantity': 160237, 'totalOrder': 7, 'securityId': 2767, 'symbol': 'HPPL', 'securityName': 'Himalayan Power Partner Ltd.'}, {'totalQuantity': 158935, 'totalOrder': 17, 'securityId': 141, 'symbol': 'LSL', 'securityName': 'Laxmi Sunrise Bank Limited'}, {'totalQuantity': 157823, 'totalOrder': 6, 'securityId': 9244, 'symbol': 'NIBLSTF', 'securityName': 'NIBL Stable Fund'}, {'totalQuantity': 156500, 'totalOrder': 3, 'securityId': 2937, 'symbol': 'SBCF', 'securityName': 'Sunrise Bluechip Fund'}, {'totalQuantity': 153795, 'totalOrder': 19, 'securityId': 2809, 'symbol': 'SHIVM', 'securityName': 'SHIVAM CEMENTS LTD'}, {'totalQuantity': 151960, 'totalOrder': 10, 'securityId': 255, 'symbol': 'PRVU', 'securityName': 'Prabhu  Bank Limited'}, {'totalQuantity': 151008, 'totalOrder': 8, 'securityId': 2860, 'symbol': 'SAPDBL', 'securityName': 'Saptakoshi Development Bank Ltd'}, {'totalQuantity': 149837, 'totalOrder': 10, 'securityId': 2792, 'symbol': 'UPPER', 'securityName': 'Upper Tamakoshi Hydropower Ltd'}, {'totalQuantity': 149663, 'totalOrder': 14, 'securityId': 8111, 'symbol': 'HIDCLP', 'securityName': 'Hydorelectricity Investment and Development Company Limited Promoter'}, {'totalQuantity': 147350, 'totalOrder': 19, 'securityId': 2880, 'symbol': 'HDHPC', 'securityName': 'Himal Dolakha Hydropower Company Limited'}, {'totalQuantity': 146882, 'totalOrder': 5, 'securityId': 8099, 'symbol': 'UHEWA', 'securityName': 'Upper Hewakhola Hydropower Company Limited'}, {'totalQuantity': 141682, 'totalOrder': 8, 'securityId': 2757, 'symbol': 'AKPL', 'securityName': 'Arun Kabeli Power Ltd.'}, {'totalQuantity': 140700, 'totalOrder': 6, 'securityId': 9178, 'symbol': 'RMF2', 'securityName': 'RBB Mutual Fund 2'}, {'totalQuantity': 136669, 'totalOrder': 8, 'securityId': 2760, 'symbol': 'UMHL', 'securityName': 'United Modi Hydropower Ltd.'}, {'totalQuantity': 134678, 'totalOrder': 7, 'securityId': 9349, 'symbol': 'SAEF2', 'securityName': 'Sanima Equity Fund-2'}, {'totalQuantity': 132918, 'totalOrder': 10, 'securityId': 2751, 'symbol': 'KKHC', 'securityName': 'Khanikhola Hydropower Co. Ltd.'}, {'totalQuantity': 132100, 'totalOrder': 7, 'securityId': 397, 'symbol': 'ADBL', 'securityName': 'Agricultural Development Bank Limited'}, {'totalQuantity': 130853, 'totalOrder': 5, 'securityId': 140, 'symbol': 'MBL', 'securityName': 'Machhapuchhre Bank Limited'}, {'totalQuantity': 130132, 'totalOrder': 6, 'securityId': 2744, 'symbol': 'GRDBL', 'securityName': 'Green Development Bank Ltd.'}, {'totalQuantity': 119066, 'totalOrder': 13, 'securityId': 2742, 'symbol': 'HIDCL', 'securityName': 'Hydorelectricity Investment and Development Company Ltd'}, {'totalQuantity': 115100, 'totalOrder': 7, 'securityId': 9248, 'symbol': 'GSY', 'securityName': 'Garima Samriddhi Yojana'}, {'totalQuantity': 111762, 'totalOrder': 7, 'securityId': 450, 'symbol': 'CORBL', 'securityName': 'Corporate Development Bank Limited'}, {'totalQuantity': 107080, 'totalOrder': 5, 'securityId': 358, 'symbol': 'LBBL', 'securityName': 'Lumbini Bikas Bank Ltd.'}, {'totalQuantity': 106667, 'totalOrder': 6, 'securityId': 9252, 'symbol': 'CREST', 'securityName': 'Crest Micro Life Insurance Limited'}, {'totalQuantity': 103237, 'totalOrder': 18, 'securityId': 357, 'symbol': 'PCBL', 'securityName': 'Prime Commercial Bank Ltd.'}, {'totalQuantity': 103051, 'totalOrder': 10, 'securityId': 2810, 'symbol': 'UPCL', 'securityName': 'UNIVERSAL POWER COMPANY LTD'}, {'totalQuantity': 101662, 'totalOrder': 7, 'securityId': 2934, 'symbol': 'SHEL', 'securityName': 'Singati Hydro Energy Limited'}, {'totalQuantity': 95300, 'totalOrder': 6, 'securityId': 8024, 'symbol': 'NBF3', 'securityName': 'Nabil Balanced Fund-3'}, {'totalQuantity': 94972, 'totalOrder': 10, 'securityId': 245, 'symbol': 'CFCL', 'securityName': 'Central Finance Co. Ltd.'}, {'totalQuantity': 94336, 'totalOrder': 13, 'securityId': 360, 'symbol': 'AHPC', 'securityName': 'Arun Valley Hydropower Development Co. Ltd.'}, {'totalQuantity': 91500, 'totalOrder': 5, 'securityId': 9236, 'symbol': 'NICGF2', 'securityName': 'NIC ASIA Growth Fund-2'}, {'totalQuantity': 87924, 'totalOrder': 24, 'securityId': 2898, 'symbol': 'NRN', 'securityName': 'NRN Infrastructure and Development Limited'}, {'totalQuantity': 87686, 'totalOrder': 11, 'securityId': 2903, 'symbol': 'LEC', 'securityName': 'Liberty Energy Company Limited'}, {'totalQuantity': 82050, 'totalOrder': 5, 'securityId': 9241, 'symbol': 'KSY', 'securityName': 'Kumari Sabal Yojana'}, {'totalQuantity': 80580, 'totalOrder': 7, 'securityId': 517, 'symbol': 'NBL', 'securityName': 'Nepal Bank Limited'}, {'totalQuantity': 79136, 'totalOrder': 18, 'securityId': 2919, 'symbol': 'NIFRA', 'securityName': 'Nepal Infrastructure Bank Limited'}, {'totalQuantity': 77737, 'totalOrder': 5, 'securityId': 9146, 'symbol': 'SMHL', 'securityName': 'Super Madi Hydropower Limited'}, {'totalQuantity': 73937, 'totalOrder': 7, 'securityId': 9330, 'symbol': 'PCIL', 'securityName': 'Palpa Cement Industries Limited'}, {'totalQuantity': 73850, 'totalOrder': 6, 'securityId': 2933, 'symbol': 'KEF', 'securityName': 'Kumari Equity Fund'}, {'totalQuantity': 73000, 'totalOrder': 4, 'securityId': 2863, 'symbol': 'NICBF', 'securityName': 'NIC Asia Balanced Fund'}, {'totalQuantity': 72136, 'totalOrder': 24, 'securityId': 139, 'symbol': 'NICA', 'securityName': 'NIC Asia Bank Ltd.'}, {'totalQuantity': 71061, 'totalOrder': 11, 'securityId': 8133, 'symbol': 'PHCL', 'securityName': 'Peoples Hydropower Company Limited'}, {'totalQuantity': 67200, 'totalOrder': 10, 'securityId': 8023, 'symbol': 'MMF1', 'securityName': 'Mega Mutual Fund -1'}, {'totalQuantity': 67133, 'totalOrder': 12, 'securityId': 9156, 'symbol': 'TAMOR', 'securityName': 'Sanima Middle Tamor Hydropower Limited'}, {'totalQuantity': 67053, 'totalOrder': 8, 'securityId': 9149, 'symbol': 'MKHC', 'securityName': 'Maya Khola Hydropower Company Limited'}, {'totalQuantity': 66500, 'totalOrder': 6, 'securityId': 2923, 'symbol': 'SLCF', 'securityName': 'Sanima Large Cap Fund'}, {'totalQuantity': 63817, 'totalOrder': 11, 'securityId': 516, 'symbol': 'MFIL', 'securityName': 'Manjushree Finance Ltd.'}, {'totalQuantity': 63267, 'totalOrder': 20, 'securityId': 131, 'symbol': 'NABIL', 'securityName': 'Nabil Bank Limited'}, {'totalQuantity': 59742, 'totalOrder': 19, 'securityId': 238, 'symbol': 'NMB', 'securityName': 'NMB Bank Limited'}, {'totalQuantity': 58350, 'totalOrder': 5, 'securityId': 4968, 'symbol': 'RMF1', 'securityName': 'RBB Mutual Fund 1'}, {'totalQuantity': 57032, 'totalOrder': 9, 'securityId': 472, 'symbol': 'SADBL', 'securityName': 'Shangrila Development Bank Ltd.'}, {'totalQuantity': 55093, 'totalOrder': 18, 'securityId': 474, 'symbol': 'MNBBL', 'securityName': 'Muktinath Bikas Bank Ltd.'}, {'totalQuantity': 54324, 'totalOrder': 6, 'securityId': 9342, 'symbol': 'YMHL', 'securityName': 'Yambaling Hydropower Limited'}, {'totalQuantity': 53654, 'totalOrder': 5, 'securityId': 417, 'symbol': 'GBBL', 'securityName': 'Garima Bikas Bank Limited'}, {'totalQuantity': 52609, 'totalOrder': 9, 'securityId': 9345, 'symbol': 'SGHL', 'securityName': 'Sanigad Hydro Limited'}, {'totalQuantity': 51813, 'totalOrder': 6, 'securityId': 2824, 'symbol': 'HURJA', 'securityName': 'Himalaya Urja Bikas Company Limited'}, {'totalQuantity': 50525, 'totalOrder': 8, 'securityId': 2877, 'symbol': 'SFMF', 'securityName': 'Sunrise First Mutual Fund'}, {'totalQuantity': 49858, 'totalOrder': 7, 'securityId': 2807, 'symbol': 'ALBSL', 'securityName': 'Asha Laghubitta Bittiya Sanstha Ltd'}, {'totalQuantity': 47820, 'totalOrder': 8, 'securityId': 9301, 'symbol': 'SAIL', 'securityName': 'Shreenagar Agritech Industries Limited'}, {'totalQuantity': 46171, 'totalOrder': 14, 'securityId': 459, 'symbol': 'KSBBL', 'securityName': 'Kamana Sewa Bikas Bank Limited'}, {'totalQuantity': 45809, 'totalOrder': 7, 'securityId': 9336, 'symbol': 'SOPL', 'securityName': 'Sopan Pharmaceuticals Limited'}, {'totalQuantity': 45354, 'totalOrder': 5, 'securityId': 9329, 'symbol': 'SIPD', 'securityName': 'Shikhar power Development Limited'}, {'totalQuantity': 45306, 'totalOrder': 5, 'securityId': 274, 'symbol': 'EDBL', 'securityName': 'Excel Development Bank Ltd.'}, {'totalQuantity': 43686, 'totalOrder': 13, 'securityId': 8021, 'symbol': 'SAHAS', 'securityName': 'Sahas Urja Limited'}, {'totalQuantity': 43374, 'totalOrder': 8, 'securityId': 2789, 'symbol': 'JOSHI', 'securityName': 'Joshi Hydropower Development Company Ltd'}, {'totalQuantity': 43244, 'totalOrder': 6, 'securityId': 8070, 'symbol': 'DORDI', 'securityName': 'Dordi Khola Jal Bidyut Company Limited'}, {'totalQuantity': 42998, 'totalOrder': 9, 'securityId': 2831, 'symbol': 'UNHPL', 'securityName': 'Union Hydropower Limited'}, {'totalQuantity': 42901, 'totalOrder': 6, 'securityId': 9293, 'symbol': 'DHEL', 'securityName': 'Daramkhola Hydro Energy Limited'}, {'totalQuantity': 42716, 'totalOrder': 19, 'securityId': 8100, 'symbol': 'SGHC', 'securityName': 'Swet-Ganga Hydropower & Construction Limited '}, {'totalQuantity': 41637, 'totalOrder': 8, 'securityId': 5982, 'symbol': 'SRLI', 'securityName': 'Sanima Reliance Life Insurance Limited'}, {'totalQuantity': 40541, 'totalOrder': 11, 'securityId': 418, 'symbol': 'JBBL', 'securityName': 'Jyoti Bikas Bank Limited'}, {'totalQuantity': 40412, 'totalOrder': 7, 'securityId': 9346, 'symbol': 'KAHL', 'securityName': 'Kalanga Hydro Limited'}, {'totalQuantity': 40366, 'totalOrder': 5, 'securityId': 8022, 'symbol': 'TPC', 'securityName': 'Terhathum Power Company Limited'}, {'totalQuantity': 40095, 'totalOrder': 8, 'securityId': 2748, 'symbol': 'RSDC', 'securityName': 'RSDC Laghubitta Bittiya Sanstha Ltd.'}, {'totalQuantity': 40040, 'totalOrder': 6, 'securityId': 8032, 'symbol': 'BNHC', 'securityName': 'Buddha Bhumi Nepal Hydropower Company Limited'}, {'totalQuantity': 39980, 'totalOrder': 6, 'securityId': 587, 'symbol': 'RLFL', 'securityName': 'Reliance Finance Ltd.'}, {'totalQuantity': 39872, 'totalOrder': 8, 'securityId': 591, 'symbol': 'SHPC', 'securityName': 'Sanima Mai Hydropower Ltd.'}, {'totalQuantity': 39748, 'totalOrder': 12, 'securityId': 393, 'symbol': 'HLI', 'securityName': 'Himalayan Life Insurance Limited'}, {'totalQuantity': 39500, 'totalOrder': 6, 'securityId': 2770, 'symbol': 'SEF', 'securityName': 'Siddhartha Equity Fund'}, {'totalQuantity': 37462, 'totalOrder': 11, 'securityId': 401, 'symbol': 'MLBL', 'securityName': 'Mahalaxmi Bikas Bank Ltd.'}, {'totalQuantity': 36732, 'totalOrder': 6, 'securityId': 9303, 'symbol': 'SYPNL', 'securityName': 'SY Panel Nepal Limited'}, {'totalQuantity': 36574, 'totalOrder': 6, 'securityId': 9344, 'symbol': 'SNORL', 'securityName': 'Snow Rivers Limited'}, {'totalQuantity': 36466, 'totalOrder': 15, 'securityId': 403, 'symbol': 'SJLIC', 'securityName': 'SuryaJyoti Life Insurance Company Limited'}, {'totalQuantity': 35685, 'totalOrder': 13, 'securityId': 135, 'symbol': 'SBI', 'securityName': 'Nepal SBI Bank Limited'}, {'totalQuantity': 35259, 'totalOrder': 6, 'securityId': 473, 'symbol': 'SHINE', 'securityName': 'Shine Resunga Development Bank Ltd.'}, {'totalQuantity': 34584, 'totalOrder': 12, 'securityId': 2881, 'symbol': 'NRIC', 'securityName': 'Nepal Reinsurance Company Limited'}, {'totalQuantity': 34365, 'totalOrder': 9, 'securityId': 9199, 'symbol': 'RNLI', 'securityName': 'Reliable Nepal Life Insurance Limited'}, {'totalQuantity': 34303, 'totalOrder': 16, 'securityId': 9179, 'symbol': 'MEL', 'securityName': 'Modi Energy Limited'}, {'totalQuantity': 33365, 'totalOrder': 10, 'securityId': 9234, 'symbol': 'HRL', 'securityName': 'Himalayan Reinsurance Limited'}, {'totalQuantity': 32641, 'totalOrder': 7, 'securityId': 2769, 'symbol': 'NHDL', 'securityName': 'Nepal Hydro Developers Ltd.'}, {'totalQuantity': 32540, 'totalOrder': 6, 'securityId': 9337, 'symbol': 'APHL', 'securityName': 'Appolo Hydropower Limited'}, {'totalQuantity': 32529, 'totalOrder': 7, 'securityId': 8066, 'symbol': 'RFPL', 'securityName': 'River Falls Power Limited'}, {'totalQuantity': 32442, 'totalOrder': 5, 'securityId': 8104, 'symbol': 'USHEC', 'securityName': 'Upper Solu Hydro Electric Company Limited'}, {'totalQuantity': 32183, 'totalOrder': 9, 'securityId': 9181, 'symbol': 'RAWA', 'securityName': 'Rawa Energy Development Limited'}, {'totalQuantity': 31909, 'totalOrder': 5, 'securityId': 8031, 'symbol': 'MBJC', 'securityName': 'Madhya Bhotekoshi Jalavidyut Company Limited'}, {'totalQuantity': 31447, 'totalOrder': 11, 'securityId': 2915, 'symbol': 'PMLI', 'securityName': 'Prabhu Mahalaxmi Life Insurance Limited'}, {'totalQuantity': 31389, 'totalOrder': 12, 'securityId': 2924, 'symbol': 'GLH', 'securityName': 'GreenLife Hydropower Limited'}, {'totalQuantity': 30437, 'totalOrder': 15, 'securityId': 8122, 'symbol': 'PPL', 'securityName': ""People's Power Limited""}, {'totalQuantity': 30261, 'totalOrder': 14, 'securityId': 153, 'symbol': 'BPCL', 'securityName': 'Butwal Power Company Limited'}, {'totalQuantity': 29566, 'totalOrder': 9, 'securityId': 2813, 'symbol': 'PPCL', 'securityName': 'Panchthar Power Compant Limited'}, {'totalQuantity': 29496, 'totalOrder': 8, 'securityId': 244, 'symbol': 'SIFC', 'securityName': 'Shree Investment Finance Co. Ltd.'}, {'totalQuantity': 29166, 'totalOrder': 8, 'securityId': 2841, 'symbol': 'RHPL', 'securityName': 'RASUWAGADHI HYDROPOWER COMPANY LIMITED'}, {'totalQuantity': 29121, 'totalOrder': 13, 'securityId': 8108, 'symbol': 'RHGCL', 'securityName': 'Rapti Hydro And General Construction Limited'}, {'totalQuantity': 29058, 'totalOrder': 8, 'securityId': 188, 'symbol': 'LICN', 'securityName': 'Life Insurance Corporation (Nepal) Limited'}, {'totalQuantity': 28186, 'totalOrder': 10, 'securityId': 9343, 'symbol': 'TPKHL', 'securityName': 'Taksar Pikhuwa Khola Hydropower Limited'}, {'totalQuantity': 28120, 'totalOrder': 7, 'securityId': 2766, 'symbol': 'CHL', 'securityName': 'Chhyangdi Hydropower Ltd.'}, {'totalQuantity': 27638, 'totalOrder': 11, 'securityId': 469, 'symbol': 'NIMBPO', 'securityName': 'Nepal Investment Mega Bank Ltd. Promoter Share'}, {'totalQuantity': 27464, 'totalOrder': 8, 'securityId': 166, 'symbol': 'DDBL', 'securityName': 'Deprosc Laghubitta Bittiya Sanstha Limited'}, {'totalQuantity': 27318, 'totalOrder': 7, 'securityId': 154, 'symbol': 'CHCL', 'securityName': 'Chilime Hydropower Company Limited'}, {'totalQuantity': 27255, 'totalOrder': 9, 'securityId': 9306, 'symbol': 'RSML', 'securityName': 'Reliance Spinning Mills Limited'}, {'totalQuantity': 26797, 'totalOrder': 6, 'securityId': 180, 'symbol': 'UAIL', 'securityName': 'United Ajod Insurance Limited'}, {'totalQuantity': 26500, 'totalOrder': 6, 'securityId': 9191, 'symbol': 'C30MF', 'securityName': 'Citizens Super 30 Mutual Fund'}, {'totalQuantity': 26051, 'totalOrder': 17, 'securityId': 2842, 'symbol': 'SJCL', 'securityName': 'SANJEN JALAVIDHYUT COMPANY LIMITED'}, {'totalQuantity': 25958, 'totalOrder': 7, 'securityId': 9216, 'symbol': 'SONA', 'securityName': 'Sonapur Minerals And Oil Limited'}, {'totalQuantity': 25899, 'totalOrder': 11, 'securityId': 9312, 'symbol': 'NSY', 'securityName': 'Nepal Life Samriddhi Lagani Yojana'}, {'totalQuantity': 25362, 'totalOrder': 5, 'securityId': 2832, 'symbol': 'ILBS', 'securityName': 'Infinity Laghubitta Bittiya Sanstha Limited'}, {'totalQuantity': 25237, 'totalOrder': 7, 'securityId': 490, 'symbol': 'FMDBL', 'securityName': 'First Micro Finance Laghubitta Bittiya Sanstha Limited'}, {'totalQuantity': 25236, 'totalOrder': 9, 'securityId': 686, 'symbol': 'BARUN', 'securityName': 'Barun Hydropower Co. Ltd.'}, {'totalQuantity': 25149, 'totalOrder': 6, 'securityId': 9323, 'symbol': 'SKHL', 'securityName': 'Super Khudi Hydropower Limited'}, {'totalQuantity': 24986, 'totalOrder': 7, 'securityId': 9201, 'symbol': 'SNLI', 'securityName': 'Sun Nepal Life Insurance Company Limited'}, {'totalQuantity': 24883, 'totalOrder': 17, 'securityId': 187, 'symbol': 'NLIC', 'securityName': 'Nepal Life Insurance Co. Ltd.'}, {'totalQuantity': 24790, 'totalOrder': 6, 'securityId': 2902, 'symbol': 'LUK', 'securityName': 'Laxmi Unnati Kosh'}, {'totalQuantity': 24729, 'totalOrder': 8, 'securityId': 9297, 'symbol': 'BANDIPUR', 'securityName': 'Bandipur Cablecar and Tourism Limited'}, {'totalQuantity': 24698, 'totalOrder': 20, 'securityId': 9166, 'symbol': 'MAKAR', 'securityName': 'Makar Jitumaya Suri Hydropower Limited'}, {'totalQuantity': 24158, 'totalOrder': 6, 'securityId': 178, 'symbol': 'NLICL', 'securityName': 'National Life Insurance Co. Ltd.'}, {'totalQuantity': 23409, 'totalOrder': 8, 'securityId': 2811, 'symbol': 'MHNL', 'securityName': 'Mountain Hydro Nepal Limited'}, {'totalQuantity': 22774, 'totalOrder': 5, 'securityId': 9300, 'symbol': 'JHAPA', 'securityName': 'Jhapa Energy Limited'}, {'totalQuantity': 22460, 'totalOrder': 8, 'securityId': 9159, 'symbol': 'SMJC', 'securityName': 'Sagarmatha Jalabidhyut Company Limited'}, {'totalQuantity': 22109, 'totalOrder': 10, 'securityId': 147, 'symbol': 'SHL', 'securityName': 'Soaltee Hotel Limited'}, {'totalQuantity': 21110, 'totalOrder': 7, 'securityId': 9267, 'symbol': 'BHCL', 'securityName': 'Bikash Hydropower Company Limited'}, {'totalQuantity': 20797, 'totalOrder': 10, 'securityId': 8045, 'symbol': 'GVL', 'securityName': 'Green Ventures Limited'}, {'totalQuantity': 20482, 'totalOrder': 8, 'securityId': 8075, 'symbol': 'BHDC', 'securityName': 'Bindhyabasini Hydropower Development Company Limited'}, {'totalQuantity': 20334, 'totalOrder': 7, 'securityId': 2908, 'symbol': 'SGIC', 'securityName': 'Sanima GIC Insurance Limited'}, {'totalQuantity': 20100, 'totalOrder': 5, 'securityId': 4949, 'symbol': 'NIBSF2', 'securityName': 'NIBL Samriddhi Fund -2'}, {'totalQuantity': 19710, 'totalOrder': 10, 'securityId': 9148, 'symbol': 'SMH', 'securityName': 'Super Mai Hydropower Limited'}, {'totalQuantity': 19586, 'totalOrder': 7, 'securityId': 9209, 'symbol': 'CLI', 'securityName': 'Citizen Life Insurance Company Limited'}, {'totalQuantity': 19543, 'totalOrder': 11, 'securityId': 235, 'symbol': 'HDL', 'securityName': 'Himalayan Distillery Limited'}, {'totalQuantity': 19231, 'totalOrder': 5, 'securityId': 9296, 'symbol': 'BUNGAL', 'securityName': 'Bungal Hydro Limited'}, {'totalQuantity': 18772, 'totalOrder': 6, 'securityId': 2914, 'symbol': 'UMRH', 'securityName': 'United IDI Mardi RB Hydropower Limited.'}, {'totalQuantity': 18757, 'totalOrder': 11, 'securityId': 9135, 'symbol': 'BHPL', 'securityName': 'Barahi Hydropower Public Limited'}, {'totalQuantity': 18729, 'totalOrder': 9, 'securityId': 385, 'symbol': 'ALICL', 'securityName': 'Asian Life Insurance Co. Limited'}, {'totalQuantity': 18105, 'totalOrder': 78, 'securityId': 198, 'symbol': 'NLO', 'securityName': 'Nepal Lube Oil Limited'}, {'totalQuantity': 17936, 'totalOrder': 11, 'securityId': 9170, 'symbol': 'DOLTI', 'securityName': 'Dolti Power Company Limited'}, {'totalQuantity': 17847, 'totalOrder': 5, 'securityId': 9347, 'symbol': 'ECL', 'securityName': 'Everest Colour Limited'}, {'totalQuantity': 17779, 'totalOrder': 11, 'securityId': 561, 'symbol': 'SINDU', 'securityName': 'Sindhu Bikash Bank Ltd'}, {'totalQuantity': 17706, 'totalOrder': 30, 'securityId': 307, 'symbol': 'NTC', 'securityName': 'Nepal Doorsanchar Company Limited'}, {'totalQuantity': 17593, 'totalOrder': 6, 'securityId': 192, 'symbol': 'SICL', 'securityName': 'Shikhar Insurance Co. Ltd.'}, {'totalQuantity': 17295, 'totalOrder': 7, 'securityId': 263, 'symbol': 'GMFIL', 'securityName': 'Guheshowori Merchant Bank & Finance Co. Ltd.'}, {'totalQuantity': 16988, 'totalOrder': 7, 'securityId': 8131, 'symbol': 'EHPL', 'securityName': 'Eastern Hydropower Limited'}, {'totalQuantity': 16819, 'totalOrder': 5, 'securityId': 3946, 'symbol': 'CHDC', 'securityName': 'CEDB Holdings Limited'}, {'totalQuantity': 16608, 'totalOrder': 7, 'securityId': 2787, 'symbol': 'KPCL', 'securityName': 'Kalika power Company Ltd'}, {'totalQuantity': 16528, 'totalOrder': 14, 'securityId': 9184, 'symbol': 'ILI', 'securityName': 'IME Life Insurance Company Limited'}, {'totalQuantity': 16403, 'totalOrder': 9, 'securityId': 186, 'symbol': 'IGI', 'securityName': 'IGI Prudential insurance Limited'}, {'totalQuantity': 16173, 'totalOrder': 7, 'securityId': 133, 'symbol': 'SCB', 'securityName': 'Standard Chartered Bank Limited'}, {'totalQuantity': 16158, 'totalOrder': 5, 'securityId': 8126, 'symbol': 'SIKLES', 'securityName': 'Sikles Hydropower Limited'}, {'totalQuantity': 16075, 'totalOrder': 11, 'securityId': 2887, 'symbol': 'NICLBSL', 'securityName': 'NIC ASIA Laghubitta Bittiya Sanstha Limited'}, {'totalQuantity': 16045, 'totalOrder': 7, 'securityId': 2867, 'symbol': 'NMB50', 'securityName': 'NMB 50'}, {'totalQuantity': 15982, 'totalOrder': 26, 'securityId': 164, 'symbol': 'CBBL', 'securityName': 'Chhimek Laghubitta Bittiya Sanstha Limited'}, {'totalQuantity': 15315, 'totalOrder': 8, 'securityId': 137, 'symbol': 'EBL', 'securityName': 'Everest Bank Limited'}, {'totalQuantity': 15295, 'totalOrder': 5, 'securityId': 9147, 'symbol': 'SPL', 'securityName': 'Shuvam Power Limited'}, {'totalQuantity': 15068, 'totalOrder': 6, 'securityId': 9158, 'symbol': 'MHCL', 'securityName': 'Molung Hydropower Company Limited'}, {'totalQuantity': 14622, 'totalOrder': 7, 'securityId': 176, 'symbol': 'NICL', 'securityName': 'Nepal Insurance Co. Ltd.'}, {'totalQuantity': 14381, 'totalOrder': 6, 'securityId': 9218, 'symbol': 'TVCL', 'securityName': 'Trishuli Jal Vidhyut Company Limited '}, {'totalQuantity': 14093, 'totalOrder': 13, 'securityId': 9193, 'symbol': 'GCIL', 'securityName': 'Ghorahi Cement Industry Limited'}, {'totalQuantity': 13970, 'totalOrder': 10, 'securityId': 9258, 'symbol': 'PURE', 'securityName': 'Pure Energy Limited'}, {'totalQuantity': 13664, 'totalOrder': 5, 'securityId': 2859, 'symbol': 'SIGS2', 'securityName': 'Siddhartha Investment Growth Scheme - 2'}, {'totalQuantity': 13582, 'totalOrder': 8, 'securityId': 9305, 'symbol': 'SABBL', 'securityName': 'Salapa Bikas Bank Limited'}, {'totalQuantity': 13293, 'totalOrder': 5, 'securityId': 184, 'symbol': 'PRIN', 'securityName': 'Prabhu Insurance Ltd.'}, {'totalQuantity': 13279, 'totalOrder': 7, 'securityId': 396, 'symbol': 'NMLBBL', 'securityName': 'Nerude Mirmire Laghubitta Bittiya Sanstha Limited'}, {'totalQuantity': 12913, 'totalOrder': 6, 'securityId': 149, 'symbol': 'OHL', 'securityName': 'Oriental Hotels Limited'}, {'totalQuantity': 12554, 'totalOrder': 7, 'securityId': 1741, 'symbol': 'MERO', 'securityName': 'Mero Microfinance Bittiya Sanstha Ltd.'}, {'totalQuantity': 12238, 'totalOrder': 8, 'securityId': 471, 'symbol': 'MPFL', 'securityName': 'Multipurpose Finance Company  Limited'}, {'totalQuantity': 12099, 'totalOrder': 7, 'securityId': 273, 'symbol': 'ICFC', 'securityName': 'ICFC Finance Limited'}, {'totalQuantity': 11840, 'totalOrder': 7, 'securityId': 545, 'symbol': 'SLBBL', 'securityName': 'Swarojgar Laghubitta Bittiya Sanstha Ltd.'}, {'totalQuantity': 11834, 'totalOrder': 7, 'securityId': 9322, 'symbol': 'BJHL', 'securityName': 'Bhujung Hydropower Limited'}, {'totalQuantity': 11732, 'totalOrder': 13, 'securityId': 194, 'symbol': 'NFS', 'securityName': 'Nepal Finance Ltd.'}, {'totalQuantity': 11704, 'totalOrder': 6, 'securityId': 9196, 'symbol': 'KBSH', 'securityName': 'Kutheli Bukhari Small Hydropower Limited'}, {'totalQuantity': 11686, 'totalOrder': 10, 'securityId': 338, 'symbol': 'PROFL', 'securityName': 'Progressive Finance Limited'}, {'totalQuantity': 11412, 'totalOrder': 23, 'securityId': 574, 'symbol': 'SKBBL', 'securityName': 'Sana Kisan Bikas Laghubitta Bittiya Sanstha Limited'}, {'totalQuantity': 11410, 'totalOrder': 3, 'securityId': 9139, 'symbol': 'SAGF', 'securityName': 'Sanima Growth Fund'}, {'totalQuantity': 11400, 'totalOrder': 3, 'securityId': 2835, 'symbol': 'NBF2', 'securityName': 'NABIL BALANCED FUND-2'}, {'totalQuantity': 11205, 'totalOrder': 7, 'securityId': 9325, 'symbol': 'SKHEL', 'securityName': 'Suryakunda Hydro Electric Limited'}, {'totalQuantity': 11048, 'totalOrder': 9, 'securityId': 9171, 'symbol': 'BEDC', 'securityName': 'Bhugol Energy Development Company Limited'}, {'totalQuantity': 10951, 'totalOrder': 9, 'securityId': 9263, 'symbol': 'SANVI', 'securityName': 'Sanvi Energy Limited'}, {'totalQuantity': 10743, 'totalOrder': 8, 'securityId': 9242, 'symbol': 'SARBTM', 'securityName': 'Sarbottam Cement Limited'}, {'totalQuantity': 10607, 'totalOrder': 8, 'securityId': 8076, 'symbol': 'HHL', 'securityName': 'Himalayan Hydropower Limited'}, {'totalQuantity': 10575, 'totalOrder': 10, 'securityId': 232, 'symbol': 'GFCL', 'securityName': 'Goodwill Finance Limited'}, {'totalQuantity': 10395, 'totalOrder': 9, 'securityId': 268, 'symbol': 'SWBBL', 'securityName': 'Swabalamban Laghubitta Bittiya Sanstha Limited'}, {'totalQuantity': 10245, 'totalOrder': 8, 'securityId': 250, 'symbol': 'JFL', 'securityName': 'Janaki Finance Company Limited'}, {'totalQuantity': 9966, 'totalOrder': 11, 'securityId': 163, 'symbol': 'NUBL', 'securityName': 'Nirdhan Utthan Laghubitta Bittiya Sanstha Limited'}, {'totalQuantity': 9908, 'totalOrder': 8, 'securityId': 687, 'symbol': 'VLBS', 'securityName': 'Vijaya laghubitta Bittiya Sanstha Ltd.'}, {'totalQuantity': 9763, 'totalOrder': 13, 'securityId': 2917, 'symbol': 'CGH', 'securityName': 'Chandragiri Hills Limited'}, {'totalQuantity': 9575, 'totalOrder': 6, 'securityId': 8102, 'symbol': 'MHL', 'securityName': 'Mandakini Hydropower Limited'}, {'totalQuantity': 9557, 'totalOrder': 7, 'securityId': 559, 'symbol': 'NLG', 'securityName': 'NLG Insurance Company Ltd.'}, {'totalQuantity': 9554, 'totalOrder': 7, 'securityId': 9334, 'symbol': 'KHPL', 'securityName': 'Kalinchock Hydropower Limited'}, {'totalQuantity': 9544, 'totalOrder': 6, 'securityId': 706, 'symbol': 'SWMF', 'securityName': 'Suryodaya Womi Laghubitta Bittiya Sanstha Limited'}, {'totalQuantity': 9409, 'totalOrder': 9, 'securityId': 9308, 'symbol': 'HFIN', 'securityName': 'Hotel Forest Inn Limited'}, {'totalQuantity': 9341, 'totalOrder': 5, 'securityId': 8121, 'symbol': 'SPHL', 'securityName': 'Sayapatri Hydropower Limited'}, {'totalQuantity': 9185, 'totalOrder': 5, 'securityId': 2768, 'symbol': 'MSLB', 'securityName': 'Mahuli Laghubitta Bittiya Sanstha Limited'}, {'totalQuantity': 9161, 'totalOrder': 8, 'securityId': 2786, 'symbol': 'PMHPL', 'securityName': 'Panchakanya Mai Hydropower Ltd'}, {'totalQuantity': 9155, 'totalOrder': 6, 'securityId': 9270, 'symbol': 'HIMSTAR', 'securityName': 'Him Star Urja Company Limited'}, {'totalQuantity': 8999, 'totalOrder': 8, 'securityId': 8026, 'symbol': 'NYADI', 'securityName': 'Nyadi Hydropower Limited'}, {'totalQuantity': 8990, 'totalOrder': 8, 'securityId': 8025, 'symbol': 'SPC', 'securityName': 'Samling Power Company Limited'}, {'totalQuantity': 8893, 'totalOrder': 8, 'securityId': 172, 'symbol': 'NABBC', 'securityName': 'Narayani Development Bank Limited'}, {'totalQuantity': 8805, 'totalOrder': 13, 'securityId': 183, 'symbol': 'NIL', 'securityName': 'Neco Insurance Limited'}, {'totalQuantity': 8617, 'totalOrder': 12, 'securityId': 9175, 'symbol': 'MCHL', 'securityName': 'Menchhiyam Hydropower Limited'}, {'totalQuantity': 8584, 'totalOrder': 5, 'securityId': 9194, 'symbol': 'TSHL', 'securityName': 'Three Star Hydropower Limited'}, {'totalQuantity': 8424, 'totalOrder': 12, 'securityId': 185, 'symbol': 'SALICO', 'securityName': 'Sagarmatha Lumbini Insurance Co. Limited'}, {'totalQuantity': 8010, 'totalOrder': 5, 'securityId': 9304, 'symbol': 'CSY', 'securityName': 'Citizens Santulit Yojana'}, {'totalQuantity': 7844, 'totalOrder': 6, 'securityId': 8063, 'symbol': 'ULBSL', 'securityName': 'Upakar Laghubitta Bittiya Sanstha Limited'}, {'totalQuantity': 7805, 'totalOrder': 10, 'securityId': 9213, 'symbol': 'HATHY', 'securityName': 'Hathway Investment Nepal Limited'}, {'totalQuantity': 7730, 'totalOrder': 6, 'securityId': 8005, 'symbol': 'MKJC', 'securityName': 'Mailung Khola Jal Vidhyut Company Limited'}, {'totalQuantity': 7613, 'totalOrder': 6, 'securityId': 182, 'symbol': 'SPIL', 'securityName': 'Siddhartha Premier Insurance Limited'}, {'totalQuantity': 7338, 'totalOrder': 6, 'securityId': 9203, 'symbol': 'MEHL', 'securityName': 'Manakamana Engineering Hydropower Limited'}, {'totalQuantity': 7200, 'totalOrder': 7, 'securityId': 9290, 'symbol': 'HLICF', 'securityName': 'HLI Large Cap Fund'}, {'totalQuantity': 7138, 'totalOrder': 5, 'securityId': 705, 'symbol': 'GILB', 'securityName': 'Global IME Laghubitta Bittiya Sanstha Ltd.'}, {'totalQuantity': 6985, 'totalOrder': 5, 'securityId': 9161, 'symbol': 'ANLB', 'securityName': 'Aatmanirbhar Laghubitta Bittiya Sanstha Limited'}, {'totalQuantity': 6967, 'totalOrder': 6, 'securityId': 148, 'symbol': 'TRH', 'securityName': 'Taragaon Regency Hotel Limited'}, {'totalQuantity': 6873, 'totalOrder': 6, 'securityId': 9262, 'symbol': 'TTL', 'securityName': 'Trade Tower Limited'}, {'totalQuantity': 6840, 'totalOrder': 5, 'securityId': 9287, 'symbol': 'MABEL', 'securityName': 'Mabilung Energy Limited'}, {'totalQuantity': 6694, 'totalOrder': 8, 'securityId': 9192, 'symbol': 'USHL', 'securityName': 'Upper Syange Hydropower Limited'}, {'totalQuantity': 6565, 'totalOrder': 11, 'securityId': 4951, 'symbol': 'JBLB', 'securityName': 'Jeevan Bikas Laghubitta  Bittya Sanstha Ltd'}, {'totalQuantity': 6437, 'totalOrder': 6, 'securityId': 9250, 'symbol': 'NMIC', 'securityName': 'Nepal Micro Insurance Company Limited'}, {'totalQuantity': 6315, 'totalOrder': 6, 'securityId': 9324, 'symbol': 'RLEL', 'securityName': 'Ridge Line Energy Limited'}, {'totalQuantity': 6289, 'totalOrder': 7, 'securityId': 2774, 'symbol': 'USLB', 'securityName': 'Unnati Sahakarya Laghubitta Bittiya Sanstha Limited'}, {'totalQuantity': 6250, 'totalOrder': 6, 'securityId': 9246, 'symbol': 'GMLI', 'securityName': 'Guardian Micro Life Insurance Limited '}, {'totalQuantity': 6161, 'totalOrder': 6, 'securityId': 9183, 'symbol': 'NRM', 'securityName': 'Nepal Republic Media Limited'}, {'totalQuantity': 6035, 'totalOrder': 8, 'securityId': 704, 'symbol': 'NMBMF', 'securityName': 'NMB  Microfinance Bittiya Sanstha Ltd.'}, {'totalQuantity': 5700, 'totalOrder': 7, 'securityId': 2935, 'symbol': 'RURU', 'securityName': 'Ru Ru Jalbidhyut Pariyojana Limited'}, {'totalQuantity': 5640, 'totalOrder': 6, 'securityId': 2761, 'symbol': 'SMATA', 'securityName': 'Samata Gharelu Laghubitta Bittiya Sanstha Limited'}, {'totalQuantity': 5562, 'totalOrder': 6, 'securityId': 9167, 'symbol': 'MKHL', 'securityName': 'Mai Khola Hydropower Limited'}, {'totalQuantity': 5391, 'totalOrder': 8, 'securityId': 2746, 'symbol': 'NMFBS', 'securityName': 'National Laghubitta Bittiya Sanstha Limited'}, {'totalQuantity': 5179, 'totalOrder': 8, 'securityId': 9225, 'symbol': 'VLUCL', 'securityName': 'Vision Lumbini Urja Company Limited '}, {'totalQuantity': 5076, 'totalOrder': 6, 'securityId': 8117, 'symbol': 'AVYAN', 'securityName': 'Aviyan Laghubitta Bittiya Sanstha Limited'}, {'totalQuantity': 5022, 'totalOrder': 8, 'securityId': 371, 'symbol': 'MDB', 'securityName': 'Miteri Development Bank Limited'}, {'totalQuantity': 4978, 'totalOrder': 12, 'securityId': 9176, 'symbol': 'IHL', 'securityName': 'Ingwa Hydropower Limited'}, {'totalQuantity': 4966, 'totalOrder': 8, 'securityId': 2758, 'symbol': 'FOWAD', 'securityName': 'Forward Microfinance Laghubitta Bittiya Sanstha Limited'}, {'totalQuantity': 4843, 'totalOrder': 7, 'securityId': 9294, 'symbol': 'SAGAR', 'securityName': 'Sagar Distillery Limited'}, {'totalQuantity': 4683, 'totalOrder': 5, 'securityId': 9215, 'symbol': 'MSHL', 'securityName': 'Mid Solu Hydropower Limited'}, {'totalQuantity': 4490, 'totalOrder': 7, 'securityId': 2896, 'symbol': 'SMPDA', 'securityName': 'Sampada Laghubitta Bittiya Sanstha Limited'}, {'totalQuantity': 4475, 'totalOrder': 6, 'securityId': 9150, 'symbol': 'AHL', 'securityName': 'Asian Hydropower Limited'}, {'totalQuantity': 4360, 'totalOrder': 6, 'securityId': 179, 'symbol': 'HEI', 'securityName': 'Himalayan Everest Insurance Limited'}, {'totalQuantity': 4292, 'totalOrder': 8, 'securityId': 210, 'symbol': 'CIT', 'securityName': 'Citizen Investment Trust'}, {'totalQuantity': 4249, 'totalOrder': 7, 'securityId': 2754, 'symbol': 'DHPL', 'securityName': 'Dibyashwori Hydropower Ltd.'}, {'totalQuantity': 3979, 'totalOrder': 6, 'securityId': 601, 'symbol': 'MLBBL', 'securityName': 'Mithila LaghuBitta Bittiya Sanstha Limited'}, {'totalQuantity': 3587, 'totalOrder': 6, 'securityId': 9217, 'symbol': 'MMKJL', 'securityName': 'Mathillo Mailun Khola Jalvidhyut Limited'}, {'totalQuantity': 3452, 'totalOrder': 6, 'securityId': 9212, 'symbol': 'MANDU', 'securityName': 'Mandu Hydropower Limited'}, {'totalQuantity': 3267, 'totalOrder': 6, 'securityId': 9232, 'symbol': 'CKHL', 'securityName': 'Chirkhwa Hydropower Limited '}, {'totalQuantity': 3239, 'totalOrder': 7, 'securityId': 9230, 'symbol': 'MKCL', 'securityName': 'Muktinath Krishi Company Limited'}, {'totalQuantity': 2908, 'totalOrder': 6, 'securityId': 9256, 'symbol': 'OMPL', 'securityName': 'Om Megashree Pharmaceuticals Limited'}, {'totalQuantity': 2791, 'totalOrder': 10, 'securityId': 2790, 'symbol': 'ACLBSL', 'securityName': 'Aarambha Chautari Laghubitta Bittiya Sanstha Limited'}, {'totalQuantity': 2788, 'totalOrder': 8, 'securityId': 8123, 'symbol': 'DLBS', 'securityName': 'Dhaulagiri Laghubitta Bittiya Sanstha Limited'}, {'totalQuantity': 2765, 'totalOrder': 8, 'securityId': 9214, 'symbol': 'BGWT', 'securityName': 'Bhagawati Hydropower Development Company Limited'}, {'totalQuantity': 2636, 'totalOrder': 5, 'securityId': 2804, 'symbol': 'SLBSL', 'securityName': 'Samudayik Laghubitta Bittiya Sanstha Limited'}, {'totalQuantity': 2576, 'totalOrder': 5, 'securityId': 583, 'symbol': 'GBLBS', 'securityName': 'Grameen Bikas Laghubitta Bittiya Sanstha Ltd.'}, {'totalQuantity': 2295, 'totalOrder': 11, 'securityId': 9151, 'symbol': 'KDL', 'securityName': 'Kalinchowk Darshan Limited'}, {'totalQuantity': 2150, 'totalOrder': 5, 'securityId': 9233, 'symbol': 'NWCL', 'securityName': 'Nepal Warehousing Company Limited '}, {'totalQuantity': 1988, 'totalOrder': 6, 'securityId': 694, 'symbol': 'MATRI', 'securityName': 'Matribhumi Lagubitta Bittiya Sanstha Limited'}, {'totalQuantity': 1960, 'totalOrder': 5, 'securityId': 9140, 'symbol': 'UNLB', 'securityName': 'Unique Nepal Laghubitta Bittiya Sanstha Limited'}, {'totalQuantity': 1914, 'totalOrder': 6, 'securityId': 693, 'symbol': 'HLBSL', 'securityName': 'Himalayan Laghubitta Bittiya Sanstha Limited'}, {'totalQuantity': 1731, 'totalOrder': 5, 'securityId': 8018, 'symbol': 'MLBS', 'securityName': 'Manushi Laghubitta Bittiya Sanstha Limited'}, {'totalQuantity': 1591, 'totalOrder': 5, 'securityId': 2784, 'symbol': 'NADEP', 'securityName': 'Nadep Laghubittiya bittya Sanstha Ltd.'}, {'totalQuantity': 1426, 'totalOrder': 5, 'securityId': 9264, 'symbol': 'RBBD2088', 'securityName': '7% RBBL Debenture 2088'}, {'totalQuantity': 1420, 'totalOrder': 8, 'securityId': 8034, 'symbol': 'ENL', 'securityName': 'Emerging Nepal Limited'}, {'totalQuantity': 1366, 'totalOrder': 7, 'securityId': 618, 'symbol': 'LLBS', 'securityName': 'Laxmi Laghubitta Bittiya Sanstha Ltd.'}, {'totalQuantity': 1306, 'totalOrder': 6, 'securityId': 8065, 'symbol': 'CYCL', 'securityName': 'CYC Nepal Laghubitta Bittiya Sanstha Limited'}, {'totalQuantity': 1296, 'totalOrder': 6, 'securityId': 2815, 'symbol': 'GMFBS', 'securityName': 'Ganapati Laghubitta Bittiya Sanstha Limited'}, {'totalQuantity': 1243, 'totalOrder': 9, 'securityId': 593, 'symbol': 'KMCDB', 'securityName': 'Kalika Laghubitta Bittiya Sanstha Ltd'}, {'totalQuantity': 1140, 'totalOrder': 6, 'securityId': 9141, 'symbol': 'NIFRAUR85/86', 'securityName': 'NIFRA Uraj Rinpatra7%-2085/86'}, {'totalQuantity': 1063, 'totalOrder': 9, 'securityId': 9295, 'symbol': 'SWASTIK', 'securityName': 'Swastik Laghubitta Bittiya Sanstha Limited'}, {'totalQuantity': 1017, 'totalOrder': 6, 'securityId': 155, 'symbol': 'STC', 'securityName': 'Salt Trading Corporation'}, {'totalQuantity': 1005, 'totalOrder': 5, 'securityId': 9266, 'symbol': 'NICAD2091', 'securityName': '7% NIC ASIA Debenture 2091'}, {'totalQuantity': 992, 'totalOrder': 5, 'securityId': 2771, 'symbol': 'SMB', 'securityName': 'Support Microfinance Bittiya Sanstha Ltd.'}, {'totalQuantity': 967, 'totalOrder': 5, 'securityId': 8132, 'symbol': 'SHLB', 'securityName': 'Shrijanshil Laghubitta Bittiya Sanstha Limited'}, {'totalQuantity': 865, 'totalOrder': 6, 'securityId': 2886, 'symbol': 'ADBLD83', 'securityName': '10.35% Agricultural Bank Debenture 2083'}, {'totalQuantity': 818, 'totalOrder': 8, 'securityId': 8041, 'symbol': 'NESDO', 'securityName': 'NESDO Sambridha Laghubitta Bittiya Sanstha Limited'}, {'totalQuantity': 740, 'totalOrder': 5, 'securityId': 8110, 'symbol': 'SBID83', 'securityName': '10.25% Nepal SBI Bank Debenture 2083'}, {'totalQuantity': 689, 'totalOrder': 6, 'securityId': 2826, 'symbol': 'GLBSL', 'securityName': 'Gurans Laghubitta Bittiya Sanstha Limited'}, {'totalQuantity': 591, 'totalOrder': 7, 'securityId': 695, 'symbol': 'JSLBB', 'securityName': 'Janautthan Samudayic Laghubitta Bittya Sanstha Limited'}, {'totalQuantity': 580, 'totalOrder': 6, 'securityId': 8119, 'symbol': 'EBLD85', 'securityName': '10.50% Everest Bank Limited Debenture 2085'}, {'totalQuantity': 511, 'totalOrder': 3, 'securityId': 9261, 'symbol': 'NIFRAGED', 'securityName': 'Nifra Green Energy Debenture 6% - 2088/89'}, {'totalQuantity': 458, 'totalOrder': 5, 'securityId': 2829, 'symbol': 'SMFBS', 'securityName': 'Swabhimaan Laghubitta Bittiya Sanstha Limited'}, {'totalQuantity': 445, 'totalOrder': 5, 'securityId': 8044, 'symbol': 'EBLD86', 'securityName': 'Everest Bank Limited'}, {'totalQuantity': 445, 'totalOrder': 6, 'securityId': 8027, 'symbol': 'NBLD85', 'securityName': 'Nabil Debenture 2085'}, {'totalQuantity': 415, 'totalOrder': 5, 'securityId': 9327, 'symbol': 'ICFCD89', 'securityName': '8% ICFC Finance Limited Debenture 2089'}, {'totalQuantity': 413, 'totalOrder': 5, 'securityId': 2925, 'symbol': 'MLBSL', 'securityName': 'Mahila Lagubitta Bittiya Sanstha Limited '}, {'totalQuantity': 410, 'totalOrder': 2, 'securityId': 700, 'symbol': 'HEIP', 'securityName': 'Himalayan Everest Insurance Limited Promoter'}, {'totalQuantity': 370, 'totalOrder': 5, 'securityId': 156, 'symbol': 'BBC', 'securityName': 'Bishal Bazar Company Limited'}, {'totalQuantity': 363, 'totalOrder': 6, 'securityId': 177, 'symbol': 'RBCL', 'securityName': 'Rastriya Beema Company Limited'}, {'totalQuantity': 355, 'totalOrder': 5, 'securityId': 2892, 'symbol': 'NBLD82', 'securityName': '10% Nabil Debenture 2082'}, {'totalQuantity': 335, 'totalOrder': 5, 'securityId': 8109, 'symbol': 'SBD89', 'securityName': '10.25% Sanima Debenture 2089'}, {'totalQuantity': 330, 'totalOrder': 4, 'securityId': 8116, 'symbol': 'PBD84', 'securityName': '10.15% Prime Debenture 2084'}, {'totalQuantity': 325, 'totalOrder': 5, 'securityId': 2878, 'symbol': 'SRBLD83', 'securityName': '10.25% Sunrise Bank Debenture 2083'}, {'totalQuantity': 320, 'totalOrder': 7, 'securityId': 2885, 'symbol': 'KBLD86', 'securityName': '10.25% KBL Debenture 2086'}, {'totalQuantity': 320, 'totalOrder': 5, 'securityId': 9255, 'symbol': 'EBLD91', 'securityName': 'Everest Bank Limited Debenture 2091'}, {'totalQuantity': 300, 'totalOrder': 1, 'securityId': 2850, 'symbol': 'NMBD2085', 'securityName': '10 % NMB DEBENTURE 2085'}, {'totalQuantity': 300, 'totalOrder': 5, 'securityId': 2912, 'symbol': 'SBLD84', 'securityName': '8.5% SBL Debenture 2084'}, {'totalQuantity': 300, 'totalOrder': 5, 'securityId': 8098, 'symbol': 'SBLD89', 'securityName': '10.75% SBL Debenture 2089'}, {'totalQuantity': 285, 'totalOrder': 5, 'securityId': 4948, 'symbol': 'KSBBLD87', 'securityName': '9% Kamana Sewa Bikas Bank Limited Debenture 2087'}, {'totalQuantity': 276, 'totalOrder': 5, 'securityId': 9299, 'symbol': 'NABILD2089', 'securityName': '7% Nabil Debenture 2089'}, {'totalQuantity': 273, 'totalOrder': 7, 'securityId': 2781, 'symbol': 'WNLB', 'securityName': 'Wean Nepal Laghubitta Bittiya Sanstha Limited'}, {'totalQuantity': 271, 'totalOrder': 5, 'securityId': 9286, 'symbol': 'SHINED', 'securityName': 'Shine Resunga Debenture'}, {'totalQuantity': 238, 'totalOrder': 5, 'securityId': 4969, 'symbol': 'MND84/85', 'securityName': 'Muktinath Debenture 2084/85'}, {'totalQuantity': 232, 'totalOrder': 5, 'securityId': 2922, 'symbol': 'SBD87', 'securityName': '8.5% Sanima Debenture 2087'}, {'totalQuantity': 230, 'totalOrder': 5, 'securityId': 2931, 'symbol': 'NIBD84', 'securityName': '8.5% Nepal Investment Bank Debenture 2084'}, {'totalQuantity': 226, 'totalOrder': 3, 'securityId': 9289, 'symbol': 'SBID2090', 'securityName': '7% Nepal SBI Bank Debenture 2090'}, {'totalQuantity': 221, 'totalOrder': 4, 'securityId': 9197, 'symbol': 'LBBLD89', 'securityName': '11% L.B.B.L. Debenture 2089'}, {'totalQuantity': 221, 'totalOrder': 5, 'securityId': 634, 'symbol': 'RBCLPO', 'securityName': 'Rastriya Beema Company Limited Promoter Share'}, {'totalQuantity': 200, 'totalOrder': 4, 'securityId': 9231, 'symbol': 'CIZBD90', 'securityName': '10% Citizens Bank Debenture 2090'}, {'totalQuantity': 200, 'totalOrder': 2, 'securityId': 9249, 'symbol': 'ICFCD88', 'securityName': '9% ICFC Finance Limited Debenture 2088'}, {'totalQuantity': 191, 'totalOrder': 5, 'securityId': 4959, 'symbol': 'NBLD87', 'securityName': '8.5% Nepal Bank Debenture 2087'}, {'totalQuantity': 190, 'totalOrder': 4, 'securityId': 4962, 'symbol': 'PBLD87', 'securityName': '8.5% Prabhu Bank Debenture 2087'}, {'totalQuantity': 185, 'totalOrder': 5, 'securityId': 8068, 'symbol': 'CCBD88', 'securityName': 'Century Debenture 2088'}, {'totalQuantity': 185, 'totalOrder': 2, 'securityId': 2825, 'symbol': 'NICAD85/86', 'securityName': '10% NIC Asia Debenture 2085/86'}, {'totalQuantity': 181, 'totalOrder': 5, 'securityId': 9136, 'symbol': 'BOKD86KA', 'securityName': 'BOK Debenture 2086 ""KA""'}, {'totalQuantity': 176, 'totalOrder': 7, 'securityId': 213, 'symbol': 'BNT', 'securityName': 'Bottlers Nepal (Terai) Limited'}, {'totalQuantity': 175, 'totalOrder': 5, 'securityId': 2904, 'symbol': 'PBLD84', 'securityName': '10% Prabhu Bank Debenture 2084 '}, {'totalQuantity': 175, 'totalOrder': 3, 'securityId': 2868, 'symbol': 'NICD83/84', 'securityName': '10.25% NIC Asia Debenture 2083/84'}, {'totalQuantity': 160, 'totalOrder': 5, 'securityId': 8033, 'symbol': 'GBBD85', 'securityName': 'Garima Debenture, 2085'}, {'totalQuantity': 155, 'totalOrder': 4, 'securityId': 8003, 'symbol': 'RBBD83', 'securityName': '8.5% RBBL Debenture 2083'}, {'totalQuantity': 150, 'totalOrder': 3, 'securityId': 2873, 'symbol': 'HBLD83', 'securityName': '10% Himalayan Bank Debenture 2083'}, {'totalQuantity': 150, 'totalOrder': 2, 'securityId': 9177, 'symbol': 'SCBD', 'securityName': '10.30% Standard Chartered Bank Limited Debenture'}, {'totalQuantity': 150, 'totalOrder': 4, 'securityId': 9271, 'symbol': 'SBLD2091', 'securityName': '7.25% SBL Debenture 2091'}, {'totalQuantity': 141, 'totalOrder': 5, 'securityId': 9168, 'symbol': 'GBILD84/85', 'securityName': 'Global IME Bank Debenture, 2084/85'}, {'totalQuantity': 125, 'totalOrder': 2, 'securityId': 9195, 'symbol': 'MLBLD89', 'securityName': '11% Mahalaxmi Debenture 2089'}, {'totalQuantity': 125, 'totalOrder': 5, 'securityId': 8097, 'symbol': 'PBD88', 'securityName': '10% Prime Debenture 2088'}, {'totalQuantity': 100, 'totalOrder': 2, 'securityId': 4963, 'symbol': 'NMBD87/88', 'securityName': 'NMB Debenture 8.50% - 2087/88'}, {'totalQuantity': 76, 'totalOrder': 4, 'securityId': 5984, 'symbol': 'LBLD88', 'securityName': '8.5% Laxmi Bank Debenture 2088'}, {'totalQuantity': 75, 'totalOrder': 3, 'securityId': 8020, 'symbol': 'JBBD87', 'securityName': 'Jyoti Bikash Bank Bond 2087'}, {'totalQuantity': 65, 'totalOrder': 3, 'securityId': 6984, 'symbol': 'PBD85', 'securityName': '8.75 % Prime Debenture 2085'}, {'totalQuantity': 50, 'totalOrder': 5, 'securityId': 219, 'symbol': 'UNL', 'securityName': 'Unilever Nepal Limited'}, {'totalQuantity': 30, 'totalOrder': 3, 'securityId': 195, 'symbol': 'BNL', 'securityName': 'Bottlers Nepal (Balaju) Limited'}, {'totalQuantity': 25, 'totalOrder': 1, 'securityId': 2936, 'symbol': 'NCCD86', 'securityName': '9.5% NCC Debenture 2086'}, {'totalQuantity': 25, 'totalOrder': 1, 'securityId': 2889, 'symbol': 'CIZBD86', 'securityName': '10.25% Citizens Bank Debenture 2086'}, {'totalQuantity': 25, 'totalOrder': 1, 'securityId': 9243, 'symbol': 'NIMBD90', 'securityName': '10% NIMB Debenture 2090'}, {'totalQuantity': 8, 'totalOrder': 1, 'securityId': 2879, 'symbol': 'LBLD86', 'securityName': '10% Laxmi Bank Debenture 2086'}, {'totalQuantity': 2, 'totalOrder': 1, 'securityId': 2883, 'symbol': 'GWFD83', 'securityName': '12 % Goodwill Finance Limited Debenture 2083'}, {'totalQuantity': 1, 'totalOrder': 1, 'securityId': 8043, 'symbol': 'CBLD88', 'securityName': 'Civil Bank Debenture 2088'}]",7,"price_volume, live_market, summary, top_gainers, top_losers, nepse_index, supply_demand",5517
