collection_timestamp,collection_time_npt,data_source,record_id,market_open,collection_method,market_schedule,securityid,securityname,symbol,indexid,totaltradequantity,lasttradedprice,percentagechange,previousclose,closeprice,openprice,highprice,lowprice,totaltradevalue,lastupdateddatetime,lasttradedvolume,averagetradedprice,total_turnover_rs:,total_traded_shares,total_transactions,total_scrips_traded,ltp,cp,pointchange,sensitive_float_index,float_index,sensitive_index,nepse_index,supplylist,demandlist,total_endpoints_collected,endpoints_collected,github_run_number
2026-08-21T12:34:03.915619+05:45,2026-08-21 12:34:03,price_volume,price_volume_1,True,cloud_automated,Friday - Trading Hours: 11:00 AM - 1:00 PM NPT,2790,Aarambha Chautari Laghubitta Bittiya Sanstha Limited,ACLBSL,58.0,229.0,895.8,-1.452145215,909.0,,,,,,,,,,,,,,,,,,,,,,7,"price_volume, live_market, summary, top_gainers, top_losers, nepse_index, supply_demand",5656
2026-08-21T12:34:03.915619+05:45,2026-08-21 12:34:03,price_volume,price_volume_2,True,cloud_automated,Friday - Trading Hours: 11:00 AM - 1:00 PM NPT,397,Agricultural Development Bank Limited,ADBL,58.0,9192.0,300.0,-0.033322226,300.1,,,,,,,,,,,,,,,,,,,,,,7,"price_volume, live_market, summary, top_gainers, top_losers, nepse_index, supply_demand",5656
2026-08-21T12:34:03.915619+05:45,2026-08-21 12:34:03,price_volume,price_volume_3,True,cloud_automated,Friday - Trading Hours: 11:00 AM - 1:00 PM NPT,9150,Asian Hydropower Limited,AHL,58.0,1435.0,400.0,-0.249376559,401.0,,,,,,,,,,,,,,,,,,,,,,7,"price_volume, live_market, summary, top_gainers, top_losers, nepse_index, supply_demand",5656
2026-08-21T12:34:03.915619+05:45,2026-08-21 12:34:03,price_volume,price_volume_4,True,cloud_automated,Friday - Trading Hours: 11:00 AM - 1:00 PM NPT,360,Arun Valley Hydropower Development Co. Ltd.,AHPC,58.0,17793.0,261.5,0.383877159,260.5,,,,,,,,,,,,,,,,,,,,,,7,"price_volume, live_market, summary, top_gainers, top_losers, nepse_index, supply_demand",5656
2026-08-21T12:34:03.915619+05:45,2026-08-21 12:34:03,price_volume,price_volume_5,True,cloud_automated,Friday - Trading Hours: 11:00 AM - 1:00 PM NPT,2788,Ankhu Khola Jalvidhyut Company Ltd,AKJCL,58.0,58136.0,355.0,0.0,355.0,,,,,,,,,,,,,,,,,,,,,,7,"price_volume, live_market, summary, top_gainers, top_losers, nepse_index, supply_demand",5656
2026-08-21T12:34:03.915619+05:45,2026-08-21 12:34:03,price_volume,price_volume_6,True,cloud_automated,Friday - Trading Hours: 11:00 AM - 1:00 PM NPT,2757,Arun Kabeli Power Ltd.,AKPL,58.0,3722.0,250.5,0.280224179,249.8,,,,,,,,,,,,,,,,,,,,,,7,"price_volume, live_market, summary, top_gainers, top_losers, nepse_index, supply_demand",5656
2026-08-21T12:34:03.915619+05:45,2026-08-21 12:34:03,price_volume,price_volume_7,True,cloud_automated,Friday - Trading Hours: 11:00 AM - 1:00 PM NPT,2807,Asha Laghubitta Bittiya Sanstha Ltd,ALBSL,58.0,1898.0,1082.0,-2.081447964,1105.0,,,,,,,,,,,,,,,,,,,,,,7,"price_volume, live_market, summary, top_gainers, top_losers, nepse_index, supply_demand",5656
2026-08-21T12:34:03.915619+05:45,2026-08-21 12:34:03,price_volume,price_volume_8,True,cloud_automated,Friday - Trading Hours: 11:00 AM - 1:00 PM NPT,385,Asian Life Insurance Co. Limited,ALICL,58.0,2051.0,419.4,-0.11907597,419.9,,,,,,,,,,,,,,,,,,,,,,7,"price_volume, live_market, summary, top_gainers, top_losers, nepse_index, supply_demand",5656
2026-08-21T12:34:03.915619+05:45,2026-08-21 12:34:03,price_volume,price_volume_9,True,cloud_automated,Friday - Trading Hours: 11:00 AM - 1:00 PM NPT,9161,Aatmanirbhar Laghubitta Bittiya Sanstha Limited,ANLB,58.0,220.0,5005.0,-2.588555858,5138.0,,,,,,,,,,,,,,,,,,,,,,7,"price_volume, live_market, summary, top_gainers, top_losers, nepse_index, supply_demand",5656
2026-08-21T12:34:03.915619+05:45,2026-08-21 12:34:03,price_volume,price_volume_10,True,cloud_automated,Friday - Trading Hours: 11:00 AM - 1:00 PM NPT,9337,Appolo Hydropower Limited,APHL,58.0,2448.0,745.1,-0.653333333,750.0,,,,,,,,,,,,,,,,,,,,,,7,"price_volume, live_market, summary, top_gainers, top_losers, nepse_index, supply_demand",5656
2026-08-21T12:34:03.915619+05:45,2026-08-21 12:34:03,price_volume,price_volume_11,True,cloud_automated,Friday - Trading Hours: 11:00 AM - 1:00 PM NPT,697,Api Power Company Ltd.,API,58.0,51923.0,336.0,0.178890877,335.4,,,,,,,,,,,,,,,,,,,,,,7,"price_volume, live_market, summary, top_gainers, top_losers, nepse_index, supply_demand",5656
2026-08-21T12:34:03.915619+05:45,2026-08-21 12:34:03,price_volume,price_volume_12,True,cloud_automated,Friday - Trading Hours: 11:00 AM - 1:00 PM NPT,8117,Aviyan Laghubitta Bittiya Sanstha Limited,AVYAN,58.0,1604.0,1066.0,3.094777563,1034.0,,,,,,,,,,,,,,,,,,,,,,7,"price_volume, live_market, summary, top_gainers, top_losers, nepse_index, supply_demand",5656
2026-08-21T12:34:03.915619+05:45,2026-08-21 12:34:03,price_volume,price_volume_13,True,cloud_automated,Friday - Trading Hours: 11:00 AM - 1:00 PM NPT,9297,Bandipur Cablecar and Tourism Limited,BANDIPUR,58.0,7641.0,682.3,0.293987946,680.3,,,,,,,,,,,,,,,,,,,,,,7,"price_volume, live_market, summary, top_gainers, top_losers, nepse_index, supply_demand",5656
2026-08-21T12:34:03.915619+05:45,2026-08-21 12:34:03,price_volume,price_volume_14,True,cloud_automated,Friday - Trading Hours: 11:00 AM - 1:00 PM NPT,686,Barun Hydropower Co. Ltd.,BARUN,58.0,27534.0,323.9,2.176656151,317.0,,,,,,,,,,,,,,,,,,,,,,7,"price_volume, live_market, summary, top_gainers, top_losers, nepse_index, supply_demand",5656
2026-08-21T12:34:03.915619+05:45,2026-08-21 12:34:03,price_volume,price_volume_15,True,cloud_automated,Friday - Trading Hours: 11:00 AM - 1:00 PM NPT,156,Bishal Bazar Company Limited,BBC,58.0,30.0,4170.0,0.968523002,4130.0,,,,,,,,,,,,,,,,,,,,,,7,"price_volume, live_market, summary, top_gainers, top_losers, nepse_index, supply_demand",5656
2026-08-21T12:34:03.915619+05:45,2026-08-21 12:34:03,price_volume,price_volume_16,True,cloud_automated,Friday - Trading Hours: 11:00 AM - 1:00 PM NPT,9171,Bhugol Energy Development Company Limited,BEDC,58.0,2743.0,309.0,0.651465798,307.0,,,,,,,,,,,,,,,,,,,,,,7,"price_volume, live_market, summary, top_gainers, top_losers, nepse_index, supply_demand",5656
2026-08-21T12:34:03.915619+05:45,2026-08-21 12:34:03,price_volume,price_volume_17,True,cloud_automated,Friday - Trading Hours: 11:00 AM - 1:00 PM NPT,227,Best Finance Company Ltd.,BFC,58.0,1740.0,482.0,0.0,482.0,,,,,,,,,,,,,,,,,,,,,,7,"price_volume, live_market, summary, top_gainers, top_losers, nepse_index, supply_demand",5656
2026-08-21T12:34:03.915619+05:45,2026-08-21 12:34:03,price_volume,price_volume_18,True,cloud_automated,Friday - Trading Hours: 11:00 AM - 1:00 PM NPT,9214,Bhagawati Hydropower Development Company Limited,BGWT,58.0,242.0,510.2,-1.884615385,520.0,,,,,,,,,,,,,,,,,,,,,,7,"price_volume, live_market, summary, top_gainers, top_losers, nepse_index, supply_demand",5656
2026-08-21T12:34:03.915619+05:45,2026-08-21 12:34:03,price_volume,price_volume_19,True,cloud_automated,Friday - Trading Hours: 11:00 AM - 1:00 PM NPT,9267,Bikash Hydropower Company Limited,BHCL,58.0,23045.0,551.5,-1.500267905,559.9,,,,,,,,,,,,,,,,,,,,,,7,"price_volume, live_market, summary, top_gainers, top_losers, nepse_index, supply_demand",5656
2026-08-21T12:34:03.915619+05:45,2026-08-21 12:34:03,price_volume,price_volume_20,True,cloud_automated,Friday - Trading Hours: 11:00 AM - 1:00 PM NPT,8075,Bindhyabasini Hydropower Development Company Limited,BHDC,58.0,4141.0,434.0,0.0,434.0,,,,,,,,,,,,,,,,,,,,,,7,"price_volume, live_market, summary, top_gainers, top_losers, nepse_index, supply_demand",5656
2026-08-21T12:34:03.915619+05:45,2026-08-21 12:34:03,price_volume,price_volume_21,True,cloud_automated,Friday - Trading Hours: 11:00 AM - 1:00 PM NPT,8055,Balephi Hydropower Limited,BHL,58.0,13161.0,209.0,0.480769231,208.0,,,,,,,,,,,,,,,,,,,,,,7,"price_volume, live_market, summary, top_gainers, top_losers, nepse_index, supply_demand",5656
2026-08-21T12:34:03.915619+05:45,2026-08-21 12:34:03,price_volume,price_volume_22,True,cloud_automated,Friday - Trading Hours: 11:00 AM - 1:00 PM NPT,9135,Barahi Hydropower Public Limited,BHPL,58.0,840.0,479.0,2.328562273,468.1,,,,,,,,,,,,,,,,,,,,,,7,"price_volume, live_market, summary, top_gainers, top_losers, nepse_index, supply_demand",5656
2026-08-21T12:34:03.915619+05:45,2026-08-21 12:34:03,price_volume,price_volume_23,True,cloud_automated,Friday - Trading Hours: 11:00 AM - 1:00 PM NPT,9322,Bhujung Hydropower Limited,BJHL,58.0,5939.0,728.0,0.552486188,724.0,,,,,,,,,,,,,,,,,,,,,,7,"price_volume, live_market, summary, top_gainers, top_losers, nepse_index, supply_demand",5656
2026-08-21T12:34:03.915619+05:45,2026-08-21 12:34:03,price_volume,price_volume_24,True,cloud_automated,Friday - Trading Hours: 11:00 AM - 1:00 PM NPT,8032,Buddha Bhumi Nepal Hydropower Company Limited,BNHC,58.0,3040.0,279.0,-0.285918513,279.8,,,,,,,,,,,,,,,,,,,,,,7,"price_volume, live_market, summary, top_gainers, top_losers, nepse_index, supply_demand",5656
2026-08-21T12:34:03.915619+05:45,2026-08-21 12:34:03,price_volume,price_volume_25,True,cloud_automated,Friday - Trading Hours: 11:00 AM - 1:00 PM NPT,195,Bottlers Nepal (Balaju) Limited,BNL,58.0,10.0,14500.0,-2.684563758,14900.0,,,,,,,,,,,,,,,,,,,,,,7,"price_volume, live_market, summary, top_gainers, top_losers, nepse_index, supply_demand",5656
2026-08-21T12:34:03.915619+05:45,2026-08-21 12:34:03,price_volume,price_volume_26,True,cloud_automated,Friday - Trading Hours: 11:00 AM - 1:00 PM NPT,153,Butwal Power Company Limited,BPCL,58.0,33606.0,658.6,0.549618321,655.0,,,,,,,,,,,,,,,,,,,,,,7,"price_volume, live_market, summary, top_gainers, top_losers, nepse_index, supply_demand",5656
2026-08-21T12:34:03.915619+05:45,2026-08-21 12:34:03,price_volume,price_volume_27,True,cloud_automated,Friday - Trading Hours: 11:00 AM - 1:00 PM NPT,9296,Bungal Hydro Limited,BUNGAL,58.0,2981.0,586.6,-0.238095238,588.0,,,,,,,,,,,,,,,,,,,,,,7,"price_volume, live_market, summary, top_gainers, top_losers, nepse_index, supply_demand",5656
2026-08-21T12:34:03.915619+05:45,2026-08-21 12:34:03,price_volume,price_volume_28,True,cloud_automated,Friday - Trading Hours: 11:00 AM - 1:00 PM NPT,164,Chhimek Laghubitta Bittiya Sanstha Limited,CBBL,58.0,2307.0,938.0,-0.106496273,939.0,,,,,,,,,,,,,,,,,,,,,,7,"price_volume, live_market, summary, top_gainers, top_losers, nepse_index, supply_demand",5656
2026-08-21T12:34:03.915619+05:45,2026-08-21 12:34:03,price_volume,price_volume_29,True,cloud_automated,Friday - Trading Hours: 11:00 AM - 1:00 PM NPT,245,Central Finance Co. Ltd.,CFCL,58.0,7883.0,599.5,1.592950347,590.1,,,,,,,,,,,,,,,,,,,,,,7,"price_volume, live_market, summary, top_gainers, top_losers, nepse_index, supply_demand",5656
2026-08-21T12:34:03.915619+05:45,2026-08-21 12:34:03,price_volume,price_volume_30,True,cloud_automated,Friday - Trading Hours: 11:00 AM - 1:00 PM NPT,2917,Chandragiri Hills Limited,CGH,58.0,2100.0,780.0,1.167315175,771.0,,,,,,,,,,,,,,,,,,,,,,7,"price_volume, live_market, summary, top_gainers, top_losers, nepse_index, supply_demand",5656
2026-08-21T12:34:03.915619+05:45,2026-08-21 12:34:03,price_volume,price_volume_31,True,cloud_automated,Friday - Trading Hours: 11:00 AM - 1:00 PM NPT,154,Chilime Hydropower Company Limited,CHCL,58.0,16174.0,493.5,2.004960728,483.8,,,,,,,,,,,,,,,,,,,,,,7,"price_volume, live_market, summary, top_gainers, top_losers, nepse_index, supply_demand",5656
2026-08-21T12:34:03.915619+05:45,2026-08-21 12:34:03,price_volume,price_volume_32,True,cloud_automated,Friday - Trading Hours: 11:00 AM - 1:00 PM NPT,3946,CEDB Holdings Limited,CHDC,58.0,1578.0,2214.9,0.407996736,2205.9,,,,,,,,,,,,,,,,,,,,,,7,"price_volume, live_market, summary, top_gainers, top_losers, nepse_index, supply_demand",5656
2026-08-21T12:34:03.915619+05:45,2026-08-21 12:34:03,price_volume,price_volume_33,True,cloud_automated,Friday - Trading Hours: 11:00 AM - 1:00 PM NPT,2766,Chhyangdi Hydropower Ltd.,CHL,58.0,458.0,269.9,0.708955224,268.0,,,,,,,,,,,,,,,,,,,,,,7,"price_volume, live_market, summary, top_gainers, top_losers, nepse_index, supply_demand",5656
2026-08-21T12:34:03.915619+05:45,2026-08-21 12:34:03,price_volume,price_volume_34,True,cloud_automated,Friday - Trading Hours: 11:00 AM - 1:00 PM NPT,210,Citizen Investment Trust,CIT,58.0,904.0,1697.0,0.1179941,1695.0,,,,,,,,,,,,,,,,,,,,,,7,"price_volume, live_market, summary, top_gainers, top_losers, nepse_index, supply_demand",5656
2026-08-21T12:34:03.915619+05:45,2026-08-21 12:34:03,price_volume,price_volume_35,True,cloud_automated,Friday - Trading Hours: 11:00 AM - 1:00 PM NPT,9173,City Hotel Limited,CITY,58.0,7557.0,360.0,0.840336134,357.0,,,,,,,,,,,,,,,,,,,,,,7,"price_volume, live_market, summary, top_gainers, top_losers, nepse_index, supply_demand",5656
2026-08-21T12:34:03.915619+05:45,2026-08-21 12:34:03,price_volume,price_volume_36,True,cloud_automated,Friday - Trading Hours: 11:00 AM - 1:00 PM NPT,9232,Chirkhwa Hydropower Limited ,CKHL,58.0,1410.0,578.0,-1.700680272,588.0,,,,,,,,,,,,,,,,,,,,,,7,"price_volume, live_market, summary, top_gainers, top_losers, nepse_index, supply_demand",5656
2026-08-21T12:34:03.915619+05:45,2026-08-21 12:34:03,price_volume,price_volume_37,True,cloud_automated,Friday - Trading Hours: 11:00 AM - 1:00 PM NPT,9209,Citizen Life Insurance Company Limited,CLI,58.0,3058.0,433.0,-1.590909091,440.0,,,,,,,,,,,,,,,,,,,,,,7,"price_volume, live_market, summary, top_gainers, top_losers, nepse_index, supply_demand",5656
2026-08-21T12:34:03.915619+05:45,2026-08-21 12:34:03,price_volume,price_volume_38,True,cloud_automated,Friday - Trading Hours: 11:00 AM - 1:00 PM NPT,450,Corporate Development Bank Limited,CORBL,58.0,3059.0,990.0,-0.402414487,994.0,,,,,,,,,,,,,,,,,,,,,,7,"price_volume, live_market, summary, top_gainers, top_losers, nepse_index, supply_demand",5656
2026-08-21T12:34:03.915619+05:45,2026-08-21 12:34:03,price_volume,price_volume_39,True,cloud_automated,Friday - Trading Hours: 11:00 AM - 1:00 PM NPT,9252,Crest Micro Life Insurance Limited,CREST,58.0,1090.0,1130.0,-1.223776224,1144.0,,,,,,,,,,,,,,,,,,,,,,7,"price_volume, live_market, summary, top_gainers, top_losers, nepse_index, supply_demand",5656
2026-08-21T12:34:03.915619+05:45,2026-08-21 12:34:03,price_volume,price_volume_40,True,cloud_automated,Friday - Trading Hours: 11:00 AM - 1:00 PM NPT,8065,CYC Nepal Laghubitta Bittiya Sanstha Limited,CYCL,58.0,11258.0,1455.0,0.0,1455.0,,,,,,,,,,,,,,,,,,,,,,7,"price_volume, live_market, summary, top_gainers, top_losers, nepse_index, supply_demand",5656
2026-08-21T12:34:03.915619+05:45,2026-08-21 12:34:03,price_volume,price_volume_41,True,cloud_automated,Friday - Trading Hours: 11:00 AM - 1:00 PM NPT,348,Citizens Bank International Limited,CZBIL,58.0,10918.0,199.0,-1.338621715,201.7,,,,,,,,,,,,,,,,,,,,,,7,"price_volume, live_market, summary, top_gainers, top_losers, nepse_index, supply_demand",5656
2026-08-21T12:34:03.915619+05:45,2026-08-21 12:34:03,price_volume,price_volume_42,True,cloud_automated,Friday - Trading Hours: 11:00 AM - 1:00 PM NPT,166,Deprosc Laghubitta Bittiya Sanstha Limited,DDBL,58.0,1134.0,846.0,-0.458877515,849.9,,,,,,,,,,,,,,,,,,,,,,7,"price_volume, live_market, summary, top_gainers, top_losers, nepse_index, supply_demand",5656
2026-08-21T12:34:03.915619+05:45,2026-08-21 12:34:03,price_volume,price_volume_43,True,cloud_automated,Friday - Trading Hours: 11:00 AM - 1:00 PM NPT,9293,Daramkhola Hydro Energy Limited,DHEL,58.0,1157.0,589.9,0.837606838,585.0,,,,,,,,,,,,,,,,,,,,,,7,"price_volume, live_market, summary, top_gainers, top_losers, nepse_index, supply_demand",5656
2026-08-21T12:34:03.915619+05:45,2026-08-21 12:34:03,price_volume,price_volume_44,True,cloud_automated,Friday - Trading Hours: 11:00 AM - 1:00 PM NPT,8123,Dhaulagiri Laghubitta Bittiya Sanstha Limited,DLBS,58.0,354.0,1055.2,-2.656826568,1084.0,,,,,,,,,,,,,,,,,,,,,,7,"price_volume, live_market, summary, top_gainers, top_losers, nepse_index, supply_demand",5656
2026-08-21T12:34:03.915619+05:45,2026-08-21 12:34:03,price_volume,price_volume_45,True,cloud_automated,Friday - Trading Hours: 11:00 AM - 1:00 PM NPT,9170,Dolti Power Company Limited,DOLTI,58.0,7151.0,309.0,0.032372936,308.9,,,,,,,,,,,,,,,,,,,,,,7,"price_volume, live_market, summary, top_gainers, top_losers, nepse_index, supply_demand",5656
2026-08-21T12:34:03.915619+05:45,2026-08-21 12:34:03,price_volume,price_volume_46,True,cloud_automated,Friday - Trading Hours: 11:00 AM - 1:00 PM NPT,8070,Dordi Khola Jal Bidyut Company Limited,DORDI,58.0,8036.0,249.4,0.16064257,249.0,,,,,,,,,,,,,,,,,,,,,,7,"price_volume, live_market, summary, top_gainers, top_losers, nepse_index, supply_demand",5656
2026-08-21T12:34:03.915619+05:45,2026-08-21 12:34:03,price_volume,price_volume_47,True,cloud_automated,Friday - Trading Hours: 11:00 AM - 1:00 PM NPT,137,Everest Bank Limited,EBL,58.0,6176.0,735.7,0.108858348,734.9,,,,,,,,,,,,,,,,,,,,,,7,"price_volume, live_market, summary, top_gainers, top_losers, nepse_index, supply_demand",5656
2026-08-21T12:34:03.915619+05:45,2026-08-21 12:34:03,price_volume,price_volume_48,True,cloud_automated,Friday - Trading Hours: 11:00 AM - 1:00 PM NPT,9347,Everest Colour Limited,ECL,58.0,2180.0,1440.0,-0.826446281,1452.0,,,,,,,,,,,,,,,,,,,,,,7,"price_volume, live_market, summary, top_gainers, top_losers, nepse_index, supply_demand",5656
2026-08-21T12:34:03.915619+05:45,2026-08-21 12:34:03,price_volume,price_volume_49,True,cloud_automated,Friday - Trading Hours: 11:00 AM - 1:00 PM NPT,274,Excel Development Bank Ltd.,EDBL,58.0,241.0,586.9,0.531003768,583.8,,,,,,,,,,,,,,,,,,,,,,7,"price_volume, live_market, summary, top_gainers, top_losers, nepse_index, supply_demand",5656
2026-08-21T12:34:03.915619+05:45,2026-08-21 12:34:03,price_volume,price_volume_50,True,cloud_automated,Friday - Trading Hours: 11:00 AM - 1:00 PM NPT,8131,Eastern Hydropower Limited,EHPL,58.0,667.0,333.9,0.27027027,333.0,,,,,,,,,,,,,,,,,,,,,,7,"price_volume, live_market, summary, top_gainers, top_losers, nepse_index, supply_demand",5656
2026-08-21T12:34:03.915619+05:45,2026-08-21 12:34:03,price_volume,price_volume_51,True,cloud_automated,Friday - Trading Hours: 11:00 AM - 1:00 PM NPT,8034,Emerging Nepal Limited,ENL,58.0,275.0,840.0,2.626756261,818.5,,,,,,,,,,,,,,,,,,,,,,7,"price_volume, live_market, summary, top_gainers, top_losers, nepse_index, supply_demand",5656
2026-08-21T12:34:03.915619+05:45,2026-08-21 12:34:03,price_volume,price_volume_52,True,cloud_automated,Friday - Trading Hours: 11:00 AM - 1:00 PM NPT,490,First Micro Finance Laghubitta Bittiya Sanstha Limited,FMDBL,58.0,380.0,767.1,-0.234100663,768.9,,,,,,,,,,,,,,,,,,,,,,7,"price_volume, live_market, summary, top_gainers, top_losers, nepse_index, supply_demand",5656
2026-08-21T12:34:03.915619+05:45,2026-08-21 12:34:03,price_volume,price_volume_53,True,cloud_automated,Friday - Trading Hours: 11:00 AM - 1:00 PM NPT,2758,Forward Microfinance Laghubitta Bittiya Sanstha Limited,FOWAD,58.0,648.0,910.0,-0.546448087,915.0,,,,,,,,,,,,,,,,,,,,,,7,"price_volume, live_market, summary, top_gainers, top_losers, nepse_index, supply_demand",5656
2026-08-21T12:34:03.915619+05:45,2026-08-21 12:34:03,price_volume,price_volume_54,True,cloud_automated,Friday - Trading Hours: 11:00 AM - 1:00 PM NPT,417,Garima Bikas Bank Limited,GBBL,58.0,2692.0,423.0,-0.118063754,423.5,,,,,,,,,,,,,,,,,,,,,,7,"price_volume, live_market, summary, top_gainers, top_losers, nepse_index, supply_demand",5656
2026-08-21T12:34:03.915619+05:45,2026-08-21 12:34:03,price_volume,price_volume_55,True,cloud_automated,Friday - Trading Hours: 11:00 AM - 1:00 PM NPT,341,Global IME Bank Limited,GBIME,58.0,36945.0,248.0,0.202020202,247.5,,,,,,,,,,,,,,,,,,,,,,7,"price_volume, live_market, summary, top_gainers, top_losers, nepse_index, supply_demand",5656
2026-08-21T12:34:03.915619+05:45,2026-08-21 12:34:03,price_volume,price_volume_56,True,cloud_automated,Friday - Trading Hours: 11:00 AM - 1:00 PM NPT,583,Grameen Bikas Laghubitta Bittiya Sanstha Ltd.,GBLBS,58.0,2379.0,684.0,-2.005730659,698.0,,,,,,,,,,,,,,,,,,,,,,7,"price_volume, live_market, summary, top_gainers, top_losers, nepse_index, supply_demand",5656
2026-08-21T12:34:03.915619+05:45,2026-08-21 12:34:03,price_volume,price_volume_57,True,cloud_automated,Friday - Trading Hours: 11:00 AM - 1:00 PM NPT,9193,Ghorahi Cement Industry Limited,GCIL,58.0,2599.0,342.0,-0.840823427,344.9,,,,,,,,,,,,,,,,,,,,,,7,"price_volume, live_market, summary, top_gainers, top_losers, nepse_index, supply_demand",5656
2026-08-21T12:34:03.915619+05:45,2026-08-21 12:34:03,price_volume,price_volume_58,True,cloud_automated,Friday - Trading Hours: 11:00 AM - 1:00 PM NPT,232,Goodwill Finance Limited,GFCL,58.0,581.0,593.0,-0.134725497,593.8,,,,,,,,,,,,,,,,,,,,,,7,"price_volume, live_market, summary, top_gainers, top_losers, nepse_index, supply_demand",5656
2026-08-21T12:34:03.915619+05:45,2026-08-21 12:34:03,price_volume,price_volume_59,True,cloud_automated,Friday - Trading Hours: 11:00 AM - 1:00 PM NPT,2806,Ghalemdi Hydro Limited,GHL,58.0,38633.0,233.0,-0.808854832,234.9,,,,,,,,,,,,,,,,,,,,,,7,"price_volume, live_market, summary, top_gainers, top_losers, nepse_index, supply_demand",5656
2026-08-21T12:34:03.915619+05:45,2026-08-21 12:34:03,price_volume,price_volume_60,True,cloud_automated,Friday - Trading Hours: 11:00 AM - 1:00 PM NPT,705,Global IME Laghubitta Bittiya Sanstha Ltd.,GILB,58.0,105.0,1110.0,0.909090909,1100.0,,,,,,,,,,,,,,,,,,,,,,7,"price_volume, live_market, summary, top_gainers, top_losers, nepse_index, supply_demand",5656
2026-08-21T12:34:03.915619+05:45,2026-08-21 12:34:03,price_volume,price_volume_61,True,cloud_automated,Friday - Trading Hours: 11:00 AM - 1:00 PM NPT,2826,Gurans Laghubitta Bittiya Sanstha Limited,GLBSL,58.0,150.0,1715.0,0.292397661,1710.0,,,,,,,,,,,,,,,,,,,,,,7,"price_volume, live_market, summary, top_gainers, top_losers, nepse_index, supply_demand",5656
2026-08-21T12:34:03.915619+05:45,2026-08-21 12:34:03,price_volume,price_volume_62,True,cloud_automated,Friday - Trading Hours: 11:00 AM - 1:00 PM NPT,2924,GreenLife Hydropower Limited,GLH,58.0,6152.0,258.0,1.176470588,255.0,,,,,,,,,,,,,,,,,,,,,,7,"price_volume, live_market, summary, top_gainers, top_losers, nepse_index, supply_demand",5656
2026-08-21T12:34:03.915619+05:45,2026-08-21 12:34:03,price_volume,price_volume_63,True,cloud_automated,Friday - Trading Hours: 11:00 AM - 1:00 PM NPT,2815,Ganapati Laghubitta Bittiya Sanstha Limited,GMFBS,58.0,120.0,1144.6,-1.751072961,1165.0,,,,,,,,,,,,,,,,,,,,,,7,"price_volume, live_market, summary, top_gainers, top_losers, nepse_index, supply_demand",5656
2026-08-21T12:34:03.915619+05:45,2026-08-21 12:34:03,price_volume,price_volume_64,True,cloud_automated,Friday - Trading Hours: 11:00 AM - 1:00 PM NPT,263,Guheshowori Merchant Bank & Finance Co. Ltd.,GMFIL,58.0,146.0,443.3,0.75,440.0,,,,,,,,,,,,,,,,,,,,,,7,"price_volume, live_market, summary, top_gainers, top_losers, nepse_index, supply_demand",5656
2026-08-21T12:34:03.915619+05:45,2026-08-21 12:34:03,price_volume,price_volume_65,True,cloud_automated,Friday - Trading Hours: 11:00 AM - 1:00 PM NPT,9246,Guardian Micro Life Insurance Limited ,GMLI,58.0,470.0,1015.0,-0.98526973,1025.1,,,,,,,,,,,,,,,,,,,,,,7,"price_volume, live_market, summary, top_gainers, top_losers, nepse_index, supply_demand",5656
2026-08-21T12:34:03.915619+05:45,2026-08-21 12:34:03,price_volume,price_volume_66,True,cloud_automated,Friday - Trading Hours: 11:00 AM - 1:00 PM NPT,2744,Green Development Bank Ltd.,GRDBL,58.0,4065.0,965.0,-1.480347116,979.5,,,,,,,,,,,,,,,,,,,,,,7,"price_volume, live_market, summary, top_gainers, top_losers, nepse_index, supply_demand",5656
2026-08-21T12:34:03.915619+05:45,2026-08-21 12:34:03,price_volume,price_volume_67,True,cloud_automated,Friday - Trading Hours: 11:00 AM - 1:00 PM NPT,204,Gurkhas Finance Ltd.,GUFL,58.0,1180.0,537.7,0.504672897,535.0,,,,,,,,,,,,,,,,,,,,,,7,"price_volume, live_market, summary, top_gainers, top_losers, nepse_index, supply_demand",5656
2026-08-21T12:34:03.915619+05:45,2026-08-21 12:34:03,price_volume,price_volume_68,True,cloud_automated,Friday - Trading Hours: 11:00 AM - 1:00 PM NPT,8045,Green Ventures Limited,GVL,58.0,11747.0,490.0,1.596516691,482.3,,,,,,,,,,,,,,,,,,,,,,7,"price_volume, live_market, summary, top_gainers, top_losers, nepse_index, supply_demand",5656
2026-08-21T12:34:03.915619+05:45,2026-08-21 12:34:03,price_volume,price_volume_69,True,cloud_automated,Friday - Trading Hours: 11:00 AM - 1:00 PM NPT,9213,Hathway Investment Nepal Limited,HATHY,58.0,3994.0,580.0,-0.17211704,581.0,,,,,,,,,,,,,,,,,,,,,,7,"price_volume, live_market, summary, top_gainers, top_losers, nepse_index, supply_demand",5656
2026-08-21T12:34:03.915619+05:45,2026-08-21 12:34:03,price_volume,price_volume_70,True,cloud_automated,Friday - Trading Hours: 11:00 AM - 1:00 PM NPT,134,Himalayan Bank Limited,HBL,58.0,18601.0,190.5,-0.470219436,191.4,,,,,,,,,,,,,,,,,,,,,,7,"price_volume, live_market, summary, top_gainers, top_losers, nepse_index, supply_demand",5656
2026-08-21T12:34:03.915619+05:45,2026-08-21 12:34:03,price_volume,price_volume_71,True,cloud_automated,Friday - Trading Hours: 11:00 AM - 1:00 PM NPT,2880,Himal Dolakha Hydropower Company Limited,HDHPC,58.0,14043.0,209.0,0.0,209.0,,,,,,,,,,,,,,,,,,,,,,7,"price_volume, live_market, summary, top_gainers, top_losers, nepse_index, supply_demand",5656
2026-08-21T12:34:03.915619+05:45,2026-08-21 12:34:03,price_volume,price_volume_72,True,cloud_automated,Friday - Trading Hours: 11:00 AM - 1:00 PM NPT,235,Himalayan Distillery Limited,HDL,58.0,2338.0,1177.0,0.0,1177.0,,,,,,,,,,,,,,,,,,,,,,7,"price_volume, live_market, summary, top_gainers, top_losers, nepse_index, supply_demand",5656
2026-08-21T12:34:03.915619+05:45,2026-08-21 12:34:03,price_volume,price_volume_73,True,cloud_automated,Friday - Trading Hours: 11:00 AM - 1:00 PM NPT,179,Himalayan Everest Insurance Limited,HEI,58.0,60.0,530.0,0.189035917,529.0,,,,,,,,,,,,,,,,,,,,,,7,"price_volume, live_market, summary, top_gainers, top_losers, nepse_index, supply_demand",5656
2026-08-21T12:34:03.915619+05:45,2026-08-21 12:34:03,price_volume,price_volume_74,True,cloud_automated,Friday - Trading Hours: 11:00 AM - 1:00 PM NPT,9308,Hotel Forest Inn Limited,HFIN,58.0,22226.0,660.0,-2.077151335,674.0,,,,,,,,,,,,,,,,,,,,,,7,"price_volume, live_market, summary, top_gainers, top_losers, nepse_index, supply_demand",5656
2026-08-21T12:34:03.915619+05:45,2026-08-21 12:34:03,price_volume,price_volume_75,True,cloud_automated,Friday - Trading Hours: 11:00 AM - 1:00 PM NPT,8076,Himalayan Hydropower Limited,HHL,58.0,3902.0,329.0,-0.030385901,329.1,,,,,,,,,,,,,,,,,,,,,,7,"price_volume, live_market, summary, top_gainers, top_losers, nepse_index, supply_demand",5656
2026-08-21T12:34:03.915619+05:45,2026-08-21 12:34:03,price_volume,price_volume_76,True,cloud_automated,Friday - Trading Hours: 11:00 AM - 1:00 PM NPT,2742,Hydorelectricity Investment and Development Company Ltd,HIDCL,58.0,2553.0,251.0,-1.10323089,253.8,,,,,,,,,,,,,,,,,,,,,,7,"price_volume, live_market, summary, top_gainers, top_losers, nepse_index, supply_demand",5656
2026-08-21T12:34:03.915619+05:45,2026-08-21 12:34:03,price_volume,price_volume_77,True,cloud_automated,Friday - Trading Hours: 11:00 AM - 1:00 PM NPT,9270,Him Star Urja Company Limited,HIMSTAR,58.0,250.0,681.5,-1.045447945,688.7,,,,,,,,,,,,,,,,,,,,,,7,"price_volume, live_market, summary, top_gainers, top_losers, nepse_index, supply_demand",5656
2026-08-21T12:34:03.915619+05:45,2026-08-21 12:34:03,price_volume,price_volume_78,True,cloud_automated,Friday - Trading Hours: 11:00 AM - 1:00 PM NPT,693,Himalayan Laghubitta Bittiya Sanstha Limited,HLBSL,58.0,80.0,865.0,-1.029748284,874.0,,,,,,,,,,,,,,,,,,,,,,7,"price_volume, live_market, summary, top_gainers, top_losers, nepse_index, supply_demand",5656
2026-08-21T12:34:03.915619+05:45,2026-08-21 12:34:03,price_volume,price_volume_79,True,cloud_automated,Friday - Trading Hours: 11:00 AM - 1:00 PM NPT,393,Himalayan Life Insurance Limited,HLI,58.0,4493.0,314.4,-0.506329114,316.0,,,,,,,,,,,,,,,,,,,,,,7,"price_volume, live_market, summary, top_gainers, top_losers, nepse_index, supply_demand",5656
2026-08-21T12:34:03.915619+05:45,2026-08-21 12:34:03,price_volume,price_volume_80,True,cloud_automated,Friday - Trading Hours: 11:00 AM - 1:00 PM NPT,2767,Himalayan Power Partner Ltd.,HPPL,58.0,29149.0,383.5,1.107302926,379.3,,,,,,,,,,,,,,,,,,,,,,7,"price_volume, live_market, summary, top_gainers, top_losers, nepse_index, supply_demand",5656
2026-08-21T12:34:03.915619+05:45,2026-08-21 12:34:03,price_volume,price_volume_81,True,cloud_automated,Friday - Trading Hours: 11:00 AM - 1:00 PM NPT,9234,Himalayan Reinsurance Limited,HRL,58.0,7296.0,568.2,-0.315789474,570.0,,,,,,,,,,,,,,,,,,,,,,7,"price_volume, live_market, summary, top_gainers, top_losers, nepse_index, supply_demand",5656
2026-08-21T12:34:03.915619+05:45,2026-08-21 12:34:03,price_volume,price_volume_82,True,cloud_automated,Friday - Trading Hours: 11:00 AM - 1:00 PM NPT,2824,Himalaya Urja Bikas Company Limited,HURJA,58.0,3907.0,240.0,0.882723834,237.9,,,,,,,,,,,,,,,,,,,,,,7,"price_volume, live_market, summary, top_gainers, top_losers, nepse_index, supply_demand",5656
2026-08-21T12:34:03.915619+05:45,2026-08-21 12:34:03,price_volume,price_volume_83,True,cloud_automated,Friday - Trading Hours: 11:00 AM - 1:00 PM NPT,273,ICFC Finance Limited,ICFC,58.0,1385.0,591.0,-1.005025126,597.0,,,,,,,,,,,,,,,,,,,,,,7,"price_volume, live_market, summary, top_gainers, top_losers, nepse_index, supply_demand",5656
2026-08-21T12:34:03.915619+05:45,2026-08-21 12:34:03,price_volume,price_volume_84,True,cloud_automated,Friday - Trading Hours: 11:00 AM - 1:00 PM NPT,186,IGI Prudential insurance Limited,IGI,58.0,1377.0,424.0,0.355029586,422.5,,,,,,,,,,,,,,,,,,,,,,7,"price_volume, live_market, summary, top_gainers, top_losers, nepse_index, supply_demand",5656
2026-08-21T12:34:03.915619+05:45,2026-08-21 12:34:03,price_volume,price_volume_85,True,cloud_automated,Friday - Trading Hours: 11:00 AM - 1:00 PM NPT,9176,Ingwa Hydropower Limited,IHL,58.0,660.0,325.1,-0.27607362,326.0,,,,,,,,,,,,,,,,,,,,,,7,"price_volume, live_market, summary, top_gainers, top_losers, nepse_index, supply_demand",5656
2026-08-21T12:34:03.915619+05:45,2026-08-21 12:34:03,price_volume,price_volume_86,True,cloud_automated,Friday - Trading Hours: 11:00 AM - 1:00 PM NPT,2832,Infinity Laghubitta Bittiya Sanstha Limited,ILBS,58.0,562.0,850.0,-1.162790698,860.0,,,,,,,,,,,,,,,,,,,,,,7,"price_volume, live_market, summary, top_gainers, top_losers, nepse_index, supply_demand",5656
2026-08-21T12:34:03.915619+05:45,2026-08-21 12:34:03,price_volume,price_volume_87,True,cloud_automated,Friday - Trading Hours: 11:00 AM - 1:00 PM NPT,9184,IME Life Insurance Company Limited,ILI,58.0,848.0,413.0,-0.481927711,415.0,,,,,,,,,,,,,,,,,,,,,,7,"price_volume, live_market, summary, top_gainers, top_losers, nepse_index, supply_demand",5656
2026-08-21T12:34:03.915619+05:45,2026-08-21 12:34:03,price_volume,price_volume_88,True,cloud_automated,Friday - Trading Hours: 11:00 AM - 1:00 PM NPT,418,Jyoti Bikas Bank Limited,JBBL,58.0,8835.0,336.0,0.598802395,334.0,,,,,,,,,,,,,,,,,,,,,,7,"price_volume, live_market, summary, top_gainers, top_losers, nepse_index, supply_demand",5656
2026-08-21T12:34:03.915619+05:45,2026-08-21 12:34:03,price_volume,price_volume_89,True,cloud_automated,Friday - Trading Hours: 11:00 AM - 1:00 PM NPT,4951,Jeevan Bikas Laghubitta  Bittya Sanstha Ltd,JBLB,58.0,1170.0,1262.0,-0.166126098,1264.1,,,,,,,,,,,,,,,,,,,,,,7,"price_volume, live_market, summary, top_gainers, top_losers, nepse_index, supply_demand",5656
2026-08-21T12:34:03.915619+05:45,2026-08-21 12:34:03,price_volume,price_volume_90,True,cloud_automated,Friday - Trading Hours: 11:00 AM - 1:00 PM NPT,250,Janaki Finance Company Limited,JFL,58.0,200.0,380.0,-0.262467192,381.0,,,,,,,,,,,,,,,,,,,,,,7,"price_volume, live_market, summary, top_gainers, top_losers, nepse_index, supply_demand",5656
2026-08-21T12:34:03.915619+05:45,2026-08-21 12:34:03,price_volume,price_volume_91,True,cloud_automated,Friday - Trading Hours: 11:00 AM - 1:00 PM NPT,9300,Jhapa Energy Limited,JHAPA,58.0,204.0,1038.0,-0.192307692,1040.0,,,,,,,,,,,,,,,,,,,,,,7,"price_volume, live_market, summary, top_gainers, top_losers, nepse_index, supply_demand",5656
2026-08-21T12:34:03.915619+05:45,2026-08-21 12:34:03,price_volume,price_volume_92,True,cloud_automated,Friday - Trading Hours: 11:00 AM - 1:00 PM NPT,2789,Joshi Hydropower Development Company Ltd,JOSHI,58.0,7121.0,265.0,-1.008591707,267.7,,,,,,,,,,,,,,,,,,,,,,7,"price_volume, live_market, summary, top_gainers, top_losers, nepse_index, supply_demand",5656
2026-08-21T12:34:03.915619+05:45,2026-08-21 12:34:03,price_volume,price_volume_93,True,cloud_automated,Friday - Trading Hours: 11:00 AM - 1:00 PM NPT,695,Janautthan Samudayic Laghubitta Bittya Sanstha Limited,JSLBB,58.0,242.0,940.0,-2.982763959,968.9,,,,,,,,,,,,,,,,,,,,,,7,"price_volume, live_market, summary, top_gainers, top_losers, nepse_index, supply_demand",5656
2026-08-21T12:34:03.915619+05:45,2026-08-21 12:34:03,price_volume,price_volume_94,True,cloud_automated,Friday - Trading Hours: 11:00 AM - 1:00 PM NPT,9346,Kalanga Hydro Limited,KAHL,58.0,6649.0,539.0,-0.185185185,540.0,,,,,,,,,,,,,,,,,,,,,,7,"price_volume, live_market, summary, top_gainers, top_losers, nepse_index, supply_demand",5656
2026-08-21T12:34:03.915619+05:45,2026-08-21 12:34:03,price_volume,price_volume_95,True,cloud_automated,Friday - Trading Hours: 11:00 AM - 1:00 PM NPT,142,Kumari Bank Limited,KBL,58.0,17176.0,216.0,0.232018561,215.5,,,,,,,,,,,,,,,,,,,,,,7,"price_volume, live_market, summary, top_gainers, top_losers, nepse_index, supply_demand",5656
2026-08-21T12:34:03.915619+05:45,2026-08-21 12:34:03,price_volume,price_volume_96,True,cloud_automated,Friday - Trading Hours: 11:00 AM - 1:00 PM NPT,9196,Kutheli Bukhari Small Hydropower Limited,KBSH,58.0,1937.0,934.0,-0.479488546,938.5,,,,,,,,,,,,,,,,,,,,,,7,"price_volume, live_market, summary, top_gainers, top_losers, nepse_index, supply_demand",5656
2026-08-21T12:34:03.915619+05:45,2026-08-21 12:34:03,price_volume,price_volume_97,True,cloud_automated,Friday - Trading Hours: 11:00 AM - 1:00 PM NPT,9151,Kalinchowk Darshan Limited,KDL,58.0,1274.0,762.0,-0.261780105,764.0,,,,,,,,,,,,,,,,,,,,,,7,"price_volume, live_market, summary, top_gainers, top_losers, nepse_index, supply_demand",5656
2026-08-21T12:34:03.915619+05:45,2026-08-21 12:34:03,price_volume,price_volume_98,True,cloud_automated,Friday - Trading Hours: 11:00 AM - 1:00 PM NPT,9334,Kalinchock Hydropower Limited,KHPL,58.0,750.0,782.0,-0.382165605,785.0,,,,,,,,,,,,,,,,,,,,,,7,"price_volume, live_market, summary, top_gainers, top_losers, nepse_index, supply_demand",5656
2026-08-21T12:34:03.915619+05:45,2026-08-21 12:34:03,price_volume,price_volume_99,True,cloud_automated,Friday - Trading Hours: 11:00 AM - 1:00 PM NPT,2751,Khanikhola Hydropower Co. Ltd.,KKHC,58.0,44006.0,281.1,0.824964132,278.8,,,,,,,,,,,,,,,,,,,,,,7,"price_volume, live_market, summary, top_gainers, top_losers, nepse_index, supply_demand",5656
2026-08-21T12:34:03.915619+05:45,2026-08-21 12:34:03,price_volume,price_volume_100,True,cloud_automated,Friday - Trading Hours: 11:00 AM - 1:00 PM NPT,593,Kalika Laghubitta Bittiya Sanstha Ltd,KMCDB,58.0,287.0,775.1,-0.628205128,780.0,,,,,,,,,,,,,,,,,,,,,,7,"price_volume, live_market, summary, top_gainers, top_losers, nepse_index, supply_demand",5656
2026-08-21T12:34:03.915619+05:45,2026-08-21 12:34:03,price_volume,price_volume_101,True,cloud_automated,Friday - Trading Hours: 11:00 AM - 1:00 PM NPT,2787,Kalika power Company Ltd,KPCL,58.0,970.0,474.5,1.824034335,466.0,,,,,,,,,,,,,,,,,,,,,,7,"price_volume, live_market, summary, top_gainers, top_losers, nepse_index, supply_demand",5656
2026-08-21T12:34:03.915619+05:45,2026-08-21 12:34:03,price_volume,price_volume_102,True,cloud_automated,Friday - Trading Hours: 11:00 AM - 1:00 PM NPT,459,Kamana Sewa Bikas Bank Limited,KSBBL,58.0,3068.0,478.6,-0.291666667,480.0,,,,,,,,,,,,,,,,,,,,,,7,"price_volume, live_market, summary, top_gainers, top_losers, nepse_index, supply_demand",5656
2026-08-21T12:34:03.915619+05:45,2026-08-21 12:34:03,price_volume,price_volume_103,True,cloud_automated,Friday - Trading Hours: 11:00 AM - 1:00 PM NPT,358,Lumbini Bikas Bank Ltd.,LBBL,58.0,2430.0,480.2,0.041666667,480.0,,,,,,,,,,,,,,,,,,,,,,7,"price_volume, live_market, summary, top_gainers, top_losers, nepse_index, supply_demand",5656
2026-08-21T12:34:03.915619+05:45,2026-08-21 12:34:03,price_volume,price_volume_104,True,cloud_automated,Friday - Trading Hours: 11:00 AM - 1:00 PM NPT,2903,Liberty Energy Company Limited,LEC,58.0,81416.0,220.6,-0.49616599,221.7,,,,,,,,,,,,,,,,,,,,,,7,"price_volume, live_market, summary, top_gainers, top_losers, nepse_index, supply_demand",5656
2026-08-21T12:34:03.915619+05:45,2026-08-21 12:34:03,price_volume,price_volume_105,True,cloud_automated,Friday - Trading Hours: 11:00 AM - 1:00 PM NPT,188,Life Insurance Corporation (Nepal) Limited,LICN,58.0,562.0,769.0,0.0,769.0,,,,,,,,,,,,,,,,,,,,,,7,"price_volume, live_market, summary, top_gainers, top_losers, nepse_index, supply_demand",5656
2026-08-21T12:34:03.915619+05:45,2026-08-21 12:34:03,price_volume,price_volume_106,True,cloud_automated,Friday - Trading Hours: 11:00 AM - 1:00 PM NPT,618,Laxmi Laghubitta Bittiya Sanstha Ltd.,LLBS,58.0,54.0,875.0,0.92272203,867.0,,,,,,,,,,,,,,,,,,,,,,7,"price_volume, live_market, summary, top_gainers, top_losers, nepse_index, supply_demand",5656
2026-08-21T12:34:03.915619+05:45,2026-08-21 12:34:03,price_volume,price_volume_107,True,cloud_automated,Friday - Trading Hours: 11:00 AM - 1:00 PM NPT,141,Laxmi Sunrise Bank Limited,LSL,58.0,11909.0,220.0,0.319197446,219.3,,,,,,,,,,,,,,,,,,,,,,7,"price_volume, live_market, summary, top_gainers, top_losers, nepse_index, supply_demand",5656
2026-08-21T12:34:03.915619+05:45,2026-08-21 12:34:03,price_volume,price_volume_108,True,cloud_automated,Friday - Trading Hours: 11:00 AM - 1:00 PM NPT,9287,Mabilung Energy Limited,MABEL,58.0,780.0,604.0,-0.576131687,607.5,,,,,,,,,,,,,,,,,,,,,,7,"price_volume, live_market, summary, top_gainers, top_losers, nepse_index, supply_demand",5656
2026-08-21T12:34:03.915619+05:45,2026-08-21 12:34:03,price_volume,price_volume_109,True,cloud_automated,Friday - Trading Hours: 11:00 AM - 1:00 PM NPT,9166,Makar Jitumaya Suri Hydropower Limited,MAKAR,58.0,1590.0,418.3,-0.404761905,420.0,,,,,,,,,,,,,,,,,,,,,,7,"price_volume, live_market, summary, top_gainers, top_losers, nepse_index, supply_demand",5656
2026-08-21T12:34:03.915619+05:45,2026-08-21 12:34:03,price_volume,price_volume_110,True,cloud_automated,Friday - Trading Hours: 11:00 AM - 1:00 PM NPT,9212,Mandu Hydropower Limited,MANDU,58.0,2627.0,762.0,-0.214760882,763.64,,,,,,,,,,,,,,,,,,,,,,7,"price_volume, live_market, summary, top_gainers, top_losers, nepse_index, supply_demand",5656
2026-08-21T12:34:03.915619+05:45,2026-08-21 12:34:03,price_volume,price_volume_111,True,cloud_automated,Friday - Trading Hours: 11:00 AM - 1:00 PM NPT,694,Matribhumi Lagubitta Bittiya Sanstha Limited,MATRI,58.0,41.0,790.0,-1.863354037,805.0,,,,,,,,,,,,,,,,,,,,,,7,"price_volume, live_market, summary, top_gainers, top_losers, nepse_index, supply_demand",5656
2026-08-21T12:34:03.915619+05:45,2026-08-21 12:34:03,price_volume,price_volume_112,True,cloud_automated,Friday - Trading Hours: 11:00 AM - 1:00 PM NPT,8031,Madhya Bhotekoshi Jalavidyut Company Limited,MBJC,58.0,2991.0,263.0,-0.378787879,264.0,,,,,,,,,,,,,,,,,,,,,,7,"price_volume, live_market, summary, top_gainers, top_losers, nepse_index, supply_demand",5656
2026-08-21T12:34:03.915619+05:45,2026-08-21 12:34:03,price_volume,price_volume_113,True,cloud_automated,Friday - Trading Hours: 11:00 AM - 1:00 PM NPT,140,Machhapuchhre Bank Limited,MBL,58.0,2819.0,249.9,-0.438247012,251.0,,,,,,,,,,,,,,,,,,,,,,7,"price_volume, live_market, summary, top_gainers, top_losers, nepse_index, supply_demand",5656
2026-08-21T12:34:03.915619+05:45,2026-08-21 12:34:03,price_volume,price_volume_114,True,cloud_automated,Friday - Trading Hours: 11:00 AM - 1:00 PM NPT,9175,Menchhiyam Hydropower Limited,MCHL,58.0,862.0,275.0,-1.785714286,280.0,,,,,,,,,,,,,,,,,,,,,,7,"price_volume, live_market, summary, top_gainers, top_losers, nepse_index, supply_demand",5656
2026-08-21T12:34:03.915619+05:45,2026-08-21 12:34:03,price_volume,price_volume_115,True,cloud_automated,Friday - Trading Hours: 11:00 AM - 1:00 PM NPT,371,Miteri Development Bank Limited,MDB,58.0,34.0,567.0,0.141292829,566.2,,,,,,,,,,,,,,,,,,,,,,7,"price_volume, live_market, summary, top_gainers, top_losers, nepse_index, supply_demand",5656
2026-08-21T12:34:03.915619+05:45,2026-08-21 12:34:03,price_volume,price_volume_116,True,cloud_automated,Friday - Trading Hours: 11:00 AM - 1:00 PM NPT,9203,Manakamana Engineering Hydropower Limited,MEHL,58.0,66351.0,246.9,-1.24,250.0,,,,,,,,,,,,,,,,,,,,,,7,"price_volume, live_market, summary, top_gainers, top_losers, nepse_index, supply_demand",5656
2026-08-21T12:34:03.915619+05:45,2026-08-21 12:34:03,price_volume,price_volume_117,True,cloud_automated,Friday - Trading Hours: 11:00 AM - 1:00 PM NPT,9179,Modi Energy Limited,MEL,58.0,2615.0,203.6,-0.682926829,205.0,,,,,,,,,,,,,,,,,,,,,,7,"price_volume, live_market, summary, top_gainers, top_losers, nepse_index, supply_demand",5656
2026-08-21T12:34:03.915619+05:45,2026-08-21 12:34:03,price_volume,price_volume_118,True,cloud_automated,Friday - Trading Hours: 11:00 AM - 1:00 PM NPT,2913,Mountain Energy Nepal Limited,MEN,58.0,77513.0,641.2,0.34428795,639.0,,,,,,,,,,,,,,,,,,,,,,7,"price_volume, live_market, summary, top_gainers, top_losers, nepse_index, supply_demand",5656
2026-08-21T12:34:03.915619+05:45,2026-08-21 12:34:03,price_volume,price_volume_119,True,cloud_automated,Friday - Trading Hours: 11:00 AM - 1:00 PM NPT,9352,Mount Everest Power Development Limited,MEPDL,58.0,77320.0,781.0,-2.081243731,797.6,,,,,,,,,,,,,,,,,,,,,,7,"price_volume, live_market, summary, top_gainers, top_losers, nepse_index, supply_demand",5656
2026-08-21T12:34:03.915619+05:45,2026-08-21 12:34:03,price_volume,price_volume_120,True,cloud_automated,Friday - Trading Hours: 11:00 AM - 1:00 PM NPT,1741,Mero Microfinance Bittiya Sanstha Ltd.,MERO,58.0,667.0,640.0,-0.233826968,641.5,,,,,,,,,,,,,,,,,,,,,,7,"price_volume, live_market, summary, top_gainers, top_losers, nepse_index, supply_demand",5656
2026-08-21T12:34:03.915619+05:45,2026-08-21 12:34:03,price_volume,price_volume_121,True,cloud_automated,Friday - Trading Hours: 11:00 AM - 1:00 PM NPT,516,Manjushree Finance Ltd.,MFIL,58.0,816.0,750.4,0.213675214,748.8,,,,,,,,,,,,,,,,,,,,,,7,"price_volume, live_market, summary, top_gainers, top_losers, nepse_index, supply_demand",5656
2026-08-21T12:34:03.915619+05:45,2026-08-21 12:34:03,price_volume,price_volume_122,True,cloud_automated,Friday - Trading Hours: 11:00 AM - 1:00 PM NPT,9158,Molung Hydropower Company Limited,MHCL,58.0,110.0,300.0,-1.022764764,303.1,,,,,,,,,,,,,,,,,,,,,,7,"price_volume, live_market, summary, top_gainers, top_losers, nepse_index, supply_demand",5656
2026-08-21T12:34:03.915619+05:45,2026-08-21 12:34:03,price_volume,price_volume_123,True,cloud_automated,Friday - Trading Hours: 11:00 AM - 1:00 PM NPT,8102,Mandakini Hydropower Limited,MHL,58.0,1074.0,460.5,-1.602564103,468.0,,,,,,,,,,,,,,,,,,,,,,7,"price_volume, live_market, summary, top_gainers, top_losers, nepse_index, supply_demand",5656
2026-08-21T12:34:03.915619+05:45,2026-08-21 12:34:03,price_volume,price_volume_124,True,cloud_automated,Friday - Trading Hours: 11:00 AM - 1:00 PM NPT,2811,Mountain Hydro Nepal Limited,MHNL,58.0,5276.0,244.0,-0.245298446,244.6,,,,,,,,,,,,,,,,,,,,,,7,"price_volume, live_market, summary, top_gainers, top_losers, nepse_index, supply_demand",5656
2026-08-21T12:34:03.915619+05:45,2026-08-21 12:34:03,price_volume,price_volume_125,True,cloud_automated,Friday - Trading Hours: 11:00 AM - 1:00 PM NPT,9230,Muktinath Krishi Company Limited,MKCL,58.0,872.0,950.0,-1.041666667,960.0,,,,,,,,,,,,,,,,,,,,,,7,"price_volume, live_market, summary, top_gainers, top_losers, nepse_index, supply_demand",5656
2026-08-21T12:34:03.915619+05:45,2026-08-21 12:34:03,price_volume,price_volume_126,True,cloud_automated,Friday - Trading Hours: 11:00 AM - 1:00 PM NPT,9149,Maya Khola Hydropower Company Limited,MKHC,58.0,12917.0,257.8,-1.188194711,260.9,,,,,,,,,,,,,,,,,,,,,,7,"price_volume, live_market, summary, top_gainers, top_losers, nepse_index, supply_demand",5656
2026-08-21T12:34:03.915619+05:45,2026-08-21 12:34:03,price_volume,price_volume_127,True,cloud_automated,Friday - Trading Hours: 11:00 AM - 1:00 PM NPT,9167,Mai Khola Hydropower Limited,MKHL,58.0,1235.0,495.0,0.182149362,494.1,,,,,,,,,,,,,,,,,,,,,,7,"price_volume, live_market, summary, top_gainers, top_losers, nepse_index, supply_demand",5656
2026-08-21T12:34:03.915619+05:45,2026-08-21 12:34:03,price_volume,price_volume_128,True,cloud_automated,Friday - Trading Hours: 11:00 AM - 1:00 PM NPT,8005,Mailung Khola Jal Vidhyut Company Limited,MKJC,58.0,1799.0,428.0,-0.971772328,432.2,,,,,,,,,,,,,,,,,,,,,,7,"price_volume, live_market, summary, top_gainers, top_losers, nepse_index, supply_demand",5656
2026-08-21T12:34:03.915619+05:45,2026-08-21 12:34:03,price_volume,price_volume_129,True,cloud_automated,Friday - Trading Hours: 11:00 AM - 1:00 PM NPT,601,Mithila LaghuBitta Bittiya Sanstha Limited,MLBBL,58.0,1348.0,1000.0,-2.912621359,1030.0,,,,,,,,,,,,,,,,,,,,,,7,"price_volume, live_market, summary, top_gainers, top_losers, nepse_index, supply_demand",5656
2026-08-21T12:34:03.915619+05:45,2026-08-21 12:34:03,price_volume,price_volume_130,True,cloud_automated,Friday - Trading Hours: 11:00 AM - 1:00 PM NPT,401,Mahalaxmi Bikas Bank Ltd.,MLBL,58.0,718.0,349.0,0.0,349.0,,,,,,,,,,,,,,,,,,,,,,7,"price_volume, live_market, summary, top_gainers, top_losers, nepse_index, supply_demand",5656
2026-08-21T12:34:03.915619+05:45,2026-08-21 12:34:03,price_volume,price_volume_131,True,cloud_automated,Friday - Trading Hours: 11:00 AM - 1:00 PM NPT,8018,Manushi Laghubitta Bittiya Sanstha Limited,MLBS,58.0,10.0,1081.5,3.0,1050.0,,,,,,,,,,,,,,,,,,,,,,7,"price_volume, live_market, summary, top_gainers, top_losers, nepse_index, supply_demand",5656
2026-08-21T12:34:03.915619+05:45,2026-08-21 12:34:03,price_volume,price_volume_132,True,cloud_automated,Friday - Trading Hours: 11:00 AM - 1:00 PM NPT,2925,Mahila Lagubitta Bittiya Sanstha Limited ,MLBSL,58.0,151.0,1201.0,-1.54930732,1219.9,,,,,,,,,,,,,,,,,,,,,,7,"price_volume, live_market, summary, top_gainers, top_losers, nepse_index, supply_demand",5656
2026-08-21T12:34:03.915619+05:45,2026-08-21 12:34:03,price_volume,price_volume_133,True,cloud_automated,Friday - Trading Hours: 11:00 AM - 1:00 PM NPT,9217,Mathillo Mailun Khola Jalvidhyut Limited,MMKJL,58.0,610.0,440.0,0.227790433,439.0,,,,,,,,,,,,,,,,,,,,,,7,"price_volume, live_market, summary, top_gainers, top_losers, nepse_index, supply_demand",5656
2026-08-21T12:34:03.915619+05:45,2026-08-21 12:34:03,price_volume,price_volume_134,True,cloud_automated,Friday - Trading Hours: 11:00 AM - 1:00 PM NPT,474,Muktinath Bikas Bank Ltd.,MNBBL,58.0,4343.0,361.9,0.527777778,360.0,,,,,,,,,,,,,,,,,,,,,,7,"price_volume, live_market, summary, top_gainers, top_losers, nepse_index, supply_demand",5656
2026-08-21T12:34:03.915619+05:45,2026-08-21 12:34:03,price_volume,price_volume_135,True,cloud_automated,Friday - Trading Hours: 11:00 AM - 1:00 PM NPT,471,Multipurpose Finance Company  Limited,MPFL,58.0,50.0,620.9,1.123778502,614.0,,,,,,,,,,,,,,,,,,,,,,7,"price_volume, live_market, summary, top_gainers, top_losers, nepse_index, supply_demand",5656
2026-08-21T12:34:03.915619+05:45,2026-08-21 12:34:03,price_volume,price_volume_136,True,cloud_automated,Friday - Trading Hours: 11:00 AM - 1:00 PM NPT,9215,Mid Solu Hydropower Limited,MSHL,58.0,146.0,600.0,2.214650767,587.0,,,,,,,,,,,,,,,,,,,,,,7,"price_volume, live_market, summary, top_gainers, top_losers, nepse_index, supply_demand",5656
2026-08-21T12:34:03.915619+05:45,2026-08-21 12:34:03,price_volume,price_volume_137,True,cloud_automated,Friday - Trading Hours: 11:00 AM - 1:00 PM NPT,2768,Mahuli Laghubitta Bittiya Sanstha Limited,MSLB,58.0,18.0,1235.0,-0.234267711,1237.9,,,,,,,,,,,,,,,,,,,,,,7,"price_volume, live_market, summary, top_gainers, top_losers, nepse_index, supply_demand",5656
2026-08-21T12:34:03.915619+05:45,2026-08-21 12:34:03,price_volume,price_volume_138,True,cloud_automated,Friday - Trading Hours: 11:00 AM - 1:00 PM NPT,172,Narayani Development Bank Limited,NABBC,58.0,7545.0,806.0,0.236289019,804.1,,,,,,,,,,,,,,,,,,,,,,7,"price_volume, live_market, summary, top_gainers, top_losers, nepse_index, supply_demand",5656
2026-08-21T12:34:03.915619+05:45,2026-08-21 12:34:03,price_volume,price_volume_139,True,cloud_automated,Friday - Trading Hours: 11:00 AM - 1:00 PM NPT,131,Nabil Bank Limited,NABIL,58.0,7031.0,549.0,0.091157703,548.5,,,,,,,,,,,,,,,,,,,,,,7,"price_volume, live_market, summary, top_gainers, top_losers, nepse_index, supply_demand",5656
2026-08-21T12:34:03.915619+05:45,2026-08-21 12:34:03,price_volume,price_volume_140,True,cloud_automated,Friday - Trading Hours: 11:00 AM - 1:00 PM NPT,2784,Nadep Laghubittiya bittya Sanstha Ltd.,NADEP,58.0,50.0,715.0,0.846262341,709.0,,,,,,,,,,,,,,,,,,,,,,7,"price_volume, live_market, summary, top_gainers, top_losers, nepse_index, supply_demand",5656
2026-08-21T12:34:03.915619+05:45,2026-08-21 12:34:03,price_volume,price_volume_141,True,cloud_automated,Friday - Trading Hours: 11:00 AM - 1:00 PM NPT,517,Nepal Bank Limited,NBL,58.0,25513.0,278.6,0.577617329,277.0,,,,,,,,,,,,,,,,,,,,,,7,"price_volume, live_market, summary, top_gainers, top_losers, nepse_index, supply_demand",5656
2026-08-21T12:34:03.915619+05:45,2026-08-21 12:34:03,price_volume,price_volume_142,True,cloud_automated,Friday - Trading Hours: 11:00 AM - 1:00 PM NPT,8041,NESDO Sambridha Laghubitta Bittiya Sanstha Limited,NESDO,58.0,283.0,1390.0,-0.358422939,1395.0,,,,,,,,,,,,,,,,,,,,,,7,"price_volume, live_market, summary, top_gainers, top_losers, nepse_index, supply_demand",5656
2026-08-21T12:34:03.915619+05:45,2026-08-21 12:34:03,price_volume,price_volume_143,True,cloud_automated,Friday - Trading Hours: 11:00 AM - 1:00 PM NPT,194,Nepal Finance Ltd.,NFS,58.0,163.0,556.0,0.18018018,555.0,,,,,,,,,,,,,,,,,,,,,,7,"price_volume, live_market, summary, top_gainers, top_losers, nepse_index, supply_demand",5656
2026-08-21T12:34:03.915619+05:45,2026-08-21 12:34:03,price_volume,price_volume_144,True,cloud_automated,Friday - Trading Hours: 11:00 AM - 1:00 PM NPT,2743,Ngadi Group Power Ltd.,NGPL,58.0,46084.0,410.5,-0.36407767,412.0,,,,,,,,,,,,,,,,,,,,,,7,"price_volume, live_market, summary, top_gainers, top_losers, nepse_index, supply_demand",5656
2026-08-21T12:34:03.915619+05:45,2026-08-21 12:34:03,price_volume,price_volume_145,True,cloud_automated,Friday - Trading Hours: 11:00 AM - 1:00 PM NPT,2769,Nepal Hydro Developers Ltd.,NHDL,58.0,30.0,634.0,-0.204627735,635.3,,,,,,,,,,,,,,,,,,,,,,7,"price_volume, live_market, summary, top_gainers, top_losers, nepse_index, supply_demand",5656
2026-08-21T12:34:03.915619+05:45,2026-08-21 12:34:03,price_volume,price_volume_146,True,cloud_automated,Friday - Trading Hours: 11:00 AM - 1:00 PM NPT,152,National Hydro Power Company Limited,NHPC,58.0,54706.0,272.7,0.257352941,272.0,,,,,,,,,,,,,,,,,,,,,,7,"price_volume, live_market, summary, top_gainers, top_losers, nepse_index, supply_demand",5656
2026-08-21T12:34:03.915619+05:45,2026-08-21 12:34:03,price_volume,price_volume_147,True,cloud_automated,Friday - Trading Hours: 11:00 AM - 1:00 PM NPT,139,NIC Asia Bank Ltd.,NICA,58.0,11876.0,313.6,0.0,313.6,,,,,,,,,,,,,,,,,,,,,,7,"price_volume, live_market, summary, top_gainers, top_losers, nepse_index, supply_demand",5656
2026-08-21T12:34:03.915619+05:45,2026-08-21 12:34:03,price_volume,price_volume_148,True,cloud_automated,Friday - Trading Hours: 11:00 AM - 1:00 PM NPT,176,Nepal Insurance Co. Ltd.,NICL,58.0,1018.0,496.0,0.99776013,491.1,,,,,,,,,,,,,,,,,,,,,,7,"price_volume, live_market, summary, top_gainers, top_losers, nepse_index, supply_demand",5656
2026-08-21T12:34:03.915619+05:45,2026-08-21 12:34:03,price_volume,price_volume_149,True,cloud_automated,Friday - Trading Hours: 11:00 AM - 1:00 PM NPT,2887,NIC ASIA Laghubitta Bittiya Sanstha Limited,NICLBSL,58.0,1437.0,545.0,0.27598896,543.5,,,,,,,,,,,,,,,,,,,,,,7,"price_volume, live_market, summary, top_gainers, top_losers, nepse_index, supply_demand",5656
2026-08-21T12:34:03.915619+05:45,2026-08-21 12:34:03,price_volume,price_volume_150,True,cloud_automated,Friday - Trading Hours: 11:00 AM - 1:00 PM NPT,2919,Nepal Infrastructure Bank Limited,NIFRA,58.0,8215.0,244.9,0.368852459,244.0,,,,,,,,,,,,,,,,,,,,,,7,"price_volume, live_market, summary, top_gainers, top_losers, nepse_index, supply_demand",5656
2026-08-21T12:34:03.915619+05:45,2026-08-21 12:34:03,price_volume,price_volume_151,True,cloud_automated,Friday - Trading Hours: 11:00 AM - 1:00 PM NPT,183,Neco Insurance Limited,NIL,58.0,1838.0,600.0,0.284138392,598.3,,,,,,,,,,,,,,,,,,,,,,7,"price_volume, live_market, summary, top_gainers, top_losers, nepse_index, supply_demand",5656
2026-08-21T12:34:03.915619+05:45,2026-08-21 12:34:03,price_volume,price_volume_152,True,cloud_automated,Friday - Trading Hours: 11:00 AM - 1:00 PM NPT,132,Nepal Investment Mega Bank Limited,NIMB,58.0,10169.0,187.8,0.16,187.5,,,,,,,,,,,,,,,,,,,,,,7,"price_volume, live_market, summary, top_gainers, top_losers, nepse_index, supply_demand",5656
2026-08-21T12:34:03.915619+05:45,2026-08-21 12:34:03,price_volume,price_volume_153,True,cloud_automated,Friday - Trading Hours: 11:00 AM - 1:00 PM NPT,559,NLG Insurance Company Ltd.,NLG,58.0,232.0,560.0,0.035727045,559.8,,,,,,,,,,,,,,,,,,,,,,7,"price_volume, live_market, summary, top_gainers, top_losers, nepse_index, supply_demand",5656
2026-08-21T12:34:03.915619+05:45,2026-08-21 12:34:03,price_volume,price_volume_154,True,cloud_automated,Friday - Trading Hours: 11:00 AM - 1:00 PM NPT,187,Nepal Life Insurance Co. Ltd.,NLIC,58.0,6357.0,717.0,0.0,717.0,,,,,,,,,,,,,,,,,,,,,,7,"price_volume, live_market, summary, top_gainers, top_losers, nepse_index, supply_demand",5656
2026-08-21T12:34:03.915619+05:45,2026-08-21 12:34:03,price_volume,price_volume_155,True,cloud_automated,Friday - Trading Hours: 11:00 AM - 1:00 PM NPT,178,National Life Insurance Co. Ltd.,NLICL,58.0,5131.0,569.0,1.065719361,563.0,,,,,,,,,,,,,,,,,,,,,,7,"price_volume, live_market, summary, top_gainers, top_losers, nepse_index, supply_demand",5656
2026-08-21T12:34:03.915619+05:45,2026-08-21 12:34:03,price_volume,price_volume_156,True,cloud_automated,Friday - Trading Hours: 11:00 AM - 1:00 PM NPT,238,NMB Bank Limited,NMB,58.0,7571.0,239.4,-0.25,240.0,,,,,,,,,,,,,,,,,,,,,,7,"price_volume, live_market, summary, top_gainers, top_losers, nepse_index, supply_demand",5656
2026-08-21T12:34:03.915619+05:45,2026-08-21 12:34:03,price_volume,price_volume_157,True,cloud_automated,Friday - Trading Hours: 11:00 AM - 1:00 PM NPT,704,NMB  Microfinance Bittiya Sanstha Ltd.,NMBMF,58.0,500.0,600.0,0.033344448,599.8,,,,,,,,,,,,,,,,,,,,,,7,"price_volume, live_market, summary, top_gainers, top_losers, nepse_index, supply_demand",5656
2026-08-21T12:34:03.915619+05:45,2026-08-21 12:34:03,price_volume,price_volume_158,True,cloud_automated,Friday - Trading Hours: 11:00 AM - 1:00 PM NPT,2746,National Laghubitta Bittiya Sanstha Limited,NMFBS,58.0,1075.0,1118.0,0.0,1118.0,,,,,,,,,,,,,,,,,,,,,,7,"price_volume, live_market, summary, top_gainers, top_losers, nepse_index, supply_demand",5656
2026-08-21T12:34:03.915619+05:45,2026-08-21 12:34:03,price_volume,price_volume_159,True,cloud_automated,Friday - Trading Hours: 11:00 AM - 1:00 PM NPT,9250,Nepal Micro Insurance Company Limited,NMIC,58.0,542.0,880.0,-0.900900901,888.0,,,,,,,,,,,,,,,,,,,,,,7,"price_volume, live_market, summary, top_gainers, top_losers, nepse_index, supply_demand",5656
2026-08-21T12:34:03.915619+05:45,2026-08-21 12:34:03,price_volume,price_volume_160,True,cloud_automated,Friday - Trading Hours: 11:00 AM - 1:00 PM NPT,396,Nerude Mirmire Laghubitta Bittiya Sanstha Limited,NMLBBL,58.0,627.0,499.0,-0.2,500.0,,,,,,,,,,,,,,,,,,,,,,7,"price_volume, live_market, summary, top_gainers, top_losers, nepse_index, supply_demand",5656
2026-08-21T12:34:03.915619+05:45,2026-08-21 12:34:03,price_volume,price_volume_161,True,cloud_automated,Friday - Trading Hours: 11:00 AM - 1:00 PM NPT,2881,Nepal Reinsurance Company Limited,NRIC,58.0,923.0,910.5,0.496688742,906.0,,,,,,,,,,,,,,,,,,,,,,7,"price_volume, live_market, summary, top_gainers, top_losers, nepse_index, supply_demand",5656
2026-08-21T12:34:03.915619+05:45,2026-08-21 12:34:03,price_volume,price_volume_162,True,cloud_automated,Friday - Trading Hours: 11:00 AM - 1:00 PM NPT,9183,Nepal Republic Media Limited,NRM,58.0,2648.0,298.0,-0.699766744,300.1,,,,,,,,,,,,,,,,,,,,,,7,"price_volume, live_market, summary, top_gainers, top_losers, nepse_index, supply_demand",5656
2026-08-21T12:34:03.915619+05:45,2026-08-21 12:34:03,price_volume,price_volume_163,True,cloud_automated,Friday - Trading Hours: 11:00 AM - 1:00 PM NPT,2898,NRN Infrastructure and Development Limited,NRN,58.0,4818.0,1384.4,-0.402877698,1390.0,,,,,,,,,,,,,,,,,,,,,,7,"price_volume, live_market, summary, top_gainers, top_losers, nepse_index, supply_demand",5656
2026-08-21T12:34:03.915619+05:45,2026-08-21 12:34:03,price_volume,price_volume_164,True,cloud_automated,Friday - Trading Hours: 11:00 AM - 1:00 PM NPT,307,Nepal Doorsanchar Company Limited,NTC,58.0,3945.0,891.0,-0.834724541,898.5,,,,,,,,,,,,,,,,,,,,,,7,"price_volume, live_market, summary, top_gainers, top_losers, nepse_index, supply_demand",5656
2026-08-21T12:34:03.915619+05:45,2026-08-21 12:34:03,price_volume,price_volume_165,True,cloud_automated,Friday - Trading Hours: 11:00 AM - 1:00 PM NPT,163,Nirdhan Utthan Laghubitta Bittiya Sanstha Limited,NUBL,58.0,3716.0,590.0,0.0,590.0,,,,,,,,,,,,,,,,,,,,,,7,"price_volume, live_market, summary, top_gainers, top_losers, nepse_index, supply_demand",5656
2026-08-21T12:34:03.915619+05:45,2026-08-21 12:34:03,price_volume,price_volume_166,True,cloud_automated,Friday - Trading Hours: 11:00 AM - 1:00 PM NPT,9233,Nepal Warehousing Company Limited ,NWCL,58.0,1444.0,641.2,-0.819798917,646.5,,,,,,,,,,,,,,,,,,,,,,7,"price_volume, live_market, summary, top_gainers, top_losers, nepse_index, supply_demand",5656
2026-08-21T12:34:03.915619+05:45,2026-08-21 12:34:03,price_volume,price_volume_167,True,cloud_automated,Friday - Trading Hours: 11:00 AM - 1:00 PM NPT,8026,Nyadi Hydropower Limited,NYADI,58.0,1449.0,358.1,-0.250696379,359.0,,,,,,,,,,,,,,,,,,,,,,7,"price_volume, live_market, summary, top_gainers, top_losers, nepse_index, supply_demand",5656
2026-08-21T12:34:03.915619+05:45,2026-08-21 12:34:03,price_volume,price_volume_168,True,cloud_automated,Friday - Trading Hours: 11:00 AM - 1:00 PM NPT,149,Oriental Hotels Limited,OHL,58.0,69.0,650.0,-0.306748466,652.0,,,,,,,,,,,,,,,,,,,,,,7,"price_volume, live_market, summary, top_gainers, top_losers, nepse_index, supply_demand",5656
2026-08-21T12:34:03.915619+05:45,2026-08-21 12:34:03,price_volume,price_volume_169,True,cloud_automated,Friday - Trading Hours: 11:00 AM - 1:00 PM NPT,9256,Om Megashree Pharmaceuticals Limited,OMPL,58.0,117.0,889.0,-1.430313782,901.9,,,,,,,,,,,,,,,,,,,,,,7,"price_volume, live_market, summary, top_gainers, top_losers, nepse_index, supply_demand",5656
2026-08-21T12:34:03.915619+05:45,2026-08-21 12:34:03,price_volume,price_volume_170,True,cloud_automated,Friday - Trading Hours: 11:00 AM - 1:00 PM NPT,357,Prime Commercial Bank Ltd.,PCBL,58.0,5359.0,241.0,0.416666667,240.0,,,,,,,,,,,,,,,,,,,,,,7,"price_volume, live_market, summary, top_gainers, top_losers, nepse_index, supply_demand",5656
2026-08-21T12:34:03.915619+05:45,2026-08-21 12:34:03,price_volume,price_volume_171,True,cloud_automated,Friday - Trading Hours: 11:00 AM - 1:00 PM NPT,9330,Palpa Cement Industries Limited,PCIL,58.0,4197.0,622.1,-0.12843153,622.9,,,,,,,,,,,,,,,,,,,,,,7,"price_volume, live_market, summary, top_gainers, top_losers, nepse_index, supply_demand",5656
2026-08-21T12:34:03.915619+05:45,2026-08-21 12:34:03,price_volume,price_volume_172,True,cloud_automated,Friday - Trading Hours: 11:00 AM - 1:00 PM NPT,8133,Peoples Hydropower Company Limited,PHCL,58.0,48357.0,310.5,2.475247525,303.0,,,,,,,,,,,,,,,,,,,,,,7,"price_volume, live_market, summary, top_gainers, top_losers, nepse_index, supply_demand",5656
2026-08-21T12:34:03.915619+05:45,2026-08-21 12:34:03,price_volume,price_volume_173,True,cloud_automated,Friday - Trading Hours: 11:00 AM - 1:00 PM NPT,2786,Panchakanya Mai Hydropower Ltd,PMHPL,58.0,2380.0,300.1,-1.217906517,303.8,,,,,,,,,,,,,,,,,,,,,,7,"price_volume, live_market, summary, top_gainers, top_losers, nepse_index, supply_demand",5656
2026-08-21T12:34:03.915619+05:45,2026-08-21 12:34:03,price_volume,price_volume_174,True,cloud_automated,Friday - Trading Hours: 11:00 AM - 1:00 PM NPT,2915,Prabhu Mahalaxmi Life Insurance Limited,PMLI,58.0,541.0,425.0,0.0,425.0,,,,,,,,,,,,,,,,,,,,,,7,"price_volume, live_market, summary, top_gainers, top_losers, nepse_index, supply_demand",5656
2026-08-21T12:34:03.915619+05:45,2026-08-21 12:34:03,price_volume,price_volume_175,True,cloud_automated,Friday - Trading Hours: 11:00 AM - 1:00 PM NPT,2813,Panchthar Power Compant Limited,PPCL,58.0,265.0,333.3,-0.507462687,335.0,,,,,,,,,,,,,,,,,,,,,,7,"price_volume, live_market, summary, top_gainers, top_losers, nepse_index, supply_demand",5656
2026-08-21T12:34:03.915619+05:45,2026-08-21 12:34:03,price_volume,price_volume_176,True,cloud_automated,Friday - Trading Hours: 11:00 AM - 1:00 PM NPT,8122,People's Power Limited,PPL,58.0,9428.0,315.5,0.477707006,314.0,,,,,,,,,,,,,,,,,,,,,,7,"price_volume, live_market, summary, top_gainers, top_losers, nepse_index, supply_demand",5656
2026-08-21T12:34:03.915619+05:45,2026-08-21 12:34:03,price_volume,price_volume_177,True,cloud_automated,Friday - Trading Hours: 11:00 AM - 1:00 PM NPT,184,Prabhu Insurance Ltd.,PRIN,58.0,90.0,660.0,1.226993865,652.0,,,,,,,,,,,,,,,,,,,,,,7,"price_volume, live_market, summary, top_gainers, top_losers, nepse_index, supply_demand",5656
2026-08-21T12:34:03.915619+05:45,2026-08-21 12:34:03,price_volume,price_volume_178,True,cloud_automated,Friday - Trading Hours: 11:00 AM - 1:00 PM NPT,338,Progressive Finance Limited,PROFL,58.0,849.0,403.0,-1.683337399,409.9,,,,,,,,,,,,,,,,,,,,,,7,"price_volume, live_market, summary, top_gainers, top_losers, nepse_index, supply_demand",5656
2026-08-21T12:34:03.915619+05:45,2026-08-21 12:34:03,price_volume,price_volume_179,True,cloud_automated,Friday - Trading Hours: 11:00 AM - 1:00 PM NPT,255,Prabhu  Bank Limited,PRVU,58.0,26458.0,183.8,0.43715847,183.0,,,,,,,,,,,,,,,,,,,,,,7,"price_volume, live_market, summary, top_gainers, top_losers, nepse_index, supply_demand",5656
2026-08-21T12:34:03.915619+05:45,2026-08-21 12:34:03,price_volume,price_volume_180,True,cloud_automated,Friday - Trading Hours: 11:00 AM - 1:00 PM NPT,9258,Pure Energy Limited,PURE,58.0,130.0,800.0,-0.867410161,807.0,,,,,,,,,,,,,,,,,,,,,,7,"price_volume, live_market, summary, top_gainers, top_losers, nepse_index, supply_demand",5656
2026-08-21T12:34:03.915619+05:45,2026-08-21 12:34:03,price_volume,price_volume_181,True,cloud_automated,Friday - Trading Hours: 11:00 AM - 1:00 PM NPT,2776,Radhi Bidyut Company Ltd,RADHI,58.0,10982.0,715.2,-0.389972145,718.0,,,,,,,,,,,,,,,,,,,,,,7,"price_volume, live_market, summary, top_gainers, top_losers, nepse_index, supply_demand",5656
2026-08-21T12:34:03.915619+05:45,2026-08-21 12:34:03,price_volume,price_volume_182,True,cloud_automated,Friday - Trading Hours: 11:00 AM - 1:00 PM NPT,9181,Rawa Energy Development Limited,RAWA,58.0,2065.0,420.2,-0.190023753,421.0,,,,,,,,,,,,,,,,,,,,,,7,"price_volume, live_market, summary, top_gainers, top_losers, nepse_index, supply_demand",5656
2026-08-21T12:34:03.915619+05:45,2026-08-21 12:34:03,price_volume,price_volume_183,True,cloud_automated,Friday - Trading Hours: 11:00 AM - 1:00 PM NPT,177,Rastriya Beema Company Limited,RBCL,58.0,10.0,13660.0,-1.121968874,13815.0,,,,,,,,,,,,,,,,,,,,,,7,"price_volume, live_market, summary, top_gainers, top_losers, nepse_index, supply_demand",5656
2026-08-21T12:34:03.915619+05:45,2026-08-21 12:34:03,price_volume,price_volume_184,True,cloud_automated,Friday - Trading Hours: 11:00 AM - 1:00 PM NPT,8066,River Falls Power Limited,RFPL,58.0,12264.0,341.1,1.216617211,337.0,,,,,,,,,,,,,,,,,,,,,,7,"price_volume, live_market, summary, top_gainers, top_losers, nepse_index, supply_demand",5656
2026-08-21T12:34:03.915619+05:45,2026-08-21 12:34:03,price_volume,price_volume_185,True,cloud_automated,Friday - Trading Hours: 11:00 AM - 1:00 PM NPT,8108,Rapti Hydro And General Construction Limited,RHGCL,58.0,2498.0,253.0,-0.393700787,254.0,,,,,,,,,,,,,,,,,,,,,,7,"price_volume, live_market, summary, top_gainers, top_losers, nepse_index, supply_demand",5656
2026-08-21T12:34:03.915619+05:45,2026-08-21 12:34:03,price_volume,price_volume_186,True,cloud_automated,Friday - Trading Hours: 11:00 AM - 1:00 PM NPT,2841,RASUWAGADHI HYDROPOWER COMPANY LIMITED,RHPL,58.0,4837.0,249.0,0.241545894,248.4,,,,,,,,,,,,,,,,,,,,,,7,"price_volume, live_market, summary, top_gainers, top_losers, nepse_index, supply_demand",5656
2026-08-21T12:34:03.915619+05:45,2026-08-21 12:34:03,price_volume,price_volume_187,True,cloud_automated,Friday - Trading Hours: 11:00 AM - 1:00 PM NPT,610,Ridi Power Company Limited,RIDI,58.0,140683.0,371.0,1.699561404,364.8,,,,,,,,,,,,,,,,,,,,,,7,"price_volume, live_market, summary, top_gainers, top_losers, nepse_index, supply_demand",5656
2026-08-21T12:34:03.915619+05:45,2026-08-21 12:34:03,price_volume,price_volume_188,True,cloud_automated,Friday - Trading Hours: 11:00 AM - 1:00 PM NPT,9324,Ridge Line Energy Limited,RLEL,58.0,4200.0,924.0,-0.108108108,925.0,,,,,,,,,,,,,,,,,,,,,,7,"price_volume, live_market, summary, top_gainers, top_losers, nepse_index, supply_demand",5656
2026-08-21T12:34:03.915619+05:45,2026-08-21 12:34:03,price_volume,price_volume_189,True,cloud_automated,Friday - Trading Hours: 11:00 AM - 1:00 PM NPT,587,Reliance Finance Ltd.,RLFL,58.0,2163.0,436.9,0.206422018,436.0,,,,,,,,,,,,,,,,,,,,,,7,"price_volume, live_market, summary, top_gainers, top_losers, nepse_index, supply_demand",5656
2026-08-21T12:34:03.915619+05:45,2026-08-21 12:34:03,price_volume,price_volume_190,True,cloud_automated,Friday - Trading Hours: 11:00 AM - 1:00 PM NPT,9199,Reliable Nepal Life Insurance Limited,RNLI,58.0,1489.0,426.6,-0.536255537,428.9,,,,,,,,,,,,,,,,,,,,,,7,"price_volume, live_market, summary, top_gainers, top_losers, nepse_index, supply_demand",5656
2026-08-21T12:34:03.915619+05:45,2026-08-21 12:34:03,price_volume,price_volume_191,True,cloud_automated,Friday - Trading Hours: 11:00 AM - 1:00 PM NPT,2748,RSDC Laghubitta Bittiya Sanstha Ltd.,RSDC,58.0,60.0,634.8,1.292484442,626.7,,,,,,,,,,,,,,,,,,,,,,7,"price_volume, live_market, summary, top_gainers, top_losers, nepse_index, supply_demand",5656
2026-08-21T12:34:03.915619+05:45,2026-08-21 12:34:03,price_volume,price_volume_192,True,cloud_automated,Friday - Trading Hours: 11:00 AM - 1:00 PM NPT,9306,Reliance Spinning Mills Limited,RSML,58.0,39296.0,2800.2,0.581896552,2784.0,,,,,,,,,,,,,,,,,,,,,,7,"price_volume, live_market, summary, top_gainers, top_losers, nepse_index, supply_demand",5656
2026-08-21T12:34:03.915619+05:45,2026-08-21 12:34:03,price_volume,price_volume_193,True,cloud_automated,Friday - Trading Hours: 11:00 AM - 1:00 PM NPT,2935,Ru Ru Jalbidhyut Pariyojana Limited,RURU,58.0,555.0,603.0,0.0,603.0,,,,,,,,,,,,,,,,,,,,,,7,"price_volume, live_market, summary, top_gainers, top_losers, nepse_index, supply_demand",5656
2026-08-21T12:34:03.915619+05:45,2026-08-21 12:34:03,price_volume,price_volume_194,True,cloud_automated,Friday - Trading Hours: 11:00 AM - 1:00 PM NPT,9305,Salapa Bikas Bank Limited,SABBL,58.0,1765.0,918.0,-1.290322581,930.0,,,,,,,,,,,,,,,,,,,,,,7,"price_volume, live_market, summary, top_gainers, top_losers, nepse_index, supply_demand",5656
2026-08-21T12:34:03.915619+05:45,2026-08-21 12:34:03,price_volume,price_volume_195,True,cloud_automated,Friday - Trading Hours: 11:00 AM - 1:00 PM NPT,472,Shangrila Development Bank Ltd.,SADBL,58.0,2242.0,403.7,-0.320987654,405.0,,,,,,,,,,,,,,,,,,,,,,7,"price_volume, live_market, summary, top_gainers, top_losers, nepse_index, supply_demand",5656
2026-08-21T12:34:03.915619+05:45,2026-08-21 12:34:03,price_volume,price_volume_196,True,cloud_automated,Friday - Trading Hours: 11:00 AM - 1:00 PM NPT,9294,Sagar Distillery Limited,SAGAR,58.0,110.0,1565.0,-0.197691474,1568.1,,,,,,,,,,,,,,,,,,,,,,7,"price_volume, live_market, summary, top_gainers, top_losers, nepse_index, supply_demand",5656
2026-08-21T12:34:03.915619+05:45,2026-08-21 12:34:03,price_volume,price_volume_197,True,cloud_automated,Friday - Trading Hours: 11:00 AM - 1:00 PM NPT,8021,Sahas Urja Limited,SAHAS,58.0,38344.0,709.0,0.0,709.0,,,,,,,,,,,,,,,,,,,,,,7,"price_volume, live_market, summary, top_gainers, top_losers, nepse_index, supply_demand",5656
2026-08-21T12:34:03.915619+05:45,2026-08-21 12:34:03,price_volume,price_volume_198,True,cloud_automated,Friday - Trading Hours: 11:00 AM - 1:00 PM NPT,9301,Shreenagar Agritech Industries Limited,SAIL,58.0,2846.0,1036.1,-0.946462715,1046.0,,,,,,,,,,,,,,,,,,,,,,7,"price_volume, live_market, summary, top_gainers, top_losers, nepse_index, supply_demand",5656
2026-08-21T12:34:03.915619+05:45,2026-08-21 12:34:03,price_volume,price_volume_199,True,cloud_automated,Friday - Trading Hours: 11:00 AM - 1:00 PM NPT,185,Sagarmatha Lumbini Insurance Co. Limited,SALICO,58.0,5246.0,589.9,1.183533448,583.0,,,,,,,,,,,,,,,,,,,,,,7,"price_volume, live_market, summary, top_gainers, top_losers, nepse_index, supply_demand",5656
2026-08-21T12:34:03.915619+05:45,2026-08-21 12:34:03,price_volume,price_volume_200,True,cloud_automated,Friday - Trading Hours: 11:00 AM - 1:00 PM NPT,171,Sanima Bank Limited,SANIMA,58.0,10619.0,371.2,0.053908356,371.0,,,,,,,,,,,,,,,,,,,,,,7,"price_volume, live_market, summary, top_gainers, top_losers, nepse_index, supply_demand",5656
2026-08-21T12:34:03.915619+05:45,2026-08-21 12:34:03,price_volume,price_volume_201,True,cloud_automated,Friday - Trading Hours: 11:00 AM - 1:00 PM NPT,9263,Sanvi Energy Limited,SANVI,58.0,2802.0,583.0,-1.001867889,588.9,,,,,,,,,,,,,,,,,,,,,,7,"price_volume, live_market, summary, top_gainers, top_losers, nepse_index, supply_demand",5656
2026-08-21T12:34:03.915619+05:45,2026-08-21 12:34:03,price_volume,price_volume_202,True,cloud_automated,Friday - Trading Hours: 11:00 AM - 1:00 PM NPT,2860,Saptakoshi Development Bank Ltd,SAPDBL,58.0,3723.0,717.0,0.434234487,713.9,,,,,,,,,,,,,,,,,,,,,,7,"price_volume, live_market, summary, top_gainers, top_losers, nepse_index, supply_demand",5656
2026-08-21T12:34:03.915619+05:45,2026-08-21 12:34:03,price_volume,price_volume_203,True,cloud_automated,Friday - Trading Hours: 11:00 AM - 1:00 PM NPT,9353,Sarvottam Paints Industries Limited,SAPIL,58.0,240.0,797.6,14.994232987,693.6,,,,,,,,,,,,,,,,,,,,,,7,"price_volume, live_market, summary, top_gainers, top_losers, nepse_index, supply_demand",5656
2026-08-21T12:34:03.915619+05:45,2026-08-21 12:34:03,price_volume,price_volume_204,True,cloud_automated,Friday - Trading Hours: 11:00 AM - 1:00 PM NPT,9242,Sarbottam Cement Limited,SARBTM,58.0,683.0,781.0,-0.963733198,788.6,,,,,,,,,,,,,,,,,,,,,,7,"price_volume, live_market, summary, top_gainers, top_losers, nepse_index, supply_demand",5656
2026-08-21T12:34:03.915619+05:45,2026-08-21 12:34:03,price_volume,price_volume_205,True,cloud_automated,Friday - Trading Hours: 11:00 AM - 1:00 PM NPT,135,Nepal SBI Bank Limited,SBI,58.0,120.0,403.0,-0.469251667,404.9,,,,,,,,,,,,,,,,,,,,,,7,"price_volume, live_market, summary, top_gainers, top_losers, nepse_index, supply_demand",5656
2026-08-21T12:34:03.915619+05:45,2026-08-21 12:34:03,price_volume,price_volume_206,True,cloud_automated,Friday - Trading Hours: 11:00 AM - 1:00 PM NPT,145,Siddhartha Bank Limited,SBL,58.0,43155.0,414.0,0.607533414,411.5,,,,,,,,,,,,,,,,,,,,,,7,"price_volume, live_market, summary, top_gainers, top_losers, nepse_index, supply_demand",5656
2026-08-21T12:34:03.915619+05:45,2026-08-21 12:34:03,price_volume,price_volume_207,True,cloud_automated,Friday - Trading Hours: 11:00 AM - 1:00 PM NPT,133,Standard Chartered Bank Limited,SCB,58.0,1146.0,650.0,0.0,650.0,,,,,,,,,,,,,,,,,,,,,,7,"price_volume, live_market, summary, top_gainers, top_losers, nepse_index, supply_demand",5656
2026-08-21T12:34:03.915619+05:45,2026-08-21 12:34:03,price_volume,price_volume_208,True,cloud_automated,Friday - Trading Hours: 11:00 AM - 1:00 PM NPT,8100,Swet-Ganga Hydropower & Construction Limited ,SGHC,58.0,11493.0,305.0,1.768435102,299.7,,,,,,,,,,,,,,,,,,,,,,7,"price_volume, live_market, summary, top_gainers, top_losers, nepse_index, supply_demand",5656
2026-08-21T12:34:03.915619+05:45,2026-08-21 12:34:03,price_volume,price_volume_209,True,cloud_automated,Friday - Trading Hours: 11:00 AM - 1:00 PM NPT,9345,Sanigad Hydro Limited,SGHL,58.0,11863.0,537.0,0.561797753,534.0,,,,,,,,,,,,,,,,,,,,,,7,"price_volume, live_market, summary, top_gainers, top_losers, nepse_index, supply_demand",5656
2026-08-21T12:34:03.915619+05:45,2026-08-21 12:34:03,price_volume,price_volume_210,True,cloud_automated,Friday - Trading Hours: 11:00 AM - 1:00 PM NPT,2908,Sanima GIC Insurance Limited,SGIC,58.0,4605.0,448.0,-0.643158128,450.9,,,,,,,,,,,,,,,,,,,,,,7,"price_volume, live_market, summary, top_gainers, top_losers, nepse_index, supply_demand",5656
2026-08-21T12:34:03.915619+05:45,2026-08-21 12:34:03,price_volume,price_volume_211,True,cloud_automated,Friday - Trading Hours: 11:00 AM - 1:00 PM NPT,2934,Singati Hydro Energy Limited,SHEL,58.0,21692.0,304.0,0.662251656,302.0,,,,,,,,,,,,,,,,,,,,,,7,"price_volume, live_market, summary, top_gainers, top_losers, nepse_index, supply_demand",5656
2026-08-21T12:34:03.915619+05:45,2026-08-21 12:34:03,price_volume,price_volume_212,True,cloud_automated,Friday - Trading Hours: 11:00 AM - 1:00 PM NPT,473,Shine Resunga Development Bank Ltd.,SHINE,58.0,885.0,409.2,-0.583090379,411.6,,,,,,,,,,,,,,,,,,,,,,7,"price_volume, live_market, summary, top_gainers, top_losers, nepse_index, supply_demand",5656
2026-08-21T12:34:03.915619+05:45,2026-08-21 12:34:03,price_volume,price_volume_213,True,cloud_automated,Friday - Trading Hours: 11:00 AM - 1:00 PM NPT,2809,SHIVAM CEMENTS LTD,SHIVM,58.0,7583.0,632.0,0.158478605,631.0,,,,,,,,,,,,,,,,,,,,,,7,"price_volume, live_market, summary, top_gainers, top_losers, nepse_index, supply_demand",5656
2026-08-21T12:34:03.915619+05:45,2026-08-21 12:34:03,price_volume,price_volume_214,True,cloud_automated,Friday - Trading Hours: 11:00 AM - 1:00 PM NPT,147,Soaltee Hotel Limited,SHL,58.0,8750.0,505.0,1.40562249,498.0,,,,,,,,,,,,,,,,,,,,,,7,"price_volume, live_market, summary, top_gainers, top_losers, nepse_index, supply_demand",5656
2026-08-21T12:34:03.915619+05:45,2026-08-21 12:34:03,price_volume,price_volume_215,True,cloud_automated,Friday - Trading Hours: 11:00 AM - 1:00 PM NPT,8132,Shrijanshil Laghubitta Bittiya Sanstha Limited,SHLB,58.0,29.0,1375.1,-0.643063584,1384.0,,,,,,,,,,,,,,,,,,,,,,7,"price_volume, live_market, summary, top_gainers, top_losers, nepse_index, supply_demand",5656
2026-08-21T12:34:03.915619+05:45,2026-08-21 12:34:03,price_volume,price_volume_216,True,cloud_automated,Friday - Trading Hours: 11:00 AM - 1:00 PM NPT,591,Sanima Mai Hydropower Ltd.,SHPC,58.0,177176.0,536.0,4.280155642,514.0,,,,,,,,,,,,,,,,,,,,,,7,"price_volume, live_market, summary, top_gainers, top_losers, nepse_index, supply_demand",5656
2026-08-21T12:34:03.915619+05:45,2026-08-21 12:34:03,price_volume,price_volume_217,True,cloud_automated,Friday - Trading Hours: 11:00 AM - 1:00 PM NPT,192,Shikhar Insurance Co. Ltd.,SICL,58.0,554.0,606.6,0.082494638,606.1,,,,,,,,,,,,,,,,,,,,,,7,"price_volume, live_market, summary, top_gainers, top_losers, nepse_index, supply_demand",5656
2026-08-21T12:34:03.915619+05:45,2026-08-21 12:34:03,price_volume,price_volume_218,True,cloud_automated,Friday - Trading Hours: 11:00 AM - 1:00 PM NPT,8126,Sikles Hydropower Limited,SIKLES,58.0,8941.0,571.9,0.864197531,567.0,,,,,,,,,,,,,,,,,,,,,,7,"price_volume, live_market, summary, top_gainers, top_losers, nepse_index, supply_demand",5656
2026-08-21T12:34:03.915619+05:45,2026-08-21 12:34:03,price_volume,price_volume_219,True,cloud_automated,Friday - Trading Hours: 11:00 AM - 1:00 PM NPT,561,Sindhu Bikash Bank Ltd,SINDU,58.0,385.0,660.9,0.136363636,660.0,,,,,,,,,,,,,,,,,,,,,,7,"price_volume, live_market, summary, top_gainers, top_losers, nepse_index, supply_demand",5656
2026-08-21T12:34:03.915619+05:45,2026-08-21 12:34:03,price_volume,price_volume_220,True,cloud_automated,Friday - Trading Hours: 11:00 AM - 1:00 PM NPT,9329,Shikhar power Development Limited,SIPD,58.0,1200.0,660.0,-0.452488688,663.0,,,,,,,,,,,,,,,,,,,,,,7,"price_volume, live_market, summary, top_gainers, top_losers, nepse_index, supply_demand",5656
2026-08-21T12:34:03.915619+05:45,2026-08-21 12:34:03,price_volume,price_volume_221,True,cloud_automated,Friday - Trading Hours: 11:00 AM - 1:00 PM NPT,2842,SANJEN JALAVIDHYUT COMPANY LIMITED,SJCL,58.0,259.0,264.0,0.0,264.0,,,,,,,,,,,,,,,,,,,,,,7,"price_volume, live_market, summary, top_gainers, top_losers, nepse_index, supply_demand",5656
2026-08-21T12:34:03.915619+05:45,2026-08-21 12:34:03,price_volume,price_volume_222,True,cloud_automated,Friday - Trading Hours: 11:00 AM - 1:00 PM NPT,403,SuryaJyoti Life Insurance Company Limited,SJLIC,58.0,314.0,406.6,-0.829268293,410.0,,,,,,,,,,,,,,,,,,,,,,7,"price_volume, live_market, summary, top_gainers, top_losers, nepse_index, supply_demand",5656
2026-08-21T12:34:03.915619+05:45,2026-08-21 12:34:03,price_volume,price_volume_223,True,cloud_automated,Friday - Trading Hours: 11:00 AM - 1:00 PM NPT,574,Sana Kisan Bikas Laghubitta Bittiya Sanstha Limited,SKBBL,58.0,1395.0,752.0,0.266666667,750.0,,,,,,,,,,,,,,,,,,,,,,7,"price_volume, live_market, summary, top_gainers, top_losers, nepse_index, supply_demand",5656
2026-08-21T12:34:03.915619+05:45,2026-08-21 12:34:03,price_volume,price_volume_224,True,cloud_automated,Friday - Trading Hours: 11:00 AM - 1:00 PM NPT,9325,Suryakunda Hydro Electric Limited,SKHEL,58.0,3364.0,919.0,-4.270833333,960.0,,,,,,,,,,,,,,,,,,,,,,7,"price_volume, live_market, summary, top_gainers, top_losers, nepse_index, supply_demand",5656
2026-08-21T12:34:03.915619+05:45,2026-08-21 12:34:03,price_volume,price_volume_225,True,cloud_automated,Friday - Trading Hours: 11:00 AM - 1:00 PM NPT,9323,Super Khudi Hydropower Limited,SKHL,58.0,11720.0,813.5,-0.428396573,817.0,,,,,,,,,,,,,,,,,,,,,,7,"price_volume, live_market, summary, top_gainers, top_losers, nepse_index, supply_demand",5656
2026-08-21T12:34:03.915619+05:45,2026-08-21 12:34:03,price_volume,price_volume_226,True,cloud_automated,Friday - Trading Hours: 11:00 AM - 1:00 PM NPT,545,Swarojgar Laghubitta Bittiya Sanstha Ltd.,SLBBL,58.0,1468.0,790.9,-1.1375,800.0,,,,,,,,,,,,,,,,,,,,,,7,"price_volume, live_market, summary, top_gainers, top_losers, nepse_index, supply_demand",5656
2026-08-21T12:34:03.915619+05:45,2026-08-21 12:34:03,price_volume,price_volume_227,True,cloud_automated,Friday - Trading Hours: 11:00 AM - 1:00 PM NPT,2804,Samudayik Laghubitta Bittiya Sanstha Limited,SLBSL,58.0,54.0,900.0,-1.960784314,918.0,,,,,,,,,,,,,,,,,,,,,,7,"price_volume, live_market, summary, top_gainers, top_losers, nepse_index, supply_demand",5656
2026-08-21T12:34:03.915619+05:45,2026-08-21 12:34:03,price_volume,price_volume_228,True,cloud_automated,Friday - Trading Hours: 11:00 AM - 1:00 PM NPT,2761,Samata Gharelu Laghubitta Bittiya Sanstha Limited,SMATA,58.0,729.0,709.9,-0.014084507,710.0,,,,,,,,,,,,,,,,,,,,,,7,"price_volume, live_market, summary, top_gainers, top_losers, nepse_index, supply_demand",5656
2026-08-21T12:34:03.915619+05:45,2026-08-21 12:34:03,price_volume,price_volume_229,True,cloud_automated,Friday - Trading Hours: 11:00 AM - 1:00 PM NPT,2771,Support Microfinance Bittiya Sanstha Ltd.,SMB,58.0,30.0,1788.0,1.648664014,1759.0,,,,,,,,,,,,,,,,,,,,,,7,"price_volume, live_market, summary, top_gainers, top_losers, nepse_index, supply_demand",5656
2026-08-21T12:34:03.915619+05:45,2026-08-21 12:34:03,price_volume,price_volume_230,True,cloud_automated,Friday - Trading Hours: 11:00 AM - 1:00 PM NPT,9148,Super Mai Hydropower Limited,SMH,58.0,1307.0,512.0,-0.389105058,514.0,,,,,,,,,,,,,,,,,,,,,,7,"price_volume, live_market, summary, top_gainers, top_losers, nepse_index, supply_demand",5656
2026-08-21T12:34:03.915619+05:45,2026-08-21 12:34:03,price_volume,price_volume_231,True,cloud_automated,Friday - Trading Hours: 11:00 AM - 1:00 PM NPT,9146,Super Madi Hydropower Limited,SMHL,58.0,67342.0,528.0,0.975329891,522.9,,,,,,,,,,,,,,,,,,,,,,7,"price_volume, live_market, summary, top_gainers, top_losers, nepse_index, supply_demand",5656
2026-08-21T12:34:03.915619+05:45,2026-08-21 12:34:03,price_volume,price_volume_232,True,cloud_automated,Friday - Trading Hours: 11:00 AM - 1:00 PM NPT,9159,Sagarmatha Jalabidhyut Company Limited,SMJC,58.0,1660.0,432.0,0.911002102,428.1,,,,,,,,,,,,,,,,,,,,,,7,"price_volume, live_market, summary, top_gainers, top_losers, nepse_index, supply_demand",5656
2026-08-21T12:34:03.915619+05:45,2026-08-21 12:34:03,price_volume,price_volume_233,True,cloud_automated,Friday - Trading Hours: 11:00 AM - 1:00 PM NPT,2896,Sampada Laghubitta Bittiya Sanstha Limited,SMPDA,58.0,31.0,745.0,-0.653420456,749.9,,,,,,,,,,,,,,,,,,,,,,7,"price_volume, live_market, summary, top_gainers, top_losers, nepse_index, supply_demand",5656
2026-08-21T12:34:03.915619+05:45,2026-08-21 12:34:03,price_volume,price_volume_234,True,cloud_automated,Friday - Trading Hours: 11:00 AM - 1:00 PM NPT,9201,Sun Nepal Life Insurance Company Limited,SNLI,58.0,2430.0,401.4,0.24975025,400.4,,,,,,,,,,,,,,,,,,,,,,7,"price_volume, live_market, summary, top_gainers, top_losers, nepse_index, supply_demand",5656
2026-08-21T12:34:03.915619+05:45,2026-08-21 12:34:03,price_volume,price_volume_235,True,cloud_automated,Friday - Trading Hours: 11:00 AM - 1:00 PM NPT,9344,Snow Rivers Limited,SNORL,58.0,3916.0,903.0,-0.660066007,909.0,,,,,,,,,,,,,,,,,,,,,,7,"price_volume, live_market, summary, top_gainers, top_losers, nepse_index, supply_demand",5656
2026-08-21T12:34:03.915619+05:45,2026-08-21 12:34:03,price_volume,price_volume_236,True,cloud_automated,Friday - Trading Hours: 11:00 AM - 1:00 PM NPT,9311,Solu Hydropower Limited,SOHL,58.0,89670.0,701.0,0.286123033,699.0,,,,,,,,,,,,,,,,,,,,,,7,"price_volume, live_market, summary, top_gainers, top_losers, nepse_index, supply_demand",5656
2026-08-21T12:34:03.915619+05:45,2026-08-21 12:34:03,price_volume,price_volume_237,True,cloud_automated,Friday - Trading Hours: 11:00 AM - 1:00 PM NPT,9216,Sonapur Minerals And Oil Limited,SONA,58.0,3730.0,401.5,0.601353044,399.1,,,,,,,,,,,,,,,,,,,,,,7,"price_volume, live_market, summary, top_gainers, top_losers, nepse_index, supply_demand",5656
2026-08-21T12:34:03.915619+05:45,2026-08-21 12:34:03,price_volume,price_volume_238,True,cloud_automated,Friday - Trading Hours: 11:00 AM - 1:00 PM NPT,9336,Sopan Pharmaceuticals Limited,SOPL,58.0,9499.0,780.1,0.528350515,776.0,,,,,,,,,,,,,,,,,,,,,,7,"price_volume, live_market, summary, top_gainers, top_losers, nepse_index, supply_demand",5656
2026-08-21T12:34:03.915619+05:45,2026-08-21 12:34:03,price_volume,price_volume_239,True,cloud_automated,Friday - Trading Hours: 11:00 AM - 1:00 PM NPT,8025,Samling Power Company Limited,SPC,58.0,2240.0,410.0,-1.584253481,416.6,,,,,,,,,,,,,,,,,,,,,,7,"price_volume, live_market, summary, top_gainers, top_losers, nepse_index, supply_demand",5656
2026-08-21T12:34:03.915619+05:45,2026-08-21 12:34:03,price_volume,price_volume_240,True,cloud_automated,Friday - Trading Hours: 11:00 AM - 1:00 PM NPT,2759,Synergy Power Development Ltd.,SPDL,58.0,18187.0,364.0,-0.273972603,365.0,,,,,,,,,,,,,,,,,,,,,,7,"price_volume, live_market, summary, top_gainers, top_losers, nepse_index, supply_demand",5656
2026-08-21T12:34:03.915619+05:45,2026-08-21 12:34:03,price_volume,price_volume_241,True,cloud_automated,Friday - Trading Hours: 11:00 AM - 1:00 PM NPT,8121,Sayapatri Hydropower Limited,SPHL,58.0,526.0,525.0,-1.111320399,530.9,,,,,,,,,,,,,,,,,,,,,,7,"price_volume, live_market, summary, top_gainers, top_losers, nepse_index, supply_demand",5656
2026-08-21T12:34:03.915619+05:45,2026-08-21 12:34:03,price_volume,price_volume_242,True,cloud_automated,Friday - Trading Hours: 11:00 AM - 1:00 PM NPT,182,Siddhartha Premier Insurance Limited,SPIL,58.0,100.0,685.0,0.0,685.0,,,,,,,,,,,,,,,,,,,,,,7,"price_volume, live_market, summary, top_gainers, top_losers, nepse_index, supply_demand",5656
2026-08-21T12:34:03.915619+05:45,2026-08-21 12:34:03,price_volume,price_volume_243,True,cloud_automated,Friday - Trading Hours: 11:00 AM - 1:00 PM NPT,9147,Shuvam Power Limited,SPL,58.0,229.0,635.2,-2.561742599,651.9,,,,,,,,,,,,,,,,,,,,,,7,"price_volume, live_market, summary, top_gainers, top_losers, nepse_index, supply_demand",5656
2026-08-21T12:34:03.915619+05:45,2026-08-21 12:34:03,price_volume,price_volume_244,True,cloud_automated,Friday - Trading Hours: 11:00 AM - 1:00 PM NPT,5982,Sanima Reliance Life Insurance Limited,SRLI,58.0,1555.0,366.4,-0.190683737,367.1,,,,,,,,,,,,,,,,,,,,,,7,"price_volume, live_market, summary, top_gainers, top_losers, nepse_index, supply_demand",5656
2026-08-21T12:34:03.915619+05:45,2026-08-21 12:34:03,price_volume,price_volume_245,True,cloud_automated,Friday - Trading Hours: 11:00 AM - 1:00 PM NPT,2907,Shiva Shree Hydropower Ltd,SSHL,58.0,15071.0,201.0,0.5,200.0,,,,,,,,,,,,,,,,,,,,,,7,"price_volume, live_market, summary, top_gainers, top_losers, nepse_index, supply_demand",5656
2026-08-21T12:34:03.915619+05:45,2026-08-21 12:34:03,price_volume,price_volume_246,True,cloud_automated,Friday - Trading Hours: 11:00 AM - 1:00 PM NPT,155,Salt Trading Corporation,STC,58.0,201.0,5170.0,-0.576923077,5200.0,,,,,,,,,,,,,,,,,,,,,,7,"price_volume, live_market, summary, top_gainers, top_losers, nepse_index, supply_demand",5656
2026-08-21T12:34:03.915619+05:45,2026-08-21 12:34:03,price_volume,price_volume_247,True,cloud_automated,Friday - Trading Hours: 11:00 AM - 1:00 PM NPT,268,Swabalamban Laghubitta Bittiya Sanstha Limited,SWBBL,58.0,5239.0,668.1,-0.639500297,672.4,,,,,,,,,,,,,,,,,,,,,,7,"price_volume, live_market, summary, top_gainers, top_losers, nepse_index, supply_demand",5656
2026-08-21T12:34:03.915619+05:45,2026-08-21 12:34:03,price_volume,price_volume_248,True,cloud_automated,Friday - Trading Hours: 11:00 AM - 1:00 PM NPT,706,Suryodaya Womi Laghubitta Bittiya Sanstha Limited,SWMF,58.0,582.0,609.7,0.296101332,607.9,,,,,,,,,,,,,,,,,,,,,,7,"price_volume, live_market, summary, top_gainers, top_losers, nepse_index, supply_demand",5656
2026-08-21T12:34:03.915619+05:45,2026-08-21 12:34:03,price_volume,price_volume_249,True,cloud_automated,Friday - Trading Hours: 11:00 AM - 1:00 PM NPT,9303,SY Panel Nepal Limited,SYPNL,58.0,3740.0,1287.0,1.338582677,1270.0,,,,,,,,,,,,,,,,,,,,,,7,"price_volume, live_market, summary, top_gainers, top_losers, nepse_index, supply_demand",5656
2026-08-21T12:34:03.915619+05:45,2026-08-21 12:34:03,price_volume,price_volume_250,True,cloud_automated,Friday - Trading Hours: 11:00 AM - 1:00 PM NPT,9156,Sanima Middle Tamor Hydropower Limited,TAMOR,58.0,171736.0,484.0,0.456621005,481.8,,,,,,,,,,,,,,,,,,,,,,7,"price_volume, live_market, summary, top_gainers, top_losers, nepse_index, supply_demand",5656
2026-08-21T12:34:03.915619+05:45,2026-08-21 12:34:03,price_volume,price_volume_251,True,cloud_automated,Friday - Trading Hours: 11:00 AM - 1:00 PM NPT,8022,Terhathum Power Company Limited,TPC,58.0,2707.0,364.0,1.39275766,359.0,,,,,,,,,,,,,,,,,,,,,,7,"price_volume, live_market, summary, top_gainers, top_losers, nepse_index, supply_demand",5656
2026-08-21T12:34:03.915619+05:45,2026-08-21 12:34:03,price_volume,price_volume_252,True,cloud_automated,Friday - Trading Hours: 11:00 AM - 1:00 PM NPT,9343,Taksar Pikhuwa Khola Hydropower Limited,TPKHL,58.0,7261.0,551.9,-0.737410072,556.0,,,,,,,,,,,,,,,,,,,,,,7,"price_volume, live_market, summary, top_gainers, top_losers, nepse_index, supply_demand",5656
2026-08-21T12:34:03.915619+05:45,2026-08-21 12:34:03,price_volume,price_volume_253,True,cloud_automated,Friday - Trading Hours: 11:00 AM - 1:00 PM NPT,148,Taragaon Regency Hotel Limited,TRH,58.0,291.0,835.0,2.45398773,815.0,,,,,,,,,,,,,,,,,,,,,,7,"price_volume, live_market, summary, top_gainers, top_losers, nepse_index, supply_demand",5656
2026-08-21T12:34:03.915619+05:45,2026-08-21 12:34:03,price_volume,price_volume_254,True,cloud_automated,Friday - Trading Hours: 11:00 AM - 1:00 PM NPT,9194,Three Star Hydropower Limited,TSHL,58.0,500.0,360.0,-1.288730463,364.7,,,,,,,,,,,,,,,,,,,,,,7,"price_volume, live_market, summary, top_gainers, top_losers, nepse_index, supply_demand",5656
2026-08-21T12:34:03.915619+05:45,2026-08-21 12:34:03,price_volume,price_volume_255,True,cloud_automated,Friday - Trading Hours: 11:00 AM - 1:00 PM NPT,9262,Trade Tower Limited,TTL,58.0,1116.0,712.0,0.281690141,710.0,,,,,,,,,,,,,,,,,,,,,,7,"price_volume, live_market, summary, top_gainers, top_losers, nepse_index, supply_demand",5656
2026-08-21T12:34:03.915619+05:45,2026-08-21 12:34:03,price_volume,price_volume_256,True,cloud_automated,Friday - Trading Hours: 11:00 AM - 1:00 PM NPT,9218,Trishuli Jal Vidhyut Company Limited ,TVCL,58.0,1280.0,456.0,-1.935483871,465.0,,,,,,,,,,,,,,,,,,,,,,7,"price_volume, live_market, summary, top_gainers, top_losers, nepse_index, supply_demand",5656
2026-08-21T12:34:03.915619+05:45,2026-08-21 12:34:03,price_volume,price_volume_257,True,cloud_automated,Friday - Trading Hours: 11:00 AM - 1:00 PM NPT,180,United Ajod Insurance Limited,UAIL,58.0,5585.0,425.0,-0.932400932,429.0,,,,,,,,,,,,,,,,,,,,,,7,"price_volume, live_market, summary, top_gainers, top_losers, nepse_index, supply_demand",5656
2026-08-21T12:34:03.915619+05:45,2026-08-21 12:34:03,price_volume,price_volume_258,True,cloud_automated,Friday - Trading Hours: 11:00 AM - 1:00 PM NPT,8099,Upper Hewakhola Hydropower Company Limited,UHEWA,58.0,32366.0,625.0,0.806451613,620.0,,,,,,,,,,,,,,,,,,,,,,7,"price_volume, live_market, summary, top_gainers, top_losers, nepse_index, supply_demand",5656
2026-08-21T12:34:03.915619+05:45,2026-08-21 12:34:03,price_volume,price_volume_259,True,cloud_automated,Friday - Trading Hours: 11:00 AM - 1:00 PM NPT,8063,Upakar Laghubitta Bittiya Sanstha Limited,ULBSL,58.0,611.0,2520.0,-1.098901099,2548.0,,,,,,,,,,,,,,,,,,,,,,7,"price_volume, live_market, summary, top_gainers, top_losers, nepse_index, supply_demand",5656
2026-08-21T12:34:03.915619+05:45,2026-08-21 12:34:03,price_volume,price_volume_260,True,cloud_automated,Friday - Trading Hours: 11:00 AM - 1:00 PM NPT,9208,Upper Lohore Khola Hydropower Company Limited,ULHC,58.0,705.0,336.4,-0.591016548,338.4,,,,,,,,,,,,,,,,,,,,,,7,"price_volume, live_market, summary, top_gainers, top_losers, nepse_index, supply_demand",5656
2026-08-21T12:34:03.915619+05:45,2026-08-21 12:34:03,price_volume,price_volume_261,True,cloud_automated,Friday - Trading Hours: 11:00 AM - 1:00 PM NPT,2760,United Modi Hydropower Ltd.,UMHL,58.0,11612.0,586.2,0.721649485,582.0,,,,,,,,,,,,,,,,,,,,,,7,"price_volume, live_market, summary, top_gainers, top_losers, nepse_index, supply_demand",5656
2026-08-21T12:34:03.915619+05:45,2026-08-21 12:34:03,price_volume,price_volume_262,True,cloud_automated,Friday - Trading Hours: 11:00 AM - 1:00 PM NPT,2914,United IDI Mardi RB Hydropower Limited.,UMRH,58.0,53.0,523.0,-1.320754717,530.0,,,,,,,,,,,,,,,,,,,,,,7,"price_volume, live_market, summary, top_gainers, top_losers, nepse_index, supply_demand",5656
2026-08-21T12:34:03.915619+05:45,2026-08-21 12:34:03,price_volume,price_volume_263,True,cloud_automated,Friday - Trading Hours: 11:00 AM - 1:00 PM NPT,2831,Union Hydropower Limited,UNHPL,58.0,4600.0,375.0,0.806451613,372.0,,,,,,,,,,,,,,,,,,,,,,7,"price_volume, live_market, summary, top_gainers, top_losers, nepse_index, supply_demand",5656
2026-08-21T12:34:03.915619+05:45,2026-08-21 12:34:03,price_volume,price_volume_264,True,cloud_automated,Friday - Trading Hours: 11:00 AM - 1:00 PM NPT,2810,UNIVERSAL POWER COMPANY LTD,UPCL,58.0,5342.0,345.0,0.583090379,343.0,,,,,,,,,,,,,,,,,,,,,,7,"price_volume, live_market, summary, top_gainers, top_losers, nepse_index, supply_demand",5656
2026-08-21T12:34:03.915619+05:45,2026-08-21 12:34:03,price_volume,price_volume_265,True,cloud_automated,Friday - Trading Hours: 11:00 AM - 1:00 PM NPT,2792,Upper Tamakoshi Hydropower Ltd,UPPER,58.0,15666.0,191.1,0.052356021,191.0,,,,,,,,,,,,,,,,,,,,,,7,"price_volume, live_market, summary, top_gainers, top_losers, nepse_index, supply_demand",5656
2026-08-21T12:34:03.915619+05:45,2026-08-21 12:34:03,price_volume,price_volume_266,True,cloud_automated,Friday - Trading Hours: 11:00 AM - 1:00 PM NPT,8104,Upper Solu Hydro Electric Company Limited,USHEC,58.0,9052.0,512.0,0.195694716,511.0,,,,,,,,,,,,,,,,,,,,,,7,"price_volume, live_market, summary, top_gainers, top_losers, nepse_index, supply_demand",5656
2026-08-21T12:34:03.915619+05:45,2026-08-21 12:34:03,price_volume,price_volume_267,True,cloud_automated,Friday - Trading Hours: 11:00 AM - 1:00 PM NPT,9192,Upper Syange Hydropower Limited,USHL,58.0,430.0,525.1,-2.015301362,535.9,,,,,,,,,,,,,,,,,,,,,,7,"price_volume, live_market, summary, top_gainers, top_losers, nepse_index, supply_demand",5656
2026-08-21T12:34:03.915619+05:45,2026-08-21 12:34:03,price_volume,price_volume_268,True,cloud_automated,Friday - Trading Hours: 11:00 AM - 1:00 PM NPT,2774,Unnati Sahakarya Laghubitta Bittiya Sanstha Limited,USLB,58.0,40.0,1073.0,-1.919561243,1094.0,,,,,,,,,,,,,,,,,,,,,,7,"price_volume, live_market, summary, top_gainers, top_losers, nepse_index, supply_demand",5656
2026-08-21T12:34:03.915619+05:45,2026-08-21 12:34:03,price_volume,price_volume_269,True,cloud_automated,Friday - Trading Hours: 11:00 AM - 1:00 PM NPT,687,Vijaya laghubitta Bittiya Sanstha Ltd.,VLBS,58.0,140.0,647.0,-0.461538462,650.0,,,,,,,,,,,,,,,,,,,,,,7,"price_volume, live_market, summary, top_gainers, top_losers, nepse_index, supply_demand",5656
2026-08-21T12:34:03.915619+05:45,2026-08-21 12:34:03,price_volume,price_volume_270,True,cloud_automated,Friday - Trading Hours: 11:00 AM - 1:00 PM NPT,9225,Vision Lumbini Urja Company Limited ,VLUCL,58.0,603.0,395.0,0.457782299,393.2,,,,,,,,,,,,,,,,,,,,,,7,"price_volume, live_market, summary, top_gainers, top_losers, nepse_index, supply_demand",5656
2026-08-21T12:34:03.915619+05:45,2026-08-21 12:34:03,price_volume,price_volume_271,True,cloud_automated,Friday - Trading Hours: 11:00 AM - 1:00 PM NPT,2781,Wean Nepal Laghubitta Bittiya Sanstha Limited,WNLB,58.0,92.0,1265.0,-2.767102229,1301.0,,,,,,,,,,,,,,,,,,,,,,7,"price_volume, live_market, summary, top_gainers, top_losers, nepse_index, supply_demand",5656
2026-08-21T12:34:03.915619+05:45,2026-08-21 12:34:03,price_volume,price_volume_272,True,cloud_automated,Friday - Trading Hours: 11:00 AM - 1:00 PM NPT,9342,Yambaling Hydropower Limited,YMHL,58.0,2443.0,623.7,-0.208,625.0,,,,,,,,,,,,,,,,,,,,,,7,"price_volume, live_market, summary, top_gainers, top_losers, nepse_index, supply_demand",5656
2026-08-21T12:34:03.915619+05:45,2026-08-21 12:34:03,live_market,live_market_1,True,cloud_automated,Friday - Trading Hours: 11:00 AM - 1:00 PM NPT,9346,Kalanga Hydro Limited,KAHL,58.0,6649.0,539.0,-0.19,540.0,,535.0,545.0,535.0,3583519.0,2026-08-21 12:32:59.976227,10.0,538.96,,,,,,,,,,,,,,7,"price_volume, live_market, summary, top_gainers, top_losers, nepse_index, supply_demand",5656
2026-08-21T12:34:03.915619+05:45,2026-08-21 12:34:03,live_market,live_market_2,True,cloud_automated,Friday - Trading Hours: 11:00 AM - 1:00 PM NPT,9352,Mount Everest Power Development Limited,MEPDL,58.0,77320.0,781.0,-2.08,797.6,,837.4,855.0,752.0,60972609.0,2026-08-21 12:32:59.736283,10.0,788.57,,,,,,,,,,,,,,7,"price_volume, live_market, summary, top_gainers, top_losers, nepse_index, supply_demand",5656
2026-08-21T12:34:03.915619+05:45,2026-08-21 12:34:03,live_market,live_market_3,True,cloud_automated,Friday - Trading Hours: 11:00 AM - 1:00 PM NPT,2742,Hydorelectricity Investment and Development Company Ltd,HIDCL,58.0,2553.0,251.0,-1.1,253.8,,250.0,254.8,250.0,640771.9,2026-08-21 12:32:59.713979,90.0,250.99,,,,,,,,,,,,,,7,"price_volume, live_market, summary, top_gainers, top_losers, nepse_index, supply_demand",5656
2026-08-21T12:34:03.915619+05:45,2026-08-21 12:34:03,live_market,live_market_4,True,cloud_automated,Friday - Trading Hours: 11:00 AM - 1:00 PM NPT,9344,Snow Rivers Limited,SNORL,58.0,3916.0,903.0,-0.66,909.0,,890.0,904.9,887.5,3504684.0,2026-08-21 12:32:59.084729,20.0,894.97,,,,,,,,,,,,,,7,"price_volume, live_market, summary, top_gainers, top_losers, nepse_index, supply_demand",5656
2026-08-21T12:34:03.915619+05:45,2026-08-21 12:34:03,live_market,live_market_5,True,cloud_automated,Friday - Trading Hours: 11:00 AM - 1:00 PM NPT,137,Everest Bank Limited,EBL,58.0,6176.0,735.7,0.11,734.9,,736.5,737.0,734.8,4543239.8,2026-08-21 12:32:58.674486,17.0,735.63,,,,,,,,,,,,,,7,"price_volume, live_market, summary, top_gainers, top_losers, nepse_index, supply_demand",5656
2026-08-21T12:34:03.915619+05:45,2026-08-21 12:34:03,live_market,live_market_6,True,cloud_automated,Friday - Trading Hours: 11:00 AM - 1:00 PM NPT,8133,Peoples Hydropower Company Limited,PHCL,58.0,48357.0,310.5,2.48,303.0,,303.0,312.0,303.0,14877944.4,2026-08-21 12:32:58.393004,50.0,307.67,,,,,,,,,,,,,,7,"price_volume, live_market, summary, top_gainers, top_losers, nepse_index, supply_demand",5656
2026-08-21T12:34:03.915619+05:45,2026-08-21 12:34:03,live_market,live_market_7,True,cloud_automated,Friday - Trading Hours: 11:00 AM - 1:00 PM NPT,142,Kumari Bank Limited,KBL,58.0,17176.0,216.0,0.23,215.5,,215.0,217.0,214.3,3692498.3,2026-08-21 12:32:57.57874,19.0,214.98,,,,,,,,,,,,,,7,"price_volume, live_market, summary, top_gainers, top_losers, nepse_index, supply_demand",5656
2026-08-21T12:34:03.915619+05:45,2026-08-21 12:34:03,live_market,live_market_8,True,cloud_automated,Friday - Trading Hours: 11:00 AM - 1:00 PM NPT,9263,Sanvi Energy Limited,SANVI,58.0,2802.0,583.0,-1.0,588.9,,586.0,589.0,582.0,1638508.0,2026-08-21 12:32:55.96221,10.0,584.76,,,,,,,,,,,,,,7,"price_volume, live_market, summary, top_gainers, top_losers, nepse_index, supply_demand",5656
2026-08-21T12:34:03.915619+05:45,2026-08-21 12:34:03,live_market,live_market_9,True,cloud_automated,Friday - Trading Hours: 11:00 AM - 1:00 PM NPT,9345,Sanigad Hydro Limited,SGHL,58.0,11863.0,537.0,0.56,534.0,,534.0,541.9,531.0,6356332.7,2026-08-21 12:32:55.95662,10.0,535.81,,,,,,,,,,,,,,7,"price_volume, live_market, summary, top_gainers, top_losers, nepse_index, supply_demand",5656
2026-08-21T12:34:03.915619+05:45,2026-08-21 12:34:03,live_market,live_market_10,True,cloud_automated,Friday - Trading Hours: 11:00 AM - 1:00 PM NPT,9225,Vision Lumbini Urja Company Limited ,VLUCL,58.0,603.0,395.0,0.46,393.2,,404.9,409.9,392.1,240837.2,2026-08-21 12:32:55.581643,10.0,399.4,,,,,,,,,,,,,,7,"price_volume, live_market, summary, top_gainers, top_losers, nepse_index, supply_demand",5656
2026-08-21T12:34:03.915619+05:45,2026-08-21 12:34:03,live_market,live_market_11,True,cloud_automated,Friday - Trading Hours: 11:00 AM - 1:00 PM NPT,131,Nabil Bank Limited,NABIL,58.0,7031.0,549.0,0.09,548.5,,550.0,552.0,547.5,3856730.0,2026-08-21 12:32:55.277642,53.0,548.53,,,,,,,,,,,,,,7,"price_volume, live_market, summary, top_gainers, top_losers, nepse_index, supply_demand",5656
2026-08-21T12:34:03.915619+05:45,2026-08-21 12:34:03,live_market,live_market_12,True,cloud_automated,Friday - Trading Hours: 11:00 AM - 1:00 PM NPT,9323,Super Khudi Hydropower Limited,SKHL,58.0,11720.0,813.5,-0.43,817.0,,820.0,877.8,790.0,9588909.6,2026-08-21 12:32:55.151714,10.0,818.17,,,,,,,,,,,,,,7,"price_volume, live_market, summary, top_gainers, top_losers, nepse_index, supply_demand",5656
2026-08-21T12:34:03.915619+05:45,2026-08-21 12:34:03,live_market,live_market_13,True,cloud_automated,Friday - Trading Hours: 11:00 AM - 1:00 PM NPT,9179,Modi Energy Limited,MEL,58.0,2615.0,203.6,-0.68,205.0,,202.6,205.0,202.6,533617.0,2026-08-21 12:32:54.954886,10.0,204.06,,,,,,,,,,,,,,7,"price_volume, live_market, summary, top_gainers, top_losers, nepse_index, supply_demand",5656
2026-08-21T12:34:03.915619+05:45,2026-08-21 12:34:03,live_market,live_market_14,True,cloud_automated,Friday - Trading Hours: 11:00 AM - 1:00 PM NPT,187,Nepal Life Insurance Co. Ltd.,NLIC,58.0,6357.0,717.0,0.0,717.0,,717.0,718.0,710.1,4547840.5,2026-08-21 12:32:54.056882,38.0,715.41,,,,,,,,,,,,,,7,"price_volume, live_market, summary, top_gainers, top_losers, nepse_index, supply_demand",5656
2026-08-21T12:34:03.915619+05:45,2026-08-21 12:34:03,live_market,live_market_15,True,cloud_automated,Friday - Trading Hours: 11:00 AM - 1:00 PM NPT,9159,Sagarmatha Jalabidhyut Company Limited,SMJC,58.0,1660.0,432.0,0.91,428.1,,428.1,432.0,428.1,715839.0,2026-08-21 12:32:53.398772,60.0,431.23,,,,,,,,,,,,,,7,"price_volume, live_market, summary, top_gainers, top_losers, nepse_index, supply_demand",5656
2026-08-21T12:34:03.915619+05:45,2026-08-21 12:34:03,live_market,live_market_16,True,cloud_automated,Friday - Trading Hours: 11:00 AM - 1:00 PM NPT,132,Nepal Investment Mega Bank Limited,NIMB,58.0,10169.0,187.8,0.16,187.5,,187.0,188.0,186.0,1902609.9,2026-08-21 12:32:52.534129,10.0,187.1,,,,,,,,,,,,,,7,"price_volume, live_market, summary, top_gainers, top_losers, nepse_index, supply_demand",5656
2026-08-21T12:34:03.915619+05:45,2026-08-21 12:34:03,live_market,live_market_17,True,cloud_automated,Friday - Trading Hours: 11:00 AM - 1:00 PM NPT,9246,Guardian Micro Life Insurance Limited ,GMLI,58.0,470.0,1015.0,-0.99,1025.1,,974.0,1086.0,974.0,486229.0,2026-08-21 12:32:50.801582,10.0,1034.53,,,,,,,,,,,,,,7,"price_volume, live_market, summary, top_gainers, top_losers, nepse_index, supply_demand",5656
2026-08-21T12:34:03.915619+05:45,2026-08-21 12:34:03,live_market,live_market_18,True,cloud_automated,Friday - Trading Hours: 11:00 AM - 1:00 PM NPT,9194,Three Star Hydropower Limited,TSHL,58.0,500.0,360.0,-1.29,364.7,,369.0,369.0,358.8,180276.0,2026-08-21 12:32:50.703047,10.0,360.55,,,,,,,,,,,,,,7,"price_volume, live_market, summary, top_gainers, top_losers, nepse_index, supply_demand",5656
2026-08-21T12:34:03.915619+05:45,2026-08-21 12:34:03,live_market,live_market_19,True,cloud_automated,Friday - Trading Hours: 11:00 AM - 1:00 PM NPT,591,Sanima Mai Hydropower Ltd.,SHPC,58.0,177176.0,536.0,4.28,514.0,,520.0,536.0,509.8,93274853.3,2026-08-21 12:32:50.631253,30.0,526.45,,,,,,,,,,,,,,7,"price_volume, live_market, summary, top_gainers, top_losers, nepse_index, supply_demand",5656
2026-08-21T12:34:03.915619+05:45,2026-08-21 12:34:03,live_market,live_market_20,True,cloud_automated,Friday - Trading Hours: 11:00 AM - 1:00 PM NPT,2811,Mountain Hydro Nepal Limited,MHNL,58.0,5276.0,244.0,-0.25,244.6,,246.0,249.7,243.0,1290974.6,2026-08-21 12:32:50.123814,456.0,244.69,,,,,,,,,,,,,,7,"price_volume, live_market, summary, top_gainers, top_losers, nepse_index, supply_demand",5656
2026-08-21T12:34:03.915619+05:45,2026-08-21 12:34:03,live_market,live_market_21,True,cloud_automated,Friday - Trading Hours: 11:00 AM - 1:00 PM NPT,9336,Sopan Pharmaceuticals Limited,SOPL,58.0,9499.0,780.1,0.53,776.0,,776.0,800.0,772.0,7472937.9,2026-08-21 12:32:49.696446,10.0,786.71,,,,,,,,,,,,,,7,"price_volume, live_market, summary, top_gainers, top_losers, nepse_index, supply_demand",5656
2026-08-21T12:34:03.915619+05:45,2026-08-21 12:34:03,live_market,live_market_22,True,cloud_automated,Friday - Trading Hours: 11:00 AM - 1:00 PM NPT,9287,Mabilung Energy Limited,MABEL,58.0,780.0,604.0,-0.58,607.5,,637.8,637.8,602.3,472328.0,2026-08-21 12:32:49.304423,50.0,605.55,,,,,,,,,,,,,,7,"price_volume, live_market, summary, top_gainers, top_losers, nepse_index, supply_demand",5656
2026-08-21T12:34:03.915619+05:45,2026-08-21 12:34:03,live_market,live_market_23,True,cloud_automated,Friday - Trading Hours: 11:00 AM - 1:00 PM NPT,245,Central Finance Co. Ltd.,CFCL,58.0,7883.0,599.5,1.59,590.1,,593.2,602.0,593.2,4697570.2,2026-08-21 12:32:48.862539,150.0,595.91,,,,,,,,,,,,,,7,"price_volume, live_market, summary, top_gainers, top_losers, nepse_index, supply_demand",5656
2026-08-21T12:34:03.915619+05:45,2026-08-21 12:34:03,live_market,live_market_24,True,cloud_automated,Friday - Trading Hours: 11:00 AM - 1:00 PM NPT,134,Himalayan Bank Limited,HBL,58.0,18601.0,190.5,-0.47,191.4,,192.0,192.0,188.5,3535841.0,2026-08-21 12:32:48.754717,10.0,190.09,,,,,,,,,,,,,,7,"price_volume, live_market, summary, top_gainers, top_losers, nepse_index, supply_demand",5656
2026-08-21T12:34:03.915619+05:45,2026-08-21 12:34:03,live_market,live_market_25,True,cloud_automated,Friday - Trading Hours: 11:00 AM - 1:00 PM NPT,152,National Hydro Power Company Limited,NHPC,58.0,54706.0,272.7,0.26,272.0,,272.0,273.9,268.3,14812172.8,2026-08-21 12:32:47.838053,200.0,270.76,,,,,,,,,,,,,,7,"price_volume, live_market, summary, top_gainers, top_losers, nepse_index, supply_demand",5656
2026-08-21T12:34:03.915619+05:45,2026-08-21 12:34:03,live_market,live_market_26,True,cloud_automated,Friday - Trading Hours: 11:00 AM - 1:00 PM NPT,401,Mahalaxmi Bikas Bank Ltd.,MLBL,58.0,718.0,349.0,0.0,349.0,,350.0,351.0,346.0,250454.4,2026-08-21 12:32:47.138653,50.0,348.82,,,,,,,,,,,,,,7,"price_volume, live_market, summary, top_gainers, top_losers, nepse_index, supply_demand",5656
2026-08-21T12:34:03.915619+05:45,2026-08-21 12:34:03,live_market,live_market_27,True,cloud_automated,Friday - Trading Hours: 11:00 AM - 1:00 PM NPT,2826,Gurans Laghubitta Bittiya Sanstha Limited,GLBSL,58.0,150.0,1715.0,0.29,1710.0,,1710.0,1721.0,1710.0,257704.0,2026-08-21 12:32:43.374725,50.0,1718.03,,,,,,,,,,,,,,7,"price_volume, live_market, summary, top_gainers, top_losers, nepse_index, supply_demand",5656
2026-08-21T12:34:03.915619+05:45,2026-08-21 12:34:03,live_market,live_market_28,True,cloud_automated,Friday - Trading Hours: 11:00 AM - 1:00 PM NPT,227,Best Finance Company Ltd.,BFC,58.0,1740.0,482.0,0.0,482.0,,482.0,485.0,476.1,833252.6,2026-08-21 12:32:42.37144,40.0,478.88,,,,,,,,,,,,,,7,"price_volume, live_market, summary, top_gainers, top_losers, nepse_index, supply_demand",5656
2026-08-21T12:34:03.915619+05:45,2026-08-21 12:34:03,live_market,live_market_29,True,cloud_automated,Friday - Trading Hours: 11:00 AM - 1:00 PM NPT,610,Ridi Power Company Limited,RIDI,58.0,140683.0,371.0,1.7,364.8,,365.0,371.5,363.9,51779747.9,2026-08-21 12:32:41.171861,1100.0,368.06,,,,,,,,,,,,,,7,"price_volume, live_market, summary, top_gainers, top_losers, nepse_index, supply_demand",5656
2026-08-21T12:34:03.915619+05:45,2026-08-21 12:34:03,live_market,live_market_30,True,cloud_automated,Friday - Trading Hours: 11:00 AM - 1:00 PM NPT,393,Himalayan Life Insurance Limited,HLI,58.0,4493.0,314.4,-0.51,316.0,,321.0,321.0,314.3,1415494.0,2026-08-21 12:32:40.773541,120.0,315.04,,,,,,,,,,,,,,7,"price_volume, live_market, summary, top_gainers, top_losers, nepse_index, supply_demand",5656
2026-08-21T12:34:03.915619+05:45,2026-08-21 12:34:03,live_market,live_market_31,True,cloud_automated,Friday - Trading Hours: 11:00 AM - 1:00 PM NPT,9343,Taksar Pikhuwa Khola Hydropower Limited,TPKHL,58.0,7261.0,551.9,-0.74,556.0,,529.2,572.5,529.2,4017633.6,2026-08-21 12:32:40.135425,10.0,553.32,,,,,,,,,,,,,,7,"price_volume, live_market, summary, top_gainers, top_losers, nepse_index, supply_demand",5656
2026-08-21T12:34:03.915619+05:45,2026-08-21 12:34:03,live_market,live_market_32,True,cloud_automated,Friday - Trading Hours: 11:00 AM - 1:00 PM NPT,8117,Aviyan Laghubitta Bittiya Sanstha Limited,AVYAN,58.0,1604.0,1066.0,3.09,1034.0,,1050.0,1066.0,1045.0,1699883.0,2026-08-21 12:32:39.916644,90.0,1059.78,,,,,,,,,,,,,,7,"price_volume, live_market, summary, top_gainers, top_losers, nepse_index, supply_demand",5656
2026-08-21T12:34:03.915619+05:45,2026-08-21 12:34:03,live_market,live_market_33,True,cloud_automated,Friday - Trading Hours: 11:00 AM - 1:00 PM NPT,9166,Makar Jitumaya Suri Hydropower Limited,MAKAR,58.0,1590.0,418.3,-0.4,420.0,,416.5,418.6,416.0,661832.0,2026-08-21 12:32:39.677926,10.0,416.25,,,,,,,,,,,,,,7,"price_volume, live_market, summary, top_gainers, top_losers, nepse_index, supply_demand",5656
2026-08-21T12:34:03.915619+05:45,2026-08-21 12:34:03,live_market,live_market_34,True,cloud_automated,Friday - Trading Hours: 11:00 AM - 1:00 PM NPT,9297,Bandipur Cablecar and Tourism Limited,BANDIPUR,58.0,7641.0,682.3,0.29,680.3,,682.0,685.0,679.1,5207742.0,2026-08-21 12:32:39.208789,180.0,681.55,,,,,,,,,,,,,,7,"price_volume, live_market, summary, top_gainers, top_losers, nepse_index, supply_demand",5656
2026-08-21T12:34:03.915619+05:45,2026-08-21 12:34:03,live_market,live_market_35,True,cloud_automated,Friday - Trading Hours: 11:00 AM - 1:00 PM NPT,9234,Himalayan Reinsurance Limited,HRL,58.0,7296.0,568.2,-0.32,570.0,,570.0,574.9,567.0,4156218.5,2026-08-21 12:32:38.829274,21.0,569.66,,,,,,,,,,,,,,7,"price_volume, live_market, summary, top_gainers, top_losers, nepse_index, supply_demand",5656
2026-08-21T12:34:03.915619+05:45,2026-08-21 12:34:03,live_market,live_market_36,True,cloud_automated,Friday - Trading Hours: 11:00 AM - 1:00 PM NPT,2841,RASUWAGADHI HYDROPOWER COMPANY LIMITED,RHPL,58.0,4837.0,249.0,0.24,248.4,,249.0,252.0,248.1,1209154.5,2026-08-21 12:32:37.392514,40.0,249.98,,,,,,,,,,,,,,7,"price_volume, live_market, summary, top_gainers, top_losers, nepse_index, supply_demand",5656
2026-08-21T12:34:03.915619+05:45,2026-08-21 12:34:03,live_market,live_market_37,True,cloud_automated,Friday - Trading Hours: 11:00 AM - 1:00 PM NPT,9311,Solu Hydropower Limited,SOHL,58.0,89670.0,701.0,0.29,699.0,,680.0,706.0,680.0,62633898.9,2026-08-21 12:32:37.049402,30.0,698.49,,,,,,,,,,,,,,7,"price_volume, live_market, summary, top_gainers, top_losers, nepse_index, supply_demand",5656
2026-08-21T12:34:03.915619+05:45,2026-08-21 12:34:03,live_market,live_market_38,True,cloud_automated,Friday - Trading Hours: 11:00 AM - 1:00 PM NPT,517,Nepal Bank Limited,NBL,58.0,25513.0,278.6,0.58,277.0,,277.0,278.8,275.0,7093211.2,2026-08-21 12:32:36.868603,25.0,278.02,,,,,,,,,,,,,,7,"price_volume, live_market, summary, top_gainers, top_losers, nepse_index, supply_demand",5656
2026-08-21T12:34:03.915619+05:45,2026-08-21 12:34:03,live_market,live_market_39,True,cloud_automated,Friday - Trading Hours: 11:00 AM - 1:00 PM NPT,9308,Hotel Forest Inn Limited,HFIN,58.0,22226.0,660.0,-2.08,674.0,,640.3,687.0,640.3,14653378.5,2026-08-21 12:32:36.644305,10.0,659.29,,,,,,,,,,,,,,7,"price_volume, live_market, summary, top_gainers, top_losers, nepse_index, supply_demand",5656
2026-08-21T12:34:03.915619+05:45,2026-08-21 12:34:03,live_market,live_market_40,True,cloud_automated,Friday - Trading Hours: 11:00 AM - 1:00 PM NPT,9337,Appolo Hydropower Limited,APHL,58.0,2448.0,745.1,-0.65,750.0,,760.0,795.0,728.0,1828874.8,2026-08-21 12:32:34.800614,10.0,747.09,,,,,,,,,,,,,,7,"price_volume, live_market, summary, top_gainers, top_losers, nepse_index, supply_demand",5656
2026-08-21T12:34:03.915619+05:45,2026-08-21 12:34:03,live_market,live_market_41,True,cloud_automated,Friday - Trading Hours: 11:00 AM - 1:00 PM NPT,2760,United Modi Hydropower Ltd.,UMHL,58.0,11612.0,586.2,0.72,582.0,,560.0,592.0,560.0,6782439.6,2026-08-21 12:32:34.02642,300.0,584.09,,,,,,,,,,,,,,7,"price_volume, live_market, summary, top_gainers, top_losers, nepse_index, supply_demand",5656
2026-08-21T12:34:03.915619+05:45,2026-08-21 12:34:03,live_market,live_market_42,True,cloud_automated,Friday - Trading Hours: 11:00 AM - 1:00 PM NPT,2917,Chandragiri Hills Limited,CGH,58.0,2100.0,780.0,1.17,771.0,,771.5,780.0,771.5,1636340.0,2026-08-21 12:32:33.530737,100.0,779.21,,,,,,,,,,,,,,7,"price_volume, live_market, summary, top_gainers, top_losers, nepse_index, supply_demand",5656
2026-08-21T12:34:03.915619+05:45,2026-08-21 12:34:03,live_market,live_market_43,True,cloud_automated,Friday - Trading Hours: 11:00 AM - 1:00 PM NPT,2787,Kalika power Company Ltd,KPCL,58.0,970.0,474.5,1.82,466.0,,467.0,474.5,463.0,458030.0,2026-08-21 12:32:32.64102,100.0,472.2,,,,,,,,,,,,,,7,"price_volume, live_market, summary, top_gainers, top_losers, nepse_index, supply_demand",5656
2026-08-21T12:34:03.915619+05:45,2026-08-21 12:34:03,live_market,live_market_44,True,cloud_automated,Friday - Trading Hours: 11:00 AM - 1:00 PM NPT,171,Sanima Bank Limited,SANIMA,58.0,10619.0,371.2,0.05,371.0,,372.8,372.8,371.0,3948757.2,2026-08-21 12:32:32.616746,32.0,371.86,,,,,,,,,,,,,,7,"price_volume, live_market, summary, top_gainers, top_losers, nepse_index, supply_demand",5656
2026-08-21T12:34:03.915619+05:45,2026-08-21 12:34:03,live_market,live_market_45,True,cloud_automated,Friday - Trading Hours: 11:00 AM - 1:00 PM NPT,2881,Nepal Reinsurance Company Limited,NRIC,58.0,923.0,910.5,0.5,906.0,,906.0,912.0,902.2,835880.1,2026-08-21 12:32:31.658683,10.0,905.61,,,,,,,,,,,,,,7,"price_volume, live_market, summary, top_gainers, top_losers, nepse_index, supply_demand",5656
2026-08-21T12:34:03.915619+05:45,2026-08-21 12:34:03,live_market,live_market_46,True,cloud_automated,Friday - Trading Hours: 11:00 AM - 1:00 PM NPT,9203,Manakamana Engineering Hydropower Limited,MEHL,58.0,66351.0,246.9,-1.24,250.0,,250.0,259.0,230.2,16361028.6,2026-08-21 12:32:31.310984,50.0,246.58,,,,,,,,,,,,,,7,"price_volume, live_market, summary, top_gainers, top_losers, nepse_index, supply_demand",5656
2026-08-21T12:34:03.915619+05:45,2026-08-21 12:34:03,live_market,live_market_47,True,cloud_automated,Friday - Trading Hours: 11:00 AM - 1:00 PM NPT,8041,NESDO Sambridha Laghubitta Bittiya Sanstha Limited,NESDO,58.0,283.0,1390.0,-0.36,1395.0,,1385.0,1395.0,1385.0,394117.0,2026-08-21 12:32:30.469342,22.0,1392.64,,,,,,,,,,,,,,7,"price_volume, live_market, summary, top_gainers, top_losers, nepse_index, supply_demand",5656
2026-08-21T12:34:03.915619+05:45,2026-08-21 12:34:03,live_market,live_market_48,True,cloud_automated,Friday - Trading Hours: 11:00 AM - 1:00 PM NPT,450,Corporate Development Bank Limited,CORBL,58.0,3059.0,990.0,-0.4,994.0,,995.0,1009.0,990.0,3053030.1,2026-08-21 12:32:30.381385,26.0,998.05,,,,,,,,,,,,,,7,"price_volume, live_market, summary, top_gainers, top_losers, nepse_index, supply_demand",5656
2026-08-21T12:34:03.915619+05:45,2026-08-21 12:34:03,live_market,live_market_49,True,cloud_automated,Friday - Trading Hours: 11:00 AM - 1:00 PM NPT,9146,Super Madi Hydropower Limited,SMHL,58.0,67342.0,528.0,0.98,522.9,,523.0,529.0,520.0,35290231.9,2026-08-21 12:32:29.461767,22.0,524.04,,,,,,,,,,,,,,7,"price_volume, live_market, summary, top_gainers, top_losers, nepse_index, supply_demand",5656
2026-08-21T12:34:03.915619+05:45,2026-08-21 12:34:03,live_market,live_market_50,True,cloud_automated,Friday - Trading Hours: 11:00 AM - 1:00 PM NPT,2880,Himal Dolakha Hydropower Company Limited,HDHPC,58.0,14043.0,209.0,0.0,209.0,,209.0,210.0,206.2,2928258.9,2026-08-21 12:32:29.121861,100.0,208.52,,,,,,,,,,,,,,7,"price_volume, live_market, summary, top_gainers, top_losers, nepse_index, supply_demand",5656
2026-08-21T12:34:03.915619+05:45,2026-08-21 12:34:03,live_market,live_market_51,True,cloud_automated,Friday - Trading Hours: 11:00 AM - 1:00 PM NPT,8045,Green Ventures Limited,GVL,58.0,11747.0,490.0,1.6,482.3,,482.0,492.0,482.0,5733680.5,2026-08-21 12:32:28.053017,37.0,488.1,,,,,,,,,,,,,,7,"price_volume, live_market, summary, top_gainers, top_losers, nepse_index, supply_demand",5656
2026-08-21T12:34:03.915619+05:45,2026-08-21 12:34:03,live_market,live_market_52,True,cloud_automated,Friday - Trading Hours: 11:00 AM - 1:00 PM NPT,8031,Madhya Bhotekoshi Jalavidyut Company Limited,MBJC,58.0,2991.0,263.0,-0.38,264.0,,262.0,266.0,262.0,790002.0,2026-08-21 12:32:26.731519,10.0,264.13,,,,,,,,,,,,,,7,"price_volume, live_market, summary, top_gainers, top_losers, nepse_index, supply_demand",5656
2026-08-21T12:34:03.915619+05:45,2026-08-21 12:34:03,live_market,live_market_53,True,cloud_automated,Friday - Trading Hours: 11:00 AM - 1:00 PM NPT,9322,Bhujung Hydropower Limited,BJHL,58.0,5939.0,728.0,0.55,724.0,,709.5,729.0,705.4,4282926.0,2026-08-21 12:32:26.488732,10.0,721.15,,,,,,,,,,,,,,7,"price_volume, live_market, summary, top_gainers, top_losers, nepse_index, supply_demand",5656
2026-08-21T12:34:03.915619+05:45,2026-08-21 12:34:03,live_market,live_market_54,True,cloud_automated,Friday - Trading Hours: 11:00 AM - 1:00 PM NPT,2789,Joshi Hydropower Development Company Ltd,JOSHI,58.0,7121.0,265.0,-1.01,267.7,,265.0,270.0,262.2,1888562.2,2026-08-21 12:32:25.995047,50.0,265.21,,,,,,,,,,,,,,7,"price_volume, live_market, summary, top_gainers, top_losers, nepse_index, supply_demand",5656
2026-08-21T12:34:03.915619+05:45,2026-08-21 12:34:03,live_market,live_market_55,True,cloud_automated,Friday - Trading Hours: 11:00 AM - 1:00 PM NPT,139,NIC Asia Bank Ltd.,NICA,58.0,11876.0,313.6,0.0,313.6,,312.9,315.1,312.9,3726143.6,2026-08-21 12:32:23.992458,720.0,313.75,,,,,,,,,,,,,,7,"price_volume, live_market, summary, top_gainers, top_losers, nepse_index, supply_demand",5656
2026-08-21T12:34:03.915619+05:45,2026-08-21 12:34:03,live_market,live_market_56,True,cloud_automated,Friday - Trading Hours: 11:00 AM - 1:00 PM NPT,9342,Yambaling Hydropower Limited,YMHL,58.0,2443.0,623.7,-0.21,625.0,,616.0,625.1,616.0,1522247.3,2026-08-21 12:32:23.99144,10.0,623.11,,,,,,,,,,,,,,7,"price_volume, live_market, summary, top_gainers, top_losers, nepse_index, supply_demand",5656
2026-08-21T12:34:03.915619+05:45,2026-08-21 12:34:03,live_market,live_market_57,True,cloud_automated,Friday - Trading Hours: 11:00 AM - 1:00 PM NPT,255,Prabhu  Bank Limited,PRVU,58.0,26458.0,183.8,0.44,183.0,,187.7,187.7,180.5,4834218.8,2026-08-21 12:32:22.312636,144.0,182.71,,,,,,,,,,,,,,7,"price_volume, live_market, summary, top_gainers, top_losers, nepse_index, supply_demand",5656
2026-08-21T12:34:03.915619+05:45,2026-08-21 12:34:03,live_market,live_market_58,True,cloud_automated,Friday - Trading Hours: 11:00 AM - 1:00 PM NPT,2934,Singati Hydro Energy Limited,SHEL,58.0,21692.0,304.0,0.66,302.0,,302.0,305.0,300.0,6577282.6,2026-08-21 12:32:20.229812,50.0,303.21,,,,,,,,,,,,,,7,"price_volume, live_market, summary, top_gainers, top_losers, nepse_index, supply_demand",5656
2026-08-21T12:34:03.915619+05:45,2026-08-21 12:34:03,live_market,live_market_59,True,cloud_automated,Friday - Trading Hours: 11:00 AM - 1:00 PM NPT,2914,United IDI Mardi RB Hydropower Limited.,UMRH,58.0,53.0,523.0,-1.32,530.0,,523.0,523.0,523.0,27654.0,2026-08-21 12:32:19.519781,5.0,521.77,,,,,,,,,,,,,,7,"price_volume, live_market, summary, top_gainers, top_losers, nepse_index, supply_demand",5656
2026-08-21T12:34:03.915619+05:45,2026-08-21 12:34:03,live_market,live_market_60,True,cloud_automated,Friday - Trading Hours: 11:00 AM - 1:00 PM NPT,9213,Hathway Investment Nepal Limited,HATHY,58.0,3994.0,580.0,-0.17,581.0,,581.0,586.0,577.0,2317623.3,2026-08-21 12:32:16.757686,20.0,580.28,,,,,,,,,,,,,,7,"price_volume, live_market, summary, top_gainers, top_losers, nepse_index, supply_demand",5656
2026-08-21T12:34:03.915619+05:45,2026-08-21 12:34:03,live_market,live_market_61,True,cloud_automated,Friday - Trading Hours: 11:00 AM - 1:00 PM NPT,9330,Palpa Cement Industries Limited,PCIL,58.0,4197.0,622.1,-0.13,622.9,,620.0,629.9,620.0,2615140.0,2026-08-21 12:32:15.596917,10.0,623.1,,,,,,,,,,,,,,7,"price_volume, live_market, summary, top_gainers, top_losers, nepse_index, supply_demand",5656
2026-08-21T12:34:03.915619+05:45,2026-08-21 12:34:03,live_market,live_market_62,True,cloud_automated,Friday - Trading Hours: 11:00 AM - 1:00 PM NPT,2776,Radhi Bidyut Company Ltd,RADHI,58.0,10982.0,715.2,-0.39,718.0,,705.0,723.0,705.0,7874198.8,2026-08-21 12:32:14.692503,13.0,717.01,,,,,,,,,,,,,,7,"price_volume, live_market, summary, top_gainers, top_losers, nepse_index, supply_demand",5656
2026-08-21T12:34:03.915619+05:45,2026-08-21 12:34:03,live_market,live_market_63,True,cloud_automated,Friday - Trading Hours: 11:00 AM - 1:00 PM NPT,2919,Nepal Infrastructure Bank Limited,NIFRA,58.0,8215.0,244.9,0.37,244.0,,232.0,249.3,232.0,2001399.8,2026-08-21 12:32:13.885775,54.0,243.63,,,,,,,,,,,,,,7,"price_volume, live_market, summary, top_gainers, top_losers, nepse_index, supply_demand",5656
2026-08-21T12:34:03.915619+05:45,2026-08-21 12:34:03,live_market,live_market_64,True,cloud_automated,Friday - Trading Hours: 11:00 AM - 1:00 PM NPT,8065,CYC Nepal Laghubitta Bittiya Sanstha Limited,CYCL,58.0,11258.0,1455.0,0.0,1455.0,,1382.3,1544.9,1382.3,16333102.6,2026-08-21 12:32:12.585613,90.0,1450.8,,,,,,,,,,,,,,7,"price_volume, live_market, summary, top_gainers, top_losers, nepse_index, supply_demand",5656
2026-08-21T12:34:03.915619+05:45,2026-08-21 12:34:03,live_market,live_market_65,True,cloud_automated,Friday - Trading Hours: 11:00 AM - 1:00 PM NPT,9303,SY Panel Nepal Limited,SYPNL,58.0,3740.0,1287.0,1.34,1270.0,,1206.5,1299.0,1206.5,4789474.5,2026-08-21 12:32:11.449093,40.0,1280.61,,,,,,,,,,,,,,7,"price_volume, live_market, summary, top_gainers, top_losers, nepse_index, supply_demand",5656
2026-08-21T12:34:03.915619+05:45,2026-08-21 12:34:03,live_market,live_market_66,True,cloud_automated,Friday - Trading Hours: 11:00 AM - 1:00 PM NPT,145,Siddhartha Bank Limited,SBL,58.0,43155.0,414.0,0.61,411.5,,412.0,415.0,411.1,17837182.9,2026-08-21 12:32:11.300082,17.0,413.33,,,,,,,,,,,,,,7,"price_volume, live_market, summary, top_gainers, top_losers, nepse_index, supply_demand",5656
2026-08-21T12:34:03.915619+05:45,2026-08-21 12:34:03,live_market,live_market_67,True,cloud_automated,Friday - Trading Hours: 11:00 AM - 1:00 PM NPT,2751,Khanikhola Hydropower Co. Ltd.,KKHC,58.0,44006.0,281.1,0.82,278.8,,278.0,285.9,276.3,12454274.9,2026-08-21 12:32:11.202214,70.0,283.01,,,,,,,,,,,,,,7,"price_volume, live_market, summary, top_gainers, top_losers, nepse_index, supply_demand",5656
2026-08-21T12:34:03.915619+05:45,2026-08-21 12:34:03,live_market,live_market_68,True,cloud_automated,Friday - Trading Hours: 11:00 AM - 1:00 PM NPT,8121,Sayapatri Hydropower Limited,SPHL,58.0,526.0,525.0,-1.11,530.9,,515.0,525.0,515.0,275420.0,2026-08-21 12:32:10.851127,13.0,523.61,,,,,,,,,,,,,,7,"price_volume, live_market, summary, top_gainers, top_losers, nepse_index, supply_demand",5656
2026-08-21T12:34:03.915619+05:45,2026-08-21 12:34:03,live_market,live_market_69,True,cloud_automated,Friday - Trading Hours: 11:00 AM - 1:00 PM NPT,8099,Upper Hewakhola Hydropower Company Limited,UHEWA,58.0,32366.0,625.0,0.81,620.0,,601.0,650.0,601.0,20173564.5,2026-08-21 12:32:08.424012,20.0,623.29,,,,,,,,,,,,,,7,"price_volume, live_market, summary, top_gainers, top_losers, nepse_index, supply_demand",5656
2026-08-21T12:34:03.915619+05:45,2026-08-21 12:34:03,live_market,live_market_70,True,cloud_automated,Friday - Trading Hours: 11:00 AM - 1:00 PM NPT,587,Reliance Finance Ltd.,RLFL,58.0,2163.0,436.9,0.21,436.0,,438.9,438.9,435.0,944226.3,2026-08-21 12:32:07.510538,205.0,436.54,,,,,,,,,,,,,,7,"price_volume, live_market, summary, top_gainers, top_losers, nepse_index, supply_demand",5656
2026-08-21T12:34:03.915619+05:45,2026-08-21 12:34:03,live_market,live_market_71,True,cloud_automated,Friday - Trading Hours: 11:00 AM - 1:00 PM NPT,9173,City Hotel Limited,CITY,58.0,7557.0,360.0,0.84,357.0,,357.0,360.0,356.6,2705325.9,2026-08-21 12:32:07.375893,100.0,357.99,,,,,,,,,,,,,,7,"price_volume, live_market, summary, top_gainers, top_losers, nepse_index, supply_demand",5656
2026-08-21T12:34:03.915619+05:45,2026-08-21 12:34:03,live_market,live_market_72,True,cloud_automated,Friday - Trading Hours: 11:00 AM - 1:00 PM NPT,9324,Ridge Line Energy Limited,RLEL,58.0,4200.0,924.0,-0.11,925.0,,925.0,940.0,901.0,3874484.7,2026-08-21 12:32:06.189217,115.0,922.5,,,,,,,,,,,,,,7,"price_volume, live_market, summary, top_gainers, top_losers, nepse_index, supply_demand",5656
2026-08-21T12:34:03.915619+05:45,2026-08-21 12:34:03,live_market,live_market_73,True,cloud_automated,Friday - Trading Hours: 11:00 AM - 1:00 PM NPT,2913,Mountain Energy Nepal Limited,MEN,58.0,77513.0,641.2,0.34,639.0,,640.0,647.0,634.0,49731815.3,2026-08-21 12:32:04.028043,284.0,641.59,,,,,,,,,,,,,,7,"price_volume, live_market, summary, top_gainers, top_losers, nepse_index, supply_demand",5656
2026-08-21T12:34:03.915619+05:45,2026-08-21 12:34:03,live_market,live_market_74,True,cloud_automated,Friday - Trading Hours: 11:00 AM - 1:00 PM NPT,8066,River Falls Power Limited,RFPL,58.0,12264.0,341.1,1.22,337.0,,340.0,345.0,331.0,4186112.1,2026-08-21 12:32:03.319336,100.0,341.33,,,,,,,,,,,,,,7,"price_volume, live_market, summary, top_gainers, top_losers, nepse_index, supply_demand",5656
2026-08-21T12:34:03.915619+05:45,2026-08-21 12:34:03,live_market,live_market_75,True,cloud_automated,Friday - Trading Hours: 11:00 AM - 1:00 PM NPT,192,Shikhar Insurance Co. Ltd.,SICL,58.0,554.0,606.6,0.08,606.1,,606.0,610.0,606.0,335849.4,2026-08-21 12:32:01.658883,9.0,606.23,,,,,,,,,,,,,,7,"price_volume, live_market, summary, top_gainers, top_losers, nepse_index, supply_demand",5656
2026-08-21T12:34:03.915619+05:45,2026-08-21 12:34:03,live_market,live_market_76,True,cloud_automated,Friday - Trading Hours: 11:00 AM - 1:00 PM NPT,2925,Mahila Lagubitta Bittiya Sanstha Limited ,MLBSL,58.0,151.0,1201.0,-1.55,1219.9,,1210.0,1210.0,1200.1,181397.0,2026-08-21 12:32:01.017314,21.0,1201.3,,,,,,,,,,,,,,7,"price_volume, live_market, summary, top_gainers, top_losers, nepse_index, supply_demand",5656
2026-08-21T12:34:03.915619+05:45,2026-08-21 12:34:03,live_market,live_market_77,True,cloud_automated,Friday - Trading Hours: 11:00 AM - 1:00 PM NPT,8100,Swet-Ganga Hydropower & Construction Limited ,SGHC,58.0,11493.0,305.0,1.77,299.7,,302.0,308.0,302.0,3490753.7,2026-08-21 12:31:55.190546,100.0,303.73,,,,,,,,,,,,,,7,"price_volume, live_market, summary, top_gainers, top_losers, nepse_index, supply_demand",5656
2026-08-21T12:34:03.915619+05:45,2026-08-21 12:34:03,live_market,live_market_78,True,cloud_automated,Friday - Trading Hours: 11:00 AM - 1:00 PM NPT,8108,Rapti Hydro And General Construction Limited,RHGCL,58.0,2498.0,253.0,-0.39,254.0,,250.4,253.0,250.3,628585.8,2026-08-21 12:31:52.755732,10.0,251.64,,,,,,,,,,,,,,7,"price_volume, live_market, summary, top_gainers, top_losers, nepse_index, supply_demand",5656
2026-08-21T12:34:03.915619+05:45,2026-08-21 12:34:03,live_market,live_market_79,True,cloud_automated,Friday - Trading Hours: 11:00 AM - 1:00 PM NPT,9184,IME Life Insurance Company Limited,ILI,58.0,848.0,413.0,-0.48,415.0,,409.3,414.0,409.3,348634.5,2026-08-21 12:31:51.507451,10.0,411.13,,,,,,,,,,,,,,7,"price_volume, live_market, summary, top_gainers, top_losers, nepse_index, supply_demand",5656
2026-08-21T12:34:03.915619+05:45,2026-08-21 12:34:03,live_market,live_market_80,True,cloud_automated,Friday - Trading Hours: 11:00 AM - 1:00 PM NPT,9306,Reliance Spinning Mills Limited,RSML,58.0,39296.0,2800.2,0.58,2784.0,,2849.0,2849.0,2770.0,109541713.1,2026-08-21 12:31:51.484241,10.0,2787.6,,,,,,,,,,,,,,7,"price_volume, live_market, summary, top_gainers, top_losers, nepse_index, supply_demand",5656
2026-08-21T12:34:03.915619+05:45,2026-08-21 12:34:03,live_market,live_market_81,True,cloud_automated,Friday - Trading Hours: 11:00 AM - 1:00 PM NPT,8075,Bindhyabasini Hydropower Development Company Limited,BHDC,58.0,4141.0,434.0,0.0,434.0,,434.0,443.9,430.0,1787636.7,2026-08-21 12:31:51.259169,100.0,431.69,,,,,,,,,,,,,,7,"price_volume, live_market, summary, top_gainers, top_losers, nepse_index, supply_demand",5656
2026-08-21T12:34:03.915619+05:45,2026-08-21 12:34:03,live_market,live_market_82,True,cloud_automated,Friday - Trading Hours: 11:00 AM - 1:00 PM NPT,9212,Mandu Hydropower Limited,MANDU,58.0,2627.0,762.0,-0.21,763.64,,765.0,765.1,755.5,1992040.7,2026-08-21 12:31:51.100261,50.0,758.29,,,,,,,,,,,,,,7,"price_volume, live_market, summary, top_gainers, top_losers, nepse_index, supply_demand",5656
2026-08-21T12:34:03.915619+05:45,2026-08-21 12:34:03,live_market,live_market_83,True,cloud_automated,Friday - Trading Hours: 11:00 AM - 1:00 PM NPT,9199,Reliable Nepal Life Insurance Limited,RNLI,58.0,1489.0,426.6,-0.54,428.9,,427.0,430.0,425.0,638586.0,2026-08-21 12:31:50.777448,12.0,428.87,,,,,,,,,,,,,,7,"price_volume, live_market, summary, top_gainers, top_losers, nepse_index, supply_demand",5656
2026-08-21T12:34:03.915619+05:45,2026-08-21 12:34:03,live_market,live_market_84,True,cloud_automated,Friday - Trading Hours: 11:00 AM - 1:00 PM NPT,360,Arun Valley Hydropower Development Co. Ltd.,AHPC,58.0,17793.0,261.5,0.38,260.5,,264.0,264.7,260.0,4643927.9,2026-08-21 12:31:50.767646,6.0,261.0,,,,,,,,,,,,,,7,"price_volume, live_market, summary, top_gainers, top_losers, nepse_index, supply_demand",5656
2026-08-21T12:34:03.915619+05:45,2026-08-21 12:34:03,live_market,live_market_85,True,cloud_automated,Friday - Trading Hours: 11:00 AM - 1:00 PM NPT,8111,Hydorelectricity Investment and Development Company Limited Promoter,HIDCLP,58.0,5843.0,185.2,0.54,184.2,,187.0,187.0,185.2,1087849.0,2026-08-21 12:31:48.601047,100.0,186.18,,,,,,,,,,,,,,7,"price_volume, live_market, summary, top_gainers, top_losers, nepse_index, supply_demand",5656
2026-08-21T12:34:03.915619+05:45,2026-08-21 12:34:03,live_market,live_market_86,True,cloud_automated,Friday - Trading Hours: 11:00 AM - 1:00 PM NPT,705,Global IME Laghubitta Bittiya Sanstha Ltd.,GILB,58.0,105.0,1110.0,0.91,1100.0,,1100.0,1130.9,1100.0,116725.3,2026-08-21 12:31:47.397961,20.0,1111.67,,,,,,,,,,,,,,7,"price_volume, live_market, summary, top_gainers, top_losers, nepse_index, supply_demand",5656
2026-08-21T12:34:03.915619+05:45,2026-08-21 12:34:03,live_market,live_market_87,True,cloud_automated,Friday - Trading Hours: 11:00 AM - 1:00 PM NPT,2767,Himalayan Power Partner Ltd.,HPPL,58.0,29149.0,383.5,1.11,379.3,,370.0,384.4,370.0,11138520.9,2026-08-21 12:31:47.35708,100.0,382.12,,,,,,,,,,,,,,7,"price_volume, live_market, summary, top_gainers, top_losers, nepse_index, supply_demand",5656
2026-08-21T12:34:03.915619+05:45,2026-08-21 12:34:03,live_market,live_market_88,True,cloud_automated,Friday - Trading Hours: 11:00 AM - 1:00 PM NPT,459,Kamana Sewa Bikas Bank Limited,KSBBL,58.0,3068.0,478.6,-0.29,480.0,,480.0,480.0,477.0,1465349.4,2026-08-21 12:31:47.260744,245.0,477.62,,,,,,,,,,,,,,7,"price_volume, live_market, summary, top_gainers, top_losers, nepse_index, supply_demand",5656
2026-08-21T12:34:03.915619+05:45,2026-08-21 12:34:03,live_market,live_market_89,True,cloud_automated,Friday - Trading Hours: 11:00 AM - 1:00 PM NPT,2809,SHIVAM CEMENTS LTD,SHIVM,58.0,7583.0,632.0,0.16,631.0,,632.0,634.5,630.0,4801171.9,2026-08-21 12:31:45.244614,100.0,633.15,,,,,,,,,,,,,,7,"price_volume, live_market, summary, top_gainers, top_losers, nepse_index, supply_demand",5656
2026-08-21T12:34:03.915619+05:45,2026-08-21 12:34:03,live_market,live_market_90,True,cloud_automated,Friday - Trading Hours: 11:00 AM - 1:00 PM NPT,9296,Bungal Hydro Limited,BUNGAL,58.0,2981.0,586.6,-0.24,588.0,,600.0,600.0,585.1,1749458.1,2026-08-21 12:31:44.20527,10.0,586.87,,,,,,,,,,,,,,7,"price_volume, live_market, summary, top_gainers, top_losers, nepse_index, supply_demand",5656
2026-08-21T12:34:03.915619+05:45,2026-08-21 12:34:03,live_market,live_market_91,True,cloud_automated,Friday - Trading Hours: 11:00 AM - 1:00 PM NPT,9233,Nepal Warehousing Company Limited ,NWCL,58.0,1444.0,641.2,-0.82,646.5,,664.0,664.0,641.2,931696.6,2026-08-21 12:31:43.963927,127.0,645.22,,,,,,,,,,,,,,7,"price_volume, live_market, summary, top_gainers, top_losers, nepse_index, supply_demand",5656
2026-08-21T12:34:03.915619+05:45,2026-08-21 12:34:03,live_market,live_market_92,True,cloud_automated,Friday - Trading Hours: 11:00 AM - 1:00 PM NPT,140,Machhapuchhre Bank Limited,MBL,58.0,2819.0,249.9,-0.44,251.0,,252.9,252.9,248.4,705519.8,2026-08-21 12:31:43.944638,10.0,250.27,,,,,,,,,,,,,,7,"price_volume, live_market, summary, top_gainers, top_losers, nepse_index, supply_demand",5656
2026-08-21T12:34:03.915619+05:45,2026-08-21 12:34:03,live_market,live_market_93,True,cloud_automated,Friday - Trading Hours: 11:00 AM - 1:00 PM NPT,8021,Sahas Urja Limited,SAHAS,58.0,38344.0,709.0,0.0,709.0,,701.0,714.7,701.0,27264391.8,2026-08-21 12:31:42.510739,200.0,711.05,,,,,,,,,,,,,,7,"price_volume, live_market, summary, top_gainers, top_losers, nepse_index, supply_demand",5656
2026-08-21T12:34:03.915619+05:45,2026-08-21 12:34:03,live_market,live_market_94,True,cloud_automated,Friday - Trading Hours: 11:00 AM - 1:00 PM NPT,385,Asian Life Insurance Co. Limited,ALICL,58.0,2051.0,419.4,-0.12,419.9,,418.1,420.0,418.0,858424.2,2026-08-21 12:31:42.426609,1.0,418.54,,,,,,,,,,,,,,7,"price_volume, live_market, summary, top_gainers, top_losers, nepse_index, supply_demand",5656
2026-08-21T12:34:03.915619+05:45,2026-08-21 12:34:03,live_market,live_market_95,True,cloud_automated,Friday - Trading Hours: 11:00 AM - 1:00 PM NPT,2887,NIC ASIA Laghubitta Bittiya Sanstha Limited,NICLBSL,58.0,1437.0,545.0,0.28,543.5,,544.0,545.0,540.0,779407.7,2026-08-21 12:31:40.390064,10.0,542.39,,,,,,,,,,,,,,7,"price_volume, live_market, summary, top_gainers, top_losers, nepse_index, supply_demand",5656
2026-08-21T12:34:03.915619+05:45,2026-08-21 12:34:03,live_market,live_market_96,True,cloud_automated,Friday - Trading Hours: 11:00 AM - 1:00 PM NPT,153,Butwal Power Company Limited,BPCL,58.0,33606.0,658.6,0.55,655.0,,655.0,658.9,648.0,21857332.3,2026-08-21 12:31:36.870797,10.0,650.4,,,,,,,,,,,,,,7,"price_volume, live_market, summary, top_gainers, top_losers, nepse_index, supply_demand",5656
2026-08-21T12:34:03.915619+05:45,2026-08-21 12:34:03,live_market,live_market_97,True,cloud_automated,Friday - Trading Hours: 11:00 AM - 1:00 PM NPT,2792,Upper Tamakoshi Hydropower Ltd,UPPER,58.0,15666.0,191.1,0.05,191.0,,192.0,192.0,191.0,2999954.8,2026-08-21 12:31:36.3218,245.0,191.49,,,,,,,,,,,,,,7,"price_volume, live_market, summary, top_gainers, top_losers, nepse_index, supply_demand",5656
2026-08-21T12:34:03.915619+05:45,2026-08-21 12:34:03,live_market,live_market_98,True,cloud_automated,Friday - Trading Hours: 11:00 AM - 1:00 PM NPT,2807,Asha Laghubitta Bittiya Sanstha Ltd,ALBSL,58.0,1898.0,1082.0,-2.08,1105.0,,1067.0,1110.0,1067.0,2049179.6,2026-08-21 12:31:35.733071,46.0,1079.65,,,,,,,,,,,,,,7,"price_volume, live_market, summary, top_gainers, top_losers, nepse_index, supply_demand",5656
2026-08-21T12:34:03.915619+05:45,2026-08-21 12:34:03,live_market,live_market_99,True,cloud_automated,Friday - Trading Hours: 11:00 AM - 1:00 PM NPT,9217,Mathillo Mailun Khola Jalvidhyut Limited,MMKJL,58.0,610.0,440.0,0.23,439.0,,439.0,440.0,438.1,267923.0,2026-08-21 12:31:34.522375,100.0,439.22,,,,,,,,,,,,,,7,"price_volume, live_market, summary, top_gainers, top_losers, nepse_index, supply_demand",5656
2026-08-21T12:34:03.915619+05:45,2026-08-21 12:34:03,live_market,live_market_100,True,cloud_automated,Friday - Trading Hours: 11:00 AM - 1:00 PM NPT,2758,Forward Microfinance Laghubitta Bittiya Sanstha Limited,FOWAD,58.0,648.0,910.0,-0.55,915.0,,920.0,920.0,910.0,593450.0,2026-08-21 12:31:32.377794,12.0,915.82,,,,,,,,,,,,,,7,"price_volume, live_market, summary, top_gainers, top_losers, nepse_index, supply_demand",5656
2026-08-21T12:34:03.915619+05:45,2026-08-21 12:34:03,live_market,live_market_101,True,cloud_automated,Friday - Trading Hours: 11:00 AM - 1:00 PM NPT,180,United Ajod Insurance Limited,UAIL,58.0,5585.0,425.0,-0.93,429.0,,429.0,433.0,422.1,2375107.6,2026-08-21 12:31:30.092736,1.0,425.27,,,,,,,,,,,,,,7,"price_volume, live_market, summary, top_gainers, top_losers, nepse_index, supply_demand",5656
2026-08-21T12:34:03.915619+05:45,2026-08-21 12:34:03,live_market,live_market_102,True,cloud_automated,Friday - Trading Hours: 11:00 AM - 1:00 PM NPT,154,Chilime Hydropower Company Limited,CHCL,58.0,16174.0,493.5,2.0,483.8,,483.0,494.0,480.0,7893044.4,2026-08-21 12:31:29.791724,29.0,488.01,,,,,,,,,,,,,,7,"price_volume, live_market, summary, top_gainers, top_losers, nepse_index, supply_demand",5656
2026-08-21T12:34:03.915619+05:45,2026-08-21 12:34:03,live_market,live_market_103,True,cloud_automated,Friday - Trading Hours: 11:00 AM - 1:00 PM NPT,235,Himalayan Distillery Limited,HDL,58.0,2338.0,1177.0,0.0,1177.0,,1178.0,1182.0,1175.1,2753164.7,2026-08-21 12:31:28.869541,11.0,1177.57,,,,,,,,,,,,,,7,"price_volume, live_market, summary, top_gainers, top_losers, nepse_index, supply_demand",5656
2026-08-21T12:34:03.915619+05:45,2026-08-21 12:34:03,live_market,live_market_104,True,cloud_automated,Friday - Trading Hours: 11:00 AM - 1:00 PM NPT,9151,Kalinchowk Darshan Limited,KDL,58.0,1274.0,762.0,-0.26,764.0,,764.0,764.0,756.0,969757.0,2026-08-21 12:31:28.523233,264.0,761.19,,,,,,,,,,,,,,7,"price_volume, live_market, summary, top_gainers, top_losers, nepse_index, supply_demand",5656
2026-08-21T12:34:03.915619+05:45,2026-08-21 12:34:03,live_market,live_market_105,True,cloud_automated,Friday - Trading Hours: 11:00 AM - 1:00 PM NPT,9329,Shikhar power Development Limited,SIPD,58.0,1200.0,660.0,-0.45,663.0,,647.0,663.0,647.0,783469.0,2026-08-21 12:31:27.780831,10.0,652.89,,,,,,,,,,,,,,7,"price_volume, live_market, summary, top_gainers, top_losers, nepse_index, supply_demand",5656
2026-08-21T12:34:03.915619+05:45,2026-08-21 12:34:03,live_market,live_market_106,True,cloud_automated,Friday - Trading Hours: 11:00 AM - 1:00 PM NPT,474,Muktinath Bikas Bank Ltd.,MNBBL,58.0,4343.0,361.9,0.53,360.0,,360.0,361.9,360.0,1567160.9,2026-08-21 12:31:23.138137,165.0,360.85,,,,,,,,,,,,,,7,"price_volume, live_market, summary, top_gainers, top_losers, nepse_index, supply_demand",5656
2026-08-21T12:34:03.915619+05:45,2026-08-21 12:34:03,live_market,live_market_107,True,cloud_automated,Friday - Trading Hours: 11:00 AM - 1:00 PM NPT,141,Laxmi Sunrise Bank Limited,LSL,58.0,11909.0,220.0,0.32,219.3,,220.0,220.0,218.2,2617949.4,2026-08-21 12:31:22.301443,2000.0,219.83,,,,,,,,,,,,,,7,"price_volume, live_market, summary, top_gainers, top_losers, nepse_index, supply_demand",5656
2026-08-21T12:34:03.915619+05:45,2026-08-21 12:34:03,live_market,live_market_108,True,cloud_automated,Friday - Trading Hours: 11:00 AM - 1:00 PM NPT,9347,Everest Colour Limited,ECL,58.0,2180.0,1440.0,-0.83,1452.0,,1430.0,1455.0,1430.0,3145028.0,2026-08-21 12:31:21.790163,10.0,1442.67,,,,,,,,,,,,,,7,"price_volume, live_market, summary, top_gainers, top_losers, nepse_index, supply_demand",5656
2026-08-21T12:34:03.915619+05:45,2026-08-21 12:34:03,live_market,live_market_109,True,cloud_automated,Friday - Trading Hours: 11:00 AM - 1:00 PM NPT,183,Neco Insurance Limited,NIL,58.0,1838.0,600.0,0.28,598.3,,599.0,600.0,598.0,1099796.1,2026-08-21 12:31:21.096404,40.0,598.37,,,,,,,,,,,,,,7,"price_volume, live_market, summary, top_gainers, top_losers, nepse_index, supply_demand",5656
2026-08-21T12:34:03.915619+05:45,2026-08-21 12:34:03,live_market,live_market_110,True,cloud_automated,Friday - Trading Hours: 11:00 AM - 1:00 PM NPT,8055,Balephi Hydropower Limited,BHL,58.0,13161.0,209.0,0.48,208.0,,209.0,209.9,208.0,2745055.1,2026-08-21 12:31:19.336973,300.0,208.57,,,,,,,,,,,,,,7,"price_volume, live_market, summary, top_gainers, top_losers, nepse_index, supply_demand",5656
2026-08-21T12:34:03.915619+05:45,2026-08-21 12:34:03,live_market,live_market_111,True,cloud_automated,Friday - Trading Hours: 11:00 AM - 1:00 PM NPT,490,First Micro Finance Laghubitta Bittiya Sanstha Limited,FMDBL,58.0,380.0,767.1,-0.23,768.9,,780.0,780.0,761.0,292682.0,2026-08-21 12:31:16.199491,50.0,770.22,,,,,,,,,,,,,,7,"price_volume, live_market, summary, top_gainers, top_losers, nepse_index, supply_demand",5656
2026-08-21T12:34:03.915619+05:45,2026-08-21 12:34:03,live_market,live_market_112,True,cloud_automated,Friday - Trading Hours: 11:00 AM - 1:00 PM NPT,9267,Bikash Hydropower Company Limited,BHCL,58.0,23045.0,551.5,-1.5,559.9,,540.0,564.2,540.0,12748865.8,2026-08-21 12:31:16.178632,10.0,553.22,,,,,,,,,,,,,,7,"price_volume, live_market, summary, top_gainers, top_losers, nepse_index, supply_demand",5656
2026-08-21T12:34:03.915619+05:45,2026-08-21 12:34:03,live_market,live_market_113,True,cloud_automated,Friday - Trading Hours: 11:00 AM - 1:00 PM NPT,9148,Super Mai Hydropower Limited,SMH,58.0,1307.0,512.0,-0.39,514.0,,514.0,514.0,508.0,665980.9,2026-08-21 12:31:15.834866,12.0,509.55,,,,,,,,,,,,,,7,"price_volume, live_market, summary, top_gainers, top_losers, nepse_index, supply_demand",5656
2026-08-21T12:34:03.915619+05:45,2026-08-21 12:34:03,live_market,live_market_114,True,cloud_automated,Friday - Trading Hours: 11:00 AM - 1:00 PM NPT,2806,Ghalemdi Hydro Limited,GHL,58.0,38633.0,233.0,-0.81,234.9,,231.1,237.9,231.1,9062951.7,2026-08-21 12:31:12.223903,10.0,234.59,,,,,,,,,,,,,,7,"price_volume, live_market, summary, top_gainers, top_losers, nepse_index, supply_demand",5656
2026-08-21T12:34:03.915619+05:45,2026-08-21 12:34:03,live_market,live_market_115,True,cloud_automated,Friday - Trading Hours: 11:00 AM - 1:00 PM NPT,697,Api Power Company Ltd.,API,58.0,51923.0,336.0,0.18,335.4,,335.0,336.0,332.3,17330269.8,2026-08-21 12:31:09.899999,36.0,333.77,,,,,,,,,,,,,,7,"price_volume, live_market, summary, top_gainers, top_losers, nepse_index, supply_demand",5656
2026-08-21T12:34:03.915619+05:45,2026-08-21 12:34:03,live_market,live_market_116,True,cloud_automated,Friday - Trading Hours: 11:00 AM - 1:00 PM NPT,172,Narayani Development Bank Limited,NABBC,58.0,7545.0,806.0,0.24,804.1,,805.0,809.0,800.0,6058624.0,2026-08-21 12:31:08.888528,10.0,803.0,,,,,,,,,,,,,,7,"price_volume, live_market, summary, top_gainers, top_losers, nepse_index, supply_demand",5656
2026-08-21T12:34:03.915619+05:45,2026-08-21 12:34:03,live_market,live_market_117,True,cloud_automated,Friday - Trading Hours: 11:00 AM - 1:00 PM NPT,9312,Nepal Life Samriddhi Lagani Yojana,NSY,58.0,900.0,9.05,-0.55,9.1,,8.86,9.05,8.86,8116.0,2026-08-21 12:31:05.250042,100.0,9.02,,,,,,,,,,,,,,7,"price_volume, live_market, summary, top_gainers, top_losers, nepse_index, supply_demand",5656
2026-08-21T12:34:03.915619+05:45,2026-08-21 12:34:03,live_market,live_market_118,True,cloud_automated,Friday - Trading Hours: 11:00 AM - 1:00 PM NPT,9171,Bhugol Energy Development Company Limited,BEDC,58.0,2743.0,309.0,0.65,307.0,,307.2,312.0,307.2,849836.0,2026-08-21 12:31:02.992211,100.0,309.82,,,,,,,,,,,,,,7,"price_volume, live_market, summary, top_gainers, top_losers, nepse_index, supply_demand",5656
2026-08-21T12:34:03.915619+05:45,2026-08-21 12:34:03,live_market,live_market_119,True,cloud_automated,Friday - Trading Hours: 11:00 AM - 1:00 PM NPT,8025,Samling Power Company Limited,SPC,58.0,2240.0,410.0,-1.58,416.6,,411.0,416.0,404.4,921206.7,2026-08-21 12:31:00.494548,63.0,411.25,,,,,,,,,,,,,,7,"price_volume, live_market, summary, top_gainers, top_losers, nepse_index, supply_demand",5656
2026-08-21T12:34:03.915619+05:45,2026-08-21 12:34:03,live_market,live_market_120,True,cloud_automated,Friday - Trading Hours: 11:00 AM - 1:00 PM NPT,9353,Sarvottam Paints Industries Limited,SAPIL,58.0,240.0,797.6,14.99,693.6,,714.4,797.6,714.4,189405.0,2026-08-21 12:30:59.962413,10.0,789.19,,,,,,,,,,,,,,7,"price_volume, live_market, summary, top_gainers, top_losers, nepse_index, supply_demand",5656
2026-08-21T12:34:03.915619+05:45,2026-08-21 12:34:03,live_market,live_market_121,True,cloud_automated,Friday - Trading Hours: 11:00 AM - 1:00 PM NPT,307,Nepal Doorsanchar Company Limited,NTC,58.0,3945.0,891.0,-0.83,898.5,,900.0,900.0,880.0,3497673.5,2026-08-21 12:30:57.808237,25.0,886.61,,,,,,,,,,,,,,7,"price_volume, live_market, summary, top_gainers, top_losers, nepse_index, supply_demand",5656
2026-08-21T12:34:03.915619+05:45,2026-08-21 12:34:03,live_market,live_market_122,True,cloud_automated,Friday - Trading Hours: 11:00 AM - 1:00 PM NPT,418,Jyoti Bikas Bank Limited,JBBL,58.0,8835.0,336.0,0.6,334.0,,333.0,336.0,330.0,2933070.1,2026-08-21 12:30:55.15379,100.0,331.98,,,,,,,,,,,,,,7,"price_volume, live_market, summary, top_gainers, top_losers, nepse_index, supply_demand",5656
2026-08-21T12:34:03.915619+05:45,2026-08-21 12:34:03,live_market,live_market_123,True,cloud_automated,Friday - Trading Hours: 11:00 AM - 1:00 PM NPT,9305,Salapa Bikas Bank Limited,SABBL,58.0,1765.0,918.0,-1.29,930.0,,929.6,937.0,916.3,1630021.3,2026-08-21 12:30:53.905328,10.0,923.52,,,,,,,,,,,,,,7,"price_volume, live_market, summary, top_gainers, top_losers, nepse_index, supply_demand",5656
2026-08-21T12:34:03.915619+05:45,2026-08-21 12:34:03,live_market,live_market_124,True,cloud_automated,Friday - Trading Hours: 11:00 AM - 1:00 PM NPT,163,Nirdhan Utthan Laghubitta Bittiya Sanstha Limited,NUBL,58.0,3716.0,590.0,0.0,590.0,,590.0,590.0,585.0,2178471.0,2026-08-21 12:30:52.541383,30.0,586.24,,,,,,,,,,,,,,7,"price_volume, live_market, summary, top_gainers, top_losers, nepse_index, supply_demand",5656
2026-08-21T12:34:03.915619+05:45,2026-08-21 12:34:03,live_market,live_market_125,True,cloud_automated,Friday - Trading Hours: 11:00 AM - 1:00 PM NPT,2743,Ngadi Group Power Ltd.,NGPL,58.0,46084.0,410.5,-0.36,412.0,,411.9,412.0,408.7,18891010.6,2026-08-21 12:30:51.584056,20.0,409.93,,,,,,,,,,,,,,7,"price_volume, live_market, summary, top_gainers, top_losers, nepse_index, supply_demand",5656
2026-08-21T12:34:03.915619+05:45,2026-08-21 12:34:03,live_market,live_market_126,True,cloud_automated,Friday - Trading Hours: 11:00 AM - 1:00 PM NPT,2810,UNIVERSAL POWER COMPANY LTD,UPCL,58.0,5342.0,345.0,0.58,343.0,,347.0,347.0,345.0,1844981.5,2026-08-21 12:30:50.277954,220.0,345.37,,,,,,,,,,,,,,7,"price_volume, live_market, summary, top_gainers, top_losers, nepse_index, supply_demand",5656
2026-08-21T12:34:03.915619+05:45,2026-08-21 12:34:03,live_market,live_market_127,True,cloud_automated,Friday - Trading Hours: 11:00 AM - 1:00 PM NPT,2907,Shiva Shree Hydropower Ltd,SSHL,58.0,15071.0,201.0,0.5,200.0,,200.0,203.0,198.9,3011761.7,2026-08-21 12:30:49.394637,100.0,199.84,,,,,,,,,,,,,,7,"price_volume, live_market, summary, top_gainers, top_losers, nepse_index, supply_demand",5656
2026-08-21T12:34:03.915619+05:45,2026-08-21 12:34:03,live_market,live_market_128,True,cloud_automated,Friday - Trading Hours: 11:00 AM - 1:00 PM NPT,471,Multipurpose Finance Company  Limited,MPFL,58.0,50.0,620.9,1.12,614.0,,610.2,621.9,610.2,30948.0,2026-08-21 12:30:48.93025,30.0,618.96,,,,,,,,,,,,,,7,"price_volume, live_market, summary, top_gainers, top_losers, nepse_index, supply_demand",5656
2026-08-21T12:34:03.915619+05:45,2026-08-21 12:34:03,live_market,live_market_129,True,cloud_automated,Friday - Trading Hours: 11:00 AM - 1:00 PM NPT,9156,Sanima Middle Tamor Hydropower Limited,TAMOR,58.0,171736.0,484.0,0.46,481.8,,485.0,487.0,476.0,82573885.2,2026-08-21 12:30:45.252193,100.0,480.82,,,,,,,,,,,,,,7,"price_volume, live_market, summary, top_gainers, top_losers, nepse_index, supply_demand",5656
2026-08-21T12:34:03.915619+05:45,2026-08-21 12:34:03,live_market,live_market_130,True,cloud_automated,Friday - Trading Hours: 11:00 AM - 1:00 PM NPT,9334,Kalinchock Hydropower Limited,KHPL,58.0,750.0,782.0,-0.38,785.0,,795.0,795.0,778.0,586870.0,2026-08-21 12:30:39.453926,440.0,782.49,,,,,,,,,,,,,,7,"price_volume, live_market, summary, top_gainers, top_losers, nepse_index, supply_demand",5656
2026-08-21T12:34:03.915619+05:45,2026-08-21 12:34:03,live_market,live_market_131,True,cloud_automated,Friday - Trading Hours: 11:00 AM - 1:00 PM NPT,2813,Panchthar Power Compant Limited,PPCL,58.0,265.0,333.3,-0.51,335.0,,340.0,344.0,333.3,89682.5,2026-08-21 12:30:39.342663,75.0,338.42,,,,,,,,,,,,,,7,"price_volume, live_market, summary, top_gainers, top_losers, nepse_index, supply_demand",5656
2026-08-21T12:34:03.915619+05:45,2026-08-21 12:34:03,live_market,live_market_132,True,cloud_automated,Friday - Trading Hours: 11:00 AM - 1:00 PM NPT,417,Garima Bikas Bank Limited,GBBL,58.0,2692.0,423.0,-0.12,423.5,,423.0,423.5,420.8,1137075.9,2026-08-21 12:30:36.377762,41.0,422.39,,,,,,,,,,,,,,7,"price_volume, live_market, summary, top_gainers, top_losers, nepse_index, supply_demand",5656
2026-08-21T12:34:03.915619+05:45,2026-08-21 12:34:03,live_market,live_market_133,True,cloud_automated,Friday - Trading Hours: 11:00 AM - 1:00 PM NPT,9230,Muktinath Krishi Company Limited,MKCL,58.0,872.0,950.0,-1.04,960.0,,948.0,950.0,948.0,828360.0,2026-08-21 12:30:34.226007,100.0,949.95,,,,,,,,,,,,,,7,"price_volume, live_market, summary, top_gainers, top_losers, nepse_index, supply_demand",5656
2026-08-21T12:34:03.915619+05:45,2026-08-21 12:34:03,live_market,live_market_134,True,cloud_automated,Friday - Trading Hours: 11:00 AM - 1:00 PM NPT,341,Global IME Bank Limited,GBIME,58.0,36945.0,248.0,0.2,247.5,,247.5,249.0,245.3,9154895.6,2026-08-21 12:30:34.03315,5000.0,247.8,,,,,,,,,,,,,,7,"price_volume, live_market, summary, top_gainers, top_losers, nepse_index, supply_demand",5656
2026-08-21T12:34:03.915619+05:45,2026-08-21 12:34:03,live_market,live_market_135,True,cloud_automated,Friday - Trading Hours: 11:00 AM - 1:00 PM NPT,2924,GreenLife Hydropower Limited,GLH,58.0,6152.0,258.0,1.18,255.0,,258.8,258.8,254.0,1576339.0,2026-08-21 12:30:33.893637,890.0,256.23,,,,,,,,,,,,,,7,"price_volume, live_market, summary, top_gainers, top_losers, nepse_index, supply_demand",5656
2026-08-21T12:34:03.915619+05:45,2026-08-21 12:34:03,live_market,live_market_136,True,cloud_automated,Friday - Trading Hours: 11:00 AM - 1:00 PM NPT,9301,Shreenagar Agritech Industries Limited,SAIL,58.0,2846.0,1036.1,-0.95,1046.0,,1025.0,1055.7,1025.0,2958951.0,2026-08-21 12:30:33.29813,10.0,1039.69,,,,,,,,,,,,,,7,"price_volume, live_market, summary, top_gainers, top_losers, nepse_index, supply_demand",5656
2026-08-21T12:34:03.915619+05:45,2026-08-21 12:34:03,live_market,live_market_137,True,cloud_automated,Friday - Trading Hours: 11:00 AM - 1:00 PM NPT,2903,Liberty Energy Company Limited,LEC,58.0,81416.0,220.6,-0.5,221.7,,220.4,221.8,219.0,17882725.7,2026-08-21 12:30:32.056502,10.0,219.65,,,,,,,,,,,,,,7,"price_volume, live_market, summary, top_gainers, top_losers, nepse_index, supply_demand",5656
2026-08-21T12:34:03.915619+05:45,2026-08-21 12:34:03,live_market,live_market_138,True,cloud_automated,Friday - Trading Hours: 11:00 AM - 1:00 PM NPT,8104,Upper Solu Hydro Electric Company Limited,USHEC,58.0,9052.0,512.0,0.2,511.0,,501.4,512.0,501.4,4607727.4,2026-08-21 12:30:31.951146,19.0,509.03,,,,,,,,,,,,,,7,"price_volume, live_market, summary, top_gainers, top_losers, nepse_index, supply_demand",5656
2026-08-21T12:34:03.915619+05:45,2026-08-21 12:34:03,live_market,live_market_139,True,cloud_automated,Friday - Trading Hours: 11:00 AM - 1:00 PM NPT,9252,Crest Micro Life Insurance Limited,CREST,58.0,1090.0,1130.0,-1.22,1144.0,,1120.0,1177.0,1115.0,1227947.0,2026-08-21 12:30:31.763474,10.0,1126.56,,,,,,,,,,,,,,7,"price_volume, live_market, summary, top_gainers, top_losers, nepse_index, supply_demand",5656
2026-08-21T12:34:03.915619+05:45,2026-08-21 12:34:03,live_market,live_market_140,True,cloud_automated,Friday - Trading Hours: 11:00 AM - 1:00 PM NPT,9201,Sun Nepal Life Insurance Company Limited,SNLI,58.0,2430.0,401.4,0.25,400.4,,402.0,403.0,400.0,975589.6,2026-08-21 12:30:28.116615,10.0,401.48,,,,,,,,,,,,,,7,"price_volume, live_market, summary, top_gainers, top_losers, nepse_index, supply_demand",5656
2026-08-21T12:34:03.915619+05:45,2026-08-21 12:34:03,live_market,live_market_141,True,cloud_automated,Friday - Trading Hours: 11:00 AM - 1:00 PM NPT,396,Nerude Mirmire Laghubitta Bittiya Sanstha Limited,NMLBBL,58.0,627.0,499.0,-0.2,500.0,,491.0,500.0,491.0,311887.0,2026-08-21 12:30:25.61221,10.0,497.43,,,,,,,,,,,,,,7,"price_volume, live_market, summary, top_gainers, top_losers, nepse_index, supply_demand",5656
2026-08-21T12:34:03.915619+05:45,2026-08-21 12:34:03,live_market,live_market_142,True,cloud_automated,Friday - Trading Hours: 11:00 AM - 1:00 PM NPT,8122,People's Power Limited,PPL,58.0,9428.0,315.5,0.48,314.0,,298.3,318.9,298.3,2919803.5,2026-08-21 12:30:22.778443,15.0,309.69,,,,,,,,,,,,,,7,"price_volume, live_market, summary, top_gainers, top_losers, nepse_index, supply_demand",5656
2026-08-21T12:34:03.915619+05:45,2026-08-21 12:34:03,live_market,live_market_143,True,cloud_automated,Friday - Trading Hours: 11:00 AM - 1:00 PM NPT,593,Kalika Laghubitta Bittiya Sanstha Ltd,KMCDB,58.0,287.0,775.1,-0.63,780.0,,766.1,784.0,766.1,223542.7,2026-08-21 12:30:21.23011,17.0,778.89,,,,,,,,,,,,,,7,"price_volume, live_market, summary, top_gainers, top_losers, nepse_index, supply_demand",5656
2026-08-21T12:34:03.915619+05:45,2026-08-21 12:34:03,live_market,live_market_144,True,cloud_automated,Friday - Trading Hours: 11:00 AM - 1:00 PM NPT,9209,Citizen Life Insurance Company Limited,CLI,58.0,3058.0,433.0,-1.59,440.0,,462.0,462.0,433.0,1339631.6,2026-08-21 12:30:08.265492,13.0,438.07,,,,,,,,,,,,,,7,"price_volume, live_market, summary, top_gainers, top_losers, nepse_index, supply_demand",5656
2026-08-21T12:34:03.915619+05:45,2026-08-21 12:34:03,live_market,live_market_145,True,cloud_automated,Friday - Trading Hours: 11:00 AM - 1:00 PM NPT,2831,Union Hydropower Limited,UNHPL,58.0,4600.0,375.0,0.81,372.0,,373.0,375.0,367.0,1697102.0,2026-08-21 12:30:07.819933,21.0,368.94,,,,,,,,,,,,,,7,"price_volume, live_market, summary, top_gainers, top_losers, nepse_index, supply_demand",5656
2026-08-21T12:34:03.915619+05:45,2026-08-21 12:34:03,live_market,live_market_146,True,cloud_automated,Friday - Trading Hours: 11:00 AM - 1:00 PM NPT,3946,CEDB Holdings Limited,CHDC,58.0,1578.0,2214.9,0.41,2205.9,,2204.0,2214.9,2192.0,3473748.1,2026-08-21 12:30:07.487109,45.0,2201.36,,,,,,,,,,,,,,7,"price_volume, live_market, summary, top_gainers, top_losers, nepse_index, supply_demand",5656
2026-08-21T12:34:03.915619+05:45,2026-08-21 12:34:03,live_market,live_market_147,True,cloud_automated,Friday - Trading Hours: 11:00 AM - 1:00 PM NPT,9300,Jhapa Energy Limited,JHAPA,58.0,204.0,1038.0,-0.19,1040.0,,1037.0,1039.9,1037.0,211587.0,2026-08-21 12:30:05.393735,10.0,1037.19,,,,,,,,,,,,,,7,"price_volume, live_market, summary, top_gainers, top_losers, nepse_index, supply_demand",5656
2026-08-21T12:34:03.915619+05:45,2026-08-21 12:34:03,live_market,live_market_148,True,cloud_automated,Friday - Trading Hours: 11:00 AM - 1:00 PM NPT,8026,Nyadi Hydropower Limited,NYADI,58.0,1449.0,358.1,-0.25,359.0,,356.2,366.0,356.0,523297.7,2026-08-21 12:29:59.188805,10.0,361.14,,,,,,,,,,,,,,7,"price_volume, live_market, summary, top_gainers, top_losers, nepse_index, supply_demand",5656
2026-08-21T12:34:03.915619+05:45,2026-08-21 12:34:03,live_market,live_market_149,True,cloud_automated,Friday - Trading Hours: 11:00 AM - 1:00 PM NPT,2824,Himalaya Urja Bikas Company Limited,HURJA,58.0,3907.0,240.0,0.88,237.9,,238.0,241.9,238.0,939493.0,2026-08-21 12:29:52.966689,100.0,240.46,,,,,,,,,,,,,,7,"price_volume, live_market, summary, top_gainers, top_losers, nepse_index, supply_demand",5656
2026-08-21T12:34:03.915619+05:45,2026-08-21 12:34:03,live_market,live_market_150,True,cloud_automated,Friday - Trading Hours: 11:00 AM - 1:00 PM NPT,2860,Saptakoshi Development Bank Ltd,SAPDBL,58.0,3723.0,717.0,0.43,713.9,,680.0,724.0,680.0,2660694.1,2026-08-21 12:29:52.838061,190.0,714.66,,,,,,,,,,,,,,7,"price_volume, live_market, summary, top_gainers, top_losers, nepse_index, supply_demand",5656
2026-08-21T12:34:03.915619+05:45,2026-08-21 12:34:03,live_market,live_market_151,True,cloud_automated,Friday - Trading Hours: 11:00 AM - 1:00 PM NPT,2744,Green Development Bank Ltd.,GRDBL,58.0,4065.0,965.0,-1.48,979.5,,980.0,980.0,957.3,3903948.8,2026-08-21 12:29:47.01448,20.0,960.38,,,,,,,,,,,,,,7,"price_volume, live_market, summary, top_gainers, top_losers, nepse_index, supply_demand",5656
2026-08-21T12:34:03.915619+05:45,2026-08-21 12:34:03,live_market,live_market_152,True,cloud_automated,Friday - Trading Hours: 11:00 AM - 1:00 PM NPT,204,Gurkhas Finance Ltd.,GUFL,58.0,1180.0,537.7,0.5,535.0,,540.0,540.0,534.0,636290.0,2026-08-21 12:29:46.666329,100.0,539.23,,,,,,,,,,,,,,7,"price_volume, live_market, summary, top_gainers, top_losers, nepse_index, supply_demand",5656
2026-08-21T12:34:03.915619+05:45,2026-08-21 12:34:03,live_market,live_market_153,True,cloud_automated,Friday - Trading Hours: 11:00 AM - 1:00 PM NPT,687,Vijaya laghubitta Bittiya Sanstha Ltd.,VLBS,58.0,140.0,647.0,-0.46,650.0,,640.1,648.0,640.1,90422.0,2026-08-21 12:29:42.831971,10.0,645.87,,,,,,,,,,,,,,7,"price_volume, live_market, summary, top_gainers, top_losers, nepse_index, supply_demand",5656
2026-08-21T12:34:03.915619+05:45,2026-08-21 12:34:03,live_market,live_market_154,True,cloud_automated,Friday - Trading Hours: 11:00 AM - 1:00 PM NPT,5982,Sanima Reliance Life Insurance Limited,SRLI,58.0,1555.0,366.4,-0.19,367.1,,366.0,369.8,366.0,570935.4,2026-08-21 12:29:40.664408,12.0,367.16,,,,,,,,,,,,,,7,"price_volume, live_market, summary, top_gainers, top_losers, nepse_index, supply_demand",5656
2026-08-21T12:34:03.915619+05:45,2026-08-21 12:34:03,live_market,live_market_155,True,cloud_automated,Friday - Trading Hours: 11:00 AM - 1:00 PM NPT,2915,Prabhu Mahalaxmi Life Insurance Limited,PMLI,58.0,541.0,425.0,0.0,425.0,,421.0,425.0,421.0,228713.8,2026-08-21 12:29:34.995845,2.0,422.76,,,,,,,,,,,,,,7,"price_volume, live_market, summary, top_gainers, top_losers, nepse_index, supply_demand",5656
2026-08-21T12:34:03.915619+05:45,2026-08-21 12:34:03,live_market,live_market_156,True,cloud_automated,Friday - Trading Hours: 11:00 AM - 1:00 PM NPT,133,Standard Chartered Bank Limited,SCB,58.0,1146.0,650.0,0.0,650.0,,651.0,655.0,648.0,747834.4,2026-08-21 12:29:31.061685,20.0,652.56,,,,,,,,,,,,,,7,"price_volume, live_market, summary, top_gainers, top_losers, nepse_index, supply_demand",5656
2026-08-21T12:34:03.915619+05:45,2026-08-21 12:34:03,live_market,live_market_157,True,cloud_automated,Friday - Trading Hours: 11:00 AM - 1:00 PM NPT,2790,Aarambha Chautari Laghubitta Bittiya Sanstha Limited,ACLBSL,58.0,229.0,895.8,-1.45,909.0,,892.0,898.1,892.0,205238.2,2026-08-21 12:29:22.934764,13.0,896.24,,,,,,,,,,,,,,7,"price_volume, live_market, summary, top_gainers, top_losers, nepse_index, supply_demand",5656
2026-08-21T12:34:03.915619+05:45,2026-08-21 12:34:03,live_market,live_market_158,True,cloud_automated,Friday - Trading Hours: 11:00 AM - 1:00 PM NPT,8076,Himalayan Hydropower Limited,HHL,58.0,3902.0,329.0,-0.03,329.1,,325.5,338.0,325.0,1279561.0,2026-08-21 12:29:17.327088,200.0,327.92,,,,,,,,,,,,,,7,"price_volume, live_market, summary, top_gainers, top_losers, nepse_index, supply_demand",5656
2026-08-21T12:34:03.915619+05:45,2026-08-21 12:34:03,live_market,live_market_159,True,cloud_automated,Friday - Trading Hours: 11:00 AM - 1:00 PM NPT,9149,Maya Khola Hydropower Company Limited,MKHC,58.0,12917.0,257.8,-1.19,260.9,,262.0,262.0,256.7,3347510.0,2026-08-21 12:29:17.22031,320.0,259.16,,,,,,,,,,,,,,7,"price_volume, live_market, summary, top_gainers, top_losers, nepse_index, supply_demand",5656
2026-08-21T12:34:03.915619+05:45,2026-08-21 12:34:03,live_market,live_market_160,True,cloud_automated,Friday - Trading Hours: 11:00 AM - 1:00 PM NPT,9351,Reliable Samriddhi Yojana -2,RSY2,58.0,1700.0,8.81,-1.89,8.98,,9.0,9.15,8.73,15201.0,2026-08-21 12:29:08.645209,100.0,8.94,,,,,,,,,,,,,,7,"price_volume, live_market, summary, top_gainers, top_losers, nepse_index, supply_demand",5656
2026-08-21T12:34:03.915619+05:45,2026-08-21 12:34:03,live_market,live_market_161,True,cloud_automated,Friday - Trading Hours: 11:00 AM - 1:00 PM NPT,2788,Ankhu Khola Jalvidhyut Company Ltd,AKJCL,58.0,58136.0,355.0,0.0,355.0,,355.9,357.9,354.0,20697288.8,2026-08-21 12:29:07.956279,422.0,356.02,,,,,,,,,,,,,,7,"price_volume, live_market, summary, top_gainers, top_losers, nepse_index, supply_demand",5656
2026-08-21T12:34:03.915619+05:45,2026-08-21 12:34:03,live_market,live_market_162,True,cloud_automated,Friday - Trading Hours: 11:00 AM - 1:00 PM NPT,2781,Wean Nepal Laghubitta Bittiya Sanstha Limited,WNLB,58.0,92.0,1265.0,-2.77,1301.0,,1280.1,1280.1,1265.0,116962.0,2026-08-21 12:28:54.670605,50.0,1271.33,,,,,,,,,,,,,,7,"price_volume, live_market, summary, top_gainers, top_losers, nepse_index, supply_demand",5656
2026-08-21T12:34:03.915619+05:45,2026-08-21 12:34:03,live_market,live_market_163,True,cloud_automated,Friday - Trading Hours: 11:00 AM - 1:00 PM NPT,9176,Ingwa Hydropower Limited,IHL,58.0,660.0,325.1,-0.28,326.0,,326.0,329.8,325.0,214963.0,2026-08-21 12:28:53.501661,50.0,325.7,,,,,,,,,,,,,,7,"price_volume, live_market, summary, top_gainers, top_losers, nepse_index, supply_demand",5656
2026-08-21T12:34:03.915619+05:45,2026-08-21 12:34:03,live_market,live_market_164,True,cloud_automated,Friday - Trading Hours: 11:00 AM - 1:00 PM NPT,2757,Arun Kabeli Power Ltd.,AKPL,58.0,3722.0,250.5,0.28,249.8,,250.0,252.3,250.0,934336.8,2026-08-21 12:28:50.826829,3.0,251.03,,,,,,,,,,,,,,7,"price_volume, live_market, summary, top_gainers, top_losers, nepse_index, supply_demand",5656
2026-08-21T12:34:03.915619+05:45,2026-08-21 12:34:03,live_market,live_market_165,True,cloud_automated,Friday - Trading Hours: 11:00 AM - 1:00 PM NPT,9170,Dolti Power Company Limited,DOLTI,58.0,7151.0,309.0,0.03,308.9,,311.9,311.9,307.5,2207170.8,2026-08-21 12:28:49.738891,100.0,308.65,,,,,,,,,,,,,,7,"price_volume, live_market, summary, top_gainers, top_losers, nepse_index, supply_demand",5656
2026-08-21T12:34:03.915619+05:45,2026-08-21 12:34:03,live_market,live_market_166,True,cloud_automated,Friday - Trading Hours: 11:00 AM - 1:00 PM NPT,8032,Buddha Bhumi Nepal Hydropower Company Limited,BNHC,58.0,3040.0,279.0,-0.29,279.8,,279.8,280.0,276.6,847415.7,2026-08-21 12:28:43.884706,20.0,278.76,,,,,,,,,,,,,,7,"price_volume, live_market, summary, top_gainers, top_losers, nepse_index, supply_demand",5656
2026-08-21T12:34:03.915619+05:45,2026-08-21 12:34:03,live_market,live_market_167,True,cloud_automated,Friday - Trading Hours: 11:00 AM - 1:00 PM NPT,9175,Menchhiyam Hydropower Limited,MCHL,58.0,862.0,275.0,-1.79,280.0,,275.0,288.0,275.0,238534.8,2026-08-21 12:28:39.182411,10.0,276.72,,,,,,,,,,,,,,7,"price_volume, live_market, summary, top_gainers, top_losers, nepse_index, supply_demand",5656
2026-08-21T12:34:03.915619+05:45,2026-08-21 12:34:03,live_market,live_market_168,True,cloud_automated,Friday - Trading Hours: 11:00 AM - 1:00 PM NPT,9216,Sonapur Minerals And Oil Limited,SONA,58.0,3730.0,401.5,0.6,399.1,,399.1,401.9,399.1,1494853.0,2026-08-21 12:28:33.701486,450.0,400.76,,,,,,,,,,,,,,7,"price_volume, live_market, summary, top_gainers, top_losers, nepse_index, supply_demand",5656
2026-08-21T12:34:03.915619+05:45,2026-08-21 12:34:03,live_market,live_market_169,True,cloud_automated,Friday - Trading Hours: 11:00 AM - 1:00 PM NPT,9293,Daramkhola Hydro Energy Limited,DHEL,58.0,1157.0,589.9,0.84,585.0,,585.0,595.0,580.0,677578.3,2026-08-21 12:28:25.975872,17.0,585.63,,,,,,,,,,,,,,7,"price_volume, live_market, summary, top_gainers, top_losers, nepse_index, supply_demand",5656
2026-08-21T12:34:03.915619+05:45,2026-08-21 12:34:03,live_market,live_market_170,True,cloud_automated,Friday - Trading Hours: 11:00 AM - 1:00 PM NPT,574,Sana Kisan Bikas Laghubitta Bittiya Sanstha Limited,SKBBL,58.0,1395.0,752.0,0.27,750.0,,750.0,754.9,750.0,1047418.5,2026-08-21 12:28:22.708927,135.0,750.84,,,,,,,,,,,,,,7,"price_volume, live_market, summary, top_gainers, top_losers, nepse_index, supply_demand",5656
2026-08-21T12:34:03.915619+05:45,2026-08-21 12:34:03,live_market,live_market_171,True,cloud_automated,Friday - Trading Hours: 11:00 AM - 1:00 PM NPT,693,Himalayan Laghubitta Bittiya Sanstha Limited,HLBSL,58.0,80.0,865.0,-1.03,874.0,,856.0,865.0,856.0,68804.0,2026-08-21 12:28:18.047318,36.0,860.05,,,,,,,,,,,,,,7,"price_volume, live_market, summary, top_gainers, top_losers, nepse_index, supply_demand",5656
2026-08-21T12:34:03.915619+05:45,2026-08-21 12:34:03,live_market,live_market_172,True,cloud_automated,Friday - Trading Hours: 11:00 AM - 1:00 PM NPT,2898,NRN Infrastructure and Development Limited,NRN,58.0,4818.0,1384.4,-0.4,1390.0,,1370.0,1393.9,1370.0,6681685.3,2026-08-21 12:28:16.382944,50.0,1386.82,,,,,,,,,,,,,,7,"price_volume, live_market, summary, top_gainers, top_losers, nepse_index, supply_demand",5656
2026-08-21T12:34:03.915619+05:45,2026-08-21 12:34:03,live_market,live_market_173,True,cloud_automated,Friday - Trading Hours: 11:00 AM - 1:00 PM NPT,403,SuryaJyoti Life Insurance Company Limited,SJLIC,58.0,314.0,406.6,-0.83,410.0,,410.0,410.0,401.6,127881.3,2026-08-21 12:28:09.255582,10.0,407.27,,,,,,,,,,,,,,7,"price_volume, live_market, summary, top_gainers, top_losers, nepse_index, supply_demand",5656
2026-08-21T12:34:03.915619+05:45,2026-08-21 12:34:03,live_market,live_market_174,True,cloud_automated,Friday - Trading Hours: 11:00 AM - 1:00 PM NPT,9193,Ghorahi Cement Industry Limited,GCIL,58.0,2599.0,342.0,-0.84,344.9,,340.4,346.0,340.3,886015.3,2026-08-21 12:28:07.2059,10.0,340.91,,,,,,,,,,,,,,7,"price_volume, live_market, summary, top_gainers, top_losers, nepse_index, supply_demand",5656
2026-08-21T12:34:03.915619+05:45,2026-08-21 12:34:03,live_market,live_market_175,True,cloud_automated,Friday - Trading Hours: 11:00 AM - 1:00 PM NPT,9181,Rawa Energy Development Limited,RAWA,58.0,2065.0,420.2,-0.19,421.0,,426.9,426.9,420.0,872312.9,2026-08-21 12:27:55.180569,447.0,422.43,,,,,,,,,,,,,,7,"price_volume, live_market, summary, top_gainers, top_losers, nepse_index, supply_demand",5656
2026-08-21T12:34:03.915619+05:45,2026-08-21 12:34:03,live_market,live_market_176,True,cloud_automated,Friday - Trading Hours: 11:00 AM - 1:00 PM NPT,357,Prime Commercial Bank Ltd.,PCBL,58.0,5359.0,241.0,0.42,240.0,,240.0,241.0,238.0,1283237.6,2026-08-21 12:27:53.216492,151.0,239.45,,,,,,,,,,,,,,7,"price_volume, live_market, summary, top_gainers, top_losers, nepse_index, supply_demand",5656
2026-08-21T12:34:03.915619+05:45,2026-08-21 12:34:03,live_market,live_market_177,True,cloud_automated,Friday - Trading Hours: 11:00 AM - 1:00 PM NPT,473,Shine Resunga Development Bank Ltd.,SHINE,58.0,885.0,409.2,-0.58,411.6,,410.0,410.0,409.0,362262.9,2026-08-21 12:27:43.529101,200.0,409.34,,,,,,,,,,,,,,7,"price_volume, live_market, summary, top_gainers, top_losers, nepse_index, supply_demand",5656
2026-08-21T12:34:03.915619+05:45,2026-08-21 12:34:03,live_market,live_market_178,True,cloud_automated,Friday - Trading Hours: 11:00 AM - 1:00 PM NPT,8123,Dhaulagiri Laghubitta Bittiya Sanstha Limited,DLBS,58.0,354.0,1055.2,-2.66,1084.0,,1081.0,1088.0,1055.2,380755.8,2026-08-21 12:27:35.021164,7.0,1075.58,,,,,,,,,,,,,,7,"price_volume, live_market, summary, top_gainers, top_losers, nepse_index, supply_demand",5656
2026-08-21T12:34:03.915619+05:45,2026-08-21 12:34:03,live_market,live_market_179,True,cloud_automated,Friday - Trading Hours: 11:00 AM - 1:00 PM NPT,2935,Ru Ru Jalbidhyut Pariyojana Limited,RURU,58.0,555.0,603.0,0.0,603.0,,601.0,604.0,601.0,334435.0,2026-08-21 12:26:59.61957,100.0,602.59,,,,,,,,,,,,,,7,"price_volume, live_market, summary, top_gainers, top_losers, nepse_index, supply_demand",5656
2026-08-21T12:34:03.915619+05:45,2026-08-21 12:34:03,live_market,live_market_180,True,cloud_automated,Friday - Trading Hours: 11:00 AM - 1:00 PM NPT,8070,Dordi Khola Jal Bidyut Company Limited,DORDI,58.0,8036.0,249.4,0.16,249.0,,255.0,255.0,248.4,2009176.0,2026-08-21 12:26:46.548112,2847.0,250.02,,,,,,,,,,,,,,7,"price_volume, live_market, summary, top_gainers, top_losers, nepse_index, supply_demand",5656
2026-08-21T12:34:03.915619+05:45,2026-08-21 12:34:03,live_market,live_market_181,True,cloud_automated,Friday - Trading Hours: 11:00 AM - 1:00 PM NPT,8125,NMB Sulav Investment Fund - 2,NSIF2,58.0,191200.0,10.97,-0.27,11.0,,11.1,11.1,10.95,2096128.0,2026-08-21 12:26:43.160276,18402.0,10.96,,,,,,,,,,,,,,7,"price_volume, live_market, summary, top_gainers, top_losers, nepse_index, supply_demand",5656
2026-08-21T12:34:03.915619+05:45,2026-08-21 12:34:03,live_market,live_market_182,True,cloud_automated,Friday - Trading Hours: 11:00 AM - 1:00 PM NPT,178,National Life Insurance Co. Ltd.,NLICL,58.0,5131.0,569.0,1.07,563.0,,563.0,569.0,560.09,2888982.98,2026-08-21 12:26:30.479924,14.0,563.04,,,,,,,,,,,,,,7,"price_volume, live_market, summary, top_gainers, top_losers, nepse_index, supply_demand",5656
2026-08-21T12:34:03.915619+05:45,2026-08-21 12:34:03,live_market,live_market_183,True,cloud_automated,Friday - Trading Hours: 11:00 AM - 1:00 PM NPT,210,Citizen Investment Trust,CIT,58.0,904.0,1697.0,0.12,1695.0,,1691.0,1700.0,1690.0,1530349.0,2026-08-21 12:26:19.32604,1.0,1692.86,,,,,,,,,,,,,,7,"price_volume, live_market, summary, top_gainers, top_losers, nepse_index, supply_demand",5656
2026-08-21T12:34:03.915619+05:45,2026-08-21 12:34:03,live_market,live_market_184,True,cloud_automated,Friday - Trading Hours: 11:00 AM - 1:00 PM NPT,9294,Sagar Distillery Limited,SAGAR,58.0,110.0,1565.0,-0.2,1568.1,,1568.0,1589.0,1561.0,172330.0,2026-08-21 12:26:15.145017,10.0,1566.64,,,,,,,,,,,,,,7,"price_volume, live_market, summary, top_gainers, top_losers, nepse_index, supply_demand",5656
2026-08-21T12:34:03.915619+05:45,2026-08-21 12:34:03,live_market,live_market_185,True,cloud_automated,Friday - Trading Hours: 11:00 AM - 1:00 PM NPT,195,Bottlers Nepal (Balaju) Limited,BNL,58.0,10.0,14500.0,-2.68,14900.0,,14500.0,14500.0,14500.0,145000.0,2026-08-21 12:26:04.568028,10.0,14500.0,,,,,,,,,,,,,,7,"price_volume, live_market, summary, top_gainers, top_losers, nepse_index, supply_demand",5656
2026-08-21T12:34:03.915619+05:45,2026-08-21 12:34:03,live_market,live_market_186,True,cloud_automated,Friday - Trading Hours: 11:00 AM - 1:00 PM NPT,2770,Siddhartha Equity Fund,SEF,58.0,7315.0,9.5,2.15,9.3,,9.28,9.69,9.28,69754.2,2026-08-21 12:26:02.58134,2000.0,9.54,,,,,,,,,,,,,,7,"price_volume, live_market, summary, top_gainers, top_losers, nepse_index, supply_demand",5656
2026-08-21T12:34:03.915619+05:45,2026-08-21 12:34:03,live_market,live_market_187,True,cloud_automated,Friday - Trading Hours: 11:00 AM - 1:00 PM NPT,8126,Sikles Hydropower Limited,SIKLES,58.0,8941.0,571.9,0.86,567.0,,564.1,571.9,564.1,5075297.7,2026-08-21 12:25:58.609428,89.0,567.64,,,,,,,,,,,,,,7,"price_volume, live_market, summary, top_gainers, top_losers, nepse_index, supply_demand",5656
2026-08-21T12:34:03.915619+05:45,2026-08-21 12:34:03,live_market,live_market_188,True,cloud_automated,Friday - Trading Hours: 11:00 AM - 1:00 PM NPT,9183,Nepal Republic Media Limited,NRM,58.0,2648.0,298.0,-0.7,300.1,,300.0,300.0,297.0,787287.0,2026-08-21 12:25:49.800899,38.0,297.31,,,,,,,,,,,,,,7,"price_volume, live_market, summary, top_gainers, top_losers, nepse_index, supply_demand",5656
2026-08-21T12:34:03.915619+05:45,2026-08-21 12:34:03,live_market,live_market_189,True,cloud_automated,Friday - Trading Hours: 11:00 AM - 1:00 PM NPT,9262,Trade Tower Limited,TTL,58.0,1116.0,712.0,0.28,710.0,,705.1,712.0,705.1,791131.0,2026-08-21 12:25:42.262968,10.0,708.9,,,,,,,,,,,,,,7,"price_volume, live_market, summary, top_gainers, top_losers, nepse_index, supply_demand",5656
2026-08-21T12:34:03.915619+05:45,2026-08-21 12:34:03,live_market,live_market_190,True,cloud_automated,Friday - Trading Hours: 11:00 AM - 1:00 PM NPT,9218,Trishuli Jal Vidhyut Company Limited ,TVCL,58.0,1280.0,456.0,-1.94,465.0,,460.0,464.0,451.1,579388.0,2026-08-21 12:25:40.089083,10.0,452.65,,,,,,,,,,,,,,7,"price_volume, live_market, summary, top_gainers, top_losers, nepse_index, supply_demand",5656
2026-08-21T12:34:03.915619+05:45,2026-08-21 12:34:03,live_market,live_market_191,True,cloud_automated,Friday - Trading Hours: 11:00 AM - 1:00 PM NPT,516,Manjushree Finance Ltd.,MFIL,58.0,816.0,750.4,0.21,748.8,,740.0,751.0,740.0,611427.4,2026-08-21 12:25:34.102389,19.0,749.3,,,,,,,,,,,,,,7,"price_volume, live_market, summary, top_gainers, top_losers, nepse_index, supply_demand",5656
2026-08-21T12:34:03.915619+05:45,2026-08-21 12:34:03,live_market,live_market_192,True,cloud_automated,Friday - Trading Hours: 11:00 AM - 1:00 PM NPT,186,IGI Prudential insurance Limited,IGI,58.0,1377.0,424.0,0.36,422.5,,422.4,424.0,420.0,579079.0,2026-08-21 12:25:33.81769,10.0,420.54,,,,,,,,,,,,,,7,"price_volume, live_market, summary, top_gainers, top_losers, nepse_index, supply_demand",5656
2026-08-21T12:34:03.915619+05:45,2026-08-21 12:34:03,live_market,live_market_193,True,cloud_automated,Friday - Trading Hours: 11:00 AM - 1:00 PM NPT,147,Soaltee Hotel Limited,SHL,58.0,8750.0,505.0,1.41,498.0,,505.0,511.0,500.0,4421492.0,2026-08-21 12:25:27.60879,2.0,505.31,,,,,,,,,,,,,,7,"price_volume, live_market, summary, top_gainers, top_losers, nepse_index, supply_demand",5656
2026-08-21T12:34:03.915619+05:45,2026-08-21 12:34:03,live_market,live_market_194,True,cloud_automated,Friday - Trading Hours: 11:00 AM - 1:00 PM NPT,194,Nepal Finance Ltd.,NFS,58.0,163.0,556.0,0.18,555.0,,561.0,561.0,556.0,90848.0,2026-08-21 12:25:05.540513,10.0,557.35,,,,,,,,,,,,,,7,"price_volume, live_market, summary, top_gainers, top_losers, nepse_index, supply_demand",5656
2026-08-21T12:34:03.915619+05:45,2026-08-21 12:34:03,live_market,live_market_195,True,cloud_automated,Friday - Trading Hours: 11:00 AM - 1:00 PM NPT,8005,Mailung Khola Jal Vidhyut Company Limited,MKJC,58.0,1799.0,428.0,-0.97,432.2,,435.0,435.0,428.0,770235.0,2026-08-21 12:24:59.752917,166.0,428.15,,,,,,,,,,,,,,7,"price_volume, live_market, summary, top_gainers, top_losers, nepse_index, supply_demand",5656
2026-08-21T12:34:03.915619+05:45,2026-08-21 12:34:03,live_market,live_market_196,True,cloud_automated,Friday - Trading Hours: 11:00 AM - 1:00 PM NPT,358,Lumbini Bikas Bank Ltd.,LBBL,58.0,2430.0,480.2,0.04,480.0,,481.0,481.0,480.2,1168065.0,2026-08-21 12:24:52.540477,250.0,480.69,,,,,,,,,,,,,,7,"price_volume, live_market, summary, top_gainers, top_losers, nepse_index, supply_demand",5656
2026-08-21T12:34:03.915619+05:45,2026-08-21 12:34:03,live_market,live_market_197,True,cloud_automated,Friday - Trading Hours: 11:00 AM - 1:00 PM NPT,9325,Suryakunda Hydro Electric Limited,SKHEL,58.0,3364.0,919.0,-4.27,960.0,,940.0,957.0,893.0,3125061.1,2026-08-21 12:24:42.454431,1.0,928.97,,,,,,,,,,,,,,7,"price_volume, live_market, summary, top_gainers, top_losers, nepse_index, supply_demand",5656
2026-08-21T12:34:03.915619+05:45,2026-08-21 12:34:03,live_market,live_market_198,True,cloud_automated,Friday - Trading Hours: 11:00 AM - 1:00 PM NPT,2761,Samata Gharelu Laghubitta Bittiya Sanstha Limited,SMATA,58.0,729.0,709.9,-0.01,710.0,,712.0,712.0,702.1,516828.5,2026-08-21 12:24:42.037337,100.0,708.96,,,,,,,,,,,,,,7,"price_volume, live_market, summary, top_gainers, top_losers, nepse_index, supply_demand",5656
2026-08-21T12:34:03.915619+05:45,2026-08-21 12:34:03,live_market,live_market_199,True,cloud_automated,Friday - Trading Hours: 11:00 AM - 1:00 PM NPT,545,Swarojgar Laghubitta Bittiya Sanstha Ltd.,SLBBL,58.0,1468.0,790.9,-1.14,800.0,,790.5,799.9,790.4,1161985.0,2026-08-21 12:24:39.206116,58.0,791.54,,,,,,,,,,,,,,7,"price_volume, live_market, summary, top_gainers, top_losers, nepse_index, supply_demand",5656
2026-08-21T12:34:03.915619+05:45,2026-08-21 12:34:03,live_market,live_market_200,True,cloud_automated,Friday - Trading Hours: 11:00 AM - 1:00 PM NPT,135,Nepal SBI Bank Limited,SBI,58.0,120.0,403.0,-0.47,404.9,,401.0,404.0,401.0,48359.0,2026-08-21 12:24:23.648756,20.0,402.99,,,,,,,,,,,,,,7,"price_volume, live_market, summary, top_gainers, top_losers, nepse_index, supply_demand",5656
2026-08-21T12:34:03.915619+05:45,2026-08-21 12:34:03,live_market,live_market_201,True,cloud_automated,Friday - Trading Hours: 11:00 AM - 1:00 PM NPT,2769,Nepal Hydro Developers Ltd.,NHDL,58.0,30.0,634.0,-0.2,635.3,,634.0,634.0,634.0,19020.0,2026-08-21 12:23:59.660088,30.0,634.0,,,,,,,,,,,,,,7,"price_volume, live_market, summary, top_gainers, top_losers, nepse_index, supply_demand",5656
2026-08-21T12:34:03.915619+05:45,2026-08-21 12:34:03,live_market,live_market_202,True,cloud_automated,Friday - Trading Hours: 11:00 AM - 1:00 PM NPT,686,Barun Hydropower Co. Ltd.,BARUN,58.0,27534.0,323.9,2.18,317.0,,320.0,324.0,320.0,8854060.3,2026-08-21 12:23:57.838693,100.0,321.57,,,,,,,,,,,,,,7,"price_volume, live_market, summary, top_gainers, top_losers, nepse_index, supply_demand",5656
2026-08-21T12:34:03.915619+05:45,2026-08-21 12:34:03,live_market,live_market_203,True,cloud_automated,Friday - Trading Hours: 11:00 AM - 1:00 PM NPT,184,Prabhu Insurance Ltd.,PRIN,58.0,90.0,660.0,1.23,652.0,,665.0,665.0,660.0,59600.0,2026-08-21 12:23:57.277385,50.0,662.22,,,,,,,,,,,,,,7,"price_volume, live_market, summary, top_gainers, top_losers, nepse_index, supply_demand",5656
2026-08-21T12:34:03.915619+05:45,2026-08-21 12:34:03,live_market,live_market_204,True,cloud_automated,Friday - Trading Hours: 11:00 AM - 1:00 PM NPT,2931,8.5% Nepal Investment Bank Debenture 2084,NIBD84,58.0,25.0,1035.0,0.48,1030.1,,1035.0,1035.0,1035.0,25875.0,2026-08-21 12:23:44.761259,25.0,1035.0,,,,,,,,,,,,,,7,"price_volume, live_market, summary, top_gainers, top_losers, nepse_index, supply_demand",5656
2026-08-21T12:34:03.915619+05:45,2026-08-21 12:34:03,live_market,live_market_205,True,cloud_automated,Friday - Trading Hours: 11:00 AM - 1:00 PM NPT,9158,Molung Hydropower Company Limited,MHCL,58.0,110.0,300.0,-1.02,303.1,,302.0,302.0,300.0,33120.0,2026-08-21 12:23:40.049065,10.0,301.09,,,,,,,,,,,,,,7,"price_volume, live_market, summary, top_gainers, top_losers, nepse_index, supply_demand",5656
2026-08-21T12:34:03.915619+05:45,2026-08-21 12:34:03,live_market,live_market_206,True,cloud_automated,Friday - Trading Hours: 11:00 AM - 1:00 PM NPT,2842,SANJEN JALAVIDHYUT COMPANY LIMITED,SJCL,58.0,259.0,264.0,0.0,264.0,,263.0,265.0,263.0,68247.9,2026-08-21 12:23:38.820852,20.0,263.51,,,,,,,,,,,,,,7,"price_volume, live_market, summary, top_gainers, top_losers, nepse_index, supply_demand",5656
2026-08-21T12:34:03.915619+05:45,2026-08-21 12:34:03,live_market,live_market_207,True,cloud_automated,Friday - Trading Hours: 11:00 AM - 1:00 PM NPT,4948,9% Kamana Sewa Bikas Bank Limited Debenture 2087,KSBBLD87,58.0,25.0,1095.1,-0.45,1100.0,,1095.1,1095.1,1095.1,27377.5,2026-08-21 12:23:33.312796,25.0,1095.1,,,,,,,,,,,,,,7,"price_volume, live_market, summary, top_gainers, top_losers, nepse_index, supply_demand",5656
2026-08-21T12:34:03.915619+05:45,2026-08-21 12:34:03,live_market,live_market_208,True,cloud_automated,Friday - Trading Hours: 11:00 AM - 1:00 PM NPT,9137,"Himalayan Bank Limited Bond, 2086",HBLD86,58.0,4.0,1220.0,0.0,1220.0,,1220.0,1220.0,1220.0,4706.8,2026-08-21 12:23:26.958269,2.0,1176.7,,,,,,,,,,,,,,7,"price_volume, live_market, summary, top_gainers, top_losers, nepse_index, supply_demand",5656
2026-08-21T12:34:03.915619+05:45,2026-08-21 12:34:03,live_market,live_market_209,True,cloud_automated,Friday - Trading Hours: 11:00 AM - 1:00 PM NPT,232,Goodwill Finance Limited,GFCL,58.0,581.0,593.0,-0.13,593.8,,593.0,595.0,593.0,344655.0,2026-08-21 12:23:13.100714,200.0,593.21,,,,,,,,,,,,,,7,"price_volume, live_market, summary, top_gainers, top_losers, nepse_index, supply_demand",5656
2026-08-21T12:34:03.915619+05:45,2026-08-21 12:34:03,live_market,live_market_210,True,cloud_automated,Friday - Trading Hours: 11:00 AM - 1:00 PM NPT,9250,Nepal Micro Insurance Company Limited,NMIC,58.0,542.0,880.0,-0.9,888.0,,888.0,888.0,875.0,480727.0,2026-08-21 12:23:09.884249,10.0,886.95,,,,,,,,,,,,,,7,"price_volume, live_market, summary, top_gainers, top_losers, nepse_index, supply_demand",5656
2026-08-21T12:34:03.915619+05:45,2026-08-21 12:34:03,live_market,live_market_211,True,cloud_automated,Friday - Trading Hours: 11:00 AM - 1:00 PM NPT,4951,Jeevan Bikas Laghubitta  Bittya Sanstha Ltd,JBLB,58.0,1170.0,1262.0,-0.17,1264.1,,1260.0,1270.0,1260.0,1476918.3,2026-08-21 12:22:56.762299,2.0,1262.32,,,,,,,,,,,,,,7,"price_volume, live_market, summary, top_gainers, top_losers, nepse_index, supply_demand",5656
2026-08-21T12:34:03.915619+05:45,2026-08-21 12:34:03,live_market,live_market_212,True,cloud_automated,Friday - Trading Hours: 11:00 AM - 1:00 PM NPT,2786,Panchakanya Mai Hydropower Ltd,PMHPL,58.0,2380.0,300.1,-1.22,303.8,,312.9,336.0,295.0,728561.0,2026-08-21 12:22:45.223996,10.0,306.12,,,,,,,,,,,,,,7,"price_volume, live_market, summary, top_gainers, top_losers, nepse_index, supply_demand",5656
2026-08-21T12:34:03.915619+05:45,2026-08-21 12:34:03,live_market,live_market_213,True,cloud_automated,Friday - Trading Hours: 11:00 AM - 1:00 PM NPT,1741,Mero Microfinance Bittiya Sanstha Ltd.,MERO,58.0,667.0,640.0,-0.23,641.5,,640.0,642.0,640.0,427278.0,2026-08-21 12:22:31.217911,10.0,640.6,,,,,,,,,,,,,,7,"price_volume, live_market, summary, top_gainers, top_losers, nepse_index, supply_demand",5656
2026-08-21T12:34:03.915619+05:45,2026-08-21 12:34:03,live_market,live_market_214,True,cloud_automated,Friday - Trading Hours: 11:00 AM - 1:00 PM NPT,9208,Upper Lohore Khola Hydropower Company Limited,ULHC,58.0,705.0,336.4,-0.59,338.4,,333.0,342.0,333.0,238054.0,2026-08-21 12:22:08.772809,10.0,337.67,,,,,,,,,,,,,,7,"price_volume, live_market, summary, top_gainers, top_losers, nepse_index, supply_demand",5656
2026-08-21T12:34:03.915619+05:45,2026-08-21 12:34:03,live_market,live_market_215,True,cloud_automated,Friday - Trading Hours: 11:00 AM - 1:00 PM NPT,8023,Mega Mutual Fund -1,MMF1,58.0,1600.0,8.7,-2.9,8.96,,8.8,8.8,8.7,13930.0,2026-08-21 12:21:19.033882,1000.0,8.71,,,,,,,,,,,,,,7,"price_volume, live_market, summary, top_gainers, top_losers, nepse_index, supply_demand",5656
2026-08-21T12:34:03.915619+05:45,2026-08-21 12:34:03,live_market,live_market_216,True,cloud_automated,Friday - Trading Hours: 11:00 AM - 1:00 PM NPT,9196,Kutheli Bukhari Small Hydropower Limited,KBSH,58.0,1937.0,934.0,-0.48,938.5,,900.0,966.0,900.0,1802818.0,2026-08-21 12:21:15.112871,10.0,930.73,,,,,,,,,,,,,,7,"price_volume, live_market, summary, top_gainers, top_losers, nepse_index, supply_demand",5656
2026-08-21T12:34:03.915619+05:45,2026-08-21 12:34:03,live_market,live_market_217,True,cloud_automated,Friday - Trading Hours: 11:00 AM - 1:00 PM NPT,9192,Upper Syange Hydropower Limited,USHL,58.0,430.0,525.1,-2.02,535.9,,509.2,539.0,509.2,227052.9,2026-08-21 12:21:12.009877,10.0,528.03,,,,,,,,,,,,,,7,"price_volume, live_market, summary, top_gainers, top_losers, nepse_index, supply_demand",5656
2026-08-21T12:34:03.915619+05:45,2026-08-21 12:34:03,live_market,live_market_218,True,cloud_automated,Friday - Trading Hours: 11:00 AM - 1:00 PM NPT,179,Himalayan Everest Insurance Limited,HEI,58.0,60.0,530.0,0.19,529.0,,524.1,530.0,524.1,31505.0,2026-08-21 12:20:57.036832,10.0,525.08,,,,,,,,,,,,,,7,"price_volume, live_market, summary, top_gainers, top_losers, nepse_index, supply_demand",5656
2026-08-21T12:34:03.915619+05:45,2026-08-21 12:34:03,live_market,live_market_219,True,cloud_automated,Friday - Trading Hours: 11:00 AM - 1:00 PM NPT,2832,Infinity Laghubitta Bittiya Sanstha Limited,ILBS,58.0,562.0,850.0,-1.16,860.0,,840.0,860.0,840.0,477871.0,2026-08-21 12:20:53.673254,29.0,850.3,,,,,,,,,,,,,,7,"price_volume, live_market, summary, top_gainers, top_losers, nepse_index, supply_demand",5656
2026-08-21T12:34:03.915619+05:45,2026-08-21 12:34:03,live_market,live_market_220,True,cloud_automated,Friday - Trading Hours: 11:00 AM - 1:00 PM NPT,164,Chhimek Laghubitta Bittiya Sanstha Limited,CBBL,58.0,2307.0,938.0,-0.11,939.0,,940.0,940.2,938.0,2166143.6,2026-08-21 12:20:50.03146,25.0,938.94,,,,,,,,,,,,,,7,"price_volume, live_market, summary, top_gainers, top_losers, nepse_index, supply_demand",5656
2026-08-21T12:34:03.915619+05:45,2026-08-21 12:34:03,live_market,live_market_221,True,cloud_automated,Friday - Trading Hours: 11:00 AM - 1:00 PM NPT,601,Mithila LaghuBitta Bittiya Sanstha Limited,MLBBL,58.0,1348.0,1000.0,-2.91,1030.0,,1010.1,1010.1,1000.0,1350629.5,2026-08-21 12:20:35.488646,48.0,1001.95,,,,,,,,,,,,,,7,"price_volume, live_market, summary, top_gainers, top_losers, nepse_index, supply_demand",5656
2026-08-21T12:34:03.915619+05:45,2026-08-21 12:34:03,live_market,live_market_222,True,cloud_automated,Friday - Trading Hours: 11:00 AM - 1:00 PM NPT,2908,Sanima GIC Insurance Limited,SGIC,58.0,4605.0,448.0,-0.64,450.9,,449.0,454.8,446.3,2072842.0,2026-08-21 12:19:55.243327,10.0,450.13,,,,,,,,,,,,,,7,"price_volume, live_market, summary, top_gainers, top_losers, nepse_index, supply_demand",5656
2026-08-21T12:34:03.915619+05:45,2026-08-21 12:34:03,live_market,live_market_223,True,cloud_automated,Friday - Trading Hours: 11:00 AM - 1:00 PM NPT,9259,Reliable Samriddhi Yojana,RSY,58.0,800.0,10.55,0.0,10.55,,10.25,10.55,10.25,8404.0,2026-08-21 12:19:50.435845,100.0,10.51,,,,,,,,,,,,,,7,"price_volume, live_market, summary, top_gainers, top_losers, nepse_index, supply_demand",5656
2026-08-21T12:34:03.915619+05:45,2026-08-21 12:34:03,live_market,live_market_224,True,cloud_automated,Friday - Trading Hours: 11:00 AM - 1:00 PM NPT,9349,Sanima Equity Fund-2,SAEF2,58.0,2000.0,9.01,-0.33,9.04,,9.01,9.02,9.0,18023.0,2026-08-21 12:19:41.161778,100.0,9.01,,,,,,,,,,,,,,7,"price_volume, live_market, summary, top_gainers, top_losers, nepse_index, supply_demand",5656
2026-08-21T12:34:03.915619+05:45,2026-08-21 12:34:03,live_market,live_market_225,True,cloud_automated,Friday - Trading Hours: 11:00 AM - 1:00 PM NPT,8131,Eastern Hydropower Limited,EHPL,58.0,667.0,333.9,0.27,333.0,,349.6,349.6,327.1,219965.4,2026-08-21 12:19:35.416356,10.0,329.78,,,,,,,,,,,,,,7,"price_volume, live_market, summary, top_gainers, top_losers, nepse_index, supply_demand",5656
2026-08-21T12:34:03.915619+05:45,2026-08-21 12:34:03,live_market,live_market_226,True,cloud_automated,Friday - Trading Hours: 11:00 AM - 1:00 PM NPT,9348,Siddhartha Equity Fund 2,SEF2,58.0,5322.0,8.98,-0.55,9.03,,9.02,9.1,8.9,47814.0,2026-08-21 12:19:26.891713,500.0,8.98,,,,,,,,,,,,,,7,"price_volume, live_market, summary, top_gainers, top_losers, nepse_index, supply_demand",5656
2026-08-21T12:34:03.915619+05:45,2026-08-21 12:34:03,live_market,live_market_227,True,cloud_automated,Friday - Trading Hours: 11:00 AM - 1:00 PM NPT,2766,Chhyangdi Hydropower Ltd.,CHL,58.0,458.0,269.9,0.71,268.0,,272.0,272.0,265.2,123878.0,2026-08-21 12:19:08.259486,99.0,270.48,,,,,,,,,,,,,,7,"price_volume, live_market, summary, top_gainers, top_losers, nepse_index, supply_demand",5656
2026-08-21T12:34:03.915619+05:45,2026-08-21 12:34:03,live_market,live_market_228,True,cloud_automated,Friday - Trading Hours: 11:00 AM - 1:00 PM NPT,9304,Citizens Santulit Yojana,CSY,58.0,500.0,8.76,0.69,8.7,,8.7,8.76,8.5,4297.0,2026-08-21 12:19:08.237164,100.0,8.59,,,,,,,,,,,,,,7,"price_volume, live_market, summary, top_gainers, top_losers, nepse_index, supply_demand",5656
2026-08-21T12:34:03.915619+05:45,2026-08-21 12:34:03,live_market,live_market_229,True,cloud_automated,Friday - Trading Hours: 11:00 AM - 1:00 PM NPT,9242,Sarbottam Cement Limited,SARBTM,58.0,683.0,781.0,-0.96,788.6,,798.0,798.0,780.0,537131.4,2026-08-21 12:18:59.318523,87.0,786.43,,,,,,,,,,,,,,7,"price_volume, live_market, summary, top_gainers, top_losers, nepse_index, supply_demand",5656
2026-08-21T12:34:03.915619+05:45,2026-08-21 12:34:03,live_market,live_market_230,True,cloud_automated,Friday - Trading Hours: 11:00 AM - 1:00 PM NPT,694,Matribhumi Lagubitta Bittiya Sanstha Limited,MATRI,58.0,41.0,790.0,-1.86,805.0,,788.0,810.0,788.0,32758.0,2026-08-21 12:18:51.898651,10.0,798.98,,,,,,,,,,,,,,7,"price_volume, live_market, summary, top_gainers, top_losers, nepse_index, supply_demand",5656
2026-08-21T12:34:03.915619+05:45,2026-08-21 12:34:03,live_market,live_market_231,True,cloud_automated,Friday - Trading Hours: 11:00 AM - 1:00 PM NPT,2759,Synergy Power Development Ltd.,SPDL,58.0,18187.0,364.0,-0.27,365.0,,365.0,367.0,360.0,6613962.0,2026-08-21 12:18:20.852247,500.0,363.66,,,,,,,,,,,,,,7,"price_volume, live_market, summary, top_gainers, top_losers, nepse_index, supply_demand",5656
2026-08-21T12:34:03.915619+05:45,2026-08-21 12:34:03,live_market,live_market_232,True,cloud_automated,Friday - Trading Hours: 11:00 AM - 1:00 PM NPT,8106,Global IME Balanced Fund-1,GIBF1,58.0,100.0,10.69,-1.93,10.9,,10.69,10.69,10.69,1069.0,2026-08-21 12:18:15.912836,100.0,10.69,,,,,,,,,,,,,,7,"price_volume, live_market, summary, top_gainers, top_losers, nepse_index, supply_demand",5656
2026-08-21T12:34:03.915619+05:45,2026-08-21 12:34:03,live_market,live_market_233,True,cloud_automated,Friday - Trading Hours: 11:00 AM - 1:00 PM NPT,472,Shangrila Development Bank Ltd.,SADBL,58.0,2242.0,403.7,-0.32,405.0,,410.0,410.0,402.5,910869.0,2026-08-21 12:18:12.75722,10.0,406.28,,,,,,,,,,,,,,7,"price_volume, live_market, summary, top_gainers, top_losers, nepse_index, supply_demand",5656
2026-08-21T12:34:03.915619+05:45,2026-08-21 12:34:03,live_market,live_market_234,True,cloud_automated,Friday - Trading Hours: 11:00 AM - 1:00 PM NPT,9178,RBB Mutual Fund 2,RMF2,58.0,100.0,10.1,0.0,10.1,,10.1,10.1,10.1,1010.0,2026-08-21 12:18:10.12058,100.0,10.1,,,,,,,,,,,,,,7,"price_volume, live_market, summary, top_gainers, top_losers, nepse_index, supply_demand",5656
2026-08-21T12:34:03.915619+05:45,2026-08-21 12:34:03,live_market,live_market_235,True,cloud_automated,Friday - Trading Hours: 11:00 AM - 1:00 PM NPT,274,Excel Development Bank Ltd.,EDBL,58.0,241.0,586.9,0.53,583.8,,580.0,586.9,575.0,139694.0,2026-08-21 12:17:16.833596,10.0,579.64,,,,,,,,,,,,,,7,"price_volume, live_market, summary, top_gainers, top_losers, nepse_index, supply_demand",5656
2026-08-21T12:34:03.915619+05:45,2026-08-21 12:34:03,live_market,live_market_236,True,cloud_automated,Friday - Trading Hours: 11:00 AM - 1:00 PM NPT,2746,National Laghubitta Bittiya Sanstha Limited,NMFBS,58.0,1075.0,1118.0,0.0,1118.0,,1125.0,1129.0,1118.0,1207286.0,2026-08-21 12:17:09.713205,250.0,1123.06,,,,,,,,,,,,,,7,"price_volume, live_market, summary, top_gainers, top_losers, nepse_index, supply_demand",5656
2026-08-21T12:34:03.915619+05:45,2026-08-21 12:34:03,live_market,live_market_237,True,cloud_automated,Friday - Trading Hours: 11:00 AM - 1:00 PM NPT,9255,Everest Bank Limited Debenture 2091,EBLD91,58.0,25.0,1067.0,-3.0,1100.0,,1067.0,1067.0,1067.0,26675.0,2026-08-21 12:17:07.844786,25.0,1067.0,,,,,,,,,,,,,,7,"price_volume, live_market, summary, top_gainers, top_losers, nepse_index, supply_demand",5656
2026-08-21T12:34:03.915619+05:45,2026-08-21 12:34:03,live_market,live_market_238,True,cloud_automated,Friday - Trading Hours: 11:00 AM - 1:00 PM NPT,9150,Asian Hydropower Limited,AHL,58.0,1435.0,400.0,-0.25,401.0,,395.0,404.0,395.0,577881.0,2026-08-21 12:17:06.975588,75.0,402.7,,,,,,,,,,,,,,7,"price_volume, live_market, summary, top_gainers, top_losers, nepse_index, supply_demand",5656
2026-08-21T12:34:03.915619+05:45,2026-08-21 12:34:03,live_market,live_market_239,True,cloud_automated,Friday - Trading Hours: 11:00 AM - 1:00 PM NPT,9254,NMB Hybrid Fund L- II,NMBHF2,58.0,20700.0,9.92,0.2,9.9,,9.85,9.92,9.85,205129.0,2026-08-21 12:16:42.69003,100.0,9.91,,,,,,,,,,,,,,7,"price_volume, live_market, summary, top_gainers, top_losers, nepse_index, supply_demand",5656
2026-08-21T12:34:03.915619+05:45,2026-08-21 12:34:03,live_market,live_market_240,True,cloud_automated,Friday - Trading Hours: 11:00 AM - 1:00 PM NPT,8063,Upakar Laghubitta Bittiya Sanstha Limited,ULBSL,58.0,611.0,2520.0,-1.1,2548.0,,2500.0,2575.0,2500.0,1535016.5,2026-08-21 12:16:18.487671,19.0,2512.3,,,,,,,,,,,,,,7,"price_volume, live_market, summary, top_gainers, top_losers, nepse_index, supply_demand",5656
2026-08-21T12:34:03.915619+05:45,2026-08-21 12:34:03,live_market,live_market_241,True,cloud_automated,Friday - Trading Hours: 11:00 AM - 1:00 PM NPT,348,Citizens Bank International Limited,CZBIL,58.0,10918.0,199.0,-1.34,201.7,,201.5,202.0,198.0,2178592.6,2026-08-21 12:16:18.073212,10.0,199.54,,,,,,,,,,,,,,7,"price_volume, live_market, summary, top_gainers, top_losers, nepse_index, supply_demand",5656
2026-08-21T12:34:03.915619+05:45,2026-08-21 12:34:03,live_market,live_market_242,True,cloud_automated,Friday - Trading Hours: 11:00 AM - 1:00 PM NPT,263,Guheshowori Merchant Bank & Finance Co. Ltd.,GMFIL,58.0,146.0,443.3,0.75,440.0,,443.3,443.3,443.3,64721.8,2026-08-21 12:16:14.165627,146.0,443.3,,,,,,,,,,,,,,7,"price_volume, live_market, summary, top_gainers, top_losers, nepse_index, supply_demand",5656
2026-08-21T12:34:03.915619+05:45,2026-08-21 12:34:03,live_market,live_market_243,True,cloud_automated,Friday - Trading Hours: 11:00 AM - 1:00 PM NPT,9258,Pure Energy Limited,PURE,58.0,130.0,800.0,-0.87,807.0,,795.0,800.0,790.0,103005.0,2026-08-21 12:16:05.936309,10.0,792.35,,,,,,,,,,,,,,7,"price_volume, live_market, summary, top_gainers, top_losers, nepse_index, supply_demand",5656
2026-08-21T12:34:03.915619+05:45,2026-08-21 12:34:03,live_market,live_market_244,True,cloud_automated,Friday - Trading Hours: 11:00 AM - 1:00 PM NPT,149,Oriental Hotels Limited,OHL,58.0,69.0,650.0,-0.31,652.0,,642.0,650.0,640.1,44314.6,2026-08-21 12:15:50.121107,10.0,642.24,,,,,,,,,,,,,,7,"price_volume, live_market, summary, top_gainers, top_losers, nepse_index, supply_demand",5656
2026-08-21T12:34:03.915619+05:45,2026-08-21 12:34:03,live_market,live_market_245,True,cloud_automated,Friday - Trading Hours: 11:00 AM - 1:00 PM NPT,268,Swabalamban Laghubitta Bittiya Sanstha Limited,SWBBL,58.0,5239.0,668.1,-0.64,672.4,,673.0,677.0,667.2,3512331.2,2026-08-21 12:15:47.500941,132.0,670.42,,,,,,,,,,,,,,7,"price_volume, live_market, summary, top_gainers, top_losers, nepse_index, supply_demand",5656
2026-08-21T12:34:03.915619+05:45,2026-08-21 12:34:03,live_market,live_market_246,True,cloud_automated,Friday - Trading Hours: 11:00 AM - 1:00 PM NPT,148,Taragaon Regency Hotel Limited,TRH,58.0,291.0,835.0,2.45,815.0,,805.0,835.0,805.0,239125.0,2026-08-21 12:15:45.601324,10.0,821.74,,,,,,,,,,,,,,7,"price_volume, live_market, summary, top_gainers, top_losers, nepse_index, supply_demand",5656
2026-08-21T12:34:03.915619+05:45,2026-08-21 12:34:03,live_market,live_market_247,True,cloud_automated,Friday - Trading Hours: 11:00 AM - 1:00 PM NPT,9182,Siddhartha Investment Growth Scheme 3,SIGS3,58.0,42200.0,10.87,-1.18,11.0,,11.0,11.0,10.85,464172.0,2026-08-21 12:15:25.938006,100.0,11.0,,,,,,,,,,,,,,7,"price_volume, live_market, summary, top_gainers, top_losers, nepse_index, supply_demand",5656
2026-08-21T12:34:03.915619+05:45,2026-08-21 12:34:03,live_market,live_market_248,True,cloud_automated,Friday - Trading Hours: 11:00 AM - 1:00 PM NPT,166,Deprosc Laghubitta Bittiya Sanstha Limited,DDBL,58.0,1134.0,846.0,-0.46,849.9,,845.0,846.0,836.0,949620.4,2026-08-21 12:14:59.522155,10.0,837.41,,,,,,,,,,,,,,7,"price_volume, live_market, summary, top_gainers, top_losers, nepse_index, supply_demand",5656
2026-08-21T12:34:03.915619+05:45,2026-08-21 12:34:03,live_market,live_market_249,True,cloud_automated,Friday - Trading Hours: 11:00 AM - 1:00 PM NPT,185,Sagarmatha Lumbini Insurance Co. Limited,SALICO,58.0,5246.0,589.9,1.18,583.0,,583.0,589.9,581.1,3058257.0,2026-08-21 12:13:57.941042,10.0,582.97,,,,,,,,,,,,,,7,"price_volume, live_market, summary, top_gainers, top_losers, nepse_index, supply_demand",5656
2026-08-21T12:34:03.915619+05:45,2026-08-21 12:34:03,live_market,live_market_250,True,cloud_automated,Friday - Trading Hours: 11:00 AM - 1:00 PM NPT,397,Agricultural Development Bank Limited,ADBL,58.0,9192.0,300.0,-0.03,300.1,,300.1,301.9,299.0,2757602.0,2026-08-21 12:13:43.07212,10.0,300.0,,,,,,,,,,,,,,7,"price_volume, live_market, summary, top_gainers, top_losers, nepse_index, supply_demand",5656
2026-08-21T12:34:03.915619+05:45,2026-08-21 12:34:03,live_market,live_market_251,True,cloud_automated,Friday - Trading Hours: 11:00 AM - 1:00 PM NPT,4947,Prabhu Select Fund,PSF,58.0,1200.0,11.83,-0.34,11.87,,11.9,11.9,11.83,14243.0,2026-08-21 12:13:39.918049,100.0,11.87,,,,,,,,,,,,,,7,"price_volume, live_market, summary, top_gainers, top_losers, nepse_index, supply_demand",5656
2026-08-21T12:34:03.915619+05:45,2026-08-21 12:34:03,live_market,live_market_252,True,cloud_automated,Friday - Trading Hours: 11:00 AM - 1:00 PM NPT,2768,Mahuli Laghubitta Bittiya Sanstha Limited,MSLB,58.0,18.0,1235.0,-0.23,1237.9,,1235.0,1235.0,1235.0,22230.0,2026-08-21 12:13:02.001927,18.0,1235.0,,,,,,,,,,,,,,7,"price_volume, live_market, summary, top_gainers, top_losers, nepse_index, supply_demand",5656
2026-08-21T12:34:03.915619+05:45,2026-08-21 12:34:03,live_market,live_market_253,True,cloud_automated,Friday - Trading Hours: 11:00 AM - 1:00 PM NPT,2923,Sanima Large Cap Fund,SLCF,58.0,100.0,9.46,-2.47,9.7,,9.46,9.46,9.46,946.0,2026-08-21 12:12:59.647585,100.0,9.46,,,,,,,,,,,,,,7,"price_volume, live_market, summary, top_gainers, top_losers, nepse_index, supply_demand",5656
2026-08-21T12:34:03.915619+05:45,2026-08-21 12:34:03,live_market,live_market_254,True,cloud_automated,Friday - Trading Hours: 11:00 AM - 1:00 PM NPT,8102,Mandakini Hydropower Limited,MHL,58.0,1074.0,460.5,-1.6,468.0,,465.0,465.0,460.0,495308.5,2026-08-21 12:12:53.441772,10.0,461.18,,,,,,,,,,,,,,7,"price_volume, live_market, summary, top_gainers, top_losers, nepse_index, supply_demand",5656
2026-08-21T12:34:03.915619+05:45,2026-08-21 12:34:03,live_market,live_market_255,True,cloud_automated,Friday - Trading Hours: 11:00 AM - 1:00 PM NPT,9161,Aatmanirbhar Laghubitta Bittiya Sanstha Limited,ANLB,58.0,220.0,5005.0,-2.59,5138.0,,5000.0,5292.0,5000.0,1119502.0,2026-08-21 12:12:46.049656,50.0,5088.65,,,,,,,,,,,,,,7,"price_volume, live_market, summary, top_gainers, top_losers, nepse_index, supply_demand",5656
2026-08-21T12:34:03.915619+05:45,2026-08-21 12:34:03,live_market,live_market_256,True,cloud_automated,Friday - Trading Hours: 11:00 AM - 1:00 PM NPT,9302,RBB Focus 40,RBBF40,58.0,100.0,8.78,-2.44,9.0,,8.78,8.78,8.78,878.0,2026-08-21 12:10:48.127089,100.0,8.78,,,,,,,,,,,,,,7,"price_volume, live_market, summary, top_gainers, top_losers, nepse_index, supply_demand",5656
2026-08-21T12:34:03.915619+05:45,2026-08-21 12:34:03,live_market,live_market_257,True,cloud_automated,Friday - Trading Hours: 11:00 AM - 1:00 PM NPT,9214,Bhagawati Hydropower Development Company Limited,BGWT,58.0,242.0,510.2,-1.88,520.0,,510.1,522.0,510.1,125336.7,2026-08-21 12:10:32.992672,11.0,517.92,,,,,,,,,,,,,,7,"price_volume, live_market, summary, top_gainers, top_losers, nepse_index, supply_demand",5656
2026-08-21T12:34:03.915619+05:45,2026-08-21 12:34:03,live_market,live_market_258,True,cloud_automated,Friday - Trading Hours: 11:00 AM - 1:00 PM NPT,9236,NIC ASIA Growth Fund-2,NICGF2,58.0,1200.0,9.0,0.0,9.0,,9.0,9.0,9.0,10800.0,2026-08-21 12:10:04.501926,100.0,9.0,,,,,,,,,,,,,,7,"price_volume, live_market, summary, top_gainers, top_losers, nepse_index, supply_demand",5656
2026-08-21T12:34:03.915619+05:45,2026-08-21 12:34:03,live_market,live_market_259,True,cloud_automated,Friday - Trading Hours: 11:00 AM - 1:00 PM NPT,238,NMB Bank Limited,NMB,58.0,7571.0,239.4,-0.25,240.0,,239.0,240.7,239.0,1818665.8,2026-08-21 12:09:48.045036,23.0,240.21,,,,,,,,,,,,,,7,"price_volume, live_market, summary, top_gainers, top_losers, nepse_index, supply_demand",5656
2026-08-21T12:34:03.915619+05:45,2026-08-21 12:34:03,live_market,live_market_260,True,cloud_automated,Friday - Trading Hours: 11:00 AM - 1:00 PM NPT,9167,Mai Khola Hydropower Limited,MKHL,58.0,1235.0,495.0,0.18,494.1,,507.8,507.8,485.0,616694.0,2026-08-21 12:09:18.970914,50.0,499.35,,,,,,,,,,,,,,7,"price_volume, live_market, summary, top_gainers, top_losers, nepse_index, supply_demand",5656
2026-08-21T12:34:03.915619+05:45,2026-08-21 12:34:03,live_market,live_market_261,True,cloud_automated,Friday - Trading Hours: 11:00 AM - 1:00 PM NPT,559,NLG Insurance Company Ltd.,NLG,58.0,232.0,560.0,0.04,559.8,,572.0,572.0,550.0,128882.0,2026-08-21 12:08:31.621529,60.0,555.53,,,,,,,,,,,,,,7,"price_volume, live_market, summary, top_gainers, top_losers, nepse_index, supply_demand",5656
2026-08-21T12:34:03.915619+05:45,2026-08-21 12:34:03,live_market,live_market_262,True,cloud_automated,Friday - Trading Hours: 11:00 AM - 1:00 PM NPT,9135,Barahi Hydropower Public Limited,BHPL,58.0,840.0,479.0,2.33,468.1,,475.5,480.0,470.0,396390.0,2026-08-21 12:07:52.3769,10.0,471.89,,,,,,,,,,,,,,7,"price_volume, live_market, summary, top_gainers, top_losers, nepse_index, supply_demand",5656
2026-08-21T12:34:03.915619+05:45,2026-08-21 12:34:03,live_market,live_market_263,True,cloud_automated,Friday - Trading Hours: 11:00 AM - 1:00 PM NPT,9350,LS Horizon 12,LSH12,58.0,700.0,8.95,-0.56,9.0,,8.9,9.0,8.9,6263.0,2026-08-21 12:07:49.96555,100.0,8.95,,,,,,,,,,,,,,7,"price_volume, live_market, summary, top_gainers, top_losers, nepse_index, supply_demand",5656
2026-08-21T12:34:03.915619+05:45,2026-08-21 12:34:03,live_market,live_market_264,True,cloud_automated,Friday - Trading Hours: 11:00 AM - 1:00 PM NPT,9261,Nifra Green Energy Debenture 6% - 2088/89,NIFRAGED,58.0,25.0,1010.0,-0.01,1010.1,,1010.0,1010.0,1010.0,25250.0,2026-08-21 12:07:48.571025,25.0,1010.0,,,,,,,,,,,,,,7,"price_volume, live_market, summary, top_gainers, top_losers, nepse_index, supply_demand",5656
2026-08-21T12:34:03.915619+05:45,2026-08-21 12:34:03,live_market,live_market_265,True,cloud_automated,Friday - Trading Hours: 11:00 AM - 1:00 PM NPT,8022,Terhathum Power Company Limited,TPC,58.0,2707.0,364.0,1.39,359.0,,356.0,365.0,355.2,977172.0,2026-08-21 12:06:57.56365,10.0,360.98,,,,,,,,,,,,,,7,"price_volume, live_market, summary, top_gainers, top_losers, nepse_index, supply_demand",5656
2026-08-21T12:34:03.915619+05:45,2026-08-21 12:34:03,live_market,live_market_266,True,cloud_automated,Friday - Trading Hours: 11:00 AM - 1:00 PM NPT,2863,NIC Asia Balanced Fund,NICBF,58.0,1640.0,9.5,-1.45,9.64,,9.91,9.91,9.5,15737.4,2026-08-21 12:06:53.5265,1000.0,9.6,,,,,,,,,,,,,,7,"price_volume, live_market, summary, top_gainers, top_losers, nepse_index, supply_demand",5656
2026-08-21T12:34:03.915619+05:45,2026-08-21 12:34:03,live_market,live_market_267,True,cloud_automated,Friday - Trading Hours: 11:00 AM - 1:00 PM NPT,9290,HLI Large Cap Fund,HLICF,58.0,800.0,8.56,2.27,8.37,,8.0,8.56,8.0,6642.0,2026-08-21 12:06:51.057778,100.0,8.3,,,,,,,,,,,,,,7,"price_volume, live_market, summary, top_gainers, top_losers, nepse_index, supply_demand",5656
2026-08-21T12:34:03.915619+05:45,2026-08-21 12:34:03,live_market,live_market_268,True,cloud_automated,Friday - Trading Hours: 11:00 AM - 1:00 PM NPT,583,Grameen Bikas Laghubitta Bittiya Sanstha Ltd.,GBLBS,58.0,2379.0,684.0,-2.01,698.0,,685.1,686.0,683.1,1628871.4,2026-08-21 12:06:49.333025,3.0,684.69,,,,,,,,,,,,,,7,"price_volume, live_market, summary, top_gainers, top_losers, nepse_index, supply_demand",5656
2026-08-21T12:34:03.915619+05:45,2026-08-21 12:34:03,live_market,live_market_269,True,cloud_automated,Friday - Trading Hours: 11:00 AM - 1:00 PM NPT,371,Miteri Development Bank Limited,MDB,58.0,34.0,567.0,0.14,566.2,,566.5,567.0,566.5,19266.0,2026-08-21 12:06:16.77955,10.0,566.65,,,,,,,,,,,,,,7,"price_volume, live_market, summary, top_gainers, top_losers, nepse_index, supply_demand",5656
2026-08-21T12:34:03.915619+05:45,2026-08-21 12:34:03,live_market,live_market_270,True,cloud_automated,Friday - Trading Hours: 11:00 AM - 1:00 PM NPT,700,Himalayan Everest Insurance Limited Promoter,HEIP,58.0,1250.0,335.0,4.04,322.0,,322.0,335.0,322.0,414209.0,2026-08-21 12:04:51.952757,10.0,331.37,,,,,,,,,,,,,,7,"price_volume, live_market, summary, top_gainers, top_losers, nepse_index, supply_demand",5656
2026-08-21T12:34:03.915619+05:45,2026-08-21 12:34:03,live_market,live_market_271,True,cloud_automated,Friday - Trading Hours: 11:00 AM - 1:00 PM NPT,2774,Unnati Sahakarya Laghubitta Bittiya Sanstha Limited,USLB,58.0,40.0,1073.0,-1.92,1094.0,,1065.0,1073.0,1065.0,42680.0,2026-08-21 12:01:23.146927,10.0,1067.0,,,,,,,,,,,,,,7,"price_volume, live_market, summary, top_gainers, top_losers, nepse_index, supply_demand",5656
2026-08-21T12:34:03.915619+05:45,2026-08-21 12:34:03,live_market,live_market_272,True,cloud_automated,Friday - Trading Hours: 11:00 AM - 1:00 PM NPT,9221,Himalayan 80-20,H8020,58.0,9215.0,11.75,-0.42,11.8,,12.0,12.0,11.75,108301.25,2026-08-21 11:59:06.574606,100.0,11.75,,,,,,,,,,,,,,7,"price_volume, live_market, summary, top_gainers, top_losers, nepse_index, supply_demand",5656
2026-08-21T12:34:03.915619+05:45,2026-08-21 12:34:03,live_market,live_market_273,True,cloud_automated,Friday - Trading Hours: 11:00 AM - 1:00 PM NPT,176,Nepal Insurance Co. Ltd.,NICL,58.0,1018.0,496.0,1.0,491.1,,504.9,504.9,490.0,509493.0,2026-08-21 11:58:41.382352,147.0,500.48,,,,,,,,,,,,,,7,"price_volume, live_market, summary, top_gainers, top_losers, nepse_index, supply_demand",5656
2026-08-21T12:34:03.915619+05:45,2026-08-21 12:34:03,live_market,live_market_274,True,cloud_automated,Friday - Trading Hours: 11:00 AM - 1:00 PM NPT,695,Janautthan Samudayic Laghubitta Bittya Sanstha Limited,JSLBB,58.0,242.0,940.0,-2.98,968.9,,950.0,950.0,940.0,228931.0,2026-08-21 11:58:08.048415,10.0,946.0,,,,,,,,,,,,,,7,"price_volume, live_market, summary, top_gainers, top_losers, nepse_index, supply_demand",5656
2026-08-21T12:34:03.915619+05:45,2026-08-21 12:34:03,live_market,live_market_275,True,cloud_automated,Friday - Trading Hours: 11:00 AM - 1:00 PM NPT,9147,Shuvam Power Limited,SPL,58.0,229.0,635.2,-2.56,651.9,,667.9,667.9,635.2,148662.0,2026-08-21 11:57:36.756242,10.0,649.18,,,,,,,,,,,,,,7,"price_volume, live_market, summary, top_gainers, top_losers, nepse_index, supply_demand",5656
2026-08-21T12:34:03.915619+05:45,2026-08-21 12:34:03,live_market,live_market_276,True,cloud_automated,Friday - Trading Hours: 11:00 AM - 1:00 PM NPT,9174,Prabhu Smart Fund,PRSF,58.0,18000.0,12.8,-0.78,12.9,,12.81,12.81,12.8,230440.0,2026-08-21 11:56:57.757426,14000.0,12.8,,,,,,,,,,,,,,7,"price_volume, live_market, summary, top_gainers, top_losers, nepse_index, supply_demand",5656
2026-08-21T12:34:03.915619+05:45,2026-08-21 12:34:03,live_market,live_market_277,True,cloud_automated,Friday - Trading Hours: 11:00 AM - 1:00 PM NPT,188,Life Insurance Corporation (Nepal) Limited,LICN,58.0,562.0,769.0,0.0,769.0,,763.0,769.0,763.0,429116.0,2026-08-21 11:56:51.24099,50.0,763.55,,,,,,,,,,,,,,7,"price_volume, live_market, summary, top_gainers, top_losers, nepse_index, supply_demand",5656
2026-08-21T12:34:03.915619+05:45,2026-08-21 12:34:03,live_market,live_market_278,True,cloud_automated,Friday - Trading Hours: 11:00 AM - 1:00 PM NPT,9215,Mid Solu Hydropower Limited,MSHL,58.0,146.0,600.0,2.21,587.0,,604.0,604.0,600.0,87644.0,2026-08-21 11:56:39.526901,10.0,600.3,,,,,,,,,,,,,,7,"price_volume, live_market, summary, top_gainers, top_losers, nepse_index, supply_demand",5656
2026-08-21T12:34:03.915619+05:45,2026-08-21 12:34:03,live_market,live_market_279,True,cloud_automated,Friday - Trading Hours: 11:00 AM - 1:00 PM NPT,8074,Kumari Dhanabriddhi Yojana,KDBY,58.0,530.0,9.98,0.1,9.97,,9.98,9.98,9.98,5289.4,2026-08-21 11:56:12.975302,100.0,9.98,,,,,,,,,,,,,,7,"price_volume, live_market, summary, top_gainers, top_losers, nepse_index, supply_demand",5656
2026-08-21T12:34:03.915619+05:45,2026-08-21 12:34:03,live_market,live_market_280,True,cloud_automated,Friday - Trading Hours: 11:00 AM - 1:00 PM NPT,155,Salt Trading Corporation,STC,58.0,201.0,5170.0,-0.58,5200.0,,5190.6,5190.6,5170.0,1039376.0,2026-08-21 11:56:03.862859,95.0,5171.02,,,,,,,,,,,,,,7,"price_volume, live_market, summary, top_gainers, top_losers, nepse_index, supply_demand",5656
2026-08-21T12:34:03.915619+05:45,2026-08-21 12:34:03,live_market,live_market_281,True,cloud_automated,Friday - Trading Hours: 11:00 AM - 1:00 PM NPT,9232,Chirkhwa Hydropower Limited ,CKHL,58.0,1410.0,578.0,-1.7,588.0,,576.0,580.1,576.0,817060.0,2026-08-21 11:55:58.767909,10.0,579.48,,,,,,,,,,,,,,7,"price_volume, live_market, summary, top_gainers, top_losers, nepse_index, supply_demand",5656
2026-08-21T12:34:03.915619+05:45,2026-08-21 12:34:03,live_market,live_market_282,True,cloud_automated,Friday - Trading Hours: 11:00 AM - 1:00 PM NPT,9245,Muktinath Mutual Fund 1,MNMF1,58.0,800.0,9.4,-1.05,9.5,,9.23,9.4,9.23,7484.0,2026-08-21 11:55:45.592864,300.0,9.36,,,,,,,,,,,,,,7,"price_volume, live_market, summary, top_gainers, top_losers, nepse_index, supply_demand",5656
2026-08-21T12:34:03.915619+05:45,2026-08-21 12:34:03,live_market,live_market_283,True,cloud_automated,Friday - Trading Hours: 11:00 AM - 1:00 PM NPT,9270,Him Star Urja Company Limited,HIMSTAR,58.0,250.0,681.5,-1.05,688.7,,685.0,685.0,681.2,170896.0,2026-08-21 11:54:23.082775,10.0,683.58,,,,,,,,,,,,,,7,"price_volume, live_market, summary, top_gainers, top_losers, nepse_index, supply_demand",5656
2026-08-21T12:34:03.915619+05:45,2026-08-21 12:34:03,live_market,live_market_284,True,cloud_automated,Friday - Trading Hours: 11:00 AM - 1:00 PM NPT,8024,Nabil Balanced Fund-3,NBF3,58.0,3100.0,9.61,-0.62,9.67,,9.5,9.79,9.5,30129.0,2026-08-21 11:54:19.151682,100.0,9.72,,,,,,,,,,,,,,7,"price_volume, live_market, summary, top_gainers, top_losers, nepse_index, supply_demand",5656
2026-08-21T12:34:03.915619+05:45,2026-08-21 12:34:03,live_market,live_market_285,True,cloud_automated,Friday - Trading Hours: 11:00 AM - 1:00 PM NPT,704,NMB  Microfinance Bittiya Sanstha Ltd.,NMBMF,58.0,500.0,600.0,0.03,599.8,,600.0,600.0,600.0,300000.0,2026-08-21 11:54:12.398743,31.0,600.0,,,,,,,,,,,,,,7,"price_volume, live_market, summary, top_gainers, top_losers, nepse_index, supply_demand",5656
2026-08-21T12:34:03.915619+05:45,2026-08-21 12:34:03,live_market,live_market_286,True,cloud_automated,Friday - Trading Hours: 11:00 AM - 1:00 PM NPT,9248,Garima Samriddhi Yojana,GSY,58.0,1100.0,9.32,0.0,9.32,,9.18,9.32,9.16,10143.0,2026-08-21 11:51:36.042562,100.0,9.22,,,,,,,,,,,,,,7,"price_volume, live_market, summary, top_gainers, top_losers, nepse_index, supply_demand",5656
2026-08-21T12:34:03.915619+05:45,2026-08-21 12:34:03,live_market,live_market_287,True,cloud_automated,Friday - Trading Hours: 11:00 AM - 1:00 PM NPT,9269,Global IME Sammunat Yojana -2,GBIMESY2,58.0,300.0,8.91,-2.09,9.1,,8.89,8.91,8.89,2670.0,2026-08-21 11:51:09.432656,100.0,8.9,,,,,,,,,,,,,,7,"price_volume, live_market, summary, top_gainers, top_losers, nepse_index, supply_demand",5656
2026-08-21T12:34:03.915619+05:45,2026-08-21 12:34:03,live_market,live_market_288,True,cloud_automated,Friday - Trading Hours: 11:00 AM - 1:00 PM NPT,9257,MBL Equity Fund,MBLEF,58.0,400.0,9.51,-0.63,9.57,,9.51,9.51,9.51,3804.0,2026-08-21 11:50:54.135338,100.0,9.51,,,,,,,,,,,,,,7,"price_volume, live_market, summary, top_gainers, top_losers, nepse_index, supply_demand",5656
2026-08-21T12:34:03.915619+05:45,2026-08-21 12:34:03,live_market,live_market_289,True,cloud_automated,Friday - Trading Hours: 11:00 AM - 1:00 PM NPT,9241,Kumari Sabal Yojana,KSY,58.0,400.0,9.1,-0.66,9.16,,8.89,9.1,8.89,3588.0,2026-08-21 11:50:52.959897,100.0,8.97,,,,,,,,,,,,,,7,"price_volume, live_market, summary, top_gainers, top_losers, nepse_index, supply_demand",5656
2026-08-21T12:34:03.915619+05:45,2026-08-21 12:34:03,live_market,live_market_290,True,cloud_automated,Friday - Trading Hours: 11:00 AM - 1:00 PM NPT,9249,9% ICFC Finance Limited Debenture 2088,ICFCD88,58.0,50.0,1110.0,-1.33,1125.0,,1110.1,1110.1,1110.0,55502.5,2026-08-21 11:50:41.33317,25.0,1110.05,,,,,,,,,,,,,,7,"price_volume, live_market, summary, top_gainers, top_losers, nepse_index, supply_demand",5656
2026-08-21T12:34:03.915619+05:45,2026-08-21 12:34:03,live_market,live_market_291,True,cloud_automated,Friday - Trading Hours: 11:00 AM - 1:00 PM NPT,561,Sindhu Bikash Bank Ltd,SINDU,58.0,385.0,660.9,0.14,660.0,,653.1,667.0,653.0,255218.0,2026-08-21 11:50:39.988566,10.0,662.9,,,,,,,,,,,,,,7,"price_volume, live_market, summary, top_gainers, top_losers, nepse_index, supply_demand",5656
2026-08-21T12:34:03.915619+05:45,2026-08-21 12:34:03,live_market,live_market_292,True,cloud_automated,Friday - Trading Hours: 11:00 AM - 1:00 PM NPT,9256,Om Megashree Pharmaceuticals Limited,OMPL,58.0,117.0,889.0,-1.43,901.9,,901.0,902.0,889.0,105340.0,2026-08-21 11:50:36.482823,10.0,900.34,,,,,,,,,,,,,,7,"price_volume, live_market, summary, top_gainers, top_losers, nepse_index, supply_demand",5656
2026-08-21T12:34:03.915619+05:45,2026-08-21 12:34:03,live_market,live_market_293,True,cloud_automated,Friday - Trading Hours: 11:00 AM - 1:00 PM NPT,544,Prime Commercial Bank Promoter Share,PCBLP,58.0,142796.0,103.0,0.0,103.0,,103.0,103.0,103.0,14707988.0,2026-08-21 11:50:11.041786,142796.0,103.0,,,,,,,,,,,,,,7,"price_volume, live_market, summary, top_gainers, top_losers, nepse_index, supply_demand",5656
2026-08-21T12:34:03.915619+05:45,2026-08-21 12:34:03,live_market,live_market_294,True,cloud_automated,Friday - Trading Hours: 11:00 AM - 1:00 PM NPT,2804,Samudayik Laghubitta Bittiya Sanstha Limited,SLBSL,58.0,54.0,900.0,-1.96,918.0,,891.0,900.0,891.0,48474.0,2026-08-21 11:49:15.327192,40.0,897.67,,,,,,,,,,,,,,7,"price_volume, live_market, summary, top_gainers, top_losers, nepse_index, supply_demand",5656
2026-08-21T12:34:03.915619+05:45,2026-08-21 12:34:03,live_market,live_market_295,True,cloud_automated,Friday - Trading Hours: 11:00 AM - 1:00 PM NPT,273,ICFC Finance Limited,ICFC,58.0,1385.0,591.0,-1.01,597.0,,600.0,605.0,591.0,823800.0,2026-08-21 11:48:58.930219,60.0,594.8,,,,,,,,,,,,,,7,"price_volume, live_market, summary, top_gainers, top_losers, nepse_index, supply_demand",5656
2026-08-21T12:34:03.915619+05:45,2026-08-21 12:34:03,live_market,live_market_296,True,cloud_automated,Friday - Trading Hours: 11:00 AM - 1:00 PM NPT,2771,Support Microfinance Bittiya Sanstha Ltd.,SMB,58.0,30.0,1788.0,1.65,1759.0,,1755.0,1788.0,1755.0,53310.0,2026-08-21 11:47:56.284904,20.0,1777.0,,,,,,,,,,,,,,7,"price_volume, live_market, summary, top_gainers, top_losers, nepse_index, supply_demand",5656
2026-08-21T12:34:03.915619+05:45,2026-08-21 12:34:03,live_market,live_market_297,True,cloud_automated,Friday - Trading Hours: 11:00 AM - 1:00 PM NPT,8068,Century Debenture 2088,CCBD88,58.0,25.0,1200.5,-1.6,1220.0,,1200.5,1200.5,1200.5,30012.5,2026-08-21 11:47:16.043411,25.0,1200.5,,,,,,,,,,,,,,7,"price_volume, live_market, summary, top_gainers, top_losers, nepse_index, supply_demand",5656
2026-08-21T12:34:03.915619+05:45,2026-08-21 12:34:03,live_market,live_market_298,True,cloud_automated,Friday - Trading Hours: 11:00 AM - 1:00 PM NPT,2896,Sampada Laghubitta Bittiya Sanstha Limited,SMPDA,58.0,31.0,745.0,-0.65,749.9,,745.0,745.0,745.0,23095.0,2026-08-21 11:47:02.805976,12.0,745.0,,,,,,,,,,,,,,7,"price_volume, live_market, summary, top_gainers, top_losers, nepse_index, supply_demand",5656
2026-08-21T12:34:03.915619+05:45,2026-08-21 12:34:03,live_market,live_market_299,True,cloud_automated,Friday - Trading Hours: 11:00 AM - 1:00 PM NPT,338,Progressive Finance Limited,PROFL,58.0,849.0,403.0,-1.68,409.9,,399.0,404.0,399.0,340564.9,2026-08-21 11:46:34.284135,280.0,401.14,,,,,,,,,,,,,,7,"price_volume, live_market, summary, top_gainers, top_losers, nepse_index, supply_demand",5656
2026-08-21T12:34:03.915619+05:45,2026-08-21 12:34:03,live_market,live_market_300,True,cloud_automated,Friday - Trading Hours: 11:00 AM - 1:00 PM NPT,618,Laxmi Laghubitta Bittiya Sanstha Ltd.,LLBS,58.0,54.0,875.0,0.92,867.0,,857.0,875.0,857.0,46962.0,2026-08-21 11:45:51.121669,28.0,869.67,,,,,,,,,,,,,,7,"price_volume, live_market, summary, top_gainers, top_losers, nepse_index, supply_demand",5656
2026-08-21T12:34:03.915619+05:45,2026-08-21 12:34:03,live_market,live_market_301,True,cloud_automated,Friday - Trading Hours: 11:00 AM - 1:00 PM NPT,9244,NIBL Stable Fund,NIBLSTF,58.0,400.0,8.25,-1.55,8.38,,8.5,8.5,8.25,3325.0,2026-08-21 11:45:17.001847,100.0,8.31,,,,,,,,,,,,,,7,"price_volume, live_market, summary, top_gainers, top_losers, nepse_index, supply_demand",5656
2026-08-21T12:34:03.915619+05:45,2026-08-21 12:34:03,live_market,live_market_302,True,cloud_automated,Friday - Trading Hours: 11:00 AM - 1:00 PM NPT,8132,Shrijanshil Laghubitta Bittiya Sanstha Limited,SHLB,58.0,29.0,1375.1,-0.64,1384.0,,1385.0,1385.0,1375.1,39976.9,2026-08-21 11:44:21.622461,19.0,1378.51,,,,,,,,,,,,,,7,"price_volume, live_market, summary, top_gainers, top_losers, nepse_index, supply_demand",5656
2026-08-21T12:34:03.915619+05:45,2026-08-21 12:34:03,live_market,live_market_303,True,cloud_automated,Friday - Trading Hours: 11:00 AM - 1:00 PM NPT,250,Janaki Finance Company Limited,JFL,58.0,200.0,380.0,-0.26,381.0,,380.0,380.0,380.0,76000.0,2026-08-21 11:42:23.776019,100.0,380.0,,,,,,,,,,,,,,7,"price_volume, live_market, summary, top_gainers, top_losers, nepse_index, supply_demand",5656
2026-08-21T12:34:03.915619+05:45,2026-08-21 12:34:03,live_market,live_market_304,True,cloud_automated,Friday - Trading Hours: 11:00 AM - 1:00 PM NPT,8034,Emerging Nepal Limited,ENL,58.0,275.0,840.0,2.63,818.5,,824.6,840.0,824.6,227041.0,2026-08-21 11:41:59.339054,15.0,825.6,,,,,,,,,,,,,,7,"price_volume, live_market, summary, top_gainers, top_losers, nepse_index, supply_demand",5656
2026-08-21T12:34:03.915619+05:45,2026-08-21 12:34:03,live_market,live_market_305,True,cloud_automated,Friday - Trading Hours: 11:00 AM - 1:00 PM NPT,9198,Laxmi Value Fund 2,LVF2,58.0,100.0,9.3,-2.92,9.58,,9.3,9.3,9.3,930.0,2026-08-21 11:35:46.787538,100.0,9.3,,,,,,,,,,,,,,7,"price_volume, live_market, summary, top_gainers, top_losers, nepse_index, supply_demand",5656
2026-08-21T12:34:03.915619+05:45,2026-08-21 12:34:03,live_market,live_market_306,True,cloud_automated,Friday - Trading Hours: 11:00 AM - 1:00 PM NPT,2784,Nadep Laghubittiya bittya Sanstha Ltd.,NADEP,58.0,50.0,715.0,0.85,709.0,,715.0,715.0,715.0,35750.0,2026-08-21 11:35:43.351605,50.0,715.0,,,,,,,,,,,,,,7,"price_volume, live_market, summary, top_gainers, top_losers, nepse_index, supply_demand",5656
2026-08-21T12:34:03.915619+05:45,2026-08-21 12:34:03,live_market,live_market_307,True,cloud_automated,Friday - Trading Hours: 11:00 AM - 1:00 PM NPT,2815,Ganapati Laghubitta Bittiya Sanstha Limited,GMFBS,58.0,120.0,1144.6,-1.75,1165.0,,1180.0,1180.0,1144.6,137710.0,2026-08-21 11:34:45.145542,100.0,1147.58,,,,,,,,,,,,,,7,"price_volume, live_market, summary, top_gainers, top_losers, nepse_index, supply_demand",5656
2026-08-21T12:34:03.915619+05:45,2026-08-21 12:34:03,live_market,live_market_308,True,cloud_automated,Friday - Trading Hours: 11:00 AM - 1:00 PM NPT,177,Rastriya Beema Company Limited,RBCL,58.0,10.0,13660.0,-1.12,13815.0,,13660.0,13660.0,13660.0,136600.0,2026-08-21 11:28:28.281154,10.0,13660.0,,,,,,,,,,,,,,7,"price_volume, live_market, summary, top_gainers, top_losers, nepse_index, supply_demand",5656
2026-08-21T12:34:03.915619+05:45,2026-08-21 12:34:03,live_market,live_market_309,True,cloud_automated,Friday - Trading Hours: 11:00 AM - 1:00 PM NPT,9191,Citizens Super 30 Mutual Fund,C30MF,58.0,100.0,9.87,-1.3,10.0,,9.87,9.87,9.87,987.0,2026-08-21 11:27:11.587686,100.0,9.87,,,,,,,,,,,,,,7,"price_volume, live_market, summary, top_gainers, top_losers, nepse_index, supply_demand",5656
2026-08-21T12:34:03.915619+05:45,2026-08-21 12:34:03,live_market,live_market_310,True,cloud_automated,Friday - Trading Hours: 11:00 AM - 1:00 PM NPT,9138,NIBL Growth Fund,NIBLGF,58.0,500.0,8.52,0.47,8.48,,8.28,8.52,8.28,4236.0,2026-08-21 11:25:18.048191,400.0,8.47,,,,,,,,,,,,,,7,"price_volume, live_market, summary, top_gainers, top_losers, nepse_index, supply_demand",5656
2026-08-21T12:34:03.915619+05:45,2026-08-21 12:34:03,live_market,live_market_311,True,cloud_automated,Friday - Trading Hours: 11:00 AM - 1:00 PM NPT,706,Suryodaya Womi Laghubitta Bittiya Sanstha Limited,SWMF,58.0,582.0,609.7,0.3,607.9,,593.0,609.7,592.0,344831.0,2026-08-21 11:24:33.587091,10.0,592.49,,,,,,,,,,,,,,7,"price_volume, live_market, summary, top_gainers, top_losers, nepse_index, supply_demand",5656
2026-08-21T12:34:03.915619+05:45,2026-08-21 12:34:03,live_market,live_market_312,True,cloud_automated,Friday - Trading Hours: 11:00 AM - 1:00 PM NPT,156,Bishal Bazar Company Limited,BBC,58.0,30.0,4170.0,0.97,4130.0,,4022.0,4170.0,4022.0,123340.0,2026-08-21 11:24:29.597209,10.0,4111.33,,,,,,,,,,,,,,7,"price_volume, live_market, summary, top_gainers, top_losers, nepse_index, supply_demand",5656
2026-08-21T12:34:03.915619+05:45,2026-08-21 12:34:03,live_market,live_market_313,True,cloud_automated,Friday - Trading Hours: 11:00 AM - 1:00 PM NPT,2886,10.35% Agricultural Bank Debenture 2083,ADBLD83,58.0,19.0,1039.0,0.0,1039.0,,1039.0,1039.0,1039.0,19741.0,2026-08-21 11:17:19.686176,19.0,1039.0,,,,,,,,,,,,,,7,"price_volume, live_market, summary, top_gainers, top_losers, nepse_index, supply_demand",5656
2026-08-21T12:34:03.915619+05:45,2026-08-21 12:34:03,live_market,live_market_314,True,cloud_automated,Friday - Trading Hours: 11:00 AM - 1:00 PM NPT,2748,RSDC Laghubitta Bittiya Sanstha Ltd.,RSDC,58.0,60.0,634.8,1.29,626.7,,621.0,634.8,621.0,37398.0,2026-08-21 11:15:38.049653,10.0,623.3,,,,,,,,,,,,,,7,"price_volume, live_market, summary, top_gainers, top_losers, nepse_index, supply_demand",5656
2026-08-21T12:34:03.915619+05:45,2026-08-21 12:34:03,live_market,live_market_315,True,cloud_automated,Friday - Trading Hours: 11:00 AM - 1:00 PM NPT,8073,NIC Asia Flexi CAP Fund,NICFC,58.0,1100.0,9.25,0.0,9.25,,9.25,9.25,9.25,10175.0,2026-08-21 11:13:32.123036,700.0,9.25,,,,,,,,,,,,,,7,"price_volume, live_market, summary, top_gainers, top_losers, nepse_index, supply_demand",5656
2026-08-21T12:34:03.915619+05:45,2026-08-21 12:34:03,live_market,live_market_316,True,cloud_automated,Friday - Trading Hours: 11:00 AM - 1:00 PM NPT,8018,Manushi Laghubitta Bittiya Sanstha Limited,MLBS,58.0,10.0,1081.5,3.0,1050.0,,1081.5,1081.5,1081.5,10815.0,2026-08-21 11:12:30.988381,10.0,1081.5,,,,,,,,,,,,,,7,"price_volume, live_market, summary, top_gainers, top_losers, nepse_index, supply_demand",5656
2026-08-21T12:34:03.915619+05:45,2026-08-21 12:34:03,live_market,live_market_317,True,cloud_automated,Friday - Trading Hours: 11:00 AM - 1:00 PM NPT,182,Siddhartha Premier Insurance Limited,SPIL,58.0,100.0,685.0,0.0,685.0,,685.0,685.0,685.0,68500.0,2026-08-21 11:07:36.929274,100.0,685.0,,,,,,,,,,,,,,7,"price_volume, live_market, summary, top_gainers, top_losers, nepse_index, supply_demand",5656
2026-08-21T12:34:03.915619+05:45,2026-08-21 12:34:03,live_market,live_market_318,True,cloud_automated,Friday - Trading Hours: 11:00 AM - 1:00 PM NPT,8119,10.50% Everest Bank Limited Debenture 2085,EBLD85,58.0,2.0,1141.0,0.0,1141.0,,1141.0,1141.0,1141.0,2168.0,2026-08-21 10:46:00.127842,2.0,1084.0,,,,,,,,,,,,,,7,"price_volume, live_market, summary, top_gainers, top_losers, nepse_index, supply_demand",5656
2026-08-21T12:34:03.915619+05:45,2026-08-21 12:34:03,live_market,live_market_319,True,cloud_automated,Friday - Trading Hours: 11:00 AM - 1:00 PM NPT,2882,12% ICFC Finance Limited Debenture 2083,ICFCD83,58.0,1.0,934.2,0.0,934.2,,934.2,934.2,934.2,887.5,2026-08-21 10:46:00.078056,1.0,887.5,,,,,,,,,,,,,,7,"price_volume, live_market, summary, top_gainers, top_losers, nepse_index, supply_demand",5656
2026-08-21T12:34:03.915619+05:45,2026-08-21 12:34:03,summary,summary_summary,True,cloud_automated,Friday - Trading Hours: 11:00 AM - 1:00 PM NPT,,,,,,,,,,,,,,,,,1257995090.33,2950754.0,21670.0,319.0,,,,,,,,,,7,"price_volume, live_market, summary, top_gainers, top_losers, nepse_index, supply_demand",5656
2026-08-21T12:34:03.915619+05:45,2026-08-21 12:34:03,top_gainers,top_gainers_1,True,cloud_automated,Friday - Trading Hours: 11:00 AM - 1:00 PM NPT,9353,Sarvottam Paints Industries Limited,SAPIL,,,,14.99,,,,,,,,,,,,,,797.6,,104.0,,,,,,,7,"price_volume, live_market, summary, top_gainers, top_losers, nepse_index, supply_demand",5656
2026-08-21T12:34:03.915619+05:45,2026-08-21 12:34:03,top_gainers,top_gainers_2,True,cloud_automated,Friday - Trading Hours: 11:00 AM - 1:00 PM NPT,591,Sanima Mai Hydropower Ltd.,SHPC,,,,4.28,,,,,,,,,,,,,,536.0,,22.0,,,,,,,7,"price_volume, live_market, summary, top_gainers, top_losers, nepse_index, supply_demand",5656
2026-08-21T12:34:03.915619+05:45,2026-08-21 12:34:03,top_gainers,top_gainers_3,True,cloud_automated,Friday - Trading Hours: 11:00 AM - 1:00 PM NPT,8117,Aviyan Laghubitta Bittiya Sanstha Limited,AVYAN,,,,3.09,,,,,,,,,,,,,,1066.0,,32.0,,,,,,,7,"price_volume, live_market, summary, top_gainers, top_losers, nepse_index, supply_demand",5656
2026-08-21T12:34:03.915619+05:45,2026-08-21 12:34:03,top_gainers,top_gainers_4,True,cloud_automated,Friday - Trading Hours: 11:00 AM - 1:00 PM NPT,8018,Manushi Laghubitta Bittiya Sanstha Limited,MLBS,,,,3.0,,,,,,,,,,,,,,1081.5,,31.5,,,,,,,7,"price_volume, live_market, summary, top_gainers, top_losers, nepse_index, supply_demand",5656
2026-08-21T12:34:03.915619+05:45,2026-08-21 12:34:03,top_gainers,top_gainers_5,True,cloud_automated,Friday - Trading Hours: 11:00 AM - 1:00 PM NPT,8034,Emerging Nepal Limited,ENL,,,,2.63,,,,,,,,,,,,,,840.0,,21.5,,,,,,,7,"price_volume, live_market, summary, top_gainers, top_losers, nepse_index, supply_demand",5656
2026-08-21T12:34:03.915619+05:45,2026-08-21 12:34:03,top_gainers,top_gainers_6,True,cloud_automated,Friday - Trading Hours: 11:00 AM - 1:00 PM NPT,8133,Peoples Hydropower Company Limited,PHCL,,,,2.48,,,,,,,,,,,,,,310.5,,7.5,,,,,,,7,"price_volume, live_market, summary, top_gainers, top_losers, nepse_index, supply_demand",5656
2026-08-21T12:34:03.915619+05:45,2026-08-21 12:34:03,top_gainers,top_gainers_7,True,cloud_automated,Friday - Trading Hours: 11:00 AM - 1:00 PM NPT,148,Taragaon Regency Hotel Limited,TRH,,,,2.45,,,,,,,,,,,,,,835.0,,20.0,,,,,,,7,"price_volume, live_market, summary, top_gainers, top_losers, nepse_index, supply_demand",5656
2026-08-21T12:34:03.915619+05:45,2026-08-21 12:34:03,top_gainers,top_gainers_8,True,cloud_automated,Friday - Trading Hours: 11:00 AM - 1:00 PM NPT,9135,Barahi Hydropower Public Limited,BHPL,,,,2.33,,,,,,,,,,,,,,479.0,,10.9,,,,,,,7,"price_volume, live_market, summary, top_gainers, top_losers, nepse_index, supply_demand",5656
2026-08-21T12:34:03.915619+05:45,2026-08-21 12:34:03,top_gainers,top_gainers_9,True,cloud_automated,Friday - Trading Hours: 11:00 AM - 1:00 PM NPT,9290,HLI Large Cap Fund,HLICF,,,,2.27,,,,,,,,,,,,,,8.56,,0.19,,,,,,,7,"price_volume, live_market, summary, top_gainers, top_losers, nepse_index, supply_demand",5656
2026-08-21T12:34:03.915619+05:45,2026-08-21 12:34:03,top_gainers,top_gainers_10,True,cloud_automated,Friday - Trading Hours: 11:00 AM - 1:00 PM NPT,9215,Mid Solu Hydropower Limited,MSHL,,,,2.21,,,,,,,,,,,,,,600.0,,13.0,,,,,,,7,"price_volume, live_market, summary, top_gainers, top_losers, nepse_index, supply_demand",5656
2026-08-21T12:34:03.915619+05:45,2026-08-21 12:34:03,top_gainers,top_gainers_11,True,cloud_automated,Friday - Trading Hours: 11:00 AM - 1:00 PM NPT,686,Barun Hydropower Co. Ltd.,BARUN,,,,2.18,,,,,,,,,,,,,,323.9,,6.9,,,,,,,7,"price_volume, live_market, summary, top_gainers, top_losers, nepse_index, supply_demand",5656
2026-08-21T12:34:03.915619+05:45,2026-08-21 12:34:03,top_gainers,top_gainers_12,True,cloud_automated,Friday - Trading Hours: 11:00 AM - 1:00 PM NPT,2770,Siddhartha Equity Fund,SEF,,,,2.15,,,,,,,,,,,,,,9.5,,0.2,,,,,,,7,"price_volume, live_market, summary, top_gainers, top_losers, nepse_index, supply_demand",5656
2026-08-21T12:34:03.915619+05:45,2026-08-21 12:34:03,top_gainers,top_gainers_13,True,cloud_automated,Friday - Trading Hours: 11:00 AM - 1:00 PM NPT,154,Chilime Hydropower Company Limited,CHCL,,,,2.0,,,,,,,,,,,,,,493.5,,9.7,,,,,,,7,"price_volume, live_market, summary, top_gainers, top_losers, nepse_index, supply_demand",5656
2026-08-21T12:34:03.915619+05:45,2026-08-21 12:34:03,top_gainers,top_gainers_14,True,cloud_automated,Friday - Trading Hours: 11:00 AM - 1:00 PM NPT,2787,Kalika power Company Ltd,KPCL,,,,1.82,,,,,,,,,,,,,,474.5,,8.5,,,,,,,7,"price_volume, live_market, summary, top_gainers, top_losers, nepse_index, supply_demand",5656
2026-08-21T12:34:03.915619+05:45,2026-08-21 12:34:03,top_gainers,top_gainers_15,True,cloud_automated,Friday - Trading Hours: 11:00 AM - 1:00 PM NPT,8100,Swet-Ganga Hydropower & Construction Limited ,SGHC,,,,1.77,,,,,,,,,,,,,,305.0,,5.3,,,,,,,7,"price_volume, live_market, summary, top_gainers, top_losers, nepse_index, supply_demand",5656
2026-08-21T12:34:03.915619+05:45,2026-08-21 12:34:03,top_gainers,top_gainers_16,True,cloud_automated,Friday - Trading Hours: 11:00 AM - 1:00 PM NPT,610,Ridi Power Company Limited,RIDI,,,,1.7,,,,,,,,,,,,,,371.0,,6.2,,,,,,,7,"price_volume, live_market, summary, top_gainers, top_losers, nepse_index, supply_demand",5656
2026-08-21T12:34:03.915619+05:45,2026-08-21 12:34:03,top_gainers,top_gainers_17,True,cloud_automated,Friday - Trading Hours: 11:00 AM - 1:00 PM NPT,2771,Support Microfinance Bittiya Sanstha Ltd.,SMB,,,,1.65,,,,,,,,,,,,,,1788.0,,29.0,,,,,,,7,"price_volume, live_market, summary, top_gainers, top_losers, nepse_index, supply_demand",5656
2026-08-21T12:34:03.915619+05:45,2026-08-21 12:34:03,top_gainers,top_gainers_18,True,cloud_automated,Friday - Trading Hours: 11:00 AM - 1:00 PM NPT,8045,Green Ventures Limited,GVL,,,,1.6,,,,,,,,,,,,,,490.0,,7.7,,,,,,,7,"price_volume, live_market, summary, top_gainers, top_losers, nepse_index, supply_demand",5656
2026-08-21T12:34:03.915619+05:45,2026-08-21 12:34:03,top_gainers,top_gainers_19,True,cloud_automated,Friday - Trading Hours: 11:00 AM - 1:00 PM NPT,245,Central Finance Co. Ltd.,CFCL,,,,1.59,,,,,,,,,,,,,,599.5,,9.4,,,,,,,7,"price_volume, live_market, summary, top_gainers, top_losers, nepse_index, supply_demand",5656
2026-08-21T12:34:03.915619+05:45,2026-08-21 12:34:03,top_gainers,top_gainers_20,True,cloud_automated,Friday - Trading Hours: 11:00 AM - 1:00 PM NPT,147,Soaltee Hotel Limited,SHL,,,,1.41,,,,,,,,,,,,,,505.0,,7.0,,,,,,,7,"price_volume, live_market, summary, top_gainers, top_losers, nepse_index, supply_demand",5656
2026-08-21T12:34:03.915619+05:45,2026-08-21 12:34:03,top_gainers,top_gainers_21,True,cloud_automated,Friday - Trading Hours: 11:00 AM - 1:00 PM NPT,8022,Terhathum Power Company Limited,TPC,,,,1.39,,,,,,,,,,,,,,364.0,,5.0,,,,,,,7,"price_volume, live_market, summary, top_gainers, top_losers, nepse_index, supply_demand",5656
2026-08-21T12:34:03.915619+05:45,2026-08-21 12:34:03,top_gainers,top_gainers_22,True,cloud_automated,Friday - Trading Hours: 11:00 AM - 1:00 PM NPT,9303,SY Panel Nepal Limited,SYPNL,,,,1.34,,,,,,,,,,,,,,1287.0,,17.0,,,,,,,7,"price_volume, live_market, summary, top_gainers, top_losers, nepse_index, supply_demand",5656
2026-08-21T12:34:03.915619+05:45,2026-08-21 12:34:03,top_gainers,top_gainers_23,True,cloud_automated,Friday - Trading Hours: 11:00 AM - 1:00 PM NPT,2748,RSDC Laghubitta Bittiya Sanstha Ltd.,RSDC,,,,1.29,,,,,,,,,,,,,,634.8,,8.1,,,,,,,7,"price_volume, live_market, summary, top_gainers, top_losers, nepse_index, supply_demand",5656
2026-08-21T12:34:03.915619+05:45,2026-08-21 12:34:03,top_gainers,top_gainers_24,True,cloud_automated,Friday - Trading Hours: 11:00 AM - 1:00 PM NPT,184,Prabhu Insurance Ltd.,PRIN,,,,1.23,,,,,,,,,,,,,,660.0,,8.0,,,,,,,7,"price_volume, live_market, summary, top_gainers, top_losers, nepse_index, supply_demand",5656
2026-08-21T12:34:03.915619+05:45,2026-08-21 12:34:03,top_gainers,top_gainers_25,True,cloud_automated,Friday - Trading Hours: 11:00 AM - 1:00 PM NPT,8066,River Falls Power Limited,RFPL,,,,1.22,,,,,,,,,,,,,,341.1,,4.1,,,,,,,7,"price_volume, live_market, summary, top_gainers, top_losers, nepse_index, supply_demand",5656
2026-08-21T12:34:03.915619+05:45,2026-08-21 12:34:03,top_gainers,top_gainers_26,True,cloud_automated,Friday - Trading Hours: 11:00 AM - 1:00 PM NPT,185,Sagarmatha Lumbini Insurance Co. Limited,SALICO,,,,1.18,,,,,,,,,,,,,,589.9,,6.9,,,,,,,7,"price_volume, live_market, summary, top_gainers, top_losers, nepse_index, supply_demand",5656
2026-08-21T12:34:03.915619+05:45,2026-08-21 12:34:03,top_gainers,top_gainers_27,True,cloud_automated,Friday - Trading Hours: 11:00 AM - 1:00 PM NPT,2924,GreenLife Hydropower Limited,GLH,,,,1.18,,,,,,,,,,,,,,258.0,,3.0,,,,,,,7,"price_volume, live_market, summary, top_gainers, top_losers, nepse_index, supply_demand",5656
2026-08-21T12:34:03.915619+05:45,2026-08-21 12:34:03,top_gainers,top_gainers_28,True,cloud_automated,Friday - Trading Hours: 11:00 AM - 1:00 PM NPT,2917,Chandragiri Hills Limited,CGH,,,,1.17,,,,,,,,,,,,,,780.0,,9.0,,,,,,,7,"price_volume, live_market, summary, top_gainers, top_losers, nepse_index, supply_demand",5656
2026-08-21T12:34:03.915619+05:45,2026-08-21 12:34:03,top_gainers,top_gainers_29,True,cloud_automated,Friday - Trading Hours: 11:00 AM - 1:00 PM NPT,471,Multipurpose Finance Company  Limited,MPFL,,,,1.12,,,,,,,,,,,,,,620.9,,6.9,,,,,,,7,"price_volume, live_market, summary, top_gainers, top_losers, nepse_index, supply_demand",5656
2026-08-21T12:34:03.915619+05:45,2026-08-21 12:34:03,top_gainers,top_gainers_30,True,cloud_automated,Friday - Trading Hours: 11:00 AM - 1:00 PM NPT,2767,Himalayan Power Partner Ltd.,HPPL,,,,1.11,,,,,,,,,,,,,,383.5,,4.2,,,,,,,7,"price_volume, live_market, summary, top_gainers, top_losers, nepse_index, supply_demand",5656
2026-08-21T12:34:03.915619+05:45,2026-08-21 12:34:03,top_gainers,top_gainers_31,True,cloud_automated,Friday - Trading Hours: 11:00 AM - 1:00 PM NPT,178,National Life Insurance Co. Ltd.,NLICL,,,,1.07,,,,,,,,,,,,,,569.0,,6.0,,,,,,,7,"price_volume, live_market, summary, top_gainers, top_losers, nepse_index, supply_demand",5656
2026-08-21T12:34:03.915619+05:45,2026-08-21 12:34:03,top_gainers,top_gainers_32,True,cloud_automated,Friday - Trading Hours: 11:00 AM - 1:00 PM NPT,176,Nepal Insurance Co. Ltd.,NICL,,,,1.0,,,,,,,,,,,,,,496.0,,4.9,,,,,,,7,"price_volume, live_market, summary, top_gainers, top_losers, nepse_index, supply_demand",5656
2026-08-21T12:34:03.915619+05:45,2026-08-21 12:34:03,top_gainers,top_gainers_33,True,cloud_automated,Friday - Trading Hours: 11:00 AM - 1:00 PM NPT,9146,Super Madi Hydropower Limited,SMHL,,,,0.98,,,,,,,,,,,,,,528.0,,5.1,,,,,,,7,"price_volume, live_market, summary, top_gainers, top_losers, nepse_index, supply_demand",5656
2026-08-21T12:34:03.915619+05:45,2026-08-21 12:34:03,top_gainers,top_gainers_34,True,cloud_automated,Friday - Trading Hours: 11:00 AM - 1:00 PM NPT,156,Bishal Bazar Company Limited,BBC,,,,0.97,,,,,,,,,,,,,,4170.0,,40.0,,,,,,,7,"price_volume, live_market, summary, top_gainers, top_losers, nepse_index, supply_demand",5656
2026-08-21T12:34:03.915619+05:45,2026-08-21 12:34:03,top_gainers,top_gainers_35,True,cloud_automated,Friday - Trading Hours: 11:00 AM - 1:00 PM NPT,618,Laxmi Laghubitta Bittiya Sanstha Ltd.,LLBS,,,,0.92,,,,,,,,,,,,,,875.0,,8.0,,,,,,,7,"price_volume, live_market, summary, top_gainers, top_losers, nepse_index, supply_demand",5656
2026-08-21T12:34:03.915619+05:45,2026-08-21 12:34:03,top_gainers,top_gainers_36,True,cloud_automated,Friday - Trading Hours: 11:00 AM - 1:00 PM NPT,705,Global IME Laghubitta Bittiya Sanstha Ltd.,GILB,,,,0.91,,,,,,,,,,,,,,1110.0,,10.0,,,,,,,7,"price_volume, live_market, summary, top_gainers, top_losers, nepse_index, supply_demand",5656
2026-08-21T12:34:03.915619+05:45,2026-08-21 12:34:03,top_gainers,top_gainers_37,True,cloud_automated,Friday - Trading Hours: 11:00 AM - 1:00 PM NPT,9159,Sagarmatha Jalabidhyut Company Limited,SMJC,,,,0.91,,,,,,,,,,,,,,432.0,,3.9,,,,,,,7,"price_volume, live_market, summary, top_gainers, top_losers, nepse_index, supply_demand",5656
2026-08-21T12:34:03.915619+05:45,2026-08-21 12:34:03,top_gainers,top_gainers_38,True,cloud_automated,Friday - Trading Hours: 11:00 AM - 1:00 PM NPT,2824,Himalaya Urja Bikas Company Limited,HURJA,,,,0.88,,,,,,,,,,,,,,240.0,,2.1,,,,,,,7,"price_volume, live_market, summary, top_gainers, top_losers, nepse_index, supply_demand",5656
2026-08-21T12:34:03.915619+05:45,2026-08-21 12:34:03,top_gainers,top_gainers_39,True,cloud_automated,Friday - Trading Hours: 11:00 AM - 1:00 PM NPT,8126,Sikles Hydropower Limited,SIKLES,,,,0.86,,,,,,,,,,,,,,571.9,,4.9,,,,,,,7,"price_volume, live_market, summary, top_gainers, top_losers, nepse_index, supply_demand",5656
2026-08-21T12:34:03.915619+05:45,2026-08-21 12:34:03,top_gainers,top_gainers_40,True,cloud_automated,Friday - Trading Hours: 11:00 AM - 1:00 PM NPT,2784,Nadep Laghubittiya bittya Sanstha Ltd.,NADEP,,,,0.85,,,,,,,,,,,,,,715.0,,6.0,,,,,,,7,"price_volume, live_market, summary, top_gainers, top_losers, nepse_index, supply_demand",5656
2026-08-21T12:34:03.915619+05:45,2026-08-21 12:34:03,top_gainers,top_gainers_41,True,cloud_automated,Friday - Trading Hours: 11:00 AM - 1:00 PM NPT,9293,Daramkhola Hydro Energy Limited,DHEL,,,,0.84,,,,,,,,,,,,,,589.9,,4.9,,,,,,,7,"price_volume, live_market, summary, top_gainers, top_losers, nepse_index, supply_demand",5656
2026-08-21T12:34:03.915619+05:45,2026-08-21 12:34:03,top_gainers,top_gainers_42,True,cloud_automated,Friday - Trading Hours: 11:00 AM - 1:00 PM NPT,9173,City Hotel Limited,CITY,,,,0.84,,,,,,,,,,,,,,360.0,,3.0,,,,,,,7,"price_volume, live_market, summary, top_gainers, top_losers, nepse_index, supply_demand",5656
2026-08-21T12:34:03.915619+05:45,2026-08-21 12:34:03,top_gainers,top_gainers_43,True,cloud_automated,Friday - Trading Hours: 11:00 AM - 1:00 PM NPT,2751,Khanikhola Hydropower Co. Ltd.,KKHC,,,,0.82,,,,,,,,,,,,,,281.1,,2.3,,,,,,,7,"price_volume, live_market, summary, top_gainers, top_losers, nepse_index, supply_demand",5656
2026-08-21T12:34:03.915619+05:45,2026-08-21 12:34:03,top_gainers,top_gainers_44,True,cloud_automated,Friday - Trading Hours: 11:00 AM - 1:00 PM NPT,8099,Upper Hewakhola Hydropower Company Limited,UHEWA,,,,0.81,,,,,,,,,,,,,,625.0,,5.0,,,,,,,7,"price_volume, live_market, summary, top_gainers, top_losers, nepse_index, supply_demand",5656
2026-08-21T12:34:03.915619+05:45,2026-08-21 12:34:03,top_gainers,top_gainers_45,True,cloud_automated,Friday - Trading Hours: 11:00 AM - 1:00 PM NPT,2831,Union Hydropower Limited,UNHPL,,,,0.81,,,,,,,,,,,,,,375.0,,3.0,,,,,,,7,"price_volume, live_market, summary, top_gainers, top_losers, nepse_index, supply_demand",5656
2026-08-21T12:34:03.915619+05:45,2026-08-21 12:34:03,top_gainers,top_gainers_46,True,cloud_automated,Friday - Trading Hours: 11:00 AM - 1:00 PM NPT,263,Guheshowori Merchant Bank & Finance Co. Ltd.,GMFIL,,,,0.75,,,,,,,,,,,,,,443.3,,3.3,,,,,,,7,"price_volume, live_market, summary, top_gainers, top_losers, nepse_index, supply_demand",5656
2026-08-21T12:34:03.915619+05:45,2026-08-21 12:34:03,top_gainers,top_gainers_47,True,cloud_automated,Friday - Trading Hours: 11:00 AM - 1:00 PM NPT,2760,United Modi Hydropower Ltd.,UMHL,,,,0.72,,,,,,,,,,,,,,586.2,,4.2,,,,,,,7,"price_volume, live_market, summary, top_gainers, top_losers, nepse_index, supply_demand",5656
2026-08-21T12:34:03.915619+05:45,2026-08-21 12:34:03,top_gainers,top_gainers_48,True,cloud_automated,Friday - Trading Hours: 11:00 AM - 1:00 PM NPT,2766,Chhyangdi Hydropower Ltd.,CHL,,,,0.71,,,,,,,,,,,,,,269.9,,1.9,,,,,,,7,"price_volume, live_market, summary, top_gainers, top_losers, nepse_index, supply_demand",5656
2026-08-21T12:34:03.915619+05:45,2026-08-21 12:34:03,top_gainers,top_gainers_49,True,cloud_automated,Friday - Trading Hours: 11:00 AM - 1:00 PM NPT,9304,Citizens Santulit Yojana,CSY,,,,0.69,,,,,,,,,,,,,,8.76,,0.06,,,,,,,7,"price_volume, live_market, summary, top_gainers, top_losers, nepse_index, supply_demand",5656
2026-08-21T12:34:03.915619+05:45,2026-08-21 12:34:03,top_gainers,top_gainers_50,True,cloud_automated,Friday - Trading Hours: 11:00 AM - 1:00 PM NPT,2934,Singati Hydro Energy Limited,SHEL,,,,0.66,,,,,,,,,,,,,,304.0,,2.0,,,,,,,7,"price_volume, live_market, summary, top_gainers, top_losers, nepse_index, supply_demand",5656
2026-08-21T12:34:03.915619+05:45,2026-08-21 12:34:03,top_gainers,top_gainers_51,True,cloud_automated,Friday - Trading Hours: 11:00 AM - 1:00 PM NPT,9171,Bhugol Energy Development Company Limited,BEDC,,,,0.65,,,,,,,,,,,,,,309.0,,2.0,,,,,,,7,"price_volume, live_market, summary, top_gainers, top_losers, nepse_index, supply_demand",5656
2026-08-21T12:34:03.915619+05:45,2026-08-21 12:34:03,top_gainers,top_gainers_52,True,cloud_automated,Friday - Trading Hours: 11:00 AM - 1:00 PM NPT,145,Siddhartha Bank Limited,SBL,,,,0.61,,,,,,,,,,,,,,414.0,,2.5,,,,,,,7,"price_volume, live_market, summary, top_gainers, top_losers, nepse_index, supply_demand",5656
2026-08-21T12:34:03.915619+05:45,2026-08-21 12:34:03,top_gainers,top_gainers_53,True,cloud_automated,Friday - Trading Hours: 11:00 AM - 1:00 PM NPT,9216,Sonapur Minerals And Oil Limited,SONA,,,,0.6,,,,,,,,,,,,,,401.5,,2.4,,,,,,,7,"price_volume, live_market, summary, top_gainers, top_losers, nepse_index, supply_demand",5656
2026-08-21T12:34:03.915619+05:45,2026-08-21 12:34:03,top_gainers,top_gainers_54,True,cloud_automated,Friday - Trading Hours: 11:00 AM - 1:00 PM NPT,418,Jyoti Bikas Bank Limited,JBBL,,,,0.6,,,,,,,,,,,,,,336.0,,2.0,,,,,,,7,"price_volume, live_market, summary, top_gainers, top_losers, nepse_index, supply_demand",5656
2026-08-21T12:34:03.915619+05:45,2026-08-21 12:34:03,top_gainers,top_gainers_55,True,cloud_automated,Friday - Trading Hours: 11:00 AM - 1:00 PM NPT,9306,Reliance Spinning Mills Limited,RSML,,,,0.58,,,,,,,,,,,,,,2800.2,,16.2,,,,,,,7,"price_volume, live_market, summary, top_gainers, top_losers, nepse_index, supply_demand",5656
2026-08-21T12:34:03.915619+05:45,2026-08-21 12:34:03,top_gainers,top_gainers_56,True,cloud_automated,Friday - Trading Hours: 11:00 AM - 1:00 PM NPT,2810,UNIVERSAL POWER COMPANY LTD,UPCL,,,,0.58,,,,,,,,,,,,,,345.0,,2.0,,,,,,,7,"price_volume, live_market, summary, top_gainers, top_losers, nepse_index, supply_demand",5656
2026-08-21T12:34:03.915619+05:45,2026-08-21 12:34:03,top_gainers,top_gainers_57,True,cloud_automated,Friday - Trading Hours: 11:00 AM - 1:00 PM NPT,517,Nepal Bank Limited,NBL,,,,0.58,,,,,,,,,,,,,,278.6,,1.6,,,,,,,7,"price_volume, live_market, summary, top_gainers, top_losers, nepse_index, supply_demand",5656
2026-08-21T12:34:03.915619+05:45,2026-08-21 12:34:03,top_gainers,top_gainers_58,True,cloud_automated,Friday - Trading Hours: 11:00 AM - 1:00 PM NPT,9345,Sanigad Hydro Limited,SGHL,,,,0.56,,,,,,,,,,,,,,537.0,,3.0,,,,,,,7,"price_volume, live_market, summary, top_gainers, top_losers, nepse_index, supply_demand",5656
2026-08-21T12:34:03.915619+05:45,2026-08-21 12:34:03,top_gainers,top_gainers_59,True,cloud_automated,Friday - Trading Hours: 11:00 AM - 1:00 PM NPT,9322,Bhujung Hydropower Limited,BJHL,,,,0.55,,,,,,,,,,,,,,728.0,,4.0,,,,,,,7,"price_volume, live_market, summary, top_gainers, top_losers, nepse_index, supply_demand",5656
2026-08-21T12:34:03.915619+05:45,2026-08-21 12:34:03,top_gainers,top_gainers_60,True,cloud_automated,Friday - Trading Hours: 11:00 AM - 1:00 PM NPT,153,Butwal Power Company Limited,BPCL,,,,0.55,,,,,,,,,,,,,,658.6,,3.6,,,,,,,7,"price_volume, live_market, summary, top_gainers, top_losers, nepse_index, supply_demand",5656
2026-08-21T12:34:03.915619+05:45,2026-08-21 12:34:03,top_gainers,top_gainers_61,True,cloud_automated,Friday - Trading Hours: 11:00 AM - 1:00 PM NPT,9336,Sopan Pharmaceuticals Limited,SOPL,,,,0.53,,,,,,,,,,,,,,780.1,,4.1,,,,,,,7,"price_volume, live_market, summary, top_gainers, top_losers, nepse_index, supply_demand",5656
2026-08-21T12:34:03.915619+05:45,2026-08-21 12:34:03,top_gainers,top_gainers_62,True,cloud_automated,Friday - Trading Hours: 11:00 AM - 1:00 PM NPT,274,Excel Development Bank Ltd.,EDBL,,,,0.53,,,,,,,,,,,,,,586.9,,3.1,,,,,,,7,"price_volume, live_market, summary, top_gainers, top_losers, nepse_index, supply_demand",5656
2026-08-21T12:34:03.915619+05:45,2026-08-21 12:34:03,top_gainers,top_gainers_63,True,cloud_automated,Friday - Trading Hours: 11:00 AM - 1:00 PM NPT,474,Muktinath Bikas Bank Ltd.,MNBBL,,,,0.53,,,,,,,,,,,,,,361.9,,1.9,,,,,,,7,"price_volume, live_market, summary, top_gainers, top_losers, nepse_index, supply_demand",5656
2026-08-21T12:34:03.915619+05:45,2026-08-21 12:34:03,top_gainers,top_gainers_64,True,cloud_automated,Friday - Trading Hours: 11:00 AM - 1:00 PM NPT,2881,Nepal Reinsurance Company Limited,NRIC,,,,0.5,,,,,,,,,,,,,,910.5,,4.5,,,,,,,7,"price_volume, live_market, summary, top_gainers, top_losers, nepse_index, supply_demand",5656
2026-08-21T12:34:03.915619+05:45,2026-08-21 12:34:03,top_gainers,top_gainers_65,True,cloud_automated,Friday - Trading Hours: 11:00 AM - 1:00 PM NPT,204,Gurkhas Finance Ltd.,GUFL,,,,0.5,,,,,,,,,,,,,,537.7,,2.7,,,,,,,7,"price_volume, live_market, summary, top_gainers, top_losers, nepse_index, supply_demand",5656
2026-08-21T12:34:03.915619+05:45,2026-08-21 12:34:03,top_gainers,top_gainers_66,True,cloud_automated,Friday - Trading Hours: 11:00 AM - 1:00 PM NPT,2907,Shiva Shree Hydropower Ltd,SSHL,,,,0.5,,,,,,,,,,,,,,201.0,,1.0,,,,,,,7,"price_volume, live_market, summary, top_gainers, top_losers, nepse_index, supply_demand",5656
2026-08-21T12:34:03.915619+05:45,2026-08-21 12:34:03,top_gainers,top_gainers_67,True,cloud_automated,Friday - Trading Hours: 11:00 AM - 1:00 PM NPT,2931,8.5% Nepal Investment Bank Debenture 2084,NIBD84,,,,0.48,,,,,,,,,,,,,,1035.0,,4.9,,,,,,,7,"price_volume, live_market, summary, top_gainers, top_losers, nepse_index, supply_demand",5656
2026-08-21T12:34:03.915619+05:45,2026-08-21 12:34:03,top_gainers,top_gainers_68,True,cloud_automated,Friday - Trading Hours: 11:00 AM - 1:00 PM NPT,8122,People's Power Limited,PPL,,,,0.48,,,,,,,,,,,,,,315.5,,1.5,,,,,,,7,"price_volume, live_market, summary, top_gainers, top_losers, nepse_index, supply_demand",5656
2026-08-21T12:34:03.915619+05:45,2026-08-21 12:34:03,top_gainers,top_gainers_69,True,cloud_automated,Friday - Trading Hours: 11:00 AM - 1:00 PM NPT,8055,Balephi Hydropower Limited,BHL,,,,0.48,,,,,,,,,,,,,,209.0,,1.0,,,,,,,7,"price_volume, live_market, summary, top_gainers, top_losers, nepse_index, supply_demand",5656
2026-08-21T12:34:03.915619+05:45,2026-08-21 12:34:03,top_gainers,top_gainers_70,True,cloud_automated,Friday - Trading Hours: 11:00 AM - 1:00 PM NPT,9138,NIBL Growth Fund,NIBLGF,,,,0.47,,,,,,,,,,,,,,8.52,,0.04,,,,,,,7,"price_volume, live_market, summary, top_gainers, top_losers, nepse_index, supply_demand",5656
2026-08-21T12:34:03.915619+05:45,2026-08-21 12:34:03,top_gainers,top_gainers_71,True,cloud_automated,Friday - Trading Hours: 11:00 AM - 1:00 PM NPT,9156,Sanima Middle Tamor Hydropower Limited,TAMOR,,,,0.46,,,,,,,,,,,,,,484.0,,2.2,,,,,,,7,"price_volume, live_market, summary, top_gainers, top_losers, nepse_index, supply_demand",5656
2026-08-21T12:34:03.915619+05:45,2026-08-21 12:34:03,top_gainers,top_gainers_72,True,cloud_automated,Friday - Trading Hours: 11:00 AM - 1:00 PM NPT,9225,Vision Lumbini Urja Company Limited ,VLUCL,,,,0.46,,,,,,,,,,,,,,395.0,,1.8,,,,,,,7,"price_volume, live_market, summary, top_gainers, top_losers, nepse_index, supply_demand",5656
2026-08-21T12:34:03.915619+05:45,2026-08-21 12:34:03,top_gainers,top_gainers_73,True,cloud_automated,Friday - Trading Hours: 11:00 AM - 1:00 PM NPT,255,Prabhu  Bank Limited,PRVU,,,,0.44,,,,,,,,,,,,,,183.8,,0.8,,,,,,,7,"price_volume, live_market, summary, top_gainers, top_losers, nepse_index, supply_demand",5656
2026-08-21T12:34:03.915619+05:45,2026-08-21 12:34:03,top_gainers,top_gainers_74,True,cloud_automated,Friday - Trading Hours: 11:00 AM - 1:00 PM NPT,2860,Saptakoshi Development Bank Ltd,SAPDBL,,,,0.43,,,,,,,,,,,,,,717.0,,3.1,,,,,,,7,"price_volume, live_market, summary, top_gainers, top_losers, nepse_index, supply_demand",5656
2026-08-21T12:34:03.915619+05:45,2026-08-21 12:34:03,top_gainers,top_gainers_75,True,cloud_automated,Friday - Trading Hours: 11:00 AM - 1:00 PM NPT,357,Prime Commercial Bank Ltd.,PCBL,,,,0.42,,,,,,,,,,,,,,241.0,,1.0,,,,,,,7,"price_volume, live_market, summary, top_gainers, top_losers, nepse_index, supply_demand",5656
2026-08-21T12:34:03.915619+05:45,2026-08-21 12:34:03,top_gainers,top_gainers_76,True,cloud_automated,Friday - Trading Hours: 11:00 AM - 1:00 PM NPT,3946,CEDB Holdings Limited,CHDC,,,,0.41,,,,,,,,,,,,,,2214.9,,9.0,,,,,,,7,"price_volume, live_market, summary, top_gainers, top_losers, nepse_index, supply_demand",5656
2026-08-21T12:34:03.915619+05:45,2026-08-21 12:34:03,top_gainers,top_gainers_77,True,cloud_automated,Friday - Trading Hours: 11:00 AM - 1:00 PM NPT,360,Arun Valley Hydropower Development Co. Ltd.,AHPC,,,,0.38,,,,,,,,,,,,,,261.5,,1.0,,,,,,,7,"price_volume, live_market, summary, top_gainers, top_losers, nepse_index, supply_demand",5656
2026-08-21T12:34:03.915619+05:45,2026-08-21 12:34:03,top_gainers,top_gainers_78,True,cloud_automated,Friday - Trading Hours: 11:00 AM - 1:00 PM NPT,2919,Nepal Infrastructure Bank Limited,NIFRA,,,,0.37,,,,,,,,,,,,,,244.9,,0.9,,,,,,,7,"price_volume, live_market, summary, top_gainers, top_losers, nepse_index, supply_demand",5656
2026-08-21T12:34:03.915619+05:45,2026-08-21 12:34:03,top_gainers,top_gainers_79,True,cloud_automated,Friday - Trading Hours: 11:00 AM - 1:00 PM NPT,186,IGI Prudential insurance Limited,IGI,,,,0.36,,,,,,,,,,,,,,424.0,,1.5,,,,,,,7,"price_volume, live_market, summary, top_gainers, top_losers, nepse_index, supply_demand",5656
2026-08-21T12:34:03.915619+05:45,2026-08-21 12:34:03,top_gainers,top_gainers_80,True,cloud_automated,Friday - Trading Hours: 11:00 AM - 1:00 PM NPT,2913,Mountain Energy Nepal Limited,MEN,,,,0.34,,,,,,,,,,,,,,641.2,,2.2,,,,,,,7,"price_volume, live_market, summary, top_gainers, top_losers, nepse_index, supply_demand",5656
2026-08-21T12:34:03.915619+05:45,2026-08-21 12:34:03,top_gainers,top_gainers_81,True,cloud_automated,Friday - Trading Hours: 11:00 AM - 1:00 PM NPT,141,Laxmi Sunrise Bank Limited,LSL,,,,0.32,,,,,,,,,,,,,,220.0,,0.7,,,,,,,7,"price_volume, live_market, summary, top_gainers, top_losers, nepse_index, supply_demand",5656
2026-08-21T12:34:03.915619+05:45,2026-08-21 12:34:03,top_gainers,top_gainers_82,True,cloud_automated,Friday - Trading Hours: 11:00 AM - 1:00 PM NPT,706,Suryodaya Womi Laghubitta Bittiya Sanstha Limited,SWMF,,,,0.3,,,,,,,,,,,,,,609.7,,1.8,,,,,,,7,"price_volume, live_market, summary, top_gainers, top_losers, nepse_index, supply_demand",5656
2026-08-21T12:34:03.915619+05:45,2026-08-21 12:34:03,top_gainers,top_gainers_83,True,cloud_automated,Friday - Trading Hours: 11:00 AM - 1:00 PM NPT,2826,Gurans Laghubitta Bittiya Sanstha Limited,GLBSL,,,,0.29,,,,,,,,,,,,,,1715.0,,5.0,,,,,,,7,"price_volume, live_market, summary, top_gainers, top_losers, nepse_index, supply_demand",5656
2026-08-21T12:34:03.915619+05:45,2026-08-21 12:34:03,top_gainers,top_gainers_84,True,cloud_automated,Friday - Trading Hours: 11:00 AM - 1:00 PM NPT,9297,Bandipur Cablecar and Tourism Limited,BANDIPUR,,,,0.29,,,,,,,,,,,,,,682.3,,2.0,,,,,,,7,"price_volume, live_market, summary, top_gainers, top_losers, nepse_index, supply_demand",5656
2026-08-21T12:34:03.915619+05:45,2026-08-21 12:34:03,top_gainers,top_gainers_85,True,cloud_automated,Friday - Trading Hours: 11:00 AM - 1:00 PM NPT,9311,Solu Hydropower Limited,SOHL,,,,0.29,,,,,,,,,,,,,,701.0,,2.0,,,,,,,7,"price_volume, live_market, summary, top_gainers, top_losers, nepse_index, supply_demand",5656
2026-08-21T12:34:03.915619+05:45,2026-08-21 12:34:03,top_gainers,top_gainers_86,True,cloud_automated,Friday - Trading Hours: 11:00 AM - 1:00 PM NPT,9262,Trade Tower Limited,TTL,,,,0.28,,,,,,,,,,,,,,712.0,,2.0,,,,,,,7,"price_volume, live_market, summary, top_gainers, top_losers, nepse_index, supply_demand",5656
2026-08-21T12:34:03.915619+05:45,2026-08-21 12:34:03,top_gainers,top_gainers_87,True,cloud_automated,Friday - Trading Hours: 11:00 AM - 1:00 PM NPT,183,Neco Insurance Limited,NIL,,,,0.28,,,,,,,,,,,,,,600.0,,1.7,,,,,,,7,"price_volume, live_market, summary, top_gainers, top_losers, nepse_index, supply_demand",5656
2026-08-21T12:34:03.915619+05:45,2026-08-21 12:34:03,top_gainers,top_gainers_88,True,cloud_automated,Friday - Trading Hours: 11:00 AM - 1:00 PM NPT,2887,NIC ASIA Laghubitta Bittiya Sanstha Limited,NICLBSL,,,,0.28,,,,,,,,,,,,,,545.0,,1.5,,,,,,,7,"price_volume, live_market, summary, top_gainers, top_losers, nepse_index, supply_demand",5656
2026-08-21T12:34:03.915619+05:45,2026-08-21 12:34:03,top_gainers,top_gainers_89,True,cloud_automated,Friday - Trading Hours: 11:00 AM - 1:00 PM NPT,2757,Arun Kabeli Power Ltd.,AKPL,,,,0.28,,,,,,,,,,,,,,250.5,,0.7,,,,,,,7,"price_volume, live_market, summary, top_gainers, top_losers, nepse_index, supply_demand",5656
2026-08-21T12:34:03.915619+05:45,2026-08-21 12:34:03,top_gainers,top_gainers_90,True,cloud_automated,Friday - Trading Hours: 11:00 AM - 1:00 PM NPT,574,Sana Kisan Bikas Laghubitta Bittiya Sanstha Limited,SKBBL,,,,0.27,,,,,,,,,,,,,,752.0,,2.0,,,,,,,7,"price_volume, live_market, summary, top_gainers, top_losers, nepse_index, supply_demand",5656
2026-08-21T12:34:03.915619+05:45,2026-08-21 12:34:03,top_gainers,top_gainers_91,True,cloud_automated,Friday - Trading Hours: 11:00 AM - 1:00 PM NPT,8131,Eastern Hydropower Limited,EHPL,,,,0.27,,,,,,,,,,,,,,333.9,,0.9,,,,,,,7,"price_volume, live_market, summary, top_gainers, top_losers, nepse_index, supply_demand",5656
2026-08-21T12:34:03.915619+05:45,2026-08-21 12:34:03,top_gainers,top_gainers_92,True,cloud_automated,Friday - Trading Hours: 11:00 AM - 1:00 PM NPT,152,National Hydro Power Company Limited,NHPC,,,,0.26,,,,,,,,,,,,,,272.7,,0.7,,,,,,,7,"price_volume, live_market, summary, top_gainers, top_losers, nepse_index, supply_demand",5656
2026-08-21T12:34:03.915619+05:45,2026-08-21 12:34:03,top_gainers,top_gainers_93,True,cloud_automated,Friday - Trading Hours: 11:00 AM - 1:00 PM NPT,9201,Sun Nepal Life Insurance Company Limited,SNLI,,,,0.25,,,,,,,,,,,,,,401.4,,1.0,,,,,,,7,"price_volume, live_market, summary, top_gainers, top_losers, nepse_index, supply_demand",5656
2026-08-21T12:34:03.915619+05:45,2026-08-21 12:34:03,top_gainers,top_gainers_94,True,cloud_automated,Friday - Trading Hours: 11:00 AM - 1:00 PM NPT,172,Narayani Development Bank Limited,NABBC,,,,0.24,,,,,,,,,,,,,,806.0,,1.9,,,,,,,7,"price_volume, live_market, summary, top_gainers, top_losers, nepse_index, supply_demand",5656
2026-08-21T12:34:03.915619+05:45,2026-08-21 12:34:03,top_gainers,top_gainers_95,True,cloud_automated,Friday - Trading Hours: 11:00 AM - 1:00 PM NPT,2841,RASUWAGADHI HYDROPOWER COMPANY LIMITED,RHPL,,,,0.24,,,,,,,,,,,,,,249.0,,0.6,,,,,,,7,"price_volume, live_market, summary, top_gainers, top_losers, nepse_index, supply_demand",5656
2026-08-21T12:34:03.915619+05:45,2026-08-21 12:34:03,top_gainers,top_gainers_96,True,cloud_automated,Friday - Trading Hours: 11:00 AM - 1:00 PM NPT,9217,Mathillo Mailun Khola Jalvidhyut Limited,MMKJL,,,,0.23,,,,,,,,,,,,,,440.0,,1.0,,,,,,,7,"price_volume, live_market, summary, top_gainers, top_losers, nepse_index, supply_demand",5656
2026-08-21T12:34:03.915619+05:45,2026-08-21 12:34:03,top_gainers,top_gainers_97,True,cloud_automated,Friday - Trading Hours: 11:00 AM - 1:00 PM NPT,142,Kumari Bank Limited,KBL,,,,0.23,,,,,,,,,,,,,,216.0,,0.5,,,,,,,7,"price_volume, live_market, summary, top_gainers, top_losers, nepse_index, supply_demand",5656
2026-08-21T12:34:03.915619+05:45,2026-08-21 12:34:03,top_gainers,top_gainers_98,True,cloud_automated,Friday - Trading Hours: 11:00 AM - 1:00 PM NPT,516,Manjushree Finance Ltd.,MFIL,,,,0.21,,,,,,,,,,,,,,750.4,,1.6,,,,,,,7,"price_volume, live_market, summary, top_gainers, top_losers, nepse_index, supply_demand",5656
2026-08-21T12:34:03.915619+05:45,2026-08-21 12:34:03,top_gainers,top_gainers_99,True,cloud_automated,Friday - Trading Hours: 11:00 AM - 1:00 PM NPT,587,Reliance Finance Ltd.,RLFL,,,,0.21,,,,,,,,,,,,,,436.9,,0.9,,,,,,,7,"price_volume, live_market, summary, top_gainers, top_losers, nepse_index, supply_demand",5656
2026-08-21T12:34:03.915619+05:45,2026-08-21 12:34:03,top_gainers,top_gainers_100,True,cloud_automated,Friday - Trading Hours: 11:00 AM - 1:00 PM NPT,8104,Upper Solu Hydro Electric Company Limited,USHEC,,,,0.2,,,,,,,,,,,,,,512.0,,1.0,,,,,,,7,"price_volume, live_market, summary, top_gainers, top_losers, nepse_index, supply_demand",5656
2026-08-21T12:34:03.915619+05:45,2026-08-21 12:34:03,top_gainers,top_gainers_101,True,cloud_automated,Friday - Trading Hours: 11:00 AM - 1:00 PM NPT,341,Global IME Bank Limited,GBIME,,,,0.2,,,,,,,,,,,,,,248.0,,0.5,,,,,,,7,"price_volume, live_market, summary, top_gainers, top_losers, nepse_index, supply_demand",5656
2026-08-21T12:34:03.915619+05:45,2026-08-21 12:34:03,top_gainers,top_gainers_102,True,cloud_automated,Friday - Trading Hours: 11:00 AM - 1:00 PM NPT,9254,NMB Hybrid Fund L- II,NMBHF2,,,,0.2,,,,,,,,,,,,,,9.92,,0.02,,,,,,,7,"price_volume, live_market, summary, top_gainers, top_losers, nepse_index, supply_demand",5656
2026-08-21T12:34:03.915619+05:45,2026-08-21 12:34:03,top_gainers,top_gainers_103,True,cloud_automated,Friday - Trading Hours: 11:00 AM - 1:00 PM NPT,179,Himalayan Everest Insurance Limited,HEI,,,,0.19,,,,,,,,,,,,,,530.0,,1.0,,,,,,,7,"price_volume, live_market, summary, top_gainers, top_losers, nepse_index, supply_demand",5656
2026-08-21T12:34:03.915619+05:45,2026-08-21 12:34:03,top_gainers,top_gainers_104,True,cloud_automated,Friday - Trading Hours: 11:00 AM - 1:00 PM NPT,194,Nepal Finance Ltd.,NFS,,,,0.18,,,,,,,,,,,,,,556.0,,1.0,,,,,,,7,"price_volume, live_market, summary, top_gainers, top_losers, nepse_index, supply_demand",5656
2026-08-21T12:34:03.915619+05:45,2026-08-21 12:34:03,top_gainers,top_gainers_105,True,cloud_automated,Friday - Trading Hours: 11:00 AM - 1:00 PM NPT,9167,Mai Khola Hydropower Limited,MKHL,,,,0.18,,,,,,,,,,,,,,495.0,,0.9,,,,,,,7,"price_volume, live_market, summary, top_gainers, top_losers, nepse_index, supply_demand",5656
2026-08-21T12:34:03.915619+05:45,2026-08-21 12:34:03,top_gainers,top_gainers_106,True,cloud_automated,Friday - Trading Hours: 11:00 AM - 1:00 PM NPT,697,Api Power Company Ltd.,API,,,,0.18,,,,,,,,,,,,,,336.0,,0.6,,,,,,,7,"price_volume, live_market, summary, top_gainers, top_losers, nepse_index, supply_demand",5656
2026-08-21T12:34:03.915619+05:45,2026-08-21 12:34:03,top_gainers,top_gainers_107,True,cloud_automated,Friday - Trading Hours: 11:00 AM - 1:00 PM NPT,2809,SHIVAM CEMENTS LTD,SHIVM,,,,0.16,,,,,,,,,,,,,,632.0,,1.0,,,,,,,7,"price_volume, live_market, summary, top_gainers, top_losers, nepse_index, supply_demand",5656
2026-08-21T12:34:03.915619+05:45,2026-08-21 12:34:03,top_gainers,top_gainers_108,True,cloud_automated,Friday - Trading Hours: 11:00 AM - 1:00 PM NPT,8070,Dordi Khola Jal Bidyut Company Limited,DORDI,,,,0.16,,,,,,,,,,,,,,249.4,,0.4,,,,,,,7,"price_volume, live_market, summary, top_gainers, top_losers, nepse_index, supply_demand",5656
2026-08-21T12:34:03.915619+05:45,2026-08-21 12:34:03,top_gainers,top_gainers_109,True,cloud_automated,Friday - Trading Hours: 11:00 AM - 1:00 PM NPT,132,Nepal Investment Mega Bank Limited,NIMB,,,,0.16,,,,,,,,,,,,,,187.8,,0.3,,,,,,,7,"price_volume, live_market, summary, top_gainers, top_losers, nepse_index, supply_demand",5656
2026-08-21T12:34:03.915619+05:45,2026-08-21 12:34:03,top_gainers,top_gainers_110,True,cloud_automated,Friday - Trading Hours: 11:00 AM - 1:00 PM NPT,561,Sindhu Bikash Bank Ltd,SINDU,,,,0.14,,,,,,,,,,,,,,660.9,,0.9,,,,,,,7,"price_volume, live_market, summary, top_gainers, top_losers, nepse_index, supply_demand",5656
2026-08-21T12:34:03.915619+05:45,2026-08-21 12:34:03,top_gainers,top_gainers_111,True,cloud_automated,Friday - Trading Hours: 11:00 AM - 1:00 PM NPT,371,Miteri Development Bank Limited,MDB,,,,0.14,,,,,,,,,,,,,,567.0,,0.8,,,,,,,7,"price_volume, live_market, summary, top_gainers, top_losers, nepse_index, supply_demand",5656
2026-08-21T12:34:03.915619+05:45,2026-08-21 12:34:03,top_gainers,top_gainers_112,True,cloud_automated,Friday - Trading Hours: 11:00 AM - 1:00 PM NPT,210,Citizen Investment Trust,CIT,,,,0.12,,,,,,,,,,,,,,1697.0,,2.0,,,,,,,7,"price_volume, live_market, summary, top_gainers, top_losers, nepse_index, supply_demand",5656
2026-08-21T12:34:03.915619+05:45,2026-08-21 12:34:03,top_gainers,top_gainers_113,True,cloud_automated,Friday - Trading Hours: 11:00 AM - 1:00 PM NPT,137,Everest Bank Limited,EBL,,,,0.11,,,,,,,,,,,,,,735.7,,0.8,,,,,,,7,"price_volume, live_market, summary, top_gainers, top_losers, nepse_index, supply_demand",5656
2026-08-21T12:34:03.915619+05:45,2026-08-21 12:34:03,top_gainers,top_gainers_114,True,cloud_automated,Friday - Trading Hours: 11:00 AM - 1:00 PM NPT,8074,Kumari Dhanabriddhi Yojana,KDBY,,,,0.1,,,,,,,,,,,,,,9.98,,0.01,,,,,,,7,"price_volume, live_market, summary, top_gainers, top_losers, nepse_index, supply_demand",5656
2026-08-21T12:34:03.915619+05:45,2026-08-21 12:34:03,top_gainers,top_gainers_115,True,cloud_automated,Friday - Trading Hours: 11:00 AM - 1:00 PM NPT,131,Nabil Bank Limited,NABIL,,,,0.09,,,,,,,,,,,,,,549.0,,0.5,,,,,,,7,"price_volume, live_market, summary, top_gainers, top_losers, nepse_index, supply_demand",5656
2026-08-21T12:34:03.915619+05:45,2026-08-21 12:34:03,top_gainers,top_gainers_116,True,cloud_automated,Friday - Trading Hours: 11:00 AM - 1:00 PM NPT,192,Shikhar Insurance Co. Ltd.,SICL,,,,0.08,,,,,,,,,,,,,,606.6,,0.5,,,,,,,7,"price_volume, live_market, summary, top_gainers, top_losers, nepse_index, supply_demand",5656
2026-08-21T12:34:03.915619+05:45,2026-08-21 12:34:03,top_gainers,top_gainers_117,True,cloud_automated,Friday - Trading Hours: 11:00 AM - 1:00 PM NPT,171,Sanima Bank Limited,SANIMA,,,,0.05,,,,,,,,,,,,,,371.2,,0.2,,,,,,,7,"price_volume, live_market, summary, top_gainers, top_losers, nepse_index, supply_demand",5656
2026-08-21T12:34:03.915619+05:45,2026-08-21 12:34:03,top_gainers,top_gainers_118,True,cloud_automated,Friday - Trading Hours: 11:00 AM - 1:00 PM NPT,2792,Upper Tamakoshi Hydropower Ltd,UPPER,,,,0.05,,,,,,,,,,,,,,191.1,,0.1,,,,,,,7,"price_volume, live_market, summary, top_gainers, top_losers, nepse_index, supply_demand",5656
2026-08-21T12:34:03.915619+05:45,2026-08-21 12:34:03,top_gainers,top_gainers_119,True,cloud_automated,Friday - Trading Hours: 11:00 AM - 1:00 PM NPT,358,Lumbini Bikas Bank Ltd.,LBBL,,,,0.04,,,,,,,,,,,,,,480.2,,0.2,,,,,,,7,"price_volume, live_market, summary, top_gainers, top_losers, nepse_index, supply_demand",5656
2026-08-21T12:34:03.915619+05:45,2026-08-21 12:34:03,top_gainers,top_gainers_120,True,cloud_automated,Friday - Trading Hours: 11:00 AM - 1:00 PM NPT,559,NLG Insurance Company Ltd.,NLG,,,,0.04,,,,,,,,,,,,,,560.0,,0.2,,,,,,,7,"price_volume, live_market, summary, top_gainers, top_losers, nepse_index, supply_demand",5656
2026-08-21T12:34:03.915619+05:45,2026-08-21 12:34:03,top_gainers,top_gainers_121,True,cloud_automated,Friday - Trading Hours: 11:00 AM - 1:00 PM NPT,704,NMB  Microfinance Bittiya Sanstha Ltd.,NMBMF,,,,0.03,,,,,,,,,,,,,,600.0,,0.2,,,,,,,7,"price_volume, live_market, summary, top_gainers, top_losers, nepse_index, supply_demand",5656
2026-08-21T12:34:03.915619+05:45,2026-08-21 12:34:03,top_gainers,top_gainers_122,True,cloud_automated,Friday - Trading Hours: 11:00 AM - 1:00 PM NPT,9170,Dolti Power Company Limited,DOLTI,,,,0.03,,,,,,,,,,,,,,309.0,,0.1,,,,,,,7,"price_volume, live_market, summary, top_gainers, top_losers, nepse_index, supply_demand",5656
2026-08-21T12:34:03.915619+05:45,2026-08-21 12:34:03,top_losers,top_losers_1,True,cloud_automated,Friday - Trading Hours: 11:00 AM - 1:00 PM NPT,9325,Suryakunda Hydro Electric Limited,SKHEL,,,,-4.27,,,,,,,,,,,,,,919.0,,-41.0,,,,,,,7,"price_volume, live_market, summary, top_gainers, top_losers, nepse_index, supply_demand",5656
2026-08-21T12:34:03.915619+05:45,2026-08-21 12:34:03,top_losers,top_losers_2,True,cloud_automated,Friday - Trading Hours: 11:00 AM - 1:00 PM NPT,9255,Everest Bank Limited Debenture 2091,EBLD91,,,,-3.0,,,,,,,,,,,,,,1067.0,,-33.0,,,,,,,7,"price_volume, live_market, summary, top_gainers, top_losers, nepse_index, supply_demand",5656
2026-08-21T12:34:03.915619+05:45,2026-08-21 12:34:03,top_losers,top_losers_3,True,cloud_automated,Friday - Trading Hours: 11:00 AM - 1:00 PM NPT,695,Janautthan Samudayic Laghubitta Bittya Sanstha Limited,JSLBB,,,,-2.98,,,,,,,,,,,,,,940.0,,-28.9,,,,,,,7,"price_volume, live_market, summary, top_gainers, top_losers, nepse_index, supply_demand",5656
2026-08-21T12:34:03.915619+05:45,2026-08-21 12:34:03,top_losers,top_losers_4,True,cloud_automated,Friday - Trading Hours: 11:00 AM - 1:00 PM NPT,9198,Laxmi Value Fund 2,LVF2,,,,-2.92,,,,,,,,,,,,,,9.3,,-0.28,,,,,,,7,"price_volume, live_market, summary, top_gainers, top_losers, nepse_index, supply_demand",5656
2026-08-21T12:34:03.915619+05:45,2026-08-21 12:34:03,top_losers,top_losers_5,True,cloud_automated,Friday - Trading Hours: 11:00 AM - 1:00 PM NPT,601,Mithila LaghuBitta Bittiya Sanstha Limited,MLBBL,,,,-2.91,,,,,,,,,,,,,,1000.0,,-30.0,,,,,,,7,"price_volume, live_market, summary, top_gainers, top_losers, nepse_index, supply_demand",5656
2026-08-21T12:34:03.915619+05:45,2026-08-21 12:34:03,top_losers,top_losers_6,True,cloud_automated,Friday - Trading Hours: 11:00 AM - 1:00 PM NPT,8023,Mega Mutual Fund -1,MMF1,,,,-2.9,,,,,,,,,,,,,,8.7,,-0.26,,,,,,,7,"price_volume, live_market, summary, top_gainers, top_losers, nepse_index, supply_demand",5656
2026-08-21T12:34:03.915619+05:45,2026-08-21 12:34:03,top_losers,top_losers_7,True,cloud_automated,Friday - Trading Hours: 11:00 AM - 1:00 PM NPT,2781,Wean Nepal Laghubitta Bittiya Sanstha Limited,WNLB,,,,-2.77,,,,,,,,,,,,,,1265.0,,-36.0,,,,,,,7,"price_volume, live_market, summary, top_gainers, top_losers, nepse_index, supply_demand",5656
2026-08-21T12:34:03.915619+05:45,2026-08-21 12:34:03,top_losers,top_losers_8,True,cloud_automated,Friday - Trading Hours: 11:00 AM - 1:00 PM NPT,195,Bottlers Nepal (Balaju) Limited,BNL,,,,-2.68,,,,,,,,,,,,,,14500.0,,-400.0,,,,,,,7,"price_volume, live_market, summary, top_gainers, top_losers, nepse_index, supply_demand",5656
2026-08-21T12:34:03.915619+05:45,2026-08-21 12:34:03,top_losers,top_losers_9,True,cloud_automated,Friday - Trading Hours: 11:00 AM - 1:00 PM NPT,8123,Dhaulagiri Laghubitta Bittiya Sanstha Limited,DLBS,,,,-2.66,,,,,,,,,,,,,,1055.2,,-28.8,,,,,,,7,"price_volume, live_market, summary, top_gainers, top_losers, nepse_index, supply_demand",5656
2026-08-21T12:34:03.915619+05:45,2026-08-21 12:34:03,top_losers,top_losers_10,True,cloud_automated,Friday - Trading Hours: 11:00 AM - 1:00 PM NPT,9161,Aatmanirbhar Laghubitta Bittiya Sanstha Limited,ANLB,,,,-2.59,,,,,,,,,,,,,,5005.0,,-133.0,,,,,,,7,"price_volume, live_market, summary, top_gainers, top_losers, nepse_index, supply_demand",5656
2026-08-21T12:34:03.915619+05:45,2026-08-21 12:34:03,top_losers,top_losers_11,True,cloud_automated,Friday - Trading Hours: 11:00 AM - 1:00 PM NPT,9147,Shuvam Power Limited,SPL,,,,-2.56,,,,,,,,,,,,,,635.2,,-16.7,,,,,,,7,"price_volume, live_market, summary, top_gainers, top_losers, nepse_index, supply_demand",5656
2026-08-21T12:34:03.915619+05:45,2026-08-21 12:34:03,top_losers,top_losers_12,True,cloud_automated,Friday - Trading Hours: 11:00 AM - 1:00 PM NPT,2923,Sanima Large Cap Fund,SLCF,,,,-2.47,,,,,,,,,,,,,,9.46,,-0.24,,,,,,,7,"price_volume, live_market, summary, top_gainers, top_losers, nepse_index, supply_demand",5656
2026-08-21T12:34:03.915619+05:45,2026-08-21 12:34:03,top_losers,top_losers_13,True,cloud_automated,Friday - Trading Hours: 11:00 AM - 1:00 PM NPT,9302,RBB Focus 40,RBBF40,,,,-2.44,,,,,,,,,,,,,,8.78,,-0.22,,,,,,,7,"price_volume, live_market, summary, top_gainers, top_losers, nepse_index, supply_demand",5656
2026-08-21T12:34:03.915619+05:45,2026-08-21 12:34:03,top_losers,top_losers_14,True,cloud_automated,Friday - Trading Hours: 11:00 AM - 1:00 PM NPT,9269,Global IME Sammunat Yojana -2,GBIMESY2,,,,-2.09,,,,,,,,,,,,,,8.91,,-0.19,,,,,,,7,"price_volume, live_market, summary, top_gainers, top_losers, nepse_index, supply_demand",5656
2026-08-21T12:34:03.915619+05:45,2026-08-21 12:34:03,top_losers,top_losers_15,True,cloud_automated,Friday - Trading Hours: 11:00 AM - 1:00 PM NPT,2807,Asha Laghubitta Bittiya Sanstha Ltd,ALBSL,,,,-2.08,,,,,,,,,,,,,,1082.0,,-23.0,,,,,,,7,"price_volume, live_market, summary, top_gainers, top_losers, nepse_index, supply_demand",5656
2026-08-21T12:34:03.915619+05:45,2026-08-21 12:34:03,top_losers,top_losers_16,True,cloud_automated,Friday - Trading Hours: 11:00 AM - 1:00 PM NPT,9352,Mount Everest Power Development Limited,MEPDL,,,,-2.08,,,,,,,,,,,,,,781.0,,-16.6,,,,,,,7,"price_volume, live_market, summary, top_gainers, top_losers, nepse_index, supply_demand",5656
2026-08-21T12:34:03.915619+05:45,2026-08-21 12:34:03,top_losers,top_losers_17,True,cloud_automated,Friday - Trading Hours: 11:00 AM - 1:00 PM NPT,9308,Hotel Forest Inn Limited,HFIN,,,,-2.08,,,,,,,,,,,,,,660.0,,-14.0,,,,,,,7,"price_volume, live_market, summary, top_gainers, top_losers, nepse_index, supply_demand",5656
2026-08-21T12:34:03.915619+05:45,2026-08-21 12:34:03,top_losers,top_losers_18,True,cloud_automated,Friday - Trading Hours: 11:00 AM - 1:00 PM NPT,9192,Upper Syange Hydropower Limited,USHL,,,,-2.02,,,,,,,,,,,,,,525.1,,-10.8,,,,,,,7,"price_volume, live_market, summary, top_gainers, top_losers, nepse_index, supply_demand",5656
2026-08-21T12:34:03.915619+05:45,2026-08-21 12:34:03,top_losers,top_losers_19,True,cloud_automated,Friday - Trading Hours: 11:00 AM - 1:00 PM NPT,583,Grameen Bikas Laghubitta Bittiya Sanstha Ltd.,GBLBS,,,,-2.01,,,,,,,,,,,,,,684.0,,-14.0,,,,,,,7,"price_volume, live_market, summary, top_gainers, top_losers, nepse_index, supply_demand",5656
2026-08-21T12:34:03.915619+05:45,2026-08-21 12:34:03,top_losers,top_losers_20,True,cloud_automated,Friday - Trading Hours: 11:00 AM - 1:00 PM NPT,2804,Samudayik Laghubitta Bittiya Sanstha Limited,SLBSL,,,,-1.96,,,,,,,,,,,,,,900.0,,-18.0,,,,,,,7,"price_volume, live_market, summary, top_gainers, top_losers, nepse_index, supply_demand",5656
2026-08-21T12:34:03.915619+05:45,2026-08-21 12:34:03,top_losers,top_losers_21,True,cloud_automated,Friday - Trading Hours: 11:00 AM - 1:00 PM NPT,9218,Trishuli Jal Vidhyut Company Limited ,TVCL,,,,-1.94,,,,,,,,,,,,,,456.0,,-9.0,,,,,,,7,"price_volume, live_market, summary, top_gainers, top_losers, nepse_index, supply_demand",5656
2026-08-21T12:34:03.915619+05:45,2026-08-21 12:34:03,top_losers,top_losers_22,True,cloud_automated,Friday - Trading Hours: 11:00 AM - 1:00 PM NPT,8106,Global IME Balanced Fund-1,GIBF1,,,,-1.93,,,,,,,,,,,,,,10.69,,-0.21,,,,,,,7,"price_volume, live_market, summary, top_gainers, top_losers, nepse_index, supply_demand",5656
2026-08-21T12:34:03.915619+05:45,2026-08-21 12:34:03,top_losers,top_losers_23,True,cloud_automated,Friday - Trading Hours: 11:00 AM - 1:00 PM NPT,2774,Unnati Sahakarya Laghubitta Bittiya Sanstha Limited,USLB,,,,-1.92,,,,,,,,,,,,,,1073.0,,-21.0,,,,,,,7,"price_volume, live_market, summary, top_gainers, top_losers, nepse_index, supply_demand",5656
2026-08-21T12:34:03.915619+05:45,2026-08-21 12:34:03,top_losers,top_losers_24,True,cloud_automated,Friday - Trading Hours: 11:00 AM - 1:00 PM NPT,9351,Reliable Samriddhi Yojana -2,RSY2,,,,-1.89,,,,,,,,,,,,,,8.81,,-0.17,,,,,,,7,"price_volume, live_market, summary, top_gainers, top_losers, nepse_index, supply_demand",5656
2026-08-21T12:34:03.915619+05:45,2026-08-21 12:34:03,top_losers,top_losers_25,True,cloud_automated,Friday - Trading Hours: 11:00 AM - 1:00 PM NPT,9214,Bhagawati Hydropower Development Company Limited,BGWT,,,,-1.88,,,,,,,,,,,,,,510.2,,-9.8,,,,,,,7,"price_volume, live_market, summary, top_gainers, top_losers, nepse_index, supply_demand",5656
2026-08-21T12:34:03.915619+05:45,2026-08-21 12:34:03,top_losers,top_losers_26,True,cloud_automated,Friday - Trading Hours: 11:00 AM - 1:00 PM NPT,694,Matribhumi Lagubitta Bittiya Sanstha Limited,MATRI,,,,-1.86,,,,,,,,,,,,,,790.0,,-15.0,,,,,,,7,"price_volume, live_market, summary, top_gainers, top_losers, nepse_index, supply_demand",5656
2026-08-21T12:34:03.915619+05:45,2026-08-21 12:34:03,top_losers,top_losers_27,True,cloud_automated,Friday - Trading Hours: 11:00 AM - 1:00 PM NPT,9175,Menchhiyam Hydropower Limited,MCHL,,,,-1.79,,,,,,,,,,,,,,275.0,,-5.0,,,,,,,7,"price_volume, live_market, summary, top_gainers, top_losers, nepse_index, supply_demand",5656
2026-08-21T12:34:03.915619+05:45,2026-08-21 12:34:03,top_losers,top_losers_28,True,cloud_automated,Friday - Trading Hours: 11:00 AM - 1:00 PM NPT,2815,Ganapati Laghubitta Bittiya Sanstha Limited,GMFBS,,,,-1.75,,,,,,,,,,,,,,1144.6,,-20.4,,,,,,,7,"price_volume, live_market, summary, top_gainers, top_losers, nepse_index, supply_demand",5656
2026-08-21T12:34:03.915619+05:45,2026-08-21 12:34:03,top_losers,top_losers_29,True,cloud_automated,Friday - Trading Hours: 11:00 AM - 1:00 PM NPT,9232,Chirkhwa Hydropower Limited ,CKHL,,,,-1.7,,,,,,,,,,,,,,578.0,,-10.0,,,,,,,7,"price_volume, live_market, summary, top_gainers, top_losers, nepse_index, supply_demand",5656
2026-08-21T12:34:03.915619+05:45,2026-08-21 12:34:03,top_losers,top_losers_30,True,cloud_automated,Friday - Trading Hours: 11:00 AM - 1:00 PM NPT,338,Progressive Finance Limited,PROFL,,,,-1.68,,,,,,,,,,,,,,403.0,,-6.9,,,,,,,7,"price_volume, live_market, summary, top_gainers, top_losers, nepse_index, supply_demand",5656
2026-08-21T12:34:03.915619+05:45,2026-08-21 12:34:03,top_losers,top_losers_31,True,cloud_automated,Friday - Trading Hours: 11:00 AM - 1:00 PM NPT,8068,Century Debenture 2088,CCBD88,,,,-1.6,,,,,,,,,,,,,,1200.5,,-19.5,,,,,,,7,"price_volume, live_market, summary, top_gainers, top_losers, nepse_index, supply_demand",5656
2026-08-21T12:34:03.915619+05:45,2026-08-21 12:34:03,top_losers,top_losers_32,True,cloud_automated,Friday - Trading Hours: 11:00 AM - 1:00 PM NPT,8102,Mandakini Hydropower Limited,MHL,,,,-1.6,,,,,,,,,,,,,,460.5,,-7.5,,,,,,,7,"price_volume, live_market, summary, top_gainers, top_losers, nepse_index, supply_demand",5656
2026-08-21T12:34:03.915619+05:45,2026-08-21 12:34:03,top_losers,top_losers_33,True,cloud_automated,Friday - Trading Hours: 11:00 AM - 1:00 PM NPT,9209,Citizen Life Insurance Company Limited,CLI,,,,-1.59,,,,,,,,,,,,,,433.0,,-7.0,,,,,,,7,"price_volume, live_market, summary, top_gainers, top_losers, nepse_index, supply_demand",5656
2026-08-21T12:34:03.915619+05:45,2026-08-21 12:34:03,top_losers,top_losers_34,True,cloud_automated,Friday - Trading Hours: 11:00 AM - 1:00 PM NPT,8025,Samling Power Company Limited,SPC,,,,-1.58,,,,,,,,,,,,,,410.0,,-6.6,,,,,,,7,"price_volume, live_market, summary, top_gainers, top_losers, nepse_index, supply_demand",5656
2026-08-21T12:34:03.915619+05:45,2026-08-21 12:34:03,top_losers,top_losers_35,True,cloud_automated,Friday - Trading Hours: 11:00 AM - 1:00 PM NPT,2925,Mahila Lagubitta Bittiya Sanstha Limited ,MLBSL,,,,-1.55,,,,,,,,,,,,,,1201.0,,-18.9,,,,,,,7,"price_volume, live_market, summary, top_gainers, top_losers, nepse_index, supply_demand",5656
2026-08-21T12:34:03.915619+05:45,2026-08-21 12:34:03,top_losers,top_losers_36,True,cloud_automated,Friday - Trading Hours: 11:00 AM - 1:00 PM NPT,9244,NIBL Stable Fund,NIBLSTF,,,,-1.55,,,,,,,,,,,,,,8.25,,-0.13,,,,,,,7,"price_volume, live_market, summary, top_gainers, top_losers, nepse_index, supply_demand",5656
2026-08-21T12:34:03.915619+05:45,2026-08-21 12:34:03,top_losers,top_losers_37,True,cloud_automated,Friday - Trading Hours: 11:00 AM - 1:00 PM NPT,9267,Bikash Hydropower Company Limited,BHCL,,,,-1.5,,,,,,,,,,,,,,551.5,,-8.4,,,,,,,7,"price_volume, live_market, summary, top_gainers, top_losers, nepse_index, supply_demand",5656
2026-08-21T12:34:03.915619+05:45,2026-08-21 12:34:03,top_losers,top_losers_38,True,cloud_automated,Friday - Trading Hours: 11:00 AM - 1:00 PM NPT,2744,Green Development Bank Ltd.,GRDBL,,,,-1.48,,,,,,,,,,,,,,965.0,,-14.5,,,,,,,7,"price_volume, live_market, summary, top_gainers, top_losers, nepse_index, supply_demand",5656
2026-08-21T12:34:03.915619+05:45,2026-08-21 12:34:03,top_losers,top_losers_39,True,cloud_automated,Friday - Trading Hours: 11:00 AM - 1:00 PM NPT,2790,Aarambha Chautari Laghubitta Bittiya Sanstha Limited,ACLBSL,,,,-1.45,,,,,,,,,,,,,,895.8,,-13.2,,,,,,,7,"price_volume, live_market, summary, top_gainers, top_losers, nepse_index, supply_demand",5656
2026-08-21T12:34:03.915619+05:45,2026-08-21 12:34:03,top_losers,top_losers_40,True,cloud_automated,Friday - Trading Hours: 11:00 AM - 1:00 PM NPT,2863,NIC Asia Balanced Fund,NICBF,,,,-1.45,,,,,,,,,,,,,,9.5,,-0.14,,,,,,,7,"price_volume, live_market, summary, top_gainers, top_losers, nepse_index, supply_demand",5656
2026-08-21T12:34:03.915619+05:45,2026-08-21 12:34:03,top_losers,top_losers_41,True,cloud_automated,Friday - Trading Hours: 11:00 AM - 1:00 PM NPT,9256,Om Megashree Pharmaceuticals Limited,OMPL,,,,-1.43,,,,,,,,,,,,,,889.0,,-12.9,,,,,,,7,"price_volume, live_market, summary, top_gainers, top_losers, nepse_index, supply_demand",5656
2026-08-21T12:34:03.915619+05:45,2026-08-21 12:34:03,top_losers,top_losers_42,True,cloud_automated,Friday - Trading Hours: 11:00 AM - 1:00 PM NPT,348,Citizens Bank International Limited,CZBIL,,,,-1.34,,,,,,,,,,,,,,199.0,,-2.7,,,,,,,7,"price_volume, live_market, summary, top_gainers, top_losers, nepse_index, supply_demand",5656
2026-08-21T12:34:03.915619+05:45,2026-08-21 12:34:03,top_losers,top_losers_43,True,cloud_automated,Friday - Trading Hours: 11:00 AM - 1:00 PM NPT,9249,9% ICFC Finance Limited Debenture 2088,ICFCD88,,,,-1.33,,,,,,,,,,,,,,1110.0,,-15.0,,,,,,,7,"price_volume, live_market, summary, top_gainers, top_losers, nepse_index, supply_demand",5656
2026-08-21T12:34:03.915619+05:45,2026-08-21 12:34:03,top_losers,top_losers_44,True,cloud_automated,Friday - Trading Hours: 11:00 AM - 1:00 PM NPT,2914,United IDI Mardi RB Hydropower Limited.,UMRH,,,,-1.32,,,,,,,,,,,,,,523.0,,-7.0,,,,,,,7,"price_volume, live_market, summary, top_gainers, top_losers, nepse_index, supply_demand",5656
2026-08-21T12:34:03.915619+05:45,2026-08-21 12:34:03,top_losers,top_losers_45,True,cloud_automated,Friday - Trading Hours: 11:00 AM - 1:00 PM NPT,9191,Citizens Super 30 Mutual Fund,C30MF,,,,-1.3,,,,,,,,,,,,,,9.87,,-0.13,,,,,,,7,"price_volume, live_market, summary, top_gainers, top_losers, nepse_index, supply_demand",5656
2026-08-21T12:34:03.915619+05:45,2026-08-21 12:34:03,top_losers,top_losers_46,True,cloud_automated,Friday - Trading Hours: 11:00 AM - 1:00 PM NPT,9305,Salapa Bikas Bank Limited,SABBL,,,,-1.29,,,,,,,,,,,,,,918.0,,-12.0,,,,,,,7,"price_volume, live_market, summary, top_gainers, top_losers, nepse_index, supply_demand",5656
2026-08-21T12:34:03.915619+05:45,2026-08-21 12:34:03,top_losers,top_losers_47,True,cloud_automated,Friday - Trading Hours: 11:00 AM - 1:00 PM NPT,9194,Three Star Hydropower Limited,TSHL,,,,-1.29,,,,,,,,,,,,,,360.0,,-4.7,,,,,,,7,"price_volume, live_market, summary, top_gainers, top_losers, nepse_index, supply_demand",5656
2026-08-21T12:34:03.915619+05:45,2026-08-21 12:34:03,top_losers,top_losers_48,True,cloud_automated,Friday - Trading Hours: 11:00 AM - 1:00 PM NPT,9203,Manakamana Engineering Hydropower Limited,MEHL,,,,-1.24,,,,,,,,,,,,,,246.9,,-3.1,,,,,,,7,"price_volume, live_market, summary, top_gainers, top_losers, nepse_index, supply_demand",5656
2026-08-21T12:34:03.915619+05:45,2026-08-21 12:34:03,top_losers,top_losers_49,True,cloud_automated,Friday - Trading Hours: 11:00 AM - 1:00 PM NPT,9252,Crest Micro Life Insurance Limited,CREST,,,,-1.22,,,,,,,,,,,,,,1130.0,,-14.0,,,,,,,7,"price_volume, live_market, summary, top_gainers, top_losers, nepse_index, supply_demand",5656
2026-08-21T12:34:03.915619+05:45,2026-08-21 12:34:03,top_losers,top_losers_50,True,cloud_automated,Friday - Trading Hours: 11:00 AM - 1:00 PM NPT,2786,Panchakanya Mai Hydropower Ltd,PMHPL,,,,-1.22,,,,,,,,,,,,,,300.1,,-3.7,,,,,,,7,"price_volume, live_market, summary, top_gainers, top_losers, nepse_index, supply_demand",5656
2026-08-21T12:34:03.915619+05:45,2026-08-21 12:34:03,top_losers,top_losers_51,True,cloud_automated,Friday - Trading Hours: 11:00 AM - 1:00 PM NPT,9149,Maya Khola Hydropower Company Limited,MKHC,,,,-1.19,,,,,,,,,,,,,,257.8,,-3.1,,,,,,,7,"price_volume, live_market, summary, top_gainers, top_losers, nepse_index, supply_demand",5656
2026-08-21T12:34:03.915619+05:45,2026-08-21 12:34:03,top_losers,top_losers_52,True,cloud_automated,Friday - Trading Hours: 11:00 AM - 1:00 PM NPT,9182,Siddhartha Investment Growth Scheme 3,SIGS3,,,,-1.18,,,,,,,,,,,,,,10.87,,-0.13,,,,,,,7,"price_volume, live_market, summary, top_gainers, top_losers, nepse_index, supply_demand",5656
2026-08-21T12:34:03.915619+05:45,2026-08-21 12:34:03,top_losers,top_losers_53,True,cloud_automated,Friday - Trading Hours: 11:00 AM - 1:00 PM NPT,2832,Infinity Laghubitta Bittiya Sanstha Limited,ILBS,,,,-1.16,,,,,,,,,,,,,,850.0,,-10.0,,,,,,,7,"price_volume, live_market, summary, top_gainers, top_losers, nepse_index, supply_demand",5656
2026-08-21T12:34:03.915619+05:45,2026-08-21 12:34:03,top_losers,top_losers_54,True,cloud_automated,Friday - Trading Hours: 11:00 AM - 1:00 PM NPT,545,Swarojgar Laghubitta Bittiya Sanstha Ltd.,SLBBL,,,,-1.14,,,,,,,,,,,,,,790.9,,-9.1,,,,,,,7,"price_volume, live_market, summary, top_gainers, top_losers, nepse_index, supply_demand",5656
2026-08-21T12:34:03.915619+05:45,2026-08-21 12:34:03,top_losers,top_losers_55,True,cloud_automated,Friday - Trading Hours: 11:00 AM - 1:00 PM NPT,177,Rastriya Beema Company Limited,RBCL,,,,-1.12,,,,,,,,,,,,,,13660.0,,-155.0,,,,,,,7,"price_volume, live_market, summary, top_gainers, top_losers, nepse_index, supply_demand",5656
2026-08-21T12:34:03.915619+05:45,2026-08-21 12:34:03,top_losers,top_losers_56,True,cloud_automated,Friday - Trading Hours: 11:00 AM - 1:00 PM NPT,8121,Sayapatri Hydropower Limited,SPHL,,,,-1.11,,,,,,,,,,,,,,525.0,,-5.9,,,,,,,7,"price_volume, live_market, summary, top_gainers, top_losers, nepse_index, supply_demand",5656
2026-08-21T12:34:03.915619+05:45,2026-08-21 12:34:03,top_losers,top_losers_57,True,cloud_automated,Friday - Trading Hours: 11:00 AM - 1:00 PM NPT,8063,Upakar Laghubitta Bittiya Sanstha Limited,ULBSL,,,,-1.1,,,,,,,,,,,,,,2520.0,,-28.0,,,,,,,7,"price_volume, live_market, summary, top_gainers, top_losers, nepse_index, supply_demand",5656
2026-08-21T12:34:03.915619+05:45,2026-08-21 12:34:03,top_losers,top_losers_58,True,cloud_automated,Friday - Trading Hours: 11:00 AM - 1:00 PM NPT,2742,Hydorelectricity Investment and Development Company Ltd,HIDCL,,,,-1.1,,,,,,,,,,,,,,251.0,,-2.8,,,,,,,7,"price_volume, live_market, summary, top_gainers, top_losers, nepse_index, supply_demand",5656
2026-08-21T12:34:03.915619+05:45,2026-08-21 12:34:03,top_losers,top_losers_59,True,cloud_automated,Friday - Trading Hours: 11:00 AM - 1:00 PM NPT,9270,Him Star Urja Company Limited,HIMSTAR,,,,-1.05,,,,,,,,,,,,,,681.5,,-7.2,,,,,,,7,"price_volume, live_market, summary, top_gainers, top_losers, nepse_index, supply_demand",5656
2026-08-21T12:34:03.915619+05:45,2026-08-21 12:34:03,top_losers,top_losers_60,True,cloud_automated,Friday - Trading Hours: 11:00 AM - 1:00 PM NPT,9245,Muktinath Mutual Fund 1,MNMF1,,,,-1.05,,,,,,,,,,,,,,9.4,,-0.1,,,,,,,7,"price_volume, live_market, summary, top_gainers, top_losers, nepse_index, supply_demand",5656
2026-08-21T12:34:03.915619+05:45,2026-08-21 12:34:03,top_losers,top_losers_61,True,cloud_automated,Friday - Trading Hours: 11:00 AM - 1:00 PM NPT,9230,Muktinath Krishi Company Limited,MKCL,,,,-1.04,,,,,,,,,,,,,,950.0,,-10.0,,,,,,,7,"price_volume, live_market, summary, top_gainers, top_losers, nepse_index, supply_demand",5656
2026-08-21T12:34:03.915619+05:45,2026-08-21 12:34:03,top_losers,top_losers_62,True,cloud_automated,Friday - Trading Hours: 11:00 AM - 1:00 PM NPT,693,Himalayan Laghubitta Bittiya Sanstha Limited,HLBSL,,,,-1.03,,,,,,,,,,,,,,865.0,,-9.0,,,,,,,7,"price_volume, live_market, summary, top_gainers, top_losers, nepse_index, supply_demand",5656
2026-08-21T12:34:03.915619+05:45,2026-08-21 12:34:03,top_losers,top_losers_63,True,cloud_automated,Friday - Trading Hours: 11:00 AM - 1:00 PM NPT,9158,Molung Hydropower Company Limited,MHCL,,,,-1.02,,,,,,,,,,,,,,300.0,,-3.1,,,,,,,7,"price_volume, live_market, summary, top_gainers, top_losers, nepse_index, supply_demand",5656
2026-08-21T12:34:03.915619+05:45,2026-08-21 12:34:03,top_losers,top_losers_64,True,cloud_automated,Friday - Trading Hours: 11:00 AM - 1:00 PM NPT,273,ICFC Finance Limited,ICFC,,,,-1.01,,,,,,,,,,,,,,591.0,,-6.0,,,,,,,7,"price_volume, live_market, summary, top_gainers, top_losers, nepse_index, supply_demand",5656
2026-08-21T12:34:03.915619+05:45,2026-08-21 12:34:03,top_losers,top_losers_65,True,cloud_automated,Friday - Trading Hours: 11:00 AM - 1:00 PM NPT,2789,Joshi Hydropower Development Company Ltd,JOSHI,,,,-1.01,,,,,,,,,,,,,,265.0,,-2.7,,,,,,,7,"price_volume, live_market, summary, top_gainers, top_losers, nepse_index, supply_demand",5656
2026-08-21T12:34:03.915619+05:45,2026-08-21 12:34:03,top_losers,top_losers_66,True,cloud_automated,Friday - Trading Hours: 11:00 AM - 1:00 PM NPT,9263,Sanvi Energy Limited,SANVI,,,,-1.0,,,,,,,,,,,,,,583.0,,-5.9,,,,,,,7,"price_volume, live_market, summary, top_gainers, top_losers, nepse_index, supply_demand",5656
2026-08-21T12:34:03.915619+05:45,2026-08-21 12:34:03,top_losers,top_losers_67,True,cloud_automated,Friday - Trading Hours: 11:00 AM - 1:00 PM NPT,9246,Guardian Micro Life Insurance Limited ,GMLI,,,,-0.99,,,,,,,,,,,,,,1015.0,,-10.1,,,,,,,7,"price_volume, live_market, summary, top_gainers, top_losers, nepse_index, supply_demand",5656
2026-08-21T12:34:03.915619+05:45,2026-08-21 12:34:03,top_losers,top_losers_68,True,cloud_automated,Friday - Trading Hours: 11:00 AM - 1:00 PM NPT,8005,Mailung Khola Jal Vidhyut Company Limited,MKJC,,,,-0.97,,,,,,,,,,,,,,428.0,,-4.2,,,,,,,7,"price_volume, live_market, summary, top_gainers, top_losers, nepse_index, supply_demand",5656
2026-08-21T12:34:03.915619+05:45,2026-08-21 12:34:03,top_losers,top_losers_69,True,cloud_automated,Friday - Trading Hours: 11:00 AM - 1:00 PM NPT,9242,Sarbottam Cement Limited,SARBTM,,,,-0.96,,,,,,,,,,,,,,781.0,,-7.6,,,,,,,7,"price_volume, live_market, summary, top_gainers, top_losers, nepse_index, supply_demand",5656
2026-08-21T12:34:03.915619+05:45,2026-08-21 12:34:03,top_losers,top_losers_70,True,cloud_automated,Friday - Trading Hours: 11:00 AM - 1:00 PM NPT,9301,Shreenagar Agritech Industries Limited,SAIL,,,,-0.95,,,,,,,,,,,,,,1036.1,,-9.9,,,,,,,7,"price_volume, live_market, summary, top_gainers, top_losers, nepse_index, supply_demand",5656
2026-08-21T12:34:03.915619+05:45,2026-08-21 12:34:03,top_losers,top_losers_71,True,cloud_automated,Friday - Trading Hours: 11:00 AM - 1:00 PM NPT,180,United Ajod Insurance Limited,UAIL,,,,-0.93,,,,,,,,,,,,,,425.0,,-4.0,,,,,,,7,"price_volume, live_market, summary, top_gainers, top_losers, nepse_index, supply_demand",5656
2026-08-21T12:34:03.915619+05:45,2026-08-21 12:34:03,top_losers,top_losers_72,True,cloud_automated,Friday - Trading Hours: 11:00 AM - 1:00 PM NPT,9250,Nepal Micro Insurance Company Limited,NMIC,,,,-0.9,,,,,,,,,,,,,,880.0,,-8.0,,,,,,,7,"price_volume, live_market, summary, top_gainers, top_losers, nepse_index, supply_demand",5656
2026-08-21T12:34:03.915619+05:45,2026-08-21 12:34:03,top_losers,top_losers_73,True,cloud_automated,Friday - Trading Hours: 11:00 AM - 1:00 PM NPT,9258,Pure Energy Limited,PURE,,,,-0.87,,,,,,,,,,,,,,800.0,,-7.0,,,,,,,7,"price_volume, live_market, summary, top_gainers, top_losers, nepse_index, supply_demand",5656
2026-08-21T12:34:03.915619+05:45,2026-08-21 12:34:03,top_losers,top_losers_74,True,cloud_automated,Friday - Trading Hours: 11:00 AM - 1:00 PM NPT,9193,Ghorahi Cement Industry Limited,GCIL,,,,-0.84,,,,,,,,,,,,,,342.0,,-2.9,,,,,,,7,"price_volume, live_market, summary, top_gainers, top_losers, nepse_index, supply_demand",5656
2026-08-21T12:34:03.915619+05:45,2026-08-21 12:34:03,top_losers,top_losers_75,True,cloud_automated,Friday - Trading Hours: 11:00 AM - 1:00 PM NPT,9347,Everest Colour Limited,ECL,,,,-0.83,,,,,,,,,,,,,,1440.0,,-12.0,,,,,,,7,"price_volume, live_market, summary, top_gainers, top_losers, nepse_index, supply_demand",5656
2026-08-21T12:34:03.915619+05:45,2026-08-21 12:34:03,top_losers,top_losers_76,True,cloud_automated,Friday - Trading Hours: 11:00 AM - 1:00 PM NPT,307,Nepal Doorsanchar Company Limited,NTC,,,,-0.83,,,,,,,,,,,,,,891.0,,-7.5,,,,,,,7,"price_volume, live_market, summary, top_gainers, top_losers, nepse_index, supply_demand",5656
2026-08-21T12:34:03.915619+05:45,2026-08-21 12:34:03,top_losers,top_losers_77,True,cloud_automated,Friday - Trading Hours: 11:00 AM - 1:00 PM NPT,403,SuryaJyoti Life Insurance Company Limited,SJLIC,,,,-0.83,,,,,,,,,,,,,,406.6,,-3.4,,,,,,,7,"price_volume, live_market, summary, top_gainers, top_losers, nepse_index, supply_demand",5656
2026-08-21T12:34:03.915619+05:45,2026-08-21 12:34:03,top_losers,top_losers_78,True,cloud_automated,Friday - Trading Hours: 11:00 AM - 1:00 PM NPT,9233,Nepal Warehousing Company Limited ,NWCL,,,,-0.82,,,,,,,,,,,,,,641.2,,-5.3,,,,,,,7,"price_volume, live_market, summary, top_gainers, top_losers, nepse_index, supply_demand",5656
2026-08-21T12:34:03.915619+05:45,2026-08-21 12:34:03,top_losers,top_losers_79,True,cloud_automated,Friday - Trading Hours: 11:00 AM - 1:00 PM NPT,2806,Ghalemdi Hydro Limited,GHL,,,,-0.81,,,,,,,,,,,,,,233.0,,-1.9,,,,,,,7,"price_volume, live_market, summary, top_gainers, top_losers, nepse_index, supply_demand",5656
2026-08-21T12:34:03.915619+05:45,2026-08-21 12:34:03,top_losers,top_losers_80,True,cloud_automated,Friday - Trading Hours: 11:00 AM - 1:00 PM NPT,9174,Prabhu Smart Fund,PRSF,,,,-0.78,,,,,,,,,,,,,,12.8,,-0.1,,,,,,,7,"price_volume, live_market, summary, top_gainers, top_losers, nepse_index, supply_demand",5656
2026-08-21T12:34:03.915619+05:45,2026-08-21 12:34:03,top_losers,top_losers_81,True,cloud_automated,Friday - Trading Hours: 11:00 AM - 1:00 PM NPT,9343,Taksar Pikhuwa Khola Hydropower Limited,TPKHL,,,,-0.74,,,,,,,,,,,,,,551.9,,-4.1,,,,,,,7,"price_volume, live_market, summary, top_gainers, top_losers, nepse_index, supply_demand",5656
2026-08-21T12:34:03.915619+05:45,2026-08-21 12:34:03,top_losers,top_losers_82,True,cloud_automated,Friday - Trading Hours: 11:00 AM - 1:00 PM NPT,9183,Nepal Republic Media Limited,NRM,,,,-0.7,,,,,,,,,,,,,,298.0,,-2.1,,,,,,,7,"price_volume, live_market, summary, top_gainers, top_losers, nepse_index, supply_demand",5656
2026-08-21T12:34:03.915619+05:45,2026-08-21 12:34:03,top_losers,top_losers_83,True,cloud_automated,Friday - Trading Hours: 11:00 AM - 1:00 PM NPT,9179,Modi Energy Limited,MEL,,,,-0.68,,,,,,,,,,,,,,203.6,,-1.4,,,,,,,7,"price_volume, live_market, summary, top_gainers, top_losers, nepse_index, supply_demand",5656
2026-08-21T12:34:03.915619+05:45,2026-08-21 12:34:03,top_losers,top_losers_84,True,cloud_automated,Friday - Trading Hours: 11:00 AM - 1:00 PM NPT,9344,Snow Rivers Limited,SNORL,,,,-0.66,,,,,,,,,,,,,,903.0,,-6.0,,,,,,,7,"price_volume, live_market, summary, top_gainers, top_losers, nepse_index, supply_demand",5656
2026-08-21T12:34:03.915619+05:45,2026-08-21 12:34:03,top_losers,top_losers_85,True,cloud_automated,Friday - Trading Hours: 11:00 AM - 1:00 PM NPT,9241,Kumari Sabal Yojana,KSY,,,,-0.66,,,,,,,,,,,,,,9.1,,-0.06,,,,,,,7,"price_volume, live_market, summary, top_gainers, top_losers, nepse_index, supply_demand",5656
2026-08-21T12:34:03.915619+05:45,2026-08-21 12:34:03,top_losers,top_losers_86,True,cloud_automated,Friday - Trading Hours: 11:00 AM - 1:00 PM NPT,9337,Appolo Hydropower Limited,APHL,,,,-0.65,,,,,,,,,,,,,,745.1,,-4.9,,,,,,,7,"price_volume, live_market, summary, top_gainers, top_losers, nepse_index, supply_demand",5656
2026-08-21T12:34:03.915619+05:45,2026-08-21 12:34:03,top_losers,top_losers_87,True,cloud_automated,Friday - Trading Hours: 11:00 AM - 1:00 PM NPT,2896,Sampada Laghubitta Bittiya Sanstha Limited,SMPDA,,,,-0.65,,,,,,,,,,,,,,745.0,,-4.9,,,,,,,7,"price_volume, live_market, summary, top_gainers, top_losers, nepse_index, supply_demand",5656
2026-08-21T12:34:03.915619+05:45,2026-08-21 12:34:03,top_losers,top_losers_88,True,cloud_automated,Friday - Trading Hours: 11:00 AM - 1:00 PM NPT,8132,Shrijanshil Laghubitta Bittiya Sanstha Limited,SHLB,,,,-0.64,,,,,,,,,,,,,,1375.1,,-8.9,,,,,,,7,"price_volume, live_market, summary, top_gainers, top_losers, nepse_index, supply_demand",5656
2026-08-21T12:34:03.915619+05:45,2026-08-21 12:34:03,top_losers,top_losers_89,True,cloud_automated,Friday - Trading Hours: 11:00 AM - 1:00 PM NPT,268,Swabalamban Laghubitta Bittiya Sanstha Limited,SWBBL,,,,-0.64,,,,,,,,,,,,,,668.1,,-4.3,,,,,,,7,"price_volume, live_market, summary, top_gainers, top_losers, nepse_index, supply_demand",5656
2026-08-21T12:34:03.915619+05:45,2026-08-21 12:34:03,top_losers,top_losers_90,True,cloud_automated,Friday - Trading Hours: 11:00 AM - 1:00 PM NPT,2908,Sanima GIC Insurance Limited,SGIC,,,,-0.64,,,,,,,,,,,,,,448.0,,-2.9,,,,,,,7,"price_volume, live_market, summary, top_gainers, top_losers, nepse_index, supply_demand",5656
2026-08-21T12:34:03.915619+05:45,2026-08-21 12:34:03,top_losers,top_losers_91,True,cloud_automated,Friday - Trading Hours: 11:00 AM - 1:00 PM NPT,593,Kalika Laghubitta Bittiya Sanstha Ltd,KMCDB,,,,-0.63,,,,,,,,,,,,,,775.1,,-4.9,,,,,,,7,"price_volume, live_market, summary, top_gainers, top_losers, nepse_index, supply_demand",5656
2026-08-21T12:34:03.915619+05:45,2026-08-21 12:34:03,top_losers,top_losers_92,True,cloud_automated,Friday - Trading Hours: 11:00 AM - 1:00 PM NPT,9257,MBL Equity Fund,MBLEF,,,,-0.63,,,,,,,,,,,,,,9.51,,-0.06,,,,,,,7,"price_volume, live_market, summary, top_gainers, top_losers, nepse_index, supply_demand",5656
2026-08-21T12:34:03.915619+05:45,2026-08-21 12:34:03,top_losers,top_losers_93,True,cloud_automated,Friday - Trading Hours: 11:00 AM - 1:00 PM NPT,8024,Nabil Balanced Fund-3,NBF3,,,,-0.62,,,,,,,,,,,,,,9.61,,-0.06,,,,,,,7,"price_volume, live_market, summary, top_gainers, top_losers, nepse_index, supply_demand",5656
2026-08-21T12:34:03.915619+05:45,2026-08-21 12:34:03,top_losers,top_losers_94,True,cloud_automated,Friday - Trading Hours: 11:00 AM - 1:00 PM NPT,9208,Upper Lohore Khola Hydropower Company Limited,ULHC,,,,-0.59,,,,,,,,,,,,,,336.4,,-2.0,,,,,,,7,"price_volume, live_market, summary, top_gainers, top_losers, nepse_index, supply_demand",5656
2026-08-21T12:34:03.915619+05:45,2026-08-21 12:34:03,top_losers,top_losers_95,True,cloud_automated,Friday - Trading Hours: 11:00 AM - 1:00 PM NPT,155,Salt Trading Corporation,STC,,,,-0.58,,,,,,,,,,,,,,5170.0,,-30.0,,,,,,,7,"price_volume, live_market, summary, top_gainers, top_losers, nepse_index, supply_demand",5656
2026-08-21T12:34:03.915619+05:45,2026-08-21 12:34:03,top_losers,top_losers_96,True,cloud_automated,Friday - Trading Hours: 11:00 AM - 1:00 PM NPT,9287,Mabilung Energy Limited,MABEL,,,,-0.58,,,,,,,,,,,,,,604.0,,-3.5,,,,,,,7,"price_volume, live_market, summary, top_gainers, top_losers, nepse_index, supply_demand",5656
2026-08-21T12:34:03.915619+05:45,2026-08-21 12:34:03,top_losers,top_losers_97,True,cloud_automated,Friday - Trading Hours: 11:00 AM - 1:00 PM NPT,473,Shine Resunga Development Bank Ltd.,SHINE,,,,-0.58,,,,,,,,,,,,,,409.2,,-2.4,,,,,,,7,"price_volume, live_market, summary, top_gainers, top_losers, nepse_index, supply_demand",5656
2026-08-21T12:34:03.915619+05:45,2026-08-21 12:34:03,top_losers,top_losers_98,True,cloud_automated,Friday - Trading Hours: 11:00 AM - 1:00 PM NPT,9350,LS Horizon 12,LSH12,,,,-0.56,,,,,,,,,,,,,,8.95,,-0.05,,,,,,,7,"price_volume, live_market, summary, top_gainers, top_losers, nepse_index, supply_demand",5656
2026-08-21T12:34:03.915619+05:45,2026-08-21 12:34:03,top_losers,top_losers_99,True,cloud_automated,Friday - Trading Hours: 11:00 AM - 1:00 PM NPT,2758,Forward Microfinance Laghubitta Bittiya Sanstha Limited,FOWAD,,,,-0.55,,,,,,,,,,,,,,910.0,,-5.0,,,,,,,7,"price_volume, live_market, summary, top_gainers, top_losers, nepse_index, supply_demand",5656
2026-08-21T12:34:03.915619+05:45,2026-08-21 12:34:03,top_losers,top_losers_100,True,cloud_automated,Friday - Trading Hours: 11:00 AM - 1:00 PM NPT,9312,Nepal Life Samriddhi Lagani Yojana,NSY,,,,-0.55,,,,,,,,,,,,,,9.05,,-0.05,,,,,,,7,"price_volume, live_market, summary, top_gainers, top_losers, nepse_index, supply_demand",5656
2026-08-21T12:34:03.915619+05:45,2026-08-21 12:34:03,top_losers,top_losers_101,True,cloud_automated,Friday - Trading Hours: 11:00 AM - 1:00 PM NPT,9348,Siddhartha Equity Fund 2,SEF2,,,,-0.55,,,,,,,,,,,,,,8.98,,-0.05,,,,,,,7,"price_volume, live_market, summary, top_gainers, top_losers, nepse_index, supply_demand",5656
2026-08-21T12:34:03.915619+05:45,2026-08-21 12:34:03,top_losers,top_losers_102,True,cloud_automated,Friday - Trading Hours: 11:00 AM - 1:00 PM NPT,9199,Reliable Nepal Life Insurance Limited,RNLI,,,,-0.54,,,,,,,,,,,,,,426.6,,-2.3,,,,,,,7,"price_volume, live_market, summary, top_gainers, top_losers, nepse_index, supply_demand",5656
2026-08-21T12:34:03.915619+05:45,2026-08-21 12:34:03,top_losers,top_losers_103,True,cloud_automated,Friday - Trading Hours: 11:00 AM - 1:00 PM NPT,2813,Panchthar Power Compant Limited,PPCL,,,,-0.51,,,,,,,,,,,,,,333.3,,-1.7,,,,,,,7,"price_volume, live_market, summary, top_gainers, top_losers, nepse_index, supply_demand",5656
2026-08-21T12:34:03.915619+05:45,2026-08-21 12:34:03,top_losers,top_losers_104,True,cloud_automated,Friday - Trading Hours: 11:00 AM - 1:00 PM NPT,393,Himalayan Life Insurance Limited,HLI,,,,-0.51,,,,,,,,,,,,,,314.4,,-1.6,,,,,,,7,"price_volume, live_market, summary, top_gainers, top_losers, nepse_index, supply_demand",5656
2026-08-21T12:34:03.915619+05:45,2026-08-21 12:34:03,top_losers,top_losers_105,True,cloud_automated,Friday - Trading Hours: 11:00 AM - 1:00 PM NPT,2903,Liberty Energy Company Limited,LEC,,,,-0.5,,,,,,,,,,,,,,220.6,,-1.1,,,,,,,7,"price_volume, live_market, summary, top_gainers, top_losers, nepse_index, supply_demand",5656
2026-08-21T12:34:03.915619+05:45,2026-08-21 12:34:03,top_losers,top_losers_106,True,cloud_automated,Friday - Trading Hours: 11:00 AM - 1:00 PM NPT,9196,Kutheli Bukhari Small Hydropower Limited,KBSH,,,,-0.48,,,,,,,,,,,,,,934.0,,-4.5,,,,,,,7,"price_volume, live_market, summary, top_gainers, top_losers, nepse_index, supply_demand",5656
2026-08-21T12:34:03.915619+05:45,2026-08-21 12:34:03,top_losers,top_losers_107,True,cloud_automated,Friday - Trading Hours: 11:00 AM - 1:00 PM NPT,9184,IME Life Insurance Company Limited,ILI,,,,-0.48,,,,,,,,,,,,,,413.0,,-2.0,,,,,,,7,"price_volume, live_market, summary, top_gainers, top_losers, nepse_index, supply_demand",5656
2026-08-21T12:34:03.915619+05:45,2026-08-21 12:34:03,top_losers,top_losers_108,True,cloud_automated,Friday - Trading Hours: 11:00 AM - 1:00 PM NPT,135,Nepal SBI Bank Limited,SBI,,,,-0.47,,,,,,,,,,,,,,403.0,,-1.9,,,,,,,7,"price_volume, live_market, summary, top_gainers, top_losers, nepse_index, supply_demand",5656
2026-08-21T12:34:03.915619+05:45,2026-08-21 12:34:03,top_losers,top_losers_109,True,cloud_automated,Friday - Trading Hours: 11:00 AM - 1:00 PM NPT,134,Himalayan Bank Limited,HBL,,,,-0.47,,,,,,,,,,,,,,190.5,,-0.9,,,,,,,7,"price_volume, live_market, summary, top_gainers, top_losers, nepse_index, supply_demand",5656
2026-08-21T12:34:03.915619+05:45,2026-08-21 12:34:03,top_losers,top_losers_110,True,cloud_automated,Friday - Trading Hours: 11:00 AM - 1:00 PM NPT,166,Deprosc Laghubitta Bittiya Sanstha Limited,DDBL,,,,-0.46,,,,,,,,,,,,,,846.0,,-3.9,,,,,,,7,"price_volume, live_market, summary, top_gainers, top_losers, nepse_index, supply_demand",5656
2026-08-21T12:34:03.915619+05:45,2026-08-21 12:34:03,top_losers,top_losers_111,True,cloud_automated,Friday - Trading Hours: 11:00 AM - 1:00 PM NPT,687,Vijaya laghubitta Bittiya Sanstha Ltd.,VLBS,,,,-0.46,,,,,,,,,,,,,,647.0,,-3.0,,,,,,,7,"price_volume, live_market, summary, top_gainers, top_losers, nepse_index, supply_demand",5656
2026-08-21T12:34:03.915619+05:45,2026-08-21 12:34:03,top_losers,top_losers_112,True,cloud_automated,Friday - Trading Hours: 11:00 AM - 1:00 PM NPT,4948,9% Kamana Sewa Bikas Bank Limited Debenture 2087,KSBBLD87,,,,-0.45,,,,,,,,,,,,,,1095.1,,-4.9,,,,,,,7,"price_volume, live_market, summary, top_gainers, top_losers, nepse_index, supply_demand",5656
2026-08-21T12:34:03.915619+05:45,2026-08-21 12:34:03,top_losers,top_losers_113,True,cloud_automated,Friday - Trading Hours: 11:00 AM - 1:00 PM NPT,9329,Shikhar power Development Limited,SIPD,,,,-0.45,,,,,,,,,,,,,,660.0,,-3.0,,,,,,,7,"price_volume, live_market, summary, top_gainers, top_losers, nepse_index, supply_demand",5656
2026-08-21T12:34:03.915619+05:45,2026-08-21 12:34:03,top_losers,top_losers_114,True,cloud_automated,Friday - Trading Hours: 11:00 AM - 1:00 PM NPT,140,Machhapuchhre Bank Limited,MBL,,,,-0.44,,,,,,,,,,,,,,249.9,,-1.1,,,,,,,7,"price_volume, live_market, summary, top_gainers, top_losers, nepse_index, supply_demand",5656
2026-08-21T12:34:03.915619+05:45,2026-08-21 12:34:03,top_losers,top_losers_115,True,cloud_automated,Friday - Trading Hours: 11:00 AM - 1:00 PM NPT,9323,Super Khudi Hydropower Limited,SKHL,,,,-0.43,,,,,,,,,,,,,,813.5,,-3.5,,,,,,,7,"price_volume, live_market, summary, top_gainers, top_losers, nepse_index, supply_demand",5656
2026-08-21T12:34:03.915619+05:45,2026-08-21 12:34:03,top_losers,top_losers_116,True,cloud_automated,Friday - Trading Hours: 11:00 AM - 1:00 PM NPT,9221,Himalayan 80-20,H8020,,,,-0.42,,,,,,,,,,,,,,11.75,,-0.05,,,,,,,7,"price_volume, live_market, summary, top_gainers, top_losers, nepse_index, supply_demand",5656
2026-08-21T12:34:03.915619+05:45,2026-08-21 12:34:03,top_losers,top_losers_117,True,cloud_automated,Friday - Trading Hours: 11:00 AM - 1:00 PM NPT,2898,NRN Infrastructure and Development Limited,NRN,,,,-0.4,,,,,,,,,,,,,,1384.4,,-5.6,,,,,,,7,"price_volume, live_market, summary, top_gainers, top_losers, nepse_index, supply_demand",5656
2026-08-21T12:34:03.915619+05:45,2026-08-21 12:34:03,top_losers,top_losers_118,True,cloud_automated,Friday - Trading Hours: 11:00 AM - 1:00 PM NPT,450,Corporate Development Bank Limited,CORBL,,,,-0.4,,,,,,,,,,,,,,990.0,,-4.0,,,,,,,7,"price_volume, live_market, summary, top_gainers, top_losers, nepse_index, supply_demand",5656
2026-08-21T12:34:03.915619+05:45,2026-08-21 12:34:03,top_losers,top_losers_119,True,cloud_automated,Friday - Trading Hours: 11:00 AM - 1:00 PM NPT,9166,Makar Jitumaya Suri Hydropower Limited,MAKAR,,,,-0.4,,,,,,,,,,,,,,418.3,,-1.7,,,,,,,7,"price_volume, live_market, summary, top_gainers, top_losers, nepse_index, supply_demand",5656
2026-08-21T12:34:03.915619+05:45,2026-08-21 12:34:03,top_losers,top_losers_120,True,cloud_automated,Friday - Trading Hours: 11:00 AM - 1:00 PM NPT,2776,Radhi Bidyut Company Ltd,RADHI,,,,-0.39,,,,,,,,,,,,,,715.2,,-2.8,,,,,,,7,"price_volume, live_market, summary, top_gainers, top_losers, nepse_index, supply_demand",5656
2026-08-21T12:34:03.915619+05:45,2026-08-21 12:34:03,top_losers,top_losers_121,True,cloud_automated,Friday - Trading Hours: 11:00 AM - 1:00 PM NPT,9148,Super Mai Hydropower Limited,SMH,,,,-0.39,,,,,,,,,,,,,,512.0,,-2.0,,,,,,,7,"price_volume, live_market, summary, top_gainers, top_losers, nepse_index, supply_demand",5656
2026-08-21T12:34:03.915619+05:45,2026-08-21 12:34:03,top_losers,top_losers_122,True,cloud_automated,Friday - Trading Hours: 11:00 AM - 1:00 PM NPT,8108,Rapti Hydro And General Construction Limited,RHGCL,,,,-0.39,,,,,,,,,,,,,,253.0,,-1.0,,,,,,,7,"price_volume, live_market, summary, top_gainers, top_losers, nepse_index, supply_demand",5656
2026-08-21T12:34:03.915619+05:45,2026-08-21 12:34:03,top_losers,top_losers_123,True,cloud_automated,Friday - Trading Hours: 11:00 AM - 1:00 PM NPT,9334,Kalinchock Hydropower Limited,KHPL,,,,-0.38,,,,,,,,,,,,,,782.0,,-3.0,,,,,,,7,"price_volume, live_market, summary, top_gainers, top_losers, nepse_index, supply_demand",5656
2026-08-21T12:34:03.915619+05:45,2026-08-21 12:34:03,top_losers,top_losers_124,True,cloud_automated,Friday - Trading Hours: 11:00 AM - 1:00 PM NPT,8031,Madhya Bhotekoshi Jalavidyut Company Limited,MBJC,,,,-0.38,,,,,,,,,,,,,,263.0,,-1.0,,,,,,,7,"price_volume, live_market, summary, top_gainers, top_losers, nepse_index, supply_demand",5656
2026-08-21T12:34:03.915619+05:45,2026-08-21 12:34:03,top_losers,top_losers_125,True,cloud_automated,Friday - Trading Hours: 11:00 AM - 1:00 PM NPT,8041,NESDO Sambridha Laghubitta Bittiya Sanstha Limited,NESDO,,,,-0.36,,,,,,,,,,,,,,1390.0,,-5.0,,,,,,,7,"price_volume, live_market, summary, top_gainers, top_losers, nepse_index, supply_demand",5656
2026-08-21T12:34:03.915619+05:45,2026-08-21 12:34:03,top_losers,top_losers_126,True,cloud_automated,Friday - Trading Hours: 11:00 AM - 1:00 PM NPT,2743,Ngadi Group Power Ltd.,NGPL,,,,-0.36,,,,,,,,,,,,,,410.5,,-1.5,,,,,,,7,"price_volume, live_market, summary, top_gainers, top_losers, nepse_index, supply_demand",5656
2026-08-21T12:34:03.915619+05:45,2026-08-21 12:34:03,top_losers,top_losers_127,True,cloud_automated,Friday - Trading Hours: 11:00 AM - 1:00 PM NPT,4947,Prabhu Select Fund,PSF,,,,-0.34,,,,,,,,,,,,,,11.83,,-0.04,,,,,,,7,"price_volume, live_market, summary, top_gainers, top_losers, nepse_index, supply_demand",5656
2026-08-21T12:34:03.915619+05:45,2026-08-21 12:34:03,top_losers,top_losers_128,True,cloud_automated,Friday - Trading Hours: 11:00 AM - 1:00 PM NPT,9349,Sanima Equity Fund-2,SAEF2,,,,-0.33,,,,,,,,,,,,,,9.01,,-0.03,,,,,,,7,"price_volume, live_market, summary, top_gainers, top_losers, nepse_index, supply_demand",5656
2026-08-21T12:34:03.915619+05:45,2026-08-21 12:34:03,top_losers,top_losers_129,True,cloud_automated,Friday - Trading Hours: 11:00 AM - 1:00 PM NPT,9234,Himalayan Reinsurance Limited,HRL,,,,-0.32,,,,,,,,,,,,,,568.2,,-1.8,,,,,,,7,"price_volume, live_market, summary, top_gainers, top_losers, nepse_index, supply_demand",5656
2026-08-21T12:34:03.915619+05:45,2026-08-21 12:34:03,top_losers,top_losers_130,True,cloud_automated,Friday - Trading Hours: 11:00 AM - 1:00 PM NPT,472,Shangrila Development Bank Ltd.,SADBL,,,,-0.32,,,,,,,,,,,,,,403.7,,-1.3,,,,,,,7,"price_volume, live_market, summary, top_gainers, top_losers, nepse_index, supply_demand",5656
2026-08-21T12:34:03.915619+05:45,2026-08-21 12:34:03,top_losers,top_losers_131,True,cloud_automated,Friday - Trading Hours: 11:00 AM - 1:00 PM NPT,149,Oriental Hotels Limited,OHL,,,,-0.31,,,,,,,,,,,,,,650.0,,-2.0,,,,,,,7,"price_volume, live_market, summary, top_gainers, top_losers, nepse_index, supply_demand",5656
2026-08-21T12:34:03.915619+05:45,2026-08-21 12:34:03,top_losers,top_losers_132,True,cloud_automated,Friday - Trading Hours: 11:00 AM - 1:00 PM NPT,459,Kamana Sewa Bikas Bank Limited,KSBBL,,,,-0.29,,,,,,,,,,,,,,478.6,,-1.4,,,,,,,7,"price_volume, live_market, summary, top_gainers, top_losers, nepse_index, supply_demand",5656
2026-08-21T12:34:03.915619+05:45,2026-08-21 12:34:03,top_losers,top_losers_133,True,cloud_automated,Friday - Trading Hours: 11:00 AM - 1:00 PM NPT,8032,Buddha Bhumi Nepal Hydropower Company Limited,BNHC,,,,-0.29,,,,,,,,,,,,,,279.0,,-0.8,,,,,,,7,"price_volume, live_market, summary, top_gainers, top_losers, nepse_index, supply_demand",5656
2026-08-21T12:34:03.915619+05:45,2026-08-21 12:34:03,top_losers,top_losers_134,True,cloud_automated,Friday - Trading Hours: 11:00 AM - 1:00 PM NPT,9176,Ingwa Hydropower Limited,IHL,,,,-0.28,,,,,,,,,,,,,,325.1,,-0.9,,,,,,,7,"price_volume, live_market, summary, top_gainers, top_losers, nepse_index, supply_demand",5656
2026-08-21T12:34:03.915619+05:45,2026-08-21 12:34:03,top_losers,top_losers_135,True,cloud_automated,Friday - Trading Hours: 11:00 AM - 1:00 PM NPT,2759,Synergy Power Development Ltd.,SPDL,,,,-0.27,,,,,,,,,,,,,,364.0,,-1.0,,,,,,,7,"price_volume, live_market, summary, top_gainers, top_losers, nepse_index, supply_demand",5656
2026-08-21T12:34:03.915619+05:45,2026-08-21 12:34:03,top_losers,top_losers_136,True,cloud_automated,Friday - Trading Hours: 11:00 AM - 1:00 PM NPT,8125,NMB Sulav Investment Fund - 2,NSIF2,,,,-0.27,,,,,,,,,,,,,,10.97,,-0.03,,,,,,,7,"price_volume, live_market, summary, top_gainers, top_losers, nepse_index, supply_demand",5656
2026-08-21T12:34:03.915619+05:45,2026-08-21 12:34:03,top_losers,top_losers_137,True,cloud_automated,Friday - Trading Hours: 11:00 AM - 1:00 PM NPT,9151,Kalinchowk Darshan Limited,KDL,,,,-0.26,,,,,,,,,,,,,,762.0,,-2.0,,,,,,,7,"price_volume, live_market, summary, top_gainers, top_losers, nepse_index, supply_demand",5656
2026-08-21T12:34:03.915619+05:45,2026-08-21 12:34:03,top_losers,top_losers_138,True,cloud_automated,Friday - Trading Hours: 11:00 AM - 1:00 PM NPT,250,Janaki Finance Company Limited,JFL,,,,-0.26,,,,,,,,,,,,,,380.0,,-1.0,,,,,,,7,"price_volume, live_market, summary, top_gainers, top_losers, nepse_index, supply_demand",5656
2026-08-21T12:34:03.915619+05:45,2026-08-21 12:34:03,top_losers,top_losers_139,True,cloud_automated,Friday - Trading Hours: 11:00 AM - 1:00 PM NPT,9150,Asian Hydropower Limited,AHL,,,,-0.25,,,,,,,,,,,,,,400.0,,-1.0,,,,,,,7,"price_volume, live_market, summary, top_gainers, top_losers, nepse_index, supply_demand",5656
2026-08-21T12:34:03.915619+05:45,2026-08-21 12:34:03,top_losers,top_losers_140,True,cloud_automated,Friday - Trading Hours: 11:00 AM - 1:00 PM NPT,8026,Nyadi Hydropower Limited,NYADI,,,,-0.25,,,,,,,,,,,,,,358.1,,-0.9,,,,,,,7,"price_volume, live_market, summary, top_gainers, top_losers, nepse_index, supply_demand",5656
2026-08-21T12:34:03.915619+05:45,2026-08-21 12:34:03,top_losers,top_losers_141,True,cloud_automated,Friday - Trading Hours: 11:00 AM - 1:00 PM NPT,2811,Mountain Hydro Nepal Limited,MHNL,,,,-0.25,,,,,,,,,,,,,,244.0,,-0.6,,,,,,,7,"price_volume, live_market, summary, top_gainers, top_losers, nepse_index, supply_demand",5656
2026-08-21T12:34:03.915619+05:45,2026-08-21 12:34:03,top_losers,top_losers_142,True,cloud_automated,Friday - Trading Hours: 11:00 AM - 1:00 PM NPT,238,NMB Bank Limited,NMB,,,,-0.25,,,,,,,,,,,,,,239.4,,-0.6,,,,,,,7,"price_volume, live_market, summary, top_gainers, top_losers, nepse_index, supply_demand",5656
2026-08-21T12:34:03.915619+05:45,2026-08-21 12:34:03,top_losers,top_losers_143,True,cloud_automated,Friday - Trading Hours: 11:00 AM - 1:00 PM NPT,9296,Bungal Hydro Limited,BUNGAL,,,,-0.24,,,,,,,,,,,,,,586.6,,-1.4,,,,,,,7,"price_volume, live_market, summary, top_gainers, top_losers, nepse_index, supply_demand",5656
2026-08-21T12:34:03.915619+05:45,2026-08-21 12:34:03,top_losers,top_losers_144,True,cloud_automated,Friday - Trading Hours: 11:00 AM - 1:00 PM NPT,2768,Mahuli Laghubitta Bittiya Sanstha Limited,MSLB,,,,-0.23,,,,,,,,,,,,,,1235.0,,-2.9,,,,,,,7,"price_volume, live_market, summary, top_gainers, top_losers, nepse_index, supply_demand",5656
2026-08-21T12:34:03.915619+05:45,2026-08-21 12:34:03,top_losers,top_losers_145,True,cloud_automated,Friday - Trading Hours: 11:00 AM - 1:00 PM NPT,490,First Micro Finance Laghubitta Bittiya Sanstha Limited,FMDBL,,,,-0.23,,,,,,,,,,,,,,767.1,,-1.8,,,,,,,7,"price_volume, live_market, summary, top_gainers, top_losers, nepse_index, supply_demand",5656
2026-08-21T12:34:03.915619+05:45,2026-08-21 12:34:03,top_losers,top_losers_146,True,cloud_automated,Friday - Trading Hours: 11:00 AM - 1:00 PM NPT,1741,Mero Microfinance Bittiya Sanstha Ltd.,MERO,,,,-0.23,,,,,,,,,,,,,,640.0,,-1.5,,,,,,,7,"price_volume, live_market, summary, top_gainers, top_losers, nepse_index, supply_demand",5656
2026-08-21T12:34:03.915619+05:45,2026-08-21 12:34:03,top_losers,top_losers_147,True,cloud_automated,Friday - Trading Hours: 11:00 AM - 1:00 PM NPT,9212,Mandu Hydropower Limited,MANDU,,,,-0.21,,,,,,,,,,,,,,762.0,,-1.64,,,,,,,7,"price_volume, live_market, summary, top_gainers, top_losers, nepse_index, supply_demand",5656
2026-08-21T12:34:03.915619+05:45,2026-08-21 12:34:03,top_losers,top_losers_148,True,cloud_automated,Friday - Trading Hours: 11:00 AM - 1:00 PM NPT,9342,Yambaling Hydropower Limited,YMHL,,,,-0.21,,,,,,,,,,,,,,623.7,,-1.3,,,,,,,7,"price_volume, live_market, summary, top_gainers, top_losers, nepse_index, supply_demand",5656
2026-08-21T12:34:03.915619+05:45,2026-08-21 12:34:03,top_losers,top_losers_149,True,cloud_automated,Friday - Trading Hours: 11:00 AM - 1:00 PM NPT,9294,Sagar Distillery Limited,SAGAR,,,,-0.2,,,,,,,,,,,,,,1565.0,,-3.1,,,,,,,7,"price_volume, live_market, summary, top_gainers, top_losers, nepse_index, supply_demand",5656
2026-08-21T12:34:03.915619+05:45,2026-08-21 12:34:03,top_losers,top_losers_150,True,cloud_automated,Friday - Trading Hours: 11:00 AM - 1:00 PM NPT,2769,Nepal Hydro Developers Ltd.,NHDL,,,,-0.2,,,,,,,,,,,,,,634.0,,-1.3,,,,,,,7,"price_volume, live_market, summary, top_gainers, top_losers, nepse_index, supply_demand",5656
2026-08-21T12:34:03.915619+05:45,2026-08-21 12:34:03,top_losers,top_losers_151,True,cloud_automated,Friday - Trading Hours: 11:00 AM - 1:00 PM NPT,396,Nerude Mirmire Laghubitta Bittiya Sanstha Limited,NMLBBL,,,,-0.2,,,,,,,,,,,,,,499.0,,-1.0,,,,,,,7,"price_volume, live_market, summary, top_gainers, top_losers, nepse_index, supply_demand",5656
2026-08-21T12:34:03.915619+05:45,2026-08-21 12:34:03,top_losers,top_losers_152,True,cloud_automated,Friday - Trading Hours: 11:00 AM - 1:00 PM NPT,9300,Jhapa Energy Limited,JHAPA,,,,-0.19,,,,,,,,,,,,,,1038.0,,-2.0,,,,,,,7,"price_volume, live_market, summary, top_gainers, top_losers, nepse_index, supply_demand",5656
2026-08-21T12:34:03.915619+05:45,2026-08-21 12:34:03,top_losers,top_losers_153,True,cloud_automated,Friday - Trading Hours: 11:00 AM - 1:00 PM NPT,9346,Kalanga Hydro Limited,KAHL,,,,-0.19,,,,,,,,,,,,,,539.0,,-1.0,,,,,,,7,"price_volume, live_market, summary, top_gainers, top_losers, nepse_index, supply_demand",5656
2026-08-21T12:34:03.915619+05:45,2026-08-21 12:34:03,top_losers,top_losers_154,True,cloud_automated,Friday - Trading Hours: 11:00 AM - 1:00 PM NPT,9181,Rawa Energy Development Limited,RAWA,,,,-0.19,,,,,,,,,,,,,,420.2,,-0.8,,,,,,,7,"price_volume, live_market, summary, top_gainers, top_losers, nepse_index, supply_demand",5656
2026-08-21T12:34:03.915619+05:45,2026-08-21 12:34:03,top_losers,top_losers_155,True,cloud_automated,Friday - Trading Hours: 11:00 AM - 1:00 PM NPT,5982,Sanima Reliance Life Insurance Limited,SRLI,,,,-0.19,,,,,,,,,,,,,,366.4,,-0.7,,,,,,,7,"price_volume, live_market, summary, top_gainers, top_losers, nepse_index, supply_demand",5656
2026-08-21T12:34:03.915619+05:45,2026-08-21 12:34:03,top_losers,top_losers_156,True,cloud_automated,Friday - Trading Hours: 11:00 AM - 1:00 PM NPT,4951,Jeevan Bikas Laghubitta  Bittya Sanstha Ltd,JBLB,,,,-0.17,,,,,,,,,,,,,,1262.0,,-2.1,,,,,,,7,"price_volume, live_market, summary, top_gainers, top_losers, nepse_index, supply_demand",5656
2026-08-21T12:34:03.915619+05:45,2026-08-21 12:34:03,top_losers,top_losers_157,True,cloud_automated,Friday - Trading Hours: 11:00 AM - 1:00 PM NPT,9213,Hathway Investment Nepal Limited,HATHY,,,,-0.17,,,,,,,,,,,,,,580.0,,-1.0,,,,,,,7,"price_volume, live_market, summary, top_gainers, top_losers, nepse_index, supply_demand",5656
2026-08-21T12:34:03.915619+05:45,2026-08-21 12:34:03,top_losers,top_losers_158,True,cloud_automated,Friday - Trading Hours: 11:00 AM - 1:00 PM NPT,232,Goodwill Finance Limited,GFCL,,,,-0.13,,,,,,,,,,,,,,593.0,,-0.8,,,,,,,7,"price_volume, live_market, summary, top_gainers, top_losers, nepse_index, supply_demand",5656
2026-08-21T12:34:03.915619+05:45,2026-08-21 12:34:03,top_losers,top_losers_159,True,cloud_automated,Friday - Trading Hours: 11:00 AM - 1:00 PM NPT,9330,Palpa Cement Industries Limited,PCIL,,,,-0.13,,,,,,,,,,,,,,622.1,,-0.8,,,,,,,7,"price_volume, live_market, summary, top_gainers, top_losers, nepse_index, supply_demand",5656
2026-08-21T12:34:03.915619+05:45,2026-08-21 12:34:03,top_losers,top_losers_160,True,cloud_automated,Friday - Trading Hours: 11:00 AM - 1:00 PM NPT,385,Asian Life Insurance Co. Limited,ALICL,,,,-0.12,,,,,,,,,,,,,,419.4,,-0.5,,,,,,,7,"price_volume, live_market, summary, top_gainers, top_losers, nepse_index, supply_demand",5656
2026-08-21T12:34:03.915619+05:45,2026-08-21 12:34:03,top_losers,top_losers_161,True,cloud_automated,Friday - Trading Hours: 11:00 AM - 1:00 PM NPT,417,Garima Bikas Bank Limited,GBBL,,,,-0.12,,,,,,,,,,,,,,423.0,,-0.5,,,,,,,7,"price_volume, live_market, summary, top_gainers, top_losers, nepse_index, supply_demand",5656
2026-08-21T12:34:03.915619+05:45,2026-08-21 12:34:03,top_losers,top_losers_162,True,cloud_automated,Friday - Trading Hours: 11:00 AM - 1:00 PM NPT,164,Chhimek Laghubitta Bittiya Sanstha Limited,CBBL,,,,-0.11,,,,,,,,,,,,,,938.0,,-1.0,,,,,,,7,"price_volume, live_market, summary, top_gainers, top_losers, nepse_index, supply_demand",5656
2026-08-21T12:34:03.915619+05:45,2026-08-21 12:34:03,top_losers,top_losers_163,True,cloud_automated,Friday - Trading Hours: 11:00 AM - 1:00 PM NPT,9324,Ridge Line Energy Limited,RLEL,,,,-0.11,,,,,,,,,,,,,,924.0,,-1.0,,,,,,,7,"price_volume, live_market, summary, top_gainers, top_losers, nepse_index, supply_demand",5656
2026-08-21T12:34:03.915619+05:45,2026-08-21 12:34:03,top_losers,top_losers_164,True,cloud_automated,Friday - Trading Hours: 11:00 AM - 1:00 PM NPT,397,Agricultural Development Bank Limited,ADBL,,,,-0.03,,,,,,,,,,,,,,300.0,,-0.1,,,,,,,7,"price_volume, live_market, summary, top_gainers, top_losers, nepse_index, supply_demand",5656
2026-08-21T12:34:03.915619+05:45,2026-08-21 12:34:03,top_losers,top_losers_165,True,cloud_automated,Friday - Trading Hours: 11:00 AM - 1:00 PM NPT,8076,Himalayan Hydropower Limited,HHL,,,,-0.03,,,,,,,,,,,,,,329.0,,-0.1,,,,,,,7,"price_volume, live_market, summary, top_gainers, top_losers, nepse_index, supply_demand",5656
2026-08-21T12:34:03.915619+05:45,2026-08-21 12:34:03,top_losers,top_losers_166,True,cloud_automated,Friday - Trading Hours: 11:00 AM - 1:00 PM NPT,9261,Nifra Green Energy Debenture 6% - 2088/89,NIFRAGED,,,,-0.01,,,,,,,,,,,,,,1010.0,,-0.1,,,,,,,7,"price_volume, live_market, summary, top_gainers, top_losers, nepse_index, supply_demand",5656
2026-08-21T12:34:03.915619+05:45,2026-08-21 12:34:03,top_losers,top_losers_167,True,cloud_automated,Friday - Trading Hours: 11:00 AM - 1:00 PM NPT,2761,Samata Gharelu Laghubitta Bittiya Sanstha Limited,SMATA,,,,-0.01,,,,,,,,,,,,,,709.9,,-0.1,,,,,,,7,"price_volume, live_market, summary, top_gainers, top_losers, nepse_index, supply_demand",5656
2026-08-21T12:34:03.915619+05:45,2026-08-21 12:34:03,nepse_index,nepse_index_summary,True,cloud_automated,Friday - Trading Hours: 11:00 AM - 1:00 PM NPT,,,,,,,,,,,,,,,,,,,,,,,,"{'id': 63, 'auditId': None, 'exchangeIndexId': None, 'generatedTime': '2026-08-21T12:32:59.723', 'index': 'Sensitive Float Index', 'close': 156.32, 'high': 156.5086, 'low': 156.0017, 'previousClose': 156.3165, 'change': 0.13, 'perChange': 0.08, 'fiftyTwoWeekHigh': 173.41, 'fiftyTwoWeekLow': 147.61, 'currentValue': 156.44}","{'id': 62, 'auditId': None, 'exchangeIndexId': None, 'generatedTime': '2026-08-21T12:33:01.12', 'index': 'Float Index', 'close': 180.38, 'high': 180.5029, 'low': 180.0054, 'previousClose': 180.3823, 'change': 0.08, 'perChange': 0.04, 'fiftyTwoWeekHigh': 204.21, 'fiftyTwoWeekLow': 170.58, 'currentValue': 180.47}","{'id': 57, 'auditId': None, 'exchangeIndexId': None, 'generatedTime': '2026-08-21T12:32:59.72', 'index': 'Sensitive Index', 'close': 462.89, 'high': 463.1079, 'low': 461.407, 'previousClose': 462.8909, 'change': 0.09, 'perChange': 0.02, 'fiftyTwoWeekHigh': 507.0, 'fiftyTwoWeekLow': 435.29, 'currentValue': 462.98}","{'id': 58, 'auditId': None, 'exchangeIndexId': None, 'generatedTime': '2026-08-21T12:33:01.117', 'index': 'NEPSE Index', 'close': 2629.4, 'high': 2631.2824, 'low': 2624.4449, 'previousClose': 2629.4011, 'change': 1.26, 'perChange': 0.04, 'fiftyTwoWeekHigh': 2960.4, 'fiftyTwoWeekLow': 2487.18, 'currentValue': 2630.66}",,,7,"price_volume, live_market, summary, top_gainers, top_losers, nepse_index, supply_demand",5656
2026-08-21T12:34:03.915619+05:45,2026-08-21 12:34:03,supply_demand,supply_demand_summary,True,cloud_automated,Friday - Trading Hours: 11:00 AM - 1:00 PM NPT,,,,,,,,,,,,,,,,,,,,,,,,,,,,"[{'totalQuantity': 638538, 'totalOrder': 11, 'securityId': 8125, 'symbol': 'NSIF2', 'securityName': 'NMB Sulav Investment Fund - 2'}, {'totalQuantity': 617830, 'totalOrder': 5, 'securityId': 9174, 'symbol': 'PRSF', 'securityName': 'Prabhu Smart Fund'}, {'totalQuantity': 484300, 'totalOrder': 5, 'securityId': 9182, 'symbol': 'SIGS3', 'securityName': 'Siddhartha Investment Growth Scheme 3'}, {'totalQuantity': 459307, 'totalOrder': 12, 'securityId': 245, 'symbol': 'CFCL', 'securityName': 'Central Finance Co. Ltd.'}, {'totalQuantity': 309519, 'totalOrder': 3, 'securityId': 9302, 'symbol': 'RBBF40', 'securityName': 'RBB Focus 40'}, {'totalQuantity': 247028, 'totalOrder': 13, 'securityId': 152, 'symbol': 'NHPC', 'securityName': 'National Hydro Power Company Limited'}, {'totalQuantity': 228420, 'totalOrder': 10, 'securityId': 610, 'symbol': 'RIDI', 'securityName': 'Ridi Power Company Limited'}, {'totalQuantity': 189764, 'totalOrder': 9, 'securityId': 9311, 'symbol': 'SOHL', 'securityName': 'Solu Hydropower Limited'}, {'totalQuantity': 144539, 'totalOrder': 7, 'securityId': 8074, 'symbol': 'KDBY', 'securityName': 'Kumari Dhanabriddhi Yojana'}, {'totalQuantity': 137115, 'totalOrder': 7, 'securityId': 8106, 'symbol': 'GIBF1', 'securityName': 'Global IME Balanced Fund-1'}, {'totalQuantity': 133850, 'totalOrder': 5, 'securityId': 2867, 'symbol': 'NMB50', 'securityName': 'NMB 50'}, {'totalQuantity': 126159, 'totalOrder': 6, 'securityId': 2767, 'symbol': 'HPPL', 'securityName': 'Himalayan Power Partner Ltd.'}, {'totalQuantity': 123560, 'totalOrder': 5, 'securityId': 2863, 'symbol': 'NICBF', 'securityName': 'NIC Asia Balanced Fund'}, {'totalQuantity': 122579, 'totalOrder': 7, 'securityId': 2788, 'symbol': 'AKJCL', 'securityName': 'Ankhu Khola Jalvidhyut Company Ltd'}, {'totalQuantity': 121748, 'totalOrder': 6, 'securityId': 2760, 'symbol': 'UMHL', 'securityName': 'United Modi Hydropower Ltd.'}, {'totalQuantity': 117377, 'totalOrder': 16, 'securityId': 142, 'symbol': 'KBL', 'securityName': 'Kumari Bank Limited'}, {'totalQuantity': 117153, 'totalOrder': 7, 'securityId': 2913, 'symbol': 'MEN', 'securityName': 'Mountain Energy Nepal Limited'}, {'totalQuantity': 116832, 'totalOrder': 5, 'securityId': 9156, 'symbol': 'TAMOR', 'securityName': 'Sanima Middle Tamor Hydropower Limited'}, {'totalQuantity': 105850, 'totalOrder': 3, 'securityId': 2877, 'symbol': 'SFMF', 'securityName': 'Sunrise First Mutual Fund'}, {'totalQuantity': 103682, 'totalOrder': 16, 'securityId': 2743, 'symbol': 'NGPL', 'securityName': 'Ngadi Group Power Ltd.'}, {'totalQuantity': 94498, 'totalOrder': 29, 'securityId': 8021, 'symbol': 'SAHAS', 'securityName': 'Sahas Urja Limited'}, {'totalQuantity': 93612, 'totalOrder': 15, 'securityId': 9306, 'symbol': 'RSML', 'securityName': 'Reliance Spinning Mills Limited'}, {'totalQuantity': 89555, 'totalOrder': 7, 'securityId': 2770, 'symbol': 'SEF', 'securityName': 'Siddhartha Equity Fund'}, {'totalQuantity': 87361, 'totalOrder': 7, 'securityId': 697, 'symbol': 'API', 'securityName': 'Api Power Company Ltd.'}, {'totalQuantity': 85045, 'totalOrder': 23, 'securityId': 255, 'symbol': 'PRVU', 'securityName': 'Prabhu  Bank Limited'}, {'totalQuantity': 79762, 'totalOrder': 10, 'securityId': 8111, 'symbol': 'HIDCLP', 'securityName': 'Hydorelectricity Investment and Development Company Limited Promoter'}, {'totalQuantity': 79138, 'totalOrder': 14, 'securityId': 2810, 'symbol': 'UPCL', 'securityName': 'UNIVERSAL POWER COMPANY LTD'}, {'totalQuantity': 77368, 'totalOrder': 9, 'securityId': 2907, 'symbol': 'SSHL', 'securityName': 'Shiva Shree Hydropower Ltd'}, {'totalQuantity': 70796, 'totalOrder': 40, 'securityId': 9146, 'symbol': 'SMHL', 'securityName': 'Super Madi Hydropower Limited'}, {'totalQuantity': 70298, 'totalOrder': 7, 'securityId': 9245, 'symbol': 'MNMF1', 'securityName': 'Muktinath Mutual Fund 1'}, {'totalQuantity': 69877, 'totalOrder': 6, 'securityId': 2806, 'symbol': 'GHL', 'securityName': 'Ghalemdi Hydro Limited'}, {'totalQuantity': 69535, 'totalOrder': 15, 'securityId': 171, 'symbol': 'SANIMA', 'securityName': 'Sanima Bank Limited'}, {'totalQuantity': 69531, 'totalOrder': 7, 'securityId': 591, 'symbol': 'SHPC', 'securityName': 'Sanima Mai Hydropower Ltd.'}, {'totalQuantity': 69390, 'totalOrder': 5, 'securityId': 341, 'symbol': 'GBIME', 'securityName': 'Global IME Bank Limited'}, {'totalQuantity': 67900, 'totalOrder': 17, 'securityId': 517, 'symbol': 'NBL', 'securityName': 'Nepal Bank Limited'}, {'totalQuantity': 66708, 'totalOrder': 12, 'securityId': 8133, 'symbol': 'PHCL', 'securityName': 'Peoples Hydropower Company Limited'}, {'totalQuantity': 63736, 'totalOrder': 7, 'securityId': 2751, 'symbol': 'KKHC', 'securityName': 'Khanikhola Hydropower Co. Ltd.'}, {'totalQuantity': 63573, 'totalOrder': 12, 'securityId': 145, 'symbol': 'SBL', 'securityName': 'Siddhartha Bank Limited'}, {'totalQuantity': 63244, 'totalOrder': 8, 'securityId': 2880, 'symbol': 'HDHPC', 'securityName': 'Himal Dolakha Hydropower Company Limited'}, {'totalQuantity': 61719, 'totalOrder': 20, 'securityId': 132, 'symbol': 'NIMB', 'securityName': 'Nepal Investment Mega Bank Limited'}, {'totalQuantity': 60990, 'totalOrder': 9, 'securityId': 9254, 'symbol': 'NMBHF2', 'securityName': 'NMB Hybrid Fund L- II'}, {'totalQuantity': 58943, 'totalOrder': 9, 'securityId': 188, 'symbol': 'LICN', 'securityName': 'Life Insurance Corporation (Nepal) Limited'}, {'totalQuantity': 56125, 'totalOrder': 23, 'securityId': 8055, 'symbol': 'BHL', 'securityName': 'Balephi Hydropower Limited'}, {'totalQuantity': 55072, 'totalOrder': 19, 'securityId': 9173, 'symbol': 'CITY', 'securityName': 'City Hotel Limited'}, {'totalQuantity': 54013, 'totalOrder': 8, 'securityId': 348, 'symbol': 'CZBIL', 'securityName': 'Citizens Bank International Limited'}, {'totalQuantity': 53065, 'totalOrder': 6, 'securityId': 8099, 'symbol': 'UHEWA', 'securityName': 'Upper Hewakhola Hydropower Company Limited'}, {'totalQuantity': 50339, 'totalOrder': 8, 'securityId': 2859, 'symbol': 'SIGS2', 'securityName': 'Siddhartha Investment Growth Scheme - 2'}, {'totalQuantity': 49662, 'totalOrder': 7, 'securityId': 8070, 'symbol': 'DORDI', 'securityName': 'Dordi Khola Jal Bidyut Company Limited'}, {'totalQuantity': 49140, 'totalOrder': 7, 'securityId': 2757, 'symbol': 'AKPL', 'securityName': 'Arun Kabeli Power Ltd.'}, {'totalQuantity': 47924, 'totalOrder': 8, 'securityId': 135, 'symbol': 'SBI', 'securityName': 'Nepal SBI Bank Limited'}, {'totalQuantity': 46374, 'totalOrder': 7, 'securityId': 238, 'symbol': 'NMB', 'securityName': 'NMB Bank Limited'}, {'totalQuantity': 45712, 'totalOrder': 10, 'securityId': 147, 'symbol': 'SHL', 'securityName': 'Soaltee Hotel Limited'}, {'totalQuantity': 43600, 'totalOrder': 6, 'securityId': 4947, 'symbol': 'PSF', 'securityName': 'Prabhu Select Fund'}, {'totalQuantity': 43498, 'totalOrder': 9, 'securityId': 2742, 'symbol': 'HIDCL', 'securityName': 'Hydorelectricity Investment and Development Company Ltd'}, {'totalQuantity': 42001, 'totalOrder': 27, 'securityId': 8045, 'symbol': 'GVL', 'securityName': 'Green Ventures Limited'}, {'totalQuantity': 41875, 'totalOrder': 7, 'securityId': 357, 'symbol': 'PCBL', 'securityName': 'Prime Commercial Bank Ltd.'}, {'totalQuantity': 41450, 'totalOrder': 11, 'securityId': 2776, 'symbol': 'RADHI', 'securityName': 'Radhi Bidyut Company Ltd'}, {'totalQuantity': 41309, 'totalOrder': 6, 'securityId': 153, 'symbol': 'BPCL', 'securityName': 'Butwal Power Company Limited'}, {'totalQuantity': 40656, 'totalOrder': 26, 'securityId': 131, 'symbol': 'NABIL', 'securityName': 'Nabil Bank Limited'}, {'totalQuantity': 39285, 'totalOrder': 25, 'securityId': 2792, 'symbol': 'UPPER', 'securityName': 'Upper Tamakoshi Hydropower Ltd'}, {'totalQuantity': 39161, 'totalOrder': 7, 'securityId': 2903, 'symbol': 'LEC', 'securityName': 'Liberty Energy Company Limited'}, {'totalQuantity': 38621, 'totalOrder': 11, 'securityId': 9267, 'symbol': 'BHCL', 'securityName': 'Bikash Hydropower Company Limited'}, {'totalQuantity': 38161, 'totalOrder': 13, 'securityId': 137, 'symbol': 'EBL', 'securityName': 'Everest Bank Limited'}, {'totalQuantity': 37960, 'totalOrder': 6, 'securityId': 2933, 'symbol': 'KEF', 'securityName': 'Kumari Equity Fund'}, {'totalQuantity': 37075, 'totalOrder': 12, 'securityId': 141, 'symbol': 'LSL', 'securityName': 'Laxmi Sunrise Bank Limited'}, {'totalQuantity': 36737, 'totalOrder': 6, 'securityId': 2934, 'symbol': 'SHEL', 'securityName': 'Singati Hydro Energy Limited'}, {'totalQuantity': 36053, 'totalOrder': 8, 'securityId': 140, 'symbol': 'MBL', 'securityName': 'Machhapuchhre Bank Limited'}, {'totalQuantity': 35909, 'totalOrder': 19, 'securityId': 9201, 'symbol': 'SNLI', 'securityName': 'Sun Nepal Life Insurance Company Limited'}, {'totalQuantity': 35526, 'totalOrder': 6, 'securityId': 360, 'symbol': 'AHPC', 'securityName': 'Arun Valley Hydropower Development Co. Ltd.'}, {'totalQuantity': 34181, 'totalOrder': 7, 'securityId': 2809, 'symbol': 'SHIVM', 'securityName': 'SHIVAM CEMENTS LTD'}, {'totalQuantity': 34174, 'totalOrder': 9, 'securityId': 2759, 'symbol': 'SPDL', 'securityName': 'Synergy Power Development Ltd.'}, {'totalQuantity': 33909, 'totalOrder': 9, 'securityId': 154, 'symbol': 'CHCL', 'securityName': 'Chilime Hydropower Company Limited'}, {'totalQuantity': 32631, 'totalOrder': 10, 'securityId': 2898, 'symbol': 'NRN', 'securityName': 'NRN Infrastructure and Development Limited'}, {'totalQuantity': 32293, 'totalOrder': 19, 'securityId': 9203, 'symbol': 'MEHL', 'securityName': 'Manakamana Engineering Hydropower Limited'}, {'totalQuantity': 32234, 'totalOrder': 10, 'securityId': 2824, 'symbol': 'HURJA', 'securityName': 'Himalaya Urja Bikas Company Limited'}, {'totalQuantity': 31861, 'totalOrder': 10, 'securityId': 8066, 'symbol': 'RFPL', 'securityName': 'River Falls Power Limited'}, {'totalQuantity': 29682, 'totalOrder': 6, 'securityId': 490, 'symbol': 'FMDBL', 'securityName': 'First Micro Finance Laghubitta Bittiya Sanstha Limited'}, {'totalQuantity': 29555, 'totalOrder': 17, 'securityId': 134, 'symbol': 'HBL', 'securityName': 'Himalayan Bank Limited'}, {'totalQuantity': 29243, 'totalOrder': 25, 'securityId': 2919, 'symbol': 'NIFRA', 'securityName': 'Nepal Infrastructure Bank Limited'}, {'totalQuantity': 28565, 'totalOrder': 5, 'securityId': 417, 'symbol': 'GBBL', 'securityName': 'Garima Bikas Bank Limited'}, {'totalQuantity': 28030, 'totalOrder': 3, 'securityId': 9244, 'symbol': 'NIBLSTF', 'securityName': 'NIBL Stable Fund'}, {'totalQuantity': 27953, 'totalOrder': 11, 'securityId': 9345, 'symbol': 'SGHL', 'securityName': 'Sanigad Hydro Limited'}, {'totalQuantity': 27855, 'totalOrder': 11, 'securityId': 8076, 'symbol': 'HHL', 'securityName': 'Himalayan Hydropower Limited'}, {'totalQuantity': 27418, 'totalOrder': 7, 'securityId': 8075, 'symbol': 'BHDC', 'securityName': 'Bindhyabasini Hydropower Development Company Limited'}, {'totalQuantity': 27154, 'totalOrder': 8, 'securityId': 2766, 'symbol': 'CHL', 'securityName': 'Chhyangdi Hydropower Ltd.'}, {'totalQuantity': 27059, 'totalOrder': 11, 'securityId': 9199, 'symbol': 'RNLI', 'securityName': 'Reliable Nepal Life Insurance Limited'}, {'totalQuantity': 27000, 'totalOrder': 5, 'securityId': 9259, 'symbol': 'RSY', 'securityName': 'Reliable Samriddhi Yojana'}, {'totalQuantity': 26647, 'totalOrder': 6, 'securityId': 8131, 'symbol': 'EHPL', 'securityName': 'Eastern Hydropower Limited'}, {'totalQuantity': 25266, 'totalOrder': 6, 'securityId': 8024, 'symbol': 'NBF3', 'securityName': 'Nabil Balanced Fund-3'}, {'totalQuantity': 25175, 'totalOrder': 21, 'securityId': 8031, 'symbol': 'MBJC', 'securityName': 'Madhya Bhotekoshi Jalavidyut Company Limited'}, {'totalQuantity': 25015, 'totalOrder': 11, 'securityId': 8100, 'symbol': 'SGHC', 'securityName': 'Swet-Ganga Hydropower & Construction Limited '}, {'totalQuantity': 24778, 'totalOrder': 6, 'securityId': 2924, 'symbol': 'GLH', 'securityName': 'GreenLife Hydropower Limited'}, {'totalQuantity': 23919, 'totalOrder': 28, 'securityId': 686, 'symbol': 'BARUN', 'securityName': 'Barun Hydropower Co. Ltd.'}, {'totalQuantity': 23547, 'totalOrder': 9, 'securityId': 307, 'symbol': 'NTC', 'securityName': 'Nepal Doorsanchar Company Limited'}, {'totalQuantity': 23200, 'totalOrder': 3, 'securityId': 9191, 'symbol': 'C30MF', 'securityName': 'Citizens Super 30 Mutual Fund'}, {'totalQuantity': 23027, 'totalOrder': 14, 'securityId': 9209, 'symbol': 'CLI', 'securityName': 'Citizen Life Insurance Company Limited'}, {'totalQuantity': 22835, 'totalOrder': 8, 'securityId': 9296, 'symbol': 'BUNGAL', 'securityName': 'Bungal Hydro Limited'}, {'totalQuantity': 22176, 'totalOrder': 12, 'securityId': 9336, 'symbol': 'SOPL', 'securityName': 'Sopan Pharmaceuticals Limited'}, {'totalQuantity': 22026, 'totalOrder': 9, 'securityId': 9343, 'symbol': 'TPKHL', 'securityName': 'Taksar Pikhuwa Khola Hydropower Limited'}, {'totalQuantity': 21854, 'totalOrder': 18, 'securityId': 393, 'symbol': 'HLI', 'securityName': 'Himalayan Life Insurance Limited'}, {'totalQuantity': 21418, 'totalOrder': 12, 'securityId': 5982, 'symbol': 'SRLI', 'securityName': 'Sanima Reliance Life Insurance Limited'}, {'totalQuantity': 21372, 'totalOrder': 8, 'securityId': 9181, 'symbol': 'RAWA', 'securityName': 'Rawa Energy Development Limited'}, {'totalQuantity': 21117, 'totalOrder': 9, 'securityId': 459, 'symbol': 'KSBBL', 'securityName': 'Kamana Sewa Bikas Bank Limited'}, {'totalQuantity': 20450, 'totalOrder': 3, 'securityId': 9304, 'symbol': 'CSY', 'securityName': 'Citizens Santulit Yojana'}, {'totalQuantity': 20289, 'totalOrder': 14, 'securityId': 235, 'symbol': 'HDL', 'securityName': 'Himalayan Distillery Limited'}, {'totalQuantity': 20264, 'totalOrder': 8, 'securityId': 9303, 'symbol': 'SYPNL', 'securityName': 'SY Panel Nepal Limited'}, {'totalQuantity': 19032, 'totalOrder': 11, 'securityId': 9234, 'symbol': 'HRL', 'securityName': 'Himalayan Reinsurance Limited'}, {'totalQuantity': 18573, 'totalOrder': 6, 'securityId': 9301, 'symbol': 'SAIL', 'securityName': 'Shreenagar Agritech Industries Limited'}, {'totalQuantity': 18291, 'totalOrder': 8, 'securityId': 8022, 'symbol': 'TPC', 'securityName': 'Terhathum Power Company Limited'}, {'totalQuantity': 18072, 'totalOrder': 7, 'securityId': 516, 'symbol': 'MFIL', 'securityName': 'Manjushree Finance Ltd.'}, {'totalQuantity': 17661, 'totalOrder': 6, 'securityId': 274, 'symbol': 'EDBL', 'securityName': 'Excel Development Bank Ltd.'}, {'totalQuantity': 17579, 'totalOrder': 15, 'securityId': 9171, 'symbol': 'BEDC', 'securityName': 'Bhugol Energy Development Company Limited'}, {'totalQuantity': 17158, 'totalOrder': 10, 'securityId': 9287, 'symbol': 'MABEL', 'securityName': 'Mabilung Energy Limited'}, {'totalQuantity': 17143, 'totalOrder': 5, 'securityId': 179, 'symbol': 'HEI', 'securityName': 'Himalayan Everest Insurance Limited'}, {'totalQuantity': 16567, 'totalOrder': 6, 'securityId': 9170, 'symbol': 'DOLTI', 'securityName': 'Dolti Power Company Limited'}, {'totalQuantity': 16567, 'totalOrder': 5, 'securityId': 9252, 'symbol': 'CREST', 'securityName': 'Crest Micro Life Insurance Limited'}, {'totalQuantity': 16520, 'totalOrder': 6, 'securityId': 358, 'symbol': 'LBBL', 'securityName': 'Lumbini Bikas Bank Ltd.'}, {'totalQuantity': 16470, 'totalOrder': 8, 'securityId': 9149, 'symbol': 'MKHC', 'securityName': 'Maya Khola Hydropower Company Limited'}, {'totalQuantity': 16412, 'totalOrder': 6, 'securityId': 2811, 'symbol': 'MHNL', 'securityName': 'Mountain Hydro Nepal Limited'}, {'totalQuantity': 16226, 'totalOrder': 8, 'securityId': 9148, 'symbol': 'SMH', 'securityName': 'Super Mai Hydropower Limited'}, {'totalQuantity': 15996, 'totalOrder': 9, 'securityId': 187, 'symbol': 'NLIC', 'securityName': 'Nepal Life Insurance Co. Ltd.'}, {'totalQuantity': 15887, 'totalOrder': 10, 'securityId': 178, 'symbol': 'NLICL', 'securityName': 'National Life Insurance Co. Ltd.'}, {'totalQuantity': 15412, 'totalOrder': 5, 'securityId': 9323, 'symbol': 'SKHL', 'securityName': 'Super Khudi Hydropower Limited'}, {'totalQuantity': 15292, 'totalOrder': 5, 'securityId': 473, 'symbol': 'SHINE', 'securityName': 'Shine Resunga Development Bank Ltd.'}, {'totalQuantity': 15100, 'totalOrder': 3, 'securityId': 9248, 'symbol': 'GSY', 'securityName': 'Garima Samriddhi Yojana'}, {'totalQuantity': 15030, 'totalOrder': 11, 'securityId': 2786, 'symbol': 'PMHPL', 'securityName': 'Panchakanya Mai Hydropower Ltd'}, {'totalQuantity': 15020, 'totalOrder': 16, 'securityId': 9352, 'symbol': 'MEPDL', 'securityName': 'Mount Everest Power Development Limited'}, {'totalQuantity': 14973, 'totalOrder': 7, 'securityId': 9242, 'symbol': 'SARBTM', 'securityName': 'Sarbottam Cement Limited'}, {'totalQuantity': 14821, 'totalOrder': 9, 'securityId': 418, 'symbol': 'JBBL', 'securityName': 'Jyoti Bikas Bank Limited'}, {'totalQuantity': 14732, 'totalOrder': 11, 'securityId': 9308, 'symbol': 'HFIN', 'securityName': 'Hotel Forest Inn Limited'}, {'totalQuantity': 14624, 'totalOrder': 11, 'securityId': 2881, 'symbol': 'NRIC', 'securityName': 'Nepal Reinsurance Company Limited'}, {'totalQuantity': 14586, 'totalOrder': 10, 'securityId': 139, 'symbol': 'NICA', 'securityName': 'NIC Asia Bank Ltd.'}, {'totalQuantity': 14362, 'totalOrder': 8, 'securityId': 176, 'symbol': 'NICL', 'securityName': 'Nepal Insurance Co. Ltd.'}, {'totalQuantity': 13935, 'totalOrder': 7, 'securityId': 401, 'symbol': 'MLBL', 'securityName': 'Mahalaxmi Bikas Bank Ltd.'}, {'totalQuantity': 13819, 'totalOrder': 11, 'securityId': 9179, 'symbol': 'MEL', 'securityName': 'Modi Energy Limited'}, {'totalQuantity': 13744, 'totalOrder': 7, 'securityId': 227, 'symbol': 'BFC', 'securityName': 'Best Finance Company Ltd.'}, {'totalQuantity': 13706, 'totalOrder': 3, 'securityId': 2835, 'symbol': 'NBF2', 'securityName': 'NABIL BALANCED FUND-2'}, {'totalQuantity': 13625, 'totalOrder': 7, 'securityId': 9166, 'symbol': 'MAKAR', 'securityName': 'Makar Jitumaya Suri Hydropower Limited'}, {'totalQuantity': 13596, 'totalOrder': 7, 'securityId': 474, 'symbol': 'MNBBL', 'securityName': 'Muktinath Bikas Bank Ltd.'}, {'totalQuantity': 13503, 'totalOrder': 7, 'securityId': 9329, 'symbol': 'SIPD', 'securityName': 'Shikhar power Development Limited'}, {'totalQuantity': 13303, 'totalOrder': 5, 'securityId': 472, 'symbol': 'SADBL', 'securityName': 'Shangrila Development Bank Ltd.'}, {'totalQuantity': 13012, 'totalOrder': 10, 'securityId': 9342, 'symbol': 'YMHL', 'securityName': 'Yambaling Hydropower Limited'}, {'totalQuantity': 12306, 'totalOrder': 15, 'securityId': 133, 'symbol': 'SCB', 'securityName': 'Standard Chartered Bank Limited'}, {'totalQuantity': 12012, 'totalOrder': 12, 'securityId': 397, 'symbol': 'ADBL', 'securityName': 'Agricultural Development Bank Limited'}, {'totalQuantity': 11867, 'totalOrder': 7, 'securityId': 2789, 'symbol': 'JOSHI', 'securityName': 'Joshi Hydropower Development Company Ltd'}, {'totalQuantity': 11855, 'totalOrder': 6, 'securityId': 8065, 'symbol': 'CYCL', 'securityName': 'CYC Nepal Laghubitta Bittiya Sanstha Limited'}, {'totalQuantity': 11788, 'totalOrder': 8, 'securityId': 2860, 'symbol': 'SAPDBL', 'securityName': 'Saptakoshi Development Bank Ltd'}, {'totalQuantity': 11771, 'totalOrder': 10, 'securityId': 2841, 'symbol': 'RHPL', 'securityName': 'RASUWAGADHI HYDROPOWER COMPANY LIMITED'}, {'totalQuantity': 11630, 'totalOrder': 9, 'securityId': 9351, 'symbol': 'RSY2', 'securityName': 'Reliable Samriddhi Yojana -2'}, {'totalQuantity': 11411, 'totalOrder': 8, 'securityId': 2813, 'symbol': 'PPCL', 'securityName': 'Panchthar Power Compant Limited'}, {'totalQuantity': 11400, 'totalOrder': 5, 'securityId': 8023, 'symbol': 'MMF1', 'securityName': 'Mega Mutual Fund -1'}, {'totalQuantity': 11280, 'totalOrder': 9, 'securityId': 8126, 'symbol': 'SIKLES', 'securityName': 'Sikles Hydropower Limited'}, {'totalQuantity': 11261, 'totalOrder': 11, 'securityId': 9293, 'symbol': 'DHEL', 'securityName': 'Daramkhola Hydro Energy Limited'}, {'totalQuantity': 11220, 'totalOrder': 10, 'securityId': 9218, 'symbol': 'TVCL', 'securityName': 'Trishuli Jal Vidhyut Company Limited '}, {'totalQuantity': 11199, 'totalOrder': 14, 'securityId': 164, 'symbol': 'CBBL', 'securityName': 'Chhimek Laghubitta Bittiya Sanstha Limited'}, {'totalQuantity': 11094, 'totalOrder': 11, 'securityId': 9225, 'symbol': 'VLUCL', 'securityName': 'Vision Lumbini Urja Company Limited '}, {'totalQuantity': 11080, 'totalOrder': 10, 'securityId': 9194, 'symbol': 'TSHL', 'securityName': 'Three Star Hydropower Limited'}, {'totalQuantity': 10971, 'totalOrder': 6, 'securityId': 204, 'symbol': 'GUFL', 'securityName': 'Gurkhas Finance Ltd.'}, {'totalQuantity': 10606, 'totalOrder': 9, 'securityId': 9324, 'symbol': 'RLEL', 'securityName': 'Ridge Line Energy Limited'}, {'totalQuantity': 10390, 'totalOrder': 10, 'securityId': 9348, 'symbol': 'SEF2', 'securityName': 'Siddhartha Equity Fund 2'}, {'totalQuantity': 9870, 'totalOrder': 9, 'securityId': 2831, 'symbol': 'UNHPL', 'securityName': 'Union Hydropower Limited'}, {'totalQuantity': 9870, 'totalOrder': 7, 'securityId': 232, 'symbol': 'GFCL', 'securityName': 'Goodwill Finance Limited'}, {'totalQuantity': 9813, 'totalOrder': 6, 'securityId': 705, 'symbol': 'GILB', 'securityName': 'Global IME Laghubitta Bittiya Sanstha Ltd.'}, {'totalQuantity': 9502, 'totalOrder': 7, 'securityId': 9135, 'symbol': 'BHPL', 'securityName': 'Barahi Hydropower Public Limited'}, {'totalQuantity': 9467, 'totalOrder': 8, 'securityId': 469, 'symbol': 'NIMBPO', 'securityName': 'Nepal Investment Mega Bank Ltd. Promoter Share'}, {'totalQuantity': 9356, 'totalOrder': 9, 'securityId': 8032, 'symbol': 'BNHC', 'securityName': 'Buddha Bhumi Nepal Hydropower Company Limited'}, {'totalQuantity': 9339, 'totalOrder': 10, 'securityId': 9322, 'symbol': 'BJHL', 'securityName': 'Bhujung Hydropower Limited'}, {'totalQuantity': 9224, 'totalOrder': 9, 'securityId': 8121, 'symbol': 'SPHL', 'securityName': 'Sayapatri Hydropower Limited'}, {'totalQuantity': 9073, 'totalOrder': 7, 'securityId': 371, 'symbol': 'MDB', 'securityName': 'Miteri Development Bank Limited'}, {'totalQuantity': 9065, 'totalOrder': 7, 'securityId': 2917, 'symbol': 'CGH', 'securityName': 'Chandragiri Hills Limited'}, {'totalQuantity': 9029, 'totalOrder': 9, 'securityId': 9167, 'symbol': 'MKHL', 'securityName': 'Mai Khola Hydropower Limited'}, {'totalQuantity': 9018, 'totalOrder': 9, 'securityId': 9330, 'symbol': 'PCIL', 'securityName': 'Palpa Cement Industries Limited'}, {'totalQuantity': 8977, 'totalOrder': 11, 'securityId': 9337, 'symbol': 'APHL', 'securityName': 'Appolo Hydropower Limited'}, {'totalQuantity': 8848, 'totalOrder': 9, 'securityId': 9196, 'symbol': 'KBSH', 'securityName': 'Kutheli Bukhari Small Hydropower Limited'}, {'totalQuantity': 8846, 'totalOrder': 7, 'securityId': 8104, 'symbol': 'USHEC', 'securityName': 'Upper Solu Hydro Electric Company Limited'}, {'totalQuantity': 8808, 'totalOrder': 10, 'securityId': 180, 'symbol': 'UAIL', 'securityName': 'United Ajod Insurance Limited'}, {'totalQuantity': 8755, 'totalOrder': 7, 'securityId': 8102, 'symbol': 'MHL', 'securityName': 'Mandakini Hydropower Limited'}, {'totalQuantity': 8609, 'totalOrder': 12, 'securityId': 9344, 'symbol': 'SNORL', 'securityName': 'Snow Rivers Limited'}, {'totalQuantity': 8517, 'totalOrder': 6, 'securityId': 587, 'symbol': 'RLFL', 'securityName': 'Reliance Finance Ltd.'}, {'totalQuantity': 8514, 'totalOrder': 5, 'securityId': 450, 'symbol': 'CORBL', 'securityName': 'Corporate Development Bank Limited'}, {'totalQuantity': 8487, 'totalOrder': 7, 'securityId': 273, 'symbol': 'ICFC', 'securityName': 'ICFC Finance Limited'}, {'totalQuantity': 8312, 'totalOrder': 12, 'securityId': 2754, 'symbol': 'DHPL', 'securityName': 'Dibyashwori Hydropower Ltd.'}, {'totalQuantity': 8041, 'totalOrder': 6, 'securityId': 166, 'symbol': 'DDBL', 'securityName': 'Deprosc Laghubitta Bittiya Sanstha Limited'}, {'totalQuantity': 8004, 'totalOrder': 7, 'securityId': 268, 'symbol': 'SWBBL', 'securityName': 'Swabalamban Laghubitta Bittiya Sanstha Limited'}, {'totalQuantity': 7960, 'totalOrder': 39, 'securityId': 9346, 'symbol': 'KAHL', 'securityName': 'Kalanga Hydro Limited'}, {'totalQuantity': 7900, 'totalOrder': 11, 'securityId': 8108, 'symbol': 'RHGCL', 'securityName': 'Rapti Hydro And General Construction Limited'}, {'totalQuantity': 7828, 'totalOrder': 5, 'securityId': 396, 'symbol': 'NMLBBL', 'securityName': 'Nerude Mirmire Laghubitta Bittiya Sanstha Limited'}, {'totalQuantity': 7815, 'totalOrder': 9, 'securityId': 2787, 'symbol': 'KPCL', 'securityName': 'Kalika power Company Ltd'}, {'totalQuantity': 7768, 'totalOrder': 8, 'securityId': 182, 'symbol': 'SPIL', 'securityName': 'Siddhartha Premier Insurance Limited'}, {'totalQuantity': 7726, 'totalOrder': 8, 'securityId': 9305, 'symbol': 'SABBL', 'securityName': 'Salapa Bikas Bank Limited'}, {'totalQuantity': 7556, 'totalOrder': 21, 'securityId': 9216, 'symbol': 'SONA', 'securityName': 'Sonapur Minerals And Oil Limited'}, {'totalQuantity': 7515, 'totalOrder': 5, 'securityId': 172, 'symbol': 'NABBC', 'securityName': 'Narayani Development Bank Limited'}, {'totalQuantity': 7502, 'totalOrder': 5, 'securityId': 2769, 'symbol': 'NHDL', 'securityName': 'Nepal Hydro Developers Ltd.'}, {'totalQuantity': 7476, 'totalOrder': 4, 'securityId': 8041, 'symbol': 'NESDO', 'securityName': 'NESDO Sambridha Laghubitta Bittiya Sanstha Limited'}, {'totalQuantity': 7427, 'totalOrder': 8, 'securityId': 186, 'symbol': 'IGI', 'securityName': 'IGI Prudential insurance Limited'}, {'totalQuantity': 7395, 'totalOrder': 8, 'securityId': 385, 'symbol': 'ALICL', 'securityName': 'Asian Life Insurance Co. Limited'}, {'totalQuantity': 7382, 'totalOrder': 7, 'securityId': 9213, 'symbol': 'HATHY', 'securityName': 'Hathway Investment Nepal Limited'}, {'totalQuantity': 7248, 'totalOrder': 14, 'securityId': 9208, 'symbol': 'ULHC', 'securityName': 'Upper Lohore Khola Hydropower Company Limited'}, {'totalQuantity': 7132, 'totalOrder': 9, 'securityId': 9175, 'symbol': 'MCHL', 'securityName': 'Menchhiyam Hydropower Limited'}, {'totalQuantity': 7119, 'totalOrder': 10, 'securityId': 183, 'symbol': 'NIL', 'securityName': 'Neco Insurance Limited'}, {'totalQuantity': 7027, 'totalOrder': 9, 'securityId': 9193, 'symbol': 'GCIL', 'securityName': 'Ghorahi Cement Industry Limited'}, {'totalQuantity': 6900, 'totalOrder': 4, 'securityId': 9138, 'symbol': 'NIBLGF', 'securityName': 'NIBL Growth Fund'}, {'totalQuantity': 6824, 'totalOrder': 7, 'securityId': 263, 'symbol': 'GMFIL', 'securityName': 'Guheshowori Merchant Bank & Finance Co. Ltd.'}, {'totalQuantity': 6700, 'totalOrder': 3, 'securityId': 9290, 'symbol': 'HLICF', 'securityName': 'HLI Large Cap Fund'}, {'totalQuantity': 6659, 'totalOrder': 9, 'securityId': 2915, 'symbol': 'PMLI', 'securityName': 'Prabhu Mahalaxmi Life Insurance Limited'}, {'totalQuantity': 6633, 'totalOrder': 12, 'securityId': 9258, 'symbol': 'PURE', 'securityName': 'Pure Energy Limited'}, {'totalQuantity': 6539, 'totalOrder': 6, 'securityId': 9246, 'symbol': 'GMLI', 'securityName': 'Guardian Micro Life Insurance Limited '}, {'totalQuantity': 6501, 'totalOrder': 11, 'securityId': 9347, 'symbol': 'ECL', 'securityName': 'Everest Colour Limited'}, {'totalQuantity': 6422, 'totalOrder': 7, 'securityId': 471, 'symbol': 'MPFL', 'securityName': 'Multipurpose Finance Company  Limited'}, {'totalQuantity': 6405, 'totalOrder': 9, 'securityId': 194, 'symbol': 'NFS', 'securityName': 'Nepal Finance Ltd.'}, {'totalQuantity': 6399, 'totalOrder': 6, 'securityId': 2908, 'symbol': 'SGIC', 'securityName': 'Sanima GIC Insurance Limited'}, {'totalQuantity': 6276, 'totalOrder': 11, 'securityId': 559, 'symbol': 'NLG', 'securityName': 'NLG Insurance Company Ltd.'}, {'totalQuantity': 6219, 'totalOrder': 8, 'securityId': 700, 'symbol': 'HEIP', 'securityName': 'Himalayan Everest Insurance Limited Promoter'}, {'totalQuantity': 6119, 'totalOrder': 7, 'securityId': 574, 'symbol': 'SKBBL', 'securityName': 'Sana Kisan Bikas Laghubitta Bittiya Sanstha Limited'}, {'totalQuantity': 5990, 'totalOrder': 8, 'securityId': 2748, 'symbol': 'RSDC', 'securityName': 'RSDC Laghubitta Bittiya Sanstha Ltd.'}, {'totalQuantity': 5957, 'totalOrder': 9, 'securityId': 403, 'symbol': 'SJLIC', 'securityName': 'SuryaJyoti Life Insurance Company Limited'}, {'totalQuantity': 5912, 'totalOrder': 5, 'securityId': 9294, 'symbol': 'SAGAR', 'securityName': 'Sagar Distillery Limited'}, {'totalQuantity': 5771, 'totalOrder': 11, 'securityId': 9159, 'symbol': 'SMJC', 'securityName': 'Sagarmatha Jalabidhyut Company Limited'}, {'totalQuantity': 5690, 'totalOrder': 6, 'securityId': 561, 'symbol': 'SINDU', 'securityName': 'Sindhu Bikash Bank Ltd'}, {'totalQuantity': 5670, 'totalOrder': 9, 'securityId': 184, 'symbol': 'PRIN', 'securityName': 'Prabhu Insurance Ltd.'}, {'totalQuantity': 5649, 'totalOrder': 9, 'securityId': 148, 'symbol': 'TRH', 'securityName': 'Taragaon Regency Hotel Limited'}, {'totalQuantity': 5539, 'totalOrder': 8, 'securityId': 3946, 'symbol': 'CHDC', 'securityName': 'CEDB Holdings Limited'}, {'totalQuantity': 5378, 'totalOrder': 6, 'securityId': 9262, 'symbol': 'TTL', 'securityName': 'Trade Tower Limited'}, {'totalQuantity': 5322, 'totalOrder': 6, 'securityId': 2914, 'symbol': 'UMRH', 'securityName': 'United IDI Mardi RB Hydropower Limited.'}, {'totalQuantity': 5250, 'totalOrder': 3, 'securityId': 9178, 'symbol': 'RMF2', 'securityName': 'RBB Mutual Fund 2'}, {'totalQuantity': 5177, 'totalOrder': 5, 'securityId': 185, 'symbol': 'SALICO', 'securityName': 'Sagarmatha Lumbini Insurance Co. Limited'}, {'totalQuantity': 5025, 'totalOrder': 11, 'securityId': 9349, 'symbol': 'SAEF2', 'securityName': 'Sanima Equity Fund-2'}, {'totalQuantity': 5000, 'totalOrder': 2, 'securityId': 4967, 'symbol': 'NICSF', 'securityName': 'NIC Asia Select Fund 30'}, {'totalQuantity': 4976, 'totalOrder': 10, 'securityId': 545, 'symbol': 'SLBBL', 'securityName': 'Swarojgar Laghubitta Bittiya Sanstha Ltd.'}, {'totalQuantity': 4944, 'totalOrder': 7, 'securityId': 2887, 'symbol': 'NICLBSL', 'securityName': 'NIC ASIA Laghubitta Bittiya Sanstha Limited'}, {'totalQuantity': 4909, 'totalOrder': 5, 'securityId': 9263, 'symbol': 'SANVI', 'securityName': 'Sanvi Energy Limited'}, {'totalQuantity': 4900, 'totalOrder': 5, 'securityId': 9269, 'symbol': 'GBIMESY2', 'securityName': 'Global IME Sammunat Yojana -2'}, {'totalQuantity': 4840, 'totalOrder': 11, 'securityId': 9297, 'symbol': 'BANDIPUR', 'securityName': 'Bandipur Cablecar and Tourism Limited'}, {'totalQuantity': 4829, 'totalOrder': 12, 'securityId': 9158, 'symbol': 'MHCL', 'securityName': 'Molung Hydropower Company Limited'}, {'totalQuantity': 4795, 'totalOrder': 10, 'securityId': 338, 'symbol': 'PROFL', 'securityName': 'Progressive Finance Limited'}, {'totalQuantity': 4682, 'totalOrder': 9, 'securityId': 2842, 'symbol': 'SJCL', 'securityName': 'SANJEN JALAVIDHYUT COMPANY LIMITED'}, {'totalQuantity': 4539, 'totalOrder': 13, 'securityId': 9334, 'symbol': 'KHPL', 'securityName': 'Kalinchock Hydropower Limited'}, {'totalQuantity': 4384, 'totalOrder': 8, 'securityId': 2807, 'symbol': 'ALBSL', 'securityName': 'Asha Laghubitta Bittiya Sanstha Ltd'}, {'totalQuantity': 4382, 'totalOrder': 12, 'securityId': 210, 'symbol': 'CIT', 'securityName': 'Citizen Investment Trust'}, {'totalQuantity': 4263, 'totalOrder': 7, 'securityId': 2744, 'symbol': 'GRDBL', 'securityName': 'Green Development Bank Ltd.'}, {'totalQuantity': 4171, 'totalOrder': 7, 'securityId': 2935, 'symbol': 'RURU', 'securityName': 'Ru Ru Jalbidhyut Pariyojana Limited'}, {'totalQuantity': 4035, 'totalOrder': 6, 'securityId': 2746, 'symbol': 'NMFBS', 'securityName': 'National Laghubitta Bittiya Sanstha Limited'}, {'totalQuantity': 3948, 'totalOrder': 7, 'securityId': 250, 'symbol': 'JFL', 'securityName': 'Janaki Finance Company Limited'}, {'totalQuantity': 3762, 'totalOrder': 8, 'securityId': 9147, 'symbol': 'SPL', 'securityName': 'Shuvam Power Limited'}, {'totalQuantity': 3694, 'totalOrder': 6, 'securityId': 9214, 'symbol': 'BGWT', 'securityName': 'Bhagawati Hydropower Development Company Limited'}, {'totalQuantity': 3652, 'totalOrder': 8, 'securityId': 8005, 'symbol': 'MKJC', 'securityName': 'Mailung Khola Jal Vidhyut Company Limited'}, {'totalQuantity': 3530, 'totalOrder': 7, 'securityId': 583, 'symbol': 'GBLBS', 'securityName': 'Grameen Bikas Laghubitta Bittiya Sanstha Ltd.'}, {'totalQuantity': 3521, 'totalOrder': 7, 'securityId': 8117, 'symbol': 'AVYAN', 'securityName': 'Aviyan Laghubitta Bittiya Sanstha Limited'}, {'totalQuantity': 3500, 'totalOrder': 5, 'securityId': 8026, 'symbol': 'NYADI', 'securityName': 'Nyadi Hydropower Limited'}, {'totalQuantity': 3429, 'totalOrder': 5, 'securityId': 8073, 'symbol': 'NICFC', 'securityName': 'NIC Asia Flexi CAP Fund'}, {'totalQuantity': 3412, 'totalOrder': 10, 'securityId': 8122, 'symbol': 'PPL', 'securityName': ""People's Power Limited""}, {'totalQuantity': 3334, 'totalOrder': 5, 'securityId': 706, 'symbol': 'SWMF', 'securityName': 'Suryodaya Womi Laghubitta Bittiya Sanstha Limited'}, {'totalQuantity': 3317, 'totalOrder': 8, 'securityId': 9183, 'symbol': 'NRM', 'securityName': 'Nepal Republic Media Limited'}, {'totalQuantity': 3298, 'totalOrder': 10, 'securityId': 9250, 'symbol': 'NMIC', 'securityName': 'Nepal Micro Insurance Company Limited'}, {'totalQuantity': 3282, 'totalOrder': 5, 'securityId': 8025, 'symbol': 'SPC', 'securityName': 'Samling Power Company Limited'}, {'totalQuantity': 3276, 'totalOrder': 7, 'securityId': 9150, 'symbol': 'AHL', 'securityName': 'Asian Hydropower Limited'}, {'totalQuantity': 3255, 'totalOrder': 5, 'securityId': 593, 'symbol': 'KMCDB', 'securityName': 'Kalika Laghubitta Bittiya Sanstha Ltd'}, {'totalQuantity': 3185, 'totalOrder': 5, 'securityId': 244, 'symbol': 'SIFC', 'securityName': 'Shree Investment Finance Co. Ltd.'}, {'totalQuantity': 3185, 'totalOrder': 2, 'securityId': 9241, 'symbol': 'KSY', 'securityName': 'Kumari Sabal Yojana'}, {'totalQuantity': 2975, 'totalOrder': 8, 'securityId': 9212, 'symbol': 'MANDU', 'securityName': 'Mandu Hydropower Limited'}, {'totalQuantity': 2925, 'totalOrder': 7, 'securityId': 9192, 'symbol': 'USHL', 'securityName': 'Upper Syange Hydropower Limited'}, {'totalQuantity': 2904, 'totalOrder': 6, 'securityId': 2815, 'symbol': 'GMFBS', 'securityName': 'Ganapati Laghubitta Bittiya Sanstha Limited'}, {'totalQuantity': 2804, 'totalOrder': 10, 'securityId': 9217, 'symbol': 'MMKJL', 'securityName': 'Mathillo Mailun Khola Jalvidhyut Limited'}, {'totalQuantity': 2786, 'totalOrder': 6, 'securityId': 9161, 'symbol': 'ANLB', 'securityName': 'Aatmanirbhar Laghubitta Bittiya Sanstha Limited'}, {'totalQuantity': 2661, 'totalOrder': 10, 'securityId': 9184, 'symbol': 'ILI', 'securityName': 'IME Life Insurance Company Limited'}, {'totalQuantity': 2627, 'totalOrder': 8, 'securityId': 192, 'symbol': 'SICL', 'securityName': 'Shikhar Insurance Co. Ltd.'}, {'totalQuantity': 2578, 'totalOrder': 5, 'securityId': 601, 'symbol': 'MLBBL', 'securityName': 'Mithila LaghuBitta Bittiya Sanstha Limited'}, {'totalQuantity': 2505, 'totalOrder': 5, 'securityId': 4951, 'symbol': 'JBLB', 'securityName': 'Jeevan Bikas Laghubitta  Bittya Sanstha Ltd'}, {'totalQuantity': 2456, 'totalOrder': 7, 'securityId': 2758, 'symbol': 'FOWAD', 'securityName': 'Forward Microfinance Laghubitta Bittiya Sanstha Limited'}, {'totalQuantity': 2442, 'totalOrder': 9, 'securityId': 8034, 'symbol': 'ENL', 'securityName': 'Emerging Nepal Limited'}, {'totalQuantity': 2413, 'totalOrder': 7, 'securityId': 9215, 'symbol': 'MSHL', 'securityName': 'Mid Solu Hydropower Limited'}, {'totalQuantity': 2333, 'totalOrder': 7, 'securityId': 704, 'symbol': 'NMBMF', 'securityName': 'NMB  Microfinance Bittiya Sanstha Ltd.'}, {'totalQuantity': 2316, 'totalOrder': 8, 'securityId': 2774, 'symbol': 'USLB', 'securityName': 'Unnati Sahakarya Laghubitta Bittiya Sanstha Limited'}, {'totalQuantity': 2226, 'totalOrder': 5, 'securityId': 1741, 'symbol': 'MERO', 'securityName': 'Mero Microfinance Bittiya Sanstha Ltd.'}, {'totalQuantity': 2200, 'totalOrder': 3, 'securityId': 4968, 'symbol': 'RMF1', 'securityName': 'RBB Mutual Fund 1'}, {'totalQuantity': 2195, 'totalOrder': 7, 'securityId': 9233, 'symbol': 'NWCL', 'securityName': 'Nepal Warehousing Company Limited '}, {'totalQuantity': 2159, 'totalOrder': 9, 'securityId': 9325, 'symbol': 'SKHEL', 'securityName': 'Suryakunda Hydro Electric Limited'}, {'totalQuantity': 2109, 'totalOrder': 5, 'securityId': 2771, 'symbol': 'SMB', 'securityName': 'Support Microfinance Bittiya Sanstha Ltd.'}, {'totalQuantity': 2082, 'totalOrder': 7, 'securityId': 693, 'symbol': 'HLBSL', 'securityName': 'Himalayan Laghubitta Bittiya Sanstha Limited'}, {'totalQuantity': 2072, 'totalOrder': 5, 'securityId': 8123, 'symbol': 'DLBS', 'securityName': 'Dhaulagiri Laghubitta Bittiya Sanstha Limited'}, {'totalQuantity': 2002, 'totalOrder': 7, 'securityId': 9300, 'symbol': 'JHAPA', 'securityName': 'Jhapa Energy Limited'}, {'totalQuantity': 2000, 'totalOrder': 3, 'securityId': 9139, 'symbol': 'SAGF', 'securityName': 'Sanima Growth Fund'}, {'totalQuantity': 2000, 'totalOrder': 1, 'securityId': 9154, 'symbol': 'SFEF', 'securityName': 'Sunrise Focused Equity Fund'}, {'totalQuantity': 1925, 'totalOrder': 5, 'securityId': 2886, 'symbol': 'ADBLD83', 'securityName': '10.35% Agricultural Bank Debenture 2083'}, {'totalQuantity': 1850, 'totalOrder': 6, 'securityId': 2832, 'symbol': 'ILBS', 'securityName': 'Infinity Laghubitta Bittiya Sanstha Limited'}, {'totalQuantity': 1767, 'totalOrder': 11, 'securityId': 2896, 'symbol': 'SMPDA', 'securityName': 'Sampada Laghubitta Bittiya Sanstha Limited'}, {'totalQuantity': 1749, 'totalOrder': 9, 'securityId': 9176, 'symbol': 'IHL', 'securityName': 'Ingwa Hydropower Limited'}, {'totalQuantity': 1714, 'totalOrder': 6, 'securityId': 155, 'symbol': 'STC', 'securityName': 'Salt Trading Corporation'}, {'totalQuantity': 1650, 'totalOrder': 6, 'securityId': 9299, 'symbol': 'NABILD2089', 'securityName': '7% Nabil Debenture 2089'}, {'totalQuantity': 1633, 'totalOrder': 13, 'securityId': 9230, 'symbol': 'MKCL', 'securityName': 'Muktinath Krishi Company Limited'}, {'totalQuantity': 1614, 'totalOrder': 5, 'securityId': 149, 'symbol': 'OHL', 'securityName': 'Oriental Hotels Limited'}, {'totalQuantity': 1558, 'totalOrder': 5, 'securityId': 163, 'symbol': 'NUBL', 'securityName': 'Nirdhan Utthan Laghubitta Bittiya Sanstha Limited'}, {'totalQuantity': 1528, 'totalOrder': 7, 'securityId': 2761, 'symbol': 'SMATA', 'securityName': 'Samata Gharelu Laghubitta Bittiya Sanstha Limited'}, {'totalQuantity': 1493, 'totalOrder': 5, 'securityId': 8063, 'symbol': 'ULBSL', 'securityName': 'Upakar Laghubitta Bittiya Sanstha Limited'}, {'totalQuantity': 1474, 'totalOrder': 5, 'securityId': 9151, 'symbol': 'KDL', 'securityName': 'Kalinchowk Darshan Limited'}, {'totalQuantity': 1304, 'totalOrder': 11, 'securityId': 9256, 'symbol': 'OMPL', 'securityName': 'Om Megashree Pharmaceuticals Limited'}, {'totalQuantity': 1266, 'totalOrder': 6, 'securityId': 2784, 'symbol': 'NADEP', 'securityName': 'Nadep Laghubittiya bittya Sanstha Ltd.'}, {'totalQuantity': 1260, 'totalOrder': 6, 'securityId': 9232, 'symbol': 'CKHL', 'securityName': 'Chirkhwa Hydropower Limited '}, {'totalQuantity': 1244, 'totalOrder': 6, 'securityId': 2804, 'symbol': 'SLBSL', 'securityName': 'Samudayik Laghubitta Bittiya Sanstha Limited'}, {'totalQuantity': 1179, 'totalOrder': 6, 'securityId': 8018, 'symbol': 'MLBS', 'securityName': 'Manushi Laghubitta Bittiya Sanstha Limited'}, {'totalQuantity': 1167, 'totalOrder': 9, 'securityId': 9270, 'symbol': 'HIMSTAR', 'securityName': 'Him Star Urja Company Limited'}, {'totalQuantity': 1100, 'totalOrder': 2, 'securityId': 4949, 'symbol': 'NIBSF2', 'securityName': 'NIBL Samriddhi Fund -2'}, {'totalQuantity': 1032, 'totalOrder': 5, 'securityId': 2768, 'symbol': 'MSLB', 'securityName': 'Mahuli Laghubitta Bittiya Sanstha Limited'}, {'totalQuantity': 979, 'totalOrder': 5, 'securityId': 9266, 'symbol': 'NICAD2091', 'securityName': '7% NIC ASIA Debenture 2091'}, {'totalQuantity': 968, 'totalOrder': 7, 'securityId': 213, 'symbol': 'BNT', 'securityName': 'Bottlers Nepal (Terai) Limited'}, {'totalQuantity': 900, 'totalOrder': 1, 'securityId': 2864, 'symbol': 'SBLD83', 'securityName': '10.25% SBL Debenture 2083'}, {'totalQuantity': 878, 'totalOrder': 7, 'securityId': 8132, 'symbol': 'SHLB', 'securityName': 'Shrijanshil Laghubitta Bittiya Sanstha Limited'}, {'totalQuantity': 814, 'totalOrder': 7, 'securityId': 156, 'symbol': 'BBC', 'securityName': 'Bishal Bazar Company Limited'}, {'totalQuantity': 809, 'totalOrder': 4, 'securityId': 2931, 'symbol': 'NIBD84', 'securityName': '8.5% Nepal Investment Bank Debenture 2084'}, {'totalQuantity': 785, 'totalOrder': 4, 'securityId': 9221, 'symbol': 'H8020', 'securityName': 'Himalayan 80-20'}, {'totalQuantity': 745, 'totalOrder': 5, 'securityId': 2883, 'symbol': 'GWFD83', 'securityName': '12 % Goodwill Finance Limited Debenture 2083'}, {'totalQuantity': 700, 'totalOrder': 2, 'securityId': 2937, 'symbol': 'SBCF', 'securityName': 'Sunrise Bluechip Fund'}, {'totalQuantity': 685, 'totalOrder': 6, 'securityId': 9295, 'symbol': 'SWASTIK', 'securityName': 'Swastik Laghubitta Bittiya Sanstha Limited'}, {'totalQuantity': 684, 'totalOrder': 5, 'securityId': 8043, 'symbol': 'CBLD88', 'securityName': 'Civil Bank Debenture 2088'}, {'totalQuantity': 670, 'totalOrder': 5, 'securityId': 2925, 'symbol': 'MLBSL', 'securityName': 'Mahila Lagubitta Bittiya Sanstha Limited '}, {'totalQuantity': 662, 'totalOrder': 6, 'securityId': 2790, 'symbol': 'ACLBSL', 'securityName': 'Aarambha Chautari Laghubitta Bittiya Sanstha Limited'}, {'totalQuantity': 609, 'totalOrder': 5, 'securityId': 2873, 'symbol': 'HBLD83', 'securityName': '10% Himalayan Bank Debenture 2083'}, {'totalQuantity': 495, 'totalOrder': 8, 'securityId': 618, 'symbol': 'LLBS', 'securityName': 'Laxmi Laghubitta Bittiya Sanstha Ltd.'}, {'totalQuantity': 492, 'totalOrder': 5, 'securityId': 8110, 'symbol': 'SBID83', 'securityName': '10.25% Nepal SBI Bank Debenture 2083'}, {'totalQuantity': 421, 'totalOrder': 6, 'securityId': 695, 'symbol': 'JSLBB', 'securityName': 'Janautthan Samudayic Laghubitta Bittya Sanstha Limited'}, {'totalQuantity': 400, 'totalOrder': 4, 'securityId': 9350, 'symbol': 'LSH12', 'securityName': 'LS Horizon 12'}, {'totalQuantity': 325, 'totalOrder': 5, 'securityId': 9271, 'symbol': 'SBLD2091', 'securityName': '7.25% SBL Debenture 2091'}, {'totalQuantity': 321, 'totalOrder': 5, 'securityId': 2889, 'symbol': 'CIZBD86', 'securityName': '10.25% Citizens Bank Debenture 2086'}, {'totalQuantity': 320, 'totalOrder': 5, 'securityId': 8098, 'symbol': 'SBLD89', 'securityName': '10.75% SBL Debenture 2089'}, {'totalQuantity': 317, 'totalOrder': 10, 'securityId': 687, 'symbol': 'VLBS', 'securityName': 'Vijaya laghubitta Bittiya Sanstha Ltd.'}, {'totalQuantity': 299, 'totalOrder': 6, 'securityId': 2826, 'symbol': 'GLBSL', 'securityName': 'Gurans Laghubitta Bittiya Sanstha Limited'}, {'totalQuantity': 294, 'totalOrder': 7, 'securityId': 9140, 'symbol': 'UNLB', 'securityName': 'Unique Nepal Laghubitta Bittiya Sanstha Limited'}, {'totalQuantity': 289, 'totalOrder': 5, 'securityId': 694, 'symbol': 'MATRI', 'securityName': 'Matribhumi Lagubitta Bittiya Sanstha Limited'}, {'totalQuantity': 280, 'totalOrder': 2, 'securityId': 8033, 'symbol': 'GBBD85', 'securityName': 'Garima Debenture, 2085'}, {'totalQuantity': 273, 'totalOrder': 6, 'securityId': 2781, 'symbol': 'WNLB', 'securityName': 'Wean Nepal Laghubitta Bittiya Sanstha Limited'}, {'totalQuantity': 270, 'totalOrder': 5, 'securityId': 2829, 'symbol': 'SMFBS', 'securityName': 'Swabhimaan Laghubitta Bittiya Sanstha Limited'}, {'totalQuantity': 250, 'totalOrder': 5, 'securityId': 2892, 'symbol': 'NBLD82', 'securityName': '10% Nabil Debenture 2082'}, {'totalQuantity': 250, 'totalOrder': 1, 'securityId': 2904, 'symbol': 'PBLD84', 'securityName': '10% Prabhu Bank Debenture 2084 '}, {'totalQuantity': 247, 'totalOrder': 5, 'securityId': 9137, 'symbol': 'HBLD86', 'securityName': 'Himalayan Bank Limited Bond, 2086'}, {'totalQuantity': 225, 'totalOrder': 5, 'securityId': 2854, 'symbol': 'NBBD2085', 'securityName': '10.25% NBBL Debenture 2085'}, {'totalQuantity': 200, 'totalOrder': 2, 'securityId': 9198, 'symbol': 'LVF2', 'securityName': 'Laxmi Value Fund 2'}, {'totalQuantity': 200, 'totalOrder': 2, 'securityId': 9312, 'symbol': 'NSY', 'securityName': 'Nepal Life Samriddhi Lagani Yojana'}, {'totalQuantity': 195, 'totalOrder': 3, 'securityId': 2868, 'symbol': 'NICD83/84', 'securityName': '10.25% NIC Asia Debenture 2083/84'}, {'totalQuantity': 180, 'totalOrder': 3, 'securityId': 9286, 'symbol': 'SHINED', 'securityName': 'Shine Resunga Debenture'}, {'totalQuantity': 150, 'totalOrder': 5, 'securityId': 9327, 'symbol': 'ICFCD89', 'securityName': '8% ICFC Finance Limited Debenture 2089'}, {'totalQuantity': 126, 'totalOrder': 3, 'securityId': 9264, 'symbol': 'RBBD2088', 'securityName': '7% RBBL Debenture 2088'}, {'totalQuantity': 125, 'totalOrder': 4, 'securityId': 9231, 'symbol': 'CIZBD90', 'securityName': '10% Citizens Bank Debenture 2090'}, {'totalQuantity': 110, 'totalOrder': 2, 'securityId': 2825, 'symbol': 'NICAD85/86', 'securityName': '10% NIC Asia Debenture 2085/86'}, {'totalQuantity': 103, 'totalOrder': 5, 'securityId': 2828, 'symbol': 'SAND2085', 'securityName': '10% Sanima Bank Limited Debenture'}, {'totalQuantity': 100, 'totalOrder': 1, 'securityId': 2923, 'symbol': 'SLCF', 'securityName': 'Sanima Large Cap Fund'}, {'totalQuantity': 100, 'totalOrder': 1, 'securityId': 9236, 'symbol': 'NICGF2', 'securityName': 'NIC ASIA Growth Fund-2'}, {'totalQuantity': 100, 'totalOrder': 1, 'securityId': 9257, 'symbol': 'MBLEF', 'securityName': 'MBL Equity Fund'}, {'totalQuantity': 95, 'totalOrder': 4, 'securityId': 7986, 'symbol': 'NICD88', 'securityName': 'NIC ASIA Rinpatra 2088'}, {'totalQuantity': 91, 'totalOrder': 2, 'securityId': 2878, 'symbol': 'SRBLD83', 'securityName': '10.25% Sunrise Bank Debenture 2083'}, {'totalQuantity': 90, 'totalOrder': 4, 'securityId': 2890, 'symbol': 'SBIBD86', 'securityName': '10% Nepal SBI Bank Debenture 2086'}, {'totalQuantity': 80, 'totalOrder': 3, 'securityId': 9152, 'symbol': 'EBLEB89', 'securityName': 'Everest Bank Limited Energy Bond, 2089'}, {'totalQuantity': 80, 'totalOrder': 5, 'securityId': 9168, 'symbol': 'GBILD84/85', 'securityName': 'Global IME Bank Debenture, 2084/85'}, {'totalQuantity': 75, 'totalOrder': 2, 'securityId': 9220, 'symbol': 'KBLD90', 'securityName': '10% KBL Debenture 2090'}, {'totalQuantity': 75, 'totalOrder': 3, 'securityId': 4962, 'symbol': 'PBLD87', 'securityName': '8.5% Prabhu Bank Debenture 2087'}, {'totalQuantity': 70, 'totalOrder': 3, 'securityId': 8027, 'symbol': 'NBLD85', 'securityName': 'Nabil Debenture 2085'}, {'totalQuantity': 70, 'totalOrder': 3, 'securityId': 8119, 'symbol': 'EBLD85', 'securityName': '10.50% Everest Bank Limited Debenture 2085'}, {'totalQuantity': 50, 'totalOrder': 1, 'securityId': 8097, 'symbol': 'PBD88', 'securityName': '10% Prime Debenture 2088'}, {'totalQuantity': 50, 'totalOrder': 3, 'securityId': 9211, 'symbol': 'SBID89', 'securityName': '9% Nepal SBI Bank Rinpatra 2089'}, {'totalQuantity': 50, 'totalOrder': 2, 'securityId': 9255, 'symbol': 'EBLD91', 'securityName': 'Everest Bank Limited Debenture 2091'}, {'totalQuantity': 50, 'totalOrder': 1, 'securityId': 9261, 'symbol': 'NIFRAGED', 'securityName': 'Nifra Green Energy Debenture 6% - 2088/89'}, {'totalQuantity': 50, 'totalOrder': 2, 'securityId': 219, 'symbol': 'UNL', 'securityName': 'Unilever Nepal Limited'}, {'totalQuantity': 40, 'totalOrder': 2, 'securityId': 2912, 'symbol': 'SBLD84', 'securityName': '8.5% SBL Debenture 2084'}, {'totalQuantity': 40, 'totalOrder': 3, 'securityId': 634, 'symbol': 'RBCLPO', 'securityName': 'Rastriya Beema Company Limited Promoter Share'}, {'totalQuantity': 35, 'totalOrder': 3, 'securityId': 8068, 'symbol': 'CCBD88', 'securityName': 'Century Debenture 2088'}, {'totalQuantity': 30, 'totalOrder': 3, 'securityId': 177, 'symbol': 'RBCL', 'securityName': 'Rastriya Beema Company Limited'}, {'totalQuantity': 25, 'totalOrder': 1, 'securityId': 8003, 'symbol': 'RBBD83', 'securityName': '8.5% RBBL Debenture 2083'}, {'totalQuantity': 20, 'totalOrder': 1, 'securityId': 2936, 'symbol': 'NCCD86', 'securityName': '9.5% NCC Debenture 2086'}, {'totalQuantity': 15, 'totalOrder': 1, 'securityId': 4963, 'symbol': 'NMBD87/88', 'securityName': 'NMB Debenture 8.50% - 2087/88'}, {'totalQuantity': 15, 'totalOrder': 1, 'securityId': 8116, 'symbol': 'PBD84', 'securityName': '10.15% Prime Debenture 2084'}, {'totalQuantity': 14, 'totalOrder': 1, 'securityId': 4961, 'symbol': 'BOKD86', 'securityName': '8.5% BOK Debenture 2086'}, {'totalQuantity': 10, 'totalOrder': 1, 'securityId': 195, 'symbol': 'BNL', 'securityName': 'Bottlers Nepal (Balaju) Limited'}]","[{'totalQuantity': 831000, 'totalOrder': 16, 'securityId': 9182, 'symbol': 'SIGS3', 'securityName': 'Siddhartha Investment Growth Scheme 3'}, {'totalQuantity': 622998, 'totalOrder': 6, 'securityId': 8125, 'symbol': 'NSIF2', 'securityName': 'NMB Sulav Investment Fund - 2'}, {'totalQuantity': 296505, 'totalOrder': 7, 'securityId': 152, 'symbol': 'NHPC', 'securityName': 'National Hydro Power Company Limited'}, {'totalQuantity': 292050, 'totalOrder': 7, 'securityId': 2867, 'symbol': 'NMB50', 'securityName': 'NMB 50'}, {'totalQuantity': 269816, 'totalOrder': 7, 'securityId': 2743, 'symbol': 'NGPL', 'securityName': 'Ngadi Group Power Ltd.'}, {'totalQuantity': 253767, 'totalOrder': 7, 'securityId': 9203, 'symbol': 'MEHL', 'securityName': 'Manakamana Engineering Hydropower Limited'}, {'totalQuantity': 250495, 'totalOrder': 6, 'securityId': 2859, 'symbol': 'SIGS2', 'securityName': 'Siddhartha Investment Growth Scheme - 2'}, {'totalQuantity': 236003, 'totalOrder': 13, 'securityId': 610, 'symbol': 'RIDI', 'securityName': 'Ridi Power Company Limited'}, {'totalQuantity': 229340, 'totalOrder': 8, 'securityId': 9248, 'symbol': 'GSY', 'securityName': 'Garima Samriddhi Yojana'}, {'totalQuantity': 229038, 'totalOrder': 11, 'securityId': 591, 'symbol': 'SHPC', 'securityName': 'Sanima Mai Hydropower Ltd.'}, {'totalQuantity': 225114, 'totalOrder': 7, 'securityId': 360, 'symbol': 'AHPC', 'securityName': 'Arun Valley Hydropower Development Co. Ltd.'}, {'totalQuantity': 212785, 'totalOrder': 8, 'securityId': 9311, 'symbol': 'SOHL', 'securityName': 'Solu Hydropower Limited'}, {'totalQuantity': 212173, 'totalOrder': 5, 'securityId': 147, 'symbol': 'SHL', 'securityName': 'Soaltee Hotel Limited'}, {'totalQuantity': 210918, 'totalOrder': 10, 'securityId': 2751, 'symbol': 'KKHC', 'securityName': 'Khanikhola Hydropower Co. Ltd.'}, {'totalQuantity': 207510, 'totalOrder': 7, 'securityId': 697, 'symbol': 'API', 'securityName': 'Api Power Company Ltd.'}, {'totalQuantity': 205549, 'totalOrder': 6, 'securityId': 141, 'symbol': 'LSL', 'securityName': 'Laxmi Sunrise Bank Limited'}, {'totalQuantity': 204866, 'totalOrder': 11, 'securityId': 2903, 'symbol': 'LEC', 'securityName': 'Liberty Energy Company Limited'}, {'totalQuantity': 183885, 'totalOrder': 6, 'securityId': 2760, 'symbol': 'UMHL', 'securityName': 'United Modi Hydropower Ltd.'}, {'totalQuantity': 178888, 'totalOrder': 23, 'securityId': 348, 'symbol': 'CZBIL', 'securityName': 'Citizens Bank International Limited'}, {'totalQuantity': 175077, 'totalOrder': 10, 'securityId': 341, 'symbol': 'GBIME', 'securityName': 'Global IME Bank Limited'}, {'totalQuantity': 169641, 'totalOrder': 10, 'securityId': 8099, 'symbol': 'UHEWA', 'securityName': 'Upper Hewakhola Hydropower Company Limited'}, {'totalQuantity': 168985, 'totalOrder': 6, 'securityId': 9221, 'symbol': 'H8020', 'securityName': 'Himalayan 80-20'}, {'totalQuantity': 168306, 'totalOrder': 6, 'securityId': 145, 'symbol': 'SBL', 'securityName': 'Siddhartha Bank Limited'}, {'totalQuantity': 167300, 'totalOrder': 8, 'securityId': 8106, 'symbol': 'GIBF1', 'securityName': 'Global IME Balanced Fund-1'}, {'totalQuantity': 158000, 'totalOrder': 6, 'securityId': 9174, 'symbol': 'PRSF', 'securityName': 'Prabhu Smart Fund'}, {'totalQuantity': 157076, 'totalOrder': 5, 'securityId': 9156, 'symbol': 'TAMOR', 'securityName': 'Sanima Middle Tamor Hydropower Limited'}, {'totalQuantity': 154388, 'totalOrder': 7, 'securityId': 516, 'symbol': 'MFIL', 'securityName': 'Manjushree Finance Ltd.'}, {'totalQuantity': 149745, 'totalOrder': 12, 'securityId': 255, 'symbol': 'PRVU', 'securityName': 'Prabhu  Bank Limited'}, {'totalQuantity': 149479, 'totalOrder': 6, 'securityId': 9259, 'symbol': 'RSY', 'securityName': 'Reliable Samriddhi Yojana'}, {'totalQuantity': 141270, 'totalOrder': 6, 'securityId': 8074, 'symbol': 'KDBY', 'securityName': 'Kumari Dhanabriddhi Yojana'}, {'totalQuantity': 140030, 'totalOrder': 6, 'securityId': 9252, 'symbol': 'CREST', 'securityName': 'Crest Micro Life Insurance Limited'}, {'totalQuantity': 133785, 'totalOrder': 6, 'securityId': 2767, 'symbol': 'HPPL', 'securityName': 'Himalayan Power Partner Ltd.'}, {'totalQuantity': 130300, 'totalOrder': 6, 'securityId': 9244, 'symbol': 'NIBLSTF', 'securityName': 'NIBL Stable Fund'}, {'totalQuantity': 129191, 'totalOrder': 8, 'securityId': 8133, 'symbol': 'PHCL', 'securityName': 'Peoples Hydropower Company Limited'}, {'totalQuantity': 128036, 'totalOrder': 5, 'securityId': 9324, 'symbol': 'RLEL', 'securityName': 'Ridge Line Energy Limited'}, {'totalQuantity': 124389, 'totalOrder': 16, 'securityId': 142, 'symbol': 'KBL', 'securityName': 'Kumari Bank Limited'}, {'totalQuantity': 124116, 'totalOrder': 7, 'securityId': 517, 'symbol': 'NBL', 'securityName': 'Nepal Bank Limited'}, {'totalQuantity': 119494, 'totalOrder': 9, 'securityId': 135, 'symbol': 'SBI', 'securityName': 'Nepal SBI Bank Limited'}, {'totalQuantity': 119000, 'totalOrder': 5, 'securityId': 9154, 'symbol': 'SFEF', 'securityName': 'Sunrise Focused Equity Fund'}, {'totalQuantity': 114665, 'totalOrder': 8, 'securityId': 8045, 'symbol': 'GVL', 'securityName': 'Green Ventures Limited'}, {'totalQuantity': 114097, 'totalOrder': 5, 'securityId': 9351, 'symbol': 'RSY2', 'securityName': 'Reliable Samriddhi Yojana -2'}, {'totalQuantity': 114094, 'totalOrder': 6, 'securityId': 238, 'symbol': 'NMB', 'securityName': 'NMB Bank Limited'}, {'totalQuantity': 113700, 'totalOrder': 6, 'securityId': 2770, 'symbol': 'SEF', 'securityName': 'Siddhartha Equity Fund'}, {'totalQuantity': 111850, 'totalOrder': 5, 'securityId': 9302, 'symbol': 'RBBF40', 'securityName': 'RBB Focus 40'}, {'totalQuantity': 111241, 'totalOrder': 11, 'securityId': 2880, 'symbol': 'HDHPC', 'securityName': 'Himal Dolakha Hydropower Company Limited'}, {'totalQuantity': 110200, 'totalOrder': 6, 'securityId': 9269, 'symbol': 'GBIMESY2', 'securityName': 'Global IME Sammunat Yojana -2'}, {'totalQuantity': 103731, 'totalOrder': 6, 'securityId': 2907, 'symbol': 'SSHL', 'securityName': 'Shiva Shree Hydropower Ltd'}, {'totalQuantity': 102042, 'totalOrder': 10, 'securityId': 397, 'symbol': 'ADBL', 'securityName': 'Agricultural Development Bank Limited'}, {'totalQuantity': 100926, 'totalOrder': 26, 'securityId': 2792, 'symbol': 'UPPER', 'securityName': 'Upper Tamakoshi Hydropower Ltd'}, {'totalQuantity': 100477, 'totalOrder': 7, 'securityId': 132, 'symbol': 'NIMB', 'securityName': 'Nepal Investment Mega Bank Limited'}, {'totalQuantity': 97738, 'totalOrder': 9, 'securityId': 2788, 'symbol': 'AKJCL', 'securityName': 'Ankhu Khola Jalvidhyut Company Ltd'}, {'totalQuantity': 96900, 'totalOrder': 8, 'securityId': 4947, 'symbol': 'PSF', 'securityName': 'Prabhu Select Fund'}, {'totalQuantity': 95637, 'totalOrder': 7, 'securityId': 2934, 'symbol': 'SHEL', 'securityName': 'Singati Hydro Energy Limited'}, {'totalQuantity': 93591, 'totalOrder': 5, 'securityId': 2831, 'symbol': 'UNHPL', 'securityName': 'Union Hydropower Limited'}, {'totalQuantity': 90200, 'totalOrder': 7, 'securityId': 9245, 'symbol': 'MNMF1', 'securityName': 'Muktinath Mutual Fund 1'}, {'totalQuantity': 89440, 'totalOrder': 695, 'securityId': 9353, 'symbol': 'SAPIL', 'securityName': 'Sarvottam Paints Industries Limited'}, {'totalQuantity': 88874, 'totalOrder': 6, 'securityId': 2776, 'symbol': 'RADHI', 'securityName': 'Radhi Bidyut Company Ltd'}, {'totalQuantity': 87857, 'totalOrder': 8, 'securityId': 134, 'symbol': 'HBL', 'securityName': 'Himalayan Bank Limited'}, {'totalQuantity': 85868, 'totalOrder': 15, 'securityId': 8055, 'symbol': 'BHL', 'securityName': 'Balephi Hydropower Limited'}, {'totalQuantity': 82127, 'totalOrder': 5, 'securityId': 9254, 'symbol': 'NMBHF2', 'securityName': 'NMB Hybrid Fund L- II'}, {'totalQuantity': 80029, 'totalOrder': 7, 'securityId': 2806, 'symbol': 'GHL', 'securityName': 'Ghalemdi Hydro Limited'}, {'totalQuantity': 76598, 'totalOrder': 5, 'securityId': 9146, 'symbol': 'SMHL', 'securityName': 'Super Madi Hydropower Limited'}, {'totalQuantity': 73130, 'totalOrder': 5, 'securityId': 9138, 'symbol': 'NIBLGF', 'securityName': 'NIBL Growth Fund'}, {'totalQuantity': 72098, 'totalOrder': 20, 'securityId': 8021, 'symbol': 'SAHAS', 'securityName': 'Sahas Urja Limited'}, {'totalQuantity': 70491, 'totalOrder': 6, 'securityId': 9323, 'symbol': 'SKHL', 'securityName': 'Super Khudi Hydropower Limited'}, {'totalQuantity': 68692, 'totalOrder': 22, 'securityId': 2919, 'symbol': 'NIFRA', 'securityName': 'Nepal Infrastructure Bank Limited'}, {'totalQuantity': 68644, 'totalOrder': 12, 'securityId': 357, 'symbol': 'PCBL', 'securityName': 'Prime Commercial Bank Ltd.'}, {'totalQuantity': 67117, 'totalOrder': 15, 'securityId': 139, 'symbol': 'NICA', 'securityName': 'NIC Asia Bank Ltd.'}, {'totalQuantity': 66500, 'totalOrder': 5, 'securityId': 9191, 'symbol': 'C30MF', 'securityName': 'Citizens Super 30 Mutual Fund'}, {'totalQuantity': 63874, 'totalOrder': 7, 'securityId': 245, 'symbol': 'CFCL', 'securityName': 'Central Finance Co. Ltd.'}, {'totalQuantity': 62896, 'totalOrder': 8, 'securityId': 8066, 'symbol': 'RFPL', 'securityName': 'River Falls Power Limited'}, {'totalQuantity': 62077, 'totalOrder': 16, 'securityId': 8111, 'symbol': 'HIDCLP', 'securityName': 'Hydorelectricity Investment and Development Company Limited Promoter'}, {'totalQuantity': 60736, 'totalOrder': 6, 'securityId': 9267, 'symbol': 'BHCL', 'securityName': 'Bikash Hydropower Company Limited'}, {'totalQuantity': 60638, 'totalOrder': 6, 'securityId': 9303, 'symbol': 'SYPNL', 'securityName': 'SY Panel Nepal Limited'}, {'totalQuantity': 60065, 'totalOrder': 5, 'securityId': 8122, 'symbol': 'PPL', 'securityName': ""People's Power Limited""}, {'totalQuantity': 58577, 'totalOrder': 5, 'securityId': 2759, 'symbol': 'SPDL', 'securityName': 'Synergy Power Development Ltd.'}, {'totalQuantity': 58060, 'totalOrder': 18, 'securityId': 9352, 'symbol': 'MEPDL', 'securityName': 'Mount Everest Power Development Limited'}, {'totalQuantity': 57648, 'totalOrder': 6, 'securityId': 2742, 'symbol': 'HIDCL', 'securityName': 'Hydorelectricity Investment and Development Company Ltd'}, {'totalQuantity': 57547, 'totalOrder': 7, 'securityId': 140, 'symbol': 'MBL', 'securityName': 'Machhapuchhre Bank Limited'}, {'totalQuantity': 57116, 'totalOrder': 7, 'securityId': 9345, 'symbol': 'SGHL', 'securityName': 'Sanigad Hydro Limited'}, {'totalQuantity': 55238, 'totalOrder': 14, 'securityId': 171, 'symbol': 'SANIMA', 'securityName': 'Sanima Bank Limited'}, {'totalQuantity': 53880, 'totalOrder': 6, 'securityId': 153, 'symbol': 'BPCL', 'securityName': 'Butwal Power Company Limited'}, {'totalQuantity': 53501, 'totalOrder': 5, 'securityId': 2824, 'symbol': 'HURJA', 'securityName': 'Himalaya Urja Bikas Company Limited'}, {'totalQuantity': 53175, 'totalOrder': 5, 'securityId': 2860, 'symbol': 'SAPDBL', 'securityName': 'Saptakoshi Development Bank Ltd'}, {'totalQuantity': 52702, 'totalOrder': 7, 'securityId': 9173, 'symbol': 'CITY', 'securityName': 'City Hotel Limited'}, {'totalQuantity': 50505, 'totalOrder': 5, 'securityId': 472, 'symbol': 'SADBL', 'securityName': 'Shangrila Development Bank Ltd.'}, {'totalQuantity': 50374, 'totalOrder': 8, 'securityId': 9170, 'symbol': 'DOLTI', 'securityName': 'Dolti Power Company Limited'}, {'totalQuantity': 50298, 'totalOrder': 6, 'securityId': 9199, 'symbol': 'RNLI', 'securityName': 'Reliable Nepal Life Insurance Limited'}, {'totalQuantity': 49200, 'totalOrder': 10, 'securityId': 2898, 'symbol': 'NRN', 'securityName': 'NRN Infrastructure and Development Limited'}, {'totalQuantity': 48713, 'totalOrder': 8, 'securityId': 9306, 'symbol': 'RSML', 'securityName': 'Reliance Spinning Mills Limited'}, {'totalQuantity': 48694, 'totalOrder': 5, 'securityId': 2757, 'symbol': 'AKPL', 'securityName': 'Arun Kabeli Power Ltd.'}, {'totalQuantity': 48615, 'totalOrder': 12, 'securityId': 9234, 'symbol': 'HRL', 'securityName': 'Himalayan Reinsurance Limited'}, {'totalQuantity': 48444, 'totalOrder': 5, 'securityId': 8022, 'symbol': 'TPC', 'securityName': 'Terhathum Power Company Limited'}, {'totalQuantity': 47413, 'totalOrder': 11, 'securityId': 2913, 'symbol': 'MEN', 'securityName': 'Mountain Energy Nepal Limited'}, {'totalQuantity': 43573, 'totalOrder': 6, 'securityId': 2810, 'symbol': 'UPCL', 'securityName': 'UNIVERSAL POWER COMPANY LTD'}, {'totalQuantity': 41029, 'totalOrder': 107, 'securityId': 198, 'symbol': 'NLO', 'securityName': 'Nepal Lube Oil Limited'}, {'totalQuantity': 40499, 'totalOrder': 7, 'securityId': 471, 'symbol': 'MPFL', 'securityName': 'Multipurpose Finance Company  Limited'}, {'totalQuantity': 39934, 'totalOrder': 6, 'securityId': 418, 'symbol': 'JBBL', 'securityName': 'Jyoti Bikas Bank Limited'}, {'totalQuantity': 39877, 'totalOrder': 6, 'securityId': 2809, 'symbol': 'SHIVM', 'securityName': 'SHIVAM CEMENTS LTD'}, {'totalQuantity': 39632, 'totalOrder': 6, 'securityId': 185, 'symbol': 'SALICO', 'securityName': 'Sagarmatha Lumbini Insurance Co. Limited'}, {'totalQuantity': 38572, 'totalOrder': 5, 'securityId': 2744, 'symbol': 'GRDBL', 'securityName': 'Green Development Bank Ltd.'}, {'totalQuantity': 36701, 'totalOrder': 5, 'securityId': 358, 'symbol': 'LBBL', 'securityName': 'Lumbini Bikas Bank Ltd.'}, {'totalQuantity': 36665, 'totalOrder': 7, 'securityId': 154, 'symbol': 'CHCL', 'securityName': 'Chilime Hydropower Company Limited'}, {'totalQuantity': 35534, 'totalOrder': 6, 'securityId': 2915, 'symbol': 'PMLI', 'securityName': 'Prabhu Mahalaxmi Life Insurance Limited'}, {'totalQuantity': 34946, 'totalOrder': 7, 'securityId': 417, 'symbol': 'GBBL', 'securityName': 'Garima Bikas Bank Limited'}, {'totalQuantity': 34474, 'totalOrder': 8, 'securityId': 2811, 'symbol': 'MHNL', 'securityName': 'Mountain Hydro Nepal Limited'}, {'totalQuantity': 34136, 'totalOrder': 6, 'securityId': 9343, 'symbol': 'TPKHL', 'securityName': 'Taksar Pikhuwa Khola Hydropower Limited'}, {'totalQuantity': 33642, 'totalOrder': 6, 'securityId': 9290, 'symbol': 'HLICF', 'securityName': 'HLI Large Cap Fund'}, {'totalQuantity': 33250, 'totalOrder': 6, 'securityId': 9178, 'symbol': 'RMF2', 'securityName': 'RBB Mutual Fund 2'}, {'totalQuantity': 32900, 'totalOrder': 7, 'securityId': 9304, 'symbol': 'CSY', 'securityName': 'Citizens Santulit Yojana'}, {'totalQuantity': 32703, 'totalOrder': 6, 'securityId': 9336, 'symbol': 'SOPL', 'securityName': 'Sopan Pharmaceuticals Limited'}, {'totalQuantity': 32108, 'totalOrder': 10, 'securityId': 403, 'symbol': 'SJLIC', 'securityName': 'SuryaJyoti Life Insurance Company Limited'}, {'totalQuantity': 31882, 'totalOrder': 5, 'securityId': 686, 'symbol': 'BARUN', 'securityName': 'Barun Hydropower Co. Ltd.'}, {'totalQuantity': 31523, 'totalOrder': 6, 'securityId': 9179, 'symbol': 'MEL', 'securityName': 'Modi Energy Limited'}, {'totalQuantity': 30713, 'totalOrder': 5, 'securityId': 8024, 'symbol': 'NBF3', 'securityName': 'Nabil Balanced Fund-3'}, {'totalQuantity': 30403, 'totalOrder': 7, 'securityId': 8100, 'symbol': 'SGHC', 'securityName': 'Swet-Ganga Hydropower & Construction Limited '}, {'totalQuantity': 30191, 'totalOrder': 6, 'securityId': 9342, 'symbol': 'YMHL', 'securityName': 'Yambaling Hydropower Limited'}, {'totalQuantity': 30100, 'totalOrder': 3, 'securityId': 2923, 'symbol': 'SLCF', 'securityName': 'Sanima Large Cap Fund'}, {'totalQuantity': 30000, 'totalOrder': 4, 'securityId': 2902, 'symbol': 'LUK', 'securityName': 'Laxmi Unnati Kosh'}, {'totalQuantity': 29767, 'totalOrder': 24, 'securityId': 9209, 'symbol': 'CLI', 'securityName': 'Citizen Life Insurance Company Limited'}, {'totalQuantity': 28960, 'totalOrder': 9, 'securityId': 474, 'symbol': 'MNBBL', 'securityName': 'Muktinath Bikas Bank Ltd.'}, {'totalQuantity': 28652, 'totalOrder': 10, 'securityId': 8076, 'symbol': 'HHL', 'securityName': 'Himalayan Hydropower Limited'}, {'totalQuantity': 28397, 'totalOrder': 10, 'securityId': 561, 'symbol': 'SINDU', 'securityName': 'Sindhu Bikash Bank Ltd'}, {'totalQuantity': 27683, 'totalOrder': 5, 'securityId': 8070, 'symbol': 'DORDI', 'securityName': 'Dordi Khola Jal Bidyut Company Limited'}, {'totalQuantity': 27640, 'totalOrder': 8, 'securityId': 9308, 'symbol': 'HFIN', 'securityName': 'Hotel Forest Inn Limited'}, {'totalQuantity': 26487, 'totalOrder': 5, 'securityId': 2924, 'symbol': 'GLH', 'securityName': 'GreenLife Hydropower Limited'}, {'totalQuantity': 25913, 'totalOrder': 6, 'securityId': 401, 'symbol': 'MLBL', 'securityName': 'Mahalaxmi Bikas Bank Ltd.'}, {'totalQuantity': 25690, 'totalOrder': 8, 'securityId': 9184, 'symbol': 'ILI', 'securityName': 'IME Life Insurance Company Limited'}, {'totalQuantity': 25523, 'totalOrder': 11, 'securityId': 180, 'symbol': 'UAIL', 'securityName': 'United Ajod Insurance Limited'}, {'totalQuantity': 25357, 'totalOrder': 6, 'securityId': 9344, 'symbol': 'SNORL', 'securityName': 'Snow Rivers Limited'}, {'totalQuantity': 24964, 'totalOrder': 5, 'securityId': 8032, 'symbol': 'BNHC', 'securityName': 'Buddha Bhumi Nepal Hydropower Company Limited'}, {'totalQuantity': 24942, 'totalOrder': 5, 'securityId': 9346, 'symbol': 'KAHL', 'securityName': 'Kalanga Hydro Limited'}, {'totalQuantity': 24877, 'totalOrder': 5, 'securityId': 2766, 'symbol': 'CHL', 'securityName': 'Chhyangdi Hydropower Ltd.'}, {'totalQuantity': 23849, 'totalOrder': 13, 'securityId': 187, 'symbol': 'NLIC', 'securityName': 'Nepal Life Insurance Co. Ltd.'}, {'totalQuantity': 23500, 'totalOrder': 8, 'securityId': 2807, 'symbol': 'ALBSL', 'securityName': 'Asha Laghubitta Bittiya Sanstha Ltd'}, {'totalQuantity': 22991, 'totalOrder': 7, 'securityId': 9347, 'symbol': 'ECL', 'securityName': 'Everest Colour Limited'}, {'totalQuantity': 22860, 'totalOrder': 6, 'securityId': 263, 'symbol': 'GMFIL', 'securityName': 'Guheshowori Merchant Bank & Finance Co. Ltd.'}, {'totalQuantity': 22726, 'totalOrder': 11, 'securityId': 5982, 'symbol': 'SRLI', 'securityName': 'Sanima Reliance Life Insurance Limited'}, {'totalQuantity': 22678, 'totalOrder': 7, 'securityId': 2786, 'symbol': 'PMHPL', 'securityName': 'Panchakanya Mai Hydropower Ltd'}, {'totalQuantity': 22296, 'totalOrder': 10, 'securityId': 9293, 'symbol': 'DHEL', 'securityName': 'Daramkhola Hydro Energy Limited'}, {'totalQuantity': 22200, 'totalOrder': 6, 'securityId': 2835, 'symbol': 'NBF2', 'securityName': 'NABIL BALANCED FUND-2'}, {'totalQuantity': 21851, 'totalOrder': 7, 'securityId': 9149, 'symbol': 'MKHC', 'securityName': 'Maya Khola Hydropower Company Limited'}, {'totalQuantity': 21700, 'totalOrder': 5, 'securityId': 9312, 'symbol': 'NSY', 'securityName': 'Nepal Life Samriddhi Lagani Yojana'}, {'totalQuantity': 21666, 'totalOrder': 8, 'securityId': 9208, 'symbol': 'ULHC', 'securityName': 'Upper Lohore Khola Hydropower Company Limited'}, {'totalQuantity': 21580, 'totalOrder': 5, 'securityId': 559, 'symbol': 'NLG', 'securityName': 'NLG Insurance Company Ltd.'}, {'totalQuantity': 21086, 'totalOrder': 6, 'securityId': 8126, 'symbol': 'SIKLES', 'securityName': 'Sikles Hydropower Limited'}, {'totalQuantity': 20694, 'totalOrder': 8, 'securityId': 307, 'symbol': 'NTC', 'securityName': 'Nepal Doorsanchar Company Limited'}, {'totalQuantity': 20189, 'totalOrder': 13, 'securityId': 393, 'symbol': 'HLI', 'securityName': 'Himalayan Life Insurance Limited'}, {'totalQuantity': 20106, 'totalOrder': 12, 'securityId': 131, 'symbol': 'NABIL', 'securityName': 'Nabil Bank Limited'}, {'totalQuantity': 20100, 'totalOrder': 2, 'securityId': 4967, 'symbol': 'NICSF', 'securityName': 'NIC Asia Select Fund 30'}, {'totalQuantity': 19682, 'totalOrder': 7, 'securityId': 9135, 'symbol': 'BHPL', 'securityName': 'Barahi Hydropower Public Limited'}, {'totalQuantity': 19617, 'totalOrder': 7, 'securityId': 2841, 'symbol': 'RHPL', 'securityName': 'RASUWAGADHI HYDROPOWER COMPANY LIMITED'}, {'totalQuantity': 19439, 'totalOrder': 5, 'securityId': 9159, 'symbol': 'SMJC', 'securityName': 'Sagarmatha Jalabidhyut Company Limited'}, {'totalQuantity': 19182, 'totalOrder': 10, 'securityId': 9216, 'symbol': 'SONA', 'securityName': 'Sonapur Minerals And Oil Limited'}, {'totalQuantity': 19180, 'totalOrder': 11, 'securityId': 9171, 'symbol': 'BEDC', 'securityName': 'Bhugol Energy Development Company Limited'}, {'totalQuantity': 19171, 'totalOrder': 5, 'securityId': 3946, 'symbol': 'CHDC', 'securityName': 'CEDB Holdings Limited'}, {'totalQuantity': 19161, 'totalOrder': 7, 'securityId': 9166, 'symbol': 'MAKAR', 'securityName': 'Makar Jitumaya Suri Hydropower Limited'}, {'totalQuantity': 19037, 'totalOrder': 7, 'securityId': 9201, 'symbol': 'SNLI', 'securityName': 'Sun Nepal Life Insurance Company Limited'}, {'totalQuantity': 18991, 'totalOrder': 6, 'securityId': 178, 'symbol': 'NLICL', 'securityName': 'National Life Insurance Co. Ltd.'}, {'totalQuantity': 18744, 'totalOrder': 7, 'securityId': 8108, 'symbol': 'RHGCL', 'securityName': 'Rapti Hydro And General Construction Limited'}, {'totalQuantity': 18728, 'totalOrder': 5, 'securityId': 9325, 'symbol': 'SKHEL', 'securityName': 'Suryakunda Hydro Electric Limited'}, {'totalQuantity': 18700, 'totalOrder': 6, 'securityId': 9350, 'symbol': 'LSH12', 'securityName': 'LS Horizon 12'}, {'totalQuantity': 18567, 'totalOrder': 9, 'securityId': 9297, 'symbol': 'BANDIPUR', 'securityName': 'Bandipur Cablecar and Tourism Limited'}, {'totalQuantity': 18426, 'totalOrder': 11, 'securityId': 396, 'symbol': 'NMLBBL', 'securityName': 'Nerude Mirmire Laghubitta Bittiya Sanstha Limited'}, {'totalQuantity': 17603, 'totalOrder': 11, 'securityId': 2881, 'symbol': 'NRIC', 'securityName': 'Nepal Reinsurance Company Limited'}, {'totalQuantity': 17539, 'totalOrder': 9, 'securityId': 9263, 'symbol': 'SANVI', 'securityName': 'Sanvi Energy Limited'}, {'totalQuantity': 17337, 'totalOrder': 17, 'securityId': 166, 'symbol': 'DDBL', 'securityName': 'Deprosc Laghubitta Bittiya Sanstha Limited'}, {'totalQuantity': 16990, 'totalOrder': 6, 'securityId': 8031, 'symbol': 'MBJC', 'securityName': 'Madhya Bhotekoshi Jalavidyut Company Limited'}, {'totalQuantity': 16913, 'totalOrder': 12, 'securityId': 473, 'symbol': 'SHINE', 'securityName': 'Shine Resunga Development Bank Ltd.'}, {'totalQuantity': 16775, 'totalOrder': 13, 'securityId': 2842, 'symbol': 'SJCL', 'securityName': 'SANJEN JALAVIDHYUT COMPANY LIMITED'}, {'totalQuantity': 16660, 'totalOrder': 5, 'securityId': 9257, 'symbol': 'MBLEF', 'securityName': 'MBL Equity Fund'}, {'totalQuantity': 16630, 'totalOrder': 7, 'securityId': 9337, 'symbol': 'APHL', 'securityName': 'Appolo Hydropower Limited'}, {'totalQuantity': 16623, 'totalOrder': 10, 'securityId': 186, 'symbol': 'IGI', 'securityName': 'IGI Prudential insurance Limited'}, {'totalQuantity': 16535, 'totalOrder': 7, 'securityId': 2769, 'symbol': 'NHDL', 'securityName': 'Nepal Hydro Developers Ltd.'}, {'totalQuantity': 16341, 'totalOrder': 9, 'securityId': 137, 'symbol': 'EBL', 'securityName': 'Everest Bank Limited'}, {'totalQuantity': 15665, 'totalOrder': 7, 'securityId': 8075, 'symbol': 'BHDC', 'securityName': 'Bindhyabasini Hydropower Development Company Limited'}, {'totalQuantity': 15529, 'totalOrder': 6, 'securityId': 9148, 'symbol': 'SMH', 'securityName': 'Super Mai Hydropower Limited'}, {'totalQuantity': 15330, 'totalOrder': 9, 'securityId': 9183, 'symbol': 'NRM', 'securityName': 'Nepal Republic Media Limited'}, {'totalQuantity': 15195, 'totalOrder': 6, 'securityId': 9175, 'symbol': 'MCHL', 'securityName': 'Menchhiyam Hydropower Limited'}, {'totalQuantity': 15178, 'totalOrder': 11, 'securityId': 2887, 'symbol': 'NICLBSL', 'securityName': 'NIC ASIA Laghubitta Bittiya Sanstha Limited'}, {'totalQuantity': 15100, 'totalOrder': 7, 'securityId': 4968, 'symbol': 'RMF1', 'securityName': 'RBB Mutual Fund 1'}, {'totalQuantity': 14459, 'totalOrder': 8, 'securityId': 9196, 'symbol': 'KBSH', 'securityName': 'Kutheli Bukhari Small Hydropower Limited'}, {'totalQuantity': 14222, 'totalOrder': 6, 'securityId': 8065, 'symbol': 'CYCL', 'securityName': 'CYC Nepal Laghubitta Bittiya Sanstha Limited'}, {'totalQuantity': 13804, 'totalOrder': 5, 'securityId': 8104, 'symbol': 'USHEC', 'securityName': 'Upper Solu Hydro Electric Company Limited'}, {'totalQuantity': 13766, 'totalOrder': 9, 'securityId': 188, 'symbol': 'LICN', 'securityName': 'Life Insurance Corporation (Nepal) Limited'}, {'totalQuantity': 13720, 'totalOrder': 7, 'securityId': 9349, 'symbol': 'SAEF2', 'securityName': 'Sanima Equity Fund-2'}, {'totalQuantity': 13490, 'totalOrder': 10, 'securityId': 459, 'symbol': 'KSBBL', 'securityName': 'Kamana Sewa Bikas Bank Limited'}, {'totalQuantity': 13444, 'totalOrder': 9, 'securityId': 9296, 'symbol': 'BUNGAL', 'securityName': 'Bungal Hydro Limited'}, {'totalQuantity': 13357, 'totalOrder': 8, 'securityId': 371, 'symbol': 'MDB', 'securityName': 'Miteri Development Bank Limited'}, {'totalQuantity': 13035, 'totalOrder': 9, 'securityId': 2787, 'symbol': 'KPCL', 'securityName': 'Kalika power Company Ltd'}, {'totalQuantity': 12480, 'totalOrder': 10, 'securityId': 164, 'symbol': 'CBBL', 'securityName': 'Chhimek Laghubitta Bittiya Sanstha Limited'}, {'totalQuantity': 12438, 'totalOrder': 5, 'securityId': 2789, 'symbol': 'JOSHI', 'securityName': 'Joshi Hydropower Development Company Ltd'}, {'totalQuantity': 12422, 'totalOrder': 12, 'securityId': 385, 'symbol': 'ALICL', 'securityName': 'Asian Life Insurance Co. Limited'}, {'totalQuantity': 12294, 'totalOrder': 10, 'securityId': 9294, 'symbol': 'SAGAR', 'securityName': 'Sagar Distillery Limited'}, {'totalQuantity': 12068, 'totalOrder': 7, 'securityId': 338, 'symbol': 'PROFL', 'securityName': 'Progressive Finance Limited'}, {'totalQuantity': 11891, 'totalOrder': 7, 'securityId': 9329, 'symbol': 'SIPD', 'securityName': 'Shikhar power Development Limited'}, {'totalQuantity': 11749, 'totalOrder': 7, 'securityId': 148, 'symbol': 'TRH', 'securityName': 'Taragaon Regency Hotel Limited'}, {'totalQuantity': 11652, 'totalOrder': 7, 'securityId': 490, 'symbol': 'FMDBL', 'securityName': 'First Micro Finance Laghubitta Bittiya Sanstha Limited'}, {'totalQuantity': 11630, 'totalOrder': 9, 'securityId': 8025, 'symbol': 'SPC', 'securityName': 'Samling Power Company Limited'}, {'totalQuantity': 11406, 'totalOrder': 5, 'securityId': 9322, 'symbol': 'BJHL', 'securityName': 'Bhujung Hydropower Limited'}, {'totalQuantity': 11360, 'totalOrder': 4, 'securityId': 9236, 'symbol': 'NICGF2', 'securityName': 'NIC ASIA Growth Fund-2'}, {'totalQuantity': 11350, 'totalOrder': 3, 'securityId': 9198, 'symbol': 'LVF2', 'securityName': 'Laxmi Value Fund 2'}, {'totalQuantity': 11195, 'totalOrder': 14, 'securityId': 9330, 'symbol': 'PCIL', 'securityName': 'Palpa Cement Industries Limited'}, {'totalQuantity': 11182, 'totalOrder': 5, 'securityId': 587, 'symbol': 'RLFL', 'securityName': 'Reliance Finance Ltd.'}, {'totalQuantity': 10980, 'totalOrder': 14, 'securityId': 235, 'symbol': 'HDL', 'securityName': 'Himalayan Distillery Limited'}, {'totalQuantity': 10725, 'totalOrder': 5, 'securityId': 2917, 'symbol': 'CGH', 'securityName': 'Chandragiri Hills Limited'}, {'totalQuantity': 10607, 'totalOrder': 7, 'securityId': 574, 'symbol': 'SKBBL', 'securityName': 'Sana Kisan Bikas Laghubitta Bittiya Sanstha Limited'}, {'totalQuantity': 10514, 'totalOrder': 8, 'securityId': 227, 'symbol': 'BFC', 'securityName': 'Best Finance Company Ltd.'}, {'totalQuantity': 10500, 'totalOrder': 2, 'securityId': 2933, 'symbol': 'KEF', 'securityName': 'Kumari Equity Fund'}, {'totalQuantity': 10488, 'totalOrder': 10, 'securityId': 9242, 'symbol': 'SARBTM', 'securityName': 'Sarbottam Cement Limited'}, {'totalQuantity': 10433, 'totalOrder': 6, 'securityId': 2832, 'symbol': 'ILBS', 'securityName': 'Infinity Laghubitta Bittiya Sanstha Limited'}, {'totalQuantity': 10250, 'totalOrder': 5, 'securityId': 4949, 'symbol': 'NIBSF2', 'securityName': 'NIBL Samriddhi Fund -2'}, {'totalQuantity': 10239, 'totalOrder': 5, 'securityId': 2748, 'symbol': 'RSDC', 'securityName': 'RSDC Laghubitta Bittiya Sanstha Ltd.'}, {'totalQuantity': 10200, 'totalOrder': 3, 'securityId': 9139, 'symbol': 'SAGF', 'securityName': 'Sanima Growth Fund'}, {'totalQuantity': 10190, 'totalOrder': 5, 'securityId': 9255, 'symbol': 'EBLD91', 'securityName': 'Everest Bank Limited Debenture 2091'}, {'totalQuantity': 9885, 'totalOrder': 6, 'securityId': 204, 'symbol': 'GUFL', 'securityName': 'Gurkhas Finance Ltd.'}, {'totalQuantity': 9500, 'totalOrder': 5, 'securityId': 9348, 'symbol': 'SEF2', 'securityName': 'Siddhartha Equity Fund 2'}, {'totalQuantity': 9444, 'totalOrder': 6, 'securityId': 9193, 'symbol': 'GCIL', 'securityName': 'Ghorahi Cement Industry Limited'}, {'totalQuantity': 9360, 'totalOrder': 6, 'securityId': 9147, 'symbol': 'SPL', 'securityName': 'Shuvam Power Limited'}, {'totalQuantity': 9341, 'totalOrder': 11, 'securityId': 9301, 'symbol': 'SAIL', 'securityName': 'Shreenagar Agritech Industries Limited'}, {'totalQuantity': 9324, 'totalOrder': 7, 'securityId': 274, 'symbol': 'EDBL', 'securityName': 'Excel Development Bank Ltd.'}, {'totalQuantity': 9259, 'totalOrder': 27, 'securityId': 450, 'symbol': 'CORBL', 'securityName': 'Corporate Development Bank Limited'}, {'totalQuantity': 9228, 'totalOrder': 8, 'securityId': 9305, 'symbol': 'SABBL', 'securityName': 'Salapa Bikas Bank Limited'}, {'totalQuantity': 8828, 'totalOrder': 10, 'securityId': 9181, 'symbol': 'RAWA', 'securityName': 'Rawa Energy Development Limited'}, {'totalQuantity': 8814, 'totalOrder': 7, 'securityId': 9167, 'symbol': 'MKHL', 'securityName': 'Mai Khola Hydropower Limited'}, {'totalQuantity': 8791, 'totalOrder': 11, 'securityId': 268, 'symbol': 'SWBBL', 'securityName': 'Swabalamban Laghubitta Bittiya Sanstha Limited'}, {'totalQuantity': 8725, 'totalOrder': 8, 'securityId': 687, 'symbol': 'VLBS', 'securityName': 'Vijaya laghubitta Bittiya Sanstha Ltd.'}, {'totalQuantity': 8629, 'totalOrder': 7, 'securityId': 2914, 'symbol': 'UMRH', 'securityName': 'United IDI Mardi RB Hydropower Limited.'}, {'totalQuantity': 8504, 'totalOrder': 6, 'securityId': 9213, 'symbol': 'HATHY', 'securityName': 'Hathway Investment Nepal Limited'}, {'totalQuantity': 8489, 'totalOrder': 5, 'securityId': 8102, 'symbol': 'MHL', 'securityName': 'Mandakini Hydropower Limited'}, {'totalQuantity': 8465, 'totalOrder': 8, 'securityId': 469, 'symbol': 'NIMBPO', 'securityName': 'Nepal Investment Mega Bank Ltd. Promoter Share'}, {'totalQuantity': 8432, 'totalOrder': 7, 'securityId': 8121, 'symbol': 'SPHL', 'securityName': 'Sayapatri Hydropower Limited'}, {'totalQuantity': 8011, 'totalOrder': 10, 'securityId': 8026, 'symbol': 'NYADI', 'securityName': 'Nyadi Hydropower Limited'}, {'totalQuantity': 7982, 'totalOrder': 7, 'securityId': 232, 'symbol': 'GFCL', 'securityName': 'Goodwill Finance Limited'}, {'totalQuantity': 7891, 'totalOrder': 6, 'securityId': 9151, 'symbol': 'KDL', 'securityName': 'Kalinchowk Darshan Limited'}, {'totalQuantity': 7818, 'totalOrder': 8, 'securityId': 2754, 'symbol': 'DHPL', 'securityName': 'Dibyashwori Hydropower Ltd.'}, {'totalQuantity': 7772, 'totalOrder': 15, 'securityId': 192, 'symbol': 'SICL', 'securityName': 'Shikhar Insurance Co. Ltd.'}, {'totalQuantity': 7666, 'totalOrder': 15, 'securityId': 194, 'symbol': 'NFS', 'securityName': 'Nepal Finance Ltd.'}, {'totalQuantity': 7529, 'totalOrder': 6, 'securityId': 184, 'symbol': 'PRIN', 'securityName': 'Prabhu Insurance Ltd.'}, {'totalQuantity': 7494, 'totalOrder': 6, 'securityId': 9262, 'symbol': 'TTL', 'securityName': 'Trade Tower Limited'}, {'totalQuantity': 7396, 'totalOrder': 13, 'securityId': 133, 'symbol': 'SCB', 'securityName': 'Standard Chartered Bank Limited'}, {'totalQuantity': 7370, 'totalOrder': 5, 'securityId': 2768, 'symbol': 'MSLB', 'securityName': 'Mahuli Laghubitta Bittiya Sanstha Limited'}, {'totalQuantity': 7141, 'totalOrder': 7, 'securityId': 9225, 'symbol': 'VLUCL', 'securityName': 'Vision Lumbini Urja Company Limited '}, {'totalQuantity': 6844, 'totalOrder': 7, 'securityId': 8063, 'symbol': 'ULBSL', 'securityName': 'Upakar Laghubitta Bittiya Sanstha Limited'}, {'totalQuantity': 6809, 'totalOrder': 10, 'securityId': 9258, 'symbol': 'PURE', 'securityName': 'Pure Energy Limited'}, {'totalQuantity': 6782, 'totalOrder': 13, 'securityId': 1741, 'symbol': 'MERO', 'securityName': 'Mero Microfinance Bittiya Sanstha Ltd.'}, {'totalQuantity': 6769, 'totalOrder': 10, 'securityId': 9250, 'symbol': 'NMIC', 'securityName': 'Nepal Micro Insurance Company Limited'}, {'totalQuantity': 6746, 'totalOrder': 12, 'securityId': 163, 'symbol': 'NUBL', 'securityName': 'Nirdhan Utthan Laghubitta Bittiya Sanstha Limited'}, {'totalQuantity': 6660, 'totalOrder': 6, 'securityId': 583, 'symbol': 'GBLBS', 'securityName': 'Grameen Bikas Laghubitta Bittiya Sanstha Ltd.'}, {'totalQuantity': 6602, 'totalOrder': 13, 'securityId': 2761, 'symbol': 'SMATA', 'securityName': 'Samata Gharelu Laghubitta Bittiya Sanstha Limited'}, {'totalQuantity': 6473, 'totalOrder': 12, 'securityId': 182, 'symbol': 'SPIL', 'securityName': 'Siddhartha Premier Insurance Limited'}, {'totalQuantity': 6471, 'totalOrder': 12, 'securityId': 183, 'symbol': 'NIL', 'securityName': 'Neco Insurance Limited'}, {'totalQuantity': 6374, 'totalOrder': 5, 'securityId': 9287, 'symbol': 'MABEL', 'securityName': 'Mabilung Energy Limited'}, {'totalQuantity': 6293, 'totalOrder': 6, 'securityId': 2908, 'symbol': 'SGIC', 'securityName': 'Sanima GIC Insurance Limited'}, {'totalQuantity': 6252, 'totalOrder': 5, 'securityId': 9192, 'symbol': 'USHL', 'securityName': 'Upper Syange Hydropower Limited'}, {'totalQuantity': 6044, 'totalOrder': 10, 'securityId': 273, 'symbol': 'ICFC', 'securityName': 'ICFC Finance Limited'}, {'totalQuantity': 5936, 'totalOrder': 5, 'securityId': 9150, 'symbol': 'AHL', 'securityName': 'Asian Hydropower Limited'}, {'totalQuantity': 5847, 'totalOrder': 7, 'securityId': 9212, 'symbol': 'MANDU', 'securityName': 'Mandu Hydropower Limited'}, {'totalQuantity': 5740, 'totalOrder': 10, 'securityId': 2935, 'symbol': 'RURU', 'securityName': 'Ru Ru Jalbidhyut Pariyojana Limited'}, {'totalQuantity': 5704, 'totalOrder': 6, 'securityId': 545, 'symbol': 'SLBBL', 'securityName': 'Swarojgar Laghubitta Bittiya Sanstha Ltd.'}, {'totalQuantity': 5626, 'totalOrder': 10, 'securityId': 9158, 'symbol': 'MHCL', 'securityName': 'Molung Hydropower Company Limited'}, {'totalQuantity': 5595, 'totalOrder': 6, 'securityId': 9218, 'symbol': 'TVCL', 'securityName': 'Trishuli Jal Vidhyut Company Limited '}, {'totalQuantity': 5500, 'totalOrder': 2, 'securityId': 9299, 'symbol': 'NABILD2089', 'securityName': '7% Nabil Debenture 2089'}, {'totalQuantity': 5460, 'totalOrder': 5, 'securityId': 9161, 'symbol': 'ANLB', 'securityName': 'Aatmanirbhar Laghubitta Bittiya Sanstha Limited'}, {'totalQuantity': 5437, 'totalOrder': 8, 'securityId': 593, 'symbol': 'KMCDB', 'securityName': 'Kalika Laghubitta Bittiya Sanstha Ltd'}, {'totalQuantity': 5400, 'totalOrder': 5, 'securityId': 9241, 'symbol': 'KSY', 'securityName': 'Kumari Sabal Yojana'}, {'totalQuantity': 5174, 'totalOrder': 14, 'securityId': 2882, 'symbol': 'ICFCD83', 'securityName': '12% ICFC Finance Limited Debenture 2083'}, {'totalQuantity': 5143, 'totalOrder': 5, 'securityId': 179, 'symbol': 'HEI', 'securityName': 'Himalayan Everest Insurance Limited'}, {'totalQuantity': 4967, 'totalOrder': 5, 'securityId': 9270, 'symbol': 'HIMSTAR', 'securityName': 'Him Star Urja Company Limited'}, {'totalQuantity': 4919, 'totalOrder': 7, 'securityId': 250, 'symbol': 'JFL', 'securityName': 'Janaki Finance Company Limited'}, {'totalQuantity': 4703, 'totalOrder': 11, 'securityId': 176, 'symbol': 'NICL', 'securityName': 'Nepal Insurance Co. Ltd.'}, {'totalQuantity': 4631, 'totalOrder': 6, 'securityId': 9246, 'symbol': 'GMLI', 'securityName': 'Guardian Micro Life Insurance Limited '}, {'totalQuantity': 4585, 'totalOrder': 13, 'securityId': 4951, 'symbol': 'JBLB', 'securityName': 'Jeevan Bikas Laghubitta  Bittya Sanstha Ltd'}, {'totalQuantity': 4585, 'totalOrder': 7, 'securityId': 8131, 'symbol': 'EHPL', 'securityName': 'Eastern Hydropower Limited'}, {'totalQuantity': 4560, 'totalOrder': 7, 'securityId': 2746, 'symbol': 'NMFBS', 'securityName': 'National Laghubitta Bittiya Sanstha Limited'}, {'totalQuantity': 4559, 'totalOrder': 6, 'securityId': 149, 'symbol': 'OHL', 'securityName': 'Oriental Hotels Limited'}, {'totalQuantity': 4555, 'totalOrder': 6, 'securityId': 244, 'symbol': 'SIFC', 'securityName': 'Shree Investment Finance Co. Ltd.'}, {'totalQuantity': 4229, 'totalOrder': 8, 'securityId': 9194, 'symbol': 'TSHL', 'securityName': 'Three Star Hydropower Limited'}, {'totalQuantity': 4104, 'totalOrder': 7, 'securityId': 9300, 'symbol': 'JHAPA', 'securityName': 'Jhapa Energy Limited'}, {'totalQuantity': 3825, 'totalOrder': 9, 'securityId': 9232, 'symbol': 'CKHL', 'securityName': 'Chirkhwa Hydropower Limited '}, {'totalQuantity': 3650, 'totalOrder': 5, 'securityId': 9334, 'symbol': 'KHPL', 'securityName': 'Kalinchock Hydropower Limited'}, {'totalQuantity': 3619, 'totalOrder': 5, 'securityId': 693, 'symbol': 'HLBSL', 'securityName': 'Himalayan Laghubitta Bittiya Sanstha Limited'}, {'totalQuantity': 3515, 'totalOrder': 5, 'securityId': 210, 'symbol': 'CIT', 'securityName': 'Citizen Investment Trust'}, {'totalQuantity': 3183, 'totalOrder': 6, 'securityId': 2813, 'symbol': 'PPCL', 'securityName': 'Panchthar Power Compant Limited'}, {'totalQuantity': 3105, 'totalOrder': 7, 'securityId': 172, 'symbol': 'NABBC', 'securityName': 'Narayani Development Bank Limited'}, {'totalQuantity': 3065, 'totalOrder': 5, 'securityId': 8123, 'symbol': 'DLBS', 'securityName': 'Dhaulagiri Laghubitta Bittiya Sanstha Limited'}, {'totalQuantity': 2858, 'totalOrder': 8, 'securityId': 706, 'symbol': 'SWMF', 'securityName': 'Suryodaya Womi Laghubitta Bittiya Sanstha Limited'}, {'totalQuantity': 2813, 'totalOrder': 7, 'securityId': 705, 'symbol': 'GILB', 'securityName': 'Global IME Laghubitta Bittiya Sanstha Ltd.'}, {'totalQuantity': 2645, 'totalOrder': 5, 'securityId': 704, 'symbol': 'NMBMF', 'securityName': 'NMB  Microfinance Bittiya Sanstha Ltd.'}, {'totalQuantity': 2604, 'totalOrder': 5, 'securityId': 2896, 'symbol': 'SMPDA', 'securityName': 'Sampada Laghubitta Bittiya Sanstha Limited'}, {'totalQuantity': 2474, 'totalOrder': 11, 'securityId': 9214, 'symbol': 'BGWT', 'securityName': 'Bhagawati Hydropower Development Company Limited'}, {'totalQuantity': 2467, 'totalOrder': 7, 'securityId': 9176, 'symbol': 'IHL', 'securityName': 'Ingwa Hydropower Limited'}, {'totalQuantity': 2285, 'totalOrder': 7, 'securityId': 8005, 'symbol': 'MKJC', 'securityName': 'Mailung Khola Jal Vidhyut Company Limited'}, {'totalQuantity': 2264, 'totalOrder': 7, 'securityId': 618, 'symbol': 'LLBS', 'securityName': 'Laxmi Laghubitta Bittiya Sanstha Ltd.'}, {'totalQuantity': 2260, 'totalOrder': 2, 'securityId': 8023, 'symbol': 'MMF1', 'securityName': 'Mega Mutual Fund -1'}, {'totalQuantity': 2072, 'totalOrder': 5, 'securityId': 155, 'symbol': 'STC', 'securityName': 'Salt Trading Corporation'}, {'totalQuantity': 2035, 'totalOrder': 5, 'securityId': 9233, 'symbol': 'NWCL', 'securityName': 'Nepal Warehousing Company Limited '}, {'totalQuantity': 2000, 'totalOrder': 2, 'securityId': 2873, 'symbol': 'HBLD83', 'securityName': '10% Himalayan Bank Debenture 2083'}, {'totalQuantity': 1950, 'totalOrder': 6, 'securityId': 2868, 'symbol': 'NICD83/84', 'securityName': '10.25% NIC Asia Debenture 2083/84'}, {'totalQuantity': 1918, 'totalOrder': 13, 'securityId': 9256, 'symbol': 'OMPL', 'securityName': 'Om Megashree Pharmaceuticals Limited'}, {'totalQuantity': 1909, 'totalOrder': 6, 'securityId': 2758, 'symbol': 'FOWAD', 'securityName': 'Forward Microfinance Laghubitta Bittiya Sanstha Limited'}, {'totalQuantity': 1852, 'totalOrder': 7, 'securityId': 9230, 'symbol': 'MKCL', 'securityName': 'Muktinath Krishi Company Limited'}, {'totalQuantity': 1821, 'totalOrder': 9, 'securityId': 2790, 'symbol': 'ACLBSL', 'securityName': 'Aarambha Chautari Laghubitta Bittiya Sanstha Limited'}, {'totalQuantity': 1569, 'totalOrder': 7, 'securityId': 9217, 'symbol': 'MMKJL', 'securityName': 'Mathillo Mailun Khola Jalvidhyut Limited'}, {'totalQuantity': 1550, 'totalOrder': 6, 'securityId': 9261, 'symbol': 'NIFRAGED', 'securityName': 'Nifra Green Energy Debenture 6% - 2088/89'}, {'totalQuantity': 1500, 'totalOrder': 1, 'securityId': 2863, 'symbol': 'NICBF', 'securityName': 'NIC Asia Balanced Fund'}, {'totalQuantity': 1487, 'totalOrder': 5, 'securityId': 2784, 'symbol': 'NADEP', 'securityName': 'Nadep Laghubittiya bittya Sanstha Ltd.'}, {'totalQuantity': 1356, 'totalOrder': 5, 'securityId': 2771, 'symbol': 'SMB', 'securityName': 'Support Microfinance Bittiya Sanstha Ltd.'}, {'totalQuantity': 1350, 'totalOrder': 5, 'securityId': 2864, 'symbol': 'SBLD83', 'securityName': '10.25% SBL Debenture 2083'}, {'totalQuantity': 1248, 'totalOrder': 5, 'securityId': 2829, 'symbol': 'SMFBS', 'securityName': 'Swabhimaan Laghubitta Bittiya Sanstha Limited'}, {'totalQuantity': 1144, 'totalOrder': 6, 'securityId': 8117, 'symbol': 'AVYAN', 'securityName': 'Aviyan Laghubitta Bittiya Sanstha Limited'}, {'totalQuantity': 1119, 'totalOrder': 7, 'securityId': 2925, 'symbol': 'MLBSL', 'securityName': 'Mahila Lagubitta Bittiya Sanstha Limited '}, {'totalQuantity': 1055, 'totalOrder': 7, 'securityId': 8041, 'symbol': 'NESDO', 'securityName': 'NESDO Sambridha Laghubitta Bittiya Sanstha Limited'}, {'totalQuantity': 1054, 'totalOrder': 5, 'securityId': 694, 'symbol': 'MATRI', 'securityName': 'Matribhumi Lagubitta Bittiya Sanstha Limited'}, {'totalQuantity': 985, 'totalOrder': 5, 'securityId': 8119, 'symbol': 'EBLD85', 'securityName': '10.50% Everest Bank Limited Debenture 2085'}, {'totalQuantity': 969, 'totalOrder': 6, 'securityId': 601, 'symbol': 'MLBBL', 'securityName': 'Mithila LaghuBitta Bittiya Sanstha Limited'}, {'totalQuantity': 904, 'totalOrder': 7, 'securityId': 2804, 'symbol': 'SLBSL', 'securityName': 'Samudayik Laghubitta Bittiya Sanstha Limited'}, {'totalQuantity': 881, 'totalOrder': 5, 'securityId': 8132, 'symbol': 'SHLB', 'securityName': 'Shrijanshil Laghubitta Bittiya Sanstha Limited'}, {'totalQuantity': 873, 'totalOrder': 5, 'securityId': 2826, 'symbol': 'GLBSL', 'securityName': 'Gurans Laghubitta Bittiya Sanstha Limited'}, {'totalQuantity': 862, 'totalOrder': 8, 'securityId': 2774, 'symbol': 'USLB', 'securityName': 'Unnati Sahakarya Laghubitta Bittiya Sanstha Limited'}, {'totalQuantity': 851, 'totalOrder': 5, 'securityId': 2815, 'symbol': 'GMFBS', 'securityName': 'Ganapati Laghubitta Bittiya Sanstha Limited'}, {'totalQuantity': 770, 'totalOrder': 5, 'securityId': 156, 'symbol': 'BBC', 'securityName': 'Bishal Bazar Company Limited'}, {'totalQuantity': 700, 'totalOrder': 2, 'securityId': 2937, 'symbol': 'SBCF', 'securityName': 'Sunrise Bluechip Fund'}, {'totalQuantity': 646, 'totalOrder': 6, 'securityId': 2931, 'symbol': 'NIBD84', 'securityName': '8.5% Nepal Investment Bank Debenture 2084'}, {'totalQuantity': 625, 'totalOrder': 5, 'securityId': 2878, 'symbol': 'SRBLD83', 'securityName': '10.25% Sunrise Bank Debenture 2083'}, {'totalQuantity': 460, 'totalOrder': 6, 'securityId': 177, 'symbol': 'RBCL', 'securityName': 'Rastriya Beema Company Limited'}, {'totalQuantity': 455, 'totalOrder': 5, 'securityId': 2932, 'symbol': 'MFLD85', 'securityName': '9.5% Manjushree Finance Limited Debenture 2085'}, {'totalQuantity': 426, 'totalOrder': 3, 'securityId': 9289, 'symbol': 'SBID2090', 'securityName': '7% Nepal SBI Bank Debenture 2090'}, {'totalQuantity': 417, 'totalOrder': 5, 'securityId': 695, 'symbol': 'JSLBB', 'securityName': 'Janautthan Samudayic Laghubitta Bittya Sanstha Limited'}, {'totalQuantity': 400, 'totalOrder': 3, 'securityId': 9264, 'symbol': 'RBBD2088', 'securityName': '7% RBBL Debenture 2088'}, {'totalQuantity': 391, 'totalOrder': 5, 'securityId': 2904, 'symbol': 'PBLD84', 'securityName': '10% Prabhu Bank Debenture 2084 '}, {'totalQuantity': 375, 'totalOrder': 5, 'securityId': 8110, 'symbol': 'SBID83', 'securityName': '10.25% Nepal SBI Bank Debenture 2083'}, {'totalQuantity': 331, 'totalOrder': 5, 'securityId': 9286, 'symbol': 'SHINED', 'securityName': 'Shine Resunga Debenture'}, {'totalQuantity': 316, 'totalOrder': 5, 'securityId': 4948, 'symbol': 'KSBBLD87', 'securityName': '9% Kamana Sewa Bikas Bank Limited Debenture 2087'}, {'totalQuantity': 310, 'totalOrder': 5, 'securityId': 9295, 'symbol': 'SWASTIK', 'securityName': 'Swastik Laghubitta Bittiya Sanstha Limited'}, {'totalQuantity': 300, 'totalOrder': 1, 'securityId': 9266, 'symbol': 'NICAD2091', 'securityName': '7% NIC ASIA Debenture 2091'}, {'totalQuantity': 300, 'totalOrder': 3, 'securityId': 2781, 'symbol': 'WNLB', 'securityName': 'Wean Nepal Laghubitta Bittiya Sanstha Limited'}, {'totalQuantity': 267, 'totalOrder': 5, 'securityId': 4969, 'symbol': 'MND84/85', 'securityName': 'Muktinath Debenture 2084/85'}, {'totalQuantity': 266, 'totalOrder': 5, 'securityId': 8020, 'symbol': 'JBBD87', 'securityName': 'Jyoti Bikash Bank Bond 2087'}, {'totalQuantity': 255, 'totalOrder': 5, 'securityId': 8003, 'symbol': 'RBBD83', 'securityName': '8.5% RBBL Debenture 2083'}, {'totalQuantity': 250, 'totalOrder': 4, 'securityId': 8109, 'symbol': 'SBD89', 'securityName': '10.25% Sanima Debenture 2089'}, {'totalQuantity': 238, 'totalOrder': 6, 'securityId': 634, 'symbol': 'RBCLPO', 'securityName': 'Rastriya Beema Company Limited Promoter Share'}, {'totalQuantity': 235, 'totalOrder': 5, 'securityId': 8033, 'symbol': 'GBBD85', 'securityName': 'Garima Debenture, 2085'}, {'totalQuantity': 228, 'totalOrder': 6, 'securityId': 2936, 'symbol': 'NCCD86', 'securityName': '9.5% NCC Debenture 2086'}, {'totalQuantity': 225, 'totalOrder': 5, 'securityId': 8098, 'symbol': 'SBLD89', 'securityName': '10.75% SBL Debenture 2089'}, {'totalQuantity': 224, 'totalOrder': 5, 'securityId': 9177, 'symbol': 'SCBD', 'securityName': '10.30% Standard Chartered Bank Limited Debenture'}, {'totalQuantity': 216, 'totalOrder': 7, 'securityId': 2885, 'symbol': 'KBLD86', 'securityName': '10.25% KBL Debenture 2086'}, {'totalQuantity': 216, 'totalOrder': 5, 'securityId': 2886, 'symbol': 'ADBLD83', 'securityName': '10.35% Agricultural Bank Debenture 2083'}, {'totalQuantity': 211, 'totalOrder': 5, 'securityId': 9249, 'symbol': 'ICFCD88', 'securityName': '9% ICFC Finance Limited Debenture 2088'}, {'totalQuantity': 200, 'totalOrder': 3, 'securityId': 9271, 'symbol': 'SBLD2091', 'securityName': '7.25% SBL Debenture 2091'}, {'totalQuantity': 200, 'totalOrder': 3, 'securityId': 9195, 'symbol': 'MLBLD89', 'securityName': '11% Mahalaxmi Debenture 2089'}, {'totalQuantity': 200, 'totalOrder': 3, 'securityId': 8127, 'symbol': 'KBLD89', 'securityName': '11% KBL Debenture 2089'}, {'totalQuantity': 193, 'totalOrder': 5, 'securityId': 213, 'symbol': 'BNT', 'securityName': 'Bottlers Nepal (Terai) Limited'}, {'totalQuantity': 191, 'totalOrder': 4, 'securityId': 4959, 'symbol': 'NBLD87', 'securityName': '8.5% Nepal Bank Debenture 2087'}, {'totalQuantity': 190, 'totalOrder': 5, 'securityId': 8097, 'symbol': 'PBD88', 'securityName': '10% Prime Debenture 2088'}, {'totalQuantity': 186, 'totalOrder': 5, 'securityId': 6985, 'symbol': 'SDBD87', 'securityName': 'Shangri-la Development Bank Debenture 2087'}, {'totalQuantity': 176, 'totalOrder': 4, 'securityId': 4962, 'symbol': 'PBLD87', 'securityName': '8.5% Prabhu Bank Debenture 2087'}, {'totalQuantity': 175, 'totalOrder': 2, 'securityId': 9197, 'symbol': 'LBBLD89', 'securityName': '11% L.B.B.L. Debenture 2089'}, {'totalQuantity': 162, 'totalOrder': 4, 'securityId': 9215, 'symbol': 'MSHL', 'securityName': 'Mid Solu Hydropower Limited'}, {'totalQuantity': 160, 'totalOrder': 4, 'securityId': 8018, 'symbol': 'MLBS', 'securityName': 'Manushi Laghubitta Bittiya Sanstha Limited'}, {'totalQuantity': 155, 'totalOrder': 5, 'securityId': 2879, 'symbol': 'LBLD86', 'securityName': '10% Laxmi Bank Debenture 2086'}, {'totalQuantity': 152, 'totalOrder': 5, 'securityId': 8044, 'symbol': 'EBLD86', 'securityName': 'Everest Bank Limited'}, {'totalQuantity': 151, 'totalOrder': 5, 'securityId': 9136, 'symbol': 'BOKD86KA', 'securityName': 'BOK Debenture 2086 ""KA""'}, {'totalQuantity': 140, 'totalOrder': 5, 'securityId': 2875, 'symbol': 'PBLD86', 'securityName': '10.25% Prabhu Bank  Debenture 2086'}, {'totalQuantity': 140, 'totalOrder': 3, 'securityId': 700, 'symbol': 'HEIP', 'securityName': 'Himalayan Everest Insurance Limited Promoter'}, {'totalQuantity': 136, 'totalOrder': 5, 'securityId': 9141, 'symbol': 'NIFRAUR85/86', 'securityName': 'NIFRA Uraj Rinpatra7%-2085/86'}, {'totalQuantity': 130, 'totalOrder': 3, 'securityId': 9140, 'symbol': 'UNLB', 'securityName': 'Unique Nepal Laghubitta Bittiya Sanstha Limited'}, {'totalQuantity': 124, 'totalOrder': 4, 'securityId': 9231, 'symbol': 'CIZBD90', 'securityName': '10% Citizens Bank Debenture 2090'}, {'totalQuantity': 120, 'totalOrder': 5, 'securityId': 9327, 'symbol': 'ICFCD89', 'securityName': '8% ICFC Finance Limited Debenture 2089'}, {'totalQuantity': 101, 'totalOrder': 5, 'securityId': 8027, 'symbol': 'NBLD85', 'securityName': 'Nabil Debenture 2085'}, {'totalQuantity': 95, 'totalOrder': 5, 'securityId': 9243, 'symbol': 'NIMBD90', 'securityName': '10% NIMB Debenture 2090'}, {'totalQuantity': 76, 'totalOrder': 2, 'securityId': 9238, 'symbol': 'NABILD87', 'securityName': '9% Nabil Debenture 2087'}, {'totalQuantity': 76, 'totalOrder': 2, 'securityId': 8004, 'symbol': 'GBILD86/87', 'securityName': 'Global IME Bank Limited Debenture 2086/87'}, {'totalQuantity': 76, 'totalOrder': 3, 'securityId': 2922, 'symbol': 'SBD87', 'securityName': '8.5% Sanima Debenture 2087'}, {'totalQuantity': 75, 'totalOrder': 3, 'securityId': 2892, 'symbol': 'NBLD82', 'securityName': '10% Nabil Debenture 2082'}, {'totalQuantity': 70, 'totalOrder': 5, 'securityId': 219, 'symbol': 'UNL', 'securityName': 'Unilever Nepal Limited'}, {'totalQuantity': 51, 'totalOrder': 2, 'securityId': 4961, 'symbol': 'BOKD86', 'securityName': '8.5% BOK Debenture 2086'}, {'totalQuantity': 51, 'totalOrder': 2, 'securityId': 7986, 'symbol': 'NICD88', 'securityName': 'NIC ASIA Rinpatra 2088'}, {'totalQuantity': 50, 'totalOrder': 1, 'securityId': 2889, 'symbol': 'CIZBD86', 'securityName': '10.25% Citizens Bank Debenture 2086'}, {'totalQuantity': 50, 'totalOrder': 3, 'securityId': 8068, 'symbol': 'CCBD88', 'securityName': 'Century Debenture 2088'}, {'totalQuantity': 36, 'totalOrder': 2, 'securityId': 8043, 'symbol': 'CBLD88', 'securityName': 'Civil Bank Debenture 2088'}, {'totalQuantity': 26, 'totalOrder': 1, 'securityId': 2912, 'symbol': 'SBLD84', 'securityName': '8.5% SBL Debenture 2084'}, {'totalQuantity': 25, 'totalOrder': 1, 'securityId': 4963, 'symbol': 'NMBD87/88', 'securityName': 'NMB Debenture 8.50% - 2087/88'}, {'totalQuantity': 25, 'totalOrder': 1, 'securityId': 8034, 'symbol': 'ENL', 'securityName': 'Emerging Nepal Limited'}, {'totalQuantity': 25, 'totalOrder': 2, 'securityId': 8116, 'symbol': 'PBD84', 'securityName': '10.15% Prime Debenture 2084'}, {'totalQuantity': 25, 'totalOrder': 1, 'securityId': 2825, 'symbol': 'NICAD85/86', 'securityName': '10% NIC Asia Debenture 2085/86'}, {'totalQuantity': 10, 'totalOrder': 1, 'securityId': 195, 'symbol': 'BNL', 'securityName': 'Bottlers Nepal (Balaju) Limited'}, {'totalQuantity': 10, 'totalOrder': 1, 'securityId': 9137, 'symbol': 'HBLD86', 'securityName': 'Himalayan Bank Limited Bond, 2086'}, {'totalQuantity': 10, 'totalOrder': 1, 'securityId': 9168, 'symbol': 'GBILD84/85', 'securityName': 'Global IME Bank Debenture, 2084/85'}]",7,"price_volume, live_market, summary, top_gainers, top_losers, nepse_index, supply_demand",5656
